node_id,entity_type,degree,betweenness,is_articulation_point
m532,move,1118,0.02108031002442178,False
m250,move,1118,0.021034773154309936,False
m755,move,1118,0.021034773154309936,False
m499,move,1117,0.02094813982880706,False
m405,move,1115,0.02092160006798136,False
m909,move,1113,0.020854050074176823,False
m322,move,851,0.012760950722978365,False
m907,move,852,0.012760841373433744,False
m226,move,742,0.00961503899521059,False
m1087,move,739,0.009511270560128366,False
m288,move,696,0.008713602136436516,False
m88,move,709,0.007743657294562862,False
a324,ability,70,0.007073315910114443,True
m865,move,635,0.006973651591818322,False
m1046,move,608,0.00647773219232287,False
i1030,item,19,0.006436317103253406,True
a152,ability,50,0.0048213856929046825,False
m271,move,476,0.0040512336537111325,False
m266,move,488,0.003703816921555017,False
1334,pokemon,93,0.0032803576743278603,True
942,pokemon,55,0.003218003886969595,True
1580,pokemon,121,0.003081073221272196,True
a270,ability,31,0.003007023433743706,False
m430,move,406,0.003006673256541955,False
m1075,move,423,0.0029509729871324015,False
486,pokemon,336,0.0029227375670375397,False
1302,pokemon,113,0.0028603903404927733,True
a171,ability,33,0.0028527488166196244,False
a34,ability,45,0.00280786530149303,False
m778,move,403,0.002788781521182909,False
a446,ability,53,0.002754359937756726,False
1164,pokemon,112,0.002733396927517641,True
393,pokemon,90,0.002699749565039182,True
1163,pokemon,116,0.002660139468326176,True
m91,move,430,0.0026503030188893906,False
a486,ability,43,0.002607649332683464,False
a18,ability,43,0.002563215525384749,False
a183,ability,24,0.002423947454222931,True
398,pokemon,86,0.0024172625400436043,True
m579,move,410,0.002414734766410008,False
1473,pokemon,96,0.0023740889035430528,True
732,pokemon,146,0.002342385713663868,True
m1262,move,300,0.002311990913174233,False
a99,ability,57,0.0022633906738863795,True
a300,ability,32,0.0022602668686626188,True
m158,move,408,0.0022540889781482933,False
203,pokemon,98,0.0022484721583521184,True
1185,pokemon,96,0.0022438500570930884,True
1206,pokemon,99,0.002217681313265432,True
179,pokemon,107,0.002202242089858842,True
m746,move,393,0.0021842422432118355,False
m128,move,372,0.0021649051892602095,False
23,pokemon,85,0.002153387298585107,True
943,pokemon,60,0.002138016153822611,True
a54,ability,41,0.002137904394775327,False
1491,pokemon,111,0.002136496837151803,True
m892,move,390,0.0021176047378406453,False
a453,ability,67,0.002104845824212096,True
72,pokemon,81,0.002103795165830171,True
m1136,move,353,0.002091766834704887,False
i222,item,32,0.0020776026135697883,False
m1081,move,391,0.002077357037477947,False
186,pokemon,74,0.0020619388601149117,True
a250,ability,41,0.002056781322365308,False
568,pokemon,61,0.0020348826762262118,False
213,pokemon,73,0.002019490726682594,True
a114,ability,29,0.001967305070502332,True
m353,move,359,0.0019397487211563575,False
m676,move,370,0.0019245280587349871,False
m412,move,361,0.00190162374968785,False
1601,pokemon,105,0.0018815348004047156,True
977,pokemon,82,0.001856016160640063,False
a311,ability,4,0.0018408941485864563,True
734,pokemon,101,0.0018407372803756637,True
185,pokemon,90,0.0018318384420027976,True
m953,move,340,0.0018227906086930783,False
1465,pokemon,101,0.0018221211596716315,True
a106,ability,12,0.0018184952287274563,True
a169,ability,38,0.0017953785346194301,False
1120,pokemon,115,0.001765189719920595,True
1003,pokemon,101,0.0017621719337985071,True
1227,pokemon,55,0.0017434928312668686,False
1410,pokemon,79,0.0017310951670314765,False
151,pokemon,74,0.0017148809641592715,False
a294,ability,16,0.0017085495956702884,True
m942,move,318,0.0017077977306349,False
557,pokemon,10,0.0017058427775557845,True
a14,ability,47,0.0016895272603644027,False
288,pokemon,76,0.0016874118793375522,True
a444,ability,37,0.0016809496829103124,False
595,pokemon,83,0.0016725914407124236,False
m1027,move,313,0.0016717564287328172,False
i1524,item,27,0.0016433348439623802,False
a121,ability,52,0.001640942625488429,False
m1237,move,319,0.0016395432066321942,False
m1143,move,298,0.0016251855284873432,False
a13,ability,44,0.001619892371717706,False
1332,pokemon,45,0.0016159217909634354,True
a371,ability,46,0.0016104102364649811,False
m600,move,341,0.0016044234320929634,False
m1147,move,319,0.00160318146860916,False
555,pokemon,102,0.0016007034040370835,True
m377,move,321,0.0015914773612969123,False
12,pokemon,113,0.0015567528060177855,False
a381,ability,40,0.0015461803534562,False
m741,move,331,0.001543685889053043,False
176,pokemon,110,0.0015386994123931226,False
m900,move,301,0.0015091712136199504,False
661,pokemon,96,0.0015071106461840929,False
a369,ability,44,0.0014813841636346532,True
527,pokemon,85,0.001430763369121941,False
1530,pokemon,90,0.0014066487797512355,True
m139,move,273,0.0013737771375533709,False
298,pokemon,74,0.0013699809175760724,False
1471,pokemon,93,0.0013587801126112274,False
m251,move,302,0.001347857016647614,False
m22,move,288,0.0013452855984198873,False
a118,ability,37,0.0013384331725671383,False
m121,move,273,0.0013267520909118584,False
m789,move,284,0.0013261180722959002,False
1179,pokemon,131,0.0013069083921630298,False
1352,pokemon,95,0.0013000827779609471,False
1470,pokemon,90,0.0012873151822592576,False
a40,ability,27,0.0012863199013168252,False
a374,ability,39,0.001281932955053079,False
a248,ability,42,0.001278250968505603,False
1193,pokemon,124,0.00127696669852113,False
a141,ability,24,0.0012724562396194347,False
1492,pokemon,100,0.0012722194033538447,False
m835,move,264,0.0012648508308815744,False
a387,ability,17,0.001263310367151875,False
i1525,item,23,0.0012595785902667664,False
1273,pokemon,73,0.0012217478126067111,False
a2,ability,23,0.0012114736430031265,True
m153,move,275,0.0012095326036012475,False
m740,move,286,0.0012071000311655912,False
a271,ability,32,0.0012035186090031812,False
286,pokemon,58,0.0012034861793794307,False
1247,pokemon,73,0.0012022066576956188,False
1142,pokemon,73,0.0012022066576956188,False
a194,ability,13,0.0011978139246347328,False
801,pokemon,112,0.0011920898235990177,True
a313,ability,6,0.0011792869054260034,False
430,pokemon,131,0.0011782310610850678,False
1290,pokemon,66,0.001178080397695988,False
a483,ability,21,0.0011736930431023496,False
a403,ability,28,0.001172072746691703,False
1289,pokemon,64,0.0011679424589862509,False
1612,pokemon,147,0.001153890899913928,False
m736,move,265,0.001149755122300662,False
m16,move,250,0.001149190998858829,False
1377,pokemon,99,0.0011439907962157928,False
1169,pokemon,63,0.0011314238763317757,False
a388,ability,17,0.001128583883600604,False
1181,pokemon,100,0.0011201397447422616,False
a187,ability,35,0.001119899752385266,False
a100,ability,35,0.0011145062046206597,False
a320,ability,33,0.001114214545746449,False
433,pokemon,97,0.0011075579540601927,True
514,pokemon,65,0.0011059235091095535,False
a101,ability,36,0.0011049216483236825,False
543,pokemon,127,0.0011040998926902814,False
m379,move,259,0.0011020173442795058,False
a394,ability,35,0.001101625984197827,False
863,pokemon,98,0.0010995045227443195,False
m1029,move,257,0.0010933619570253782,False
m274,move,255,0.0010864400902002964,False
1609,pokemon,119,0.0010778295818990396,False
m1031,move,258,0.0010584056556766405,False
m419,move,261,0.001057590819467043,False
m858,move,271,0.001051439312435473,False
950,pokemon,64,0.0010480408570642695,False
m159,move,264,0.0010347021144133828,False
759,pokemon,63,0.001033358087215228,False
902,pokemon,57,0.0010243890454170394,False
a170,ability,27,0.001022801987892443,False
a188,ability,33,0.0010219766035873413,False
402,pokemon,97,0.001021145614858524,False
816,pokemon,81,0.001020570970150513,False
1144,pokemon,81,0.001020570970150513,False
921,pokemon,125,0.0010199749119603882,False
1479,pokemon,98,0.0010094597147341795,False
869,pokemon,98,0.0010086072151887695,False
a5,ability,41,0.0010033302332827269,False
924,pokemon,117,0.0010033158824145855,False
1309,pokemon,72,0.001003254095166395,False
1183,pokemon,91,0.0010012655121865138,True
a94,ability,23,0.0009924490056317822,False
1353,pokemon,103,0.0009911401706600798,False
m657,move,247,0.0009822103952429042,False
1267,pokemon,139,0.0009734321945691331,False
1459,pokemon,70,0.0009723356813200201,False
497,pokemon,51,0.000970275727234354,False
528,pokemon,57,0.000970172285467775,False
841,pokemon,57,0.0009648179978372519,False
m753,move,274,0.0009547078566106902,False
932,pokemon,74,0.0009530258653573576,False
m1095,move,235,0.0009500250347352206,False
m424,move,262,0.0009389182495053871,False
789,pokemon,127,0.0009358763915058107,False
1170,pokemon,48,0.0009334033741407016,False
a425,ability,6,0.0009324564149774376,False
721,pokemon,140,0.0009312067215293378,True
m1051,move,263,0.0009295526846098636,False
864,pokemon,88,0.0009271273801515923,False
1474,pokemon,105,0.0009269381837941845,False
m447,move,246,0.0009154090002024014,False
1269,pokemon,124,0.000913144515777385,False
m861,move,252,0.0009105177118210672,False
166,pokemon,75,0.0009080347588344112,False
827,pokemon,81,0.0009063782256707766,False
726,pokemon,133,0.0009035981089359562,False
m446,move,244,0.000903526512339962,False
1077,pokemon,67,0.0008994378249840735,False
524,pokemon,94,0.0008979168887180265,False
m184,move,230,0.0008959704841472335,False
161,pokemon,72,0.0008807777751616815,False
1507,pokemon,88,0.0008729096799044401,False
1361,pokemon,92,0.000868805864820676,False
1404,pokemon,76,0.0008684012345313094,False
i1163,item,13,0.0008679518694589055,False
i1162,item,12,0.0008602916231946709,False
a469,ability,30,0.000860126150392581,False
1230,pokemon,63,0.0008595642900264006,True
a239,ability,23,0.0008557683656865817,False
i18,item,28,0.0008520806946931878,False
551,pokemon,86,0.0008508706937042328,False
289,pokemon,73,0.0008502949882443135,False
300,pokemon,106,0.0008469686795861531,True
1229,pokemon,69,0.0008453992965333849,False
m820,move,228,0.0008453483521105227,False
945,pokemon,72,0.0008416804093932683,False
1166,pokemon,109,0.0008398530922858084,True
62,pokemon,83,0.0008396624244254332,False
m362,move,226,0.0008374265193430671,False
124,pokemon,104,0.0008364990869104442,False
96,pokemon,112,0.0008343153048956437,False
a175,ability,21,0.0008335317234553185,False
m41,move,257,0.0008274506161997027,False
m1201,move,212,0.0008214887838568044,False
a105,ability,27,0.0008209784628209108,False
407,pokemon,96,0.0008192997499972642,True
m17,move,213,0.0008142920216906305,False
1354,pokemon,79,0.0008084557067773409,False
354,pokemon,93,0.0008066422543447062,False
123,pokemon,100,0.000805948863320999,False
716,pokemon,108,0.0008035657976686263,False
302,pokemon,108,0.0008035657976686263,False
626,pokemon,79,0.0008018749223477995,False
1189,pokemon,73,0.0008004728152983539,True
m824,move,219,0.0007961198409316446,False
1611,pokemon,93,0.0007905425463035102,False
81,pokemon,123,0.0007898273173616532,False
613,pokemon,81,0.0007891148052223148,False
m234,move,255,0.000788916935652204,False
446,pokemon,67,0.0007878331542720625,False
1160,pokemon,132,0.0007858427347643127,False
714,pokemon,100,0.0007848194591964158,False
i17,item,27,0.0007847536504263939,False
91,pokemon,96,0.000783538744385677,True
m1163,move,235,0.000781281545788874,False
1286,pokemon,98,0.0007805238645541531,False
1360,pokemon,92,0.0007800445007660131,False
1217,pokemon,75,0.000779191543206521,False
881,pokemon,77,0.0007768892945476357,False
a174,ability,16,0.0007754956973468173,False
489,pokemon,106,0.0007708702466996632,False
m1225,move,216,0.0007677263620615836,False
1214,pokemon,74,0.0007657420495423162,False
880,pokemon,74,0.0007649045342057202,False
316,pokemon,104,0.0007626636750289676,False
m380,move,217,0.0007623014061698151,False
1014,pokemon,94,0.0007614882302257002,True
m1076,move,231,0.0007604141897078363,False
989,pokemon,109,0.0007590769003527089,False
a468,ability,27,0.0007589365981364186,False
485,pokemon,96,0.000756674548054924,False
m6,move,208,0.0007474636044614871,False
a489,ability,18,0.0007468566298733583,False
a490,ability,18,0.0007468566298733583,False
184,pokemon,115,0.0007443817612637306,True
1480,pokemon,109,0.0007427631684256509,False
a182,ability,20,0.0007421094036042371,False
m1111,move,213,0.000742068915049627,False
1551,pokemon,78,0.0007401743560924334,False
i1841,item,10,0.0007397240187631851,False
a259,ability,36,0.0007348731163888121,True
m959,move,216,0.0007318445563872506,False
545,pokemon,111,0.0007296375360423262,False
a113,ability,25,0.0007278591076468508,False
i1025,item,12,0.0007261375374171479,True
620,pokemon,61,0.0007248813826730561,False
m810,move,232,0.0007244194155245161,False
m237,move,232,0.0007231033271383868,False
56,pokemon,82,0.0007219286364770001,False
1584,pokemon,82,0.0007219286364770001,False
1109,pokemon,114,0.0007217060664033996,False
1234,pokemon,114,0.0007217060664033996,False
706,pokemon,99,0.0007215508520790849,False
687,pokemon,99,0.0007165508420729185,False
767,pokemon,74,0.0007161381606526073,True
1216,pokemon,72,0.0007131440276378335,False
317,pokemon,97,0.0007130206695514343,False
m179,move,237,0.0007125968687000781,False
a322,ability,28,0.0007101359707550853,False
600,pokemon,98,0.0007091795361887215,False
655,pokemon,72,0.0007085930410583157,False
180,pokemon,106,0.0007074207369851534,True
922,pokemon,99,0.0007021973352454143,False
1456,pokemon,70,0.0007019253457421015,False
a249,ability,31,0.0007012191595801278,False
a98,ability,27,0.0007006266600466519,False
509,pokemon,76,0.00069841513305704,True
703,pokemon,75,0.0006983980126511138,False
i1501,item,11,0.0006972520100291381,False
1233,pokemon,87,0.0006967509112471694,False
a26,ability,34,0.0006959425503399378,False
250,pokemon,90,0.0006931853231656004,False
1204,pokemon,80,0.0006925066112378709,False
681,pokemon,110,0.000690350492241731,False
a262,ability,25,0.0006892168248974505,False
m34,move,205,0.0006887855347188648,False
1154,pokemon,106,0.0006886604136449852,False
1085,pokemon,104,0.0006879552013606357,True
593,pokemon,89,0.000687788631685164,True
513,pokemon,42,0.0006874478587027908,False
1375,pokemon,91,0.0006865425074324832,False
m503,move,225,0.0006842671241929628,False
640,pokemon,80,0.0006835233316643425,True
m1010,move,240,0.0006831500023510858,False
400,pokemon,64,0.0006797229638667371,False
539,pokemon,106,0.0006784489080508793,False
541,pokemon,113,0.0006782822953005398,False
708,pokemon,110,0.0006756678531964843,False
464,pokemon,79,0.0006727244282794633,True
1454,pokemon,107,0.0006725316890403273,False
a168,ability,15,0.0006709740498294899,False
a451,ability,37,0.0006685709944797356,False
377,pokemon,84,0.0006671833979078251,False
792,pokemon,92,0.0006671665085060941,False
m936,move,207,0.0006662140224435935,False
m373,move,230,0.0006656850006649583,False
168,pokemon,81,0.0006607803776135839,True
m735,move,225,0.0006583194812302086,False
m36,move,196,0.0006514933411831409,False
994,pokemon,76,0.0006514531717265792,False
1430,pokemon,63,0.0006507230591863848,False
193,pokemon,63,0.0006493326252992345,False
1205,pokemon,80,0.0006491522331518493,False
516,pokemon,53,0.0006470807462581696,False
212,pokemon,94,0.0006465688388914739,False
884,pokemon,75,0.0006454369928293912,False
42,pokemon,91,0.0006446567309330779,False
596,pokemon,53,0.0006427433220489505,False
130,pokemon,77,0.0006384670333429778,False
m863,move,227,0.0006379807884290597,False
688,pokemon,127,0.0006378470475491537,False
571,pokemon,134,0.0006374275154589586,False
44,pokemon,88,0.0006365621032669597,False
1374,pokemon,108,0.0006359541985602571,False
a23,ability,16,0.0006353878990854303,True
378,pokemon,80,0.0006344545051552113,False
1050,pokemon,60,0.0006343080188885136,False
923,pokemon,91,0.000633526401747565,False
1254,pokemon,113,0.0006291693460022258,True
291,pokemon,86,0.0006241953815190648,False
633,pokemon,77,0.0006237581132635859,True
793,pokemon,103,0.0006231964204893377,False
1112,pokemon,95,0.0006231287029668287,False
m78,move,195,0.000621545159716833,False
a317,ability,17,0.0006201854290697366,False
795,pokemon,104,0.0006191419604691293,False
a82,ability,20,0.0006191112859286261,False
615,pokemon,5,0.0006121097407063336,False
529,pokemon,89,0.0006119457419962702,False
611,pokemon,78,0.0006109469188251852,False
a90,ability,22,0.0006101103808024871,False
a266,ability,14,0.0006087645907173787,False
a20,ability,23,0.0006050143307475675,False
m606,move,205,0.0006018737050305105,False
a333,ability,25,0.0006007137643322686,False
1265,pokemon,95,0.0005999083992297007,False
281,pokemon,67,0.0005998653556196985,False
610,pokemon,75,0.0005980051953369478,False
m591,move,181,0.0005978135172367812,False
1378,pokemon,67,0.0005959760055731878,False
m681,move,196,0.0005956499010447359,False
1467,pokemon,101,0.0005949405815043824,False
431,pokemon,77,0.0005929007773664203,False
650,pokemon,75,0.0005915287666950673,False
1510,pokemon,95,0.0005914088981810703,False
751,pokemon,93,0.0005911893148202089,False
1093,pokemon,71,0.0005895684408108152,False
736,pokemon,130,0.0005888375880110031,True
443,pokemon,79,0.0005885411245905039,False
m24,move,189,0.0005871330478208556,False
515,pokemon,74,0.0005864684544860682,False
1219,pokemon,87,0.0005863722848937709,True
1505,pokemon,94,0.0005840775238947391,False
848,pokemon,95,0.0005838979867934884,False
i1499,item,32,0.0005811512678422007,False
1524,pokemon,8,0.0005793378699542398,False
584,pokemon,103,0.0005775581607182366,False
1232,pokemon,77,0.000576543619796927,False
1180,pokemon,93,0.0005739992134387832,False
1071,pokemon,74,0.0005734671597021577,False
156,pokemon,64,0.0005732968501112928,False
1335,pokemon,93,0.0005731055611115595,False
a151,ability,17,0.0005713202274296956,False
372,pokemon,97,0.0005708101933417021,True
809,pokemon,106,0.0005705858824369513,True
941,pokemon,84,0.000570088344305203,False
707,pokemon,101,0.0005675363119573035,False
1000,pokemon,74,0.0005669422734324751,False
599,pokemon,82,0.0005653054642082934,False
899,pokemon,78,0.0005630746906867991,False
a107,ability,19,0.0005630592705184445,False
i1500,item,15,0.0005629872484834066,False
907,pokemon,155,0.0005626192036276303,False
1200,pokemon,93,0.0005614092810593106,False
129,pokemon,83,0.00056089634852871,False
1052,pokemon,59,0.0005596297036928486,False
a254,ability,39,0.0005560218438757469,False
802,pokemon,131,0.0005535157086691665,False
824,pokemon,99,0.0005526967093521197,True
695,pokemon,102,0.0005512420804850699,False
526,pokemon,65,0.0005511651834828162,False
662,pokemon,10,0.0005510103173278137,True
1125,pokemon,68,0.000550727139692871,False
m1045,move,188,0.0005499874627913245,False
14,pokemon,79,0.0005492456108848999,True
518,pokemon,91,0.0005491498183343476,False
1460,pokemon,45,0.0005490700941502653,False
1047,pokemon,78,0.0005490350716321373,False
m187,move,205,0.0005475583458178058,False
m652,move,188,0.000546177676705197,False
463,pokemon,90,0.0005454403364775878,False
m1009,move,194,0.0005451602946325583,False
536,pokemon,10,0.0005446800190594896,False
1074,pokemon,6,0.0005442520760476914,True
m42,move,191,0.0005425570652818529,False
342,pokemon,63,0.0005417952969946765,False
1476,pokemon,70,0.0005398842408886477,False
122,pokemon,62,0.0005398568551213588,False
13,pokemon,60,0.0005389315994252806,False
a367,ability,16,0.0005383321983838109,False
512,pokemon,67,0.0005361373673565068,True
m554,move,175,0.0005358847489103241,False
1469,pokemon,92,0.0005338590800501012,False
830,pokemon,79,0.0005338419698062062,False
329,pokemon,86,0.0005308821756377639,False
328,pokemon,86,0.0005297478120146062,False
331,pokemon,86,0.0005297478120146062,False
627,pokemon,86,0.0005297478120146062,False
330,pokemon,86,0.0005297478120146062,False
684,pokemon,74,0.0005286661198239134,False
1151,pokemon,86,0.0005284183724625195,False
718,pokemon,65,0.0005283383067284041,True
1272,pokemon,53,0.0005271611212048793,False
1174,pokemon,103,0.0005260941588465894,False
m361,move,203,0.0005240209970292348,False
192,pokemon,54,0.0005228446566847794,False
89,pokemon,56,0.0005182552138356387,False
670,pokemon,83,0.0005167857300040058,False
667,pokemon,81,0.0005165422193804202,False
1355,pokemon,70,0.0005162271088095621,False
m601,move,205,0.0005159698849772776,False
m33,move,199,0.0005154820465475693,False
230,pokemon,74,0.0005150549098401371,False
424,pokemon,81,0.0005134724039229357,False
411,pokemon,79,0.0005130776329566365,False
308,pokemon,57,0.0005130403889790005,True
97,pokemon,102,0.0005114464637274781,False
88,pokemon,56,0.000511115022606266,False
805,pokemon,81,0.00051084839422376,False
121,pokemon,59,0.0005103999106037779,False
631,pokemon,78,0.0005103638551120654,False
a255,ability,27,0.0005089587896195259,True
1256,pokemon,114,0.0005068176305092994,False
260,pokemon,63,0.00050583056651801,False
1387,pokemon,65,0.0005043136266999444,False
1245,pokemon,111,0.0005037389810450371,False
m228,move,67,0.0005031515426412672,False
68,pokemon,57,0.0005014110713576577,False
1475,pokemon,69,0.000500722339103637,False
69,pokemon,75,0.0004985820018875903,False
905,pokemon,91,0.0004984790114495621,False
958,pokemon,108,0.0004977261812206161,False
532,pokemon,108,0.0004977261812206161,False
303,pokemon,108,0.0004977261812206161,False
772,pokemon,85,0.0004974463769753695,False
731,pokemon,82,0.0004960979314978727,False
673,pokemon,53,0.0004954165175068453,False
m431,move,176,0.0004939995173179416,False
m864,move,215,0.0004938657778067731,False
m324,move,188,0.0004937982936600965,False
1358,pokemon,73,0.0004935039460856677,False
1244,pokemon,98,0.000492508559003016,False
815,pokemon,96,0.0004915433436299525,True
825,pokemon,86,0.0004907810107064009,True
1155,pokemon,69,0.0004903525945213498,False
412,pokemon,69,0.00048773178108296413,False
747,pokemon,115,0.0004865124436136049,False
m351,move,200,0.00048540197880164027,False
a232,ability,29,0.00048480569898874546,False
1110,pokemon,38,0.00048431751955694874,False
1357,pokemon,75,0.0004838367403494136,False
1448,pokemon,88,0.00048302187832468255,False
a429,ability,14,0.00048061749560208663,False
1211,pokemon,88,0.00048000938937349963,False
1264,pokemon,70,0.000478896853269185,False
1253,pokemon,92,0.0004785823731175891,False
968,pokemon,69,0.0004781471025580329,False
692,pokemon,92,0.0004773987729953611,False
1175,pokemon,95,0.00047667588448327674,False
m445,move,167,0.00047580008577681964,False
1579,pokemon,57,0.00047446073296218623,False
1228,pokemon,72,0.0004744329284227989,False
1542,pokemon,87,0.0004741677532018548,False
m881,move,172,0.0004740524028550776,False
1176,pokemon,98,0.00047225899884973234,False
1231,pokemon,64,0.00047190683582200895,False
1263,pokemon,102,0.0004716335164645893,False
1534,pokemon,76,0.0004716266921091331,False
m665,move,174,0.0004714119692006492,False
577,pokemon,91,0.00047122316630023633,False
m231,move,168,0.00046806488920738266,False
1068,pokemon,73,0.00046755686269262566,False
1111,pokemon,37,0.00046696915997840294,False
a21,ability,14,0.0004666499095329889,False
1380,pokemon,72,0.00046619227617167476,True
m1127,move,175,0.00046618236740679617,False
i1668,item,24,0.0004655147480854591,False
36,pokemon,64,0.00046521878925039924,False
1392,pokemon,102,0.00046447362640520475,False
m1131,move,176,0.0004637105007617268,False
1373,pokemon,71,0.00046347445697879206,False
m607,move,191,0.0004631648596717192,False
4,pokemon,95,0.00046250870500468835,False
m272,move,167,0.0004623739318451088,False
m414,move,181,0.0004623181925599134,False
1356,pokemon,66,0.00046157707548912284,False
417,pokemon,74,0.00046081532977314054,False
1347,pokemon,64,0.00046037622961630104,False
494,pokemon,55,0.0004601337969402857,False
567,pokemon,65,0.00045758218328054655,False
1432,pokemon,75,0.0004572462165397542,False
799,pokemon,92,0.0004565388225267078,False
172,pokemon,83,0.00045640809815141077,False
101,pokemon,86,0.00045530287000254444,False
m596,move,65,0.0004550266095268214,False
a283,ability,29,0.00045469567619976537,False
510,pokemon,54,0.0004539683555549619,False
m495,move,187,0.0004525474399614799,False
1209,pokemon,92,0.00045239832133425154,False
175,pokemon,64,0.0004515776993611793,False
1015,pokemon,88,0.00045123744725528164,False
46,pokemon,84,0.00045044379712702793,False
1314,pokemon,70,0.000449686537502363,False
m1181,move,153,0.0004490617874879267,False
493,pokemon,67,0.0004490562679141978,False
165,pokemon,85,0.00044753270582805204,False
813,pokemon,92,0.00044713656808089,True
1115,pokemon,84,0.00044691448322928506,True
701,pokemon,70,0.00044684853494731004,False
1196,pokemon,4,0.0004455583216383093,False
656,pokemon,4,0.0004455583216383093,False
232,pokemon,4,0.0004455583216383093,False
1195,pokemon,4,0.0004455583216383093,False
i1022,item,9,0.0004453911239801413,False
a284,ability,27,0.00044535551519248213,False
1213,pokemon,85,0.00044432606517200076,False
856,pokemon,68,0.00044327051236826094,False
565,pokemon,54,0.0004425293243147747,False
887,pokemon,67,0.00044248436457698464,True
a312,ability,14,0.0004418341332845557,True
1313,pokemon,69,0.0004411179300488721,False
632,pokemon,61,0.0004402368098846665,False
575,pokemon,64,0.00043959900785436147,False
m1144,move,169,0.000439517462797456,False
110,pokemon,80,0.0004385594993864849,False
m26,move,158,0.0004385303612146166,False
949,pokemon,108,0.00043821793851401436,True
324,pokemon,72,0.0004381381215584595,False
m941,move,165,0.0004372086563572168,False
a179,ability,40,0.0004368947954302284,False
1167,pokemon,89,0.0004368943796455445,False
1329,pokemon,67,0.0004368393438539701,False
1518,pokemon,62,0.00043630716908257816,False
m709,move,175,0.00043504211003343843,False
1525,pokemon,51,0.00043452853094966786,False
689,pokemon,102,0.00043285363151104856,False
1613,pokemon,87,0.000432601358864326,False
1478,pokemon,61,0.0004325046956642098,False
47,pokemon,89,0.00043149119989303885,False
576,pokemon,74,0.0004309727095301567,False
1466,pokemon,97,0.0004306168402053443,False
i1505,item,14,0.0004302522885251221,False
1260,pokemon,101,0.00042982098070372746,False
889,pokemon,82,0.0004294411763432676,False
495,pokemon,52,0.00042579320635413527,False
20,pokemon,84,0.00042573174688438533,True
1048,pokemon,76,0.0004245737341683341,False
m481,move,157,0.0004233114357158102,False
a176,ability,26,0.0004231262261551076,False
163,pokemon,67,0.00042291824637184674,False
1012,pokemon,75,0.00042191875714248653,False
763,pokemon,58,0.0004214574571566905,False
1116,pokemon,72,0.00042024291481341315,False
693,pokemon,78,0.00042023457758993976,False
1637,pokemon,85,0.0004193851343703796,False
1252,pokemon,82,0.00041877485245741543,False
678,pokemon,76,0.00041858045162422244,False
476,pokemon,64,0.00041851197503302724,False
1517,pokemon,61,0.0004183202537265822,False
579,pokemon,7,0.0004167632555031738,True
1457,pokemon,51,0.0004159663682832991,False
868,pokemon,80,0.0004138151810250954,False
258,pokemon,62,0.0004135312212712934,False
133,pokemon,72,0.00041318918540157214,False
1370,pokemon,90,0.0004105325484264182,False
461,pokemon,65,0.0004098710063260126,False
109,pokemon,79,0.00040974433302992674,False
257,pokemon,63,0.00040889808291674957,False
455,pokemon,4,0.0004081744466359851,True
71,pokemon,86,0.0004080515848868411,False
m926,move,155,0.0004079967496810552,False
1343,pokemon,78,0.0004077290757673782,False
m918,move,164,0.00040745667526419997,False
474,pokemon,102,0.00040721757271679074,False
m363,move,172,0.00040684446302707736,False
a298,ability,12,0.00040631357637103054,False
598,pokemon,63,0.0004061982893812409,False
890,pokemon,63,0.0004061982893812409,False
136,pokemon,88,0.00040516895972720664,False
282,pokemon,56,0.00040365476220889543,False
a379,ability,17,0.00040363762217168503,False
208,pokemon,47,0.0004035516423332533,False
762,pokemon,58,0.0004031079339213793,False
1201,pokemon,68,0.0004029290804254223,False
m924,move,94,0.00040274504348208537,False
664,pokemon,68,0.0004018674496181454,False
1320,pokemon,75,0.0004018325059449609,False
174,pokemon,91,0.0004017944744786935,False
387,pokemon,68,0.00040082035914410836,False
698,pokemon,98,0.0004008153499353519,False
918,pokemon,72,0.00040066963881471075,False
1477,pokemon,74,0.00040006689597230934,False
1629,pokemon,71,0.0003990451809136246,False
241,pokemon,100,0.00039886351884235185,False
a25,ability,28,0.00039824691988096073,False
m970,move,159,0.0003981443350187728,False
808,pokemon,122,0.00039759550223511357,False
630,pokemon,79,0.00039759267239377857,False
m306,move,192,0.0003972708414341243,False
466,pokemon,58,0.0003968133877990874,False
465,pokemon,58,0.00039678594742981877,False
i1340,item,14,0.0003960816460017052,False
290,pokemon,106,0.00039436249590887667,True
i899,item,20,0.00039418989772799164,False
663,pokemon,65,0.00039389869340542656,False
m680,move,78,0.00039315676526839133,False
501,pokemon,71,0.0003930478925774874,False
m107,move,158,0.0003926994865967839,False
84,pokemon,78,0.0003922789205526707,False
m553,move,146,0.0003921356194927964,False
1060,pokemon,78,0.00039196862974037565,False
948,pokemon,107,0.00039117165675299845,False
733,pokemon,107,0.00039117165675299845,False
1581,pokemon,96,0.00039034597780840516,True
492,pokemon,65,0.0003900638532766907,False
717,pokemon,89,0.0003900135539569229,False
861,pokemon,61,0.0003898954720638961,False
1385,pokemon,75,0.00038890075684663313,False
m421,move,167,0.00038847211897146257,False
a383,ability,23,0.0003872390959706197,False
211,pokemon,81,0.0003869657303188149,False
608,pokemon,78,0.0003867021993814798,False
1259,pokemon,88,0.00038648019020928666,False
1391,pokemon,73,0.0003864041299396052,False
1126,pokemon,69,0.00038394927297950756,False
409,pokemon,90,0.00038385746587874393,False
m365,move,161,0.0003835982701647286,False
1572,pokemon,40,0.00038324765749340534,False
1486,pokemon,48,0.0003817289748087028,True
m603,move,158,0.0003809485874171067,False
410,pokemon,73,0.0003806658732550068,False
95,pokemon,60,0.00038018234038236884,False
1065,pokemon,90,0.00037962183641447096,False
120,pokemon,81,0.0003778967690923133,False
1057,pokemon,42,0.0003774794647582193,False
204,pokemon,70,0.00037696037544532654,False
811,pokemon,61,0.00037656636980377836,False
791,pokemon,69,0.00037627201163981165,False
913,pokemon,71,0.00037572245641127536,False
908,pokemon,78,0.0003756290552766024,False
a452,ability,17,0.0003749273700557751,False
842,pokemon,55,0.0003745777298999038,False
1608,pokemon,95,0.00037344833248242193,False
983,pokemon,54,0.0003729624906485533,False
1165,pokemon,69,0.0003720905739146757,False
1190,pokemon,77,0.00037158139026427506,False
a393,ability,32,0.00037155462244678483,False
647,pokemon,57,0.0003708539558693132,False
m565,move,144,0.0003704310093912197,False
33,pokemon,97,0.00037010806974331726,False
1312,pokemon,66,0.00036999200504244365,False
851,pokemon,76,0.0003691535733109507,False
810,pokemon,63,0.0003690973184541602,False
1287,pokemon,73,0.00036892469356383133,False
1628,pokemon,65,0.0003683318574976572,False
1418,pokemon,81,0.00036772128568388345,False
1563,pokemon,59,0.000366705242799304,False
m489,move,153,0.00036596580756662934,False
603,pokemon,62,0.0003656113094673858,False
1548,pokemon,68,0.00036553734169127264,False
860,pokemon,59,0.00036539676514842615,False
1221,pokemon,50,0.00036500110480469476,False
1025,pokemon,72,0.00036451049948208467,False
m309,move,150,0.00036392706015113077,False
m759,move,166,0.0003637883861559044,False
758,pokemon,74,0.0003636877604080416,False
a390,ability,10,0.00036360534222446174,False
1439,pokemon,68,0.0003633458454999913,False
1017,pokemon,70,0.0003625867917706665,False
1351,pokemon,67,0.00036254519229369456,False
800,pokemon,69,0.0003622368740030464,False
1419,pokemon,78,0.0003619946692412165,False
914,pokemon,68,0.00036142773719648473,False
134,pokemon,82,0.0003611483147644502,False
273,pokemon,69,0.0003610128090845293,False
1369,pokemon,83,0.00036056663440443636,False
1350,pokemon,58,0.0003605120798529015,False
709,pokemon,81,0.0003594037899709238,False
275,pokemon,37,0.0003592471670313177,False
993,pokemon,50,0.0003587482117799537,False
1284,pokemon,70,0.0003583869247531229,False
909,pokemon,83,0.00035733899495177924,False
912,pokemon,95,0.0003564635930433003,False
315,pokemon,63,0.00035643586892756976,False
871,pokemon,98,0.00035495599288954923,False
862,pokemon,46,0.0003542838036753639,False
a288,ability,14,0.0003530267137441754,False
a181,ability,25,0.00035252446049712275,False
m467,move,139,0.0003518339634991271,False
296,pokemon,89,0.00035183017947693047,False
1029,pokemon,86,0.000351830134865382,False
34,pokemon,84,0.0003508426078297216,False
1346,pokemon,86,0.00035021088424734266,False
1438,pokemon,64,0.0003499716438096828,False
1186,pokemon,51,0.00034972236898082274,False
m225,move,139,0.0003493634495140241,False
261,pokemon,95,0.00034931657880805857,False
1081,pokemon,62,0.0003478801319218694,False
m109,move,167,0.0003472708474153712,False
438,pokemon,79,0.0003470584717322209,False
m1080,move,146,0.0003469348231238627,False
467,pokemon,88,0.00034692865571914883,False
490,pokemon,73,0.00034688193594011523,False
m516,move,163,0.0003468655001445015,False
421,pokemon,90,0.00034633369501836945,False
a287,ability,14,0.0003459795242036657,False
m236,move,135,0.0003457813443669348,False
572,pokemon,85,0.00034562435273974263,False
m839,move,151,0.000345598755476845,False
m350,move,174,0.0003452311781477847,False
1555,pokemon,70,0.0003446830467212537,False
522,pokemon,82,0.00034446418827906037,False
843,pokemon,55,0.0003443937483057312,False
1141,pokemon,80,0.00034431135869614546,False
1148,pokemon,80,0.00034357565066474343,False
70,pokemon,80,0.00034357565066474343,False
386,pokemon,66,0.00034354726348690117,False
1072,pokemon,100,0.00034312853921871417,False
865,pokemon,75,0.00034273334904313707,False
796,pokemon,90,0.00034168733726352865,False
183,pokemon,75,0.0003416593003192197,False
638,pokemon,63,0.00034123163738107104,False
a195,ability,9,0.00034122498970358856,True
320,pokemon,101,0.0003411322193388671,False
1073,pokemon,91,0.00034110778707273435,False
1270,pokemon,72,0.00034099066057237414,False
1452,pokemon,45,0.0003407384058046005,False
1415,pokemon,63,0.000340735888680484,False
481,pokemon,63,0.000340735888680484,False
a109,ability,34,0.0003404523206980421,False
559,pokemon,104,0.00034025621037989893,False
1,pokemon,63,0.00033871735175064255,False
1451,pokemon,55,0.00033862550111580906,False
1420,pokemon,67,0.00033834746479165294,False
628,pokemon,74,0.0003382746172379287,False
i2305,item,16,0.0003377401188190732,False
720,pokemon,101,0.0003372774059102592,False
1132,pokemon,56,0.000336887357564123,False
478,pokemon,61,0.00033666006466602125,False
585,pokemon,96,0.000336469162830015,False
965,pokemon,81,0.00033643482143675665,False
214,pokemon,38,0.00033595640936677696,False
25,pokemon,59,0.00033590019167615903,False
904,pokemon,65,0.00033588038326852086,False
m331,move,139,0.0003357065333711732,False
1434,pokemon,80,0.0003355307511036634,False
m793,move,128,0.0003349248520202482,False
719,pokemon,54,0.0003342939711257905,False
602,pokemon,4,0.00033368141907021495,False
m563,move,134,0.0003334451150898184,False
1051,pokemon,82,0.0003334355591280939,False
1317,pokemon,62,0.0003329036180084704,False
a389,ability,9,0.0003325131770486203,False
49,pokemon,98,0.0003324106252270727,False
794,pokemon,52,0.00033194865622056274,False
a111,ability,19,0.00033167244403631984,False
266,pokemon,4,0.00033162684970795326,False
263,pokemon,4,0.000331550754546388,False
264,pokemon,4,0.000331550754546388,False
1297,pokemon,86,0.0003315461907878966,False
737,pokemon,56,0.00033113905430226027,False
903,pokemon,66,0.0003310981030261368,False
1137,pokemon,62,0.0003304308525244728,False
1342,pokemon,65,0.0003303719184119662,False
1046,pokemon,78,0.000330305981826361,False
1558,pokemon,79,0.00033024209529292363,False
727,pokemon,68,0.0003299752003198059,False
1386,pokemon,59,0.00032951291689058533,False
235,pokemon,53,0.00032918233420742765,False
a24,ability,10,0.00032907452058757966,False
1523,pokemon,68,0.0003287515518690561,False
135,pokemon,78,0.00032833878098277895,False
548,pokemon,95,0.0003282447534700956,False
m685,move,137,0.0003276955990818542,False
131,pokemon,66,0.00032721691771014677,False
m683,move,135,0.00032672690294075944,False
284,pokemon,44,0.00032535282657503666,False
63,pokemon,88,0.0003252164185030738,True
765,pokemon,72,0.0003251972194910802,True
1246,pokemon,60,0.00032519070845585246,False
1004,pokemon,54,0.00032508059426442754,False
318,pokemon,64,0.0003248629286774985,False
m768,move,146,0.00032441544409718523,False
1146,pokemon,73,0.0003243620368643623,False
43,pokemon,75,0.0003236403862176775,False
477,pokemon,76,0.0003236258593091108,False
1397,pokemon,47,0.00032328407679003767,False
92,pokemon,78,0.00032317097909094207,False
1095,pokemon,67,0.0003225871463910538,False
428,pokemon,91,0.0003222893229815102,True
814,pokemon,82,0.00032221432515780696,False
a95,ability,14,0.0003213261819235031,False
m1021,move,125,0.00032121511074485547,False
926,pokemon,92,0.0003211161363564395,False
m1015,move,150,0.00032108187394757953,False
859,pokemon,71,0.0003210565855571764,False
32,pokemon,81,0.0003208144206045519,False
48,pokemon,90,0.0003208116040520884,False
771,pokemon,71,0.00032047248791197713,False
297,pokemon,57,0.0003203342171544426,False
1426,pokemon,5,0.0003199560551415825,False
1158,pokemon,6,0.0003199560551415825,False
m640,move,128,0.00031987770111651314,False
1157,pokemon,5,0.00031984191239923463,False
m512,move,154,0.0003193124994557854,False
399,pokemon,60,0.00031898531156663955,False
a45,ability,11,0.00031874287087524313,False
1243,pokemon,63,0.00031843654661560495,False
228,pokemon,57,0.0003184364224008698,False
a338,ability,18,0.00031800630448820333,False
1468,pokemon,55,0.0003177560139851627,False
m734,move,130,0.0003175832643129992,False
1319,pokemon,55,0.00031747050088502143,False
274,pokemon,70,0.00031728208408623944,False
1431,pokemon,49,0.00031716415400123954,False
1061,pokemon,62,0.0003167346061336265,False
586,pokemon,56,0.0003165831023773468,False
597,pokemon,65,0.00031617947488712527,False
169,pokemon,53,0.00031607607225705336,False
1278,pokemon,73,0.00031515671779417076,False
m609,move,155,0.00031505532368024744,False
a323,ability,14,0.00031464105110634734,False
1117,pokemon,57,0.00031462652172869115,False
1122,pokemon,80,0.0003145229338094621,False
1210,pokemon,69,0.00031380445811987043,False
774,pokemon,76,0.00031308975408526104,False
195,pokemon,80,0.0003127764995268815,False
285,pokemon,82,0.00031255864536838487,False
770,pokemon,73,0.0003123720466809989,False
1318,pokemon,55,0.00031219171442375943,False
1411,pokemon,83,0.0003121432322217358,False
m737,move,145,0.0003120421836481693,False
401,pokemon,55,0.0003118824744735406,True
1615,pokemon,121,0.0003118218324290388,False
1481,pokemon,61,0.00031176187724601706,False
162,pokemon,60,0.00031171919861924504,False
607,pokemon,59,0.0003115957970247932,False
427,pokemon,74,0.00031156088177243556,False
435,pokemon,74,0.00031137119505075415,False
971,pokemon,47,0.00031123210186659816,False
637,pokemon,59,0.00031107500138321577,False
530,pokemon,64,0.0003110462623779724,False
1303,pokemon,77,0.00031073812852343107,False
205,pokemon,73,0.00031052500352136487,False
1421,pokemon,63,0.000309748083588165,False
686,pokemon,75,0.00030966246665506473,False
911,pokemon,86,0.0003093587979372591,False
616,pokemon,82,0.00030926890296479605,False
422,pokemon,90,0.0003090878500197576,False
1021,pokemon,70,0.0003071284845610888,False
544,pokemon,72,0.00030700478482481624,False
40,pokemon,71,0.0003062641256515236,False
1255,pokemon,64,0.0003061908450524229,False
1023,pokemon,99,0.00030603603507258127,False
546,pokemon,69,0.00030574887369657196,False
1345,pokemon,63,0.00030536910983130664,False
1559,pokemon,57,0.0003045768222410481,False
219,pokemon,5,0.00030456613238780204,False
220,pokemon,5,0.00030456613238780204,False
1344,pokemon,62,0.0003039210774303991,False
132,pokemon,62,0.0003026253362830173,False
19,pokemon,93,0.0003017603199959533,False
1124,pokemon,79,0.0003015583717556379,False
m982,move,133,0.00030107971037098816,False
1031,pokemon,71,0.0003003519067393705,False
1118,pokemon,53,0.0003001306284549592,False
928,pokemon,62,0.00029953535119726265,False
819,pokemon,92,0.00029949944940849615,False
159,pokemon,68,0.0002994357925655832,False
531,pokemon,59,0.00029871162651540017,False
85,pokemon,63,0.00029785873996313067,False
1056,pokemon,43,0.0002978477422714356,False
18,pokemon,94,0.00029777244746434766,False
115,pokemon,50,0.00029741678363205416,False
1599,pokemon,94,0.0002966450857990419,True
425,pokemon,62,0.00029652954229707814,False
m514,move,129,0.000296511052089159,False
739,pokemon,62,0.00029641499596591727,False
75,pokemon,95,0.00029627936502322436,False
1482,pokemon,59,0.0002959420511878727,False
i2312,item,20,0.00029574273523273146,False
1076,pokemon,93,0.0002948876455683701,False
229,pokemon,76,0.0002945642594014687,False
1136,pokemon,38,0.00029447932735594324,False
1266,pokemon,87,0.00029423717391995774,False
a302,ability,16,0.0002941305431783028,False
1591,pokemon,75,0.0002940753030640546,False
786,pokemon,72,0.00029372479093184897,False
1511,pokemon,69,0.00029334181152392057,False
1207,pokemon,64,0.0002931767285417496,False
833,pokemon,92,0.00029229597553184853,False
891,pokemon,67,0.00029212812598798486,True
1416,pokemon,55,0.0002918198256105505,False
8,pokemon,61,0.0002917021739052284,False
277,pokemon,66,0.0002905343608473625,False
222,pokemon,65,0.0002904504100551629,False
1138,pokemon,63,0.00029043268459277144,False
1070,pokemon,96,0.0002894182217937603,False
807,pokemon,69,0.0002892930232479609,False
1621,pokemon,47,0.0002881304552760871,False
364,pokemon,63,0.00028782105546478414,False
45,pokemon,58,0.0002876640576337397,False
1330,pokemon,54,0.0002876310476133272,False
418,pokemon,63,0.0002866378304786638,False
780,pokemon,85,0.00028594469915750625,False
221,pokemon,63,0.0002855502294036783,False
469,pokemon,91,0.0002843844645511864,False
480,pokemon,57,0.0002838273298106897,False
1096,pokemon,67,0.00028381392021924564,False
649,pokemon,91,0.00028343688581108234,False
1203,pokemon,62,0.00028303103111803636,False
1488,pokemon,70,0.00028247758817331344,False
167,pokemon,57,0.00028236582495416067,False
294,pokemon,77,0.00028114948853677566,False
295,pokemon,83,0.00028087790248083097,False
1008,pokemon,99,0.00028073066137458013,False
309,pokemon,64,0.0002806186489339868,False
280,pokemon,47,0.0002801314779014969,False
806,pokemon,76,0.0002796635599075085,False
828,pokemon,49,0.00027860982823872525,False
374,pokemon,70,0.000278398820022511,False
580,pokemon,56,0.0002776880152639962,False
m998,move,130,0.0002776172636226956,False
m243,move,130,0.000277520668435608,False
9,pokemon,58,0.0002772646916527665,False
549,pokemon,71,0.00027651897213176605,False
a256,ability,10,0.0002764904750885865,False
587,pokemon,77,0.0002759969975319538,False
1512,pokemon,65,0.0002759244097264342,False
a86,ability,10,0.00027574860069992343,False
a365,ability,11,0.00027574860069992343,False
1618,pokemon,53,0.0002753809781000303,False
1304,pokemon,75,0.00027498785987065534,False
m461,move,129,0.0002746798562742942,False
1458,pokemon,65,0.00027393916524799336,False
141,pokemon,67,0.00027391679872874593,False
1321,pokemon,78,0.0002736601233586684,False
2,pokemon,5,0.0002735096164122142,False
1619,pokemon,54,0.00027298042053296775,False
a191,ability,13,0.0002727104955045292,False
1561,pokemon,74,0.00027265819329196436,False
a0,ability,7,0.00027230046524715694,True
a253,ability,3,0.0002721162977573234,True
a309,ability,3,0.0002721162977573234,True
82,pokemon,49,0.00027209413909372104,False
a410,ability,3,0.0002717838906275737,True
158,pokemon,57,0.0002716145148256469,False
1337,pokemon,77,0.0002708284645033801,False
m1210,move,143,0.00027067732002294427,False
26,pokemon,59,0.0002672945088491656,False
m521,move,146,0.00026723869404299234,False
1053,pokemon,60,0.00026705406437915817,False
996,pokemon,43,0.0002664190287880609,False
981,pokemon,57,0.00026592024901693294,False
102,pokemon,70,0.00026584718799742003,False
116,pokemon,51,0.0002654382645503903,False
m513,move,136,0.00026484878329283883,False
432,pokemon,51,0.0002647236860051548,False
582,pokemon,85,0.00026469591938847585,False
41,pokemon,64,0.0002646054241781956,False
1222,pokemon,77,0.00026460277599333194,False
i2137,item,6,0.00026430947952100467,False
80,pokemon,79,0.0002633423978091705,False
676,pokemon,67,0.0002623652671542727,False
m1082,move,145,0.00026228478102577796,False
462,pokemon,64,0.0002621305786400982,False
404,pokemon,42,0.00026206340800288575,False
1550,pokemon,61,0.00026181567347591413,False
m935,move,145,0.00026168108089700897,False
956,pokemon,57,0.00026000083419462205,False
1446,pokemon,63,0.0002599606642282913,False
a184,ability,9,0.00025986035382827825,False
644,pokemon,61,0.0002596179172797492,False
946,pokemon,72,0.00025934421087206287,False
249,pokemon,65,0.0002593233109329217,False
635,pokemon,57,0.0002589682743269871,True
508,pokemon,69,0.00025792707011136823,False
648,pokemon,43,0.00025785301926807943,False
m111,move,149,0.0002575919069556821,False
a384,ability,12,0.00025755012781403025,False
982,pokemon,58,0.0002573824840646461,False
24,pokemon,72,0.00025716482778268354,False
523,pokemon,42,0.0002571358677023564,False
262,pokemon,73,0.0002559810822404092,False
1152,pokemon,62,0.00025583753866091424,False
672,pokemon,73,0.00025546047408520187,False
m1224,move,123,0.0002554065615559904,False
1082,pokemon,78,0.00025527809494357785,False
974,pokemon,63,0.0002551154977252993,False
483,pokemon,50,0.00025481498446269964,False
1202,pokemon,61,0.00025459386094387,False
702,pokemon,50,0.0002543193220930563,False
617,pokemon,60,0.00025375350634242974,False
788,pokemon,55,0.00025374221968954433,False
1249,pokemon,69,0.00025311946301665936,False
173,pokemon,92,0.0002530320824836286,False
a238,ability,37,0.0002530109200681011,False
1184,pokemon,72,0.0002525185149442853,False
405,pokemon,34,0.00025236692833075403,False
381,pokemon,56,0.00025186233399942246,False
419,pokemon,69,0.00025165503917011343,True
m463,move,126,0.00025159725687182193,False
1102,pokemon,71,0.0002512521188281788,False
74,pokemon,86,0.0002511816793308596,False
621,pokemon,86,0.00025008418915212666,False
94,pokemon,64,0.00024998613559685113,False
1590,pokemon,64,0.00024987691696586907,False
588,pokemon,72,0.0002497848311975786,False
434,pokemon,67,0.00024956885704335906,False
1226,pokemon,69,0.0002492487086661317,False
240,pokemon,73,0.00024905062459058504,False
m1255,move,136,0.0002490409952634383,False
503,pokemon,63,0.00024881070240895595,False
m273,move,111,0.0002486189635697793,False
1316,pokemon,65,0.0002481452183715314,False
83,pokemon,75,0.00024795066280705917,False
623,pokemon,48,0.0002478221154932483,False
867,pokemon,56,0.0002477819313271528,False
202,pokemon,82,0.00024677576075348627,False
957,pokemon,55,0.00024635295982146664,False
550,pokemon,79,0.00024614676632096777,False
1365,pokemon,62,0.0002457208778796586,False
m284,move,110,0.00024561486127274557,False
287,pokemon,50,0.00024527304960105976,False
882,pokemon,87,0.0002443433741556171,False
m216,move,133,0.00024404740622045986,False
m1132,move,115,0.00024398025603691672,False
215,pokemon,60,0.00024347425600283225,False
1311,pokemon,66,0.0002434593939342613,False
1294,pokemon,67,0.00024329597794296932,False
403,pokemon,36,0.0002431556356653259,False
a92,ability,19,0.00024248400392671215,False
766,pokemon,72,0.0002424150176078057,False
m761,move,132,0.00024241474244724814,False
803,pokemon,55,0.00024219784985504933,False
870,pokemon,76,0.00024158741398796644,False
999,pokemon,70,0.00024147665170714836,False
566,pokemon,87,0.00024143698655579724,False
1327,pokemon,67,0.00024128247795843837,False
1376,pokemon,82,0.00024105647252004595,False
1587,pokemon,53,0.0002409577120320355,False
73,pokemon,49,0.00024052818315276127,False
1295,pokemon,67,0.00024018235999333457,False
1208,pokemon,66,0.00023995500124703506,False
1005,pokemon,44,0.00023931557188449205,False
804,pokemon,57,0.00023861662812253145,False
876,pokemon,62,0.00023842008192591436,False
1398,pokemon,59,0.0002382731441905545,False
877,pokemon,64,0.00023762943571799887,False
491,pokemon,71,0.00023706159739714152,False
m40,move,123,0.0002370325366593398,False
38,pokemon,80,0.000236851548429062,False
1556,pokemon,71,0.00023682122733213268,False
1010,pokemon,57,0.0002365665412964644,False
639,pokemon,64,0.00023611048336115553,False
319,pokemon,58,0.00023558141192021312,False
594,pokemon,55,0.00023513696205523872,False
246,pokemon,57,0.00023469358481508496,False
919,pokemon,83,0.00023405807090608077,False
226,pokemon,88,0.00023366444176722482,False
171,pokemon,61,0.00023328523921604822,False
874,pokemon,62,0.00023316675233898954,False
1328,pokemon,65,0.00023315432144724345,False
345,pokemon,75,0.00023303727229500033,False
313,pokemon,52,0.00023273274246499515,False
a366,ability,20,0.0002325179927070819,False
1009,pokemon,54,0.00023114814579994843,False
243,pokemon,74,0.00023081778788357728,False
1554,pokemon,66,0.00023052035703828236,False
m458,move,123,0.0002305097864145274,False
1594,pokemon,59,0.00023041072595387529,False
854,pokemon,44,0.00022983308826118073,False
1532,pokemon,66,0.00022866510883270415,False
1526,pokemon,62,0.00022860836374687585,False
892,pokemon,87,0.00022812718712646047,False
1463,pokemon,74,0.00022709858092686424,False
279,pokemon,53,0.00022686228444574537,False
1545,pokemon,77,0.00022634045612724004,False
m829,move,119,0.00022624866107710272,False
248,pokemon,57,0.00022579118382823397,False
1147,pokemon,56,0.00022561753396641915,False
797,pokemon,60,0.00022534363587156203,False
700,pokemon,57,0.00022505918960605563,False
m884,move,129,0.00022485040975955955,False
293,pokemon,63,0.00022484039518264984,False
521,pokemon,52,0.00022399431896965596,False
216,pokemon,58,0.0002234532840954648,False
m1003,move,115,0.00022327887789103218,False
1104,pokemon,65,0.00022260751095818336,False
1171,pokemon,63,0.00022248808100506907,False
519,pokemon,58,0.0002224077812983774,False
1623,pokemon,44,0.00022186365601241907,False
1172,pokemon,63,0.00022126590097048128,False
344,pokemon,85,0.00022109653580594494,False
444,pokemon,57,0.00022074699261770002,False
m157,move,129,0.00022070839677165092,False
a442,ability,8,0.00022056298844895644,False
622,pokemon,48,0.00022049207056447598,False
255,pokemon,64,0.0002196267667958856,False
256,pokemon,66,0.0002191369933015695,False
866,pokemon,65,0.00021879839619856446,False
332,pokemon,59,0.00021870942172541255,False
327,pokemon,59,0.00021870942172541255,False
606,pokemon,66,0.00021859625104925505,False
m459,move,107,0.00021824009185070174,False
1540,pokemon,73,0.00021823133542212778,False
m106,move,122,0.00021686654577973965,False
1531,pokemon,62,0.00021683898815028156,False
1037,pokemon,62,0.00021673357672816288,False
1119,pokemon,84,0.0002165991756591115,False
1091,pokemon,59,0.000216466241744005,False
1528,pokemon,57,0.00021636045928725387,False
888,pokemon,66,0.00021582391663386364,False
1529,pokemon,57,0.00021581750096637552,False
1038,pokemon,61,0.00021573780466402633,False
498,pokemon,42,0.0002156108099895717,False
1544,pokemon,74,0.00021557973862386986,False
16,pokemon,72,0.00021497082372099857,False
373,pokemon,64,0.00021485746197895205,False
947,pokemon,46,0.00021432306064989774,False
735,pokemon,46,0.00021432306064989774,False
855,pokemon,45,0.00021416750432888873,False
242,pokemon,71,0.0002138662068455379,False
445,pokemon,75,0.00021383079064841306,False
m815,move,127,0.00021354979795478254,False
1090,pokemon,59,0.0002133061847917757,False
1566,pokemon,54,0.00021323903624768944,False
850,pokemon,66,0.00021322977456416292,False
1569,pokemon,42,0.00021292807626363365,False
959,pokemon,51,0.00021287283026294766,False
272,pokemon,69,0.00021284120315377282,False
307,pokemon,52,0.00021205495918585256,False
1520,pokemon,59,0.00021201527992834287,False
m684,move,111,0.00021197718636348228,False
823,pokemon,54,0.00021195357611161539,False
i919,item,8,0.00021141420462249337,False
699,pokemon,64,0.00021108295178964587,False
1239,pokemon,63,0.00021080132140441547,False
517,pokemon,31,0.00021077331847229154,False
1571,pokemon,51,0.0002105112443420064,False
1630,pokemon,57,0.0002101800198976697,False
a9,ability,28,0.00021009860606045498,False
1514,pokemon,57,0.00020964877940262723,False
798,pokemon,60,0.00020959791359318245,False
1506,pokemon,66,0.00020901356385336209,False
1521,pokemon,67,0.00020832947571040292,False
108,pokemon,50,0.00020806209531479963,False
270,pokemon,50,0.00020775115189782082,False
1108,pokemon,62,0.00020757595428040482,False
916,pokemon,61,0.00020693220780486707,False
370,pokemon,55,0.00020679023100033915,False
1268,pokemon,53,0.0002066303063975877,False
835,pokemon,54,0.00020662363473082345,False
292,pokemon,56,0.00020572231273783883,False
1107,pokemon,63,0.00020556305112512594,False
740,pokemon,66,0.0002050316017147655,False
849,pokemon,59,0.00020475605473140496,False
m38,move,131,0.00020473471337225437,False
1133,pokemon,5,0.00020411269620517532,False
1134,pokemon,5,0.00020411269620517532,False
1519,pokemon,49,0.00020402382302064866,False
a296,ability,19,0.00020331478308689013,False
271,pokemon,68,0.00020285454382023866,False
976,pokemon,52,0.00020282202411020146,False
m744,move,133,0.00020270225413668218,False
1168,pokemon,53,0.00020249865853519137,False
1237,pokemon,62,0.00020212487818385778,False
525,pokemon,60,0.00020211595377786644,False
583,pokemon,88,0.00020211377522905217,False
1522,pokemon,63,0.0002016804434537412,False
773,pokemon,66,0.0002006896011812303,False
1513,pokemon,54,0.00020031246152122303,False
838,pokemon,62,0.00020004070162658486,False
a52,ability,14,0.00020000692714246273,False
103,pokemon,77,0.0001999196795216235,False
1324,pokemon,56,0.00019975070664836263,False
1240,pokemon,62,0.00019973607779816217,False
m828,move,114,0.00019972097560797198,False
1543,pokemon,57,0.00019907951578094463,False
822,pokemon,56,0.00019857491710814304,False
304,pokemon,59,0.00019855499439194052,False
439,pokemon,56,0.00019845289330395831,False
668,pokemon,57,0.0001984129793472391,False
1538,pokemon,74,0.00019770031534000366,False
769,pokemon,57,0.0001970066803712734,False
1461,pokemon,69,0.00019680007290130813,False
951,pokemon,90,0.00019663258438153096,False
470,pokemon,71,0.0001963949448969784,False
1553,pokemon,63,0.0001963480221094759,False
154,pokemon,62,0.00019571035136131164,False
1310,pokemon,61,0.00019556742125515617,False
985,pokemon,72,0.00019517701994780262,False
i873,item,10,0.00019455395738086288,False
1472,pokemon,59,0.00019435101339481618,False
380,pokemon,54,0.0001938811479728179,False
768,pokemon,56,0.00019374626589486316,False
353,pokemon,61,0.00019370715041061833,False
925,pokemon,61,0.00019329555195242133,False
677,pokemon,53,0.00019328902985885923,False
1338,pokemon,5,0.00019274904424477146,False
826,pokemon,38,0.0001927046568518041,False
a189,ability,11,0.0001923479069226013,False
979,pokemon,53,0.00019177817390128468,False
155,pokemon,61,0.00019141750505009803,False
m585,move,106,0.00019135181517997523,False
m165,move,107,0.00019106070199078725,False
502,pokemon,55,0.00019094980499756502,False
i1896,item,10,0.0001906293658008955,False
873,pokemon,62,0.00019054135021723313,False
i1895,item,9,0.000189993752611497,False
m505,move,125,0.00018993792548979469,False
1336,pokemon,46,0.00018953950231452024,False
1485,pokemon,45,0.00018940628064612752,False
1632,pokemon,47,0.00018933931787446084,False
a12,ability,14,0.00018912504863572165,False
m584,move,104,0.00018868557929591157,False
i2003,item,22,0.00018860278527083768,False
629,pokemon,67,0.0001885622892842075,False
1462,pokemon,68,0.00018837838226933165,False
125,pokemon,51,0.00018754083800640904,False
128,pokemon,51,0.00018675406176006242,False
1224,pokemon,57,0.00018652952365443966,False
952,pokemon,44,0.00018644890392531806,False
m964,move,106,0.00018546026788115351,False
749,pokemon,61,0.00018520069643631457,False
164,pokemon,46,0.00018514429020828434,False
1610,pokemon,85,0.0001846390861562442,False
m1205,move,113,0.00018460524023868668,False
984,pokemon,71,0.00018453133807261085,False
m180,move,106,0.0001843030714821381,False
5,pokemon,53,0.00018383034594453689,False
927,pokemon,70,0.00018364800387628567,False
643,pokemon,42,0.00018312651013271784,False
878,pokemon,70,0.00018301964374110494,False
22,pokemon,67,0.00018230719699328384,False
1633,pokemon,45,0.0001821812474608623,False
1100,pokemon,60,0.00018185166055243972,False
227,pokemon,81,0.00018143038089551871,False
775,pokemon,44,0.0001811083510105568,False
376,pokemon,67,0.00018102665175794973,False
1198,pokemon,61,0.00018074398695707957,False
m814,move,121,0.00018056740566799458,False
757,pokemon,51,0.00018055745151042724,False
a441,ability,8,0.00018043799277177433,False
1325,pokemon,52,0.00018029723307164087,False
520,pokemon,54,0.0001801422311555621,False
730,pokemon,92,0.0001797067157764738,False
1199,pokemon,57,0.00017965818645959252,False
1300,pokemon,56,0.00017941631651793253,False
1064,pokemon,8,0.00017933170606283363,False
225,pokemon,64,0.0001785957466196095,False
1101,pokemon,59,0.00017846174776707668,False
m1223,move,94,0.00017781731280024324,False
938,pokemon,54,0.00017778463166955177,False
m1173,move,115,0.00017753779916537262,False
1620,pokemon,44,0.00017747007359758025,False
715,pokemon,62,0.00017712254636709825,False
964,pokemon,70,0.000176320189300031,False
1368,pokemon,52,0.0001762788676228642,False
m375,move,122,0.0001760069431360454,False
1299,pokemon,53,0.00017557408600229598,False
1022,pokemon,52,0.00017544177680549718,False
m1138,move,116,0.00017540871741261358,False
975,pokemon,50,0.00017534624986895284,False
1322,pokemon,50,0.00017433402850048905,False
963,pokemon,67,0.00017340009718840138,False
1323,pokemon,49,0.0001725859259983671,False
694,pokemon,53,0.00017215797279282797,False
m1228,move,110,0.00017172533665852898,False
1121,pokemon,67,0.0001714666099387473,False
832,pokemon,56,0.0001713994429083051,False
505,pokemon,49,0.00017135702914503187,False
589,pokemon,55,0.0001709879493730863,False
504,pokemon,49,0.00017077576910687337,False
m469,move,116,0.00017062471183840303,False
556,pokemon,9,0.00017018879343703883,False
299,pokemon,85,0.00016980812421311955,False
1220,pokemon,59,0.0001695197247177097,False
784,pokemon,48,0.00016917941237962322,False
829,pokemon,62,0.000169174483580571,False
a178,ability,13,0.0001686950147619997,False
m1139,move,102,0.00016817884945349398,False
1188,pokemon,58,0.00016795237309852437,False
1552,pokemon,49,0.00016779080213668782,False
m82,move,119,0.00016763387697152268,False
339,pokemon,47,0.000167252947414294,False
665,pokemon,44,0.00016681202902837648,False
17,pokemon,62,0.00016599474871751538,False
1024,pokemon,6,0.0001650100228461698,False
i1504,item,8,0.00016457492194261306,False
m634,move,103,0.00016428685246399474,False
349,pokemon,62,0.0001639632539083069,False
885,pokemon,25,0.00016393407295388606,False
i843,item,10,0.00016359403720220608,False
1006,pokemon,50,0.00016358513931961574,False
a251,ability,19,0.000162999163774103,False
1443,pokemon,72,0.0001628014058928522,False
426,pokemon,44,0.00016270221669433858,False
a297,ability,10,0.00016267298583249888,False
1622,pokemon,49,0.0001623777411185002,False
423,pokemon,53,0.00016190713152541985,False
m866,move,124,0.00016142533832341966,False
107,pokemon,49,0.00016122805573269745,False
m853,move,107,0.00016113865330201076,False
785,pokemon,48,0.0001609637685204331,False
991,pokemon,49,0.0001609603875150171,False
413,pokemon,42,0.00016075790874677524,False
879,pokemon,67,0.00016054610802210045,False
1002,pokemon,52,0.00015998761801903859,False
m818,move,102,0.00015985889155312692,False
m758,move,101,0.0001592095183650272,False
1143,pokemon,63,0.00015877078418514585,False
1539,pokemon,69,0.0001584549393711914,False
651,pokemon,45,0.00015819139169455105,False
276,pokemon,50,0.00015799906125373088,False
1212,pokemon,4,0.00015798919648433153,False
1444,pokemon,4,0.00015798919648433153,False
872,pokemon,59,0.00015764159400678872,False
858,pokemon,47,0.00015715688685182913,False
591,pokemon,48,0.00015707094868350218,False
m484,move,101,0.0001569650755993428,False
245,pokemon,65,0.0001569230053163472,False
612,pokemon,53,0.00015687619909201563,False
592,pokemon,47,0.00015663120505805174,False
685,pokemon,53,0.00015629135203007805,False
753,pokemon,40,0.00015596597715905467,False
218,pokemon,53,0.0001559394188391416,False
1509,pokemon,70,0.0001555265719688386,False
1092,pokemon,58,0.00015536361676584225,False
679,pokemon,71,0.00015528422135772734,False
920,pokemon,59,0.00015507949299005896,False
m1053,move,101,0.0001544321650901293,False
m1174,move,110,0.00015429723030827922,False
1094,pokemon,67,0.00015372723294691907,False
625,pokemon,55,0.0001535311272710449,False
m518,move,124,0.00015231814196540227,False
1087,pokemon,48,0.0001518160899060825,False
21,pokemon,60,0.00015171200527112035,False
1616,pokemon,54,0.0001514916528734854,False
473,pokemon,54,0.0001510161187423163,False
408,pokemon,50,0.0001509512363864699,False
117,pokemon,71,0.00015095022000133143,False
217,pokemon,50,0.00015077348513865114,False
a38,ability,6,0.0001507732970298822,False
160,pokemon,48,0.00015051975890423755,False
a39,ability,6,0.00015045113186528845,False
a36,ability,6,0.00015033925469947775,False
883,pokemon,77,0.0001503312504012397,False
127,pokemon,64,0.00014971814163963426,False
10,pokemon,61,0.00014964934815528993,False
m857,move,100,0.0001490029830221398,False
m840,move,109,0.00014883047405654144,False
11,pokemon,62,0.00014795077760194824,False
728,pokemon,52,0.00014775050652588353,False
126,pokemon,63,0.00014744210021802766,False
990,pokemon,46,0.0001470528336335374,False
m806,move,107,0.00014647151101906277,False
742,pokemon,67,0.00014623555806366934,False
39,pokemon,72,0.0001459128622515343,False
m292,move,110,0.0001459031894872909,False
m313,move,105,0.0001455504887597298,False
223,pokemon,68,0.00014524249564405858,False
1379,pokemon,57,0.00014494003807545485,False
1359,pokemon,59,0.00014480944580473897,False
472,pokemon,58,0.00014393880253913988,False
845,pokemon,45,0.00014393682013449647,False
1019,pokemon,84,0.0001438470970917606,False
1349,pokemon,51,0.00014372009204713276,False
a89,ability,23,0.00014356549033586592,False
m774,move,95,0.00014328119439434688,False
590,pokemon,58,0.00014287153243055213,False
301,pokemon,44,0.00014279657287506284,False
618,pokemon,72,0.00014275116216870171,False
406,pokemon,42,0.00014274422524136447,False
886,pokemon,50,0.0001425886268802918,False
1162,pokemon,11,0.00014234383369353455,False
1161,pokemon,11,0.00014234383369353455,False
337,pokemon,63,0.0001421707174334358,False
i1523,item,12,0.00014133845273716354,False
844,pokemon,46,0.000141225707162691,False
619,pokemon,71,0.00014072727774880334,False
1020,pokemon,54,0.00014059407377081697,False
a150,ability,22,0.00014047184364760997,True
831,pokemon,46,0.0001401682154119493,False
1271,pokemon,47,0.0001400321762245943,False
691,pokemon,5,0.00013996568705483255,False
690,pokemon,5,0.00013996568705483255,False
254,pokemon,53,0.00013940600705172112,False
a144,ability,7,0.0001393945691158852,False
1442,pokemon,72,0.0001392108558576146,False
m949,move,99,0.00013876751589228,False
a7,ability,10,0.00013841448211734424,False
35,pokemon,4,0.00013745146753355245,False
915,pokemon,46,0.00013726255551206026,False
m129,move,107,0.00013699240149057568,False
a216,ability,16,0.00013676935358544263,False
m1232,move,86,0.00013662720172997745,False
a449,ability,9,0.00013655453376026295,True
a319,ability,7,0.00013636173038146022,False
812,pokemon,47,0.00013614698286970028,False
1261,pokemon,4,0.0001361053231584428,True
m542,move,110,0.00013609257558010093,False
a291,ability,3,0.00013606759829561978,True
a215,ability,4,0.00013606482948840952,False
1159,pokemon,2,0.0001360581488786617,False
1156,pokemon,2,0.0001360581488786617,False
a4,ability,3,0.0001360581488786617,True
652,pokemon,63,0.00013597149236996384,False
177,pokemon,56,0.00013582954120329297,False
776,pokemon,7,0.00013581149379693168,False
m279,move,76,0.00013535906241079665,False
1348,pokemon,48,0.0001351042290964824,False
1049,pokemon,69,0.00013495270567159525,False
m1148,move,85,0.00013413876840206947,False
1577,pokemon,7,0.00013351303102020377,False
m677,move,24,0.00013295887803129263,False
i1756,item,12,0.0001329290031232097,False
671,pokemon,44,0.00013274865285790933,False
m948,move,96,0.0001324311712806438,False
705,pokemon,61,0.00013177593729571762,False
818,pokemon,58,0.0001309521272881847,False
m583,move,91,0.00013060055678995085,False
a380,ability,23,0.00013045496774401072,False
506,pokemon,49,0.0001303315390137079,False
m560,move,103,0.00013024768240950114,False
i2395,item,10,0.00012986454402768034,False
834,pokemon,51,0.00012907092306455275,False
m985,move,84,0.0001290634483055248,False
m1258,move,111,0.00012826435634666098,False
m1133,move,83,0.00012795709619546408,False
m135,move,97,0.00012757364528123436,False
624,pokemon,58,0.00012722066813988903,False
i1735,item,19,0.00012712487518515986,False
m686,move,93,0.00012699540594704402,False
m661,move,88,0.00012609147939965048,False
a247,ability,12,0.0001259048403980507,False
669,pokemon,53,0.00012578674739460933,False
i1662,item,10,0.00012575257079333905,False
471,pokemon,52,0.00012557076835579235,False
468,pokemon,49,0.00012543751644409913,False
321,pokemon,61,0.00012505274575606328,False
507,pokemon,46,0.00012487841298461467,False
1516,pokemon,5,0.00012471996980543956,False
1515,pokemon,5,0.00012471996980543956,False
917,pokemon,72,0.0001246073095101739,False
1030,pokemon,45,0.00012383748456919476,False
231,pokemon,45,0.00012368851184482116,False
253,pokemon,50,0.00012354525701050082,False
m435,move,87,0.00012214181706393272,False
1429,pokemon,49,0.00012194752917730388,False
748,pokemon,59,0.00012083875328249798,False
365,pokemon,39,0.00012037625946051804,False
m785,move,86,0.00012008031766501132,False
a19,ability,26,0.00011991292638022771,False
237,pokemon,78,0.00011950355736290007,False
741,pokemon,69,0.0001194759727483076,False
944,pokemon,45,0.0001188723772916974,False
658,pokemon,56,0.00011853047595771957,False
i2014,item,9,0.00011851496527770678,False
i2015,item,9,0.00011851496527770678,False
m312,move,90,0.0001184059289411746,False
338,pokemon,40,0.00011829547445672806,False
m393,move,107,0.000117924621620556,False
875,pokemon,51,0.00011743841009458653,False
m1265,move,93,0.00011711018811503717,False
m27,move,90,0.00011684851463287796,False
m799,move,78,0.00011665583540245214,False
m118,move,88,0.00011664000839310081,False
487,pokemon,44,0.00011652374949564508,False
1075,pokemon,51,0.00011643491436734119,False
1464,pokemon,40,0.0001163111346293367,False
1614,pokemon,61,0.00011580652645411318,False
i1661,item,12,0.00011502236452275673,False
m674,move,90,0.00011460406250580544,False
499,pokemon,43,0.00011453150409429736,False
233,pokemon,3,0.00011440421085705519,False
234,pokemon,4,0.00011415975741505292,False
1194,pokemon,3,0.00011415975741505292,False
m906,move,90,0.00011357780196271896,False
322,pokemon,57,0.000113232164967614,False
i682,item,16,0.00011319085067035771,False
a8,ability,7,0.00011291266925160973,False
1192,pokemon,56,0.00011283287602804627,False
i681,item,15,0.00011255077329211467,False
1617,pokemon,60,0.00011254429346729475,False
a245,ability,14,0.00011240379175129941,False
1067,pokemon,7,0.00011237374424455119,False
m262,move,101,0.00011219918185698614,False
973,pokemon,55,0.00011206256235464194,False
a258,ability,12,0.00011193198445847284,False
1191,pokemon,55,0.00011177275551389304,False
500,pokemon,41,0.00011108439839314289,False
1083,pokemon,54,0.00011071589698506524,False
1557,pokemon,47,0.00011057969692592206,False
972,pokemon,54,0.00011052170562211385,False
265,pokemon,51,0.00011034752764786689,False
966,pokemon,41,0.00010979313682097763,False
777,pokemon,6,0.00010972437749412985,False
778,pokemon,6,0.00010972437749412985,False
m491,move,83,0.00010964556561755947,False
893,pokemon,50,0.0001095880026412118,False
1371,pokemon,45,0.00010941960632582592,False
1562,pokemon,36,0.00010920899706122716,False
m1212,move,100,0.0001088390228623098,False
i1667,item,13,0.00010835153317068926,False
m115,move,88,0.00010796469528418277,False
764,pokemon,35,0.00010759470244054571,False
m14,move,77,0.00010617333170497874,False
i871,item,10,0.0001057456797740691,False
1560,pokemon,54,0.00010557127786700987,False
m87,move,85,0.00010472151996509523,False
a46,ability,12,0.00010429790608126755,False
m285,move,98,0.00010387630322647699,False
37,pokemon,42,0.00010268263800422161,False
m1084,move,94,0.00010227722276968498,False
1453,pokemon,5,0.00010204361165899628,False
1238,pokemon,6,0.00010196979772283127,False
1235,pokemon,6,0.00010175191353966283,False
1447,pokemon,6,0.00010175191353966283,False
1236,pokemon,6,0.00010175191353966283,False
i2318,item,10,0.00010174403888419104,False
m905,move,79,0.00010111265208943853,False
a265,ability,20,0.00010098448307480689,False
m849,move,88,0.00010088331414225372,False
898,pokemon,45,0.00010082945186940731,False
m1211,move,88,0.00010064913005182134,False
a11,ability,8,0.00010058336531808813,False
a372,ability,12,0.00010045866340319562,False
1384,pokemon,48,0.00010030600528259181,False
m252,move,41,0.00010022502338312247,False
m460,move,87,0.00010012438703730022,False
m748,move,89,9.921400492130891e-05,False
1018,pokemon,63,9.903481185296462e-05,False
178,pokemon,47,9.847700174527387e-05,False
1139,pokemon,52,9.825425984389907e-05,False
986,pokemon,56,9.816288908133038e-05,False
m624,move,2,9.800533259030991e-05,False
m581,move,83,9.786189549668667e-05,False
779,pokemon,52,9.782480303296534e-05,False
1383,pokemon,47,9.742171658964995e-05,False
m433,move,82,9.687771331878559e-05,False
a299,ability,11,9.665666657836709e-05,False
m277,move,75,9.626774034084015e-05,False
m321,move,83,9.609113132556255e-05,False
m945,move,66,9.607065485098977e-05,False
i887,item,9,9.603758958270693e-05,False
939,pokemon,49,9.60105949283301e-05,False
540,pokemon,67,9.591051369497433e-05,False
537,pokemon,7,9.582361323470514e-05,False
601,pokemon,47,9.433915992384188e-05,False
a47,ability,11,9.425099798389682e-05,False
1487,pokemon,59,9.38437678533756e-05,False
27,pokemon,51,9.356163625811879e-05,False
1145,pokemon,6,9.317120115333843e-05,False
m749,move,84,9.267879974099596e-05,False
0,pokemon,7,9.240870526138406e-05,False
1306,pokemon,10,9.218640700538107e-05,False
1140,pokemon,64,9.187087327768946e-05,False
236,pokemon,78,9.175232367578097e-05,False
m400,move,79,9.167991528310448e-05,False
m114,move,79,9.149486413464396e-05,False
m443,move,93,9.112868699743507e-05,False
m95,move,71,9.093393086211512e-05,False
1251,pokemon,47,8.925315779415328e-05,False
m493,move,78,8.85713520270401e-05,False
574,pokemon,53,8.759909633450023e-05,False
i842,item,10,8.758729499122496e-05,False
m37,move,81,8.65081969581558e-05,False
m608,move,73,8.64914306615873e-05,False
m1049,move,83,8.606257461608515e-05,False
1250,pokemon,45,8.540714554141231e-05,False
547,pokemon,48,8.507265744429555e-05,False
m510,move,72,8.460210569423562e-05,False
a42,ability,7,8.375013818758452e-05,False
369,pokemon,48,8.347083634669903e-05,False
m797,move,51,8.27750076287918e-05,False
m293,move,73,8.217796743048114e-05,False
787,pokemon,67,8.195296301813151e-05,False
m697,move,80,8.183687484063562e-05,False
a133,ability,10,8.17855955464161e-05,False
634,pokemon,46,8.129767612504216e-05,False
m394,move,80,8.050350808649601e-05,False
m569,move,60,8.038555235793695e-05,False
a69,ability,9,8.005443062080673e-05,False
m794,move,75,8.003698301582014e-05,False
379,pokemon,63,7.985555670735208e-05,False
m556,move,83,7.876562623858124e-05,False
a237,ability,9,7.804479720939008e-05,False
a124,ability,8,7.604241684754173e-05,False
m742,move,82,7.569035682583853e-05,False
1001,pokemon,39,7.551032930523082e-05,False
a16,ability,29,7.548088502789447e-05,False
i2002,item,15,7.536829896537238e-05,False
m84,move,72,7.535541449499112e-05,False
i262,item,5,7.529381471302846e-05,False
m527,move,76,7.507890402453374e-05,False
1135,pokemon,50,7.48075093629365e-05,False
992,pokemon,50,7.48075093629365e-05,False
930,pokemon,47,7.450790745978776e-05,False
m356,move,72,7.414951501594767e-05,False
1028,pokemon,38,7.393541505647289e-05,False
1283,pokemon,7,7.391466492409571e-05,False
m255,move,63,7.335908044697871e-05,False
m671,move,26,7.250211080306554e-05,False
m264,move,76,7.212792582517296e-05,False
m368,move,74,7.198535888636428e-05,False
636,pokemon,39,7.152102910668589e-05,False
m483,move,55,7.125213257368538e-05,False
m50,move,13,7.104355544715191e-05,False
1215,pokemon,66,7.09574577124505e-05,False
683,pokemon,7,7.079450991276662e-05,False
28,pokemon,56,7.078209127047413e-05,False
209,pokemon,45,7.077196487246359e-05,False
m1032,move,64,7.075828001737766e-05,False
1103,pokemon,23,7.035663903774983e-05,False
m477,move,76,6.949867984391402e-05,False
1582,pokemon,7,6.885843395466059e-05,False
m248,move,74,6.864059463793634e-05,False
m747,move,76,6.833950783435605e-05,False
a289,ability,4,6.803575504907867e-05,False
a290,ability,5,6.803575504907867e-05,False
725,pokemon,4,6.802907443933085e-05,False
m1208,move,75,6.745801337744458e-05,False
a185,ability,10,6.74460976646308e-05,False
m133,move,65,6.715928771005601e-05,False
m1110,move,67,6.706644396988688e-05,False
m148,move,72,6.668461616526906e-05,False
1054,pokemon,58,6.588998429094684e-05,False
a143,ability,10,6.547248983950129e-05,False
1635,pokemon,66,6.515252581702557e-05,False
m611,move,64,6.447890552753435e-05,False
m1152,move,75,6.428521818546023e-05,False
1565,pokemon,44,6.403141036061675e-05,False
355,pokemon,44,6.403141036061675e-05,False
1242,pokemon,58,6.374896909258778e-05,False
m511,move,70,6.326225408196294e-05,False
m633,move,62,6.294592121917394e-05,False
1187,pokemon,47,6.247818202062329e-05,False
1150,pokemon,7,6.229028232559514e-05,False
50,pokemon,4,6.207102858729777e-05,False
m470,move,76,6.144699726233016e-05,False
m790,move,70,6.075500262967084e-05,False
m1259,move,68,6.0688576754178066e-05,False
a435,ability,8,6.067642326296045e-05,False
m561,move,67,6.043889378163498e-05,False
m319,move,71,6.033335627823228e-05,False
m201,move,59,6.00615130056953e-05,False
i859,item,14,5.990008042301339e-05,False
m783,move,75,5.98090637080244e-05,False
m19,move,65,5.960077039860669e-05,False
a260,ability,7,5.9578703731160555e-05,False
a272,ability,18,5.9411497972466286e-05,False
1248,pokemon,44,5.937782613476392e-05,False
a252,ability,14,5.935922338332995e-05,False
m479,move,70,5.928046642809008e-05,False
a368,ability,14,5.910686950175011e-05,False
653,pokemon,49,5.902777277541672e-05,False
654,pokemon,49,5.902777277541672e-05,False
i1502,item,9,5.896354855226519e-05,False
m869,move,80,5.8901290292268235e-05,False
m490,move,70,5.872851031127933e-05,False
i1522,item,6,5.800646107277823e-05,False
760,pokemon,47,5.773032628851598e-05,False
m174,move,59,5.7447364474363675e-05,False
m2,move,63,5.723712430321452e-05,False
1055,pokemon,56,5.722823134065528e-05,False
278,pokemon,21,5.715887451472522e-05,False
m471,move,72,5.712446837868465e-05,False
m540,move,52,5.6152798178860605e-05,False
m557,move,69,5.6085382797140966e-05,False
i1526,item,12,5.532600754099647e-05,False
a450,ability,17,5.508935015183021e-05,False
m760,move,60,5.4965790325642244e-05,False
1308,pokemon,6,5.472542639826173e-05,False
m428,move,64,5.4682047316455356e-05,False
i836,item,6,5.4641473315347495e-05,False
m955,move,68,5.4358746210572165e-05,False
m1226,move,60,5.432841440643843e-05,False
m1153,move,70,5.428278573303253e-05,False
1636,pokemon,59,5.396848122391417e-05,False
m706,move,62,5.39269257695557e-05,False
m951,move,64,5.361105327778068e-05,False
1307,pokemon,5,5.337636789108358e-05,False
i1761,item,9,5.3313466378139574e-05,False
m354,move,66,5.322303448088845e-05,False
m383,move,59,5.267461393081923e-05,False
m1250,move,63,5.260315560417648e-05,False
m183,move,43,5.216533854893134e-05,False
1288,pokemon,3,5.160756151334786e-05,False
1275,pokemon,3,5.160756151334786e-05,False
1634,pokemon,6,5.137438948573e-05,False
1262,pokemon,5,5.126023376315237e-05,False
m699,move,68,5.110640396516666e-05,False
m1185,move,49,5.076229361787944e-05,False
m71,move,62,5.0736684898760044e-05,False
m3,move,65,5.059690922371064e-05,False
m610,move,55,5.030667192378475e-05,False
m1059,move,52,5.029529051818796e-05,False
a487,ability,11,5.023999209162358e-05,False
m895,move,83,5.017171658714907e-05,False
m1160,move,60,5.0057119711081365e-05,False
m307,move,52,5.004947141574146e-05,False
m1215,move,54,4.988313425623434e-05,False
1549,pokemon,6,4.980551014671808e-05,False
511,pokemon,14,4.966737392144241e-05,False
m827,move,69,4.959788362169773e-05,False
m1164,move,59,4.9304719467273993e-05,False
m544,move,57,4.9158025078342776e-05,False
m76,move,13,4.9122221908945004e-05,False
m108,move,67,4.9034067576215475e-05,False
m504,move,63,4.893086443562746e-05,False
1533,pokemon,7,4.863388538735347e-05,False
1535,pokemon,6,4.863388538735347e-05,False
m1231,move,12,4.862283355183571e-05,False
m1165,move,61,4.8134072349909074e-05,False
a470,ability,7,4.808662890196142e-05,False
a471,ability,7,4.808662890196142e-05,False
1013,pokemon,6,4.799020655490497e-05,False
a240,ability,13,4.752454490797689e-05,False
m1064,move,59,4.744632866024423e-05,False
m662,move,54,4.71657865698723e-05,False
783,pokemon,5,4.658596114679626e-05,False
m534,move,11,4.640978994965132e-05,False
i181,item,6,4.579170554833074e-05,False
a147,ability,8,4.5756468617874974e-05,False
1435,pokemon,6,4.568006531614504e-05,False
170,pokemon,4,4.566837812060409e-05,False
552,pokemon,5,4.56196130420152e-05,False
m1214,move,41,4.5379004349190686e-05,False
m422,move,53,4.5096578238495514e-05,False
m825,move,50,4.496448608057368e-05,False
a344,ability,7,4.490677193351009e-05,False
m186,move,52,4.4790210340070776e-05,False
i1527,item,8,4.4787485762972235e-05,False
m181,move,39,4.468571280152321e-05,False
366,pokemon,5,4.467689947450556e-05,False
910,pokemon,4,4.4610650385635005e-05,False
m25,move,59,4.446146751838626e-05,False
m39,move,57,4.434557758189122e-05,False
m1061,move,58,4.415073895966887e-05,False
a43,ability,6,4.367503276898371e-05,False
817,pokemon,55,4.359506671584302e-05,False
m541,move,65,4.3519967920036345e-05,False
m999,move,61,4.344442883577069e-05,False
1363,pokemon,6,4.339899915947591e-05,False
389,pokemon,6,4.339304894396635e-05,False
1364,pokemon,6,4.330626625528899e-05,False
a488,ability,10,4.320466573570718e-05,False
m860,move,57,4.315886990954411e-05,False
a190,ability,10,4.308349295735385e-05,False
m63,move,46,4.271283056496993e-05,False
388,pokemon,5,4.2599166193778225e-05,False
m582,move,53,4.254677204418267e-05,False
i2324,item,4,4.2390677363987524e-05,False
i2171,item,4,4.2390677363987524e-05,False
m642,move,58,4.227161038614241e-05,False
m338,move,61,4.223009766715173e-05,False
a173,ability,4,4.2162668630467623e-05,False
782,pokemon,6,4.1805814227138116e-05,False
m604,move,54,4.177972176849857e-05,False
781,pokemon,6,4.1716485564259616e-05,False
m1261,move,65,4.14687906913354e-05,False
a70,ability,27,4.076235436592756e-05,False
m577,move,63,4.0718761762278004e-05,False
m57,move,54,4.061697642491295e-05,False
m473,move,59,4.054446535865193e-05,False
1129,pokemon,14,4.0424596526894136e-05,False
m1060,move,51,4.026718565077281e-05,False
m612,move,53,4.016925755325493e-05,False
m378,move,57,4.014181794808038e-05,False
m64,move,47,4.002050967524397e-05,False
a96,ability,7,3.996048647201769e-05,False
m763,move,64,3.989763854381508e-05,False
361,pokemon,8,3.980952329727227e-05,False
360,pokemon,8,3.980952329727227e-05,False
m602,move,56,3.973004717036942e-05,False
a447,ability,9,3.960492879996282e-05,False
m619,move,51,3.9333175509102176e-05,False
76,pokemon,4,3.930826150615203e-05,False
m786,move,49,3.91896826744351e-05,False
m161,move,57,3.8724421373024584e-05,False
m716,move,51,3.855844820376728e-05,False
1027,pokemon,4,3.851287385185313e-05,False
m401,move,62,3.837658170550426e-05,False
m410,move,63,3.826278334678037e-05,False
m801,move,43,3.6946758574590257e-05,False
m1194,move,45,3.691219459579712e-05,False
1340,pokemon,6,3.6881211569365984e-05,False
857,pokemon,6,3.681018491041392e-05,False
a71,ability,26,3.65224666707198e-05,False
a331,ability,5,3.640136915593085e-05,False
m1,move,56,3.623159540088396e-05,False
i948,item,5,3.5996298585889085e-05,False
a97,ability,18,3.597381345899207e-05,False
i1109,item,4,3.595899129502631e-05,False
1034,pokemon,6,3.591900220130476e-05,False
i1176,item,4,3.588215584354122e-05,False
m987,move,44,3.556826660954301e-05,False
m743,move,55,3.536029944837427e-05,False
a102,ability,9,3.526795562573231e-05,False
1527,pokemon,9,3.511972120710071e-05,False
1423,pokemon,6,3.4834646148999986e-05,False
1366,pokemon,4,3.468045639228303e-05,False
m182,move,35,3.4525505368055874e-05,False
m486,move,42,3.451582829647772e-05,False
m1167,move,38,3.447219426769369e-05,False
283,pokemon,10,3.437884246690888e-05,False
a103,ability,8,3.4358714003683663e-05,False
1197,pokemon,5,3.416010537919817e-05,False
1390,pokemon,10,3.4018067177968746e-05,False
1570,pokemon,2,3.4014537219665424e-05,False
359,pokemon,2,3.4014537219665424e-05,False
356,pokemon,2,3.4014537219665424e-05,False
357,pokemon,2,3.4014537219665424e-05,False
1504,pokemon,8,3.3678586048411214e-05,False
m990,move,68,3.361215965184699e-05,False
a263,ability,26,3.3538496192697434e-05,False
310,pokemon,7,3.346142193209705e-05,False
m536,move,55,3.3366804639157135e-05,False
m438,move,49,3.333129324626479e-05,False
m457,move,49,3.325590028508179e-05,False
m172,move,52,3.3217686276226166e-05,False
m893,move,40,3.30167673538085e-05,False
m728,move,36,3.298906030062409e-05,False
1414,pokemon,6,3.2960024804095934e-05,False
m1112,move,45,3.247604562894653e-05,False
m440,move,60,3.213597252978501e-05,False
m947,move,48,3.210126201248081e-05,False
306,pokemon,11,3.202510547641387e-05,False
m1235,move,46,3.200793464818931e-05,False
i837,item,7,3.183988659800799e-05,False
581,pokemon,6,3.155632428646665e-05,False
m337,move,58,3.14510529734623e-05,False
682,pokemon,5,3.118520487565038e-05,False
1063,pokemon,11,3.0841262773031916e-05,False
614,pokemon,5,3.0506096975688207e-05,False
397,pokemon,5,3.0359204903428848e-05,False
660,pokemon,6,3.0359204903428848e-05,False
1574,pokemon,5,3.032910119810015e-05,False
1298,pokemon,5,3.032910119810015e-05,False
m1047,move,39,3.030306541797104e-05,False
a148,ability,6,3.030273645498776e-05,False
m99,move,42,3.0172727772031247e-05,False
a448,ability,7,3.015339333083918e-05,False
m751,move,46,3.0036131455447654e-05,False
m808,move,48,2.982373544660792e-05,False
m682,move,57,2.980714305256339e-05,False
1576,pokemon,5,2.924967784219731e-05,False
m950,move,44,2.9152569774254434e-05,False
m100,move,45,2.9011804853844068e-05,False
m1170,move,43,2.9010051871862747e-05,False
m239,move,62,2.889202794227856e-05,False
336,pokemon,7,2.8784070590905247e-05,False
m1125,move,49,2.865174472545117e-05,False
m663,move,45,2.864099550625378e-05,False
m555,move,45,2.857181907956264e-05,False
m310,move,56,2.849867591992514e-05,False
m94,move,44,2.8331667574707848e-05,False
m973,move,47,2.7720072505167786e-05,False
m301,move,45,2.764200713660083e-05,False
i1836,item,11,2.7248771719284776e-05,False
m519,move,37,2.7027227905938754e-05,False
m678,move,41,2.698178410682183e-05,False
m1077,move,45,2.690674140116737e-05,False
m1058,move,44,2.68627717297118e-05,False
m185,move,48,2.6851218618815072e-05,False
m13,move,47,2.6775996788911496e-05,False
m813,move,46,2.6299751066846137e-05,False
m347,move,40,2.609253038399743e-05,False
a15,ability,8,2.5665243805119094e-05,False
m551,move,53,2.5594387719626586e-05,False
442,pokemon,10,2.5496109155346618e-05,False
m134,move,39,2.5328104130129353e-05,False
i1851,item,7,2.522819744985266e-05,False
a337,ability,9,2.5182047304026134e-05,False
m235,move,51,2.5158601608718394e-05,False
m547,move,41,2.4954961438524177e-05,False
m1001,move,45,2.4914509744596192e-05,False
m1236,move,42,2.479857836393386e-05,False
960,pokemon,7,2.4778856081631e-05,False
m89,move,48,2.462207359997802e-05,False
a382,ability,8,2.451549103467705e-05,False
m451,move,41,2.4405695761659906e-05,False
m69,move,41,2.4398517373018477e-05,False
1422,pokemon,6,2.4202927596829873e-05,False
m904,move,48,2.4162924763233292e-05,False
1588,pokemon,4,2.40025824610817e-05,False
1575,pokemon,4,2.40025824610817e-05,False
m112,move,44,2.3931507597590264e-05,False
m597,move,41,2.3744220881693515e-05,False
m791,move,35,2.3573908365943515e-05,False
563,pokemon,6,2.3484027668595182e-05,False
m729,move,40,2.3133695107630825e-05,False
m833,move,36,2.3087038001885954e-05,False
m969,move,41,2.305731915102855e-05,False
m415,move,47,2.290774250424712e-05,False
724,pokemon,3,2.2862199669232912e-05,False
i1181,item,2,2.2512175346803443e-05,False
1339,pokemon,7,2.2477371070660678e-05,False
m176,move,35,2.236636551870469e-05,False
997,pokemon,9,2.228979201563156e-05,False
1341,pokemon,4,2.2270034351218608e-05,False
a50,ability,7,2.213048746360689e-05,False
m1172,move,45,2.2041170158495602e-05,False
m1176,move,44,2.1744714106206826e-05,False
111,pokemon,7,2.168934015175501e-05,False
112,pokemon,7,2.168934015175501e-05,False
79,pokemon,4,2.129420417595967e-05,False
m388,move,38,2.1052626005467188e-05,False
m374,move,42,2.0962825251503652e-05,False
326,pokemon,6,2.0942119955983515e-05,False
m961,move,38,2.063626573663049e-05,False
m166,move,36,2.051305179491973e-05,False
325,pokemon,5,2.050729046132496e-05,False
a153,ability,7,2.0461050466442605e-05,False
m780,move,40,2.0348847790713892e-05,False
m962,move,37,2.0105881987122644e-05,False
906,pokemon,7,2.008065828931995e-05,False
666,pokemon,7,2.008065828931995e-05,False
m1206,move,42,2.0077142925751225e-05,False
51,pokemon,4,1.994571753882528e-05,False
i835,item,8,1.983594329250728e-05,False
m49,move,39,1.9764254437694593e-05,False
1568,pokemon,5,1.9678254686214847e-05,False
i2169,item,5,1.9632225437627707e-05,False
m889,move,34,1.955486626965709e-05,False
a244,ability,9,1.9549667105933674e-05,False
m756,move,48,1.9524766241079516e-05,False
1409,pokemon,5,1.951456167763697e-05,False
m124,move,27,1.9454227357558968e-05,False
312,pokemon,6,1.9312354389586437e-05,False
m4,move,43,1.924752438518351e-05,False
m5,move,38,1.9143141086897258e-05,False
646,pokemon,7,1.9102425680583215e-05,False
78,pokemon,6,1.907190890476341e-05,False
m614,move,38,1.8962872207459854e-05,False
m832,move,34,1.8873268124578892e-05,False
535,pokemon,5,1.8481058148710068e-05,False
m1093,move,31,1.8287875097816784e-05,False
m407,move,39,1.8277470537158355e-05,False
m901,move,40,1.8260957701865513e-05,False
569,pokemon,6,1.8098163818343492e-05,False
1624,pokemon,6,1.8098163818343492e-05,False
m605,move,33,1.799026484825458e-05,False
m525,move,38,1.7959093526602948e-05,False
m468,move,44,1.7913419062682212e-05,False
790,pokemon,6,1.785531207598093e-05,False
m480,move,36,1.777971525426828e-05,False
1417,pokemon,5,1.7618535811035585e-05,False
i1506,item,5,1.755094701363643e-05,False
m413,move,36,1.74887902962479e-05,False
m1203,move,38,1.746899539301754e-05,False
m1052,move,42,1.7464603140388593e-05,False
a28,ability,6,1.740896261702762e-05,False
m462,move,37,1.73404763577611e-05,False
m1025,move,30,1.733686035166101e-05,False
m1011,move,31,1.717031207090995e-05,False
m750,move,35,1.7164778974372305e-05,False
311,pokemon,8,1.6999429887072487e-05,False
m30,move,43,1.6665409060163794e-05,False
1282,pokemon,15,1.657252890182693e-05,False
1007,pokemon,15,1.657252890182693e-05,False
a329,ability,7,1.6490512209845627e-05,False
m1209,move,40,1.6487708781624196e-05,False
1445,pokemon,6,1.6484684086486632e-05,False
a330,ability,7,1.6404545964934938e-05,False
561,pokemon,7,1.6356100157956534e-05,False
m450,move,32,1.5907601734517616e-05,False
m68,move,41,1.5868720637370657e-05,False
m1257,move,16,1.5813635221182572e-05,False
1508,pokemon,6,1.5656725360435427e-05,False
m1026,move,30,1.5386888864101922e-05,False
m1260,move,30,1.531810566201418e-05,False
m915,move,39,1.5313618159040083e-05,False
90,pokemon,5,1.5285807527368118e-05,False
m782,move,28,1.5209977049383122e-05,False
m178,move,32,1.5179004052084368e-05,False
1277,pokemon,4,1.5115840224282205e-05,False
m434,move,31,1.4973743118094299e-05,False
m580,move,32,1.4864899501023913e-05,False
m617,move,37,1.478695183917156e-05,False
m342,move,40,1.4767251900943007e-05,False
554,pokemon,5,1.471268233833491e-05,False
144,pokemon,4,1.4687586741435914e-05,False
m395,move,38,1.4616184083046214e-05,False
m305,move,27,1.4600593233338308e-05,False
m396,move,38,1.4549944770487359e-05,False
m269,move,28,1.4458190741822681e-05,False
1362,pokemon,9,1.4306262498395694e-05,False
1291,pokemon,5,1.4139362664881617e-05,False
m636,move,43,1.4043734577417893e-05,False
m878,move,34,1.4015442975027807e-05,False
m903,move,27,1.3944404021047147e-05,False
m367,move,44,1.3887280369748994e-05,False
940,pokemon,2,1.3880160249170447e-05,False
840,pokemon,3,1.3880160249170447e-05,False
935,pokemon,3,1.3880160249170447e-05,False
936,pokemon,3,1.3880160249170447e-05,False
847,pokemon,4,1.3880160249170447e-05,False
846,pokemon,3,1.3880160249170447e-05,False
839,pokemon,4,1.3880160249170447e-05,False
m496,move,27,1.3787370693332597e-05,False
m921,move,23,1.3784585679568307e-05,False
m487,move,27,1.3761030736138169e-05,False
m8,move,30,1.3636819877746126e-05,False
m526,move,30,1.3586569574281223e-05,False
m1191,move,32,1.3407836493957989e-05,False
m81,move,33,1.3334641876874075e-05,False
m703,move,21,1.3210097246120315e-05,False
m1159,move,27,1.3170619229865308e-05,False
560,pokemon,5,1.3140926441876576e-05,False
697,pokemon,4,1.3116837180448042e-05,False
696,pokemon,4,1.300766003500454e-05,False
251,pokemon,4,1.2875543942105013e-05,False
31,pokemon,13,1.2864854291997533e-05,False
m399,move,32,1.2835164706465485e-05,False
7,pokemon,4,1.2760572815006179e-05,False
6,pokemon,4,1.2760572815006179e-05,False
m1137,move,29,1.2733304727958189e-05,False
1389,pokemon,7,1.2625051292215967e-05,False
570,pokemon,4,1.2618307083590168e-05,False
m757,move,37,1.252663873893979e-05,False
m1158,move,27,1.2512727422067948e-05,False
m530,move,22,1.249450390362914e-05,False
m1263,move,32,1.2357123205344554e-05,False
1589,pokemon,4,1.2325832621880625e-05,False
978,pokemon,4,1.2325832621880625e-05,False
1593,pokemon,9,1.221469231395806e-05,False
m376,move,26,1.2203509469533594e-05,False
1069,pokemon,4,1.2017669824660236e-05,False
m1037,move,24,1.2006730980758276e-05,False
m592,move,26,1.1875984979401802e-05,False
m212,move,30,1.1825808863121936e-05,False
m296,move,30,1.1807289669947507e-05,False
m315,move,31,1.1737241232784204e-05,False
755,pokemon,5,1.1665338056901404e-05,False
754,pokemon,5,1.1665338056901404e-05,False
837,pokemon,8,1.1567371682671287e-05,False
m408,move,35,1.150209258156979e-05,False
m531,move,31,1.1493466234937207e-05,False
1062,pokemon,7,1.1461462565751047e-05,False
i1874,item,5,1.1340832208983508e-05,False
m238,move,29,1.1321356011921368e-05,False
m113,move,28,1.121874039115886e-05,False
m517,move,34,1.1212357153560475e-05,False
m1040,move,44,1.1142986844035635e-05,False
30,pokemon,8,1.1110171244821868e-05,False
m1195,move,26,1.104448113187847e-05,False
1035,pokemon,9,1.1017352289306486e-05,False
m125,move,26,1.1013513661373645e-05,False
m1041,move,44,1.10002545898086e-05,False
1367,pokemon,7,1.0891208958136818e-05,False
368,pokemon,7,1.0801981309733398e-05,False
m862,move,26,1.0769207801570867e-05,False
1036,pokemon,8,1.0724678590978608e-05,False
m370,move,22,1.0700284381938063e-05,False
m977,move,28,1.0668432109161285e-05,False
m485,move,28,1.064773221647674e-05,False
140,pokemon,6,1.063298139619517e-05,False
139,pokemon,5,1.05188386538473e-05,False
1586,pokemon,3,1.0463895260385348e-05,False
564,pokemon,5,1.0445322570030122e-05,False
1293,pokemon,5,1.0399335364471827e-05,False
m1186,move,26,1.039355182882735e-05,False
m1247,move,11,1.0355425717075956e-05,False
m821,move,28,1.0332875787009762e-05,False
m173,move,25,1.0307428226318842e-05,False
157,pokemon,3,1.0259571242385911e-05,False
1501,pokemon,5,1.024960168355727e-05,False
m1256,move,13,1.0141684972000276e-05,False
m77,move,31,1.0110431410217372e-05,False
m772,move,29,9.926951030113232e-06,False
m392,move,42,9.870691987782503e-06,False
29,pokemon,7,9.806228865421256e-06,False
m371,move,29,9.793851159279162e-06,False
m386,move,28,9.74777170250229e-06,False
314,pokemon,5,9.740903833231038e-06,False
1424,pokemon,4,9.737992651420092e-06,False
1564,pokemon,4,9.737992651420092e-06,False
m21,move,16,9.694629457165689e-06,False
m222,move,23,9.598075226632448e-06,False
m701,move,27,9.589809036952421e-06,False
m1130,move,29,9.52049997794645e-06,False
m494,move,22,9.512821262379223e-06,False
m804,move,41,9.491943988909962e-06,False
1128,pokemon,2,9.412931649111138e-06,False
118,pokemon,6,9.368863529625416e-06,False
333,pokemon,5,9.143540606763072e-06,False
334,pokemon,5,9.143540606763072e-06,False
m974,move,27,9.13393733860489e-06,False
m842,move,27,9.008630307085687e-06,False
m690,move,26,8.95975448675851e-06,False
m1065,move,29,8.95026810608331e-06,False
m777,move,20,8.949438887239167e-06,False
m731,move,27,8.876742625773248e-06,False
348,pokemon,5,8.821032373638464e-06,False
m896,move,34,8.816441044711586e-06,False
436,pokemon,4,8.801815212818246e-06,False
1088,pokemon,3,8.783007915354958e-06,False
1089,pokemon,3,8.783007915354958e-06,False
323,pokemon,2,8.783007915354958e-06,False
437,pokemon,2,8.783007915354958e-06,False
m899,move,22,8.751790225810435e-06,False
m887,move,27,8.746558078846338e-06,False
m522,move,30,8.70057360187796e-06,False
1406,pokemon,8,8.697090066147604e-06,False
1597,pokemon,5,8.691614095290151e-06,False
1595,pokemon,5,8.691614095290151e-06,False
252,pokemon,4,8.660015753187154e-06,False
m1083,move,25,8.60484406585609e-06,False
1276,pokemon,3,8.567662179937591e-06,False
1537,pokemon,5,8.489190625357058e-06,False
m314,move,24,8.452519636016628e-06,False
m1199,move,3,8.426520739154573e-06,False
1573,pokemon,5,8.293957240377008e-06,False
a327,ability,27,8.21473448608224e-06,False
836,pokemon,8,8.201564193702225e-06,False
756,pokemon,6,8.187169577659379e-06,False
1274,pokemon,4,8.022020593035675e-06,False
i1834,item,6,7.934325418340018e-06,False
343,pokemon,5,7.877054799037628e-06,False
m233,move,38,7.842181387147336e-06,False
1450,pokemon,6,7.765369640577835e-06,False
m641,move,21,7.754378018582791e-06,False
i2078,item,4,7.69611589173226e-06,False
i867,item,5,7.69611589173226e-06,False
i2077,item,4,7.69611589173226e-06,False
m745,move,29,7.670066767746694e-06,False
m65,move,26,7.666715291446993e-06,False
m1104,move,25,7.666240694222499e-06,False
1039,pokemon,3,7.5195518844294325e-06,False
1084,pokemon,3,7.5195518844294325e-06,False
m725,move,23,7.507031810389042e-06,False
m720,move,21,7.459285582418214e-06,False
496,pokemon,7,7.383717411470173e-06,False
415,pokemon,4,7.371114036684144e-06,False
578,pokemon,5,7.294306384175305e-06,False
674,pokemon,5,7.212575576674592e-06,False
i1632,item,5,7.1771604778031365e-06,False
562,pokemon,5,7.1765668367449515e-06,False
m253,move,25,7.117625840951356e-06,False
m546,move,17,7.112324372743693e-06,False
i1657,item,5,7.070012289834209e-06,False
i1835,item,6,7.0599475818744875e-06,False
i586,item,6,7.042349729141874e-06,False
m938,move,24,7.036147723412941e-06,False
m823,move,23,7.01469298019209e-06,False
m963,move,37,6.995350535388407e-06,False
m659,move,27,6.981530419791693e-06,False
m559,move,22,6.970957906545463e-06,False
i2066,item,5,6.960098921332009e-06,False
m101,move,18,6.905772215446748e-06,False
m151,move,30,6.776175160515972e-06,False
738,pokemon,5,6.768686403043622e-06,False
1403,pokemon,3,6.7621177428161165e-06,False
385,pokemon,7,6.6157088366832755e-06,False
m711,move,19,6.60531761484106e-06,False
645,pokemon,5,6.60519139160126e-06,False
1016,pokemon,5,6.52936564053315e-06,False
i518,item,5,6.450250467105875e-06,False
m390,move,21,6.435690385974779e-06,False
1407,pokemon,4,6.31788464741097e-06,False
m598,move,24,6.280246854155179e-06,False
m1078,move,21,6.2761073435523536e-06,False
i703,item,5,6.2324808298075695e-06,False
m1019,move,18,6.1491591625208535e-06,False
m498,move,26,6.149035405200175e-06,False
m66,move,20,6.124395635440814e-06,False
m1175,move,20,6.0997835519482455e-06,False
675,pokemon,6,6.088932714150739e-06,False
m826,move,21,6.078973066158827e-06,False
m9,move,24,6.066484222378284e-06,False
1567,pokemon,4,6.022874469242828e-06,False
m423,move,23,5.981703119907004e-06,False
m1141,move,22,5.9800125851575995e-06,False
m1054,move,30,5.973943940453315e-06,False
384,pokemon,6,5.954763833385762e-06,False
m177,move,24,5.944462806938731e-06,False
1131,pokemon,4,5.905124915071262e-06,False
a146,ability,23,5.898096468531999e-06,False
m448,move,22,5.893749193572558e-06,False
m449,move,22,5.8811557123897105e-06,False
m888,move,23,5.83176916347426e-06,False
441,pokemon,7,5.817133650412266e-06,False
m191,move,14,5.655597817837361e-06,False
460,pokemon,7,5.648207848377688e-06,False
i2374,item,3,5.631041955828281e-06,False
a328,ability,26,5.630413992043132e-06,False
901,pokemon,5,5.60405284459941e-06,False
m902,move,15,5.59613429432266e-06,False
m345,move,28,5.584573830902388e-06,False
m147,move,23,5.548622923129132e-06,False
m439,move,22,5.460671103940215e-06,False
m96,move,21,5.4199972985325626e-06,False
m645,move,16,5.389764748321663e-06,False
m1264,move,26,5.372985920472379e-06,False
414,pokemon,5,5.356697344005538e-06,False
416,pokemon,4,5.3452514095098e-06,False
1097,pokemon,5,5.3452514095098e-06,False
m1229,move,19,5.2801232332992605e-06,False
m141,move,19,5.258978862445374e-06,False
m1230,move,19,5.191725179820882e-06,False
m838,move,14,5.131919027186933e-06,False
752,pokemon,5,5.125475214706355e-06,False
m62,move,19,5.123579872803153e-06,False
m692,move,2,5.098375824871552e-06,False
1173,pokemon,8,5.063601554297629e-06,False
1285,pokemon,4,5.0624595315714085e-06,False
m695,move,2,5.033035011621736e-06,False
1315,pokemon,7,5.000203610936561e-06,False
a44,ability,9,4.964340622759708e-06,False
1449,pokemon,4,4.908733961443092e-06,False
1502,pokemon,4,4.865108675740019e-06,False
m718,move,19,4.853418298514788e-06,False
a301,ability,4,4.822893214303198e-06,False
m304,move,26,4.783761226806313e-06,False
106,pokemon,6,4.686504883482662e-06,False
m1016,move,15,4.685776664372197e-06,False
1441,pokemon,5,4.566631777899661e-06,False
m1169,move,18,4.527255567548805e-06,False
a377,ability,19,4.501427856827799e-06,False
i2329,item,5,4.499584026249624e-06,False
363,pokemon,3,4.475963772938715e-06,False
362,pokemon,3,4.475963772938715e-06,False
m1142,move,22,4.459003706849039e-06,False
1388,pokemon,4,4.371105876033101e-06,False
i2242,item,5,4.346900426524883e-06,False
1113,pokemon,3,4.3185791045298175e-06,False
1149,pokemon,4,4.275975462706322e-06,False
m673,move,19,4.262750880344756e-06,False
m429,move,12,4.262377089257397e-06,False
897,pokemon,4,4.256013969678017e-06,False
m1166,move,17,4.235312683560833e-06,False
a154,ability,3,4.223487407285221e-06,False
1280,pokemon,3,4.2155474582726876e-06,False
i2331,item,3,4.145301819745986e-06,False
m192,move,13,4.094929572566456e-06,False
m586,move,18,4.08062744192491e-06,False
m925,move,16,4.064256627532385e-06,False
m152,move,20,4.031263860269246e-06,False
m1039,move,23,4.019034175045102e-06,False
190,pokemon,2,4.018830522238019e-06,False
189,pokemon,2,4.018830522238019e-06,False
181,pokemon,2,4.018830522238019e-06,False
m533,move,20,4.0158828669552146e-06,False
m841,move,18,4.0091768652128246e-06,False
m940,move,19,4.0016617699524105e-06,False
m528,move,20,3.9527293289961115e-06,False
1541,pokemon,5,3.948174367255299e-06,False
1098,pokemon,4,3.948174367255299e-06,False
1130,pokemon,4,3.948174367255299e-06,False
m1038,move,21,3.945928180286411e-06,False
m268,move,14,3.878317462615185e-06,False
m1085,move,19,3.863974096366645e-06,False
m169,move,22,3.846462216224233e-06,False
1499,pokemon,2,3.82895026160234e-06,False
1425,pokemon,4,3.821872192524254e-06,False
396,pokemon,5,3.819893914305662e-06,False
m381,move,12,3.759207594394848e-06,False
987,pokemon,6,3.7524228521266426e-06,False
m154,move,22,3.7414134086204133e-06,False
m7,move,18,3.7197603005561516e-06,False
459,pokemon,6,3.705830052129752e-06,False
a125,ability,4,3.655062616754766e-06,False
953,pokemon,5,3.63421894942044e-06,False
54,pokemon,3,3.5964174188514183e-06,False
1405,pokemon,3,3.5955099687253087e-06,False
145,pokemon,3,3.592172090204224e-06,False
m771,move,23,3.5874314863363075e-06,False
m420,move,13,3.586717635444194e-06,False
m885,move,17,3.5735643931974953e-06,False
m286,move,15,3.567121766876923e-06,False
1547,pokemon,6,3.5458788421638305e-06,False
1279,pokemon,6,3.5219830735906833e-06,False
m1007,move,17,3.4695113513818376e-06,False
m524,move,18,3.4541912230657708e-06,False
m1056,move,12,3.4385472530835293e-06,False
440,pokemon,5,3.437176125529172e-06,False
m1018,move,15,3.4226291223001047e-06,False
488,pokemon,4,3.414557208382001e-06,False
m656,move,16,3.3962712027970956e-06,False
m595,move,14,3.382955801538869e-06,False
53,pokemon,3,3.3530691097238292e-06,False
52,pokemon,3,3.3530691097238292e-06,False
55,pokemon,3,3.3530691097238292e-06,False
m355,move,22,3.32165327164779e-06,False
m550,move,19,3.284736269046898e-06,False
m1079,move,13,3.253013830026131e-06,False
m702,move,14,3.248494655561231e-06,False
m515,move,17,3.140685397109142e-06,False
1503,pokemon,4,3.1176092441942476e-06,False
m382,move,16,3.1133780128831864e-06,False
m1233,move,18,3.096930697928873e-06,False
395,pokemon,4,3.09264158448923e-06,False
i1850,item,4,3.078695435298853e-06,False
391,pokemon,3,3.070037399984214e-06,False
a22,ability,4,3.0700334089649314e-06,False
m523,move,20,3.0500949863417e-06,False
i422,item,5,3.044217454323653e-06,False
i423,item,5,3.044217454323653e-06,False
m1006,move,16,3.0324003476509656e-06,False
m1020,move,9,3.0164797158453084e-06,False
m1140,move,20,3.013537615911529e-06,False
m599,move,17,2.992426767223309e-06,False
m1193,move,13,2.9781763484915894e-06,False
i1344,item,5,2.9607271978212905e-06,False
57,pokemon,5,2.95765824530684e-06,False
m221,move,14,2.9574786464373687e-06,False
305,pokemon,5,2.9472816323661245e-06,False
743,pokemon,4,2.923091664782165e-06,False
m781,move,15,2.919958685114293e-06,False
m411,move,17,2.91640339032568e-06,False
m1234,move,17,2.9157667624351577e-06,False
a407,ability,4,2.9067878014926665e-06,False
m138,move,17,2.9045738141784336e-06,False
m587,move,15,2.8820015969098675e-06,False
a122,ability,5,2.879743347188359e-06,False
m939,move,22,2.8781377853134612e-06,False
m492,move,19,2.8319306159021097e-06,False
m1014,move,19,2.7958413437561435e-06,False
1598,pokemon,6,2.7685191074130364e-06,False
m73,move,18,2.7298866530123795e-06,False
a123,ability,4,2.7275530240578644e-06,False
1455,pokemon,5,2.7199797075993736e-06,False
931,pokemon,3,2.703750886924086e-06,False
64,pokemon,3,2.6525878195211614e-06,False
3,pokemon,5,2.6514817789488676e-06,False
86,pokemon,9,2.6514466093849385e-06,False
87,pokemon,9,2.6514466093849385e-06,False
m126,move,16,2.6493330925243235e-06,False
a51,ability,4,2.6419983160854365e-06,False
m1048,move,19,2.617521050798622e-06,False
105,pokemon,5,2.6065704673659105e-06,False
761,pokemon,3,2.606507522519408e-06,False
a193,ability,16,2.594103763211359e-06,False
59,pokemon,8,2.5938033967959023e-06,False
m402,move,12,2.542437847117087e-06,False
a293,ability,16,2.5375714553333646e-06,False
1011,pokemon,4,2.5339038674479887e-06,False
852,pokemon,4,2.5339038674479887e-06,False
853,pokemon,5,2.5339038674479887e-06,False
m944,move,14,2.524887868781881e-06,False
m730,move,15,2.52205681642198e-06,False
m1063,move,10,2.4652364707675746e-06,False
995,pokemon,3,2.4165295656647727e-06,False
191,pokemon,3,2.4165295656647727e-06,False
m675,move,21,2.3925680874934426e-06,False
a443,ability,23,2.3802451585174285e-06,False
1225,pokemon,4,2.3608770063164273e-06,False
m894,move,16,2.306531784703521e-06,False
335,pokemon,3,2.2977615937437302e-06,False
1631,pokemon,4,2.290456832489412e-06,False
450,pokemon,6,2.2901267109926557e-06,False
447,pokemon,6,2.2901267109926557e-06,False
448,pokemon,6,2.2901267109926557e-06,False
451,pokemon,6,2.2901267109926557e-06,False
m290,move,13,2.2174328520522055e-06,False
900,pokemon,4,2.207108983785442e-06,False
m891,move,16,2.1871716826591072e-06,False
1592,pokemon,4,2.172780785820549e-06,False
m426,move,14,2.170582568250823e-06,False
a17,ability,18,2.131075075296859e-06,False
1412,pokemon,6,2.1186780218227556e-06,False
m146,move,8,2.110549332695444e-06,False
484,pokemon,3,2.0847362919031922e-06,False
482,pokemon,3,2.0847362919031922e-06,False
1546,pokemon,6,2.061912021128219e-06,False
1241,pokemon,2,2.048800170963598e-06,False
821,pokemon,2,2.048800170963598e-06,False
820,pokemon,5,2.0469854180407777e-06,False
988,pokemon,5,1.9977746706660825e-06,False
a420,ability,4,1.9697154558046604e-06,False
641,pokemon,5,1.966755563935391e-06,False
642,pokemon,5,1.966755563935391e-06,False
m1091,move,13,1.9586943477430303e-06,False
m330,move,18,1.9561866572216907e-06,False
m784,move,13,1.9421777375308197e-06,False
980,pokemon,3,1.937550003960932e-06,False
m289,move,13,1.9033283400238172e-06,False
745,pokemon,3,1.8874291493122662e-06,False
746,pokemon,3,1.8833961810445049e-06,False
961,pokemon,5,1.8784053678039225e-06,False
m168,move,13,1.85464106069058e-06,False
m241,move,12,1.8509698259635536e-06,False
m240,move,12,1.847014762232862e-06,False
i1740,item,15,1.8273017406863584e-06,False
269,pokemon,5,1.7580385381393155e-06,False
m103,move,16,1.7136958281000627e-06,False
m897,move,14,1.705395580982266e-06,False
m497,move,13,1.7034204443930253e-06,False
i1831,item,3,1.6981887461647508e-06,False
1440,pokemon,4,1.6864086204662448e-06,False
1396,pokemon,4,1.6864086204662448e-06,False
1127,pokemon,3,1.6864086204662448e-06,False
1596,pokemon,3,1.6864086204662448e-06,False
m385,move,15,1.6858462969931887e-06,False
a456,ability,13,1.6812032824122985e-06,False
268,pokemon,4,1.6804687334770564e-06,False
m873,move,4,1.6072835154364967e-06,False
m247,move,13,1.558106522690659e-06,False
152,pokemon,4,1.5464912686967081e-06,False
153,pokemon,4,1.5464912686967081e-06,False
150,pokemon,4,1.5464912686967081e-06,False
1066,pokemon,4,1.5436920036091912e-06,False
77,pokemon,4,1.5436920036091912e-06,False
a261,ability,14,1.53949660864849e-06,False
m299,move,17,1.5187129130671016e-06,False
1399,pokemon,3,1.5159716398454284e-06,False
m762,move,8,1.4952214516332392e-06,False
m130,move,9,1.4833749103040851e-06,False
1400,pokemon,6,1.481311490145701e-06,False
i2328,item,4,1.4791224538039048e-06,False
i2243,item,7,1.3786920800987923e-06,False
m727,move,19,1.3750099750838965e-06,False
1372,pokemon,4,1.3565385881144903e-06,False
712,pokemon,4,1.3565385881144903e-06,False
704,pokemon,3,1.3565385881144903e-06,False
713,pokemon,4,1.3565385881144903e-06,False
1627,pokemon,4,1.3565385881144903e-06,False
m934,move,13,1.3505733314618995e-06,False
m137,move,13,1.3374617011655166e-06,False
58,pokemon,4,1.3077187330602768e-06,False
a455,ability,12,1.3007274745860634e-06,False
267,pokemon,3,1.3005857390116053e-06,False
962,pokemon,4,1.283440133074888e-06,False
m637,move,15,1.2664245804534613e-06,False
m150,move,10,1.2454951902558549e-06,False
937,pokemon,3,1.2438462095081322e-06,False
375,pokemon,3,1.2438462095081322e-06,False
a149,ability,15,1.2230354832507466e-06,False
a473,ability,17,1.1927342176392682e-06,False
a472,ability,18,1.1927342176392682e-06,False
m928,move,20,1.1912399646023466e-06,False
954,pokemon,5,1.1746066964818214e-06,False
a126,ability,6,1.152897367982014e-06,False
m538,move,19,1.1143551168458832e-06,False
93,pokemon,3,1.1038111761910807e-06,False
m687,move,15,1.0811833977495036e-06,False
1258,pokemon,5,1.0778339629461509e-06,False
1257,pokemon,6,1.0778339629461509e-06,False
a72,ability,12,1.0598355898502504e-06,False
1044,pokemon,5,1.0550792127006583e-06,False
a177,ability,11,1.0528012461273721e-06,False
m254,move,7,1.0465243902177074e-06,False
967,pokemon,5,1.0449735332507745e-06,False
542,pokemon,3,1.043136631035222e-06,False
1105,pokemon,2,1.027284681130835e-06,False
i1093,item,2,1.0237722898359785e-06,False
m311,move,11,1.0206908186957562e-06,False
479,pokemon,2,1.0201243620199005e-06,False
98,pokemon,2,1.0201243620199005e-06,False
558,pokemon,8,1.006777847989115e-06,False
346,pokemon,4,1.0061280636020338e-06,False
1114,pokemon,5,9.977773958951189e-07,False
m246,move,10,9.958850319743857e-07,False
351,pokemon,2,9.892371003482115e-07,False
i2319,item,11,9.84800551549402e-07,False
m967,move,8,9.64652945750035e-07,False
1326,pokemon,4,9.55282437126811e-07,False
a116,ability,5,9.446165417706483e-07,False
m613,move,10,9.363020254895413e-07,False
1381,pokemon,4,9.200754629045274e-07,False
m75,move,2,9.131419387829644e-07,True
m1248,move,8,9.006281641399675e-07,False
m0,move,12,8.880500687001285e-07,False
m792,move,10,8.678550904240906e-07,False
i1406,item,5,8.537537433599411e-07,False
m643,move,10,8.52596527752322e-07,False
a343,ability,3,8.370467772177174e-07,False
m54,move,2,8.370467772177173e-07,False
m630,move,3,8.370467772177173e-07,False
a235,ability,11,8.207541613707087e-07,False
m1013,move,14,7.799173492211616e-07,False
a212,ability,12,7.514619869553686e-07,False
i2166,item,6,7.449810520255705e-07,False
452,pokemon,5,7.425986290502718e-07,False
m58,move,6,7.3769513155902e-07,False
a303,ability,3,7.305135510263716e-07,False
m922,move,7,7.283411665096382e-07,False
m46,move,6,7.262890332125356e-07,False
m812,move,12,7.069315281094913e-07,False
m162,move,13,6.951318944747138e-07,False
a424,ability,10,6.950672192345903e-07,False
a104,ability,12,6.909526736178312e-07,False
i1987,item,3,6.854208186971015e-07,False
a29,ability,4,6.848564540872233e-07,False
a395,ability,2,6.848564540872232e-07,False
i2072,item,2,6.848564540872232e-07,False
i2004,item,12,6.667121995012783e-07,False
i1635,item,2,6.468088733045997e-07,False
m188,move,4,6.375006600734184e-07,False
m416,move,4,6.264253728863739e-07,False
1401,pokemon,4,6.229608750457767e-07,False
1408,pokemon,4,6.216297620649097e-07,False
m651,move,12,6.18552191355882e-07,False
m1113,move,3,6.090609591144389e-07,False
a276,ability,3,6.087612925219762e-07,False
a316,ability,3,6.087612925219762e-07,False
m298,move,7,6.073772156980294e-07,False
m369,move,9,6.048523429459821e-07,False
1428,pokemon,3,5.935422602089268e-07,False
449,pokemon,4,5.904083059197778e-07,False
a370,ability,11,5.848626907107046e-07,False
1292,pokemon,5,5.823710635072495e-07,False
1413,pokemon,5,5.823710635072495e-07,False
a461,ability,7,5.821678194486832e-07,False
a119,ability,4,5.610591359278809e-07,False
a192,ability,6,5.55741620513541e-07,False
i1180,item,12,5.543642827681986e-07,False
371,pokemon,2,5.530956678041768e-07,False
933,pokemon,2,5.519138394541679e-07,False
934,pokemon,2,5.519138394541679e-07,False
m653,move,3,5.478851632697788e-07,False
m432,move,11,5.413503398833137e-07,False
m679,move,11,5.332195747133312e-07,False
i2236,item,2,5.326661309567292e-07,False
m1043,move,12,5.183306255072691e-07,False
i1509,item,11,5.174113536064976e-07,False
a413,ability,5,5.11839131167123e-07,False
142,pokemon,3,5.027762439886337e-07,False
1495,pokemon,3,5.027762439886337e-07,False
143,pokemon,4,5.027762439886337e-07,False
i725,item,4,5.026517416369152e-07,False
m45,move,7,4.980035485167945e-07,False
929,pokemon,2,4.946185501741057e-07,False
m175,move,9,4.815602237803703e-07,False
m848,move,8,4.803398482185217e-07,False
a411,ability,4,4.751466619363177e-07,False
65,pokemon,2,4.693531685404366e-07,False
137,pokemon,3,4.692503237210479e-07,False
247,pokemon,4,4.692503237210479e-07,False
113,pokemon,5,4.692503237210479e-07,False
114,pokemon,4,4.692503237210479e-07,False
m1022,move,10,4.685887249445516e-07,False
m104,move,12,4.6362157138115154e-07,False
m417,move,9,4.5890295275700565e-07,False
i1098,item,2,4.5754863742015777e-07,True
i1848,item,2,4.5754863742015777e-07,True
i804,item,2,4.5754863742015777e-07,True
i757,item,2,4.5754863742015777e-07,True
m160,move,2,4.565709693914822e-07,True
i1023,item,2,4.565709693914822e-07,True
m245,move,3,4.565709693914822e-07,False
i539,item,2,4.565709693914822e-07,True
i901,item,2,4.565709693914822e-07,True
i430,item,2,4.565709693914822e-07,True
i1206,item,2,4.565709693914822e-07,True
m1249,move,2,4.565709693914822e-07,True
i1228,item,2,4.565709693914822e-07,True
m590,move,2,4.565709693914822e-07,True
i1994,item,2,4.565709693914822e-07,True
i197,item,2,4.565709693914822e-07,True
i2134,item,2,4.565709693914822e-07,True
i1286,item,2,4.565709693914822e-07,True
m1072,move,2,4.565709693914822e-07,True
i602,item,2,4.565709693914822e-07,True
i2070,item,2,4.565709693914822e-07,True
a269,ability,3,4.565709693914822e-07,False
i2174,item,2,4.565709693914822e-07,True
i1298,item,2,4.565709693914822e-07,True
i168,item,2,4.565709693914822e-07,True
m257,move,2,4.565709693914822e-07,True
i1417,item,2,4.565709693914822e-07,True
i180,item,2,4.565709693914822e-07,True
i16,item,2,4.565709693914822e-07,True
i2389,item,2,4.565709693914822e-07,True
m968,move,2,4.565709693914822e-07,True
a346,ability,2,4.565709693914822e-07,True
m648,move,2,4.565709693914822e-07,True
i2114,item,2,4.565709693914822e-07,True
i2298,item,2,4.565709693914822e-07,True
m1117,move,2,4.565709693914822e-07,True
i1427,item,2,4.565709693914822e-07,True
m988,move,2,4.565709693914822e-07,True
i121,item,2,4.565709693914822e-07,True
m575,move,2,4.565709693914822e-07,True
i475,item,2,4.565709693914822e-07,True
i1998,item,2,4.565709693914822e-07,True
i1107,item,2,4.565709693914822e-07,True
i1424,item,2,4.565709693914822e-07,True
m809,move,2,4.565709693914822e-07,True
m357,move,2,4.565709693914822e-07,True
i931,item,2,4.565709693914822e-07,True
i1319,item,2,4.565709693914822e-07,True
i1562,item,2,4.565709693914822e-07,True
m705,move,2,4.565709693914822e-07,True
i675,item,2,4.565709693914822e-07,True
i137,item,2,4.565709693914822e-07,True
m427,move,2,4.565709693914822e-07,True
i416,item,2,4.565709693914822e-07,True
i1924,item,2,4.565709693914822e-07,True
i1569,item,2,4.565709693914822e-07,True
m198,move,2,4.565709693914822e-07,True
m256,move,6,4.523866801198478e-07,False
m566,move,12,4.4670215267261427e-07,False
m398,move,7,4.4509820366314366e-07,False
i844,item,7,4.4456595559558524e-07,False
m1044,move,12,4.3216035236718924e-07,False
m1149,move,11,4.2816089637817677e-07,False
m867,move,10,4.20502950428921e-07,False
m167,move,10,4.185553761404274e-07,False
711,pokemon,4,4.150070140789741e-07,False
710,pokemon,4,4.150070140789741e-07,False
609,pokemon,4,4.150070140789741e-07,False
a120,ability,3,4.1204070253176075e-07,False
a401,ability,5,4.095083010434628e-07,False
m343,move,9,4.0873406870232025e-07,False
i2330,item,3,4.0634559432873723e-07,False
a93,ability,3,3.962848022730081e-07,False
i1873,item,3,3.8966615747794443e-07,False
149,pokemon,4,3.8935487786795867e-07,False
a318,ability,4,3.8214254432932945e-07,False
a213,ability,3,3.804758078262351e-07,False
m960,move,2,3.804758078262351e-07,False
m441,move,8,3.773973398443957e-07,False
i1231,item,8,3.683482136953977e-07,False
a462,ability,6,3.6830081026752324e-07,False
m800,move,5,3.6724008547570724e-07,False
a304,ability,2,3.652567755131858e-07,False
i1179,item,3,3.469430206269972e-07,False
m733,move,14,3.4322758534276555e-07,False
1296,pokemon,5,3.4311302076266683e-07,False
a41,ability,2,3.4242822704361167e-07,False
188,pokemon,2,3.3364801609377547e-07,False
187,pokemon,2,3.3364801609377547e-07,False
a3,ability,5,3.3077838238501036e-07,False
i1029,item,7,3.198358148702286e-07,False
a180,ability,4,3.1756161031611863e-07,False
m931,move,10,3.053156235694039e-07,False
1437,pokemon,4,3.043806462609881e-07,False
a274,ability,5,2.9677113010446346e-07,False
m535,move,14,2.9665244477750104e-07,False
a201,ability,5,2.9222159589296974e-07,False
i993,item,4,2.76690650920124e-07,False
a332,ability,3,2.7082000936797824e-07,False
a65,ability,2,2.663330654783646e-07,False
a354,ability,2,2.663330654783646e-07,False
m1246,move,4,2.60755084684464e-07,False
m300,move,6,2.5571948895556874e-07,False
a321,ability,5,2.5557682215865957e-07,False
m836,move,7,2.4458733646129395e-07,False
i2164,item,4,2.435045170087905e-07,False
a273,ability,4,2.4302819685495254e-07,False
m688,move,4,2.424591061379289e-07,False
a243,ability,3,2.411346286627165e-07,False
a315,ability,3,2.367405026474352e-07,False
m698,move,3,2.354945340316629e-07,False
a236,ability,7,2.353786345649628e-07,False
m507,move,3,2.3179756907567556e-07,False
i2165,item,8,2.3002796232929406e-07,False
a373,ability,3,2.2877431871007889e-07,False
148,pokemon,3,2.282854846957411e-07,False
i156,item,2,2.282854846957411e-07,False
1059,pokemon,4,2.282854846957411e-07,False
m1069,move,3,2.282854846957411e-07,False
a246,ability,5,2.282854846957411e-07,False
138,pokemon,3,2.282854846957411e-07,False
a282,ability,3,2.282854846957411e-07,False
1496,pokemon,2,2.282854846957411e-07,False
a463,ability,5,2.282854846957411e-07,False
a464,ability,6,2.282854846957411e-07,False
m635,move,3,2.282854846957411e-07,False
390,pokemon,3,2.282854846957411e-07,False
a466,ability,2,2.282854846957411e-07,False
1099,pokemon,3,2.282854846957411e-07,False
1382,pokemon,5,2.2806849451439556e-07,False
m1109,move,6,2.2274895783606004e-07,False
m1254,move,5,2.222729985244445e-07,False
m291,move,5,2.222729985244445e-07,False
i1846,item,6,2.2191294728703324e-07,False
a358,ability,4,2.217630422758628e-07,False
m775,move,6,2.0889857038495564e-07,False
m837,move,2,2.0654400996281338e-07,False
a33,ability,8,2.0315657480435203e-07,False
i697,item,7,1.9925588236804557e-07,False
m349,move,5,1.978764912614571e-07,False
i1463,item,6,1.8688408485246953e-07,False
i1462,item,6,1.8688408485246953e-07,False
m594,move,5,1.826283877565929e-07,False
m754,move,5,1.7811044420472225e-07,False
i1503,item,5,1.7115662076681009e-07,False
m991,move,3,1.7009688605693073e-07,False
m265,move,3,1.7009688605693073e-07,False
a142,ability,8,1.6806319018474897e-07,False
m859,move,8,1.6663901237064473e-07,False
m219,move,6,1.643457990847763e-07,False
a326,ability,8,1.5460597527173676e-07,False
i1752,item,3,1.5291779079008774e-07,False
m1146,move,4,1.5219032313049405e-07,False
a404,ability,4,1.5219032313049405e-07,False
1123,pokemon,4,1.507473864826693e-07,False
m927,move,5,1.4513794457941518e-07,False
m302,move,5,1.3392394198472308e-07,False
894,pokemon,2,1.3269527865187096e-07,False
458,pokemon,3,1.3269527865187096e-07,False
895,pokemon,2,1.3269527865187096e-07,False
896,pokemon,3,1.3269527865187096e-07,False
a200,ability,3,1.2114781739990645e-07,False
a167,ability,3,1.1926440424271815e-07,False
m202,move,3,1.1423200353445734e-07,False
238,pokemon,2,1.1414274234787055e-07,False
350,pokemon,2,1.1414274234787055e-07,False
m207,move,2,1.1414274234787055e-07,False
352,pokemon,2,1.1414274234787055e-07,False
m502,move,2,1.1414274234787055e-07,False
m206,move,2,1.1414274234787055e-07,False
m923,move,5,1.1381150435505394e-07,False
1625,pokemon,3,1.0968048247018397e-07,False
99,pokemon,3,1.0968048247018397e-07,False
100,pokemon,3,1.0968048247018397e-07,False
244,pokemon,3,1.0968048247018397e-07,False
1583,pokemon,2,1.0968048247018397e-07,False
1626,pokemon,4,1.0968048247018397e-07,False
m131,move,4,1.0450259095519685e-07,False
a438,ability,6,9.897978384772079e-08,False
i2316,item,2,9.150972748403156e-08,False
a307,ability,2,9.131419387829645e-08,False
i677,item,4,8.646223321285027e-08,False
367,pokemon,4,8.237250732748339e-08,False
m163,move,3,7.765160981690819e-08,False
1436,pokemon,3,7.609516156524703e-08,False
m452,move,3,7.055444688990973e-08,False
i1422,item,5,6.933822342915386e-08,False
a430,ability,8,6.566696406305205e-08,False
61,pokemon,2,6.404057127745637e-08,False
i2001,item,6,5.99334555819797e-08,False
m1253,move,7,5.764603684518035e-08,False
m47,move,7,5.764603684518035e-08,False
a35,ability,4,5.516122732239948e-08,False
m874,move,5,5.419287401410797e-08,False
m205,move,3,5.2638427773955085e-08,False
a145,ability,5,5.051366252638455e-08,False
a32,ability,3,4.375128549415734e-08,False
i1435,item,4,4.3538252727762413e-08,False
i2275,item,4,4.3538252727762413e-08,False
m1024,move,4,3.933477978124236e-08,False
m406,move,4,3.920542255905844e-08,False
a417,ability,3,3.737853749504232e-08,False
m552,move,4,3.63580856057047e-08,False
m717,move,3,3.465498741158596e-08,False
a229,ability,4,3.3777810426005816e-08,False
i1497,item,4,3.202178857418849e-08,False
m404,move,3,3.180459689490647e-08,False
m249,move,4,3.1299045660620946e-08,False
i2018,item,2,3.117672675187495e-08,False
1032,pokemon,2,2.992313776317773e-08,False
998,pokemon,3,2.992313776317773e-08,False
1033,pokemon,4,2.992313776317773e-08,False
1026,pokemon,3,2.992313776317773e-08,False
a117,ability,4,2.945619157364401e-08,False
m218,move,3,2.619491882009935e-08,False
m957,move,3,2.507483898141995e-08,False
m1073,move,6,2.4227940515378055e-08,False
a27,ability,4,2.3718126269624492e-08,False
m270,move,4,2.342899504945263e-08,False
i2162,item,5,2.1648125433479206e-08,False
m564,move,4,2.1192774924901805e-08,False
m170,move,5,2.1192774924901805e-08,False
m1213,move,4,2.1192774924901805e-08,False
a310,ability,5,2.1134387787993424e-08,False
a397,ability,4,2.0728838838436196e-08,False
a211,ability,4,2.0728838838436196e-08,False
1606,pokemon,2,2.056132802869072e-08,False
722,pokemon,2,2.051739356709095e-08,False
573,pokemon,3,2.051739356709095e-08,False
1218,pokemon,3,2.051739356709095e-08,False
723,pokemon,2,2.051739356709095e-08,False
a233,ability,2,2.0109389822954954e-08,False
1498,pokemon,2,2.0016815415033747e-08,False
a1,ability,7,1.8972633952578586e-08,False
m875,move,2,1.7454515864069848e-08,False
a423,ability,2,1.7454515864069848e-08,False
m164,move,4,1.7184829282868045e-08,False
m389,move,4,1.7184829282868045e-08,False
1607,pokemon,4,1.5058545034159495e-08,False
a88,ability,4,1.4984759632044396e-08,False
a415,ability,2,1.4854884179101513e-08,False
i1342,item,4,1.4706422553216402e-08,False
a422,ability,5,1.4416180614701676e-08,False
a433,ability,4,1.426288262877457e-08,False
m287,move,5,1.3768072400859238e-08,False
m119,move,5,1.3768072400859238e-08,False
a363,ability,2,1.3398841511780007e-08,False
m851,move,3,1.2611225138447894e-08,False
a414,ability,3,1.2611225138447894e-08,False
m425,move,3,1.2521621257323363e-08,False
1497,pokemon,3,1.2080502833872746e-08,False
i1021,item,2,1.1607335838692962e-08,False
a67,ability,3,7.68741927519876e-09,False
a439,ability,5,7.682004508973426e-09,False
a49,ability,5,7.665589969424338e-09,False
i1815,item,3,7.636306341822753e-09,False
i1837,item,6,7.409293224709459e-09,False
a128,ability,3,6.651919787565834e-09,False
a127,ability,4,6.651919787565834e-09,False
m621,move,5,6.558621845675799e-09,False
a62,ability,5,5.630690686711149e-09,False
m1088,move,3,5.546645013784313e-09,False
m213,move,3,5.546645013784313e-09,False
a416,ability,2,5.504887028548956e-09,False
m1204,move,3,4.88313592706717e-09,False
a210,ability,3,4.852244981192464e-09,False
a339,ability,4,4.701481519825882e-09,False
a340,ability,4,4.701481519825882e-09,False
m229,move,4,4.5893574669530794e-09,False
i1182,item,4,4.0856217780543685e-09,False
a457,ability,4,3.725745331989071e-09,False
a336,ability,4,3.725745331989071e-09,False
a110,ability,6,3.4601493133104173e-09,False
i1630,item,3,3.3050483201362824e-09,False
i1141,item,4,3.3050483201362824e-09,False
i1140,item,3,3.3050483201362824e-09,False
m708,move,3,2.7828324278850607e-09,False
a61,ability,3,2.726459016570075e-09,False
a53,ability,3,2.3271672996708407e-09,False
a378,ability,3,2.3271672996708407e-09,False
i1656,item,4,2.183155550893367e-09,False
i2167,item,4,1.532046846647095e-09,False
m571,move,2,1.4730396976387017e-09,False
i2322,item,3,1.1114134509789609e-09,False
i2239,item,3,1.0266318041086598e-09,False
a428,ability,4,1.0221738120704825e-09,False
a360,ability,3,9.132842308685376e-10,False
i1877,item,4,5.80645478959591e-10,False
i1878,item,3,5.794047834917286e-10,False
m880,move,3,5.409608642079174e-10,False
m589,move,2,4.588339006245462e-10,False
a64,ability,2,3.0201230192749687e-10,False
a426,ability,3,2.2035278445534855e-10,False
m631,move,4,2.1633308191967885e-10,False
i1434,item,1,0.0,False
i1447,item,1,0.0,False
i1449,item,1,0.0,False
i1432,item,1,0.0,False
i1436,item,1,0.0,False
i1420,item,2,0.0,True
i1041,item,2,0.0,True
i943,item,1,0.0,False
i1260,item,2,0.0,True
i1395,item,1,0.0,False
i1433,item,1,0.0,False
i1402,item,1,0.0,False
i1952,item,1,0.0,False
i1446,item,1,0.0,False
i1397,item,1,0.0,False
i383,item,2,0.0,True
i1431,item,1,0.0,False
i1400,item,1,0.0,False
i1444,item,1,0.0,False
i1421,item,1,0.0,False
i1355,item,1,0.0,False
i301,item,1,0.0,False
i1428,item,1,0.0,False
i1443,item,1,0.0,False
i796,item,1,0.0,False
i2121,item,1,0.0,False
i1442,item,1,0.0,False
i284,item,1,0.0,False
i14,item,1,0.0,False
i1429,item,1,0.0,False
i1407,item,1,0.0,False
i46,item,2,0.0,True
i1440,item,1,0.0,False
i2119,item,2,0.0,True
i412,item,1,0.0,False
i1401,item,1,0.0,False
i1430,item,1,0.0,False
i1441,item,1,0.0,False
i1423,item,1,0.0,False
i1208,item,1,0.0,False
i2365,item,1,0.0,False
i1419,item,1,0.0,False
i1408,item,1,0.0,False
i460,item,1,0.0,False
i1445,item,1,0.0,False
i321,item,1,0.0,False
i1426,item,1,0.0,False
i167,item,1,0.0,False
i1592,item,1,0.0,False
i1448,item,1,0.0,False
i1170,item,1,0.0,False
i1663,item,1,0.0,False
i1857,item,2,0.0,True
i1856,item,1,0.0,False
i1671,item,1,0.0,False
i748,item,1,0.0,False
i1672,item,1,0.0,False
i1683,item,1,0.0,False
i1646,item,1,0.0,False
i573,item,1,0.0,False
i1684,item,1,0.0,False
i1849,item,1,0.0,False
i1686,item,1,0.0,False
i1601,item,1,0.0,False
i1694,item,1,0.0,False
i2178,item,1,0.0,False
i1114,item,1,0.0,False
i1768,item,1,0.0,False
i1190,item,1,0.0,False
i2102,item,1,0.0,False
i1381,item,1,0.0,False
i1623,item,1,0.0,False
i1593,item,1,0.0,False
i736,item,1,0.0,False
i1594,item,1,0.0,False
i1595,item,1,0.0,False
i1637,item,1,0.0,False
i1682,item,2,0.0,True
i1596,item,1,0.0,False
i1607,item,1,0.0,False
i1612,item,1,0.0,False
i1636,item,1,0.0,False
i1479,item,1,0.0,False
i1885,item,2,0.0,True
i1925,item,1,0.0,False
i1703,item,1,0.0,False
i1724,item,1,0.0,False
i1720,item,1,0.0,False
i1722,item,1,0.0,False
i2402,item,2,0.0,True
i2401,item,1,0.0,False
i1723,item,1,0.0,False
i102,item,2,0.0,True
i1733,item,1,0.0,False
i2149,item,1,0.0,False
i1775,item,1,0.0,False
i1734,item,1,0.0,False
i411,item,1,0.0,False
i1736,item,1,0.0,False
i1737,item,1,0.0,False
i1738,item,1,0.0,False
i1954,item,2,0.0,True
i1719,item,1,0.0,False
i2175,item,1,0.0,False
i1716,item,2,0.0,True
i1717,item,1,0.0,False
i446,item,1,0.0,False
i1715,item,1,0.0,False
i591,item,1,0.0,False
i1714,item,1,0.0,False
i468,item,1,0.0,False
i1711,item,1,0.0,False
i2035,item,1,0.0,False
i1710,item,1,0.0,False
i1198,item,1,0.0,False
i1709,item,1,0.0,False
i1529,item,1,0.0,False
i1704,item,1,0.0,False
i1590,item,1,0.0,False
i1205,item,1,0.0,False
i1589,item,1,0.0,False
i1531,item,1,0.0,False
i1495,item,1,0.0,False
i1512,item,1,0.0,False
i1496,item,1,0.0,False
i1034,item,1,0.0,False
i1530,item,1,0.0,False
i45,item,1,0.0,False
i946,item,2,0.0,True
i1546,item,1,0.0,False
i1532,item,1,0.0,False
i1533,item,1,0.0,False
i1792,item,1,0.0,False
i1544,item,1,0.0,False
i1370,item,1,0.0,False
i1545,item,1,0.0,False
i1933,item,1,0.0,False
i1494,item,1,0.0,False
i1493,item,1,0.0,False
i1971,item,2,0.0,True
i1492,item,1,0.0,False
i2267,item,1,0.0,False
i2268,item,2,0.0,True
i1483,item,1,0.0,False
i1867,item,1,0.0,False
i1868,item,2,0.0,True
i1466,item,1,0.0,False
i659,item,1,0.0,False
i1456,item,1,0.0,False
i1865,item,1,0.0,False
i1453,item,1,0.0,False
i771,item,1,0.0,False
i1450,item,1,0.0,False
i1362,item,1,0.0,False
i2005,item,2,0.0,True
i960,item,1,0.0,False
i340,item,1,0.0,False
i225,item,1,0.0,False
i1572,item,1,0.0,False
i2256,item,1,0.0,False
i1573,item,1,0.0,False
i1259,item,1,0.0,False
i1576,item,1,0.0,False
i1577,item,1,0.0,False
i1547,item,1,0.0,False
i1004,item,1,0.0,False
i1584,item,1,0.0,False
i76,item,1,0.0,False
i1587,item,1,0.0,False
i1995,item,1,0.0,False
i1588,item,1,0.0,False
i1571,item,1,0.0,False
i827,item,1,0.0,False
i1570,item,1,0.0,False
i1622,item,1,0.0,False
i1558,item,1,0.0,False
i998,item,1,0.0,False
i1557,item,1,0.0,False
i660,item,1,0.0,False
i1556,item,1,0.0,False
i1415,item,1,0.0,False
i1553,item,1,0.0,False
i13,item,1,0.0,False
i1550,item,1,0.0,False
i1534,item,1,0.0,False
i1549,item,1,0.0,False
i1821,item,1,0.0,False
i1548,item,1,0.0,False
i2366,item,1,0.0,False
i1155,item,1,0.0,False
i903,item,1,0.0,False
i2274,item,1,0.0,False
i1555,item,2,0.0,True
i1103,item,1,0.0,False
i1437,item,1,0.0,False
i2246,item,2,0.0,True
i1102,item,1,0.0,False
i959,item,1,0.0,False
i1091,item,1,0.0,False
i1095,item,1,0.0,False
i1106,item,2,0.0,True
i1090,item,1,0.0,False
i1017,item,1,0.0,False
i1089,item,1,0.0,False
i1086,item,1,0.0,False
i1077,item,1,0.0,False
i1563,item,1,0.0,False
i1085,item,1,0.0,False
i1957,item,1,0.0,False
i1084,item,1,0.0,False
i2363,item,1,0.0,False
i1083,item,1,0.0,False
i1518,item,1,0.0,False
i1080,item,1,0.0,False
i778,item,1,0.0,False
i1079,item,1,0.0,False
i729,item,1,0.0,False
i1078,item,1,0.0,False
i1554,item,1,0.0,False
i1108,item,1,0.0,False
i95,item,1,0.0,False
i1110,item,1,0.0,False
i98,item,1,0.0,False
i1751,item,1,0.0,False
i1156,item,1,0.0,False
i1960,item,2,0.0,True
i1154,item,1,0.0,False
i1153,item,1,0.0,False
i2173,item,2,0.0,True
i1152,item,1,0.0,False
i979,item,1,0.0,False
i1139,item,1,0.0,False
i1138,item,1,0.0,False
i8,item,2,0.0,True
i1137,item,1,0.0,False
i1721,item,1,0.0,False
i1134,item,1,0.0,False
i1148,item,1,0.0,False
i1132,item,2,0.0,True
i1133,item,1,0.0,False
i1333,item,1,0.0,False
i1131,item,1,0.0,False
i1123,item,1,0.0,False
i1115,item,1,0.0,False
i379,item,1,0.0,False
i1113,item,1,0.0,False
i1027,item,1,0.0,False
i1173,item,1,0.0,False
i1476,item,1,0.0,False
i1380,item,1,0.0,False
i939,item,1,0.0,False
i986,item,1,0.0,False
i288,item,1,0.0,False
i970,item,1,0.0,False
i1470,item,1,0.0,False
i965,item,1,0.0,False
i963,item,1,0.0,False
i93,item,2,0.0,True
i962,item,1,0.0,False
i639,item,1,0.0,False
i953,item,1,0.0,False
i325,item,1,0.0,False
i949,item,1,0.0,False
i649,item,2,0.0,True
i1076,item,1,0.0,False
i938,item,1,0.0,False
i935,item,1,0.0,False
i129,item,2,0.0,True
i934,item,1,0.0,False
i1384,item,1,0.0,False
i879,item,2,0.0,True
i933,item,1,0.0,False
i1599,item,1,0.0,False
i930,item,1,0.0,False
i926,item,1,0.0,False
i2012,item,2,0.0,True
i925,item,1,0.0,False
i1065,item,2,0.0,True
i1371,item,1,0.0,False
i988,item,1,0.0,False
i1357,item,2,0.0,True
i25,item,1,0.0,False
i1074,item,1,0.0,False
i1073,item,1,0.0,False
i1072,item,1,0.0,False
i1088,item,1,0.0,False
i1070,item,1,0.0,False
i479,item,1,0.0,False
i1069,item,1,0.0,False
i281,item,1,0.0,False
i1068,item,1,0.0,False
i1067,item,1,0.0,False
i338,item,2,0.0,True
i1066,item,1,0.0,False
i2387,item,1,0.0,False
i2386,item,2,0.0,True
i1046,item,1,0.0,False
i1054,item,1,0.0,False
i1031,item,1,0.0,False
i2132,item,1,0.0,False
i2131,item,2,0.0,True
i1024,item,1,0.0,False
i1689,item,1,0.0,False
i1690,item,2,0.0,True
i1013,item,1,0.0,False
i989,item,1,0.0,False
i1157,item,1,0.0,False
i470,item,2,0.0,True
i1158,item,1,0.0,False
i1284,item,1,0.0,False
i1517,item,1,0.0,False
i1295,item,1,0.0,False
i1292,item,1,0.0,False
i1328,item,2,0.0,True
i1291,item,1,0.0,False
i2051,item,1,0.0,False
i1290,item,1,0.0,False
i1490,item,1,0.0,False
i227,item,2,0.0,True
i1289,item,1,0.0,False
i1365,item,1,0.0,False
i1285,item,1,0.0,False
i625,item,2,0.0,True
i1165,item,1,0.0,False
i1283,item,1,0.0,False
i812,item,1,0.0,False
i1280,item,1,0.0,False
i2107,item,1,0.0,False
i587,item,2,0.0,True
i1278,item,1,0.0,False
i1826,item,1,0.0,False
i1827,item,2,0.0,True
i1272,item,1,0.0,False
i294,item,1,0.0,False
i1258,item,1,0.0,False
i305,item,1,0.0,False
i1296,item,1,0.0,False
i1116,item,1,0.0,False
i1310,item,1,0.0,False
i350,item,1,0.0,False
i431,item,1,0.0,False
i1379,item,1,0.0,False
i1659,item,1,0.0,False
i1378,item,1,0.0,False
i1010,item,1,0.0,False
i1375,item,1,0.0,False
i1942,item,1,0.0,False
i1367,item,1,0.0,False
i1266,item,1,0.0,False
i1338,item,1,0.0,False
i1516,item,1,0.0,False
i1336,item,2,0.0,True
i1337,item,1,0.0,False
i2216,item,1,0.0,False
i936,item,2,0.0,True
i1316,item,1,0.0,False
i1117,item,1,0.0,False
i1315,item,1,0.0,False
i427,item,1,0.0,False
i1314,item,1,0.0,False
i2355,item,1,0.0,False
i1404,item,2,0.0,True
i1313,item,1,0.0,False
i1643,item,1,0.0,False
i1311,item,1,0.0,False
i1257,item,1,0.0,False
i40,item,1,0.0,False
i1256,item,1,0.0,False
i1223,item,1,0.0,False
i830,item,2,0.0,True
i1222,item,1,0.0,False
i1985,item,1,0.0,False
i1221,item,1,0.0,False
i676,item,1,0.0,False
i1219,item,1,0.0,False
i1586,item,1,0.0,False
i1216,item,1,0.0,False
i1396,item,1,0.0,False
i2148,item,2,0.0,True
i1201,item,1,0.0,False
i1713,item,1,0.0,False
i1712,item,2,0.0,True
i1200,item,1,0.0,False
i2388,item,1,0.0,False
i1199,item,1,0.0,False
i1293,item,1,0.0,False
i1294,item,2,0.0,True
i1196,item,1,0.0,False
i1609,item,1,0.0,False
i1186,item,2,0.0,True
i1185,item,1,0.0,False
i131,item,1,0.0,False
i1184,item,1,0.0,False
i2068,item,1,0.0,False
i1899,item,1,0.0,False
i116,item,2,0.0,True
i1255,item,1,0.0,False
i1224,item,1,0.0,False
i465,item,2,0.0,True
i1254,item,1,0.0,False
i1189,item,1,0.0,False
i1253,item,1,0.0,False
i213,item,1,0.0,False
i1252,item,1,0.0,False
i2310,item,1,0.0,False
i1251,item,1,0.0,False
i1248,item,1,0.0,False
i1961,item,2,0.0,True
i1247,item,1,0.0,False
i1246,item,1,0.0,False
i1245,item,1,0.0,False
i2205,item,1,0.0,False
i1243,item,2,0.0,True
i1244,item,1,0.0,False
i1977,item,1,0.0,False
i1239,item,1,0.0,False
i1297,item,1,0.0,False
i1235,item,1,0.0,False
i1322,item,1,0.0,False
i1234,item,2,0.0,True
i1233,item,1,0.0,False
i1468,item,1,0.0,False
i1229,item,1,0.0,False
i1579,item,2,0.0,True
i2231,item,1,0.0,False
i1745,item,1,0.0,False
i599,item,1,0.0,False
m144,move,1,0.0,False
m70,move,2,0.0,True
m140,move,1,0.0,False
m980,move,1,0.0,False
m981,move,2,0.0,True
m122,move,1,0.0,False
m358,move,1,0.0,False
m97,move,1,0.0,False
m628,move,1,0.0,False
m92,move,1,0.0,False
m193,move,1,0.0,False
m90,move,1,0.0,False
m929,move,1,0.0,False
m85,move,1,0.0,False
m116,move,1,0.0,False
m74,move,1,0.0,False
m626,move,1,0.0,False
m59,move,1,0.0,False
m278,move,1,0.0,False
m56,move,1,0.0,False
m1107,move,1,0.0,False
m55,move,1,0.0,False
m1122,move,1,0.0,False
m35,move,1,0.0,False
m722,move,1,0.0,False
m143,move,1,0.0,False
m204,move,1,0.0,False
m189,move,1,0.0,False
m910,move,1,0.0,False
m280,move,1,0.0,False
m855,move,1,0.0,False
m696,move,2,0.0,True
m275,move,1,0.0,False
m86,move,1,0.0,False
m267,move,1,0.0,False
m843,move,1,0.0,False
m263,move,1,0.0,False
m1157,move,1,0.0,False
m1156,move,2,0.0,True
m258,move,1,0.0,False
m1126,move,2,0.0,True
m346,move,2,0.0,True
m242,move,1,0.0,False
m647,move,1,0.0,False
m232,move,1,0.0,False
m844,move,1,0.0,False
m224,move,1,0.0,False
m537,move,1,0.0,False
m208,move,1,0.0,False
m1134,move,1,0.0,False
m79,move,2,0.0,True
m197,move,1,0.0,False
m464,move,1,0.0,False
m20,move,1,0.0,False
i2408,item,1,0.0,False
i2016,item,1,0.0,False
i578,item,1,0.0,False
i786,item,2,0.0,True
i2296,item,1,0.0,False
i231,item,1,0.0,False
i2295,item,1,0.0,False
i2294,item,1,0.0,False
i1126,item,2,0.0,True
i2293,item,1,0.0,False
i2011,item,1,0.0,False
i2289,item,1,0.0,False
i2288,item,1,0.0,False
i2287,item,1,0.0,False
i1580,item,1,0.0,False
i2266,item,1,0.0,False
i404,item,1,0.0,False
i2265,item,1,0.0,False
i1728,item,1,0.0,False
i2263,item,1,0.0,False
i1986,item,1,0.0,False
i2262,item,1,0.0,False
i1602,item,1,0.0,False
i2261,item,1,0.0,False
i1799,item,1,0.0,False
i2249,item,1,0.0,False
i1565,item,1,0.0,False
i2247,item,1,0.0,False
i2297,item,1,0.0,False
i2343,item,1,0.0,False
i476,item,1,0.0,False
i905,item,2,0.0,True
i2407,item,1,0.0,False
i854,item,1,0.0,False
i2406,item,1,0.0,False
i123,item,1,0.0,False
i2405,item,1,0.0,False
i2404,item,1,0.0,False
i902,item,2,0.0,True
i2403,item,1,0.0,False
i1143,item,1,0.0,False
i2399,item,1,0.0,False
i2394,item,1,0.0,False
i2393,item,1,0.0,False
i2372,item,1,0.0,False
i2398,item,1,0.0,False
i863,item,2,0.0,True
i2392,item,1,0.0,False
i91,item,1,0.0,False
i2391,item,1,0.0,False
i2332,item,1,0.0,False
i2390,item,1,0.0,False
i2221,item,1,0.0,False
i2385,item,1,0.0,False
i2373,item,1,0.0,False
i175,item,2,0.0,True
m281,move,2,0.0,True
m972,move,1,0.0,False
m294,move,1,0.0,False
m295,move,1,0.0,False
m1097,move,1,0.0,False
m954,move,1,0.0,False
m1243,move,1,0.0,False
m834,move,2,0.0,True
m831,move,1,0.0,False
m930,move,1,0.0,False
m830,move,1,0.0,False
m996,move,1,0.0,False
m822,move,1,0.0,False
m409,move,1,0.0,False
m816,move,1,0.0,False
m971,move,1,0.0,False
m805,move,1,0.0,False
m854,move,1,0.0,False
m318,move,2,0.0,True
m779,move,1,0.0,False
m1023,move,1,0.0,False
m752,move,1,0.0,False
m890,move,1,0.0,False
m694,move,1,0.0,False
m1171,move,1,0.0,False
m669,move,2,0.0,True
m672,move,1,0.0,False
m110,move,1,0.0,False
m664,move,1,0.0,False
m956,move,1,0.0,False
m1192,move,1,0.0,False
m958,move,1,0.0,False
m1042,move,1,0.0,False
m1187,move,1,0.0,False
m539,move,1,0.0,False
m1182,move,1,0.0,False
m1244,move,1,0.0,False
m1180,move,1,0.0,False
m1218,move,1,0.0,False
m856,move,2,0.0,True
m1124,move,1,0.0,False
m1050,move,1,0.0,False
m1094,move,1,0.0,False
m260,move,1,0.0,False
m1120,move,1,0.0,False
m1070,move,1,0.0,False
m1035,move,1,0.0,False
m360,move,1,0.0,False
m1033,move,1,0.0,False
m1196,move,1,0.0,False
m1030,move,1,0.0,False
m1008,move,1,0.0,False
m1028,move,1,0.0,False
m726,move,1,0.0,False
m989,move,1,0.0,False
m1086,move,1,0.0,False
m979,move,1,0.0,False
m908,move,1,0.0,False
m1207,move,2,0.0,True
m660,move,1,0.0,False
m359,move,1,0.0,False
m916,move,1,0.0,False
m453,move,1,0.0,False
m199,move,1,0.0,False
m442,move,1,0.0,False
m437,move,1,0.0,False
m328,move,2,0.0,True
m436,move,1,0.0,False
m1168,move,1,0.0,False
m391,move,1,0.0,False
m876,move,1,0.0,False
m877,move,2,0.0,True
m336,move,1,0.0,False
m739,move,1,0.0,False
m335,move,1,0.0,False
m578,move,1,0.0,False
m326,move,1,0.0,False
m102,move,1,0.0,False
m325,move,1,0.0,False
m616,move,1,0.0,False
m323,move,1,0.0,False
m1004,move,1,0.0,False
m320,move,1,0.0,False
m545,move,1,0.0,False
m317,move,1,0.0,False
m456,move,1,0.0,False
m466,move,1,0.0,False
m995,move,1,0.0,False
m1100,move,1,0.0,False
m658,move,1,0.0,False
m1101,move,1,0.0,False
m654,move,2,0.0,True
m655,move,1,0.0,False
m227,move,1,0.0,False
m646,move,1,0.0,False
m738,move,1,0.0,False
m644,move,1,0.0,False
m1118,move,1,0.0,False
m639,move,2,0.0,True
m638,move,1,0.0,False
m1092,move,2,0.0,True
m403,move,1,0.0,False
m568,move,1,0.0,False
m1190,move,1,0.0,False
m1189,move,2,0.0,True
m558,move,1,0.0,False
m732,move,1,0.0,False
m508,move,1,0.0,False
m1057,move,1,0.0,False
m520,move,2,0.0,True
m476,move,1,0.0,False
m475,move,1,0.0,False
m472,move,1,0.0,False
i99,item,1,0.0,False
i2245,item,1,0.0,False
i68,item,1,0.0,False
i1816,item,1,0.0,False
i1903,item,1,0.0,False
i500,item,2,0.0,True
i1902,item,1,0.0,False
i1731,item,1,0.0,False
i1901,item,1,0.0,False
i1535,item,1,0.0,False
i1900,item,1,0.0,False
i1050,item,1,0.0,False
i1886,item,1,0.0,False
i2291,item,1,0.0,False
i1884,item,1,0.0,False
i632,item,1,0.0,False
i1883,item,1,0.0,False
i1882,item,1,0.0,False
i1706,item,2,0.0,True
i1881,item,1,0.0,False
i1880,item,1,0.0,False
i352,item,2,0.0,True
i1879,item,1,0.0,False
i1876,item,1,0.0,False
i172,item,2,0.0,True
i1875,item,1,0.0,False
i803,item,1,0.0,False
i1872,item,1,0.0,False
i11,item,1,0.0,False
i1905,item,1,0.0,False
i1904,item,2,0.0,True
i2301,item,1,0.0,False
i297,item,2,0.0,True
i1981,item,1,0.0,False
i2038,item,2,0.0,True
i1980,item,1,0.0,False
i1969,item,1,0.0,False
i679,item,2,0.0,True
i1968,item,1,0.0,False
i1972,item,1,0.0,False
i1959,item,1,0.0,False
i1774,item,1,0.0,False
i1958,item,1,0.0,False
i2108,item,1,0.0,False
i1956,item,1,0.0,False
i1918,item,1,0.0,False
i2126,item,1,0.0,False
i1929,item,1,0.0,False
i1111,item,1,0.0,False
i1928,item,1,0.0,False
i1215,item,1,0.0,False
i1923,item,1,0.0,False
i857,item,1,0.0,False
i1922,item,1,0.0,False
i1376,item,1,0.0,False
i1919,item,1,0.0,False
i2048,item,1,0.0,False
i1871,item,1,0.0,False
i665,item,1,0.0,False
i1870,item,1,0.0,False
i1762,item,1,0.0,False
i2140,item,1,0.0,False
i1825,item,1,0.0,False
i1377,item,1,0.0,False
i1789,item,1,0.0,False
i1014,item,1,0.0,False
i1788,item,1,0.0,False
i1642,item,1,0.0,False
i1764,item,1,0.0,False
i2088,item,1,0.0,False
i1763,item,1,0.0,False
i862,item,1,0.0,False
i1758,item,1,0.0,False
i1028,item,1,0.0,False
i1757,item,1,0.0,False
i1938,item,1,0.0,False
i1755,item,1,0.0,False
i1037,item,1,0.0,False
i1753,item,1,0.0,False
i2397,item,1,0.0,False
i2396,item,2,0.0,True
i1747,item,1,0.0,False
i2079,item,1,0.0,False
i2076,item,2,0.0,True
i1746,item,1,0.0,False
i1828,item,1,0.0,False
i1829,item,1,0.0,False
i1770,item,1,0.0,False
i1858,item,1,0.0,False
i1869,item,1,0.0,False
i2117,item,1,0.0,False
i1866,item,1,0.0,False
i1864,item,1,0.0,False
i1992,item,2,0.0,True
i1863,item,1,0.0,False
i1862,item,1,0.0,False
i1861,item,1,0.0,False
i852,item,1,0.0,False
i1860,item,1,0.0,False
i1859,item,1,0.0,False
i1790,item,1,0.0,False
i869,item,1,0.0,False
i1855,item,1,0.0,False
i1698,item,1,0.0,False
i1854,item,1,0.0,False
i100,item,1,0.0,False
i1853,item,1,0.0,False
i2213,item,1,0.0,False
i1852,item,1,0.0,False
i1833,item,1,0.0,False
i1832,item,1,0.0,False
i1888,item,1,0.0,False
i1830,item,1,0.0,False
i1996,item,1,0.0,False
i2013,item,1,0.0,False
i2241,item,1,0.0,False
i2384,item,1,0.0,False
i2217,item,1,0.0,False
i596,item,1,0.0,False
i2215,item,1,0.0,False
i1101,item,1,0.0,False
i2214,item,1,0.0,False
i447,item,1,0.0,False
i2203,item,1,0.0,False
i2113,item,1,0.0,False
i2202,item,1,0.0,False
i2409,item,1,0.0,False
i2410,item,2,0.0,True
i2197,item,1,0.0,False
i2201,item,1,0.0,False
i2198,item,2,0.0,True
i2180,item,1,0.0,False
i1939,item,1,0.0,False
i2172,item,1,0.0,False
i1130,item,1,0.0,False
i2170,item,1,0.0,False
i1769,item,1,0.0,False
i2136,item,1,0.0,False
i2334,item,1,0.0,False
i2135,item,1,0.0,False
i2339,item,1,0.0,False
i2133,item,1,0.0,False
i1405,item,2,0.0,True
i2218,item,1,0.0,False
i2219,item,1,0.0,False
i323,item,2,0.0,True
i1778,item,1,0.0,False
i2238,item,1,0.0,False
i1887,item,1,0.0,False
i2237,item,1,0.0,False
i704,item,1,0.0,False
i2235,item,1,0.0,False
i785,item,1,0.0,False
i2234,item,1,0.0,False
i1211,item,1,0.0,False
i2233,item,1,0.0,False
i2232,item,1,0.0,False
i924,item,1,0.0,False
i219,item,1,0.0,False
i1604,item,1,0.0,False
i2230,item,1,0.0,False
i2228,item,1,0.0,False
i1640,item,2,0.0,True
i2227,item,1,0.0,False
i629,item,1,0.0,False
i2226,item,1,0.0,False
i1412,item,1,0.0,False
i2223,item,1,0.0,False
i496,item,1,0.0,False
i2220,item,1,0.0,False
i2368,item,1,0.0,False
i2110,item,1,0.0,False
i853,item,1,0.0,False
i2050,item,1,0.0,False
i1817,item,1,0.0,False
i2058,item,1,0.0,False
i1118,item,1,0.0,False
i2057,item,1,0.0,False
i662,item,1,0.0,False
i2056,item,1,0.0,False
i2192,item,1,0.0,False
i2055,item,1,0.0,False
i814,item,1,0.0,False
i2054,item,1,0.0,False
i257,item,1,0.0,False
i1787,item,1,0.0,False
i1099,item,1,0.0,False
i2047,item,1,0.0,False
i2046,item,1,0.0,False
i2045,item,1,0.0,False
i2049,item,1,0.0,False
i140,item,2,0.0,True
i2042,item,1,0.0,False
i2033,item,1,0.0,False
i2027,item,2,0.0,True
i2032,item,1,0.0,False
i1575,item,1,0.0,False
i2029,item,1,0.0,False
i2059,item,1,0.0,False
i2062,item,1,0.0,False
i2109,item,1,0.0,False
i1202,item,1,0.0,False
i2106,item,1,0.0,False
i2356,item,2,0.0,True
i2105,item,1,0.0,False
i891,item,1,0.0,False
i2104,item,1,0.0,False
i2299,item,1,0.0,False
i2103,item,1,0.0,False
i846,item,1,0.0,False
i2092,item,1,0.0,False
i1418,item,1,0.0,False
i2083,item,1,0.0,False
i2075,item,1,0.0,False
i390,item,1,0.0,False
i2074,item,1,0.0,False
i2073,item,1,0.0,False
i2071,item,1,0.0,False
i1416,item,2,0.0,True
i2069,item,1,0.0,False
i1321,item,1,0.0,False
i2065,item,1,0.0,False
i2345,item,1,0.0,False
i2064,item,1,0.0,False
i991,item,1,0.0,False
i2063,item,1,0.0,False
i1910,item,1,0.0,False
i506,item,1,0.0,False
i923,item,1,0.0,False
a30,ability,2,0.0,False
a162,ability,1,0.0,False
1490,pokemon,1,0.0,False
a161,ability,2,0.0,False
a217,ability,2,0.0,False
1489,pokemon,2,0.0,False
i1281,item,2,0.0,False
a308,ability,2,0.0,False
a197,ability,3,0.0,False
a196,ability,2,0.0,False
1086,pokemon,3,0.0,False
m882,move,1,0.0,False
m80,move,1,0.0,False
a362,ability,1,0.0,False
i920,item,2,0.0,False
a48,ability,2,0.0,False
m465,move,1,0.0,False
a361,ability,2,0.0,False
m31,move,3,0.0,False
m444,move,3,0.0,False
m11,move,1,0.0,False
m795,move,1,0.0,False
a412,ability,2,0.0,False
a474,ability,2,0.0,False
a418,ability,2,0.0,False
a140,ability,2,0.0,False
i1282,item,3,0.0,False
a56,ability,2,0.0,False
a138,ability,1,0.0,False
a454,ability,3,0.0,False
a137,ability,1,0.0,False
m15,move,2,0.0,False
m870,move,2,0.0,False
m1179,move,1,0.0,False
m693,move,1,0.0,False
a68,ability,2,0.0,False
a400,ability,2,0.0,False
a399,ability,3,0.0,False
a63,ability,2,0.0,False
a364,ability,2,0.0,False
m872,move,1,0.0,False
a460,ability,2,0.0,False
m667,move,2,0.0,False
m668,move,2,0.0,False
m868,move,3,0.0,False
m83,move,1,0.0,False
a85,ability,2,0.0,False
a398,ability,2,0.0,False
955,pokemon,2,0.0,False
1578,pokemon,1,0.0,False
a156,ability,2,0.0,True
1301,pokemon,1,0.0,False
m572,move,1,0.0,False
m332,move,1,0.0,False
a209,ability,3,0.0,False
a419,ability,1,0.0,False
m567,move,2,0.0,False
m10,move,2,0.0,False
m769,move,1,0.0,False
m276,move,4,0.0,False
a356,ability,3,0.0,False
m1155,move,4,0.0,False
m217,move,3,0.0,False
a66,ability,3,0.0,False
a391,ability,2,0.0,False
a353,ability,3,0.0,False
m220,move,1,0.0,False
a392,ability,2,0.0,False
i1498,item,3,0.0,False
m333,move,2,0.0,False
m767,move,1,0.0,False
m802,move,2,0.0,False
a31,ability,1,0.0,False
m776,move,1,0.0,False
a408,ability,1,0.0,False
i1652,item,2,0.0,False
i1225,item,3,0.0,False
i1226,item,2,0.0,False
m807,move,2,0.0,False
m1154,move,2,0.0,False
239,pokemon,3,0.0,False
224,pokemon,3,0.0,False
1182,pokemon,3,0.0,False
a159,ability,1,0.0,False
m478,move,5,0.0,False
m1161,move,2,0.0,False
m1162,move,3,0.0,False
m1178,move,2,0.0,False
m506,move,2,0.0,False
m649,move,2,0.0,False
m650,move,3,0.0,False
m689,move,2,0.0,False
m632,move,2,0.0,False
m509,move,1,0.0,False
m615,move,2,0.0,False
m976,move,2,0.0,False
m850,move,1,0.0,False
m18,move,1,0.0,False
m946,move,2,0.0,False
a359,ability,1,0.0,False
m214,move,2,0.0,False
m482,move,1,0.0,False
m845,move,2,0.0,False
m316,move,3,0.0,False
m629,move,2,0.0,False
m117,move,1,0.0,False
m984,move,2,0.0,False
m691,move,2,0.0,False
m1177,move,2,0.0,False
m666,move,2,0.0,False
m1240,move,1,0.0,False
m1241,move,1,0.0,False
m871,move,1,0.0,False
a55,ability,1,0.0,False
a165,ability,1,0.0,False
i33,item,1,0.0,False
i1454,item,2,0.0,True
i31,item,1,0.0,False
i2346,item,1,0.0,False
i30,item,2,0.0,True
i29,item,1,0.0,False
i28,item,1,0.0,False
i2273,item,2,0.0,True
i27,item,1,0.0,False
i105,item,1,0.0,False
i26,item,1,0.0,False
i120,item,1,0.0,False
i24,item,1,0.0,False
i983,item,1,0.0,False
i22,item,1,0.0,False
i21,item,1,0.0,False
i20,item,1,0.0,False
i961,item,1,0.0,False
i19,item,1,0.0,False
i1312,item,1,0.0,False
i44,item,2,0.0,True
i15,item,1,0.0,False
i1765,item,1,0.0,False
i6,item,1,0.0,False
i104,item,1,0.0,False
i3,item,1,0.0,False
i1455,item,1,0.0,False
i1136,item,2,0.0,True
a436,ability,1,0.0,False
i1135,item,1,0.0,False
i1096,item,1,0.0,False
i72,item,1,0.0,False
i701,item,1,0.0,False
i71,item,2,0.0,True
i70,item,1,0.0,False
i67,item,1,0.0,False
i1323,item,2,0.0,True
i66,item,1,0.0,False
i1823,item,1,0.0,False
i65,item,1,0.0,False
i1766,item,1,0.0,False
i64,item,1,0.0,False
i1742,item,1,0.0,False
i63,item,1,0.0,False
i498,item,1,0.0,False
i457,item,2,0.0,True
i61,item,1,0.0,False
i724,item,1,0.0,False
i723,item,2,0.0,True
i52,item,1,0.0,False
i236,item,1,0.0,False
i1585,item,2,0.0,True
i43,item,1,0.0,False
i1990,item,1,0.0,False
i39,item,1,0.0,False
i1912,item,1,0.0,False
i2,item,1,0.0,False
i990,item,1,0.0,False
i1,item,1,0.0,False
a350,ability,1,0.0,False
a277,ability,1,0.0,False
a482,ability,1,0.0,False
a267,ability,2,0.0,True
a268,ability,1,0.0,False
a203,ability,1,0.0,False
a241,ability,1,0.0,False
a465,ability,1,0.0,False
a280,ability,2,0.0,True
a224,ability,1,0.0,False
a476,ability,1,0.0,False
a214,ability,1,0.0,False
a80,ability,1,0.0,False
a136,ability,1,0.0,False
a132,ability,1,0.0,False
a131,ability,1,0.0,False
a480,ability,1,0.0,False
a130,ability,1,0.0,False
a77,ability,1,0.0,False
a129,ability,1,0.0,False
a83,ability,1,0.0,False
a115,ability,1,0.0,False
a347,ability,1,0.0,False
a386,ability,2,0.0,True
a57,ability,1,0.0,False
a278,ability,1,0.0,False
a75,ability,1,0.0,False
a279,ability,1,0.0,False
a402,ability,1,0.0,False
i1049,item,1,0.0,False
i0,item,1,0.0,False
a76,ability,1,0.0,False
a467,ability,1,0.0,False
a475,ability,1,0.0,False
a431,ability,1,0.0,False
a485,ability,1,0.0,False
a409,ability,1,0.0,False
a348,ability,1,0.0,False
a405,ability,1,0.0,False
a221,ability,1,0.0,False
a351,ability,1,0.0,False
a163,ability,1,0.0,False
a341,ability,1,0.0,False
a335,ability,1,0.0,False
a484,ability,2,0.0,True
a334,ability,1,0.0,False
a199,ability,1,0.0,False
a305,ability,1,0.0,False
a286,ability,1,0.0,False
a226,ability,2,0.0,True
a285,ability,1,0.0,False
a432,ability,1,0.0,False
a281,ability,1,0.0,False
m1251,move,1,0.0,False
a164,ability,1,0.0,False
i409,item,2,0.0,True
i688,item,2,0.0,False
a275,ability,2,0.0,False
1040,pokemon,2,0.0,False
m418,move,6,0.0,False
1427,pokemon,2,0.0,False
1106,pokemon,2,0.0,False
a314,ability,2,0.0,False
a139,ability,2,0.0,False
1153,pokemon,2,0.0,False
657,pokemon,2,0.0,False
a406,ability,2,0.0,False
1177,pokemon,2,0.0,False
340,pokemon,2,0.0,False
m244,move,3,0.0,False
1178,pokemon,3,0.0,False
1045,pokemon,2,0.0,False
200,pokemon,1,0.0,False
m1200,move,4,0.0,False
m1066,move,2,0.0,False
104,pokemon,2,0.0,False
1500,pokemon,2,0.0,False
m588,move,3,0.0,False
a220,ability,2,0.0,False
a172,ability,2,0.0,False
147,pokemon,2,0.0,False
533,pokemon,1,0.0,False
15,pokemon,1,0.0,False
i1183,item,2,0.0,False
a108,ability,1,0.0,False
1079,pokemon,2,0.0,False
198,pokemon,1,0.0,False
194,pokemon,1,0.0,False
m618,move,1,0.0,False
456,pokemon,2,0.0,False
m883,move,2,0.0,False
m719,move,3,0.0,False
i1087,item,2,0.0,False
i1591,item,2,0.0,False
605,pokemon,2,0.0,False
453,pokemon,3,0.0,False
604,pokemon,2,0.0,False
m171,move,3,0.0,False
680,pokemon,1,0.0,False
m474,move,4,0.0,False
m67,move,3,0.0,False
a60,ability,3,0.0,False
m846,move,3,0.0,False
i643,item,3,0.0,False
420,pokemon,1,0.0,False
1605,pokemon,1,0.0,False
341,pokemon,1,0.0,False
1604,pokemon,1,0.0,False
196,pokemon,2,0.0,False
1078,pokemon,2,0.0,False
1281,pokemon,3,0.0,False
m215,move,2,0.0,False
475,pokemon,2,0.0,False
a59,ability,2,0.0,False
1223,pokemon,2,0.0,False
i2168,item,4,0.0,False
a135,ability,3,0.0,False
m1062,move,2,0.0,False
m570,move,2,0.0,False
m670,move,6,0.0,False
m993,move,6,0.0,False
m994,move,6,0.0,False
a325,ability,2,0.0,False
a155,ability,4,0.0,False
358,pokemon,2,0.0,False
259,pokemon,2,0.0,False
a421,ability,3,0.0,False
m886,move,3,0.0,False
m1198,move,3,0.0,False
67,pokemon,3,0.0,False
207,pokemon,2,0.0,False
i2163,item,5,0.0,False
1042,pokemon,2,0.0,False
210,pokemon,2,0.0,False
1536,pokemon,1,0.0,False
1402,pokemon,1,0.0,False
553,pokemon,1,0.0,False
1602,pokemon,3,0.0,False
m713,move,3,0.0,False
a292,ability,3,0.0,False
347,pokemon,2,0.0,False
i1759,item,4,0.0,False
i1839,item,4,0.0,False
a357,ability,3,0.0,False
1603,pokemon,1,0.0,False
1080,pokemon,3,0.0,False
1433,pokemon,2,0.0,False
197,pokemon,2,0.0,False
457,pokemon,3,0.0,False
1305,pokemon,2,0.0,False
1585,pokemon,2,0.0,False
a207,ability,5,0.0,False
m209,move,3,0.0,False
382,pokemon,2,0.0,False
394,pokemon,2,0.0,False
119,pokemon,2,0.0,False
i1760,item,4,0.0,False
383,pokemon,2,0.0,False
m501,move,3,0.0,False
m852,move,2,0.0,False
1394,pokemon,2,0.0,False
1483,pokemon,3,0.0,False
1484,pokemon,2,0.0,False
1331,pokemon,2,0.0,False
a208,ability,3,0.0,False
a58,ability,3,0.0,False
m803,move,3,0.0,False
1058,pokemon,2,0.0,False
i1347,item,1,0.0,False
i1633,item,2,0.0,False
a257,ability,1,0.0,False
1043,pokemon,1,0.0,False
201,pokemon,1,0.0,False
1041,pokemon,1,0.0,False
a91,ability,2,0.0,False
m72,move,4,0.0,False
m574,move,3,0.0,False
m573,move,3,0.0,False
429,pokemon,1,0.0,False
454,pokemon,1,0.0,False
m986,move,3,0.0,False
m1034,move,3,0.0,False
m983,move,1,0.0,False
m879,move,1,0.0,False
m283,move,2,0.0,False
m282,move,3,0.0,False
m142,move,2,0.0,False
i1348,item,1,0.0,False
m952,move,1,0.0,False
m715,move,1,0.0,False
a264,ability,2,0.0,False
i169,item,1,0.0,False
392,pokemon,2,0.0,False
a218,ability,2,0.0,False
a375,ability,3,0.0,False
a219,ability,2,0.0,False
146,pokemon,3,0.0,False
744,pokemon,2,0.0,False
729,pokemon,2,0.0,False
i2244,item,2,0.0,False
1600,pokemon,1,0.0,False
m1239,move,1,0.0,False
a73,ability,1,0.0,False
i2276,item,2,0.0,False
i1399,item,2,0.0,False
i1398,item,3,0.0,False
m52,move,2,0.0,False
m1105,move,2,0.0,False
m1238,move,1,0.0,False
a160,ability,3,0.0,False
a459,ability,2,0.0,False
a458,ability,2,0.0,False
m723,move,3,0.0,False
m724,move,3,0.0,False
m500,move,2,0.0,False
1493,pokemon,2,0.0,False
a158,ability,4,0.0,False
750,pokemon,3,0.0,False
a157,ability,1,0.0,False
m1184,move,2,0.0,False
m1090,move,2,0.0,False
m721,move,1,0.0,False
m454,move,1,0.0,False
m966,move,2,0.0,False
a306,ability,1,0.0,False
m387,move,2,0.0,False
m819,move,2,0.0,False
m1067,move,2,0.0,False
m1068,move,1,0.0,False
a10,ability,1,0.0,False
i2200,item,2,0.0,False
i950,item,2,0.0,False
m811,move,2,0.0,False
m1150,move,2,0.0,False
206,pokemon,3,0.0,False
i2371,item,1,0.0,False
m48,move,1,0.0,False
i642,item,1,0.0,False
i1414,item,1,0.0,False
i875,item,2,0.0,False
i153,item,2,0.0,False
199,pokemon,2,0.0,False
659,pokemon,2,0.0,False
i645,item,2,0.0,False
a342,ability,2,0.0,False
i1691,item,2,0.0,False
i1688,item,2,0.0,False
i2321,item,3,0.0,False
60,pokemon,1,0.0,False
1333,pokemon,1,0.0,False
1494,pokemon,1,0.0,False
i644,item,2,0.0,False
182,pokemon,1,0.0,False
1395,pokemon,1,0.0,False
1393,pokemon,1,0.0,False
i2199,item,1,0.0,False
970,pokemon,2,0.0,False
969,pokemon,2,0.0,False
m190,move,1,0.0,False
m61,move,2,0.0,False
m60,move,2,0.0,False
a376,ability,1,0.0,False
i2326,item,3,0.0,False
i761,item,3,0.0,False
i760,item,4,0.0,False
m700,move,1,0.0,False
a6,ability,1,0.0,False
m978,move,2,0.0,False
m127,move,2,0.0,False
m223,move,1,0.0,False
m712,move,1,0.0,False
i1249,item,3,0.0,False
i845,item,1,0.0,False
a234,ability,1,0.0,False
66,pokemon,1,0.0,False
i1343,item,1,0.0,False
a385,ability,2,0.0,False
a396,ability,2,0.0,False
a186,ability,3,0.0,False
a295,ability,3,0.0,False
534,pokemon,1,0.0,False
538,pokemon,1,0.0,False
i2161,item,3,0.0,False
i82,item,1,0.0,False
i81,item,2,0.0,True
i2211,item,1,0.0,False
i650,item,2,0.0,True
i638,item,1,0.0,False
i606,item,2,0.0,True
i637,item,1,0.0,False
i1317,item,1,0.0,False
i1318,item,2,0.0,True
i620,item,1,0.0,False
i1666,item,1,0.0,False
i619,item,2,0.0,True
i618,item,1,0.0,False
i1508,item,1,0.0,False
i616,item,2,0.0,True
i617,item,1,0.0,False
i813,item,1,0.0,False
i613,item,1,0.0,False
i1552,item,1,0.0,False
i1551,item,2,0.0,True
i610,item,1,0.0,False
i1687,item,1,0.0,False
i2067,item,2,0.0,True
i609,item,1,0.0,False
i1092,item,1,0.0,False
i598,item,1,0.0,False
i2286,item,1,0.0,False
i2285,item,2,0.0,True
i597,item,1,0.0,False
i651,item,1,0.0,False
i1598,item,1,0.0,False
i712,item,1,0.0,False
i652,item,1,0.0,False
i2229,item,1,0.0,False
i987,item,2,0.0,True
i708,item,1,0.0,False
i2252,item,1,0.0,False
i707,item,1,0.0,False
i706,item,1,0.0,False
i1515,item,2,0.0,True
i705,item,1,0.0,False
i1363,item,1,0.0,False
i696,item,1,0.0,False
i820,item,1,0.0,False
i692,item,1,0.0,False
i1146,item,1,0.0,False
i687,item,1,0.0,False
i278,item,1,0.0,False
i686,item,1,0.0,False
i634,item,1,0.0,False
i685,item,1,0.0,False
i958,item,1,0.0,False
i684,item,2,0.0,True
i683,item,1,0.0,False
i1802,item,1,0.0,False
i661,item,2,0.0,True
i680,item,1,0.0,False
i1678,item,1,0.0,False
i155,item,1,0.0,False
i588,item,1,0.0,False
i1241,item,1,0.0,False
i1242,item,2,0.0,True
i544,item,1,0.0,False
i860,item,1,0.0,False
i541,item,1,0.0,False
i1026,item,1,0.0,False
i540,item,1,0.0,False
i1618,item,1,0.0,False
i526,item,1,0.0,False
i1771,item,1,0.0,False
i525,item,1,0.0,False
i2212,item,1,0.0,False
i524,item,2,0.0,True
i523,item,1,0.0,False
i1192,item,1,0.0,False
i522,item,1,0.0,False
i148,item,1,0.0,False
i519,item,1,0.0,False
i520,item,1,0.0,False
i2210,item,2,0.0,True
i517,item,1,0.0,False
i1937,item,1,0.0,False
i515,item,1,0.0,False
i397,item,1,0.0,False
i514,item,1,0.0,False
i513,item,1,0.0,False
i380,item,2,0.0,True
i1273,item,1,0.0,False
i545,item,1,0.0,False
i2269,item,1,0.0,False
i896,item,2,0.0,True
i575,item,1,0.0,False
i1413,item,1,0.0,False
i566,item,2,0.0,True
i565,item,1,0.0,False
i839,item,1,0.0,False
i564,item,1,0.0,False
i646,item,1,0.0,False
i563,item,1,0.0,False
i274,item,1,0.0,False
i561,item,1,0.0,False
i897,item,1,0.0,False
i560,item,1,0.0,False
i546,item,1,0.0,False
i699,item,1,0.0,False
i693,item,2,0.0,True
i554,item,1,0.0,False
i1692,item,1,0.0,False
i550,item,1,0.0,False
i737,item,1,0.0,False
i548,item,2,0.0,True
i549,item,1,0.0,False
i2264,item,1,0.0,False
i547,item,1,0.0,False
i1300,item,1,0.0,False
i710,item,1,0.0,False
i713,item,1,0.0,False
i83,item,1,0.0,False
i224,item,1,0.0,False
i2283,item,1,0.0,False
i888,item,1,0.0,False
i886,item,1,0.0,False
i283,item,2,0.0,True
i885,item,1,0.0,False
i1620,item,1,0.0,False
i884,item,1,0.0,False
i49,item,1,0.0,False
i883,item,1,0.0,False
i1359,item,1,0.0,False
i882,item,1,0.0,False
i992,item,1,0.0,False
i881,item,2,0.0,True
i880,item,1,0.0,False
i1820,item,1,0.0,False
i878,item,1,0.0,False
i1352,item,1,0.0,False
i1739,item,2,0.0,True
i877,item,1,0.0,False
i1649,item,1,0.0,False
i876,item,1,0.0,False
i928,item,1,0.0,False
i929,item,2,0.0,True
i855,item,1,0.0,False
i2128,item,1,0.0,False
i889,item,1,0.0,False
i894,item,1,0.0,False
i1438,item,2,0.0,True
i242,item,1,0.0,False
i922,item,1,0.0,False
i1624,item,1,0.0,False
i1625,item,2,0.0,True
i921,item,1,0.0,False
i1325,item,1,0.0,False
i918,item,1,0.0,False
i746,item,1,0.0,False
i916,item,1,0.0,False
i1250,item,1,0.0,False
i1063,item,2,0.0,True
i915,item,1,0.0,False
i1801,item,1,0.0,False
i914,item,1,0.0,False
i678,item,1,0.0,False
i911,item,1,0.0,False
i1016,item,1,0.0,False
i910,item,1,0.0,False
i551,item,1,0.0,False
i909,item,1,0.0,False
i1605,item,1,0.0,False
i906,item,2,0.0,True
i907,item,1,0.0,False
i2222,item,1,0.0,False
i198,item,2,0.0,True
i904,item,1,0.0,False
i848,item,1,0.0,False
i469,item,1,0.0,False
i794,item,1,0.0,False
i1270,item,1,0.0,False
i742,item,1,0.0,False
i329,item,1,0.0,False
i741,item,1,0.0,False
i2191,item,1,0.0,False
i732,item,2,0.0,True
i731,item,1,0.0,False
i1603,item,1,0.0,False
i728,item,2,0.0,True
i727,item,1,0.0,False
i2160,item,1,0.0,False
i726,item,1,0.0,False
i1634,item,1,0.0,False
i721,item,2,0.0,True
i722,item,1,0.0,False
i252,item,1,0.0,False
i720,item,1,0.0,False
i144,item,1,0.0,False
i719,item,1,0.0,False
i718,item,1,0.0,False
i717,item,1,0.0,False
i868,item,1,0.0,False
i715,item,1,0.0,False
i2335,item,1,0.0,False
i714,item,1,0.0,False
i1439,item,1,0.0,False
i608,item,1,0.0,False
i743,item,1,0.0,False
i666,item,1,0.0,False
i763,item,2,0.0,True
i1267,item,2,0.0,True
i788,item,1,0.0,False
i2086,item,1,0.0,False
i2085,item,2,0.0,True
i775,item,1,0.0,False
i110,item,1,0.0,False
i767,item,1,0.0,False
i766,item,1,0.0,False
i1469,item,2,0.0,True
i765,item,1,0.0,False
i1364,item,1,0.0,False
i762,item,1,0.0,False
i744,item,1,0.0,False
i759,item,1,0.0,False
i258,item,2,0.0,True
i758,item,1,0.0,False
i1824,item,1,0.0,False
i764,item,2,0.0,True
i756,item,1,0.0,False
i1287,item,1,0.0,False
i1288,item,2,0.0,True
i747,item,1,0.0,False
i745,item,1,0.0,False
i1262,item,2,0.0,True
i512,item,1,0.0,False
i1729,item,1,0.0,False
i511,item,1,0.0,False
i220,item,1,0.0,False
i212,item,1,0.0,False
i253,item,1,0.0,False
i209,item,1,0.0,False
i2225,item,1,0.0,False
i208,item,1,0.0,False
i78,item,1,0.0,False
i207,item,1,0.0,False
i534,item,1,0.0,False
i206,item,1,0.0,False
i700,item,1,0.0,False
i205,item,1,0.0,False
i1075,item,1,0.0,False
i1474,item,2,0.0,True
i204,item,1,0.0,False
i232,item,1,0.0,False
i203,item,2,0.0,True
i202,item,1,0.0,False
i1374,item,1,0.0,False
i201,item,1,0.0,False
i2206,item,1,0.0,False
i199,item,2,0.0,True
i200,item,1,0.0,False
i1783,item,1,0.0,False
i196,item,1,0.0,False
i239,item,1,0.0,False
i1094,item,1,0.0,False
i917,item,2,0.0,True
i2377,item,1,0.0,False
i1606,item,1,0.0,False
i709,item,1,0.0,False
i275,item,1,0.0,False
i527,item,1,0.0,False
i528,item,2,0.0,True
i267,item,1,0.0,False
i501,item,1,0.0,False
i266,item,1,0.0,False
i1057,item,1,0.0,False
i263,item,1,0.0,False
i1955,item,1,0.0,False
i261,item,1,0.0,False
i784,item,1,0.0,False
i260,item,2,0.0,True
i259,item,1,0.0,False
i464,item,1,0.0,False
i250,item,1,0.0,False
i809,item,1,0.0,False
i248,item,2,0.0,True
i247,item,1,0.0,False
i783,item,1,0.0,False
i235,item,1,0.0,False
i2320,item,1,0.0,False
i234,item,1,0.0,False
i2378,item,1,0.0,False
i221,item,1,0.0,False
i195,item,1,0.0,False
i2096,item,1,0.0,False
i194,item,1,0.0,False
i658,item,1,0.0,False
i160,item,1,0.0,False
i1807,item,1,0.0,False
i159,item,1,0.0,False
i932,item,1,0.0,False
i157,item,1,0.0,False
i1670,item,1,0.0,False
i1669,item,2,0.0,True
i152,item,1,0.0,False
i2347,item,1,0.0,False
i150,item,1,0.0,False
i502,item,1,0.0,False
i147,item,1,0.0,False
i1582,item,1,0.0,False
i146,item,1,0.0,False
i2026,item,1,0.0,False
i2025,item,2,0.0,True
i130,item,1,0.0,False
i437,item,1,0.0,False
i118,item,1,0.0,False
i984,item,1,0.0,False
i96,item,1,0.0,False
i2031,item,1,0.0,False
i2030,item,2,0.0,True
i92,item,1,0.0,False
i1128,item,1,0.0,False
i351,item,2,0.0,True
i161,item,1,0.0,False
i162,item,1,0.0,False
i900,item,1,0.0,False
i193,item,1,0.0,False
i1944,item,1,0.0,False
i192,item,1,0.0,False
i466,item,1,0.0,False
i191,item,2,0.0,True
i190,item,1,0.0,False
i1361,item,1,0.0,False
i189,item,1,0.0,False
i307,item,1,0.0,False
i188,item,2,0.0,True
i187,item,1,0.0,False
i186,item,1,0.0,False
i1707,item,1,0.0,False
i230,item,1,0.0,False
i185,item,1,0.0,False
i2270,item,1,0.0,False
i184,item,1,0.0,False
i79,item,1,0.0,False
i183,item,1,0.0,False
i1979,item,1,0.0,False
i182,item,1,0.0,False
i164,item,1,0.0,False
i2314,item,2,0.0,True
i163,item,1,0.0,False
i303,item,1,0.0,False
i2189,item,2,0.0,True
i2188,item,1,0.0,False
i509,item,1,0.0,False
i1327,item,1,0.0,False
i459,item,1,0.0,False
i456,item,1,0.0,False
i1032,item,2,0.0,True
i455,item,1,0.0,False
i2008,item,1,0.0,False
i453,item,1,0.0,False
i531,item,1,0.0,False
i507,item,2,0.0,True
i429,item,1,0.0,False
i1697,item,1,0.0,False
i426,item,1,0.0,False
i1951,item,1,0.0,False
i425,item,1,0.0,False
i2039,item,1,0.0,False
i424,item,1,0.0,False
i2376,item,1,0.0,False
i420,item,2,0.0,True
i421,item,1,0.0,False
i1167,item,1,0.0,False
i403,item,1,0.0,False
i402,item,1,0.0,False
i401,item,1,0.0,False
i927,item,1,0.0,False
i1754,item,2,0.0,True
i462,item,1,0.0,False
i1159,item,2,0.0,True
i1160,item,1,0.0,False
i957,item,2,0.0,True
i510,item,1,0.0,False
i151,item,1,0.0,False
i508,item,1,0.0,False
i1838,item,1,0.0,False
i505,item,1,0.0,False
i504,item,1,0.0,False
i733,item,1,0.0,False
i503,item,1,0.0,False
i1104,item,1,0.0,False
i499,item,1,0.0,False
i486,item,1,0.0,False
i485,item,1,0.0,False
i463,item,1,0.0,False
i1188,item,1,0.0,False
i484,item,1,0.0,False
i483,item,1,0.0,False
i2028,item,2,0.0,True
i482,item,1,0.0,False
i1913,item,1,0.0,False
i481,item,1,0.0,False
i1071,item,1,0.0,False
i1064,item,2,0.0,True
i480,item,1,0.0,False
i1425,item,1,0.0,False
i396,item,1,0.0,False
i516,item,2,0.0,True
i308,item,1,0.0,False
i395,item,1,0.0,False
i802,item,1,0.0,False
i360,item,1,0.0,False
i233,item,1,0.0,False
i359,item,1,0.0,False
i971,item,1,0.0,False
i358,item,1,0.0,False
i689,item,1,0.0,False
i690,item,2,0.0,True
i344,item,1,0.0,False
i2060,item,1,0.0,False
i2061,item,2,0.0,True
i334,item,1,0.0,False
i1926,item,1,0.0,False
i1927,item,2,0.0,True
i331,item,1,0.0,False
i328,item,1,0.0,False
i2041,item,2,0.0,True
i327,item,1,0.0,False
i2010,item,1,0.0,False
i312,item,1,0.0,False
i1654,item,1,0.0,False
i311,item,2,0.0,True
i310,item,1,0.0,False
i805,item,1,0.0,False
i309,item,2,0.0,True
i362,item,1,0.0,False
i1452,item,1,0.0,False
i364,item,1,0.0,False
i381,item,2,0.0,True
i300,item,1,0.0,False
i389,item,1,0.0,False
i2097,item,1,0.0,False
i388,item,1,0.0,False
i2125,item,1,0.0,False
i387,item,1,0.0,False
i895,item,1,0.0,False
i386,item,1,0.0,False
i1033,item,1,0.0,False
i385,item,1,0.0,False
i2157,item,1,0.0,False
i382,item,1,0.0,False
i1488,item,1,0.0,False
i530,item,1,0.0,False
i372,item,1,0.0,False
i371,item,1,0.0,False
i87,item,2,0.0,True
i370,item,1,0.0,False
i126,item,1,0.0,False
i368,item,1,0.0,False
i2150,item,1,0.0,False
i367,item,1,0.0,False
i583,item,1,0.0,False
i365,item,1,0.0,False
m1188,move,1,0.0,False
