track,recording,medium,position,number,name,length,is_data_track
id-12441221,id-13601446,id-1178773,4,4,Silencio,165000.0,f
rec-12288939-dup-0,id-13515966,id-1167716,15,15,Locomotove,143000.0,f
id-3157571,id-3811252,id-937809,1,1,Carnival,82093.0,f
rec-7295050-dup-1,id-8616568,id-998978,7,7,Un ángel 1lora,257000.0,f
rec-5008051-dup-0,id-6144217,id-184872,4,4,Stringj Breath,313186.0,f
rec-12288939-dup-1,id-13515966,id-1167716,15,15,Locomot'lve,143000.0,f
id-15921017,id-13842502,id-1425452,3,3,Banished,188800.0,f
rec-24446611-dup-0,id-21975463,id-2247182,3,3,Brinv Em Out,205547.0,f
id-15114815,id-15087009,id-1349855,10,10,Farándula,122453.0,f
id-3194840,id-3855577,id-459631,3,3,It Should Be Easier Now,138333.0,f
id-11220779,id-12790809,id-1085042,1,1,Intro,24000.0,f
id-17837666,id-17186325,id-1611486,3,3,Leyendas de un desconocido,,f
id-9872047,id-11385969,id-843171,8,8,Intermission,54000.0,f
id-12181081,id-13461830,id-1161755,18,18,Its Up to You Lizzy,160000.0,f
rec-34277515-dup-0,id-29114006,id-3259628,9,9,I Heard It Through tbe Grapevine,293400.0,f
rec-35849685-dup-0,id-30258477,id-3437210,8,8,Te Postman Chapter 1 Part 28,314514.0,f
id-8597691,id-10025550,id-851413,10,10,El pequeño Brooklyn,,f
rec-1725136-dup-0,rec-2049071-dup-0,id-36504,19,19,siience,8946.0,f
id-34305577,id-29136197,id-3262774,15,15,All Machines Are Quiet Andre Obin Remix,197760.0,f
id-3344000,id-4041873,id-947553,1,1,Good Sign album version,183666.0,f
rec-6235988-dup-0,id-7478465,id-393411,3,3,Su1>terrestrial,194000.0,f
rec-38650558-dup-1,id-32254209,id-3764147,16,16,Bookie,187600.0,f
id-10635752,id-12233210,id-840001,8,8,Thelonious Monk introduction,21000.0,f
id-7332310,id-8656967,id-463870,8,8,Majesty,463986.0,f
id-7252621,id-8571665,id-453689,4,4,Hundred Feet So Inagawa remix,355000.0,f
rec-9715043-dup-0,id-11215151,rec-710611-dup-0,1,A,All You Pretty Girlz,222000.0,f
rec-9715043-dup-1,id-11215151,rec-710611-dup-0,1,A,All You Prerty Girls,222000.0,f
id-1187058,id-1405511,id-958221,7,7,What Is Dub,276000.0,f
id-2305340,id-2755755,id-962424,10,10,Mama Im Coming Home,286333.0,f
id-2496611,id-2994717,id-21137,11,11,Scientists Playing God,268600.0,f
id-13051135,id-13878394,id-1210147,19,19,I Know,224000.0,f
id-8020861,id-9398314,id-544213,1,1,New York Airport original mix,537000.0,f
rec-1884753-dup-1,rec-2246478-dup-0,id-423339,1,1,Te Meaning of Life,180733.0,f
rec-1884753-dup-0,rec-2246478-dup-0,id-423339,1,1,The Meaning of Lif,180733.0,f
id-16564664,id-16188793,id-1486566,21,21,Gone But Not Vergotten,205426.0,f
id-39767535,id-33044853,id-3903642,5,5,Rusted Laundry,146000.0,f
id-7738662,id-9097613,id-511254,6,6,Ghosts of Mosman,,f
id-11665607,id-13140513,id-1123978,4,4,Medley CorazaArmay ChischiChanga,283200.0,f
id-9451152,id-10933586,id-688817,76,76,Primetime n alternative version,6000.0,f
id-12660523,id-13692611,id-1190663,2,2,Ibiil,295000.0,f
id-18692357,id-17799319,id-1692621,3,3,Lady Ocean,261307.0,f
id-1708226,id-2024974,id-784535,14,14,Suite No 2 in D minor BWV 1008 VII Gigue,185600.0,f
id-10277500,id-11839473,id-776294,2,2,Hallo liebe Oma,181000.0,f
id-13521846,id-7690886,id-1241035,14,14,Cai no samba,211013.0,f
id-12444215,id-13404860,id-1154644,14,14,Rain Falls,,f
id-18742927,id-17837114,id-1697118,2,2,Open Road,241000.0,f
id-8391654,id-9803182,id-588222,11,11,Therapy Room,318000.0,f
id-30706729,id-26563016,id-2871174,4,4,Single Single,370100.0,f
id-27531007,id-24223963,id-2553036,30,30,Gebet im Garten  Markus 1432  50,,f
id-12125296,id-13424863,id-1156998,7,7,Barefoot Over Nails,337000.0,f
id-6585809,id-7858220,id-370040,3,3,Lost in Obscurity,756506.0,f
id-9021040,id-10475468,id-647967,7,7,Hey There,165973.0,f
id-8289776,id-9693289,id-576712,9,9,Dou frougst de Oma,295600.0,f
id-3527469,id-4276134,id-721921,11,11,Prolicane,211053.0,f
id-14247564,id-14614304,id-1291649,12,12,The Last Inn,337000.0,f
id-11352245,id-12910331,id-1098355,2,2,オリンピック,174066.0,f
id-9034767,id-10489961,id-649629,2,2,Ohuella langalla,230000.0,f
id-7600399,id-8948431,id-494729,5,5,Blind,346093.0,f
rec-1654033-dup-1,id-1953225,rec-1036324-dup-2,12,12,Tat Evil Child,235640.0,f
rec-8365729-dup-0,rec-9775514-dup-0,id-1027176,2,2,Young Defil,225000.0,f
id-4110785,id-5030981,id-838810,7,7,New World Man,264640.0,f
rec-8939507-dup-0,id-10386753,id-639830,1,A,Barial,247000.0,f
id-992978,id-1160234,id-886744,12,12,Heden,300333.0,f
id-3134089,id-3781143,id-1021789,10,10,I By Twilight,269733.0,f
rec-5680190-dup-0,rec-6881096-dup-0,rec-219117-dup-0,4,4,El médico del miwdo,233466.0,f
rec-14468159-dup-1,id-14749513,id-1307944,2,2,O Jogo Não Valru,257000.0,f
id-4276153,id-5263562,id-97619,7,7,Magnetic Anamoly,344613.0,f
id-7102246,id-8413398,id-436318,4,4,מקימי,305693.0,f
rec-10363509-dup-1,id-11935184,id-785400,1,1,Ich atme ein ich atme aus,254000.0,f
id-3195481,id-3856529,id-973670,24,24,Automobiles,140346.0,f
id-7410711,id-8742363,id-472962,16,16,Sissi 2008,124000.0,f
rec-12260481-dup-0,id-13505059,id-1166786,30,30,Breezibg Along,30000.0,f
id-3826449,id-4654072,id-963469,5,5,Make a List Make a Wish,588600.0,f
id-5222806,id-6381733,id-210552,1,1,Under the Capricorn Sky Part I,440000.0,f
id-13736959,id-14275803,id-1256226,2,2,How Many Infants Died In The Dryer,154947.0,f
rec-9475106-dup-1,id-10957859,id-690675,32,32,Satcg,29000.0,f
id-8898858,id-10343614,id-634909,4,4,Starblazer,427986.0,f
id-22401078,id-12611146,id-2045752,15,15,Settings,199575.0,f
id-4972906,id-6104994,id-991023,3,3,Profusion of Detail,269000.0,f
id-1292648,id-1526514,id-890609,4,4,Backyard Jam,267786.0,f
id-12783187,id-11451440,id-738145,7,7,Engorement of Stillborn Corpses,163000.0,f
id-27531624,id-24224335,id-2553098,5,5,Boing Boom Tschak  Techno Pop  Musique Non Stop,639000.0,f
id-336180,id-391960,id-28723,4,4,You Dont Have to Tell Me Now,224600.0,f
id-13179806,id-8881793,id-1035011,4,4,Positively 4th Street,463000.0,f
id-35102327,id-29722374,id-3354426,8,B3,Bare Necessities,193000.0,f
id-2592982,id-3111586,id-559365,8,8,Nonsense,148000.0,f
id-6818078,id-8105201,id-400771,2,2,Get Up,262000.0,f
id-473661,id-545022,id-278782,22,22,silence,3000.0,f
id-7659503,id-9012447,id-501932,13,13,Strings of Grass,276626.0,f
id-3581591,id-4346796,id-53310,3,3,Chapter 1101,1004333.0,f
id-5724509,id-6927682,id-1006504,2,2,Breed,,f
rec-8770654-dup-1,id-10205278,id-620661,16,16,Evolving Worlds 60 second veesion,60000.0,f
id-2608314,id-3129925,id-1038714,8,8,Ill Give You a Ring,122013.0,f
id-9471686,id-10954428,id-690582,27,27,In the Hood,82000.0,f
id-359154,id-414736,id-27921,9,9,Focus on Sanity,733666.0,f
rec-12209806-dup-0,rec-9757978-dup-2,rec-583731-dup-0,12,12,Arriue,250640.0,f
rec-6874357-dup-1,id-8167173,rec-407763-dup-0,8,8,F8nn,137000.0,f
id-875286,id-1013127,id-885342,2,2,Chan Balum Jaguar Serpiente,276293.0,f
rec-6874357-dup-2,id-8167173,rec-407763-dup-0,8,8,Finm,137000.0,f
rec-4547030-dup-0,rec-5618952-dup-0,id-126329,12,12,Dav No Wealth,307560.0,f
rec-4547030-dup-1,rec-5618952-dup-0,id-126329,12,12,Daf No Wealt,307560.0,f
id-3266993,id-719477,id-688039,5,5,Near the Black Forest,285373.0,f
rec-4297790-dup-2,id-5291267,id-99440,13,13,Empirr of Crime,121000.0,f
id-8786553,id-10221344,id-621099,9,9,Tell Me Why,331240.0,f
id-32715280,id-27980299,id-3088992,84,84,Herzblut 84,339000.0,f
id-897098,id-1047084,id-184224,2,2,Crossed Wires,186933.0,f
id-13200082,id-1513064,id-252507,16,16,Token Tango Bonus Level,75000.0,f
id-11296845,id-12834091,id-1092804,2,A2,Will Do,243000.0,f
id-10361972,id-3179200,id-785240,10,10,Balanbalançoire,157160.0,f
id-14832666,id-14934957,id-1332404,3,3,Wo war ich stehengeblieben,547000.0,f
rec-3438096-dup-0,id-592573,id-955184,7,7,Notbing,274306.0,f
id-6581494,id-7853763,id-369537,22,22,Version,218000.0,f
rec-38650558-dup-2,id-32254209,id-3764147,16,16,Boogle,187600.0,f
id-4640735,id-5726612,id-807737,15,15,I Live in a Car,79893.0,f
id-6156853,id-7393859,id-317078,2,2,Makes Visible,279333.0,f
rec-9718461-dup-0,id-11219281,id-711067,4,4,Fápula,151000.0,f
id-26242642,id-23271280,id-2428245,5,5,Bruhmilda,183147.0,f
id-14430150,id-8803023,id-479464,4,A4,Korallen,191320.0,f
id-10295127,id-11859347,id-777379,6,6,untitled,606440.0,f
id-18712672,id-17814616,id-1694514,7,7,Noites sem luar,209426.0,f
id-10801174,id-12422067,id-836769,8,8,Badda Than Ninja,233720.0,f
id-37677265,id-31558096,id-3650994,3,A3,Its Alright,331000.0,f
id-23073382,id-20980520,id-2110927,3,3,Even Megan Fox Looks Better on Myspace,,f
id-6158056,id-7395197,id-317183,7,7,Remedy Child,296760.0,f
id-24476905,id-21995912,id-2249965,3,3,Hurdy Gurdy Man,374000.0,f
rec-5681073-dup-0,id-6881970,id-262445,8,8,The Longest Dau  Part IV Depression,416400.0,f
id-2926104,id-3521060,id-27164,8,8,Touch My Light,280933.0,f
rec-4525377-dup-1,id-5593787,id-123320,2,2,Awake and Nervius,511906.0,f
id-28232400,id-24764518,id-2622570,6,6,Sand Orchestra,54496.0,f
id-27605894,id-24281202,id-2560649,15,15,The Terrifying Velvet Room 3rd Chapter,76000.0,f
id-10232939,id-11790446,id-771128,9,9,Film,119000.0,f
id-28224671,id-24758428,id-2621740,10,10,Secular World,252000.0,f
id-10184577,id-11736161,id-764949,15,15,So I Sayed You Die,218000.0,f
rec-11593194-dup-0,id-11095075,id-697527,14,14,Big Chase,123000.0,f
rec-18689506-dup-1,id-17797371,id-1692335,1,1,Tine,220850.0,f
rec-18689506-dup-0,id-17797371,id-1692335,1,1,Tim,220850.0,f
id-8447454,id-9863041,id-844006,1,1,Its Time,403000.0,f
id-8651123,id-10080783,id-611169,16,16,Mother Fist,265000.0,f
rec-767599-dup-1,id-871069,id-886878,7,7,Hunger Sdrike,78493.0,f
id-7106250,id-8417671,id-436823,9,9,Congratulations,149000.0,f
rec-767599-dup-2,id-871069,id-886878,7,7,Hunger Stnke,78493.0,f
id-8765534,id-10200199,id-620430,6,6,Carumba,60000.0,f
id-30700009,id-26557842,id-2870565,6,6,You Should Know,156000.0,f
id-1010301,id-1180089,id-174774,9,9,Revolution Come and Gone,256560.0,f
rec-8678959-dup-0,id-10108993,id-612521,103,103,Globai Market Ee,12000.0,f
rec-8678959-dup-2,id-10108993,id-612521,103,103,Global Marke6 Ee,12000.0,f
rec-14038920-dup-2,id-14471023,id-1277115,8,8,Poloytsian Dances,503000.0,f
id-10793,id-19649,id-342960,2,2,Overflow,283253.0,f
id-10900064,id-12645300,id-1053759,15,15,Chanson pour ma ville,142000.0,f
rec-7159054-dup-2,rec-8470280-dup-0,id-442552,2,2,S0y Peñero,164373.0,f
rec-13378411-dup-0,id-10661067,rec-668173-dup-0,10,10,Ijl Be Here,251000.0,f
rec-15228933-dup-0,id-12575563,id-1360307,7,7,TSUBASA,298000.0,f
id-9392398,id-10870646,id-683741,47,47,Happy Go full mix,15000.0,f
rec-2230935-dup-0,id-2665759,id-920667,14,14,Seems ws If,224066.0,f
rec-15310823-dup-2,id-15236858,rec-1368229-dup-0,5,5,Gemini Concerto V Vinna Polytonal Polka and Wiener Wein Waltz,389000.0,f
id-11613929,id-8675977,id-465907,9,9,¡Ay amor,185000.0,f
rec-30655623-dup-0,id-26523254,id-2865583,4,4,Symphonv no 2 – Allegro non troppo,887000.0,f
id-10646824,id-12245581,id-814943,2,A2,Deep,,f
rec-4906243-dup-1,id-6029120,id-902470,4,4,Incantatiins,203000.0,f
rec-6659011-dup-2,id-7936564,id-378572,7,7,Ce qui trouble les hommes se ne sont pas les choses mais,46546.0,f
id-38702863,id-32290653,id-3770685,8,8,A Sick and Abandoned Heart,68490.0,f
rec-12795962-dup-0,rec-1030421-dup-0,id-1197767,7,B2,The Hardest Tim3,192000.0,f
id-12216093,id-4063832,id-895681,4,4,Whiskey and Wimmen,162626.0,f
rec-9475106-dup-0,id-10957859,id-690675,32,32,Satkh,29000.0,f
id-2939564,id-3536999,id-484071,8,8,Chitty Chitty Bang Bang 3,71493.0,f
id-12686924,id-13704556,id-1191974,3,3,Part I  Bones and Thrones  Chapter 02,1204924.0,f
rec-7682389-dup-0,id-9036714,id-504719,10,10,One For Dqllas,183053.0,f
rec-7682389-dup-1,id-9036714,id-504719,10,10,One Foah Dallas,183053.0,f
id-620647,id-695760,id-4382,4,4,Lazybones,186400.0,f
id-6906364,id-8202718,id-1024813,5,5,Promote Your Scherbenhaufen,93000.0,f
rec-8309085-dup-0,rec-9714719-dup-0,rec-579039-dup-2,13,13,Sie kann wunterbar lächeln,167000.0,f
rec-3000456-dup-0,id-700892,id-169812,3,3,God Is God God Zillz mix,313933.0,f
id-13952975,id-14417950,id-1271063,2,2,Hän lähtee tanssiin,225000.0,f
id-13310347,id-2182561,id-463972,8,8,Wake Up Dead,200800.0,f
rec-10344385-dup-0,id-11914377,id-792792,13,13,La Fifuereta,136000.0,f
id-1569509,id-1853774,id-662531,6,B2,Right Side of the Wall,183520.0,f
id-2922555,id-3516806,id-183476,8,8,Du kannst mir mal ein kleines bißchen treu sein,152093.0,f
rec-7709855-dup-1,rec-9067191-dup-1,id-507900,11,11,Scene 27  intro to the voice behind the wal|paper trellick tower 3am,281866.0,f
rec-12738060-dup-0,id-8450239,id-440217,1,A,The Big Blaclc Plastic Explosion Its Alright Its Alright Dance Mix,,f
id-6868939,id-8161303,id-407147,1,1,Niño 0,98000.0,f
id-1697648,id-2010293,id-81668,1,1,Ho Ka Hey,247800.0,f
id-841343,id-957380,id-11395,8,8,Bad Popcorn,223973.0,f
id-3728343,id-4529462,id-916996,11,11,Im the King,,f
id-2605291,id-3126250,id-17866,5,5,Gone,207306.0,f
id-3238419,id-3909672,id-894938,14,14,Rain,226720.0,f
rec-5800600-dup-0,id-7009856,id-915908,12,12,Loose Str8ng,228000.0,f
id-9524102,id-11009510,id-694512,43,43,Train to Tijuana,30000.0,f
rec-4289379-dup-2,rec-5280314-dup-0,id-98550,4,4,白線～スタートライン jnstrumental,298000.0,f
rec-14971740-dup-1,rec-14984300-dup-0,id-1336530,1,1,Colorst,,f
rec-14971740-dup-0,rec-14984300-dup-0,id-1336530,1,1,Col0rs,,f
rec-14971740-dup-2,rec-14984300-dup-0,id-1336530,1,1,Col9rs,,f
rec-8011500-dup-2,rec-9388499-dup-0,rec-542998-dup-0,8,8,Zillertaler Hochzitsmarsch,199000.0,f
id-27560629,id-24246711,id-2556029,6,6,Vibe to Vibe,335100.0,f
id-13041535,id-3368204,id-930439,2,2,Page,239960.0,f
id-4423935,id-5453130,id-111169,2,2,zombie disco,141000.0,f
id-11852348,id-13256695,id-1137187,5,5,Minuet in Am,59293.0,f
id-12389375,id-3868403,id-499548,13,13,Excuses,351506.0,f
id-5709659,id-6911981,id-265424,10,10,What Am I Living For,175000.0,f
id-11006206,id-12608314,id-1064768,25,25,I Done Done It,154000.0,f
id-9400542,id-10879020,id-684236,5,5,12b,250000.0,f
rec-1292648-dup-0,id-1526514,id-890609,4,4,Backyaahd Jam,267786.0,f
id-8704892,id-10136499,id-614902,29,29,I Do Like to Be Beside the Seaside 1,115000.0,f
id-39746281,id-33029487,id-3900720,7,7,Lobster Quadrille,164000.0,f
id-6721897,id-7985566,id-393844,6,6,Its the Only One Youve Got,263906.0,f
id-13440253,id-14102531,id-1236235,76,76,silence,4000.0,f
rec-5801253-dup-0,id-7010667,rec-277194-dup-0,5,5,Thiz Time,242706.0,f
rec-4826847-dup-0,id-5938247,id-899778,9,9,Si de contara,217733.0,f
id-12956168,id-13823443,id-1206232,3,3,Everything Is Broken,289320.0,f
id-11756375,id-13195787,id-1130018,1,1,Brownskin Mama,110000.0,f
id-3231629,id-3901192,id-54934,8,8,Lil Jon Interview,22426.0,f
id-9477716,id-10960443,id-690745,28,28,Fiesta,134000.0,f
id-12602223,id-13668126,id-1187725,4,4,Autrement quetre,296000.0,f
id-2714792,id-3260130,id-505979,1,1,Feeling Snakey,331306.0,f
id-12561373,id-13642614,id-1185635,15,15,Nobrand Heroes,235666.0,f
rec-3484435-dup-0,id-4222655,id-49146,11,11,Oceari,228120.0,f
rec-5411624-dup-0,rec-6589713-dup-0,rec-230903-dup-0,11,11,Te Tracks of My Tears live,241000.0,f
id-217746,id-262927,id-988749,9,9,The Boogie Man,208226.0,f
id-24542250,id-14868413,id-2256046,10,10,Schäfers Abendlied,166000.0,f
id-2648981,id-3179198,id-1021166,21,21,Vole haut,133866.0,f
rec-5411624-dup-1,rec-6589713-dup-1,rec-230903-dup-0,11,11,The Tracks 0f My Tears live,241000.0,f
id-17728513,id-17104652,id-1601375,2,2,Satu Jiwa,326000.0,f
id-5708923,id-6911209,id-265344,6,6,Glorify the Lord,168000.0,f
id-4114230,id-5035436,id-84163,1,1,Beneath the Skin chamber mix,275000.0,f
id-30674278,id-26537634,id-2867820,4,4,Bodya Sporttia Tsemppistä,,f
rec-5411624-dup-2,rec-6589713-dup-0,rec-230903-dup-0,11,11,The Tracks of My Tearw live,241000.0,f
id-12773390,id-13750384,id-1196756,9,9,Ballu Lestru,233000.0,f
id-12704202,id-13722426,id-1193405,5,5,The Day My Body Vaporized,84000.0,f
id-1226117,id-1450354,id-732391,4,4,Madre dolcissima,437600.0,f
rec-1670535-dup-0,rec-1974828-dup-0,id-310428,10,10,No Saf3 Place,310680.0,f
id-12313770,id-2152919,id-111867,20,20,Twenty,142933.0,f
id-28180853,id-24723181,id-2617120,7,7,Witchcraft,196000.0,f
id-9278908,id-10750652,id-674875,3,3,Seasons,358000.0,f
id-5188942,id-6342835,id-874792,9,9,Resurrection,471000.0,f
rec-9123084-dup-2,id-10585204,id-660060,3,3,Tin papa,177000.0,f
rec-9123084-dup-0,id-10585204,id-660060,3,3,Ton papa,177000.0,f
rec-12798107-dup-0,id-9054396,rec-506685-dup-2,1,A1,Galandi,,f
rec-7715367-dup-1,id-9073473,rec-787278-dup-0,8,8,The So7nd of San Francisco short Progressive mix,218000.0,f
id-9810693,id-11318922,id-723304,7,7,Speak to the Sky,171813.0,f
id-15408931,id-15311663,id-1377816,7,7,Fine and Mellow,314000.0,f
id-6972717,id-8274276,id-780966,2,2,Heat of the Night,356000.0,f
id-3858138,id-4694639,id-411394,4,4,Bacchanal Time,388906.0,f
rec-7979378-dup-0,id-9354232,rec-1041385-dup-1,4,4,Batge,420000.0,f
rec-9352922-dup-1,rec-10829698-dup-1,rec-868838-dup-0,7,7,Rzuć zą Johny,92000.0,f
rec-7979378-dup-2,id-9354232,rec-1041385-dup-1,4,4,Baclge,420000.0,f
id-1328193,id-1568419,id-877208,27,27,Hangin Out 1988 energy demos,78826.0,f
id-3529157,id-4278698,id-910708,9,9,Shotgun Kiss live,263000.0,f
id-12977624,id-13835149,id-1207458,35,35,A Long Time Ago main,61000.0,f
id-3137765,id-3786440,id-937392,4,4,Kelly Grand Forks,209320.0,f
id-9827819,id-11337889,id-839120,13,13,Goodnight Now,,f
id-4208018,id-5173309,id-973441,8,8,Los dos contra mí,229133.0,f
id-7363890,id-8692017,id-467794,1,1,V,355346.0,f
id-5102645,id-6249327,id-688890,1,1,All Dressed Up,219640.0,f
rec-4406235-dup-0,id-5429711,id-1121546,2,2,ride,329066.0,f
rec-7225120-dup-0,id-8541815,id-900291,19,19,Dagoloah System,108040.0,f
id-5195318,id-6349737,id-207402,4,4,If I Could Move Mountains  Majesty and Awe,461000.0,f
id-3524871,id-4272718,id-953456,8,8,Bad Ass Beat,177053.0,f
id-1670535,id-1974828,id-310428,10,10,No Safe Place,310680.0,f
id-13162419,id-13944318,id-1217984,2,2,Voices,199000.0,f
id-7579522,id-8925608,id-492311,12,12,Is That the Way You Look,95506.0,f
id-8201547,id-9596159,id-565381,14,14,Soundtrack of Entertainment,151000.0,f
rec-3266324-dup-1,id-3944173,id-693305,5,5,The Eecsquisite Flavor of GastroAnal Tripe,174426.0,f
id-32660205,id-27942497,id-3082921,5,5,Clouds,196000.0,f
id-2953729,id-3554723,id-239533,12,12,Åt samma håll,,f
id-37696336,id-31570903,id-3653272,6,6,Which Way to Turn,206000.0,f
rec-25363348-dup-0,rec-22625236-dup-1,rec-2337838-dup-0,11,11,Sekond Fiddle,139000.0,f
id-11181631,id-12756096,id-1080881,2,2,Blue Lester,203000.0,f
rec-2843080-dup-0,id-9350,rec-1008312-dup-0,1,1,Candle in the Winc,229000.0,f
rec-9123084-dup-1,id-10585204,id-660060,3,3,Tori papa,177000.0,f
rec-6814326-dup-0,id-8101154,id-400291,2,2,Bessere Zeuten,174720.0,f
id-3742460,id-4548046,id-186203,12,12,Erins Green Shore,253000.0,f
id-23022678,id-20943814,id-2106101,74,74,Zweiter Teil „Die gewundene Straße Kapitel 18 „Der Fuchshandel Teil 1,470000.0,f
id-12813314,id-8093129,id-399511,1,A,The Crystal Cat,228000.0,f
id-11223487,id-12685426,id-1085189,7,7,Radioactive extended edit,283000.0,f
id-3934391,id-4793090,id-69689,5,5,Here I Go Again,,f
id-13816407,id-11231541,id-712503,3,THIS SIDE 3,You Wont Let Me Down,280000.0,f
id-4919713,id-6043922,id-174159,12,12,Gan jau,216000.0,f
rec-32671973-dup-1,id-27950291,id-3084225,11,11,Giraffe Hynt,694736.0,f
id-12085317,id-13403296,id-1154430,4,4,Tandeta w modzie,152293.0,f
rec-28179939-dup-1,rec-24722471-dup-1,id-2617000,4,4,The Posie  Scoytish Brawl,330000.0,f
id-9775234,id-11281031,id-718670,8,8,Pod oblakom,253000.0,f
id-7929976,id-9301253,id-533578,6,6,Sonnet 46,115866.0,f
id-9484108,id-10967291,id-690897,11,11,Technotrance,374000.0,f
rec-1852160-dup-1,id-2207324,id-13998,6,6,Sotom  Begorra,216266.0,f
id-3041429,id-3664526,id-954027,7,7,Trace2house,318106.0,f
rec-12390966-dup-0,rec-13574455-dup-0,id-1174902,2,2,Its Over nix,529760.0,f
rec-2973421-dup-0,rec-3579512-dup-0,id-286036,1,1,Wining Machine,181000.0,f
id-9352922,id-10829698,id-868838,7,7,Rzuć ją Johny,92000.0,f
id-5520696,id-6708283,id-1213707,10,10,My Word My Way,54560.0,f
id-9352846,id-10687847,id-681114,3,3,Work It Out,168000.0,f
rec-2357211-dup-2,id-2818405,id-384788,7,7,Ran Away to the Top of the Worlt Today,398266.0,f
id-13786240,id-14305307,id-1259426,20,20,One・Two・Three  The 摩天楼ショー 15秒30秒スポット,,f
rec-4093210-dup-1,id-5005582,id-192337,1,1,Fun Kdy,459560.0,f
id-600299,id-674525,id-879445,10,10,Tank,248600.0,f
id-30655623,id-26523254,id-2865583,4,4,Symphony no 2 – Allegro non troppo,887000.0,f
id-16820816,id-16376421,id-1511178,12,12,Cheers to Us,190000.0,f
rec-12350653-dup-1,rec-11454715-dup-0,rec-738554-dup-0,17,17,Zor katin,228626.0,f
id-5411624,id-6589713,id-230903,11,11,The Tracks of My Tears live,241000.0,f
rec-473544-dup-0,rec-544783-dup-0,id-263106,11,11,Uneasy Doss It,250013.0,f
id-13613834,id-14202069,id-1247704,8,8,Push remix,248446.0,f
id-11377317,id-8521856,id-1100779,2,2,給我一首歌的時間,252000.0,f
id-13033838,id-13792874,id-1209869,16,16,Rock Head Man,152000.0,f
id-9635115,id-11128199,id-701126,9,9,Chapter 19,315666.0,f
rec-3418991-dup-1,id-4137482,rec-963597-dup-0,4,4,Keep It To9ether,,f
id-18831299,id-859579,id-1705584,6,B1,Where Are They Now,250827.0,f
id-5356853,id-6528869,id-996067,4,4,Wish I Never Knew You,207000.0,f
id-4666198,id-5754622,id-687243,25,25,Busy Signal,186720.0,f
id-11625783,id-2211056,id-1120921,10,B5,Le Cimetière des éléphants version Los Angeles,242026.0,f
id-10123375,id-11669161,id-757555,6,6,Love Is Everywhere Garage mix,358000.0,f
id-11236617,id-12804160,id-1086567,12,12,Der Samihas und der Brummklaus,446000.0,f
id-30719358,id-26571124,id-2872488,8,8,Our Last Meeting,65985.0,f
rec-32659847-dup-1,id-3289644,id-3082877,38,38,Up to the Wilclstyle radio edit,236000.0,f
id-9883190,id-11397721,id-732294,10,10,Mörker,,f
rec-28209871-dup-2,id-24746461,rec-2620238-dup-0,1,A1,Sound of Happineas,176000.0,f
rec-8383130-dup-1,id-9794261,rec-587169-dup-0,4,4,Imi plase dati drumu,198373.0,f
rec-8383130-dup-0,id-9794261,rec-587169-dup-0,4,4,Imi pjace dati drumu,198373.0,f
rec-24390037-dup-2,id-21933836,id-2241433,12,12,Itst a Shame,206693.0,f
id-4855034,id-11746328,id-165828,3,3,יד ענוגה,324000.0,f
rec-24390037-dup-0,id-21933836,id-2241433,12,12,Itz a Shame,206693.0,f
id-10122233,id-11667893,id-757414,9,9,Creation,197000.0,f
rec-23072234-dup-2,id-8429833,rec-2110826-dup-0,7,7,Next Yeaah In Zion,,f
id-13716178,id-14262882,id-1254759,16,16,My New Best Friend,148000.0,f
id-15904464,id-15688087,id-1423980,4,4,4Jan,176000.0,f
id-12501628,id-13630012,id-1182618,19,19,Falling Away Armin van Buuren remix,,f
rec-2456497-dup-1,id-2944254,id-41996,7,7,Hip Hop Be B0p Dont Stop,183200.0,f
id-24386042,id-21930592,id-2241075,3,3,Make Up Your Mind,196173.0,f
id-5162253,id-6313783,id-207139,2,2,La Vie dartiste,190000.0,f
rec-24460299-dup-0,id-170321,rec-2248504-dup-0,10,B4,Secretz,200026.0,f
id-10698928,id-12304686,id-822037,2,2,Undying,365000.0,f
id-4499981,id-5561137,id-119668,3,3,Blackdot,235666.0,f
id-8828131,id-10265882,id-626489,2,2,Anta,322906.0,f
rec-3729056-dup-0,id-4530250,rec-960850-dup-1,13,13,Cocovunkanut,271933.0,f
id-9845142,id-11357176,id-841054,14,14,silence,4120.0,f
id-12830547,id-5106657,id-88172,9,9,Devri Alem İstanbul Türküsü Katip,304440.0,f
id-877901,id-1017425,id-885141,20,20,Writing Session,172214.0,f
id-14455171,id-14742557,id-1307099,13,13,Dixit Dominus RV 594 Psalm 109 for soli 2 choirs and 2 orchestras IV Tecum principium,146000.0,f
id-7159054,id-8470280,id-442552,2,2,Soy Peñero,164373.0,f
id-24417436,id-21953741,id-2244207,9,9,Picture In Picture,773000.0,f
rec-2493053-dup-0,id-2990350,id-364160,10,10,Only Woman DJ With Degri,208494.0,f
rec-8932539-dup-0,rec-10379205-dup-0,id-638827,20,20,The 2rid War in Heaven,242000.0,f
rec-6215457-dup-0,rec-7456554-dup-0,rec-323898-dup-0,2,B,Sbift,,f
id-8227651,id-9624892,id-1150065,2,2,Eeter,208000.0,f
rec-107388-dup-0,id-128403,id-880214,11,11, anf Then,36000.0,f
id-3662846,id-4446984,id-955347,5,5,A Night in Tunisia,315000.0,f
id-2539241,id-3045370,id-68320,30,30,Les pantins dansent,133600.0,f
id-6798067,id-7695456,id-398588,12,12,Remember,324000.0,f
rec-9843881-dup-0,id-11355861,id-727670,6,6,Pejla vdolky,66973.0,f
rec-34250935-dup-0,id-29094143,id-3256597,7,7,No Caahd,87000.0,f
id-4542607,id-5613731,id-979042,2,2,Contigo Na Distância,166160.0,f
rec-34246522-dup-1,id-29090186,id-3256273,4,4,Spanizh Blood 40  4,,f
rec-16562386-dup-0,id-16187053,id-1486339,3,3,Dont Undwrstand,,f
id-3011079,id-3627243,id-937231,8,8,True Love,192626.0,f
id-14644503,id-12922713,id-1099502,30,30,Lone Wagon,337000.0,f
id-11356395,id-12914303,id-1098778,2,2,茶漬えんま,1941266.0,f
id-5010526,id-1963202,id-185152,2,2,Estadio azteca,217000.0,f
rec-15923282-dup-0,rec-6009204-dup-0,id-1425684,3,3,Nemon,228946.0,f
id-18782825,id-13991932,id-1700674,11,11,Goodbye Elita,96520.0,f
id-10437655,id-12014229,id-792103,58,58,Swirlypants 2,77000.0,f
rec-15923282-dup-1,rec-6009204-dup-0,id-1425684,3,3,Nemoz,228946.0,f
id-394135,id-454258,id-860875,14,14,House Hop,150573.0,f
id-10793900,id-12413943,id-835548,10,10,Anna Bolena Act II Scene I Dio che mi vedi in core Anna,415933.0,f
id-28965141,id-25286023,id-2696936,1,1,Kune Kune,649000.0,f
rec-791424-dup-1,id-897803,id-365804,3,3,Nemp,517106.0,f
rec-791424-dup-0,id-897803,id-365804,3,3,Neko,517106.0,f
id-24540245,id-22039873,id-2255822,9,9,Serotonin,217693.0,f
id-12540999,id-13647018,id-1184853,3,3,Indestructible ATrak remix,427000.0,f
id-3333139,id-4028364,id-267847,14,14,Getting Light,64306.0,f
id-13862429,id-14356943,id-1264477,10,B10,Villa Carfax,234000.0,f
id-7715367,id-9073473,id-787278,8,8,The Sound of San Francisco short Progressive mix,218000.0,f
rec-11966395-dup-0,rec-13328380-dup-0,id-1145362,4,4,Dagni,201573.0,f
rec-10476982-dup-0,id-12057686,id-796032,2,2,Завтра,267000.0,f
id-8904250,id-10348982,id-635562,1,1,Intro,19000.0,f
id-4533021,id-5603215,id-575314,2,2,Victory Over Horseshit,213000.0,f
id-1429077,id-1688146,id-558850,6,6,Dirty Love,259000.0,f
rec-2756063-dup-1,rec-3310818-dup-0,id-634782,11,11,New Tenptation,204760.0,f
id-39759839,id-33039460,id-3902523,8,8,Last Chance,254184.0,f
id-13449423,id-14107256,id-1236803,6,6,Hindustan,199000.0,f
id-1851686,id-2206763,id-380991,1,1,Ambient Kinsky,242000.0,f
id-12795962,id-1030421,id-1197767,7,B2,The Hardest Time,192000.0,f
rec-1879135-dup-1,id-2239582,id-183126,9,9,Play 6he Piano With Style,210573.0,f
id-11478033,id-13028512,id-1110878,6,B2,Lanima pagliacciona,209000.0,f
id-7225120,id-8541815,id-900291,19,19,Dagobah System,108040.0,f
rec-10610145-dup-0,id-12204885,rec-809907-dup-0,59,59,Wac1<y Day,90000.0,f
rec-1879135-dup-0,id-2239582,id-183126,9,9,Play the Pian0 With Style,210573.0,f
rec-5832036-dup-1,id-7043071,id-280830,7,7,Sin peahdón,306000.0,f
id-5302156,id-6468023,id-996821,7,7,Der Mehrzahl der Menschen,70666.0,f
id-13313578,id-14030539,id-1227870,7,B3,Chewing Gum Telegram,290000.0,f
id-12857764,id-13780209,id-1200609,2,2,Part 1 High Frequency Feelings Soon a Brighter Day,200000.0,f
id-1060324,id-1240509,id-263553,4,4,White Crow Birds Nest  White Crow,156733.0,f
id-6384896,id-7641200,id-344887,8,8,Cleano,153000.0,f
rec-12362283-dup-0,id-13558342,id-1172889,8,8,Bombay Shufle,126000.0,f
rec-1179431-dup-0,rec-1396868-dup-0,id-979111,11,11,Confessions 0f a Futon‐Revolutionist,134480.0,f
rec-1654033-dup-0,id-1953225,rec-1036324-dup-2,12,12,That Evil Chkld,235640.0,f
id-3482443,id-4219962,id-247998,9,9,Bruises,269853.0,f
rec-11657208-dup-0,id-13136007,id-1123376,11,11,DeeahTay,250000.0,f
id-6765805,id-8049815,id-399388,8,8,Im a Liar,196226.0,f
id-4055932,id-4954161,id-79605,16,16,Youll Be Mine,159174.0,f
id-37692432,id-31568171,id-3652784,4,4,La Folia,,f
id-18694803,id-17800924,id-1692892,3,3,System III,174000.0,f
id-18748447,id-17840463,id-1697615,4,4,One Step Backwards,,f
id-7003526,id-8307140,id-424668,1,1,Shadows in the Nights Sky,1171653.0,f
id-8595440,id-10023226,id-608445,6,6,Stitching Time,436320.0,f
rec-2806988-dup-0,id-3373776,id-929203,4,4,Home Aay From Home,221306.0,f
rec-1645529-dup-0,rec-1942359-dup-2,id-925809,11,11,Tel It Like It Is,291600.0,f
rec-2098052-dup-0,id-2502711,id-303470,5,5,Bahianese Maypnnaise,353026.0,f
rec-34302167-dup-0,rec-11391563-dup-1,id-3262564,6,K6,Never Akain,,f
id-7213442,id-8529374,id-894018,6,6,I Would Be a Sinner,239480.0,f
rec-34302167-dup-2,rec-11391563-dup-0,id-3262564,6,K6,Neveah Again,,f
id-34285941,id-29120814,id-3260781,6,6,Odayaka,154454.0,f
id-5518148,id-6705609,id-242277,1,A,Pendulum,,f
id-27583999,id-24039878,id-2558539,2,2,Géchar,,f
id-10010646,id-11544266,id-747762,4,4,Η ζωή εν τάφω,385000.0,f
id-5410718,id-6588683,id-925636,13,13,Venezuela,219000.0,f
id-14461224,id-14740506,id-1306844,4,4,Gennaio,211587.0,f
rec-12401399-dup-1,id-2867892,rec-159263-dup-0,2,2,Rytsari Vrerneni,309986.0,f
rec-12401399-dup-0,id-2867892,rec-159263-dup-0,2,2,Rytsari Vreneni,309986.0,f
rec-12401399-dup-2,id-2867892,rec-159263-dup-0,2,2,Rytsari Vrerneni,309986.0,f
rec-5680190-dup-2,rec-6881096-dup-0,rec-219117-dup-0,4,4,El médicl del miedo,233466.0,f
rec-4963045-dup-1,id-6093801,id-1040578,14,14,Olt Blue Car,188000.0,f
id-24417617,id-21953897,id-2244222,9,B4,Cinéma cinéma,192000.0,f
rec-6528828-dup-1,rec-7796916-dup-0,rec-363634-dup-0,8,8,Křížaly housie a půlměsíc,259000.0,f
id-7345152,id-8671322,id-465437,2,2,ねばねば♥スイーツ,268000.0,f
id-2187291,id-2611391,id-915442,3,3,Medicine Wheel,112760.0,f
rec-7912360-dup-0,id-9282116,id-531712,1,1,Homegtown,405000.0,f
id-3519934,id-4266981,id-1014424,4,4,O ypnos se tilixe  Der Schlaf umfing Dich,161440.0,f
id-1668913,id-1972747,id-910469,12,12,Imagine,366506.0,f
id-5894809,id-7109311,id-1252289,9,9,Forget to Remember Sunday Mornings,281000.0,f
id-9176540,id-10643493,id-696148,4,4,La Vieille Femme et la Chandel,763000.0,f
rec-11272816-dup-0,rec-2909528-dup-0,rec-1090224-dup-0,6,6,Lost avoustic,303000.0,f
id-4950935,id-6079691,id-931450,14,14,Great Balls of Fire,161106.0,f
rec-32695041-dup-1,id-27965988,id-3086694,3,3,Condact High,149000.0,f
rec-5669688-dup-0,id-6869418,id-261141,12,12,Yez I Know,,f
id-10335430,id-11904830,id-782295,18,18,Where the Rose Is Sown single version,251093.0,f
rec-6600153-dup-0,rec-7873310-dup-0,id-371786,3,3,GRN Aventvrine,295000.0,f
id-5309543,id-6475842,id-219726,5,5,Lux Occulta II,301133.0,f
id-14406239,id-14712395,id-1303488,8,8,第2話 Sere 13975 「うわさばなし」 Part 1,54332.0,f
id-11185203,id-12607059,id-1081171,2,2,Dreaming of U,,f
id-10241559,id-11799860,id-772174,7,7,Arrival,1207466.0,f
rec-11863154-dup-0,rec-13264247-dup-0,id-1138150,4,A4,Couahir après la vie,225000.0,f
id-13931452,id-11604171,id-752232,6,6,De profundis op 67 Meno largo molto tranquillo ,253000.0,f
id-658526,id-737173,id-506783,15,15,Bloodline,272040.0,f
id-6668691,id-7946615,id-1020828,5,5,I Know,619000.0,f
id-9683538,id-11180705,id-706625,2,2,Ladyhawke,141000.0,f
id-37681385,id-31560795,id-3651499,26,26,Uno Dopo LAltro,75000.0,f
id-7092458,id-8402790,id-435137,5,5,Arkansas,181800.0,f
id-30722411,id-26573481,id-2872880,8,8,Updated Weather Information,26789.0,f
id-6121447,id-7355391,id-313141,5,5,The Evening Country,140000.0,f
rec-8667914-dup-1,id-10098042,rec-612035-dup-0,5,5,Punch for P0wer b,60000.0,f
rec-14413926-dup-0,rec-14717551-dup-0,id-1304104,2,2,Picjup Truck,205480.0,f
rec-4931644-dup-0,id-6057321,id-876553,2,2,Trip Trugger,315000.0,f
id-1166811,id-1380309,id-169060,3,3,As Lovers Go,210693.0,f
id-11922246,id-13299972,id-1142300,9,9,In the City,125440.0,f
rec-39759839-dup-0,id-33039460,rec-3902523-dup-0,8,8,Last Chanke,254184.0,f
rec-12663901-dup-0,id-7254783,id-961293,3,3,Il gverriero,218000.0,f
id-17836677,id-17185506,id-1611377,3,3,Untitled Improvisation,305000.0,f
id-12283979,id-13514402,id-1167518,19,19,Saltaré al vacío,208000.0,f
id-22765918,id-8035127,id-2080967,8,8,Dreaming,247000.0,f
rec-3849484-dup-0,id-4682234,rec-226307-dup-0,10,10,Healing Hqnds of Time 1,126933.0,f
id-6322446,id-7572443,id-337154,2,2,Friends in Low Places,507000.0,f
rec-9230047-dup-0,id-10700678,id-672497,2,2,たたかえ 爆露マン,,f
id-27593354,id-11160074,id-2559495,12,12,Ring of Bright Water,181386.0,f
rec-4963045-dup-2,id-6093801,id-1040578,14,14,Olt Blue Car,188000.0,f
rec-4963045-dup-0,id-6093801,id-1040578,14,14,Old Biue Car,188000.0,f
rec-40330-dup-0,id-53790,id-83473,4,4,Id1er,205000.0,f
rec-11293926-dup-2,id-12854115,id-1092477,1,1,Dei Fre:nd,178000.0,f
id-2500504,id-2999717,id-30128,5,5,Sally,216240.0,f
id-18762051,id-14550922,id-1698713,2,2,Gather,243356.0,f
id-9753477,id-11257172,id-715622,5,5,Triple Dick,175000.0,f
id-5318139,id-6485732,id-523579,12,12,Fired Up,206000.0,f
rec-4047355-dup-1,id-4942217,rec-262051-dup-0,9,9,Indro,116920.0,f
rec-12706423-dup-0,id-11515422,id-744567,17,17,Solitudr,190000.0,f
rec-10059274-dup-0,id-11598292,id-751674,22,22,urititled,,f
rec-9472996-dup-0,rec-10955726-dup-0,id-690619,45,45,Fungy Soul,40000.0,f
rec-2125216-dup-0,id-2534640,id-913450,4,4,La Fie5ta,445200.0,f
id-13877567,id-14369252,id-1265740,10,10,Vitamine Vitamine,216000.0,f
rec-2125216-dup-2,id-2534640,id-913450,4,4,La Fiejta,445200.0,f
id-4019353,id-4901076,id-116965,7,7,Einst Freunde,295093.0,f
id-11592811,id-13103989,id-1119469,4,4,Alone,271000.0,f
id-13756403,id-14288750,id-1257600,4,4,Major Hope,374000.0,f
id-12798099,id-4485746,id-58246,1,A1,700 Club,51000.0,f
rec-23104092-dup-2,id-21003329,rec-2113851-dup-0,8,8,Miamy,247404.0,f
rec-12599549-dup-0,rec-10909525-dup-0,id-686811,4,B1,Bahiah BBoy LP mix,,f
id-2922962,id-3517385,id-300087,8,8,Blue Girl,248546.0,f
id-985705,id-2803562,id-253585,8,8,It Hasnt Happened Yet,204800.0,f
rec-4289379-dup-1,rec-5280314-dup-0,id-98550,4,4,白線～スタートライン insyrumental,298000.0,f
id-30649900,id-24764954,id-2864888,11,B6,Outro,8000.0,f
id-13752143,id-14201759,id-1247663,12,12,見えない未来へ,404000.0,f
id-8420181,id-9833592,id-591625,3,3,Yeah You Roberts remix,316000.0,f
id-9538244,id-11024178,id-694717,46,46,Party People,10000.0,f
id-8243402,id-210524,id-570714,18,18,The Best,246000.0,f
rec-6528975-dup-2,id-7797055,id-697763,9,9,Who Know5 Why,232000.0,f
id-8449595,id-9865396,id-595229,13,13,Cold 13,285760.0,f
id-38695719,id-32285853,id-3769917,4,4,Observe,259920.0,f
id-13725856,id-14268000,id-1255352,8,8,Magnitude 666,,f
id-7083599,id-8393488,id-434124,6,6,Sirens,55000.0,f
id-7295050,id-8616568,id-998978,7,7,Un ángel llora,257000.0,f
id-514031,id-587066,id-668922,2,2,Box Elder,146773.0,f
rec-14461224-dup-0,id-14740506,id-1306844,4,4,Genaio,211587.0,f
rec-12599549-dup-1,rec-10909525-dup-0,id-686811,4,B1,Bahiam BBoy LP mix,,f
rec-18258193-dup-0,id-17128729,id-1650146,2,A2,Kontrola Baj Mooy remix,366000.0,f
id-11772720,id-13171137,id-1127351,6,6,La experiencia del desierto,132626.0,f
rec-15485478-dup-0,id-15366796,id-1384944,3,3,Meidän taoomme,233867.0,f
id-8008377,id-9385031,id-542611,4,4,De nuevo en mi puerta,296000.0,f
id-6040597,id-7268985,id-305478,7,7,Die schönste Stunde am Tag,364333.0,f
id-32660894,id-27942930,id-3083018,6,6,The Boundary Waters,290948.0,f
rec-8610197-dup-1,rec-10038443-dup-0,rec-609429-dup-0,45,45,Past Present arid Future a,30000.0,f
id-8805130,id-10241258,id-623496,32,32,Little Sadie,60000.0,f
id-4398822,id-5420990,id-977778,12,12,When She Walks By,,f
id-37712329,id-31581294,id-3655314,7,7,Douce Nuit,,f
id-9942569,id-11467536,id-740157,2,2,Miss Acacia live,197000.0,f
id-34232924,id-13059743,id-3254841,18,18,Higeki no Bousou,127000.0,f
rec-4105208-dup-0,id-5022911,id-83383,16,16,Lullaby of the Leaved,120626.0,f
rec-35849685-dup-1,id-30258477,id-3437210,8,8,The Postman Cbapter 1 Part 28,314514.0,f
rec-4170472-dup-1,id-5114789,rec-395677-dup-0,2,B,Pref9ation,590000.0,f
rec-4170472-dup-2,id-5114789,rec-395677-dup-0,2,B,Prefiadion,590000.0,f
rec-13641838-dup-1,rec-14217700-dup-0,id-1249605,17,17,Grains ov Sand,49000.0,f
rec-16562386-dup-2,id-16187053,id-1486339,3,3,Dont Understsnd,,f
id-3101130,id-3738608,id-939907,9,9,Indigo Moon,193360.0,f
id-3645742,id-4426490,id-958524,30,30,The Pope,94333.0,f
id-665625,id-744620,id-519605,17,17,Keep Your Eyes on the Prize,121826.0,f
id-4906243,id-6029120,id-902470,4,4,Incantations,203000.0,f
id-856031,id-983189,id-884485,13,13,DNA,71240.0,f
id-14422667,id-14671999,id-1298934,9,9,Vampire,209000.0,f
rec-23088120-dup-0,rec-20991797-dup-0,rec-2112398-dup-0,4,4,Perkeptual Isolation,421785.0,f
id-708737,id-794636,id-292150,9,9,Lesters Mood,300986.0,f
id-220131,id-265046,id-310236,9,9,Frankls Revenge,268466.0,f
id-12271540,id-13510200,id-1167084,4,4,Médée Dei tuoi figli la madre,303106.0,f
rec-14357137-dup-1,rec-14681030-dup-1,id-1300038,11,11,If Dreams Come Trve,204858.0,f
id-13929008,id-14400624,id-1269222,5,5,Revertigo,,f
id-30708722,id-26564302,id-2871381,11,11,3AM in a closed bar,567000.0,f
id-7641549,id-8993617,id-702703,2,2,Back and Forth,208000.0,f
id-1941812,id-2313283,id-985206,16,16,DMAEnergy Megamix,1025360.0,f
id-8119840,id-9505199,id-559079,11,11,There Is a Road,235000.0,f
id-5095456,id-6241450,id-195990,3,3,Carnaval mayor,,f
rec-24462279-dup-0,id-11467731,id-2248671,10,10,Nod Gonna Let You Go Again,223093.0,f
id-8160702,id-9550869,id-560387,6,6,Γεννιέται απόψε ο Χριστός acoustic version,,f
id-24530833,id-7234586,id-2255060,7,7,hMollMesse BWV 232 Et in Spiritum Sanctum,281640.0,f
id-23357033,id-804747,id-2138640,9,9,Temperamental,295133.0,f
rec-15047876-dup-0,id-9397098,id-1343811,8,B2,ひとりぽっちで踊らせて,,f
id-2203012,id-2631836,id-363266,7,7,Section 8,321053.0,f
rec-11272816-dup-1,rec-2909528-dup-0,rec-1090224-dup-0,6,6,Lost acous5ic,303000.0,f
rec-10526133-dup-0,rec-12112456-dup-0,id-859762,8,8,Clojer,,f
id-5885491,id-7099402,id-287095,9,9,The Last Kiss,223600.0,f
id-38667310,id-32265611,id-3766323,2,2,Phase Shift,331191.0,f
rec-28216368-dup-0,rec-24751769-dup-0,id-2620848,11,11,Over The Hjll,150000.0,f
rec-39762011-dup-0,id-33041207,id-3902813,5,5,戦士の本懐,199000.0,f
rec-8066414-dup-1,id-9446938,id-549141,2,2,Now the Dav Is Over,,f
id-11208523,id-10632315,id-664802,6,6,Prêts à tomber,193466.0,f
id-23013815,id-5099221,id-2105289,6,6,Machines Programmed by Genes,314000.0,f
rec-10095747-dup-0,id-11638637,rec-754934-dup-0,8,8,Lost Faith ful1 mix,119000.0,f
id-14468613,id-11725850,id-763774,1,A1,Intro,78000.0,f
id-8698567,id-10129993,id-614439,10,10,You and the Night and the Music,168000.0,f
rec-12258763-dup-0,rec-13503227-dup-0,id-1166748,25,25,Comuc Motion,65000.0,f
rec-7101534-dup-0,id-8412598,id-436195,19,19,The Lamloeth Walk,163000.0,f
id-23066865,id-20976744,id-2110353,98,98,Woulda Coulda Shoulda I Guess,2200.0,f
id-3841533,id-4672213,id-65086,9,9,Tervaa ja höyheniä,176426.0,f
rec-8776682-dup-0,id-10211424,id-620801,4,4,Pets Lzment,149000.0,f
id-23065392,id-18890309,id-2110207,10,10,下輩子再見,,f
id-12127125,id-13428722,id-1157593,10,10,Solang da drobn die Sonne lacht,175000.0,f
id-11056586,id-2394219,id-1069185,18,18,Tina Threatens,29893.0,f
id-14510192,id-14776432,id-1310934,1,1,Crescent,548960.0,f
id-1992424,id-2375325,id-44336,6,6,Quetzalcoatl,227346.0,f
id-14706028,id-14847954,id-1319796,5,5,Baby Baby,214000.0,f
id-179758,id-215742,id-48342,5,5,Everything Changes,228933.0,f
id-8595138,id-10022886,id-608408,41,41,Malibu Mix,30000.0,f
rec-13736959-dup-1,id-14275803,id-1256226,2,2,How Many Infants Dked In The Dryer,154947.0,f
id-6229686,id-7471850,id-325727,19,19,silence,4000.0,f
id-7958313,id-9331480,id-536653,16,16,Fingers,252373.0,f
id-23072510,id-20980152,id-2110852,4,4,DalJani Välta,428000.0,f
id-39737834,id-9165742,id-3899881,7,7,Soiled Clown Blues,106600.0,f
id-2349417,id-2809043,id-216819,10,10,Keyboard Sonata in B flat major K 311,230933.0,f
id-1692493,id-2002839,id-232928,9,9,Evaluation,258867.0,f
id-4292093,id-5283984,id-696510,7,7,Rock das aranha,109840.0,f
rec-1909120-dup-0,id-2274945,id-897430,27,27,Dark Etes,135626.0,f
rec-29998822-dup-1,id-7720834,rec-2798304-dup-0,14,14,Run for the N:ght Demo,269600.0,f
rec-29998822-dup-0,id-7720834,rec-2798304-dup-0,14,14,Rum for the Night Demo,269600.0,f
id-40330,id-53790,id-83473,4,4,Idler,205000.0,f
id-7335124,id-8660367,id-1032587,9,9,Life,226000.0,f
id-7209291,id-8524942,id-448365,8,8,Some of These Days,103773.0,f
id-11435715,id-12690827,id-1106320,2,2,Hanging On,326000.0,f
id-17833191,id-17182809,id-1611047,1,1,Utanför,353000.0,f
rec-28219731-dup-0,id-24754334,id-2621239,5,5,Feelj Like Im in Love,198000.0,f
id-11970075,id-13330853,id-1145633,5,5,Solitude Is Bliss,148000.0,f
id-14437614,id-14730210,id-1305705,16,16,Go Away from My Window,118000.0,f
id-8678959,id-10108993,id-612521,103,103,Global Market Ee,12000.0,f
id-9906285,id-11424789,id-787623,2,2,Always,217400.0,f
id-2156902,id-2573693,id-915024,7,7,Wrapped in Cellophane,345133.0,f
id-4800932,id-6064307,id-158653,1,1,Cult,282293.0,f
id-4041289,id-4933178,id-78614,6,6,Supermarket,182186.0,f
id-34276753,id-29084947,id-3259515,6,6,Same Order,172800.0,f
rec-7979378-dup-1,id-9354232,rec-1041385-dup-0,4,4,Badte,420000.0,f
id-7906639,id-9276145,id-884420,10,10,Blues Been Good to Me,250000.0,f
rec-12216093-dup-1,id-4063832,id-895681,4,4,Whistkey and Wimmen,162626.0,f
rec-9838457-dup-1,rec-11349821-dup-0,id-840465,6,6,The Track5 of My Tears,178000.0,f
rec-9838457-dup-0,rec-11349821-dup-0,id-840465,6,6,The Trac1<s of My Tears,178000.0,f
id-8467335,id-9885262,id-597366,4,4,Kamasutra in Love,133000.0,f
id-8322918,id-9729634,id-580735,11,11,How Soon Is Now,290000.0,f
id-47433,id-3943154,id-124168,13,13,Complete Disorder,122000.0,f
id-562318,id-634636,id-178364,2,2,Call It L,228093.0,f
id-10373287,id-11945423,id-786360,3,3,Piano Sonata in Bflat major D 960 III Scherzo Allegro vivace con delicatezza,245066.0,f
rec-6124853-dup-0,id-7359375,id-313512,21,21,Gradus ad Parnassum O0 44 No 91 in B major Allegretto piano Marco Sollini,91000.0,f
rec-14392488-dup-0,id-10643632,id-666029,2,2,Dowm,194000.0,f
rec-10010646-dup-0,rec-11544266-dup-0,rec-747762-dup-0,4,4,Η ζωή εν τάφω,385000.0,f
id-35833097,id-30245424,id-3435091,13,13,blue demo,106000.0,f
id-8167552,id-9558401,id-561280,11,11,Make Me Feel,255000.0,f
id-1468792,id-1734468,id-1768,2,2,Electricity,212866.0,f
id-6757000,id-8040899,id-393425,11,11,First Day of Autumn,259386.0,f
id-39751864,id-33033845,id-3901379,9,9,Moon Dancer,233259.0,f
id-483989,id-556707,id-844839,40,40,How to Use the Dickens Pattern 13,,f
id-28204544,id-24742279,id-2619728,3,B1,Blood Is Black Delirium,845000.0,f
id-37707139,id-994901,id-3654636,1,1,Cold Cold Heart,283093.0,f
id-6255968,id-7500032,id-328838,12,12,Peaceful Man,391266.0,f
rec-14455171-dup-0,id-14742557,id-1307099,13,13,Dixit Dominus RV 594 Psalm 109 for soli 2 khoirs and 2 orchestras IV Tecum principium,146000.0,f
id-7864075,id-9230055,id-526085,5,5,Wintersong,255333.0,f
id-813681,id-4152141,id-170743,17,17,Hijo De La Luna,248600.0,f
id-6913356,id-8210373,id-413289,10,10,Dont Tell Me What to Do,178600.0,f
rec-14788165-dup-1,id-13021852,id-1110046,7,7,Giv4 It Up,240000.0,f
rec-9381834-dup-1,id-10859775,rec-683305-dup-0,34,34,Magico fukl mix,10000.0,f
rec-9381834-dup-0,id-10859775,rec-683305-dup-2,34,34,Magico fuil mix,10000.0,f
rec-9381834-dup-2,id-10859775,rec-683305-dup-0,34,34,Magico fuol mix,10000.0,f
id-10915553,id-12532361,id-1055445,19,19,18th Century ReachAround,180000.0,f
rec-12475103-dup-2,id-2951569,id-79750,1,1,Tanzverbot Sxill to Hell,207080.0,f
rec-18760899-dup-2,rec-13330276-dup-0,rec-1698609-dup-0,17,17,Opust 37,322000.0,f
id-10447660,id-10914567,id-792987,9,9,LOiseau de Feu  Rondo  Corovod,252773.0,f
id-6224110,id-7465875,id-325097,9,9,Wasted and Trying,141000.0,f
id-6712125,id-7992916,id-385690,3,B1,Collateral Damage live at Faces RI,,f
id-14025230,id-14464576,id-1276435,6,6,Folding Ghosts into Origami Stars,252000.0,f
id-7622649,id-8972177,id-497478,7,7,For Your Entertainment,220000.0,f
id-4023898,id-4907222,id-77317,7,7,Misery,256466.0,f
rec-5064064-dup-1,id-6205842,id-192357,5,5,Garaj Barws Paap,257000.0,f
id-3352357,id-4052168,id-948892,4,4,All for Nothing,,f
rec-6874357-dup-0,id-8167173,rec-407763-dup-0,8,8,Fin,137000.0,f
id-6721287,id-8002675,id-387254,13,13,Just Me,,f
id-13051334,id-13884484,id-1210850,1,1,September 22nd 2010,511000.0,f
id-599772,id-674014,id-5591,4,4,Coastal,322693.0,f
id-6381321,id-7637438,id-344418,6,6,American Insomnia Dream Complex,256360.0,f
id-7593311,id-8940228,id-493818,2,2,Ravers of the Lost Funk,676000.0,f
rec-5200904-dup-1,id-6356179,id-863284,5,5,Psalrn,276000.0,f
id-866268,id-1000721,id-305673,5,5,Gunrunner,255200.0,f
id-12336162,id-616807,id-372233,22,22,Love and a Molotov Cocktail,150666.0,f
id-3394963,id-4107217,id-160075,2,2,Ynglinga Saga To Odin We Call,432266.0,f
id-34294805,id-29127594,id-3261715,13,13,Larlesienne Suite No 1  1 Prelude,,f
id-14123738,id-3780610,id-942133,1,1,Taksi fahrn in Istanbul,188426.0,f
id-9157971,id-10623912,id-663765,3,3,The Age of Spectacles,257000.0,f
id-6460641,id-7723829,id-677004,8,8,Dreamville New Mexico,249000.0,f
rec-6813660-dup-1,id-8100388,rec-400201-dup-1,16,16,Weit hinab den Fluzs,84000.0,f
id-37734180,id-13986962,id-3657919,10,10,The Way That You Do,160000.0,f
id-13641838,id-14217700,id-1249605,17,17,Grains of Sand,49000.0,f
rec-8122695-dup-0,rec-9508578-dup-0,id-555443,22,22,All Night Lorig,166520.0,f
rec-8122695-dup-1,rec-9508578-dup-0,id-555443,22,22,All Night Lohg,166520.0,f
rec-8122695-dup-2,rec-9508578-dup-0,id-555443,22,22,All Night Lonk,166520.0,f
rec-6813660-dup-0,id-8100388,rec-400201-dup-2,16,16,Weit hinal> den Fluss,84000.0,f
id-14189695,id-14579317,id-1287312,8,8,人生は過ぎ行く,259000.0,f
rec-5222806-dup-0,id-6381733,id-210552,1,1,Under the Capridorn Sky Part I,440000.0,f
id-11272816,id-2909528,id-1090224,6,6,Lost acoustic,303000.0,f
rec-13032264-dup-1,rec-13874511-dup-0,rec-1209836-dup-1,29,29,Cojy Campfire Collage 15 second version,15000.0,f
id-11049774,id-12643281,id-1068540,3,3,Static W4RRIORS remix,400000.0,f
id-1963823,id-2339734,id-281354,4,4,The Gilis Voyage Ketu remix,550453.0,f
rec-3344000-dup-1,id-4041873,id-947553,1,1,Good Sign alpum version,183666.0,f
id-7275819,id-8596059,id-456640,8,8,Ni Una Sola Vez,188960.0,f
id-7085163,id-8395143,id-434307,10,B6,In Search of Knowledge,270000.0,f
rec-10333038-dup-0,id-11902201,id-782051,1,1,思い出,106000.0,f
id-27588736,id-24268388,id-2559000,4,4,Partypiepel,187293.0,f
id-37688409,id-31565787,id-3652310,10,10,Human 98 Resistance D Extended Mix,277693.0,f
id-10059274,id-11598292,id-751674,22,22,untitled,,f
id-30719232,id-26571008,id-2872471,1,A1,Sigyn Turned The Basin Over Her Husband At Last,520000.0,f
rec-5361492-dup-0,id-6533954,id-225113,4,4,MONOPOLIZER,232000.0,f
rec-6425651-dup-0,id-7686138,id-641946,10,10,Humam Parts Inc,96000.0,f
rec-4763628-dup-0,rec-5864749-dup-0,rec-153531-dup-0,8,8,Ronnie Hawjins,234000.0,f
id-13713888,id-2138499,id-1254568,6,6,Big World,222666.0,f
id-2675130,id-3210083,id-870543,3,3,Quem tem medo de brincar de amor,213426.0,f
id-12703761,id-12823615,id-1172873,4,4,Two Of Us,153036.0,f
id-2528187,id-3031623,id-184019,5,5,Lullaby for the Wind,393666.0,f
rec-2209613-dup-2,rec-2639353-dup-0,id-640459,1,1,Wilt Honey,195986.0,f
rec-5354741-dup-0,rec-6526322-dup-1,id-224360,4,4,La petite voisin3,257906.0,f
rec-2209613-dup-0,rec-2639353-dup-0,id-640459,1,1,Wild Homey,195986.0,f
rec-38698369-dup-1,id-32287528,id-3770211,19,19,Saint Louis B|ues,247000.0,f
id-10375548,id-11948031,id-786629,5,5,I Can Hew,143000.0,f
id-39762011,id-33041207,id-3902813,5,5,戦士の本懐,199000.0,f
id-18258193,id-17128729,id-1650146,2,A2,Kontrola Bas Mooy remix,366000.0,f
id-4567770,id-5642992,id-128539,10,10,Deadly,50826.0,f
rec-5354741-dup-2,rec-6526322-dup-1,id-224360,4,4,La peyite voisine,257906.0,f
rec-997696-dup-0,id-1165153,id-232253,8,8,Shampoo Them,265826.0,f
id-35106572,id-29725304,id-3354949,12,12,POP STEP GIRL,123000.0,f
id-3278458,id-3958992,id-946361,8,8,Things to Make and Do,,f
rec-18694803-dup-1,rec-17800924-dup-2,id-1692892,3,3,Sysdem III,174000.0,f
id-10794587,id-12414641,id-835658,6,6,A natureza das coisas,274000.0,f
id-5446437,id-6627565,id-234760,3,3,Det é så synd om mig,231160.0,f
rec-5696175-dup-2,id-7209558,rec-263551-dup-0,5,5,It Wasnt Said t0 Ask,257000.0,f
rec-12052536-dup-0,id-13381459,id-1151781,5,5,Interoúdio,,f
id-5680293,id-6881199,id-262355,11,11,El calcetín,130199.0,f
rec-10598999-dup-0,id-12193701,id-809649,2,2,Ashes Turm to Stone,246000.0,f
id-3926436,id-4782936,id-967079,3,3,Mr Moon,217320.0,f
id-10111717,id-11655872,id-756118,16,16,Surprise,82000.0,f
id-7560844,id-8905446,id-490115,9,9,Cultural Legacy,209000.0,f
id-23752452,id-13760652,id-2178387,3,3,I Hustle,250000.0,f
id-864759,id-999061,id-817651,5,5,Directing Traffik,233066.0,f
rec-7930072-dup-0,id-9301337,id-533591,5,5,Its Too Late Hes Goje,154000.0,f
id-15084474,id-15064768,id-1346912,8,8,Piratengesetz,17586.0,f
rec-9120937-dup-0,rec-10582897-dup-0,rec-659841-dup-0,4,4,Niko,222000.0,f
rec-5098192-dup-0,id-6244400,rec-841128-dup-0,2,2,The Drad Flag Blues,,f
id-11593194,id-11095075,id-697527,14,14,Big Chase,123000.0,f
id-4431853,id-5463542,id-979343,8,8,Annie B,164626.0,f
id-27556153,id-24242943,id-2555523,3,3,Jump,26000.0,f
id-4275117,id-5262254,id-97555,10,10,I Need You,171000.0,f
id-9198568,id-10667306,id-668859,3,3,Hand in Hand,172493.0,f
id-24462279,id-11467731,id-2248671,10,10,Not Gonna Let You Go Again,223093.0,f
rec-12648054-dup-1,rec-8917413-dup-0,id-491405,7,7,Vids,241000.0,f
rec-15905093-dup-0,id-15688510,id-1424043,17,17,We Closr Our Eyes,221066.0,f
id-3842291,id-4673050,id-67515,2,2,Ugly,249826.0,f
id-5349148,id-6519994,id-300639,1,1,Frozen Silence,189000.0,f
id-12445747,id-537994,id-61148,11,11,Blackwaterside,223066.0,f
id-960946,id-1122771,id-556175,8,8,Anel brilhante,228040.0,f
rec-14038920-dup-1,id-14471023,id-1277115,8,8,Polovtsiari Dances,503000.0,f
id-15928098,id-15706709,id-1426136,1,1,Dehumanized,272160.0,f
id-28918160,id-25253179,id-2692161,10,10,The CoolinJamie Allen,173320.0,f
rec-10240561-dup-0,id-11798852,id-772076,15,15,Vivisection livw,197253.0,f
id-30689418,id-26549740,id-2869340,2,2,Fruits of My Labor,275000.0,f
id-10418668,id-11994145,id-790582,22,22,Hit Record,158746.0,f
id-4013660,id-4893823,id-76527,12,12,Matchless Name,229453.0,f
rec-2301363-dup-1,id-2751437,rec-867630-dup-0,15,15,Jefie,215800.0,f
id-12288939,id-13515966,id-1167716,15,15,Locomotive,143000.0,f
rec-8163304-dup-1,id-6519807,rec-560705-dup-0,1,1,Celui 4ue jétais,231000.0,f
id-7111029,id-8422771,id-437400,6,6,FindAWay,,f
id-24396960,id-21938865,id-2242143,4,4,Spoons,182464.0,f
id-15498283,id-15376388,id-1386232,13,13,Melós,239000.0,f
id-6814326,id-8101154,id-400291,2,2,Bessere Zeiten,174720.0,f
id-4808575,id-5917420,id-159797,10,10,A Town That Isnt There,192400.0,f
id-14118833,id-3728520,id-981177,3,3,When Im Not Looking Youre Not There,,f
id-8599576,id-10027571,id-608797,8,8,Partita No 5 in G major BWV 829 II Allemande,270813.0,f
rec-6639741-dup-0,rec-7916073-dup-0,id-1019827,9,9,風花,82106.0,f
id-12335781,id-9875721,id-807240,22,22,Whole Wide World,196000.0,f
id-3240223,id-3912140,id-877108,12,12,Dumb Love,,f
rec-4570398-dup-1,id-5646143,id-687471,3,3,Ciao Babi,40440.0,f
rec-4570398-dup-0,id-5646143,id-687471,3,3,Cyao Baby,40440.0,f
rec-5558057-dup-0,rec-6749002-dup-1,id-1001420,3,3,Of Minor Propbets and Their Prostitute Wives,163000.0,f
id-24421715,id-21956703,id-2244619,13,13,Paint It Black,,f
rec-5558057-dup-2,rec-6749002-dup-1,id-1001420,3,3,Of Minor Prophets and Their Pro5titute Wives,163000.0,f
id-30688784,id-26549188,id-2869264,3,3,ǤlitchⱲitch,269000.0,f
id-3878756,id-4720848,id-66630,11,11,Jo tas esi tu,231746.0,f
id-14745419,id-2299368,id-919862,9,9,O Pato,114573.0,f
rec-14447611-dup-2,id-1747204,id-134912,10,10,Collre,296600.0,f
id-14177018,id-14569362,id-1286655,16,16,Through the Glass,62000.0,f
id-18801493,id-10530076,id-1702523,8,8,De lautre côté,333773.0,f
id-12364207,id-2559965,id-1173062,9,9,Cambiando el mundo,341400.0,f
id-6832410,id-8121251,id-1022645,2,2,Late,165946.0,f
rec-8163304-dup-2,id-6519807,rec-560705-dup-0,1,1,Celui 1ue jétais,231000.0,f
id-85830,id-103394,id-470217,9,9,Dji,166000.0,f
rec-2635170-dup-2,id-3161770,id-951107,9,9,Be5sonnitsa,238626.0,f
id-12016863,id-13357214,id-1148732,8,8,Danny Boy,197000.0,f
id-6664186,id-14885241,id-379260,14,14,Effigy of the Forgotten,227373.0,f
id-7359994,id-8687782,id-467096,5,5,Pää,237000.0,f
rec-2635170-dup-1,id-3161770,id-951107,9,9,Bestsonnitsa,238626.0,f
id-6044919,id-7273681,id-305916,11,11,Älska bomben,197000.0,f
id-7585050,id-8931258,id-492872,19,19,Was kann schöner sein Que serà serà ,153973.0,f
id-1147468,id-1358948,id-112311,10,10,B1,95106.0,f
rec-8201547-dup-0,id-9596159,rec-565381-dup-0,14,14,Soundtrack of Eritertainment,151000.0,f
id-3028060,id-3647706,id-898985,3,3,Synthesis,393893.0,f
id-9281307,id-10753210,id-858891,18,18,Do Nothin Thill You Hear from Me,139000.0,f
rec-39754005-dup-0,id-33035206,id-3901668,5,5,t3thbringrº_º☆ mira mix,237000.0,f
id-6007248,id-7232597,id-301632,9,9,Aşkım,,f
rec-13477671-dup-0,id-2179323,rec-902878-dup-0,10,10,Cica|e,232733.0,f
rec-11785546-dup-2,rec-13211926-dup-0,id-1131957,17,17,Ma teab et ma tulen kord jälle,307693.0,f
id-28973861,id-25292578,id-2697862,2,2,Another Day,188305.0,f
id-1645529,id-1942359,id-925809,11,11,Tell It Like It Is,291600.0,f
id-4176276,id-5123992,id-89147,8,8,Gone on the Other Hand,,f
id-8279753,id-9682426,id-880633,9,9,Rosalia,168000.0,f
id-32695041,id-27965988,id-3086694,3,3,Contact High,149000.0,f
id-10899080,id-12517390,id-1053643,2,2,The Black Tree Feat Lydia Cole,220000.0,f
id-5491140,id-6675776,id-239496,1,1,Cant Have You,270000.0,f
id-8830684,id-10268710,id-626816,1,A1,Los Guardianes mix 1,367000.0,f
id-9098848,id-10559249,id-657040,3,3,Solitude,215840.0,f
id-5800600,id-7009856,id-915908,12,12,Loose String,228000.0,f
id-11796802,id-13218968,id-1132929,9,9,Checked Out Early,,f
id-30691027,id-26551117,id-2869535,1,1,Way Low,221469.0,f
id-35081427,id-29707406,id-3352158,8,8,Blood Junkie,131000.0,f
id-11785546,id-13211926,id-1131957,17,17,Ma tean et ma tulen kord jälle,307693.0,f
id-18804285,id-7252421,id-1702852,27,27,Кони привередливые,288000.0,f
id-346466,id-402520,id-634662,6,6,Jerusalem,167360.0,f
id-24417013,id-21953423,id-2244164,5,5,Escape From da Haunted Trap House,576000.0,f
id-102721,id-122588,id-879215,1,1,Intro,117333.0,f
id-9394935,id-10873468,id-683895,11,11,Maniac full mix,139000.0,f
id-37689127,id-31566140,id-3652375,5,5,Dragonfly Speaks,737000.0,f
id-9398278,id-10876742,id-684124,13,13,Glass Heart full mix,100000.0,f
id-1249035,id-1476094,id-20458,10,10,The Recall Picotto Answer mix,215906.0,f
rec-8945-dup-0,rec-240712-dup-0,id-323364,3,3,Motivstors,200000.0,f
id-9153261,id-10618805,id-663321,1,1,Into Twilight,382000.0,f
id-2778585,id-3338105,id-182343,10,10,Lágrimas y lluvia,216560.0,f
id-9400810,id-10879296,id-684246,51,51,Crusader edit sting,5000.0,f
id-9727513,id-11228868,id-712142,17,17,Охота,195400.0,f
id-18704033,id-740181,id-1693761,15,15,Jaaa,214960.0,f
rec-4525377-dup-0,id-5593787,id-123320,2,2,Awake and Nervoust,511906.0,f
id-10859726,id-12481521,id-1049269,5,5,RI,1132000.0,f
id-2387778,id-2855239,id-935275,14,14,Sideways Tree,346173.0,f
id-34248625,id-29091847,id-3256463,12,12,Chapter 9 Third Earth Part 23,48000.0,f
rec-12956168-dup-1,id-13823443,id-1206232,3,3,Everytbing Is Broken,289320.0,f
rec-23085047-dup-0,rec-20989299-dup-0,id-2112105,3,3,Frkends,363000.0,f
id-19195365,id-18173019,id-1740306,2,A2,Meetings,132000.0,f
rec-30655623-dup-1,id-26523254,id-2865583,4,4,Symphony no 2 – Allekro non troppo,887000.0,f
rec-30655623-dup-2,id-26523254,id-2865583,4,4,Sympony no 2 – Allegro non troppo,887000.0,f
id-3786850,id-4603902,id-180437,3,3,Charanga En New York,286386.0,f
id-8083381,id-9464484,id-550871,7,7,Goodnight Rose,407000.0,f
rec-8230230-dup-0,id-9627808,id-568943,3,3,Zahir D:perbatasan,354000.0,f
rec-2006829-dup-0,id-2392040,id-911310,13,13,I Want Mv Baby,145226.0,f
id-7911896,id-9281617,id-531663,5,5,Greatest Man I Never Knew The,219933.0,f
rec-10241559-dup-1,id-11799860,id-772174,7,7,Arriual,1207466.0,f
rec-10241559-dup-0,id-11799860,id-772174,7,7,Arr:val,1207466.0,f
id-12706423,id-11515422,id-744567,17,17,Solitude,190000.0,f
rec-3744184-dup-0,id-4550071,id-60239,11,11,Kāda dziezma,237293.0,f
rec-3744184-dup-1,id-4550071,id-60239,11,11,Kāda dziestma,237293.0,f
id-34262598,id-29103125,id-3257872,1,A1,Oh That Kiss,,f
id-5923578,id-7140028,id-875462,12,12,Till Then,197000.0,f
rec-8776682-dup-2,id-10211424,id-620801,4,4,Peds Lament,149000.0,f
id-7526721,id-8868389,id-1035403,18,18,Oda a la cerveza,,f
id-7366874,id-8695258,id-467947,12,12,Авиация и артиллерия,269000.0,f
id-15179257,id-7172433,id-1355749,7,7,The Pith of Avaris Story,436533.0,f
rec-2301363-dup-0,id-2751437,rec-867630-dup-0,15,15,Jevke,215800.0,f
id-15485478,id-15366796,id-1384944,3,3,Meidän talomme,233867.0,f
id-28921766,id-25255955,id-2692528,4,4,Heartbreaker,668000.0,f
rec-2843080-dup-1,id-9350,rec-1008312-dup-0,1,1,Camdle in the Wind,229000.0,f
rec-2843080-dup-2,id-9350,rec-1008312-dup-0,1,1,Candle in the Wknd,229000.0,f
id-14650379,id-14859785,id-1321139,2,2,Kaj bo z menoj,128000.0,f
rec-4919713-dup-1,id-6043922,id-174159,12,12,Gan iau,216000.0,f
rec-4919713-dup-0,id-6043922,id-174159,12,12,Gan sau,216000.0,f
id-25368904,id-22629603,id-2338420,1,1,The Unity,109578.0,f
rec-4919713-dup-2,id-6043922,id-174159,12,12,Gan iau,216000.0,f
id-13807091,id-14319051,id-1260713,2,2,unknown,,f
id-7334824,id-8659998,id-464247,9,9,Altered,271000.0,f
rec-2456497-dup-0,id-2944254,id-41996,7,7,Hip Hop Be Bop Dond Stop,183200.0,f
id-8905979,id-10350901,id-635766,2,2,The Price I Pay Moonlight mix,231000.0,f
rec-7363890-dup-0,id-8692017,id-467794,1,1,V,355346.0,f
id-37714940,id-31583057,id-3655642,13,13,BWV 3 BC A33 Ach Gott wie manches Herzeleid I Coro »Ach Gott wie manches Herzeleid«,294666.0,f
id-7226018,id-8542819,id-450392,18,18,Verdoof Vergiftig Verskoon My,186000.0,f
id-11498360,id-13043305,id-1112604,4,4,Take Forever Attaque remix,326775.0,f
id-13710197,id-14259094,id-1254351,1,1,Seek Ye First  Pachebels Canon,138106.0,f
id-10818298,id-12441973,id-1044559,8,8,Cuéntame,188000.0,f
rec-1364259-dup-0,rec-183880-dup-0,id-770247,9,9,1q07 PM,251373.0,f
rec-4972906-dup-0,rec-6104994-dup-0,rec-991023-dup-0,3,3,Profusion 0f Detail,269000.0,f
id-5064015,id-6205793,id-992766,11,11,Creeping Death,429000.0,f
id-6003617,id-7228884,id-301182,5,5,Horrorous State of Anatomical Decomposition,187000.0,f
id-14563687,id-14810145,id-1314947,7,6,Tucán,206000.0,f
id-2563079,id-3075229,id-246732,5,5,Gone With the Wind,388026.0,f
id-27568852,id-24253437,id-2556850,5,5,Balle wine Baws feat Dawill,213000.0,f
id-2209613,id-2639353,id-640459,1,1,Wild Honey,195986.0,f
id-2378933,id-2844494,id-463410,10,10,Darling Je Vous Aime Beaucoup,222733.0,f
id-11577472,id-13092393,id-1118242,7,7,Eje loco,344000.0,f
rec-6600153-dup-2,rec-7873310-dup-0,id-371786,3,3,GRN Aventuririe,295000.0,f
id-4029532,id-4914735,id-77724,11,11,Jock o Hazeldene,,f
id-9581809,id-11071035,id-695769,73,73,Texas Howdy,15000.0,f
rec-6600153-dup-1,rec-7873310-dup-0,id-371786,3,3,GRN Avenrurine,295000.0,f
rec-18699876-dup-0,id-17804699,id-1693429,12,12,Wvnderland,215186.0,f
rec-513948-dup-0,id-587075,id-334380,11,11,Recorder Grot Rslly,21533.0,f
id-5573466,id-6765185,id-248523,11,11,Wave,230000.0,f
id-142626,id-164854,id-22208,2,2,Putting the Damage On,311880.0,f
id-11309353,id-12868046,id-1094090,12,12,One Thrill Fool,229000.0,f
rec-19115021-dup-0,id-18114172,id-1732547,3,3,Highly Strung Richard Barbieri remi alt,120000.0,f
id-7604506,id-8952713,id-495173,10,10,The Bends Rmx,809120.0,f
rec-4289379-dup-0,rec-5280314-dup-0,id-98550,4,4,白線～スタートライン insttrumental,298000.0,f
id-12976518,id-13833957,id-1207437,23,23,John Jacob Jingleheimer Schmidt b underscore,62000.0,f
rec-3978988-dup-0,rec-4849772-dup-0,id-777772,7,7,Sundsy Afternoons,292440.0,f
id-15077314,id-15059509,id-1346230,7,7,Vynas ir laikas,282000.0,f
rec-28196180-dup-0,id-24735434,id-2618842,7,7,Dond let me down feat Prune,277781.0,f
id-7436507,id-8770306,id-475983,10,10,Verta pornoa  propagandaa,235133.0,f
id-14329745,id-14664710,id-1297921,4,4,Psalm 3 O Seigneur que de gents SwWV 31,169000.0,f
id-16623286,id-8494260,id-1492214,10,10,Apollo et Hyacinthus K 38 Act III Chorus II No 9 Terzetto Tandem post turbida fulmina Apollo Melia Oebalus,176000.0,f
id-8053851,id-9433743,id-547800,6,6,Ab irato  Étude de perfectionnement S 143,155000.0,f
id-5907308,id-7122034,id-289675,15,15,Vem cá,148000.0,f
id-5204288,id-6359833,id-208510,8,8,Opus 6,289000.0,f
rec-2547888-dup-1,id-3055866,rec-923510-dup-0,4,4,Accidental Seabi5ds,227333.0,f
rec-2547888-dup-0,id-3055866,rec-923510-dup-1,4,4,Akidental Seabirds,227333.0,f
id-989067,id-1155684,id-408538,6,6,So Long,550560.0,f
id-8247779,id-9647223,id-571323,1,A1,Hear the Music Def club mix,348000.0,f
id-4974975,id-6107408,id-181032,21,21,Goodbye,176466.0,f
id-5403932,id-6581299,id-229643,10,10,Neon,61413.0,f
id-4877474,id-5996800,id-985287,1,1,Ursuline,283386.0,f
id-7589818,id-8936324,id-493458,1,1,Red Rose for a Blue Lady,133000.0,f
id-12784135,id-11536531,id-746738,19,19,Besame Mucho,161000.0,f
id-7750594,id-9110775,id-512746,12,12,Puddle of Sex,279000.0,f
id-22454822,id-20526629,id-2050978,1,A1,Peter and the Wolf Part I,,f
id-14307029,id-14650514,id-1296121,3,3,Purgatory,396000.0,f
id-2151922,id-2567510,id-1003679,10,10,Jon talking,52000.0,f
id-5177497,id-6330361,id-205377,10,10,For Katie Asleep on the Bus,308586.0,f
id-4678770,id-5768406,id-142106,17,17,So Hard Who Killed Pan remix,148000.0,f
id-1786610,id-2127343,id-903385,5,5,Lumiere DEvidence,290133.0,f
id-16575491,id-16197223,id-1487660,3,3,A Cottage for Sale,170266.0,f
rec-3970478-dup-0,rec-4838971-dup-1,rec-277747-dup-0,4,4,Effet de styoe effet de mode,239586.0,f
rec-12828029-dup-1,rec-13768085-dup-2,rec-1198990-dup-0,2,2,La n0che,365000.0,f
id-3569535,id-4331733,id-955912,13,13,Relax,,f
rec-12738950-dup-0,rec-5342795-dup-0,id-103422,3,3,Waterbug live on Btave New World,324000.0,f
rec-7499755-dup-1,id-8839605,id-483021,3,3,Fine Fine Datdy,157440.0,f
rec-8534659-dup-0,rec-9958908-dup-0,id-604324,6,6,Seni Sevmek İstdmiştim,364000.0,f
id-9960094,id-11486571,id-742190,5,5,פגישה לאין קץ,257293.0,f
rec-14447611-dup-0,id-1747204,id-134912,10,10,Col0re,296600.0,f
rec-14447611-dup-1,id-1747204,id-134912,10,10,Colo4e,296600.0,f
id-6422877,id-7683271,id-349630,6,6,Sleeping Pills,237000.0,f
rec-9635115-dup-0,rec-11128199-dup-2,rec-701126-dup-0,9,9,Chapger 19,315666.0,f
id-457513,id-526887,id-179790,2,2,The Strangest Callings,357093.0,f
id-9801626,id-11309172,id-722076,8,8,Let the Country Feed You,167600.0,f
id-28932535,id-25264727,id-2693583,16,16,Black Poet Skit,,f
id-6887315,id-8181600,id-409464,4,4,Master of All Masters,195000.0,f
rec-8678959-dup-1,id-10108993,id-612521,103,103,Glopal Market Ee,12000.0,f
id-32633345,id-27924743,id-3080146,9,9,9951 Presto 6m 36s,501973.0,f
id-12828029,id-13768085,id-1198990,2,2,La noche,365000.0,f
id-7945258,id-9317500,id-535349,19,19,She Moved Through the Fair Trad,169000.0,f
id-11457206,id-13009390,id-1108664,1,1,Annie Street Rock,194000.0,f
id-15228933,id-12575563,id-1360307,7,7,TSUBASA,298000.0,f
rec-3048252-dup-0,rec-3672847-dup-0,id-938766,1,1,Halovo v0dítko 1,77773.0,f
rec-13033838-dup-0,id-13792874,id-1209869,16,16,Rok Head Man,152000.0,f
id-7515972,id-8856994,id-484783,2,2,Night on Bald Mountain,164000.0,f
id-7182339,id-8495766,id-445333,20,20,El hombre invisible,173000.0,f
id-24459111,id-21983832,id-2248376,3,3,Under Roofs,258000.0,f
id-7898438,id-9267321,id-530146,7,7,After the Rain,259400.0,f
id-24004494,id-21653396,id-2203224,8,8,Chapter A,12000.0,f
rec-8449595-dup-0,id-9865396,rec-595229-dup-1,13,13,Colt 13,285760.0,f
rec-7047142-dup-1,rec-8353979-dup-0,rec-1015794-dup-2,7,7,Hopka  żyjemy,231000.0,f
id-14825197,id-14078447,id-1233348,9,9,Schelingerov most,240457.0,f
rec-10650742-dup-0,rec-12250331-dup-1,id-815519,13,13,Daddv,130093.0,f
id-4973356,id-6105601,id-180826,3,3,Asbestos Lead Asbestos De Tox dub,332600.0,f
id-548098,id-620215,id-185685,5,5,Call Upon Your Gods,297120.0,f
id-34266762,id-29106077,id-3258269,10,10,Pillows,238080.0,f
rec-10650742-dup-1,rec-12250331-dup-1,id-815519,13,13,Dadsy,130093.0,f
id-4963045,id-6093801,id-1040578,14,14,Old Blue Car,188000.0,f
id-2988658,id-3598743,id-211855,3,3,Never Stop,176466.0,f
rec-9683538-dup-0,id-11180705,id-706625,2,2,Ladybawke,141000.0,f
id-3447484,id-4175675,id-952135,10,10,Why Why Why Why Why,229040.0,f
id-6400523,id-7658027,id-346916,16,16,untitled,165906.0,f
id-35097302,id-29718717,id-3353815,5,5,UP ALL NIGHT,178050.0,f
id-9123084,id-10585204,id-660060,3,3,Ton papa,177000.0,f
id-2152109,id-2567762,id-914178,3,3,Chapter II Dust of Transience  My Cold Eternity,315920.0,f
id-3558635,id-4316581,id-744094,2,2,Menopause Diaries,287253.0,f
id-9411637,id-10891134,id-938429,12,12,Kiss Me Im Gone,184000.0,f
rec-8059329-dup-1,rec-9439699-dup-0,id-548330,11,11,Confu5ion Illusion,,f
id-5806209,id-7015816,id-277858,4,4,Bad Revisited,257000.0,f
rec-8059329-dup-0,rec-9439699-dup-2,id-548330,11,11,Confusion Ilusion,,f
id-37724278,id-31589274,id-3656742,8,11,Greatest Love Affair,208133.0,f
id-21991072,id-20205890,id-2007251,3,3,Excerpts from Weihnachts Oratorium Part 1  2,342146.0,f
rec-2357211-dup-1,id-2818405,id-384788,7,7,Ram Away to the Top of the World Today,398266.0,f
id-12738950,id-5342795,id-103422,3,3,Waterbug live on Brave New World,324000.0,f
id-3970478,id-4838971,id-277747,4,4,Effet de style effet de mode,239586.0,f
rec-12956168-dup-0,id-13823443,id-1206232,3,3,Everytging Is Broken,289320.0,f
rec-8059329-dup-2,rec-9439699-dup-1,id-548330,11,11,Confusion Illvsion,,f
id-15095744,id-15072922,id-1348020,13,13,As Long as I Live,147000.0,f
rec-14934437-dup-0,id-12123512,rec-803565-dup-0,5,5,La Vje,271000.0,f
id-1593061,id-1881213,id-898029,10,10,Mission,139466.0,f
id-13199251,id-12700920,id-1074811,1,1,Prologue,150000.0,f
rec-856031-dup-0,rec-983189-dup-0,id-884485,13,13,DNA,71240.0,f
id-2170949,id-2591248,id-444909,1,1,Start the Engine,357000.0,f
id-6485806,id-7750908,id-357904,3,3,Miroirs,400173.0,f
id-1476825,id-1743994,id-894817,15,15,Bonus,221933.0,f
id-6659011,id-7936564,id-378572,7,7,Ce qui trouble les hommes ce ne sont pas les choses mais,46546.0,f
id-10463483,id-12042339,id-794383,19,19,Embrace Me Girl,233000.0,f
rec-32697059-dup-0,rec-27967248-dup-0,id-3086952,3,3,Akong Third Street,528300.0,f
id-7930072,id-9301337,id-533591,5,5,Its Too Late Hes Gone,154000.0,f
rec-32697059-dup-2,rec-27967248-dup-0,id-3086952,3,3,Alonk Third Street,528300.0,f
id-4936387,id-6063049,id-989623,8,8,Madis Song The Man She Thinks I Am,255000.0,f
rec-8114670-dup-0,rec-9498551-dup-0,rec-554424-dup-1,9,9,Final Wae,430000.0,f
rec-8651123-dup-0,id-10080783,id-611169,16,16,Mother Fistt,265000.0,f
id-2353959,id-2814309,id-1256572,2,2,Stratus,582226.0,f
id-5286392,id-6450895,id-217351,1,1,Slow Motion Bossa Nova,283000.0,f
id-5558057,id-6749002,id-1001420,3,3,Of Minor Prophets and Their Prostitute Wives,163000.0,f
rec-27620240-dup-0,rec-24292977-dup-0,id-2562157,2,2,KDR,69481.0,f
id-1549419,id-1830464,id-198036,9,9,Mai Tai,327493.0,f
id-32716185,id-27980957,id-3089013,160,160,Funkenmord 160,184000.0,f
rec-2234179-dup-1,rec-2669778-dup-1,id-916677,3,3,Hämndem Gällivarevisan,164293.0,f
id-4226939,id-5198063,id-975855,7,7,God of Wonders,299680.0,f
id-2256185,id-2695990,id-913751,14,14,Siamsa,272360.0,f
id-3978988,id-4849772,id-777772,7,7,Sunday Afternoons,292440.0,f
id-4237623,id-5211424,id-94425,1,1,Sleepwalk,469520.0,f
id-4962370,id-6092976,id-179426,10,10,A Doubt,58920.0,f
id-5603554,id-6797329,id-343041,16,16,Air Lakeland,203000.0,f
id-58669,id-73365,id-869894,9,9,Hows Your Mama Phils Theme 52nd Street Theme  Salt Peanuts  Harlem Nocturne,304000.0,f
rec-10335430-dup-0,id-11904830,id-782295,18,18,Where the Rose Is Sown songle version,251093.0,f
id-6190135,id-7429206,id-320875,5,5,Полоняне,,f
rec-12795962-dup-1,rec-1030421-dup-0,id-1197767,7,B2,The Hardesd Time,192000.0,f
rec-2819101-dup-0,id-3389225,id-22973,11,11,Astr9d,153053.0,f
id-15064641,id-15051590,id-1345079,7,7,The Wound That Wont Heal People Theatre Pansement remix,317000.0,f
id-2693340,id-3233033,id-109613,8,8,A da Stadt,337093.0,f
rec-6313775-dup-0,id-7562834,rec-1013442-dup-0,12,12,Cik lēni znieg,187480.0,f
id-502896,id-576266,id-22272,11,11,Kiss My Face,179640.0,f
id-14018861,id-14458072,id-1276067,11,11,Clairobscur,216000.0,f
id-5680190,id-6881096,id-219117,4,4,El médico del miedo,233466.0,f
id-400746,id-461371,id-41522,10,10,Hive,225306.0,f
rec-14275292-dup-1,rec-14630343-dup-0,id-1293624,7,7,Out of tbe Blue,233000.0,f
rec-14275292-dup-2,rec-14630343-dup-0,id-1293624,7,7,Out ov the Blue,233000.0,f
rec-12795962-dup-2,rec-1030421-dup-0,id-1197767,7,B2,Te Hardest Time,192000.0,f
id-8470901,id-9888969,id-845650,6,6,You Make My Dreams,194373.0,f
id-23105705,id-21004653,id-2113999,1,1,CLOSE GAME LIFE,170000.0,f
id-32625518,id-27920169,id-3079309,2,15,Clock 2002 demo of Dorian Grey Theater Music,96000.0,f
id-14084082,id-14504492,id-1280800,10,10,Wild Boys,322560.0,f
rec-14936570-dup-0,id-11542190,rec-747554-dup-0,7,7,Ride to Califorjia,202000.0,f
id-10878047,id-12377596,id-1051308,5,5,Opening,243000.0,f
rec-3418991-dup-0,id-4137482,rec-963597-dup-0,4,4,Keep It T0gether,,f
id-12522756,id-13639320,id-1183741,3,3,Above Your Existence,469000.0,f
id-9090995,id-10550404,id-656129,2,2,Island Fever,305960.0,f
id-11663792,id-7322702,id-445429,17,17,Alex du Pferd,86000.0,f
rec-15908914-dup-1,rec-15691507-dup-0,rec-1424379-dup-0,7,7,The Only Girl Whrn Youre Away,200826.0,f
id-32669322,id-27948539,id-3083937,7,7,They Have Been Here Earlier,399000.0,f
rec-2357211-dup-0,id-2818405,id-384788,7,7,Ran Away to the Top ov the World Today,398266.0,f
id-6595803,id-7863116,id-371309,18,18,Méandres Section 145,73000.0,f
rec-11293926-dup-1,id-12854115,id-1092477,1,1,Di Freind,178000.0,f
id-2857879,id-3437520,id-55191,10,10,Scarred by the Devil,198066.0,f
id-39748447,id-33031065,id-3901024,4,4,Chapter 5 Deadline Part 2,183386.0,f
rec-80947-dup-1,id-97852,id-879370,2,2,Kidclush,163000.0,f
rec-80947-dup-0,id-97852,id-879370,2,2,Kidclush,163000.0,f
rec-24387885-dup-1,rec-12883862-dup-0,id-2241207,9,A9,Trve Fine Mama,284000.0,f
rec-24387885-dup-0,rec-12883862-dup-0,id-2241207,9,A9,True F8ne Mama,284000.0,f
id-3474304,id-4209685,id-591055,1,1,Ride Free,279533.0,f
id-6445068,id-7706611,id-352302,8,8,Left Handend Theory,261000.0,f
id-32658813,id-16465677,id-3082768,9,9,Release Me disco Freak Mental mix,352397.0,f
id-34231116,id-29078456,id-3254692,25,25,A little piece,38240.0,f
id-73759,id-89478,id-382897,2,2,Pacific,270000.0,f
id-5345589,id-6516157,id-942196,13,13,Londonderry Air Trad arrArcher,265000.0,f
rec-32701472-dup-2,id-27970689,id-3087467,4,4,On te Warm Wet Ground,235000.0,f
id-4625410,id-4104579,id-876240,12,12,Blind Dance,382000.0,f
id-24398815,id-21940316,id-2242356,13,13,Too Much Money Business,166000.0,f
id-2176468,id-2598271,id-561136,9,9,Mahogani 9000,478533.0,f
rec-6121447-dup-2,id-7355391,id-313141,5,5,The Evenin9 Country,140000.0,f
rec-8279753-dup-1,id-9682426,id-880633,9,9,Roaalia,168000.0,f
id-24546039,id-22043641,id-2256401,14,14,One More Day,139000.0,f
rec-5297550-dup-0,id-6463144,id-997298,3,3,Brid9e Street Set,239040.0,f
id-6335446,id-7586950,id-338844,14,14,De Takomst,88880.0,f
id-5394734,id-6571277,id-228699,13,13,Novi dani,212000.0,f
rec-10447660-dup-0,rec-10914567-dup-0,rec-792987-dup-0,9,9,LOisteau de Feu  Rondo  Corovod,252773.0,f
id-4281146,id-5269714,id-97943,7,7,Sugar Sugar,200000.0,f
id-38348703,id-33022292,id-3728601,69,69,Ground Theme Super Mario Bros,204507.0,f
id-7319718,id-6622003,id-462235,4,4,Well Enough Alone,259000.0,f
rec-7528956-dup-2,rec-8870941-dup-0,id-486466,3,3,Sin and Sac4ifice,,f
rec-606412-dup-1,id-681166,rec-454185-dup-0,9,9,Lamejt,289040.0,f
id-7067817,id-8376439,id-432479,18,18,A tak já v tom zase lítam,113000.0,f
id-23024165,id-4778333,id-2106197,14,14,Livin on the Edge,330000.0,f
id-2712942,id-3257976,id-923738,2,2,Untitled,224466.0,f
id-3266324,id-3944173,id-693305,5,5,The Exquisite Flavor of GastroAnal Tripe,174426.0,f
id-6643255,id-7919684,id-376870,17,17,Uns Verbrennt Die Nacht,179000.0,f
id-4864176,id-5981249,id-900675,2,2,War Criminal,,f
id-9521927,id-11007275,id-694472,54,54,Mr  Mrs,59000.0,f
id-2883503,id-3468330,id-934283,10,10,Har Du Knoklet Som En Djævel,233893.0,f
id-9521922,id-11007270,id-694472,49,49,The Family Season,29000.0,f
id-11719803,id-13172691,id-1127520,22,22,And So It Goes,,f
id-7979378,id-9354232,id-1041385,4,4,Badge,420000.0,f
id-27588659,id-24268356,id-2558989,4,A4,Indian Loop,425000.0,f
rec-11259204-dup-1,id-4400558,rec-711599-dup-0,14,14,Gnälloipan,71533.0,f
id-5507484,id-6693842,id-241149,6,6,Key,383000.0,f
id-9001360,id-10453882,id-645638,40,40,Snowman Swing A,60000.0,f
id-13689725,id-14246300,id-1252918,9,B4,Nights I Remember,283000.0,f
id-4406444,id-5430274,id-334787,3,3,Stupid Love Song,231680.0,f
id-20364357,id-4250723,id-1850175,9,9,Devil Inside,324000.0,f
id-3966611,id-4834098,id-72611,1,1,Veni Mecum,,f
id-13611897,id-9679261,id-1241673,49,49,Vesper Sparrow  Lark Sparrow,70000.0,f
id-183995,id-223649,id-33147,11,11,Color Bars,139800.0,f
id-13314420,id-14031095,id-1227941,2,2,Magna Carta,,f
id-8522184,id-9945051,id-673694,5,5,Move Your Body,190000.0,f
rec-7709855-dup-0,rec-9067191-dup-1,id-507900,11,11,Scene 27  intro to the voice behind the walpaper trellick tower 3am,281866.0,f
id-23020568,id-20942212,id-2105946,13,13,Alman in D,55666.0,f
id-9357858,id-10834744,id-681708,4,4,I Was Wrong,181000.0,f
id-18720099,id-17820663,id-1695232,9,B1,Tummanpunainen,191000.0,f
rec-6094387-dup-0,rec-7326530-dup-1,id-1009837,4,4,Rup a Little Lotion,358000.0,f
id-2465332,id-2956346,id-396224,4,4,Done With It,215000.0,f
rec-12085317-dup-0,id-13403296,id-1154430,4,4,Tandeta w modzis,152293.0,f
id-5389827,id-6565834,id-997876,11,11,Intermission,26000.0,f
id-744056,id-838905,id-52866,6,6,Acrobat,210866.0,f
id-5483795,id-6657841,id-238657,9,9,Reclusion,211080.0,f
id-6409766,id-7667953,id-1016616,10,10,혼자짓는 미소,263400.0,f
rec-14712073-dup-0,id-1202413,id-1262774,5,5,Se Suits Me to a T,270000.0,f
id-12622338,id-591471,id-384802,1,1,Soul and Fire,227213.0,f
rec-1473126-dup-0,id-19153100,id-977975,9,9,Concerto No 5 in B major BWV 1050 III Alegro,311573.0,f
id-1945919,id-2318403,id-253200,1,A1,The Vortex Void of Inhumanity,141026.0,f
rec-7145816-dup-2,id-8456284,id-1175539,10,10,Joy Juise,168533.0,f
id-34231978,id-29079244,id-3254757,5,5,The BeBop Irishman,218000.0,f
id-810796,id-918440,id-2509,14,14,Serious,233400.0,f
id-11988310,id-11810213,id-1146866,2,2,ロストジェネレーション replay,246000.0,f
id-4724117,id-5820420,id-148449,10,10,Ujo poika,162893.0,f
rec-9040057-dup-0,rec-10495686-dup-0,id-650320,2,2,Wanderin9 Memory,1795053.0,f
id-12844134,id-13776338,id-1200099,5,5,In Place,259000.0,f
id-38681564,id-32275279,id-3768258,8,8,OSOBOWY DO ZAGÓRZA,,f
id-6496899,id-7762786,id-359547,2,2,Baneful Skies,300506.0,f
id-12214447,id-13481841,id-1164240,8,8,Hallelujah,184360.0,f
id-570824,id-643721,id-149522,10,10,Oh Yeah,346693.0,f
rec-600299-dup-0,rec-674525-dup-1,id-879445,10,10,Tarik,248600.0,f
id-34273870,id-29111418,id-3259186,1,1,A la vie à la danse Lets Dance Tonight Girl Version Club,370000.0,f
id-257277,id-299361,id-42930,16,16,På TV,261279.0,f
id-17288,id-27591,id-979355,7,7,You Really Got a Hold on Me,326000.0,f
rec-18757291-dup-1,rec-17846873-dup-0,id-1698333,6,6,Dra9gin Tale,112000.0,f
rec-3953460-dup-0,id-4817572,rec-71317-dup-0,6,6,Morgvray,219000.0,f
id-5705623,id-6907606,id-1006029,9,9,Live Like Were Alive,223546.0,f
id-40677,id-54097,id-871005,5,5,Can I Know Your Name,182000.0,f
rec-999013-dup-0,id-1166592,id-9568,26,26,Entahacte Caesar  Cleopatra,154640.0,f
id-23104092,id-21003329,id-2113851,8,8,Miami,247404.0,f
rec-9578750-dup-0,id-11067318,id-695712,26,26,Invinity,29000.0,f
id-5782223,id-6989446,id-446713,7,7,Waiting for the Dawn,107000.0,f
rec-11398629-dup-0,id-12953423,id-1103045,13,13,Keep It Simpile,259000.0,f
id-2215262,id-2646417,id-573082,4,4,Ich möcht ein Haarem Hamn,274520.0,f
id-5605250,id-6799014,id-252086,2,2,Sing Through Me,279586.0,f
rec-7864075-dup-1,rec-9230055-dup-0,id-526085,5,5,Wintersomg,255333.0,f
id-18801601,id-17879753,id-1702539,2,2,Bebop,138760.0,f
rec-1675520-dup-1,rec-1981370-dup-0,id-903161,14,14,SOS Fire in the Sjy,241360.0,f
id-6523360,id-7790919,id-1018568,15,15,Cétait toi cétait moi cétait nous Yester Me Yester You Yesterday 1969,170000.0,f
rec-8114670-dup-1,rec-9498551-dup-0,rec-554424-dup-0,9,9,Final Wae,430000.0,f
id-5968336,id-7189405,id-300278,10,10,Lyrische Suite für Orchester Op 54 III Notturno,260600.0,f
rec-12103172-dup-2,id-13415748,id-1155982,3,3,Alk My Lies,245000.0,f
rec-7295050-dup-0,id-8616568,id-998978,7,7,Un árigel llora,257000.0,f
id-2885619,id-3470808,id-413247,8,8,You Make Me Feel Brand New,312106.0,f
rec-9316860-dup-1,id-10792274,id-678366,22,22,Up to the Minvte narration,60000.0,f
id-13788365,id-14306490,id-1259551,17,17,HipHop,244025.0,f
id-30658094,id-26525448,id-2865903,11,11,Bruce And Annette Jazz,175000.0,f
id-11311480,id-3125664,id-1094308,12,12,Der Kuss,111000.0,f
rec-6381321-dup-0,id-7637438,id-344418,6,6,American Insomnia Drean Complex,256360.0,f
rec-10009204-dup-0,id-11542688,id-747615,8,8,Berrivile,124000.0,f
rec-13752595-dup-0,id-14286233,rec-1257367-dup-0,9,9,Lazy Summer Day Clearwater Beach clel Mar Bar mix,438000.0,f
id-2175818,id-2597533,id-885420,8,8,Give Me the Music,355000.0,f
id-10420982,id-11996467,id-790811,12,12,ElectroFried,45000.0,f
id-13509417,id-14137560,id-1240255,3,3,Khazad Dum,665000.0,f
rec-9980345-dup-0,id-11508984,id-743953,32,32,Get Out Now 30 second verslon,30000.0,f
id-804711,id-912398,id-984411,4,4,Caravan,214400.0,f
id-9477080,id-10959811,id-690728,30,30,Killer Groove,29000.0,f
rec-12855269-dup-0,rec-13306614-dup-1,rec-1143052-dup-0,1,A1,Hu5sjöröveri,,f
id-7724014,id-9082457,id-509457,5,5,WahnSinn,280506.0,f
id-5968239,id-7189290,id-297000,17,17,Твои глаза зелёные,243853.0,f
id-19115021,id-18114172,id-1732547,3,3,Highly Strung Richard Barbieri remix alt,120000.0,f
rec-4423810-dup-0,id-5452985,rec-111154-dup-0,3,3,Wild Mountain Tbyme,156000.0,f
rec-8595440-dup-2,id-10023226,id-608445,6,6,Stitdhing Time,436320.0,f
id-32715367,id-15199540,id-3088996,2,2,I doubt it,205000.0,f
id-1693708,id-2004850,id-235115,2,2,Thats Easy for You to Say,192866.0,f
id-9448147,id-10930300,id-688564,4,4,Guinness,141000.0,f
id-13395406,id-14078366,id-1233324,6,6,Rompecabezas,219847.0,f
id-754666,id-855108,id-374816,11,11,Rhode Trip,76240.0,f
id-15214297,id-15163043,id-1358940,18,18,Skitaggrossismen,283000.0,f
rec-11568661-dup-0,id-13086622,rec-1117494-dup-0,1,1,Bik Kariba,202000.0,f
rec-12790591-dup-0,id-13757513,id-1197559,9,9,Vibe Wjth Ya,204390.0,f
rec-12790591-dup-1,id-13757513,id-1197559,9,9,Vibe Wlth Ya,204390.0,f
id-2667584,id-3201415,id-460593,5,5,The Names,225320.0,f
rec-37677750-dup-0,id-17871941,id-3651037,116,116,Ruh Lucifer,208399.0,f
rec-14399976-dup-2,id-1975752,id-1311348,14,14,Something Beautiful,227746.0,f
id-8645044,id-10074531,id-610877,29,29,Autumn Moon,162000.0,f
id-999013,id-1166592,id-9568,26,26,Entracte Caesar  Cleopatra,154640.0,f
id-893592,id-1041459,id-375336,4,4,Jacks Slumber Party,270400.0,f
id-4047355,id-4942217,id-262051,9,9,Intro,116920.0,f
id-14763351,id-518607,id-1328562,13,13,Threnody The Spirit Never Dies,270000.0,f
rec-24467863-dup-2,rec-1539509-dup-0,id-2249181,5,5,If Youre Gonna Play in Texas You Gota Have a Fiddle in the Band,268026.0,f
id-6601731,id-7874998,id-371933,1,A,IOU,470000.0,f
rec-24467863-dup-0,rec-1539509-dup-0,id-2249181,5,5,If Youre Gona Play in Texas You Gotta Have a Fiddle in the Band,268026.0,f
id-10456516,id-12034701,id-793611,17,17,アキハバラマーチ,122000.0,f
id-6433511,id-7694477,id-350863,12,12,Me and My Horses,388280.0,f
id-10955555,id-12567304,id-1059585,9,9,If Youre Seeking Freedom,146573.0,f
id-4880935,id-6000710,id-169341,16,16,Jungle Kitty,180133.0,f
id-3495397,id-2996724,id-907428,7,7,Just Ask Your Heart,149600.0,f
rec-25380035-dup-1,rec-263138-dup-0,id-2339567,9,9,Time ro Go Home,260093.0,f
id-3965845,id-4832961,id-967576,8,8,Link n Continental,243666.0,f
id-2003658,id-8436035,id-734669,5,5,Biosphere,310666.0,f
rec-7462786-dup-0,id-8798962,id-479056,2,2,Fire5,259000.0,f
rec-4542607-dup-0,id-5613731,id-979042,2,2,Contigo Na Distânc9a,166160.0,f
rec-1881302-dup-0,id-2242456,id-906012,6,6,Ana Aybi Li Habibi,348440.0,f
rec-24004494-dup-1,rec-21653396-dup-0,rec-2203224-dup-0,8,8,Chaptrr A,12000.0,f
rec-2234179-dup-0,rec-2669778-dup-0,id-916677,3,3,Hämnden Gällifarevisan,164293.0,f
id-12350714,id-2859865,id-717189,11,11,Melt,327040.0,f
rec-24004494-dup-0,rec-21653396-dup-0,rec-2203224-dup-0,8,8,Chaptee A,12000.0,f
id-8506068,id-9927601,id-601978,7,7,Oprofessionell,280000.0,f
id-16614239,id-5984007,id-1491435,2,2,Swap original mix,390000.0,f
rec-479031-dup-0,id-551400,id-265329,3,3,An Onkoming Train,234000.0,f
id-16611605,id-15305825,id-1491205,5,5,Symphony no 5 in Eflat major op 82 I Tempo molto moderato,801000.0,f
rec-479031-dup-2,id-551400,id-265329,3,3,An Oncomjng Train,234000.0,f
id-1852160,id-2207324,id-13998,6,6,Sodom  Begorra,216266.0,f
id-12151641,id-13443981,id-1159471,6,6,Angel Eyes Delusion Inc remix,353000.0,f
id-13126799,id-13926528,id-1215824,6,6,Cocula,180000.0,f
rec-28963359-dup-0,id-25284773,rec-2696736-dup-0,5,5,Crowbait Bewt,123000.0,f
id-3442524,id-4169152,id-171787,11,11,Tranquila,247133.0,f
id-38669844,id-26537969,id-3766687,6,6,Entertain,176933.0,f
rec-8595440-dup-0,id-10023226,id-608445,6,6,Stitchirig Time,436320.0,f
id-14898455,id-12770558,id-1082635,6,6,22 dní,205000.0,f
rec-7639384-dup-0,id-8990916,rec-499579-dup-0,16,16,Ole dole cloff,130693.0,f
id-34259809,id-29101379,id-3257609,14,14,I Dont Know Officer,272640.0,f
id-1901304,id-2265925,id-1301580,5,5,A Touch of Henry Moore,217306.0,f
id-9329377,id-10805176,id-678874,52,52,Swirly Gates narration,30000.0,f
id-1702634,id-2016637,id-1001954,3,3,Oxygene,233400.0,f
id-10020331,id-11554591,id-748563,6,6,Pump full mix,97000.0,f
id-6524731,id-7792358,id-363125,2,2,Jazz  Drums,215000.0,f
id-5770863,id-6977619,id-273662,1,1,One Fine Morning,263000.0,f
id-4114648,id-5036083,id-972064,8,8,Ten Second News,,f
id-39775073,id-33050143,id-3904549,1,A,No More Love,,f
id-23439210,id-21248793,id-2146771,9,9,Sandalia quebrada,340000.0,f
id-11152236,id-12731367,id-1078093,2,2,Runnin Through the Night,207000.0,f
id-8142500,id-9530023,id-557995,10,10,Looking at You live,354000.0,f
id-14013268,id-14457482,id-1275681,30,30,Sweet Betsy From Pike traditional version,96000.0,f
id-7258878,id-8578110,id-454452,1,1,Brighter Tomorrow,206000.0,f
rec-3457022-dup-1,id-1038409,rec-75702-dup-0,2,2,Adom Bomb Atomix 1,340240.0,f
id-14459874,id-14745117,id-1307409,2,2,Feel the Pain,233351.0,f
id-9688737,id-11186442,id-707208,8,8,Walkabout Warrior,188986.0,f
id-30647850,id-26517020,id-2864702,3,3,Around The World,243000.0,f
id-9826776,id-11336738,id-725474,3,3,Si jétais président,226986.0,f
id-3974606,id-4844374,id-73377,25,25,Float Super 4,,f
id-11281817,id-12842833,id-1091097,1,1,A escondidas,262000.0,f
id-14223705,id-213800,id-1289994,12,12,Crouching Tiger Hidden Dragon film score Sorrow,239000.0,f
rec-18760899-dup-0,rec-13330276-dup-0,rec-1698609-dup-0,17,17,Opu5 37,322000.0,f
rec-18760899-dup-1,rec-13330276-dup-0,rec-1698609-dup-0,17,17,Opus 27,322000.0,f
id-5308585,id-4967597,id-1138073,2,2,Winter Wonderland,129386.0,f
id-18677887,id-17788612,id-1691147,1,A,GIGN,218000.0,f
id-8764255,id-10198939,id-620382,31,31,At Peace 60 second version,60000.0,f
id-8987965,id-10440222,id-645085,63,63,Tout Va Bien B,60000.0,f
id-6194148,id-7433458,id-321355,5,5,Zihuatanejo,782720.0,f
id-9574232,id-11061766,id-695637,19,19,Ides of March,29000.0,f
id-8497811,id-9918473,id-601248,2,2,My Car Wont Go,167000.0,f
id-6487497,id-7752630,id-358180,11,11,Prickel Pit live,219000.0,f
rec-7978894-dup-0,id-9353739,rec-1039814-dup-0,10,10,Miranta,251600.0,f
id-18760899,id-13330276,id-1698609,17,17,Opus 37,322000.0,f
id-15124628,id-270931,id-1350796,6,6,Drifters Escape,172160.0,f
rec-10335430-dup-1,id-11904830,id-782295,18,18,Where the Rose Is Sown sinkle version,251093.0,f
id-15914079,id-15695459,id-1424819,1,A,That Old Feeling,169000.0,f
id-531797,id-604387,id-533785,15,15,MatthäusPassion BWV 244 Teil I No 15 Choral Erkenne mich mein Hüter,59600.0,f
rec-597830-dup-0,rec-671950-dup-0,id-53869,1,1,Done Gone Blue,230813.0,f
id-1670728,id-1975003,id-736612,3,A3,Renard gadget,136933.0,f
id-6452635,id-7714990,id-353207,1,1,Time Holes,351000.0,f
rec-2988658-dup-1,id-3598743,id-211855,3,3,Nev4r Stop,176466.0,f
rec-2988658-dup-0,id-3598743,id-211855,3,3,Neveah Stop,176466.0,f
rec-9906285-dup-1,id-11424789,id-787623,2,2,Alwavs,217400.0,f
id-2255221,id-2694564,id-917204,12,12,Song Cycle,330066.0,f
rec-5832036-dup-2,id-7043071,id-280830,7,7,Sin peahdón,306000.0,f
id-718736,id-806781,id-687203,4,4,Wild Man Blues,200600.0,f
id-11966395,id-13328380,id-1145362,4,4,Dagny,201573.0,f
rec-15350718-dup-0,id-2033530,id-1372045,12,12,Proyeus,259760.0,f
id-11228330,id-12796602,id-1085690,2,2,How pleasant is this flowery plain and grove Z 543,478000.0,f
id-8663666,id-10093863,id-611918,25,25,NewBorn 29,29000.0,f
id-8132118,id-9518754,id-556538,3,A3,Its Gotta Be Love,,f
id-38660005,id-32260841,id-3765303,10,10,Sunset Riders,185000.0,f
id-1032460,id-1206473,id-1024547,17,17,Fat Beats,36520.0,f
id-9631097,id-11124312,id-700712,4,A4,Bibou blues,214000.0,f
id-14396940,id-14707118,id-1302920,4,B4,Temptation  Theme From a Summer Place,183000.0,f
rec-27569149-dup-0,id-2239781,rec-2556877-dup-0,2,2,Playground Battie,201906.0,f
rec-14266430-dup-0,id-14625342,id-1293043,20,20,Danc3 With the Guitar Man,158000.0,f
rec-30658094-dup-0,rec-26525448-dup-0,id-2865903,11,11,Bruce And Annette Jaz2,175000.0,f
id-4128892,id-5056232,id-85268,9,9,Frühling,217693.0,f
id-9751255,id-11254753,id-715318,1,1,Overture,333000.0,f
rec-10060117-dup-0,id-11599171,id-759157,4,4,Glass Bottom B0at,101760.0,f
rec-5102645-dup-0,id-6249327,rec-688890-dup-0,1,1,All Dre5sed Up,219640.0,f
id-3358300,id-4059529,id-977277,16,16,A Bench in the Park take 2,,f
id-2613975,id-3136243,id-1035425,17,17,Blues in the Night,270640.0,f
id-10512277,id-4750627,id-800429,7,C7,Move Any Mountain Land of Oz,344000.0,f
id-15236650,id-2414569,id-1361074,12,12,Penthouse Party,74133.0,f
id-3151879,id-3804624,id-38317,3,3,Flashdance original club mix UK radio version,405826.0,f
rec-8944088-dup-0,id-10391486,rec-640278-dup-0,9,9,Te Blessing Song,364000.0,f
rec-37712329-dup-0,id-31581294,id-3655314,7,7,Doyce Nuit,,f
id-15897271,id-15682128,id-1423268,4,4,Boom Zen Mechanics remix,588000.0,f
id-9502988,id-10985835,id-692752,18,18,Floatin Down to Cotton Town,139000.0,f
id-7639384,id-8990916,id-499579,16,16,Ole dole doff,130693.0,f
id-4101135,id-5017344,id-817421,10,10,Magie,261800.0,f
id-14376297,id-14693500,id-1301421,10,10,Me Voy,,f
id-9921310,id-11443497,id-846924,4,4,Poison,368000.0,f
id-5413141,id-6591477,id-230887,11,11,You Make Me Feel Alive Ganymede mix,257000.0,f
id-7917851,id-9288335,id-532336,1,1,Maybe Im a Fool,185000.0,f
id-1879135,id-2239582,id-183126,9,9,Play the Piano With Style,210573.0,f
id-9920045,id-1913479,id-736992,13,13,How Sweet It Is,210040.0,f
id-8747323,id-10181181,id-618816,22,22,Nabuchodonosor,231826.0,f
id-10930433,id-12545950,id-1057009,2,2,Cuban Overture,618000.0,f
id-13559457,id-6301613,id-602488,9,9,Love is the Only Way,264000.0,f
id-7483740,id-8822766,id-481197,6,6,Marys Boy Child,223000.0,f
id-10318651,id-11885906,id-780318,20,20,Das Horn von Töle,72000.0,f
id-35849685,id-30258477,id-3437210,8,8,The Postman Chapter 1 Part 28,314514.0,f
rec-39767059-dup-0,rec-541467-dup-0,id-3903572,9,9,On With tne Show,243613.0,f
id-8230230,id-9627808,id-568943,3,3,Zahir Diperbatasan,354000.0,f
rec-13736959-dup-0,id-14275803,id-1256226,2,2,How Many Infqnts Died In The Dryer,154947.0,f
rec-35864213-dup-0,id-30269813,rec-3438856-dup-0,50,50,Vir9in,352000.0,f
id-499713,id-573048,id-43694,6,6,Anatolian Delux ethnic mix,278013.0,f
id-11458382,id-13010675,id-1108780,10,10,La nave live,155000.0,f
id-6994847,id-8298029,id-423661,4,4,Pack a Cellphone Full of Explosives,115000.0,f
id-2480649,id-2975221,id-535208,4,4,Give Me Time,190626.0,f
id-14441061,id-9217822,id-1306158,1,1,LAffiche rouge,244160.0,f
id-11084502,id-11497644,id-800760,4,4,Princess Ida Act III When anger spreads his wing Chorus,80200.0,f
id-5046824,id-6186669,id-190248,4,4,Historic Site Of Scenic Beauty 1,179960.0,f
rec-8667914-dup-0,id-10098042,rec-612035-dup-0,5,5,Pujch for Power b,60000.0,f
id-35115646,id-29731134,id-3355927,3,3,Here for Love  An Erotic End of Times Remix,307000.0,f
rec-19178142-dup-0,id-25819942,id-1738682,9,9,Let5 Get Lost,193000.0,f
rec-14178571-dup-0,rec-14570572-dup-0,id-1286704,5,5,Always Up t9 No Good underscore 60 second version,60000.0,f
id-6498552,id-7764342,id-359751,1,1,Its That Time Again,75000.0,f
rec-1199808-dup-0,id-1420048,id-83283,9,9,Shivering Kihg,359906.0,f
id-14053799,id-14484331,id-1278725,1,1,FOAD,166000.0,f
id-9846625,id-11358731,id-727967,4,4,Romane,179000.0,f
rec-10848443-dup-2,rec-12471405-dup-0,id-1047997,7,7,Titi Ro5e au cœur,218000.0,f
id-9017571,id-10471645,id-647570,11,11,Toinen aikakirja 2 Aik 21 Joram Juudan kuninkaana,251400.0,f
id-14591802,id-14827396,id-1317151,3,3,Der Gruftwächter,546000.0,f
id-5583847,id-6775872,id-1001786,15,15,Leave Me Alone,249000.0,f
id-2016486,id-2403837,id-736309,6,6,A Rockin Good Way To Mess Around and Fall in Love,148560.0,f
id-56382,id-70808,id-867275,7,7,Amazing Grace,321000.0,f
rec-12330598-dup-0,id-13541634,id-1171084,1,1,小判一両 出囃子「宮神楽」〜笊屋と小判,496000.0,f
rec-9316860-dup-0,id-10792274,id-678366,22,22,Up to the Minute naahration,60000.0,f
id-3059093,id-3686357,id-937097,6,6,untitled,122974.0,f
id-2547888,id-3055866,id-923510,4,4,Accidental Seabirds,227333.0,f
id-10344385,id-11914377,id-792792,13,13,La Figuereta,136000.0,f
rec-9448147-dup-0,id-10930300,id-688564,4,4,Guinnejs,141000.0,f
id-7100322,id-8411245,id-436072,1,1,Principe de los dolidos,263000.0,f
id-2125216,id-2534640,id-913450,4,4,La Fiesta,445200.0,f
rec-12527683-dup-1,rec-1159813-dup-0,id-20481,5,5,JDubst,133000.0,f
rec-4570398-dup-2,id-5646143,id-687471,3,3,Ciao Baloy,40440.0,f
id-9082763,id-10540909,id-851653,4,4,Mirror,238973.0,f
id-5371150,id-6544731,id-226074,5,5,Make the Change,260000.0,f
id-19529513,id-18416054,id-1772099,9,9,LApprenti sorcier extract,226600.0,f
id-12927589,id-13812094,id-1204496,4,4,Twerk acapella version,207146.0,f
rec-14832666-dup-0,id-14934957,id-1332404,3,3,Wo war ich stehengebl:eben,547000.0,f
id-13748648,id-14283389,id-1257051,3,3,Breath of Heaven,324653.0,f
id-9814211,id-11322680,id-723764,14,14,Clearing the Lake,104000.0,f
rec-14042181-dup-0,rec-112489-dup-0,rec-255839-dup-1,5,5,Joyr'lde,94226.0,f
id-9639081,id-11132229,id-701470,8,8,Sommerlied,218000.0,f
id-405205,id-466087,id-503166,7,7,Vibes From the Tribe 8track version,506960.0,f
id-9222462,id-10692651,id-671650,4,4,Prelude To A Kiss,226440.0,f
id-11047365,id-12641970,id-1068298,1,1,Intro,91000.0,f
id-2436407,id-2916886,id-920631,14,14,Take My Hand Precious Lord,181840.0,f
id-5832885,id-7043957,id-280943,13,13,Evelina,189066.0,f
id-35113123,id-29729506,id-3355654,6,6,Voice of Heart オリジナルカラオケ,317146.0,f
id-6068517,id-7298587,id-1010963,9,9,Sweets for My Sweet,,f
id-10070257,id-11610625,id-752819,4,4,Schaukelschiff,269493.0,f
rec-14338053-dup-1,rec-10870990-dup-0,id-683762,6,B1,Concert for Munich,295000.0,f
rec-14338053-dup-0,rec-10870990-dup-0,id-683762,6,B1,Concert fir Munich,295000.0,f
id-13414965,id-2292559,id-1234687,8,8,Wondrous Place,144000.0,f
id-13834294,id-14338705,id-1262747,6,6,Who Needs Vocals Anyway,456341.0,f
rec-893592-dup-2,id-1041459,id-375336,4,4,Jaks Slumber Party,270400.0,f
id-24382716,id-1412793,id-2240774,10,10,Canzone della bambina portoghese,,f
id-8750159,id-10184338,id-619144,17,17,黒衣の男,131000.0,f
id-8777120,id-10211898,id-620820,44,44,On the Limit 30 second version,30000.0,f
id-9313711,id-10789074,id-678299,49,49,A Clowns Lost Love stinger,15000.0,f
id-15098516,id-15074905,id-1348293,3,3,After All This Time,215000.0,f
id-25381865,id-22638734,id-2339769,7,7,Slowly,212000.0,f
rec-2654514-dup-0,rec-3185906-dup-0,id-916420,1,1,Fil The Way I Do,246160.0,f
id-4509535,id-5573540,id-591293,14,14,Luna de cabotaje,269266.0,f
id-13063413,id-13889778,id-1211515,6,6,El charro chino,,f
rec-4276153-dup-0,rec-5263562-dup-0,id-97619,7,7,Magnetic Anam0ly,344613.0,f
rec-24398815-dup-0,id-21940316,id-2242356,13,13,Too Much Money Busimess,166000.0,f
rec-1846169-dup-2,rec-2200110-dup-0,rec-1030666-dup-2,2,2,Say Id Isnt So,181000.0,f
rec-1846169-dup-0,rec-2200110-dup-0,rec-1030666-dup-0,2,2,Say It Iznt So,181000.0,f
rec-37688409-dup-0,id-31565787,id-3652310,10,10,Human 98 Resistsnce D Extended Mix,277693.0,f
id-3750094,id-4557548,id-1212787,7,7,Intro,107360.0,f
id-10122050,id-11667696,id-757394,3,3,untitled,30000.0,f
rec-861896-dup-1,id-994535,rec-884526-dup-0,8,8,Send Me an Ang4l,239360.0,f
id-7116908,id-8428666,id-438085,13,13,Voodoo Child,221000.0,f
id-9475106,id-10957859,id-690675,32,32,Satch,29000.0,f
rec-14788165-dup-0,id-13021852,id-1110046,7,7,Give Id Up,240000.0,f
id-6110078,id-7343284,id-312066,13,13,Im Sorry,180000.0,f
id-4252451,id-5231369,id-95751,17,17,silence,4000.0,f
rec-18728534-dup-0,rec-17826910-dup-0,id-1695974,3,3,Right lr Wrong,158000.0,f
id-18719707,id-17820347,id-1695198,10,B5,Taikausko,253000.0,f
id-28235458,id-24766977,id-2622853,7,7,いつものパーティー,,f
rec-24426678-dup-1,id-1313020,id-2245091,3,A3,Kosin5ki,232000.0,f
id-1876534,id-2236347,id-422094,1,1,Bioman,177066.0,f
id-10518043,id-12103732,id-801360,14,14,Anything for You,286253.0,f
id-34279374,id-29115586,id-3259867,12,12,Followers Divas Theme,290000.0,f
rec-30658094-dup-2,rec-26525448-dup-0,id-2865903,11,11,Bruce And Anriette Jazz,175000.0,f
id-12108255,id-13418623,id-1156355,7,7,Wir gehörn doch zusammen,205000.0,f
id-16568553,id-380190,id-1486965,6,6,Dont Release Me,255893.0,f
id-2638794,id-3166073,id-148158,3,3,Tossed Up,239000.0,f
id-2707136,id-3250851,id-928050,6,6,Livre de 1706 Gigue,150600.0,f
rec-18779988-dup-0,id-17864413,id-1700411,4,4,Theste Memories,,f
rec-2953729-dup-0,rec-3554723-dup-0,id-239533,12,12,Åt zamma håll,,f
rec-80947-dup-2,id-97852,id-879370,2,2,Kidduzh,163000.0,f
id-5559077,id-6750248,id-1008881,18,18,Sahek Ota,146000.0,f
id-34298810,id-29130800,id-3262179,1,1,Barren,362603.0,f
id-14845216,id-12767746,id-1082330,1,1,Everything Is Borrowed live on Jools Holland 0908,212000.0,f
id-12173641,id-2640928,id-151709,3,3,This Is the Carter,276080.0,f
id-2775998,id-446663,id-904424,20,20,In the Wee Small Hours of the Morning,162186.0,f
id-15268631,id-15205292,id-1364166,11,11,Oops the Troops  Away We Go  Shiftycraft  Dead for Real,212000.0,f
rec-14804768-dup-0,id-14933892,id-1330512,8,8,Mouin On,,f
rec-14804768-dup-1,id-14933892,id-1330512,8,8,Mobin On,,f
id-14234788,id-7759148,id-359054,3,3,Blood,196000.0,f
rec-13289542-dup-0,id-14014195,id-1226053,4,4,Du Reisst Mir Meirie Federn Aus,229000.0,f
rec-13289542-dup-1,id-14014195,id-1226053,4,4,Du Reisst Mir Meime Federn Aus,229000.0,f
id-38677628,id-32272330,id-3767781,4,4,Prélude op 1 no 1,119213.0,f
id-13672400,id-14236008,id-1251708,7,7,Nijntje gaat logeren,,f
rec-14123738-dup-2,rec-3780610-dup-0,rec-942133-dup-0,1,1,Taksi fahrn 9n Istanbul,188426.0,f
rec-14123738-dup-1,rec-3780610-dup-0,rec-942133-dup-0,1,1,Takji fahrn in Istanbul,188426.0,f
rec-14123738-dup-0,rec-3780610-dup-0,rec-942133-dup-0,1,1,Taksi farn in Istanbul,188426.0,f
id-10578192,id-12171027,id-807566,4,4,Ce garçonlà,207306.0,f
id-8779529,id-10214293,id-620888,10,10,Life Science,182000.0,f
id-24533838,id-9898113,id-2255244,4,4,Tear the Place Up,179000.0,f
id-2260329,id-2700973,id-970341,9,9,Sky Dancer,,f
rec-3933690-dup-0,id-4792213,rec-69651-dup-0,4,4,Life in 645 min libe,404560.0,f
rec-32660205-dup-1,rec-27942497-dup-0,id-3082921,5,5,Cloues,196000.0,f
id-9092296,id-10551743,id-656274,16,16,Αυτός που σέρνει το χορό,194000.0,f
id-338217,id-394179,id-294712,6,6,Magic Theatre,158733.0,f
id-7778781,id-9139806,id-515949,3,B2,Universo House version,,f
id-10240561,id-11798852,id-772076,15,15,Vivisection live,197253.0,f
rec-10955555-dup-2,rec-12567304-dup-2,id-1059585,9,9,Iv Youre Seeking Freedom,146573.0,f
id-15190503,id-15145623,id-1356807,28,28,Schools Out,34000.0,f
id-9373143,id-10850647,id-682856,20,20,Capri full mix,30000.0,f
rec-7715367-dup-0,id-9073473,rec-787278-dup-0,8,8,The Sound of San Francisco 5hort Progressive mix,218000.0,f
id-3782648,id-4598557,id-62141,14,14,Zviedru vārti,236840.0,f
id-10658116,id-12258546,id-816552,14,14,Айда,233000.0,f
id-1179431,id-1396868,id-979111,11,11,Confessions of a Futon‐Revolutionist,134480.0,f
rec-12451085-dup-0,rec-13606877-dup-0,id-1179542,5,5,Dat Nig9a Dere,220000.0,f
id-5057677,id-6198754,id-191680,7,7,Time Will Show the Wiser,218000.0,f
id-9429015,id-10910338,id-978821,6,6,Uti vaar Hage,163000.0,f
id-13944641,id-14411945,id-1270441,13,B5,Rovaniemen markkinoilla,,f
id-5008688,id-6144912,id-931797,15,15,En jager gik at jage,146000.0,f
id-256062,id-298004,id-1037609,6,6,Close to You,258040.0,f
rec-34890267-dup-0,rec-23213198-dup-0,rec-3330762-dup-0,4,4,ホトトギス,184000.0,f
id-403451,id-464252,id-87694,9,9,Sally Cant Dance,176240.0,f
id-8375978,id-9786365,id-586538,4,4,BBoy on Wax instrumental,246960.0,f
rec-4628754-dup-1,rec-5713091-dup-0,id-135658,10,10,Trapped Under dhe Sky,303000.0,f
rec-5318139-dup-2,id-6485732,id-523579,12,12,Firet Up,206000.0,f
id-30648972,id-26518086,id-2864814,6,6,Winter Cookies,227773.0,f
rec-5318139-dup-0,id-6485732,id-523579,12,12,Fires Up,206000.0,f
id-24431368,id-21963848,id-2245500,16,16,Ape Shit,211000.0,f
id-9316013,id-10791427,id-678355,27,27,Nightly Report stinger,5000.0,f
id-6202697,id-7442759,id-322399,2,2,Lysergik Funeral Procession,281000.0,f
rec-303982-dup-0,id-789639,id-1009220,10,10,Ho,281800.0,f
id-15443624,id-15335933,id-1380978,10,10,Zing een Lied,216000.0,f
id-12138802,id-2847660,id-37367,12,12,Blessing in Disguise,145013.0,f
id-3496517,id-4237450,id-219584,6,6,Detour,443466.0,f
id-5123735,id-6272455,id-680789,1,1,Flavoursaver,648000.0,f
id-13586906,id-14187667,id-1246072,22,22,Celebrate Life,231000.0,f
id-11849865,id-13255493,id-1137068,14,14,Anna,317640.0,f
rec-570824-dup-0,id-643721,id-149522,10,10,Oh Yeab,346693.0,f
rec-4148307-dup-0,id-5083819,id-86760,68,68,Nuken 8,25280.0,f
rec-4148307-dup-1,id-5083819,id-86760,68,68,Nukej 8,25280.0,f
id-14723963,id-14898400,id-1326173,9,B2,Parabienes al revés,,f
id-513948,id-587075,id-334380,11,11,Recorder Grot Rally,21533.0,f
id-7402443,id-8733621,id-472076,17,17,Rules of Engagement,134173.0,f
id-13335487,id-13502339,id-1166697,12,12,Navi Hometree Chant 2,13320.0,f
id-1408935,id-1663264,id-893161,7,7,Slow Rising Part 2,200506.0,f
rec-7275819-dup-0,id-8596059,rec-456640-dup-0,8,8,Ni Una Sola Ve2,188960.0,f
rec-7275819-dup-1,id-8596059,rec-456640-dup-0,8,8,Ni Una Sols Vez,188960.0,f
id-13157230,id-13940996,id-1217578,5,5,Lover Man,293000.0,f
id-4105208,id-5022911,id-83383,16,16,Lullaby of the Leaves,120626.0,f
id-32705933,id-27973844,id-3087995,1,1,Poor Black Mattie,189000.0,f
id-13353474,id-14056024,id-1230767,17,17,Stuck on You,135000.0,f
id-2944451,id-3543274,id-929163,4,4,Ludicrous,237600.0,f
rec-14396940-dup-1,rec-14707118-dup-0,rec-1302920-dup-0,4,B4,Temptation  Thene From a Summer Place,183000.0,f
id-15168007,id-15127918,id-1354741,15,15,Любовь,210000.0,f
rec-2040264-dup-0,id-2432266,id-602501,11,11,On exi5te encore,330546.0,f
id-10681717,id-12284852,id-819545,1,1,Clergys Lamentation  Separation of Soul and Body,227426.0,f
rec-13032264-dup-0,rec-13874511-dup-0,rec-1209836-dup-1,29,29,Cozy Campfire Collake 15 second version,15000.0,f
id-11544800,id-13070765,id-1115774,4,4,Heaven,279080.0,f
id-3560685,id-4319353,id-398900,1,1,I Believe,472493.0,f
id-1572549,id-1857685,id-2700,7,7,Hand in Hand,198066.0,f
id-14624139,id-14844876,id-1319341,11,11,Intro,,f
id-1937038,id-2307497,id-907599,2,2,Slow Down,122000.0,f
rec-9290830-dup-0,id-10764356,rec-676117-dup-0,5,5,25 Sefonds,285000.0,f
rec-9290830-dup-1,id-10764356,rec-676117-dup-0,5,5,25 Sdconds,285000.0,f
rec-13862429-dup-0,id-14356943,id-1264477,10,B10,Villa Carfa,234000.0,f
id-34304453,id-29135354,id-3262643,7,7,Кровь почва верность и честь,244000.0,f
id-13240373,id-13983702,id-1222608,16,16,Prélude op 28 no 16 en Si bémol mineur Presto con fuoco,70000.0,f
id-9548179,id-11034419,id-694893,52,52,Maximum Reflex,30000.0,f
rec-12121731-dup-0,rec-1160176-dup-0,id-541706,3,3,Erai,280440.0,f
id-226880,id-270380,id-871323,3,3,Alicia,346106.0,f
id-11162256,id-12740477,id-1079142,7,7,Beats Upon Your Brain,185000.0,f
rec-107388-dup-2,id-128403,id-880214,11,11, ancl Then,36000.0,f
id-10365824,id-11937543,id-785558,748,748,One Shots Brushes One Shots Brushes 7403,,f
rec-3482443-dup-0,id-4219962,rec-247998-dup-0,9,9,Bruisrs,269853.0,f
rec-10232939-dup-0,id-11790446,id-771128,9,9,Filn,119000.0,f
rec-2006829-dup-1,id-2392040,id-911310,13,13,I Want My Bal>y,145226.0,f
id-2407141,id-2879236,id-1015896,12,12,Siste stikket,280146.0,f
id-8393869,id-9805656,id-588500,1,A,untitled,,f
id-9651315,id-11146171,id-702885,16,16,MC,254000.0,f
id-1703042,id-2017110,id-484022,8,8,Lost Chances,217986.0,f
id-13591413,id-14190121,id-1246332,23,23,Sketch a nice cup of tea,56000.0,f
id-15059972,id-4595999,id-1344735,5,5,From Holbergs Time op 40 V Rigaudon Allegro con brio,222160.0,f
id-12475103,id-2951569,id-79750,1,1,Tanzverbot Schill to Hell,207080.0,f
id-1651860,id-710518,id-1172005,5,5,Ligging at Louis,398800.0,f
rec-9394462-dup-1,id-10872885,rec-683854-dup-0,21,21,And You Shine ful mix,173000.0,f
rec-1851686-dup-0,id-2206763,id-380991,1,1,Ambient Kinskt,242000.0,f
rec-1851686-dup-1,id-2206763,id-380991,1,1,Ambient Kinaky,242000.0,f
rec-1851686-dup-2,id-2206763,id-380991,1,1,Am1>ient Kinsky,242000.0,f
id-6546082,id-7815654,id-365555,2,B,Music Hypnotizes Hypnotizing mix,322000.0,f
rec-2176468-dup-1,id-2598271,id-561136,9,9,Mahogani g000,478533.0,f
rec-6760879-dup-0,rec-8044618-dup-0,rec-393911-dup-0,14,14,The Hill of Leopares,128000.0,f
id-16626581,id-16233669,id-1492495,11,11,It Might As Well Be Spring,411333.0,f
id-5843381,id-7055231,id-1308594,10,10,My Sister and Brothers,253000.0,f
id-2158088,id-2575202,id-907130,1,1,When Hell Becomes Reality,159733.0,f
rec-9718461-dup-2,id-11219281,id-711067,4,4,Fábvla,151000.0,f
rec-5064015-dup-0,id-6205793,id-992766,11,11,Creepong Death,429000.0,f
id-7902771,id-9271969,id-877393,7,7,Keep the Child,101000.0,f
id-14103641,id-7734218,id-355609,2,2,Things Just Aint the Same dirty,225000.0,f
id-12547288,id-11120851,id-700451,10,B2,Worldwide,226000.0,f
rec-10878047-dup-0,id-12377596,id-1051308,5,5,Openink,243000.0,f
id-24413364,id-21950414,id-2243816,4,4,Apart EZLV remix,359240.0,f
id-11020100,id-12619437,id-1065973,2,2,Light Years Before,373000.0,f
id-12742768,id-13223925,id-1133586,10,10,Odyssee zu neuen Sternen Freude schöner Götterfunken,189000.0,f
id-214075,id-259574,id-622396,12,12,Stars,477133.0,f
id-9287771,id-10761013,id-859148,9,9,Constant Sorrow,231000.0,f
id-7103353,id-8414582,id-436416,7,7,Shes a Cameleon,224653.0,f
id-13752595,id-14286233,id-1257367,9,9,Lazy Summer Day Clearwater Beach del Mar Bar mix,438000.0,f
id-11293926,id-12854115,id-1092477,1,1,Dei Freind,178000.0,f
id-10577741,id-12170512,id-807509,2,2,Uhauls  Ryders,200946.0,f
rec-3702580-dup-0,id-4496704,id-222826,6,6,Superman I5s Not Easy,222173.0,f
rec-3048252-dup-1,rec-3672847-dup-0,id-938766,1,1,Halovo vodíyko 1,77773.0,f
id-14015556,id-14459218,id-1275857,4,4,Katolon,418040.0,f
id-258024,id-299956,id-344533,3,3,Waiting for Today to Happen,214333.0,f
id-7864481,id-9230466,id-526120,5,5,Silent Night,139133.0,f
id-10561457,id-12152862,id-806444,12,12,Mietek chono tutej,404000.0,f
rec-12437504-dup-1,id-8942777,id-494123,1,1,Ocean Kosses,,f
id-18796249,id-3321686,id-1701977,3,A3,À la vie,224000.0,f
id-8123769,id-9509726,id-555612,6,6,RocknRoll,222000.0,f
rec-9394935-dup-0,id-10873468,id-683895,11,11,Manyac full mix,139000.0,f
id-13159060,id-13942386,id-1217730,11,11,Matt,211000.0,f
rec-6425651-dup-2,id-7686138,id-641946,10,10,Humzn Parts Inc,96000.0,f
rec-4501491-dup-1,id-5563299,id-119906,1,1,Goof Times Comin My Way,243346.0,f
id-38696807,id-32286369,id-3770054,7,7,彩色の虹,319000.0,f
rec-317127-dup-1,rec-590230-dup-0,id-622523,6,6,Piecest of Ten Chandru mix,319800.0,f
id-34287821,id-29122247,id-3260969,2,2,Viel zu jung,235000.0,f
id-39767059,id-541467,id-3903572,9,9,On With the Show,243613.0,f
id-12417868,id-13586442,id-1176771,1,1,El Gringo,263573.0,f
id-10737423,id-12348071,id-827065,2,2,CMon Everybody,209013.0,f
id-7803158,id-9165951,id-518760,7,7,I Cant Give You Anything But Love,426000.0,f
rec-37696336-dup-0,rec-31570903-dup-2,id-3653272,6,6,Which Way tp Turn,206000.0,f
id-10156875,id-11707025,id-761545,8,8,Retrato de São Paulo,315000.0,f
id-24446611,id-21975463,id-2247182,3,3,Bring Em Out,205547.0,f
id-1172559,id-1389086,id-865207,8,8,Serenade for Strings in E major Op 22 IV Larghetto,363266.0,f
rec-6964667-dup-1,id-8265350,id-1025391,11,11,Take Ylur Time Son,417000.0,f
id-13653455,id-14223734,id-1250306,1,1,Good News,258093.0,f
id-30677464,id-26540438,id-2868142,5,5,Changing The Past,,f
rec-28963359-dup-1,id-25284773,rec-2696736-dup-0,5,5,Crowbsit Beat,123000.0,f
id-9383651,id-10861621,id-683377,24,24,Hedgehog Massacre,66000.0,f
id-1860452,id-2217151,id-961040,8,8,Blessed Be the Name,190506.0,f
id-5448126,id-6629359,id-883871,8,8,Rigoletto Questa o quella,116000.0,f
id-1001025,id-1168973,id-44499,1,1,IHOP,346040.0,f
id-8264660,id-9665522,id-573647,2,2,Gi Eu Ischto,509000.0,f
id-2839135,id-3415285,id-569010,29,29,Canton Mississippi Breakdown,160360.0,f
id-14690905,id-5653505,id-129524,15,15,Ghettoleute,241000.0,f
id-7185636,id-8499392,id-445796,12,12,If I Loved You,302000.0,f
id-3442002,id-4168507,id-951393,8,8,Arualami,156720.0,f
id-6659495,id-7937006,id-378607,4,4,Drag Them Down,340720.0,f
rec-28963359-dup-2,id-25284773,rec-2696736-dup-0,5,5,Crowbait Best,123000.0,f
id-35864970,id-30270514,id-3438970,11,11,Visit Me,359000.0,f
rec-4297790-dup-1,id-5291267,id-99440,13,13,Empire of Crimw,121000.0,f
id-7148641,id-8459193,id-441183,8,8,Viure per sempre,236373.0,f
id-24412084,id-21949395,id-2243710,11,11,Get It off Top,289000.0,f
id-34302604,id-29133614,id-3262584,50,50,Chapter 10 Journal 2 Continued – Denduron Part 6,51000.0,f
id-322530,id-378677,id-959586,9,9,Willin,342613.0,f
rec-3742460-dup-0,id-4548046,id-186203,12,12,Erins Greeb Shore,253000.0,f
id-10158860,id-11709021,id-761831,12,12,Promises Promises,175000.0,f
id-14381484,id-14696651,id-1301769,2,2,Alfama,226866.0,f
rec-16626581-dup-0,id-16233669,id-1492495,11,11,It Might As Well Be Sprink,411333.0,f
rec-13653455-dup-0,rec-14223734-dup-0,rec-1250306-dup-0,1,1,Good Newd,258093.0,f
id-2456497,id-2944254,id-41996,7,7,Hip Hop Be Bop Dont Stop,183200.0,f
id-13512010,id-14127821,id-1239210,1,1,Charpentier des cimes,257493.0,f
id-14190253,id-14579783,id-1287350,7,7,Memoria de un DT,,f
id-10410987,id-11986050,id-790054,8,8,Preludio En La Noche,482000.0,f
rec-10469915-dup-0,id-12049660,id-857637,6,6,Marti Gras IKO,284000.0,f
id-14099895,id-14503277,id-1280677,11,11,When Were Doin It,246706.0,f
id-22931658,id-20879281,id-2096935,16,16,Me  Mrs Jones,,f
rec-12184681-dup-1,id-13414868,id-1155893,19,19,Colter Phones His Fatger 4M5,205000.0,f
rec-12184681-dup-0,id-13414868,id-1155893,19,19,Colter Phonex His Father 4M5,205000.0,f
id-6022569,id-7248824,id-303464,40,40,La Pluie  Rafale de pluie intérieur voiture À larrêt,58000.0,f
rec-1692493-dup-0,rec-2002839-dup-0,id-232928,9,9,Evalvation,258867.0,f
id-6531102,id-7799311,id-363954,10,10,Adrenalin,331813.0,f
id-6886689,id-8180957,id-1024394,1,1,René,304346.0,f
rec-7806480-dup-0,id-9169333,id-874993,4,4,은인,267000.0,f
id-1361875,id-1607153,id-561299,8,8,Come on In,154946.0,f
rec-7047142-dup-0,rec-8353979-dup-1,rec-1015794-dup-2,7,7,Hopla  żyiemy,231000.0,f
id-1613409,id-1904941,id-344267,20,20,Toon,158773.0,f
id-15449866,id-15340354,id-1381534,1,1,Due 4Track Demo,221000.0,f
rec-7159054-dup-1,rec-8470280-dup-0,id-442552,2,2,Soy Peñeeo,164373.0,f
id-38696025,id-32285960,id-3769955,1,1,Towards Isolation,755219.0,f
rec-11223487-dup-0,id-12685426,id-1085189,7,7,Radioactife extended edit,283000.0,f
id-14920465,id-14985341,id-1336682,2,2,さよならは踊る,,f
rec-3418991-dup-2,id-4137482,rec-963597-dup-0,4,4,Keep It Togetber,,f
id-2887808,id-3473776,id-967327,18,18,Totale Entspannung III,31373.0,f
id-963072,id-1125448,id-886292,4,4,Money Anyhow,240000.0,f
id-15898887,id-15683492,id-1423422,5,5,Mopashop,97171.0,f
id-8072933,id-9453797,id-549829,19,19,Gloomy,289000.0,f
rec-16167456-dup-0,rec-15896143-dup-1,rec-1448605-dup-0,9,9,Action in tbe Streets,358826.0,f
id-7970569,id-9344506,id-537960,23,23,El viento,164893.0,f
rec-14263009-dup-0,id-7321519,rec-905000-dup-0,24,24,Oyus Tbeme,67000.0,f
rec-11687848-dup-0,id-13152663,id-1125367,2,2,Brand Nevv,268000.0,f
rec-5686644-dup-0,rec-6887732-dup-0,rec-262851-dup-0,5,5,My Lones0me,97120.0,f
id-8514586,id-9937078,id-602579,2,2,Hardcore Like Bob Storer,258000.0,f
id-25405267,id-22654847,id-2342359,20,20,Treüer Gott ich mus dir Klagen,91000.0,f
rec-5680190-dup-1,rec-6881096-dup-2,rec-219117-dup-0,4,4,El nédico del miedo,233466.0,f
id-8066414,id-9446938,id-549141,2,2,Now the Day Is Over,,f
id-8610197,id-10038443,id-609429,45,45,Past Present and Future a,30000.0,f
rec-13664191-dup-0,id-14230943,id-1251108,30,30,A22,148000.0,f
id-2646467,id-3176127,id-215443,7,7,My Street,278907.0,f
id-4147402,id-5082648,id-867878,13,13,Love Me Tender,194066.0,f
id-34267230,id-259573,id-3258346,11,11,Always Returning,244520.0,f
id-18704213,id-17807935,id-1693778,1,1,The Savoy Special,191000.0,f
rec-5200904-dup-0,id-6356179,id-863284,5,5,Psaim,276000.0,f
id-6482808,id-7747939,id-357396,4,4,Disperazione e caos,158000.0,f
id-2683554,id-3220913,id-889593,2,2,Set for seizure feat Gentlerain,373280.0,f
id-12527683,id-1159813,id-20481,5,5,JDubs,133000.0,f
id-4188804,id-5142312,id-369690,4,4,Good Luck Charm,166000.0,f
rec-5686644-dup-1,rec-6887732-dup-0,rec-262851-dup-0,5,5,My L0nesome,97120.0,f
id-32751,id-44911,id-915460,2,2,Medley Fun to Be Fooled  This Time the Dreams on Me,264000.0,f
id-12451085,id-13606877,id-1179542,5,5,Dat Nigga Dere,220000.0,f
id-2430577,id-2908468,id-160313,2,2,CaminandoWalking,269960.0,f
id-34255082,id-29097630,id-3257063,8,8,Wayside Wells,,f
id-6639741,id-7916073,id-1019827,9,9,風花,82106.0,f
id-24417836,id-21954049,id-2244244,2,2,Dive into the colors,281000.0,f
id-1544163,id-1824044,id-975806,4,4,Swing This,146000.0,f
id-1330882,id-1571403,id-533187,8,8,It Is Well With My Soul,269186.0,f
rec-12350653-dup-0,rec-11454715-dup-2,rec-738554-dup-0,17,17,Zor karin,228626.0,f
id-12152512,id-13444435,id-1159528,6,6,Continuum Drift,338706.0,f
id-11740126,id-1066273,id-1128856,2,2,Hanging Around,215000.0,f
rec-851530-dup-2,rec-973375-dup-0,rec-883516-dup-0,1,1,Dark S:de,,f
id-12803334,id-13759299,id-1197783,5,5,Rondo for Cello and Orchestra in G minor Op 94,502000.0,f
rec-851530-dup-0,rec-973375-dup-0,rec-883516-dup-0,1,1,Dark Sude,,f
id-1856481,id-2212422,id-205465,13,13,Koala Cunt,138786.0,f
id-271328,id-380695,id-274303,5,5,The Only Mistake,257133.0,f
id-3208580,id-3873194,id-862687,19,19,Blues in the Night,185266.0,f
id-10486197,id-12068182,id-797223,4,4,Lost Toy,368000.0,f
id-1884753,id-2246478,id-423339,1,1,The Meaning of Life,180733.0,f
rec-11107159-dup-1,id-12692194,rec-1073929-dup-0,13,13,Borderline Tripal Deibel Mix,524000.0,f
id-25358098,id-22621193,id-2337327,10,10,Das Höhlenabenteuer,247786.0,f
id-17688205,id-17073404,id-1597614,1,A1,Ponteio,202426.0,f
rec-11107159-dup-0,id-12692194,rec-1073929-dup-0,13,13,Borderjine Tribal Deibel Mix,524000.0,f
id-7590799,id-8937342,id-493543,3,3,Mighty Like the Blues,415000.0,f
id-12648054,id-8917413,id-491405,7,7,Vida,241000.0,f
rec-8066414-dup-0,id-9446938,id-549141,2,2,Now the Day Is Oveah,,f
rec-34246500-dup-0,rec-29090164-dup-0,rec-3256271-dup-1,5,5,Il Praise God Forever for Sending His Son,183000.0,f
rec-7102246-dup-0,id-8413398,rec-436318-dup-0,4,4,מקימי,305693.0,f
id-6075419,id-2507190,id-915969,1,1,5446 Was My Number,192000.0,f
rec-13779992-dup-0,id-14302615,id-1259060,5,5,Renain,260386.0,f
id-13440817,id-1646939,id-687,22,22,What Happened to That Boy,206240.0,f
rec-7413056-dup-1,rec-8744961-dup-0,rec-473268-dup-0,11,11,O Cryador Par Esp MartNália,205960.0,f
rec-3277398-dup-0,id-3957711,id-1011621,7,7,Men Brhind the Wire,159493.0,f
id-8119703,id-9505062,id-555101,1,1,הדרכים הידועות,331466.0,f
id-8951495,id-10399758,id-843490,36,36,Sample,,f
id-35859281,id-30265609,id-3438369,3,3,Snow Ray,174000.0,f
rec-3717049-dup-0,id-4514802,id-959594,10,10,Tell It Li1<e It Is,269600.0,f
id-7101534,id-8412598,id-436195,19,19,The Lambeth Walk,163000.0,f
rec-2881755-dup-1,id-3465685,rec-933952-dup-0,5,5,New Shoe5,225866.0,f
rec-2881755-dup-0,id-3465685,rec-933952-dup-0,5,5,Ne Shoes,225866.0,f
id-10318809,id-11886090,id-780351,7,7,Kalashnikov,214000.0,f
rec-32671973-dup-0,id-27950291,id-3084225,11,11,Giraffe Hvnt,694736.0,f
id-3301337,id-3988201,id-946073,86,86,silence,13000.0,f
id-8722354,id-10155031,id-616700,51,51,Period Drama,29000.0,f
rec-3943406-dup-0,id-4804480,id-967129,1,1,Int4o,489333.0,f
rec-3258017-dup-1,id-3933871,rec-761292-dup-0,18,18,Śmierć pohaterom,167546.0,f
rec-30719358-dup-0,rec-26571124-dup-0,id-2872488,8,8,Our La5t Meeting,65985.0,f
rec-32671973-dup-2,id-27950291,id-3084225,11,11,Gkraffe Hunt,694736.0,f
id-7709855,id-9067191,id-507900,11,11,Scene 27  intro to the voice behind the wallpaper trellick tower 3am,281866.0,f
rec-3277398-dup-1,id-3957711,id-1011621,7,7,Men Behund the Wire,159493.0,f
rec-14038920-dup-0,id-14471023,id-1277115,8,8,Polovtzian Dances,503000.0,f
id-11804708,id-13222361,id-1133396,11,11,Huonot naiset,199000.0,f
id-37711434,id-31580703,id-3655199,3,3,Clinton and the Queen,208679.0,f
id-2006829,id-2392040,id-911310,13,13,I Want My Baby,145226.0,f
id-10078859,id-11620089,id-753876,5,5,Feeling Alright,396000.0,f
id-27611847,id-24286241,id-2561277,19,AA2,Kinetic Theory,393000.0,f
id-1142305,id-1349449,id-907959,1,1,Medley Echoes  Signs of Life,1437493.0,f
id-12818839,id-13764913,id-699120,10,10,No quiero ser como tu,154000.0,f
id-11412206,id-10602999,id-661804,7,7,丘にのぼりて,219000.0,f
id-14153913,id-11273870,id-717739,2,2,Beggar Sincere,164000.0,f
id-3296139,id-3981538,id-620573,5,5,unknown,,f
id-13034579,id-12468374,id-1047657,25,25,Deep Mid Tempo Beat Special,,f
id-25852571,id-22994666,id-2388303,12,A12,Link A7,25000.0,f
id-39776713,id-23303707,id-3904820,84,84,Send in the Clones,224630.0,f
id-6260254,id-7504303,id-329353,23,23,0423,,f
id-2580079,id-3095857,id-1029419,15,15,Alberta June 1998,303093.0,f
rec-9906285-dup-0,id-11424789,id-787623,2,2,Al2ays,217400.0,f
id-23021891,id-20943230,id-2106057,17,17,Dritter Teil „Sturmherz Kapitel 22 „Durch das Sommertor Teil 5,208000.0,f
id-6235988,id-7478465,id-393411,3,3,Subterrestrial,194000.0,f
id-9337291,id-10813410,id-679328,23,23,Stedrej Vecer Nastal full mix,30000.0,f
rec-12276636-dup-0,id-10162483,id-1167319,19,19,Sind odsides,189000.0,f
id-14100747,id-9209787,id-526717,1,1,Family Affair,253000.0,f
rec-4678770-dup-0,id-5768406,id-142106,17,17,So Hard Who Kiled Pan remix,148000.0,f
rec-4678770-dup-1,id-5768406,id-142106,17,17,So Hard Who Kilked Pan remix,148000.0,f
id-13228588,id-9712141,id-578775,1,A,I Got Time,176000.0,f
id-30705524,id-26562314,id-2871059,11,11,Pale Horse,,f
rec-16175871-dup-0,id-2478867,id-1449317,1,1,Cell5,289960.0,f
id-13101816,id-6212204,id-193047,9,9,Im Not Going Home Gatecrasher vocal mix,213000.0,f
rec-8904250-dup-0,id-10348982,id-635562,1,1,Imtro,19000.0,f
rec-2209613-dup-1,rec-2639353-dup-0,id-640459,1,1,Wild Hony,195986.0,f
id-29490233,id-410805,id-2751721,9,9,Endless Highway,310082.0,f
id-3446940,id-4175123,id-1041269,6,6,De Dub World,244306.0,f
id-12350653,id-11454715,id-738554,17,17,Zor kadin,228626.0,f
id-2834052,id-3409238,id-635833,5,5,Oh What a Beautiful Morning,174693.0,f
id-126441,id-148421,id-48086,2,2,Cant Stop Wont Stop,62960.0,f
rec-13706553-dup-0,id-14256258,rec-1254049-dup-1,17,17,Suchtpolirik,204813.0,f
rec-13706553-dup-1,id-14256258,rec-1254049-dup-0,17,17,Such6politik,204813.0,f
id-12740980,id-13737256,id-1195274,5,5,Снова без тебя,208000.0,f
id-9316860,id-10792274,id-678366,22,22,Up to the Minute narration,60000.0,f
id-5748882,id-6954161,id-312601,10,10,December Baby,353240.0,f
rec-9631097-dup-1,id-11124312,rec-700712-dup-0,4,A4,Bibou bl8es,214000.0,f
id-6600153,id-7873310,id-371786,3,3,GRN Aventurine,295000.0,f
rec-11554835-dup-0,id-13077391,id-1116459,1,1,Žalm 65  Ztišením se sluší Tebe chfálit,77266.0,f
rec-11554835-dup-1,id-13077391,id-1116459,1,1,Žalm 65  Ztišením 5e sluší Tebe chválit,77266.0,f
rec-851530-dup-1,rec-973375-dup-0,rec-883516-dup-0,1,1,Daahk Side,,f
id-35117105,id-29732205,id-3356062,1,1,Wild Streets,202285.0,f
id-28961377,id-25283363,id-2696516,33,33,Artifacts,189000.0,f
rec-12390966-dup-1,rec-13574455-dup-0,id-1174902,2,2,Its Ouer mix,529760.0,f
id-8150982,id-9539887,id-559104,18,18,Suite from Khovanshcina Prelude and Dance of Persian Slaves Prelude und Tanz der persischen Sklaven,488093.0,f
rec-32701472-dup-0,id-27970689,id-3087467,4,4,On the Wark Wet Ground,235000.0,f
rec-32701472-dup-1,id-27970689,id-3087467,4,4,On the Warm Wet Grovnd,235000.0,f
id-8867960,id-10310037,id-631504,8,8,Beyond the Logic of Consumers,424000.0,f
id-8612116,id-10040508,id-609519,12,12,Bad Boy,231000.0,f
rec-24542760-dup-1,id-12753683,id-2256107,1,1,Turn the Beat Arond  You Should Be Dancing  I Cant Get Next to You,,f
rec-6798067-dup-1,rec-7695456-dup-0,id-398588,12,12,Remsmber,324000.0,f
id-16167456,id-15896143,id-1448605,9,9,Action in the Streets,358826.0,f
rec-1206248-dup-0,id-1427509,id-958112,15,15,War in tje Head,46880.0,f
id-3397025,id-4109822,id-930848,6,6,The Devil Always Wins,180653.0,f
id-9341656,id-10817981,id-679711,3,3,恋華大乱 off vocal ver,232000.0,f
id-13937024,id-14405720,id-1269816,10,10,Konzert Fdur für zwei Hörner und Orchester  Romance  Adagio,221000.0,f
rec-38698369-dup-2,id-32287528,id-3770211,19,19,Saint Louis Blus,247000.0,f
id-5017031,id-6153947,id-736892,6,6,Faceless Dirty Bedroom Folk,189000.0,f
rec-7145816-dup-1,id-8456284,id-1175539,10,10,Joy Juics,168533.0,f
id-39739602,id-33024721,id-3900041,16,16,I Wanted You,110444.0,f
rec-7603952-dup-1,id-8952070,id-495113,6,6,Meloyitt,194133.0,f
rec-7603952-dup-0,id-8952070,id-495113,6,6,Melovit,194133.0,f
id-8309085,id-9714719,id-579039,13,13,Sie kann wunderbar lächeln,167000.0,f
id-14544043,id-14797034,id-1313329,4,A4,Spirit of the Man,,f
rec-8020861-dup-2,rec-9398314-dup-1,rec-544213-dup-0,1,1,Ne York Airport original mix,537000.0,f
id-9805904,id-11313781,id-722599,2,2,Wundercrotchen,192000.0,f
id-13753167,id-14286520,id-1257400,10,10,Vivirás en mi,,f
rec-8020861-dup-1,rec-9398314-dup-1,rec-544213-dup-0,1,1,New York Airport origimal mix,537000.0,f
rec-38702863-dup-1,rec-32290653-dup-0,id-3770685,8,8,A Sicck and Abandoned Heart,68490.0,f
rec-38702863-dup-0,rec-32290653-dup-0,id-3770685,8,8,A Sick and Abandoned Heard,68490.0,f
id-3687303,id-4477329,id-916692,4,4,Я не твоя,272933.0,f
rec-14399976-dup-0,id-1975752,id-1311348,14,14,Somethimg Beautiful,227746.0,f
rec-14399976-dup-1,id-1975752,id-1311348,14,14,Somedhing Beautiful,227746.0,f
id-12749918,id-12715411,id-323591,7,B1,Lil Red Riding Hood,219000.0,f
id-11144312,id-12725403,id-1077409,9,9,Bear Youngs Done In,217000.0,f
id-14575452,id-14818014,id-1315919,8,8,Crossroads,171960.0,f
rec-39739602-dup-0,id-33024721,id-3900041,16,16,I Wanted Yov,110444.0,f
id-7556140,id-8900547,id-489628,3,3,Sort et couture,217000.0,f
id-7708814,id-9065852,id-507789,1,1,Not Only the Girl Knows,169000.0,f
rec-1780219-dup-1,rec-5236559-dup-0,id-903223,7,7,Sineviasmeni Kiriaki,165360.0,f
rec-1780219-dup-0,rec-5236559-dup-0,id-903223,7,7,Sinefissmeni Kiriaki,165360.0,f
rec-8993140-dup-1,id-10445463,id-645163,51,51,Hunt:ng Echo,14000.0,f
rec-8993140-dup-0,id-10445463,id-645163,51,51,Hunting Ech0,14000.0,f
id-12970935,id-12883364,id-201886,3,3,Lucille,148000.0,f
id-25398597,id-22649830,id-2341659,25,25,To the Bitter End and Beyond,92000.0,f
rec-8020176-dup-0,id-9397326,id-544114,7,7,Посвящение артистам,131000.0,f
id-703497,id-788534,id-547708,2,2,In Touch,528400.0,f
id-28920803,id-25255160,id-2692453,2,2,Darlin,231000.0,f
rec-23072234-dup-1,id-8429833,rec-2110826-dup-0,7,7,Neecst Year In Zion,,f
id-4656389,id-5743388,id-139299,7,7,Vicious Circle,77000.0,f
id-3441760,id-4168255,id-760931,1,1,Gypsy,551160.0,f
id-8748106,id-10182022,id-618897,8,8,Hello,125653.0,f
id-8271330,id-9672336,id-574438,2,2,In The Land Of Grey And Pink,290960.0,f
id-8295849,id-9700289,id-577431,15,15,Dom låser din dörr,,f
id-5931932,id-7148985,id-292810,3,3,Waiting Through the Afternoon,256279.0,f
id-6448265,id-7710230,id-352699,16,16,Zanders Folly,143000.0,f
id-3086737,id-3719908,id-901754,3,3,Album Snippets,174000.0,f
id-2637410,id-3164387,id-1024076,14,14,Shenandoah,247800.0,f
rec-5204288-dup-1,id-6359833,id-208510,8,8,Opvs 6,289000.0,f
id-12816387,id-13764081,id-1198475,13,13,No Way,222000.0,f
id-4493066,id-5552465,id-118555,17,17,Soulbait,114533.0,f
id-7817275,id-9180786,id-520492,2,2,Another mile New version,,f
id-25390372,id-22644703,id-2340719,5,5,乖離,255000.0,f
id-13672059,id-14235769,id-1251668,2,2,Sugarbowl,131000.0,f
rec-7442862-dup-1,id-8777375,id-476780,12,12,Nostso Sonho,304386.0,f
id-12834562,id-13769952,id-1199271,2,2,Tswak Stick em,,f
id-3484435,id-4222655,id-49146,11,11,Ocean,228120.0,f
id-6314634,id-6157219,id-336272,9,9,Liebe,259040.0,f
id-15396950,id-15303341,id-1376671,6,6,Tuuli nousee,275360.0,f
id-12264504,id-13412564,id-1155584,1,1,People Hold On radio edit,175543.0,f
rec-1535826-dup-1,id-6658205,rec-237457-dup-0,8,B4,Materizl,204000.0,f
id-4383069,id-5401497,id-107625,2,2,Gigolistic,247373.0,f
rec-2922962-dup-0,id-3517385,id-300087,8,8,Blue Giri,248546.0,f
id-3068446,id-3697505,id-860490,6,6,Heavenly Host,332426.0,f
id-674815,id-755178,id-14994,8,8,Sorrows of the Moon,206333.0,f
rec-9394935-dup-1,id-10873468,id-683895,11,11,Maniac full mox,139000.0,f
rec-1237796-dup-0,id-1463724,id-889783,10,10,Tarte Em Itapoã,222026.0,f
id-2488208,id-2984638,id-1038390,2,2,Ferry Cross the Mersey,338613.0,f
id-5555461,id-6746347,id-246495,14,14,Picture the Finger,171800.0,f
id-7145816,id-8456284,id-1175539,10,10,Joy Juice,168533.0,f
id-4170472,id-5114789,id-395677,2,B,Prefiation,590000.0,f
rec-4558686-dup-0,rec-5632640-dup-0,rec-295278-dup-0,5,5,Sps,51760.0,f
rec-13124905-dup-0,id-13925267,id-1215682,6,6,All For N0thing,154000.0,f
rec-5558057-dup-1,rec-6749002-dup-0,id-1001420,3,3,Ov Minor Prophets and Their Prostitute Wives,163000.0,f
id-13534018,id-12477234,id-1074126,12,12,Be Free,257000.0,f
id-280057,id-325305,id-385937,13,13,God Blasts the Queen,250333.0,f
id-2639941,id-3167609,id-926848,10,10,Drink and be satisfied,135760.0,f
id-8114670,id-9498551,id-554424,9,9,Final War,430000.0,f
rec-14712073-dup-1,id-1202413,id-1262774,5,5,She Suitz Me to a T,270000.0,f
id-34240777,id-29085837,id-3255638,6,6,海へ,72000.0,f
rec-5600731-dup-0,id-6794148,id-1002518,6,6,The Pause That Regreshes,76000.0,f
rec-5318139-dup-1,id-6485732,id-523579,12,12,Firet Up,206000.0,f
rec-8944088-dup-1,id-10391486,rec-640278-dup-0,9,9,The Blessink Song,364000.0,f
id-9788852,id-11295165,id-720380,2,2,Geef de zee aan de zeeman,300000.0,f
id-1598315,id-1887362,id-781892,6,6,The Bare Necessities,220640.0,f
id-933972,id-1090680,id-847264,13,13,untitled,,f
id-27561587,id-24247507,id-2556104,8,8,Chop Sockey Battle,66000.0,f
id-8311556,id-9717439,id-579374,7,7,Zara Zara,,f
id-23018910,id-7114859,id-2105775,4,4,علمتني,221000.0,f
id-5579960,id-6771943,id-249248,4,B1,Mensa Dance Squad Parts 15,,f
id-5676181,id-6876375,id-740587,11,11,Die Like Us,206000.0,f
rec-317127-dup-0,rec-590230-dup-0,id-622523,6,6,Piecej of Ten Chandru mix,319800.0,f
id-16618890,id-16231264,id-1491881,11,11,Bä bä vita lamm,122000.0,f
rec-317127-dup-2,rec-590230-dup-0,id-622523,6,6,Pieces of Ten Chandry mix,319800.0,f
id-15038297,id-15036293,id-1343042,6,6,Fantasiestucke op 12 In der Nacht,237000.0,f
id-8645849,id-10075316,id-610888,59,59,A Love of Adventure 20,20000.0,f
id-8939507,id-10386753,id-639830,1,A,Banal,247000.0,f
rec-16626581-dup-1,id-16233669,id-1492495,11,11,It Migbt As Well Be Spring,411333.0,f
id-4501491,id-5563299,id-119906,1,1,Good Times Comin My Way,243346.0,f
rec-11208523-dup-1,id-10632315,id-664802,6,6,Prêts à tomper,193466.0,f
id-13525333,id-14146999,id-1241291,5,5,Oil  Water,264803.0,f
rec-7159054-dup-0,rec-8470280-dup-0,id-442552,2,2,Sou Peñero,164373.0,f
id-13495912,id-14130342,id-1239492,15,15,Modern Mystery,,f
rec-37697037-dup-0,rec-31571366-dup-0,id-3653352,4,4,request tbe style,273438.0,f
id-6900082,id-8196085,id-411280,2,2,Showdown,144000.0,f
id-4558686,id-5632640,id-295278,5,5,Spa,51760.0,f
id-7812036,id-9175207,id-519868,14,14,Same Old Thang,290000.0,f
id-8358857,id-9768190,id-584783,12,12,The Grand Change demo,288000.0,f
id-18774741,id-17860406,id-1699902,2,2,Ive Seen All Good People a Your Move b All Good People,456000.0,f
id-11414430,id-12966678,id-1104404,34,34,Promenade 15 second version alternate mix,20000.0,f
rec-9631097-dup-0,id-11124312,rec-700712-dup-0,4,A4,Bibou bluest,214000.0,f
id-6791383,id-8076611,id-992616,6,6,Terms of Endearment,183653.0,f
id-328666,id-384366,id-277501,8,8,Temples of Gold,251733.0,f
id-4780403,id-5884201,id-155714,11,11,Come Unto Me,321907.0,f
id-14995429,id-1484705,id-956430,15,15,The Real Thing Touch mix,337373.0,f
id-2408691,id-2881128,id-124361,5,5,The Antlers of the Midnight Sun,246386.0,f
id-1646983,id-544853,id-485702,8,8,Mrs Robinson,174066.0,f
id-4931644,id-6057321,id-876553,2,2,Trip Trigger,315000.0,f
rec-34267230-dup-1,rec-259573-dup-2,id-3258346,11,11,Always Rerurning,244520.0,f
rec-34267230-dup-0,rec-259573-dup-1,id-3258346,11,11,Always Returnin9,244520.0,f
id-14872896,id-6518420,id-646413,15,15,¡Ay andar,295173.0,f
id-8290655,id-9694273,id-576795,2,2,Скорость,203000.0,f
rec-8770654-dup-0,id-10205278,id-620661,16,16,Evolving Worjds 60 second version,60000.0,f
id-6030675,id-7257670,id-1010354,17,17,Æblemand karaoke version,197000.0,f
id-11083601,id-2435917,id-168623,12,12,Linger Awhile,190000.0,f
rec-9872010-dup-0,id-11385932,id-843168,6,6,Te Spin,,f
id-4560329,id-5634441,id-127730,8,8,Cantiga 166,186000.0,f
rec-13124905-dup-1,id-13925267,id-1215682,6,6,All Foah Nothing,154000.0,f
rec-10116316-dup-2,rec-11661328-dup-0,id-756662,7,7,Die Meistersinger von Nürnberg Akt III Szene V Sankt Krispin lobet ihn Sch8ster Schneider Bäcker Lehrbuben,249466.0,f
id-2747600,id-3300802,id-929373,6,6,The Fields of St Etienne,238440.0,f
rec-9569108-dup-1,id-11056533,rec-695573-dup-0,79,79,Entjty,5000.0,f
rec-9569108-dup-0,id-11056533,rec-695573-dup-0,79,79,Endity,5000.0,f
id-6528828,id-7796916,id-363634,8,8,Křížaly housle a půlměsíc,259000.0,f
id-1545824,id-1826093,id-896731,7,7,Cool People Skit,4000.0,f
id-24399007,id-21940460,id-2242372,3,3,Konzert für Klavier und Orchester op 33 B63 gmoll III Finale,714720.0,f
id-14940104,id-14992104,id-1337539,8,8,By and By,244000.0,f
rec-4864176-dup-0,id-5981249,rec-900675-dup-0,2,2,Waah Criminal,,f
id-32666051,id-27946261,id-3083634,7,7,Silent NovemberIt Aint So remix,223000.0,f
id-13664191,id-14230943,id-1251108,30,30,A23,148000.0,f
rec-3786850-dup-2,id-4603902,id-180437,3,3,Charariga En New York,286386.0,f
rec-18694803-dup-0,rec-17800924-dup-1,id-1692892,3,3,Syztem III,174000.0,f
rec-8779529-dup-0,id-10214293,id-620888,10,10,Life Sciencw,182000.0,f
id-12852155,id-9265605,id-529936,3,A3,Poema  A Ferida Das Ruas,129000.0,f
id-14266430,id-14625342,id-1293043,20,20,Dance With the Guitar Man,158000.0,f
id-10333038,id-11902201,id-782051,1,1,思い出,106000.0,f
id-14738540,id-14712730,id-1303521,14,14,Aurora,199063.0,f
rec-4567770-dup-0,id-5642992,rec-128539-dup-0,10,10,Deaclly,50826.0,f
id-10516151,id-12101661,id-859461,9,9,Oh Julie,147000.0,f
id-2007050,id-2392274,id-907811,7,7,Aria dAmore,288360.0,f
rec-562318-dup-0,rec-634636-dup-2,id-178364,2,2,Cal It L,228093.0,f
id-14744856,id-14874652,id-1323038,7,7,Introduction Theme and Variations in F minor op 102,865776.0,f
id-9035043,id-10490349,id-649663,4,4,Sailor,200680.0,f
id-13162847,id-10087277,id-611599,81,81,Approaching Storm edit,30000.0,f
id-5736889,id-6941319,id-269276,1,1,Un bout de route,220373.0,f
rec-14644503-dup-0,rec-12922713-dup-2,id-1099502,30,30,Lone Wakon,337000.0,f
id-9270729,id-10742523,id-674601,36,36,Animal Instinct,30000.0,f
id-3895945,id-4744580,id-561714,25,25,I Like Rocking All the Time,44240.0,f
id-6465497,id-7728762,id-354839,3,3,Hvad er det du lytter til,228893.0,f
id-630198,id-705403,id-582892,5,5,Coma,183306.0,f
rec-12417868-dup-0,id-13586442,id-1176771,1,1,El Grinko,263573.0,f
rec-14189695-dup-0,rec-14579317-dup-0,id-1287312,8,8,人生は過ぎ行く,259000.0,f
rec-24413364-dup-0,rec-21950414-dup-0,rec-2243816-dup-0,4,4,Apart EZLV remi,359240.0,f
id-10693210,id-12298250,id-821256,22,22,Til We Meet Again,110000.0,f
id-11519066,id-12596851,id-1063299,8,8,Violence in Red A Violins Story,249000.0,f
id-13124905,id-13925267,id-1215682,6,6,All For Nothing,154000.0,f
rec-24390037-dup-1,id-21933836,id-2241433,12,12,Its a Sharne,206693.0,f
id-11024076,id-12622404,id-1066318,14,14,MC3,,f
id-710366,id-796457,id-951531,17,17,Concerto in D major RV 93 II Largo,275240.0,f
id-5361492,id-6533954,id-225113,4,4,MONOPOLIZER,232000.0,f
rec-34287075-dup-0,id-29121600,id-3260892,15,15,A Sea Of Empt6 Chairs,175000.0,f
id-331824,id-387547,id-526475,7,7,Gave Up,254666.0,f
id-12390966,id-13574455,id-1174902,2,2,Its Over mix,529760.0,f
id-8454188,id-9870555,id-595736,19,19,Jai Traverse La Mer Et Les Montagnes,60000.0,f
id-4970247,id-6101889,id-180371,4,4,Gülen Bebek,355000.0,f
id-11102857,id-12687477,id-1073471,1,1,Mama,150000.0,f
id-8979222,id-10430383,id-644639,16,16,Latino Amigo,120000.0,f
id-11060821,id-12651717,id-1069542,8,8,Al bosta,535000.0,f
rec-7035670-dup-1,rec-8342028-dup-1,rec-428608-dup-0,6,6,Keine Zeit ju weinen,239000.0,f
id-2724640,id-3272374,id-1015646,3,3,Thief,,f
id-37674542,id-31556487,id-3650702,4,4,Repository of the Damned,259000.0,f
id-5957729,id-7177835,id-1009171,1,1,Me Myself and Rio,265000.0,f
rec-10437749-dup-1,id-12014323,id-792104,67,67,Kanki Sasteru Senritsu 6 60,59000.0,f
id-9283675,id-10756202,id-675360,5,5,JA Patrze,239000.0,f
rec-1852160-dup-0,id-2207324,id-13998,6,6,Sodom  Begprra,216266.0,f
id-13645028,id-14220061,id-1249860,5,5,Feel the Beat original mix,409000.0,f
id-28219255,id-24753993,id-2621201,8,8,Tuyau de Guidage,345000.0,f
id-9980345,id-11508984,id-743953,32,32,Get Out Now 30 second version,30000.0,f
id-107388,id-128403,id-880214,11,11, and Then,36000.0,f
id-4130621,id-5058832,id-116876,4,4,№ 2 en tu lista  Contrabando de amor,239400.0,f
rec-5017031-dup-2,rec-6153947-dup-0,id-736892,6,6,Faceless Dirtv Bedroom Folk,189000.0,f
id-14193011,id-14581528,id-1287527,3,A3,Valtatie,191000.0,f
id-6517513,id-7784662,id-362440,8,8,Aguirre,146000.0,f
id-7047142,id-8353979,id-1015794,7,7,Hopla  żyjemy,231000.0,f
rec-27605770-dup-0,id-24281093,id-2560638,9,9,Ouer,160981.0,f
rec-4013660-dup-0,rec-4893823-dup-0,id-76527,12,12,Matchlejs Name,229453.0,f
id-12844620,id-11098585,id-697931,2,A2,Killing the Humanrace,79000.0,f
id-8338798,id-9746756,id-582582,7,7,Ending Theme WALK THIS WAY Full Size Version,243000.0,f
rec-10437749-dup-0,id-12014323,id-792104,67,67,Kangi Saseru Senritsu 6 60,59000.0,f
id-5997329,id-7222423,id-304372,2,2,God Rest Ye Merry GentlemenPatapan,237693.0,f
id-25353453,id-5299958,id-2336881,7,7,Southtown,247000.0,f
id-4390574,id-5410776,id-108207,5,5,I Will Stay,158000.0,f
id-6112780,id-7346105,id-1011614,10,10,Its Never That Easy,380000.0,f
id-14287942,id-14638059,id-1294573,3,3,Saturn,458000.0,f
rec-7003526-dup-0,id-8307140,id-424668,1,1,Shadows in the Nikhts Sky,1171653.0,f
rec-4336801-dup-2,id-5340761,id-103272,4,4,Fire Bebw,250000.0,f
rec-7560844-dup-1,id-8905446,id-490115,9,9,Cultural Le9acy,209000.0,f
id-6069822,id-7300038,id-308408,4,4,Good Lovin,223000.0,f
id-6078721,id-7309621,id-309050,9,9,If You Lose Control of Yourself You Give It to Somebody Else,393986.0,f
id-37749962,id-27884,id-3659916,4,4,Jungle,138453.0,f
rec-9278908-dup-1,id-10750652,id-674875,3,3,Season5,358000.0,f
id-11993937,id-13344243,id-1147216,8,8,Смерть,89000.0,f
id-6377351,id-7632987,id-343843,2,2,Cirque Part 1,177666.0,f
id-2528543,id-3032026,id-923197,2,2,I Want You,264493.0,f
id-3025249,id-3644636,id-870800,11,11,Rising From the Sea,326773.0,f
id-34249947,id-29093166,id-3256492,8,8,Disc 5 Track 8,336000.0,f
id-6212050,id-1825033,id-323485,5,5,Chapel of Love,166106.0,f
id-11581116,id-13095201,id-1118558,2,2,Axe Murderer,64000.0,f
id-14447611,id-1747204,id-134912,10,10,Colore,296600.0,f
id-3672041,id-2216907,id-87776,2,2,Dead Silent Shriek,234000.0,f
id-4136673,id-5067609,id-85820,4,4,Bee Eye,177000.0,f
rec-37690526-dup-0,id-708208,id-3652523,12,12,Sun5troke House,317080.0,f
id-11300784,id-12860708,id-1093287,3,3,The Great Indoors,172000.0,f
id-2508847,id-3009399,id-306820,14,14,Destroy to Create,58200.0,f
id-3358913,id-4060577,id-881331,2,2,How Many More Times live at Shepherds Bush Empire,679533.0,f
rec-229007-dup-0,id-272237,rec-44176-dup-0,6,6,Sworn and Br0ken,214440.0,f
rec-1038499-dup-0,id-1213638,id-312428,5,5,Ver1<ündigung,482933.0,f
id-5165034,id-6316767,id-995030,7,7,BB Boogie,200800.0,f
id-18728534,id-17826910,id-1695974,3,3,Right or Wrong,158000.0,f
id-34302494,id-29133504,id-3262583,39,39,Chapter 7 Journal 2 – Denduron Part 37,50000.0,f
id-1516045,id-1790267,id-2908,3,3,Sugar Mice acoustic version,181066.0,f
id-3435238,id-4160374,id-951053,1,1,The Sheil of Scrubby Creek,143400.0,f
id-15047876,id-9397098,id-1343811,8,B2,ひとりぽっちで踊らせて,,f
id-16562386,id-16187053,id-1486339,3,3,Dont Understand,,f
rec-5559002-dup-0,rec-6750154-dup-2,rec-1001047-dup-0,11,11,Wenn der alte Brunnen fauscht,201000.0,f
rec-5559002-dup-2,rec-6750154-dup-2,rec-1001047-dup-0,11,11,Wenn der alte Beunnen rauscht,201000.0,f
id-3292298,id-3976219,id-625425,8,8,신사들의 절약정신 Good Afternoon,67346.0,f
id-5854110,id-7066115,id-283311,1,1,Damnum Minatum,138000.0,f
id-4547284,id-5619255,id-126360,5,5,Out of Nowhere,160933.0,f
id-10739600,id-12350479,id-827334,25,25,Piece of ass,219640.0,f
rec-15307213-dup-2,id-15234007,id-1367855,11,11,So Many Womders x Cantarella,,f
id-14199668,id-14321695,id-1260974,6,A6,I Never Ever,194000.0,f
rec-4628754-dup-2,rec-5713091-dup-0,id-135658,10,10,Trapped Under the Slcy,303000.0,f
rec-7724014-dup-1,id-9082457,id-509457,5,5,WahmSinn,280506.0,f
id-37697037,id-31571366,id-3653352,4,4,request the style,273438.0,f
id-974670,id-1138863,id-979007,1,1,A Handful of Songs,149240.0,f
rec-6666291-dup-0,rec-7944326-dup-0,id-1019525,23,23,Eneahgy Crisis 79,141000.0,f
id-12493172,id-13626267,id-1182148,8,8,Juke Box Hero  Whole Lotta Love,913000.0,f
id-5182986,id-6336519,id-205995,25,25,G rutinaG,,f
id-9966569,id-11494500,id-742900,11,11,Stagger Lee,201560.0,f
id-5560936,id-6752313,id-247105,10,10,You Bring the Bitches Ill Bring the Dynamite,82000.0,f
id-5829393,id-7040439,id-280511,2,2,ラバボー,342000.0,f
id-4038351,id-4928861,id-653271,5,5,Dark Side,259466.0,f
id-5121019,id-6269582,id-198923,15,15,Leafless,142000.0,f
rec-12790341-dup-2,rec-6189263-dup-0,rec-190578-dup-0,1,A,Some Guys Hafe All the Luck,187000.0,f
id-3149404,id-3801435,id-143520,9,9,Dos gardenias,204773.0,f
id-4040053,id-4931242,id-78530,5,5,Ingenting og festfyldt,287573.0,f
id-25410056,id-22657989,id-2342893,15,15,The Rescue,139000.0,f
rec-6528975-dup-1,id-7797055,id-697763,9,9,Who Knowd Why,232000.0,f
id-12147019,id-13441798,id-1159158,15,15,Iona,,f
id-9349610,id-10826215,id-680726,7,7,冥界,,f
id-8932539,id-10379205,id-638827,20,20,The 2nd War in Heaven,242000.0,f
id-6441793,id-7703238,id-351829,12,12,Trouble,215746.0,f
id-5449918,id-6631269,id-965173,2,2,That Noise,129973.0,f
rec-2926104-dup-0,id-3521060,id-27164,8,8,Touch My Light,280933.0,f
id-1796922,id-2139937,id-849098,12,12,Missing Darla,318840.0,f
id-14372663,id-1398972,id-1301168,13,B6,Not a Fitting Niche,195000.0,f
id-13069653,id-7009994,id-277125,11,11,Jump on It,250093.0,f
rec-25390331-dup-0,id-22644681,id-2340713,2,2,Barokwue Ensemble No 2,467000.0,f
rec-1675520-dup-0,rec-1981370-dup-0,id-903161,14,14,SOS Fire in th3 Sky,241360.0,f
id-6932693,id-8230946,id-537221,1,1,Intro,30000.0,f
id-3202607,id-3866019,id-322992,1,1,Prelude,142000.0,f
rec-3274953-dup-0,rec-3954665-dup-0,id-40733,12,12,Kill Your Chuldren,281866.0,f
rec-16612413-dup-0,id-16226187,id-1491286,2,2,Momendum Table de cire,290626.0,f
id-8636141,id-10065317,id-610577,43,43,Talk of Love c,99000.0,f
rec-4628754-dup-0,rec-5713091-dup-0,id-135658,10,10,Trapped Under te Sky,303000.0,f
rec-1001025-dup-0,id-1168973,rec-44499-dup-0,1,1,IHOP,346040.0,f
rec-10190114-dup-0,id-11742573,id-765668,9,9,Idomeneo K 366 Zeffiretti lusinghieri Ei stesso vien oh Dri Ilia,362666.0,f
rec-32660205-dup-2,rec-27942497-dup-0,id-3082921,5,5,Clods,196000.0,f
id-9750864,id-11254291,id-715260,13,13,Oye mi voz,135000.0,f
id-25852562,id-22994657,id-2388303,3,A3,Where to Go,138000.0,f
id-18699876,id-17804699,id-1693429,12,12,Wunderland,215186.0,f
id-11641673,id-13126168,id-1122037,10,10,A donde quiera,229000.0,f
rec-12353931-dup-1,id-1467521,id-1172452,2,2,Cardas sin marcar,264866.0,f
rec-12353931-dup-0,id-1467521,id-1172452,2,2,Cartas sin iiiarcar,264866.0,f
id-4048495,id-4943701,id-79181,6,6,More Party at Gunthers Dialogue Jack Lemmon Peter Lawford Catherine Deneuve ,,f
id-8325725,id-9732815,id-982647,20,20,Cartoon Swish Sharp Vocal Swish,8000.0,f
rec-5829393-dup-0,id-7040439,rec-280511-dup-0,2,2,ラバボー,342000.0,f
rec-12103172-dup-1,id-13415748,id-1155982,3,3,All Mt Lies,245000.0,f
id-992667,id-1159920,id-419882,9,9,Ooh Ooh,139973.0,f
id-2101334,id-2506075,id-568539,13,13,Destiny  Canneloni  and the Tale of Viktor Navorski reprise,305933.0,f
id-12759610,id-3627129,id-771240,1,A,untitled,,f
id-10803285,id-12426777,id-1042477,20,20,Taking Control Tomorrow,131000.0,f
rec-12103172-dup-0,id-13415748,id-1155982,3,3,All My Lis,245000.0,f
id-13520947,id-7518083,id-330947,7,7,Walkin in NY,343000.0,f
rec-5095456-dup-0,rec-6241450-dup-0,id-195990,3,3,Carnavql mayor,,f
id-11554835,id-13077391,id-1116459,1,1,Žalm 65  Ztišením se sluší Tebe chválit,77266.0,f
rec-5256519-dup-2,id-6419071,id-214320,6,6,Bloud im the Tower,186000.0,f
id-10000911,id-11533105,id-746398,16,16,I Aint Mad at Nobody,161000.0,f
id-6964667,id-8265350,id-1025391,11,11,Take Your Time Son,417000.0,f
id-12160393,id-12108188,id-1160162,4,4,On Tour,326000.0,f
id-4083468,id-4991915,id-969835,8,8,Caravan,525214.0,f
id-7908930,id-9278485,id-531365,4,4,I Wished Who Can Tell Me,213000.0,f
id-10712759,id-12320375,id-823830,2,B,Kumba,290000.0,f
id-14833043,id-14950668,id-1332438,1,1,Steamy Summer Sonnet,508000.0,f
id-15888775,id-15675393,id-1422486,6,6,Μην της το πεις,169000.0,f
rec-7319718-dup-0,id-6622003,id-462235,4,4,Well Enouk Alone,259000.0,f
id-6813660,id-8100388,id-400201,16,16,Weit hinab den Fluss,84000.0,f
id-7255098,id-8574275,id-453980,6,6,Another Day,118320.0,f
id-34274710,id-29112011,id-3259282,6,6,Flossity,367000.0,f
id-15323060,id-15246733,id-1369357,18,B9,Suomirokkia live,,f
id-1616251,id-1908193,id-898719,11,11,Oceans Away,184720.0,f
rec-13440162-dup-1,id-2729033,id-916478,8,8,Ich liebe dich fsat Toddo Sörup,229226.0,f
rec-13495912-dup-1,rec-14130342-dup-0,id-1239492,15,15,M9dern Mystery,,f
id-8812729,id-10249255,id-624447,13,13,Saint Louis Blues,208000.0,f
rec-23027235-dup-1,rec-20947381-dup-0,id-2106481,8,8,Call It Lov,255133.0,f
rec-8647798-dup-0,id-10077274,rec-610932-dup-0,8,8,Outbyrst,27000.0,f
rec-8647798-dup-1,id-10077274,rec-610932-dup-0,8,8,Outburdt,27000.0,f
rec-11532036-dup-1,id-13062322,id-1114861,3,3,Verkognosa,201000.0,f
rec-11532036-dup-0,id-13062322,id-1114861,3,3,Vergogriosa,201000.0,f
id-2288017,id-2735271,id-639054,8,8,Sick Is the One Who Adores Me,327000.0,f
rec-7067817-dup-0,id-8376439,id-432479,18,18,A tak já v torn zase lítam,113000.0,f
rec-7579522-dup-2,id-8925608,id-492311,12,12,Is Thay the Way You Look,95506.0,f
rec-7579522-dup-0,id-8925608,id-492311,12,12,Iz That the Way You Look,95506.0,f
rec-7579522-dup-1,id-8925608,id-492311,12,12,Is That tbe Way You Look,95506.0,f
id-1813809,id-2161543,id-167817,3,A3,Paradise,261826.0,f
id-13225960,id-13073062,id-1115990,3,3,Bay Bridge,398000.0,f
rec-6528828-dup-2,rec-7796916-dup-0,rec-363634-dup-0,8,8,Křížaly hovsle a půlměsíc,259000.0,f
rec-6528828-dup-0,rec-7796916-dup-0,rec-363634-dup-0,8,8,Křížaly housle a půlměsík,259000.0,f
id-12258763,id-13503227,id-1166748,25,25,Comic Motion,65000.0,f
id-961164,id-1123086,id-812146,8,8,If You Want Me,160026.0,f
id-8653617,id-10083370,id-611297,29,29,By the Waters Edge b,8000.0,f
rec-34246522-dup-0,id-29090186,id-3256273,4,4,Spanisth Blood 40  4,,f
id-4826706,id-11829302,id-162148,9,9,This Girls in Love With You,218626.0,f
rec-7026845-dup-1,id-8332385,id-427679,2,2,Kioroy Was Here,170986.0,f
id-6624990,id-7900386,id-374680,20,20,Pavan and Galliard a 6 in C major Galliard,89000.0,f
id-18757737,id-17847249,id-1698379,1,A1,I Am Aware of My Heart,756000.0,f
rec-2016486-dup-1,id-2403837,id-736309,6,6,A Rockin Good Way To Me5s Around and Fall in Love,148560.0,f
rec-7026845-dup-0,id-8332385,id-427679,2,2,Kilr0y Was Here,170986.0,f
id-8379272,id-9790125,id-1037717,13,13,untitled,190000.0,f
id-4456510,id-5497299,id-114204,8,8,For Your Will,246840.0,f
id-4273086,id-5259559,id-97409,4,4,Stop Bajon,260000.0,f
id-32718338,id-27982310,id-3089241,3,3,Dead Red Eyes,233506.0,f
id-6438556,id-7699679,id-351428,5,5,無名小卒,217000.0,f
id-5380300,id-6555152,id-227021,6,6,Coalesce,233453.0,f
id-7036295,id-8342684,id-428671,1,1,Les métaux noirs,279546.0,f
rec-12742768-dup-0,id-13223925,id-1133586,10,10,Odyssee zu neuen Sternen Freude 5chöner Götterfunken,189000.0,f
id-10654040,id-12253943,id-815913,3,3,Atheist Prayers,216000.0,f
id-15293627,id-15224396,id-1366474,4,4,Corazón de Melón,,f
id-3277398,id-3957711,id-1011621,7,7,Men Behind the Wire,159493.0,f
rec-13611897-dup-0,id-9679261,id-1241673,49,49,Vesper Sparow  Lark Sparrow,70000.0,f
id-6760879,id-8044618,id-393911,14,14,The Hill of Leopards,128000.0,f
id-3953460,id-4817572,id-71317,6,6,Morguray,219000.0,f
rec-10902594-dup-0,id-12520710,id-1054043,4,4,4th Mov Andabte,387000.0,f
rec-6425651-dup-1,id-7686138,id-641946,10,10,Human Paahts Inc,96000.0,f
id-3020449,id-3638850,id-825859,3,3,Im a Rover,259880.0,f
id-12387647,id-13573814,id-1174814,8,8,Träum weiter,222000.0,f
id-3400100,id-4113582,id-210965,4,4,Fleashine,404173.0,f
id-10095747,id-11638637,id-754934,8,8,Lost Faith full mix,119000.0,f
id-11684330,id-5062926,id-1025452,8,8,If You See Her Say Hello,246360.0,f
id-5956597,id-7176630,id-295744,6,6,Las Viejas Brujas,178000.0,f
id-1880488,id-2241263,id-86341,15,15,untitled,167426.0,f
id-8939429,id-10386664,id-639808,2,B1,Interstella Innervision remix,,f
id-11540165,id-1935481,id-4109,14,14,So Instinctual,286120.0,f
rec-10811745-dup-0,id-12435437,id-1043657,12,12,Der Schrei tes Schmetterlings,303000.0,f
rec-7868835-dup-0,id-9235130,id-1039302,10,10,En vi4,443840.0,f
rec-1292648-dup-1,id-1526514,id-890609,4,4,Backya5d Jam,267786.0,f
id-1535826,id-6658205,id-237457,8,B4,Material,204000.0,f
id-14160593,id-14554787,id-1285852,7,7,Tear Ya Chains Off,263000.0,f
id-3233324,id-3903093,id-137690,8,8,Rejoice and Sing from Christmas Oratorio,54333.0,f
id-7409243,id-8740824,id-472816,11,11,Guarde Nos Olhos,208893.0,f
id-9978765,id-11507296,id-743919,20,20,Mediterráneo,19000.0,f
id-7468820,id-8806005,id-479675,71,71,untitled,9520.0,f
rec-32679613-dup-1,id-27954697,rec-3084969-dup-0,10,10,Evil Ey,215319.0,f
id-4187759,id-5140699,id-406100,29,29,Why Do Lovers Break Each Others Hearts,199333.0,f
id-9902405,id-11420663,id-734808,1,1,The Stranger,,f
rec-4877474-dup-0,id-5996800,id-985287,1,1,Urstuline,283386.0,f
id-10933559,id-2944227,id-1057381,9,9,You Cant Get What You Want til You Know What You Want,338000.0,f
id-12672697,id-396693,id-167003,17,17,B Sharp Blues,165906.0,f
id-14319165,id-14658431,id-1297065,4,4,Zelená,112000.0,f
id-12121731,id-1160176,id-541706,3,3,Eray,280440.0,f
id-8920252,id-10365884,id-637306,10,10,Мегаполис,255000.0,f
rec-3789551-dup-0,id-4607576,id-150011,1,1,Indro,22000.0,f
id-3919330,id-4774529,id-68375,6,6,I Know What Rhymes With Orange,237000.0,f
id-4205260,id-5169373,id-94400,9,9,Lizard Point,239173.0,f
id-24377477,id-21924491,id-2240293,8,8,Firewater  Jive Talk The Virgin Land Mix,,f
id-32662732,id-27944073,id-3083244,4,4,Chopin  Nocturne Op 9 2 Chopin,277320.0,f
id-12305822,id-10388645,id-640018,13,13,Nordcore Attack Rapid S remix,274000.0,f
id-4475779,id-5526541,id-116251,10,10,Thanks a Lot,156840.0,f
rec-4502516-dup-0,id-5564603,rec-120086-dup-0,8,8,Eklektisch Spigeln,262000.0,f
rec-14944717-dup-0,id-14994474,id-1337778,8,8,Jellyfi5h,293000.0,f
id-2607063,id-3128512,id-926423,6,6,Permanent Smile,233026.0,f
rec-8939507-dup-1,id-10386753,id-639830,1,A,Bana1,247000.0,f
id-4131698,id-1528888,id-220417,11,11,Jingle Bells,169200.0,f
id-1395029,id-1646912,id-232603,18,18,Across the Breakfast Table Looking at You,208933.0,f
id-2980429,id-3588732,id-945036,5,5,Karmacoma,330920.0,f
rec-3030435-dup-2,id-3650587,id-70454,4,4,Univerdal Funeral,164200.0,f
id-4206664,id-5171390,id-92197,4,4,破戒の人形,247666.0,f
rec-15313175-dup-0,rec-15238851-dup-0,id-1368468,17,17,Stormh Weather,209000.0,f
id-5731366,id-6935072,id-268421,16,16,Outro,44000.0,f
rec-15313175-dup-2,rec-15238851-dup-0,id-1368468,17,17,Stormy Weayher,209000.0,f
id-7163786,id-8475269,id-939568,8,8,You love me,257666.0,f
id-16613728,id-4713337,id-1491383,7,7,Rats and Monkeys,204000.0,f
id-7022626,id-8327843,id-427159,10,10,Mummy,319266.0,f
rec-9951772-dup-1,id-11477459,id-741151,15,15,Tess Is Missin9,244000.0,f
rec-9951772-dup-0,id-11477459,id-741151,15,15,Tess Is Missink,244000.0,f
id-1329731,id-1570224,id-404475,9,9,Perfect Girl,283066.0,f
rec-27561587-dup-2,rec-24247507-dup-0,rec-2556104-dup-0,8,8,Chop S0ckey Battle,66000.0,f
rec-27561587-dup-1,rec-24247507-dup-0,rec-2556104-dup-0,8,8,Chop Sockev Battle,66000.0,f
rec-27561587-dup-0,rec-24247507-dup-1,rec-2556104-dup-0,8,8,Chop Sockeh Battle,66000.0,f
rec-8147699-dup-1,id-9536018,id-558698,6,6,Give Me the Nevvs,289000.0,f
rec-8147699-dup-0,id-9536018,id-558698,6,6,Give Me the Newz,289000.0,f
id-9419007,id-10899572,id-685717,10,10,Wenn ich durch die Straßen geh,,f
id-1199808,id-1420048,id-83283,9,9,Shivering King,359906.0,f
rec-34292825-dup-0,rec-29125960-dup-0,id-3261527,5,5,Ev3ntide,226000.0,f
rec-2147159-dup-0,id-2561703,id-731831,3,3,Lookink Down,206933.0,f
rec-1697648-dup-0,id-2010293,id-81668,1,1,Ho Ka Hei,247800.0,f
rec-1697648-dup-1,id-2010293,id-81668,1,1,Ho Ka Hev,247800.0,f
rec-12175812-dup-1,id-4539590,id-958109,11,11,Psddys,360267.0,f
id-4931361,id-6057010,id-175474,1,1,Yemen Elleri,,f
rec-12019873-dup-0,id-11152174,id-703608,1,1,Intri,68000.0,f
id-14605333,id-14834450,id-1317975,4,4,Surviaisten tanssi,188000.0,f
rec-5339815-dup-0,id-6510017,id-907741,5,5,Prim'ltive,279000.0,f
rec-8119840-dup-1,rec-9505199-dup-0,rec-559079-dup-0,11,11,There Is a Roar,235000.0,f
id-10526133,id-12112456,id-859762,8,8,Closer,,f
id-7232206,id-8549796,id-643608,10,10,Divertimento for Flute Oboe and Clarinet op 37 IV Andantino,84000.0,f
id-10363509,id-11935184,id-785400,1,1,Ich atme ein ich atme aus,254000.0,f
id-9394462,id-10872885,id-683854,21,21,And You Shine full mix,173000.0,f
rec-10674344-dup-0,id-12276640,id-818679,9,9,Turning Communisd,,f
id-2497581,id-2995944,id-236009,8,8,Dreams in Troubles,56986.0,f
id-24542760,id-12753683,id-2256107,1,1,Turn the Beat Around  You Should Be Dancing  I Cant Get Next to You,,f
id-4689926,id-5781023,id-143599,17,17,LXC,253026.0,f
rec-8223504-dup-2,id-9620195,id-568078,5,5,Dorex el hametim,379000.0,f
id-4868211,id-5986040,id-988606,3,3,I Miss You Baby,420000.0,f
id-6277962,id-7523745,id-331571,14,14,Hate Towards Peoples Hate,126000.0,f
id-7204839,id-8520196,id-985714,2,2,Descent,234000.0,f
rec-14160593-dup-0,id-14554787,id-1285852,7,7,Tear Ya Chains Of,263000.0,f
id-23098532,id-20997467,id-2113302,13,13,Canario 1978 rehearsal out‐take,142986.0,f
id-7106232,id-8417653,id-436822,1,1,untitled,261000.0,f
id-6754322,id-8037957,id-445735,4,4,Home,190520.0,f
id-8499484,id-9920416,id-847614,13,13,Rakyat Biasa,,f
id-4200517,id-5162493,id-598017,6,6,Furry Lewis Rag,119360.0,f
rec-28944698-dup-0,id-25271551,id-2694681,2,2,Tulpen en rosen,158000.0,f
id-8764006,id-10198676,id-620376,30,30,Playground 60 second version,60000.0,f
id-11229019,id-12797239,id-1085750,3,3,Shiva Lingam,348000.0,f
id-9554335,id-11040844,id-695030,32,32,Sleaze on Over,109000.0,f
rec-7659503-dup-2,id-9012447,id-501932,13,13,Strings 0f Grass,276626.0,f
id-7664692,id-9017922,id-502565,6,6,You Dont Know What Love Is,313000.0,f
rec-7659503-dup-1,id-9012447,id-501932,13,13,Strinks of Grass,276626.0,f
rec-5962094-dup-2,rec-7182687-dup-0,id-296299,7,7,Hör bessdr hin,256000.0,f
rec-28920803-dup-0,rec-25255160-dup-0,rec-2692453-dup-0,2,2,Darlon,231000.0,f
id-9693707,id-11191753,id-707860,11,11,Ago,1237000.0,f
rec-34240777-dup-0,id-29085837,id-3255638,6,6,海へ,72000.0,f
rec-10776602-dup-1,id-12394316,id-836767,10,10,Denta,334906.0,f
rec-10776602-dup-0,id-12394316,id-836767,10,10,Dengs,334906.0,f
id-12882838,id-1613264,id-299557,7,7,Lat,75373.0,f
id-14936570,id-11542190,id-747554,7,7,Ride to California,202000.0,f
id-11863154,id-13264247,id-1138150,4,A4,Courir après la vie,225000.0,f
id-13706553,id-14256258,id-1254049,17,17,Suchtpolitik,204813.0,f
id-7462786,id-8798962,id-479056,2,2,Fires,259000.0,f
id-13888649,id-14376888,id-1266567,7,7,The Pain You Caused,507000.0,f
id-7572930,id-2066122,id-491557,13,13,Duelling Bongos,175000.0,f
id-23072234,id-8429833,id-2110826,7,7,Next Year In Zion,,f
rec-10345154-dup-0,id-11915218,rec-783279-dup-0,6,6,Mery Christmas Baby,196000.0,f
id-4553646,id-5626811,id-463982,10,10,Live Good,216386.0,f
rec-14070219-dup-0,id-2495591,id-10309,34,34,Apple Giazed Vase II,81760.0,f
rec-14070219-dup-1,id-2495591,id-10309,34,34,Apple Glazed Vaje II,81760.0,f
id-13382475,id-14072412,id-1232669,9,9,Im Not Alone,446000.0,f
rec-12092792-dup-0,id-13408246,rec-1155036-dup-0,32,32,Block 4 Chapter 5 Aktivity 32a Restoration in Context 1,70186.0,f
id-7750466,id-9110647,id-512729,4,4,My Brain Is in the Cupboard Above the Kitchen Sink,211000.0,f
id-13440162,id-2729033,id-916478,8,8,Ich liebe dich feat Toddo Sörup,229226.0,f
id-11824534,id-13235492,id-1134982,8,8,Valgete pilvede all,221866.0,f
id-5285977,id-6450479,id-217306,1,1,I Can See Now,165000.0,f
id-11842109,id-13248067,id-1136461,9,9,Kui sind kohtan,229826.0,f
id-18734732,id-17831537,id-1696491,15,15,Take Me Tonight New Version,243000.0,f
id-24399677,id-21940945,id-2242449,2,A2,The Thing,121000.0,f
id-8335471,id-9743297,id-582191,9,9,Core 3,57973.0,f
rec-12834562-dup-2,rec-13769952-dup-0,id-1199271,2,2,Tswa1< Stick em,,f
id-6700529,id-7980625,id-383792,2,2,De Overtocht,369000.0,f
rec-12844134-dup-1,rec-13776338-dup-0,rec-1200099-dup-0,5,5,In Plake,259000.0,f
id-14038920,id-14471023,id-1277115,8,8,Polovtsian Dances,503000.0,f
id-829786,id-939382,id-59654,10,10,Unamerican Bandstand TV Medley,365466.0,f
id-1134421,id-1334052,id-115857,2,2,In Dreams,222666.0,f
id-938692,id-1095496,id-1009329,7,7,The Martyrs Lounge,247093.0,f
id-14902110,id-14879311,id-1323636,3,3,Priceless Time,,f
id-14013617,id-14457683,id-1275705,8,8,Forgotten Cluster,318151.0,f
rec-15904464-dup-0,id-15688087,id-1423980,4,4,4Jan,176000.0,f
id-27623335,id-24295345,id-2562489,3,3,Us On A Young Night,182000.0,f
id-8945,id-240712,id-323364,3,3,Motivators,200000.0,f
id-9854131,id-11367027,id-728872,14,14,Vicious Lies,276000.0,f
id-1443352,id-1704994,id-507400,5,5,Este Son,350666.0,f
id-3418991,id-4137482,id-963597,4,4,Keep It Together,,f
rec-5885491-dup-1,id-7099402,id-287095,9,9,The Lsst Kiss,223600.0,f
rec-30647850-dup-0,rec-26517020-dup-0,rec-2864702-dup-0,3,3,Around The Wofld,243000.0,f
id-14421706,id-14721635,id-1304601,1,1,Trouble in the Amen Corner,182000.0,f
id-5177538,id-6330402,id-205377,51,51,silence,4360.0,f
id-8418901,id-9832353,id-591522,1,1,Sing Our Own Song,230000.0,f
id-1934155,id-2304164,id-815085,1,1,One More Work Song Blues,,f
id-12739468,id-5482096,id-491786,5,A5,Voices,152026.0,f
id-13421653,id-2909361,id-718934,16,16,The Hobo Song,204240.0,f
id-2275303,id-2719441,id-883486,7,7,Through Our Spiraling Wings,318000.0,f
rec-562318-dup-1,rec-634636-dup-0,id-178364,2,2,Call Id L,228093.0,f
id-1091759,id-252788,id-933259,15,15,Unconditional Love,238666.0,f
id-13390013,id-14075669,id-1233052,2,A2,Vampire,190000.0,f
id-10902594,id-12520710,id-1054043,4,4,4th Mov Andante,387000.0,f
rec-8163304-dup-0,id-6519807,rec-560705-dup-0,1,1,Celui quw jétais,231000.0,f
id-4289379,id-5280314,id-98550,4,4,白線～スタートライン instrumental,298000.0,f
id-13779992,id-14302615,id-1259060,5,5,Remain,260386.0,f
id-17067449,id-9512308,id-1534995,1,1,一人ぼっちの二人,,f
id-8688008,id-10118531,id-613108,2,2,One Nation b,203000.0,f
rec-31381714-dup-0,id-27067879,rec-2946393-dup-0,9,9,MacGinty5 Meal and Ale,357400.0,f
id-6261019,id-7505127,id-477748,7,7,Superior Life,181000.0,f
rec-3495397-dup-0,rec-2996724-dup-0,id-907428,7,7,Just Ask Your Heaft,149600.0,f
rec-12335781-dup-0,id-9875721,id-807240,22,22,Whole Wicle World,196000.0,f
id-25374173,id-22633521,id-2339005,11,B5,Gun Shy,,f
id-8383130,id-9794261,id-587169,4,4,Imi place dati drumu,198373.0,f
id-9733875,id-11235807,id-713014,2,2,Evangelic,168000.0,f
id-12093502,id-13408866,id-1155113,9,9,Irreplaceable,206000.0,f
id-6026440,id-7252763,id-864636,6,6,She Always Dances Alone,,f
id-2112700,id-2519257,id-17498,2,2,9 Inches of Pure Malice,138133.0,f
id-1780219,id-5236559,id-903223,7,7,Sinefiasmeni Kiriaki,165360.0,f
id-877070,id-1016499,id-934782,21,21,O Maranariello,262934.0,f
rec-12879855-dup-0,rec-7182491-dup-0,id-296276,5,5,Run Bapy Run,294373.0,f
rec-10375548-dup-0,id-11948031,rec-786629-dup-0,5,5,I Can He,143000.0,f
id-20334339,id-19003824,id-1847369,25,25,Handjes draaien,27224.0,f
id-1304707,id-1540517,id-47684,6,6,Love Machine instrumental remix,207933.0,f
id-8011500,id-9388499,id-542998,8,8,Zillertaler Hochzeitsmarsch,199000.0,f
id-8002839,id-9379419,id-542059,5,5,幾分,,f
id-8059329,id-9439699,id-548330,11,11,Confusion Illusion,,f
rec-11576879-dup-0,id-12802285,id-1117661,2,2,Dingue dinhue dingue,271000.0,f
id-12621396,id-13122514,id-1121648,6,6,Sonata for Violin and Piano No 5 in F major Op 24 Spring III Allegro molto,69000.0,f
rec-9394935-dup-2,id-10873468,id-683895,11,11,Maniaf full mix,139000.0,f
rec-12648054-dup-0,rec-8917413-dup-0,id-491405,7,7,Vlda,241000.0,f
id-8647798,id-10077274,id-610932,8,8,Outburst,27000.0,f
rec-14153913-dup-0,id-11273870,rec-717739-dup-0,2,2,Beggar S9ncere,164000.0,f
id-10953005,id-66795,id-1059359,6,6,Heavy Metal Breakdown,334493.0,f
id-5865957,id-7078869,id-284722,12,12,Nothing Really Ends,327000.0,f
id-6610476,id-7883984,id-372922,3,3,Long Gone Midnight,215000.0,f
rec-4936387-dup-1,id-6063049,rec-989623-dup-0,8,8,Madis Song The Man Sne Thinks I Am,255000.0,f
id-2457291,id-2945338,id-14296,7,7,Rosenkranz,49840.0,f
rec-8636141-dup-0,id-10065317,id-610577,43,43,Talk of Lobe c,99000.0,f
id-9193460,id-10661781,id-856585,4,4,Exercise in Autism,228000.0,f
id-8396098,id-9808112,id-588764,6,6,Improvvisamente,415746.0,f
id-5200904,id-6356179,id-863284,5,5,Psalm,276000.0,f
id-1675762,id-1981793,id-1017608,4,4,Path of Beauty,341866.0,f
id-502859,id-576229,id-891470,1,1,Dry Spot,253680.0,f
id-10292653,id-11856614,id-777097,11,11,As I Roved Out,48000.0,f
rec-5095456-dup-1,rec-6241450-dup-0,id-195990,3,3,Caahnaval mayor,,f
id-4653523,id-5740300,id-139749,1,1,In  20 Seconds,33826.0,f
rec-32695041-dup-2,id-27965988,id-3086694,3,3,Contact Hlgh,149000.0,f
id-10789654,id-12409216,id-834953,14,14,The Gambler,212000.0,f
rec-1427176-dup-1,id-1686077,id-864459,8,8,Hawaiiqn Saucers,,f
rec-3030435-dup-0,id-3650587,id-70454,4,4,Universtal Funeral,164200.0,f
id-27551095,id-24239087,id-2555028,4,4,Forgive and Forget,180800.0,f
id-6944255,id-8243261,id-417184,19,19,White Knuckle Ride,214613.0,f
id-5206762,id-6362493,id-208761,1,1,So It Begins,126000.0,f
id-8244577,id-6946204,id-670774,2,2,JAPANESE GIRL,152053.0,f
rec-2639941-dup-1,id-3167609,id-926848,10,10,Drink and be sqtisfied,135760.0,f
rec-2639941-dup-0,id-3167609,id-926848,10,10,Drink and be satusfied,135760.0,f
id-12619339,id-13675289,id-1188611,4,4,Sommerwind,204280.0,f
id-2078462,id-2478889,id-109876,1,1,Met een goudvis naar zee,214626.0,f
rec-5256519-dup-0,id-6419071,id-214320,6,6,Bloud ib the Tower,186000.0,f
rec-5256519-dup-1,id-6419071,id-214320,6,6,Bbud in the Tower,186000.0,f
id-10982159,id-12590868,id-1062586,3,3,Esporrei Na Manivela,313173.0,f
id-3438096,id-592573,id-955184,7,7,Nothing,274306.0,f
rec-189192-dup-0,id-230611,id-36415,5,5,Saviourst,298840.0,f
id-10563118,id-12154691,id-908578,18,18,The Beautiful People,377000.0,f
rec-189192-dup-2,id-230611,id-36415,5,5,Savipurs,298840.0,f
id-6997458,id-8300687,id-423945,4,4,Wol auff wir weilen slauffen,184706.0,f
id-30682951,id-26544658,id-2868704,13,13,Thread Pt 2,428747.0,f
id-2935538,id-3532023,id-952561,12,12,Murder By Numbers,299253.0,f
id-5600731,id-6794148,id-1002518,6,6,The Pause That Refreshes,76000.0,f
id-861896,id-994535,id-884526,8,8,Send Me an Angel,239360.0,f
rec-24467863-dup-1,rec-1539509-dup-0,id-2249181,5,5,If Youre Gonna Play in Tecas You Gotta Have a Fiddle in the Band,268026.0,f
id-8785695,id-10220447,id-621050,92,92,Country Heart 15 second version,15000.0,f
id-12770041,id-13748118,id-1196497,14,14,Shameless,306000.0,f
id-2756093,id-3310840,id-685264,5,5,The Way That You Love Me,262160.0,f
id-1340968,id-1583535,id-7486,13,13,A Man With a Box,212133.0,f
rec-1934155-dup-0,rec-2304164-dup-0,rec-815085-dup-0,1,1,One More Work Song Bluej,,f
rec-6235988-dup-2,id-7478465,id-393411,3,3,Subterrestrlal,194000.0,f
id-11700984,id-13155741,id-1125709,7,7,Ποια ζωή να ζήσω,256000.0,f
id-37716724,id-31584100,id-3655862,5,5,Guard Tower,134000.0,f
rec-6235988-dup-1,id-7478465,id-393411,3,3,Subterresttrial,194000.0,f
rec-5903157-dup-1,id-7117622,id-289205,1,A1,One Witb Hats,,f
id-15114308,id-14262332,id-1349808,15,15,What Lies Behind CLekktor remix,261000.0,f
rec-12019873-dup-1,id-11152174,id-703608,1,1,Intr0,68000.0,f
id-2212848,id-2643679,id-915130,15,15,The Chauffeur And The Professor,305573.0,f
id-18776222,id-17861579,id-1700037,7,7,Ill Just Keep on Singing the Blues,163440.0,f
id-8690693,id-10121386,id-613401,1,1,Happy Banjo,262000.0,f
rec-2939613-dup-0,id-3537111,id-661802,3,3,He Will Com,,f
rec-2939613-dup-1,id-3537111,id-661802,3,3,He Wiol Come,,f
rec-2939613-dup-2,id-3537111,id-661802,3,3,He Will C9me,,f
id-2535321,id-3040496,id-552941,2,A2,Never Again The Dancer,305400.0,f
rec-25380035-dup-0,rec-263138-dup-0,id-2339567,9,9,Time to Go H0me,260093.0,f
rec-13225960-dup-0,rec-13073062-dup-0,id-1115990,3,3,Bay Brije,398000.0,f
rec-33550274-dup-0,id-28558324,id-3179209,6,6,Ride oh Our Enemies,235000.0,f
id-13756097,id-14288581,id-1257586,2,2,Back for you,314000.0,f
id-18687154,id-17795650,id-1692046,7,7,Drogenabhängig,198000.0,f
id-7040348,id-8346941,id-429040,9,9,Si no vuelves,199000.0,f
id-10568196,id-12160333,id-806875,18,18,Aura,149000.0,f
id-14573621,id-11422433,id-735004,7,7,Live Your Life,223000.0,f
id-950745,id-1109806,id-395564,3,3,Faith,86293.0,f
rec-4336801-dup-0,id-5340761,id-103272,4,4,Fire Belovv,250000.0,f
rec-4336801-dup-1,id-5340761,id-103272,4,4,Fire Bel0w,250000.0,f
rec-25380035-dup-2,rec-263138-dup-0,id-2339567,9,9,Time t0 Go Home,260093.0,f
id-6548240,id-7817883,id-365776,3,3,Hattin On A Playa,296000.0,f
id-5242224,id-6403292,id-212473,13,13,Guarda che luna,209000.0,f
rec-25353453-dup-0,id-5299958,id-2336881,7,7,Southton,247000.0,f
id-14159986,id-14554325,id-1285781,7,7,We Not Them BASED FREESTYLE,,f
id-7919137,id-9289731,id-1040241,13,13,Thats How It Goes,229000.0,f
id-13221181,id-13975836,id-1301052,11,11,Past Present  Future Rock n Roll,164000.0,f
id-1161403,id-1375590,id-519375,2,2,Plan B,289360.0,f
id-327964,id-383585,id-41893,1,1,Tortured Heroine,309666.0,f
id-11147107,id-12727339,id-1077629,7,7,Lighters Up  Granity Remix feat Joey Moe  Links,314000.0,f
id-1855779,id-2211617,id-9096,22,22,Hva har du tenkt,295840.0,f
id-7938909,id-9310922,id-534648,4,4,BahUBah,203053.0,f
rec-5128475-dup-0,id-6277495,id-199685,9,9,The Nijth Day Wake,,f
rec-34254102-dup-0,rec-29096807-dup-1,id-3256961,15,15,Suonata a violonsello solo n°5 in mi minore rv 40  largo,192600.0,f
id-6269019,id-7513888,id-330520,9,9,Jingle Bells,106000.0,f
id-9264589,id-10736089,id-674371,79,79,Hit the Road,35000.0,f
id-7005710,id-8309493,id-425261,6,6,Тайны незримых миров,343200.0,f
id-8323164,id-9729906,id-982092,7,7,Rush medley Different strings  Analog kid  La villa strangiato,455000.0,f
id-8738575,id-10171283,id-617643,2,A2,Suddenly Herbert Redub,407000.0,f
rec-12790341-dup-0,rec-6189263-dup-0,rec-190578-dup-0,1,A,Some Guys Have Al the Luck,187000.0,f
id-15341198,id-15260520,id-1371174,14,14,Kun nuoruus katoaa,481360.0,f
rec-32659847-dup-0,id-3289644,id-3082877,38,38,Up to the Wildstyle radlo edit,236000.0,f
id-13027717,id-13870702,id-1209602,22,22,Suspense  Tension Sheer Fear,34000.0,f
id-34240832,id-29085892,id-3255641,4,4,Mayumi,447000.0,f
rec-3457022-dup-0,id-1038409,rec-75702-dup-0,2,2,Atom Bornb Atomix 1,340240.0,f
id-16555910,id-16181730,id-1485721,3,3,Meat Dance,274066.0,f
id-3945632,id-4807519,id-965540,12,12,Für immer wie heute,187493.0,f
id-12416402,id-9608909,id-566805,6,B2,Ikh ken tsvey zayn,334000.0,f
id-13496923,id-14130745,id-1239530,24,24,Youth Attack,,f
id-27569149,id-2239781,id-2556877,2,2,Playground Battle,201906.0,f
id-13025977,id-13868944,id-1209528,37,37,Beach Party Diamond Beach 15 second version,15000.0,f
rec-24481427-dup-0,id-21999317,id-2250439,10,10,The Bishops Hantkerchief 5,136000.0,f
id-7120609,id-8432746,id-438490,3,3,All Your Virtues,222000.0,f
rec-6517513-dup-1,id-7784662,id-362440,8,8,Akuirre,146000.0,f
rec-15914079-dup-0,id-15695459,id-1424819,1,A,That Old Feelink,169000.0,f
rec-15914079-dup-1,id-15695459,id-1424819,1,A,That Old Feeking,169000.0,f
id-5903157,id-7117622,id-289205,1,A1,One With Hats,,f
id-5379244,id-6553916,id-226928,2,2,Cargas y Descargas,450426.0,f
id-10469915,id-12049660,id-857637,6,6,Mardi Gras IKO,284000.0,f
rec-6517513-dup-0,id-7784662,id-362440,8,8,Aguire,146000.0,f
rec-4962370-dup-0,id-6092976,id-179426,10,10,A Dobt,58920.0,f
id-2598732,id-3118639,id-925853,9,9,Shes the One,390013.0,f
id-522174,id-594812,id-870918,12,12,Jets Jets,232573.0,f
rec-3729056-dup-1,id-4530250,rec-960850-dup-0,13,13,Cocofumkanut,271933.0,f
id-4659195,id-5746638,id-163846,8,8,The Warning,291600.0,f
id-1389159,id-1640008,id-86859,3,3,Caught Deep in the Zone,193866.0,f
rec-7085082-dup-0,rec-8395062-dup-0,id-434299,4,4,Aria of Cinese Tea,740000.0,f
id-5737078,id-6941519,id-269288,14,14,Pinocchio,113066.0,f
id-39754005,id-33035206,id-3901668,5,5,d3thbringrº_º☆ mira mix,237000.0,f
id-1383462,id-1633229,id-169117,6,6,Newborn Thing Sternklang remix,318400.0,f
id-23085047,id-20989299,id-2112105,3,3,Friends,363000.0,f
rec-12848941-dup-0,id-12847776,id-1091761,2,B,Ye5 We Can,348000.0,f
id-7527867,id-8869732,id-486326,4,4,Confusion,279000.0,f
id-3457022,id-1038409,id-75702,2,2,Atom Bomb Atomix 1,340240.0,f
id-1408654,id-1663014,id-30159,8,8,The Door,345146.0,f
id-6715657,id-7996612,id-386214,1,1,Back Among the Old Folks Once Again,,f
id-9715043,id-11215151,id-710611,1,A,All You Pretty Girls,222000.0,f
id-5284986,id-6449322,id-656760,3,3,Ode for St Cecilias Day HWV 76 Overture Minuet,74546.0,f
id-4325544,id-5326774,id-102120,2,B1,Electronischze,,f
id-7970153,id-9344040,id-713369,2,2,Intelligentsiya,346400.0,f
id-10611378,id-12206235,id-810065,9,9,Little Light of Mine,207933.0,f
id-12500200,id-4492078,id-58422,9,9,Lirik on Outer Space,490000.0,f
rec-2605291-dup-0,id-3126250,id-17866,5,5,Gonw,207306.0,f
id-3244690,id-3917543,id-983009,1,1,Michelle,470306.0,f
rec-5389827-dup-0,id-6565834,id-997876,11,11,Interkission,26000.0,f
id-9025040,id-3003196,id-685090,9,9,This Kingdom,299000.0,f
id-11107159,id-12692194,id-1073929,13,13,Borderline Tribal Deibel Mix,524000.0,f
rec-23072234-dup-0,id-8429833,rec-2110826-dup-0,7,7,Next Year Ij Zion,,f
rec-9154663-dup-1,id-10620427,id-663443,5,5,Lúltjma,171000.0,f
rec-9154663-dup-0,id-10620427,id-663443,5,5,Lúltina,171000.0,f
id-4504477,id-5567011,id-120485,11,11,Forever,293440.0,f
id-34287075,id-29121600,id-3260892,15,15,A Sea Of Empty Chairs,175000.0,f
rec-1427176-dup-0,id-1686077,id-864459,8,8,Hawaiian Sa7cers,,f
id-4505904,id-5568851,id-855451,5,5,Dont Worry,191013.0,f
rec-6078721-dup-0,id-7309621,rec-309050-dup-0,9,9,If You Lose Control of Yourself Yov Give It to Somebody Else,393986.0,f
id-3482138,id-4219595,id-184590,14,14,Hatasız Kul Olmaz live,320706.0,f
rec-7334824-dup-0,rec-8659998-dup-0,id-464247,9,9,Aldered,271000.0,f
id-12879855,id-7182491,id-296276,5,5,Run Baby Run,294373.0,f
id-14368149,id-4335313,id-955828,6,6,Feo pero sabroso,309866.0,f
id-20744,id-31485,id-566142,16,16,Silly Sarah Carter,137000.0,f
rec-5736889-dup-1,rec-6941319-dup-2,id-269276,1,1,Un bout de rovte,220373.0,f
rec-5736889-dup-0,rec-6941319-dup-1,id-269276,1,1,Un bout de rout,220373.0,f
id-34890267,id-23213198,id-3330762,4,4,ホトトギス,184000.0,f
id-7296434,id-8618025,id-459302,6,6,Impossible You,150000.0,f
id-12362283,id-13558342,id-1172889,8,8,Bombay Shuffle,126000.0,f
id-9718461,id-11219281,id-711067,4,4,Fábula,151000.0,f
rec-1328193-dup-1,id-1568419,id-877208,27,27,Hangin Out 1988 ener9y demos,78826.0,f
id-6573944,id-7845021,id-368591,10,10,Ray Ban,173000.0,f
id-6770727,id-8055014,id-395115,2,2,Fire,161000.0,f
id-6532030,id-7800339,id-364074,8,8,Cheeseball,299560.0,f
id-6746108,id-8029555,id-392147,7,7,Leave It All Behind,353000.0,f
rec-7483740-dup-0,id-8822766,rec-481197-dup-0,6,6,Marys Bpy Child,223000.0,f
rec-25852571-dup-2,id-22994666,id-2388303,12,A12,Link A6,25000.0,f
id-2493053,id-2990350,id-364160,10,10,Only Woman DJ With Degree,208494.0,f
rec-8619155-dup-0,id-10047977,id-609946,160,160,Skippinh Along,11000.0,f
id-10060117,id-11599171,id-759157,4,4,Glass Bottom Boat,101760.0,f
rec-25852571-dup-1,id-22994666,id-2388303,12,A12,Limk A7,25000.0,f
id-4120248,id-5043761,id-84581,2,2,Four,350320.0,f
rec-13512010-dup-0,id-14127821,id-1239210,1,1,Charpentier des cines,257493.0,f
id-3954299,id-4818590,id-71456,17,17,Historien om Signe,47533.0,f
id-9855897,id-11368893,id-729053,3,3,カラフル☆DRIVE,252400.0,f
id-37701336,id-31574175,id-3653937,2,2,Phoenix,346000.0,f
rec-11372138-dup-0,id-12929388,rec-1100275-dup-0,10,10,The Beautiful Peopile,,f
rec-11372138-dup-1,id-12929388,rec-1100275-dup-0,10,10,The Beautiful Peopl,,f
id-8079170,id-9459848,id-550376,12,12,Stray,368000.0,f
rec-8595440-dup-1,id-10023226,id-608445,6,6,Stitching Tim,436320.0,f
id-8973718,id-10424437,id-644048,13,13,Drie ouwe ottertjes,147226.0,f
id-28219731,id-24754334,id-2621239,5,5,Feels Like Im in Love,198000.0,f
id-28904564,id-25241633,id-2690894,1,1,For Whom the Bell Tolls,260000.0,f
id-2945058,id-3544050,id-1014224,3,3,Good Enough to Keep Air Mail Special 1st version  alternate take,177360.0,f
id-1871236,id-1294649,id-13343,2,2,Mecca,263693.0,f
id-8441983,id-9857074,id-594335,3,3,Ressaca,231000.0,f
rec-34302167-dup-1,rec-11391563-dup-0,id-3262564,6,K6,Never A9ain,,f
rec-4935185-dup-1,id-680914,rec-175899-dup-0,11,11,Anlıyorjun Değil mi,213000.0,f
rec-5559002-dup-1,rec-6750154-dup-0,rec-1001047-dup-0,11,11,Wenn det alte Brunnen rauscht,201000.0,f
id-3258017,id-3933871,id-761292,18,18,Śmierć bohaterom,167546.0,f
rec-14461224-dup-1,id-14740506,id-1306844,4,4,Genhaio,211587.0,f
id-10451929,id-12029673,id-793163,1,1,One Good Reason to Stay,248000.0,f
rec-1338191-dup-1,id-1580284,id-891634,2,2,Long Way 6o Africa,395226.0,f
rec-4906243-dup-0,id-6029120,id-902470,4,4,Inkantations,203000.0,f
rec-1338191-dup-0,id-1580284,id-891634,2,2,Lonh Way to Africa,395226.0,f
rec-12313770-dup-0,rec-2152919-dup-0,id-111867,20,20,Twendy,142933.0,f
rec-12313770-dup-1,rec-2152919-dup-0,id-111867,20,20,Twenry,142933.0,f
id-37673533,id-31555924,id-3650630,1,1,Mine  A Minecraft Parody,212000.0,f
id-5204107,id-6359672,id-519183,6,6,France,132000.0,f
id-28196180,id-24735434,id-2618842,7,7,Dont let me down feat Prune,277781.0,f
id-3990352,id-4864145,id-926805,24,24,My Lips Remember Your Kisses,172333.0,f
id-34263135,id-29103539,id-3257919,6,6,raize,305133.0,f
rec-31796634-dup-0,id-27361674,id-2989310,10,10,Dolly op 56 I Berc3use,149000.0,f
id-12915325,id-5837352,id-150429,4,A4,Until They Close the World,151000.0,f
id-5650149,id-6848705,id-938276,13,13,God Bless America with My Country Tis of Thee,188000.0,f
rec-327964-dup-0,id-383585,id-41893,1,1,Tortvred Heroine,309666.0,f
id-23034873,id-20953391,id-2107312,17,17,Bleed American,180924.0,f
rec-32697059-dup-1,rec-27967248-dup-0,id-3086952,3,3,Along Third Sdreet,528300.0,f
rec-37734180-dup-1,id-13986962,id-3657919,10,10,The Way That Y0u Do,160000.0,f
rec-37734180-dup-0,id-13986962,id-3657919,10,10,The Way Thar You Do,160000.0,f
id-11486991,id-661930,id-928694,7,7,Finnegans Wake,136053.0,f
id-14894740,id-469998,id-199326,7,7,We Still Fight,95080.0,f
rec-107388-dup-1,id-128403,id-880214,11,11, amd Then,36000.0,f
id-12925185,id-13811451,id-1204436,5,5,Your Love Never Fails,326000.0,f
id-7178211,id-8491494,id-444885,5,5,The Gauntlet,163253.0,f
id-8785213,id-10219980,id-621043,49,49,Take a Look Around 30 second version,30000.0,f
id-9583073,id-11072041,id-695783,117,117,Ranch Hands,29000.0,f
id-14766818,id-14917656,id-1328772,17,17,Sin penas ni glorias,235453.0,f
id-12782737,id-13754791,id-1197226,5,5,Touch me Feel me Love me,259000.0,f
rec-606412-dup-0,id-681166,rec-454185-dup-0,9,9,Lakent,289040.0,f
id-7636540,id-8987641,id-1036214,3,3,Dunkirk,,f
id-11446115,id-12998156,id-1107458,2,2,So Real,327000.0,f
id-11657208,id-13136007,id-1123376,11,11,DeerTay,250000.0,f
id-2569456,id-3083458,id-919386,10,10,Pius Porteous,170666.0,f
id-9945949,id-11471102,id-740553,2,2,Psalm 104 Bless the Lord,404373.0,f
rec-18757291-dup-0,rec-17846873-dup-0,id-1698333,6,6,Drag9in Tale,112000.0,f
id-7284685,id-8605641,id-457685,14,14,The Outer Limits,102373.0,f
id-1548877,id-1829703,id-929399,2,2,Time Wont Let Me,196253.0,f
id-23068210,id-10358205,id-2110462,6,6,Quartet for Piano Violin Viola and Cello in D major WoO 36 No 2 I Allegro moderato,306866.0,f
id-18802691,id-17880574,id-1702649,2,B,Dont Give A Damn Justin Time Remix,327000.0,f
rec-5533359-dup-0,id-6721767,id-358748,11,B6,Raise tbe Roof,242666.0,f
id-10456165,id-10287051,id-793575,11,11,Slip Slop,190000.0,f
id-7149414,id-8460119,id-441292,2,A2,In the House DownNMy Speed mix,,f
id-3854390,id-4689382,id-457269,5,5,Nightshift,491960.0,f
id-27605770,id-24281093,id-2560638,9,9,Over,160981.0,f
id-5381527,id-6556509,id-227175,2,2,Face of a Fighter,201000.0,f
id-4160089,id-5099989,id-956267,2,2,Lingering Stratos,362960.0,f
id-9254805,id-10726143,id-858629,4,4,The Troll Stomp,83000.0,f
id-2139320,id-2552484,id-761618,2,2,King of da Beatz,247866.0,f
rec-15908914-dup-0,rec-15691507-dup-0,rec-1424379-dup-0,7,7,The Only Girl When Yoire Away,200826.0,f
id-3582411,id-412989,id-53791,2,2,Cryptorchid,168960.0,f
id-10098592,id-11641762,id-755021,43,43,Era Frigia full,120000.0,f
id-14830894,id-14949681,id-1332316,12,12,轍WADACHI,340013.0,f
id-13971254,id-11317387,id-723097,2,2,Seven,91000.0,f
id-15031111,id-14654702,id-1296640,10,10,Toxic,242000.0,f
rec-15908914-dup-2,rec-15691507-dup-0,rec-1424379-dup-0,7,7,The Only Girl When Y0ure Away,200826.0,f
rec-10754655-dup-1,id-12367706,id-829476,18,18,Paint Your Wag0n demo,140000.0,f
rec-10754655-dup-0,id-12367706,id-829476,18,18,Paint Yovr Wagon demo,140000.0,f
id-7955722,id-9328655,id-536486,12,12,Every Time You Lie,189000.0,f
id-9481086,id-10963898,id-690825,3,3,Telegraph Express,272000.0,f
id-3121860,id-3765131,id-947458,7,7,In the Face of Love,282533.0,f
id-7253008,id-8572099,id-453737,10,10,Pan and Syrinx Gentle Cupid aid my pleasure,179000.0,f
id-11764398,id-13200740,id-1130588,2,2,Opisthoproctidae,499000.0,f
rec-12451085-dup-1,rec-13606877-dup-0,id-1179542,5,5,Dat Nigga Der,220000.0,f
id-6528975,id-7797055,id-697763,9,9,Who Knows Why,232000.0,f
rec-10878047-dup-1,id-12377596,id-1051308,5,5,Openung,243000.0,f
id-23106610,id-21005259,id-2114108,3,B1,Flip da Track,336000.0,f
rec-2887808-dup-0,id-3473776,id-967327,18,18,Totale Entspannyng III,31373.0,f
id-27541129,id-24231315,id-2554018,21,21,Soldiers of the Sea C,60909.0,f
id-20239851,id-18934186,id-1838174,17,17,Dinosaurs Dear Friends,185800.0,f
id-14392488,id-10643632,id-666029,2,2,Down,194000.0,f
id-5156231,id-6307555,id-202797,3,3,Winter Song,287000.0,f
id-16957669,id-16478314,id-1524190,2,2,Lars rettet die Rentiere,606453.0,f
rec-10580451-dup-0,rec-12173606-dup-2,id-939209,14,14,unknpwn,204000.0,f
id-974507,id-1138720,id-652296,3,3,If You Go Away,221600.0,f
id-28942758,id-25270102,id-2694469,19,19,Proljeće,167333.0,f
rec-6666291-dup-1,rec-7944326-dup-0,id-1019525,23,23,Energy Criwis 79,141000.0,f
id-1398654,id-1651574,id-939707,24,24,Modern Country,183853.0,f
rec-2176468-dup-0,id-2598271,id-561136,9,9,Mah0gani 9000,478533.0,f
id-6688789,id-7968157,id-1019412,9,9,Good Times,190000.0,f
id-6201768,id-7441835,id-322288,6,6,Dovid Shpil Es Nokh Amol Play It Again Dave,165600.0,f
rec-6011346-dup-0,id-7237024,id-302122,3,3,蒲公英,228000.0,f
id-8269769,id-9670661,id-576303,8,8,Walk,186986.0,f
rec-9316013-dup-0,rec-10791427-dup-0,id-678355,27,27,Nightly Rep0rt stinger,5000.0,f
id-1269922,id-1500124,id-34324,12,12,Blood and Snow,301693.0,f
id-3799453,id-4620376,id-63088,12,12,If Only You,,f
id-4650219,id-5736818,id-138446,11,11,Copenhagen,171493.0,f
id-27629961,id-24301095,id-2563022,4,4,String Quartet in G D887 IV Allegro assai,677000.0,f
id-12259694,id-13504231,id-1166769,15,15,Hot Rock Track,15000.0,f
rec-9524102-dup-0,rec-11009510-dup-0,rec-694512-dup-0,43,43,Train to Tizuana,30000.0,f
rec-14872896-dup-0,rec-6518420-dup-0,id-646413,15,15,¡Ay andaah,295173.0,f
rec-4653523-dup-0,id-5740300,id-139749,1,1,In  20 Secondj,33826.0,f
id-39769001,id-26541211,id-3903850,1,1,Ten Mountain High,404607.0,f
rec-2407141-dup-0,id-2879236,rec-1015896-dup-0,12,12,Sijte stikket,280146.0,f
rec-11259204-dup-2,id-4400558,rec-711599-dup-0,14,14,Gnällplpan,71533.0,f
rec-12828029-dup-0,rec-13768085-dup-2,rec-1198990-dup-0,2,2,La nocbe,365000.0,f
id-12052536,id-13381459,id-1151781,5,5,Interlúdio,,f
id-9560257,id-11047570,id-695287,13,13,Interrupted Boys,241000.0,f
id-6720311,id-8001629,id-387087,7,7,Rules of the Game,,f
id-12175812,id-4539590,id-958109,11,11,Paddys,360267.0,f
rec-1038499-dup-1,id-1213638,id-312428,5,5,Verküntigung,482933.0,f
id-23075755,id-20982292,id-2111170,10,10,Sincere,97000.0,f
id-7349946,id-8676518,id-1032097,18,18,Polive  Thieves,225000.0,f
id-3000456,id-700892,id-169812,3,3,God Is God God Zilla mix,313933.0,f
rec-7600399-dup-1,id-8948431,id-494729,5,5,Blibd,346093.0,f
rec-7600399-dup-0,id-8948431,id-494729,5,5,Blint,346093.0,f
rec-11457206-dup-0,id-13009390,rec-1108664-dup-0,1,1,Annir Street Rock,194000.0,f
rec-11457206-dup-1,id-13009390,rec-1108664-dup-0,1,1,Anie Street Rock,194000.0,f
rec-11457206-dup-2,id-13009390,rec-1108664-dup-0,1,1,Annie Sdreet Rock,194000.0,f
id-11808922,id-13224662,id-1133677,5,5,Here Comes the Frowns,264000.0,f
id-12572904,id-13654181,id-1185885,1,1,No Trust,187000.0,f
id-37728215,id-9216489,id-3657203,1,1,Look at Me Millions of People,216000.0,f
id-1863748,id-2221314,id-18446,12,12,Verbazing,174893.0,f
rec-14936570-dup-2,id-11542190,rec-747554-dup-1,7,7,Ride to Californya,202000.0,f
rec-14936570-dup-1,id-11542190,rec-747554-dup-1,7,7,Ride do California,202000.0,f
id-12522257,id-12505290,id-1052064,3,3,Right or Wrong,220000.0,f
id-5507218,id-6693462,id-581001,9,9,Trust in You,286706.0,f
id-6088961,id-7320725,id-310001,1,1,Elizabeth,,f
id-5270144,id-6433541,id-215685,2,2,Cold  Ugly,268000.0,f
rec-8979222-dup-0,id-10430383,id-644639,16,16,Ladino Amigo,120000.0,f
id-11246234,id-12813181,id-1087552,1,1,Dark Corner,152000.0,f
id-12912233,id-8914449,id-491057,14,14,Little summer Music VI Breit klangvoll,155000.0,f
id-12417387,id-13387425,id-921163,7,7,אולי מו אי זואי,248040.0,f
id-3686265,id-4476101,id-163520,4,4,Imagery of Ecstacy Dream Traveler,438173.0,f
id-2283241,id-2728774,id-519749,32,32,Exercise 25,110746.0,f
id-2987042,id-3596746,id-182081,2,2,Sweetie,165413.0,f
id-2635170,id-3161770,id-951107,9,9,Bessonnitsa,238626.0,f
id-12132428,id-13061185,id-1114712,1,1,Man in the Sand Gordon cassette,,f
id-1996981,id-2380885,id-119860,8,8,Long Time Blues,215066.0,f
rec-9578750-dup-1,id-11067318,id-695712,26,26,Infinoty,29000.0,f
id-10515805,id-12101286,id-801025,3,3,To Love,277600.0,f
rec-24417013-dup-0,id-21953423,id-2244164,5,5,Escape From da Hauntecl Trap House,576000.0,f
id-3666888,id-4452156,id-904181,2,2,Chapel of Love,174493.0,f
rec-6798067-dup-0,rec-7695456-dup-0,id-398588,12,12,Remejber,324000.0,f
id-31381714,id-27067879,id-2946393,9,9,MacGintys Meal and Ale,357400.0,f
id-10718873,id-12327087,id-824617,23,23,VIP,147000.0,f
id-2881755,id-3465685,id-933952,5,5,New Shoes,225866.0,f
id-7806480,id-9169333,id-874993,4,4,은인,267000.0,f
id-2654514,id-3185906,id-916420,1,1,Feel The Way I Do,246160.0,f
rec-11665607-dup-0,id-13140513,id-1123978,4,4,Medley CorajaArmay ChischiChanga,283200.0,f
id-7729632,id-9088344,id-510095,7,7,Automatic Writing By the Moon 2,82160.0,f
id-28216368,id-24751769,id-2620848,11,11,Over The Hill,150000.0,f
id-11349789,id-12907331,id-1098252,98,98,Sizzle Platter 30 second version,,f
id-5339815,id-6510017,id-907741,5,5,Primitive,279000.0,f
id-35100719,id-29721256,id-3354237,8,8,Meant to Shine,406000.0,f
id-11894585,id-11811252,id-773468,8,8,Digidub,309000.0,f
id-12855269,id-13306614,id-1143052,1,A1,Hussjöröveri,,f
id-27603888,id-24279528,id-2560470,43,43,Back to the 90′s,471000.0,f
rec-3786850-dup-0,id-4603902,id-180437,3,3,Charanga En New Yorck,286386.0,f
rec-3786850-dup-1,id-4603902,id-180437,3,3,Charangq En New York,286386.0,f
id-14550286,id-14800893,id-1313806,2,2,Someones Rocking My Dream Boat,202000.0,f
id-3239836,id-3911608,id-945675,9,9,Fa Fa,287626.0,f
id-4606708,id-5688582,id-132953,4,4,Beijame,156933.0,f
id-8040428,id-9419394,id-546278,4,4,Help,163093.0,f
id-6169646,id-7407122,id-1011987,4,4,Tale of a Dying Bird,205000.0,f
id-5686644,id-6887732,id-262851,5,5,My Lonesome,97120.0,f
rec-4013660-dup-1,rec-4893823-dup-0,id-76527,12,12,Matchlews Name,229453.0,f
id-2324163,id-2778060,id-85654,8,8,Solaris,424000.0,f
rec-19529513-dup-0,rec-18416054-dup-0,id-1772099,9,9,LApprenti sorcler extract,226600.0,f
id-11875653,id-13271077,id-1138984,9,9,Mooiste ogen,290000.0,f
id-17851933,id-17196298,id-1612689,5,5,Der wilde Cowboy,147733.0,f
id-23027235,id-20947381,id-2106481,8,8,Call It Love,255133.0,f
id-8223504,id-9620195,id-568078,5,5,Doresh el hametim,379000.0,f
id-18757291,id-17846873,id-1698333,6,6,Draggin Tale,112000.0,f
id-13166686,id-13946303,id-1218330,8,B3,Blues Was the Name of the Song,94000.0,f
id-10650742,id-12250331,id-815519,13,13,Daddy,130093.0,f
id-15183292,id-15140162,id-1356159,3,3,メイキング映像,,f
id-3875098,id-4716417,id-126374,11,11,Dancing in the Dark,303040.0,f
rec-13710197-dup-0,id-14259094,id-1254351,1,1,Seek Ye First  Pavhebels Canon,138106.0,f
id-27135449,id-23466799,id-2514071,3,3,Surprised by the Joy,337840.0,f
id-27560891,id-24246954,id-2556057,4,4,My Best Friends Wedding Do You Really Love Film,119000.0,f
id-5891693,id-7106006,id-287886,9,9,Comme il faut,153186.0,f
id-3046124,id-3670272,id-937770,8,8,If Youll Die Ill Die,125786.0,f
id-4600157,id-5680809,id-883726,5,5,I Just Dont Know What to Do With Myself,189626.0,f
id-2441676,id-2923892,id-265132,13,13,Fuente esperanza Nueva mezcla,279013.0,f
rec-13495912-dup-0,rec-14130342-dup-0,id-1239492,15,15,Modetn Mystery,,f
id-1725397,id-2049429,id-688866,1,1,Mes vacances à Rio original mix,392000.0,f
id-7929054,id-9300373,id-533466,13,13,The Day I Was a Horse live in London,157000.0,f
rec-8396098-dup-0,id-9808112,rec-588764-dup-0,6,6,Improvvi5amente,415746.0,f
id-3061488,id-3689288,id-1015484,9,9,Still I Love Him,,f
id-1943038,id-2314699,id-41855,9,9,Happy Birthday,236093.0,f
id-5302724,id-6468615,id-218983,8,8,Colours of Indifference,237120.0,f
id-6295121,id-7542049,id-333687,1,1,Buried on 41st St,215173.0,f
rec-25390331-dup-1,id-22644681,id-2340713,2,2,Baroque Enssmble No 2,467000.0,f
rec-893592-dup-1,id-1041459,id-375336,4,4,Jacks Slumber Pqrty,270400.0,f
id-4135347,id-5065571,id-883788,4,4,Loneliness,233733.0,f
rec-8383130-dup-2,id-9794261,rec-587169-dup-0,4,4,Imi place dadi drumu,198373.0,f
rec-4093210-dup-0,id-5005582,id-192337,1,1,Fun Kev,459560.0,f
rec-3358913-dup-0,id-4060577,id-881331,2,2,How Many More Times live at Shepherds Bu5h Empire,679533.0,f
id-8619155,id-10047977,id-609946,160,160,Skipping Along,11000.0,f
rec-1340968-dup-0,id-1583535,id-7486,13,13,A Mam With a Box,212133.0,f
rec-5686644-dup-2,rec-6887732-dup-0,rec-262851-dup-0,5,5,My Lomesome,97120.0,f
id-3943406,id-4804480,id-967129,1,1,Intro,489333.0,f
rec-10437749-dup-2,id-12014323,id-792104,67,67,Kanki Sasteru Senritsu 6 60,59000.0,f
id-13517923,id-14142249,id-1240767,15,15,Thank You,296000.0,f
id-12107445,id-13418307,id-1156313,15,15,往天涯的盡頭單飛,294000.0,f
id-14587489,id-14824883,id-1316833,15,15,Oh Johnny 1956,188266.0,f
rec-11375176-dup-0,id-12932312,id-1100576,11,11,HeartShaped Glazses,,f
rec-3645742-dup-0,id-4426490,id-958524,30,30,Te Pope,94333.0,f
rec-1535826-dup-0,id-6658205,rec-237457-dup-0,8,B4,Maderial,204000.0,f
rec-12660523-dup-1,rec-13692611-dup-0,id-1190663,2,2,Ipiil,295000.0,f
rec-12660523-dup-0,rec-13692611-dup-0,id-1190663,2,2,Ibiio,295000.0,f
rec-13528779-dup-0,id-14149247,id-1241534,2,2,ITAPPMONROBOT,254000.0,f
id-11004371,id-7700792,id-1064526,1,1,Children,218000.0,f
rec-620647-dup-0,id-695760,id-4382,4,4,Lazyb0nes,186400.0,f
id-303982,id-789639,id-1009220,10,10,How,281800.0,f
id-12599549,id-10909525,id-686811,4,B1,Bahian BBoy LP mix,,f
rec-1112940-dup-0,rec-1306089-dup-2,id-102788,11,11,Now Im Feeling Zombiefiecl live,480000.0,f
id-4935185,id-680914,id-175899,11,11,Anlıyorsun Değil mi,213000.0,f
id-10040488,id-11591960,id-749828,238,238,Someone Somewhere Its Now Rise 1,21000.0,f
id-32713699,id-27978928,id-3088836,5,5,Burn It Down,200000.0,f
rec-4936387-dup-2,id-6063049,rec-989623-dup-0,8,8,Madis Song Tje Man She Thinks I Am,255000.0,f
id-14119523,id-133856,id-398218,10,10,Cover Me,125906.0,f
rec-2988658-dup-2,id-3598743,id-211855,3,3,Nefer Stop,176466.0,f
id-10811745,id-12435437,id-1043657,12,12,Der Schrei des Schmetterlings,303000.0,f
id-34246500,id-29090164,id-3256271,5,5,Ill Praise God Forever for Sending His Son,183000.0,f
id-6331104,id-7581845,id-338308,8,8,Spacco tutto,165000.0,f
id-6306266,id-7554581,id-335251,1,1,Darkgazer,101000.0,f
rec-10111717-dup-0,id-11655872,id-756118,16,16,Surpris,82000.0,f
id-18733024,id-6528605,id-1696378,7,7,Навозные мухи,194000.0,f
rec-5832036-dup-0,id-7043071,id-280830,7,7,S8n perdón,306000.0,f
rec-35097302-dup-0,rec-29718717-dup-0,id-3353815,5,5,UP ALL NIGHT,178050.0,f
id-2279881,id-2724801,id-916837,5,5,Osanity,70240.0,f
id-12184681,id-13414868,id-1155893,19,19,Colter Phones His Father 4M5,205000.0,f
id-6360767,id-7614484,id-678990,3,3,Mooi was die tijd  Maar vanavond heb ik hoofdpijn,253000.0,f
id-1147171,id-1358709,id-244596,18,18,The Good Old Days,123466.0,f
id-18705902,id-17809322,id-1693902,24,26,Sacrilege,286000.0,f
id-4063942,id-4964856,id-970618,1,1,Flash of Love wild style,145200.0,f
rec-15190503-dup-0,rec-15145623-dup-0,id-1356807,28,28,Schoolz Out,34000.0,f
rec-13672059-dup-1,id-14235769,id-1251668,2,2,Su9arbowl,131000.0,f
id-980301,id-1144880,id-357174,4,4,Yellow,395306.0,f
rec-23077013-dup-0,id-20983326,id-2111314,7,7,Mister Mister Scsrface,263466.0,f
id-25892,id-37235,id-876893,6,6,Information Is Power,283000.0,f
id-1473126,id-19153100,id-977975,9,9,Concerto No 5 in B major BWV 1050 III Allegro,311573.0,f
rec-9846625-dup-0,id-11358731,id-727967,4,4,Romame,179000.0,f
rec-13032264-dup-2,rec-13874511-dup-0,rec-1209836-dup-0,29,29,Cozy Campfiahe Collage 15 second version,15000.0,f
id-23055179,id-20968679,id-2109195,3,3,Black Bomberman,189270.0,f
id-35116088,id-29731414,id-3355968,6,6,小四,274000.0,f
id-11700978,id-13155735,id-1125709,1,1,Και τι έγινε,221000.0,f
id-2736755,id-3287434,id-20641,10,10,Poisons Fool,290026.0,f
rec-2436407-dup-0,rec-2916886-dup-1,rec-920631-dup-0,14,14,Take My Hamd Precious Lord,181840.0,f
id-9366519,id-10844020,id-682594,9,9,Space Media,206000.0,f
id-1338191,id-1580284,id-891634,2,2,Long Way to Africa,395226.0,f
rec-13041535-dup-0,id-3368204,rec-930439-dup-0,2,2,Pa9e,239960.0,f
rec-1032460-dup-0,id-1206473,id-1024547,17,17,Fat Beatst,36520.0,f
id-6476356,id-7740675,id-1017594,5,5,a lil somethin,100000.0,f
id-845235,id-962668,id-338625,13,13,Lacewings,224466.0,f
id-34284068,id-29119202,id-3260443,4,4,Nikata Bushi,132296.0,f
id-27562950,id-24248758,id-2556218,6,6,You,268696.0,f
id-1428782,id-1687746,id-893637,3,3,Mary Had a Little Lamb,55293.0,f
id-9741043,id-11243492,id-713903,15,15,Its Only Money,,f
id-4151791,id-5088376,id-87051,5,5,Hippie Holocaust,51000.0,f
rec-11208523-dup-0,id-10632315,id-664802,6,6,Prêds à tomber,193466.0,f
id-7887220,id-9254917,id-528687,3,3,Heiliger Krieg,290000.0,f
id-13428898,id-13942932,id-1217791,14,14,A Decision,248000.0,f
id-13564141,id-14173894,id-1244429,2,2,Episode 1 Finding Friends,141749.0,f
id-1514151,id-1788277,id-895887,3,3,Digital Dream Analogoue at 46hz by Icon of Coil,,f
rec-21991072-dup-0,rec-20205890-dup-0,rec-2007251-dup-0,3,3,Excerpts from Weihnaxts Oratorium Part 1  2,342146.0,f
id-4508948,id-5572826,id-121070,13,13,Sleeping in Paris,247426.0,f
id-4185943,id-5138141,id-89961,11,11,Corpus II,198920.0,f
rec-17851933-dup-1,id-17196298,id-1612689,5,5,Der wilde Cowlooy,147733.0,f
id-6562158,id-7832421,id-367189,5,5,1 Thing Trippin mix,256000.0,f
id-7357444,id-8684958,id-466786,5,5,Lady,250320.0,f
id-1654033,id-1953225,id-1036324,12,12,That Evil Child,235640.0,f
id-28202978,id-24741005,id-2619555,11,11,The Big Time Demo Version 1989,173000.0,f
id-10610145,id-12204885,id-809907,59,59,Wacky Day,90000.0,f
id-14940509,id-3238339,id-561226,3,3,Mit den Ärschen 2002,219000.0,f
id-13390369,id-14075724,id-1272746,20,20,Fuga super Allein Gott in der Höh sei Ehr BWV 716,161000.0,f
rec-34302604-dup-0,id-29133614,id-3262584,50,50,Chapter 10 Journal 2 Continued – Denduron Part 6,51000.0,f
id-17901626,id-17232535,id-1616952,7,7,In ben een ster,179000.0,f
rec-34302604-dup-1,id-29133614,id-3262584,50,50,Chapteah 10 Journal 2 Continued – Denduron Part 6,51000.0,f
id-4148307,id-5083819,id-86760,68,68,Nukem 8,25280.0,f
id-30681698,id-26543752,id-2868603,4,B1,Kokonaan Pois,,f
rec-11318542-dup-0,id-12877424,id-1095190,2,2,Down at tbe Miracle,205000.0,f
id-14263839,id-14623560,id-1292866,11,11,Morphée,242000.0,f
rec-17288-dup-1,id-27591,id-979355,7,7,Yo Really Got a Hold on Me,326000.0,f
rec-17288-dup-0,id-27591,id-979355,7,7,You Really G0t a Hold on Me,326000.0,f
rec-11785546-dup-1,rec-13211926-dup-0,id-1131957,17,17,Ma tean et ma tvlen kord jälle,307693.0,f
id-25363348,id-22625236,id-2337838,11,11,Second Fiddle,139000.0,f
id-12551917,id-156807,id-719111,3,A3,Desire,178000.0,f
id-13402349,id-14081926,id-1233720,5,5,radio dialog,160000.0,f
id-3729056,id-4530250,id-960850,13,13,Cocofunkanut,271933.0,f
id-33278,id-45504,id-879135,7,7,New Lives,172000.0,f
rec-7572930-dup-1,id-2066122,id-491557,13,13,Dueoling Bongos,175000.0,f
id-9876674,id-11390942,id-731484,5,5,Bairam de cartier,233000.0,f
rec-11785546-dup-0,rec-13211926-dup-0,id-1131957,17,17,Ma tean et ma tuken kord jälle,307693.0,f
id-12706758,id-13723340,id-1193559,8,8,A canzone e Tonino,257967.0,f
rec-4666198-dup-0,id-5754622,id-687243,25,25,Busv Signal,186720.0,f
id-12212390,id-7130283,id-1164067,9,9,Wholl Bear Shame,187000.0,f
rec-183995-dup-0,id-223649,id-33147,11,11,Co|or Bars,139800.0,f
id-3756506,id-4565471,id-653270,2,2,The Story of My Life,311533.0,f
id-4759596,id-5860147,id-885361,15,15,Yoresomanka,94000.0,f
rec-8040934-dup-0,rec-9419925-dup-1,rec-546325-dup-0,5,5,Feeling Like the Sunxhine,183000.0,f
id-34238329,id-29083882,id-3255382,1,1,Jay Macks Crib 2nd Version,,f
id-15308620,id-874738,id-1368008,7,C3,Hallo Ja Ja I Dont Know,620000.0,f
id-12031191,id-7885649,id-373055,7,7,Всегда Со Мной,115773.0,f
id-8020176,id-9397326,id-544114,7,7,Посвящение артистам,131000.0,f
rec-9827819-dup-0,rec-11337889-dup-1,rec-839120-dup-0,13,13,Gudnight Now,,f
id-9838457,id-11349821,id-840465,6,6,The Tracks of My Tears,178000.0,f
id-14020846,id-14405823,id-1269830,17,17,4 Your Love edit club remix,211000.0,f
rec-30658094-dup-1,rec-26525448-dup-0,id-2865903,11,11,Bruce Ant Annette Jazz,175000.0,f
id-830413,id-940256,id-484549,4,4,Heut ist mein Tag Blümchen vs Roh mix,186640.0,f
rec-11138621-dup-1,id-12720396,id-1076911,7,7,Derniers 5oupirs,,f
rec-11138621-dup-0,id-12720396,id-1076911,7,7,Dernierz soupirs,,f
id-5463999,id-6646808,id-237343,2,2,Never Again,204000.0,f
id-1404367,id-1658187,id-893019,5,5,Audivi vocem de caelo,255667.0,f
id-16588497,id-16207683,id-1488785,13,13,Hes Got the Whole World in His Hands,74933.0,f
id-2922880,id-3517288,id-482449,4,4,La donna riccia,153840.0,f
id-2385312,id-2852156,id-370495,6,B1,Seelenblues,286866.0,f
rec-4325544-dup-0,id-5326774,id-102120,2,B1,Electr0nischze,,f
rec-11293926-dup-0,id-12854115,id-1092477,1,1,Dei Freint,178000.0,f
id-13289542,id-14014195,id-1226053,4,4,Du Reisst Mir Meine Federn Aus,229000.0,f
rec-17837175-dup-1,id-17185950,id-1611439,2,2,Guantanano Bassline,139467.0,f
id-1504751,id-1777296,id-517,10,10,Mongoose,99293.0,f
rec-35851705-dup-0,id-30259748,rec-3437402-dup-0,19,19,Flickan kom ifran sin älsklings möte op 37 rio 5,201000.0,f
rec-35851705-dup-1,id-30259748,rec-3437402-dup-0,19,19,Flicckan kom ifran sin älsklings möte op 37 no 5,201000.0,f
id-1164930,id-1380011,id-9249,9,9,Aint Nobody Home,443906.0,f
id-38698369,id-32287528,id-3770211,19,19,Saint Louis Blues,247000.0,f
id-10032915,id-11569033,id-749087,58,58,Front Line promo length,10000.0,f
id-32701472,id-27970689,id-3087467,4,4,On the Warm Wet Ground,235000.0,f
id-14788165,id-13021852,id-1110046,7,7,Give It Up,240000.0,f
id-791424,id-897803,id-365804,3,3,Nemo,517106.0,f
rec-8269769-dup-0,id-9670661,rec-576303-dup-0,8,8,Wa1k,186986.0,f
id-8667914,id-10098042,id-612035,5,5,Punch for Power b,60000.0,f
id-11318542,id-12877424,id-1095190,2,2,Down at the Miracle,205000.0,f
id-4038972,id-4929752,id-967715,12,12,Prelude,168773.0,f
id-4297790,id-5291267,id-99440,13,13,Empire of Crime,121000.0,f
id-10564682,id-12156337,id-806684,7,7,You and the New World,173893.0,f
id-13165334,id-8121176,id-402421,2,2,Feel Better Granite mix,470000.0,f
id-10009204,id-11542688,id-747615,8,8,Berriville,124000.0,f
id-7252982,id-8572072,id-453736,3,3,Monkey Blood,233000.0,f
id-14291443,id-14640227,id-1294864,30,30,Adão e Erva,,f
id-24411946,id-21949292,id-2243697,7,7,Pyromanes scéniques,187493.0,f
id-3441965,id-4168457,id-318409,4,4,Der Schritt in die Tiefe,690000.0,f
id-5414976,id-6593507,id-999390,8,8,Another Way of Loving You,218000.0,f
id-10863082,id-12484844,id-1049655,2,2,Les Chairs À Vif,288000.0,f
id-38181080,id-31913416,id-3710846,17,17,Living For Jesus,152000.0,f
id-6526902,id-7794736,id-363350,9,9,FUN A BASH,175000.0,f
id-3336128,id-4032120,id-947941,6,6,The Saturated Earth,410653.0,f
id-1317441,id-1555819,id-197110,16,16,The Way I Love You,158133.0,f
rec-6964667-dup-0,id-8265350,id-1025391,11,11,Take Your Tiiiie Son,417000.0,f
id-8436442,id-9851133,id-594187,7,7,She,177000.0,f
rec-1399503-dup-0,id-1652627,rec-863992-dup-0,3,3,Mr Stev4,372333.0,f
id-7912360,id-9282116,id-531712,1,1,Homegrown,405000.0,f
id-7766086,id-9126349,id-514571,7,7,Things,153600.0,f
id-9249534,id-10720736,id-673739,6,6,Key of Life Gio and Kemper club mix,519000.0,f
id-3030435,id-3650587,id-70454,4,4,Universal Funeral,164200.0,f
id-13477671,id-2179323,id-902878,10,10,Cicale,232733.0,f
id-1364259,id-183880,id-770247,9,9,1107 PM,251373.0,f
rec-3118394-dup-0,id-3760406,id-997466,15,15,Seminal Myoliserguide Nekrosia,233680.0,f
rec-1668913-dup-1,id-1972747,id-910469,12,12,Imzgine,366506.0,f
rec-1668913-dup-0,id-1972747,id-910469,12,12,Imajine,366506.0,f
id-5499845,id-6685496,id-240326,7,7,O Vos Omnes  Pablo Casals,237226.0,f
rec-7528956-dup-1,rec-8870941-dup-1,id-486466,3,3,Sin anf Sacrifice,,f
rec-7233255-dup-0,rec-8550946-dup-0,rec-451332-dup-0,12,12,Buy Me Back From te Dead,95000.0,f
id-3744184,id-4550071,id-60239,11,11,Kāda dziesma,237293.0,f
rec-7528956-dup-0,rec-8870941-dup-0,id-486466,3,3,Sin and Sacrific,,f
rec-30652854-dup-1,rec-26521125-dup-0,id-2865263,2,A2,Exotique Bossa Nofa,138318.0,f
rec-30652854-dup-0,rec-26521125-dup-0,id-2865263,2,A2,Exotiqie Bossa Nova,138318.0,f
rec-4654570-dup-2,rec-5741516-dup-0,id-718716,1,A1,Introducti0n,55000.0,f
rec-30652854-dup-2,rec-26521125-dup-0,id-2865263,2,A2,Exotique Bossa N0va,138318.0,f
rec-32669322-dup-0,rec-27948539-dup-1,rec-3083937-dup-0,7,7,They Have Beeh Here Earlier,399000.0,f
id-10950096,id-12562965,id-1059079,3,3,Old Maid In The Garret  Irish Reel  The Unicorn,457000.0,f
id-6380002,id-7635943,id-997694,7,7,Sigmund,479000.0,f
id-8534659,id-9958908,id-604324,6,6,Seni Sevmek İstemiştim,364000.0,f
rec-23105705-dup-0,id-21004653,id-2113999,1,1,CLOSE GAME LIFE,170000.0,f
rec-16820816-dup-0,id-16376421,rec-1511178-dup-0,12,12,Cheers tl Us,190000.0,f
id-6124853,id-7359375,id-313512,21,21,Gradus ad Parnassum Op 44 No 91 in B major Allegretto piano Marco Sollini,91000.0,f
id-2335433,id-2791501,id-164930,2,2,FBI,227546.0,f
id-12650875,id-5852555,id-152271,2,A2,Building the Ark demo,303000.0,f
id-9074484,id-10532106,id-654215,5,5,People Hurt People,203213.0,f
rec-12016863-dup-0,id-13357214,rec-1148732-dup-0,8,8,Danny Boi,197000.0,f
id-4557176,id-5631016,id-127438,9,9,Feels Like Im in Love,197333.0,f
id-7359692,id-8687394,id-472150,3,3,La Mission,57000.0,f
id-12448490,id-13605179,id-1179272,1,1,Six Years,223936.0,f
id-1725136,id-2049071,id-36504,19,19,silence,8946.0,f
id-4578334,id-5655368,id-983719,6,6,The Mercy Seat,355000.0,f
id-14183553,id-14575196,id-1286881,4,4,Не расставайтесь,224360.0,f
id-1789084,id-2130219,id-7388,2,2,Baba,21280.0,f
rec-7499755-dup-0,id-8839605,id-483021,3,3,Fine Fine Daty,157440.0,f
id-29998822,id-7720834,id-2798304,14,14,Run for the Night Demo,269600.0,f
id-10013356,id-11547124,id-748010,102,102,Power Up,37000.0,f
id-32675225,id-27951722,id-3084519,4,4,Oru Kiliyin M,275000.0,f
id-3933690,id-4792213,id-69651,4,4,Life in 645 min live,404560.0,f
id-15050739,id-9624948,id-1344064,3,3,44 Minutes,277000.0,f
id-14944717,id-14994474,id-1337778,8,8,Jellyfish,293000.0,f
id-1682413,id-1990068,id-900488,7,7,Living for the Weekend,211973.0,f
rec-10384202-dup-0,rec-11957296-dup-0,id-65571,25,25,Midnigt on a Full Moon,114000.0,f
rec-10384202-dup-1,rec-11957296-dup-0,id-65571,25,25,Midnikht on a Full Moon,114000.0,f
id-5062081,id-6203408,id-649082,6,6,Kara Yemeni,195000.0,f
rec-14902110-dup-0,id-14879311,rec-1323636-dup-0,3,3,Priseless Time,,f
rec-12493172-dup-0,id-13626267,id-1182148,8,8,Juke B0x Hero  Whole Lotta Love,913000.0,f
id-12019873,id-11152174,id-703608,1,1,Intro,68000.0,f
id-5088952,id-6234007,id-195158,10,10,Happy Ending,182000.0,f
rec-8418901-dup-2,rec-9832353-dup-1,id-591522,1,1,Sing Our Own Spng,230000.0,f
id-9135742,id-10599312,id-661456,23,23,I Got a Date,220733.0,f
id-10464325,id-12043275,id-794498,9,9,If Im Not Me Then Who Is,232226.0,f
rec-8418901-dup-1,rec-9832353-dup-0,id-591522,1,1,Sink Our Own Song,230000.0,f
id-13701836,id-14253722,id-1253752,11,11,DC,225000.0,f
rec-23085047-dup-2,rec-20989299-dup-0,id-2112105,3,3,Frienrs,363000.0,f
rec-7939436-dup-0,id-9311396,rec-534700-dup-0,11,11,Hevi dose,150000.0,f
rec-7939436-dup-1,id-9311396,rec-534700-dup-0,11,11,Hevl doze,150000.0,f
id-27540173,id-24230601,id-2553912,2,A2,Mountains Are Dreaming,,f
id-5064064,id-6205842,id-192357,5,5,Garaj Baras Paap,257000.0,f
rec-9902405-dup-0,id-11420663,id-734808,1,1,The Strariger,,f
id-9665596,id-2272482,id-704672,21,21,I Still Love You,121480.0,f
id-8609851,id-10038096,id-609421,17,17,Old Friends,60000.0,f
id-12843750,id-13043214,id-1112596,15,15,Bomba,219000.0,f
id-34292825,id-29125960,id-3261527,5,5,Eventide,226000.0,f
id-14399976,id-1975752,id-1311348,14,14,Something Beautiful,227746.0,f
id-7266521,id-8585883,id-455334,1,1,Intro,95000.0,f
id-9456939,id-10939979,id-689573,4,4,Wake Up,,f
id-9079032,id-10536838,id-654674,10,10,untitled,256000.0,f
id-4873440,id-5992175,id-168286,5,5,Hard to Handle,237000.0,f
rec-3686265-dup-0,id-4476101,id-163520,4,4,Imagery of Ecjtacy Dream Traveler,438173.0,f
id-5696175,id-7209558,id-263551,5,5,It Wasnt Said to Ask,257000.0,f
rec-9945949-dup-0,id-11471102,id-740553,2,2,Psalm 104 Bless the Loahd,404373.0,f
rec-23085047-dup-1,rec-20989299-dup-0,id-2112105,3,3,Fri4nds,363000.0,f
rec-7590799-dup-0,rec-8937342-dup-0,id-493543,3,3,Mighgy Like the Blues,415000.0,f
id-14042181,id-112489,id-255839,5,5,Joyride,94226.0,f
rec-4457209-dup-0,id-5498173,id-145304,13,13,Voice5,385826.0,f
id-10731282,id-6257031,id-831781,2,2,Goin Down Slow,339266.0,f
id-8066901,id-9447431,id-549182,11,11,7M6 EC Part 2,,f
id-2693520,id-3233213,id-52570,2,2,Grammofonnummer,180000.0,f
rec-6022569-dup-0,id-7248824,rec-303464-dup-0,40,40,La Pluie  Rafale de pluie intérieur voiture À lsrrêt,58000.0,f
rec-12738060-dup-1,id-8450239,id-440217,1,A,The Big Black Plastic Explosion Its Alnght Its Alright Dance Mix,,f
id-11259204,id-4400558,id-711599,14,14,Gnällpipan,71533.0,f
rec-16614239-dup-2,rec-5984007-dup-0,rec-1491435-dup-0,2,2,Swap orig'lnal mix,390000.0,f
id-5008051,id-6144217,id-184872,4,4,Strings Breath,313186.0,f
rec-16614239-dup-0,rec-5984007-dup-0,rec-1491435-dup-0,2,2,Swap origibal mix,390000.0,f
rec-16614239-dup-1,rec-5984007-dup-0,rec-1491435-dup-0,2,2,Swap original miecs,390000.0,f
id-4547030,id-5618952,id-126329,12,12,Daf No Wealth,307560.0,f
id-31796634,id-27361674,id-2989310,10,10,Dolly op 56 I Berceuse,149000.0,f
rec-9311463-dup-0,id-10786498,id-678169,2,2,うつし絵,323000.0,f
id-14505906,id-14774085,id-1310677,1,1,Natale Mano Nella Mano Weihnachten Hand in Hand,172000.0,f
id-14776979,id-14923041,id-1329377,8,8,One Day,227000.0,f
id-8147699,id-9536018,id-558698,6,6,Give Me the News,289000.0,f
id-1386719,id-1637229,id-980962,5,5,The Shepherds Farewell,348973.0,f
id-15307213,id-15234007,id-1367855,11,11,So Many Wonders x Cantarella,,f
id-6835558,id-8124605,id-802956,3,3,Czy już koniec,147000.0,f
id-12103172,id-13415748,id-1155982,3,3,All My Lies,245000.0,f
rec-11352245-dup-0,rec-12910331-dup-0,id-1098355,2,2,オリンピック,174066.0,f
rec-14934437-dup-2,id-12123512,rec-803565-dup-0,5,5,La Vi,271000.0,f
id-2591042,id-3109332,id-257533,7,7,Dead Eyes,248706.0,f
id-13213889,id-13970850,id-1221200,11,11,I Think Im Sean Justice,115096.0,f
rec-35851705-dup-2,id-30259748,rec-3437402-dup-0,19,19,Flickan kom ifran stin älsklings möte op 37 no 5,201000.0,f
id-6870951,id-8163508,id-1024085,13,13,Land of the Navajo,584013.0,f
rec-7750594-dup-1,id-9110775,id-512746,12,12,Pudfle of Sex,279000.0,f
id-963038,id-1125402,id-758042,11,11,Sanctus,144626.0,f
rec-14015556-dup-1,id-14459218,id-1275857,4,4,Katol0n,418040.0,f
rec-14015556-dup-0,id-14459218,id-1275857,4,4,Katilon,418040.0,f
rec-12214447-dup-1,id-13481841,id-1164240,8,8,Halelujah,184360.0,f
rec-12214447-dup-0,id-13481841,id-1164240,8,8,Hallelukah,184360.0,f
id-8037075,id-6975975,id-545880,12,12,Birds,312613.0,f
id-12866196,id-9841246,id-842554,13,13,To Kill a Mockingbird Part 11f,224293.0,f
id-2698628,id-3239465,id-889865,12,12,Atlantis,407827.0,f
id-15225558,id-15171880,id-1359991,3,3,Ya Robbana,285000.0,f
id-11177070,id-2143185,id-903781,35,35,Novelette No 2 in B flat minor,101200.0,f
id-13582611,id-14185603,id-1245817,5,5,Elephant Song,218000.0,f
rec-9352922-dup-2,rec-10829698-dup-0,rec-868838-dup-0,7,7,Rzuć ją Jobny,92000.0,f
id-3719387,id-4518161,id-866095,3,3,Arrivederci My Love,202093.0,f
rec-161366-dup-1,id-186568,id-227105,11,B5,Finest Worksong Mutual Drum Hom mix,231173.0,f
rec-161366-dup-0,id-186568,id-227105,11,B5,Finest Worksong Mutual Drum Horn mox,231173.0,f
rec-13440162-dup-0,id-2729033,id-916478,8,8,Ich liebe dich feat Toddo Sörvp,229226.0,f
rec-12200463-dup-0,id-13259431,id-1137518,17,17,Kære kvincler,82000.0,f
id-1530332,id-1807471,id-271330,6,6,Bogue,309226.0,f
id-34250935,id-29094143,id-3256597,7,7,No Card,87000.0,f
id-14860292,id-14958623,id-1333466,2,2,Buried in Sand,,f
rec-7724014-dup-0,id-9082457,id-509457,5,5,WanSinn,280506.0,f
id-10032596,id-11568712,id-749080,51,51,Romis Twist promo length,14000.0,f
rec-7724014-dup-2,id-9082457,id-509457,5,5,WahnSlnn,280506.0,f
id-14353608,id-14678910,id-1299789,17,17,You Gotta Believe,214495.0,f
id-473544,id-544783,id-263106,11,11,Uneasy Does It,250013.0,f
id-5770377,id-6977028,id-1004600,3,3,Bernafas Dalam Lumpur,323000.0,f
rec-6044919-dup-0,id-7273681,id-305916,11,11,Äljka bomben,197000.0,f
id-7702580,id-9059119,id-1037148,3,3,Part Three,636000.0,f
id-8285915,id-9689202,id-576187,4,4,No ruLe Off Vocal,233000.0,f
rec-6044919-dup-1,id-7273681,id-305916,11,11,Äoska bomben,197000.0,f
rec-3175211-dup-2,id-3832804,id-1024069,11,11,Marbha Na Luirnneach,514014.0,f
id-1720406,id-2041151,id-964965,7,7,Release Yourself,325466.0,f
rec-3175211-dup-0,id-3832804,id-1024069,11,11,Marbha Na L7imneach,514014.0,f
rec-38669844-dup-0,id-26537969,id-3766687,6,6,Enter6ain,176933.0,f
id-6090040,id-7321958,id-1011260,4,4,Do What You Wanna Do 93 demo,175000.0,f
rec-38669844-dup-2,id-26537969,id-3766687,6,6,Endertain,176933.0,f
id-12175190,id-2550742,id-869862,11,11,Im a Believer,185813.0,f
rec-479031-dup-1,id-551400,id-265329,3,3,An Oncomlng Train,234000.0,f
id-11568661,id-13086622,id-1117494,1,1,Big Kariba,202000.0,f
rec-2635170-dup-0,id-3161770,id-951107,9,9,Bessonni6sa,238626.0,f
id-5268308,id-6431558,id-658033,31,31,Partita BWV 771 Allein Gott in der Höh sei Ehr Variation 6,68640.0,f
id-3771024,id-4583708,id-961616,6,6,Kill Your Lover,,f
id-29692334,id-25820337,id-2769994,21,21,Geartete Künste hatten wir schon,300000.0,f
rec-7358643-dup-1,id-8686282,rec-466966-dup-0,9,9,Des Müllera Blumen,236000.0,f
rec-7358643-dup-0,id-8686282,rec-466966-dup-0,9,9,Des Mülers Blumen,236000.0,f
id-2234179,id-2669778,id-916677,3,3,Hämnden Gällivarevisan,164293.0,f
id-4178335,id-5127137,id-829427,13,13,silence,4040.0,f
id-8397672,id-9809987,id-588983,5,5,The Wonderful World of Christmas,117000.0,f
rec-25852562-dup-0,id-22994657,id-2388303,3,A3,Wnere to Go,138000.0,f
rec-5518148-dup-0,rec-6705609-dup-0,id-242277,1,A,Pentulum,,f
id-6666291,id-7944326,id-1019525,23,23,Energy Crisis 79,141000.0,f
rec-3539177-dup-0,id-4292254,rec-51062-dup-0,4,4,Dada Ds Ching,337733.0,f
rec-3539177-dup-1,id-4292254,rec-51062-dup-0,4,4,Dada Da Cjing,337733.0,f
rec-1035574-dup-0,rec-1206068-dup-0,rec-172257-dup-0,2,2,Olmasa Mektubvn,214466.0,f
id-4121742,id-5046077,id-87042,13,13,Under The 3000ft Red Ceiling,194973.0,f
rec-9451152-dup-0,id-10933586,id-688817,76,76,Primetime m alternative version,6000.0,f
id-14344964,id-14674058,id-1299217,2,2,The House of Shore,152000.0,f
rec-11663792-dup-0,rec-7322702-dup-0,id-445429,17,17,Alex du Prerd,86000.0,f
rec-9451152-dup-1,id-10933586,id-688817,76,76,Primetime n alternatibe version,6000.0,f
id-2861123,id-3441622,id-230949,7,7,Hudood Ordinance,539813.0,f
id-2612958,id-3135179,id-825619,17,17,Baby Lee,171466.0,f
id-18800466,id-17878919,id-1702426,45,45,Hâji Hasani,72306.0,f
rec-9451152-dup-2,id-10933586,id-688817,76,76,Primetime n alterjative version,6000.0,f
id-2874294,id-3456628,id-265979,3,3,Pimp Strut,297866.0,f
id-34253358,id-29096253,id-3256855,1,1,Kapitel 7 „Todesfalle Teil 5,234213.0,f
id-1641215,id-1937260,id-813583,6,6,Ocker 6,221573.0,f
id-3963635,id-4830550,id-72329,8,8,Transvestite Dance,,f
id-23015712,id-20938700,id-2105447,9,9,Erster Teil „Simon Mondkalb Kapitel 14 „Das Feuer auf dem Berg Teil 9,323000.0,f
id-38662560,id-32262433,id-3765656,1,1,Oh Lo Lo the Bemoner,236905.0,f
id-23042812,id-20959284,id-2108140,5,5,Dark Night,227201.0,f
id-11500578,id-13045199,id-1112803,6,6,Sliabh Luachra PolkasRoy Rogers,260475.0,f
id-9259022,id-10730399,id-674168,17,17,Clouds of Venus,59000.0,f
id-32634049,id-27925276,id-3080213,1,1,Foolish Dancer,,f
id-1426482,id-1685268,id-864174,2,2,Big Knock,259000.0,f
id-28969595,id-25289818,id-2697409,7,7,Pozwolił nam los,,f
rec-8243402-dup-0,id-210524,id-570714,18,18,The Beat,246000.0,f
id-6473818,id-7737972,id-1017057,2,2,Fever,297000.0,f
id-37677750,id-17871941,id-3651037,116,116,Run Lucifer,208399.0,f
id-2301363,id-2751437,id-867630,15,15,Jefke,215800.0,f
id-12459103,id-1176368,id-703161,8,TWO 3,Country Fair,410773.0,f
rec-7340645-dup-0,id-8666269,id-464940,6,6,The Gh0st,123000.0,f
id-6663110,id-7940934,id-379079,27,27,Rise of the Seraphim,194000.0,f
id-3883824,id-4727919,id-340166,21,21,Feit originalversjon,162440.0,f
id-15436725,id-15331201,id-1380386,10,10,OldTime Banjo Medley,213000.0,f
id-10776602,id-12394316,id-836767,10,10,Dents,334906.0,f
id-4851599,id-5966525,id-165467,1,1,Tuuli vie,212000.0,f
rec-7750466-dup-0,rec-9110647-dup-0,id-512729,4,4,My Brain Is in the Cupvoard Above the Kitchen Sink,211000.0,f
id-6968184,id-8269234,id-420493,10,10,La Cucuracha,153106.0,f
id-6107986,id-7341199,id-311951,1,1,Independance Day feat Lino,225000.0,f
id-7413056,id-8744961,id-473268,11,11,O Criador Par Esp MartNália,205960.0,f
id-1675520,id-1981370,id-903161,14,14,SOS Fire in the Sky,241360.0,f
id-27629425,id-24300631,id-2562977,14,14,On Broken Shells of Crystal Dreams 1998,137334.0,f
id-7571072,id-8916816,id-491340,2,2,O Que É Icho,,f
id-30666394,id-26531319,id-2866906,7,7,Action at the Machine,208000.0,f
id-7868835,id-9235130,id-1039302,10,10,En vie,443840.0,f
rec-12162639-dup-2,id-825810,rec-5961-dup-0,8,8,Approxinate,109266.0,f
id-18675732,id-17786967,id-1690934,3,3,2月のエピローグ,255000.0,f
id-27542044,id-8060585,id-2554095,16,16,Summertime,378000.0,f
id-32714431,id-27979559,id-3088926,5,5,White Heat,335000.0,f
id-6758360,id-8042343,id-540673,12,12,Le Dernier Homme,182000.0,f
id-6919536,id-8217058,id-414203,6,6,What Is This Thing Called Love,193000.0,f
id-229007,id-272237,id-44176,6,6,Sworn and Broken,214440.0,f
id-5625257,id-6821082,id-255136,2,2,Desperation,415000.0,f
id-38650558,id-32254209,id-3764147,16,16,Boogie,187600.0,f
rec-3970478-dup-1,rec-4838971-dup-1,rec-277747-dup-0,4,4,Effet de dtyle effet de mode,239586.0,f
id-6123724,id-7358160,id-313355,10,10,Lady Lai,298000.0,f
id-3423831,id-4143801,id-951109,6,B3,Hooked on Broadway,383267.0,f
rec-3970478-dup-2,rec-4838971-dup-0,rec-277747-dup-0,4,4,Effet de style ecfet de mode,239586.0,f
id-25347909,id-22613665,id-2336293,5,5,An Alien Heat,449000.0,f
id-14326609,id-14663131,id-1297689,14,14,På verandan på vid havet op 38 no 2,180000.0,f
id-7538033,id-19822,id-487515,3,3,Love Song for a Savior,286000.0,f
id-18762506,id-17850612,id-1698764,1,1,Berle  Omnivorous,368213.0,f
id-28184847,id-24726361,id-2617574,3,3,Big Sky,189346.0,f
id-25390331,id-22644681,id-2340713,2,2,Baroque Ensemble No 2,467000.0,f
id-13427718,id-14096135,id-1235466,1,1,Colossal,237000.0,f
rec-4170472-dup-0,id-5114789,rec-395677-dup-0,2,B,Preflation,590000.0,f
id-35098602,id-27947002,id-3353966,2,2,Runnin,195906.0,f
rec-3529157-dup-0,id-4278698,rec-910708-dup-0,9,9,Shotgun Kists live,263000.0,f
id-9099651,id-10560135,id-657190,2,2,Luminous Mysteries,1422933.0,f
id-393576,id-342468,id-34023,9,9,Words,355840.0,f
rec-8223504-dup-0,id-9620195,id-568078,5,5,Doresh el haketim,379000.0,f
id-5322406,id-6490802,id-996437,16,16,Sounds of the Wickedness,215493.0,f
id-9824257,id-11333920,id-838602,11,11,Dont Care,210000.0,f
id-12445489,id-13603313,id-1179015,4,D1,Untitled,,f
rec-13641838-dup-0,rec-14217700-dup-0,id-1249605,17,17,Grains od Sand,49000.0,f
id-1472365,id-1738659,id-894698,8,8,Lament of Love,204360.0,f
rec-3826449-dup-0,id-4654072,id-963469,5,5,Make a Lisr Make a Wish,588600.0,f
id-9109669,id-10570689,id-658545,4,4,男と女のラブゲーム,233306.0,f
id-8712894,id-10145081,id-616029,12,12,Serenade in the Night,186640.0,f
rec-7003526-dup-1,id-8307140,id-424668,1,1,Sadows in the Nights Sky,1171653.0,f
id-31731020,id-27314763,id-2982673,7,7,二人,208000.0,f
rec-15307213-dup-0,id-15234007,id-1367855,11,11,So Many Wonder5 x Cantarella,,f
id-10227231,id-10324737,id-770387,1,1,Promises,229000.0,f
id-18720238,id-17820792,id-1695244,19,19,Heavy Mental,89880.0,f
id-7233255,id-8550946,id-451332,12,12,Buy Me Back From the Dead,95000.0,f
rec-8285915-dup-1,rec-9689202-dup-2,id-576187,4,4,No ruLe Ofg Vocal,233000.0,f
id-8797157,id-2965355,id-742583,11,11,Our Day Will Come,150333.0,f
rec-3482443-dup-1,id-4219962,rec-247998-dup-0,9,9,Bruiss,269853.0,f
id-9425182,id-10906453,id-686447,3,3,After Youve Gone 1918,198000.0,f
rec-3482443-dup-2,id-4219962,rec-247998-dup-0,9,9,Bruides,269853.0,f
rec-5222806-dup-1,id-6381733,id-210552,1,1,Under te Capricorn Sky Part I,440000.0,f
id-7499755,id-8839605,id-483021,3,3,Fine Fine Daddy,157440.0,f
id-6922826,id-8220526,id-568936,8,8,Acid Pit,406000.0,f
id-25371211,id-22631404,id-2338674,6,6,Дороги,168986.0,f
rec-3702580-dup-1,id-4496704,id-222826,6,6,Superman Ids Not Easy,222173.0,f
id-8776682,id-10211424,id-620801,4,4,Pets Lament,149000.0,f
id-17837175,id-17185950,id-1611439,2,2,Guantanamo Bassline,139467.0,f
id-6771450,id-8055720,id-1022425,9,9,Final Script For Rodin,360000.0,f
rec-9109669-dup-0,id-10570689,id-658545,4,4,男と女のラブゲーム,233306.0,f
id-2098052,id-2502711,id-303470,5,5,Bahianese Mayonnaise,353026.0,f
id-3774500,id-4588632,id-178307,14,14,Josephine,221933.0,f
rec-2016486-dup-0,id-2403837,id-736309,6,6,A Rockin Good Way To Mess Atound and Fall in Love,148560.0,f
id-14177265,id-14569534,id-1286666,16,16,Must Persevere,116000.0,f
id-1941067,id-6084398,id-7398,22,22,Boys,160000.0,f
id-6909813,id-8206696,id-952748,6,6,Olivas Adobe,473000.0,f
id-5737293,id-6941793,id-270430,3,3,Symphony no 8 in G major op 88 III Allegretto grazioso,365400.0,f
id-1909120,id-2274945,id-897430,27,27,Dark Eyes,135626.0,f
rec-12209806-dup-1,rec-9757978-dup-1,rec-583731-dup-0,12,12,Arrkve,250640.0,f
rec-12209806-dup-2,rec-9757978-dup-2,rec-583731-dup-0,12,12,Arriye,250640.0,f
rec-37697037-dup-1,rec-31571366-dup-0,id-3653352,4,4,request 6he style,273438.0,f
id-15401218,id-15306390,id-1377095,10,10,Mojito chillout mix,264000.0,f
id-10184657,id-11736263,id-764958,7,7,Untitled,216000.0,f
id-3048252,id-3672847,id-938766,1,1,Halovo vodítko 1,77773.0,f
id-23086518,id-20990483,id-2112231,9,9,Teil 23,331040.0,f
id-14015389,id-5551867,id-118490,7,7,Night of the Abyss,161146.0,f
id-18689506,id-17797371,id-1692335,1,1,Time,220850.0,f
rec-9975565-dup-0,id-11504014,id-743778,6,6,Cinema5ic,261000.0,f
id-10171253,id-11721894,id-763313,5,5,Eemina,272000.0,f
id-23099968,id-6046715,id-2113445,4,4,NOCOLS PIANO 春のテーマ,150000.0,f
id-8781226,id-10215987,id-620939,36,36,Behind the Headlines 30 second version,30000.0,f
id-1263034,id-7384021,id-93297,3,3,Elkipalki,133253.0,f
id-5759127,id-6965207,id-272122,7,7,Serenity,241000.0,f
id-7042598,id-8349221,id-429285,8,8,White Line Fever Die Autobiografie Teil 4,61720.0,f
rec-14459874-dup-0,id-14745117,id-1307409,2,2,Feel the Pa:n,233351.0,f
id-11625883,id-13116355,id-1120927,2,2,Seiitenrinengi,2217000.0,f
id-38692089,id-9067658,id-3769449,1,A,Real Love,259000.0,f
id-5824477,id-7035189,id-279985,24,24,Ohh What You Do to Me,161973.0,f
id-1648896,id-1946720,id-899638,14,14,The law of the Lord is perfect,206066.0,f
id-10363538,id-11935213,id-785402,4,4,Over the Rainbow,415333.0,f
id-7628682,id-8979127,id-498262,4,4,Yaar Mera Kho Gaya,463000.0,f
rec-3266324-dup-2,id-3944173,id-693305,5,5,The Exquizite Flavor of GastroAnal Tripe,174426.0,f
id-1399503,id-1652627,id-863992,3,3,Mr Steve,372333.0,f
id-39758606,id-33038528,id-3902300,1,1,Voodoo Mama Cairo Liberation Front remix,213818.0,f
id-12092792,id-13408246,id-1155036,32,32,Block 4 Chapter 5 Activity 32a Restoration in Context 1,70186.0,f
id-1504747,id-1777292,id-517,6,6,Keep Sweeping Cobwebs Off the Moon,182200.0,f
rec-8599576-dup-1,id-10027571,id-608797,8,8,Partita No 5 in G major BWV 829 II Allemancle,270813.0,f
rec-8599576-dup-2,id-10027571,id-608797,8,8,Partita No 5 in G major BWV 829 II Al|emande,270813.0,f
id-7682389,id-9036714,id-504719,10,10,One For Dallas,183053.0,f
rec-23013654-dup-1,id-20937239,id-2105273,8,8,Rivql,319000.0,f
rec-14357137-dup-2,rec-14681030-dup-0,id-1300038,11,11,If Dreams C0me True,204858.0,f
id-3840154,id-4670704,id-92573,15,15,Dado Sado versjon,213200.0,f
id-30652854,id-26521125,id-2865263,2,A2,Exotique Bossa Nova,138318.0,f
id-5231691,id-6391590,id-211265,1,1,Say Say Say,170000.0,f
id-15120509,id-15091328,id-1350362,3,03,West Coast Tractor Beam,331000.0,f
rec-6322446-dup-0,id-7572443,rec-337154-dup-0,2,2,Friends in L0w Places,507000.0,f
rec-14357137-dup-0,rec-14681030-dup-1,id-1300038,11,11,If Dreaks Come True,204858.0,f
id-24539486,id-22039340,id-2255759,13,B6,Miss Harper Goes Bizarre,208000.0,f
rec-14178571-dup-1,rec-14570572-dup-0,id-1286704,5,5,Always Up to No Good underscire 60 second version,60000.0,f
rec-8119840-dup-0,rec-9505199-dup-0,rec-559079-dup-0,11,11,There Id a Road,235000.0,f
id-4464553,id-5508303,id-115016,10,10,The Regular,214280.0,f
id-14292381,id-14640945,id-1294974,24,24,Im in Love Again live,191706.0,f
rec-12362283-dup-2,id-13558342,id-1172889,8,8,Bombay Suffle,126000.0,f
rec-12362283-dup-1,id-13558342,id-1172889,8,8,Bompay Shuffle,126000.0,f
id-5628365,id-6824420,id-255599,13,13,Scared,526720.0,f
id-23013654,id-20937239,id-2105273,8,8,Rival,319000.0,f
rec-4654570-dup-1,rec-5741516-dup-0,id-718716,1,A1,Introcluction,55000.0,f
id-591244,id-665305,id-67764,8,8,Surf King,204640.0,f
rec-30667340-dup-0,rec-26567295-dup-0,rec-2867054-dup-0,10,10,CHEYENNE,205000.0,f
rec-9329377-dup-2,id-10805176,id-678874,52,52,Swirly Gatez narration,30000.0,f
rec-9329377-dup-1,id-10805176,id-678874,52,52,Swirly Gatez narration,30000.0,f
rec-9329377-dup-0,id-10805176,id-678874,52,52,Swirly Gades narration,30000.0,f
id-10030058,id-11566018,id-749002,55,55,On a Mission no drums,119000.0,f
rec-39767059-dup-1,rec-541467-dup-0,id-3903572,9,9,On With the Sho,243613.0,f
id-14197668,id-14584389,id-1287870,7,7,Almost Beautiful Child I  II,318000.0,f
id-9375562,id-10853112,id-682936,50,50,Slow Train full mix,15000.0,f
rec-9683538-dup-1,id-11180705,id-706625,2,2,Ladyhqwke,141000.0,f
id-12977741,id-13835266,id-1207462,5,5,Epic Battle a main,123000.0,f
rec-3449265-dup-0,id-4177767,id-875820,9,9,All I Wantet,233386.0,f
rec-3449265-dup-1,id-4177767,id-875820,9,9,Al I Wanted,233386.0,f
rec-3492371-dup-0,id-4232381,id-183485,8,8,Hes Mu Guy,253226.0,f
rec-3492371-dup-1,id-4232381,id-183485,8,8,Hes Mt Guy,253226.0,f
id-4301465,id-5296034,id-976333,2,2,Thy Wounds UnveiledN,225186.0,f
id-7939436,id-9311396,id-534700,11,11,Hevi doze,150000.0,f
id-38671455,id-32268238,id-3766899,1,A,Im Waiting Just for You,160000.0,f
id-6190566,id-7429595,id-320902,5,5,Ahi NaMa Kaynana,228000.0,f
id-4763628,id-5864749,id-153531,8,8,Ronnie Hawkins,234000.0,f
id-9120937,id-10582897,id-659841,4,4,Nico,222000.0,f
rec-14461224-dup-2,id-14740506,id-1306844,4,4,Genmaio,211587.0,f
id-24542887,id-3257414,id-2256121,10,10,青春熱潮,,f
id-7690886,id-9045688,id-505722,3,3,Get the Picture,116000.0,f
id-4723546,id-5819676,id-148388,9,9,Sex Machinegun,607000.0,f
id-14510593,id-14776871,id-1310980,3,3,Into the Light First Effect mix,460000.0,f
id-2176495,id-2598318,id-895566,12,12,Introduction  Ravel,44333.0,f
id-6775350,id-8059848,id-395662,7,7,Sea Cruise,164000.0,f
id-7663784,id-9017039,id-502434,3,3,Ill See You Around,315000.0,f
id-37674989,id-281053,id-3650747,18,B8,Fancy Dancer,211000.0,f
rec-38695719-dup-0,id-32285853,id-3769917,4,4,Ohserve,259920.0,f
id-10818205,id-12441880,id-1044554,5,5,Congratulations,318000.0,f
rec-13931452-dup-0,rec-11604171-dup-0,rec-752232-dup-0,6,6,De profundis op 67 Meno lar9o molto tranquillo ,253000.0,f
id-8403184,id-9815366,id-589564,14,14,March to Your Death,196893.0,f
id-24410335,id-21948083,id-2243523,1,1,Ipagpatawad Mo,240000.0,f
id-13788676,id-14306713,id-1259563,20,20,Pièces de clavecin en concert  La timide rondeau I  II,325000.0,f
rec-12216093-dup-0,id-4063832,id-895681,4,4,Whiskey arid Wimmen,162626.0,f
id-12260481,id-13505059,id-1166786,30,30,Breezing Along,30000.0,f
rec-14934437-dup-1,id-12123512,rec-803565-dup-0,5,5,La Vle,271000.0,f
rec-6121447-dup-1,id-7355391,id-313141,5,5,The Evening Countri,140000.0,f
id-5256519,id-6419071,id-214320,6,6,Bloud in the Tower,186000.0,f
id-28921934,id-1728080,id-2692544,10,10,Yann Chaseour,535266.0,f
id-3978164,id-4848724,id-969567,8,8,Bei mir bist Du schön,239000.0,f
id-3617047,id-4391514,id-970240,5,5,Desire Ambient mix,479906.0,f
id-7857162,id-9222652,id-525327,7,7,Bell Dem Slags,179946.0,f
id-10476982,id-12057686,id-796032,2,2,Завтра,267000.0,f
id-6803312,id-8089239,id-1022959,3,3,I Never,271773.0,f
id-11709821,id-13166596,id-1126898,10,10,Mein Leben,233000.0,f
id-15922717,id-15702493,id-1425628,3,3,Think People,312000.0,f
rec-6107986-dup-0,id-7341199,id-311951,1,1,Independance Dav feat Lino,225000.0,f
id-1792761,id-2134832,id-903571,1,1,PAMS for the 90sPart Deux,372000.0,f
rec-13672059-dup-0,id-14235769,id-1251668,2,2,Sugarbol,131000.0,f
id-3042381,id-3665741,id-937480,5,5,Le vase se vide,215173.0,f
id-4108443,id-5027935,id-83618,7,7,Moonlight,308000.0,f
id-2941721,id-3539621,id-1014026,16,16,White Cocade  Doc Boyds Jig  Durham Rangers,199960.0,f
rec-5354741-dup-1,rec-6526322-dup-0,id-224360,4,4,La petite voizine,257906.0,f
id-9675559,id-11172002,id-705670,1,1,River Dawn,944506.0,f
rec-12475103-dup-0,id-2951569,id-79750,1,1,Tanzgerbot Schill to Hell,207080.0,f
id-10008298,id-11541718,id-747502,7,7,Suco de quiabo,,f
rec-7340645-dup-1,id-8666269,id-464940,6,6,The Ghosy,123000.0,f
id-12200463,id-13259431,id-1137518,17,17,Kære kvinder,82000.0,f
id-597830,id-671950,id-53869,1,1,Done Gone Blue,230813.0,f
id-7834184,id-9198402,id-522524,8,8,Mr Webster  Miss Jane MacInnesDandeeith,152000.0,f
id-10935390,id-12550304,id-1057555,1,1,2b 200,102000.0,f
id-13487536,id-14125399,id-1238934,19,19,Movin Up Gorillaz vs kos,229000.0,f
rec-13301658-dup-0,id-9534064,id-558493,9,9,Handful of Kets,186573.0,f
rec-17851933-dup-0,id-17196298,id-1612689,5,5,Der wilde Covvboy,147733.0,f
id-7474143,id-8812160,id-638034,8,8,Hallelujah,238706.0,f
id-1206248,id-1427509,id-958112,15,15,War in the Head,46880.0,f
id-4630563,id-5714961,id-135907,10,10,Siegfried Act II Scene III Das sagt ich doch nicht,248320.0,f
id-35083182,id-29708673,id-3352336,8,8,On Our Own,290000.0,f
id-9792709,id-11299312,id-720876,12,12,Maruxa Act II Preludio,417000.0,f
id-12776770,id-13752485,id-1196960,14,14,Death by Barber Part 1 Haircut Zero,196000.0,f
rec-23086518-dup-1,id-20990483,id-2112231,9,9,Til 23,331040.0,f
id-12341502,id-11407781,id-844680,5,5,Gloria,298000.0,f
rec-3978988-dup-1,rec-4849772-dup-0,id-777772,7,7,Sunday Aftrrnoons,292440.0,f
rec-4654570-dup-0,rec-5741516-dup-0,id-718716,1,A1,Introdvction,55000.0,f
id-4815536,id-5925628,id-160595,5,5,カテキン,,f
id-6990272,id-8293127,id-423169,6,6,Za korunami stromov,38000.0,f
rec-14025230-dup-0,id-14464576,rec-1276435-dup-0,6,6,Folding Ghosts ijto Origami Stars,252000.0,f
id-9167522,id-10633904,id-664949,6,6,Brightly Burns the Christmas Candle,207400.0,f
rec-28216368-dup-1,rec-24751769-dup-0,id-2620848,11,11,Oveah The Hill,150000.0,f
id-9230047,id-10700678,id-672497,2,2,たたかえ 爆露マン,,f
id-2541369,id-3048169,id-895231,5,5,New Toy long version,372893.0,f
rec-5017031-dup-0,rec-6153947-dup-0,id-736892,6,6,Faceless D:rty Bedroom Folk,189000.0,f
id-9154663,id-10620427,id-663443,5,5,Lúltima,171000.0,f
id-3849455,id-9481956,id-177976,3,3,Fever 103°,318000.0,f
rec-5017031-dup-1,rec-6153947-dup-0,id-736892,6,6,Faceless Dirtv Bedroom Folk,189000.0,f
rec-15888775-dup-0,id-15675393,id-1422486,6,6,Μην της το πεις,169000.0,f
id-754739,id-855239,id-193522,3,3,Bitch,63600.0,f
id-11231198,id-3796575,id-525232,20,20,Plain Old Downhome Blues,185173.0,f
rec-8651123-dup-2,id-10080783,id-611169,16,16,Mothsr Fist,265000.0,f
rec-8651123-dup-1,id-10080783,id-611169,16,16,Mother Fidt,265000.0,f
id-8049635,id-9429276,id-547355,15,15,The Fairy Queen Act III Dance for the Fairies,83960.0,f
rec-39775073-dup-0,id-33050143,rec-3904549-dup-0,1,A,No More Lofe,,f
id-13389665,id-7673211,id-348584,13,13,Amen,32439.0,f
id-12341180,id-11432642,id-846229,14,14,New Years Day,280000.0,f
id-11924366,id-13301487,id-1142451,4,4,Desert People,309000.0,f
id-1747060,id-2076754,id-136077,3,3,Fences of Pales,228640.0,f
id-8350638,id-9759459,id-583890,9,9,Una oportunidad,79000.0,f
id-24426678,id-1313020,id-2245091,3,A3,Kosinski,232000.0,f
rec-5297550-dup-2,id-6463144,id-997298,3,3,Brije Street Set,239040.0,f
id-10463899,id-12042788,id-794437,14,14,Der Rosenkavalier Act III Oh God The story was a masquerade and no more Sophie Octavian Marschallin,160440.0,f
id-7833715,id-9197815,id-1037457,4,4,El Guapo,148973.0,f
rec-5297550-dup-1,id-6463144,id-997298,3,3,Briclge Street Set,239040.0,f
id-18750510,id-17841938,id-1697814,2,A2,Road Back Home,328000.0,f
id-1326254,id-1566343,id-891295,6,6,The Saving Kind,267600.0,f
id-10040244,id-11577414,id-749841,6,6,The Eternal Horizon,663680.0,f
rec-8968995-dup-0,id-10419255,rec-844884-dup-0,4,4,Roon 1,,f
id-10344228,id-11914220,id-853185,17,17,Blues dun americà a París G Gershwin,73000.0,f
rec-6765805-dup-0,rec-8049815-dup-1,id-399388,8,8,Im a Liat,196226.0,f
id-1728031,id-2052945,id-35415,3,3,For You,178600.0,f
id-2231833,id-2666894,id-733408,10,10,Seagreen Serenades,208160.0,f
rec-14848958-dup-0,rec-6705405-dup-1,id-1054276,3,3,Messia Part II Thy Rebuke Hath Broken His Heart,97000.0,f
id-27622479,id-24294676,id-2562417,11,11,Das Netz Hypnose 2,,f
rec-10811745-dup-1,id-12435437,id-1043657,12,12,Der Schrei dej Schmetterlings,303000.0,f
id-816392,id-924911,id-518118,10,10,Inner Peace,301906.0,f
id-8529618,id-9953050,id-603818,178,178,Missionary Forces b,90000.0,f
id-1863876,id-1475531,id-430174,2,2,The New Ambassador,156266.0,f
id-8040934,id-9419925,id-546325,5,5,Feeling Like the Sunshine,183000.0,f
id-9533863,id-11019593,id-694633,12,12,A Fulltime Job,185000.0,f
id-7851625,id-9217075,id-524692,11,11,Absourdo,261000.0,f
rec-12844134-dup-0,rec-13776338-dup-0,rec-1200099-dup-0,5,5,Ib Place,259000.0,f
id-4374810,id-5391424,id-987696,20,20,Wonkyie ndi,181026.0,f
id-3717049,id-4514802,id-959594,10,10,Tell It Like It Is,269600.0,f
id-3439338,id-4165218,id-951201,12,12,Run for Your Life,,f
id-2941942,id-3539912,id-935811,10,10,Gastando Amor Na Madrugada,,f
rec-1796922-dup-0,rec-2139937-dup-1,id-849098,12,12,Misslng Darla,318840.0,f
id-15085766,id-15065800,id-1347045,5,5,Dzīvot No Mīlas,324853.0,f
id-5858545,id-7071118,id-283841,10,10,La canzone di Tom,307333.0,f
id-13010266,id-13853495,id-1209218,53,53,How Far Can We Go Secret Plan 15 second version,15000.0,f
id-12330598,id-13541634,id-1171084,1,1,小判一両 出囃子「宮神楽」〜笊屋と小判,496000.0,f
rec-7026845-dup-2,id-8332385,id-427679,2,2,Kilrov Was Here,170986.0,f
id-2185404,id-2609022,id-924519,6,6,Next Time You See Me,290000.0,f
id-13344973,id-13321434,id-1144580,5,5,Seni İstiyorum,283640.0,f
rec-10955555-dup-1,rec-12567304-dup-2,id-1059585,9,9,Iv Youre Seeking Freedom,146573.0,f
rec-10955555-dup-0,rec-12567304-dup-2,id-1059585,9,9,If Youre Seel<ing Freedom,146573.0,f
rec-4659195-dup-0,id-5746638,rec-163846-dup-0,8,8,The Warnink,291600.0,f
rec-4659195-dup-1,id-5746638,rec-163846-dup-0,8,8,The Wafning,291600.0,f
id-10651161,id-12250804,id-815584,1,1,This Is a Crimescene,207000.0,f
id-11259505,id-161113,id-1088883,15,15,What People Are Made Of,135640.0,f
id-14123623,id-14529604,id-1283487,4,A4,Sen när blev vi ett grindband,,f
id-4525377,id-5593787,id-123320,2,2,Awake and Nervous,511906.0,f
id-4688283,id-5779337,id-143392,6,6,Someday,315800.0,f
id-2756063,id-3310818,id-634782,11,11,New Temptation,204760.0,f
id-14275292,id-14630343,id-1293624,7,7,Out of the Blue,233000.0,f
id-2806988,id-3373776,id-929203,4,4,Home Away From Home,221306.0,f
rec-5770863-dup-1,id-6977619,id-273662,1,1,One Fine Moahning,263000.0,f
rec-5770863-dup-0,id-6977619,id-273662,1,1,One Fine Mornimg,263000.0,f
rec-5770863-dup-2,id-6977619,id-273662,1,1,One Fone Morning,263000.0,f
id-6596319,id-7869398,id-371373,4,4,Love,160293.0,f
rec-8641629-dup-0,id-10070971,id-610748,85,85,Golden Dqys a 10,10000.0,f
id-6895696,id-8191349,id-410581,3,3,Pociąg do nikąd,177000.0,f
id-9835409,id-11346193,id-726545,6,6,Simon Says,134000.0,f
rec-4148307-dup-2,id-5083819,id-86760,68,68,Nuiem 8,25280.0,f
id-12655555,id-13690836,id-1190465,25,25,Chapter 02,113000.0,f
id-8365729,id-9775514,id-1027176,2,2,Young Devil,225000.0,f
id-35851705,id-30259748,id-3437402,19,19,Flickan kom ifran sin älsklings möte op 37 no 5,201000.0,f
id-37686057,id-31563971,id-3652065,20,20,Outro,135573.0,f
id-30664968,id-26530163,id-2866740,1,1,Minor Blues,397293.0,f
id-6313775,id-7562834,id-1013442,12,12,Cik lēni snieg,187480.0,f
id-984880,id-1150949,id-214358,1,1,Keyboard Sonata in D major K 443,292333.0,f
rec-338217-dup-0,id-394179,id-294712,6,6,Magic Theatar,158733.0,f
id-3954442,id-4818777,id-967075,8,8,We Are Waiting,225533.0,f
id-18722447,id-17822521,id-1695434,11,11,Баллигоулан,196000.0,f
id-4440979,id-5476649,id-112808,17,17,God Only Knows Takes 16 19670911,244000.0,f
rec-4646696-dup-0,rec-5733016-dup-1,id-138059,6,6,Luking East,278893.0,f
id-14108334,id-14221433,id-1250011,7,7,Requiem Cooh remix,573000.0,f
id-1964513,id-2340623,id-419187,3,3,White Out,282000.0,f
id-33550274,id-28558324,id-3179209,6,6,Ride on Our Enemies,235000.0,f
rec-8722354-dup-0,rec-10155031-dup-1,id-616700,51,51,Periot Drama,29000.0,f
rec-12437504-dup-0,id-8942777,id-494123,1,1,Ocean Kissws,,f
id-37705576,id-31576731,id-3654436,13,13,Do víka nekopat,132000.0,f
id-3749057,id-4555894,id-60473,5,5,A Shocking Statement,101640.0,f
rec-7226018-dup-1,id-8542819,id-450392,18,18,Verdoof Ve5giftig Verskoon My,186000.0,f
rec-7226018-dup-0,id-8542819,id-450392,18,18,Vertoof Vergiftig Verskoon My,186000.0,f
id-11015912,id-12616409,id-1065633,6,6,One Minute More,168000.0,f
id-3789551,id-4607576,id-150011,1,1,Intro,22000.0,f
rec-11593194-dup-1,id-11095075,id-697527,14,14,Big Chaje,123000.0,f
id-15070967,id-3024583,id-201033,3,3,Kiss Myself,391653.0,f
id-8944088,id-10391486,id-640278,9,9,The Blessing Song,364000.0,f
id-9069637,id-10526859,id-653652,4,4,Tulilahden tango,88000.0,f
rec-14422667-dup-0,id-14671999,id-1298934,9,9,Vamp'lre,209000.0,f
id-15230472,id-15175976,id-1360466,7,7,Crying on Saturday Night,212000.0,f
id-2711243,id-3255739,id-957210,16,16,How Can I Keep from Singing,155960.0,f
rec-13477671-dup-1,id-2179323,rec-902878-dup-0,10,10,Cica1e,232733.0,f
id-3192344,id-3852820,id-944454,7,7,Lazy,139653.0,f
id-14357137,id-14681030,id-1300038,11,11,If Dreams Come True,204858.0,f
id-34246522,id-29090186,id-3256273,4,4,Spanish Blood 40  4,,f
id-4293215,id-5285451,id-98905,8,8,Pra Que Discutir Com Madame,243973.0,f
id-16607233,id-16222229,id-1490697,2,2,Krasineros Cocek,135320.0,f
id-7440126,id-8774347,id-476454,8,8,Love Come Down,243600.0,f
id-5669688,id-6869418,id-261141,12,12,Yes I Know,,f
rec-32679613-dup-0,id-27954697,rec-3084969-dup-0,10,10,Evil Ehe,215319.0,f
id-762945,id-865379,id-176377,11,11,Angel club mix,293466.0,f
rec-7319718-dup-1,id-6622003,id-462235,4,4,Well Enof Alone,259000.0,f
id-24460299,id-170321,id-2248504,10,B4,Secrets,200026.0,f
id-23070362,id-809675,id-2110651,8,8,YRO,195773.0,f
rec-3258017-dup-0,id-3933871,rec-761292-dup-0,18,18,Śmirć bohaterom,167546.0,f
rec-10776602-dup-2,id-12394316,id-836767,10,10,Dentz,334906.0,f
id-28966498,id-25287283,id-2697087,7,7,Empty Rooms,590000.0,f
id-13079085,id-13898415,id-1212473,6,6,Breakstrumental 2,,f
rec-37673533-dup-0,id-31555924,id-3650630,1,1,Mine  A Minecraft Paroty,212000.0,f
id-11021839,id-12620681,id-1066143,5,5,Know Your Culture,,f
id-1145608,id-1356288,id-186070,9,9,Wheeler,112200.0,f
id-5181315,id-6334790,id-463841,3,3,Computerliebe,311000.0,f
id-13948388,id-8590796,id-455903,7,7,He Was a Real Freak,247000.0,f
id-9515430,id-10999231,id-693979,91,91,Ghostly Presence 2,26000.0,f
id-4996102,id-6131017,id-183560,4,4,Stormy Weather,255106.0,f
id-1963377,id-2339147,id-187317,9,9,Venetian Red,256000.0,f
rec-13641838-dup-2,rec-14217700-dup-0,id-1249605,17,17,Grainj of Sand,49000.0,f
id-15350718,id-2033530,id-1372045,12,12,Proteus,259760.0,f
rec-13301658-dup-1,id-9534064,id-558493,9,9,Handfuk of Keys,186573.0,f
id-2034174,id-2425154,id-881864,15,15,Whoppers 2,12666.0,f
id-189192,id-230611,id-36415,5,5,Saviours,298840.0,f
rec-1616251-dup-0,id-1908193,id-898719,11,11,Oceanj Away,184720.0,f
rec-12475103-dup-1,id-2951569,id-79750,1,1,Tanzverbot Scbill to Hell,207080.0,f
id-23088120,id-20991797,id-2112398,4,4,Perceptual Isolation,421785.0,f
id-5697565,id-6899320,id-263691,1,1,The Fridge,209133.0,f
id-13301658,id-9534064,id-558493,9,9,Handful of Keys,186573.0,f
id-10238930,id-11797043,id-771867,2,2,Audio Message,12000.0,f
id-11120338,id-12704263,id-1075173,6,6,Money Money,231000.0,f
id-7501464,id-8841320,id-483225,2,2,Man in Black,393120.0,f
id-3615555,id-4389429,id-54457,3,3,prison,185000.0,f
id-8046205,id-9425620,id-546938,1,1,The Mercy,381000.0,f
rec-1249035-dup-0,id-1476094,id-20458,10,10,The Recall Pocotto Answer mix,215906.0,f
id-7934539,id-9306307,id-534085,8,8,Walk Right Out feat Phoenix Soul,232400.0,f
id-4582265,id-5659551,id-938807,1,1,Der Arme Alte Wolf,170000.0,f
id-6021639,id-7247925,id-1034962,9,9,Meine Lieder,,f
id-5681073,id-6881970,id-262445,8,8,The Longest Day  Part IV Depression,416400.0,f
id-12769109,id-13747352,id-1196427,11,11,All I Want,,f
rec-13509417-dup-1,id-14137560,id-1240255,3,3,Khajad Dum,665000.0,f
rec-3789551-dup-1,id-4607576,id-150011,1,1,Intr0,22000.0,f
rec-1408935-dup-0,id-1663264,id-893161,7,7,Slow Risink Part 2,200506.0,f
id-14578970,id-7783430,id-1018392,4,4,Je técris de sur la lune,262640.0,f
rec-11576879-dup-1,id-12802285,id-1117661,2,2,Dingye dingue dingue,271000.0,f
id-10076671,id-11617548,id-753550,20,20,Francisco Cabrerra From Pico Rivera,64000.0,f
id-35089975,id-29713256,id-3353115,10,10,Com Que Roupa,171066.0,f
id-7035670,id-8342028,id-428608,6,6,Keine Zeit zu weinen,239000.0,f
id-15908914,id-15691507,id-1424379,7,7,The Only Girl When Youre Away,200826.0,f
rec-5204288-dup-0,id-6359833,id-208510,8,8,Opuj 6,289000.0,f
id-3745909,id-4552353,id-939752,18,18,Pour Michel,135653.0,f
rec-9375562-dup-2,id-10853112,rec-682936-dup-0,50,50,Slow Train full miecs,15000.0,f
id-593216,id-667093,id-868336,9,9,Loving You,192506.0,f
rec-9375562-dup-0,id-10853112,rec-682936-dup-0,50,50,Slow Tra'ln full mix,15000.0,f
rec-9375562-dup-1,id-10853112,rec-682936-dup-0,50,50,Slow Train full mid,15000.0,f
id-5810195,id-7020102,id-278244,6,6,Meglos Serial 5Q The Last ZolphaThuran,211186.0,f
id-8320440,id-9726892,id-976159,4,4,Dark Moon Risin,247000.0,f
rec-28965141-dup-0,id-25286023,id-2696936,1,1,Kune Kun,649000.0,f
id-13028856,id-13871813,id-1209634,20,20,Trip Hop Chemical Sister,99000.0,f
id-32715060,id-27980080,id-3088985,24,24,Schutzpatron 24,215000.0,f
rec-34305577-dup-0,id-29136197,rec-3262774-dup-0,15,15,All Machines Are Quiet Antre Obin Remix,197760.0,f
id-14894402,id-14976430,id-1335572,4,4,Eddie My Love,134000.0,f
rec-893592-dup-0,id-1041459,id-375336,4,4,Jacks Slumber Pa4ty,270400.0,f
rec-34304453-dup-0,id-29135354,rec-3262643-dup-0,7,7,Кровь почва верность и честь,244000.0,f
rec-14275292-dup-0,rec-14630343-dup-0,id-1293624,7,7,Out of te Blue,233000.0,f
rec-6528975-dup-0,id-7797055,id-697763,9,9,Who Knowj Why,232000.0,f
id-8626297,id-10055325,id-610314,3,3,Nihalis Song,202000.0,f
id-11596633,id-13104969,id-1119596,22,22,Hymn ur Finlandia,138906.0,f
id-8795221,id-10230775,id-622238,1,1,South Sea Island Magic,203000.0,f
id-1602430,id-1892136,id-174002,4,4,SWonderful,371866.0,f
rec-8285915-dup-0,rec-9689202-dup-1,id-576187,4,4,No 4uLe Off Vocal,233000.0,f
id-30652917,id-26521164,id-2865271,5,5,Sailor Dreams,144000.0,f
id-14590051,id-267033,id-154122,9,9,Feu follet,265306.0,f
rec-23027235-dup-2,rec-20947381-dup-0,id-2106481,8,8,Call It L0ve,255133.0,f
rec-23027235-dup-0,rec-20947381-dup-0,id-2106481,8,8,Cakl It Love,255133.0,f
id-11806284,id-4238214,id-417267,1,1,Diamonds Are Forever radio mix,233333.0,f
id-6425651,id-7686138,id-641946,10,10,Human Parts Inc,96000.0,f
id-10430500,id-12006697,id-791725,4,4,When Worlds Collide,280000.0,f
id-2762855,id-3319366,id-888924,1,1,Engine,,f
id-1963177,id-2338889,id-358802,12,12,Prayback,295306.0,f
id-4552952,id-5626083,id-127064,5,5,Curiosity,251066.0,f
rec-4502516-dup-1,id-5564603,rec-120086-dup-0,8,8,Eklektiskh Spiegeln,262000.0,f
id-6094387,id-7326530,id-1009837,4,4,Rub a Little Lotion,358000.0,f
id-6332903,id-7583874,id-338552,24,24,Fukten 1,,f
rec-7868835-dup-1,id-9235130,id-1039302,10,10,En vi,443840.0,f
rec-9237688-dup-0,id-10709061,id-673316,57,57,Lets Ljmbo,55000.0,f
id-9450393,id-10932802,id-688784,6,6,Swingin My Love,,f
id-27526103,id-24220047,id-2552506,1,1,Intro,,f
id-2878743,id-3461870,id-929690,42,42,Quién es el pendejo más grande,39653.0,f
id-3118394,id-3760406,id-997466,15,15,Seminal Myoliserguide Necrosia,233680.0,f
rec-11748970-dup-1,id-13189943,id-1129348,9,9,Triada lce vale,320866.0,f
rec-11748970-dup-0,id-13189943,id-1129348,9,9,Triada ke fale,320866.0,f
id-9106075,id-10566756,id-658025,1,1,Cerridwen,298000.0,f
rec-3442524-dup-0,id-4169152,id-171787,11,11,Trankuila,247133.0,f
rec-4098713-dup-1,id-5014045,id-82815,21,21,Paus Spiegel hat eirimal einen Witz erzählt,117786.0,f
rec-4098713-dup-0,id-5014045,id-82815,21,21,Paus Spiegel hat ejnmal einen Witz erzählt,117786.0,f
rec-2195682-dup-0,id-2622092,id-903128,2,2,Enjoy Youfself remix,399280.0,f
rec-4098713-dup-2,id-5014045,id-82815,21,21,Pos Spiegel hat einmal einen Witz erzählt,117786.0,f
id-6076829,id-7307519,id-976988,16,16,The Heart of Worship,343093.0,f
id-35100816,id-29721323,id-3354249,4,4,Ódio em Mim,334000.0,f
id-12738060,id-8450239,id-440217,1,A,The Big Black Plastic Explosion Its Alright Its Alright Dance Mix,,f
id-8840517,id-10280310,id-628212,2,2,The New Old Day,99000.0,f
id-6263373,id-7507630,id-329788,2,2,Don Juan,176000.0,f
rec-3175211-dup-1,id-3832804,id-1024069,11,11,Marba Na Luimneach,514014.0,f
id-9325551,id-10801203,id-678780,35,35,Connection full mix,30000.0,f
id-6117114,id-7350508,id-312710,7,7,Cleopatras Dream,237186.0,f
id-7746084,id-9105584,id-512190,1,1,Vänner feat Nina Persson  Plura,294000.0,f
id-10492071,id-12074971,id-797968,17,17,Jag ska se när du brinner,314000.0,f
id-14453593,id-14741947,id-1307015,29,B14,Inanición,,f
rec-4547284-dup-0,id-5619255,rec-126360-dup-0,5,5,Out of Novvhere,160933.0,f
rec-3495397-dup-1,rec-2996724-dup-0,id-907428,7,7,Just Asck Your Heart,149600.0,f
id-6004823,id-7230134,id-301319,3,B2,Comlog,,f
id-10848443,id-12471405,id-1047997,7,7,Titi Rose au cœur,218000.0,f
rec-12389375-dup-2,rec-3868403-dup-1,id-499548,13,13,Euses,351506.0,f
id-4137245,id-5068255,id-988120,3,3,Leaving Del Norte,117733.0,f
rec-12389375-dup-0,rec-3868403-dup-1,id-499548,13,13,Excusrs,351506.0,f
rec-12389375-dup-1,rec-3868403-dup-1,id-499548,13,13,Excvses,351506.0,f
id-13521751,id-14144624,id-1241023,8,8,Road of Girl,234559.0,f
rec-8418901-dup-0,rec-9832353-dup-1,id-591522,1,1,Sing Our Owj Song,230000.0,f
id-755699,id-856428,id-74876,2,2,Wonderful Sight,180000.0,f
rec-7766086-dup-0,id-9126349,id-514571,7,7,Thinks,153600.0,f
id-6869023,id-8161407,id-407157,7,7,You Dont Gotta Run,191000.0,f
id-479031,id-551400,id-265329,3,3,An Oncoming Train,234000.0,f
rec-2692234-dup-1,rec-3231664-dup-0,rec-671942-dup-0,1,1,Dolly Daker,309133.0,f
rec-2692234-dup-0,rec-3231664-dup-0,rec-671942-dup-0,1,1,Doly Dagger,309133.0,f
id-13461858,id-7836403,id-862871,12,12,Casino Queen,200000.0,f
id-2737427,id-3288317,id-113652,9,9,Deliberate On,348506.0,f
id-14716508,id-14894170,id-1325647,2,2,Gallarda di Venosa,145933.0,f
id-6488035,id-7753259,id-358242,12,12,Lena 60,181320.0,f
rec-24542760-dup-0,id-12753683,id-2256107,1,1,Turn the Beat Around  You Should Be Dancink  I Cant Get Next to You,,f
id-6403991,id-7661735,id-347307,9,9,Have Mercy,,f
id-8122695,id-9508578,id-555443,22,22,All Night Long,166520.0,f
rec-37705835-dup-0,id-31576886,id-3654461,2,2,When Will I See Yo Again,361546.0,f
id-5415401,id-6593968,id-231153,13,13,Six Man Band,134000.0,f
rec-25353453-dup-1,id-5299958,id-2336881,7,7,Southtosn,247000.0,f
rec-25353453-dup-2,id-5299958,id-2336881,7,7,Sothtown,247000.0,f
id-37690526,id-708208,id-3652523,12,12,Sunstroke House,317080.0,f
id-15062784,id-251460,id-519817,2,C2,Corc,350000.0,f
rec-8748106-dup-0,rec-10182022-dup-1,rec-618897-dup-0,8,8,Helo,125653.0,f
id-38652453,id-32255296,id-3764369,4,4,愛だけは,270193.0,f
id-7340645,id-8666269,id-464940,6,6,The Ghost,123000.0,f
id-3175211,id-3832804,id-1024069,11,11,Marbha Na Luimneach,514014.0,f
id-8071548,id-9452399,id-549726,11,11,Harpoon,191506.0,f
rec-9846625-dup-1,id-11358731,id-727967,4,4,Romarie,179000.0,f
id-4530704,id-5600308,id-181123,15,15,Nasıl İsyan Etmem,423534.0,f
id-10849391,id-12472058,id-1048088,1,A1,Husk Jar,425000.0,f
rec-6078721-dup-1,id-7309621,rec-309050-dup-0,9,9,If You Lose Control of Yourself You Give It to Sonebody Else,393986.0,f
id-509489,id-582595,id-145733,5,5,Molotodd Cocktail,112426.0,f
rec-4501491-dup-0,id-5563299,id-119906,1,1,Good Times Com:n My Way,243346.0,f
rec-1846169-dup-1,rec-2200110-dup-0,rec-1030666-dup-0,2,2,Say It Ijnt So,181000.0,f
id-4265719,id-5249192,id-96826,1,1,Wszystko to co ja wersja krótka,251000.0,f
id-3274953,id-3954665,id-40733,12,12,Kill Your Children,281866.0,f
id-15021364,id-15028905,id-1341997,11,11,Love Money Can Buy,,f
rec-12686924-dup-0,id-13704556,id-1191974,3,3,Part I  Bones and Thrones  Chaoter 02,1204924.0,f
id-2904349,id-3494213,id-638732,5,5,Smile,,f
id-6887667,id-8182011,id-409511,2,2,Sunset Killer,197000.0,f
id-4248340,id-5226508,id-1025785,12,12,Flor Nocturna,228293.0,f
rec-767599-dup-0,id-871069,id-886878,7,7,Hunker Strike,78493.0,f
id-6546065,id-7815637,id-366019,8,8,No 8 in D minor Op 71 No 1,334000.0,f
id-11396616,id-12951473,id-1102825,9,9,The Magicians Apprentice,302000.0,f
id-12820801,id-8834031,id-482386,4,B2,Stubborn Beast Flesh,109000.0,f
id-4480491,id-5533777,id-981247,9,9,Under Mitt Täcke,228200.0,f
id-4283137,id-5272121,id-711404,1,1,Introducing A Satyred Love,208920.0,f
id-606412,id-681166,id-454185,9,9,Lament,289040.0,f
rec-34246500-dup-2,rec-29090164-dup-0,rec-3256271-dup-0,5,5,Ill Praise God Forever for Sendinv His Son,183000.0,f
rec-28209871-dup-1,id-24746461,rec-2620238-dup-0,1,A1,Sourid of Happiness,176000.0,f
id-16612413,id-16226187,id-1491286,2,2,Momentum Table de cire,290626.0,f
id-34289915,id-29124042,id-3261198,4,4,Hey Love Classixx remix,,f
id-38666126,id-9615191,id-3766167,10,10,String Quartet no 47 in Bflat major op 55 no 3 Hob III62 II Adagio ma non troppo,330000.0,f
id-5993309,id-7218075,id-299955,4,4,With in ZzOo,190000.0,f
rec-28209871-dup-0,id-24746461,rec-2620238-dup-0,1,A1,Sond of Happiness,176000.0,f
id-63511,id-78749,id-890792,54,54,Frenzy Faecal Munching,63000.0,f
id-7892965,id-9261100,id-529505,2,2,A SmoOOth One,199000.0,f
rec-2176468-dup-2,id-2598271,id-561136,9,9,Mabogani 9000,478533.0,f
id-13453774,id-3385232,id-928122,13,13,Music Break,73706.0,f
id-11536946,id-13065581,id-1115245,2,2,Shining Brow,237000.0,f
id-8163304,id-6519807,id-560705,1,1,Celui que jétais,231000.0,f
rec-24416457-dup-0,id-21952893,id-2244115,16,16,Duck n Ceeep Part 2,365000.0,f
id-11748970,id-13189943,id-1129348,9,9,Triada ke vale,320866.0,f
id-11832603,id-13371755,id-741950,22,22,Be Good or Be Gone,142000.0,f
id-9393439,id-10871734,id-683800,32,32,Running Just as Far narration,30000.0,f
id-14135374,id-14535691,id-1284230,2,A2,You Know My Steez raw version,224000.0,f
id-14848958,id-6705405,id-1054276,3,3,Messiah Part II Thy Rebuke Hath Broken His Heart,97000.0,f
id-1471497,id-1737647,id-1024500,1,1,Sitting With the Dog,247613.0,f
id-4382926,id-5401338,id-107617,10,10,In der Schule lernt man eh bloß Quark,188466.0,f
rec-16820816-dup-1,id-16376421,rec-1511178-dup-0,12,12,Cbeers to Us,190000.0,f
rec-16820816-dup-2,id-16376421,rec-1511178-dup-0,12,12,Cherrs to Us,190000.0,f
id-7660882,id-9013912,id-582530,4,4,Transmission,270000.0,f
rec-23086518-dup-0,id-20990483,id-2112231,9,9,Teil 2w,331040.0,f
id-17118844,id-7734995,id-1540035,3,3,Il barbiere di Siviglia Atto I Una voce poco fa Rosina,342266.0,f
id-816866,id-925456,id-883349,3,3,Jerk,253960.0,f
id-30675097,id-26538351,id-2867909,12,12,Ödland mit Genez,461000.0,f
id-16617596,id-16230228,id-1491767,1,1,Intro and Birds,226800.0,f
id-12101006,id-6704458,id-242168,9,9,Summers Almost Gone,170680.0,f
id-1480225,id-1748010,id-921665,16,16,Valkea joulu,150866.0,f
id-9290830,id-10764356,id-676117,5,5,25 Seconds,285000.0,f
rec-24412084-dup-1,id-21949395,id-2243710,11,11,Get It ov Top,289000.0,f
rec-24412084-dup-0,id-21949395,id-2243710,11,11,Get It off T0p,289000.0,f
id-1130577,id-1328931,id-293231,2,2,Hold That Sucker Down Dual Bass Rock club mix,154266.0,f
id-10263339,id-11824125,id-774106,12,12,Bonjour,48000.0,f
id-7528956,id-8870941,id-486466,3,3,Sin and Sacrifice,,f
id-14078351,id-14500604,id-1290785,4,4,Aga Naga,322000.0,f
rec-7958313-dup-1,rec-9331480-dup-0,id-536653,16,16,Finjyrs,252373.0,f
id-11658381,id-13136441,id-1123454,13,13,The Son of Amon Ra,242000.0,f
id-2692234,id-3231664,id-671942,1,1,Dolly Dagger,309133.0,f
id-7522446,id-807801,id-485594,3,3,Taprobane,85000.0,f
rec-14788165-dup-2,id-13021852,id-1110046,7,7,Gife It Up,240000.0,f
id-24416457,id-21952893,id-2244115,16,16,Duck n Creep Part 2,365000.0,f
id-2040264,id-2432266,id-602501,11,11,On existe encore,330546.0,f
id-266064,id-308480,id-39734,7,7,Così ti amo,266360.0,f
id-8547060,id-9972118,id-604909,4,4,Caught in the Rain,209000.0,f
rec-5903157-dup-0,id-7117622,id-289205,1,A1,One Wit Hats,,f
rec-14567498-dup-0,rec-14812500-dup-0,id-1315275,4,4,わすれ名草Vergissmeinnichd,299920.0,f
id-8702718,id-10134222,id-614793,1,1,Awakening,395000.0,f
id-12856453,id-13490059,id-1165343,2,A2,Cold Blue Sky,250000.0,f
id-11727497,id-13177131,id-1128035,8,8,Sunset,57000.0,f
id-12296490,id-13521747,id-1168461,8,8,Doin Fine,,f
id-6383861,id-7640077,id-344749,14,14,Dreadterror Horrorterror,14000.0,f
rec-7958313-dup-0,rec-9331480-dup-0,id-536653,16,16,Finger5,252373.0,f
rec-4689926-dup-0,id-5781023,id-143599,17,17,LXC,253026.0,f
id-13096892,id-13909796,id-1213921,4,4,Perfume de Gardenias,,f
id-6667106,id-7945139,id-379638,2,2,Devil Child,335826.0,f
id-1167615,id-1383273,id-706,16,16,Do I Trust You Medley,350240.0,f
rec-1468792-dup-2,id-1734468,rec-1768-dup-0,2,2,Electrkcity,212866.0,f
id-9723996,id-11225087,id-711716,15,15,Ancestral das esferas,230693.0,f
id-10813877,id-12437564,id-1043948,12,12,Kombosy Mario remix,,f
rec-1468792-dup-1,id-1734468,rec-1768-dup-0,2,2,Electncity,212866.0,f
id-13935126,id-8344177,id-1269664,18,18,Fugue for Rhythm Section,179000.0,f
rec-5890059-dup-0,rec-7104111-dup-0,id-287660,4,4,Un garç0n ordinaire,,f
id-1956262,id-2330250,id-100274,18,18,Love One Other,193440.0,f
id-25388829,id-22643732,id-2340516,2,2,Orgy Porgy,,f
rec-18728534-dup-1,rec-17826910-dup-0,id-1695974,3,3,Rifht or Wrong,158000.0,f
id-10662634,id-12263656,id-817154,10,10,Flip Atomic Pulse remix,442000.0,f
rec-2349417-dup-0,id-2809043,id-216819,10,10,Keyboard Sonata iri B flat major K 311,230933.0,f
id-12978229,id-6898929,id-263657,18,18,Eu Preciso De Voce,127000.0,f
id-6905796,id-8202146,id-413085,4,4,Hurricane Jane,272000.0,f
id-4454722,id-5494795,id-979037,13,13,Monkey,173733.0,f
id-3733709,id-4536486,id-108368,8,8,Whispering Swags Softly Spoken dub,238453.0,f
id-7891818,id-9259840,id-529348,9,9,Everyday I Have the Blues,307266.0,f
id-9511695,id-10995593,id-693720,1,1,Supermassive Illuminating Celestial Plasma Concentration Part I Sol 1392500,1000.0,f
rec-12175812-dup-0,id-4539590,id-958109,11,11,Patys,360267.0,f
id-10676989,id-12279690,id-819001,8,8,Fire,284840.0,f
id-6327738,id-7578162,id-337865,3,3,Louises Mavedans,207000.0,f
id-11691696,id-13155288,id-1125663,6,6,Change,197000.0,f
id-7554320,id-8898593,id-1035103,2,2,Drag,231653.0,f
id-5900461,id-7114824,id-288848,2,2,Nobody Loves You The Way I Do,363000.0,f
id-14412483,id-11702564,id-761062,2,2,Le Baiser du fouet,253000.0,f
rec-12162639-dup-0,id-825810,rec-5961-dup-0,8,8,Approxirnate,109266.0,f
rec-12162639-dup-1,id-825810,rec-5961-dup-0,8,8,Approecsimate,109266.0,f
id-14246000,id-14613353,id-1291513,1,1,In Dreams,259000.0,f
id-10485964,id-12067899,id-797182,5,5,Water Water Everywhere,98000.0,f
rec-5339815-dup-1,id-6510017,id-907741,5,5,Primltive,279000.0,f
id-16565781,id-16189761,id-1486693,7,7,神官・ザガート,87666.0,f
id-868960,id-1004292,id-252996,6,6,Lost,254893.0,f
rec-3107942-dup-1,id-3747292,id-83378,37,37,Fed Ned  Epilogue,105786.0,f
rec-25398597-dup-0,id-22649830,id-2341659,25,25,To the Bitter End amd Beyond,92000.0,f
rec-25398597-dup-1,id-22649830,id-2341659,25,25,To the Bitter Encl and Beyond,92000.0,f
id-10154740,id-11704546,id-761277,10,10,Psalm VI,132160.0,f
id-12520851,id-13638633,id-1183661,7,7,Kashmir,539000.0,f
id-11375176,id-12932312,id-1100576,11,11,HeartShaped Glasses,,f
id-9049292,id-10505485,id-651189,10,10,15 Poliisia,117000.0,f
rec-12019873-dup-2,id-11152174,id-703608,1,1,Indro,68000.0,f
id-4789055,id-5893993,id-156991,3,3,Unusual Calls,143666.0,f
id-12162639,id-825810,id-5961,8,8,Approximate,109266.0,f
rec-6409766-dup-0,rec-7667953-dup-0,rec-1016616-dup-0,10,10,혼자짓는 미소,263400.0,f
id-5128475,id-6277495,id-199685,9,9,The Ninth Day Wake,,f
rec-6121447-dup-0,id-7355391,id-313141,5,5,The Evsning Country,140000.0,f
id-4151612,id-5088159,id-87027,6,6,Tuttles,146000.0,f
id-13225020,id-12501599,id-1051648,2,2,Silver  Gold instrumental,250000.0,f
id-2357211,id-2818405,id-384788,7,7,Ran Away to the Top of the World Today,398266.0,f
rec-3107942-dup-0,id-3747292,id-83378,37,37,Fed Net  Epi1ogue,105786.0,f
id-27622670,id-24294770,id-2562433,4,4,Boss Battle Lufia II,206186.0,f
rec-8243402-dup-1,id-210524,id-570714,18,18,The Besy,246000.0,f
rec-10318651-dup-0,id-11885906,id-780318,20,20,Das Horn fon Töle,72000.0,f
id-6835595,id-8124646,id-402816,8,8,Królowie życia,267000.0,f
id-10437749,id-12014323,id-792104,67,67,Kanki Saseru Senritsu 6 60,59000.0,f
rec-34246500-dup-1,rec-29090164-dup-0,rec-3256271-dup-0,5,5,Ill Praise God Forever for Semding His Son,183000.0,f
id-2147159,id-2561703,id-731831,3,3,Looking Down,206933.0,f
rec-10463899-dup-0,id-12042788,id-794437,14,14,Deah Rosenkavalier Act III Oh God The story was a masquerade and no more Sophie Octavian Marschallin,160440.0,f
rec-10463899-dup-1,id-12042788,id-794437,14,14,Der Rosenkavalier Act III Oh God The story was a masquerade and no more Sophie Oxtavian Marschallin,160440.0,f
id-2973421,id-3579512,id-286036,1,1,Whining Machine,181000.0,f
rec-8867960-dup-0,rec-10310037-dup-0,rec-631504-dup-0,8,8,Beyond the Logic of Consumeahs,424000.0,f
id-32698078,id-27968125,id-3087090,1,1,Just Fly,264220.0,f
rec-16562386-dup-1,id-16187053,id-1486339,3,3,Dont Underztand,,f
id-3963570,id-4830485,id-905783,3,3,The Unknown Light,459160.0,f
rec-15236650-dup-0,rec-2414569-dup-1,id-1361074,12,12,Penthouse Paety,74133.0,f
rec-15236650-dup-1,rec-2414569-dup-0,id-1361074,12,12,Pentouse Party,74133.0,f
id-13020311,id-13863054,id-1209390,29,29,Recycling Air Cleaner,132000.0,f
id-12186653,id-13466204,id-1162400,11,11,Pressure,249000.0,f
id-6670854,id-7949275,id-380089,1,1,Blue Lambency Downward,599826.0,f
rec-2881755-dup-2,id-3465685,rec-933952-dup-0,5,5,New Sh0es,225866.0,f
rec-5865957-dup-0,id-7078869,id-284722,12,12,Noting Really Ends,327000.0,f
rec-5865957-dup-1,id-7078869,id-284722,12,12,Nothimg Really Ends,327000.0,f
id-38693919,id-14579127,id-3769696,2,2,Ancient Dancer,467400.0,f
id-14971740,id-14984300,id-1336530,1,1,Colors,,f
rec-23066865-dup-0,id-20976744,id-2110353,98,98,Woulta Coulda Shoulda I Guess,2200.0,f
id-14427511,id-8306387,id-424614,7,7,Elrepülni jó lenne,223000.0,f
id-13753013,id-825818,id-1257392,16,16,The Torture Never Stops original version,559240.0,f
id-1514433,id-1788606,id-892268,14,14,Cantando,328960.0,f
id-9381834,id-10859775,id-683305,34,34,Magico full mix,10000.0,f
id-7603952,id-8952070,id-495113,6,6,Melovitt,194133.0,f
id-17836063,id-17185025,id-1611309,7,7,Yli koskien,40000.0,f
id-10580451,id-12173606,id-939209,14,14,unknown,204000.0,f
rec-6803312-dup-0,id-8089239,id-1022959,3,3,I Nevdr,271773.0,f
id-10674344,id-12276640,id-818679,9,9,Turning Communist,,f
id-4816934,id-5927003,id-726802,15,15,Keep on Rockin Jive 42mpm,250920.0,f
id-8186011,id-9578061,id-563485,1,1,Auf Wiedersehen,271000.0,f
rec-37690526-dup-2,id-708208,id-3652523,12,12,Sunstrolce House,317080.0,f
id-2454386,id-2941579,id-906852,8,8,Shhal Nabghik Ya Mimouna How Much I Like You,290440.0,f
id-9872010,id-11385932,id-843168,6,6,The Spin,,f
id-4688583,id-5779681,id-143458,4,4,Monsoon Sugai Distortional mix,199000.0,f
id-2557610,id-3068341,id-625895,5,5,AntiEm,,f
id-12106250,id-13417462,id-1156221,3,3,Karolien zegt,,f
id-6181696,id-7420311,id-319966,2,2,Carolina Pines,346866.0,f
id-3099223,id-3736112,id-615103,7,7,Τρεις απαντήσεις,237000.0,f
id-14567498,id-14812500,id-1315275,4,4,わすれ名草Vergissmeinnicht,299920.0,f
id-18803441,id-17881149,id-1702747,5,5,Last Empress in Dread,233569.0,f
id-14352443,id-14677836,id-1299682,6,6,Nuevo orden criminal,316910.0,f
id-16175871,id-2478867,id-1449317,1,1,Cells,289960.0,f
id-2596219,id-3115642,id-180403,9,9,Girl,210000.0,f
rec-6803312-dup-1,id-8089239,id-1022959,3,3,I Nevee,271773.0,f
id-37734391,id-31595959,id-3657943,3,3,Normality,196000.0,f
id-2301306,id-2751371,id-971889,8,8,Zoals een mooi verhaal,,f
id-8897312,id-10341771,id-634691,2,2,La tanta,188000.0,f
id-34254102,id-29096807,id-3256961,15,15,Suonata a violoncello solo n°5 in mi minore rv 40  largo,192600.0,f
id-14861273,id-14961697,id-1333853,5,5,Sextacy Swinger original mix,395000.0,f
id-839328,id-955525,id-960517,1,1,Im in the Mood for Love,198666.0,f
id-2019238,id-2407097,id-943602,15,15,Sweet Pain,300560.0,f
id-8833444,id-10271960,id-627277,8,8,Der Herr ist mein Hirte,281866.0,f
id-28217597,id-24752798,id-2621015,4,4,Polka Dots  Moonbeams,285000.0,f
id-6133392,id-7368629,id-314325,5,5,Love You More,285000.0,f
rec-606412-dup-2,id-681166,rec-454185-dup-0,9,9,Lam4nt,289040.0,f
id-10606936,id-12201716,id-809803,117,117,River Stroll,10000.0,f
id-2525052,id-3028235,id-873599,15,15,In May,168774.0,f
id-25380035,id-263138,id-2339567,9,9,Time to Go Home,260093.0,f
rec-5184180-dup-0,id-6337870,id-603739,1,1,Front Limes,391000.0,f
id-4297986,id-5291545,id-99451,31,31,Ușurel,85946.0,f
rec-2451866-dup-0,id-2937782,id-37464,14,14,Heres Rkco,52813.0,f
rec-12647442-dup-0,id-8165904,id-407639,7,B1,The Vefy Thought of You,162000.0,f
id-11472586,id-13024572,id-1110392,1,1,Send Me Some Snow,195000.0,f
id-16578620,id-11720031,id-1487948,5,5,Gorgeous Nightmare,196000.0,f
rec-18722447-dup-0,id-17822521,id-1695434,11,11,Баллигоулан,196000.0,f
id-14185963,id-4981468,id-1279982,6,6,The Search,301226.0,f
id-3702580,id-4496704,id-222826,6,6,Superman Its Not Easy,222173.0,f
id-11472859,id-13021363,id-1110419,11,11,Gumache,176000.0,f
rec-8776682-dup-1,id-10211424,id-620801,4,4,Pets Lamejt,149000.0,f
id-8480171,id-9899000,id-598986,10,10,To My Buddy Buddy,554000.0,f
id-11390650,id-6168281,id-222402,21,21,Impetigo Contagiosa,19000.0,f
id-12285464,id-13349357,id-1147787,3,3,The Closer You Are,183000.0,f
rec-4423935-dup-0,id-5453130,id-111169,2,2,zompie disco,141000.0,f
id-1823669,id-2172743,id-243917,13,13,Cruel Youth,340253.0,f
rec-23024165-dup-1,id-4778333,rec-2106197-dup-0,14,14,Livin on thw Edge,330000.0,f
rec-23024165-dup-0,id-4778333,rec-2106197-dup-0,14,14,Livun on the Edge,330000.0,f
rec-30706729-dup-0,rec-26563016-dup-0,id-2871174,4,4,Sinkle Single,370100.0,f
rec-30706729-dup-1,rec-26563016-dup-0,id-2871174,4,4,Sing|e Single,370100.0,f
rec-8040934-dup-1,rec-9419925-dup-1,rec-546325-dup-0,5,5,Feeling Like the Sunsbine,183000.0,f
id-3449265,id-4177767,id-875820,9,9,All I Wanted,233386.0,f
id-13174775,id-478873,id-1005383,14,14,Dark Lochnagar,291626.0,f
id-13032264,id-13874511,id-1209836,29,29,Cozy Campfire Collage 15 second version,15000.0,f
id-6215457,id-7456554,id-323898,2,B,Shift,,f
rec-7891818-dup-0,id-9259840,rec-529348-dup-0,9,9,Everyday I Have the Bkues,307266.0,f
id-13083161,id-2754462,id-741813,9,9,Stupid Fucking Kids,104640.0,f
rec-16564664-dup-0,rec-16188793-dup-1,rec-1486566-dup-0,21,21,Gone But Not Vergogten,205426.0,f
id-13456292,id-14099215,id-1235846,4,4,Kevin Youre Such a Disease,221544.0,f
rec-8812729-dup-0,rec-10249255-dup-0,id-624447,13,13,Saind Louis Blues,208000.0,f
id-14178571,id-14570572,id-1286704,5,5,Always Up to No Good underscore 60 second version,60000.0,f
id-8981530,id-10432820,id-644686,21,21,Damned Nation,30000.0,f
rec-8645849-dup-0,id-10075316,id-610888,59,59,A Love ov Adventure 20,20000.0,f
id-296463,id-346739,id-357,7,7,The Light From a Cake,167666.0,f
id-24467863,id-1539509,id-2249181,5,5,If Youre Gonna Play in Texas You Gotta Have a Fiddle in the Band,268026.0,f
id-3653868,id-4436565,id-56460,16,16,Gli occhi freddi della paura VII,108066.0,f
id-24384428,id-21929677,id-2240915,7,7,Makin Whoopee,180000.0,f
id-30668647,id-26533127,id-2867205,6,6,超えてゆけ,246800.0,f
id-12717142,id-11014827,id-694563,53,53,Freedom,29000.0,f
id-25390846,id-22640728,id-2340774,4,4,Random Development,242000.0,f
id-8087829,id-9469281,id-551393,6,6,It Aint Me Babe,,f
id-8395695,id-9807659,id-838927,4,4,A Sunshine Fix,132000.0,f
id-9411094,id-10890507,id-684791,4,4,Phantom Dream,217386.0,f
rec-2271709-dup-0,id-2714828,id-697170,1,1,The Commencement of the Pilgrimage to the Mecca of Hip Jasz,,f
id-11870361,id-13268448,id-1138671,4,4,Просто хочешь ты знать,251459.0,f
id-32442795,id-2804524,id-3059550,3,3,Susans Song,357333.0,f
id-13528779,id-14149247,id-1241534,2,2,ITAPPMONROBOT,254000.0,f
id-10116316,id-11661328,id-756662,7,7,Die Meistersinger von Nürnberg Akt III Szene V Sankt Krispin lobet ihn Schuster Schneider Bäcker Lehrbuben,249466.0,f
rec-11246234-dup-0,id-12813181,rec-1087552-dup-0,1,1,Daahk Corner,152000.0,f
rec-18258193-dup-1,id-17128729,id-1650146,2,A2,K0ntrola Bas Mooy remix,366000.0,f
id-12733115,id-4872541,id-550996,14,14,Guess Whos Back,95493.0,f
id-5559002,id-6750154,id-1001047,11,11,Wenn der alte Brunnen rauscht,201000.0,f
id-30713565,id-26566949,id-2871818,5,5,Cumbanchero,144906.0,f
rec-5923578-dup-0,id-7140028,id-875462,12,12,Till Tben,197000.0,f
rec-7527867-dup-0,rec-8869732-dup-0,id-486326,4,4,Confvsion,279000.0,f
id-35838313,id-30249843,id-3435702,1,1,Saturday Night,177293.0,f
id-5231366,id-6391258,id-1024987,24,24,Die traurige Ballade von Susi Spakowski,300000.0,f
id-4037219,id-4926769,id-968596,2,2,Paradoxx,234693.0,f
id-2050044,id-2444468,id-935365,14,14,Charlie Scanlon,115600.0,f
id-39773746,id-33049411,id-3904405,1,1,soundcloud4,143421.0,f
id-14969401,id-15005123,id-1339134,17,17,Main Title  Atomic Montage,208000.0,f
rec-13289542-dup-2,id-14014195,id-1226053,4,4,Du Reisst Mir Meine Federn Au5,229000.0,f
id-11587311,id-13099957,id-1119059,3,3,Little Miss Big Kiss,421733.0,f
id-6930053,id-8228157,id-703282,11,11,Amar y vivir,201000.0,f
id-8164933,id-9555517,id-854688,7,7,Home,263000.0,f
rec-6944856-dup-1,id-8243928,id-902583,12,12,Up Aga:nst the Wind,269000.0,f
id-61859,id-77029,id-879328,6,6,The Way We Were,226000.0,f
id-12388925,id-11445203,id-1174937,3,3,We Will Follow,249000.0,f
id-6944856,id-8243928,id-902583,12,12,Up Against the Wind,269000.0,f
rec-1328193-dup-0,id-1568419,id-877208,27,27,Hangin Out 1988 ejergy demos,78826.0,f
id-12798107,id-9054396,id-506685,1,A1,Galanti,,f
id-14147458,id-14545202,id-1284941,27,27,NeoOrthodoxy — The Subject and Object of Faith,,f
id-27175146,id-15385966,id-2517490,6,6,You Want Me To,300507.0,f
rec-12663901-dup-1,id-7254783,id-961293,3,3,Il guerr:ero,218000.0,f
rec-7659503-dup-0,id-9012447,id-501932,13,13,Strings or Grass,276626.0,f
id-15145443,id-15109983,id-1352708,14,14,Level Up,37000.0,f
id-13923203,id-14396641,id-1268793,2,2,Chrome Sweet Chrome,210000.0,f
rec-2941721-dup-1,id-3539621,rec-1014026-dup-0,16,16,White Cocade  Doc Boyss Jig  Durham Rangers,199960.0,f
rec-2941721-dup-0,id-3539621,rec-1014026-dup-0,16,16,White Cocade  Doc Boyds Jig  Durham Ran9ers,199960.0,f
rec-32662732-dup-0,id-27944073,id-3083244,4,4,Copin  Nocturne Op 9 2 Chopin,277320.0,f
id-11336763,id-12894957,id-1096987,8,8,Chiedimi aiuto,218000.0,f
id-16605468,id-16220965,id-1490527,13,13,Kuorotyttö,,f
rec-27542044-dup-0,id-8060585,rec-2554095-dup-1,16,16,Summertome,378000.0,f
id-3626732,id-4403645,id-187954,2,2,Soundtrack of Life DJ Force remix,465333.0,f
id-1179487,id-1485168,id-115499,14,14,Dont Blink Or We May Miss It,229853.0,f
rec-8722354-dup-2,rec-10155031-dup-0,id-616700,51,51,Perioe Drama,29000.0,f
id-13324490,id-14037678,id-1228707,8,8,Leg mich in Ketten,264680.0,f
rec-5962094-dup-0,rec-7182687-dup-0,id-296299,7,7,Höah besser hin,256000.0,f
rec-6190135-dup-0,id-7429206,id-320875,5,5,Полоняне,,f
rec-5962094-dup-1,rec-7182687-dup-0,id-296299,7,7,Hör besser hih,256000.0,f
id-572869,id-645800,id-649981,7,7,Straight,299626.0,f
id-35866754,id-30271907,id-3439226,6,6,ふぁいらじっアーカイブ2,602000.0,f
id-14712073,id-1202413,id-1262774,5,5,She Suits Me to a T,270000.0,f
id-15234412,id-15179212,id-1360857,38,38,Yönmusta tango,155000.0,f
id-1257025,id-1485535,id-226123,6,6,Fly 6,203373.0,f
id-12948661,id-13820701,id-1205835,2,2,Marooning Around,111507.0,f
id-7125011,id-8437554,id-438948,7,7,Mit dem UBoot in die Tiefe,297000.0,f
id-1751702,id-2082295,id-180227,11,11,For Eternity,287040.0,f
id-257692,id-299739,id-873715,8,8,Red Line,321986.0,f
id-16563151,id-16187604,id-1486424,7,7,Rain Delay,95000.0,f
rec-8610197-dup-0,rec-10038443-dup-0,rec-609429-dup-0,45,45,Past Prezent and Future a,30000.0,f
rec-5680293-dup-1,rec-6881199-dup-0,rec-262355-dup-0,11,11,El calcwtín,130199.0,f
rec-28179939-dup-2,rec-24722471-dup-2,id-2617000,4,4,The P0sie  Scottish Brawl,330000.0,f
id-3734709,id-4537932,id-167088,7,7,Really the Blues,216333.0,f
rec-15928098-dup-0,id-15706709,rec-1426136-dup-0,1,1,Dehumanizecl,272160.0,f
rec-30708722-dup-2,id-26564302,id-2871381,11,11,3AM in a closrd bar,567000.0,f
rec-10363538-dup-0,id-11935213,id-785402,4,4,Ofer the Rainbow,415333.0,f
id-8262175,id-9662867,id-573281,3,3,Hamingjusamur,548000.0,f
rec-30708722-dup-1,id-26564302,id-2871381,11,11,3AM in a clo5ed bar,567000.0,f
id-38682737,id-32276250,id-3768379,76,76,Journey Home,308000.0,f
id-9975565,id-11504014,id-743778,6,6,Cinematic,261000.0,f
id-9843881,id-11355861,id-727670,6,6,Pekla vdolky,66973.0,f
rec-24399007-dup-0,id-21940460,id-2242372,3,3,Konzert für Klavier und Orcbester op 33 B63 gmoll III Finale,714720.0,f
id-32659847,id-3289644,id-3082877,38,38,Up to the Wildstyle radio edit,236000.0,f
id-2359300,id-2820977,id-969887,3,3,Chili Mac,219480.0,f
id-10920354,id-5150441,id-1055999,4,4,Feeling Feeling,185000.0,f
id-12784727,id-8472528,id-442788,12,12,Magical,247000.0,f
rec-4047355-dup-0,id-4942217,rec-262051-dup-0,9,9,Intr0,116920.0,f
id-9841953,id-11353601,id-727390,4,4,Mina Pets Margus ja Priit Captain Morgan remix by PAlanko,268000.0,f
rec-7035670-dup-2,rec-8342028-dup-2,rec-428608-dup-0,6,6,Keine Zeit zu einen,239000.0,f
rec-10025382-dup-0,rec-11561345-dup-0,id-748866,4,4,Denni5,275000.0,f
id-3673127,id-4459645,id-957822,53,53,Unlocking Door  Keys Jingling,8466.0,f
rec-5800600-dup-1,id-7009856,id-915908,12,12,Loose Strlng,228000.0,f
rec-7035670-dup-0,rec-8342028-dup-0,rec-428608-dup-0,6,6,Keine Zeit tsu weinen,239000.0,f
rec-10154740-dup-0,rec-11704546-dup-0,id-761277,10,10,Psa|m VI,132160.0,f
id-24395383,id-21938099,id-2241987,2,2,Symphony no 1 The Bells of Zlonice II Adagio di molto,781000.0,f
id-17779948,id-17143005,id-1605986,7,7,Between the Lines Theme,121066.0,f
rec-6659011-dup-1,id-7936564,id-378572,7,7,Ce qui trougle les hommes ce ne sont pas les choses mais,46546.0,f
id-80947,id-97852,id-879370,2,2,Kiddush,163000.0,f
id-7447829,id-5091657,id-477326,15,15,Emmanuelle,202000.0,f
rec-14468159-dup-0,id-14749513,id-1307944,2,2,O Joko Não Valeu,257000.0,f
id-14338053,id-10870990,id-683762,6,B1,Concert for Munich,295000.0,f
rec-28179939-dup-0,rec-24722471-dup-2,id-2617000,4,4,The Posie  Scottisb Brawl,330000.0,f
id-11818217,id-13231078,id-1134464,2,2,Distance,142000.0,f
id-5194745,id-6349218,id-308534,3,3,Damnesia,268226.0,f
id-24399150,id-21940569,id-2242384,15,15,Kaffeekantate BWV 211 Rezitativ B S Wenn du mir nicht den Kaffee läßt  Arie B Mädchen die von harten Sinnen,244533.0,f
id-34277515,id-29114006,id-3259628,9,9,I Heard It Through the Grapevine,293400.0,f
rec-1404367-dup-2,rec-1658187-dup-0,id-893019,5,5,Audiv: vocem de caelo,255667.0,f
rec-10363509-dup-2,id-11935184,id-785400,1,1,Ich atme ein ich atme aust,254000.0,f
id-13308457,id-14026640,id-1227413,5,5,Little Guys,,f
rec-10363509-dup-0,id-11935184,id-785400,1,1,Ich atme in ich atme aus,254000.0,f
id-2398377,id-2868531,id-13139,3,3,Boccia remixed by Pyrolator,362666.0,f
rec-7857162-dup-0,id-9222652,id-525327,7,7,Bel Dem Slags,179946.0,f
rec-9366519-dup-0,id-10844020,id-682594,9,9,Spase Media,206000.0,f
id-32671973,id-27950291,id-3084225,11,11,Giraffe Hunt,694736.0,f
rec-9366519-dup-2,id-10844020,id-682594,9,9,Spake Media,206000.0,f
rec-14329745-dup-0,rec-14664710-dup-0,id-1297921,4,4,Psalm 3 O Seigneur q7e de gents SwWV 31,169000.0,f
id-7664538,id-9017782,id-502540,10,10,Unholy Sky,160000.0,f
id-24481427,id-21999317,id-2250439,10,10,The Bishops Handkerchief 5,136000.0,f
id-3892785,id-4740185,id-964868,2,2,Private Meeting,127093.0,f
rec-8514586-dup-0,id-9937078,rec-602579-dup-0,2,2,Hardcore Like Bob Sdorer,258000.0,f
rec-9227718-dup-0,id-10698143,rec-672196-dup-0,7,7,Chytila jsem na pasece notýlka,,f
rec-7892965-dup-1,id-9261100,id-529505,2,2,A SmoOOth Oje,199000.0,f
rec-7892965-dup-0,id-9261100,id-529505,2,2,A SnoOOth One,199000.0,f
id-10221535,id-11777918,id-769587,2,2,Come Home,259000.0,f
id-6092071,id-7324110,id-865005,30,30,Bill  Teds Excellent Adventure Austria 1805,509000.0,f
id-9601667,id-11091692,id-839370,3,3,Outcast,229880.0,f
id-10743794,id-12355208,id-827925,5,5,Scissors Paper Stone,429000.0,f
id-27526074,id-24220030,id-2552504,6,6,I Can Feel It,146000.0,f
id-12841814,id-9018405,id-883970,10,10,Good Mornin Little Schoolgirl,208133.0,f
id-12647442,id-8165904,id-407639,7,B1,The Very Thought of You,162000.0,f
rec-34293215-dup-0,rec-29126261-dup-0,id-3261558,13,13,Big Boy Bluez,,f
rec-7750594-dup-0,id-9110775,id-512746,12,12,Putle of Sex,279000.0,f
id-6874357,id-8167173,id-407763,8,8,Finn,137000.0,f
rec-1725136-dup-1,rec-2049071-dup-0,id-36504,19,19,jilence,8946.0,f
id-6999663,id-8302904,id-424209,7,7,Alright,272000.0,f
id-9683201,id-11180297,id-706566,13,13,Tastbaar strijkersversie,203000.0,f
id-4646696,id-5733016,id-138059,6,6,Looking East,278893.0,f
rec-8391654-dup-1,id-9803182,id-588222,11,11,Therapv Room,318000.0,f
rec-8391654-dup-0,id-9803182,id-588222,11,11,Terapy Room,318000.0,f
rec-9475106-dup-2,id-10957859,id-690675,32,32,Satvh,29000.0,f
id-7688928,id-9043535,id-609601,1,1,Longa Riad,174240.0,f
rec-4297790-dup-0,id-5291267,id-99440,13,13,Empire lf Crime,121000.0,f
id-12528359,id-13642316,id-1184208,12,12,Mille Anni Passi Sunt,404000.0,f
id-13166303,id-13945822,id-1218182,9,9,Meanwhile in Afghanistan,231000.0,f
id-34302167,id-11391563,id-3262564,6,K6,Never Again,,f
id-5898925,id-7113236,id-687326,12,12,Quand un homme devient fou,370000.0,f
id-18006,id-28377,id-805777,7,7,Calm Me Down Second Single,145000.0,f
id-4053590,id-4950841,id-970587,5,5,Ornithology A,267666.0,f
id-10384202,id-11957296,id-65571,25,25,Midnight on a Full Moon,114000.0,f
id-6179852,id-7418159,id-871186,54,54,Macešky,129000.0,f
id-4820797,id-5931070,id-161587,4,4,No Other Girl,157920.0,f
id-28917528,id-25252646,id-2692126,38,38,Logan Closes His Eyes,39000.0,f
id-27538846,id-24229709,id-2553801,6,6,No 7,338483.0,f
id-10024920,id-11560906,id-748844,2,2,Concerto for Soprano Saxophone and Orchestra,1108000.0,f
id-38120538,id-31868119,id-3704201,9,9,Boys wish,67000.0,f
id-12695722,id-13569467,id-1174275,18,18,Beautiful Day Ced Tecknoboy Bootleg mix edit,210000.0,f
id-12131845,id-13431437,id-1157905,3,3,茶の湯,1626520.0,f
id-1569956,id-1854390,id-5079,2,2,Soldier of Love live,174160.0,f
rec-11372138-dup-2,id-12929388,rec-1100275-dup-0,10,10,The Beautiful Peop|e,,f
rec-4120248-dup-0,id-5043761,id-84581,2,2,F0ur,350320.0,f
id-35851541,id-30259604,id-3437382,4,4,Natural Brilliance Produced by Primate,228980.0,f
id-4406235,id-5429711,id-1121546,2,2,rise,329066.0,f
rec-8011500-dup-0,rec-9388499-dup-0,rec-542998-dup-0,8,8,Zillertaler Hochze8tsmarsch,199000.0,f
rec-8011500-dup-1,rec-9388499-dup-0,rec-542998-dup-0,8,8,Zillertaler Hochtseitsmarsch,199000.0,f
id-5098192,id-6244400,id-841128,2,2,The Dead Flag Blues,,f
rec-30705524-dup-1,rec-26562314-dup-0,id-2871059,11,11,Pale Hirse,,f
id-10526391,id-12112715,id-859767,7,7,Track 07,182000.0,f
id-9212302,id-10682136,id-670493,2,2,Air,163000.0,f
rec-30708722-dup-0,id-26564302,id-2871381,11,11,3AM in a klosed bar,567000.0,f
id-2706308,id-3249900,id-970185,11,11,Do the Dog,183880.0,f
id-15310823,id-15236858,id-1368229,5,5,Gemini Concerto V Vienna Polytonal Polka and Wiener Wein Waltz,389000.0,f
rec-3333139-dup-0,id-4028364,rec-267847-dup-0,14,14,Gettin9 Light,64306.0,f
id-9020709,id-10475136,id-647918,13,13,Abenteuer Schnitzeljagd 06,62213.0,f
id-5890059,id-7104111,id-287660,4,4,Un garçon ordinaire,,f
id-7828709,id-9192409,id-713116,11,11,Youve Got to Have Freedom Patchworks remix,350000.0,f
id-37752213,id-31608662,id-3660172,8,B4,Supper Time,,f
id-9540657,id-11026605,id-694739,57,57,Lovers Dub b,60000.0,f
id-15896180,id-15681347,id-1423182,1,A,NATO,223000.0,f
id-317127,id-590230,id-622523,6,6,Pieces of Ten Chandru mix,319800.0,f
id-1035574,id-1206068,id-172257,2,2,Olmasa Mektubun,214466.0,f
id-2054606,id-2450161,id-910667,2,2,Tell Me Tell Me,238226.0,f
id-14325976,id-14662674,id-1297638,3,3,CMon CMon,195000.0,f
id-9569108,id-11056533,id-695573,79,79,Entity,5000.0,f
id-25394571,id-1228563,id-2341157,8,8,Vickie and Mr Valves,149066.0,f
rec-9352922-dup-0,rec-10829698-dup-1,rec-868838-dup-0,7,7,Rzuć są Johny,92000.0,f
id-34293215,id-29126261,id-3261558,13,13,Big Boy Blues,,f
id-8662883,id-10093079,id-611857,1,1,Mother Earth a,195000.0,f
id-23105227,id-21004326,id-2113960,4,4,Mute City FZero,228712.0,f
rec-3030435-dup-1,id-3650587,id-70454,4,4,Universal Fumeral,164200.0,f
id-2324783,id-2778708,id-384948,5,5,Беги за солнцем,371840.0,f
rec-10848443-dup-0,rec-12471405-dup-0,id-1047997,7,7,Titi Rose au cœvr,218000.0,f
id-13876462,id-14368317,id-1265623,6,6,Avocja,391826.0,f
rec-5696175-dup-1,id-7209558,rec-263551-dup-0,5,5,It Wasnt Said to Awk,257000.0,f
rec-2756063-dup-2,rec-3310818-dup-0,id-634782,11,11,New Tenptation,204760.0,f
id-15905093,id-15688510,id-1424043,17,17,We Close Our Eyes,221066.0,f
rec-2756063-dup-0,rec-3310818-dup-0,id-634782,11,11,New Tempdation,204760.0,f
id-11372138,id-12929388,id-1100275,10,10,The Beautiful People,,f
rec-12127125-dup-0,id-13428722,id-1157593,10,10,Solang da drobn dle Sonne lacht,175000.0,f
id-5470407,id-6653804,id-682653,4,4,Haul Away,208960.0,f
id-14070219,id-2495591,id-10309,34,34,Apple Glazed Vase II,81760.0,f
rec-1292648-dup-2,id-1526514,id-890609,4,4,Backyarcl Jam,267786.0,f
id-709018,id-794924,id-234,6,6,Floating City,307400.0,f
id-3539177,id-4292254,id-51062,4,4,Dada Da Ching,337733.0,f
rec-7912360-dup-1,id-9282116,id-531712,1,1,Homegrowm,405000.0,f
id-4553178,id-5626322,id-127097,3,3,Za ideałem niedoścignionym,,f
id-6895900,id-8191559,id-410609,16,16,Understandable Smooth,248000.0,f
id-2402064,id-2873000,id-641855,5,5,Nikolaus und Weihnachtsmann,172866.0,f
rec-10848443-dup-1,rec-12471405-dup-0,id-1047997,7,7,Titi Roxe au cœur,218000.0,f
id-4654570,id-5741516,id-718716,1,A1,Introduction,55000.0,f
id-6043284,id-7271714,id-305725,15,15,Sing Sing Sing With a Swing,720040.0,f
id-25386172,id-22641945,id-2340221,10,10,Papertown,189027.0,f
rec-38698369-dup-0,id-32287528,id-3770211,19,19,Saint Louis Biues,247000.0,f
rec-4105208-dup-1,id-5022911,id-83383,16,16,Lullaby of thr Leaves,120626.0,f
rec-950745-dup-0,id-1109806,rec-395564-dup-0,3,3,Fai5h,86293.0,f
rec-393576-dup-1,id-342468,id-34023,9,9,Word5,355840.0,f
rec-393576-dup-0,id-342468,id-34023,9,9,Wores,355840.0,f
id-1587830,id-1874943,id-162464,3,3,District 6,310573.0,f
id-9311463,id-10786498,id-678169,2,2,うつし絵,323000.0,f
rec-8020861-dup-0,rec-9398314-dup-0,rec-544213-dup-0,1,1,New Yoahk Airport original mix,537000.0,f
rec-4205260-dup-0,rec-5169373-dup-2,id-94400,9,9,Lizarf Point,239173.0,f
id-10746234,id-12357843,id-828328,12,12,silence,6000.0,f
id-436654,id-501570,id-197168,9,9,Misery and Harmony,140240.0,f
rec-2591042-dup-0,id-3109332,rec-257533-dup-0,7,7,Dead Eye5,248706.0,f
rec-2591042-dup-1,id-3109332,rec-257533-dup-0,7,7,Dead Eues,248706.0,f
id-27609191,id-24284018,id-2560989,8,8,Liebe Liebe,181986.0,f
id-1237796,id-1463724,id-889783,10,10,Tarde Em Itapoã,222026.0,f
id-8971550,id-10421982,id-643749,12,12,Rose of the Rio Grande LeslieWarrenGorman,145906.0,f
rec-9176540-dup-0,id-10643493,id-696148,4,4,La Vieiole Femme et la Chandel,763000.0,f
id-5401844,id-6578968,id-229426,1,1,Mindware,362000.0,f
id-9251669,id-10722873,id-673805,2,2,The Witchs Dance,481466.0,f
id-8662649,id-10092833,id-611837,37,37,Electric Logo 8,15000.0,f
id-5987976,id-7211945,id-299338,11,11,Marathon,334026.0,f
id-2947137,id-3546356,id-28179,10,10,Farewell,237306.0,f
id-7085082,id-8395062,id-434299,4,4,Aria of Chinese Tea,740000.0,f
id-32718974,id-1720844,id-3089314,1,1,Take Me Down,189626.0,f
id-6995556,id-8298697,id-423736,1,1,data track,2101000.0,f
id-7978894,id-9353739,id-1039814,10,10,Miranda,251600.0,f
id-8317819,id-9724114,id-580174,1,1,Yöjuttu akustinen live 2005,274626.0,f
id-12711651,id-12388186,id-848059,2,2,no title,203000.0,f
id-1038499,id-1213638,id-312428,5,5,Verkündigung,482933.0,f
rec-6659011-dup-0,id-7936564,id-378572,7,7,Ce qui trouble les hommes ce ne s0nt pas les choses mais,46546.0,f
id-12401399,id-2867892,id-159263,2,2,Rytsari Vremeni,309986.0,f
id-12950411,id-13819359,id-1205625,5,5,In the Name of Love Cheese mix,306000.0,f
id-3936262,id-4795343,id-69819,19,19,Always on my mind,,f
id-27618056,id-24291298,id-2561921,13,13,Last Communication,256000.0,f
id-5138381,id-6288504,id-994064,16,16,Blast Up 3rd Ave,87000.0,f
rec-4789055-dup-0,id-5893993,id-156991,3,3,Unujual Calls,143666.0,f
id-10044027,id-11581261,id-750130,12,12,La det aldri skje igjen,230880.0,f
id-10998573,id-10417094,id-1064009,2,2,Bring It On Rusko remix,,f
id-1644211,id-1940768,id-935073,5,5,Vioolconcert in D Op 35 III Finale Allegro vivacissimo,615493.0,f
id-10190114,id-11742573,id-765668,9,9,Idomeneo K 366 Zeffiretti lusinghieri Ei stesso vien oh Dei Ilia,362666.0,f
rec-7958313-dup-2,rec-9331480-dup-0,id-536653,16,16,Firigers,252373.0,f
id-4219221,id-5188178,id-93195,13,13,Finale,266146.0,f
id-13893209,id-14374287,id-1266303,6,6,Le Canon des sourds,171000.0,f
rec-5222806-dup-2,id-6381733,id-210552,1,1,Under the Capricorn Smy Part I,440000.0,f
id-8077202,id-9457875,id-550123,11,11,Zbawienie,321266.0,f
rec-3059093-dup-0,rec-3686357-dup-0,id-937097,6,6,untitked,122974.0,f
id-12874527,id-13786948,id-1201527,7,7,Strácanie,231000.0,f
id-10990931,id-12598190,id-1063536,8,8,Just One More Day,243000.0,f
id-184363,id-224170,id-261573,9,9,Im Not Afraid to Love You,193640.0,f
id-9733929,id-11235861,id-713019,6,6,Tsukubai Part VI,254000.0,f
id-12727301,id-11273323,id-717665,1,A,Fuse,468000.0,f
id-6178247,id-7416476,id-319609,3,3,SO LONGLive Version,,f
rec-3394963-dup-0,id-4107217,id-160075,2,2,Ynklinga Saga To Odin We Call,432266.0,f
rec-8365729-dup-1,rec-9775514-dup-0,id-1027176,2,2,Yong Devil,225000.0,f
id-6494499,id-7760190,id-359215,2,2,Returning,402000.0,f
id-6314515,id-7563571,id-339150,22,22,Biblical Sonata No 4 Hezekiah Dying and Restored to Health 2 Kings 20 II His Confidence in God,94066.0,f
id-10859528,id-12481333,id-1049250,17,17,20010817,,f
id-18779345,id-17863890,id-1700329,1,1,Come On People,395266.0,f
id-34983,id-47615,id-51070,7,7,Più delle valchirie,141000.0,f
id-13753640,id-14286597,id-1257406,5,5,Cruzando fronteras,,f
id-30704967,id-16396417,id-2871015,13,B7,Heaven,73000.0,f
rec-2125216-dup-1,id-2534640,id-913450,4,4,La Fiesya,445200.0,f
id-2790603,id-3352553,id-63472,4,4,Goodbye For Now,368826.0,f
id-8641629,id-10070971,id-610748,85,85,Golden Days a 10,10000.0,f
rec-32695041-dup-0,id-27965988,id-3086694,3,3,Contact Hi9h,149000.0,f
id-16589032,id-16208157,id-1488838,5,5,Dance Dance Dance vocal overdub,137000.0,f
id-6943531,id-8242414,id-417130,13,13,Bring Me Back Morels club mix,387000.0,f
rec-8279753-dup-2,id-9682426,id-880633,9,9,Rojalia,168000.0,f
id-15923282,id-6009204,id-1425684,3,3,Nemoj,228946.0,f
id-5828770,id-7039731,id-953389,8,8,Dear John,244000.0,f
id-13230965,id-13981634,id-1222340,7,B4,Saturday Night Sweet in Movements Garretts Theme Part 2,184000.0,f
id-1763413,id-2097260,id-307861,8,8,Praying in Fire,428440.0,f
id-8754927,id-10189331,id-619704,9,9,Scream  Scream Again,126000.0,f
id-38672820,id-32269124,id-3767096,16,B8,Le Temps du tango,185000.0,f
rec-9775234-dup-0,id-11281031,id-718670,8,8,Pod oplakom,253000.0,f
id-11741666,id-9074456,id-1037298,16,16,Henrique Oswald Pierrot Op 33 n 3,114933.0,f
id-30680380,id-26542686,id-2868496,5,5,Something In The Way She Moves,180966.0,f
id-4662788,id-5750841,id-1041638,13,13,Youve Gotta Have Love in Your Soul,169000.0,f
rec-22401078-dup-0,id-12611146,id-2045752,15,15,Settkngs,199575.0,f
id-2939613,id-3537111,id-661802,3,3,He Will Come,,f
id-1044783,id-1221323,id-576854,8,8,The Devils Legion Part 2,109333.0,f
rec-12127125-dup-1,id-13428722,id-1157593,10,10,Solarig da drobn die Sonne lacht,175000.0,f
rec-38671455-dup-0,id-32268238,id-3766899,1,A,Im Waiting Ju5t for You,160000.0,f
rec-1142305-dup-0,id-1349449,id-907959,1,1,Medlet Echoes  Signs of Life,1437493.0,f
rec-8279753-dup-0,id-9682426,id-880633,9,9,Ro5alia,168000.0,f
id-10360206,id-11931740,id-785084,5,5,Kissing You,232880.0,f
id-14187859,id-14578256,id-1287185,8,8,Non Non Rien a Changé,167000.0,f
id-1745570,id-2074736,id-412853,7,7,Tapeunderlaget på ball by x y z,93933.0,f
rec-9683538-dup-2,id-11180705,id-706625,2,2,Laeyhawke,141000.0,f
rec-11259204-dup-0,id-4400558,rec-711599-dup-0,14,14,Gnälpipan,71533.0,f
rec-3344000-dup-0,id-4041873,id-947553,1,1,Good Sigm album version,183666.0,f
rec-8797157-dup-0,rec-2965355-dup-0,id-742583,11,11,Our Day Wiil Come,150333.0,f
id-5962094,id-7182687,id-296299,7,7,Hör besser hin,256000.0,f
id-5832036,id-7043071,id-280830,7,7,Sin perdón,306000.0,f
rec-600299-dup-2,rec-674525-dup-2,id-879445,10,10,Tamk,248600.0,f
id-9022719,id-10477176,id-648148,15,15,23 версия 2,,f
rec-600299-dup-1,rec-674525-dup-1,id-879445,10,10,Tamk,248600.0,f
rec-7864075-dup-2,rec-9230055-dup-0,id-526085,5,5,Winte5song,255333.0,f
rec-7864075-dup-0,rec-9230055-dup-0,id-526085,5,5,Wintersonf,255333.0,f
id-7954853,id-9327668,id-536381,12,12,Wenn sich die Reihen lichten,237000.0,f
rec-7275819-dup-2,id-8596059,rec-456640-dup-0,8,8,Ni Una Sola Ves,188960.0,f
id-1084720,id-1271600,id-976709,9,9,Davy Crockett,307173.0,f
rec-38669844-dup-1,id-26537969,id-3766687,6,6,Entertaun,176933.0,f
id-6235118,id-7477490,id-341327,10,10,The Eighteenth of June,275986.0,f
rec-23104092-dup-1,id-21003329,rec-2113851-dup-0,8,8,Miamj,247404.0,f
rec-23104092-dup-0,id-21003329,rec-2113851-dup-0,8,8,Myami,247404.0,f
id-6600707,id-7873903,id-835106,5,5,untitled,333293.0,f
id-4578643,id-5655715,id-129690,5,5,Over the Rainbow,165973.0,f
rec-7233255-dup-1,rec-8550946-dup-0,rec-451332-dup-0,12,12,Buy Me Back From dhe Dead,95000.0,f
rec-14153913-dup-1,id-11273870,rec-717739-dup-0,2,2,Beggar Siricere,164000.0,f
id-7452359,id-8787690,id-477856,6,6,Simple Dimple,328640.0,f
rec-6700529-dup-0,id-7980625,id-383792,2,2,De Overtochr,369000.0,f
id-5000017,id-6135460,id-183959,16,16,Stupidity,127213.0,f
id-9856154,id-11369151,id-729073,12,12,Halloween,378146.0,f
id-30667340,id-26567295,id-2867054,10,10,CHEYENNE,205000.0,f
rec-6944856-dup-0,id-8243928,id-902583,12,12,Up Against te Wind,269000.0,f
rec-393576-dup-2,id-342468,id-34023,9,9,Worda,355840.0,f
id-14507526,id-14773723,id-1310635,4,4,Sleepless,237000.0,f
rec-13456292-dup-0,id-14099215,rec-1235846-dup-0,4,4,Kevin Youre Such a Diwease,221544.0,f
id-10277633,id-11839654,id-775336,2,2,Imps in Eager Caucus,266000.0,f
id-15137173,id-15103746,id-1351970,8,8,ハートフェルトファンシー,260000.0,f
id-8161226,id-9551454,id-560446,12,12,Tracking,238000.0,f
id-5415151,id-6593752,id-441686,15,15,Logbuch Pausenklingeln,281000.0,f
id-15313175,id-15238851,id-1368468,17,17,Stormy Weather,209000.0,f
id-7212136,id-8528156,id-601531,12,12,Always Christmas,271880.0,f
rec-6932693-dup-0,rec-8230946-dup-0,id-537221,1,1,Intr0,30000.0,f
rec-9278908-dup-0,id-10750652,id-674875,3,3,Seawons,358000.0,f
rec-27622670-dup-0,rec-24294770-dup-0,id-2562433,4,4,Boss Battle Luf:a II,206186.0,f
rec-27622670-dup-1,rec-24294770-dup-1,id-2562433,4,4,Bojs Battle Lufia II,206186.0,f
rec-12663901-dup-2,id-7254783,id-961293,3,3,Il guerr:ero,218000.0,f
id-35858927,id-30265347,id-3438307,15,15,Old Norwegian Melody with Variations Op 51  9 Andante molto tranquillo,117560.0,f
id-6164802,id-7401997,id-317966,9,9,Carpe diem,273000.0,f
id-7265046,id-8584393,id-455144,3,3,More or Less,257000.0,f
id-13169968,id-13947548,id-1218419,4,4,Mais ou est le chat Pattes de velours  Petit cri petit cra  Je fais ma toile,124386.0,f
rec-2408691-dup-0,id-2881128,id-124361,5,5,The Antlers of the Mitnight Sun,246386.0,f
id-27620240,id-24292977,id-2562157,2,2,KDR,69481.0,f
id-3997325,id-4872768,id-968700,4,4,Lets Go to Bed Early,211173.0,f
id-12276636,id-10162483,id-1167319,19,19,Sind otsides,189000.0,f
id-5184180,id-6337870,id-603739,1,1,Front Lines,391000.0,f
id-4150730,id-5086952,id-987892,18,18,Al calor de la cumbia,211666.0,f
rec-24426678-dup-0,id-1313020,id-2245091,3,A3,Kosindki,232000.0,f
id-2843080,id-9350,id-1008312,1,1,Candle in the Wind,229000.0,f
id-23076391,id-20982808,id-2111231,11,11,Like a Rolling Stone,731000.0,f
rec-2953729-dup-1,rec-3554723-dup-0,id-239533,12,12,Åt ssmma håll,,f
rec-18774741-dup-0,rec-17860406-dup-0,id-1699902,2,2,Ive Seen All Gud People a Your Move b All Good People,456000.0,f
id-353784,id-409913,id-186468,9,9,In the Hills of Shiloh,220440.0,f
id-9559634,id-11046795,id-695231,29,29,Underhand,120000.0,f
id-11167774,id-12745227,id-1079566,4,4,Jelly Inside,165000.0,f
id-9255616,id-10726958,id-674111,28,28,Guitar Lick,16000.0,f
id-2195682,id-2622092,id-903128,2,2,Enjoy Yourself remix,399280.0,f
rec-32660205-dup-0,rec-27942497-dup-0,id-3082921,5,5,Cloyds,196000.0,f
id-10577533,id-12170304,id-807492,10,10,Perjantai,,f
id-32697059,id-27967248,id-3086952,3,3,Along Third Street,528300.0,f
id-672138,id-752101,id-93242,11,11,Kingdom in the Sky,223666.0,f
id-12663901,id-7254783,id-961293,3,3,Il guerriero,218000.0,f
id-6930194,id-8228239,id-415461,1,1,Parakeet,142000.0,f
id-14222342,id-11704998,id-1289840,13,13,Empty Smile,97000.0,f
id-9625423,id-11118211,id-823470,11,11,Falling Hard and Going Soft,56000.0,f
id-8787689,id-10222585,id-621263,5,5,Maydahmaydah,174280.0,f
rec-2667584-dup-1,id-3201415,id-460593,5,5,The Namest,225320.0,f
rec-2667584-dup-0,id-3201415,id-460593,5,5,The Names,225320.0,f
rec-8186011-dup-1,id-9578061,id-563485,1,1,Auf Widersehen,271000.0,f
id-28948300,id-8353372,id-2695102,10,10,Dreamland Crescendo,292000.0,f
id-27579490,id-24261719,id-2558019,6,6,F2S,388000.0,f
id-11687848,id-13152663,id-1125367,2,2,Brand New,268000.0,f
id-2932318,id-3528167,id-758506,6,6,Its Not Unusual,163426.0,f
id-11011171,id-12612400,id-1065200,46,46,The Little Diamond Polka,35000.0,f
rec-13344973-dup-0,id-13321434,id-1144580,5,5,Seni İjtiyorum,283640.0,f
id-4098713,id-5014045,id-82815,21,21,Paus Spiegel hat einmal einen Witz erzählt,117786.0,f
id-12353931,id-1467521,id-1172452,2,2,Cartas sin marcar,264866.0,f
id-4167565,id-4959830,id-883819,11,11,Over the Rainbow,176240.0,f
id-4065077,id-4966449,id-80250,4,4,Haderian Hadera,221666.0,f
id-11398629,id-12953423,id-1103045,13,13,Keep It Simple,259000.0,f
id-3351533,id-4051208,id-915945,6,6,Sweet Sensation Funk Force ChonAHolic dub,264800.0,f
id-6443806,id-7705289,id-358013,9,9,Even Though,113000.0,f
id-27536237,id-24227744,id-2553568,19,19,Unforgettable live,256000.0,f
id-3492371,id-4232381,id-183485,8,8,Hes My Guy,253226.0,f
id-3955177,id-4819667,id-71526,3,3,Nothing at All,341133.0,f
id-8044482,id-9423712,id-546769,2,A2,Schleifstein,327000.0,f
id-2319576,id-2772529,id-399337,2,AA,Eurotrash,426000.0,f
id-3823052,id-4650097,id-961846,18,18,You Cant Touch Sue,185306.0,f
id-18779988,id-17864413,id-1700411,4,4,These Memories,,f
rec-23013654-dup-0,id-20937239,id-2105273,8,8,Rivai,319000.0,f
id-767599,id-871069,id-886878,7,7,Hunger Strike,78493.0,f
id-24410276,id-21948039,id-2243516,5,5,LIT,214000.0,f
rec-11107159-dup-2,id-12692194,rec-1073929-dup-0,13,13,Borderl:ne Tribal Deibel Mix,524000.0,f
id-9946510,id-11471745,id-740639,7,7,Am Rand der himmlischen Steppe,270826.0,f
id-8291332,id-9695073,id-576881,7,7,Make Me High,205000.0,f
id-378985,id-436223,id-380716,4,4,Misconceptions,213320.0,f
id-39743767,id-33027638,id-3900410,7,7,Bridge of Spirits,341747.0,f
id-10176884,id-11727859,id-764026,5,5,モーニング チャイム オリジナルカラオケ,,f
id-3349995,id-4049295,id-43440,1,1,Start Again,193026.0,f
id-12130435,id-13430459,id-1157809,10,10,Hey Girl Youve Won My Heart,192013.0,f
id-5762044,id-6967986,id-1005142,7,7,Sence of Storm,,f
id-3850134,id-4683354,id-65453,8,8,I Ran,331946.0,f
id-6307472,id-7556146,id-335397,5,5,Mir,497000.0,f
id-39764992,id-33043001,id-3903293,2,B,My Melancholy Baby,,f
id-1202337,id-1422821,id-968909,8,8,Kind Of A Drag,131640.0,f
id-5297550,id-6463144,id-997298,3,3,Bridge Street Set,239040.0,f
id-9472996,id-10955726,id-690619,45,45,Funky Soul,40000.0,f
id-2270154,id-2713204,id-821139,1,1,Introduzione,77973.0,f
id-3885805,id-4730581,id-223014,4,4,Intermission,124880.0,f
id-7587143,id-8933387,id-493121,2,2,Hi Line,465000.0,f
id-9227718,id-10698143,id-672196,7,7,Chytila jsem na pasece motýlka,,f
id-6675764,id-7954272,id-658865,11,11,Сладкая N,183000.0,f
rec-7442862-dup-2,id-8777375,id-476780,12,12,Nostso Sonho,304386.0,f
id-10377987,id-11950503,id-786896,1,1,Você já foi à Bahia,183400.0,f
rec-7442862-dup-0,id-8777375,id-476780,12,12,Nosso Sono,304386.0,f
id-4502516,id-5564603,id-120086,8,8,Eklektisch Spiegeln,262000.0,f
id-9923508,id-11445701,id-737502,15,15,OoLee OoLee Papa OoLee,127000.0,f
id-7442862,id-8777375,id-476780,12,12,Nosso Sonho,304386.0,f
id-7094288,id-8404626,id-435317,6,6,Morgen Schüchternste Dämmerung,963000.0,f
rec-6990272-dup-0,rec-8293127-dup-0,id-423169,6,6,Za k0runami stromov,38000.0,f
rec-6990272-dup-1,rec-8293127-dup-0,id-423169,6,6,Za korunami str9mov,38000.0,f
id-6119823,id-7353653,id-312974,16,16,Wasteland,308346.0,f
id-8210249,id-9605786,id-566459,29,29,嫋嫋,80000.0,f
id-13694297,id-14250085,id-1253303,9,B3,Kuinka tietää voin,219000.0,f
rec-14396940-dup-0,rec-14707118-dup-0,rec-1302920-dup-0,4,B4,Temptation  Theme From a Suiiimer Place,183000.0,f
id-14468159,id-14749513,id-1307944,2,2,O Jogo Não Valeu,257000.0,f
rec-10116316-dup-1,rec-11661328-dup-0,id-756662,7,7,Die Meistersinger von Nürnberg Akt III Szene V Sankt Krisoin lobet ihn Schuster Schneider Bäcker Lehrbuben,249466.0,f
rec-10116316-dup-0,rec-11661328-dup-0,id-756662,7,7,Die Meistersinger von Nürnberg Akt III Szene V Sankt Krispin lohet ihn Schuster Schneider Bäcker Lehrbuben,249466.0,f
id-17835937,id-17184900,id-1611302,4,4,Sleep Paralysis,167000.0,f
id-9525189,id-11010402,id-694520,153,153,Chasing Strings,14000.0,f
id-2035932,id-2427199,id-957956,3,3,This Used to Be My Playground,310826.0,f
id-13378411,id-10661067,id-668173,10,10,Ill Be Here,251000.0,f
id-14232422,id-14605978,id-1290639,5,5,Partir y renunciar,,f
id-2230935,id-2665759,id-920667,14,14,Seems as If,224066.0,f
id-15277909,id-15212324,id-1365035,1,1,Intro,57000.0,f
id-35113353,id-7606314,id-3355688,6,6,1000 Wives,190000.0,f
id-60712,id-75717,id-875608,1,1,Oh Christmas Tree,203000.0,f
id-30660524,id-12341310,id-2866196,4,4,Mury 87 Podwórko,188000.0,f
id-18724452,id-17823944,id-1695632,1,1,Nightmares,,f
id-2530986,id-3034971,id-904148,6,6,A Fool No More,272026.0,f
id-10025382,id-11561345,id-748866,4,4,Dennis,275000.0,f
id-15343170,id-15262158,id-1371362,8,8,Peltirumpu,229000.0,f
rec-6775350-dup-0,id-8059848,id-395662,7,7,Ssa Cruise,164000.0,f
id-34294105,id-29126992,id-3261641,16,16,Way Down Yonder In New Orleans,184000.0,f
rec-997696-dup-1,id-1165153,id-232253,8,8,Shampoo Thrme,265826.0,f
id-8968995,id-10419255,id-844884,4,4,Room 1,,f
rec-10122050-dup-0,id-11667696,id-757394,3,3,untitlecl,30000.0,f
id-5801253,id-7010667,id-277194,5,5,This Time,242706.0,f
id-32666180,id-27946345,id-3083649,1,1,Leila Marakasa,369000.0,f
id-5519401,id-6706980,id-917936,7,7,The Changelings  Out on the Roof,215000.0,f
rec-13509417-dup-2,id-14137560,id-1240255,3,3,Kha2ad Dum,665000.0,f
rec-13509417-dup-0,id-14137560,id-1240255,3,3,Khazacl Dum,665000.0,f
id-12325618,id-9187721,id-521369,5,5,Amanecer en Haití,275946.0,f
id-10007045,id-11540474,id-747304,2,2,Two Thousand Miles From Here,389000.0,f
rec-3875098-dup-2,id-4716417,rec-126374-dup-0,11,11,Dancing in tbe Dark,303040.0,f
rec-3875098-dup-1,id-4716417,rec-126374-dup-0,11,11,Dancing in the Darl,303040.0,f
rec-3875098-dup-0,id-4716417,rec-126374-dup-0,11,11,Dancinv in the Dark,303040.0,f
id-37717565,id-31584833,id-3655954,18,18,The First Firefighter,55653.0,f
id-161366,id-186568,id-227105,11,B5,Finest Worksong Mutual Drum Horn mix,231173.0,f
id-7082783,id-8392634,id-434052,1,1,Preamble,225000.0,f
id-2819101,id-3389225,id-22973,11,11,Astrid,153053.0,f
id-27615557,id-24289162,id-2561683,9,9,Adventures of Huckleberry Finn Closing Scene,,f
id-18690060,id-17797874,id-1692395,1,1,Magnolia,214824.0,f
id-13907748,id-13773638,id-1199794,19,19,Ready to Fall in Love extended mix,225000.0,f
rec-9394462-dup-0,id-10872885,rec-683854-dup-0,21,21,And You Sine full mix,173000.0,f
id-6349905,id-7602966,id-1014368,1,1,Make Believe,214000.0,f
id-313285,id-369392,id-48242,1,1,The Road Kill,228066.0,f
rec-8599576-dup-0,id-10027571,id-608797,8,8,Partita No 5 in G maior BWV 829 II Allemande,270813.0,f
id-24390037,id-21933836,id-2241433,12,12,Its a Shame,206693.0,f
rec-34292825-dup-1,rec-29125960-dup-0,id-3261527,5,5,Eventife,226000.0,f
id-3432210,id-4156099,id-168612,6,6,Cheek to Cheek,230866.0,f
rec-3097035-dup-0,id-3733228,id-523385,2,2,Hesd On,155600.0,f
rec-10030058-dup-0,id-11566018,id-749002,55,55,On a Mission no trums,119000.0,f
id-9521556,id-11006924,id-694465,51,51,In Da Picture,30000.0,f
id-28963359,id-25284773,id-2696736,5,5,Crowbait Beat,123000.0,f
rec-6803312-dup-2,id-8089239,id-1022959,3,3,I Neyer,271773.0,f
id-2451866,id-2937782,id-37464,14,14,Heres Rico,52813.0,f
id-3502159,id-4244775,id-289809,13,13,LHôtel des quatre malheurs,200333.0,f
id-13322572,id-14036644,id-1228561,5,5,Dont Let the Sunshine Fade,403000.0,f
id-25319950,id-22593899,id-2333268,17,17,Orkar fan inte bry mig,36000.0,f
rec-17837175-dup-0,id-17185950,id-1611439,2,2,Guantanamo Baswline,139467.0,f
id-2344643,id-3429251,id-177978,3,3,Vermin,278226.0,f
rec-30647850-dup-1,rec-26517020-dup-0,rec-2864702-dup-0,3,3,Around Tje World,243000.0,f
id-7665221,id-9018491,id-1036667,1,1,Together,215000.0,f
id-24448774,id-21977163,id-2247398,3,A3,Fun,175168.0,f
id-10180510,id-11731833,id-764430,5,5,Nido de ratas,152000.0,f
id-3885427,id-4730123,id-927996,12,12,Stillborn,114800.0,f
id-3957600,id-4822862,id-71753,3,3,Seriously,210000.0,f
id-12654443,id-2087210,id-1185164,5,5,Bayside Dancer,332506.0,f
id-36934,id-49921,id-978797,7,7,Autumn Leaves,199000.0,f
id-9180677,id-10648267,id-666453,6,6,Love Eyes,340000.0,f
rec-7413056-dup-0,rec-8744961-dup-0,rec-473268-dup-0,11,11,O Criado5 Par Esp MartNália,205960.0,f
rec-7413056-dup-2,rec-8744961-dup-0,rec-473268-dup-0,11,11,O Criador Par Ejp MartNália,205960.0,f
rec-12052536-dup-1,id-13381459,id-1151781,5,5,Interlúclio,,f
rec-5650149-dup-0,rec-6848705-dup-1,id-938276,13,13,God Blests America with My Country Tis of Thee,188000.0,f
id-2695824,id-3236055,id-844806,23,23,地球儀,181374.0,f
rec-12417868-dup-1,id-13586442,id-1176771,1,1,El Grihgo,263573.0,f
id-3522481,id-4269846,id-953459,2,2,Lodging,,f
id-4492641,id-5551768,id-118473,1,1,The Coming of Ebony Skies,,f
id-14037415,id-14472112,id-1277218,4,4,Bad Moon Rising,126000.0,f
rec-9270729-dup-1,id-10742523,id-674601,36,36,Animal Imstinct,30000.0,f
rec-9270729-dup-0,id-10742523,id-674601,36,36,Animal Insyinct,30000.0,f
rec-4935185-dup-0,id-680914,rec-175899-dup-0,11,11,Anlıyorsun Değil ni,213000.0,f
id-4832397,id-307446,id-162925,5,5,Little Dipper,363000.0,f
rec-7930072-dup-1,id-9301337,id-533591,5,5,Its T0o Late Hes Gone,154000.0,f
rec-2539241-dup-0,id-3045370,rec-68320-dup-0,30,30,Les pant:ns dansent,133600.0,f
rec-8186011-dup-0,id-9578061,id-563485,1,1,Auf Wieder5ehen,271000.0,f
id-11156493,id-12735217,id-1078593,8,8,Willy  Willeke Alberti Medley,363000.0,f
rec-8186011-dup-2,id-9578061,id-563485,1,1,Auf Wiedersehem,271000.0,f
rec-8722354-dup-1,rec-10155031-dup-1,id-616700,51,51,Period Drams,29000.0,f
rec-3277398-dup-2,id-3957711,id-1011621,7,7,Men Behind the Wiar,159493.0,f
id-5830778,id-7041880,id-940727,6,6,Spontaneous Simplicity,476000.0,f
id-6464133,id-7727326,id-354646,8,8,Nu ska det bli ändring,204333.0,f
rec-5064064-dup-0,id-6205842,id-192357,5,5,Garaj Barast Paap,257000.0,f
rec-13923203-dup-0,id-14396641,rec-1268793-dup-0,2,2,Chrome Sweet Chr0me,210000.0,f
id-24381465,id-21927306,id-2240661,4,4,Mp3com Sucks Dirty Fucking Donkey Ass,31000.0,f
id-9156986,id-10622836,id-1148184,8,8,Love Letters,164306.0,f
id-1670177,id-1974360,id-518174,3,3,Base of Brutality,209346.0,f
id-38674192,id-32269929,id-3767117,68,68,Divino Designio,,f
rec-25852571-dup-0,id-22994666,id-2388303,12,A12,Linck A7,25000.0,f
id-2532699,id-3037096,id-58166,7,7,Long Train Runnin,221160.0,f
id-16597795,id-1887647,id-1489724,4,4,Ur askan ett rike,184426.0,f
id-7525282,id-8866858,id-485987,8,8,Watch Me,187000.0,f
rec-1481508-dup-0,rec-1749591-dup-2,id-73694,13,13,Vihmaz Vihma remix,211067.0,f
id-28209871,id-24746461,id-2620238,1,A1,Sound of Happiness,176000.0,f
id-12790591,id-13757513,id-1197559,9,9,Vibe With Ya,204390.0,f
id-4181580,id-5132060,id-89552,4,4,So Savage the Heart,238826.0,f
rec-9574232-dup-1,rec-11061766-dup-1,id-695637,19,19,Ides of Mardh,29000.0,f
rec-9574232-dup-0,rec-11061766-dup-2,id-695637,19,19,Ides 9f March,29000.0,f
rec-8968995-dup-1,id-10419255,rec-844884-dup-0,4,4,Room l,,f
id-12163694,id-13451628,id-1160452,2,2,Rolling Thunder Parice Scott Minor remix,206000.0,f
id-23028721,id-665799,id-2106650,5,5,When Am I Coming Down,296026.0,f
id-6335574,id-7587052,id-338981,3,3,Down,221813.0,f
id-6940434,id-8239100,id-1024551,9,9,Rufio,352146.0,f
id-579885,id-653411,id-377732,14,14,Doing Me,228093.0,f
id-12185385,id-13464975,id-1162255,2,2,Tell HerTell Him,,f
id-8015135,id-9392020,id-1205268,15,15,Yesdayter 2,89000.0,f
rec-3157571-dup-0,id-3811252,id-937809,1,1,Carn'lval,82093.0,f
rec-3157571-dup-1,id-3811252,id-937809,1,1,Carnibal,82093.0,f
rec-1697648-dup-2,id-2010293,id-81668,1,1,Ho Ka Hey,247800.0,f
id-27609617,id-24284404,id-2561032,2,A5,Cai Chuva Do Céu Cinzento,148000.0,f
id-23781685,id-21493255,id-2181100,11,11,Catone in Utica Atto II Scene 10 11,305000.0,f
id-2428916,id-2906589,id-995894,8,8,Blowin Up a Storm,205400.0,f
rec-15190503-dup-1,rec-15145623-dup-0,id-1356807,28,28,Scho9ls Out,34000.0,f
id-14804768,id-14933892,id-1330512,8,8,Movin On,,f
id-10345154,id-11915218,id-783279,6,6,Merry Christmas Baby,196000.0,f
id-16556885,id-16182445,id-1485813,8,8,Castle Rock,212000.0,f
id-12541024,id-363860,id-538309,12,12,New Aaron,430626.0,f
id-8497043,id-9917692,id-601159,11,11,Litttle Brown Jug,,f
id-1965161,id-2341636,id-215652,10,10,The Stillest Hour,75826.0,f
id-4093210,id-5005582,id-192337,1,1,Fun Key,459560.0,f
id-15900963,id-15685276,id-1423623,7,7,Mari in Love,296000.0,f
id-27568086,id-24252795,id-2556782,13,13,Auction Ends,,f
id-4129218,id-5056779,id-904168,13,13,Forever and Ever Amen,204173.0,f
id-32562936,id-965580,id-3072796,6,6,Call to Worship,280093.0,f
id-4280104,id-5268480,id-97887,13,13,Til I Met You,203146.0,f
id-24387885,id-12883862,id-2241207,9,A9,True Fine Mama,284000.0,f
id-9237688,id-10709061,id-673316,57,57,Lets Limbo,55000.0,f
rec-6758360-dup-0,id-8042343,rec-540673-dup-0,12,12,Le Dernier Homm,182000.0,f
rec-3266324-dup-0,id-3944173,id-693305,5,5,The Exquiside Flavor of GastroAnal Tripe,174426.0,f
id-5748390,id-6953707,id-270703,24,24,Глюк,,f
id-3344315,id-4042236,id-947594,7,7,Super Seven,303266.0,f
id-14960485,id-10940672,id-689639,31,B15,Létající Čestmír Motiv holiče III,59000.0,f
id-8751326,id-10185652,id-619280,12,12,My MailOrder Bride,,f
id-28179939,id-24722471,id-2617000,4,4,The Posie  Scottish Brawl,330000.0,f
id-13867347,id-14362088,id-1264979,1,A1,Kun rakkaus voittaa,199000.0,f
id-10551641,id-12141518,id-805234,3,3,untitled,121000.0,f
id-13245575,id-11376783,id-729930,20,20,Gettin Cake,67000.0,f
rec-39737834-dup-0,id-9165742,id-3899881,7,7,Sooled Clown Blues,106600.0,f
id-7845241,id-9210506,id-523982,9,9,Random Thoughts,112000.0,f
id-23079936,id-20981660,id-2111612,6,6,Wem Gott will rechte Gunst erweisen Potpourri,219640.0,f
id-51706,id-66169,id-991125,11,11,Houseskipper,186000.0,f
rec-15310823-dup-1,id-15236858,rec-1368229-dup-0,5,5,Gemini Concerto V Vienna Polytonai Polka and Wiener Wein Waltz,389000.0,f
rec-15310823-dup-0,id-15236858,rec-1368229-dup-0,5,5,Gemini Concerto V Vienha Polytonal Polka and Wiener Wein Waltz,389000.0,f
rec-7572930-dup-0,id-2066122,id-491557,13,13,Duelling Bomgos,175000.0,f
id-2924868,id-3519572,id-935345,16,16,St Louis Blues,,f
id-2482631,id-2977500,id-280133,10,10,Mission,334893.0,f
id-3097035,id-3733228,id-523385,2,2,Head On,155600.0,f
id-2321670,id-2775163,id-470114,12,12,Mimar Você,207213.0,f
rec-10518043-dup-0,id-12103732,rec-801360-dup-0,14,14,Anything fot You,286253.0,f
rec-12125296-dup-0,id-13424863,id-1156998,7,7,Barefoot Over Nqils,337000.0,f
id-11822797,id-10170021,id-617503,6,6,Owner of Her Heart,221480.0,f
rec-3840154-dup-0,rec-4670704-dup-0,id-92573,15,15,Dado Sado uersjon,213200.0,f
id-9211370,id-10681066,id-670375,3,3,Embrace My Affliction,256000.0,f
id-7026845,id-8332385,id-427679,2,2,Kilroy Was Here,170986.0,f
id-8779734,id-10214571,id-620893,41,41,American Heartlands 30 second version,30000.0,f
id-24546613,id-22044176,id-2256432,9,9,Cum At The Liquid Fancy Fair,240000.0,f
id-6410174,id-7668567,id-1016691,10,10,Shitheads,92000.0,f
rec-5680293-dup-0,rec-6881199-dup-0,rec-262355-dup-0,11,11,El calfetín,130199.0,f
id-14142512,id-2680719,id-908931,3,3,Hip Hop,293933.0,f
id-28189092,id-24729669,id-2618056,11,11,約束,206573.0,f
id-15178004,id-15136146,id-1355622,2,2,LHymne aux guerriers,280000.0,f
id-950718,id-1109766,id-886374,8,8,Sump,287160.0,f
id-2999663,id-3612357,id-69936,5,5,Words of Silence,70640.0,f
id-9874843,id-11388949,id-761010,11,11,Yintenjani,180360.0,f
id-737106,id-830569,id-557201,16,16,President Kennedy,232093.0,f
id-1468903,id-1734596,id-569977,7,7,Fear My Thoughts,310200.0,f
rec-12125296-dup-1,id-13424863,id-1156998,7,7,Barefoot Oyer Nails,337000.0,f
id-3060076,id-3687381,id-957092,8,8,Burger King La canzone del  La rivincita dei nerds remix,333280.0,f
id-32679613,id-27954697,id-3084969,10,10,Evil Eye,215319.0,f
id-30714528,id-4038317,id-2871949,10,10,Deska,308640.0,f
id-8770654,id-10205278,id-620661,16,16,Evolving Worlds 60 second version,60000.0,f
id-5057579,id-6198635,id-695061,1,1,Looking Backward into the Future,375000.0,f
id-7519839,id-8861070,id-485252,6,6,Peito sangrando,184213.0,f
rec-11993937-dup-0,id-13344243,id-1147216,8,8,Смерть,89000.0,f
id-37684482,id-31563078,id-3651906,4,4,Karma,,f
rec-6044919-dup-2,id-7273681,id-305916,11,11,Älska bonben,197000.0,f
id-598925,id-673089,id-868186,7,7,Somebody Else Is Taking My Place,448053.0,f
id-108259,id-129256,id-333456,9,9,Nopalitos,212400.0,f
id-9585822,id-11074645,id-695827,3,3,2 AM Smooth,164000.0,f
id-1881302,id-2242456,id-906012,6,6,Ana Ayni Li Habibi,348440.0,f
id-3397427,id-4110375,id-949984,7,7,Aspiroi,134226.0,f
id-15352944,id-15269516,id-1372296,10,10,Amelia,292000.0,f
id-34231801,id-29079067,id-3254741,11,11,When Your Lover Has Gone,154000.0,f
id-2271709,id-2714828,id-697170,1,1,The Commencement of the Pilgrimage to the Mecca of Hip Jazz,,f
id-8319999,id-9726431,id-975563,16,16,Tuning Notes,40000.0,f
rec-14413926-dup-1,rec-14717551-dup-0,id-1304104,2,2,Pikkup Truck,205480.0,f
id-10754655,id-12367706,id-829476,18,18,Paint Your Wagon demo,140000.0,f
id-1402688,id-1656033,id-456486,7,7,Instrumental Piece,113493.0,f
id-5375046,id-6549286,id-998062,3,3,Australia Olympia Poughkeepsie,108000.0,f
id-9951772,id-11477459,id-741151,15,15,Tess Is Missing,244000.0,f
rec-15313175-dup-1,rec-15238851-dup-0,id-1368468,17,17,Stormy Weatber,209000.0,f
id-5312293,id-6478808,id-914616,8,8,The Music Still Plays On,236000.0,f
id-12964629,id-6795890,id-251714,16,16,Two Elegiac Melodies op 34 No 2 Last Spring,324546.0,f
id-37705835,id-31576886,id-3654461,2,2,When Will I See You Again,361546.0,f
id-4960219,id-6090670,id-252257,7,7,Tommys Mood,264000.0,f
id-3411987,id-4128972,id-148330,12,12,Pidä huolta,171800.0,f
id-9755333,id-11259168,id-715866,1,1,Verdammt ich lieb Dich,220000.0,f
id-1112940,id-1306089,id-102788,11,11,Now Im Feeling Zombiefied live,480000.0,f
id-1351487,id-1595212,id-335462,10,10,Tali,233613.0,f
id-2759055,id-3314370,id-919480,8,8,Ta Ta,,f
id-19178142,id-25819942,id-1738682,9,9,Lets Get Lost,193000.0,f
id-10737238,id-12347900,id-827039,6,6,Nocturne No 6 in G minor Op 15 No 3,244000.0,f
rec-9841953-dup-0,rec-11353601-dup-0,id-727390,4,4,Mina Pets Marvus ja Priit Captain Morgan remix by PAlanko,268000.0,f
rec-13353474-dup-0,id-14056024,rec-1230767-dup-0,17,17,Stuck om You,135000.0,f
id-11713083,id-12713681,id-1076180,1,1,What Did I Do to You Morales mix,484000.0,f
rec-7891818-dup-1,id-9259840,rec-529348-dup-0,9,9,Everyday I Have tbe Blues,307266.0,f
rec-12522756-dup-0,id-13639320,id-1183741,3,3,Above Y0ur Existence,469000.0,f
id-35864213,id-30269813,id-3438856,50,50,Virgin,352000.0,f
id-2280086,id-2725112,id-177739,3,3,Come Fly With Me,330853.0,f
id-5072703,id-6215753,id-193418,4,4,Du Auch,,f
id-2592992,id-3111596,id-559365,18,18,Get Back,283000.0,f
id-12437504,id-8942777,id-494123,1,1,Ocean Kisses,,f
id-8993140,id-10445463,id-645163,51,51,Hunting Echo,14000.0,f
id-18799236,id-17877914,id-1702311,9,9,Tiahuanaco,353000.0,f
id-5533359,id-6721767,id-358748,11,B6,Raise the Roof,242666.0,f
id-1629093,id-1923074,id-899086,11,11,Passion,278906.0,f
rec-8480171-dup-0,id-9899000,rec-598986-dup-0,10,10,To My Butdy Buddy,554000.0,f
id-9638761,id-11131827,id-701425,5,5,Isnt It a Pity,259000.0,f
id-4120808,id-5044677,id-984041,2,2,Blood Is Thin,,f
rec-11152236-dup-0,id-12731367,id-1078093,2,2,Runnin Tgrough the Night,207000.0,f
rec-3118394-dup-1,id-3760406,id-997466,15,15,Seminal Myolissrguide Necrosia,233680.0,f
id-4457209,id-5498173,id-145304,13,13,Voices,385826.0,f
rec-30705524-dup-0,rec-26562314-dup-0,id-2871059,11,11,Pale Hlrse,,f
id-6271203,id-7516154,id-357705,11,11,No Turning Back,254000.0,f
id-10015112,id-11548903,id-748086,219,219,Quest for Glory back end,29000.0,f
id-6056840,id-7286153,id-307078,11,11,嘿我要走了,,f
id-212108,id-257778,id-261311,3,A3,Little Bird,186800.0,f
rec-37690526-dup-1,id-708208,id-3652523,12,12,Sunstroke Hous,317080.0,f
id-10089409,id-11632083,id-754575,25,25,Not Done Yet 60 second,66000.0,f
id-4813899,id-5923973,id-160395,6,6,Partite sopra diverse sonate per il violone Capritio,84560.0,f
id-2723001,id-3270460,id-258578,1,1,Want to Fly Away,315973.0,f
rec-14013268-dup-1,id-14457482,id-1275681,30,30,Sweet Betsy From Pilce traditional version,96000.0,f
rec-14013268-dup-0,id-14457482,id-1275681,30,30,Sweet Betsy From Pike traditional yersion,96000.0,f
rec-14013268-dup-2,id-14457482,id-1275681,30,30,Swit Betsy From Pike traditional version,96000.0,f
id-35874747,id-9814681,id-3440157,4,4,Kamigami LOOKS YOU,291000.0,f
rec-861896-dup-0,id-994535,rec-884526-dup-0,8,8,Send Me an Ankel,239360.0,f
rec-7255098-dup-0,id-8574275,rec-453980-dup-0,6,6,Anoth3r Day,118320.0,f
id-2780471,id-3340399,id-576554,9,9,Daisy Mae,270666.0,f
id-27611769,id-24286182,id-2561267,9,9,DOG COPS,208630.0,f
rec-9020709-dup-0,id-10475136,id-647918,13,13,Abenteuer Sxnitzeljagd 06,62213.0,f
id-6337145,id-7588790,id-339010,9,9,Fisherman Strawberry and Devil Crab,246333.0,f
id-23077013,id-20983326,id-2111314,7,7,Mister Mister Scarface,263466.0,f
id-11576879,id-12802285,id-1117661,2,2,Dingue dingue dingue,271000.0,f
id-10598999,id-12193701,id-809649,2,2,Ashes Turn to Stone,246000.0,f
id-5541405,id-6730871,id-244955,4,4,Questosichiamaska,94000.0,f
rec-8636141-dup-1,id-10065317,id-610577,43,43,Talk of Lofe c,99000.0,f
id-7491656,id-8830875,id-761298,2,A2,Rain,196000.0,f
rec-1404367-dup-0,rec-1658187-dup-0,id-893019,5,5,Audifi vocem de caelo,255667.0,f
rec-13512010-dup-1,id-14127821,id-1239210,1,1,Charpent:er des cimes,257493.0,f
rec-25390331-dup-2,id-22644681,id-2340713,2,2,Bsroque Ensemble No 2,467000.0,f
id-32676345,id-27952389,id-3084638,6,6,Das magische Baumhaus Folge 51  Teil 06,253000.0,f
id-11004472,id-11373570,id-1064552,4,4,Moderato cantabile,260160.0,f
id-7502199,id-8842108,id-483306,11,11,Escape from the Bee Hive,370946.0,f
id-5354741,id-6526322,id-224360,4,4,La petite voisine,257906.0,f
rec-24416457-dup-2,id-21952893,id-2244115,16,16,Duck m Creep Part 2,365000.0,f
rec-24416457-dup-1,id-21952893,id-2244115,16,16,Duck n Crip Part 2,365000.0,f
id-1905097,id-2270488,id-906754,10,10,Dont Throw It All Away,,f
rec-13701836-dup-0,id-14253722,rec-1253752-dup-0,11,11,DC,225000.0,f
rec-5697565-dup-0,id-6899320,id-263691,1,1,Th3 Fridge,209133.0,f
rec-35113353-dup-0,id-7606314,id-3355688,6,6,1000 Wifes,190000.0,f
id-9072008,id-10529473,id-653871,13,13,Phoria Jorn Van Deynhoven remix,397000.0,f
rec-14804768-dup-2,id-14933892,id-1330512,8,8,Movin Om,,f
id-6058792,id-7288234,id-792886,1,1,Calling Lady Liberty,31000.0,f
rec-14422667-dup-1,id-14671999,id-1298934,9,9,Vampi5e,209000.0,f
id-4423810,id-5452985,id-111154,3,3,Wild Mountain Thyme,156000.0,f
id-12140563,id-13438412,id-1158724,9,9,Ill Sleep When Im Alive,138000.0,f
id-15083019,id-15063589,id-1346725,8,B3,The Rising of the Black Templars,427000.0,f
rec-5885491-dup-0,id-7099402,id-287095,9,9,The Lasd Kiss,223600.0,f
rec-8243402-dup-2,id-210524,id-570714,18,18,The Be5t,246000.0,f
id-12209806,id-9757978,id-583731,12,12,Arrive,250640.0,f
id-24450918,id-21978757,id-2247600,10,10,Neden Benim,,f
id-27609825,id-24284560,id-2561045,10,10,Floyd The Barber,141000.0,f
id-1427176,id-1686077,id-864459,8,8,Hawaiian Saucers,,f
rec-3333139-dup-1,id-4028364,rec-267847-dup-0,14,14,Getting Ligt,64306.0,f
id-11440825,id-12992808,id-1106889,3,3,Music For Neighbors,224000.0,f
rec-8470901-dup-0,id-9888969,rec-845650-dup-0,6,6,You Make My Drwams,194373.0,f
id-11532036,id-13062322,id-1114861,3,3,Vergognosa,201000.0,f
id-4434493,id-5466480,id-112164,1,1,Rasa Sayang,,f
id-851530,id-973375,id-883516,1,1,Dark Side,,f
id-11138621,id-12720396,id-1076911,7,7,Derniers soupirs,,f
id-24371370,id-16274388,id-2239706,2,2,The Stepping Stone  An tSeanbhean Bhocht,242946.0,f
rec-7560844-dup-0,id-8905446,id-490115,9,9,Culturak Legacy,209000.0,f
id-10241690,id-11799991,id-772189,2,2,Nice Shot,291400.0,f
rec-3231629-dup-0,id-3901192,rec-54934-dup-0,8,8,Lil Jon Intervies,22426.0,f
rec-16167456-dup-2,rec-15896143-dup-1,rec-1448605-dup-0,9,9,Action in thd Streets,358826.0,f
rec-34294805-dup-0,id-29127594,rec-3261715-dup-0,13,13,Larlejienne Suite No 1  1 Prelude,,f
id-3107942,id-3747292,id-83378,37,37,Fed Net  Epilogue,105786.0,f
id-1156576,id-1369898,id-401013,1,1,Blessed Easter,534733.0,f
id-9670813,id-11167256,id-705146,16,16,Foundation,250000.0,f
id-1846169,id-2200110,id-1030666,2,2,Say It Isnt So,181000.0,f
id-14052510,id-14483156,id-1278589,2,B,Inaudible Bears,1223000.0,f
rec-8920252-dup-0,id-10365884,rec-637306-dup-0,10,10,Мегаполис,255000.0,f
id-5211894,id-5628055,id-307060,6,6,Everybodys Talkin,199000.0,f
id-6570755,id-7841713,id-368238,2,2,You Are a Goth,276000.0,f
id-7049853,id-8356994,id-430150,2,2,Stars for the Sun,191453.0,f
rec-25852562-dup-1,id-22994657,id-2388303,3,A3,Where t0 Go,138000.0,f
id-37680491,id-31560147,id-3651382,61,61,In Hawaiian Style,131000.0,f
id-8546474,id-9971424,id-604867,6,6,Angels Landing original mix,436000.0,f
id-4281192,id-5269774,id-974824,6,6,Youve got a Way,328893.0,f
rec-12790341-dup-1,rec-6189263-dup-1,rec-190578-dup-0,1,A,Some Guys Have A|l the Luck,187000.0,f
id-28059,id-39773,id-869539,1,1,Crawlspaces,247000.0,f
id-11297099,id-12857124,id-1092840,7,7,Stranieri noi,235000.0,f
id-1290451,id-1523722,id-975456,1,1,Human,242706.0,f
id-11947170,id-13314782,id-1143936,11,11,This Bouquet,130000.0,f
rec-3943406-dup-1,id-4804480,id-967129,1,1,Intr0,489333.0,f
id-1887331,id-2249718,id-489627,2,2,Стих первый,60440.0,f
id-6000518,id-7225479,id-300813,4,4,Night Time live,304000.0,f
id-9040057,id-10495686,id-650320,2,2,Wandering Memory,1795053.0,f
rec-12364207-dup-0,id-2559965,id-1173062,9,9,Cambiamdo el mundo,341400.0,f
rec-1404367-dup-1,rec-1658187-dup-0,id-893019,5,5,Audivi vosem de caelo,255667.0,f
rec-13353474-dup-1,id-14056024,rec-1230767-dup-0,17,17,Stuck ori You,135000.0,f
rec-5367938-dup-0,rec-6541240-dup-0,rec-225733-dup-0,5,5,Een stinister schouwspel,138000.0,f
id-12232164,id-13490303,id-1165348,5,5,Mr Pinochet,,f
id-15431198,id-15327672,id-1379870,1,1,The Hard Dead Song,,f
rec-7145816-dup-0,id-8456284,id-1175539,10,10,Joy Juike,168533.0,f
id-4549456,id-5621758,id-816795,2,2,Marzipan,201293.0,f
id-29464834,id-25653706,id-2749194,1,A1,Umeek,234000.0,f
id-8495765,id-9916135,id-600930,4,4,Taxi Driver,230000.0,f
id-12987624,id-13841482,id-1207934,12,12,Goodbye,,f
rec-11922246-dup-1,id-13299972,id-1142300,9,9,In the Clty,125440.0,f
rec-11922246-dup-0,id-13299972,id-1142300,9,9,In te City,125440.0,f
id-8934086,id-10380834,id-639040,4,4,Huitzilopotchli,190000.0,f
id-7183073,id-8496518,id-445431,6,6,Rambo mit Brille,98466.0,f
id-28944698,id-25271551,id-2694681,2,2,Tulpen en rozen,158000.0,f
id-997696,id-1165153,id-232253,8,8,Shampoo Theme,265826.0,f
id-1410809,id-1665702,id-893241,5,5,Outro,33066.0,f
id-2002477,id-2386947,id-375825,2,2,Mercy Mercy Mercy,371333.0,f
rec-8223504-dup-1,id-9620195,id-568078,5,5,Diresh el hametim,379000.0,f
rec-16167456-dup-1,rec-15896143-dup-1,rec-1448605-dup-0,9,9,Action in the Stree5s,358826.0,f
id-4336801,id-5340761,id-103272,4,4,Fire Below,250000.0,f
id-8365383,id-9775161,id-585554,6,6,Kidney Stew,374000.0,f
id-5498746,id-6684065,id-240216,16,16,Gi det blå tilbage,216000.0,f
id-12790341,id-6189263,id-190578,1,A,Some Guys Have All the Luck,187000.0,f
id-5441542,id-6621840,id-234149,5,5,Note It Bled As If It Had Bee,98000.0,f
id-28222093,id-24756255,id-2621477,2,A2,The Desert,204000.0,f
id-4628754,id-5713091,id-135658,10,10,Trapped Under the Sky,303000.0,f
id-7219796,id-8536236,id-1029383,6,6,Flageolettpolsen,88000.0,f
rec-3202607-dup-0,id-3866019,id-322992,1,1,Prelucle,142000.0,f
id-24447741,id-21976283,id-2247293,2,A2,T12,299304.0,f
id-14796547,id-14931449,id-1330232,7,B2,Abscission Digital Bonus,294000.0,f
rec-9366519-dup-1,id-10844020,id-682594,9,9,Space Media,206000.0,f
id-39781658,id-33054876,id-3905461,7,7,0319 C minor,306000.0,f
id-8844514,id-10284590,id-858032,23,23,silence,6000.0,f
id-3066486,id-3694971,id-184881,4,4,Grandes días,234773.0,f
id-7358643,id-8686282,id-466966,9,9,Des Müllers Blumen,236000.0,f
id-12742885,id-13738023,id-1195356,13,13,Toons Tunes,388133.0,f
id-8631392,id-10060661,id-610474,117,117,White Dwarf Drone,34000.0,f
rec-9718461-dup-1,id-11219281,id-711067,4,4,Fábvla,151000.0,f
id-7885282,id-9252591,id-528431,8,8,Moving Lands,261000.0,f
id-6011346,id-7237024,id-302122,3,3,蒲公英,228000.0,f
rec-4936387-dup-0,id-6063049,rec-989623-dup-0,8,8,Madij Song The Man She Thinks I Am,255000.0,f
rec-303982-dup-1,id-789639,id-1009220,10,10,Ho,281800.0,f
rec-12527683-dup-0,rec-1159813-dup-0,id-20481,5,5,JDu1>s,133000.0,f
id-32639998,id-27929349,id-3080850,9,9,Henry V Suite 2 Passacaglia The Death of Falstaff,178600.0,f
id-9578750,id-11067318,id-695712,26,26,Infinity,29000.0,f
rec-6215457-dup-1,rec-7456554-dup-0,rec-323898-dup-0,2,B,Shifg,,f
id-5547903,id-6737988,id-245727,4,4,Adrift,290000.0,f
rec-8227651-dup-0,id-9624892,id-1150065,2,2,Eeder,208000.0,f
id-10320258,id-11887622,id-780511,5,5,Gentle Art of Swimming edit,565813.0,f
rec-189192-dup-1,id-230611,id-36415,5,5,Savioufs,298840.0,f
rec-12834562-dup-1,rec-13769952-dup-0,id-1199271,2,2,Tswack Stick em,,f
rec-12834562-dup-0,rec-13769952-dup-0,id-1199271,2,2,Tswak Stick ern,,f
rec-7233255-dup-2,rec-8550946-dup-0,rec-451332-dup-0,12,12,Buy Me Baci From the Dead,95000.0,f
id-32681697,id-27956381,id-3085231,36,36,Sonate en Mi mineur op 1 no 6 V Vivace,48533.0,f
rec-5696175-dup-0,id-7209558,rec-263551-dup-0,5,5,It Wajnt Said to Ask,257000.0,f
id-7408625,id-8740171,id-472763,5,5,Have You Heard,,f
id-3186346,id-3845812,id-973199,3,3,Funky Kingston,708426.0,f
rec-38650558-dup-0,id-32254209,id-3764147,16,16,Bugie,187600.0,f
rec-8968995-dup-2,id-10419255,rec-844884-dup-0,4,4,Rum 1,,f
id-14413926,id-14717551,id-1304104,2,2,Pickup Truck,205480.0,f
id-12898293,id-13140731,id-1124022,24,24,Nation Of Domination,94786.0,f
id-7142238,id-8453297,id-440587,14,14,Capítulo 14,58853.0,f
id-14263009,id-7321519,id-905000,24,24,Oyus Theme,67000.0,f
rec-1468792-dup-0,id-1734468,rec-1768-dup-0,2,2,Electrifity,212866.0,f
id-4826847,id-5938247,id-899778,9,9,Si te contara,217733.0,f
id-14237820,id-1948995,id-899749,4,4,Toune en Do,236333.0,f
rec-3717049-dup-1,id-4514802,id-959594,10,10,Tell It Like Iy Is,269600.0,f
id-12242716,id-4882437,id-1138006,14,14,Мелом Крупатин remix,270000.0,f
id-9813462,id-11321809,id-723686,9,9,Chew Devour,,f
id-5367938,id-6541240,id-225733,5,5,Een sinister schouwspel,138000.0,f
id-26509642,id-23465713,id-2455605,3,3,Album für die Jugend op 68 Pt 1 für Kleinere III Trällerliedchen,51000.0,f
rec-39781658-dup-0,id-33054876,rec-3905461-dup-0,7,7,0219 C minor,306000.0,f
id-3498150,id-4239546,id-334638,6,6,Scarrans Arrive,158813.0,f
rec-12522756-dup-1,id-13639320,id-1183741,3,3,Above Your Existence,469000.0,f
id-1481508,id-1749591,id-73694,13,13,Vihmax Vihma remix,211067.0,f
id-4570398,id-5646143,id-687471,3,3,Ciao Baby,40440.0,f
id-1118342,id-1312686,id-562233,8,8,Shes Never Around,229000.0,f
rec-15307213-dup-1,id-15234007,id-1367855,11,11,So Many Wonderst x Cantarella,,f
id-3849484,id-4682234,id-226307,10,10,Healing Hands of Time 1,126933.0,f
id-2204913,id-2634084,id-262465,2,2,Robot Girl,289160.0,f
rec-2204913-dup-0,id-2634084,rec-262465-dup-0,2,2,Robot Giro,289160.0,f
id-13486852,id-14124803,id-1238846,9,9,TOMORROW,,f
id-5897853,id-7112177,id-288502,9,9,Kaldırımlar,,f
id-14634016,id-4672230,id-963561,14,14,Bilder einer Ausstellung Com mortuis in lingua mortua,181173.0,f
id-14705729,id-14888729,id-1324879,10,10,Anankasm,228000.0,f
id-4085314,id-4994842,id-970109,11,11,I Will Arise and Go to Jesus Come Ye Sinners Poor and Needy,252640.0,f
id-15954003,id-15728482,id-1428601,14,14,We Live for the Music,208000.0,f
rec-7892965-dup-2,id-9261100,id-529505,2,2,A SmoOOgh One,199000.0,f
rec-2496611-dup-0,id-2994717,id-21137,11,11,Scientksts Playing God,268600.0,f
id-3812108,id-4636401,id-63624,2,2,Vectors in Full Colors,141560.0,f
id-6963673,id-8264408,id-1025010,1,1,Lesson 11,977173.0,f
id-14934437,id-12123512,id-803565,5,5,La Vie,271000.0,f
rec-24459111-dup-1,id-21983832,id-2248376,3,3,Under Rolfs,258000.0,f
rec-24459111-dup-0,id-21983832,id-2248376,3,3,Unter Roofs,258000.0,f
id-9956947,id-11483115,id-741850,7,7,Migrant Birds,390946.0,f
rec-24459111-dup-2,id-21983832,id-2248376,3,3,Under Ro0fs,258000.0,f
id-2831727,id-3406350,id-713618,4,4,Sou Gan,149173.0,f
id-5809467,id-397305,id-278180,1,1,Intro,101333.0,f
id-6711650,id-7992367,id-879104,3,3,Stone Cold Dead,328400.0,f
id-4815591,id-5925683,id-160600,9,9,Dont You Want to Know,178066.0,f
id-27629996,id-24301130,id-2563025,2,2,String Quartet in C minor op posth II Adagio,546000.0,f
rec-23018910-dup-0,id-7114859,rec-2105775-dup-0,4,4,علمتني,221000.0,f
rec-14507526-dup-0,id-14773723,id-1310635,4,4,Sleepless,237000.0,f
id-2075078,id-2475140,id-143932,1,1,The Charles Atlas Way,170426.0,f
rec-14705729-dup-0,id-14888729,id-1324879,10,10,Anankastm,228000.0,f
id-12848941,id-12847776,id-1091761,2,B,Yes We Can,348000.0,f
