node_id,entity_type,degree,betweenness,is_articulation_point
b658,area,60,0.00012206909412781335,True
b443,area,64,8.339308743535394e-05,True
b236,area,28,7.715502183979597e-05,True
b465,area,31,7.015087801320457e-05,True
a808,artist,4,5.2202759457564076e-05,True
a640,artist,4,5.132724147924015e-05,True
b246,area,29,4.891956703884936e-05,True
b356,area,24,4.465141689452022e-05,True
b240,area,46,4.314114838191145e-05,True
b552,area,38,3.720951407876685e-05,True
b562,area,17,3.140191148921814e-05,True
b629,area,31,3.133254235097048e-05,True
b548,area,25,2.8089535137892622e-05,True
b216,area,24,2.6265539349717774e-05,True
b441,area,27,2.312826659405704e-05,True
b16,area,27,1.9699154512288332e-05,True
t1656,track,3,1.6963160830026065e-05,False
t1582,track,4,1.6963160830026065e-05,False
t295,track,3,1.6963160830026065e-05,False
a3172,artist,2,1.619708259899263e-05,True
t877,track,4,1.619708259899263e-05,True
a221,artist,4,1.4610206263280513e-05,True
a3874,artist,5,1.446117339275561e-05,True
a1965,artist,4,1.4227167147763794e-05,True
b556,area,17,1.346108891673036e-05,True
a4541,artist,2,1.3242209422149379e-05,True
a2521,artist,2,1.3242209422149379e-05,True
b704,area,11,1.3151009632740635e-05,True
a2660,artist,2,1.2585570938406433e-05,True
a911,artist,2,1.2585570938406433e-05,True
b128,area,16,1.236669144382545e-05,True
a3514,artist,3,1.1600613212792018e-05,True
b14,area,9,1.072509523446809e-05,True
a1246,artist,3,9.740137508853676e-06,True
a2379,artist,2,9.302378519691714e-06,True
a2309,artist,3,9.302378519691712e-06,True
a776,artist,5,9.192938772401222e-06,True
a3726,artist,4,8.481580415013032e-06,True
a84,artist,3,8.426860541367786e-06,True
a1626,artist,6,8.043821425851069e-06,True
b457,area,11,7.77022205762484e-06,True
a4185,artist,5,7.551342563043861e-06,True
a290,artist,2,7.113583573881897e-06,True
a2505,artist,5,7.058863700236652e-06,True
a37,artist,5,6.785264332010425e-06,True
a1013,artist,5,6.712304500483431e-06,False
a2412,artist,4,6.657584626838186e-06,False
a3611,artist,4,6.6211047110746895e-06,True
a507,artist,3,6.5663848374294435e-06,False
a293,artist,3,6.5663848374294435e-06,False
a1451,artist,3,6.5663848374294435e-06,True
a2360,artist,2,6.347505342848463e-06,True
a2313,artist,5,6.238065595557971e-06,True
a3594,artist,3,6.183345721912726e-06,False
b1,area,8,6.146865806149229e-06,True
a2744,artist,2,6.128625848267481e-06,True
a3526,artist,2,6.128625848267481e-06,True
a469,artist,2,6.0191861009769905e-06,True
a3580,artist,2,5.909746353686499e-06,True
a2842,artist,2,5.806380225879146e-06,True
a2845,artist,3,5.800306606396009e-06,True
t1669,track,4,5.800306606396009e-06,True
a3502,artist,2,5.471987364524537e-06,True
a4233,artist,5,5.3625476172340455e-06,True
b3,area,9,5.152788101593938e-06,False
a4578,artist,7,5.0212407613734766e-06,False
a1269,artist,6,5.0159884174808264e-06,False
a3542,artist,6,5.0159884174808264e-06,False
a1350,artist,2,4.924788628072083e-06,True
a598,artist,2,4.924788628072083e-06,True
a3620,artist,4,4.924788628072082e-06,True
a4037,artist,5,4.665189143748812e-06,False
a4035,artist,5,4.660309238786731e-06,False
a4036,artist,5,4.660309238786731e-06,False
a703,artist,2,4.596469386200611e-06,True
b177,area,12,4.596469386200611e-06,True
a2583,artist,3,4.48702963891012e-06,True
a3483,artist,4,4.414069807383126e-06,False
a3484,artist,4,4.414069807383126e-06,False
a1905,artist,5,4.414069807383126e-06,False
b248,area,17,4.268150144329139e-06,True
b30,area,8,4.209782279107543e-06,False
b326,area,8,3.766551302581056e-06,True
b201,area,7,3.720951407876685e-06,True
a1987,artist,2,3.6115116605861942e-06,True
b440,area,10,3.6115116605861942e-06,True
b687,area,7,3.5567917869409486e-06,False
a645,artist,5,3.5057390043043904e-06,True
a1017,artist,3,3.50573900430439e-06,True
a1468,artist,5,3.5020719132957034e-06,True
a843,artist,4,3.2866303165353658e-06,True
a1061,artist,4,3.283192418714722e-06,False
a4852,artist,6,3.283192418714722e-06,False
a38,artist,4,3.283192418714722e-06,False
a3242,artist,4,3.283192418714722e-06,False
a1760,artist,3,3.1737526714242313e-06,True
a2015,artist,5,3.0675216287663416e-06,True
a1285,artist,2,3.0643129241337405e-06,True
a1196,artist,5,3.0643129241337405e-06,True
b348,area,12,2.9548731768432496e-06,True
a3785,artist,4,2.9548731768432496e-06,True
a4574,artist,3,2.7359936822622684e-06,True
a2245,artist,2,2.6293042532282928e-06,True
a3886,artist,5,2.6265539349717776e-06,True
a840,artist,4,2.6265539349717776e-06,True
a2107,artist,4,2.6265539349717776e-06,True
a4669,artist,4,2.6265539349717776e-06,True
a779,artist,2,2.626553934971777e-06,True
a362,artist,4,2.6265539349717767e-06,False
a2177,artist,3,2.6265539349717767e-06,False
a2520,artist,3,2.6265539349717767e-06,False
b442,area,8,2.5171141876812867e-06,True
a116,artist,2,2.5171141876812867e-06,True
a4177,artist,3,2.407674440390796e-06,True
b510,area,3,2.316474650982054e-06,False
a1362,artist,4,2.3006412215747563e-06,True
a3921,artist,4,2.2982346931003055e-06,True
a1019,artist,2,2.191086877690244e-06,True
t3640,track,2,2.1887949458098146e-06,True
a1579,artist,5,2.1887949458098146e-06,True
a3020,artist,3,2.170554987928066e-06,True
b291,area,6,2.079355198519324e-06,True
a2172,artist,5,2.079355198519324e-06,True
a1802,artist,2,2.079355198519324e-06,True
a2572,artist,4,1.9699154512288334e-06,True
a593,artist,3,1.9699154512288334e-06,True
b218,area,10,1.9699154512288334e-06,True
a3395,artist,4,1.9699154512288334e-06,True
a1460,artist,2,1.9699154512288334e-06,True
b4,area,7,1.8604757039383425e-06,True
a4167,artist,2,1.8604757039383425e-06,True
a3100,artist,3,1.791163863987698e-06,False
a1,artist,3,1.7510359566478517e-06,True
a1788,artist,3,1.7510359566478517e-06,True
a4285,artist,3,1.7510359566478517e-06,True
a3199,artist,5,1.7510359566478517e-06,True
a2760,artist,5,1.7510359566478517e-06,True
a1114,artist,3,1.7510359566478517e-06,True
a940,artist,2,1.7510359566478517e-06,True
t4293,track,3,1.7510359566478517e-06,True
b305,area,5,1.7510359566478517e-06,True
a3223,artist,5,1.7419159777069774e-06,False
a1798,artist,2,1.6415962093573609e-06,True
a302,artist,2,1.6415962093573609e-06,True
t3218,track,2,1.6415962093573609e-06,True
a3357,artist,4,1.6233562514756124e-06,True
b97,area,9,1.5868763357121157e-06,False
a342,artist,6,1.5321564620668702e-06,False
a4636,artist,6,1.5321564620668702e-06,False
a755,artist,3,1.5321564620668702e-06,True
a261,artist,3,1.5321564620668702e-06,True
a3766,artist,3,1.5321564620668702e-06,True
a2310,artist,4,1.4956765463033735e-06,False
a2039,artist,5,1.4774365884216248e-06,False
a3292,artist,5,1.4774365884216248e-06,False
a2841,artist,6,1.41542073162368e-06,False
a905,artist,3,1.3132769674858888e-06,True
a2109,artist,3,1.3132769674858888e-06,True
b239,area,9,1.3132769674858888e-06,True
a4009,artist,3,1.3132769674858888e-06,True
a433,artist,4,1.3132769674858888e-06,True
a3061,artist,2,1.3132769674858888e-06,True
a1328,artist,5,1.3132769674858888e-06,False
a164,artist,4,1.3132769674858888e-06,True
a2248,artist,4,1.3132769674858888e-06,True
b121,area,5,1.205097782729634e-06,True
a532,artist,2,1.203837220195398e-06,True
a424,artist,2,1.203837220195398e-06,True
a3858,artist,2,1.203837220195398e-06,True
a2844,artist,2,1.203837220195398e-06,True
a3918,artist,2,1.203837220195398e-06,True
a647,artist,2,1.203837220195398e-06,True
t739,track,2,1.203837220195398e-06,True
a1357,artist,2,1.203837220195398e-06,True
a4530,artist,2,1.203837220195398e-06,True
a2673,artist,2,1.203837220195398e-06,True
a40,artist,2,1.203837220195398e-06,True
a4716,artist,3,1.203837220195398e-06,False
a3102,artist,2,1.203837220195398e-06,True
a3640,artist,2,1.203837220195398e-06,True
a2544,artist,2,1.203837220195398e-06,True
a2506,artist,3,1.203837220195398e-06,False
b627,area,9,1.203837220195398e-06,True
a3119,artist,2,1.203837220195398e-06,True
a2347,artist,2,1.203837220195398e-06,True
a656,artist,6,1.167357304431901e-06,False
a657,artist,6,1.167357304431901e-06,False
a1414,artist,7,1.167357304431901e-06,False
t2225,track,5,1.1503206107873781e-06,False
b405,area,3,1.1491173465501527e-06,False
t2488,track,5,1.1491173465501527e-06,False
a1484,artist,2,1.095543438845122e-06,True
a948,artist,2,1.095543438845122e-06,True
a1580,artist,2,1.095543438845122e-06,True
a4580,artist,3,1.0943974729049073e-06,True
a3821,artist,3,1.0943974729049073e-06,True
a4633,artist,3,1.0943974729049073e-06,True
a2685,artist,3,1.0943974729049073e-06,True
b551,area,2,1.0943974729049073e-06,True
a262,artist,3,1.0943974729049073e-06,True
a4179,artist,3,1.0943974729049073e-06,True
a456,artist,3,1.0943974729049073e-06,False
a2884,artist,3,1.0943974729049073e-06,True
a3443,artist,3,1.0943974729049073e-06,True
a4008,artist,4,1.0943974729049073e-06,True
t1929,track,3,1.0943974729049073e-06,True
a479,artist,3,1.0943974729049073e-06,True
a2961,artist,5,1.0834534981758582e-06,False
a3034,artist,7,1.0761575150231588e-06,False
a1142,artist,6,1.0761575150231588e-06,False
a2118,artist,4,1.0761575150231588e-06,False
a0,artist,6,1.0761575150231588e-06,False
a2147,artist,3,1.0407662669028658e-06,False
a4070,artist,6,1.0396775992596617e-06,False
a2709,artist,2,9.849577256144167e-07,True
a3031,artist,4,9.849577256144167e-07,True
a4126,artist,3,9.849577256144167e-07,False
a60,artist,5,9.849577256144167e-07,True
b202,area,5,9.849577256144167e-07,True
a3183,artist,2,9.849577256144167e-07,True
a885,artist,3,9.849577256144167e-07,False
a270,artist,5,9.849577256144167e-07,False
a2731,artist,2,9.849577256144167e-07,True
a695,artist,2,9.849577256144167e-07,True
a1888,artist,3,9.667177677326682e-07,False
a4189,artist,2,8.764347510760976e-07,True
a2983,artist,2,8.764347510760976e-07,True
a1814,artist,2,8.764347510760976e-07,True
a4772,artist,2,8.755179783239259e-07,True
a393,artist,3,8.755179783239259e-07,True
a2117,artist,2,8.755179783239259e-07,True
a1067,artist,2,8.755179783239259e-07,True
a2151,artist,2,8.755179783239259e-07,True
a2058,artist,3,8.755179783239259e-07,False
a3984,artist,3,8.755179783239259e-07,False
a4164,artist,2,8.755179783239259e-07,True
a2519,artist,2,8.755179783239259e-07,True
a3121,artist,2,8.755179783239259e-07,True
t2459,track,3,8.755179783239259e-07,True
a4014,artist,3,8.755179783239259e-07,True
a414,artist,4,8.755179783239259e-07,True
a938,artist,2,8.755179783239259e-07,True
a1411,artist,2,8.755179783239259e-07,True
a2953,artist,2,8.755179783239259e-07,True
a2664,artist,2,8.755179783239259e-07,True
a1071,artist,3,8.755179783239259e-07,True
a1446,artist,2,8.755179783239259e-07,True
a3574,artist,2,8.755179783239259e-07,True
a3540,artist,2,8.755179783239259e-07,True
a3278,artist,2,8.755179783239259e-07,True
a4281,artist,2,8.755179783239259e-07,True
a2932,artist,6,8.755179783239259e-07,False
a2931,artist,5,8.755179783239259e-07,False
b297,area,3,8.755179783239259e-07,True
a1359,artist,3,8.755179783239259e-07,True
a285,artist,5,8.755179783239259e-07,False
a1855,artist,3,8.755179783239259e-07,True
a1379,artist,2,8.755179783239259e-07,True
a1925,artist,2,8.755179783239259e-07,True
a1609,artist,2,8.755179783239259e-07,True
a3762,artist,2,8.755179783239259e-07,True
a3341,artist,4,8.03398521819756e-07,False
a1296,artist,2,7.668804071915854e-07,True
a1333,artist,2,7.668804071915854e-07,True
a3715,artist,2,7.668804071915854e-07,True
a3662,artist,2,7.660782310334351e-07,True
a1561,artist,2,7.660782310334351e-07,True
b231,area,12,7.660782310334351e-07,False
a3372,artist,2,7.660782310334351e-07,True
a4244,artist,2,7.660782310334351e-07,True
b674,area,6,7.660782310334351e-07,True
a2000,artist,2,7.660782310334351e-07,True
a4458,artist,2,7.660782310334351e-07,True
a1348,artist,2,7.660782310334351e-07,True
b353,area,5,7.660782310334351e-07,True
a161,artist,2,7.660782310334351e-07,True
a2791,artist,2,7.660782310334351e-07,True
b309,area,3,7.660782310334351e-07,True
a671,artist,2,7.660782310334351e-07,True
a2684,artist,2,7.660782310334351e-07,True
a4699,artist,2,7.660782310334351e-07,True
a2720,artist,3,7.660782310334351e-07,True
a2012,artist,2,7.660782310334351e-07,True
a4054,artist,2,7.660782310334351e-07,True
a4728,artist,2,7.660782310334351e-07,True
a2676,artist,3,7.113583573881898e-07,False
a1198,artist,3,6.573260633070732e-07,True
a2071,artist,3,6.573260633070732e-07,True
a2307,artist,2,6.566384837429444e-07,True
a1169,artist,2,6.566384837429444e-07,True
a3253,artist,2,6.566384837429444e-07,True
a896,artist,4,6.566384837429444e-07,True
a563,artist,2,6.566384837429444e-07,True
a3180,artist,4,6.566384837429444e-07,True
a2843,artist,2,6.566384837429444e-07,True
a3994,artist,2,6.566384837429444e-07,True
a827,artist,2,6.566384837429444e-07,True
a4566,artist,2,6.566384837429444e-07,True
a1917,artist,2,6.566384837429444e-07,True
t3985,track,2,6.566384837429444e-07,True
a2900,artist,2,6.566384837429444e-07,True
a468,artist,2,6.566384837429444e-07,True
a4439,artist,2,6.566384837429444e-07,True
a3384,artist,2,6.566384837429444e-07,True
a562,artist,2,6.566384837429444e-07,True
a974,artist,2,6.566384837429444e-07,True
a3479,artist,2,6.566384837429444e-07,True
b237,area,5,6.566384837429444e-07,True
a28,artist,3,6.566384837429444e-07,True
a4267,artist,2,6.566384837429444e-07,True
a3854,artist,2,6.566384837429444e-07,True
a2227,artist,4,6.566384837429444e-07,True
a2964,artist,4,6.566384837429444e-07,True
a3676,artist,2,6.566384837429444e-07,True
a3277,artist,2,6.566384837429444e-07,True
a1675,artist,2,6.566384837429444e-07,True
a3207,artist,3,6.01918610097699e-07,False
a3584,artist,2,6.01918610097699e-07,False
a2146,artist,3,6.01918610097699e-07,False
a1957,artist,3,6.01918610097699e-07,False
a3925,artist,4,5.836786522159505e-07,False
a768,artist,4,5.836786522159505e-07,False
a4418,artist,5,5.836786522159505e-07,False
a4543,artist,4,5.54494719605153e-07,False
a670,artist,2,5.47771719422561e-07,True
a4650,artist,2,5.47771719422561e-07,True
a4800,artist,3,5.47771719422561e-07,True
a428,artist,2,5.47771719422561e-07,True
b342,area,6,5.47771719422561e-07,True
a1459,artist,2,5.47771719422561e-07,True
a329,artist,2,5.47771719422561e-07,True
a2030,artist,2,5.471987364524537e-07,True
a2002,artist,3,5.471987364524537e-07,False
a981,artist,2,5.471987364524537e-07,True
a4188,artist,6,5.471987364524537e-07,False
a1308,artist,3,5.471987364524537e-07,True
a1535,artist,2,5.471987364524537e-07,True
a709,artist,2,5.471987364524537e-07,True
b623,area,2,5.471987364524537e-07,True
a296,artist,3,5.471987364524537e-07,False
a1717,artist,2,5.471987364524537e-07,True
a153,artist,3,5.471987364524537e-07,True
a1867,artist,2,5.471987364524537e-07,True
a1263,artist,2,5.471987364524537e-07,True
a171,artist,2,5.471987364524537e-07,True
a3241,artist,2,5.471987364524537e-07,True
b54,area,3,5.471987364524537e-07,True
a829,artist,2,5.471987364524537e-07,True
a4071,artist,2,5.471987364524537e-07,True
a831,artist,2,5.471987364524537e-07,True
a1745,artist,2,5.471987364524537e-07,True
a3309,artist,2,5.471987364524537e-07,True
a3720,artist,2,5.471987364524537e-07,True
a1935,artist,3,5.471987364524537e-07,True
a3551,artist,2,5.471987364524537e-07,True
a390,artist,2,5.471987364524537e-07,True
a1833,artist,3,5.471987364524537e-07,False
a4077,artist,3,5.471987364524537e-07,False
a4121,artist,2,5.471987364524537e-07,True
a2181,artist,2,5.471987364524537e-07,True
a3846,artist,3,5.471987364524537e-07,True
a3156,artist,2,5.471987364524537e-07,True
a1629,artist,2,5.471987364524537e-07,True
a3605,artist,2,5.471987364524537e-07,True
t2048,track,2,5.471987364524537e-07,True
a2090,artist,2,5.471987364524537e-07,True
b12,area,4,5.471987364524537e-07,True
a1527,artist,3,5.471987364524537e-07,True
a3187,artist,2,5.471987364524537e-07,True
a2643,artist,4,5.19838799629831e-07,False
a4450,artist,4,5.107188206889567e-07,False
a3237,artist,4,5.107188206889567e-07,False
a1378,artist,3,5.107188206889567e-07,False
a4225,artist,4,4.924788628072083e-07,False
a4815,artist,3,4.924788628072083e-07,True
t3047,track,5,4.742389049254598e-07,False
a4081,artist,6,4.742389049254598e-07,False
a3000,artist,6,4.5964693862006107e-07,False
a1582,artist,5,4.382173755380488e-07,False
a1693,artist,2,4.382173755380488e-07,True
b93,area,3,4.382173755380488e-07,True
a3924,artist,4,4.382173755380488e-07,False
a403,artist,2,4.382173755380488e-07,True
a3638,artist,3,4.382173755380488e-07,True
a1572,artist,2,4.377589891619629e-07,True
a3046,artist,3,4.377589891619629e-07,True
a180,artist,5,4.377589891619629e-07,True
a1051,artist,2,4.377589891619629e-07,True
t1434,track,2,4.377589891619629e-07,True
a3553,artist,2,4.377589891619629e-07,True
a2433,artist,3,4.377589891619629e-07,False
b397,area,4,4.377589891619629e-07,False
a4223,artist,5,4.377589891619629e-07,True
a291,artist,3,4.377589891619629e-07,False
a1245,artist,3,4.377589891619629e-07,True
t2681,track,2,4.377589891619629e-07,True
a1266,artist,2,4.377589891619629e-07,True
a2005,artist,2,4.377589891619629e-07,True
b462,area,2,4.377589891619629e-07,True
a2769,artist,2,4.377589891619629e-07,True
a3995,artist,2,4.377589891619629e-07,True
a2518,artist,2,4.377589891619629e-07,True
a2497,artist,2,4.377589891619629e-07,True
a1194,artist,2,4.377589891619629e-07,True
a2124,artist,2,4.377589891619629e-07,True
a1496,artist,2,4.377589891619629e-07,True
a2992,artist,2,4.377589891619629e-07,True
a4547,artist,2,4.377589891619629e-07,True
a3289,artist,3,4.377589891619629e-07,True
a3630,artist,2,4.377589891619629e-07,True
a1637,artist,3,4.377589891619629e-07,False
a1164,artist,3,4.377589891619629e-07,True
a36,artist,2,4.377589891619629e-07,True
a2693,artist,2,4.377589891619629e-07,True
a4508,artist,2,4.377589891619629e-07,True
a379,artist,2,4.377589891619629e-07,True
a1319,artist,2,4.377589891619629e-07,True
a3197,artist,2,4.377589891619629e-07,True
a3069,artist,5,4.377589891619629e-07,False
a4143,artist,2,4.377589891619629e-07,True
a1549,artist,3,4.377589891619629e-07,False
a322,artist,3,4.377589891619629e-07,False
a1844,artist,2,4.377589891619629e-07,True
a890,artist,5,4.377589891619629e-07,True
a1640,artist,2,4.377589891619629e-07,True
a950,artist,2,4.377589891619629e-07,True
a3055,artist,3,4.377589891619629e-07,False
a2054,artist,2,4.377589891619629e-07,True
a2642,artist,2,4.377589891619629e-07,True
a2435,artist,2,4.377589891619629e-07,True
a1366,artist,3,4.377589891619629e-07,True
a3422,artist,3,4.377589891619629e-07,True
a3464,artist,2,4.377589891619629e-07,True
t547,track,2,4.377589891619629e-07,True
a2130,artist,5,4.377589891619629e-07,True
a1163,artist,3,4.377589891619629e-07,False
a3525,artist,2,4.377589891619629e-07,True
a2852,artist,4,4.3775898916196287e-07,False
a2851,artist,5,4.3775898916196287e-07,False
a1280,artist,4,4.3775898916196287e-07,False
a795,artist,5,4.3775898916196287e-07,False
a1639,artist,4,4.3775898916196287e-07,False
a4361,artist,4,4.3775898916196287e-07,False
a4201,artist,2,4.1951903128021445e-07,False
t1435,track,4,4.103990523393402e-07,False
a3690,artist,4,4.0127907339846603e-07,False
a2947,artist,3,4.0127907339846603e-07,False
a3232,artist,3,4.0127907339846603e-07,False
a3361,artist,3,4.0127907339846603e-07,False
a3256,artist,3,4.0127907339846603e-07,False
a1952,artist,2,4.0127907339846603e-07,False
b428,area,4,4.0127907339846603e-07,False
a2161,artist,3,4.0127907339846603e-07,False
a3602,artist,3,4.0127907339846603e-07,False
a2128,artist,4,4.0127907339846603e-07,False
a3935,artist,4,4.01279073398466e-07,False
a2477,artist,4,3.994550776102911e-07,False
a4483,artist,2,3.834402035957927e-07,False
a1834,artist,3,3.834402035957927e-07,False
a4053,artist,3,3.8303911551671756e-07,False
a702,artist,3,3.8303911551671756e-07,False
b71,area,2,3.8303911551671756e-07,False
a3308,artist,3,3.8303911551671756e-07,False
a3452,artist,5,3.8303911551671756e-07,False
t149,track,5,3.8303911551671756e-07,False
b528,area,6,3.8303911551671756e-07,True
a3896,artist,3,3.8303911551671756e-07,False
a457,artist,5,3.7431067493875e-07,False
t314,track,4,3.4655919975322067e-07,False
a2298,artist,4,3.286630316535366e-07,True
a669,artist,3,3.286630316535366e-07,True
a3691,artist,2,3.286630316535366e-07,True
a2407,artist,4,3.286630316535366e-07,True
t2303,track,2,3.286630316535366e-07,True
a836,artist,3,3.286630316535366e-07,False
a194,artist,2,3.286630316535366e-07,True
a3451,artist,2,3.283192418714722e-07,True
a3359,artist,3,3.283192418714722e-07,True
a1947,artist,4,3.283192418714722e-07,True
t588,track,2,3.283192418714722e-07,True
a1292,artist,4,3.283192418714722e-07,True
a1226,artist,3,3.283192418714722e-07,False
a3805,artist,3,3.283192418714722e-07,False
a2375,artist,3,3.283192418714722e-07,False
a748,artist,4,3.283192418714722e-07,True
a1162,artist,3,3.283192418714722e-07,False
a4422,artist,4,3.283192418714722e-07,False
a3219,artist,4,3.283192418714722e-07,False
a3744,artist,4,3.283192418714722e-07,False
a3428,artist,4,3.283192418714722e-07,False
b22,area,3,3.283192418714722e-07,True
a1541,artist,2,3.283192418714722e-07,True
a1878,artist,4,3.283192418714722e-07,True
t368,track,4,3.283192418714722e-07,False
a1625,artist,2,3.283192418714722e-07,True
a1227,artist,3,3.283192418714722e-07,False
a793,artist,3,3.283192418714722e-07,False
a2500,artist,2,3.283192418714722e-07,True
a572,artist,4,3.283192418714722e-07,True
a1954,artist,2,3.283192418714722e-07,True
a4235,artist,2,3.283192418714722e-07,True
a233,artist,2,3.283192418714722e-07,True
a2381,artist,2,3.283192418714722e-07,True
a2404,artist,4,3.283192418714722e-07,True
a4859,artist,2,3.283192418714722e-07,True
a3356,artist,3,3.283192418714722e-07,False
a3077,artist,4,3.283192418714722e-07,True
a3427,artist,6,3.283192418714722e-07,False
a3562,artist,2,3.283192418714722e-07,True
a2619,artist,2,3.283192418714722e-07,True
b458,area,3,3.283192418714722e-07,True
a3608,artist,3,3.283192418714722e-07,True
a1110,artist,2,3.283192418714722e-07,True
t1250,track,4,3.283192418714722e-07,True
a2661,artist,3,3.283192418714722e-07,False
a2939,artist,3,3.283192418714722e-07,True
a2009,artist,3,3.283192418714722e-07,False
a3389,artist,4,3.283192418714722e-07,True
a1648,artist,3,3.195335029964939e-07,False
a1647,artist,3,3.19199262930598e-07,False
a2511,artist,5,3.100792839897238e-07,True
a3545,artist,3,3.100792839897237e-07,False
a4228,artist,5,3.009593050488495e-07,False
a4226,artist,3,3.009593050488495e-07,False
a3554,artist,3,3.009593050488495e-07,False
a1825,artist,3,3.009593050488495e-07,False
a2210,artist,3,3.009593050488495e-07,False
a2122,artist,3,3.009593050488495e-07,False
a2126,artist,3,3.009593050488495e-07,False
a1286,artist,3,3.009593050488495e-07,False
a2671,artist,5,3.009593050488495e-07,False
a4398,artist,3,3.009593050488495e-07,False
a787,artist,3,2.9214491702536585e-07,False
a3844,artist,3,2.9183932610797525e-07,False
a3845,artist,4,2.9183932610797525e-07,False
a545,artist,3,2.9183932610797525e-07,False
a3371,artist,3,2.9183932610797525e-07,False
a3577,artist,4,2.9183932610797525e-07,False
a2986,artist,5,2.9183932610797525e-07,False
a1083,artist,3,2.9183932610797525e-07,False
a918,artist,4,2.9183932610797525e-07,False
a581,artist,3,2.9183932610797525e-07,False
a4865,artist,4,2.9183932610797525e-07,False
a993,artist,3,2.9183932610797525e-07,False
a3698,artist,4,2.9183932610797525e-07,False
t317,track,4,2.738858597112805e-07,False
b480,area,4,2.738858597112805e-07,False
a1335,artist,6,2.7359936822622683e-07,False
t3908,track,6,2.7359936822622683e-07,False
b340,area,4,2.7359936822622683e-07,False
t1035,track,4,2.7359936822622683e-07,True
t3617,track,2,2.7359936822622683e-07,False
a2647,artist,3,2.7359936822622683e-07,False
a4033,artist,4,2.7359936822622683e-07,False
a1998,artist,3,2.7359936822622683e-07,False
a2917,artist,3,2.7359936822622683e-07,False
t1654,track,2,2.7359936822622683e-07,False
a3549,artist,3,2.7359936822622683e-07,False
a904,artist,3,2.7359936822622683e-07,True
a3898,artist,5,2.5535941034447836e-07,False
a4768,artist,3,2.5535941034447836e-07,False
a1049,artist,3,2.5535941034447836e-07,False
a3548,artist,4,2.5535941034447836e-07,False
b11,area,3,2.464972737401525e-07,True
t313,track,4,2.4623943140360417e-07,False
a3750,artist,2,2.371194524627299e-07,False
t4024,track,6,2.3529545667455507e-07,False
t741,track,3,2.191086877690244e-07,True
a4079,artist,5,2.191086877690244e-07,False
a2503,artist,2,2.191086877690244e-07,True
a811,artist,5,2.191086877690244e-07,True
a1763,artist,2,2.191086877690244e-07,True
b409,area,4,2.191086877690244e-07,False
a1676,artist,2,2.191086877690244e-07,True
t2498,track,3,2.191086877690244e-07,True
a2471,artist,3,2.1910868776902437e-07,False
a4385,artist,3,2.1910868776902437e-07,False
a3679,artist,3,2.1887949458098146e-07,False
t3759,track,3,2.1887949458098146e-07,True
a3996,artist,4,2.1887949458098146e-07,False
a4029,artist,3,2.1887949458098146e-07,False
a1967,artist,3,2.1887949458098146e-07,False
a3397,artist,3,2.1887949458098146e-07,True
a2490,artist,3,2.1887949458098146e-07,True
a4134,artist,4,2.1887949458098146e-07,False
a2096,artist,2,2.1887949458098146e-07,True
t1263,track,2,2.1887949458098146e-07,True
a2174,artist,3,2.1887949458098146e-07,True
b211,area,2,2.1887949458098146e-07,True
b686,area,2,2.1887949458098146e-07,True
a4761,artist,3,2.1887949458098146e-07,False
a4080,artist,3,2.1887949458098146e-07,False
a4210,artist,2,2.1887949458098146e-07,True
a3330,artist,3,2.1887949458098146e-07,False
t1617,track,3,2.1887949458098146e-07,True
a4671,artist,2,2.1887949458098146e-07,True
a2272,artist,3,2.1887949458098146e-07,True
t4040,track,2,2.1887949458098146e-07,True
a1412,artist,4,2.1887949458098146e-07,False
a1239,artist,3,2.1887949458098146e-07,True
a1272,artist,2,2.1887949458098146e-07,True
a2148,artist,2,2.1887949458098146e-07,False
a2748,artist,3,2.1887949458098146e-07,True
a4484,artist,2,2.1887949458098146e-07,True
a4694,artist,4,2.1887949458098146e-07,False
a345,artist,3,2.1887949458098146e-07,True
a3391,artist,2,2.1887949458098146e-07,True
a685,artist,3,2.1887949458098146e-07,True
t302,track,3,2.1887949458098146e-07,True
a413,artist,2,2.1887949458098146e-07,True
a4460,artist,3,2.1887949458098146e-07,True
a2484,artist,2,2.1887949458098146e-07,True
a1636,artist,3,2.1887949458098146e-07,True
a188,artist,2,2.1887949458098146e-07,True
a4005,artist,4,2.1887949458098146e-07,False
b653,area,3,2.1887949458098146e-07,False
t2393,track,4,2.1887949458098146e-07,False
a2246,artist,4,2.1887949458098146e-07,False
b155,area,2,2.1887949458098146e-07,True
a2496,artist,3,2.1887949458098146e-07,True
a304,artist,3,2.1887949458098146e-07,False
a4207,artist,2,2.1887949458098146e-07,True
a1567,artist,5,2.1887949458098146e-07,True
a4387,artist,3,2.1887949458098146e-07,True
a1707,artist,6,2.1887949458098146e-07,False
a122,artist,2,2.1887949458098146e-07,True
t1746,track,4,2.1887949458098146e-07,False
a66,artist,2,2.1887949458098146e-07,True
a1820,artist,3,2.1887949458098146e-07,True
b99,area,2,2.1887949458098146e-07,True
t4201,track,3,2.1887949458098146e-07,True
a4664,artist,2,2.1887949458098146e-07,True
t400,track,3,2.1887949458098146e-07,True
t2645,track,3,2.1887949458098146e-07,True
b726,area,2,2.1887949458098146e-07,True
a3261,artist,4,2.1887949458098146e-07,False
t3960,track,4,2.1887949458098146e-07,False
a3887,artist,3,2.1887949458098146e-07,True
a2892,artist,3,2.1887949458098146e-07,True
a799,artist,2,2.1887949458098146e-07,True
t2397,track,4,2.1887949458098146e-07,False
a2516,artist,5,2.1887949458098146e-07,True
t1180,track,3,2.1887949458098146e-07,True
a2421,artist,2,2.1887949458098146e-07,True
a1856,artist,2,2.1887949458098146e-07,True
a3832,artist,3,2.1887949458098146e-07,True
a1074,artist,3,2.1887949458098146e-07,True
t2880,track,3,2.1887949458098146e-07,True
a2283,artist,3,2.1887949458098146e-07,True
a3016,artist,3,2.1887949458098146e-07,True
a526,artist,3,2.1887949458098146e-07,True
t1986,track,3,2.1887949458098146e-07,True
t3823,track,3,2.1887949458098146e-07,True
a1297,artist,3,2.1887949458098146e-07,True
b671,area,2,2.1887949458098146e-07,True
a4602,artist,3,2.1887949458098146e-07,True
a3128,artist,2,2.1887949458098146e-07,True
t996,track,5,2.1887949458098146e-07,False
a1373,artist,2,2.1887949458098146e-07,True
a2552,artist,3,2.1887949458098146e-07,True
a4724,artist,3,2.1887949458098146e-07,True
a3510,artist,6,2.1887949458098146e-07,False
a1429,artist,3,2.1887949458098146e-07,True
a2797,artist,3,2.1887949458098146e-07,False
a4328,artist,3,2.1887949458098146e-07,False
a1415,artist,5,2.1887949458098144e-07,False
a998,artist,2,2.1887949458098144e-07,False
a937,artist,5,2.0975951564010723e-07,False
t2057,track,3,2.0084963045493905e-07,False
a1985,artist,2,2.0084963045493902e-07,False
t4430,track,6,1.9151955775835878e-07,False
a510,artist,3,1.9151955775835878e-07,False
a1102,artist,5,1.9151955775835878e-07,False
a4463,artist,3,1.9151955775835878e-07,False
a4501,artist,3,1.9151955775835878e-07,False
a2085,artist,3,1.8239957881748454e-07,False
a336,artist,4,1.8239957881748454e-07,False
a3656,artist,2,1.8239957881748454e-07,False
a2733,artist,4,1.8239957881748454e-07,False
a3063,artist,2,1.8239957881748454e-07,False
a2659,artist,3,1.8239957881748454e-07,False
a2170,artist,3,1.8239957881748454e-07,False
a1330,artist,4,1.8239957881748454e-07,False
a651,artist,2,1.8239957881748454e-07,False
a3120,artist,5,1.8239957881748454e-07,False
a1836,artist,3,1.8239957881748454e-07,False
a1329,artist,3,1.8239957881748454e-07,False
a1109,artist,2,1.8239957881748454e-07,False
a4532,artist,2,1.8239957881748454e-07,False
a1744,artist,3,1.8239957881748454e-07,False
a764,artist,2,1.8239957881748454e-07,False
a2819,artist,4,1.8239957881748454e-07,False
a1966,artist,3,1.8239957881748454e-07,False
a1837,artist,3,1.8239957881748454e-07,False
a1377,artist,3,1.643315158267683e-07,False
a1545,artist,5,1.643315158267683e-07,False
a4330,artist,3,1.643315158267683e-07,False
a371,artist,3,1.643315158267683e-07,False
a956,artist,3,1.643315158267683e-07,False
a2724,artist,2,1.641596209357361e-07,False
t3864,track,4,1.641596209357361e-07,False
a3437,artist,5,1.641596209357361e-07,False
a3885,artist,3,1.641596209357361e-07,False
a2654,artist,5,1.641596209357361e-07,False
a2278,artist,4,1.641596209357361e-07,True
a2301,artist,2,1.641596209357361e-07,False
a3318,artist,4,1.641596209357361e-07,False
a3343,artist,3,1.641596209357361e-07,False
a4287,artist,3,1.641596209357361e-07,False
a3169,artist,3,1.641596209357361e-07,False
a4464,artist,4,1.641596209357361e-07,False
a524,artist,3,1.641596209357361e-07,False
a3135,artist,3,1.641596209357361e-07,False
a4138,artist,3,1.641596209357361e-07,True
t138,track,4,1.641596209357361e-07,False
a3717,artist,3,1.641596209357361e-07,False
t2830,track,4,1.641596209357361e-07,False
a2715,artist,5,1.641596209357361e-07,False
a1828,artist,4,1.641596209357361e-07,False
a3647,artist,3,1.641596209357361e-07,False
a538,artist,2,1.641596209357361e-07,False
t2538,track,3,1.641596209357361e-07,False
a3146,artist,3,1.641596209357361e-07,False
t2592,track,3,1.641596209357361e-07,False
t3383,track,2,1.550396419948619e-07,False
t1993,track,4,1.4607245851268292e-07,False
t2365,track,2,1.4607245851268292e-07,False
a4621,artist,3,1.4591966305398762e-07,False
a4622,artist,3,1.4591966305398762e-07,False
a1806,artist,4,1.4591966305398762e-07,False
t3366,track,5,1.4591966305398762e-07,False
a3300,artist,4,1.4591966305398762e-07,False
a571,artist,4,1.4591966305398762e-07,False
a1431,artist,3,1.4591966305398762e-07,False
a7,artist,3,1.4591966305398762e-07,False
a460,artist,3,1.4591966305398762e-07,False
a303,artist,4,1.4591966305398762e-07,False
a415,artist,3,1.4591966305398762e-07,True
a909,artist,3,1.4591966305398762e-07,False
a3684,artist,4,1.4591966305398762e-07,False
a4112,artist,5,1.4591966305398762e-07,False
b56,area,4,1.4591966305398762e-07,False
a1634,artist,4,1.4591966305398762e-07,False
a1635,artist,3,1.4591966305398762e-07,False
a594,artist,3,1.3694292985564025e-07,False
a4105,artist,6,1.3694292985564025e-07,False
a3094,artist,3,1.3679968411311341e-07,False
a3279,artist,3,1.3679968411311341e-07,False
a3076,artist,2,1.3679968411311341e-07,False
a936,artist,3,1.3679968411311341e-07,False
a1504,artist,5,1.3679968411311341e-07,False
a1502,artist,3,1.3679968411311341e-07,False
a1503,artist,3,1.3679968411311341e-07,False
a3,artist,2,1.3679968411311341e-07,False
a898,artist,3,1.3679968411311341e-07,False
a2315,artist,3,1.3679968411311341e-07,False
t4125,track,2,1.095543438845122e-07,True
a1215,artist,4,1.095543438845122e-07,False
b507,area,2,1.095543438845122e-07,True
b257,area,2,1.095543438845122e-07,True
a3768,artist,2,1.095543438845122e-07,False
a2144,artist,2,1.095543438845122e-07,False
a2902,artist,2,1.095543438845122e-07,True
t3917,track,4,1.095543438845122e-07,False
t3749,track,4,1.095543438845122e-07,False
t2948,track,4,1.095543438845122e-07,False
a4433,artist,4,1.095543438845122e-07,False
b712,area,2,1.095543438845122e-07,True
a4030,artist,3,1.095543438845122e-07,False
a168,artist,8,1.095543438845122e-07,False
a4203,artist,4,1.095543438845122e-07,False
a1397,artist,3,1.095543438845122e-07,False
a803,artist,2,1.095543438845122e-07,True
t2725,track,2,1.095543438845122e-07,True
a182,artist,2,1.095543438845122e-07,True
a4807,artist,2,1.095543438845122e-07,True
a1936,artist,3,1.095543438845122e-07,False
a1389,artist,4,1.095543438845122e-07,False
t543,track,3,1.095543438845122e-07,False
a1872,artist,2,1.0943974729049073e-07,True
t1959,track,4,1.0943974729049073e-07,False
a1661,artist,2,1.0943974729049073e-07,True
t2926,track,3,1.0943974729049073e-07,True
a2131,artist,4,1.0943974729049073e-07,False
a4075,artist,2,1.0943974729049073e-07,True
t1956,track,2,1.0943974729049073e-07,True
a1183,artist,4,1.0943974729049073e-07,False
a4701,artist,3,1.0943974729049073e-07,False
a3958,artist,5,1.0943974729049073e-07,False
a4520,artist,2,1.0943974729049073e-07,True
a2418,artist,2,1.0943974729049073e-07,True
a1229,artist,2,1.0943974729049073e-07,True
t1684,track,4,1.0943974729049073e-07,False
a4702,artist,3,1.0943974729049073e-07,False
a3504,artist,2,1.0943974729049073e-07,True
a4362,artist,2,1.0943974729049073e-07,True
t1136,track,4,1.0943974729049073e-07,False
a4086,artist,2,1.0943974729049073e-07,True
t2097,track,4,1.0943974729049073e-07,False
a2158,artist,2,1.0943974729049073e-07,True
a4400,artist,2,1.0943974729049073e-07,True
t3798,track,4,1.0943974729049073e-07,False
a2898,artist,2,1.0943974729049073e-07,True
a4825,artist,2,1.0943974729049073e-07,True
a4302,artist,6,1.0943974729049073e-07,False
t3695,track,2,1.0943974729049073e-07,False
t3318,track,4,1.0943974729049073e-07,False
a1095,artist,4,1.0943974729049073e-07,False
t1797,track,2,1.0943974729049073e-07,True
a4444,artist,4,1.0943974729049073e-07,False
t460,track,4,1.0943974729049073e-07,False
a1068,artist,4,1.0943974729049073e-07,False
t652,track,4,1.0943974729049073e-07,False
t4171,track,4,1.0943974729049073e-07,False
a3017,artist,2,1.0943974729049073e-07,True
a3976,artist,2,1.0943974729049073e-07,True
a4358,artist,4,1.0943974729049073e-07,False
a999,artist,2,1.0943974729049073e-07,True
a719,artist,2,1.0943974729049073e-07,True
a1232,artist,4,1.0943974729049073e-07,False
t3549,track,4,1.0943974729049073e-07,False
t3327,track,2,1.0943974729049073e-07,False
a3902,artist,2,1.0943974729049073e-07,False
t1937,track,4,1.0943974729049073e-07,False
a3380,artist,4,1.0943974729049073e-07,False
a1203,artist,2,1.0943974729049073e-07,True
t2201,track,2,1.0943974729049073e-07,True
t1146,track,4,1.0943974729049073e-07,False
a1700,artist,2,1.0943974729049073e-07,True
t1038,track,4,1.0943974729049073e-07,True
a4048,artist,2,1.0943974729049073e-07,True
a4556,artist,2,1.0943974729049073e-07,True
a4703,artist,3,1.0943974729049073e-07,False
t56,track,2,1.0943974729049073e-07,True
a732,artist,4,1.0943974729049073e-07,False
a4304,artist,6,1.0943974729049073e-07,False
a844,artist,2,1.0943974729049073e-07,True
t1410,track,4,1.0943974729049073e-07,False
a1318,artist,4,1.0943974729049073e-07,False
t3720,track,4,1.0943974729049073e-07,False
a1771,artist,4,1.0943974729049073e-07,False
t3069,track,3,1.0943974729049073e-07,False
a212,artist,2,1.0943974729049073e-07,True
a326,artist,5,1.0943974729049073e-07,False
a2723,artist,3,1.0943974729049073e-07,False
a681,artist,3,1.0943974729049073e-07,False
a2713,artist,3,1.0943974729049073e-07,False
a2382,artist,4,1.0943974729049073e-07,False
a4771,artist,4,1.0943974729049073e-07,False
a3963,artist,2,1.0943974729049073e-07,True
t762,track,4,1.0943974729049073e-07,False
a4303,artist,6,1.0943974729049073e-07,False
a698,artist,4,1.0943974729049073e-07,False
t3285,track,4,1.0943974729049073e-07,False
t892,track,4,1.0943974729049073e-07,False
a919,artist,4,1.0943974729049073e-07,False
a576,artist,2,1.0943974729049073e-07,True
t775,track,4,1.0943974729049073e-07,False
a2211,artist,2,1.0943974729049073e-07,True
a3849,artist,2,1.0943974729049073e-07,True
a3824,artist,3,1.0943974729049073e-07,True
a2439,artist,2,1.0943974729049073e-07,True
t1519,track,2,1.0943974729049073e-07,True
t3480,track,2,1.0943974729049073e-07,True
a4268,artist,4,1.0943974729049073e-07,False
t921,track,4,1.0943974729049073e-07,False
a4504,artist,2,1.0943974729049073e-07,True
t435,track,4,1.0943974729049073e-07,False
a3229,artist,8,1.0943974729049073e-07,False
a1578,artist,2,1.0943974729049073e-07,True
a881,artist,2,1.0943974729049073e-07,True
a988,artist,2,1.0943974729049073e-07,True
a1443,artist,2,1.0943974729049073e-07,True
a1260,artist,4,1.0943974729049073e-07,False
t2893,track,2,1.0943974729049073e-07,True
t4402,track,4,1.0943974729049073e-07,False
a129,artist,2,1.0943974729049073e-07,True
a1120,artist,2,1.0943974729049073e-07,True
a565,artist,2,1.0943974729049073e-07,True
t230,track,4,1.0943974729049073e-07,False
a2014,artist,2,1.0943974729049073e-07,True
a4367,artist,4,1.0943974729049073e-07,False
a1312,artist,2,1.0943974729049073e-07,True
t3054,track,4,1.0943974729049073e-07,False
a2975,artist,2,1.0943974729049073e-07,True
a3694,artist,2,1.0943974729049073e-07,True
a1047,artist,2,1.0943974729049073e-07,True
a3477,artist,2,1.0943974729049073e-07,False
a1143,artist,2,1.0943974729049073e-07,True
a939,artist,2,1.0943974729049073e-07,True
a4317,artist,2,1.0943974729049073e-07,True
a3695,artist,2,1.0943974729049073e-07,True
t2794,track,4,1.0943974729049073e-07,False
t1172,track,2,1.0943974729049073e-07,True
t648,track,4,1.0943974729049073e-07,False
t3517,track,4,1.0943974729049073e-07,False
a1621,artist,3,1.0943974729049073e-07,True
a4557,artist,2,1.0943974729049073e-07,True
t3005,track,2,1.0943974729049073e-07,True
a4539,artist,2,1.0943974729049073e-07,True
a884,artist,2,1.0943974729049073e-07,True
a646,artist,4,1.0943974729049073e-07,False
t3129,track,3,1.0943974729049073e-07,False
a4109,artist,4,1.0943974729049073e-07,False
t162,track,2,1.0943974729049073e-07,True
b512,area,2,1.0943974729049073e-07,True
t658,track,4,1.0943974729049073e-07,False
a445,artist,2,1.0943974729049073e-07,True
a1025,artist,2,1.0943974729049073e-07,True
t3618,track,4,1.0943974729049073e-07,False
a4693,artist,2,1.0943974729049073e-07,True
a315,artist,2,1.0943974729049073e-07,True
t3959,track,3,1.0943974729049073e-07,False
a2075,artist,2,1.0943974729049073e-07,True
a3614,artist,4,1.0943974729049073e-07,False
a2215,artist,2,1.0943974729049073e-07,True
t2961,track,2,1.0943974729049073e-07,True
a1611,artist,2,1.0943974729049073e-07,True
t467,track,4,1.0943974729049073e-07,False
a3113,artist,2,1.0943974729049073e-07,True
t3465,track,4,1.0943974729049073e-07,False
a4595,artist,4,1.0943974729049073e-07,False
a2694,artist,4,1.0943974729049073e-07,False
a4684,artist,2,1.0943974729049073e-07,True
a4617,artist,2,1.0943974729049073e-07,True
t3337,track,4,1.0943974729049073e-07,False
a232,artist,2,1.0943974729049073e-07,True
t4003,track,2,1.0943974729049073e-07,True
a4661,artist,4,1.0943974729049073e-07,False
t2133,track,4,1.0943974729049073e-07,False
t293,track,4,1.0943974729049073e-07,False
a2485,artist,3,1.0943974729049073e-07,False
a3759,artist,2,1.0943974729049073e-07,True
a334,artist,3,1.0943974729049073e-07,False
a3959,artist,5,1.0943974729049073e-07,False
a2487,artist,3,1.0943974729049073e-07,False
a2368,artist,4,1.0943974729049073e-07,False
a3298,artist,2,1.0943974729049073e-07,True
t3810,track,3,1.0943974729049073e-07,False
a2373,artist,2,1.0943974729049073e-07,True
t3685,track,4,1.0943974729049073e-07,False
a1480,artist,4,1.0943974729049073e-07,False
a1835,artist,4,1.0943974729049073e-07,False
a4599,artist,2,1.0943974729049073e-07,True
t488,track,4,1.0943974729049073e-07,False
a522,artist,4,1.0943974729049073e-07,False
t4006,track,2,1.0943974729049073e-07,True
t4333,track,2,1.0943974729049073e-07,True
a3665,artist,6,1.0943974729049073e-07,False
a3829,artist,6,1.0943974729049073e-07,False
a3828,artist,6,1.0943974729049073e-07,False
t4261,track,2,1.0943974729049073e-07,True
a1216,artist,4,1.0943974729049073e-07,False
t24,track,4,1.0943974729049073e-07,False
a2101,artist,2,1.0943974729049073e-07,True
a76,artist,4,1.0943974729049073e-07,False
a4522,artist,2,1.0943974729049073e-07,True
a3754,artist,3,1.0943974729049073e-07,True
a1914,artist,3,1.0943974729049073e-07,False
a3271,artist,2,1.0943974729049073e-07,True
a125,artist,2,1.0943974729049073e-07,True
t1358,track,4,1.0943974729049073e-07,False
a92,artist,4,1.0943974729049073e-07,False
a3634,artist,2,1.0943974729049073e-07,True
a2202,artist,2,1.0943974729049073e-07,True
a327,artist,2,1.0943974729049073e-07,True
t234,track,4,1.0943974729049073e-07,False
t3003,track,4,1.0943974729049073e-07,False
a4335,artist,4,1.0943974729049073e-07,False
t3060,track,4,1.0943974729049073e-07,False
a1525,artist,2,1.0943974729049073e-07,True
a2634,artist,2,1.0943974729049073e-07,True
a4012,artist,4,1.0943974729049073e-07,False
a2555,artist,2,1.0943974729049073e-07,True
a2564,artist,4,1.0943974729049073e-07,False
t1495,track,4,1.0943974729049073e-07,False
a1958,artist,3,1.0943974729049073e-07,True
a4523,artist,4,1.0943974729049073e-07,False
a3520,artist,2,1.0943974729049073e-07,True
a2047,artist,3,1.0943974729049073e-07,False
a278,artist,2,1.0943974729049073e-07,True
a712,artist,2,1.0943974729049073e-07,True
a1869,artist,2,1.0943974729049073e-07,True
t845,track,4,1.0943974729049073e-07,False
t2123,track,4,1.0943974729049073e-07,False
t3924,track,4,1.003197683496165e-07,False
t479,track,4,1.003197683496165e-07,False
t3923,track,4,1.003197683496165e-07,False
a3681,artist,4,9.119978940874229e-08,False
a3672,artist,4,9.119978940874229e-08,False
a2825,artist,5,9.119978940874227e-08,False
t2072,track,4,9.119978940874227e-08,False
t2935,track,3,9.119978940874227e-08,False
t952,track,5,9.119978940874227e-08,False
t2210,track,3,8.216575791338415e-08,False
a3855,artist,3,8.207981046786805e-08,False
a2164,artist,2,8.207981046786805e-08,False
t720,track,6,7.668804071915853e-08,False
a1761,artist,6,7.660782310334351e-08,False
a1569,artist,6,7.660782310334351e-08,False
t2324,track,6,7.660782310334351e-08,False
t3243,track,5,7.303622925634146e-08,False
t1496,track,5,7.303622925634146e-08,False
a1070,artist,3,7.303622925634146e-08,False
a1515,artist,4,7.303622925634146e-08,False
a3254,artist,5,7.295983152699381e-08,False
t4054,track,5,7.295983152699381e-08,False
t1142,track,4,7.295983152699381e-08,False
a4789,artist,5,7.295983152699381e-08,False
t1518,track,4,7.295983152699381e-08,False
a1069,artist,3,7.295983152699381e-08,False
t430,track,5,7.295983152699381e-08,False
t654,track,5,7.295983152699381e-08,False
a2697,artist,5,7.295983152699381e-08,False
t4374,track,4,7.295983152699381e-08,False
a2498,artist,4,7.295983152699381e-08,False
t3438,track,5,7.295983152699381e-08,False
a2499,artist,4,7.295983152699381e-08,False
a3145,artist,5,7.295983152699381e-08,False
a3446,artist,3,7.295983152699381e-08,False
a3447,artist,3,7.295983152699381e-08,False
a960,artist,6,7.295983152699381e-08,False
a1041,artist,5,7.295983152699381e-08,False
t3226,track,3,7.295983152699381e-08,False
t3834,track,4,7.295983152699381e-08,False
t522,track,5,7.295983152699381e-08,False
a399,artist,5,7.295983152699381e-08,False
t3268,track,5,7.295983152699381e-08,False
a355,artist,5,7.295983152699381e-08,False
t3439,track,4,7.295983152699381e-08,False
t3915,track,5,7.295983152699381e-08,False
t263,track,5,7.295983152699381e-08,False
a496,artist,5,7.295983152699381e-08,False
t3225,track,3,7.295983152699381e-08,False
t3078,track,5,7.295983152699381e-08,False
t1346,track,4,7.295983152699381e-08,False
a586,artist,5,7.295983152699381e-08,False
t124,track,3,5.47771719422561e-08,False
a2763,artist,3,5.47771719422561e-08,False
a140,artist,2,5.47771719422561e-08,False
t1,track,5,5.47771719422561e-08,False
a1410,artist,6,5.47771719422561e-08,False
t335,track,2,5.47771719422561e-08,False
a2098,artist,2,5.47771719422561e-08,False
a2249,artist,2,5.47771719422561e-08,False
a2336,artist,3,5.47771719422561e-08,False
a1883,artist,3,5.47771719422561e-08,False
a3224,artist,3,5.47771719422561e-08,False
t4080,track,2,5.47771719422561e-08,False
t2678,track,5,5.47771719422561e-08,False
t1833,track,3,5.47771719422561e-08,False
a3108,artist,2,5.47771719422561e-08,False
a3064,artist,3,5.4719873645245366e-08,False
a1533,artist,5,5.4719873645245366e-08,False
t3639,track,3,5.4719873645245366e-08,False
a400,artist,3,5.4719873645245366e-08,False
t1084,track,2,5.4719873645245366e-08,False
a2807,artist,2,5.4719873645245366e-08,False
t3096,track,5,5.4719873645245366e-08,False
a852,artist,3,5.4719873645245366e-08,False
t412,track,2,5.4719873645245366e-08,False
t1618,track,3,5.4719873645245366e-08,False
b734,area,2,5.4719873645245366e-08,False
a3650,artist,5,5.4719873645245366e-08,False
t4067,track,6,5.4719873645245366e-08,False
a16,artist,3,5.4719873645245366e-08,False
a969,artist,5,5.4719873645245366e-08,False
t903,track,6,5.4719873645245366e-08,False
a970,artist,6,5.4719873645245366e-08,False
a3612,artist,3,5.4719873645245366e-08,False
a4486,artist,3,5.4719873645245366e-08,False
t2227,track,3,5.4719873645245366e-08,False
a2020,artist,6,5.4719873645245366e-08,False
t277,track,2,5.4719873645245366e-08,False
a350,artist,5,5.4719873645245366e-08,False
t1561,track,3,5.4719873645245366e-08,False
t3267,track,6,5.4719873645245366e-08,False
a1903,artist,5,5.4719873645245366e-08,False
a4752,artist,5,5.4719873645245366e-08,False
a3350,artist,2,5.4719873645245366e-08,False
a923,artist,3,5.4719873645245366e-08,False
t919,track,3,5.4719873645245366e-08,False
t1330,track,6,5.4719873645245366e-08,False
t592,track,3,5.4719873645245366e-08,False
t573,track,3,5.4719873645245366e-08,False
a2605,artist,3,5.4719873645245366e-08,False
t1884,track,3,5.4719873645245366e-08,False
t1866,track,3,5.4719873645245366e-08,False
a3980,artist,3,5.4719873645245366e-08,False
t369,track,5,5.4719873645245366e-08,False
t3132,track,3,5.4719873645245366e-08,False
a311,artist,2,5.4719873645245366e-08,False
a541,artist,3,5.4719873645245366e-08,False
t1080,track,3,5.4719873645245366e-08,False
a1314,artist,3,5.4719873645245366e-08,False
t1562,track,3,5.4719873645245366e-08,False
a3218,artist,2,5.4719873645245366e-08,False
t3835,track,2,5.4719873645245366e-08,False
t1039,track,4,5.4719873645245366e-08,False
t2491,track,4,5.4719873645245366e-08,False
t4228,track,3,5.4719873645245366e-08,False
a2228,artist,3,5.4719873645245366e-08,False
a3648,artist,6,5.4719873645245366e-08,False
t849,track,3,5.4719873645245366e-08,False
t236,track,3,5.4719873645245366e-08,False
t361,track,3,5.4719873645245366e-08,False
t510,track,3,5.4719873645245366e-08,False
t4008,track,3,5.4719873645245366e-08,False
t3333,track,3,5.4719873645245366e-08,False
b492,area,2,5.4719873645245366e-08,False
t1605,track,6,5.4719873645245366e-08,False
a4745,artist,3,5.4719873645245366e-08,False
t1774,track,3,5.4719873645245366e-08,False
a3386,artist,3,5.4719873645245366e-08,False
t3103,track,3,5.4719873645245366e-08,False
a3946,artist,3,5.4719873645245366e-08,False
t3094,track,3,5.4719873645245366e-08,False
a2598,artist,3,5.4719873645245366e-08,False
t3890,track,3,5.4719873645245366e-08,False
t2197,track,3,5.4719873645245366e-08,False
t3270,track,3,5.4719873645245366e-08,False
a18,artist,3,5.4719873645245366e-08,False
a2924,artist,3,5.4719873645245366e-08,False
t3928,track,3,5.4719873645245366e-08,False
t3654,track,3,5.4719873645245366e-08,False
a3721,artist,3,5.4719873645245366e-08,False
t1394,track,2,5.4719873645245366e-08,False
b585,area,2,5.4719873645245366e-08,False
t5,track,5,5.4719873645245366e-08,False
t1671,track,5,5.4719873645245366e-08,False
t1849,track,5,5.4719873645245366e-08,False
a4657,artist,3,5.4719873645245366e-08,False
a2779,artist,3,5.4719873645245366e-08,False
a4498,artist,2,5.4719873645245366e-08,False
a724,artist,4,5.4719873645245366e-08,False
a2649,artist,3,5.4719873645245366e-08,False
t1958,track,2,5.4719873645245366e-08,False
t2264,track,3,5.4719873645245366e-08,False
t3408,track,4,5.4719873645245366e-08,False
a2488,artist,2,5.4719873645245366e-08,False
a4096,artist,2,5.4719873645245366e-08,False
t1950,track,4,5.4719873645245366e-08,False
t330,track,5,5.4719873645245366e-08,False
a4277,artist,4,5.4719873645245366e-08,False
t2192,track,2,5.4719873645245366e-08,False
a3305,artist,4,5.4719873645245366e-08,False
t2917,track,3,5.4719873645245366e-08,False
t2551,track,3,5.4719873645245366e-08,False
a3933,artist,2,5.4719873645245366e-08,False
t2700,track,3,5.4719873645245366e-08,False
a138,artist,3,5.4719873645245366e-08,False
a2008,artist,5,5.4719873645245366e-08,False
a3761,artist,6,5.4719873645245366e-08,False
t1133,track,6,5.4719873645245366e-08,False
a2915,artist,5,5.4719873645245366e-08,False
a1200,artist,3,5.4719873645245366e-08,False
t399,track,3,5.4719873645245366e-08,False
a1234,artist,3,5.4719873645245366e-08,False
a955,artist,3,5.4719873645245366e-08,False
a4760,artist,4,5.4719873645245366e-08,False
a2163,artist,3,5.4719873645245366e-08,False
t1150,track,3,5.4719873645245366e-08,False
a3725,artist,3,5.4719873645245366e-08,False
t4373,track,3,5.4719873645245366e-08,False
a4677,artist,3,5.4719873645245366e-08,False
a3457,artist,3,5.4719873645245366e-08,False
t1204,track,3,5.4719873645245366e-08,False
t2923,track,3,5.4719873645245366e-08,False
a1317,artist,3,5.4719873645245366e-08,False
t284,track,6,5.4719873645245366e-08,False
a1108,artist,2,5.4719873645245366e-08,False
t2333,track,2,5.4719873645245366e-08,False
t873,track,2,5.4719873645245366e-08,False
t773,track,2,5.4719873645245366e-08,False
t868,track,3,5.4719873645245366e-08,False
a2351,artist,2,5.4719873645245366e-08,False
t470,track,2,5.4719873645245366e-08,False
t1732,track,4,4.3821737553804884e-08,False
a832,artist,7,4.3821737553804884e-08,False
t392,track,7,4.3821737553804884e-08,False
a4481,artist,7,4.377589891619629e-08,False
a1649,artist,5,4.377589891619629e-08,False
t2011,track,7,4.377589891619629e-08,False
t3159,track,5,4.377589891619629e-08,False
t4141,track,5,4.377589891619629e-08,False
t2859,track,6,4.377589891619629e-08,False
t735,track,4,4.377589891619629e-08,False
a2037,artist,5,4.377589891619629e-08,False
t4411,track,5,4.377589891619629e-08,False
a4408,artist,7,4.377589891619629e-08,False
a2387,artist,5,4.377589891619629e-08,False
t4196,track,5,4.377589891619629e-08,False
a2409,artist,7,4.377589891619629e-08,False
t4057,track,7,4.377589891619629e-08,False
t2015,track,5,4.377589891619629e-08,False
a2036,artist,5,4.377589891619629e-08,False
a4798,artist,5,4.377589891619629e-08,False
a3617,artist,7,4.377589891619629e-08,False
t4070,track,5,4.377589891619629e-08,False
t3730,track,7,4.377589891619629e-08,False
t4026,track,4,4.377589891619629e-08,False
a1807,artist,5,4.377589891619629e-08,False
t2858,track,5,4.377589891619629e-08,False
t3183,track,5,4.377589891619629e-08,False
a2392,artist,3,3.651811462817073e-08,False
t3962,track,3,3.651811462817073e-08,False
t2897,track,2,3.651811462817073e-08,False
t3519,track,4,3.651811462817073e-08,False
b206,area,3,3.651811462817073e-08,False
a2584,artist,3,3.651811462817073e-08,False
a59,artist,4,3.651811462817073e-08,False
a497,artist,4,3.6479915763496906e-08,False
a3955,artist,4,3.6479915763496906e-08,False
t3365,track,4,3.6479915763496906e-08,False
t4001,track,4,3.6479915763496906e-08,False
a1420,artist,2,3.6479915763496906e-08,False
t670,track,3,3.6479915763496906e-08,False
t3773,track,3,3.6479915763496906e-08,False
a668,artist,2,3.6479915763496906e-08,False
t1649,track,4,3.6479915763496906e-08,False
t4265,track,3,3.6479915763496906e-08,False
a3870,artist,4,3.6479915763496906e-08,False
t344,track,5,3.6479915763496906e-08,False
t3812,track,3,3.6479915763496906e-08,False
a2393,artist,3,3.6479915763496906e-08,False
a962,artist,4,3.6479915763496906e-08,False
t2530,track,6,3.6479915763496906e-08,False
t262,track,3,3.6479915763496906e-08,False
a3934,artist,4,3.6479915763496906e-08,False
t4307,track,4,3.6479915763496906e-08,False
a4299,artist,3,3.6479915763496906e-08,False
t2092,track,4,3.6479915763496906e-08,False
a3099,artist,3,3.6479915763496906e-08,False
t1117,track,4,3.6479915763496906e-08,False
a3899,artist,3,3.6479915763496906e-08,False
t1994,track,2,3.6479915763496906e-08,False
t2534,track,4,3.6479915763496906e-08,False
t1539,track,4,3.6479915763496906e-08,False
a1646,artist,3,3.6479915763496906e-08,False
t4281,track,3,3.6479915763496906e-08,False
t2896,track,2,3.6479915763496906e-08,False
a2006,artist,2,3.6479915763496906e-08,False
t1678,track,5,3.6479915763496906e-08,False
b308,area,2,3.6479915763496906e-08,False
a876,artist,2,2.7359936822622683e-08,False
t1226,track,3,2.7359936822622683e-08,False
a3004,artist,4,2.7359936822622683e-08,False
a3873,artist,2,2.7359936822622683e-08,False
t1340,track,5,2.7359936822622683e-08,False
t1102,track,3,2.7359936822622683e-08,False
t1917,track,4,2.7359936822622683e-08,False
a625,artist,5,2.7359936822622683e-08,False
t2976,track,4,2.7359936822622683e-08,False
a627,artist,3,2.7359936822622683e-08,False
a4429,artist,4,2.7359936822622683e-08,False
a2086,artist,3,2.7359936822622683e-08,False
a3796,artist,5,2.7359936822622683e-08,False
t1223,track,5,2.7359936822622683e-08,False
a501,artist,2,2.7359936822622683e-08,False
t3043,track,5,2.7359936822622683e-08,False
a3677,artist,5,2.7359936822622683e-08,False
a4428,artist,4,2.7359936822622683e-08,False
a626,artist,3,2.7359936822622683e-08,False
t2697,track,3,2.7359936822622683e-08,False
a69,artist,5,2.7359936822622683e-08,False
a378,artist,4,2.7359936822622683e-08,False
a2620,artist,4,2.1910868776902442e-08,False
t541,track,6,2.1910868776902442e-08,False
a3746,artist,4,2.1910868776902442e-08,False
a1022,artist,4,2.1887949458098146e-08,False
a1187,artist,4,2.1887949458098146e-08,False
t689,track,4,2.1887949458098146e-08,False
t3756,track,6,2.1887949458098146e-08,False
a1249,artist,6,2.1887949458098146e-08,False
a2618,artist,4,2.1887949458098146e-08,False
a1027,artist,4,2.1887949458098146e-08,False
t4200,track,5,2.1887949458098146e-08,False
a2523,artist,4,2.1887949458098146e-08,False
a174,artist,4,2.1887949458098146e-08,False
t2317,track,6,2.1887949458098146e-08,False
a1376,artist,4,2.1887949458098146e-08,False
a1192,artist,4,2.1887949458098146e-08,False
a3998,artist,4,2.1887949458098146e-08,False
a3210,artist,4,2.1887949458098146e-08,False
a173,artist,4,2.1887949458098146e-08,False
a880,artist,6,2.1887949458098146e-08,False
t3678,track,4,2.1887949458098146e-08,False
a2400,artist,4,2.1887949458098146e-08,False
a175,artist,6,2.1887949458098146e-08,False
a3747,artist,4,2.1887949458098146e-08,False
t2936,track,1,0.0,False
a2773,artist,1,0.0,False
a1739,artist,1,0.0,False
a4325,artist,1,0.0,False
a3033,artist,4,0.0,False
t2736,track,1,0.0,False
a1054,artist,1,0.0,False
a1418,artist,2,0.0,False
a30,artist,2,0.0,True
t2569,track,1,0.0,False
a301,artist,2,0.0,False
t2568,track,1,0.0,False
a3622,artist,1,0.0,False
t2937,track,1,0.0,False
a4634,artist,1,0.0,False
t2938,track,4,0.0,False
t2970,track,2,0.0,False
a2306,artist,1,0.0,False
t2734,track,1,0.0,False
a2816,artist,1,0.0,False
a4326,artist,1,0.0,False
t2932,track,1,0.0,False
a1003,artist,2,0.0,True
t2573,track,2,0.0,False
a2663,artist,1,0.0,False
a2510,artist,2,0.0,False
a2356,artist,1,0.0,False
t2975,track,1,0.0,False
a1254,artist,1,0.0,False
t2927,track,1,0.0,False
t2574,track,1,0.0,False
a4598,artist,2,0.0,False
a2656,artist,2,0.0,False
a1653,artist,1,0.0,False
t2973,track,2,0.0,True
a1692,artist,3,0.0,True
t2722,track,1,0.0,False
t2930,track,1,0.0,False
a106,artist,1,0.0,False
t2571,track,1,0.0,False
t2738,track,1,0.0,False
a1406,artist,1,0.0,False
a828,artist,1,0.0,False
a1607,artist,1,0.0,False
t2547,track,1,0.0,False
t2570,track,1,0.0,False
t2968,track,1,0.0,False
t2967,track,1,0.0,False
a2032,artist,1,0.0,False
t2957,track,1,0.0,False
t2956,track,1,0.0,False
t3644,track,3,0.0,True
t2567,track,1,0.0,False
a2468,artist,1,0.0,False
a2512,artist,1,0.0,False
a4059,artist,1,0.0,False
t2947,track,1,0.0,False
a4473,artist,1,0.0,False
t2950,track,1,0.0,False
t2566,track,1,0.0,False
a763,artist,2,0.0,False
a3286,artist,1,0.0,False
t2556,track,1,0.0,False
t2951,track,3,0.0,False
a2491,artist,2,0.0,False
a792,artist,2,0.0,False
t2561,track,2,0.0,False
a2282,artist,2,0.0,False
a791,artist,3,0.0,False
a245,artist,3,0.0,False
t2953,track,1,0.0,False
a1832,artist,3,0.0,False
t2955,track,2,0.0,False
a2123,artist,1,0.0,False
t2554,track,1,0.0,False
a3741,artist,1,0.0,False
a1435,artist,2,0.0,True
a1211,artist,1,0.0,False
a2968,artist,1,0.0,False
t2549,track,1,0.0,False
a2633,artist,1,0.0,False
t2550,track,1,0.0,False
t2966,track,1,0.0,False
a2985,artist,2,0.0,True
a442,artist,1,0.0,False
t2735,track,1,0.0,False
a2432,artist,2,0.0,False
a1135,artist,2,0.0,False
a872,artist,2,0.0,False
a396,artist,2,0.0,False
a5,artist,2,0.0,False
a1156,artist,4,0.0,False
a4199,artist,1,0.0,False
t2963,track,1,0.0,False
a3347,artist,1,0.0,False
a1427,artist,1,0.0,False
a4737,artist,1,0.0,False
t2941,track,1,0.0,False
t2959,track,1,0.0,False
b175,area,1,0.0,False
t2977,track,4,0.0,False
a1417,artist,1,0.0,False
t2544,track,1,0.0,False
a1436,artist,2,0.0,False
a1016,artist,1,0.0,False
t2506,track,1,0.0,False
t3044,track,1,0.0,False
a2796,artist,1,0.0,False
t3045,track,2,0.0,False
t2499,track,1,0.0,False
a1305,artist,2,0.0,False
a2739,artist,2,0.0,False
a3840,artist,3,0.0,False
a3316,artist,2,0.0,False
t3048,track,1,0.0,False
a3394,artist,3,0.0,False
a3246,artist,1,0.0,False
a3367,artist,1,0.0,False
t2731,track,3,0.0,False
t2495,track,1,0.0,False
a135,artist,1,0.0,False
t2507,track,1,0.0,False
a207,artist,2,0.0,False
a2883,artist,1,0.0,False
a2624,artist,1,0.0,False
t2512,track,1,0.0,False
a4155,artist,3,0.0,False
t3027,track,1,0.0,False
a3208,artist,1,0.0,False
t2509,track,1,0.0,False
a3740,artist,1,0.0,False
t2732,track,1,0.0,False
a3839,artist,4,0.0,False
t3037,track,1,0.0,False
a4432,artist,1,0.0,False
t3038,track,1,0.0,False
a3087,artist,1,0.0,False
t3041,track,1,0.0,False
t2508,track,1,0.0,False
a200,artist,1,0.0,False
a2348,artist,1,0.0,False
t3051,track,1,0.0,False
a1698,artist,1,0.0,False
t2482,track,1,0.0,False
t2483,track,3,0.0,False
t2728,track,1,0.0,False
a3302,artist,4,0.0,False
t3074,track,2,0.0,False
a259,artist,2,0.0,False
a1623,artist,2,0.0,False
a4222,artist,2,0.0,False
a249,artist,1,0.0,False
t3058,track,1,0.0,False
t2481,track,1,0.0,False
t3075,track,1,0.0,False
a3915,artist,2,0.0,False
b158,area,3,0.0,True
a1521,artist,2,0.0,False
a1161,artist,2,0.0,True
t2727,track,4,0.0,False
t2729,track,1,0.0,False
a1009,artist,2,0.0,False
t2724,track,1,0.0,False
a462,artist,3,0.0,False
a1066,artist,1,0.0,False
t2494,track,1,0.0,False
a1920,artist,1,0.0,False
t2489,track,1,0.0,False
t3061,track,2,0.0,True
a1821,artist,1,0.0,False
a813,artist,1,0.0,False
t3066,track,4,0.0,False
a4668,artist,2,0.0,False
a3084,artist,4,0.0,False
a4538,artist,2,0.0,False
t2730,track,1,0.0,False
a4426,artist,1,0.0,False
a4733,artist,2,0.0,False
a3018,artist,2,0.0,False
t2513,track,1,0.0,False
a2867,artist,3,0.0,False
t3024,track,2,0.0,False
t2997,track,2,0.0,False
t2527,track,1,0.0,False
a1747,artist,2,0.0,False
t2992,track,1,0.0,False
a3486,artist,1,0.0,False
t2995,track,1,0.0,False
a3819,artist,2,0.0,True
a1546,artist,2,0.0,True
a2420,artist,2,0.0,False
t2525,track,2,0.0,False
a2549,artist,2,0.0,False
t2998,track,1,0.0,False
a542,artist,1,0.0,False
t2999,track,1,0.0,False
a4430,artist,1,0.0,False
a750,artist,1,0.0,False
a3369,artist,2,0.0,False
a1113,artist,1,0.0,False
t2988,track,1,0.0,False
a4382,artist,1,0.0,False
t2532,track,1,0.0,False
a208,artist,2,0.0,False
a943,artist,4,0.0,False
a209,artist,2,0.0,False
a2414,artist,3,0.0,False
t2978,track,1,0.0,False
t2542,track,3,0.0,False
a3706,artist,1,0.0,False
t2541,track,1,0.0,False
a3272,artist,1,0.0,False
t2983,track,1,0.0,False
a274,artist,1,0.0,False
a4118,artist,1,0.0,False
t2537,track,1,0.0,False
a752,artist,1,0.0,False
t2987,track,1,0.0,False
a4756,artist,1,0.0,False
t2733,track,1,0.0,False
a4060,artist,1,0.0,False
t3019,track,1,0.0,False
t2518,track,1,0.0,False
a3811,artist,1,0.0,False
t2515,track,1,0.0,False
a805,artist,1,0.0,False
a2601,artist,1,0.0,False
t3017,track,1,0.0,False
a544,artist,1,0.0,False
t3020,track,2,0.0,False
t3006,track,1,0.0,False
a134,artist,2,0.0,False
a2384,artist,2,0.0,False
t2514,track,1,0.0,False
t3021,track,1,0.0,False
a1133,artist,1,0.0,False
t3022,track,1,0.0,False
a2290,artist,1,0.0,False
t3016,track,1,0.0,False
t3015,track,1,0.0,False
a2987,artist,4,0.0,False
a4869,artist,2,0.0,False
a2675,artist,1,0.0,False
t3009,track,2,0.0,False
a1610,artist,1,0.0,False
t2524,track,1,0.0,False
a2165,artist,2,0.0,False
a574,artist,1,0.0,False
t2522,track,1,0.0,False
t4443,track,1,0.0,False
a4403,artist,2,0.0,False
t2521,track,1,0.0,False
t3012,track,1,0.0,False
a17,artist,1,0.0,False
t3013,track,4,0.0,False
a4872,artist,2,0.0,False
a2918,artist,2,0.0,False
a1185,artist,2,0.0,False
t2591,track,1,0.0,False
a107,artist,1,0.0,False
t2841,track,1,0.0,False
t2834,track,1,0.0,False
a2408,artist,1,0.0,False
t2836,track,1,0.0,False
t2698,track,1,0.0,False
t3516,track,1,0.0,False
t2774,track,1,0.0,False
t2661,track,3,0.0,False
a4624,artist,1,0.0,False
b349,area,1,0.0,False
t2843,track,1,0.0,False
a2004,artist,2,0.0,True
t2659,track,1,0.0,False
a3879,artist,1,0.0,False
a4129,artist,2,0.0,True
t2658,track,1,0.0,False
t2845,track,1,0.0,False
t2832,track,1,0.0,False
a2740,artist,2,0.0,True
a4741,artist,2,0.0,False
a1008,artist,2,0.0,False
a317,artist,2,0.0,False
t2818,track,1,0.0,False
a1107,artist,1,0.0,False
t2819,track,1,0.0,False
a3657,artist,1,0.0,False
t2663,track,3,0.0,True
t2820,track,4,0.0,False
a4529,artist,2,0.0,False
t2831,track,1,0.0,False
a4329,artist,4,0.0,False
a1854,artist,1,0.0,False
a2668,artist,3,0.0,False
t2775,track,1,0.0,False
a736,artist,2,0.0,False
a3703,artist,2,0.0,False
a1455,artist,2,0.0,False
b72,area,2,0.0,True
a3195,artist,1,0.0,False
t2850,track,1,0.0,False
t2864,track,1,0.0,False
t2855,track,1,0.0,False
a4032,artist,2,0.0,False
t2857,track,1,0.0,False
a2143,artist,1,0.0,False
t2862,track,1,0.0,False
t2653,track,1,0.0,False
a2908,artist,1,0.0,False
t2866,track,2,0.0,True
a1759,artist,2,0.0,True
a1829,artist,1,0.0,False
t2652,track,1,0.0,False
a2933,artist,1,0.0,False
t2701,track,1,0.0,False
a3248,artist,1,0.0,False
t2651,track,1,0.0,False
t2868,track,1,0.0,False
a3194,artist,1,0.0,False
a3618,artist,1,0.0,False
t2771,track,1,0.0,False
a4631,artist,1,0.0,False
t2656,track,1,0.0,False
a4388,artist,1,0.0,False
t2851,track,1,0.0,False
a2591,artist,3,0.0,True
a1313,artist,1,0.0,False
a1950,artist,2,0.0,True
t2655,track,1,0.0,False
t2852,track,1,0.0,False
a760,artist,1,0.0,False
a3029,artist,1,0.0,False
t2853,track,1,0.0,False
a1931,artist,2,0.0,True
t2854,track,1,0.0,False
t2773,track,1,0.0,False
a3546,artist,1,0.0,False
a2524,artist,2,0.0,False
a4069,artist,2,0.0,False
t2576,track,1,0.0,False
t2688,track,1,0.0,False
a3383,artist,1,0.0,False
t2690,track,3,0.0,True
a4855,artist,2,0.0,False
t3386,track,1,0.0,False
t2790,track,2,0.0,False
a785,artist,2,0.0,False
a4453,artist,1,0.0,False
a289,artist,2,0.0,False
a4854,artist,2,0.0,False
a2738,artist,1,0.0,False
t2687,track,1,0.0,False
a1212,artist,2,0.0,False
a4822,artist,2,0.0,False
t4267,track,1,0.0,False
t2792,track,2,0.0,False
a3654,artist,2,0.0,False
a4357,artist,1,0.0,False
a3047,artist,1,0.0,False
a4141,artist,1,0.0,False
a312,artist,3,0.0,True
a4627,artist,3,0.0,False
a928,artist,3,0.0,False
b438,area,6,0.0,True
b575,area,10,0.0,False
t2692,track,4,0.0,False
t2781,track,1,0.0,False
a2958,artist,4,0.0,False
t2783,track,2,0.0,False
t2691,track,3,0.0,False
t2779,track,3,0.0,False
a4042,artist,3,0.0,False
a4107,artist,2,0.0,False
a4043,artist,2,0.0,False
a2956,artist,2,0.0,False
a2191,artist,2,0.0,False
t2786,track,1,0.0,False
a2785,artist,2,0.0,False
a2280,artist,2,0.0,True
a531,artist,4,0.0,False
t2807,track,1,0.0,False
a1046,artist,2,0.0,True
a511,artist,1,0.0,False
t2677,track,1,0.0,False
a2853,artist,1,0.0,False
t3634,track,1,0.0,False
t2671,track,1,0.0,False
a3329,artist,1,0.0,False
t2669,track,1,0.0,False
t2685,track,4,0.0,False
a1101,artist,2,0.0,True
b289,area,2,0.0,True
t2808,track,1,0.0,False
a1602,artist,1,0.0,False
a616,artist,1,0.0,False
t2666,track,1,0.0,False
t2809,track,2,0.0,False
a3639,artist,1,0.0,False
a1523,artist,3,0.0,True
t2679,track,1,0.0,False
t2696,track,1,0.0,False
a1748,artist,1,0.0,False
a3138,artist,2,0.0,False
t2793,track,1,0.0,False
a2361,artist,1,0.0,False
t2683,track,1,0.0,False
t2799,track,1,0.0,False
a2999,artist,1,0.0,False
a1901,artist,1,0.0,False
t2802,track,1,0.0,False
a2635,artist,1,0.0,False
t2803,track,1,0.0,False
a4409,artist,1,0.0,False
t2804,track,1,0.0,False
a1217,artist,1,0.0,False
t2778,track,1,0.0,False
t2770,track,1,0.0,False
a4607,artist,1,0.0,False
a2641,artist,1,0.0,False
a3591,artist,4,0.0,True
a3050,artist,2,0.0,True
t2616,track,1,0.0,False
a160,artist,1,0.0,False
t2614,track,1,0.0,False
a91,artist,1,0.0,False
t2613,track,1,0.0,False
t2913,track,1,0.0,False
a1170,artist,1,0.0,False
t2619,track,1,0.0,False
a1097,artist,1,0.0,False
t2609,track,1,0.0,False
a2881,artist,1,0.0,False
t2914,track,1,0.0,False
a4568,artist,1,0.0,False
a3106,artist,1,0.0,False
t2607,track,1,0.0,False
a1839,artist,1,0.0,False
a2716,artist,1,0.0,False
t2870,track,1,0.0,False
t2906,track,1,0.0,False
a2696,artist,2,0.0,True
a710,artist,2,0.0,True
a4288,artist,2,0.0,False
a3897,artist,1,0.0,False
a4840,artist,3,0.0,False
t2759,track,1,0.0,False
a4291,artist,2,0.0,False
a488,artist,2,0.0,True
t2911,track,1,0.0,False
t2621,track,1,0.0,False
b220,area,1,0.0,False
t2908,track,1,0.0,False
a2354,artist,1,0.0,False
a3865,artist,1,0.0,False
t2910,track,1,0.0,False
a1495,artist,1,0.0,False
a4000,artist,1,0.0,False
a3966,artist,1,0.0,False
t2749,track,1,0.0,False
a1899,artist,1,0.0,False
a4115,artist,2,0.0,False
t2579,track,1,0.0,False
a4332,artist,2,0.0,False
a3273,artist,1,0.0,False
t2578,track,1,0.0,False
t2918,track,1,0.0,False
a879,artist,1,0.0,False
t2577,track,1,0.0,False
t2600,track,1,0.0,False
a1758,artist,2,0.0,True
a4158,artist,1,0.0,False
t2919,track,1,0.0,False
t2921,track,1,0.0,False
a865,artist,1,0.0,False
a3035,artist,1,0.0,False
t2924,track,1,0.0,False
a263,artist,1,0.0,False
a611,artist,1,0.0,False
a2719,artist,2,0.0,True
t2715,track,2,0.0,True
a2472,artist,1,0.0,False
t2593,track,1,0.0,False
t2915,track,1,0.0,False
a1472,artist,1,0.0,False
a3460,artist,1,0.0,False
a348,artist,1,0.0,False
t2916,track,2,0.0,True
t2710,track,1,0.0,False
a1282,artist,1,0.0,False
a1517,artist,1,0.0,False
a4823,artist,1,0.0,False
t2582,track,1,0.0,False
a42,artist,1,0.0,False
t2742,track,1,0.0,False
t3029,track,1,0.0,False
t2622,track,1,0.0,False
a2449,artist,4,0.0,False
a864,artist,1,0.0,False
a2182,artist,1,0.0,False
a3987,artist,1,0.0,False
a4256,artist,2,0.0,False
a3988,artist,1,0.0,False
a243,artist,1,0.0,False
t2886,track,1,0.0,False
a4416,artist,1,0.0,False
t2887,track,1,0.0,False
a2180,artist,1,0.0,False
a344,artist,2,0.0,False
a2088,artist,1,0.0,False
t2644,track,2,0.0,True
a4563,artist,2,0.0,False
t2891,track,1,0.0,False
a1428,artist,2,0.0,False
t2643,track,2,0.0,False
a3517,artist,1,0.0,False
t2881,track,1,0.0,False
a126,artist,2,0.0,False
a4046,artist,2,0.0,False
a1400,artist,2,0.0,False
a1874,artist,2,0.0,True
t2650,track,1,0.0,False
a2727,artist,4,0.0,True
a1126,artist,1,0.0,False
t2872,track,1,0.0,False
t2648,track,1,0.0,False
a2758,artist,1,0.0,False
t2647,track,1,0.0,False
a64,artist,1,0.0,False
t2646,track,1,0.0,False
t2876,track,2,0.0,False
a1918,artist,2,0.0,False
a1946,artist,1,0.0,False
a430,artist,2,0.0,False
t2879,track,2,0.0,False
t2892,track,4,0.0,False
a427,artist,4,0.0,False
t2623,track,1,0.0,False
a1767,artist,1,0.0,False
a723,artist,2,0.0,True
a4295,artist,1,0.0,False
a2150,artist,1,0.0,False
t2633,track,1,0.0,False
t2901,track,1,0.0,False
t2760,track,1,0.0,False
a3533,artist,1,0.0,False
t2629,track,1,0.0,False
a2007,artist,2,0.0,False
t2904,track,4,0.0,False
a4011,artist,1,0.0,False
a459,artist,2,0.0,False
t2627,track,1,0.0,False
a2371,artist,1,0.0,False
t2624,track,1,0.0,False
a1338,artist,1,0.0,False
b221,area,1,0.0,False
t2765,track,1,0.0,False
t2634,track,1,0.0,False
t2899,track,1,0.0,False
a3552,artist,2,0.0,False
t2767,track,1,0.0,False
a2829,artist,1,0.0,False
t2642,track,1,0.0,False
t2766,track,1,0.0,False
a2145,artist,1,0.0,False
a1627,artist,2,0.0,True
a4587,artist,2,0.0,False
t2704,track,1,0.0,False
a2972,artist,2,0.0,False
a1519,artist,2,0.0,False
a1518,artist,4,0.0,False
t2636,track,4,0.0,False
a1793,artist,1,0.0,False
t2705,track,1,0.0,False
a1690,artist,1,0.0,False
a2764,artist,2,0.0,False
t2477,track,1,0.0,False
a617,artist,1,0.0,False
t1768,track,1,0.0,False
a1764,artist,1,0.0,False
a3501,artist,2,0.0,True
t1767,track,1,0.0,False
b13,area,2,0.0,True
b631,area,3,0.0,True
a4652,artist,2,0.0,True
t1765,track,1,0.0,False
a3826,artist,1,0.0,False
t1763,track,1,0.0,False
a4085,artist,1,0.0,False
t1762,track,1,0.0,False
a3529,artist,1,0.0,False
t1761,track,1,0.0,False
t1753,track,1,0.0,False
t1770,track,1,0.0,False
a4441,artist,1,0.0,False
t1752,track,1,0.0,False
a1562,artist,2,0.0,False
a2808,artist,2,0.0,False
a1522,artist,2,0.0,False
a1124,artist,1,0.0,False
t1745,track,1,0.0,False
a2525,artist,1,0.0,False
t1741,track,1,0.0,False
a618,artist,1,0.0,False
t1739,track,1,0.0,False
t1737,track,2,0.0,False
a4050,artist,2,0.0,False
a2287,artist,2,0.0,False
a1422,artist,1,0.0,False
a887,artist,1,0.0,False
a4747,artist,2,0.0,False
t1787,track,1,0.0,False
t1802,track,4,0.0,True
t1801,track,1,0.0,False
a3555,artist,1,0.0,False
t1799,track,1,0.0,False
t4247,track,1,0.0,False
t1792,track,1,0.0,False
a3083,artist,4,0.0,False
t1791,track,1,0.0,False
a4261,artist,1,0.0,False
t1790,track,1,0.0,False
a2581,artist,3,0.0,True
a308,artist,2,0.0,True
t1789,track,1,0.0,False
a2820,artist,1,0.0,False
a1852,artist,1,0.0,False
t1772,track,3,0.0,False
t1785,track,1,0.0,False
a2586,artist,1,0.0,False
t1784,track,1,0.0,False
a4310,artist,1,0.0,False
t1782,track,1,0.0,False
a2547,artist,4,0.0,False
a439,artist,2,0.0,False
a2063,artist,2,0.0,False
a2064,artist,2,0.0,False
t1778,track,4,0.0,False
t4423,track,3,0.0,False
a2344,artist,3,0.0,False
a4348,artist,4,0.0,False
a461,artist,3,0.0,False
t1736,track,2,0.0,False
b284,area,2,0.0,True
a1728,artist,2,0.0,True
a1999,artist,1,0.0,False
a4208,artist,1,0.0,False
t1703,track,1,0.0,False
t1702,track,1,0.0,False
a4841,artist,1,0.0,False
t1701,track,1,0.0,False
t1698,track,1,0.0,False
t3878,track,1,0.0,False
t1694,track,1,0.0,False
a675,artist,2,0.0,False
a147,artist,3,0.0,False
a3463,artist,2,0.0,False
t1693,track,3,0.0,False
a3536,artist,1,0.0,False
t1691,track,1,0.0,False
t1683,track,1,0.0,False
t1735,track,1,0.0,False
a2087,artist,1,0.0,False
t1682,track,1,0.0,False
a385,artist,1,0.0,False
t1681,track,1,0.0,False
b439,area,2,0.0,True
t3073,track,1,0.0,False
a1803,artist,1,0.0,False
t1676,track,1,0.0,False
a4468,artist,1,0.0,False
t1670,track,1,0.0,False
b19,area,1,0.0,False
a1354,artist,1,0.0,False
a4751,artist,1,0.0,False
t1663,track,1,0.0,False
t1705,track,1,0.0,False
a1892,artist,1,0.0,False
t1706,track,1,0.0,False
a3875,artist,1,0.0,False
a2494,artist,1,0.0,False
t1730,track,1,0.0,False
a3291,artist,1,0.0,False
t1729,track,1,0.0,False
a1118,artist,1,0.0,False
t1728,track,1,0.0,False
t1727,track,2,0.0,False
a857,artist,1,0.0,False
t1725,track,1,0.0,False
a2599,artist,1,0.0,False
t1724,track,1,0.0,False
a2166,artist,1,0.0,False
t1723,track,1,0.0,False
a380,artist,1,0.0,False
t1722,track,1,0.0,False
a2194,artist,1,0.0,False
t1721,track,1,0.0,False
a4229,artist,1,0.0,False
t1720,track,1,0.0,False
a4740,artist,1,0.0,False
t1718,track,1,0.0,False
b183,area,2,0.0,True
a2855,artist,2,0.0,True
t1717,track,1,0.0,False
b204,area,1,0.0,False
a1962,artist,2,0.0,False
a4558,artist,2,0.0,False
t1714,track,2,0.0,False
t2519,track,1,0.0,False
a1678,artist,1,0.0,False
a1813,artist,3,0.0,False
a1441,artist,2,0.0,False
t1890,track,4,0.0,False
a2236,artist,1,0.0,False
t1894,track,1,0.0,False
a2827,artist,1,0.0,False
t2529,track,1,0.0,False
a1797,artist,3,0.0,True
t1893,track,1,0.0,False
a2988,artist,1,0.0,False
t1892,track,1,0.0,False
a578,artist,1,0.0,False
t1891,track,1,0.0,False
a3307,artist,2,0.0,False
a3707,artist,4,0.0,False
a4002,artist,2,0.0,False
a4004,artist,2,0.0,False
t1889,track,1,0.0,False
a2077,artist,1,0.0,False
a4218,artist,2,0.0,False
a1656,artist,2,0.0,False
t1886,track,2,0.0,False
a2604,artist,2,0.0,False
a1036,artist,2,0.0,False
t1880,track,1,0.0,False
a2615,artist,1,0.0,False
t1879,track,1,0.0,False
a1910,artist,1,0.0,False
t1878,track,1,0.0,False
a4559,artist,2,0.0,False
a4421,artist,3,0.0,False
a2258,artist,2,0.0,False
t1876,track,3,0.0,False
t1896,track,1,0.0,False
t1897,track,1,0.0,False
a1948,artist,2,0.0,False
a660,artist,1,0.0,False
t1933,track,1,0.0,False
t1932,track,1,0.0,False
a3285,artist,1,0.0,False
t1930,track,1,0.0,False
a4173,artist,1,0.0,False
a1274,artist,1,0.0,False
a3480,artist,1,0.0,False
t1927,track,1,0.0,False
a513,artist,1,0.0,False
t1926,track,1,0.0,False
a2021,artist,1,0.0,False
t1925,track,1,0.0,False
a517,artist,1,0.0,False
t1922,track,1,0.0,False
t1918,track,1,0.0,False
a4744,artist,1,0.0,False
a3956,artist,1,0.0,False
t1916,track,1,0.0,False
a4293,artist,1,0.0,False
t1914,track,1,0.0,False
t1913,track,1,0.0,False
a1290,artist,1,0.0,False
t1908,track,1,0.0,False
a2483,artist,2,0.0,False
a2903,artist,2,0.0,False
a2910,artist,3,0.0,False
t1907,track,3,0.0,False
t1900,track,1,0.0,False
a4802,artist,1,0.0,False
t1899,track,1,0.0,False
a1808,artist,1,0.0,False
t1874,track,1,0.0,False
a3461,artist,1,0.0,False
a2655,artist,1,0.0,False
a564,artist,2,0.0,False
a642,artist,2,0.0,False
a683,artist,4,0.0,False
a3228,artist,2,0.0,False
t1836,track,4,0.0,False
t1835,track,1,0.0,False
a2133,artist,1,0.0,False
t1834,track,1,0.0,False
a573,artist,2,0.0,False
a2600,artist,2,0.0,False
t1830,track,2,0.0,False
a4278,artist,1,0.0,False
t1829,track,1,0.0,False
t1828,track,1,0.0,False
t1826,track,1,0.0,False
t1873,track,1,0.0,False
t1825,track,1,0.0,False
a244,artist,2,0.0,False
t1823,track,1,0.0,False
t1820,track,1,0.0,False
a3152,artist,1,0.0,False
t1815,track,1,0.0,False
a4020,artist,1,0.0,False
t1813,track,1,0.0,False
a2219,artist,1,0.0,False
t1811,track,1,0.0,False
a3641,artist,1,0.0,False
t1807,track,1,0.0,False
a777,artist,1,0.0,False
t1804,track,1,0.0,False
t1840,track,1,0.0,False
a332,artist,1,0.0,False
t1841,track,3,0.0,False
t1844,track,1,0.0,False
a3021,artist,1,0.0,False
t1868,track,1,0.0,False
a234,artist,3,0.0,False
a1191,artist,3,0.0,False
a3857,artist,1,0.0,False
t1863,track,1,0.0,False
a1112,artist,2,0.0,False
a3722,artist,2,0.0,False
a4552,artist,3,0.0,False
t1862,track,3,0.0,False
t1860,track,1,0.0,False
a1865,artist,1,0.0,False
t1858,track,1,0.0,False
a3430,artist,1,0.0,False
t1857,track,1,0.0,False
a1912,artist,2,0.0,False
a3040,artist,2,0.0,False
t1856,track,2,0.0,False
b5,area,1,0.0,False
a822,artist,2,0.0,True
t1854,track,1,0.0,False
a3090,artist,1,0.0,False
t1852,track,1,0.0,False
t1851,track,1,0.0,False
a1953,artist,1,0.0,False
t1850,track,1,0.0,False
a690,artist,1,0.0,False
t1962,track,1,0.0,False
a3842,artist,1,0.0,False
t1661,track,1,0.0,False
a3763,artist,2,0.0,False
a3848,artist,1,0.0,False
t1479,track,1,0.0,False
a1028,artist,1,0.0,False
t1491,track,1,0.0,False
a4808,artist,2,0.0,False
a4161,artist,2,0.0,False
a4846,artist,3,0.0,False
a3450,artist,1,0.0,False
t1489,track,4,0.0,True
t1486,track,3,0.0,False
a3168,artist,1,0.0,False
t1484,track,1,0.0,False
a652,artist,1,0.0,False
t1483,track,1,0.0,False
t1481,track,1,0.0,False
a2443,artist,1,0.0,False
b345,area,1,0.0,False
a2832,artist,2,0.0,False
a4220,artist,1,0.0,False
t1475,track,1,0.0,False
a2959,artist,1,0.0,False
t1472,track,1,0.0,False
a2970,artist,2,0.0,False
a638,artist,2,0.0,False
t1471,track,2,0.0,False
a4656,artist,1,0.0,False
t1468,track,1,0.0,False
a3575,artist,1,0.0,False
t1465,track,1,0.0,False
a4423,artist,2,0.0,False
a163,artist,1,0.0,False
a1034,artist,2,0.0,False
t1494,track,2,0.0,False
a287,artist,2,0.0,False
t1520,track,1,0.0,False
a2224,artist,2,0.0,False
t1517,track,1,0.0,False
a3407,artist,1,0.0,False
t1515,track,1,0.0,False
t1513,track,4,0.0,False
a2314,artist,1,0.0,False
t1512,track,1,0.0,False
a4591,artist,1,0.0,False
t1511,track,1,0.0,False
a3122,artist,1,0.0,False
a4139,artist,1,0.0,False
t1510,track,2,0.0,True
a2527,artist,1,0.0,False
t1508,track,1,0.0,False
a4764,artist,2,0.0,False
a1179,artist,4,0.0,False
a4006,artist,2,0.0,False
a1180,artist,2,0.0,False
t1506,track,4,0.0,False
a1224,artist,2,0.0,False
a3216,artist,2,0.0,False
t1505,track,2,0.0,False
a4040,artist,1,0.0,False
a965,artist,1,0.0,False
t1504,track,2,0.0,True
a254,artist,1,0.0,False
t1502,track,1,0.0,False
a1494,artist,1,0.0,False
t1497,track,1,0.0,False
a3970,artist,2,0.0,False
a3973,artist,2,0.0,False
a3604,artist,3,0.0,False
t1464,track,4,0.0,True
a4137,artist,1,0.0,False
t1418,track,1,0.0,False
t1426,track,2,0.0,False
a8,artist,2,0.0,False
a158,artist,2,0.0,False
a33,artist,4,0.0,False
a3200,artist,2,0.0,False
t1425,track,4,0.0,False
a3093,artist,2,0.0,False
a3776,artist,2,0.0,False
t1424,track,2,0.0,False
a3065,artist,1,0.0,False
t1422,track,1,0.0,False
a3214,artist,2,0.0,False
t1420,track,1,0.0,False
a331,artist,1,0.0,False
a3323,artist,1,0.0,False
t1463,track,1,0.0,False
t1416,track,1,0.0,False
a4275,artist,1,0.0,False
t1414,track,1,0.0,False
a4395,artist,2,0.0,False
a4565,artist,2,0.0,False
a2380,artist,2,0.0,False
a2262,artist,1,0.0,False
t1409,track,1,0.0,False
b119,area,2,0.0,True
a3773,artist,2,0.0,True
t1407,track,1,0.0,False
a3134,artist,1,0.0,False
t1403,track,1,0.0,False
t1402,track,4,0.0,False
a567,artist,3,0.0,False
a2230,artist,3,0.0,False
b471,area,2,0.0,False
t1427,track,1,0.0,False
a237,artist,1,0.0,False
t1460,track,1,0.0,False
a2577,artist,1,0.0,False
t1459,track,1,0.0,False
a1688,artist,1,0.0,False
t1455,track,1,0.0,False
a1894,artist,1,0.0,False
t1450,track,1,0.0,False
a3600,artist,1,0.0,False
t1447,track,1,0.0,False
a2431,artist,1,0.0,False
t1446,track,1,0.0,False
a2782,artist,1,0.0,False
a2783,artist,1,0.0,False
a3807,artist,3,0.0,True
t1445,track,1,0.0,False
a351,artist,1,0.0,False
t1444,track,1,0.0,False
a666,artist,1,0.0,False
a665,artist,1,0.0,False
a1633,artist,3,0.0,True
t1437,track,1,0.0,False
a4198,artist,1,0.0,False
t1436,track,1,0.0,False
t3550,track,4,0.0,False
a2904,artist,1,0.0,False
b466,area,1,0.0,False
a3511,artist,2,0.0,True
t1428,track,1,0.0,False
b570,area,1,0.0,False
a4061,artist,1,0.0,False
t1658,track,2,0.0,False
a3727,artist,2,0.0,True
a2056,artist,1,0.0,False
t1609,track,1,0.0,False
a1588,artist,2,0.0,False
a871,artist,3,0.0,False
a1589,artist,2,0.0,False
t1608,track,3,0.0,False
a4216,artist,1,0.0,False
a2632,artist,1,0.0,False
t1604,track,2,0.0,True
b288,area,2,0.0,True
t4409,track,1,0.0,False
t1602,track,1,0.0,False
t1595,track,3,0.0,False
a2434,artist,1,0.0,False
t1594,track,1,0.0,False
a973,artist,1,0.0,False
a157,artist,1,0.0,False
t1591,track,1,0.0,False
a1706,artist,1,0.0,False
t1590,track,1,0.0,False
a738,artist,1,0.0,False
t1589,track,1,0.0,False
a1488,artist,1,0.0,False
t1588,track,1,0.0,False
a170,artist,2,0.0,False
t2116,track,1,0.0,False
t1584,track,1,0.0,False
a897,artist,1,0.0,False
a1599,artist,2,0.0,True
t1583,track,1,0.0,False
t1614,track,1,0.0,False
t1616,track,1,0.0,False
t1522,track,1,0.0,False
a2996,artist,1,0.0,False
a3965,artist,1,0.0,False
t1655,track,1,0.0,False
a2388,artist,2,0.0,False
a1511,artist,1,0.0,False
t1651,track,1,0.0,False
a4097,artist,1,0.0,False
t1648,track,1,0.0,False
b317,area,1,0.0,False
t1645,track,1,0.0,False
t1643,track,1,0.0,False
t1639,track,1,0.0,False
a3671,artist,1,0.0,False
t1638,track,1,0.0,False
t1637,track,4,0.0,False
t1635,track,1,0.0,False
a3006,artist,1,0.0,False
a47,artist,1,0.0,False
t1632,track,1,0.0,False
a566,artist,1,0.0,False
t1631,track,1,0.0,False
a1040,artist,1,0.0,False
t1629,track,1,0.0,False
a868,artist,1,0.0,False
t1628,track,1,0.0,False
a231,artist,1,0.0,False
t1626,track,1,0.0,False
a2846,artist,2,0.0,False
a2489,artist,2,0.0,False
a1720,artist,3,0.0,False
t1625,track,3,0.0,False
a3764,artist,2,0.0,False
a1982,artist,2,0.0,False
t1581,track,2,0.0,False
a3421,artist,2,0.0,False
t1545,track,2,0.0,False
b666,area,2,0.0,False
a4057,artist,3,0.0,False
a2582,artist,3,0.0,False
t1543,track,2,0.0,False
a3791,artist,1,0.0,False
t1542,track,1,0.0,False
a2737,artist,1,0.0,False
t1540,track,1,0.0,False
a2753,artist,1,0.0,False
t1538,track,1,0.0,False
a46,artist,2,0.0,False
a1240,artist,4,0.0,False
a505,artist,2,0.0,False
t1537,track,4,0.0,False
a2805,artist,1,0.0,False
a220,artist,1,0.0,False
t1532,track,1,0.0,False
a2712,artist,1,0.0,False
a4821,artist,1,0.0,False
a2558,artist,3,0.0,True
t1531,track,1,0.0,False
a3964,artist,1,0.0,False
t1529,track,1,0.0,False
a1713,artist,1,0.0,False
t1528,track,1,0.0,False
a2149,artist,2,0.0,False
a891,artist,2,0.0,False
t1523,track,2,0.0,False
a3165,artist,1,0.0,False
t1547,track,1,0.0,False
a4837,artist,1,0.0,False
t1550,track,1,0.0,False
a4401,artist,1,0.0,False
t1580,track,1,0.0,False
a3939,artist,1,0.0,False
t1579,track,1,0.0,False
t1577,track,1,0.0,False
a743,artist,1,0.0,False
t1576,track,1,0.0,False
a3268,artist,1,0.0,False
t1574,track,1,0.0,False
a452,artist,1,0.0,False
t1572,track,1,0.0,False
a818,artist,1,0.0,False
t1570,track,1,0.0,False
t3877,track,1,0.0,False
t3612,track,1,0.0,False
a963,artist,3,0.0,True
t1569,track,1,0.0,False
a4119,artist,1,0.0,False
t1567,track,1,0.0,False
a1654,artist,1,0.0,False
t1565,track,1,0.0,False
a1921,artist,1,0.0,False
t1564,track,1,0.0,False
a821,artist,1,0.0,False
t1559,track,1,0.0,False
t1554,track,1,0.0,False
a546,artist,1,0.0,False
t1552,track,1,0.0,False
a1769,artist,1,0.0,False
t1551,track,1,0.0,False
t1934,track,1,0.0,False
a2946,artist,1,0.0,False
t1936,track,1,0.0,False
a547,artist,1,0.0,False
t2307,track,1,0.0,False
a2024,artist,1,0.0,False
t2306,track,1,0.0,False
a3263,artist,1,0.0,False
t2304,track,1,0.0,False
a1882,artist,1,0.0,False
a3583,artist,1,0.0,False
t3658,track,2,0.0,False
a959,artist,3,0.0,False
a2850,artist,3,0.0,False
t2301,track,2,0.0,False
a4639,artist,1,0.0,False
t2299,track,1,0.0,False
t2298,track,2,0.0,False
t2297,track,1,0.0,False
t2308,track,1,0.0,False
t3258,track,2,0.0,False
a1294,artist,3,0.0,False
a1262,artist,3,0.0,False
t2296,track,2,0.0,False
a3012,artist,1,0.0,False
t2295,track,1,0.0,False
a1257,artist,1,0.0,False
t2292,track,1,0.0,False
t2291,track,1,0.0,False
a4151,artist,2,0.0,False
a637,artist,4,0.0,False
a2613,artist,2,0.0,False
a458,artist,2,0.0,False
t2290,track,4,0.0,False
a3606,artist,1,0.0,False
a1881,artist,1,0.0,False
a1208,artist,1,0.0,False
a2044,artist,1,0.0,False
t2351,track,1,0.0,False
a1940,artist,2,0.0,False
a2010,artist,2,0.0,False
t2346,track,2,0.0,False
a3969,artist,1,0.0,False
t2344,track,1,0.0,False
t2342,track,3,0.0,False
a2323,artist,1,0.0,False
t2341,track,1,0.0,False
a1450,artist,1,0.0,False
t2340,track,1,0.0,False
t2338,track,1,0.0,False
a2157,artist,1,0.0,False
t2336,track,1,0.0,False
t2335,track,1,0.0,False
t2309,track,1,0.0,False
t2330,track,1,0.0,False
a3171,artist,1,0.0,False
t2328,track,1,0.0,False
a4239,artist,1,0.0,False
t2326,track,1,0.0,False
a745,artist,1,0.0,False
t2323,track,1,0.0,False
a2212,artist,1,0.0,False
t2318,track,1,0.0,False
t2313,track,1,0.0,False
a3258,artist,1,0.0,False
t2311,track,1,0.0,False
b391,area,1,0.0,False
a770,artist,2,0.0,True
a3881,artist,1,0.0,False
t2288,track,1,0.0,False
a4862,artist,1,0.0,False
a1960,artist,2,0.0,True
a3492,artist,2,0.0,False
a781,artist,3,0.0,False
a2780,artist,2,0.0,False
t2252,track,3,0.0,False
a2396,artist,1,0.0,False
t2251,track,1,0.0,False
a2771,artist,1,0.0,False
t2247,track,1,0.0,False
a2701,artist,1,0.0,False
t2246,track,1,0.0,False
a1819,artist,1,0.0,False
t2245,track,1,0.0,False
t2240,track,1,0.0,False
b105,area,2,0.0,True
t2237,track,1,0.0,False
t2286,track,1,0.0,False
t2236,track,1,0.0,False
a3110,artist,1,0.0,False
t2233,track,1,0.0,False
a4296,artist,1,0.0,False
t2232,track,1,0.0,False
a3137,artist,1,0.0,False
t2231,track,1,0.0,False
a195,artist,1,0.0,False
t2230,track,1,0.0,False
a4793,artist,2,0.0,False
a3074,artist,2,0.0,False
a3073,artist,2,0.0,False
a2201,artist,2,0.0,False
t2223,track,2,0.0,False
t2253,track,1,0.0,False
a2243,artist,1,0.0,False
t2257,track,1,0.0,False
t2635,track,1,0.0,False
a3493,artist,1,0.0,False
t2285,track,1,0.0,False
a429,artist,1,0.0,False
t2283,track,1,0.0,False
a3652,artist,1,0.0,False
t2282,track,1,0.0,False
a3914,artist,1,0.0,False
a1716,artist,1,0.0,False
t2277,track,2,0.0,True
a2458,artist,1,0.0,False
t2276,track,1,0.0,False
t2275,track,1,0.0,False
t2274,track,1,0.0,False
a1474,artist,1,0.0,False
a1993,artist,1,0.0,False
a1659,artist,3,0.0,True
t2273,track,1,0.0,False
a3062,artist,2,0.0,False
a269,artist,2,0.0,False
t2269,track,2,0.0,False
a1618,artist,1,0.0,False
t2265,track,1,0.0,False
a1316,artist,2,0.0,False
a2897,artist,1,0.0,False
t2263,track,1,0.0,False
a1862,artist,2,0.0,False
t2261,track,1,0.0,False
a1043,artist,1,0.0,False
t2258,track,1,0.0,False
t2354,track,1,0.0,False
t2356,track,3,0.0,False
a4550,artist,1,0.0,False
a3188,artist,3,0.0,True
a123,artist,1,0.0,False
t2448,track,2,0.0,True
a1754,artist,1,0.0,False
t2445,track,1,0.0,False
a3743,artist,1,0.0,False
t2444,track,1,0.0,False
a3692,artist,1,0.0,False
t2443,track,1,0.0,False
a65,artist,1,0.0,False
t2440,track,1,0.0,False
a929,artist,1,0.0,False
t2439,track,1,0.0,False
a2081,artist,1,0.0,False
a1288,artist,1,0.0,False
t2438,track,1,0.0,False
t2449,track,1,0.0,False
a746,artist,1,0.0,False
t2436,track,1,0.0,False
a958,artist,1,0.0,False
t2434,track,1,0.0,False
a3802,artist,1,0.0,False
t2433,track,1,0.0,False
a4274,artist,1,0.0,False
t2430,track,1,0.0,False
a1018,artist,1,0.0,False
t2428,track,1,0.0,False
a2252,artist,1,0.0,False
t2427,track,1,0.0,False
t2425,track,2,0.0,False
t2424,track,3,0.0,False
a4643,artist,1,0.0,False
a1705,artist,1,0.0,False
t2359,track,1,0.0,False
t2465,track,2,0.0,False
t2476,track,1,0.0,False
a3686,artist,1,0.0,False
t2474,track,1,0.0,False
b318,area,2,0.0,True
a1327,artist,2,0.0,True
t2472,track,1,0.0,False
a2746,artist,1,0.0,False
t2469,track,1,0.0,False
t2468,track,1,0.0,False
a1933,artist,2,0.0,False
a1534,artist,2,0.0,False
t2466,track,2,0.0,False
a252,artist,2,0.0,False
a3757,artist,2,0.0,False
a3916,artist,1,0.0,False
t2450,track,1,0.0,False
t2463,track,1,0.0,False
a4590,artist,1,0.0,False
a4192,artist,1,0.0,False
a3866,artist,1,0.0,False
t2458,track,1,0.0,False
a1157,artist,1,0.0,False
t2457,track,1,0.0,False
a552,artist,1,0.0,False
t2456,track,1,0.0,False
a2233,artist,1,0.0,False
t2455,track,1,0.0,False
a4384,artist,1,0.0,False
t2451,track,1,0.0,False
a3683,artist,1,0.0,False
a1238,artist,1,0.0,False
t2422,track,1,0.0,False
a87,artist,1,0.0,False
t2380,track,3,0.0,False
t2387,track,1,0.0,False
a2034,artist,1,0.0,False
t2385,track,1,0.0,False
a4255,artist,2,0.0,False
a2331,artist,3,0.0,True
a1845,artist,1,0.0,False
t2382,track,2,0.0,True
a848,artist,2,0.0,False
a485,artist,2,0.0,False
a4273,artist,3,0.0,False
t2381,track,3,0.0,False
a4759,artist,2,0.0,False
a1961,artist,2,0.0,False
a2445,artist,3,0.0,False
a4500,artist,2,0.0,False
t2421,track,1,0.0,False
a1253,artist,2,0.0,False
t2371,track,2,0.0,False
a310,artist,1,0.0,False
t2370,track,1,0.0,False
a4567,artist,1,0.0,False
t2369,track,1,0.0,False
a3313,artist,1,0.0,False
t2368,track,1,0.0,False
a4133,artist,1,0.0,False
t2364,track,1,0.0,False
a4360,artist,1,0.0,False
t2360,track,1,0.0,False
a4136,artist,1,0.0,False
a4569,artist,2,0.0,True
a328,artist,2,0.0,True
a1096,artist,1,0.0,False
t2390,track,1,0.0,False
a3044,artist,1,0.0,False
a1358,artist,1,0.0,False
a376,artist,2,0.0,True
t2420,track,1,0.0,False
a111,artist,1,0.0,False
t2418,track,1,0.0,False
a2540,artist,1,0.0,False
t2417,track,1,0.0,False
a1478,artist,1,0.0,False
t2413,track,1,0.0,False
a1955,artist,1,0.0,False
t2410,track,1,0.0,False
a3943,artist,1,0.0,False
t2408,track,1,0.0,False
t4128,track,4,0.0,False
a4149,artist,3,0.0,False
a1360,artist,3,0.0,False
a4147,artist,5,0.0,False
a4148,artist,3,0.0,False
t2407,track,4,0.0,False
t2405,track,1,0.0,False
a2296,artist,1,0.0,False
a1723,artist,2,0.0,True
a1516,artist,1,0.0,False
t2398,track,2,0.0,True
t2392,track,1,0.0,False
a2994,artist,2,0.0,False
a1964,artist,2,0.0,False
a1801,artist,3,0.0,False
t2391,track,3,0.0,False
a2536,artist,1,0.0,False
t2222,track,1,0.0,False
a3236,artist,1,0.0,False
t2024,track,1,0.0,False
a2833,artist,1,0.0,False
t2040,track,2,0.0,True
a2355,artist,1,0.0,False
t2038,track,1,0.0,False
b633,area,2,0.0,True
a2834,artist,2,0.0,True
t2037,track,1,0.0,False
a4626,artist,1,0.0,False
t2036,track,1,0.0,False
a1100,artist,1,0.0,False
t2034,track,1,0.0,False
a824,artist,1,0.0,False
t2033,track,1,0.0,False
t2025,track,1,0.0,False
a2125,artist,1,0.0,False
t2046,track,4,0.0,False
t2022,track,1,0.0,False
a1322,artist,1,0.0,False
t2021,track,1,0.0,False
t2020,track,1,0.0,False
b325,area,2,0.0,False
b541,area,2,0.0,False
a409,artist,3,0.0,False
a631,artist,3,0.0,False
t2019,track,2,0.0,False
a2877,artist,1,0.0,False
t2018,track,1,0.0,False
a404,artist,1,0.0,False
t2017,track,1,0.0,False
a1779,artist,1,0.0,False
a1566,artist,1,0.0,False
a4292,artist,2,0.0,False
a556,artist,1,0.0,False
t2056,track,1,0.0,False
a330,artist,1,0.0,False
t2071,track,1,0.0,False
a3472,artist,1,0.0,False
t2070,track,1,0.0,False
a3096,artist,1,0.0,False
t2068,track,1,0.0,False
t2176,track,1,0.0,False
a525,artist,2,0.0,True
t2065,track,1,0.0,False
a3509,artist,1,0.0,False
t2064,track,1,0.0,False
t2062,track,2,0.0,False
a1223,artist,1,0.0,False
t2060,track,1,0.0,False
a448,artist,1,0.0,False
a4272,artist,4,0.0,False
t2055,track,1,0.0,False
t2054,track,1,0.0,False
b544,area,1,0.0,False
a3116,artist,1,0.0,False
a4729,artist,1,0.0,False
a3115,artist,1,0.0,False
a3558,artist,4,0.0,True
t2051,track,1,0.0,False
t3524,track,1,0.0,False
t2049,track,1,0.0,False
a3355,artist,1,0.0,False
t2047,track,1,0.0,False
a4801,artist,2,0.0,False
a3880,artist,2,0.0,False
t2016,track,1,0.0,False
a499,artist,1,0.0,False
t2013,track,1,0.0,False
a2593,artist,2,0.0,False
t1971,track,1,0.0,False
a877,artist,1,0.0,False
t1969,track,1,0.0,False
a4415,artist,1,0.0,False
t1968,track,1,0.0,False
a1742,artist,2,0.0,False
a3985,artist,2,0.0,False
t1967,track,2,0.0,False
a3364,artist,1,0.0,False
t1966,track,1,0.0,False
a2567,artist,1,0.0,False
t1963,track,1,0.0,False
a2595,artist,2,0.0,False
a2596,artist,2,0.0,False
a2775,artist,1,0.0,False
a3738,artist,1,0.0,False
a902,artist,1,0.0,False
t1944,track,1,0.0,False
a3505,artist,1,0.0,False
t1943,track,1,0.0,False
a1231,artist,2,0.0,False
a4089,artist,4,0.0,False
a3205,artist,2,0.0,False
a4091,artist,2,0.0,False
t1940,track,4,0.0,False
a2680,artist,1,0.0,False
t1939,track,1,0.0,False
a1351,artist,2,0.0,False
a1699,artist,2,0.0,False
a264,artist,2,0.0,False
a4521,artist,1,0.0,False
t1975,track,1,0.0,False
a1796,artist,1,0.0,False
t1977,track,1,0.0,False
t2012,track,1,0.0,False
a1304,artist,1,0.0,False
t2010,track,1,0.0,False
a3337,artist,1,0.0,False
t2008,track,1,0.0,False
a4438,artist,1,0.0,False
t2007,track,1,0.0,False
a3025,artist,2,0.0,True
a1576,artist,2,0.0,True
t2002,track,1,0.0,False
t1997,track,1,0.0,False
b59,area,1,0.0,False
a454,artist,1,0.0,False
t1987,track,1,0.0,False
a700,artist,1,0.0,False
a4254,artist,1,0.0,False
a3843,artist,1,0.0,False
a3778,artist,4,0.0,False
a3518,artist,2,0.0,False
a3779,artist,2,0.0,False
a3780,artist,2,0.0,False
t1981,track,4,0.0,False
a3067,artist,1,0.0,False
t1980,track,1,0.0,False
a744,artist,1,0.0,False
t1979,track,1,0.0,False
a4045,artist,1,0.0,False
t1978,track,1,0.0,False
a2350,artist,1,0.0,False
a2455,artist,3,0.0,False
a2826,artist,3,0.0,False
a2828,artist,3,0.0,False
t2166,track,1,0.0,False
a2190,artist,1,0.0,False
t2185,track,1,0.0,False
t2180,track,1,0.0,False
a2891,artist,1,0.0,False
t2179,track,1,0.0,False
a2070,artist,1,0.0,False
t2177,track,1,0.0,False
a1242,artist,1,0.0,False
t2175,track,1,0.0,False
a34,artist,1,0.0,False
t2171,track,1,0.0,False
a2561,artist,1,0.0,False
t2167,track,1,0.0,False
a3637,artist,1,0.0,False
t2164,track,1,0.0,False
t2151,track,3,0.0,False
a79,artist,1,0.0,False
t2162,track,1,0.0,False
a954,artist,1,0.0,False
a4193,artist,1,0.0,False
a3117,artist,1,0.0,False
t2160,track,1,0.0,False
a2954,artist,1,0.0,False
t2159,track,1,0.0,False
a558,artist,1,0.0,False
t2158,track,1,0.0,False
a1006,artist,1,0.0,False
t2153,track,1,0.0,False
a4176,artist,3,0.0,False
a105,artist,2,0.0,False
t2186,track,1,0.0,False
a3565,artist,3,0.0,True
t2207,track,1,0.0,False
t2435,track,1,0.0,False
t2221,track,2,0.0,True
a917,artist,1,0.0,False
t2218,track,1,0.0,False
a3930,artist,1,0.0,False
t2216,track,1,0.0,False
t4408,track,1,0.0,False
a3922,artist,2,0.0,True
t2214,track,1,0.0,False
a4242,artist,1,0.0,False
t2212,track,1,0.0,False
t2204,track,1,0.0,False
a3957,artist,1,0.0,False
t2202,track,1,0.0,False
a4093,artist,1,0.0,False
a1694,artist,2,0.0,True
a2811,artist,1,0.0,False
t2198,track,1,0.0,False
a41,artist,1,0.0,False
t2196,track,1,0.0,False
a3576,artist,1,0.0,False
t2195,track,1,0.0,False
a2513,artist,1,0.0,False
t2194,track,1,0.0,False
a3154,artist,1,0.0,False
t2193,track,1,0.0,False
a697,artist,1,0.0,False
t2191,track,1,0.0,False
a2872,artist,1,0.0,False
t2188,track,1,0.0,False
a1204,artist,2,0.0,False
t2150,track,1,0.0,False
b412,area,2,0.0,False
t2096,track,1,0.0,False
a987,artist,2,0.0,False
t2112,track,2,0.0,False
a93,artist,1,0.0,False
t2111,track,1,0.0,False
a4830,artist,1,0.0,False
t2110,track,1,0.0,False
a2893,artist,1,0.0,False
t2106,track,1,0.0,False
a3905,artist,2,0.0,False
a4493,artist,2,0.0,False
t2102,track,2,0.0,False
a1038,artist,1,0.0,False
a2687,artist,1,0.0,False
t2098,track,2,0.0,True
a4397,artist,1,0.0,False
a1868,artist,3,0.0,False
t2089,track,1,0.0,False
a2990,artist,1,0.0,False
t2083,track,1,0.0,False
a737,artist,1,0.0,False
t2080,track,1,0.0,False
a4606,artist,1,0.0,False
t2079,track,1,0.0,False
a1030,artist,2,0.0,False
a826,artist,2,0.0,False
t2078,track,2,0.0,False
t2076,track,1,0.0,False
b151,area,1,0.0,False
a1250,artist,2,0.0,True
t2074,track,1,0.0,False
a3405,artist,2,0.0,False
t2114,track,1,0.0,False
a3682,artist,1,0.0,False
t2115,track,2,0.0,False
a2905,artist,2,0.0,False
a1736,artist,2,0.0,False
t2149,track,3,0.0,False
t2148,track,1,0.0,False
a3590,artist,2,0.0,False
a2501,artist,3,0.0,False
a1159,artist,2,0.0,False
t2144,track,3,0.0,False
a2322,artist,1,0.0,False
t2141,track,1,0.0,False
a3635,artist,1,0.0,False
t2137,track,1,0.0,False
t2132,track,1,0.0,False
a368,artist,1,0.0,False
t2128,track,1,0.0,False
a613,artist,1,0.0,False
t2124,track,1,0.0,False
a2645,artist,1,0.0,False
t2122,track,1,0.0,False
a1674,artist,1,0.0,False
t2121,track,1,0.0,False
a3454,artist,1,0.0,False
t2120,track,1,0.0,False
a4583,artist,1,0.0,False
t2118,track,1,0.0,False
a3342,artist,2,0.0,True
t2117,track,1,0.0,False
a4640,artist,2,0.0,False
a3816,artist,2,0.0,False
a1464,artist,1,0.0,False
a2084,artist,1,0.0,False
t3076,track,4,0.0,True
a480,artist,1,0.0,False
a4676,artist,2,0.0,False
a455,artist,1,0.0,False
a2625,artist,1,0.0,False
a478,artist,1,0.0,False
a2730,artist,3,0.0,True
a1010,artist,1,0.0,False
a484,artist,1,0.0,False
a1722,artist,1,0.0,False
a4742,artist,1,0.0,False
a492,artist,1,0.0,False
a1364,artist,2,0.0,True
a1365,artist,1,0.0,False
a498,artist,1,0.0,False
a500,artist,1,0.0,False
a4680,artist,2,0.0,False
a346,artist,2,0.0,True
a2692,artist,1,0.0,False
a2937,artist,1,0.0,False
a4654,artist,1,0.0,False
a197,artist,1,0.0,False
a2220,artist,2,0.0,True
a2340,artist,1,0.0,False
a205,artist,1,0.0,False
a2938,artist,1,0.0,False
a374,artist,1,0.0,False
a392,artist,1,0.0,False
a1293,artist,1,0.0,False
a313,artist,1,0.0,False
a314,artist,1,0.0,False
a341,artist,1,0.0,False
a381,artist,1,0.0,False
a2193,artist,1,0.0,False
a2804,artist,1,0.0,False
a536,artist,1,0.0,False
a4683,artist,3,0.0,False
a3788,artist,3,0.0,False
a639,artist,1,0.0,False
a1942,artist,2,0.0,True
a2423,artist,1,0.0,False
a2082,artist,1,0.0,False
a1592,artist,1,0.0,False
a664,artist,1,0.0,False
b557,area,3,0.0,False
a4682,artist,2,0.0,False
a1063,artist,1,0.0,False
a1595,artist,1,0.0,False
a1593,artist,1,0.0,False
a2545,artist,1,0.0,False
a2019,artist,1,0.0,False
a705,artist,1,0.0,False
a2436,artist,1,0.0,False
a4404,artist,1,0.0,False
a2438,artist,3,0.0,True
a630,artist,1,0.0,False
a628,artist,1,0.0,False
a3445,artist,1,0.0,False
a607,artist,1,0.0,False
a1079,artist,1,0.0,False
a587,artist,1,0.0,False
a4645,artist,1,0.0,False
a1613,artist,1,0.0,False
a4131,artist,1,0.0,False
a580,artist,1,0.0,False
a3786,artist,1,0.0,False
a4635,artist,2,0.0,True
a577,artist,1,0.0,False
a568,artist,1,0.0,False
a654,artist,1,0.0,False
a1662,artist,1,0.0,False
a1665,artist,2,0.0,True
a2930,artist,2,0.0,True
a2550,artist,1,0.0,False
t4456,track,3,0.0,False
a3920,artist,2,0.0,False
a421,artist,2,0.0,False
a3360,artist,3,0.0,False
a12,artist,1,0.0,False
a3032,artist,1,0.0,False
a4866,artist,2,0.0,False
a20,artist,1,0.0,False
a1586,artist,2,0.0,True
a1871,artist,1,0.0,False
a26,artist,1,0.0,False
a1963,artist,3,0.0,True
a2353,artist,1,0.0,False
t4453,track,1,0.0,False
a4431,artist,1,0.0,False
t4452,track,1,0.0,False
t4451,track,1,0.0,False
a4686,artist,4,0.0,False
a1886,artist,2,0.0,False
a218,artist,2,0.0,False
a4496,artist,2,0.0,False
t4450,track,4,0.0,False
a1058,artist,1,0.0,False
a1581,artist,1,0.0,False
t4449,track,2,0.0,True
t4447,track,2,0.0,False
a1587,artist,1,0.0,False
t4442,track,1,0.0,False
a436,artist,1,0.0,False
a3283,artist,1,0.0,False
a986,artist,1,0.0,False
a44,artist,2,0.0,False
a186,artist,1,0.0,False
a4589,artist,1,0.0,False
a4592,artist,1,0.0,False
a151,artist,1,0.0,False
a150,artist,3,0.0,True
a846,artist,1,0.0,False
a2113,artist,1,0.0,False
a155,artist,1,0.0,False
a4588,artist,1,0.0,False
a45,artist,2,0.0,False
a166,artist,1,0.0,False
a528,artist,1,0.0,False
a172,artist,1,0.0,False
a1391,artist,2,0.0,True
a3938,artist,1,0.0,False
a181,artist,1,0.0,False
a441,artist,1,0.0,False
a440,artist,3,0.0,True
a145,artist,1,0.0,False
a3163,artist,1,0.0,False
a1884,artist,2,0.0,True
a117,artist,1,0.0,False
a1462,artist,1,0.0,False
a109,artist,1,0.0,False
a2882,artist,1,0.0,False
a2116,artist,1,0.0,False
a103,artist,1,0.0,False
a82,artist,1,0.0,False
a3402,artist,1,0.0,False
a61,artist,1,0.0,False
a361,artist,2,0.0,False
a360,artist,3,0.0,False
a57,artist,2,0.0,False
a706,artist,1,0.0,False
a4446,artist,1,0.0,False
a3159,artist,1,0.0,False
a1452,artist,1,0.0,False
a4249,artist,2,0.0,True
a2330,artist,1,0.0,False
a1343,artist,2,0.0,False
a1344,artist,4,0.0,False
a2901,artist,2,0.0,False
a4548,artist,2,0.0,False
a3519,artist,2,0.0,True
a2422,artist,1,0.0,False
a4140,artist,1,0.0,False
a1470,artist,2,0.0,False
a4593,artist,4,0.0,False
a3668,artist,2,0.0,False
a3658,artist,2,0.0,False
a1508,artist,1,0.0,False
a1326,artist,1,0.0,False
a1311,artist,1,0.0,False
a726,artist,2,0.0,False
a1440,artist,1,0.0,False
a1205,artist,1,0.0,False
a1206,artist,2,0.0,True
a4665,artist,1,0.0,False
a4269,artist,1,0.0,False
a1243,artist,1,0.0,False
a1439,artist,2,0.0,True
a1251,artist,2,0.0,False
a4219,artist,1,0.0,False
a2247,artist,2,0.0,False
b380,area,2,0.0,False
a1267,artist,1,0.0,False
a774,artist,2,0.0,True
a3582,artist,1,0.0,False
a1284,artist,1,0.0,False
a3532,artist,1,0.0,False
a4180,artist,2,0.0,False
a1532,artist,2,0.0,False
a2707,artist,1,0.0,False
a4544,artist,2,0.0,False
a1651,artist,2,0.0,False
a1650,artist,3,0.0,False
a1983,artist,2,0.0,False
a1672,artist,1,0.0,False
a2706,artist,3,0.0,True
a2705,artist,1,0.0,False
a1536,artist,2,0.0,False
a1708,artist,1,0.0,False
a3320,artist,2,0.0,True
a4785,artist,1,0.0,False
a1729,artist,1,0.0,False
a634,artist,1,0.0,False
a1765,artist,1,0.0,False
a4542,artist,2,0.0,False
a4596,artist,1,0.0,False
a4824,artist,1,0.0,False
a1605,artist,1,0.0,False
a1547,artist,1,0.0,False
a2479,artist,1,0.0,False
a4202,artist,1,0.0,False
a3820,artist,3,0.0,True
a1540,artist,1,0.0,False
a1620,artist,1,0.0,False
a1539,artist,1,0.0,False
a2311,artist,1,0.0,False
a4165,artist,1,0.0,False
a1538,artist,3,0.0,True
a1537,artist,1,0.0,False
a4055,artist,2,0.0,False
a1683,artist,3,0.0,False
a1299,artist,1,0.0,False
a1381,artist,2,0.0,True
a1202,artist,1,0.0,False
a2127,artist,2,0.0,False
a474,artist,3,0.0,True
a3631,artist,1,0.0,False
a2717,artist,1,0.0,False
a894,artist,2,0.0,False
a1235,artist,2,0.0,False
a901,artist,2,0.0,False
a4704,artist,2,0.0,False
a977,artist,1,0.0,False
a920,artist,2,0.0,False
a3245,artist,2,0.0,False
a932,artist,1,0.0,False
a1686,artist,3,0.0,True
a1677,artist,1,0.0,False
a2365,artist,1,0.0,False
a834,artist,1,0.0,False
a895,artist,1,0.0,False
a810,artist,1,0.0,False
a809,artist,1,0.0,False
a1369,artist,1,0.0,False
a3990,artist,2,0.0,True
a798,artist,1,0.0,False
b287,area,2,0.0,False
a1035,artist,2,0.0,False
a786,artist,2,0.0,False
a3114,artist,1,0.0,False
a775,artist,1,0.0,False
a1571,artist,1,0.0,False
a731,artist,1,0.0,False
a730,artist,3,0.0,True
a729,artist,1,0.0,False
a727,artist,2,0.0,False
a951,artist,1,0.0,False
a2551,artist,1,0.0,False
a4601,artist,1,0.0,False
a2800,artist,1,0.0,False
a1695,artist,2,0.0,False
a4271,artist,2,0.0,False
a1115,artist,2,0.0,False
a4845,artist,2,0.0,False
b61,area,2,0.0,False
a1128,artist,1,0.0,False
a1167,artist,1,0.0,False
a989,artist,1,0.0,False
a1643,artist,1,0.0,False
a4648,artist,1,0.0,False
a1176,artist,1,0.0,False
a1824,artist,1,0.0,False
a1182,artist,1,0.0,False
a797,artist,2,0.0,True
a3467,artist,4,0.0,False
a1105,artist,2,0.0,False
a3729,artist,1,0.0,False
a1089,artist,1,0.0,False
a3889,artist,1,0.0,False
a1134,artist,1,0.0,False
a1823,artist,3,0.0,True
a1052,artist,1,0.0,False
a1045,artist,1,0.0,False
a4457,artist,1,0.0,False
a4712,artist,1,0.0,False
a983,artist,3,0.0,True
a1004,artist,1,0.0,False
a1000,artist,1,0.0,False
a1583,artist,2,0.0,False
a991,artist,2,0.0,False
a2080,artist,1,0.0,False
t4439,track,2,0.0,True
a667,artist,1,0.0,False
t4438,track,1,0.0,False
a1937,artist,1,0.0,False
t4225,track,1,0.0,False
a2091,artist,1,0.0,False
t4227,track,1,0.0,False
a1733,artist,1,0.0,False
t4230,track,1,0.0,False
t4231,track,1,0.0,False
t4234,track,2,0.0,False
t4224,track,1,0.0,False
a3506,artist,2,0.0,False
a3269,artist,2,0.0,False
t4237,track,3,0.0,False
t4238,track,1,0.0,False
a1792,artist,1,0.0,False
t4239,track,1,0.0,False
a2291,artist,1,0.0,False
a506,artist,2,0.0,False
b705,area,1,0.0,False
a2358,artist,1,0.0,False
a1718,artist,2,0.0,False
t4215,track,1,0.0,False
a4475,artist,1,0.0,False
t4217,track,1,0.0,False
a1575,artist,1,0.0,False
t4219,track,1,0.0,False
t4220,track,2,0.0,False
a2765,artist,2,0.0,False
a2509,artist,2,0.0,False
a3331,artist,2,0.0,False
t4221,track,1,0.0,False
a4132,artist,1,0.0,False
b558,area,3,0.0,False
t4223,track,2,0.0,False
a4510,artist,1,0.0,False
t4241,track,1,0.0,False
a1277,artist,2,0.0,True
a4386,artist,1,0.0,False
a3132,artist,1,0.0,False
t4268,track,1,0.0,False
t4269,track,1,0.0,False
a3276,artist,1,0.0,False
t4271,track,3,0.0,True
a1295,artist,1,0.0,False
a193,artist,2,0.0,True
b80,area,2,0.0,True
a4655,artist,3,0.0,True
t4272,track,1,0.0,False
a2533,artist,1,0.0,False
t4273,track,1,0.0,False
a3498,artist,1,0.0,False
t4277,track,1,0.0,False
a446,artist,2,0.0,True
t4266,track,1,0.0,False
a3597,artist,1,0.0,False
a1531,artist,1,0.0,False
a3753,artist,1,0.0,False
t4260,track,1,0.0,False
a2102,artist,1,0.0,False
t4258,track,1,0.0,False
t4256,track,1,0.0,False
a3685,artist,1,0.0,False
a2982,artist,1,0.0,False
a3459,artist,3,0.0,True
t4252,track,1,0.0,False
a3301,artist,1,0.0,False
t4251,track,1,0.0,False
a4181,artist,3,0.0,False
t4242,track,1,0.0,False
a394,artist,2,0.0,False
t4214,track,2,0.0,False
a4113,artist,1,0.0,False
a833,artist,2,0.0,False
a1062,artist,1,0.0,False
t4177,track,1,0.0,False
a854,artist,1,0.0,False
t4178,track,1,0.0,False
a3760,artist,1,0.0,False
t4179,track,2,0.0,False
a3306,artist,2,0.0,False
a3413,artist,1,0.0,False
t4181,track,1,0.0,False
a53,artist,1,0.0,False
t4182,track,1,0.0,False
a2863,artist,1,0.0,False
t4183,track,1,0.0,False
a108,artist,1,0.0,False
t4175,track,1,0.0,False
t4174,track,1,0.0,False
a1730,artist,1,0.0,False
t4173,track,1,0.0,False
b101,area,1,0.0,False
a2876,artist,2,0.0,True
t4172,track,1,0.0,False
a3632,artist,1,0.0,False
t4167,track,1,0.0,False
t4165,track,1,0.0,False
a1090,artist,1,0.0,False
t4164,track,1,0.0,False
a4749,artist,1,0.0,False
t4163,track,1,0.0,False
a1374,artist,1,0.0,False
t4161,track,1,0.0,False
a1959,artist,2,0.0,False
t4187,track,1,0.0,False
t4188,track,3,0.0,False
t4212,track,1,0.0,False
t4206,track,1,0.0,False
a2532,artist,1,0.0,False
t4203,track,1,0.0,False
a4462,artist,1,0.0,False
t4204,track,2,0.0,False
a4479,artist,3,0.0,False
t4205,track,1,0.0,False
t4207,track,1,0.0,False
a1151,artist,3,0.0,False
a780,artist,1,0.0,False
t4208,track,1,0.0,False
a4337,artist,2,0.0,True
a426,artist,2,0.0,True
t4210,track,1,0.0,False
a4259,artist,1,0.0,False
t4202,track,1,0.0,False
a2316,artist,2,0.0,False
a3926,artist,2,0.0,False
a691,artist,2,0.0,True
t4199,track,1,0.0,False
t4198,track,1,0.0,False
a224,artist,1,0.0,False
t4197,track,1,0.0,False
a4545,artist,1,0.0,False
a3521,artist,2,0.0,True
t4195,track,1,0.0,False
t4193,track,1,0.0,False
b24,area,1,0.0,False
a1454,artist,2,0.0,True
t4190,track,1,0.0,False
a1972,artist,2,0.0,False
a1976,artist,2,0.0,False
a2346,artist,1,0.0,False
t4280,track,3,0.0,False
t4283,track,2,0.0,False
t4377,track,1,0.0,False
t4369,track,1,0.0,False
a3097,artist,1,0.0,False
a3815,artist,2,0.0,False
a3456,artist,2,0.0,False
t4376,track,1,0.0,False
a2869,artist,1,0.0,False
a2095,artist,1,0.0,False
t4388,track,1,0.0,False
t4379,track,1,0.0,False
a751,artist,1,0.0,False
t4381,track,1,0.0,False
a255,artist,1,0.0,False
t4382,track,1,0.0,False
a1173,artist,1,0.0,False
a1490,artist,1,0.0,False
t4368,track,1,0.0,False
a3260,artist,1,0.0,False
t4364,track,1,0.0,False
a3991,artist,1,0.0,False
t4361,track,1,0.0,False
a3490,artist,1,0.0,False
t4360,track,1,0.0,False
a842,artist,1,0.0,False
t4359,track,1,0.0,False
a389,artist,4,0.0,False
a3265,artist,2,0.0,False
a388,artist,2,0.0,False
a3535,artist,2,0.0,False
t4358,track,4,0.0,False
a2729,artist,1,0.0,False
t4356,track,1,0.0,False
t4386,track,1,0.0,False
a1926,artist,1,0.0,False
t4355,track,1,0.0,False
a4870,artist,1,0.0,False
a2995,artist,1,0.0,False
t4414,track,1,0.0,False
a1256,artist,1,0.0,False
t4418,track,1,0.0,False
t4420,track,1,0.0,False
t4421,track,1,0.0,False
t4425,track,1,0.0,False
t4391,track,3,0.0,False
a4074,artist,1,0.0,False
t4429,track,1,0.0,False
a2732,artist,1,0.0,False
t4434,track,1,0.0,False
a120,artist,1,0.0,False
t4435,track,1,0.0,False
a1149,artist,1,0.0,False
t4413,track,2,0.0,True
a1660,artist,2,0.0,False
a281,artist,3,0.0,False
a4343,artist,2,0.0,False
t4406,track,3,0.0,False
a2609,artist,1,0.0,False
t4401,track,1,0.0,False
a650,artist,1,0.0,False
t4399,track,1,0.0,False
a4108,artist,3,0.0,False
a2802,artist,2,0.0,False
a2482,artist,2,0.0,False
t4396,track,3,0.0,False
a2264,artist,2,0.0,False
a3774,artist,3,0.0,False
a2260,artist,2,0.0,False
a2978,artist,2,0.0,False
a3904,artist,1,0.0,False
a3619,artist,2,0.0,False
a3284,artist,2,0.0,False
t4305,track,1,0.0,False
a3579,artist,1,0.0,False
t4308,track,4,0.0,False
a979,artist,2,0.0,False
a4364,artist,4,0.0,False
a1781,artist,2,0.0,False
t4309,track,1,0.0,False
t4330,track,1,0.0,False
a2761,artist,2,0.0,True
t4313,track,3,0.0,False
t4317,track,1,0.0,False
a2809,artist,1,0.0,False
t4320,track,1,0.0,False
a4570,artist,2,0.0,True
a3777,artist,1,0.0,False
t4303,track,1,0.0,False
a2168,artist,1,0.0,False
t4299,track,1,0.0,False
a72,artist,1,0.0,False
t4295,track,1,0.0,False
a3530,artist,4,0.0,False
t4294,track,1,0.0,False
a3255,artist,2,0.0,False
a4084,artist,2,0.0,False
b324,area,2,0.0,False
a29,artist,3,0.0,False
a2759,artist,3,0.0,False
t4289,track,2,0.0,False
a104,artist,1,0.0,False
t4287,track,1,0.0,False
a579,artist,2,0.0,False
t4323,track,1,0.0,False
a1053,artist,1,0.0,False
t4349,track,1,0.0,False
a3233,artist,2,0.0,False
t4343,track,4,0.0,False
a1331,artist,2,0.0,False
a4711,artist,2,0.0,False
a1332,artist,4,0.0,False
a2848,artist,2,0.0,False
t4344,track,2,0.0,False
a3193,artist,2,0.0,False
t4331,track,1,0.0,False
t4345,track,2,0.0,False
a2242,artist,2,0.0,False
a862,artist,2,0.0,False
t4346,track,1,0.0,False
a1220,artist,1,0.0,False
t4348,track,1,0.0,False
a217,artist,1,0.0,False
t4341,track,1,0.0,False
a4505,artist,1,0.0,False
t4340,track,1,0.0,False
a1505,artist,1,0.0,False
t4339,track,1,0.0,False
a425,artist,1,0.0,False
t4337,track,1,0.0,False
a4021,artist,1,0.0,False
a4019,artist,1,0.0,False
a4022,artist,1,0.0,False
a1544,artist,4,0.0,True
t4336,track,1,0.0,False
a4065,artist,1,0.0,False
t4335,track,1,0.0,False
a364,artist,1,0.0,False
a789,artist,1,0.0,False
a2803,artist,1,0.0,False
a4472,artist,1,0.0,False
a4842,artist,2,0.0,False
b715,area,1,0.0,False
b543,area,1,0.0,False
b213,area,1,0.0,False
b49,area,1,0.0,False
b222,area,1,0.0,False
b65,area,1,0.0,False
b223,area,1,0.0,False
b235,area,1,0.0,False
b589,area,1,0.0,False
b660,area,1,0.0,False
b245,area,1,0.0,False
b561,area,1,0.0,False
b250,area,1,0.0,False
b472,area,1,0.0,False
b255,area,1,0.0,False
b205,area,1,0.0,False
b194,area,1,0.0,False
b152,area,1,0.0,False
b351,area,1,0.0,False
b444,area,1,0.0,False
b154,area,1,0.0,False
b394,area,1,0.0,False
b159,area,1,0.0,False
b144,area,1,0.0,False
b172,area,1,0.0,False
b180,area,1,0.0,False
b530,area,1,0.0,False
b186,area,1,0.0,False
b182,area,1,0.0,False
b50,area,1,0.0,False
b185,area,1,0.0,False
b130,area,1,0.0,False
b189,area,1,0.0,False
b470,area,1,0.0,False
b261,area,1,0.0,False
b509,area,1,0.0,False
b365,area,1,0.0,False
b357,area,1,0.0,False
b244,area,1,0.0,False
b360,area,1,0.0,False
b497,area,1,0.0,False
b364,area,1,0.0,False
b330,area,1,0.0,False
b41,area,1,0.0,False
b276,area,1,0.0,False
b374,area,1,0.0,False
b157,area,1,0.0,False
b375,area,1,0.0,False
b487,area,1,0.0,False
b376,area,1,0.0,False
b207,area,1,0.0,False
b125,area,1,0.0,False
b354,area,1,0.0,False
b389,area,1,0.0,False
b350,area,1,0.0,False
b366,area,1,0.0,False
b334,area,1,0.0,False
b554,area,1,0.0,False
b329,area,1,0.0,False
b100,area,1,0.0,False
b312,area,1,0.0,False
b140,area,1,0.0,False
b311,area,1,0.0,False
b224,area,1,0.0,False
b300,area,1,0.0,False
b569,area,1,0.0,False
b290,area,1,0.0,False
b269,area,1,0.0,False
b148,area,1,0.0,False
b254,area,1,0.0,False
b145,area,1,0.0,False
b28,area,1,0.0,False
b10,area,1,0.0,False
b502,area,1,0.0,False
b17,area,1,0.0,False
b32,area,1,0.0,False
b21,area,1,0.0,False
b608,area,1,0.0,False
b169,area,1,0.0,False
b316,area,1,0.0,False
b33,area,1,0.0,False
b2,area,1,0.0,False
b36,area,1,0.0,False
b520,area,1,0.0,False
b42,area,1,0.0,False
b708,area,1,0.0,False
b542,area,1,0.0,False
b9,area,1,0.0,False
b40,area,1,0.0,False
b597,area,1,0.0,False
a4536,artist,1,0.0,False
b7,area,1,0.0,False
a4336,artist,1,0.0,False
b260,area,1,0.0,False
b522,area,1,0.0,False
b249,area,1,0.0,False
b292,area,1,0.0,False
b721,area,2,0.0,True
a3929,artist,1,0.0,False
b108,area,1,0.0,False
b208,area,1,0.0,False
b415,area,1,0.0,False
b190,area,1,0.0,False
b47,area,1,0.0,False
b63,area,1,0.0,False
b418,area,1,0.0,False
b663,area,1,0.0,False
b515,area,1,0.0,False
b116,area,1,0.0,False
b699,area,1,0.0,False
b122,area,1,0.0,False
b407,area,1,0.0,False
b123,area,1,0.0,False
b126,area,1,0.0,False
b478,area,1,0.0,False
b293,area,1,0.0,False
b132,area,1,0.0,False
b420,area,1,0.0,False
b138,area,1,0.0,False
b733,area,1,0.0,False
b142,area,1,0.0,False
b109,area,1,0.0,False
b171,area,1,0.0,False
b102,area,1,0.0,False
b725,area,1,0.0,False
b95,area,1,0.0,False
b332,area,1,0.0,False
b92,area,1,0.0,False
b665,area,1,0.0,False
b91,area,1,0.0,False
b499,area,1,0.0,False
b88,area,1,0.0,False
b511,area,1,0.0,False
b82,area,1,0.0,False
b367,area,1,0.0,False
b78,area,1,0.0,False
b270,area,1,0.0,False
b76,area,1,0.0,False
b382,area,1,0.0,False
b383,area,1,0.0,False
a1818,artist,2,0.0,False
b632,area,1,0.0,False
b622,area,1,0.0,False
b103,area,1,0.0,False
b625,area,1,0.0,False
b114,area,1,0.0,False
b626,area,1,0.0,False
b710,area,1,0.0,False
b591,area,1,0.0,False
b621,area,1,0.0,False
b638,area,1,0.0,False
b483,area,1,0.0,False
b641,area,1,0.0,False
b195,area,1,0.0,False
b643,area,1,0.0,False
b729,area,1,0.0,False
b582,area,1,0.0,False
b494,area,1,0.0,False
b630,area,1,0.0,False
b606,area,1,0.0,False
b595,area,1,0.0,False
b477,area,1,0.0,False
b602,area,1,0.0,False
b338,area,1,0.0,False
b605,area,1,0.0,False
b481,area,1,0.0,False
b321,area,1,0.0,False
b619,area,1,0.0,False
b609,area,1,0.0,False
b104,area,1,0.0,False
b613,area,1,0.0,False
b696,area,1,0.0,False
b615,area,1,0.0,False
b610,area,1,0.0,False
b661,area,1,0.0,False
b277,area,1,0.0,False
b662,area,1,0.0,False
b571,area,1,0.0,False
b501,area,1,0.0,False
b703,area,1,0.0,False
b634,area,1,0.0,False
b714,area,1,0.0,False
b590,area,1,0.0,False
b718,area,1,0.0,False
b719,area,1,0.0,False
b716,area,1,0.0,False
b115,area,1,0.0,False
b720,area,1,0.0,False
b181,area,1,0.0,False
b728,area,1,0.0,False
b572,area,1,0.0,False
b730,area,1,0.0,False
b695,area,1,0.0,False
b724,area,1,0.0,False
b691,area,1,0.0,False
b475,area,1,0.0,False
b689,area,1,0.0,False
b55,area,1,0.0,False
b688,area,1,0.0,False
b79,area,1,0.0,False
b684,area,1,0.0,False
b111,area,1,0.0,False
b682,area,1,0.0,False
b495,area,1,0.0,False
b678,area,1,0.0,False
b129,area,1,0.0,False
b673,area,1,0.0,False
b485,area,1,0.0,False
b669,area,1,0.0,False
b735,area,1,0.0,False
b580,area,1,0.0,False
b229,area,1,0.0,False
b709,area,1,0.0,False
b112,area,1,0.0,False
b429,area,1,0.0,False
b664,area,1,0.0,False
b433,area,1,0.0,False
b306,area,1,0.0,False
b437,area,1,0.0,False
b449,area,1,0.0,False
b474,area,1,0.0,False
b683,area,1,0.0,False
b451,area,1,0.0,False
b694,area,1,0.0,False
b452,area,1,0.0,False
b173,area,1,0.0,False
b461,area,1,0.0,False
b427,area,1,0.0,False
b408,area,1,0.0,False
b421,area,1,0.0,False
b400,area,1,0.0,False
b414,area,1,0.0,False
b64,area,1,0.0,False
b403,area,1,0.0,False
b268,area,1,0.0,False
b401,area,1,0.0,False
b723,area,1,0.0,False
b399,area,1,0.0,False
b188,area,1,0.0,False
b396,area,1,0.0,False
b479,area,1,0.0,False
b395,area,1,0.0,False
b162,area,1,0.0,False
b390,area,1,0.0,False
b473,area,1,0.0,False
b717,area,1,0.0,False
b579,area,1,0.0,False
b567,area,1,0.0,False
b550,area,1,0.0,False
b532,area,1,0.0,False
b553,area,1,0.0,False
b672,area,1,0.0,False
b565,area,1,0.0,False
b203,area,1,0.0,False
b363,area,1,0.0,False
b482,area,1,0.0,False
b574,area,1,0.0,False
b648,area,1,0.0,False
b576,area,1,0.0,False
b90,area,1,0.0,False
b577,area,1,0.0,False
b536,area,1,0.0,False
b27,area,1,0.0,False
b525,area,1,0.0,False
b493,area,1,0.0,False
b523,area,1,0.0,False
b731,area,1,0.0,False
b519,area,1,0.0,False
b198,area,1,0.0,False
b517,area,1,0.0,False
b563,area,1,0.0,False
b508,area,1,0.0,False
b225,area,1,0.0,False
b490,area,1,0.0,False
b385,area,1,0.0,False
b489,area,1,0.0,False
b23,area,1,0.0,False
b484,area,1,0.0,False
b74,area,1,0.0,False
b593,area,1,0.0,False
a3212,artist,1,0.0,False
b275,area,1,0.0,False
a2817,artist,1,0.0,False
a3993,artist,1,0.0,False
a3027,artist,1,0.0,False
a2923,artist,1,0.0,False
a3041,artist,1,0.0,False
a1137,artist,1,0.0,False
a3060,artist,1,0.0,False
a3081,artist,2,0.0,False
a2991,artist,1,0.0,False
a3082,artist,2,0.0,False
a3109,artist,1,0.0,False
a4831,artist,1,0.0,False
a3174,artist,2,0.0,False
a2363,artist,2,0.0,False
a3178,artist,1,0.0,False
a935,artist,2,0.0,True
a4608,artist,2,0.0,False
b611,area,1,0.0,False
a3015,artist,1,0.0,False
a2711,artist,1,0.0,False
a1542,artist,3,0.0,True
a4178,artist,1,0.0,False
a4172,artist,1,0.0,False
a2721,artist,1,0.0,False
a3014,artist,1,0.0,False
a2754,artist,1,0.0,False
a2950,artist,2,0.0,False
a1403,artist,1,0.0,False
a2873,artist,2,0.0,False
a4758,artist,3,0.0,False
a4184,artist,2,0.0,False
a2927,artist,1,0.0,False
a2646,artist,1,0.0,False
a3735,artist,1,0.0,False
a3275,artist,1,0.0,False
a873,artist,2,0.0,True
a4725,artist,1,0.0,False
a3891,artist,1,0.0,False
a4739,artist,1,0.0,False
a3923,artist,1,0.0,False
a4294,artist,1,0.0,False
a3952,artist,1,0.0,False
a4674,artist,1,0.0,False
a4101,artist,2,0.0,False
a3377,artist,1,0.0,False
a4723,artist,4,0.0,False
a4685,artist,2,0.0,False
a4519,artist,2,0.0,False
a4116,artist,1,0.0,False
a1500,artist,1,0.0,False
a4238,artist,1,0.0,False
a4735,artist,2,0.0,False
a1956,artist,1,0.0,False
a3850,artist,1,0.0,False
a2459,artist,1,0.0,False
a3752,artist,1,0.0,False
a2269,artist,1,0.0,False
a3739,artist,1,0.0,False
a3235,artist,2,0.0,False
a3598,artist,2,0.0,False
a3835,artist,1,0.0,False
a3834,artist,1,0.0,False
a2286,artist,1,0.0,False
a3476,artist,1,0.0,False
a4314,artist,1,0.0,False
a3892,artist,1,0.0,False
a916,artist,1,0.0,False
a3351,artist,1,0.0,False
a4351,artist,1,0.0,False
a2700,artist,1,0.0,False
a861,artist,2,0.0,False
a2289,artist,1,0.0,False
a3399,artist,1,0.0,False
a2199,artist,1,0.0,False
a2251,artist,1,0.0,False
a2204,artist,1,0.0,False
a4755,artist,1,0.0,False
a2239,artist,1,0.0,False
a2614,artist,2,0.0,True
a3718,artist,1,0.0,False
a3410,artist,1,0.0,False
a2297,artist,2,0.0,False
a4031,artist,3,0.0,False
a4316,artist,2,0.0,False
a3089,artist,2,0.0,False
a2325,artist,1,0.0,False
a3398,artist,1,0.0,False
a2142,artist,1,0.0,False
a4487,artist,1,0.0,False
a2065,artist,1,0.0,False
a606,artist,1,0.0,False
a2022,artist,1,0.0,False
a2672,artist,2,0.0,False
a2460,artist,1,0.0,False
a4675,artist,1,0.0,False
a3086,artist,1,0.0,False
a1859,artist,1,0.0,False
a4340,artist,1,0.0,False
a4339,artist,1,0.0,False
a597,artist,3,0.0,True
a1842,artist,1,0.0,False
a3104,artist,2,0.0,False
a1817,artist,3,0.0,False
a2326,artist,3,0.0,True
a3556,artist,1,0.0,False
a2691,artist,2,0.0,False
a3079,artist,3,0.0,True
a2542,artist,3,0.0,True
a4041,artist,1,0.0,False
a2543,artist,1,0.0,False
a2556,artist,1,0.0,False
a3748,artist,1,0.0,False
a2566,artist,1,0.0,False
a2569,artist,1,0.0,False
a2338,artist,1,0.0,False
a2568,artist,1,0.0,False
a3936,artist,1,0.0,False
a3931,artist,1,0.0,False
a2648,artist,1,0.0,False
a996,artist,2,0.0,True
a3111,artist,1,0.0,False
a2541,artist,1,0.0,False
a2592,artist,1,0.0,False
a3736,artist,1,0.0,False
a2857,artist,1,0.0,False
a2462,artist,1,0.0,False
a100,artist,1,0.0,False
a2452,artist,1,0.0,False
a2442,artist,1,0.0,False
a3155,artist,1,0.0,False
a2415,artist,1,0.0,False
a3909,artist,1,0.0,False
a2385,artist,1,0.0,False
a2689,artist,2,0.0,False
a2366,artist,2,0.0,False
a4320,artist,1,0.0,False
a4068,artist,1,0.0,False
a4309,artist,3,0.0,True
a4777,artist,1,0.0,False
a4307,artist,2,0.0,False
a4341,artist,1,0.0,False
a1356,artist,1,0.0,False
a1139,artist,1,0.0,False
b170,area,1,0.0,False
b635,area,1,0.0,False
b346,area,1,0.0,False
a1463,artist,1,0.0,False
b685,area,1,0.0,False
b702,area,2,0.0,True
b411,area,1,0.0,False
b337,area,1,0.0,False
b133,area,1,0.0,False
b134,area,1,0.0,False
a2812,artist,1,0.0,False
a1550,artist,1,0.0,False
a1555,artist,1,0.0,False
a941,artist,1,0.0,False
a3158,artist,1,0.0,False
a3160,artist,1,0.0,False
a1616,artist,1,0.0,False
a874,artist,1,0.0,False
b398,area,1,0.0,False
b417,area,1,0.0,False
b588,area,1,0.0,False
a530,artist,1,0.0,False
a600,artist,1,0.0,False
b373,area,1,0.0,False
a466,artist,1,0.0,False
a4809,artist,1,0.0,False
b546,area,1,0.0,False
b422,area,2,0.0,True
a447,artist,1,0.0,False
a1762,artist,1,0.0,False
a1853,artist,1,0.0,False
b584,area,1,0.0,False
a1510,artist,1,0.0,False
a2818,artist,1,0.0,False
b323,area,1,0.0,False
a2574,artist,1,0.0,False
b592,area,2,0.0,True
b20,area,1,0.0,False
b60,area,1,0.0,False
a2658,artist,1,0.0,False
b296,area,2,0.0,True
b232,area,1,0.0,False
b263,area,1,0.0,False
a2838,artist,1,0.0,False
b238,area,3,0.0,True
a3177,artist,1,0.0,False
b596,area,1,0.0,False
b581,area,1,0.0,False
b283,area,1,0.0,False
b426,area,1,0.0,False
b230,area,1,0.0,False
a2457,artist,1,0.0,False
b266,area,1,0.0,False
b267,area,1,0.0,False
b57,area,1,0.0,False
b86,area,1,0.0,False
a2222,artist,1,0.0,False
b106,area,1,0.0,False
b706,area,1,0.0,False
a2078,artist,1,0.0,False
b463,area,1,0.0,False
b491,area,1,0.0,False
a1949,artist,1,0.0,False
b227,area,1,0.0,False
a1809,artist,1,0.0,False
b654,area,1,0.0,False
a1219,artist,1,0.0,False
a903,artist,1,0.0,False
a4363,artist,1,0.0,False
a4615,artist,1,0.0,False
a4618,artist,1,0.0,False
a391,artist,1,0.0,False
a2259,artist,1,0.0,False
a701,artist,1,0.0,False
a997,artist,1,0.0,False
a1382,artist,1,0.0,False
a1902,artist,1,0.0,False
a4480,artist,1,0.0,False
a866,artist,1,0.0,False
a1969,artist,1,0.0,False
a416,artist,1,0.0,False
a4282,artist,1,0.0,False
a2794,artist,1,0.0,False
a4766,artist,1,0.0,False
a4839,artist,2,0.0,True
a4765,artist,1,0.0,False
b467,area,2,0.0,False
a2011,artist,2,0.0,False
a4697,artist,2,0.0,False
a4572,artist,1,0.0,False
a2444,artist,2,0.0,True
a4571,artist,1,0.0,False
a1978,artist,1,0.0,False
a4445,artist,1,0.0,False
a4857,artist,1,0.0,False
a1064,artist,2,0.0,True
a4412,artist,1,0.0,False
a4554,artist,1,0.0,False
a1847,artist,2,0.0,True
a4344,artist,1,0.0,False
a3810,artist,1,0.0,False
a1681,artist,1,0.0,False
a1749,artist,1,0.0,False
b192,area,1,0.0,False
a1015,artist,1,0.0,False
a4797,artist,1,0.0,False
a4730,artist,1,0.0,False
a1386,artist,1,0.0,False
a203,artist,1,0.0,False
b535,area,1,0.0,False
b690,area,1,0.0,False
a2349,artist,1,0.0,False
a3482,artist,1,0.0,False
a242,artist,1,0.0,False
a256,artist,1,0.0,False
a412,artist,1,0.0,False
a3348,artist,1,0.0,False
a2419,artist,1,0.0,False
a3528,artist,1,0.0,False
a2184,artist,1,0.0,False
a2453,artist,1,0.0,False
a3564,artist,1,0.0,False
a2339,artist,1,0.0,False
a3470,artist,1,0.0,False
a1465,artist,1,0.0,False
a4027,artist,1,0.0,False
a3186,artist,1,0.0,False
a101,artist,1,0.0,False
b310,area,1,0.0,False
a2914,artist,1,0.0,False
a75,artist,1,0.0,False
b539,area,1,0.0,False
a3888,artist,1,0.0,False
a2390,artist,1,0.0,False
a191,artist,1,0.0,False
a1838,artist,4,0.0,False
a4804,artist,2,0.0,False
a3240,artist,2,0.0,False
t3433,track,1,0.0,False
t3429,track,1,0.0,False
a4784,artist,1,0.0,False
t3431,track,1,0.0,False
a2860,artist,1,0.0,False
t3432,track,1,0.0,False
a3771,artist,1,0.0,False
a3103,artist,1,0.0,False
a1482,artist,1,0.0,False
t3434,track,1,0.0,False
a4786,artist,2,0.0,True
b693,area,1,0.0,False
t3435,track,1,0.0,False
t3436,track,3,0.0,False
t3440,track,1,0.0,False
t3426,track,1,0.0,False
t3425,track,1,0.0,False
t3472,track,1,0.0,False
a4308,artist,1,0.0,False
a202,artist,2,0.0,False
t3409,track,1,0.0,False
t3410,track,2,0.0,False
t3411,track,1,0.0,False
a3227,artist,1,0.0,False
t3413,track,1,0.0,False
t3416,track,1,0.0,False
a4163,artist,1,0.0,False
t4325,track,1,0.0,False
t3417,track,1,0.0,False
a2076,artist,1,0.0,False
t3421,track,1,0.0,False
a3129,artist,1,0.0,False
t3423,track,1,0.0,False
a2317,artist,1,0.0,False
t3441,track,1,0.0,False
a4691,artist,1,0.0,False
t3464,track,1,0.0,False
t3459,track,2,0.0,False
a2767,artist,2,0.0,False
a3274,artist,2,0.0,False
t3462,track,1,0.0,False
t3463,track,1,0.0,False
a2398,artist,1,0.0,False
a3066,artist,1,0.0,False
t3445,track,1,0.0,False
t3466,track,1,0.0,False
a1543,artist,1,0.0,False
t3467,track,1,0.0,False
t3469,track,1,0.0,False
a677,artist,1,0.0,False
t3471,track,1,0.0,False
a3488,artist,1,0.0,False
t3458,track,1,0.0,False
t3457,track,1,0.0,False
a1701,artist,1,0.0,False
t3456,track,1,0.0,False
a2682,artist,1,0.0,False
a619,artist,1,0.0,False
t3455,track,2,0.0,True
a1943,artist,1,0.0,False
t3452,track,1,0.0,False
a548,artist,1,0.0,False
t3451,track,1,0.0,False
a3080,artist,4,0.0,False
a1930,artist,2,0.0,False
a1929,artist,2,0.0,False
a1039,artist,2,0.0,False
t3447,track,4,0.0,False
a201,artist,2,0.0,False
a2337,artist,4,0.0,False
a4443,artist,2,0.0,False
a3179,artist,1,0.0,False
a3913,artist,1,0.0,False
t3347,track,3,0.0,False
a2824,artist,2,0.0,False
a3054,artist,2,0.0,False
a4781,artist,3,0.0,False
t3348,track,1,0.0,False
t3349,track,1,0.0,False
a2799,artist,1,0.0,False
a3749,artist,1,0.0,False
t3350,track,1,0.0,False
t3353,track,1,0.0,False
a3941,artist,1,0.0,False
t3356,track,1,0.0,False
a759,artist,1,0.0,False
t3346,track,1,0.0,False
a282,artist,1,0.0,False
t3344,track,1,0.0,False
t3343,track,4,0.0,False
b110,area,2,0.0,True
a1564,artist,2,0.0,True
t3341,track,1,0.0,False
t4166,track,1,0.0,False
a2364,artist,2,0.0,True
t3340,track,1,0.0,False
a3147,artist,1,0.0,False
t3334,track,1,0.0,False
a2667,artist,1,0.0,False
t3330,track,1,0.0,False
a2369,artist,1,0.0,False
t3329,track,1,0.0,False
t3328,track,1,0.0,False
t3359,track,1,0.0,False
t3361,track,1,0.0,False
t3404,track,4,0.0,False
a3366,artist,1,0.0,False
a3950,artist,1,0.0,False
t3389,track,1,0.0,False
a3900,artist,1,0.0,False
t3392,track,1,0.0,False
t3396,track,1,0.0,False
t3397,track,1,0.0,False
t3398,track,1,0.0,False
a1268,artist,1,0.0,False
t3401,track,1,0.0,False
a1199,artist,1,0.0,False
t3402,track,1,0.0,False
a1005,artist,1,0.0,False
t3403,track,1,0.0,False
a3660,artist,1,0.0,False
t3387,track,1,0.0,False
a3572,artist,3,0.0,False
t3384,track,2,0.0,False
a4276,artist,1,0.0,False
t3381,track,1,0.0,False
t3379,track,1,0.0,False
a489,artist,1,0.0,False
t3375,track,1,0.0,False
a3837,artist,1,0.0,False
t3370,track,1,0.0,False
a1789,artist,1,0.0,False
t3369,track,1,0.0,False
t3368,track,1,0.0,False
a1201,artist,1,0.0,False
t3367,track,1,0.0,False
a1770,artist,1,0.0,False
t3363,track,1,0.0,False
a241,artist,1,0.0,False
a2178,artist,1,0.0,False
a4028,artist,2,0.0,False
a4389,artist,1,0.0,False
t3565,track,1,0.0,False
a3792,artist,1,0.0,False
t3567,track,1,0.0,False
a3185,artist,2,0.0,True
a4820,artist,1,0.0,False
t3568,track,1,0.0,False
t3569,track,1,0.0,False
a3370,artist,1,0.0,False
a73,artist,3,0.0,True
a3311,artist,2,0.0,False
t3570,track,1,0.0,False
a1816,artist,1,0.0,False
t3571,track,1,0.0,False
a2565,artist,1,0.0,False
t3564,track,1,0.0,False
t3563,track,1,0.0,False
t3474,track,1,0.0,False
a4743,artist,4,0.0,False
t3553,track,1,0.0,False
a3354,artist,1,0.0,False
t3554,track,1,0.0,False
t3555,track,4,0.0,False
a1007,artist,2,0.0,False
a1891,artist,2,0.0,False
a306,artist,2,0.0,False
a4306,artist,1,0.0,False
t3556,track,1,0.0,False
a2517,artist,2,0.0,False
t3558,track,1,0.0,False
a189,artist,1,0.0,False
t3559,track,4,0.0,False
t3561,track,1,0.0,False
t3572,track,2,0.0,True
a1279,artist,1,0.0,False
a3975,artist,1,0.0,False
a482,artist,1,0.0,False
a127,artist,4,0.0,False
a3541,artist,3,0.0,False
a131,artist,3,0.0,False
t3603,track,1,0.0,False
a223,artist,1,0.0,False
t3608,track,1,0.0,False
t3610,track,1,0.0,False
t3574,track,1,0.0,False
a3425,artist,1,0.0,False
t3614,track,1,0.0,False
a1913,artist,1,0.0,False
t3615,track,2,0.0,True
a2854,artist,1,0.0,False
a3978,artist,1,0.0,False
t3599,track,3,0.0,False
a4564,artist,1,0.0,False
t3592,track,1,0.0,False
a2526,artist,1,0.0,False
t3590,track,1,0.0,False
t3589,track,1,0.0,False
a3862,artist,1,0.0,False
t3586,track,1,0.0,False
a2793,artist,1,0.0,False
t3582,track,1,0.0,False
a1315,artist,1,0.0,False
a2640,artist,1,0.0,False
t3581,track,2,0.0,True
t3578,track,2,0.0,False
a3696,artist,1,0.0,False
t3575,track,1,0.0,False
a119,artist,1,0.0,False
a3139,artist,2,0.0,False
a2132,artist,2,0.0,False
t3552,track,2,0.0,False
a3385,artist,2,0.0,False
t3486,track,2,0.0,False
a1466,artist,2,0.0,False
a2292,artist,2,0.0,False
t3487,track,1,0.0,False
a693,artist,1,0.0,False
t3488,track,2,0.0,False
a4366,artist,2,0.0,False
a1141,artist,1,0.0,False
t3491,track,1,0.0,False
a1189,artist,1,0.0,False
t3492,track,1,0.0,False
a2486,artist,1,0.0,False
t3494,track,1,0.0,False
a692,artist,1,0.0,False
a3666,artist,1,0.0,False
t3485,track,1,0.0,False
a15,artist,1,0.0,False
t3484,track,1,0.0,False
a1906,artist,1,0.0,False
t3483,track,1,0.0,False
a258,artist,1,0.0,False
t3481,track,1,0.0,False
a1866,artist,1,0.0,False
t3479,track,1,0.0,False
a3710,artist,3,0.0,False
a4083,artist,2,0.0,False
a2304,artist,2,0.0,False
t3478,track,3,0.0,False
a2890,artist,1,0.0,False
t3477,track,1,0.0,False
t3476,track,4,0.0,False
t3495,track,1,0.0,False
t3502,track,2,0.0,True
a1673,artist,2,0.0,False
a3059,artist,4,0.0,True
t3538,track,3,0.0,False
t3540,track,3,0.0,False
a841,artist,3,0.0,False
a838,artist,4,0.0,False
a1938,artist,3,0.0,False
t3543,track,1,0.0,False
a3851,artist,1,0.0,False
a3140,artist,3,0.0,True
a2359,artist,1,0.0,False
a3890,artist,1,0.0,False
t3547,track,4,0.0,False
a339,artist,2,0.0,False
a338,artist,4,0.0,False
a1973,artist,2,0.0,False
t3535,track,1,0.0,False
a1398,artist,1,0.0,False
t3531,track,1,0.0,False
a3112,artist,1,0.0,False
t3530,track,1,0.0,False
a1995,artist,1,0.0,False
t3529,track,1,0.0,False
a1596,artist,1,0.0,False
t3526,track,1,0.0,False
a1689,artist,2,0.0,False
a1924,artist,2,0.0,False
t3510,track,2,0.0,False
a3409,artist,1,0.0,False
t3509,track,1,0.0,False
a3894,artist,1,0.0,False
a3353,artist,1,0.0,False
a3417,artist,1,0.0,False
a3007,artist,2,0.0,False
a1795,artist,1,0.0,False
t3325,track,1,0.0,False
a3869,artist,1,0.0,False
a3019,artist,1,0.0,False
t3160,track,1,0.0,False
a2103,artist,1,0.0,False
t3162,track,1,0.0,False
a3794,artist,1,0.0,False
t3163,track,1,0.0,False
t3165,track,2,0.0,False
a2790,artist,1,0.0,False
a4502,artist,2,0.0,False
a1697,artist,2,0.0,False
t3167,track,1,0.0,False
a2089,artist,1,0.0,False
t3168,track,1,0.0,False
a4511,artist,1,0.0,False
t3158,track,1,0.0,False
t3157,track,1,0.0,False
a4666,artist,1,0.0,False
t3150,track,1,0.0,False
a2197,artist,2,0.0,False
a1979,artist,2,0.0,False
a1491,artist,2,0.0,False
t3148,track,1,0.0,False
t3149,track,1,0.0,False
a1103,artist,1,0.0,False
a1121,artist,1,0.0,False
a3238,artist,1,0.0,False
t3154,track,4,0.0,False
a2386,artist,2,0.0,False
a4205,artist,2,0.0,False
a2823,artist,2,0.0,False
a2267,artist,4,0.0,False
t3156,track,1,0.0,False
t3169,track,3,0.0,False
a4248,artist,3,0.0,False
a240,artist,4,0.0,False
a1741,artist,1,0.0,False
a2179,artist,3,0.0,False
a4689,artist,2,0.0,False
t3184,track,2,0.0,True
a853,artist,1,0.0,False
a4628,artist,1,0.0,False
t3190,track,1,0.0,False
t3191,track,1,0.0,False
a4253,artist,3,0.0,False
t3192,track,1,0.0,False
a518,artist,1,0.0,False
t3194,track,1,0.0,False
a2256,artist,1,0.0,False
t3201,track,1,0.0,False
t3203,track,1,0.0,False
a4323,artist,2,0.0,False
t3181,track,3,0.0,False
a2226,artist,1,0.0,False
t3180,track,1,0.0,False
a907,artist,1,0.0,False
t3179,track,1,0.0,False
t3177,track,1,0.0,False
a1471,artist,1,0.0,False
a3423,artist,1,0.0,False
t3176,track,2,0.0,True
a3982,artist,1,0.0,False
t3174,track,1,0.0,False
a4375,artist,1,0.0,False
t3172,track,1,0.0,False
a2097,artist,1,0.0,False
t3171,track,1,0.0,False
t3584,track,3,0.0,False
a1703,artist,4,0.0,False
t3141,track,4,0.0,False
a1624,artist,1,0.0,False
a2611,artist,2,0.0,True
a4562,artist,1,0.0,False
t3085,track,2,0.0,False
a1172,artist,3,0.0,False
a3244,artist,3,0.0,False
b38,area,2,0.0,False
t3092,track,1,0.0,False
t3093,track,1,0.0,False
a3290,artist,1,0.0,False
a4150,artist,1,0.0,False
a1075,artist,2,0.0,False
a3945,artist,2,0.0,False
t3098,track,1,0.0,False
a2162,artist,4,0.0,True
a555,artist,1,0.0,False
a4527,artist,2,0.0,True
t3084,track,1,0.0,False
a2678,artist,4,0.0,False
a3877,artist,2,0.0,False
a1309,artist,2,0.0,False
a1307,artist,2,0.0,False
t3082,track,4,0.0,False
a3057,artist,1,0.0,False
t3080,track,1,0.0,False
a4447,artist,2,0.0,True
a720,artist,2,0.0,True
t3079,track,1,0.0,False
a2079,artist,1,0.0,False
t3077,track,1,0.0,False
a4321,artist,2,0.0,False
a199,artist,2,0.0,False
a2597,artist,2,0.0,False
a930,artist,1,0.0,False
t3099,track,1,0.0,False
t3140,track,1,0.0,False
a4455,artist,2,0.0,False
a2789,artist,1,0.0,False
t3122,track,1,0.0,False
t3123,track,1,0.0,False
a2944,artist,1,0.0,False
t3128,track,3,0.0,False
a2963,artist,2,0.0,False
a849,artist,3,0.0,False
a1407,artist,1,0.0,False
t3131,track,1,0.0,False
a1399,artist,1,0.0,False
t3134,track,1,0.0,False
a4,artist,1,0.0,False
t3137,track,1,0.0,False
a2106,artist,1,0.0,False
t3121,track,1,0.0,False
a2951,artist,1,0.0,False
t3118,track,1,0.0,False
a2240,artist,1,0.0,False
t3115,track,1,0.0,False
a2402,artist,1,0.0,False
t3114,track,1,0.0,False
a3863,artist,1,0.0,False
t3113,track,1,0.0,False
a4380,artist,1,0.0,False
t3109,track,1,0.0,False
a250,artist,1,0.0,False
t3104,track,1,0.0,False
a1002,artist,2,0.0,False
a4311,artist,2,0.0,False
a1111,artist,1,0.0,False
t3101,track,1,0.0,False
t3204,track,1,0.0,False
a3613,artist,1,0.0,False
t3206,track,1,0.0,False
a4788,artist,1,0.0,False
a144,artist,1,0.0,False
t3294,track,1,0.0,False
a1291,artist,1,0.0,False
t3297,track,1,0.0,False
a3903,artist,1,0.0,False
t3298,track,1,0.0,False
t3300,track,3,0.0,False
t3309,track,4,0.0,False
a4659,artist,2,0.0,False
a3782,artist,3,0.0,False
a1614,artist,2,0.0,False
t3303,track,1,0.0,False
a2208,artist,1,0.0,False
t3308,track,1,0.0,False
t3292,track,1,0.0,False
t3288,track,1,0.0,False
a3045,artist,1,0.0,False
t3287,track,1,0.0,False
a4152,artist,2,0.0,False
a2548,artist,2,0.0,False
a2546,artist,2,0.0,False
b488,area,1,0.0,False
a4662,artist,2,0.0,True
t3281,track,1,0.0,False
a4754,artist,1,0.0,False
t3279,track,1,0.0,False
t3278,track,1,0.0,False
a1442,artist,1,0.0,False
t3277,track,1,0.0,False
a2515,artist,2,0.0,False
a1449,artist,2,0.0,False
a1671,artist,1,0.0,False
a438,artist,3,0.0,False
a2922,artist,1,0.0,False
a1991,artist,2,0.0,False
b68,area,2,0.0,False
t3314,track,1,0.0,False
t1401,track,1,0.0,False
t3317,track,3,0.0,True
a19,artist,1,0.0,False
a686,artist,2,0.0,False
t3319,track,1,0.0,False
a2,artist,5,0.0,False
a694,artist,1,0.0,False
t3320,track,2,0.0,False
a1059,artist,2,0.0,False
a4719,artist,2,0.0,False
t3321,track,1,0.0,False
t3322,track,1,0.0,False
b384,area,2,0.0,False
b70,area,1,0.0,False
a3667,artist,3,0.0,False
a4506,artist,2,0.0,True
a2265,artist,3,0.0,False
t3313,track,3,0.0,True
a4641,artist,3,0.0,True
a585,artist,2,0.0,True
t3311,track,1,0.0,False
a711,artist,1,0.0,False
a2121,artist,1,0.0,False
a2919,artist,1,0.0,False
a365,artist,4,0.0,True
t3310,track,1,0.0,False
b647,area,4,0.0,False
a132,artist,3,0.0,False
a4092,artist,3,0.0,False
t3275,track,2,0.0,False
t3274,track,1,0.0,False
a2856,artist,2,0.0,True
a2094,artist,3,0.0,False
t3227,track,1,0.0,False
a602,artist,2,0.0,True
a3011,artist,1,0.0,False
t3230,track,1,0.0,False
a3345,artist,1,0.0,False
t3232,track,3,0.0,False
a3487,artist,2,0.0,False
a3038,artist,2,0.0,False
a2424,artist,2,0.0,False
t3234,track,1,0.0,False
a3651,artist,1,0.0,False
t3235,track,1,0.0,False
a142,artist,1,0.0,False
t3237,track,3,0.0,False
a228,artist,2,0.0,False
a644,artist,2,0.0,False
a2470,artist,3,0.0,False
t3224,track,3,0.0,False
t3223,track,1,0.0,False
a967,artist,1,0.0,False
t3219,track,1,0.0,False
a4247,artist,1,0.0,False
t3884,track,1,0.0,False
a2957,artist,2,0.0,True
t3216,track,1,0.0,False
b313,area,2,0.0,False
a4063,artist,1,0.0,False
t3214,track,1,0.0,False
a3002,artist,1,0.0,False
t3209,track,1,0.0,False
a383,artist,3,0.0,True
a1116,artist,2,0.0,False
a3895,artist,3,0.0,False
a4454,artist,1,0.0,False
t3260,track,1,0.0,False
a1168,artist,2,0.0,False
a2637,artist,2,0.0,False
t3257,track,1,0.0,False
a2305,artist,1,0.0,False
t3259,track,1,0.0,False
a3247,artist,1,0.0,False
a1787,artist,1,0.0,False
t3241,track,1,0.0,False
t3264,track,1,0.0,False
a1244,artist,1,0.0,False
t3271,track,1,0.0,False
t3272,track,1,0.0,False
t3273,track,1,0.0,False
a1130,artist,2,0.0,True
t3256,track,2,0.0,False
a3142,artist,1,0.0,False
t3255,track,1,0.0,False
t3372,track,1,0.0,False
t3254,track,1,0.0,False
a4746,artist,1,0.0,False
a4692,artist,2,0.0,True
t3252,track,1,0.0,False
b649,area,1,0.0,False
a2198,artist,2,0.0,True
t3251,track,1,0.0,False
a4209,artist,1,0.0,False
t3248,track,1,0.0,False
a4710,artist,1,0.0,False
t3245,track,1,0.0,False
t3242,track,2,0.0,False
a4814,artist,2,0.0,True
a1218,artist,2,0.0,False
a1988,artist,2,0.0,False
t4160,track,4,0.0,False
a3563,artist,2,0.0,True
a1483,artist,2,0.0,False
t3998,track,1,0.0,False
a1497,artist,1,0.0,False
t3999,track,1,0.0,False
a3162,artist,1,0.0,False
a4106,artist,1,0.0,False
b343,area,1,0.0,False
a4214,artist,2,0.0,False
t4005,track,1,0.0,False
a2281,artist,1,0.0,False
a2003,artist,1,0.0,False
b659,area,2,0.0,True
t4007,track,1,0.0,False
a2447,artist,2,0.0,True
a4763,artist,4,0.0,False
a4217,artist,2,0.0,False
t4033,track,1,0.0,False
t3992,track,1,0.0,False
t3984,track,1,0.0,False
a1486,artist,1,0.0,False
t3989,track,1,0.0,False
a444,artist,1,0.0,False
t3990,track,1,0.0,False
a933,artist,1,0.0,False
a3587,artist,1,0.0,False
t3997,track,4,0.0,False
t3993,track,1,0.0,False
a3288,artist,2,0.0,True
t3994,track,1,0.0,False
a2798,artist,1,0.0,False
t3996,track,1,0.0,False
a1645,artist,1,0.0,False
a2862,artist,1,0.0,False
a2778,artist,2,0.0,False
a3531,artist,2,0.0,False
t4021,track,1,0.0,False
a4010,artist,1,0.0,False
t4020,track,4,0.0,False
a2134,artist,4,0.0,False
a2136,artist,2,0.0,False
a589,artist,2,0.0,False
a2135,artist,2,0.0,False
a4047,artist,1,0.0,False
t4009,track,1,0.0,False
t4023,track,1,0.0,False
a2579,artist,3,0.0,False
t4025,track,1,0.0,False
t4028,track,1,0.0,False
a1719,artist,1,0.0,False
t4030,track,1,0.0,False
t4019,track,1,0.0,False
a4102,artist,1,0.0,False
t4016,track,1,0.0,False
a55,artist,2,0.0,False
a689,artist,2,0.0,False
a1766,artist,3,0.0,False
t4015,track,3,0.0,False
a2362,artist,1,0.0,False
t4014,track,1,0.0,False
a4258,artist,1,0.0,False
t4012,track,1,0.0,False
a2747,artist,2,0.0,False
a912,artist,2,0.0,False
t4011,track,2,0.0,False
a1772,artist,1,0.0,False
t4010,track,1,0.0,False
a4806,artist,1,0.0,False
a3670,artist,1,0.0,False
t3982,track,1,0.0,False
a1630,artist,1,0.0,False
b328,area,1,0.0,False
a1353,artist,1,0.0,False
t3926,track,1,0.0,False
a1641,artist,1,0.0,False
t3931,track,1,0.0,False
a2023,artist,1,0.0,False
t3932,track,1,0.0,False
t3938,track,1,0.0,False
a3416,artist,1,0.0,False
a1752,artist,1,0.0,False
t3939,track,1,0.0,False
a1259,artist,1,0.0,False
t3940,track,1,0.0,False
a4368,artist,2,0.0,True
b282,area,1,0.0,False
t3925,track,1,0.0,False
t3922,track,1,0.0,False
a4561,artist,1,0.0,False
t3920,track,1,0.0,False
a1473,artist,1,0.0,False
t3918,track,1,0.0,False
a4651,artist,2,0.0,False
a4175,artist,2,0.0,False
a4123,artist,2,0.0,False
a4160,artist,4,0.0,False
t3914,track,4,0.0,False
t3906,track,1,0.0,False
t3905,track,1,0.0,False
t3904,track,1,0.0,False
a3972,artist,1,0.0,False
t3899,track,1,0.0,False
a3989,artist,1,0.0,False
t3941,track,1,0.0,False
t3943,track,1,0.0,False
t3981,track,1,0.0,False
a3296,artist,2,0.0,False
a2849,artist,1,0.0,False
t3967,track,1,0.0,False
a1927,artist,1,0.0,False
t3970,track,1,0.0,False
a3893,artist,1,0.0,False
t3972,track,2,0.0,False
a3127,artist,2,0.0,False
a4709,artist,3,0.0,True
t3974,track,1,0.0,False
a27,artist,1,0.0,False
t3975,track,1,0.0,False
a1669,artist,1,0.0,False
t3977,track,1,0.0,False
a3401,artist,1,0.0,False
t3966,track,1,0.0,False
a3876,artist,1,0.0,False
t3964,track,1,0.0,False
a3607,artist,2,0.0,False
a4546,artist,2,0.0,False
t3961,track,2,0.0,False
a2703,artist,1,0.0,False
t3958,track,1,0.0,False
a3787,artist,1,0.0,False
t3955,track,1,0.0,False
a2690,artist,1,0.0,False
t3952,track,1,0.0,False
a3581,artist,1,0.0,False
t3951,track,1,0.0,False
t3950,track,4,0.0,False
b469,area,2,0.0,False
a3798,artist,2,0.0,False
a2427,artist,1,0.0,False
a742,artist,1,0.0,False
t3619,track,1,0.0,False
a1684,artist,1,0.0,False
a4406,artist,1,0.0,False
t4115,track,1,0.0,False
a1241,artist,1,0.0,False
t4119,track,1,0.0,False
a1735,artist,1,0.0,False
t4124,track,1,0.0,False
t4127,track,1,0.0,False
a673,artist,1,0.0,False
a1908,artist,1,0.0,False
t4129,track,1,0.0,False
a3322,artist,2,0.0,True
b476,area,1,0.0,False
t4130,track,1,0.0,False
a3118,artist,2,0.0,True
t4111,track,1,0.0,False
t4110,track,1,0.0,False
t4034,track,1,0.0,False
a696,artist,2,0.0,False
a1565,artist,1,0.0,False
t4100,track,1,0.0,False
a3181,artist,1,0.0,False
t4101,track,4,0.0,False
a957,artist,2,0.0,False
a2504,artist,4,0.0,False
a1222,artist,2,0.0,False
a24,artist,1,0.0,False
t4102,track,1,0.0,False
a1563,artist,1,0.0,False
t4107,track,2,0.0,False
a4492,artist,2,0.0,False
a2299,artist,2,0.0,False
t4109,track,1,0.0,False
t4132,track,1,0.0,False
a1230,artist,1,0.0,False
t4133,track,4,0.0,False
t4152,track,1,0.0,False
t4146,track,1,0.0,False
b265,area,1,0.0,False
t4147,track,1,0.0,False
a946,artist,1,0.0,False
t4148,track,1,0.0,False
a1558,artist,1,0.0,False
a1827,artist,1,0.0,False
a216,artist,2,0.0,False
t4154,track,1,0.0,False
a487,artist,1,0.0,False
t4158,track,1,0.0,False
a3713,artist,1,0.0,False
t4159,track,1,0.0,False
a4844,artist,1,0.0,False
a2112,artist,1,0.0,False
t4145,track,1,0.0,False
a3823,artist,1,0.0,False
t4144,track,1,0.0,False
a1012,artist,1,0.0,False
t4143,track,1,0.0,False
a1140,artist,1,0.0,False
t4142,track,1,0.0,False
a4236,artist,2,0.0,False
a386,artist,3,0.0,False
a4718,artist,2,0.0,False
t4138,track,3,0.0,False
a1970,artist,1,0.0,False
t4134,track,1,0.0,False
a238,artist,2,0.0,False
a2046,artist,4,0.0,False
a982,artist,2,0.0,False
t4099,track,1,0.0,False
a74,artist,1,0.0,False
t4098,track,1,0.0,False
a3149,artist,1,0.0,False
t4053,track,4,0.0,False
a3024,artist,2,0.0,False
a2405,artist,2,0.0,False
a3515,artist,4,0.0,False
a3026,artist,2,0.0,False
t4060,track,1,0.0,False
t4061,track,1,0.0,False
a1011,artist,2,0.0,False
a2989,artist,1,0.0,False
t4064,track,1,0.0,False
a83,artist,2,0.0,True
b549,area,1,0.0,False
t4065,track,1,0.0,False
a4125,artist,1,0.0,False
a3767,artist,1,0.0,False
t4051,track,1,0.0,False
a4612,artist,3,0.0,False
a4300,artist,3,0.0,True
t4050,track,1,0.0,False
t4049,track,1,0.0,False
a2571,artist,1,0.0,False
t4048,track,1,0.0,False
t4046,track,1,0.0,False
t4044,track,1,0.0,False
a4359,artist,3,0.0,True
a3859,artist,2,0.0,True
t4041,track,1,0.0,False
a2303,artist,1,0.0,False
a4420,artist,1,0.0,False
t4035,track,1,0.0,False
a2704,artist,1,0.0,False
t4069,track,4,0.0,False
a3375,artist,2,0.0,False
a3336,artist,2,0.0,False
t4093,track,1,0.0,False
t4089,track,1,0.0,False
a3799,artist,1,0.0,False
t4090,track,1,0.0,False
a2049,artist,1,0.0,False
t4091,track,1,0.0,False
a3663,artist,1,0.0,False
t4095,track,1,0.0,False
a1738,artist,2,0.0,False
a4573,artist,1,0.0,False
t4096,track,1,0.0,False
a1750,artist,1,0.0,False
t4097,track,3,0.0,False
a3339,artist,3,0.0,False
a3003,artist,2,0.0,False
a3340,artist,1,0.0,False
t4085,track,1,0.0,False
a4780,artist,2,0.0,False
a2238,artist,2,0.0,False
t4082,track,2,0.0,False
a3396,artist,1,0.0,False
t4078,track,1,0.0,False
a4688,artist,1,0.0,False
t4077,track,1,0.0,False
t4075,track,1,0.0,False
a2072,artist,1,0.0,False
t4074,track,1,0.0,False
a2770,artist,1,0.0,False
t4073,track,1,0.0,False
a4605,artist,1,0.0,False
t4071,track,1,0.0,False
a3373,artist,4,0.0,False
a3797,artist,1,0.0,False
t3896,track,2,0.0,True
a3022,artist,1,0.0,False
t3724,track,2,0.0,False
a4795,artist,1,0.0,False
t3716,track,1,0.0,False
a1785,artist,2,0.0,True
a1048,artist,1,0.0,False
t3718,track,1,0.0,False
a349,artist,1,0.0,False
a766,artist,2,0.0,False
a3907,artist,1,0.0,False
a4001,artist,2,0.0,False
t3726,track,1,0.0,False
a3404,artist,1,0.0,False
t3731,track,1,0.0,False
a3700,artist,2,0.0,False
a3262,artist,2,0.0,False
t3711,track,1,0.0,False
t3710,track,1,0.0,False
t3895,track,1,0.0,False
t3692,track,1,0.0,False
a2333,artist,2,0.0,False
a2332,artist,3,0.0,False
t3686,track,1,0.0,False
a3071,artist,1,0.0,False
t3691,track,1,0.0,False
a1756,artist,1,0.0,False
a553,artist,1,0.0,False
a3951,artist,1,0.0,False
t3693,track,1,0.0,False
t3698,track,1,0.0,False
a3616,artist,1,0.0,False
t3703,track,1,0.0,False
a2377,artist,1,0.0,False
t3706,track,1,0.0,False
t3732,track,1,0.0,False
a295,artist,2,0.0,True
a3363,artist,1,0.0,False
a2068,artist,2,0.0,False
a2743,artist,1,0.0,False
t3750,track,1,0.0,False
a62,artist,2,0.0,True
a812,artist,1,0.0,False
t3751,track,2,0.0,False
a4319,artist,2,0.0,False
t3753,track,2,0.0,False
t3733,track,3,0.0,False
a4790,artist,2,0.0,False
a4124,artist,2,0.0,False
t3754,track,1,0.0,False
a1213,artist,2,0.0,True
a4827,artist,1,0.0,False
t3755,track,1,0.0,False
t3748,track,1,0.0,False
a467,artist,4,0.0,False
a4614,artist,2,0.0,False
a3418,artist,2,0.0,False
a3344,artist,2,0.0,False
t3743,track,4,0.0,False
a2370,artist,1,0.0,False
t3742,track,1,0.0,False
a4461,artist,1,0.0,False
t3736,track,1,0.0,False
a2057,artist,1,0.0,False
t3735,track,1,0.0,False
a823,artist,1,0.0,False
t3734,track,1,0.0,False
a550,artist,3,0.0,False
a3037,artist,2,0.0,False
a582,artist,2,0.0,False
a4696,artist,2,0.0,False
t3684,track,3,0.0,False
a942,artist,1,0.0,False
t3641,track,1,0.0,False
t3637,track,2,0.0,False
a2342,artist,2,0.0,False
a3030,artist,2,0.0,False
a3028,artist,2,0.0,False
a3326,artist,2,0.0,False
a6,artist,2,0.0,False
a206,artist,1,0.0,False
t3652,track,1,0.0,False
t3643,track,1,0.0,False
a2176,artist,1,0.0,False
a375,artist,1,0.0,False
t3648,track,1,0.0,False
a4494,artist,2,0.0,True
a3143,artist,1,0.0,False
a4663,artist,1,0.0,False
t3636,track,1,0.0,False
a1740,artist,1,0.0,False
t3635,track,1,0.0,False
a1971,artist,1,0.0,False
t3633,track,1,0.0,False
a472,artist,1,0.0,False
t3632,track,1,0.0,False
a2594,artist,1,0.0,False
t3629,track,1,0.0,False
a3444,artist,1,0.0,False
a4767,artist,1,0.0,False
t3627,track,2,0.0,True
a1175,artist,1,0.0,False
t3622,track,1,0.0,False
t3621,track,1,0.0,False
a2787,artist,1,0.0,False
t3649,track,1,0.0,False
a248,artist,2,0.0,True
t3680,track,1,0.0,False
t3674,track,3,0.0,False
a1981,artist,1,0.0,False
t3672,track,1,0.0,False
a305,artist,1,0.0,False
t3673,track,1,0.0,False
a2159,artist,2,0.0,True
a359,artist,3,0.0,True
a4549,artist,2,0.0,False
a869,artist,2,0.0,True
a3878,artist,3,0.0,False
a4290,artist,2,0.0,False
t3675,track,1,0.0,False
a2537,artist,1,0.0,False
t3676,track,1,0.0,False
a152,artist,1,0.0,False
t3671,track,1,0.0,False
a804,artist,1,0.0,False
t3670,track,1,0.0,False
a1276,artist,1,0.0,False
t3668,track,1,0.0,False
a819,artist,1,0.0,False
t3667,track,1,0.0,False
b274,area,2,0.0,False
a3432,artist,3,0.0,False
t3663,track,2,0.0,False
a1632,artist,1,0.0,False
t3661,track,1,0.0,False
a2093,artist,1,0.0,False
t3660,track,1,0.0,False
a48,artist,1,0.0,False
a2686,artist,2,0.0,True
t3657,track,1,0.0,False
a3772,artist,1,0.0,False
t3757,track,1,0.0,False
t3758,track,1,0.0,False
a1434,artist,1,0.0,False
t3856,track,1,0.0,False
a927,artist,1,0.0,False
t3857,track,1,0.0,False
t3860,track,1,0.0,False
t3861,track,1,0.0,False
a211,artist,2,0.0,True
t3863,track,1,0.0,False
a1323,artist,2,0.0,True
t3865,track,1,0.0,False
t3866,track,2,0.0,False
a4190,artist,2,0.0,False
a3609,artist,2,0.0,False
t3867,track,1,0.0,False
a1123,artist,1,0.0,False
t3855,track,1,0.0,False
a4324,artist,1,0.0,False
t3853,track,1,0.0,False
a2186,artist,1,0.0,False
t3852,track,1,0.0,False
t3851,track,1,0.0,False
a3039,artist,1,0.0,False
t3850,track,1,0.0,False
a4810,artist,1,0.0,False
t3845,track,1,0.0,False
a3176,artist,1,0.0,False
t3843,track,1,0.0,False
a4805,artist,2,0.0,False
a1033,artist,2,0.0,False
a1841,artist,2,0.0,False
a1042,artist,4,0.0,False
t3842,track,4,0.0,False
t3868,track,1,0.0,False
b156,area,2,0.0,True
t3839,track,1,0.0,False
a978,artist,2,0.0,False
t3885,track,1,0.0,False
a2213,artist,1,0.0,False
t3888,track,1,0.0,False
a4856,artist,1,0.0,False
t3889,track,1,0.0,False
a2602,artist,1,0.0,False
a1355,artist,2,0.0,False
t3869,track,2,0.0,False
t3891,track,1,0.0,False
a4452,artist,1,0.0,False
t3892,track,1,0.0,False
a749,artist,1,0.0,False
t3894,track,1,0.0,False
a4762,artist,1,0.0,False
a2185,artist,1,0.0,False
t3881,track,1,0.0,False
a715,artist,1,0.0,False
t3879,track,1,0.0,False
t3929,track,2,0.0,False
a2067,artist,3,0.0,False
a3051,artist,3,0.0,False
t3876,track,2,0.0,False
a549,artist,1,0.0,False
t3874,track,1,0.0,False
a1600,artist,1,0.0,False
t3873,track,1,0.0,False
a1590,artist,3,0.0,True
a659,artist,2,0.0,True
t3870,track,1,0.0,False
a1603,artist,3,0.0,False
a2949,artist,3,0.0,False
a4555,artist,1,0.0,False
a1207,artist,1,0.0,False
a1487,artist,1,0.0,False
a1060,artist,2,0.0,False
t3782,track,1,0.0,False
a972,artist,1,0.0,False
t3783,track,1,0.0,False
a882,artist,1,0.0,False
t3784,track,2,0.0,False
a4338,artist,2,0.0,False
t3785,track,1,0.0,False
t3791,track,1,0.0,False
a1221,artist,2,0.0,True
b604,area,1,0.0,False
t3788,track,1,0.0,False
a1923,artist,1,0.0,False
t3789,track,2,0.0,False
a3653,artist,2,0.0,False
a2467,artist,1,0.0,False
t3777,track,1,0.0,False
a3352,artist,1,0.0,False
t3775,track,1,0.0,False
a3489,artist,1,0.0,False
t3774,track,1,0.0,False
t3768,track,1,0.0,False
t3765,track,1,0.0,False
a4613,artist,1,0.0,False
t3764,track,1,0.0,False
a1247,artist,1,0.0,False
t3763,track,1,0.0,False
t3762,track,1,0.0,False
t3761,track,2,0.0,False
a4039,artist,1,0.0,False
t3760,track,1,0.0,False
a3243,artist,1,0.0,False
a51,artist,2,0.0,False
a515,artist,1,0.0,False
a2334,artist,1,0.0,False
a1186,artist,1,0.0,False
t3818,track,1,0.0,False
a4482,artist,2,0.0,True
b547,area,1,0.0,False
t3828,track,1,0.0,False
a3250,artist,1,0.0,False
t3829,track,1,0.0,False
t3832,track,1,0.0,False
t3794,track,2,0.0,False
a239,artist,1,0.0,False
t3836,track,1,0.0,False
a985,artist,2,0.0,True
b273,area,1,0.0,False
t3837,track,1,0.0,False
t3838,track,2,0.0,True
a1896,artist,1,0.0,False
t3817,track,1,0.0,False
a4076,artist,1,0.0,False
t3814,track,1,0.0,False
a3595,artist,2,0.0,False
a2610,artist,2,0.0,False
t3813,track,2,0.0,False
a2896,artist,1,0.0,False
t3806,track,1,0.0,False
a3626,artist,2,0.0,False
a4647,artist,2,0.0,False
t3799,track,2,0.0,False
t3797,track,1,0.0,False
a4531,artist,2,0.0,True
t3795,track,1,0.0,False
a4478,artist,2,0.0,False
a3789,artist,2,0.0,False
a1790,artist,1,0.0,False
a4230,artist,1,0.0,False
a3534,artist,1,0.0,False
t1501,track,2,0.0,False
t1771,track,3,0.0,True
t3786,track,1,0.0,False
t1769,track,1,0.0,False
t1498,track,2,0.0,False
t7,track,2,0.0,False
a3751,artist,2,0.0,False
t1525,track,2,0.0,False
t390,track,2,0.0,False
a1153,artist,2,0.0,False
t1503,track,2,0.0,False
a4197,artist,4,0.0,False
t1162,track,4,0.0,False
t1514,track,2,0.0,False
t4086,track,2,0.0,False
t1490,track,1,0.0,False
t3390,track,2,0.0,False
a2376,artist,3,0.0,False
t1776,track,3,0.0,False
t1488,track,2,0.0,False
t2208,track,1,0.0,False
t1743,track,1,0.0,False
t780,track,3,0.0,True
t1485,track,1,0.0,False
t3222,track,3,0.0,False
t4254,track,4,0.0,False
a1275,artist,4,0.0,False
a632,artist,4,0.0,False
t1482,track,3,0.0,False
t2847,track,2,0.0,False
t2846,track,3,0.0,False
a137,artist,4,0.0,True
a4279,artist,5,0.0,True
a3468,artist,3,0.0,False
a1445,artist,3,0.0,False
t1679,track,1,0.0,False
t1796,track,1,0.0,False
t1566,track,1,0.0,False
a915,artist,2,0.0,False
t1816,track,2,0.0,False
t1563,track,2,0.0,False
t1573,track,2,0.0,False
t2588,track,2,0.0,False
a735,artist,4,0.0,False
t2552,track,4,0.0,False
t1557,track,2,0.0,False
t3983,track,3,0.0,False
a3861,artist,2,0.0,False
a4174,artist,2,0.0,False
t1556,track,3,0.0,False
t4371,track,1,0.0,False
t1521,track,2,0.0,False
t4327,track,3,0.0,True
t1553,track,1,0.0,False
t272,track,2,0.0,False
a1020,artist,3,0.0,True
t1546,track,2,0.0,False
t2620,track,2,0.0,False
t1533,track,3,0.0,False
a2451,artist,3,0.0,False
t1534,track,2,0.0,False
t2319,track,2,0.0,False
a1310,artist,2,0.0,False
t1530,track,2,0.0,False
t269,track,2,0.0,False
a3124,artist,2,0.0,False
t1478,track,2,0.0,False
a1444,artist,2,0.0,False
t1106,track,2,0.0,False
t1759,track,2,0.0,False
t1412,track,2,0.0,False
a3795,artist,2,0.0,False
t3284,track,2,0.0,False
t1411,track,2,0.0,False
t850,track,2,0.0,False
a4377,artist,3,0.0,True
t1408,track,2,0.0,False
t3205,track,3,0.0,False
t1406,track,3,0.0,False
t2668,track,5,0.0,False
a2762,artist,5,0.0,False
a3048,artist,5,0.0,False
t1405,track,3,0.0,False
t1393,track,2,0.0,False
t1391,track,2,0.0,False
t1413,track,2,0.0,False
t4378,track,2,0.0,False
t1952,track,2,0.0,False
t1919,track,4,0.0,False
t1390,track,2,0.0,False
a2576,artist,2,0.0,False
t2363,track,2,0.0,False
t1387,track,2,0.0,False
t2460,track,5,0.0,False
t1575,track,6,0.0,False
a3403,artist,5,0.0,False
a215,artist,5,0.0,False
a2741,artist,5,0.0,False
a3259,artist,7,0.0,False
t1381,track,5,0.0,False
t3919,track,2,0.0,False
t1415,track,2,0.0,False
t1473,track,2,0.0,False
t1432,track,2,0.0,False
t837,track,2,0.0,False
a1932,artist,3,0.0,True
t1462,track,2,0.0,False
t1524,track,1,0.0,False
t1775,track,2,0.0,True
t1458,track,1,0.0,False
t2104,track,2,0.0,False
a2681,artist,3,0.0,False
t4076,track,3,0.0,False
t1451,track,2,0.0,False
t2982,track,5,0.0,False
t2984,track,5,0.0,False
t1440,track,5,0.0,False
t3305,track,2,0.0,False
t3437,track,2,0.0,False
t3820,track,2,0.0,False
a229,artist,3,0.0,False
t1429,track,3,0.0,False
t1430,track,2,0.0,False
t2632,track,3,0.0,False
t3600,track,3,0.0,False
t1423,track,3,0.0,False
t3450,track,4,0.0,False
t1421,track,4,0.0,False
t4036,track,4,0.0,False
t1419,track,4,0.0,False
t4246,track,2,0.0,False
a14,artist,3,0.0,False
t4353,track,3,0.0,False
t1417,track,2,0.0,False
t1571,track,2,0.0,False
a3042,artist,3,0.0,False
t1287,track,3,0.0,False
t3498,track,3,0.0,False
t4403,track,7,0.0,False
t1733,track,5,0.0,False
t4029,track,2,0.0,False
t2626,track,2,0.0,False
t3102,track,3,0.0,False
a2027,artist,3,0.0,False
t1731,track,2,0.0,False
t3291,track,2,0.0,False
t866,track,3,0.0,False
t1726,track,2,0.0,False
t2693,track,4,0.0,False
t1713,track,4,0.0,False
t3497,track,2,0.0,False
a4270,artist,3,0.0,False
t1712,track,2,0.0,False
t4404,track,5,0.0,False
t1710,track,2,0.0,False
t4255,track,3,0.0,False
a3175,artist,3,0.0,False
t1709,track,2,0.0,False
t1708,track,2,0.0,False
t1707,track,2,0.0,False
t3542,track,2,0.0,False
t1689,track,3,0.0,False
t1688,track,2,0.0,False
t1704,track,2,0.0,False
t1687,track,2,0.0,False
t3135,track,2,0.0,False
t1867,track,2,0.0,False
t3138,track,4,0.0,False
t2154,track,5,0.0,False
t1734,track,2,0.0,False
t3523,track,2,0.0,False
t1764,track,5,0.0,False
a588,artist,3,0.0,False
t1780,track,2,0.0,False
a4513,artist,2,0.0,False
t3609,track,2,0.0,False
t1773,track,2,0.0,False
t4454,track,2,0.0,False
t1766,track,2,0.0,False
t2084,track,5,0.0,False
t2086,track,5,0.0,False
t2085,track,7,0.0,False
a2397,artist,5,0.0,False
a2563,artist,5,0.0,False
a2973,artist,5,0.0,False
a2981,artist,7,0.0,False
t2248,track,2,0.0,False
t214,track,2,0.0,False
t1758,track,2,0.0,False
t3669,track,2,0.0,False
a4770,artist,3,0.0,False
t1061,track,3,0.0,False
t1756,track,2,0.0,False
t2234,track,2,0.0,False
t2235,track,3,0.0,False
a1668,artist,3,0.0,False
t1754,track,2,0.0,False
t2044,track,2,0.0,False
t2596,track,3,0.0,False
a3742,artist,3,0.0,False
t1738,track,2,0.0,False
a4769,artist,2,0.0,False
t1685,track,2,0.0,False
a1080,artist,2,0.0,False
t4395,track,2,0.0,False
t706,track,3,0.0,False
a3161,artist,3,0.0,False
t4419,track,3,0.0,False
t1610,track,2,0.0,False
t2026,track,1,0.0,False
t1623,track,1,0.0,False
t4122,track,3,0.0,True
t1606,track,1,0.0,False
t2612,track,2,0.0,False
t3406,track,3,0.0,False
a782,artist,4,0.0,False
a3317,artist,4,0.0,False
t3518,track,5,0.0,False
t1600,track,3,0.0,False
t2209,track,2,0.0,False
a1264,artist,3,0.0,False
t1611,track,4,0.0,False
t1598,track,2,0.0,False
t1596,track,2,0.0,False
t2347,track,2,0.0,False
t4004,track,4,0.0,False
a653,artist,4,0.0,False
t1593,track,2,0.0,False
t4321,track,2,0.0,False
t1587,track,2,0.0,False
t1668,track,4,0.0,False
a2188,artist,4,0.0,False
t1585,track,2,0.0,False
t729,track,2,0.0,False
a2702,artist,2,0.0,False
t1578,track,2,0.0,False
t3175,track,2,0.0,False
t552,track,4,0.0,False
t1675,track,2,0.0,False
t1659,track,2,0.0,False
a1152,artist,4,0.0,False
a169,artist,4,0.0,False
a1190,artist,4,0.0,False
t1973,track,2,0.0,False
t1666,track,3,0.0,False
t1667,track,2,0.0,False
a992,artist,2,0.0,False
t1788,track,2,0.0,False
a3728,artist,3,0.0,False
t1222,track,3,0.0,False
t1664,track,2,0.0,False
t1660,track,2,0.0,False
t2135,track,3,0.0,False
a4497,artist,3,0.0,False
t370,track,2,0.0,False
t1612,track,2,0.0,False
a54,artist,2,0.0,False
t1652,track,2,0.0,False
t2211,track,2,0.0,False
t1633,track,2,0.0,False
a3431,artist,2,0.0,False
t309,track,5,0.0,False
t1620,track,5,0.0,False
t3249,track,2,0.0,False
t2396,track,3,0.0,False
t1619,track,2,0.0,False
t2533,track,2,0.0,False
t3532,track,2,0.0,False
t1613,track,4,0.0,False
a2580,artist,4,0.0,False
a1372,artist,2,0.0,False
t1380,track,2,0.0,False
t2572,track,2,0.0,False
t3979,track,2,0.0,False
t1126,track,3,0.0,False
a1601,artist,3,0.0,False
t4137,track,2,0.0,False
t1128,track,2,0.0,False
t3978,track,3,0.0,False
a139,artist,3,0.0,False
t1130,track,2,0.0,False
a2430,artist,2,0.0,False
t1700,track,4,0.0,False
a3426,artist,4,0.0,False
t2806,track,2,0.0,False
t1699,track,2,0.0,False
t1138,track,2,0.0,False
t2250,track,2,0.0,False
t1127,track,2,0.0,False
a2250,artist,2,0.0,False
t1284,track,2,0.0,False
t1121,track,2,0.0,False
t1165,track,1,0.0,False
t2386,track,1,0.0,False
t1118,track,1,0.0,False
t854,track,2,0.0,False
a3942,artist,2,0.0,False
t1116,track,2,0.0,False
t1920,track,1,0.0,False
t2867,track,1,0.0,False
t2865,track,3,0.0,True
t1114,track,1,0.0,False
t2543,track,2,0.0,False
a856,artist,2,0.0,False
t1113,track,2,0.0,False
t3611,track,2,0.0,False
t1141,track,4,0.0,False
a4644,artist,5,0.0,False
a407,artist,3,0.0,False
a1146,artist,3,0.0,True
t3335,track,2,0.0,False
t1163,track,2,0.0,False
t2882,track,2,0.0,False
t1158,track,2,0.0,False
a921,artist,4,0.0,False
t3364,track,4,0.0,False
t1156,track,2,0.0,False
t2824,track,2,0.0,False
t2827,track,2,0.0,False
a1667,artist,4,0.0,False
t2826,track,4,0.0,False
t1155,track,2,0.0,False
t2890,track,2,0.0,False
t962,track,3,0.0,False
a945,artist,6,0.0,False
t1151,track,2,0.0,False
t3576,track,2,0.0,False
t2281,track,2,0.0,False
a1082,artist,4,0.0,False
t2270,track,4,0.0,False
t1144,track,2,0.0,False
t2189,track,2,0.0,False
t3352,track,3,0.0,False
a1188,artist,3,0.0,False
t1143,track,2,0.0,False
t3187,track,4,0.0,False
t3186,track,4,0.0,False
t1374,track,6,0.0,False
a3527,artist,5,0.0,False
a2608,artist,2,0.0,False
t1864,track,2,0.0,False
t1110,track,2,0.0,False
t1063,track,1,0.0,False
t2848,track,2,0.0,False
t2849,track,3,0.0,False
a655,artist,3,0.0,False
t1074,track,2,0.0,False
t2156,track,2,0.0,False
a540,artist,3,0.0,False
t3173,track,3,0.0,False
t1071,track,2,0.0,False
t1747,track,2,0.0,False
t1686,track,2,0.0,False
a4379,artist,4,0.0,False
t4357,track,4,0.0,False
t1065,track,2,0.0,False
t2630,track,1,0.0,False
t3506,track,2,0.0,False
a591,artist,3,0.0,False
t1060,track,2,0.0,False
t1056,track,2,0.0,False
t3324,track,2,0.0,False
a4378,artist,2,0.0,False
t1054,track,2,0.0,False
t2027,track,5,0.0,False
a1642,artist,3,0.0,False
a2231,artist,2,0.0,False
a115,artist,2,0.0,False
a1421,artist,3,0.0,False
t1046,track,5,0.0,False
t2823,track,2,0.0,False
a1336,artist,4,0.0,False
a1334,artist,4,0.0,False
t1075,track,2,0.0,False
t1404,track,2,0.0,False
t2726,track,2,0.0,False
t1097,track,2,0.0,False
a1875,artist,2,0.0,False
t1105,track,2,0.0,False
a554,artist,2,0.0,False
t634,track,2,0.0,False
t1104,track,2,0.0,False
a2410,artist,4,0.0,False
a788,artist,4,0.0,False
t1662,track,1,0.0,False
t1280,track,2,0.0,True
t1100,track,1,0.0,False
t1970,track,2,0.0,False
t2837,track,2,0.0,False
t1965,track,4,0.0,False
a2476,artist,4,0.0,False
t1946,track,3,0.0,False
a227,artist,4,0.0,False
t1093,track,3,0.0,False
a2880,artist,2,0.0,False
t3991,track,2,0.0,False
t1088,track,2,0.0,False
t2526,track,2,0.0,False
a1974,artist,3,0.0,False
t4397,track,3,0.0,False
t1086,track,2,0.0,False
t1132,track,2,0.0,False
a4262,artist,2,0.0,False
t2673,track,2,0.0,False
a3023,artist,3,0.0,False
t2672,track,3,0.0,False
t1079,track,2,0.0,False
t1164,track,1,0.0,False
t3921,track,1,0.0,False
t2878,track,1,0.0,False
t1296,track,2,0.0,False
t1326,track,3,0.0,False
t1323,track,1,0.0,False
t4332,track,1,0.0,False
t3391,track,3,0.0,True
t1322,track,1,0.0,False
t2581,track,4,0.0,False
t3304,track,4,0.0,False
t1310,track,4,0.0,False
t3708,track,2,0.0,False
t1307,track,3,0.0,False
a1501,artist,3,0.0,False
t1306,track,2,0.0,False
a3419,artist,2,0.0,False
t2816,track,2,0.0,False
a3567,artist,3,0.0,False
t4058,track,3,0.0,False
a2255,artist,3,0.0,False
a3812,artist,2,0.0,False
t109,track,4,0.0,False
t1293,track,4,0.0,False
t3182,track,2,0.0,False
a1757,artist,2,0.0,False
t1279,track,2,0.0,False
t2996,track,2,0.0,False
t2014,track,3,0.0,False
a2835,artist,3,0.0,False
t1277,track,2,0.0,False
t3815,track,2,0.0,False
t3354,track,2,0.0,False
t1273,track,2,0.0,False
a3105,artist,3,0.0,False
a4313,artist,3,0.0,False
a1370,artist,5,0.0,False
t1355,track,4,0.0,False
t715,track,2,0.0,False
t1373,track,2,0.0,False
a1209,artist,2,0.0,False
t3213,track,2,0.0,False
t1371,track,2,0.0,False
t2708,track,2,0.0,False
t3638,track,2,0.0,False
t1357,track,2,0.0,False
t4304,track,4,0.0,False
t4156,track,4,0.0,False
a4405,artist,5,0.0,False
t1354,track,6,0.0,False
a708,artist,5,0.0,False
a4024,artist,4,0.0,False
t4191,track,2,0.0,False
t1327,track,4,0.0,False
a3960,artist,2,0.0,False
t1338,track,2,0.0,False
t3151,track,2,0.0,False
t1336,track,2,0.0,False
t1905,track,3,0.0,False
a4619,artist,4,0.0,True
t3473,track,4,0.0,False
a863,artist,3,0.0,False
t1333,track,3,0.0,False
t4278,track,4,0.0,False
a944,artist,5,0.0,False
t2249,track,5,0.0,False
a4576,artist,4,0.0,False
a3539,artist,4,0.0,False
t2090,track,5,0.0,False
a1387,artist,3,0.0,False
t1170,track,2,0.0,False
t4139,track,3,0.0,False
t1221,track,2,0.0,False
a3304,artist,2,0.0,False
a3299,artist,2,0.0,False
a3297,artist,2,0.0,False
t1215,track,2,0.0,False
t2617,track,2,0.0,False
t3912,track,2,0.0,False
a649,artist,5,0.0,False
t383,track,4,0.0,False
t1213,track,2,0.0,False
t2610,track,2,0.0,False
t1210,track,2,0.0,False
t1209,track,2,0.0,False
t4140,track,2,0.0,False
t1197,track,2,0.0,False
a3967,artist,2,0.0,False
t4094,track,2,0.0,False
t2170,track,3,0.0,False
a1479,artist,3,0.0,False
t1185,track,2,0.0,False
t2305,track,3,0.0,False
t2334,track,3,0.0,False
a226,artist,4,0.0,False
t1182,track,3,0.0,False
t3145,track,3,0.0,False
a366,artist,3,0.0,False
a2139,artist,3,0.0,False
t1176,track,3,0.0,False
t3053,track,2,0.0,False
t3055,track,2,0.0,False
t2641,track,2,0.0,False
t1225,track,2,0.0,False
a961,artist,3,0.0,False
a1475,artist,3,0.0,False
a1877,artist,3,0.0,False
t1270,track,5,0.0,False
a3204,artist,2,0.0,False
t4243,track,2,0.0,False
t1267,track,2,0.0,False
t2720,track,2,0.0,False
a4013,artist,3,0.0,False
t446,track,3,0.0,False
t1265,track,2,0.0,False
a4832,artist,3,0.0,True
t4250,track,2,0.0,False
t1257,track,2,0.0,False
t3057,track,2,0.0,False
t1492,track,3,0.0,False
t1254,track,2,0.0,False
a114,artist,2,0.0,False
a3544,artist,2,0.0,False
t1167,track,2,0.0,False
t1240,track,2,0.0,False
t3231,track,5,0.0,False
a3438,artist,4,0.0,False
a2312,artist,4,0.0,False
a2225,artist,4,0.0,False
a3603,artist,6,0.0,False
t1760,track,6,0.0,False
t1236,track,5,0.0,False
a284,artist,2,0.0,False
t2376,track,2,0.0,False
t1229,track,2,0.0,False
t1821,track,2,0.0,False
t1990,track,3,0.0,False
t1781,track,3,0.0,False
t2564,track,4,0.0,False
t3376,track,2,0.0,False
t2278,track,2,0.0,False
t3821,track,2,0.0,False
a4117,artist,2,0.0,False
t2284,track,2,0.0,False
t1877,track,4,0.0,False
a4283,artist,4,0.0,False
t3377,track,2,0.0,False
t2136,track,3,0.0,False
t2289,track,2,0.0,False
t2412,track,2,0.0,False
a1751,artist,2,0.0,False
t2293,track,2,0.0,False
t3507,track,2,0.0,False
t2300,track,2,0.0,False
t2268,track,2,0.0,False
t3898,track,2,0.0,False
t2267,track,4,0.0,False
a1166,artist,4,0.0,False
t2266,track,2,0.0,False
t2789,track,2,0.0,False
t3503,track,2,0.0,False
t2262,track,2,0.0,False
t3453,track,5,0.0,False
t2260,track,5,0.0,False
t3265,track,2,0.0,False
t2244,track,2,0.0,False
t2242,track,2,0.0,False
t2353,track,2,0.0,False
t4315,track,3,0.0,False
a1714,artist,3,0.0,False
t2228,track,2,0.0,False
a1091,artist,4,0.0,False
t1931,track,4,0.0,False
t4375,track,2,0.0,False
t2332,track,2,0.0,False
t2349,track,2,0.0,False
t1057,track,2,0.0,False
a4049,artist,2,0.0,False
t2345,track,2,0.0,False
a3561,artist,2,0.0,False
t183,track,2,0.0,False
t2343,track,2,0.0,False
a423,artist,2,0.0,False
t2706,track,2,0.0,False
t2339,track,2,0.0,False
t3631,track,2,0.0,False
a4182,artist,2,0.0,False
a2728,artist,2,0.0,False
t4458,track,2,0.0,False
a4017,artist,5,0.0,False
t4342,track,2,0.0,False
t3188,track,4,0.0,False
a4016,artist,3,0.0,False
a4018,artist,3,0.0,False
t3189,track,5,0.0,False
a56,artist,2,0.0,False
t2325,track,2,0.0,False
t2316,track,2,0.0,False
t2315,track,2,0.0,False
t2320,track,2,0.0,False
t1869,track,3,0.0,False
a3699,artist,3,0.0,False
t2314,track,2,0.0,False
t1224,track,2,0.0,False
t2310,track,2,0.0,False
a2206,artist,3,0.0,False
a1393,artist,2,0.0,False
a2590,artist,3,0.0,False
t2161,track,2,0.0,False
t2174,track,2,0.0,False
t3360,track,2,0.0,False
t2791,track,2,0.0,False
t2173,track,2,0.0,False
t4310,track,5,0.0,False
t2169,track,5,0.0,False
t784,track,3,0.0,False
a4707,artist,3,0.0,False
a1768,artist,3,0.0,False
t2165,track,3,0.0,False
t321,track,2,0.0,False
t2163,track,2,0.0,False
t2787,track,2,0.0,False
a2055,artist,2,0.0,False
t3930,track,2,0.0,False
t2255,track,2,0.0,False
a3231,artist,2,0.0,False
t2155,track,2,0.0,False
t2860,track,2,0.0,False
t1989,track,3,0.0,False
a596,artist,3,0.0,False
t2147,track,2,0.0,False
t3807,track,2,0.0,False
t2142,track,3,0.0,False
a4393,artist,3,0.0,False
t2143,track,2,0.0,False
t4157,track,2,0.0,False
t2140,track,2,0.0,False
a3961,artist,3,0.0,False
t1147,track,3,0.0,False
a398,artist,2,0.0,False
t2181,track,2,0.0,False
t2575,track,2,0.0,False
t3771,track,2,0.0,False
a1375,artist,2,0.0,False
t2219,track,2,0.0,False
t2608,track,2,0.0,False
t4393,track,2,0.0,False
a2570,artist,4,0.0,False
t953,track,4,0.0,False
t2215,track,2,0.0,False
t3534,track,2,0.0,False
t3533,track,3,0.0,False
t2213,track,2,0.0,False
t3286,track,2,0.0,False
a1392,artist,3,0.0,False
t4285,track,3,0.0,False
t2206,track,2,0.0,False
t3770,track,2,0.0,False
t2030,track,2,0.0,False
t191,track,4,0.0,False
a98,artist,4,0.0,False
t2203,track,2,0.0,False
t676,track,2,0.0,False
a1507,artist,2,0.0,False
t2200,track,2,0.0,False
a4127,artist,3,0.0,True
a192,artist,3,0.0,False
a2173,artist,2,0.0,False
t730,track,2,0.0,False
t2190,track,3,0.0,False
t1603,track,2,0.0,False
t2184,track,2,0.0,False
a2531,artist,2,0.0,False
a3868,artist,3,0.0,False
t2350,track,3,0.0,False
t3136,track,2,0.0,False
t2486,track,2,0.0,False
t2501,track,5,0.0,False
t4105,track,5,0.0,False
a3408,artist,4,0.0,False
a2276,artist,4,0.0,False
t688,track,6,0.0,False
a1691,artist,4,0.0,False
a3585,artist,6,0.0,False
t2493,track,5,0.0,False
t1443,track,4,0.0,False
t2490,track,4,0.0,False
t1798,track,2,0.0,False
t2487,track,2,0.0,False
a2478,artist,2,0.0,False
t186,track,2,0.0,False
t1395,track,1,0.0,False
t57,track,6,0.0,False
t2480,track,1,0.0,False
t3544,track,1,0.0,False
t2470,track,1,0.0,False
a260,artist,3,0.0,False
a1513,artist,5,0.0,False
a333,artist,3,0.0,False
t1549,track,5,0.0,False
a926,artist,3,0.0,False
t2464,track,5,0.0,False
t4229,track,2,0.0,False
t2453,track,3,0.0,False
a2187,artist,3,0.0,False
t2454,track,2,0.0,False
t1871,track,2,0.0,False
a2141,artist,6,0.0,False
a463,artist,4,0.0,False
t2441,track,2,0.0,False
a3803,artist,2,0.0,False
t3117,track,2,0.0,False
t2657,track,3,0.0,False
a4753,artist,3,0.0,False
t2557,track,2,0.0,False
t1291,track,3,0.0,False
a2495,artist,3,0.0,False
a4159,artist,3,0.0,False
t2555,track,3,0.0,False
a4690,artist,3,0.0,True
t37,track,2,0.0,False
t2536,track,2,0.0,False
t1317,track,2,0.0,False
a1805,artist,2,0.0,False
t2535,track,2,0.0,False
t2187,track,2,0.0,False
a1996,artist,4,0.0,False
t2531,track,2,0.0,False
t778,track,1,0.0,False
t2528,track,1,0.0,False
t3625,track,2,0.0,False
a4347,artist,2,0.0,False
t2517,track,2,0.0,False
a2612,artist,2,0.0,False
t1853,track,2,0.0,False
t2516,track,2,0.0,False
t2504,track,4,0.0,False
t2505,track,4,0.0,False
t2503,track,4,0.0,False
t2502,track,5,0.0,False
a2138,artist,4,0.0,False
a3731,artist,3,0.0,True
a3831,artist,2,0.0,False
t2352,track,2,0.0,False
t2377,track,1,0.0,False
t2384,track,1,0.0,False
t4291,track,2,0.0,False
t1527,track,3,0.0,False
a2912,artist,3,0.0,False
t2379,track,2,0.0,False
t3767,track,2,0.0,False
a1548,artist,2,0.0,False
t2378,track,2,0.0,False
a1457,artist,3,0.0,False
a3458,artist,3,0.0,False
a1461,artist,3,0.0,False
a1514,artist,5,0.0,False
t2586,track,5,0.0,False
t2375,track,5,0.0,False
t4131,track,1,0.0,False
t3804,track,1,0.0,False
t1636,track,3,0.0,True
t2373,track,1,0.0,False
a535,artist,2,0.0,False
t1251,track,2,0.0,False
t2372,track,2,0.0,False
t3646,track,2,0.0,False
t244,track,3,0.0,False
a294,artist,3,0.0,False
t2367,track,2,0.0,False
t2199,track,2,0.0,False
a1615,artist,2,0.0,False
t2358,track,2,0.0,False
a4413,artist,2,0.0,False
t1847,track,2,0.0,False
t2383,track,3,0.0,True
t3766,track,1,0.0,False
t4257,track,2,0.0,False
a2979,artist,4,0.0,False
t2437,track,2,0.0,False
t2560,track,2,0.0,False
t2432,track,2,0.0,False
t2416,track,3,0.0,False
t645,track,4,0.0,False
a4394,artist,4,0.0,False
a2061,artist,4,0.0,False
t2415,track,3,0.0,False
t4106,track,2,0.0,False
a3589,artist,2,0.0,False
t2411,track,2,0.0,False
a2205,artist,2,0.0,False
t2829,track,2,0.0,False
t2409,track,2,0.0,False
t860,track,4,0.0,False
t2394,track,4,0.0,False
a4646,artist,3,0.0,False
a2650,artist,3,0.0,False
t2406,track,4,0.0,False
a1810,artist,2,0.0,False
t3253,track,2,0.0,False
t2404,track,2,0.0,False
t2639,track,4,0.0,False
a2026,artist,4,0.0,False
a1704,artist,5,0.0,False
a1147,artist,4,0.0,False
t2401,track,5,0.0,False
t2399,track,4,0.0,False
t4114,track,4,0.0,False
t2605,track,5,0.0,False
a300,artist,3,0.0,False
t437,track,2,0.0,False
a67,artist,3,0.0,False
t1941,track,2,0.0,False
t2895,track,3,0.0,False
a1786,artist,3,0.0,False
t2473,track,2,0.0,False
t1924,track,2,0.0,False
a4157,artist,2,0.0,False
t2788,track,2,0.0,False
a1273,artist,2,0.0,False
a1755,artist,2,0.0,False
t126,track,2,0.0,False
t1945,track,1,0.0,False
t2958,track,3,0.0,True
t2580,track,1,0.0,False
t4292,track,1,0.0,False
t1947,track,2,0.0,False
t1923,track,2,0.0,False
t2835,track,2,0.0,False
a3282,artist,4,0.0,False
a449,artist,4,0.0,False
t3351,track,2,0.0,False
a4488,artist,2,0.0,False
t1915,track,2,0.0,False
t3628,track,2,0.0,False
t2395,track,2,0.0,False
t1912,track,4,0.0,False
t1911,track,2,0.0,False
t2497,track,2,0.0,False
t3847,track,3,0.0,False
a453,artist,3,0.0,False
t1903,track,2,0.0,False
t3378,track,2,0.0,False
t4270,track,2,0.0,False
a4836,artist,2,0.0,False
t3944,track,2,0.0,False
t1948,track,2,0.0,False
t1954,track,2,0.0,False
t1974,track,4,0.0,False
a2622,artist,3,0.0,False
t1928,track,3,0.0,False
a2784,artist,3,0.0,False
t1964,track,3,0.0,False
t1961,track,4,0.0,False
a1086,artist,7,0.0,False
a1087,artist,6,0.0,False
t3988,track,5,0.0,False
t1960,track,4,0.0,False
a754,artist,2,0.0,False
t4338,track,1,0.0,False
t1957,track,1,0.0,False
t3858,track,2,0.0,False
a4637,artist,3,0.0,False
t4380,track,2,0.0,False
t1507,track,4,0.0,False
a3755,artist,3,0.0,False
a3756,artist,4,0.0,False
t1953,track,4,0.0,False
t4288,track,5,0.0,False
a3769,artist,4,0.0,False
a3783,artist,4,0.0,False
a3770,artist,5,0.0,False
a3376,artist,3,0.0,False
t2217,track,6,0.0,False
t1951,track,5,0.0,False
a2221,artist,3,0.0,False
a9,artist,2,0.0,False
a1248,artist,3,0.0,False
t1898,track,2,0.0,False
t3388,track,2,0.0,False
a3321,artist,3,0.0,False
t1842,track,2,0.0,False
t1824,track,2,0.0,False
t1365,track,2,0.0,False
a1236,artist,2,0.0,False
t1819,track,2,0.0,False
t1032,track,2,0.0,False
t1814,track,2,0.0,False
t3689,track,1,0.0,False
t1812,track,1,0.0,False
t3790,track,2,0.0,False
a2621,artist,3,0.0,False
a1727,artist,3,0.0,False
a2639,artist,3,0.0,False
t1808,track,5,0.0,False
t1809,track,4,0.0,False
t1750,track,3,0.0,False
t1831,track,3,0.0,False
a1915,artist,3,0.0,False
t1805,track,2,0.0,False
a2669,artist,2,0.0,False
t3551,track,2,0.0,False
t1803,track,2,0.0,False
a1145,artist,2,0.0,False
t3953,track,2,0.0,False
t1793,track,2,0.0,False
a387,artist,3,0.0,False
t1749,track,3,0.0,False
a851,artist,3,0.0,False
t1783,track,3,0.0,False
t1921,track,3,0.0,False
t3004,track,4,0.0,False
t679,track,2,0.0,False
a3901,artist,4,0.0,False
t2355,track,3,0.0,False
a4144,artist,4,0.0,False
t1885,track,2,0.0,False
t2280,track,2,0.0,False
t2279,track,2,0.0,False
t4372,track,4,0.0,False
a2273,artist,4,0.0,False
t1882,track,2,0.0,False
t2974,track,2,0.0,False
t1881,track,2,0.0,False
t2590,track,2,0.0,False
t1875,track,2,0.0,False
t1859,track,2,0.0,False
t3700,track,2,0.0,False
t3289,track,2,0.0,False
t3696,track,4,0.0,False
t1855,track,2,0.0,False
t2361,track,4,0.0,False
a58,artist,2,0.0,False
a2940,artist,2,0.0,False
t1467,track,2,0.0,False
t1839,track,2,0.0,False
t4108,track,4,0.0,False
a95,artist,4,0.0,False
a94,artist,5,0.0,False
t1493,track,5,0.0,False
a2962,artist,4,0.0,False
t1837,track,4,0.0,False
t351,track,1,0.0,False
t1832,track,1,0.0,False
t2362,track,3,0.0,False
a3636,artist,4,0.0,False
a4419,artist,6,0.0,False
a4052,artist,5,0.0,False
t3091,track,6,0.0,False
t3482,track,3,0.0,False
t3715,track,2,0.0,False
t3717,track,2,0.0,False
a4410,artist,4,0.0,False
t68,track,4,0.0,False
t2103,track,2,0.0,False
t540,track,2,0.0,False
a2895,artist,2,0.0,False
t2101,track,2,0.0,False
t3493,track,4,0.0,False
a2508,artist,5,0.0,False
a1281,artist,4,0.0,False
a1413,artist,4,0.0,False
t2540,track,5,0.0,False
t2099,track,4,0.0,False
a802,artist,3,0.0,False
t3546,track,2,0.0,False
a176,artist,3,0.0,False
a177,artist,3,0.0,False
t2496,track,3,0.0,False
t2095,track,3,0.0,False
a4449,artist,3,0.0,False
a1725,artist,3,0.0,False
t2805,track,2,0.0,False
a2035,artist,3,0.0,False
t4081,track,3,0.0,False
t2091,track,2,0.0,False
t2833,track,2,0.0,False
a3524,artist,3,0.0,False
t2087,track,3,0.0,False
t2088,track,2,0.0,False
t2105,track,2,0.0,False
a1520,artist,2,0.0,False
a4015,artist,3,0.0,False
t3911,track,2,0.0,False
t2134,track,2,0.0,False
t2131,track,2,0.0,False
t2929,track,2,0.0,False
t3250,track,4,0.0,False
a2274,artist,4,0.0,False
t2130,track,2,0.0,False
a2806,artist,3,0.0,False
a739,artist,3,0.0,False
t1757,track,3,0.0,False
t2129,track,3,0.0,False
t1715,track,2,0.0,False
a3387,artist,3,0.0,True
t2127,track,2,0.0,False
t3664,track,2,0.0,False
t3666,track,4,0.0,False
t2107,track,2,0.0,False
a806,artist,4,0.0,False
t2126,track,2,0.0,False
a3381,artist,2,0.0,False
t4366,track,2,0.0,False
t2119,track,2,0.0,False
t2559,track,2,0.0,False
t2965,track,3,0.0,False
t4370,track,5,0.0,False
a4681,artist,6,0.0,True
a2909,artist,4,0.0,False
t2109,track,3,0.0,False
t3371,track,2,0.0,False
t1677,track,3,0.0,False
a2454,artist,5,0.0,True
t2082,track,2,0.0,False
t4232,track,3,0.0,False
a2559,artist,5,0.0,False
a3908,artist,4,0.0,False
t1469,track,2,0.0,False
t2023,track,2,0.0,False
a4411,artist,5,0.0,False
a1489,artist,5,0.0,False
a3324,artist,5,0.0,False
a2437,artist,2,0.0,False
a3202,artist,2,0.0,False
t551,track,3,0.0,False
t2006,track,3,0.0,False
t2271,track,2,0.0,False
a908,artist,2,0.0,False
t2003,track,2,0.0,False
t4319,track,4,0.0,False
a3818,artist,3,0.0,False
t1996,track,5,0.0,False
t2028,track,2,0.0,False
a1283,artist,4,0.0,False
t1995,track,4,0.0,False
t2558,track,2,0.0,False
t3315,track,2,0.0,False
a1104,artist,5,0.0,True
t3316,track,4,0.0,False
t1992,track,2,0.0,False
t2737,track,3,0.0,False
a716,artist,4,0.0,False
a2218,artist,4,0.0,False
t1500,track,4,0.0,False
t1976,track,3,0.0,False
t2238,track,4,0.0,False
t2239,track,4,0.0,False
a1438,artist,2,0.0,False
a4476,artist,2,0.0,False
t2081,track,2,0.0,False
t2801,track,2,0.0,False
t2077,track,2,0.0,False
t4233,track,2,0.0,False
t3942,track,4,0.0,False
a167,artist,4,0.0,False
t2075,track,2,0.0,False
t3796,track,2,0.0,False
t2229,track,2,0.0,False
t2743,track,4,0.0,False
t2073,track,2,0.0,False
t3656,track,1,0.0,False
t2063,track,1,0.0,False
t3827,track,1,0.0,False
t2061,track,1,0.0,False
a2464,artist,2,0.0,False
a1144,artist,3,0.0,True
t1457,track,2,0.0,False
t2052,track,2,0.0,False
a1341,artist,2,0.0,False
t2113,track,2,0.0,False
t2045,track,2,0.0,False
t2611,track,2,0.0,False
a1876,artist,3,0.0,False
t3166,track,3,0.0,False
t2041,track,2,0.0,False
a2913,artist,2,0.0,False
t548,track,2,0.0,False
t2035,track,2,0.0,False
a4365,artist,2,0.0,False
t1081,track,2,0.0,False
t2029,track,2,0.0,False
t3593,track,2,0.0,False
a128,artist,3,0.0,False
t3594,track,3,0.0,False
t312,track,2,0.0,False
a661,artist,3,0.0,False
a2465,artist,3,0.0,False
t310,track,2,0.0,False
a3719,artist,3,0.0,False
t3690,track,3,0.0,False
t2302,track,2,0.0,False
t4136,track,4,0.0,False
t235,track,2,0.0,False
a3433,artist,4,0.0,False
t3407,track,2,0.0,False
t3412,track,2,0.0,False
t2583,track,2,0.0,False
t315,track,2,0.0,False
t1843,track,2,0.0,False
a662,artist,4,0.0,False
t2869,track,4,0.0,False
t297,track,4,0.0,False
t3427,track,2,0.0,False
t2763,track,2,0.0,False
t3428,track,4,0.0,False
a1858,artist,4,0.0,False
t294,track,2,0.0,False
t1076,track,3,0.0,False
t3913,track,3,0.0,False
t292,track,3,0.0,False
t935,track,3,0.0,False
t3511,track,3,0.0,False
t289,track,3,0.0,False
t1159,track,2,0.0,False
t1861,track,3,0.0,False
t282,track,2,0.0,False
t319,track,2,0.0,False
a10,artist,4,0.0,False
t1716,track,4,0.0,False
a2052,artist,2,0.0,False
a3992,artist,4,0.0,False
t1438,track,2,0.0,False
t2419,track,2,0.0,False
t1865,track,4,0.0,False
a1980,artist,4,0.0,False
t341,track,2,0.0,False
a2217,artist,4,0.0,False
a1968,artist,4,0.0,False
t4400,track,4,0.0,False
t340,track,4,0.0,False
t4398,track,2,0.0,False
a4120,artist,3,0.0,False
t3601,track,3,0.0,False
t339,track,2,0.0,False
t1938,track,2,0.0,False
t2139,track,2,0.0,False
t338,track,2,0.0,False
t2374,track,2,0.0,False
t337,track,2,0.0,False
t1544,track,3,0.0,False
a605,artist,4,0.0,False
t1779,track,3,0.0,False
a4708,artist,4,0.0,True
t611,track,2,0.0,False
t334,track,2,0.0,False
t827,track,2,0.0,False
t1526,track,3,0.0,False
a850,artist,3,0.0,False
t323,track,2,0.0,False
t2348,track,2,0.0,False
t4176,track,2,0.0,False
t3709,track,2,0.0,False
t3679,track,4,0.0,False
t248,track,4,0.0,False
t252,track,3,0.0,False
t1230,track,2,0.0,False
a2100,artist,2,0.0,False
t251,track,2,0.0,False
a1361,artist,3,0.0,False
a1363,artist,3,0.0,False
t829,track,5,0.0,False
a3008,artist,3,0.0,False
a11,artist,5,0.0,False
t250,track,5,0.0,False
a49,artist,4,0.0,False
t2694,track,4,0.0,False
a50,artist,3,0.0,False
a3319,artist,3,0.0,False
a2053,artist,3,0.0,False
a2244,artist,2,0.0,False
a4146,artist,4,0.0,False
a4713,artist,3,0.0,False
t2962,track,4,0.0,False
t245,track,4,0.0,False
t1037,track,2,0.0,False
t589,track,2,0.0,False
a3573,artist,4,0.0,False
t241,track,4,0.0,False
t243,track,2,0.0,False
t3792,track,2,0.0,False
t286,track,2,0.0,False
t2856,track,4,0.0,False
t242,track,2,0.0,False
t3647,track,2,0.0,False
t3769,track,2,0.0,False
a3693,artist,3,0.0,False
a1702,artist,5,0.0,True
a1228,artist,3,0.0,False
t278,track,2,0.0,False
t3721,track,2,0.0,False
t1615,track,2,0.0,False
a196,artist,4,0.0,False
t1621,track,4,0.0,False
t276,track,2,0.0,False
a3141,artist,2,0.0,False
t725,track,2,0.0,False
t268,track,2,0.0,False
t819,track,2,0.0,False
t818,track,2,0.0,False
t266,track,2,0.0,False
a2751,artist,3,0.0,False
a2750,artist,3,0.0,False
t1955,track,2,0.0,False
a3107,artist,2,0.0,False
t3969,track,2,0.0,False
t1369,track,4,0.0,False
t261,track,2,0.0,False
t3025,track,2,0.0,False
t1030,track,2,0.0,False
t260,track,2,0.0,False
t1999,track,2,0.0,False
t2001,track,2,0.0,False
a2578,artist,4,0.0,False
t2000,track,4,0.0,False
t258,track,2,0.0,False
a4289,artist,2,0.0,False
t228,track,2,0.0,False
t256,track,2,0.0,False
a2801,artist,3,0.0,False
a2870,artist,5,0.0,False
a2871,artist,4,0.0,False
t2004,track,2,0.0,False
t1665,track,2,0.0,False
t432,track,2,0.0,False
t2226,track,2,0.0,False
t766,track,2,0.0,False
a1864,artist,4,0.0,False
t3883,track,4,0.0,False
t429,track,2,0.0,False
t539,track,2,0.0,False
t653,track,3,0.0,False
t427,track,2,0.0,False
t2747,track,2,0.0,False
t2748,track,3,0.0,False
a1001,artist,4,0.0,True
t424,track,2,0.0,False
t2005,track,2,0.0,False
t436,track,2,0.0,False
a4616,artist,4,0.0,False
t1810,track,4,0.0,False
t419,track,2,0.0,False
t920,track,2,0.0,False
t461,track,2,0.0,False
t417,track,2,0.0,False
t415,track,2,0.0,False
a3191,artist,2,0.0,False
t414,track,2,0.0,False
a1419,artist,4,0.0,False
t3849,track,4,0.0,False
t413,track,2,0.0,False
t3072,track,2,0.0,False
t496,track,2,0.0,False
t848,track,2,0.0,False
t804,track,3,0.0,False
t3752,track,2,0.0,False
t3973,track,2,0.0,False
a417,artist,3,0.0,False
t468,track,2,0.0,False
t998,track,2,0.0,False
t2707,track,2,0.0,False
t1474,track,4,0.0,False
t463,track,2,0.0,False
t3133,track,2,0.0,False
a1306,artist,2,0.0,False
t458,track,2,0.0,False
a3974,artist,2,0.0,False
t3039,track,3,0.0,False
a3688,artist,3,0.0,True
t457,track,3,0.0,False
t3948,track,2,0.0,False
a1404,artist,4,0.0,False
a3659,artist,3,0.0,False
t3650,track,4,0.0,False
t452,track,2,0.0,False
t4363,track,2,0.0,False
t4362,track,3,0.0,False
t450,track,2,0.0,False
t1795,track,2,0.0,False
a2270,artist,2,0.0,False
t448,track,2,0.0,False
t4412,track,2,0.0,False
t447,track,2,0.0,False
t922,track,2,0.0,False
t3907,track,2,0.0,False
t441,track,2,0.0,False
t805,track,2,0.0,False
t406,track,2,0.0,False
t404,track,2,0.0,False
t346,track,2,0.0,False
t4316,track,3,0.0,False
t3803,track,2,0.0,False
t3801,track,4,0.0,False
a1687,artist,4,0.0,False
t373,track,2,0.0,False
a4356,artist,4,0.0,False
a2189,artist,4,0.0,False
a3627,artist,4,0.0,False
t1377,track,2,0.0,False
t367,track,2,0.0,False
a4003,artist,2,0.0,False
t1431,track,2,0.0,False
t366,track,2,0.0,False
t3779,track,2,0.0,False
a1815,artist,3,0.0,False
t365,track,2,0.0,False
t374,track,2,0.0,False
t2718,track,2,0.0,False
t362,track,2,0.0,False
t3887,track,3,0.0,False
t354,track,4,0.0,False
t357,track,3,0.0,False
t2009,track,2,0.0,False
t3239,track,3,0.0,False
a1026,artist,3,0.0,False
t348,track,2,0.0,False
t1148,track,2,0.0,False
a2357,artist,2,0.0,False
t347,track,2,0.0,False
t2863,track,2,0.0,False
a734,artist,2,0.0,False
t3195,track,2,0.0,False
a3734,artist,2,0.0,False
a52,artist,2,0.0,False
a4736,artist,4,0.0,False
t2994,track,2,0.0,False
t403,track,2,0.0,False
a575,artist,3,0.0,False
a624,artist,3,0.0,False
t3197,track,3,0.0,False
t401,track,3,0.0,False
t3161,track,2,0.0,False
a733,artist,2,0.0,False
t394,track,2,0.0,False
a1554,artist,2,0.0,False
t2429,track,2,0.0,False
t393,track,2,0.0,False
t3046,track,3,0.0,False
t389,track,3,0.0,False
a592,artist,3,0.0,False
t451,track,2,0.0,False
t253,track,4,0.0,False
a1098,artist,3,0.0,False
t380,track,4,0.0,False
t382,track,4,0.0,False
a533,artist,2,0.0,False
a2475,artist,5,0.0,False
a246,artist,3,0.0,False
a2474,artist,3,0.0,False
t1246,track,3,0.0,False
t378,track,4,0.0,False
t1453,track,4,0.0,False
t1452,track,4,0.0,False
t1454,track,6,0.0,False
t376,track,4,0.0,False
a4073,artist,2,0.0,False
t926,track,2,0.0,False
t1028,track,2,0.0,False
a4698,artist,2,0.0,False
t1320,track,2,0.0,False
t67,track,2,0.0,False
t1601,track,2,0.0,False
a3758,artist,2,0.0,False
t71,track,2,0.0,False
t3088,track,2,0.0,False
t72,track,2,0.0,False
t267,track,2,0.0,False
t2971,track,2,0.0,False
a1528,artist,2,0.0,False
t73,track,2,0.0,False
t3862,track,2,0.0,False
t2985,track,2,0.0,False
t74,track,2,0.0,False
a2018,artist,2,0.0,False
t66,track,2,0.0,False
t979,track,2,0.0,False
t416,track,2,0.0,False
a3825,artist,4,0.0,False
t1560,track,4,0.0,False
t64,track,2,0.0,False
t2069,track,2,0.0,False
t61,track,2,0.0,False
t3207,track,2,0.0,False
a4812,artist,3,0.0,False
t3872,track,3,0.0,False
t59,track,2,0.0,False
t391,track,1,0.0,False
t2660,track,2,0.0,True
t58,track,1,0.0,False
a2772,artist,3,0.0,False
t1256,track,3,0.0,False
a4585,artist,3,0.0,False
t564,track,2,0.0,False
t3808,track,2,0.0,False
a4653,artist,4,0.0,False
t96,track,4,0.0,False
t98,track,2,0.0,False
t4312,track,2,0.0,False
t3002,track,2,0.0,False
t95,track,2,0.0,False
t1800,track,2,0.0,False
a3592,artist,3,0.0,False
t4213,track,3,0.0,False
t91,track,2,0.0,False
t3651,track,2,0.0,False
t2125,track,2,0.0,False
t88,track,2,0.0,False
t200,track,2,0.0,False
t2043,track,4,0.0,False
t75,track,3,0.0,False
a2031,artist,4,0.0,False
t79,track,2,0.0,False
t836,track,2,0.0,False
a2977,artist,2,0.0,False
t78,track,2,0.0,False
a1861,artist,3,0.0,False
a4169,artist,3,0.0,False
t3897,track,3,0.0,False
t77,track,3,0.0,False
t1329,track,3,0.0,False
t163,track,3,0.0,False
a4099,artist,4,0.0,False
a2911,artist,4,0.0,False
t3747,track,5,0.0,False
a3644,artist,3,0.0,False
t2838,track,2,0.0,False
t55,track,2,0.0,False
t3741,track,2,0.0,False
t26,track,3,0.0,False
t25,track,2,0.0,False
t112,track,2,0.0,False
t4410,track,2,0.0,False
t21,track,2,0.0,False
t2259,track,2,0.0,False
t1642,track,2,0.0,False
a418,artist,4,0.0,False
t2256,track,4,0.0,False
t20,track,2,0.0,False
t3909,track,2,0.0,False
t657,track,3,0.0,False
a210,artist,3,0.0,False
t19,track,2,0.0,False
t2772,track,3,0.0,False
t2337,track,2,0.0,False
a590,artist,3,0.0,False
t17,track,2,0.0,False
t2825,track,2,0.0,False
a420,artist,2,0.0,False
t4,track,2,0.0,False
t1098,track,3,0.0,False
a1178,artist,4,0.0,False
a2383,artist,4,0.0,False
t494,track,4,0.0,False
t3,track,3,0.0,False
t4150,track,2,0.0,False
a4721,artist,3,0.0,False
t4149,track,3,0.0,False
t2,track,2,0.0,False
a4095,artist,3,0.0,False
t29,track,3,0.0,False
t4192,track,2,0.0,False
a2984,artist,4,0.0,False
t4209,track,3,0.0,False
t49,track,2,0.0,False
t3596,track,2,0.0,False
a2389,artist,3,0.0,False
t3595,track,3,0.0,False
t47,track,2,0.0,False
t3746,track,2,0.0,False
t46,track,2,0.0,False
t2597,track,2,0.0,False
a1557,artist,3,0.0,False
t2598,track,3,0.0,False
t39,track,2,0.0,False
t2903,track,3,0.0,False
t2900,track,3,0.0,False
a2966,artist,5,0.0,False
a1467,artist,3,0.0,False
a4714,artist,2,0.0,False
t2907,track,5,0.0,False
t38,track,2,0.0,False
t1592,track,2,0.0,False
a4301,artist,3,0.0,False
t33,track,3,0.0,False
t32,track,2,0.0,False
t3826,track,2,0.0,False
t1692,track,2,0.0,False
a3125,artist,4,0.0,False
t1695,track,4,0.0,False
t31,track,2,0.0,False
t4441,track,3,0.0,False
a641,artist,3,0.0,False
t630,track,2,0.0,False
t3740,track,2,0.0,False
t100,track,2,0.0,False
t178,track,5,0.0,False
a4625,artist,4,0.0,True
t771,track,3,0.0,False
t185,track,2,0.0,False
t4151,track,2,0.0,False
t2094,track,2,0.0,False
t2093,track,4,0.0,False
a3523,artist,4,0.0,False
t180,track,2,0.0,False
t2822,track,5,0.0,False
a3310,artist,4,0.0,False
a3455,artist,4,0.0,False
a516,artist,4,0.0,False
t3342,track,6,0.0,False
a1734,artist,6,0.0,False
t1622,track,2,0.0,False
t188,track,3,0.0,False
a3645,artist,3,0.0,False
t1050,track,3,0.0,False
t177,track,2,0.0,False
a1775,artist,2,0.0,False
t1283,track,2,0.0,False
t174,track,2,0.0,False
t2500,track,2,0.0,False
a4265,artist,3,0.0,True
t171,track,2,0.0,False
t1690,track,2,0.0,False
a4638,artist,2,0.0,False
t170,track,2,0.0,False
a3538,artist,2,0.0,False
t2601,track,2,0.0,False
t3699,track,2,0.0,False
a3136,artist,4,0.0,False
t3032,track,2,0.0,False
t219,track,2,0.0,False
t233,track,2,0.0,False
t3945,track,3,0.0,False
a2318,artist,4,0.0,False
t1887,track,4,0.0,False
a3687,artist,4,0.0,False
t231,track,3,0.0,False
t2402,track,2,0.0,False
a187,artist,3,0.0,False
t2403,track,3,0.0,False
t229,track,2,0.0,False
t296,track,2,0.0,False
t224,track,2,0.0,False
t215,track,4,0.0,False
a3624,artist,4,0.0,False
a2169,artist,2,0.0,False
a2921,artist,4,0.0,False
t4417,track,2,0.0,False
t206,track,2,0.0,False
t3355,track,2,0.0,False
t3357,track,2,0.0,False
a1893,artist,4,0.0,False
t3358,track,4,0.0,False
t196,track,2,0.0,False
a230,artist,2,0.0,False
t2640,track,2,0.0,False
t193,track,2,0.0,False
a372,artist,2,0.0,False
t189,track,3,0.0,False
t190,track,3,0.0,False
t3536,track,5,0.0,False
t168,track,2,0.0,False
a830,artist,3,0.0,False
a1870,artist,3,0.0,False
t135,track,2,0.0,False
a1617,artist,4,0.0,False
a674,artist,4,0.0,False
t144,track,3,0.0,False
t3399,track,2,0.0,False
t4002,track,2,0.0,False
t140,track,2,0.0,False
t3142,track,2,0.0,False
t955,track,2,0.0,False
t3143,track,4,0.0,False
a4537,artist,4,0.0,False
t137,track,2,0.0,False
t3010,track,2,0.0,False
a283,artist,3,0.0,False
t134,track,3,0.0,False
a3491,artist,2,0.0,False
t145,track,3,0.0,False
t1441,track,2,0.0,False
t130,track,2,0.0,False
t4390,track,5,0.0,False
t1461,track,5,0.0,False
t2366,track,7,0.0,False
t115,track,5,0.0,False
t2241,track,2,0.0,False
a3642,artist,2,0.0,False
t110,track,2,0.0,False
t2723,track,2,0.0,False
t1516,track,2,0.0,False
t102,track,2,0.0,False
t2828,track,2,0.0,False
t99,track,3,0.0,False
t899,track,5,0.0,False
t583,track,3,0.0,False
t166,track,3,0.0,False
a817,artist,3,0.0,False
t167,track,2,0.0,False
t983,track,1,0.0,False
t972,track,1,0.0,False
t377,track,3,0.0,True
t161,track,1,0.0,False
t1696,track,2,0.0,False
t1697,track,3,0.0,False
t160,track,2,0.0,False
t948,track,2,0.0,False
t3704,track,2,0.0,False
t3848,track,4,0.0,False
t159,track,2,0.0,False
t519,track,2,0.0,False
t2400,track,3,0.0,False
t158,track,2,0.0,False
t151,track,3,0.0,False
t797,track,2,0.0,False
t798,track,2,0.0,False
t156,track,2,0.0,False
t3778,track,2,0.0,False
t4185,track,2,0.0,False
a2329,artist,4,0.0,False
t4184,track,4,0.0,False
t154,track,2,0.0,False
t4045,track,2,0.0,False
t153,track,2,0.0,False
a1437,artist,2,0.0,False
a3234,artist,2,0.0,False
t904,track,2,0.0,False
a1084,artist,3,0.0,False
t1134,track,3,0.0,False
t3694,track,2,0.0,False
t469,track,2,0.0,False
t2752,track,3,0.0,False
a4211,artist,3,0.0,True
t802,track,2,0.0,False
t1442,track,3,0.0,False
a3406,artist,3,0.0,False
t1627,track,2,0.0,False
t807,track,2,0.0,False
t808,track,2,0.0,False
a2628,artist,3,0.0,True
t810,track,2,0.0,False
a835,artist,2,0.0,False
t3630,track,2,0.0,False
t821,track,3,0.0,False
t275,track,5,0.0,False
t824,track,3,0.0,False
t1255,track,2,0.0,False
t801,track,2,0.0,False
t2546,track,5,0.0,False
t2545,track,5,0.0,False
a4533,artist,5,0.0,False
a4534,artist,5,0.0,False
a3192,artist,5,0.0,False
t1817,track,7,0.0,False
a4535,artist,7,0.0,False
t799,track,5,0.0,False
t2796,track,2,0.0,False
t2814,track,2,0.0,False
t2331,track,4,0.0,False
a747,artist,4,0.0,False
t795,track,2,0.0,False
t938,track,2,0.0,False
t207,track,3,0.0,False
t822,track,3,0.0,False
t826,track,2,0.0,False
t2357,track,2,0.0,False
a1024,artist,4,0.0,False
t2776,track,4,0.0,False
t2986,track,5,0.0,False
a783,artist,6,0.0,False
a4722,artist,5,0.0,False
a4517,artist,5,0.0,False
t888,track,4,0.0,False
a3610,artist,2,0.0,False
t936,track,2,0.0,False
t887,track,2,0.0,False
t2492,track,2,0.0,False
t901,track,3,0.0,False
t885,track,2,0.0,False
t2949,track,2,0.0,False
t937,track,2,0.0,False
t2952,track,4,0.0,False
a3838,artist,2,0.0,False
t884,track,2,0.0,False
t1646,track,4,0.0,False
a382,artist,4,0.0,False
t1647,track,5,0.0,False
a340,artist,4,0.0,False
a2294,artist,5,0.0,False
t881,track,4,0.0,False
a4286,artist,2,0.0,False
a3379,artist,2,0.0,False
t2053,track,3,0.0,False
t1282,track,2,0.0,False
t867,track,2,0.0,False
t2745,track,5,0.0,False
t835,track,5,0.0,False
a3328,artist,3,0.0,False
t794,track,2,0.0,False
t3193,track,5,0.0,False
t4079,track,1,0.0,False
t751,track,3,0.0,False
t891,track,2,0.0,False
t1895,track,2,0.0,False
t740,track,2,0.0,False
t1751,track,2,0.0,False
t958,track,2,0.0,False
t734,track,4,0.0,False
a3338,artist,4,0.0,False
t736,track,2,0.0,False
t1288,track,1,0.0,False
t4428,track,1,0.0,False
t733,track,3,0.0,True
t732,track,1,0.0,False
t3030,track,1,0.0,False
t3031,track,3,0.0,True
t2884,track,3,0.0,False
t728,track,1,0.0,False
t745,track,3,0.0,False
t3418,track,3,0.0,False
a4195,artist,5,0.0,False
t2182,track,5,0.0,False
a3449,artist,5,0.0,False
t721,track,3,0.0,False
t815,track,2,0.0,False
t719,track,2,0.0,False
t1872,track,2,0.0,False
a1889,artist,3,0.0,False
t2553,track,3,0.0,False
t718,track,2,0.0,False
t1624,track,2,0.0,False
t747,track,5,0.0,False
t2523,track,3,0.0,False
a1493,artist,4,0.0,False
a2623,artist,2,0.0,False
a2203,artist,4,0.0,False
a4260,artist,4,0.0,False
t127,track,6,0.0,False
a1401,artist,6,0.0,False
t790,track,5,0.0,False
t3276,track,2,0.0,False
a529,artist,2,0.0,False
t783,track,2,0.0,False
t3903,track,2,0.0,False
t3886,track,2,0.0,False
a4485,artist,4,0.0,False
t1016,track,4,0.0,False
t765,track,2,0.0,False
t402,track,2,0.0,False
t763,track,2,0.0,False
t752,track,2,0.0,False
t2682,track,2,0.0,False
t2674,track,2,0.0,False
t761,track,2,0.0,False
t2329,track,3,0.0,False
a2757,artist,3,0.0,False
a3852,artist,3,0.0,False
t758,track,3,0.0,False
t259,track,2,0.0,False
a4705,artist,2,0.0,False
t755,track,2,0.0,False
t2871,track,2,0.0,False
t2874,track,2,0.0,False
a1037,artist,4,0.0,False
t4218,track,4,0.0,False
t894,track,2,0.0,False
t301,track,2,0.0,False
a4575,artist,2,0.0,False
t2446,track,2,0.0,False
a1631,artist,4,0.0,False
t1673,track,4,0.0,False
t1011,track,2,0.0,False
t4168,track,1,0.0,False
t1004,track,2,0.0,True
t1003,track,1,0.0,False
t3705,track,2,0.0,False
t1347,track,2,0.0,False
a4491,artist,4,0.0,False
t1002,track,4,0.0,False
t1001,track,2,0.0,False
t2758,track,2,0.0,False
t995,track,2,0.0,False
t2452,track,2,0.0,False
a1031,artist,4,0.0,False
t2716,track,2,0.0,False
t3290,track,4,0.0,False
t994,track,2,0.0,False
t4426,track,2,0.0,False
t4249,track,3,0.0,False
a1481,artist,3,0.0,False
t991,track,2,0.0,False
t2168,track,1,0.0,False
t1548,track,1,0.0,False
t990,track,1,0.0,False
t2462,track,4,0.0,False
t1466,track,5,0.0,False
a1278,artist,4,0.0,False
a2539,artist,5,0.0,False
a3883,artist,4,0.0,False
t1674,track,2,0.0,False
t1013,track,2,0.0,False
t2510,track,2,0.0,False
t3246,track,2,0.0,False
t1998,track,2,0.0,False
t1027,track,2,0.0,False
t3573,track,4,0.0,False
t2426,track,4,0.0,False
t3405,track,6,0.0,False
a3005,artist,5,0.0,False
a635,artist,5,0.0,False
a3415,artist,6,0.0,False
t1026,track,4,0.0,False
t3442,track,2,0.0,False
t2750,track,2,0.0,False
t2753,track,4,0.0,False
a773,artist,4,0.0,False
t1025,track,2,0.0,False
t1983,track,3,0.0,False
t1321,track,2,0.0,False
a4154,artist,3,0.0,False
t1024,track,2,0.0,False
t622,track,2,0.0,False
t1021,track,2,0.0,False
t3508,track,2,0.0,False
t3090,track,2,0.0,False
t445,track,4,0.0,False
a1099,artist,4,0.0,False
t1015,track,2,0.0,False
t1456,track,2,0.0,False
t3415,track,2,0.0,False
t2475,track,4,0.0,False
t1014,track,2,0.0,False
a2859,artist,4,0.0,True
t989,track,4,0.0,False
t2511,track,2,0.0,False
t905,track,3,0.0,False
t2618,track,2,0.0,False
a1715,artist,2,0.0,False
t520,track,2,0.0,False
t944,track,2,0.0,False
t2654,track,4,0.0,False
a3971,artist,4,0.0,False
a2153,artist,5,0.0,False
a2152,artist,4,0.0,False
t934,track,4,0.0,False
t2205,track,2,0.0,False
t939,track,2,0.0,False
t932,track,4,0.0,False
a3196,artist,4,0.0,False
t930,track,2,0.0,False
a3157,artist,2,0.0,False
t925,track,2,0.0,False
t3971,track,3,0.0,False
t2562,track,2,0.0,False
t915,track,2,0.0,False
t1541,track,2,0.0,False
t1870,track,3,0.0,False
t913,track,2,0.0,False
t490,track,2,0.0,False
t912,track,2,0.0,False
t1153,track,2,0.0,False
t911,track,2,0.0,False
a3983,artist,2,0.0,False
t300,track,2,0.0,False
t906,track,2,0.0,False
t1477,track,3,0.0,False
t3007,track,4,0.0,False
t950,track,3,0.0,False
t2414,track,3,0.0,False
t988,track,2,0.0,False
t970,track,2,0.0,False
t2762,track,2,0.0,False
a3716,artist,2,0.0,False
t985,track,2,0.0,False
t4318,track,2,0.0,False
a2575,artist,2,0.0,False
t984,track,2,0.0,False
t3196,track,2,0.0,False
t3306,track,2,0.0,False
a1117,artist,4,0.0,False
t981,track,4,0.0,False
t982,track,2,0.0,False
t1203,track,2,0.0,False
a2237,artist,3,0.0,False
t431,track,3,0.0,False
t2321,track,2,0.0,False
t954,track,2,0.0,False
a721,artist,2,0.0,False
t967,track,2,0.0,False
t3126,track,2,0.0,False
a4469,artist,3,0.0,False
a1233,artist,2,0.0,False
t858,track,3,0.0,False
t965,track,2,0.0,False
a3507,artist,4,0.0,False
a4584,artist,4,0.0,False
t3954,track,3,0.0,False
t959,track,3,0.0,False
t1095,track,2,0.0,False
t1755,track,3,0.0,False
a2196,artist,3,0.0,False
t2157,track,2,0.0,False
t146,track,4,0.0,False
t712,track,2,0.0,False
a1476,artist,2,0.0,False
t3587,track,2,0.0,False
t811,track,2,0.0,False
t2990,track,4,0.0,False
a3349,artist,4,0.0,False
t555,track,2,0.0,False
t1777,track,2,0.0,False
t2649,track,3,0.0,False
a475,artist,3,0.0,False
t546,track,2,0.0,False
t1599,track,2,0.0,False
t545,track,2,0.0,False
a3919,artist,2,0.0,False
t677,track,2,0.0,False
t544,track,2,0.0,False
a4611,artist,3,0.0,False
t3805,track,3,0.0,False
t1909,track,3,0.0,False
a4399,artist,3,0.0,False
t537,track,3,0.0,False
a307,artist,2,0.0,False
t705,track,2,0.0,False
t533,track,2,0.0,False
t2224,track,2,0.0,False
a4354,artist,4,0.0,True
t1972,track,3,0.0,False
t532,track,2,0.0,False
t2100,track,4,0.0,False
t531,track,4,0.0,False
t3682,track,2,0.0,False
t3776,track,2,0.0,False
t557,track,2,0.0,False
a1368,artist,3,0.0,False
t3238,track,2,0.0,False
t572,track,2,0.0,False
t1640,track,2,0.0,False
a3953,artist,3,0.0,False
t1211,track,3,0.0,False
t584,track,2,0.0,False
a892,artist,3,0.0,True
t2388,track,2,0.0,False
t580,track,2,0.0,False
t462,track,2,0.0,False
a2886,artist,2,0.0,False
t575,track,2,0.0,False
t2777,track,2,0.0,False
t574,track,2,0.0,False
a77,artist,2,0.0,False
t3001,track,2,0.0,False
a2786,artist,3,0.0,False
t3900,track,2,0.0,False
a2372,artist,3,0.0,False
t1536,track,5,0.0,False
a3569,artist,3,0.0,False
a3570,artist,5,0.0,False
t570,track,5,0.0,False
t3475,track,2,0.0,False
a3830,artist,3,0.0,True
t569,track,2,0.0,False
t3460,track,3,0.0,False
t3444,track,3,0.0,False
t3859,track,5,0.0,False
a2734,artist,5,0.0,False
a2993,artist,5,0.0,False
t566,track,3,0.0,False
t528,track,2,0.0,False
t3034,track,2,0.0,False
t3087,track,1,0.0,False
a713,artist,3,0.0,False
a3732,artist,4,0.0,True
t498,track,2,0.0,False
t2461,track,2,0.0,False
t1935,track,2,0.0,False
a148,artist,4,0.0,False
t3307,track,4,0.0,False
t489,track,2,0.0,False
t2183,track,2,0.0,False
t856,track,2,0.0,False
a1680,artist,4,0.0,False
t187,track,4,0.0,False
t483,track,2,0.0,False
a4706,artist,3,0.0,False
t1740,track,3,0.0,False
t481,track,3,0.0,False
t678,track,2,0.0,False
t2603,track,2,0.0,False
t497,track,3,0.0,False
a910,artist,3,0.0,False
t480,track,2,0.0,False
a2529,artist,4,0.0,False
t1085,track,4,0.0,False
a2528,artist,4,0.0,False
a609,artist,6,0.0,False
t1286,track,2,0.0,False
t474,track,2,0.0,False
a4679,artist,4,0.0,False
t3880,track,4,0.0,False
t472,track,2,0.0,False
t806,track,2,0.0,False
t3626,track,3,0.0,False
t500,track,2,0.0,False
t3040,track,4,0.0,False
t515,track,2,0.0,False
a2209,artist,4,0.0,False
t526,track,2,0.0,False
a2726,artist,3,0.0,False
a2066,artist,3,0.0,False
a2073,artist,3,0.0,False
a3800,artist,3,0.0,False
t3233,track,2,0.0,False
t4306,track,3,0.0,False
a3475,artist,2,0.0,False
t521,track,2,0.0,False
t3525,track,2,0.0,False
t1910,track,2,0.0,False
a3078,artist,4,0.0,False
t349,track,4,0.0,False
t2960,track,2,0.0,False
a3928,artist,2,0.0,False
t1748,track,2,0.0,False
t512,track,4,0.0,False
t513,track,2,0.0,False
t1253,track,3,0.0,False
a2129,artist,3,0.0,False
a1994,artist,3,0.0,False
t15,track,4,0.0,False
t511,track,3,0.0,False
t1237,track,2,0.0,False
a2195,artist,2,0.0,False
t507,track,2,0.0,False
t3677,track,2,0.0,False
t504,track,2,0.0,False
t816,track,2,0.0,False
t591,track,1,0.0,False
t593,track,2,0.0,False
t3802,track,2,0.0,False
t1487,track,2,0.0,False
t3106,track,2,0.0,False
a4082,artist,4,0.0,False
t4296,track,4,0.0,False
t673,track,2,0.0,False
t1653,track,4,0.0,False
t674,track,4,0.0,False
a4796,artist,5,0.0,False
a4791,artist,6,0.0,False
t842,track,6,0.0,False
a2553,artist,5,0.0,False
t672,track,4,0.0,False
t3070,track,2,0.0,False
a141,artist,2,0.0,False
t667,track,2,0.0,False
t2031,track,2,0.0,False
t675,track,2,0.0,False
t666,track,2,0.0,False
t1846,track,2,0.0,False
a2428,artist,2,0.0,False
t665,track,2,0.0,False
a1093,artist,2,0.0,False
t663,track,2,0.0,False
t1324,track,4,0.0,False
a2875,artist,3,0.0,False
a4424,artist,4,0.0,False
a2874,artist,3,0.0,False
t662,track,4,0.0,False
t1822,track,2,0.0,False
a4851,artist,2,0.0,False
t660,track,2,0.0,False
t680,track,2,0.0,False
t3819,track,2,0.0,False
t1838,track,2,0.0,False
t951,track,3,0.0,False
a268,artist,2,0.0,False
t707,track,2,0.0,False
t3229,track,3,0.0,False
t133,track,4,0.0,False
a97,artist,4,0.0,False
a990,artist,4,0.0,False
t700,track,3,0.0,False
t3772,track,2,0.0,False
a3550,artist,2,0.0,False
t699,track,2,0.0,False
t3071,track,2,0.0,False
t698,track,2,0.0,False
t4116,track,2,0.0,False
a2223,artist,3,0.0,False
t696,track,2,0.0,False
t2714,track,2,0.0,False
t1883,track,2,0.0,False
a2293,artist,3,0.0,False
t4324,track,3,0.0,False
t693,track,2,0.0,False
t2615,track,2,0.0,False
a4425,artist,2,0.0,False
t692,track,2,0.0,False
t1818,track,2,0.0,False
a2341,artist,4,0.0,True
t397,track,3,0.0,False
t684,track,2,0.0,False
t4056,track,1,0.0,False
t4367,track,2,0.0,True
t681,track,1,0.0,False
a3230,artist,2,0.0,False
t651,track,2,0.0,False
a1485,artist,3,0.0,False
t1091,track,2,0.0,False
t3108,track,4,0.0,False
t1449,track,4,0.0,False
t620,track,4,0.0,False
t618,track,5,0.0,False
t617,track,5,0.0,False
a672,artist,6,0.0,False
a4863,artist,5,0.0,False
t3541,track,7,0.0,False
a4145,artist,5,0.0,False
a4058,artist,4,0.0,False
t616,track,5,0.0,False
t3448,track,4,0.0,False
t2717,track,4,0.0,False
t615,track,4,0.0,False
t3916,track,2,0.0,False
t1201,track,4,0.0,False
t612,track,2,0.0,False
t4416,track,2,0.0,False
t3468,track,2,0.0,False
t604,track,2,0.0,False
t410,track,2,0.0,False
t601,track,2,0.0,False
t2467,track,2,0.0,False
a3621,artist,2,0.0,False
t600,track,2,0.0,False
t1827,track,2,0.0,False
a3166,artist,3,0.0,False
t2178,track,3,0.0,False
t597,track,2,0.0,False
t2695,track,2,0.0,False
t621,track,2,0.0,False
a995,artist,4,0.0,False
t3373,track,2,0.0,False
a1997,artist,5,0.0,False
t649,track,2,0.0,False
t647,track,2,0.0,False
t3261,track,2,0.0,False
t2969,track,2,0.0,False
t514,track,4,0.0,False
a3793,artist,4,0.0,False
t646,track,2,0.0,False
t1984,track,2,0.0,False
a4732,artist,3,0.0,False
t650,track,3,0.0,False
t644,track,2,0.0,False
t1362,track,3,0.0,False
t1363,track,3,0.0,False
t1361,track,5,0.0,False
a435,artist,5,0.0,False
t1191,track,2,0.0,False
t641,track,3,0.0,False
t3871,track,2,0.0,False
a3481,artist,2,0.0,False
t639,track,2,0.0,False
t2220,track,2,0.0,False
a2777,artist,3,0.0,False
t1568,track,3,0.0,False
t636,track,2,0.0,False
t2800,track,1,0.0,False
t628,track,1,0.0,False
t3130,track,2,0.0,False
a3841,artist,2,0.0,False
t625,track,2,0.0,False
t1190,track,2,0.0,False
a3680,artist,2,0.0,False
t4066,track,4,0.0,False
t1400,track,1,0.0,False
a2822,artist,1,0.0,False
a740,artist,2,0.0,False
a2028,artist,2,0.0,False
t724,track,2,0.0,False
t726,track,1,0.0,False
a2795,artist,1,0.0,False
t727,track,1,0.0,False
t731,track,2,0.0,False
t623,track,1,0.0,False
a3303,artist,2,0.0,False
a1352,artist,2,0.0,False
t737,track,2,0.0,False
a4183,artist,2,0.0,False
a3872,artist,2,0.0,False
t738,track,1,0.0,False
t723,track,2,0.0,False
a2589,artist,3,0.0,False
a2069,artist,2,0.0,False
a156,artist,2,0.0,False
t722,track,3,0.0,False
a397,artist,1,0.0,False
t717,track,1,0.0,False
a3471,artist,1,0.0,False
t716,track,1,0.0,False
a984,artist,1,0.0,False
t714,track,1,0.0,False
t711,track,1,0.0,False
t710,track,1,0.0,False
a1879,artist,1,0.0,False
t709,track,1,0.0,False
a213,artist,1,0.0,False
t708,track,1,0.0,False
a3266,artist,1,0.0,False
a4266,artist,1,0.0,False
a3673,artist,1,0.0,False
a3543,artist,1,0.0,False
a2573,artist,1,0.0,False
t768,track,1,0.0,False
a347,artist,1,0.0,False
t767,track,1,0.0,False
a4861,artist,1,0.0,False
t764,track,1,0.0,False
a1573,artist,2,0.0,False
a1324,artist,2,0.0,False
a39,artist,2,0.0,False
a4779,artist,2,0.0,False
t759,track,1,0.0,False
t757,track,3,0.0,False
a3036,artist,1,0.0,False
t756,track,1,0.0,False
t754,track,1,0.0,False
a3674,artist,1,0.0,False
a2167,artist,1,0.0,False
t753,track,1,0.0,False
a1050,artist,1,0.0,False
t750,track,1,0.0,False
b455,area,2,0.0,True
a1302,artist,2,0.0,True
t749,track,1,0.0,False
b352,area,2,0.0,True
a3151,artist,2,0.0,True
t746,track,1,0.0,False
a3058,artist,1,0.0,False
t744,track,1,0.0,False
a2320,artist,1,0.0,False
t742,track,1,0.0,False
t1509,track,1,0.0,False
t704,track,1,0.0,False
a2952,artist,1,0.0,False
t637,track,2,0.0,True
a4750,artist,1,0.0,False
t656,track,1,0.0,False
a490,artist,3,0.0,True
a1214,artist,2,0.0,True
t655,track,1,0.0,False
a4787,artist,1,0.0,False
t643,track,1,0.0,False
a3882,artist,1,0.0,False
a1184,artist,2,0.0,True
t642,track,1,0.0,False
t638,track,1,0.0,False
b651,area,1,0.0,False
a2232,artist,2,0.0,True
a2742,artist,1,0.0,False
a1261,artist,1,0.0,False
a1509,artist,1,0.0,False
t635,track,1,0.0,False
a3070,artist,1,0.0,False
t633,track,1,0.0,False
a758,artist,1,0.0,False
t632,track,1,0.0,False
a1783,artist,1,0.0,False
t631,track,1,0.0,False
t629,track,1,0.0,False
a3203,artist,1,0.0,False
t627,track,1,0.0,False
a4560,artist,1,0.0,False
t626,track,1,0.0,False
t624,track,1,0.0,False
a620,artist,1,0.0,False
t659,track,1,0.0,False
t661,track,1,0.0,False
t703,track,1,0.0,False
t691,track,1,0.0,False
a1776,artist,2,0.0,False
a688,artist,2,0.0,False
t702,track,2,0.0,False
a4818,artist,2,0.0,False
a1073,artist,2,0.0,False
t701,track,2,0.0,False
b200,area,2,0.0,True
a2588,artist,1,0.0,False
a3267,artist,2,0.0,True
t697,track,2,0.0,True
a559,artist,1,0.0,False
t695,track,1,0.0,False
a4757,artist,1,0.0,False
t694,track,1,0.0,False
a219,artist,1,0.0,False
t664,track,1,0.0,False
t686,track,1,0.0,False
t685,track,1,0.0,False
t3147,track,1,0.0,False
t2676,track,1,0.0,False
t3125,track,1,0.0,False
t683,track,1,0.0,False
a3512,artist,2,0.0,False
a2710,artist,2,0.0,False
t682,track,2,0.0,False
t671,track,1,0.0,False
t669,track,1,0.0,False
a4853,artist,1,0.0,False
t668,track,1,0.0,False
a3560,artist,1,0.0,False
t769,track,1,0.0,False
a966,artist,1,0.0,False
t770,track,1,0.0,False
t855,track,1,0.0,False
a1448,artist,1,0.0,False
t870,track,1,0.0,False
t865,track,4,0.0,False
t864,track,1,0.0,False
t863,track,1,0.0,False
a3144,artist,1,0.0,False
t861,track,1,0.0,False
b559,area,1,0.0,False
a4156,artist,2,0.0,True
t859,track,1,0.0,False
a184,artist,1,0.0,False
a570,artist,1,0.0,False
t857,track,2,0.0,True
a1911,artist,1,0.0,False
a113,artist,1,0.0,False
a4516,artist,1,0.0,False
t853,track,1,0.0,False
t4013,track,1,0.0,False
t3809,track,1,0.0,False
a906,artist,3,0.0,True
t852,track,1,0.0,False
a1644,artist,1,0.0,False
t851,track,1,0.0,False
a70,artist,2,0.0,False
a1252,artist,2,0.0,False
t847,track,2,0.0,False
a1346,artist,1,0.0,False
t846,track,1,0.0,False
t844,track,2,0.0,False
a2936,artist,1,0.0,False
t871,track,1,0.0,False
t872,track,1,0.0,False
b434,area,1,0.0,False
t2172,track,1,0.0,False
t897,track,2,0.0,False
a1405,artist,1,0.0,False
t896,track,1,0.0,False
t895,track,1,0.0,False
a2114,artist,2,0.0,False
a3709,artist,2,0.0,False
t893,track,2,0.0,False
t890,track,1,0.0,False
a4407,artist,1,0.0,False
a2722,artist,2,0.0,True
t886,track,1,0.0,False
a3814,artist,1,0.0,False
t883,track,1,0.0,False
t882,track,1,0.0,False
a3981,artist,2,0.0,True
a165,artist,1,0.0,False
t880,track,1,0.0,False
a3420,artist,1,0.0,False
a2585,artist,1,0.0,False
a2899,artist,3,0.0,True
t878,track,1,0.0,False
a4451,artist,1,0.0,False
a1424,artist,1,0.0,False
a3784,artist,1,0.0,False
a761,artist,1,0.0,False
a2492,artist,1,0.0,False
a2395,artist,1,0.0,False
t875,track,1,0.0,False
a491,artist,1,0.0,False
t874,track,1,0.0,False
t843,track,1,0.0,False
a1078,artist,2,0.0,True
a3325,artist,2,0.0,True
t782,track,2,0.0,False
t796,track,1,0.0,False
a4603,artist,1,0.0,False
t792,track,1,0.0,False
a3358,artist,3,0.0,True
t3875,track,1,0.0,False
t791,track,1,0.0,False
a1271,artist,1,0.0,False
t789,track,1,0.0,False
a3164,artist,1,0.0,False
t788,track,1,0.0,False
t786,track,1,0.0,False
t785,track,1,0.0,False
a1524,artist,2,0.0,False
a357,artist,2,0.0,False
a4794,artist,1,0.0,False
a3222,artist,1,0.0,False
t781,track,1,0.0,False
a4775,artist,2,0.0,False
a4776,artist,3,0.0,False
a4507,artist,2,0.0,False
t779,track,3,0.0,False
a4104,artist,1,0.0,False
t777,track,1,0.0,False
t776,track,1,0.0,False
t774,track,1,0.0,False
b252,area,3,0.0,True
a922,artist,3,0.0,False
a4477,artist,3,0.0,False
t772,track,2,0.0,False
a523,artist,1,0.0,False
t800,track,1,0.0,False
b564,area,2,0.0,True
t841,track,1,0.0,False
t825,track,1,0.0,False
a2279,artist,1,0.0,False
t840,track,1,0.0,False
t839,track,1,0.0,False
a1492,artist,2,0.0,False
a855,artist,2,0.0,False
t838,track,2,0.0,False
t2389,track,1,0.0,False
t834,track,1,0.0,False
b176,area,1,0.0,False
a2997,artist,2,0.0,True
t832,track,1,0.0,False
a4162,artist,1,0.0,False
t828,track,1,0.0,False
a4392,artist,1,0.0,False
a1726,artist,1,0.0,False
t803,track,1,0.0,False
a298,artist,2,0.0,True
t823,track,1,0.0,False
a292,artist,2,0.0,False
a4088,artist,2,0.0,False
t820,track,2,0.0,False
t3500,track,1,0.0,False
a3013,artist,2,0.0,True
t817,track,1,0.0,False
a190,artist,1,0.0,False
t814,track,1,0.0,False
t813,track,1,0.0,False
a1349,artist,1,0.0,False
t812,track,1,0.0,False
a2735,artist,1,0.0,False
a3884,artist,2,0.0,True
a3092,artist,2,0.0,False
a124,artist,2,0.0,False
a1709,artist,1,0.0,False
a2120,artist,1,0.0,False
t444,track,3,0.0,False
a636,artist,3,0.0,False
a473,artist,4,0.0,False
b436,area,2,0.0,False
t449,track,1,0.0,False
t453,track,1,0.0,False
a2450,artist,2,0.0,False
a3775,artist,2,0.0,True
t4123,track,1,0.0,False
t454,track,2,0.0,False
t455,track,1,0.0,False
a583,artist,1,0.0,False
b700,area,5,0.0,True
t443,track,1,0.0,False
a1320,artist,2,0.0,False
a4245,artist,4,0.0,False
a3056,artist,2,0.0,False
a4243,artist,2,0.0,False
t442,track,4,0.0,False
a1551,artist,2,0.0,False
a2288,artist,2,0.0,False
t440,track,2,0.0,False
t2471,track,1,0.0,False
a149,artist,2,0.0,True
t439,track,1,0.0,False
a4250,artist,1,0.0,False
a1612,artist,2,0.0,True
t434,track,1,0.0,False
a2652,artist,1,0.0,False
t433,track,1,0.0,False
t459,track,1,0.0,False
t464,track,1,0.0,False
a299,artist,1,0.0,False
t478,track,1,0.0,False
b670,area,1,0.0,False
a1984,artist,2,0.0,True
t493,track,1,0.0,False
a3827,artist,1,0.0,False
t492,track,1,0.0,False
b642,area,5,0.0,True
a2974,artist,1,0.0,False
t487,track,1,0.0,False
a4212,artist,1,0.0,False
t486,track,1,0.0,False
t484,track,1,0.0,False
a1154,artist,1,0.0,False
t482,track,1,0.0,False
a4072,artist,1,0.0,False
a2980,artist,1,0.0,False
t465,track,1,0.0,False
t477,track,1,0.0,False
a1077,artist,1,0.0,False
t476,track,1,0.0,False
a2894,artist,2,0.0,True
t475,track,1,0.0,False
a2403,artist,1,0.0,False
a1402,artist,2,0.0,False
a319,artist,2,0.0,False
t473,track,3,0.0,True
b165,area,2,0.0,True
t2945,track,1,0.0,False
a3822,artist,1,0.0,False
t466,track,1,0.0,False
a4342,artist,1,0.0,False
a889,artist,2,0.0,True
a825,artist,2,0.0,True
t428,track,1,0.0,False
a1710,artist,2,0.0,False
a2638,artist,1,0.0,False
t385,track,1,0.0,False
a3478,artist,1,0.0,False
t384,track,1,0.0,False
b566,area,2,0.0,False
a980,artist,1,0.0,False
t379,track,1,0.0,False
a1822,artist,1,0.0,False
t375,track,1,0.0,False
a1945,artist,1,0.0,False
t372,track,1,0.0,False
a714,artist,1,0.0,False
t371,track,1,0.0,False
t364,track,1,0.0,False
a3599,artist,2,0.0,False
a1298,artist,1,0.0,False
t363,track,2,0.0,False
a947,artist,1,0.0,False
t359,track,1,0.0,False
a3625,artist,2,0.0,False
a756,artist,2,0.0,False
t358,track,2,0.0,False
a2295,artist,1,0.0,False
t356,track,1,0.0,False
a2074,artist,1,0.0,False
t355,track,1,0.0,False
t353,track,3,0.0,False
a4778,artist,1,0.0,False
t352,track,1,0.0,False
a4056,artist,1,0.0,False
t386,track,1,0.0,False
t387,track,1,0.0,False
a837,artist,2,0.0,False
t411,track,1,0.0,False
a4204,artist,2,0.0,False
t425,track,2,0.0,False
t879,track,1,0.0,False
t423,track,1,0.0,False
a4678,artist,2,0.0,False
a1975,artist,3,0.0,False
a3932,artist,2,0.0,False
t421,track,3,0.0,False
a3131,artist,2,0.0,False
a4318,artist,2,0.0,False
t420,track,2,0.0,False
a1395,artist,1,0.0,False
t418,track,1,0.0,False
a4835,artist,1,0.0,False
t409,track,1,0.0,False
a4731,artist,1,0.0,False
t407,track,1,0.0,False
a3382,artist,1,0.0,False
t405,track,1,0.0,False
b271,area,4,0.0,True
a2861,artist,2,0.0,True
t398,track,1,0.0,False
b600,area,2,0.0,True
a1568,artist,1,0.0,False
t396,track,1,0.0,False
a2587,artist,1,0.0,False
t395,track,1,0.0,False
t2928,track,1,0.0,False
a2266,artist,2,0.0,True
t388,track,1,0.0,False
t495,track,1,0.0,False
b160,area,2,0.0,True
t499,track,1,0.0,False
t579,track,2,0.0,False
a4738,artist,1,0.0,False
t587,track,1,0.0,False
a3646,artist,2,0.0,False
a504,artist,2,0.0,False
t586,track,2,0.0,False
a2514,artist,1,0.0,False
t585,track,1,0.0,False
a2271,artist,1,0.0,False
t582,track,1,0.0,False
a3393,artist,1,0.0,False
t581,track,1,0.0,False
t2769,track,1,0.0,False
a4114,artist,2,0.0,False
a1696,artist,2,0.0,False
a2441,artist,1,0.0,False
t590,track,1,0.0,False
t578,track,1,0.0,False
a2839,artist,1,0.0,False
t577,track,1,0.0,False
a3239,artist,1,0.0,False
t576,track,1,0.0,False
t571,track,1,0.0,False
t3212,track,1,0.0,False
a2965,artist,2,0.0,False
a1794,artist,2,0.0,False
a4630,artist,3,0.0,False
t567,track,3,0.0,False
a4234,artist,2,0.0,False
a353,artist,3,0.0,False
a354,artist,2,0.0,False
a3448,artist,2,0.0,False
a2268,artist,1,0.0,False
a1289,artist,1,0.0,False
t608,track,3,0.0,False
a1423,artist,2,0.0,False
a2456,artist,4,0.0,False
t619,track,4,0.0,False
a3615,artist,1,0.0,False
t614,track,1,0.0,False
a4843,artist,1,0.0,False
t613,track,1,0.0,False
t610,track,3,0.0,False
a2887,artist,1,0.0,False
a154,artist,2,0.0,True
t609,track,1,0.0,False
a2708,artist,3,0.0,False
a1664,artist,2,0.0,False
a1724,artist,2,0.0,False
a521,artist,1,0.0,False
t594,track,1,0.0,False
t607,track,1,0.0,False
a3500,artist,1,0.0,False
t606,track,1,0.0,False
a4346,artist,1,0.0,False
t605,track,1,0.0,False
a1456,artist,1,0.0,False
t603,track,1,0.0,False
a4215,artist,1,0.0,False
t602,track,1,0.0,False
a2183,artist,1,0.0,False
t596,track,1,0.0,False
a2367,artist,1,0.0,False
t595,track,1,0.0,False
a2033,artist,1,0.0,False
t565,track,3,0.0,False
a4241,artist,1,0.0,False
t501,track,1,0.0,False
a2473,artist,1,0.0,False
a324,artist,1,0.0,False
t530,track,2,0.0,True
a4191,artist,1,0.0,False
t529,track,1,0.0,False
t527,track,1,0.0,False
a1057,artist,1,0.0,False
a3335,artist,2,0.0,True
t525,track,1,0.0,False
a4023,artist,1,0.0,False
t524,track,1,0.0,False
t523,track,1,0.0,False
a2934,artist,2,0.0,False
a4667,artist,2,0.0,False
t518,track,2,0.0,False
t516,track,1,0.0,False
a1753,artist,2,0.0,True
a3578,artist,1,0.0,False
t509,track,1,0.0,False
b534,area,2,0.0,True
a1425,artist,2,0.0,True
t508,track,1,0.0,False
a2399,artist,1,0.0,False
t506,track,1,0.0,False
a3053,artist,2,0.0,False
a4819,artist,2,0.0,False
t505,track,2,0.0,False
t503,track,1,0.0,False
a614,artist,1,0.0,False
t502,track,1,0.0,False
a4427,artist,1,0.0,False
a3365,artist,2,0.0,True
t534,track,1,0.0,False
a4871,artist,1,0.0,False
t554,track,1,0.0,False
a1895,artist,3,0.0,True
t563,track,2,0.0,True
a622,artist,1,0.0,False
t562,track,1,0.0,False
t561,track,1,0.0,False
t1742,track,1,0.0,False
a2718,artist,2,0.0,True
t560,track,1,0.0,False
a2327,artist,1,0.0,False
t559,track,1,0.0,False
t558,track,1,0.0,False
a432,artist,1,0.0,False
t556,track,1,0.0,False
a2192,artist,1,0.0,False
b617,area,1,0.0,False
a1652,artist,2,0.0,False
a3225,artist,1,0.0,False
t550,track,1,0.0,False
a2662,artist,2,0.0,False
a1300,artist,2,0.0,False
a2417,artist,3,0.0,False
t549,track,3,0.0,False
a4850,artist,1,0.0,False
a858,artist,1,0.0,False
t542,track,1,0.0,False
a537,artist,2,0.0,False
a704,artist,2,0.0,False
t538,track,2,0.0,False
a604,artist,1,0.0,False
t536,track,1,0.0,False
a4582,artist,2,0.0,False
t898,track,2,0.0,False
t4068,track,4,0.0,False
a2335,artist,1,0.0,False
a257,artist,1,0.0,False
a612,artist,1,0.0,False
t1249,track,1,0.0,False
a2745,artist,1,0.0,False
a1237,artist,1,0.0,False
a4834,artist,1,0.0,False
b69,area,2,0.0,True
a3101,artist,1,0.0,False
t1258,track,2,0.0,False
t1259,track,1,0.0,False
a3669,artist,1,0.0,False
t1260,track,3,0.0,False
a3977,artist,3,0.0,False
a486,artist,2,0.0,False
t1248,track,2,0.0,True
a81,artist,2,0.0,True
a2043,artist,2,0.0,True
t1247,track,1,0.0,False
a4186,artist,1,0.0,False
t1245,track,1,0.0,False
a1394,artist,1,0.0,False
t1244,track,1,0.0,False
a1863,artist,1,0.0,False
t1243,track,1,0.0,False
a3601,artist,1,0.0,False
t1242,track,1,0.0,False
t1241,track,2,0.0,False
a1255,artist,1,0.0,False
t1239,track,1,0.0,False
a1303,artist,1,0.0,False
t1238,track,1,0.0,False
a2319,artist,2,0.0,False
t1261,track,1,0.0,False
a4436,artist,1,0.0,False
t1278,track,1,0.0,False
a1560,artist,2,0.0,False
a4442,artist,2,0.0,False
a2679,artist,3,0.0,False
a888,artist,1,0.0,False
t1292,track,4,0.0,True
a2837,artist,1,0.0,False
t1290,track,1,0.0,False
a4103,artist,1,0.0,False
t1289,track,1,0.0,False
a4773,artist,3,0.0,False
a4774,artist,3,0.0,False
a543,artist,3,0.0,False
t1285,track,4,0.0,False
a3940,artist,1,0.0,False
a3871,artist,1,0.0,False
a2644,artist,1,0.0,False
t1276,track,1,0.0,False
a4374,artist,1,0.0,False
t1275,track,1,0.0,False
a1743,artist,1,0.0,False
t1274,track,1,0.0,False
t3824,track,2,0.0,False
t1271,track,1,0.0,False
a3495,artist,1,0.0,False
t1269,track,1,0.0,False
b711,area,2,0.0,True
a4251,artist,2,0.0,True
t1266,track,1,0.0,False
a1076,artist,1,0.0,False
t1264,track,1,0.0,False
a253,artist,1,0.0,False
t1235,track,1,0.0,False
a2943,artist,2,0.0,False
a3588,artist,1,0.0,False
a2629,artist,3,0.0,False
a2631,artist,3,0.0,False
t1198,track,4,0.0,False
a4594,artist,1,0.0,False
t1196,track,1,0.0,False
a4100,artist,1,0.0,False
a178,artist,1,0.0,False
t1195,track,2,0.0,True
a133,artist,1,0.0,False
t1193,track,1,0.0,False
a1195,artist,1,0.0,False
t1192,track,1,0.0,False
t1189,track,2,0.0,False
t1188,track,1,0.0,False
t1187,track,1,0.0,False
a272,artist,5,0.0,False
a3765,artist,1,0.0,False
a2017,artist,2,0.0,True
t1186,track,1,0.0,False
a3508,artist,1,0.0,False
t1184,track,1,0.0,False
t1181,track,1,0.0,False
a3496,artist,2,0.0,False
a1138,artist,2,0.0,False
t1179,track,2,0.0,False
t1177,track,1,0.0,False
a2092,artist,1,0.0,False
t1173,track,1,0.0,False
a3085,artist,1,0.0,False
a4459,artist,2,0.0,True
a419,artist,3,0.0,False
b336,area,4,0.0,False
a2945,artist,2,0.0,False
t1219,track,1,0.0,False
a2942,artist,4,0.0,False
a247,artist,2,0.0,False
t1233,track,4,0.0,False
a3466,artist,1,0.0,False
t1232,track,1,0.0,False
a1928,artist,1,0.0,False
t1231,track,1,0.0,False
a4833,artist,1,0.0,False
t1228,track,1,0.0,False
a3494,artist,1,0.0,False
t1227,track,1,0.0,False
a2916,artist,1,0.0,False
t1220,track,1,0.0,False
a2463,artist,1,0.0,False
a2878,artist,1,0.0,False
t1199,track,1,0.0,False
t1218,track,1,0.0,False
a4280,artist,3,0.0,False
a1559,artist,2,0.0,False
a3270,artist,2,0.0,False
t1214,track,3,0.0,False
a845,artist,1,0.0,False
t1212,track,1,0.0,False
a4402,artist,1,0.0,False
t1208,track,1,0.0,False
a2749,artist,1,0.0,False
t1207,track,1,0.0,False
t3840,track,1,0.0,False
t1202,track,1,0.0,False
a1737,artist,1,0.0,False
t1294,track,1,0.0,False
a408,artist,1,0.0,False
t1295,track,1,0.0,False
t1356,track,4,0.0,False
t1367,track,1,0.0,False
a1604,artist,1,0.0,False
t1366,track,1,0.0,False
a3293,artist,1,0.0,False
t1364,track,1,0.0,False
a4026,artist,1,0.0,False
t1360,track,1,0.0,False
a2016,artist,2,0.0,True
a3211,artist,2,0.0,True
t1359,track,1,0.0,False
a277,artist,2,0.0,False
a275,artist,2,0.0,False
a1477,artist,2,0.0,False
a1619,artist,4,0.0,False
a2907,artist,1,0.0,False
t1370,track,1,0.0,False
t1353,track,1,0.0,False
t1657,track,1,0.0,False
t1794,track,1,0.0,False
a4526,artist,3,0.0,True
t1352,track,1,0.0,False
a1746,artist,1,0.0,False
a4466,artist,1,0.0,False
t1350,track,1,0.0,False
a976,artist,1,0.0,False
t1349,track,1,0.0,False
t1607,track,1,0.0,False
t1348,track,1,0.0,False
t3086,track,1,0.0,False
a318,artist,2,0.0,True
a953,artist,1,0.0,False
t1372,track,1,0.0,False
a85,artist,1,0.0,False
a3182,artist,1,0.0,False
a236,artist,1,0.0,False
t1399,track,1,0.0,False
a3249,artist,1,0.0,False
t1398,track,1,0.0,False
a1977,artist,1,0.0,False
t1396,track,1,0.0,False
a1712,artist,2,0.0,False
a4727,artist,1,0.0,False
t1392,track,1,0.0,False
t2287,track,1,0.0,False
a1584,artist,2,0.0,True
t1389,track,1,0.0,False
a4577,artist,1,0.0,False
t1388,track,1,0.0,False
t1386,track,1,0.0,False
a1907,artist,1,0.0,False
t1385,track,1,0.0,False
a112,artist,1,0.0,False
t1384,track,1,0.0,False
a1014,artist,1,0.0,False
t1383,track,1,0.0,False
a3215,artist,1,0.0,False
t1382,track,1,0.0,False
b67,area,4,0.0,False
a1900,artist,1,0.0,False
t1379,track,1,0.0,False
t1378,track,1,0.0,False
a1594,artist,3,0.0,True
a676,artist,2,0.0,True
t1376,track,1,0.0,False
t1344,track,1,0.0,False
t1343,track,1,0.0,False
a1721,artist,1,0.0,False
t1305,track,1,0.0,False
a1873,artist,1,0.0,False
t1313,track,2,0.0,True
a3327,artist,1,0.0,False
t1312,track,1,0.0,False
a3714,artist,2,0.0,False
a767,artist,2,0.0,False
t1311,track,2,0.0,False
a1127,artist,1,0.0,False
t1309,track,1,0.0,False
a225,artist,1,0.0,False
t1308,track,1,0.0,False
a4067,artist,1,0.0,False
a1909,artist,1,0.0,False
a1585,artist,1,0.0,False
a964,artist,1,0.0,False
t1314,track,3,0.0,True
t1304,track,1,0.0,False
a1812,artist,1,0.0,False
a266,artist,1,0.0,False
a476,artist,1,0.0,False
t1303,track,3,0.0,True
a3559,artist,1,0.0,False
t1302,track,1,0.0,False
t1300,track,1,0.0,False
a4034,artist,1,0.0,False
t1299,track,1,0.0,False
a71,artist,1,0.0,False
t1298,track,1,0.0,False
a3566,artist,1,0.0,False
t1297,track,1,0.0,False
a2207,artist,1,0.0,False
a96,artist,2,0.0,True
a3332,artist,1,0.0,False
a2906,artist,1,0.0,False
t1342,track,1,0.0,False
a1132,artist,2,0.0,False
a4194,artist,2,0.0,False
t1341,track,2,0.0,False
a4792,artist,2,0.0,True
t1339,track,1,0.0,False
a1846,artist,1,0.0,False
t1337,track,1,0.0,False
a3522,artist,1,0.0,False
t1335,track,1,0.0,False
a2879,artist,2,0.0,False
a2752,artist,2,0.0,False
t1334,track,2,0.0,False
b164,area,2,0.0,True
t1332,track,1,0.0,False
a2111,artist,2,0.0,False
a4817,artist,1,0.0,False
t1331,track,1,0.0,False
t1328,track,2,0.0,False
a4090,artist,1,0.0,False
t1325,track,1,0.0,False
a4110,artist,1,0.0,False
t1319,track,1,0.0,False
t1318,track,1,0.0,False
a2813,artist,1,0.0,False
t1316,track,1,0.0,False
a1774,artist,1,0.0,False
t1315,track,1,0.0,False
b453,area,2,0.0,True
a1055,artist,2,0.0,False
a3221,artist,1,0.0,False
t1171,track,1,0.0,False
a4540,artist,2,0.0,False
a251,artist,2,0.0,False
a2603,artist,2,0.0,False
a2920,artist,2,0.0,False
t4365,track,1,0.0,False
b94,area,1,0.0,False
t997,track,2,0.0,False
a4649,artist,2,0.0,False
t999,track,1,0.0,False
a3697,artist,1,0.0,False
a384,artist,1,0.0,False
t1000,track,4,0.0,True
a2670,artist,2,0.0,False
a4495,artist,1,0.0,False
a3986,artist,2,0.0,False
a2847,artist,1,0.0,False
t992,track,2,0.0,False
a4227,artist,1,0.0,False
t987,track,1,0.0,False
t986,track,1,0.0,False
a1371,artist,1,0.0,False
t980,track,1,0.0,False
a2530,artist,1,0.0,False
t978,track,1,0.0,False
a2788,artist,1,0.0,False
t977,track,1,0.0,False
a3439,artist,1,0.0,False
t975,track,1,0.0,False
a2858,artist,1,0.0,False
t974,track,1,0.0,False
a1826,artist,1,0.0,False
t969,track,1,0.0,False
a687,artist,1,0.0,False
t1005,track,1,0.0,False
a3547,artist,1,0.0,False
t1006,track,1,0.0,False
a893,artist,4,0.0,False
t1033,track,2,0.0,False
a2967,artist,1,0.0,False
t1031,track,1,0.0,False
a4623,artist,1,0.0,False
t1029,track,1,0.0,False
a1165,artist,1,0.0,False
t1023,track,1,0.0,False
a214,artist,1,0.0,False
t1022,track,1,0.0,False
b537,area,1,0.0,False
a2099,artist,2,0.0,True
t1020,track,1,0.0,False
a772,artist,1,0.0,False
t1019,track,1,0.0,False
b243,area,4,0.0,False
a1655,artist,1,0.0,False
a3374,artist,3,0.0,True
t1017,track,1,0.0,False
a3962,artist,1,0.0,False
t1012,track,1,0.0,False
a3434,artist,2,0.0,False
a2865,artist,2,0.0,False
t1010,track,2,0.0,False
a725,artist,1,0.0,False
t1009,track,1,0.0,False
a3201,artist,2,0.0,False
a4187,artist,2,0.0,False
t1008,track,2,0.0,False
a1890,artist,1,0.0,False
t1007,track,1,0.0,False
t968,track,1,0.0,False
a1125,artist,2,0.0,False
a2045,artist,4,0.0,False
t917,track,1,0.0,False
t929,track,1,0.0,False
a471,artist,1,0.0,False
t928,track,1,0.0,False
a3801,artist,1,0.0,False
t927,track,1,0.0,False
a684,artist,1,0.0,False
t924,track,1,0.0,False
a4609,artist,1,0.0,False
a2948,artist,2,0.0,True
t923,track,1,0.0,False
b81,area,2,0.0,True
a3001,artist,2,0.0,True
t918,track,1,0.0,False
a643,artist,1,0.0,False
a3817,artist,1,0.0,False
a483,artist,1,0.0,False
t916,track,1,0.0,False
t914,track,4,0.0,False
a728,artist,2,0.0,False
a2324,artist,2,0.0,False
t910,track,2,0.0,False
a2115,artist,2,0.0,False
t908,track,1,0.0,False
t1672,track,1,0.0,False
t4436,track,1,0.0,False
t907,track,1,0.0,False
t902,track,1,0.0,False
a4695,artist,1,0.0,False
t900,track,1,0.0,False
a3655,artist,2,0.0,False
a1174,artist,3,0.0,True
a4298,artist,1,0.0,False
a3708,artist,2,0.0,False
t956,track,3,0.0,False
a2041,artist,2,0.0,False
t966,track,4,0.0,False
a3130,artist,1,0.0,False
t964,track,1,0.0,False
a3009,artist,1,0.0,False
t963,track,1,0.0,False
a4448,artist,1,0.0,False
t960,track,1,0.0,False
b637,area,2,0.0,False
b464,area,2,0.0,False
t957,track,1,0.0,False
a4391,artist,3,0.0,False
a968,artist,2,0.0,False
a3949,artist,2,0.0,False
t949,track,1,0.0,False
t931,track,1,0.0,False
t947,track,2,0.0,False
a1989,artist,1,0.0,False
t946,track,1,0.0,False
a3701,artist,2,0.0,False
a2108,artist,2,0.0,False
t945,track,2,0.0,False
t943,track,1,0.0,False
a1092,artist,1,0.0,False
t942,track,1,0.0,False
a1506,artist,1,0.0,False
t940,track,1,0.0,False
b45,area,3,0.0,False
t933,track,1,0.0,False
a2971,artist,1,0.0,False
a3596,artist,2,0.0,False
a1552,artist,2,0.0,False
t1034,track,1,0.0,False
a762,artist,2,0.0,True
t1122,track,3,0.0,False
a3362,artist,1,0.0,False
t1120,track,1,0.0,False
a1556,artist,2,0.0,False
a2714,artist,2,0.0,False
t1119,track,2,0.0,False
a2969,artist,1,0.0,False
t1115,track,1,0.0,False
a584,artist,1,0.0,False
t1112,track,1,0.0,False
a1663,artist,1,0.0,False
t1111,track,1,0.0,False
b331,area,2,0.0,True
a3568,artist,1,0.0,False
t1108,track,1,0.0,False
a4371,artist,1,0.0,False
a3209,artist,1,0.0,False
t1107,track,1,0.0,False
a68,artist,1,0.0,False
t1103,track,1,0.0,False
a2864,artist,1,0.0,False
t1101,track,1,0.0,False
a4726,artist,2,0.0,False
a3724,artist,2,0.0,False
t1099,track,2,0.0,False
t4235,track,1,0.0,False
t3949,track,1,0.0,False
t1448,track,1,0.0,False
t1096,track,1,0.0,False
t1094,track,1,0.0,False
t1123,track,1,0.0,False
t1124,track,1,0.0,False
t1092,track,1,0.0,False
a3705,artist,2,0.0,False
t1169,track,1,0.0,False
t1166,track,1,0.0,False
b37,area,4,0.0,True
t1161,track,3,0.0,False
a2725,artist,1,0.0,False
t1154,track,1,0.0,False
a3287,artist,1,0.0,False
t1152,track,1,0.0,False
b681,area,3,0.0,False
a2636,artist,2,0.0,False
a1679,artist,2,0.0,False
a2461,artist,2,0.0,False
a3745,artist,2,0.0,False
a1469,artist,3,0.0,False
t1145,track,3,0.0,False
a4122,artist,1,0.0,False
a495,artist,3,0.0,False
a539,artist,3,0.0,False
a1898,artist,3,0.0,False
a450,artist,1,0.0,False
t1140,track,1,0.0,False
a3781,artist,1,0.0,False
t1139,track,1,0.0,False
a4670,artist,1,0.0,False
t1137,track,1,0.0,False
b214,area,1,0.0,False
a1857,artist,1,0.0,False
t1135,track,1,0.0,False
a2261,artist,1,0.0,False
t1131,track,1,0.0,False
a1860,artist,1,0.0,False
a2321,artist,1,0.0,False
a3068,artist,2,0.0,False
t1043,track,1,0.0,False
t1053,track,2,0.0,True
a4629,artist,1,0.0,False
t1052,track,1,0.0,False
t1051,track,1,0.0,False
a86,artist,1,0.0,False
t1049,track,1,0.0,False
a3474,artist,2,0.0,False
a1339,artist,2,0.0,False
t1048,track,2,0.0,False
a2792,artist,1,0.0,False
t1045,track,1,0.0,False
a1843,artist,1,0.0,False
t1044,track,1,0.0,False
a682,artist,1,0.0,False
a534,artist,1,0.0,False
a875,artist,2,0.0,True
t1042,track,1,0.0,False
a757,artist,1,0.0,False
a2013,artist,1,0.0,False
t1041,track,2,0.0,True
a4470,artist,1,0.0,False
t1040,track,1,0.0,False
a1732,artist,1,0.0,False
a3126,artist,2,0.0,False
a411,artist,3,0.0,False
a410,artist,2,0.0,False
a1021,artist,1,0.0,False
t1036,track,1,0.0,False
a4352,artist,2,0.0,False
a2448,artist,1,0.0,False
a4525,artist,1,0.0,False
a235,artist,1,0.0,False
t1090,track,1,0.0,False
t1069,track,1,0.0,False
t1089,track,4,0.0,False
a1171,artist,1,0.0,False
t1087,track,1,0.0,False
a3220,artist,1,0.0,False
t1083,track,1,0.0,False
a794,artist,1,0.0,False
t1082,track,1,0.0,False
t1078,track,1,0.0,False
a2831,artist,1,0.0,False
t1077,track,1,0.0,False
a198,artist,1,0.0,False
t1073,track,1,0.0,False
t1072,track,1,0.0,False
a3414,artist,1,0.0,False
a503,artist,1,0.0,False
t1055,track,1,0.0,False
t1068,track,1,0.0,False
t1067,track,1,0.0,False
a717,artist,1,0.0,False
t1066,track,1,0.0,False
t1064,track,2,0.0,False
a1904,artist,4,0.0,False
a3010,artist,2,0.0,False
a2401,artist,2,0.0,False
a31,artist,2,0.0,False
t1062,track,4,0.0,False
a297,artist,1,0.0,False
t1059,track,1,0.0,False
a4551,artist,1,0.0,False
t1058,track,1,0.0,False
t350,track,1,0.0,False
a4166,artist,1,0.0,False
t342,track,1,0.0,False
t326,track,2,0.0,False
a2698,artist,3,0.0,False
a2300,artist,3,0.0,False
t3244,track,2,0.0,False
t2050,track,3,0.0,False
t4211,track,2,0.0,False
t3247,track,2,0.0,False
a508,artist,2,0.0,False
t3059,track,2,0.0,False
t3262,track,3,0.0,False
t1216,track,3,0.0,False
a4514,artist,2,0.0,False
a1939,artist,2,0.0,False
t3266,track,4,0.0,False
t1988,track,4,0.0,False
a1685,artist,3,0.0,False
t3283,track,1,0.0,False
t2059,track,2,0.0,True
t3228,track,1,0.0,False
a32,artist,4,0.0,False
t831,track,3,0.0,False
a159,artist,4,0.0,False
t3662,track,1,0.0,False
t4121,track,1,0.0,False
t3221,track,1,0.0,False
t2272,track,2,0.0,False
a2048,artist,2,0.0,False
t3220,track,2,0.0,False
t976,track,2,0.0,False
t3211,track,2,0.0,False
a4327,artist,2,0.0,False
t3882,track,2,0.0,False
a2755,artist,3,0.0,False
a2756,artist,4,0.0,False
a2699,artist,3,0.0,False
t4027,track,2,0.0,False
t3446,track,2,0.0,False
a2814,artist,3,0.0,False
a4414,artist,3,0.0,False
t2741,track,2,0.0,False
a1225,artist,2,0.0,False
t3362,track,2,0.0,False
a4396,artist,2,0.0,False
t3968,track,2,0.0,False
t3338,track,2,0.0,False
t3987,track,2,0.0,False
t3339,track,2,0.0,False
t3336,track,2,0.0,False
t3420,track,2,0.0,False
t3332,track,2,0.0,False
a1265,artist,3,0.0,False
t3280,track,2,0.0,False
t2066,track,3,0.0,False
t3323,track,2,0.0,False
a3864,artist,3,0.0,False
a4111,artist,3,0.0,False
t18,track,3,0.0,False
t3302,track,3,0.0,False
t360,track,2,0.0,False
t3299,track,2,0.0,False
t4062,track,2,0.0,False
t4063,track,2,0.0,False
a4581,artist,5,0.0,True
t1109,track,4,0.0,False
t3282,track,2,0.0,False
t125,track,2,0.0,False
t3202,track,2,0.0,False
t3200,track,2,0.0,False
t3199,track,2,0.0,False
t3081,track,3,0.0,False
t1206,track,1,0.0,False
t3112,track,1,0.0,False
t3655,track,2,0.0,False
t3105,track,2,0.0,False
t3545,track,2,0.0,False
t3562,track,2,0.0,False
a3723,artist,4,0.0,False
t4087,track,4,0.0,False
t3097,track,2,0.0,False
t438,track,2,0.0,False
t3083,track,2,0.0,False
a2284,artist,3,0.0,False
t491,track,3,0.0,False
a3390,artist,3,0.0,False
a3213,artist,3,0.0,False
t3263,track,2,0.0,False
a4297,artist,3,0.0,False
a4782,artist,3,0.0,False
t3995,track,2,0.0,False
t3065,track,3,0.0,False
a2627,artist,3,0.0,False
t3064,track,2,0.0,False
t3063,track,3,0.0,False
a2277,artist,4,0.0,False
t3598,track,4,0.0,False
a741,artist,4,0.0,False
t3062,track,3,0.0,False
t3295,track,2,0.0,False
t3293,track,2,0.0,False
a949,artist,4,0.0,False
t3116,track,2,0.0,False
t3119,track,2,0.0,False
t1174,track,4,0.0,False
t3164,track,2,0.0,False
a3435,artist,4,0.0,False
t3198,track,2,0.0,False
a2406,artist,2,0.0,False
t1942,track,2,0.0,False
a623,artist,2,0.0,False
a4372,artist,2,0.0,False
a610,artist,4,0.0,False
t3178,track,4,0.0,False
t3597,track,2,0.0,False
t2689,track,3,0.0,False
a2446,artist,3,0.0,False
t3170,track,2,0.0,False
t3424,track,2,0.0,False
a784,artist,3,0.0,True
a4748,artist,5,0.0,False
a2229,artist,2,0.0,False
a2411,artist,5,0.0,False
a4440,artist,5,0.0,False
t3521,track,2,0.0,False
t3520,track,3,0.0,False
a2560,artist,3,0.0,False
t3153,track,2,0.0,False
t3155,track,2,0.0,False
t4017,track,2,0.0,False
t1018,track,4,0.0,False
a265,artist,4,0.0,False
t3152,track,2,0.0,False
t1982,track,3,0.0,False
t3139,track,3,0.0,False
t1680,track,2,0.0,False
t3380,track,1,0.0,False
t1719,track,1,0.0,False
t3393,track,2,0.0,False
a1197,artist,2,0.0,False
t3707,track,2,0.0,False
t4245,track,2,0.0,False
t345,track,2,0.0,False
t3688,track,2,0.0,False
a4610,artist,3,0.0,False
a790,artist,3,0.0,False
t3023,track,3,0.0,False
t3683,track,3,0.0,False
a3400,artist,2,0.0,False
t713,track,2,0.0,False
t3681,track,2,0.0,False
t971,track,2,0.0,False
t3665,track,2,0.0,False
t4126,track,2,0.0,False
t3653,track,2,0.0,False
t4037,track,2,0.0,False
t3934,track,3,0.0,False
a883,artist,4,0.0,False
t3642,track,4,0.0,False
a3979,artist,4,0.0,False
t3645,track,3,0.0,False
t4039,track,1,0.0,False
t4038,track,1,0.0,False
t1806,track,3,0.0,True
t3624,track,1,0.0,False
a3264,artist,2,0.0,False
t4226,track,2,0.0,False
t3620,track,2,0.0,False
a1499,artist,3,0.0,False
a3440,artist,4,0.0,False
t65,track,3,0.0,False
t3713,track,3,0.0,False
a434,artist,3,0.0,False
a3497,artist,2,0.0,False
t3780,track,2,0.0,False
a769,artist,3,0.0,False
a2651,artist,3,0.0,False
t3217,track,1,0.0,False
t3744,track,1,0.0,False
t3793,track,4,0.0,False
t3738,track,4,0.0,False
t4022,track,1,0.0,False
t3728,track,1,0.0,False
t1558,track,2,0.0,False
a952,artist,2,0.0,False
t3727,track,2,0.0,False
t2312,track,4,0.0,False
a2774,artist,3,0.0,False
a1385,artist,3,0.0,False
a2413,artist,3,0.0,False
t3725,track,4,0.0,False
a4232,artist,2,0.0,False
t862,track,2,0.0,False
t3723,track,2,0.0,False
t3095,track,2,0.0,False
a860,artist,2,0.0,False
t3719,track,2,0.0,False
t4352,track,2,0.0,False
t4290,track,2,0.0,False
t2702,track,4,0.0,False
a3712,artist,4,0.0,False
t3714,track,2,0.0,False
a3378,artist,3,0.0,False
t14,track,3,0.0,False
t1991,track,4,0.0,False
t3606,track,4,0.0,False
a801,artist,2,0.0,False
t3496,track,3,0.0,False
a551,artist,2,0.0,False
t3515,track,2,0.0,False
t3946,track,2,0.0,False
t3947,track,3,0.0,False
a2154,artist,3,0.0,False
t3513,track,2,0.0,False
t3701,track,2,0.0,False
a971,artist,2,0.0,False
t3499,track,2,0.0,False
t3512,track,3,0.0,False
a3867,artist,2,0.0,False
a377,artist,3,0.0,False
a2105,artist,3,0.0,False
t4329,track,4,0.0,False
t2108,track,2,0.0,False
t3522,track,2,0.0,False
a2976,artist,2,0.0,False
t3461,track,2,0.0,False
a1944,artist,2,0.0,False
t3449,track,1,0.0,False
t4298,track,1,0.0,False
t4297,track,3,0.0,True
t3419,track,1,0.0,False
t3729,track,5,0.0,False
t4440,track,5,0.0,False
t3414,track,5,0.0,False
a22,artist,2,0.0,False
t165,track,2,0.0,False
t3395,track,2,0.0,False
t1949,track,2,0.0,False
t1252,track,2,0.0,False
t285,track,2,0.0,False
t34,track,4,0.0,False
t1650,track,2,0.0,False
t3604,track,4,0.0,False
t4248,track,1,0.0,False
t3602,track,1,0.0,False
t194,track,2,0.0,False
a4518,artist,2,0.0,False
t3591,track,2,0.0,False
t3215,track,3,0.0,False
t3583,track,3,0.0,False
t3737,track,2,0.0,False
t3580,track,2,0.0,False
a162,artist,2,0.0,False
t2294,track,2,0.0,False
t3566,track,2,0.0,False
a3226,artist,2,0.0,False
t3560,track,2,0.0,False
t3527,track,2,0.0,False
t3454,track,2,0.0,False
a4051,artist,2,0.0,False
t3557,track,2,0.0,False
t4120,track,2,0.0,False
t3980,track,2,0.0,False
a718,artist,4,0.0,False
t4118,track,4,0.0,False
t3548,track,2,0.0,False
t553,track,2,0.0,False
a402,artist,3,0.0,True
t3537,track,2,0.0,False
t3528,track,2,0.0,False
a1529,artist,3,0.0,False
t1234,track,3,0.0,False
t3296,track,4,0.0,False
t4084,track,2,0.0,False
a2493,artist,4,0.0,False
t2746,track,2,0.0,False
t422,track,3,0.0,False
t3811,track,2,0.0,False
t2744,track,2,0.0,False
t760,track,3,0.0,False
a3833,artist,3,0.0,False
t3236,track,2,0.0,False
t3331,track,3,0.0,False
a2607,artist,2,0.0,False
t4263,track,2,0.0,False
t2751,track,2,0.0,False
t2979,track,4,0.0,False
a3675,artist,4,0.0,False
t3927,track,2,0.0,False
t4405,track,2,0.0,False
a1340,artist,3,0.0,False
t2740,track,2,0.0,False
t3026,track,2,0.0,False
a557,artist,2,0.0,False
t2739,track,2,0.0,False
t2670,track,2,0.0,False
a1345,artist,2,0.0,False
t2721,track,2,0.0,False
t2479,track,2,0.0,False
a63,artist,2,0.0,False
t2719,track,2,0.0,False
t2712,track,1,0.0,False
t2842,track,1,0.0,False
t3208,track,3,0.0,True
t2711,track,1,0.0,False
t4322,track,2,0.0,False
t2699,track,2,0.0,False
t2755,track,2,0.0,False
a4264,artist,4,0.0,False
t2754,track,4,0.0,False
t1368,track,2,0.0,False
t2812,track,2,0.0,False
a1811,artist,4,0.0,False
a816,artist,3,0.0,False
t2520,track,4,0.0,False
a78,artist,3,0.0,False
t2811,track,4,0.0,False
t3067,track,2,0.0,False
t2798,track,3,0.0,False
t2797,track,2,0.0,False
t2785,track,5,0.0,False
t2784,track,5,0.0,False
a2557,artist,2,0.0,False
t2067,track,2,0.0,False
t2782,track,2,0.0,False
a1287,artist,2,0.0,False
t3036,track,2,0.0,False
t2780,track,2,0.0,False
t748,track,2,0.0,False
a4515,artist,4,0.0,True
t2768,track,2,0.0,False
t599,track,2,0.0,False
t2764,track,2,0.0,False
t889,track,2,0.0,False
t2761,track,2,0.0,False
t3127,track,2,0.0,False
t3050,track,2,0.0,False
t3816,track,4,0.0,False
a1158,artist,4,0.0,False
t2756,track,2,0.0,False
t2757,track,2,0.0,False
t1047,track,3,0.0,False
a1301,artist,3,0.0,False
a1782,artist,3,0.0,False
t2589,track,2,0.0,False
t1375,track,3,0.0,False
t2625,track,2,0.0,False
a2840,artist,4,0.0,True
t4394,track,2,0.0,False
t1397,track,3,0.0,False
t2602,track,2,0.0,False
t3623,track,2,0.0,False
t2599,track,2,0.0,False
a2059,artist,2,0.0,False
t517,track,2,0.0,False
t2595,track,2,0.0,False
t3501,track,1,0.0,False
t2594,track,1,0.0,False
t4347,track,2,0.0,False
a4044,artist,3,0.0,False
t4155,track,2,0.0,False
t2254,track,3,0.0,False
a1778,artist,3,0.0,False
t2587,track,3,0.0,False
t1901,track,3,0.0,False
a2140,artist,3,0.0,False
a4465,artist,3,0.0,False
t2585,track,3,0.0,False
t4162,track,2,0.0,False
t291,track,3,0.0,False
a3075,artist,3,0.0,False
t2584,track,2,0.0,False
a2083,artist,2,0.0,False
t833,track,2,0.0,False
t2565,track,2,0.0,False
a2429,artist,3,0.0,False
t2631,track,4,0.0,False
t2686,track,3,0.0,False
a3927,artist,3,0.0,False
a1628,artist,2,0.0,False
a2302,artist,2,0.0,False
t305,track,3,0.0,False
t2684,track,3,0.0,False
t4186,track,2,0.0,False
a4813,artist,3,0.0,False
t2138,track,3,0.0,False
t2680,track,2,0.0,False
t264,track,2,0.0,False
a4007,artist,2,0.0,False
t2675,track,2,0.0,False
t2667,track,1,0.0,False
t2665,track,1,0.0,False
a2137,artist,4,0.0,False
a870,artist,3,0.0,False
a1597,artist,3,0.0,False
t381,track,4,0.0,False
t2662,track,4,0.0,False
t3722,track,2,0.0,False
t4383,track,2,0.0,False
t2638,track,2,0.0,False
a3836,artist,2,0.0,False
t1301,track,2,0.0,False
t2637,track,2,0.0,False
t3385,track,4,0.0,False
a3150,artist,2,0.0,False
a3252,artist,3,0.0,False
t1272,track,5,0.0,False
a3473,artist,3,0.0,False
a1029,artist,4,0.0,False
t687,track,4,0.0,False
t4407,track,2,0.0,False
t3800,track,2,0.0,False
a975,artist,2,0.0,False
t3585,track,2,0.0,False
a663,artist,3,0.0,False
t1476,track,3,0.0,False
t2989,track,2,0.0,False
a3173,artist,2,0.0,False
t3910,track,2,0.0,False
t2981,track,2,0.0,False
t3935,track,1,0.0,False
t3822,track,1,0.0,False
t2964,track,1,0.0,False
t1902,track,2,0.0,False
a2156,artist,2,0.0,False
t2946,track,2,0.0,False
t4170,track,2,0.0,False
t2944,track,2,0.0,False
t2709,track,3,0.0,False
t3659,track,2,0.0,False
a815,artist,3,0.0,True
t2942,track,2,0.0,False
t3505,track,1,0.0,False
t3490,track,1,0.0,False
t3489,track,3,0.0,True
t2940,track,1,0.0,False
a2776,artist,3,0.0,False
a2885,artist,4,0.0,False
t3326,track,3,0.0,False
a771,artist,2,0.0,False
t2042,track,4,0.0,False
t2939,track,2,0.0,False
t4103,track,4,0.0,False
t2991,track,2,0.0,False
t4092,track,2,0.0,False
t2934,track,4,0.0,False
t3028,track,2,0.0,False
t3056,track,2,0.0,False
t3933,track,4,0.0,False
a1848,artist,3,0.0,False
a1136,artist,3,0.0,False
a4503,artist,2,0.0,False
t3052,track,4,0.0,False
t3607,track,2,0.0,False
t1268,track,3,0.0,False
a4025,artist,3,0.0,False
t3042,track,2,0.0,False
t3049,track,3,0.0,False
t3033,track,3,0.0,False
t2145,track,2,0.0,False
a3813,artist,2,0.0,False
a658,artist,3,0.0,False
t2993,track,3,0.0,False
a2110,artist,3,0.0,False
t1183,track,3,0.0,False
t3018,track,3,0.0,False
a335,artist,2,0.0,False
t3687,track,2,0.0,False
t3011,track,2,0.0,False
t3430,track,3,0.0,False
a1784,artist,3,0.0,False
t3124,track,4,0.0,False
a1321,artist,3,0.0,False
t3008,track,3,0.0,False
a4553,artist,2,0.0,False
a3737,artist,2,0.0,False
t2972,track,3,0.0,False
t4104,track,4,0.0,False
a4816,artist,2,0.0,False
t2813,track,2,0.0,False
a1800,artist,4,0.0,False
a4284,artist,3,0.0,False
t2873,track,2,0.0,False
t3111,track,2,0.0,False
t2861,track,2,0.0,False
a1887,artist,5,0.0,False
a4350,artist,5,0.0,False
a4349,artist,5,0.0,False
t3739,track,2,0.0,False
a4868,artist,3,0.0,False
t876,track,3,0.0,False
t2844,track,2,0.0,False
t4444,track,2,0.0,False
t3089,track,2,0.0,False
t941,track,4,0.0,False
t2839,track,2,0.0,False
t2980,track,2,0.0,False
a4717,artist,2,0.0,False
t3825,track,2,0.0,False
a1325,artist,2,0.0,False
a4467,artist,2,0.0,False
a1119,artist,2,0.0,False
a4864,artist,3,0.0,False
t1535,track,3,0.0,False
a3999,artist,3,0.0,False
t2821,track,3,0.0,False
t1597,track,2,0.0,False
a2606,artist,2,0.0,False
t2815,track,2,0.0,False
t2431,track,2,0.0,False
a1094,artist,2,0.0,False
t3312,track,3,0.0,False
t2875,track,2,0.0,False
t3100,track,2,0.0,False
t2920,track,2,0.0,False
t2933,track,2,0.0,False
a2683,artist,3,0.0,False
a1088,artist,3,0.0,False
t2146,track,2,0.0,False
t2931,track,2,0.0,False
t3110,track,2,0.0,False
t3382,track,3,0.0,False
a4062,artist,3,0.0,False
t2925,track,2,0.0,False
t1129,track,2,0.0,False
a493,artist,2,0.0,False
t2922,track,2,0.0,False
t4311,track,2,0.0,False
t3514,track,2,0.0,False
t993,track,2,0.0,False
t3345,track,5,0.0,False
a2736,artist,3,0.0,True
t2902,track,2,0.0,False
a3170,artist,3,0.0,False
a1731,artist,3,0.0,False
t408,track,3,0.0,False
t2894,track,3,0.0,False
t2889,track,1,0.0,False
t4387,track,2,0.0,True
t2888,track,1,0.0,False
a3623,artist,3,0.0,False
a4848,artist,3,0.0,False
t1125,track,3,0.0,False
t2883,track,3,0.0,False
t2877,track,3,0.0,False
a279,artist,2,0.0,False
t4282,track,2,0.0,False
t3781,track,2,0.0,False
t181,track,1,0.0,False
t175,track,1,0.0,False
a2688,artist,2,0.0,True
b280,area,4,0.0,True
t176,track,1,0.0,False
a3513,artist,1,0.0,False
t179,track,1,0.0,False
a3334,artist,1,0.0,False
a4828,artist,2,0.0,False
t182,track,3,0.0,False
a1851,artist,2,0.0,False
a21,artist,3,0.0,False
a4490,artist,2,0.0,False
t184,track,3,0.0,False
a3043,artist,3,0.0,False
t173,track,1,0.0,False
a1992,artist,1,0.0,False
t172,track,1,0.0,False
b359,area,3,0.0,True
a4604,artist,1,0.0,False
t169,track,1,0.0,False
a913,artist,2,0.0,False
a99,artist,2,0.0,False
a2666,artist,1,0.0,False
t164,track,3,0.0,True
a807,artist,1,0.0,False
a1553,artist,1,0.0,False
t157,track,2,0.0,True
t155,track,1,0.0,False
t3422,track,2,0.0,False
a204,artist,2,0.0,False
a2051,artist,1,0.0,False
a4847,artist,2,0.0,False
a4435,artist,2,0.0,False
t1175,track,1,0.0,False
t202,track,4,0.0,False
a3586,artist,2,0.0,False
a1155,artist,2,0.0,False
a707,artist,2,0.0,False
t208,track,4,0.0,False
t1848,track,1,0.0,False
a4658,artist,2,0.0,True
t204,track,1,0.0,False
a1897,artist,1,0.0,False
a1880,artist,2,0.0,True
t203,track,1,0.0,False
a4524,artist,2,0.0,False
a3368,artist,4,0.0,False
a121,artist,2,0.0,False
a4811,artist,2,0.0,False
a3088,artist,1,0.0,False
t192,track,2,0.0,False
a2345,artist,1,0.0,False
t201,track,2,0.0,True
a1791,artist,1,0.0,False
t199,track,1,0.0,False
a2674,artist,1,0.0,False
t198,track,1,0.0,False
a3947,artist,1,0.0,False
t197,track,1,0.0,False
t1217,track,1,0.0,False
t3144,track,1,0.0,False
a4858,artist,3,0.0,True
t195,track,1,0.0,False
a1426,artist,2,0.0,False
a3072,artist,2,0.0,False
a2810,artist,3,0.0,True
t152,track,2,0.0,True
a3516,artist,1,0.0,False
t105,track,1,0.0,False
a3853,artist,3,0.0,True
t116,track,1,0.0,False
a1831,artist,1,0.0,False
t114,track,1,0.0,False
a1065,artist,1,0.0,False
t113,track,1,0.0,False
t111,track,1,0.0,False
t218,track,1,0.0,False
t108,track,1,0.0,False
a1799,artist,2,0.0,True
t107,track,1,0.0,False
a276,artist,1,0.0,False
t106,track,1,0.0,False
a615,artist,1,0.0,False
t3301,track,1,0.0,False
b233,area,3,0.0,False
t961,track,1,0.0,False
a437,artist,3,0.0,True
t104,track,1,0.0,False
t103,track,1,0.0,False
a146,artist,1,0.0,False
t101,track,1,0.0,False
a4153,artist,1,0.0,False
t97,track,1,0.0,False
a1885,artist,1,0.0,False
t94,track,1,0.0,False
a3689,artist,1,0.0,False
t93,track,1,0.0,False
a3333,artist,2,0.0,True
a4094,artist,2,0.0,True
a4734,artist,3,0.0,False
t117,track,1,0.0,False
t148,track,1,0.0,False
t131,track,1,0.0,False
a1148,artist,1,0.0,False
t147,track,1,0.0,False
a273,artist,1,0.0,False
t143,track,1,0.0,False
t142,track,4,0.0,False
t1194,track,1,0.0,False
a1131,artist,2,0.0,True
t141,track,1,0.0,False
a3294,artist,1,0.0,False
t139,track,1,0.0,False
a1840,artist,1,0.0,False
t136,track,1,0.0,False
a4305,artist,1,0.0,False
t132,track,1,0.0,False
a3629,artist,1,0.0,False
a443,artist,1,0.0,False
t129,track,1,0.0,False
b713,area,1,0.0,False
a1711,artist,2,0.0,True
t128,track,1,0.0,False
a1916,artist,2,0.0,False
a1990,artist,2,0.0,False
a4135,artist,1,0.0,False
t122,track,1,0.0,False
t121,track,1,0.0,False
a2104,artist,1,0.0,False
t120,track,1,0.0,False
t119,track,3,0.0,False
a3503,artist,1,0.0,False
t118,track,1,0.0,False
a648,artist,4,0.0,False
t210,track,1,0.0,False
a3968,artist,1,0.0,False
t290,track,1,0.0,False
t311,track,1,0.0,False
t308,track,1,0.0,False
a4373,artist,1,0.0,False
t307,track,1,0.0,False
a561,artist,1,0.0,False
t306,track,1,0.0,False
a608,artist,1,0.0,False
t304,track,1,0.0,False
a1122,artist,1,0.0,False
t303,track,1,0.0,False
a286,artist,1,0.0,False
t299,track,1,0.0,False
t298,track,3,0.0,False
t2563,track,1,0.0,False
b294,area,2,0.0,False
t316,track,1,0.0,False
a3906,artist,1,0.0,False
t288,track,1,0.0,False
a765,artist,1,0.0,False
t287,track,1,0.0,False
a2616,artist,1,0.0,False
t283,track,1,0.0,False
a1193,artist,1,0.0,False
a2025,artist,1,0.0,False
t281,track,2,0.0,True
a2275,artist,1,0.0,False
t280,track,1,0.0,False
b179,area,8,0.0,True
a2328,artist,1,0.0,False
t274,track,1,0.0,False
a2766,artist,1,0.0,False
t318,track,1,0.0,False
t273,track,1,0.0,False
t328,track,1,0.0,False
a3123,artist,3,0.0,False
a3733,artist,3,0.0,False
t336,track,3,0.0,False
t1845,track,1,0.0,False
t4153,track,1,0.0,False
a80,artist,1,0.0,False
t333,track,1,0.0,False
t332,track,1,0.0,False
a4168,artist,1,0.0,False
a337,artist,2,0.0,True
t331,track,1,0.0,False
a4829,artist,1,0.0,False
t329,track,1,0.0,False
a367,artist,1,0.0,False
t327,track,1,0.0,False
a3257,artist,2,0.0,True
t1262,track,1,0.0,False
a1577,artist,2,0.0,True
t325,track,1,0.0,False
a621,artist,2,0.0,False
a1608,artist,2,0.0,False
a4783,artist,3,0.0,False
t324,track,3,0.0,False
t322,track,1,0.0,False
t1351,track,2,0.0,True
a599,artist,2,0.0,True
a3643,artist,1,0.0,False
a13,artist,1,0.0,False
t320,track,3,0.0,True
a4130,artist,3,0.0,True
a3711,artist,1,0.0,False
b178,area,4,0.0,True
t211,track,1,0.0,False
a2554,artist,1,0.0,False
t232,track,2,0.0,False
a3441,artist,2,0.0,False
a1458,artist,2,0.0,False
a3442,artist,2,0.0,False
a1408,artist,1,0.0,False
t227,track,1,0.0,False
a3469,artist,1,0.0,False
t226,track,1,0.0,False
a1638,artist,1,0.0,False
t225,track,1,0.0,False
a1384,artist,1,0.0,False
t223,track,1,0.0,False
a2235,artist,1,0.0,False
t222,track,1,0.0,False
t221,track,1,0.0,False
a3911,artist,2,0.0,False
a1258,artist,2,0.0,False
a4720,artist,2,0.0,False
b568,area,5,0.0,True
a1129,artist,4,0.0,True
t220,track,1,0.0,False
a1447,artist,1,0.0,False
t217,track,1,0.0,False
a2657,artist,1,0.0,False
t216,track,1,0.0,False
a2343,artist,1,0.0,False
t213,track,1,0.0,False
t2810,track,1,0.0,False
t212,track,1,0.0,False
a699,artist,1,0.0,False
a3392,artist,2,0.0,False
t237,track,1,0.0,False
a2626,artist,1,0.0,False
t255,track,1,0.0,False
t271,track,1,0.0,False
t2912,track,2,0.0,False
t1641,track,2,0.0,False
t2909,track,2,0.0,True
a3704,artist,3,0.0,False
a1181,artist,4,0.0,True
t270,track,2,0.0,False
a520,artist,1,0.0,False
t265,track,1,0.0,False
b66,area,1,0.0,False
a2042,artist,2,0.0,False
a2216,artist,2,0.0,False
t257,track,2,0.0,False
a4803,artist,1,0.0,False
a4456,artist,1,0.0,False
a4263,artist,1,0.0,False
t254,track,1,0.0,False
a43,artist,4,0.0,False
t249,track,1,0.0,False
a2171,artist,1,0.0,False
t247,track,1,0.0,False
a1106,artist,1,0.0,False
t246,track,1,0.0,False
b234,area,1,0.0,False
a4799,artist,2,0.0,True
t240,track,1,0.0,False
a4632,artist,1,0.0,False
t239,track,1,0.0,False
a4673,artist,1,0.0,False
t238,track,1,0.0,False
t92,track,1,0.0,False
t4314,track,1,0.0,False
t90,track,1,0.0,False
t4180,track,2,0.0,False
t3374,track,4,0.0,False
a847,artist,3,0.0,False
a2535,artist,3,0.0,False
t4236,track,4,0.0,False
a509,artist,3,0.0,False
t1149,track,2,0.0,False
a2155,artist,3,0.0,False
t4222,track,2,0.0,False
t1888,track,2,0.0,False
t4216,track,2,0.0,False
t3035,track,4,0.0,False
t4194,track,4,0.0,False
t568,track,2,0.0,False
a1160,artist,2,0.0,False
a395,artist,2,0.0,False
t4240,track,2,0.0,False
t4169,track,2,0.0,False
t4427,track,2,0.0,False
a3314,artist,2,0.0,False
t4135,track,2,0.0,False
t343,track,2,0.0,False
a470,artist,2,0.0,False
t4117,track,2,0.0,False
t4113,track,2,0.0,False
t4112,track,2,0.0,False
t3579,track,2,0.0,False
a2060,artist,2,0.0,False
t4088,track,2,0.0,False
t4189,track,2,0.0,False
a2955,artist,2,0.0,False
a3806,artist,4,0.0,False
t2604,track,2,0.0,False
a3804,artist,2,0.0,False
a4200,artist,2,0.0,False
a358,artist,3,0.0,False
a2768,artist,3,0.0,False
a753,artist,4,0.0,False
t4047,track,4,0.0,False
t4302,track,4,0.0,False
a4838,artist,2,0.0,False
t3269,track,2,0.0,False
t4301,track,2,0.0,False
t2795,track,2,0.0,False
t4300,track,2,0.0,False
a4087,artist,2,0.0,False
t690,track,2,0.0,False
t4286,track,2,0.0,False
t2628,track,2,0.0,False
t4284,track,2,0.0,False
t4259,track,2,0.0,False
t1985,track,2,0.0,False
a2866,artist,2,0.0,False
t4279,track,2,0.0,False
t4275,track,1,0.0,False
t4276,track,1,0.0,False
t4274,track,1,0.0,False
a2391,artist,2,0.0,False
t2817,track,2,0.0,False
t4264,track,2,0.0,False
t1178,track,2,0.0,False
a4322,artist,2,0.0,False
t4262,track,2,0.0,False
t3588,track,2,0.0,False
a316,artist,2,0.0,False
t4083,track,2,0.0,False
t973,track,2,0.0,False
a3633,artist,3,0.0,False
t1200,track,2,0.0,False
t3902,track,3,0.0,False
a2481,artist,2,0.0,False
t3068,track,2,0.0,False
t3901,track,2,0.0,False
t279,track,2,0.0,False
t3893,track,2,0.0,False
a2234,artist,2,0.0,False
a925,artist,2,0.0,False
t1281,track,2,0.0,False
a3912,artist,2,0.0,False
a2821,artist,2,0.0,False
t3504,track,2,0.0,False
t3854,track,2,0.0,False
a1598,artist,3,0.0,True
t3844,track,2,0.0,False
a924,artist,3,0.0,False
t2327,track,2,0.0,False
a4715,artist,2,0.0,False
t3841,track,2,0.0,False
a222,artist,2,0.0,False
t426,track,2,0.0,False
t1744,track,3,0.0,False
t3833,track,3,0.0,False
t3831,track,2,0.0,False
t2840,track,3,0.0,False
t3830,track,2,0.0,False
a3571,artist,4,0.0,False
t2898,track,2,0.0,False
t3787,track,2,0.0,False
t3470,track,2,0.0,False
t1630,track,3,0.0,False
t3936,track,2,0.0,False
t4072,track,2,0.0,False
t4000,track,2,0.0,False
t205,track,2,0.0,False
a4489,artist,2,0.0,False
t4059,track,2,0.0,False
t3697,track,3,0.0,False
t4052,track,3,0.0,False
a595,artist,2,0.0,False
t150,track,2,0.0,False
t4043,track,2,0.0,False
t4032,track,2,0.0,False
t4031,track,2,0.0,False
t471,track,2,0.0,False
a4334,artist,3,0.0,True
t4018,track,2,0.0,False
t1345,track,2,0.0,False
t3185,track,2,0.0,False
a3593,artist,2,0.0,False
t3986,track,2,0.0,False
a1622,artist,2,0.0,False
a4660,artist,2,0.0,False
t1786,track,2,0.0,False
t3963,track,2,0.0,False
t3577,track,2,0.0,False
a130,artist,2,0.0,False
t3957,track,2,0.0,False
t1644,track,4,0.0,False
t3956,track,4,0.0,False
t3605,track,2,0.0,False
a4170,artist,2,0.0,False
t3937,track,2,0.0,False
t4455,track,2,0.0,False
a1453,artist,3,0.0,False
t4326,track,2,0.0,False
a2160,artist,2,0.0,False
a4437,artist,1,0.0,False
t60,track,1,0.0,False
a2263,artist,1,0.0,False
a3944,artist,1,0.0,False
b504,area,2,0.0,False
a994,artist,1,0.0,False
t54,track,1,0.0,False
b272,area,5,0.0,True
t53,track,1,0.0,False
a288,artist,1,0.0,False
t52,track,1,0.0,False
a3206,artist,1,0.0,False
t51,track,1,0.0,False
a3948,artist,1,0.0,False
t50,track,1,0.0,False
t48,track,1,0.0,False
t62,track,2,0.0,False
t3745,track,1,0.0,False
b228,area,2,0.0,True
a1934,artist,2,0.0,True
t45,track,1,0.0,False
t44,track,3,0.0,False
a4221,artist,2,0.0,False
t43,track,2,0.0,False
a2469,artist,2,0.0,False
a1383,artist,2,0.0,False
t42,track,2,0.0,False
b379,area,1,0.0,False
a2695,artist,2,0.0,True
t40,track,1,0.0,False
b468,area,2,0.0,True
a4257,artist,1,0.0,False
a3436,artist,2,0.0,False
t36,track,1,0.0,False
t82,track,1,0.0,False
a1570,artist,2,0.0,False
t89,track,2,0.0,False
a4315,artist,1,0.0,False
a4381,artist,2,0.0,True
t87,track,1,0.0,False
a363,artist,1,0.0,False
t86,track,1,0.0,False
t4253,track,1,0.0,False
t85,track,1,0.0,False
a1210,artist,2,0.0,True
t84,track,1,0.0,False
a3281,artist,1,0.0,False
t83,track,1,0.0,False
a3628,artist,1,0.0,False
a1849,artist,1,0.0,False
a2285,artist,2,0.0,False
t81,track,1,0.0,False
a35,artist,1,0.0,False
t80,track,1,0.0,False
a814,artist,1,0.0,False
t76,track,1,0.0,False
a1526,artist,1,0.0,False
t70,track,1,0.0,False
a2507,artist,3,0.0,False
a914,artist,2,0.0,False
a352,artist,2,0.0,False
t69,track,3,0.0,False
a4586,artist,1,0.0,False
a886,artist,2,0.0,True
t63,track,1,0.0,False
a2836,artist,1,0.0,False
b404,area,1,0.0,False
a2416,artist,2,0.0,False
t4392,track,2,0.0,False
t4432,track,2,0.0,False
t4433,track,2,0.0,False
a2040,artist,4,0.0,True
t456,track,2,0.0,False
t4431,track,2,0.0,False
a1056,artist,4,0.0,False
a183,artist,3,0.0,False
t4384,track,4,0.0,False
a4333,artist,3,0.0,False
t4424,track,4,0.0,False
t1555,track,2,0.0,False
a4512,artist,2,0.0,False
t4415,track,2,0.0,False
t2478,track,2,0.0,False
t4422,track,2,0.0,False
t4437,track,2,0.0,False
a2352,artist,2,0.0,False
t4354,track,2,0.0,False
t743,track,2,0.0,False
t4351,track,2,0.0,False
a1023,artist,3,0.0,False
t1070,track,3,0.0,False
a2522,artist,3,0.0,False
t4350,track,3,0.0,False
t2058,track,4,0.0,False
t4334,track,4,0.0,False
a2677,artist,2,0.0,False
t640,track,2,0.0,False
t4328,track,2,0.0,False
t209,track,2,0.0,False
a2374,artist,3,0.0,True
t4457,track,2,0.0,False
a2928,artist,2,0.0,True
a1658,artist,2,0.0,False
t35,track,1,0.0,False
a4687,artist,1,0.0,False
t30,track,1,0.0,False
t28,track,1,0.0,False
t27,track,3,0.0,False
a514,artist,2,0.0,False
a1830,artist,2,0.0,False
a4224,artist,2,0.0,False
t23,track,1,0.0,False
t16,track,1,0.0,False
a1657,artist,2,0.0,False
a4231,artist,2,0.0,False
t13,track,2,0.0,False
a1530,artist,2,0.0,False
t12,track,2,0.0,False
t4445,track,2,0.0,False
t11,track,1,0.0,False
a560,artist,1,0.0,False
t10,track,1,0.0,False
t2442,track,1,0.0,False
t9,track,1,0.0,False
a629,artist,2,0.0,True
a679,artist,2,0.0,True
t8,track,1,0.0,False
a3217,artist,1,0.0,False
t6,track,1,0.0,False
t0,track,1,0.0,False
t4446,track,2,0.0,False
t4448,track,2,0.0,False
t909,track,4,0.0,False
b258,area,1,0.0,False
