node_id,entity_type,degree,betweenness,is_articulation_point
id-182,move,1118,0.02317865970417038,False
id-156,move,1118,0.02317865970417038,False
id-173,move,1118,0.023173022666037473,False
id-214,move,1115,0.023050998840452665,False
id-496,move,1117,0.023010444540045173,False
id-263,move,1113,0.022806285079176723,False
rec-164-dup-0,move,852,0.013321992868565818,False
rec-203-dup-0,move,851,0.013259227684553397,False
id-164,move,739,0.01076144741891131,False
id-203,move,742,0.010758780344548812,False
rec-213-dup-0,move,696,0.009015454599063675,False
id-240,move,709,0.00835718585792236,False
id-213,move,608,0.00744350654219759,False
id-416,move,635,0.00736765473153929,False
id-34,ability,53,0.005637243095965628,False
id-91,item,19,0.005293537017793351,True
id-125,ability,44,0.005176736870228698,True
id-82,ability,50,0.0051485860996725065,False
id-26,ability,70,0.004894979110317114,True
id-67,ability,38,0.0047595706053331225,False
rec-241-dup-0,move,488,0.0043138000278715016,False
rec-63-dup-0,move,476,0.004286909363072792,False
id-302,pokemon,112,0.004255129386362416,True
id-5,ability,43,0.004195703251025136,False
id-764,pokemon,90,0.0035906948256084234,True
id-779,pokemon,10,0.0034514202992508326,True
id-241,move,423,0.003437823739156029,False
id-151,pokemon,336,0.003306569356524933,False
id-385,pokemon,107,0.0033019807603655053,True
id-63,move,406,0.0032494060198237727,False
id-33,ability,67,0.003237133261638867,True
rec-51-dup-0,ability,52,0.0030096859174414048,False
id-33,move,298,0.0029961682581159245,False
id-241,pokemon,112,0.0029757542993705645,True
id-168,move,430,0.0029501605182942836,False
id-68,ability,40,0.002901313940876358,False
id-371,move,408,0.00287822460008088,False
id-65,ability,33,0.002671988637762811,False
id-10108,pokemon,96,0.002662929901589591,True
rec-34-dup-0,move,403,0.002606746200314188,False
id-133,item,23,0.002606683296039779,False
id-617,pokemon,79,0.00253225715350655,True
id-784,pokemon,115,0.002522632283673944,True
id-815,pokemon,101,0.0024769246888506433,True
rec-129-dup-0,move,372,0.0024494773062567884,False
id-247,move,391,0.0024115286370357866,False
id-317,move,410,0.0023884107377983767,False
id-51,ability,41,0.0023348221602152996,False
id-48,ability,22,0.0023125148645176934,False
rec-15-dup-0,ability,28,0.0023112856347933864,False
id-196,move,361,0.0022718680430429813,False
id-792,pokemon,94,0.0022639880619425862,True
id-700,pokemon,98,0.002249042191031513,True
id-127,ability,46,0.0022337703494643983,False
id-91,move,393,0.0022031249977867637,False
id-34,move,353,0.0021619224299211127,False
id-842,pokemon,76,0.002157341571824325,True
id-231,move,390,0.0021177269461765016,False
id-132,pokemon,6,0.0020166983863085055,True
id-157,ability,19,0.002007630941555403,False
id-523,move,370,0.0020054640107286426,False
id-213,pokemon,99,0.0019945995434325113,True
id-269,move,340,0.0019583538805021212,False
id-181,ability,14,0.0018957024935407866,True
id-280,move,359,0.001894325963315689,False
id-191,pokemon,7,0.001883644219858112,True
id-884,pokemon,86,0.0018813170400161859,True
id-129,move,318,0.001881129436609557,False
id-182,ability,4,0.0018710278325662932,True
id-771,pokemon,48,0.0018643928315369349,True
id-7,ability,23,0.001860842841919017,False
id-275,pokemon,127,0.0018538220539736094,False
id-383,pokemon,90,0.0018427619040370655,True
id-781,pokemon,84,0.001834424920234032,True
id-85,move,321,0.0018252686057710903,False
id-58,move,341,0.0018219432382015044,False
rec-773-dup-0,pokemon,75,0.001801576245259039,False
rec-374-dup-0,move,313,0.0017877189522432445,False
id-834,pokemon,97,0.001764431565671513,False
id-303,pokemon,116,0.001762847993651754,True
id-807,pokemon,106,0.0017434150485735906,True
id-89,pokemon,10,0.0017324062011651671,True
id-104,ability,27,0.0017085219118767923,True
id-866,pokemon,131,0.0016825528163251229,False
id-89,ability,24,0.0016707800082257573,False
id-94,move,331,0.0016502917115615045,False
id-18,ability,25,0.001638879503018387,False
id-446,pokemon,111,0.0016365305045334866,False
rec-270-dup-0,move,301,0.0016092526407185722,False
id-10023,pokemon,62,0.0016047701667956196,False
id-102,ability,32,0.001597297929283559,False
rec-101-dup-0,ability,27,0.0015965693159193427,False
id-742,pokemon,79,0.0015901943673762963,False
id-80,ability,22,0.0015844938983693784,True
rec-157-dup-1,move,319,0.0015745092838556811,False
id-101,ability,23,0.0015703166514801801,False
rec-157-dup-0,move,319,0.0015675435881967827,False
rec-143-dup-0,pokemon,106,0.001559658809240341,False
id-631,pokemon,96,0.0015514643914813504,True
rec-10023-dup-0,pokemon,74,0.0015452023863893132,False
id-537,pokemon,94,0.0015375756966049263,False
id-142,ability,35,0.0015214770861043002,False
id-334,move,300,0.0015118563936444478,False
id-151,ability,34,0.001509318221417145,False
id-157,move,302,0.0014897098820835291,False
id-97,move,286,0.0014879923107268425,False
id-66,ability,27,0.0014382460678586972,False
id-454,pokemon,110,0.0014235688889122989,False
id-590,pokemon,70,0.0014175056530793886,False
id-374,move,275,0.001403957355961147,False
id-119,ability,45,0.0013994260389984562,False
id-237,pokemon,86,0.0013932725719383308,False
id-31,ability,37,0.0013763705126843772,False
id-9,ability,34,0.001368859920192843,False
id-10187,pokemon,98,0.0013671475504323548,False
id-53,ability,42,0.00135335180605026,False
id-36,pokemon,147,0.0013397226230735416,False
id-423,pokemon,77,0.0013248153352813509,False
id-687,pokemon,92,0.0013186905155890892,False
id-25,move,284,0.001315901961602934,False
id-115,move,288,0.0013140392926366117,False
id-93,ability,32,0.001302678539057188,True
id-372,move,264,0.0013017699077908908,False
rec-113-dup-0,move,273,0.001296526651398335,False
id-10172,pokemon,140,0.0012925806947841896,True
id-706,pokemon,95,0.001290892234567533,False
id-270,move,265,0.0012873692304352998,False
id-62,ability,39,0.0012752102479180263,False
rec-113-dup-1,move,273,0.0012698558516245559,False
id-50,ability,31,0.0012554046367390394,False
id-853,pokemon,77,0.0012485113667736415,True
id-264,pokemon,102,0.0012465152094885297,True
id-115,pokemon,124,0.0012345520405855118,False
id-626,pokemon,96,0.0012338135237021353,True
id-91,pokemon,75,0.0012320856175446057,False
id-411,move,271,0.0012232719791159643,False
id-145,ability,25,0.0012182187658421216,False
id-847,pokemon,65,0.0012130257994084153,False
rec-219-dup-1,move,257,0.0012053774899440143,False
rec-173-dup-1,ability,14,0.0012051337127977435,False
id-637,pokemon,91,0.0012009855476314015,True
rec-743-dup-0,pokemon,62,0.0011969906266897116,False
rec-253-dup-0,move,264,0.001189867285428508,False
id-686,pokemon,82,0.0011882288089905503,False
id-10026,pokemon,73,0.0011862582294134866,False
id-681,pokemon,73,0.0011862582294134866,False
id-576,pokemon,91,0.0011856972870789191,False
rec-219-dup-0,move,258,0.0011838600326949838,False
id-428,pokemon,77,0.001181580629668864,False
id-758,pokemon,98,0.0011788556630611302,False
id-99,pokemon,78,0.0011730542917869288,False
id-696,pokemon,95,0.001170899516020804,False
id-184,move,274,0.0011708347387374136,False
id-87,move,259,0.0011700331665917565,False
id-61,ability,24,0.001161890430016206,True
id-173,pokemon,105,0.0011582329134249285,False
rec-5-dup-1,ability,47,0.001157835768189395,False
rec-5-dup-0,ability,44,0.0011563512986480402,False
id-763,pokemon,86,0.001151620688620216,True
rec-743-dup-1,pokemon,59,0.0011467106194033199,False
id-222,item,32,0.0011458308930644813,False
id-743,pokemon,57,0.0011347793460839161,False
id-812,pokemon,113,0.0011310833362384498,True
id-19,ability,20,0.0011255278009696503,False
id-113,move,250,0.0011194407911379652,False
id-127,pokemon,89,0.0011192704292912212,False
rec-20-dup-0,ability,32,0.0011171149125625854,False
id-427,pokemon,72,0.0011119267185779563,False
id-98,pokemon,75,0.0011103534923160108,False
rec-173-dup-0,ability,14,0.0011083338713751992,False
rec-861-dup-0,pokemon,81,0.001105813530238065,False
id-121,pokemon,63,0.00110011381721133,False
id-555,pokemon,114,0.0010973285136461714,False
id-10017,pokemon,114,0.0010973285136461714,False
id-8,ability,28,0.0010906375592433719,False
id-559,pokemon,113,0.001089447120231051,False
id-173,ability,13,0.001086897254448607,False
id-75,ability,41,0.0010841312327156073,False
id-185,pokemon,99,0.0010706491185688105,False
id-219,move,235,0.001067353840461086,False
id-425,pokemon,69,0.001059423079842854,False
id-675,pokemon,133,0.0010570624660268676,False
id-574,pokemon,88,0.001054479600288434,False
id-43,move,255,0.0010541564215868302,False
id-422,pokemon,64,0.001054024927807151,False
id-263,pokemon,90,0.0010508440453093225,True
rec-447-dup-0,move,261,0.0010494762288892825,False
id-818,pokemon,87,0.0010464603203452182,True
rec-86-dup-0,move,255,0.0010460205915989998,False
id-341,pokemon,78,0.0010450267053100375,False
rec-121-dup-0,pokemon,66,0.0010320685891828294,False
id-55,ability,39,0.0010280972605695258,False
rec-76-dup-1,move,228,0.0010250165990895385,False
id-110,ability,17,0.0010239777917914875,False
rec-121-dup-1,pokemon,64,0.00102160454334367,False
rec-591-dup-0,pokemon,50,0.0010213829427946225,False
rec-66-dup-0,ability,31,0.0010164143147369834,False
id-128,pokemon,103,0.0010098147574359678,False
id-769,pokemon,67,0.0010097831449281535,False
id-800,pokemon,108,0.0010080841125453108,False
id-10156,pokemon,108,0.0010080841125453108,False
id-10155,pokemon,108,0.0010080841125453108,False
rec-47-dup-0,ability,29,0.0010021078086528028,False
id-32,ability,17,0.0010016047693497806,False
id-849,pokemon,91,0.0010003429034446786,False
id-777,pokemon,100,0.0009998629260035002,False
id-10115,pokemon,121,0.000998662457624862,True
id-155,ability,27,0.0009976783279396853,False
id-222,pokemon,104,0.000997221094145068,True
id-199,pokemon,134,0.0009920811683328914,False
id-113,pokemon,139,0.000988051130197894,False
id-881,pokemon,79,0.0009856688476111068,False
id-39,pokemon,119,0.000985242445637454,False
id-861,pokemon,71,0.0009826335023375922,False
id-12,pokemon,76,0.0009824364791880846,False
rec-877-dup-0,pokemon,75,0.000978584864206591,False
rec-89-dup-0,move,246,0.000977075843224687,False
id-882,pokemon,81,0.0009734448726809552,False
rec-89-dup-1,move,244,0.0009732706560457705,False
rec-50-dup-0,ability,37,0.0009693669264237815,False
id-3,pokemon,98,0.0009692065539141847,False
id-201,move,257,0.0009679447450787041,False
id-691,pokemon,75,0.0009616121455044255,False
id-621,pokemon,106,0.0009611906354566228,False
id-274,pokemon,102,0.0009604917685356555,False
rec-8-dup-0,ability,30,0.0009537470206062555,False
id-560,pokemon,110,0.0009478134354456517,False
rec-132-dup-0,item,32,0.000944895484365631,False
id-20,ability,28,0.0009429571001940573,False
id-426,pokemon,55,0.0009412838819827439,False
id-412,move,252,0.0009406368728558485,False
id-347,move,263,0.0009385520193082623,False
id-765,pokemon,93,0.0009371880986551831,True
id-107,pokemon,91,0.0009361223705389136,False
id-477,pokemon,91,0.0009348346471565051,False
id-474,pokemon,78,0.0009300675404701226,False
id-253,move,230,0.0009240739823684759,False
rec-76-dup-0,move,219,0.0009233481358162515,False
rec-31-dup-0,ability,41,0.0009166003035018178,False
id-120,pokemon,48,0.0009153984616708056,False
id-356,pokemon,88,0.0009126776253193213,False
id-440,pokemon,86,0.0009114206503543298,False
id-46,ability,57,0.0009061422213436232,True
id-254,pokemon,117,0.0009040869813792738,False
id-795,pokemon,70,0.0009023808791941397,False
rec-428-dup-0,move,247,0.000898671091440328,False
id-14,move,262,0.0008977269382631819,False
id-183,pokemon,110,0.0008976102511230476,False
id-724,pokemon,97,0.0008971978573813144,True
id-643,pokemon,65,0.0008967441984797241,False
id-124,pokemon,109,0.0008939488865737102,True
rec-9-dup-0,ability,35,0.000886049902932185,False
id-690,pokemon,73,0.0008830381565258434,False
rec-35-dup-0,pokemon,109,0.0008765566818175647,False
id-447,move,226,0.0008743017672883607,False
id-839,pokemon,96,0.0008718803543312439,True
rec-10170-dup-0,pokemon,60,0.0008710656054943172,False
rec-10170-dup-1,pokemon,59,0.0008694415203785963,False
id-569,pokemon,81,0.0008686206145580958,True
id-272,item,9,0.0008675194827861952,False
id-258,move,237,0.0008589290272346395,False
id-10186,pokemon,82,0.0008564927023712174,False
id-10119,pokemon,82,0.0008563704252208017,False
id-10120,pokemon,82,0.0008563704252208017,False
id-174,pokemon,98,0.0008546914354490524,False
id-89,move,230,0.0008518814952955961,False
id-150,move,41,0.0008502142575564595,False
rec-8-dup-1,ability,27,0.0008479806504324488,False
id-258,item,14,0.0008465979216127082,False
id-76,move,208,0.0008461476804351356,False
id-143,pokemon,93,0.0008420620350121502,False
id-547,pokemon,90,0.0008407877604351033,False
id-707,move,232,0.0008396837567203964,False
rec-416-dup-1,pokemon,61,0.0008379425975329202,False
rec-120-dup-0,pokemon,51,0.0008366248998715179,False
rec-494-dup-1,pokemon,83,0.0008361707716058208,False
id-801,pokemon,80,0.0008336205183252685,False
id-416,pokemon,56,0.0008231222815145197,False
id-695,pokemon,103,0.0008219797538159227,False
id-439,pokemon,93,0.0008216685111042514,False
rec-194-dup-0,item,12,0.0008207165980200379,False
id-10193,pokemon,146,0.0008173873810494572,True
rec-416-dup-0,pokemon,59,0.0008159994667049581,False
id-1,ability,14,0.0008143517025705838,False
id-184,pokemon,101,0.000812710575279852,False
id-107,ability,20,0.0008111605939244772,False
rec-494-dup-0,pokemon,79,0.0008094542990600362,False
id-851,pokemon,78,0.0008090462998576668,False
id-159,ability,29,0.0008051070915619858,True
id-776,pokemon,111,0.0008025941446373291,True
id-778,pokemon,96,0.0007936886653124114,False
rec-9-dup-1,ability,33,0.0007899877649326524,False
id-494,pokemon,74,0.0007878730862839969,False
rec-526-dup-1,move,216,0.0007861979342319316,False
rec-561-dup-1,pokemon,68,0.0007837455684061189,False
id-802,pokemon,106,0.0007831612231977091,True
id-66,pokemon,104,0.0007831285177777479,False
id-86,move,217,0.0007827754054153777,False
id-632,pokemon,73,0.0007803524973611327,True
id-271,move,225,0.0007803081347454712,False
id-94,item,12,0.0007801351447480722,True
rec-57-dup-0,move,216,0.0007796493587396115,False
id-137,pokemon,74,0.0007765378957632973,False
id-485,pokemon,85,0.0007765311567518791,True
id-10180,pokemon,89,0.0007745408774812326,True
id-865,pokemon,74,0.0007735398626432691,True
id-754,pokemon,84,0.0007668151148531955,False
id-786,pokemon,80,0.0007650423924667146,False
id-119,pokemon,73,0.0007650147483107555,False
id-618,pokemon,90,0.0007624351062812646,False
id-14,ability,16,0.0007615205636510723,False
id-399,move,240,0.0007614979917314459,False
id-873,pokemon,75,0.0007591405630733418,False
id-601,pokemon,47,0.0007566208611352465,False
id-126,move,207,0.0007476987928777451,False
id-694,pokemon,79,0.000743685832189919,False
id-628,pokemon,86,0.0007380759962908565,False
id-44,move,232,0.0007373574088318401,False
rec-526-dup-0,move,213,0.0007361706465032579,False
id-10178,pokemon,108,0.0007316253726287216,False
id-10177,pokemon,108,0.0007316253726287216,False
id-132,item,27,0.0007297907981365599,False
id-846,pokemon,42,0.000728706403804618,False
rec-556-dup-1,pokemon,63,0.0007281647518305095,False
id-526,move,196,0.0007257456641959245,False
rec-157-dup-1,ability,18,0.0007256828076096953,False
rec-157-dup-0,ability,18,0.0007256828076096953,False
rec-59-dup-0,move,235,0.0007254541470362093,False
id-90,pokemon,50,0.0007228939645283666,False
id-10106,pokemon,93,0.0007218173782892991,False
id-276,move,225,0.000721674390184672,False
id-25,pokemon,88,0.0007209350201931101,False
id-197,ability,15,0.000720892475816291,False
id-306,pokemon,132,0.0007160617990044388,False
rec-643-dup-0,pokemon,73,0.0007140405562805063,False
id-841,pokemon,67,0.0007139790611027802,True
rec-453-dup-0,pokemon,85,0.0007136507782089524,False
id-573,pokemon,89,0.0007135796648178893,False
rec-5-dup-0,move,213,0.0007108876517965512,False
id-9,move,205,0.0007084292005392206,False
id-453,pokemon,75,0.0007042784847173853,False
id-242,move,231,0.0007039148869517575,False
id-149,pokemon,124,0.0007010141442696566,False
id-727,pokemon,131,0.0007005204743850285,False
rec-143-dup-0,ability,11,0.0006998909859880619,False
id-260,pokemon,104,0.0006996933026995124,False
id-876,pokemon,82,0.000695639469936699,False
rec-91-dup-0,ability,18,0.0006949677311440119,False
id-557,pokemon,74,0.0006941477671376187,False
id-468,pokemon,127,0.0006934077151277016,False
id-810,pokemon,85,0.0006904494118824331,False
rec-575-dup-1,pokemon,62,0.0006902891072374878,False
id-47,ability,27,0.0006902676277113051,False
id-204,move,196,0.0006866857711472771,False
id-572,pokemon,84,0.0006843326319284719,False
id-52,ability,12,0.000683894731548005,False
id-894,pokemon,60,0.0006832089525158085,True
id-526,pokemon,75,0.0006826747947177956,False
rec-833-dup-0,pokemon,38,0.000682090234518653,False
id-56,move,205,0.0006817605022062337,False
id-816,pokemon,67,0.0006811221071275164,False
id-298,pokemon,81,0.0006810132475086043,False
id-2,pokemon,80,0.0006794932126059611,False
id-10105,pokemon,90,0.0006794467960883096,False
id-836,pokemon,64,0.0006762472341660913,False
id-10175,pokemon,100,0.0006759401594914107,False
id-819,pokemon,57,0.0006718070824864561,False
rec-532-dup-0,pokemon,67,0.0006679888577343668,False
rec-90-dup-0,pokemon,51,0.0006675021746294798,False
id-102,pokemon,72,0.0006671388460656167,True
id-346,pokemon,76,0.0006667131688724609,False
rec-90-dup-1,pokemon,50,0.0006629909582481329,False
id-194,item,10,0.000661048512442028,False
rec-780-dup-0,pokemon,89,0.0006600139709216253,False
id-214,pokemon,102,0.0006599309970153643,False
id-3,ability,16,0.0006587614212211333,True
rec-820-dup-1,pokemon,57,0.0006584336792854632,False
id-452,pokemon,99,0.0006578186097030184,False
id-10171,pokemon,65,0.0006571222920906365,True
id-122,pokemon,88,0.0006567543231123878,False
id-91,ability,16,0.0006555188893426741,False
id-549,pokemon,74,0.0006528868691575688,False
id-320,pokemon,83,0.0006528207529134884,False
rec-128-dup-1,item,28,0.0006498475682357076,False
rec-880-dup-0,pokemon,66,0.0006497219072552147,False
id-829,pokemon,66,0.0006474744469079476,False
rec-643-dup-1,pokemon,71,0.0006473558248579386,False
id-242,pokemon,131,0.0006461295692271527,False
rec-10147-dup-0,pokemon,67,0.0006461272205353088,False
id-600,pokemon,40,0.000646040227876265,False
id-223,pokemon,78,0.0006460339706038798,False
rec-820-dup-0,pokemon,55,0.0006460311404331008,False
id-817,pokemon,60,0.000645268380297806,False
id-257,pokemon,125,0.0006446102349056183,False
id-94,pokemon,98,0.0006441938073910814,False
id-428,move,212,0.0006433584796470131,False
id-79,ability,28,0.0006430811589539534,False
rec-568-dup-1,pokemon,55,0.0006423900913190672,False
id-689,pokemon,111,0.0006410401365722592,False
id-286,move,200,0.0006400094510570289,False
id-398,move,194,0.0006399410965388783,False
id-83,ability,17,0.0006392780415302264,False
id-599,pokemon,40,0.0006380194036805198,False
rec-748-dup-0,pokemon,54,0.0006372692327506712,False
id-627,pokemon,78,0.0006346442551958926,False
id-809,pokemon,73,0.0006346282192847208,True
rec-568-dup-0,pokemon,55,0.000634525292970808,False
id-77,pokemon,79,0.0006340989160513019,False
id-345,pokemon,70,0.0006340094417804471,False
rec-649-dup-0,pokemon,62,0.0006331916626810453,False
id-199,item,16,0.0006331628724422167,False
id-380,pokemon,115,0.00063132490625412,True
id-770,pokemon,45,0.0006300156204919789,False
id-59,move,205,0.0006288666989654018,False
id-756,pokemon,74,0.0006274830703485957,False
id-850,pokemon,61,0.0006265538103114933,False
rec-103-dup-0,move,195,0.0006260711249255442,False
id-133,move,181,0.000625917212605053,False
id-384,pokemon,106,0.0006250152529237314,True
id-414,move,227,0.0006249421113733796,False
id-550,pokemon,86,0.0006248092258419666,False
id-9,pokemon,98,0.0006240593258176127,False
rec-649-dup-1,pokemon,61,0.0006213553579830474,False
id-40,pokemon,123,0.0006212525904709458,False
id-315,pokemon,90,0.0006203807224485528,False
rec-472-dup-0,pokemon,5,0.0006198342986400403,False
id-546,pokemon,73,0.0006176624142803144,False
id-108,pokemon,108,0.000615261869058469,False
id-532,pokemon,58,0.0006143752141877591,False
id-5,move,189,0.0006135154166536474,False
rec-10118-dup-0,pokemon,63,0.0006132657677658898,False
id-10174,pokemon,90,0.0006128408953042946,False
id-359,pokemon,107,0.0006117875791936067,False
id-10147,pokemon,62,0.000610246910609493,False
id-338,pokemon,113,0.0006101309447263587,True
id-407,pokemon,86,0.0006095624159013749,False
id-35,pokemon,93,0.0006092977685561386,False
id-38,pokemon,95,0.0006082275505929738,False
id-57,move,191,0.0006079631926752921,False
id-212,pokemon,92,0.0006065438159425549,False
id-693,pokemon,70,0.0006063598922546786,False
id-140,ability,36,0.0006063173751227244,True
id-4,pokemon,98,0.0006062780718019768,False
id-545,pokemon,79,0.0006058011107267056,False
id-175,pokemon,109,0.0006053111269315558,False
id-31,pokemon,121,0.0006050051576495476,False
id-250,move,205,0.000604150409705679,False
id-10194,pokemon,130,0.0006039228518548053,True
id-702,pokemon,73,0.0006024063039119802,False
id-780,pokemon,72,0.0006019034557258104,False
rec-128-dup-0,item,27,0.0006003202772816221,False
id-820,pokemon,53,0.0005998899589263988,False
id-649,pokemon,56,0.0005990449153373776,False
id-82,pokemon,61,0.0005989267765479622,False
id-716,pokemon,81,0.0005959290925918854,True
rec-286-dup-0,pokemon,8,0.0005922402703950965,False
rec-197-dup-0,ability,17,0.0005899823300417887,False
id-334,pokemon,101,0.0005880342387749839,False
id-28,pokemon,95,0.0005853817500308763,False
id-880,pokemon,62,0.0005841460055728801,False
id-97,ability,19,0.0005839457856015073,False
id-221,pokemon,76,0.000582571984824802,False
id-342,pokemon,66,0.0005823494925001953,False
id-341,move,188,0.0005820530563482875,False
id-699,pokemon,92,0.0005816279011677197,False
id-227,move,175,0.0005801719467526749,False
id-10016,pokemon,87,0.000579047849196897,False
id-202,move,191,0.0005788943606935555,False
id-561,pokemon,64,0.0005782631956357246,False
id-220,pokemon,78,0.0005774357312413349,False
id-249,pokemon,106,0.0005773541893063636,True
id-15,ability,21,0.0005768531981647378,False
id-692,pokemon,66,0.0005759347039827081,False
id-123,pokemon,78,0.0005755343664059806,False
id-227,pokemon,60,0.0005755068488823634,False
id-27,pokemon,94,0.0005740578502896341,False
id-755,pokemon,72,0.000573793284210353,False
id-718,pokemon,83,0.0005721174966498852,False
id-535,pokemon,65,0.0005694969297388285,False
id-236,pokemon,62,0.0005672591106545196,False
id-762,pokemon,69,0.0005651191855001045,False
id-45,pokemon,78,0.0005650698613981738,False
id-445,pokemon,95,0.0005646797896467128,False
id-793,pokemon,88,0.0005636724454548476,False
rec-233-dup-0,pokemon,58,0.0005627213510870607,False
id-72,ability,23,0.0005627063266599055,True
id-698,pokemon,92,0.0005618560757761,False
id-10165,pokemon,91,0.0005610534206606865,False
rec-833-dup-1,pokemon,38,0.0005608954819902582,False
id-10173,pokemon,101,0.0005592712851579045,False
id-355,pokemon,55,0.000558811675154153,False
rec-697-dup-0,pokemon,77,0.0005573273876472044,False
id-583,move,176,0.0005559074516191486,False
id-417,move,215,0.0005554766554778044,False
id-737,pokemon,57,0.0005547116395761236,True
id-10096,pokemon,86,0.0005539146085405659,False
id-10148,pokemon,86,0.0005539146085405659,False
id-10094,pokemon,86,0.0005539146085405659,False
id-10099,pokemon,86,0.0005539146085405659,False
id-10097,pokemon,86,0.0005539146085405659,False
id-215,item,22,0.0005536798668908784,False
rec-502-dup-0,move,188,0.0005521360740658027,False
id-564,pokemon,83,0.0005518704463320966,False
id-8,move,199,0.0005517948108599098,False
id-688,pokemon,98,0.0005513442305166375,False
rec-553-dup-0,pokemon,87,0.0005500494609337495,False
id-10192,pokemon,107,0.0005476349894898261,False
id-893,pokemon,107,0.0005476349894898261,False
rec-233-dup-1,pokemon,58,0.000547256789751732,False
rec-823-dup-0,pokemon,71,0.0005467201629648079,False
id-833,pokemon,36,0.0005463975151213516,False
id-194,pokemon,85,0.0005461962774410395,False
id-470,pokemon,95,0.0005445339752793983,False
id-887,pokemon,99,0.0005445007590506682,True
rec-830-dup-0,pokemon,49,0.0005421060699557144,False
rec-34-dup-0,pokemon,92,0.0005418509454477477,False
id-240,pokemon,69,0.0005385600970428613,False
id-616,pokemon,58,0.0005373937009016012,False
id-761,pokemon,64,0.0005360828455691743,False
id-614,pokemon,88,0.0005359976107725718,False
id-747,pokemon,65,0.0005359261313393493,False
id-674,pokemon,68,0.0005352178929738406,False
id-446,move,203,0.0005351863232638069,False
id-208,pokemon,70,0.0005345760227690882,False
id-382,pokemon,74,0.0005344201890307523,True
id-433,move,192,0.0005339649660723805,False
id-65,pokemon,97,0.000531763125727025,False
id-645,pokemon,82,0.0005313583156641522,False
id-10118,pokemon,55,0.0005303772456340601,False
rec-428-dup-1,pokemon,80,0.0005294723789749903,False
id-100,move,26,0.0005284145384850996,False
id-844,pokemon,74,0.0005270743043151681,False
id-858,pokemon,80,0.000525715986594473,True
id-116,move,172,0.000525501634313886,False
id-538,pokemon,85,0.0005240374620237083,False
id-612,pokemon,91,0.0005238709091446672,False
id-59,pokemon,94,0.0005228261715742608,False
id-304,pokemon,83,0.0005223161901803938,False
id-463,pokemon,104,0.0005199608759840738,False
id-285,pokemon,10,0.0005190462975831222,False
rec-53-dup-0,move,174,0.0005175261680909384,False
rec-1-dup-0,pokemon,64,0.0005174212221577063,False
id-37,pokemon,87,0.0005165144400348387,False
rec-148-dup-1,pokemon,56,0.0005145519415606998,False
rec-342-dup-0,pokemon,70,0.0005138952600344279,False
rec-350-dup-1,pokemon,67,0.000511009483412213,False
id-67,move,181,0.0005103309857947263,False
id-548,pokemon,63,0.0005101548269157254,False
id-488,pokemon,79,0.0005094992264786406,True
id-7,pokemon,65,0.0005091676761617703,False
rec-148-dup-0,pokemon,56,0.0005086236257587749,False
rec-350-dup-0,pokemon,67,0.000506799512321933,False
rec-147-dup-0,pokemon,64,0.0005066116366272815,False
id-475,pokemon,155,0.0005035482301036719,False
id-822,pokemon,67,0.0005024851899326968,False
id-259,pokemon,83,0.0005024017947408147,False
rec-770-dup-1,pokemon,48,0.0005023711977039835,False
id-333,pokemon,88,0.0005021494951545714,False
rec-427-dup-1,pokemon,77,0.0005019144510161138,False
id-337,pokemon,102,0.0005018164814520219,False
id-10164,pokemon,74,0.0005012120487931668,False
id-206,pokemon,73,0.0005008258173699433,False
id-502,move,158,0.0004964090423446662,False
id-182,pokemon,81,0.0004960016197147022,False
rec-208-dup-0,pokemon,78,0.0004958048642885642,False
id-172,pokemon,81,0.0004956888483140598,False
id-10029,pokemon,81,0.0004937710601486638,False
id-623,pokemon,112,0.000493453562507144,False
id-492,move,187,0.0004929819720825215,False
rec-770-dup-0,pokemon,48,0.0004922981109299246,False
rec-273-dup-0,pokemon,57,0.0004910647192677003,False
id-278,pokemon,70,0.0004907497602396863,False
id-153,ability,19,0.0004898046907857808,False
rec-7-dup-0,pokemon,71,0.0004891735174753379,False
rec-561-dup-0,pokemon,69,0.00048906697113196,False
rec-328-dup-0,pokemon,52,0.0004890335697592468,False
id-460,pokemon,92,0.0004885600335839509,False
id-715,pokemon,95,0.0004884163182941474,False
id-110,pokemon,70,0.0004883921296477589,False
id-879,pokemon,87,0.0004881807601014984,False
id-103,move,165,0.0004860014818226815,False
id-506,pokemon,78,0.0004856941373189052,False
id-448,pokemon,127,0.0004846713744781734,False
id-711,pokemon,86,0.0004843356972041723,False
rec-178-dup-0,pokemon,68,0.00048402747278799456,False
id-461,pokemon,103,0.00048349239918373346,False
rec-177-dup-0,pokemon,66,0.0004834855832043194,False
rec-227-dup-1,pokemon,69,0.00048233709263479193,False
rec-864-dup-0,pokemon,82,0.00048182921528991163,False
id-814,move,157,0.00048030953640435057,False
id-42,ability,14,0.0004782270544785795,False
id-10184,pokemon,65,0.0004774979605101142,False
id-111,pokemon,95,0.00047734633557698804,False
id-553,pokemon,77,0.0004769280147401822,False
id-7,move,158,0.0004753772327023634,False
id-69,ability,23,0.00047496149759204605,False
id-568,pokemon,53,0.00047345108444375885,False
id-11,ability,40,0.00047298755872199805,False
id-5,pokemon,88,0.00047250571408763545,False
rec-52-dup-0,ability,13,0.00047073442127172887,False
id-109,pokemon,71,0.0004690572829711478,False
rec-444-dup-0,move,188,0.00046903383282122013,False
id-10028,pokemon,80,0.0004687643971856071,False
id-10027,pokemon,80,0.0004687643971856071,False
id-710,pokemon,80,0.0004687643971856071,False
rec-10165-dup-0,pokemon,102,0.0004685071773552787,False
rec-556-dup-0,pokemon,61,0.00046766791587945383,False
id-878,pokemon,77,0.0004661330585141608,False
id-22,ability,33,0.0004654919211688969,False
id-105,pokemon,99,0.00046531451198149223,False
id-451,pokemon,74,0.0004650098760805403,False
id-406,move,163,0.0004636931849436104,False
rec-126-dup-0,ability,12,0.00046343127618648366,False
rec-304-dup-0,move,167,0.0004633512232220093,False
id-713,pokemon,75,0.00046288016394354454,False
id-701,pokemon,82,0.000462316901105369,False
rec-552-dup-0,pokemon,71,0.0004612738743749126,False
rec-531-dup-0,pokemon,95,0.00045790934516310485,False
id-605,move,159,0.00045726431997089416,False
id-406,pokemon,70,0.00045701176513713524,False
id-8,pokemon,76,0.0004556687226925714,False
id-136,pokemon,96,0.0004554696432449835,False
rec-701-dup-0,pokemon,95,0.0004553280980597382,False
rec-143-dup-1,ability,10,0.0004548233638529732,False
id-252,pokemon,92,0.0004547044006326694,False
id-10167,pokemon,64,0.00045432788520889444,False
id-751,pokemon,63,0.0004542933586050612,False
id-273,pokemon,53,0.00045427440275339293,False
id-143,ability,10,0.0004541440618745972,False
rec-131-dup-1,pokemon,75,0.00045281653865520435,False
id-53,move,158,0.00045240907898038454,False
id-705,pokemon,38,0.0004520190987706733,False
id-44,pokemon,63,0.0004502758783370557,False
rec-131-dup-0,pokemon,72,0.0004499610988347857,False
rec-53-dup-1,move,169,0.0004491770888196458,False
id-827,pokemon,58,0.00044908783511667447,False
rec-693-dup-0,move,168,0.00044865889939082386,False
rec-118-dup-0,pokemon,60,0.0004479150950117962,False
rec-304-dup-1,move,167,0.0004478543613612623,False
id-458,pokemon,71,0.0004476453402420306,False
rec-83-dup-0,pokemon,75,0.00044703100582583056,False
id-449,pokemon,72,0.00044700674826194346,False
rec-206-dup-0,pokemon,79,0.00044664663927842965,False
id-577,pokemon,75,0.0004464708471814862,False
rec-730-dup-0,pokemon,71,0.0004464547378000421,False
id-869,pokemon,72,0.00044524883923891407,True
id-255,pokemon,91,0.00044474348382797746,False
id-525,pokemon,57,0.00044468058302258944,False
rec-442-dup-0,move,176,0.0004445741576985634,False
rec-197-dup-1,ability,17,0.00044418400048277775,False
id-730,pokemon,64,0.0004441641912651937,False
id-719,pokemon,88,0.00044341794759743773,True
id-177,pokemon,61,0.00044132040793403284,False
id-178,pokemon,59,0.0004411899427348261,False
id-1,pokemon,56,0.00044099000109058107,False
id-226,pokemon,69,0.00044071351035972146,False
id-371,pokemon,64,0.00044066047485243884,False
rec-238-dup-1,pokemon,68,0.0004398386553987954,False
rec-427-dup-0,pokemon,74,0.00043900099327059706,False
id-10089,pokemon,4,0.0004383081306158229,True
id-752,pokemon,64,0.0004375107083418231,False
id-745,pokemon,75,0.000436642099834998,False
id-703,pokemon,70,0.00043644438755678557,False
id-248,pokemon,122,0.0004354652140057559,False
id-595,pokemon,70,0.00043434691936221115,False
rec-355-dup-1,pokemon,55,0.00043270055556157206,False
id-120,ability,21,0.00043251940758016555,False
id-83,pokemon,65,0.00043211981607594826,False
id-609,pokemon,74,0.0004298498863687912,False
id-607,pokemon,75,0.00042928270639205695,False
rec-177-dup-1,pokemon,62,0.00042925644843380673,False
rec-674-dup-0,pokemon,76,0.00042900872884335723,False
rec-355-dup-0,pokemon,54,0.00042825937768087465,False
rec-428-dup-0,pokemon,80,0.00042818945704224296,False
rec-163-dup-0,pokemon,63,0.00042538287251803924,False
id-578,pokemon,71,0.00042522455899141103,False
id-593,pokemon,68,0.00042410443489473255,False
rec-43-dup-0,pokemon,56,0.00042408747540682016,False
id-870,pokemon,67,0.0004233581915840969,True
id-256,pokemon,99,0.00042325947211621764,False
id-843,pokemon,54,0.0004226524791682241,False
id-566,pokemon,91,0.0004222249660149841,False
rec-10184-dup-0,pokemon,68,0.00042166750690527234,False
id-766,pokemon,105,0.0004215826694677458,True
id-126,ability,12,0.00042117812722495873,False
rec-442-dup-1,move,175,0.0004208075927534161,False
id-131,pokemon,67,0.0004201200302206265,False
rec-551-dup-0,pokemon,62,0.000419548711613538,False
id-714,pokemon,86,0.00041915413161970464,False
id-592,pokemon,69,0.00041868569836205457,False
id-10100,pokemon,101,0.00041830912820214173,True
id-293,pokemon,83,0.00041771385612653593,False
rec-52-dup-0,pokemon,68,0.000417140954056278,False
id-226,move,146,0.00041696574846758337,False
rec-126-dup-1,ability,11,0.0004163621888605668,False
id-442,move,161,0.0004162889416910767,False
rec-68-dup-0,pokemon,82,0.00041561098894745004,False
id-34,pokemon,85,0.000415256547660895,False
id-156,ability,12,0.0004152085869688084,True
id-211,pokemon,74,0.00041514808651057773,False
id-285,move,174,0.0004147977570458876,False
id-728,pokemon,74,0.00041356244278569594,False
rec-238-dup-0,pokemon,66,0.0004119009029941191,False
rec-321-dup-0,pokemon,56,0.00041091550526987556,False
id-10182,pokemon,83,0.000410166017243971,False
id-158,ability,25,0.00040996520752680524,False
rec-707-dup-0,pokemon,51,0.0004095797761667788,False
rec-514-dup-0,move,167,0.0004085669861862567,False
id-551,pokemon,56,0.00040796648410959584,False
id-118,pokemon,53,0.0004077975759294589,False
rec-227-dup-0,pokemon,66,0.0004077943492031388,False
rec-45-dup-0,move,153,0.00040680268715259394,False
id-611,pokemon,71,0.00040645066846506866,False
id-722,pokemon,74,0.00040643731532515807,False
id-272,pokemon,102,0.00040627841699165056,False
rec-465-dup-1,pokemon,66,0.0004060120136790913,False
id-895,pokemon,55,0.0004050034476294052,True
id-291,move,175,0.0004039428648128708,False
id-239,pokemon,69,0.00040374408581697835,False
rec-226-dup-1,pokemon,72,0.00040366123785164,False
rec-435-dup-0,pokemon,67,0.00040362084813501815,False
id-693,move,139,0.0004030941011619493,False
rec-188-dup-0,move,151,0.0004015732381865886,False
id-53,pokemon,58,0.0004011881039339698,False
rec-369-dup-0,move,144,0.0004004789776393755,False
rec-465-dup-0,pokemon,61,0.000400381283685794,False
id-552,pokemon,63,0.00040032155784242945,False
id-444,move,172,0.00040016542633611806,False
id-180,ability,6,0.00039988958163851145,False
id-748,pokemon,47,0.0003996182122258943,False
id-826,pokemon,82,0.00039959496804519107,False
rec-369-dup-0,pokemon,72,0.0003987594047362461,False
rec-579-dup-0,pokemon,72,0.0003986040861841818,False
id-708,pokemon,80,0.0003981644250773748,False
id-608,pokemon,71,0.0003976503837934478,False
rec-226-dup-0,pokemon,71,0.000397615459545487,False
id-867,pokemon,100,0.0003971658461414406,False
id-10152,pokemon,81,0.0003969883054374897,False
id-128,item,24,0.00039651297883205796,False
id-52,pokemon,60,0.0003964328552771721,False
id-579,pokemon,64,0.00039642778931392903,False
id-10114,pokemon,96,0.000395894172673469,True
rec-22-dup-0,ability,35,0.0003957530612408667,False
id-360,move,153,0.00039563218466265467,False
rec-534-dup-0,pokemon,69,0.00039487639949603977,False
id-81,pokemon,54,0.0003946387933191069,False
id-589,pokemon,51,0.0003941295132006985,False
rec-10164-dup-1,pokemon,81,0.0003940513939947489,False
rec-10161-dup-1,pokemon,69,0.0003938651853491568,False
id-704,pokemon,37,0.00039289542477807034,False
rec-435-dup-1,pokemon,65,0.0003923506712323704,False
id-10022,pokemon,97,0.0003918405733695491,True
id-500,move,167,0.0003917763151914769,False
id-68,pokemon,72,0.0003914984757377803,False
id-473,pokemon,83,0.0003914344492942025,False
rec-10143-dup-0,pokemon,72,0.00038973780085654387,False
id-261,move,164,0.00038958276124245907,False
rec-10161-dup-0,pokemon,68,0.00038938033126088145,False
id-629,pokemon,70,0.0003891995153810394,False
rec-791-dup-0,pokemon,85,0.0003891735092868946,False
id-369,pokemon,64,0.0003889957980025262,False
rec-862-dup-0,pokemon,93,0.00038887424123365994,False
rec-22-dup-1,ability,36,0.0003883075483610784,False
id-486,pokemon,84,0.0003879968761239487,True
id-430,move,150,0.0003878472712172899,False
id-837,pokemon,60,0.00038740410312934533,False
rec-12-dup-1,ability,29,0.0003870910610981973,False
id-465,pokemon,60,0.0003854737428925601,False
id-10126,pokemon,93,0.000384852548963031,False
id-58,pokemon,81,0.0003840600367680955,False
id-295,pokemon,67,0.00038383880016930376,False
id-330,pokemon,114,0.0003821187965721848,False
rec-94-dup-0,ability,11,0.000381168585380689,False
id-459,pokemon,76,0.00038104603476589384,False
id-270,pokemon,78,0.00038092312884915885,False
id-377,pokemon,84,0.0003792921626146789,False
id-729,pokemon,67,0.0003792347851917957,False
rec-12-dup-0,ability,27,0.00037910805304871225,False
rec-324-dup-0,pokemon,72,0.000378375837007561,False
rec-164-dup-1,pokemon,57,0.00037769558066999445,False
rec-176-dup-0,pokemon,80,0.00037724668234669317,False
id-10161,pokemon,64,0.00037722809792704913,False
id-435,pokemon,62,0.0003768380193037727,False
rec-10167-dup-1,pokemon,68,0.00037545657236289913,False
id-712,pokemon,57,0.0003751716227674725,False
rec-220-dup-0,item,13,0.0003748457163350623,False
id-707,pokemon,47,0.00037482949936708525,False
rec-220-dup-1,item,12,0.00037469352601193176,False
id-514,move,150,0.0003743953526869792,False
rec-60-dup-0,ability,11,0.0003735007965488987,False
id-872,pokemon,25,0.0003731849064057058,False
id-420,pokemon,69,0.0003722900753525863,False
rec-558-dup-0,pokemon,57,0.0003722667054837006,False
id-92,item,8,0.00037150465541544125,False
id-310,pokemon,73,0.00037126994812005173,False
rec-122-dup-1,pokemon,90,0.00037100474348059423,False
id-41,pokemon,79,0.0003709712528782132,False
id-534,pokemon,60,0.0003701556782313604,False
id-750,pokemon,74,0.0003698161990845072,False
id-349,pokemon,57,0.000369629904570619,False
rec-10164-dup-0,pokemon,78,0.0003686531722830246,False
id-402,move,154,0.00036820058071885945,False
id-527,pokemon,91,0.00036816717667774066,False
id-776,move,146,0.00036789076743612117,False
id-175,move,134,0.0003677601149709337,False
rec-10167-dup-0,pokemon,65,0.00036728291210242584,False
rec-164-dup-0,pokemon,57,0.0003670913145953291,False
id-644,pokemon,92,0.00036612634889710596,True
id-125,pokemon,69,0.0003656592457606775,False
rec-53-dup-0,pokemon,65,0.000365419355500954,False
id-434,pokemon,63,0.0003645660608280706,False
id-213,item,19,0.00036386230654444945,False
rec-421-dup-0,move,166,0.00036373297276026065,False
id-321,pokemon,52,0.00036294038196185355,False
id-138,pokemon,78,0.00036281200296328636,False
id-163,pokemon,55,0.0003623390894933149,False
rec-258-dup-1,pokemon,62,0.0003621028515713796,False
id-527,move,78,0.0003620995326007909,False
id-258,pokemon,59,0.00036126215508753423,False
id-271,pokemon,92,0.00036081821236591104,False
rec-863-dup-1,pokemon,72,0.00036076199929500235,False
id-309,pokemon,69,0.00036075969248203064,False
rec-122-dup-0,pokemon,90,0.00036073780455988944,False
rec-434-dup-0,pokemon,68,0.00035964578742585875,False
id-12,ability,26,0.00035960423537284477,False
id-862,pokemon,85,0.00035948137892722606,False
id-224,pokemon,82,0.0003590902033186964,False
id-80,pokemon,87,0.00035879087693329936,False
rec-344-dup-0,pokemon,82,0.00035859659634177076,False
id-339,pokemon,64,0.0003584474595057919,False
id-170,ability,9,0.0003583465208554311,True
id-369,move,129,0.0003581708355928081,False
id-848,pokemon,31,0.00035656927317212153,False
rec-147-dup-1,ability,7,0.0003563854399728504,False
id-721,pokemon,91,0.00035570881886948474,True
id-290,pokemon,53,0.0003556555663102902,False
rec-114-dup-0,pokemon,57,0.000355607402306687,False
id-520,pokemon,61,0.00035557686554107303,False
rec-863-dup-0,pokemon,71,0.00035547822215286826,False
rec-67-dup-0,pokemon,71,0.00035385434826216814,False
rec-321-dup-1,pokemon,54,0.0003534646889620098,False
id-10163,pokemon,79,0.00035294973964527566,False
rec-684-dup-0,pokemon,53,0.00035177334315677095,False
id-556,pokemon,57,0.00035024910673099705,False
id-304,move,155,0.00035015136162775795,False
rec-250-dup-0,pokemon,77,0.00035005604507698935,False
id-892,pokemon,108,0.00034933406121128775,True
id-282,pokemon,113,0.0003489244687141484,False
rec-533-dup-0,pokemon,62,0.00034811548110061597,False
id-539,pokemon,57,0.00034801767235042295,False
rec-369-dup-1,move,137,0.0003467048558205919,False
rec-757-dup-0,pokemon,62,0.00034669443747196565,False
id-759,pokemon,73,0.00034646529440891246,False
id-647,pokemon,81,0.00034612271838131833,False
id-10024,pokemon,81,0.00034612271838131833,False
rec-176-dup-1,pokemon,79,0.0003460891357746311,False
id-567,pokemon,92,0.00034447730768079224,False
id-246,pokemon,76,0.0003436413417333158,False
id-768,pokemon,94,0.00034315614700326097,True
id-127,item,12,0.00034300504590979676,False
id-29,move,128,0.0003426446604645436,False
rec-114-dup-1,pokemon,54,0.00034252700206371316,False
id-10160,pokemon,85,0.0003423575181092338,False
rec-630-dup-0,pokemon,58,0.00034068387553791907,False
id-145,pokemon,74,0.00034049498509263447,False
id-27,ability,14,0.00033960394286709024,False
id-744,pokemon,59,0.0003394837688912098,False
id-67,pokemon,63,0.0003389733340893611,False
rec-589-dup-0,pokemon,57,0.0003382120852208258,False
rec-536-dup-0,pokemon,46,0.0003380703338663629,False
rec-80-dup-0,pokemon,99,0.00033800572097005514,False
rec-179-dup-1,move,139,0.0003377140270681895,False
id-62,pokemon,101,0.0003373932850079263,False
id-10104,pokemon,92,0.0003358235706373803,False
rec-783-dup-0,pokemon,67,0.00033464445619706297,False
id-279,pokemon,57,0.0003346134841913189,False
id-635,pokemon,115,0.00033405200069979823,False
id-114,pokemon,53,0.00033393178502379335,False
id-533,pokemon,54,0.0003337574176230066,False
id-45,move,135,0.0003337104861932837,False
id-863,pokemon,66,0.00033337617652853184,False
id-606,pokemon,85,0.00033325945737982,False
id-10191,pokemon,101,0.000332814783934615,True
id-210,item,20,0.0003322085307095269,False
rec-128-dup-0,ability,20,0.00033146747861888205,False
rec-225-dup-1,pokemon,59,0.0003314410755431058,False
id-93,pokemon,60,0.0003311400304457243,False
rec-225-dup-0,pokemon,61,0.00033111833287478143,False
id-804,pokemon,97,0.0003307417689875328,False
id-166,ability,6,0.00033070912625442504,False
rec-179-dup-0,move,139,0.0003306647354939847,False
id-79,pokemon,75,0.0003297734578342879,False
rec-596-dup-1,pokemon,55,0.00032960043562980083,False
id-179,move,130,0.00032908185618340375,False
id-17,ability,4,0.00032883346733624354,False
id-726,pokemon,77,0.0003279419228089975,False
rec-78-dup-0,pokemon,63,0.00032747893297991503,False
rec-79-dup-0,pokemon,86,0.0003271439871225117,False
id-144,move,2,0.00032573917842319535,False
id-77,ability,10,0.00032572298262846896,False
id-791,pokemon,70,0.00032556239734058773,False
rec-258-dup-0,pokemon,59,0.00032517281817156146,False
id-94,ability,10,0.0003250701417310703,False
id-78,pokemon,57,0.0003247781174544541,False
id-195,pokemon,88,0.0003244611777872413,False
id-98,move,145,0.00032418427782490597,False
id-280,pokemon,106,0.00032411741567728433,False
rec-589-dup-1,pokemon,54,0.00032403199447159493,False
id-39,ability,37,0.0003233784733620641,False
id-43,pokemon,49,0.00032320463219273393,False
id-813,pokemon,75,0.0003230925700625624,False
id-558,pokemon,50,0.0003229311738374051,False
rec-67-dup-1,pokemon,65,0.00032269094412808923,False
rec-39-dup-0,ability,43,0.00032170727082873684,False
id-421,pokemon,63,0.00032134947139606673,True
rec-150-dup-0,pokemon,104,0.0003213301647983735,False
rec-10181-dup-0,pokemon,63,0.00032125849682788216,False
id-598,pokemon,74,0.00032019648403353013,False
id-72,pokemon,79,0.00031941622514687233,False
rec-685-dup-1,pokemon,54,0.00031919489699300577,False
rec-828-dup-0,pokemon,57,0.0003191844951286247,False
id-318,pokemon,78,0.000318596287817132,False
id-773,pokemon,70,0.0003184473342561361,False
id-510,pokemon,85,0.0003181782796756758,False
rec-200-dup-1,move,133,0.0003177380865413297,False
rec-10032-dup-0,pokemon,68,0.000316762579369309,False
id-462,pokemon,52,0.00031659684262694217,False
id-238,pokemon,63,0.0003165236278002505,False
id-565,pokemon,61,0.00031536124853103864,False
id-10107,pokemon,59,0.00031388608644054134,False
id-130,pokemon,93,0.0003138405593575915,False
id-176,pokemon,74,0.00031366050797059457,False
id-220,item,11,0.0003128786286109283,False
id-324,pokemon,62,0.0003127612231026764,False
id-55,move,155,0.0003123750630083938,False
rec-821-dup-0,pokemon,53,0.0003116305901104322,False
rec-782-dup-0,pokemon,61,0.00031149994317206114,False
rec-10107-dup-0,pokemon,63,0.00031073727007023755,False
id-328,pokemon,45,0.00031068596866218854,False
rec-10098-dup-0,pokemon,63,0.000309724896160171,False
rec-10095-dup-0,pokemon,63,0.000309724896160171,False
id-60,ability,9,0.00030720738988155585,False
id-855,pokemon,57,0.00030698886697515037,True
id-403,move,136,0.0003068851260402207,False
id-250,pokemon,62,0.00030673713533310596,False
id-92,pokemon,82,0.00030662136911952946,False
id-362,move,146,0.00030611692320600025,False
id-329,pokemon,90,0.000305869169458089,False
rec-821-dup-1,pokemon,54,0.00030581593542710814,False
id-512,move,125,0.00030542070982339644,False
rec-32-dup-0,pokemon,57,0.000305395692962918,False
rec-10107-dup-1,pokemon,62,0.0003044063869461931,False
rec-211-dup-1,pokemon,77,0.0003042974982427394,False
id-814,pokemon,72,0.00030357441720003833,False
id-506,move,149,0.00030294540625233315,False
id-864,pokemon,72,0.00030279890234270393,False
id-169,pokemon,86,0.0003018850863604817,False
id-421,move,143,0.0003016872703725867,False
id-788,pokemon,79,0.0003016824886146037,False
id-116,pokemon,72,0.00030063102057487084,False
id-610,pokemon,52,0.00030039515132991216,False
rec-51-dup-0,pokemon,63,0.00029950585195712647,False
id-571,pokemon,98,0.00029925063765424986,False
rec-10032-dup-1,pokemon,64,0.00029839816797294036,False
id-464,pokemon,90,0.0002983799221588761,False
id-215,pokemon,73,0.0002980613741139793,False
id-376,pokemon,89,0.00029779148482344533,False
id-596,pokemon,51,0.0002976162467371805,False
rec-10030-dup-0,pokemon,66,0.0002975187126412265,False
rec-587-dup-0,pokemon,61,0.000297085645571558,False
rec-596-dup-0,pokemon,52,0.0002970603382505187,False
id-171,pokemon,70,0.00029705844951858566,False
id-246,move,146,0.0002961199335025289,False
id-170,pokemon,69,0.00029536030898299467,False
rec-521-dup-0,pokemon,50,0.00029509609991844354,False
id-438,pokemon,46,0.0002946926800317904,False
id-630,pokemon,51,0.0002946338538093567,False
id-536,pokemon,42,0.00029439923092429817,False
rec-200-dup-0,move,130,0.0002939798832625905,False
id-783,pokemon,57,0.00029383209299446543,False
id-597,pokemon,65,0.00029383182844435244,False
id-99,ability,16,0.0002937726762474123,True
id-10098,pokemon,59,0.0002931549998362268,False
id-10095,pokemon,59,0.0002931549998362268,False
id-291,pokemon,73,0.00029307298097953704,False
id-642,pokemon,92,0.0002928919302872131,False
id-443,pokemon,79,0.0002928091306174273,False
id-70,ability,7,0.00029241380600242024,True
id-54,ability,3,0.00029220542041054863,True
id-184,ability,3,0.00029220542041054863,True
id-591,pokemon,45,0.00029208400797712365,False
rec-370-dup-0,pokemon,5,0.00029198813904449025,False
id-169,ability,3,0.00029191603067406065,True
id-294,pokemon,53,0.00029142593511426965,False
id-806,pokemon,76,0.0002911013122255254,True
rec-295-dup-0,pokemon,76,0.00029107071348844063,False
rec-685-dup-0,pokemon,50,0.0002907888525813483,False
rec-150-dup-1,pokemon,100,0.0002905152341250498,False
id-188,move,132,0.0002895612872067338,False
id-467,pokemon,92,0.00028883255342448955,False
id-774,pokemon,4,0.00028846529595554003,False
id-10134,pokemon,4,0.00028846529595554003,False
id-10135,pokemon,4,0.00028846529595554003,False
id-10131,pokemon,4,0.00028846529595554003,False
rec-811-dup-0,pokemon,52,0.0002873146358905974,False
rec-613-dup-0,pokemon,51,0.0002871865398176762,False
rec-10031-dup-1,pokemon,66,0.00028697821237218046,False
id-164,pokemon,53,0.00028565130565848755,False
id-442,pokemon,71,0.0002845974604491023,False
rec-215-dup-1,pokemon,76,0.00028404633276154194,False
rec-543-dup-0,pokemon,44,0.0002830388893652812,False
rec-253-dup-1,pokemon,67,0.0002821011912962901,False
rec-832-dup-0,pokemon,45,0.0002820421295080638,False
rec-519-dup-0,pokemon,47,0.000281967588543338,False
id-150,pokemon,96,0.0002817702791342958,False
rec-462-dup-0,pokemon,56,0.00028128510354571095,False
id-10169,pokemon,69,0.0002807812404136404,True
id-350,pokemon,63,0.00028055835922792104,False
id-575,pokemon,58,0.00028006950001280425,False
id-134,pokemon,100,0.0002800592010682074,False
id-509,pokemon,87,0.0002798747667718249,False
id-528,move,135,0.0002795096739365888,False
id-782,pokemon,53,0.00027925743753410724,False
id-615,pokemon,58,0.00027900497299989036,False
rec-215-dup-0,pokemon,74,0.00027877238629274567,False
rec-838-dup-0,pokemon,58,0.0002786559864331286,False
id-364,pokemon,57,0.000278612035282434,False
id-146,pokemon,76,0.0002785964288813644,False
id-636,pokemon,72,0.00027857946208244825,False
id-709,pokemon,65,0.00027857927169500893,False
id-129,item,13,0.000277580283383086,False
id-6,pokemon,75,0.0002775683035459371,False
rec-871-dup-0,pokemon,54,0.0002772992974020763,False
rec-211-dup-0,pokemon,75,0.0002770788082394445,False
id-10179,pokemon,73,0.0002766639780818894,False
id-697,pokemon,67,0.0002764221256917603,False
id-403,pokemon,72,0.00027601500516150567,False
rec-544-dup-0,pokemon,42,0.0002755635901055664,False
id-823,pokemon,56,0.00027540966076221497,False
rec-343-dup-1,pokemon,69,0.000275291494152578,False
rec-6-dup-1,pokemon,84,0.00027506867248218626,False
rec-723-dup-0,pokemon,51,0.0002740948869513228,False
id-613,pokemon,49,0.0002737963708011443,False
rec-10031-dup-0,pokemon,64,0.0002736233017666054,False
id-450,pokemon,53,0.00027326328493369804,False
rec-95-dup-0,pokemon,70,0.00027183349664523473,False
rec-38-dup-0,move,128,0.0002712672825692445,False
rec-575-dup-0,pokemon,61,0.0002702385015798897,False
rec-174-dup-0,move,115,0.0002693035873982302,False
rec-10030-dup-1,pokemon,62,0.0002691833260440969,False
rec-340-dup-0,pokemon,63,0.0002690002918944075,False
id-10181,pokemon,55,0.0002679384944122181,False
rec-134-dup-0,item,6,0.00026792445075546334,False
id-120,move,123,0.00026746822554932356,False
rec-464-dup-0,pokemon,98,0.0002674356477343135,False
rec-831-dup-0,pokemon,37,0.0002670685315173017,False
id-436,pokemon,78,0.00026667742106212467,False
id-860,pokemon,73,0.00026643779670849856,False
rec-678-dup-0,pokemon,70,0.00026595974393038547,False
rec-381-dup-1,pokemon,86,0.00026586449253350984,False
id-135,pokemon,91,0.000265810172885625,False
rec-519-dup-1,pokemon,45,0.00026576824010596706,False
id-587,pokemon,54,0.0002656960084447854,False
id-198,item,14,0.0002654435916451031,False
id-200,move,123,0.0002651131429949206,False
id-646,pokemon,96,0.0002644948261086378,True
id-806,move,111,0.00026426414253010046,False
id-142,pokemon,64,0.0002639343013553441,False
id-563,pokemon,56,0.0002628834867988054,False
id-147,pokemon,57,0.000262582620589406,False
id-570,pokemon,90,0.0002625016709419123,False
rec-753-dup-1,pokemon,48,0.0002622730528684932,False
rec-773-dup-1,pokemon,78,0.0002620206541853701,False
rec-705-dup-0,pokemon,43,0.00026164851632454536,False
rec-704-dup-0,pokemon,43,0.00026148294905327683,False
id-42,pokemon,75,0.0002614721902341182,False
id-835,pokemon,55,0.0002614573658989745,True
id-736,pokemon,52,0.0002612218791380181,False
id-38,move,115,0.0002611143845892526,False
id-95,pokemon,64,0.0002607759039174069,False
rec-6-dup-0,pokemon,80,0.00026037547522796877,False
id-531,pokemon,82,0.0002594045655254745,False
rec-253-dup-0,pokemon,63,0.00025882958866984694,False
id-112,pokemon,87,0.0002587298518413273,False
id-41,ability,19,0.00025867332743964556,False
rec-464-dup-1,pokemon,95,0.000258060918371695,False
rec-133-dup-0,pokemon,60,0.00025787636796243026,False
rec-539-dup-0,pokemon,59,0.0002574782461807753,False
id-253,pokemon,61,0.00025711216312615146,False
id-248,move,145,0.0002569203347227399,False
rec-811-dup-1,pokemon,50,0.00025672509973096455,False
rec-10025-dup-1,pokemon,69,0.00025639961888582815,False
id-588,pokemon,40,0.00025571347036495377,False
rec-760-dup-0,pokemon,66,0.0002545913101726349,False
id-147,ability,7,0.0002545184024462814,False
id-233,pokemon,56,0.0002542002884012506,False
id-148,pokemon,53,0.00025402915734824654,False
id-484,pokemon,67,0.00025376953149638113,False
rec-279-dup-0,move,127,0.00025363827352681566,False
rec-760-dup-1,pokemon,65,0.00025312714818656997,False
id-57,ability,14,0.0002530932462403586,False
rec-381-dup-0,pokemon,80,0.00025257921689063735,False
rec-409-dup-1,move,110,0.00025239547791032984,False
id-127,move,145,0.0002511969048281322,False
id-251,pokemon,70,0.00025093949732375443,False
rec-678-dup-1,pokemon,67,0.00025062149675083965,False
id-10168,pokemon,93,0.00025021199067667407,False
rec-409-dup-0,move,111,0.00024918601727334176,False
rec-279-dup-0,pokemon,62,0.00024916690477478915,False
id-898,pokemon,90,0.0002488768672593703,False
id-133,ability,37,0.00024857567642885755,False
rec-10025-dup-0,pokemon,67,0.00024822219450377684,False
id-10176,pokemon,89,0.00024811110472301837,False
id-405,pokemon,71,0.00024797364357898743,False
rec-438-dup-1,pokemon,50,0.0002477606122432002,False
id-710,move,133,0.0002473075250056955,False
id-92,ability,11,0.00024701569898364804,False
id-43,ability,23,0.0002467041772986758,False
id-524,pokemon,43,0.0002466188364969422,False
id-10102,pokemon,101,0.00024613073119357,False
id-661,pokemon,59,0.0002453893509339194,False
rec-319-dup-0,pokemon,67,0.00024537323855872747,False
rec-279-dup-1,pokemon,61,0.0002448873859799325,False
id-225,pokemon,59,0.0002445122206787375,False
id-519,pokemon,44,0.0002443929510756594,False
id-521,pokemon,42,0.00024393419252254019,False
id-518,pokemon,76,0.00024186487829426644,False
rec-677-dup-1,pokemon,58,0.00024125556151710796,False
id-554,pokemon,83,0.00024096530619920008,False
id-717,pokemon,49,0.00024043694324198264,False
id-381,pokemon,75,0.0002404129793646273,False
id-196,pokemon,103,0.00024035597431490462,False
id-206,move,131,0.00024028139245806652,False
rec-103-dup-1,pokemon,61,0.00023980520314429316,False
rec-605-dup-0,pokemon,65,0.00023978001312367975,False
rec-10168-dup-0,pokemon,100,0.00023933799324609437,False
rec-103-dup-0,pokemon,62,0.0002390291798356589,False
rec-825-dup-0,pokemon,50,0.00023897115093309758,False
rec-279-dup-1,move,121,0.0002382825934487066,False
id-856,pokemon,63,0.00023796830127560442,False
rec-787-dup-1,pokemon,74,0.00023786842742623345,False
rec-447-dup-0,pokemon,77,0.00023729506650381978,False
id-799,pokemon,99,0.00023727607088858238,False
id-678,pokemon,62,0.00023655261808236148,False
rec-622-dup-0,pokemon,68,0.0002362438212881693,False
id-375,pokemon,81,0.00023594017074256814,False
id-344,pokemon,71,0.00023407334624761186,False
id-133,pokemon,51,0.00023403487060521386,False
id-128,ability,17,0.00023316539611405155,False
id-811,pokemon,46,0.0002327525950907038,False
rec-10183-dup-0,pokemon,63,0.0002326826113673086,False
rec-845-dup-0,pokemon,63,0.0002326826113673086,False
id-543,pokemon,42,0.0002317271269210382,False
id-104,pokemon,67,0.00023136521682713262,False
rec-677-dup-0,pokemon,55,0.0002312884535875483,False
id-174,move,103,0.00023122586028956655,False
rec-104-dup-0,pokemon,74,0.00023116845937865753,False
id-821,pokemon,47,0.0002306917567682624,False
id-10025,pokemon,63,0.0002305881657197475,False
id-874,pokemon,67,0.00023019521574643747,True
id-10101,pokemon,97,0.00023000671317504294,False
rec-437-dup-1,pokemon,71,0.00022940036327597532,False
rec-272-dup-0,item,10,0.00022929334548463872,False
rec-95-dup-0,ability,14,0.0002287840664207023,False
rec-530-dup-0,pokemon,61,0.00022874514442537051,False
rec-64-dup-0,pokemon,69,0.0002286202272379818,False
id-10166,pokemon,53,0.00022810244664062378,False
rec-142-dup-0,pokemon,73,0.00022789772153610828,False
id-29,pokemon,70,0.00022746539518458245,False
id-339,move,136,0.00022732477765927987,False
id-10170,pokemon,54,0.00022727402778982602,False
rec-26-dup-0,pokemon,69,0.0002271941772254562,False
rec-528-dup-0,pokemon,72,0.000226886792629387,False
rec-709-dup-0,pokemon,72,0.00022600667316977367,False
id-825,pokemon,44,0.00022593627382985144,False
id-544,pokemon,40,0.00022526517224705851,False
rec-610-dup-0,pokemon,59,0.0002251947467981091,False
id-51,pokemon,53,0.00022518297828654735,False
id-370,move,129,0.0002243043672551561,False
id-33,pokemon,60,0.0002242985295281952,False
id-828,pokemon,50,0.00022428293514489342,False
id-624,pokemon,88,0.0002237148964012275,False
rec-251-dup-0,pokemon,77,0.00022302500827277213,False
rec-257-dup-1,move,115,0.0002227578297571533,False
rec-373-dup-0,pokemon,69,0.0002222332961152077,False
id-245,pokemon,81,0.0002217243420112968,False
id-26,pokemon,66,0.00022143570194545553,False
id-622,pokemon,60,0.00022114366424763092,False
rec-539-dup-1,pokemon,59,0.00022107930124127753,False
id-723,pokemon,44,0.00022076810040166909,False
rec-50-dup-1,pokemon,56,0.00022073966464763195,False
id-109,move,122,0.00022045276329548627,False
id-409,move,101,0.00022033115085679097,False
id-141,pokemon,88,0.00022026306733136135,False
id-555,move,129,0.00022013476580538834,False
id-319,pokemon,62,0.00022006481775258663,False
id-106,pokemon,82,0.00021974286011599645,False
id-418,pokemon,5,0.00021966715033190792,False
id-419,pokemon,5,0.00021966715033190792,False
id-877,pokemon,66,0.0002191773336007166,False
rec-524-dup-0,pokemon,44,0.00021871792864336406,False
rec-738-dup-0,pokemon,59,0.00021868050359034243,False
rec-36-dup-0,move,130,0.0002173960141459624,False
rec-139-dup-1,pokemon,56,0.00021731505141830068,False
rec-886-dup-1,pokemon,59,0.00021718258805445846,False
id-404,move,124,0.00021687490657451892,False
rec-112-dup-0,pokemon,95,0.00021633457825643714,False
rec-294-dup-0,pokemon,61,0.000216272972318939,False
id-503,move,122,0.00021610135812709293,False
id-279,move,110,0.00021580940877662,False
id-10143,pokemon,61,0.00021536269061575897,False
id-221,item,9,0.00021516162514797682,False
rec-139-dup-0,pokemon,55,0.00021513460028701247,False
rec-883-dup-0,pokemon,54,0.00021488298437557645,False
id-871,pokemon,50,0.00021480632458999532,False
rec-447-dup-1,pokemon,72,0.0002146429149024959,False
rec-886-dup-0,pokemon,59,0.00021392068299237786,False
id-73,pokemon,56,0.00021367341904738539,False
rec-846-dup-0,pokemon,49,0.0002129000017958493,False
id-10185,pokemon,63,0.00021212213353018062,False
id-875,pokemon,63,0.00021212213353018062,False
rec-437-dup-0,pokemon,68,0.00021180649885150257,False
rec-310-dup-0,move,123,0.00021161311989663083,False
rec-113-dup-0,ability,14,0.00021150904216492669,False
id-677,pokemon,52,0.00021141447628643213,False
id-103,pokemon,57,0.00021104360741773797,False
id-447,pokemon,69,0.00021061049434058262,False
id-402,pokemon,6,0.00021019073484459494,False
id-785,pokemon,84,0.00020947475246519467,False
id-889,pokemon,92,0.00020930041611647943,False
id-95,ability,12,0.0002090760086124708,False
id-444,pokemon,48,0.0002090506152361414,False
id-562,pokemon,47,0.0002086848322012933,False
rec-438-dup-0,pokemon,49,0.00020839573268744386,False
rec-426-dup-0,pokemon,57,0.00020832272997565104,False
rec-426-dup-1,pokemon,57,0.0002082513727586358,False
rec-588-dup-0,pokemon,42,0.00020737180648337789,False
id-64,pokemon,64,0.00020734844261991565,False
rec-372-dup-0,pokemon,47,0.00020733072494708108,False
rec-450-dup-0,pokemon,59,0.00020727986859825123,False
id-113,ability,14,0.00020723402325963433,False
id-433,pokemon,5,0.00020697883945747282,False
rec-565-dup-0,pokemon,66,0.00020664871294065956,False
rec-63-dup-0,pokemon,64,0.00020661157825205894,False
id-36,move,116,0.00020660654276931397,False
rec-227-dup-1,item,10,0.00020637851980986384,False
id-886,pokemon,54,0.00020637163693390049,False
rec-601-dup-1,pokemon,49,0.00020611497152530695,False
id-437,pokemon,65,0.0002061056648544816,False
id-230,pokemon,73,0.00020600739854585322,False
rec-529-dup-0,pokemon,53,0.00020594497156053364,False
rec-227-dup-0,item,9,0.00020551103496802003,False
id-310,move,104,0.00020502312315683706,False
id-890,pokemon,46,0.0002047394579517521,False
id-139,pokemon,54,0.00020471756412944974,False
id-203,item,10,0.00020457326305432154,False
id-340,pokemon,53,0.00020446338650736227,False
id-434,move,105,0.00020425581795877857,False
rec-340-dup-0,move,107,0.0002037978278658036,False
id-314,pokemon,8,0.00020329364209854245,False
id-620,pokemon,102,0.00020246511426916957,False
rec-478-dup-1,pokemon,63,0.00020206982172542328,False
id-815,move,110,0.0002019758999740687,False
rec-503-dup-1,move,129,0.0002017293189597971,False
rec-717-dup-1,pokemon,56,0.00020148173944239847,False
id-10190,pokemon,46,0.0002013815410140486,False
rec-450-dup-1,pokemon,57,0.00020117108063073382,False
id-480,pokemon,94,0.00020113952819500312,False
id-482,move,107,0.0002006396393968616,False
rec-524-dup-1,pokemon,45,0.00020018948546412886,False
id-481,pokemon,93,0.00019979731231674192,False
id-838,pokemon,50,0.00019967087994390704,False
id-663,pokemon,75,0.00019905788692740114,False
id-419,move,124,0.00019878442369397097,False
rec-77-dup-0,ability,11,0.00019807702749066966,False
id-389,move,103,0.00019801897331429516,False
id-859,pokemon,64,0.00019715155524814546,False
rec-73-dup-1,pokemon,57,0.00019689265247342622,False
rec-50-dup-0,pokemon,52,0.00019667865154412818,False
id-130,ability,23,0.00019550865043810854,False
id-885,pokemon,38,0.00019543462055451253,False
id-50,pokemon,50,0.0001948875840954296,False
id-508,pokemon,50,0.00019458371434527755,False
rec-109-dup-0,ability,10,0.00019393482909003473,False
rec-343-dup-0,pokemon,65,0.00019376482117780503,False
rec-73-dup-0,pokemon,56,0.0001936672895039612,False
id-767,pokemon,45,0.00019337963260256924,True
id-109,ability,10,0.00019268044150506016,False
rec-26-dup-1,pokemon,70,0.00019238333487681545,False
id-10162,pokemon,49,0.00019228447074995516,False
rec-365-dup-1,pokemon,57,0.0001922504905214485,False
rec-93-dup-0,pokemon,62,0.00019224479349796747,False
id-530,pokemon,52,0.00019217020264004404,False
rec-257-dup-0,move,110,0.00019201279852172265,False
rec-478-dup-0,pokemon,63,0.00019165455722308864,False
id-305,pokemon,51,0.00019152356108438103,False
id-311,move,106,0.00019141934065514091,False
rec-601-dup-0,pokemon,46,0.0001901021655551319,False
id-577,move,107,0.00018974790118613075,False
id-126,item,10,0.00018961041950668083,False
rec-749-dup-0,pokemon,47,0.00018953314916177584,False
rec-563-dup-1,pokemon,61,0.00018940910225111833,False
rec-10188-dup-0,pokemon,66,0.00018939301318039834,False
id-685,pokemon,47,0.00018934219952664475,False
rec-749-dup-1,pokemon,48,0.0001890021947432674,False
rec-717-dup-0,pokemon,53,0.00018819940558969695,False
id-349,move,101,0.0001880186960790667,False
rec-77-dup-1,ability,10,0.0001876487624786433,False
id-55,pokemon,65,0.00018672175202607275,False
id-140,pokemon,81,0.0001866046200296751,False
id-340,move,94,0.00018630145954095487,False
rec-753-dup-0,pokemon,48,0.000185796378860528,False
id-10032,pokemon,62,0.00018572100512284675,False
rec-147-dup-0,ability,6,0.00018566208712330232,False
id-54,pokemon,63,0.00018527722741087347,False
id-265,pokemon,9,0.0001849514100668367,False
id-787,pokemon,67,0.0001846209811421823,False
id-660,pokemon,68,0.00018458681015789,False
rec-503-dup-0,move,126,0.0001836738163002371,False
id-257,move,106,0.00018320057771041491,False
rec-244-dup-0,pokemon,65,0.00018303938147151363,False
id-746,pokemon,44,0.00018263898869601736,False
id-798,pokemon,52,0.00018181570407093273,False
rec-10162-dup-0,pokemon,51,0.00018153928636805298,False
id-852,pokemon,46,0.00018121028632543613,False
rec-675-dup-0,move,106,0.00018089352382949012,False
id-797,move,125,0.00018080707649102668,False
rec-888-dup-0,pokemon,61,0.00018038545657703624,False
rec-126-dup-0,pokemon,57,0.00017988684859847378,False
rec-10190-dup-0,pokemon,50,0.00017977478791452332,False
rec-852-dup-0,pokemon,49,0.0001797196336221986,False
rec-641-dup-0,pokemon,67,0.00017924640330759154,False
id-343,pokemon,63,0.00017867353064667768,False
id-507,pokemon,45,0.00017854666376762487,False
id-10127,pokemon,44,0.0001783678812068393,False
rec-311-dup-1,move,119,0.00017814826498543067,False
id-760,pokemon,62,0.00017812551739592033,False
rec-660-dup-0,pokemon,72,0.00017788105238739497,False
rec-10190-dup-1,pokemon,49,0.00017782136666187598,False
id-423,move,100,0.0001771031017001251,False
id-684,pokemon,45,0.00017690250189159853,False
rec-890-dup-0,pokemon,49,0.00017683919878845765,False
rec-890-dup-1,pokemon,49,0.00017671646236186995,False
id-529,pokemon,45,0.0001766593800871172,False
id-478,pokemon,61,0.0001766366667551063,False
rec-466-dup-0,pokemon,66,0.00017589654086575915,False
rec-55-dup-0,pokemon,73,0.00017550884081454868,False
rec-363-dup-0,pokemon,53,0.0001752713212096836,False
id-227,item,8,0.00017505589267200811,False
rec-787-dup-0,pokemon,69,0.00017481104408622193,False
id-10,ability,13,0.0001746550156822525,False
id-757,pokemon,54,0.00017439543525373931,False
rec-484-dup-0,pokemon,77,0.0001737716305450722,False
id-93,move,133,0.0001729513794271243,False
id-300,pokemon,11,0.00017292145318323219,False
id-301,pokemon,11,0.00017292145318323219,False
id-372,pokemon,42,0.00017272609400303374,False
rec-10103-dup-0,pokemon,63,0.00017263414020184413,False
id-247,pokemon,69,0.00017250303470409521,False
id-313,move,91,0.00017238910999495773,False
rec-444-dup-0,pokemon,58,0.00017238495256185815,False
rec-852-dup-1,pokemon,46,0.0001723653160662036,False
rec-352-dup-0,pokemon,4,0.00017160858269021058,False
id-352,pokemon,4,0.000171470183169158,False
id-528,pokemon,63,0.00017054357928316606,False
rec-450-dup-0,move,41,0.00017032931921185317,False
rec-472-dup-1,move,107,0.00016974075179017865,False
id-56,ability,19,0.00016953424049037424,False
id-197,pokemon,96,0.00016937662747058092,False
rec-473-dup-0,move,119,0.00016910614539420135,False
id-10030,pokemon,62,0.00016853956878237978,False
rec-746-dup-0,pokemon,50,0.00016819099814311702,False
id-106,move,94,0.0001679585835412396,False
id-10031,pokemon,61,0.00016749410720995995,False
rec-562-dup-1,pokemon,51,0.00016726015619676694,False
id-868,pokemon,35,0.0001671463246850849,False
id-424,move,113,0.0001669688550926703,False
id-49,ability,23,0.0001667340407540754,False
rec-10133-dup-0,pokemon,4,0.00016665253943449787,False
rec-10133-dup-1,pokemon,4,0.00016665253943449787,False
id-86,item,10,0.00016628918163707348,False
rec-311-dup-0,move,114,0.0001658653595790229,False
rec-10132-dup-0,pokemon,4,0.0001654350168494539,False
rec-10130-dup-0,pokemon,4,0.0001654350168494539,False
id-738,pokemon,52,0.00016483290370728434,False
id-641,pokemon,58,0.00016450509406042117,False
id-797,pokemon,84,0.00016398121350816427,False
rec-69-dup-0,ability,25,0.00016381627077650309,False
id-857,pokemon,59,0.00016361642745912273,False
id-466,pokemon,60,0.00016327855478435086,False
rec-482-dup-0,pokemon,77,0.00016250710012679379,False
rec-472-dup-0,move,109,0.00016190337712202377,False
rec-209-dup-0,ability,6,0.00016183376224676688,False
rec-209-dup-1,ability,6,0.00016183376224676688,False
rec-10127-dup-0,pokemon,50,0.00016166790758166723,False
id-753,pokemon,44,0.00016139035871990168,False
id-209,ability,6,0.00016138839407904578,False
rec-305-dup-0,pokemon,59,0.00016132600980617111,False
id-171,ability,14,0.00016051385185005232,False
rec-54-dup-0,pokemon,65,0.00016025665076495004,False
id-662,pokemon,64,0.00015936695681510428,False
id-830,pokemon,42,0.0001591260714649266,False
id-105,move,65,0.0001589295126719534,False
rec-361-dup-0,pokemon,49,0.00015797565673326117,False
id-330,move,111,0.00015776867302427948,False
rec-163-dup-0,move,107,0.0001574903280259586,False
id-32,pokemon,54,0.0001574505390185936,False
rec-313-dup-1,move,102,0.00015713990004584112,False
rec-224-dup-0,item,20,0.00015638231223747605,False
id-483,pokemon,62,0.00015603756918784834,False
id-60,pokemon,57,0.00015580558880266693,False
id-175,ability,16,0.00015522933436761893,False
rec-473-dup-1,move,116,0.00015389600138348772,False
rec-660-dup-1,pokemon,72,0.00015334104782597005,False
rec-600-dup-0,pokemon,44,0.00015322997677668572,False
rec-482-dup-1,pokemon,74,0.00015312624216845262,False
rec-281-dup-1,pokemon,72,0.0001521523268707875,False
id-61,pokemon,61,0.00015213721019819858,False
id-1,move,90,0.0001521117635968865,False
rec-725-dup-1,pokemon,55,0.00015184683573484686,False
id-803,pokemon,44,0.0001516708028030568,False
id-384,move,110,0.00015080963568112312,False
rec-599-dup-0,pokemon,43,0.00015031407977471672,False
rec-313-dup-0,move,101,0.00014981518387639813,False
id-277,pokemon,5,0.0001496881297606035,False
id-276,pokemon,5,0.0001496881297606035,False
rec-54-dup-1,pokemon,67,0.00014960892478006795,False
id-683,pokemon,69,0.00014941498576126006,False
id-21,move,86,0.00014888246197366373,False
id-484,move,97,0.00014870806890076454,False
rec-10007-dup-1,pokemon,62,0.00014842995012549586,False
rec-10166-dup-0,pokemon,59,0.00014836136889312553,False
rec-10007-dup-0,pokemon,64,0.00014795675879497616,False
id-472,move,100,0.00014744905504710966,False
id-482,pokemon,72,0.00014654954405304515,False
id-23,ability,7,0.00014636100105203074,False
id-37,ability,9,0.00014626403714507207,True
id-335,pokemon,4,0.00014614568011721377,True
id-178,ability,3,0.00014610322920791303,True
id-174,ability,4,0.00014610277181247567,False
id-308,pokemon,2,0.00014610271020527432,False
id-74,ability,3,0.00014610271020527432,True
id-307,pokemon,2,0.00014610271020527432,False
id-370,pokemon,4,0.0001459463790132935,False
rec-404-dup-1,pokemon,50,0.0001454121391024658,False
rec-599-dup-1,pokemon,41,0.0001453975567277543,False
id-784,move,88,0.00014534692831154948,False
id-30,pokemon,61,0.00014473082358699199,False
id-831,pokemon,34,0.0001441609861954131,False
id-373,pokemon,59,0.00014406667881919575,False
id-675,move,95,0.00014396902479680532,False
id-186,pokemon,61,0.00014388497472879032,False
rec-725-dup-0,pokemon,55,0.00014388484333053704,False
id-725,pokemon,51,0.00014387772765649852,False
id-473,move,107,0.00014365397040200519,False
id-163,move,94,0.00014355507697739298,False
id-126,pokemon,53,0.0001432753157230056,False
id-605,pokemon,58,0.0001429807581410641,False
id-832,pokemon,42,0.0001423468394273215,False
rec-362-dup-0,pokemon,57,0.00014201559256786614,False
id-805,pokemon,85,0.00014143387418877424,False
id-10110,pokemon,7,0.00014086225131477377,False
id-471,pokemon,86,0.00014075863020827388,False
rec-163-dup-1,move,98,0.00014075088926817625,False
rec-186-dup-0,pokemon,63,0.00014025797552701615,False
rec-404-dup-0,pokemon,47,0.00013969309620537673,False
id-244,pokemon,57,0.00013822276499263737,False
id-10007,pokemon,59,0.0001376842676840549,False
rec-474-dup-0,move,80,0.00013735013875879802,False
id-582,pokemon,59,0.0001369405673141245,False
rec-362-dup-1,pokemon,58,0.00013689564139486313,False
rec-19-dup-1,move,99,0.0001364658213438069,False
rec-19-dup-0,move,96,0.0001348013149416881,False
rec-186-dup-1,pokemon,62,0.00013465439515119134,False
id-363,pokemon,48,0.00013449868836744265,False
id-63,pokemon,58,0.0001343091417493998,False
rec-358-dup-1,pokemon,5,0.00013392748435483464,False
rec-358-dup-0,pokemon,5,0.00013392748435483464,False
id-37,move,102,0.0001329675769604561,False
id-883,pokemon,49,0.00013247998119222398,False
rec-483-dup-1,pokemon,70,0.0001310522080443689,False
rec-563-dup-0,pokemon,57,0.00013052907070494445,False
id-10010,pokemon,63,0.00013052301997357752,False
rec-92-dup-0,ability,12,0.0001304316717748304,False
id-10012,pokemon,62,0.00012993200189144382,False
rec-281-dup-0,pokemon,72,0.00012953365596081882,False
rec-896-dup-0,pokemon,55,0.00012892563116536257,False
rec-682-dup-0,pokemon,47,0.00012892192926384092,False
id-10008,pokemon,62,0.00012890177802485307,False
id-10011,pokemon,62,0.0001287953358717935,False
id-589,item,10,0.0001285613474503559,False
id-111,move,78,0.00012816559517923626,False
id-803,move,101,0.00012808872720713506,False
id-58,ability,14,0.00012763881136584087,False
rec-292-dup-0,pokemon,49,0.00012725691810852737,False
rec-659-dup-0,pokemon,56,0.0001270519292903654,False
id-6,ability,26,0.00012658842209228814,False
rec-68-dup-0,move,76,0.00012602753000169503,False
id-516,pokemon,6,0.0001258990215158249,False
id-515,pokemon,6,0.0001258990215158249,False
rec-10019-dup-0,pokemon,66,0.00012573694334503676,False
id-362,pokemon,54,0.00012555754985032864,False
id-888,pokemon,56,0.00012493957293814413,False
rec-211-dup-0,move,93,0.000124529500357858,False
id-400,move,87,0.00012434208356150632,False
id-10188,pokemon,55,0.00012434159408589477,False
rec-483-dup-0,pokemon,67,0.0001238866218627757,False
id-10020,pokemon,64,0.00012372251058557164,False
id-10133,pokemon,4,0.00012329372724121824,False
rec-365-dup-0,pokemon,53,0.00012315828477268704,False
id-10132,pokemon,3,0.00012303027910608744,False
id-10130,pokemon,3,0.00012303027910608744,False
rec-619-dup-0,pokemon,73,0.0001226122288186157,False
id-313,pokemon,7,0.00012226686755047232,False
id-625,pokemon,64,0.00012221422113979817,False
rec-625-dup-0,pokemon,67,0.0001217408797190371,False
rec-490-dup-0,move,85,0.00012159091882787703,False
id-679,pokemon,63,0.00012117346801184492,False
rec-799-dup-0,move,75,0.0001209709639271937,False
rec-799-dup-1,move,77,0.00012047799843994078,False
rec-517-dup-0,pokemon,58,0.0001201795876003198,False
id-798,move,82,0.00011986433786493724,False
id-161,move,79,0.00011969252101936806,False
id-281,pokemon,67,0.0001195885488146031,False
rec-633-dup-0,pokemon,51,0.00011952039253281025,False
id-10183,pokemon,53,0.00011918865202176468,False
id-845,pokemon,53,0.00011918865202176468,False
rec-87-dup-0,item,9,0.00011910091574360639,False
rec-87-dup-1,item,9,0.00011910091574360639,False
rec-897-dup-0,pokemon,47,0.00011883874581548094,False
rec-490-dup-1,move,83,0.00011861277624916352,False
rec-625-dup-1,pokemon,67,0.00011833052917570338,False
id-474,move,72,0.00011806818052589517,False
id-896,pokemon,51,0.00011762112920800006,False
rec-808-dup-1,move,89,0.00011747523138331828,False
id-337,move,93,0.00011705303524251268,False
id-10103,pokemon,55,0.00011604299562509558,False
rec-10189-dup-0,pokemon,71,0.0001160385494991997,False
id-10189,pokemon,58,0.00011579705703502685,False
rec-385-dup-0,move,76,0.00011528928609099168,False
id-10019,pokemon,58,0.00011438354981870277,False
id-60,move,93,0.00011434134241647898,False
id-148,ability,20,0.00011395997649241865,False
id-361,pokemon,44,0.00011308310699850398,False
id-680,pokemon,60,0.00011243475251135461,False
rec-888-dup-1,pokemon,59,0.00011175868494101098,False
id-345,move,83,0.00011050973497379746,False
rec-10020-dup-1,pokemon,67,0.0001102411048230778,False
id-286,pokemon,7,0.0001102001088425919,False
rec-10019-dup-1,pokemon,59,0.00010964785895630694,False
id-10015,pokemon,6,0.00010957703265395572,False
id-10013,pokemon,6,0.00010957703265395572,False
id-358,pokemon,5,0.00010957703265395572,False
id-10014,pokemon,6,0.00010957703265395572,False
id-351,pokemon,6,0.00010957703265395572,False
id-799,move,72,0.00010954828085281533,False
id-796,pokemon,63,0.00010924483765823204,False
rec-10020-dup-0,pokemon,66,0.00010923075254751726,False
rec-562-dup-0,pokemon,48,0.0001089863709638319,False
id-490,move,78,0.00010785325740899024,False
id-141,ability,12,0.00010667300076964876,False
id-517,pokemon,52,0.00010605778135127035,False
id-292,pokemon,44,0.00010592544326617211,False
id-118,move,81,0.00010587615519820635,False
rec-441-dup-0,pokemon,7,0.00010580813519690211,False
rec-794-dup-0,pokemon,67,0.00010562361107285615,False
id-599,move,76,0.00010550602087336994,False
id-478,move,90,0.00010478034647606699,False
id-404,pokemon,45,0.00010424220860111896,False
id-441,move,74,0.00010398770355276084,False
id-659,pokemon,49,0.00010377944187074993,False
id-203,pokemon,7,0.00010349175211619482,False
rec-808-dup-0,move,84,0.00010348454941452076,False
id-347,pokemon,47,0.00010259990283859288,False
rec-508-dup-0,pokemon,56,0.00010158581524029478,False
id-514,pokemon,7,0.00010125059318142429,False
id-749,pokemon,44,0.00010119943910211455,False
id-897,pokemon,45,0.00010116139802626284,False
id-19,move,87,0.00010106030104204422,False
rec-348-dup-0,pokemon,54,0.00010058704517391037,False
rec-487-dup-1,pokemon,64,0.00010053300274119859,False
rec-211-dup-1,move,88,0.00010051905989595345,False
rec-243-dup-0,pokemon,62,0.00010051644999837241,False
id-364,move,76,0.00010033679745674664,False
id-68,move,66,9.968529737435461e-05,False
id-365,pokemon,53,9.885875765227521e-05,False
rec-348-dup-1,pokemon,55,9.868178756167301e-05,False
rec-487-dup-0,pokemon,63,9.860577209190534e-05,False
id-435,move,90,9.858696937562854e-05,False
id-211,move,79,9.757291100530526e-05,False
rec-584-dup-1,pokemon,47,9.666503140598243e-05,False
rec-667-dup-0,move,73,9.666390613444477e-05,False
id-95,move,82,9.621332349897583e-05,False
id-808,move,83,9.603952872917949e-05,False
id-619,pokemon,64,9.560667646307027e-05,False
rec-854-dup-1,pokemon,39,9.536543679166422e-05,False
rec-39-dup-0,move,86,9.525970085128519e-05,False
id-415,pokemon,14,9.501885239844574e-05,False
rec-10009-dup-0,pokemon,48,9.485117990702907e-05,False
rec-28-dup-0,move,84,9.442683317341806e-05,False
id-231,pokemon,6,9.399354198300339e-05,False
id-322,move,51,9.312972866499643e-05,False
id-315,move,83,9.308312039985453e-05,False
rec-207-dup-0,move,68,9.291227335128064e-05,False
id-224,item,14,9.276665225341347e-05,False
rec-507-dup-0,pokemon,50,9.250232446514242e-05,False
id-39,move,83,9.206800220973671e-05,False
id-422,move,88,9.192782443772369e-05,False
id-804,move,88,9.191298053628429e-05,False
rec-39-dup-1,move,85,9.179524302448033e-05,False
rec-479-dup-1,pokemon,46,9.155028444682101e-05,False
id-487,pokemon,60,9.033386622380677e-05,False
id-10009,pokemon,46,9.020706602508019e-05,False
rec-479-dup-0,pokemon,45,8.985512908108866e-05,False
id-87,item,10,8.985318687274643e-05,False
id-794,pokemon,54,8.915979688432439e-05,False
id-521,move,90,8.897247400189598e-05,False
id-348,pokemon,54,8.895478705688631e-05,False
id-106,ability,16,8.865468824959803e-05,False
id-283,move,72,8.83462518034932e-05,False
id-479,pokemon,46,8.830425061062279e-05,False
rec-144-dup-0,pokemon,48,8.824786821011833e-05,False
id-891,pokemon,72,8.820345317195841e-05,False
id-225,move,83,8.818993320185941e-05,False
rec-350-dup-0,move,88,8.81687206025423e-05,False
rec-347-dup-0,pokemon,48,8.76951687251322e-05,False
rec-328-dup-0,move,76,8.734761656993892e-05,False
id-48,move,67,8.722482653713519e-05,False
rec-854-dup-0,pokemon,38,8.701949599631387e-05,False
rec-117-dup-0,pokemon,51,8.680560447944265e-05,False
id-379,pokemon,56,8.660367741501721e-05,False
rec-144-dup-1,pokemon,47,8.607471887102124e-05,False
rec-347-dup-1,pokemon,47,8.582707035213935e-05,False
id-854,pokemon,39,8.559101823019439e-05,False
rec-132-dup-1,ability,10,8.456637072326317e-05,False
rec-132-dup-0,ability,9,8.438522902425616e-05,False
rec-10021-dup-0,pokemon,63,8.378562159752113e-05,False
id-117,pokemon,47,8.358371272418704e-05,False
rec-92-dup-0,move,62,8.354615612525013e-05,False
id-132,ability,9,8.338435343683625e-05,False
id-456,pokemon,7,8.316461257843415e-05,False
rec-379-dup-0,pokemon,63,8.272250385391154e-05,False
rec-800-dup-0,move,79,8.189486319671635e-05,False
rec-23-dup-0,ability,8,8.173744884784694e-05,False
id-243,pokemon,55,8.169742330924391e-05,False
id-216,item,15,8.082818704471345e-05,False
id-796,move,63,8.068788164143264e-05,False
id-10021,pokemon,52,8.060225682689101e-05,False
id-232,move,83,8.05433316308381e-05,False
id-809,move,80,7.996335373617426e-05,False
rec-808-dup-0,pokemon,23,7.879295102978521e-05,False
id-54,move,73,7.867165805241274e-05,False
id-144,pokemon,45,7.760360444584569e-05,False
id-115,ability,29,7.748589853001125e-05,False
id-86,ability,6,7.697095755578208e-05,False
id-206,item,11,7.673980937644165e-05,False
id-638,pokemon,78,7.637620323498288e-05,False
rec-10151-dup-0,pokemon,45,7.617891840140637e-05,False
rec-328-dup-1,move,72,7.61537780800205e-05,False
id-23,move,75,7.597520095882898e-05,False
id-319,move,63,7.558776936399266e-05,False
rec-331-dup-0,move,76,7.52970827442598e-05,False
id-584,pokemon,42,7.525619118307438e-05,False
id-378,pokemon,51,7.516275449339452e-05,False
rec-352-dup-1,move,75,7.429070576254905e-05,False
id-667,move,67,7.390312120316659e-05,False
rec-584-dup-0,pokemon,44,7.382844207050267e-05,False
id-331,move,68,7.374725788867722e-05,False
id-808,pokemon,21,7.363984631503573e-05,False
id-28,move,75,7.35758255833604e-05,False
rec-174-dup-1,ability,4,7.305141670983853e-05,False
rec-174-dup-0,ability,5,7.305141670983853e-05,False
id-672,pokemon,4,7.282306961794141e-05,False
rec-331-dup-1,move,72,7.221725564926456e-05,False
id-207,move,57,7.113481528842848e-05,False
id-229,move,57,7.042874887874757e-05,False
id-154,move,74,7.03635562294951e-05,False
rec-796-dup-0,move,67,7.033892626651195e-05,False
rec-83-dup-0,move,64,6.972799069511796e-05,False
id-733,pokemon,6,6.857586377499994e-05,False
id-350,move,80,6.838502238385125e-05,False
rec-135-dup-1,item,16,6.780968581704707e-05,False
id-800,move,70,6.77098013384594e-05,False
id-153,move,63,6.765819279898786e-05,False
rec-30-dup-0,ability,18,6.761290999083571e-05,False
id-633,pokemon,47,6.752889595247993e-05,False
id-413,move,57,6.742111452880115e-05,False
rec-135-dup-0,item,15,6.741652748229331e-05,False
id-682,pokemon,44,6.708670581605771e-05,False
id-223,item,15,6.69894771572797e-05,False
rec-486-dup-0,move,71,6.69645822064318e-05,False
rec-252-dup-0,move,60,6.635662255215266e-05,False
id-10151,pokemon,41,6.631887547423346e-05,False
id-427,move,75,6.628385254581902e-05,False
id-431,pokemon,6,6.620700873566991e-05,False
rec-6-dup-0,move,71,6.608805978304242e-05,False
id-639,pokemon,78,6.590559518802869e-05,False
id-634,pokemon,47,6.561933066406362e-05,False
rec-23-dup-1,ability,8,6.50951701508177e-05,False
id-105,ability,14,6.439662715148179e-05,False
rec-71-dup-1,move,61,6.359347013672051e-05,False
id-30,ability,17,6.334652122436818e-05,False
id-328,move,69,6.266256410704732e-05,False
id-352,move,68,6.229310124792727e-05,False
id-134,item,6,6.227887985427549e-05,False
rec-325-dup-0,pokemon,6,6.205294587184681e-05,False
rec-326-dup-0,pokemon,6,6.205294587184681e-05,False
id-772,pokemon,59,6.162484865456893e-05,False
id-194,move,63,6.137019831251598e-05,False
id-189,move,60,6.124746508535057e-05,False
id-130,item,12,6.10629798211915e-05,False
id-114,move,65,6.087425677058616e-05,False
rec-634-dup-0,pokemon,49,6.0472740621006926e-05,False
rec-634-dup-1,pokemon,49,6.034352536326973e-05,False
id-390,move,68,6.00124304491152e-05,False
rec-796-dup-1,move,69,5.9869401478238755e-05,False
id-325,pokemon,6,5.886252467089708e-05,False
id-326,pokemon,6,5.886252467089708e-05,False
id-85,pokemon,7,5.877299511443607e-05,False
id-585,move,59,5.865788567168222e-05,False
id-501,move,67,5.835462904355449e-05,False
id-205,move,59,5.832660883875884e-05,False
id-396,pokemon,4,5.752999076398326e-05,False
rec-131-dup-0,item,9,5.73465780215225e-05,False
id-196,item,10,5.7270229112660896e-05,False
id-355,move,62,5.700615483739478e-05,False
rec-10-dup-1,move,70,5.695964757752676e-05,False
rec-352-dup-0,move,70,5.6780743814875776e-05,False
rec-378-dup-0,pokemon,56,5.615707768899553e-05,False
rec-366-dup-0,pokemon,7,5.60334566942508e-05,False
rec-366-dup-1,pokemon,6,5.60334566942508e-05,False
id-281,move,66,5.577241105948055e-05,False
id-472,pokemon,4,5.5742486742490154e-05,False
rec-583-dup-0,pokemon,39,5.571726463835699e-05,False
id-366,pokemon,6,5.5385073890672544e-05,False
id-218,pokemon,3,5.525237822871425e-05,False
id-219,pokemon,3,5.525237822871425e-05,False
rec-230-dup-0,move,45,5.5204911682013176e-05,False
id-162,pokemon,10,5.518856199252774e-05,False
id-72,move,63,5.509448538514201e-05,False
id-336,pokemon,5,5.499336289010909e-05,False
id-83,move,59,5.4752170589857e-05,False
id-92,move,55,5.455072099842325e-05,False
id-327,pokemon,9,5.437779827424449e-05,False
rec-401-dup-1,pokemon,6,5.4036006421804165e-05,False
id-210,move,62,5.396501922191269e-05,False
id-24,move,70,5.385008262343424e-05,False
rec-673-dup-0,pokemon,4,5.365453077366069e-05,False
rec-71-dup-0,move,58,5.351383328448545e-05,False
id-333,move,65,5.3450177987587185e-05,False
rec-595-dup-1,move,58,5.341491165193764e-05,False
rec-189-dup-0,move,61,5.318651985760256e-05,False
id-360,pokemon,15,5.294830960565634e-05,False
id-202,pokemon,15,5.294830960565634e-05,False
id-268,move,64,5.2835326977819e-05,False
id-441,pokemon,5,5.260936020014416e-05,False
id-312,move,53,5.2409031324846294e-05,False
rec-401-dup-0,pokemon,5,5.2190457181905445e-05,False
id-640,pokemon,55,5.2057118417804554e-05,False
rec-10-dup-0,move,70,5.1992113014805616e-05,False
id-562,move,52,5.1761138553919004e-05,False
id-20,move,49,5.166712169515248e-05,False
id-131,ability,13,5.1528679599988554e-05,False
id-595,move,51,5.1494805121850576e-05,False
rec-45-dup-1,ability,7,5.148877953310499e-05,False
rec-45-dup-0,ability,7,5.148877953310499e-05,False
id-87,ability,8,5.0922102290092335e-05,False
rec-189-dup-1,move,59,5.074910383223281e-05,False
rec-640-dup-1,pokemon,58,5.070841853513297e-05,False
rec-84-dup-0,move,64,5.046398351495623e-05,False
id-385,move,65,5.044269214834442e-05,False
id-16,move,53,5.032051119826676e-05,False
rec-251-dup-0,move,60,4.9661021738927706e-05,False
id-73,move,65,4.9654002413245076e-05,False
rec-595-dup-0,move,57,4.917663239211741e-05,False
rec-640-dup-0,pokemon,56,4.889718376632587e-05,False
rec-10111-dup-0,pokemon,6,4.8765432323484254e-05,False
rec-104-dup-0,move,60,4.8765284240503955e-05,False
id-394,move,59,4.8601685630868504e-05,False
rec-232-dup-0,pokemon,6,4.846886634119043e-05,False
id-583,pokemon,36,4.842091187682696e-05,False
id-50,move,54,4.827065357431589e-05,False
rec-811-dup-0,move,61,4.824471992215902e-05,False
id-135,item,12,4.791078574052727e-05,False
id-131,item,8,4.7732161231817925e-05,False
rec-89-dup-0,item,9,4.718812363904005e-05,False
id-71,move,56,4.7148372530402166e-05,False
rec-64-dup-1,move,49,4.702599775495443e-05,False
id-64,move,47,4.7024438957720516e-05,False
id-10,move,64,4.6948208798500664e-05,False
rec-35-dup-0,ability,10,4.677446959239747e-05,False
id-116,ability,7,4.650940577515191e-05,False
id-251,move,52,4.645904034921926e-05,False
id-529,move,57,4.623613879603798e-05,False
id-6,move,59,4.617323781052278e-05,False
rec-542-dup-0,move,54,4.590439670554913e-05,False
id-252,move,48,4.5689509534618365e-05,False
id-469,move,52,4.536332958769765e-05,False
id-398,pokemon,5,4.517950002351792e-05,False
rec-141-dup-1,move,54,4.506409533151474e-05,False
id-104,move,53,4.47602765355991e-05,False
rec-161-dup-0,item,4,4.470304737121434e-05,False
id-161,item,4,4.470304737121434e-05,False
id-486,move,65,4.3912444855832024e-05,False
id-317,pokemon,11,4.377544725708136e-05,False
id-35,ability,9,4.374807185525266e-05,False
id-513,pokemon,5,4.348153055605667e-05,False
rec-144-dup-0,ability,27,4.3259424811393345e-05,False
id-45,ability,7,4.323904154753476e-05,False
rec-84-dup-0,pokemon,6,4.3178027067109824e-05,False
id-234,pokemon,7,4.292973232364312e-05,False
id-401,pokemon,4,4.2584728694480886e-05,False
id-144,ability,26,4.255221853196432e-05,False
rec-141-dup-0,move,55,4.251645589452519e-05,False
rec-282-dup-0,move,55,4.242079545853527e-05,False
rec-457-dup-0,pokemon,6,4.226513527720236e-05,False
id-323,pokemon,4,4.218764265622999e-05,False
id-683,move,49,4.197105384180785e-05,False
rec-144-dup-1,ability,26,4.169414994026758e-05,False
rec-64-dup-0,move,49,4.166706811078865e-05,False
id-84,move,57,4.1110096223036095e-05,False
id-161,pokemon,7,4.1049681182820836e-05,False
id-262,move,48,4.1045333998953126e-05,False
id-230,move,40,4.0848380067436466e-05,False
id-684,move,63,4.0733054979113694e-05,False
id-52,move,56,4.036353110944306e-05,False
rec-10113-dup-0,pokemon,6,4.0070243411062256e-05,False
rec-36-dup-1,ability,9,3.9808539056813254e-05,False
id-10112,pokemon,5,3.955336950039828e-05,False
rec-49-dup-0,pokemon,7,3.9327044228297455e-05,False
id-10113,pokemon,5,3.9325084015702544e-05,False
id-220,move,53,3.92364458740723e-05,False
rec-321-dup-0,move,45,3.909295379475421e-05,False
rec-359-dup-0,move,49,3.8948779118978406e-05,False
id-282,move,50,3.889084350834479e-05,False
rec-36-dup-0,ability,8,3.8783241776663744e-05,False
id-432,move,52,3.874931502028643e-05,False
id-20,pokemon,8,3.87263277713312e-05,False
id-111,ability,5,3.871347270981993e-05,False
id-141,move,51,3.808454160742273e-05,False
id-706,move,46,3.804182301630316e-05,False
id-811,move,54,3.8021952290619354e-05,False
id-512,pokemon,6,3.8001802453555424e-05,False
id-511,pokemon,6,3.7920602020962354e-05,False
rec-405-dup-0,move,42,3.738141360041137e-05,False
rec-401-dup-0,move,41,3.7344043242630864e-05,False
id-840,pokemon,14,3.73355966523551e-05,False
rec-10109-dup-1,pokemon,6,3.732724246649098e-05,False
id-525,move,41,3.730838861997396e-05,False
id-232,pokemon,4,3.7301163449829966e-05,False
id-581,move,51,3.728287470566123e-05,False
id-44,ability,18,3.705468502089899e-05,False
id-598,move,59,3.6743773199711434e-05,False
id-741,pokemon,2,3.652567755131858e-05,False
id-10124,pokemon,2,3.652567755131858e-05,False
id-10123,pokemon,2,3.652567755131858e-05,False
id-10125,pokemon,2,3.652567755131858e-05,False
id-243,move,45,3.646803548725491e-05,False
id-61,move,60,3.6457807948090694e-05,False
id-542,move,45,3.6451913311102447e-05,False
rec-20-dup-0,pokemon,8,3.640574463730945e-05,False
rec-20-dup-1,pokemon,8,3.640574463730945e-05,False
rec-50-dup-0,move,62,3.62792064095694e-05,False
rec-242-dup-1,item,5,3.609728990346778e-05,False
rec-359-dup-1,move,48,3.597722144758903e-05,False
rec-242-dup-0,item,4,3.5945811708747996e-05,False
id-242,item,4,3.5945811708747996e-05,False
id-254,move,43,3.577109667264712e-05,False
id-64,ability,8,3.4885134946698295e-05,False
id-522,pokemon,7,3.483214626316424e-05,False
id-468,move,44,3.467479538838805e-05,False
id-450,move,36,3.450721074081726e-05,False
id-824,pokemon,10,3.374043329121506e-05,False
rec-117-dup-1,ability,10,3.3733888332926496e-05,False
id-438,move,45,3.373119822156973e-05,False
rec-397-dup-0,pokemon,5,3.3602881200733e-05,False
id-457,pokemon,5,3.3457556830711296e-05,False
rec-321-dup-1,move,42,3.329494739008859e-05,False
rec-10112-dup-0,pokemon,6,3.3084359845610825e-05,False
id-405,move,37,3.30482399677629e-05,False
id-42,move,51,3.30328621427224e-05,False
id-580,move,58,3.300665196004628e-05,False
rec-706-dup-1,move,47,3.298515183231709e-05,False
id-186,move,46,3.2832533410375826e-05,False
rec-10112-dup-1,pokemon,5,3.2812042821176553e-05,False
id-36,ability,7,3.2698150597838254e-05,False
id-678,move,64,3.2478548164909375e-05,False
id-432,pokemon,7,3.239622721664666e-05,False
id-790,pokemon,5,3.2385145141300836e-05,False
id-566,move,55,3.2345823681804244e-05,False
id-739,pokemon,5,3.220621567544357e-05,False
id-88,item,7,3.192779733708558e-05,False
rec-114-dup-0,ability,9,3.178299385283342e-05,False
id-10109,pokemon,5,3.17379402411313e-05,False
rec-57-dup-0,pokemon,5,3.165311182901493e-05,False
rec-56-dup-0,pokemon,6,3.165311182901493e-05,False
id-813,move,48,3.1618009617698546e-05,False
id-812,move,45,3.1488120668300805e-05,False
id-114,ability,8,3.138388786994515e-05,False
id-10111,pokemon,5,3.1353381505394844e-05,False
id-540,pokemon,4,3.125988457314426e-05,False
id-542,pokemon,5,3.125988457314426e-05,False
rec-542-dup-0,pokemon,5,3.125988457314426e-05,False
rec-56-dup-1,pokemon,5,3.1256329915138984e-05,False
id-256,move,39,3.12249201056971e-05,False
rec-81-dup-0,move,15,3.097292997791907e-05,False
id-181,move,48,3.092595303134807e-05,False
rec-117-dup-0,ability,9,3.085884149590101e-05,False
id-143,move,37,3.06508246608918e-05,False
id-117,ability,10,3.0545649437629223e-05,False
rec-343-dup-1,move,43,3.0462439749891927e-05,False
id-522,move,24,3.0421255785339235e-05,False
id-56,pokemon,5,3.0031117293162715e-05,False
id-57,pokemon,5,3.0031117293162715e-05,False
rec-114-dup-1,ability,8,2.975443340369119e-05,False
rec-343-dup-0,move,42,2.974854479802071e-05,False
rec-383-dup-0,move,46,2.9513118973500634e-05,False
rec-468-dup-1,move,45,2.938847400966269e-05,False
id-396,move,52,2.9367590099675e-05,False
rec-191-dup-0,move,48,2.9180698906814125e-05,False
id-260,move,39,2.9170120198341982e-05,False
id-180,move,37,2.9113539457361093e-05,False
rec-513-dup-1,pokemon,6,2.906987648527689e-05,False
rec-513-dup-0,pokemon,5,2.8727448258233285e-05,False
rec-706-dup-0,move,46,2.85771936932438e-05,False
id-197,move,36,2.852418044967582e-05,False
id-359,move,47,2.824964348630794e-05,False
id-191,move,39,2.7798920949800782e-05,False
id-321,move,40,2.7659622638122946e-05,False
rec-74-dup-1,move,45,2.7396289226072694e-05,False
id-407,move,44,2.7231006656313037e-05,False
id-400,pokemon,9,2.7107270951237927e-05,False
rec-74-dup-0,move,44,2.695739100974178e-05,False
rec-387-dup-0,move,44,2.6956201057266905e-05,False
id-437,move,56,2.6874780960136126e-05,False
id-541,pokemon,4,2.6844311432419356e-05,False
id-74,move,43,2.6756889932671354e-05,False
id-284,pokemon,5,2.64150308291309e-05,False
id-19,pokemon,5,2.6203069194065682e-05,False
id-731,pokemon,7,2.6033973471208265e-05,False
id-669,move,38,2.601979229754256e-05,False
id-487,move,39,2.564510685188729e-05,False
id-262,pokemon,9,2.5436829645872983e-05,False
rec-10109-dup-0,pokemon,6,2.5305426850914446e-05,False
id-10,pokemon,8,2.525828668004978e-05,False
id-168,ability,9,2.5250844981593546e-05,False
id-387,move,41,2.523934462590743e-05,False
id-207,pokemon,6,2.514597965851053e-05,False
rec-166-dup-0,pokemon,4,2.484585419625557e-05,False
id-166,pokemon,4,2.4792764764212287e-05,False
rec-366-dup-0,move,41,2.47563865748727e-05,False
id-805,move,34,2.4706497912140033e-05,False
id-440,move,44,2.467255593754994e-05,False
id-76,pokemon,10,2.4592084250376736e-05,False
rec-468-dup-0,move,44,2.4488317810155373e-05,False
rec-408-dup-1,move,30,2.44605870869699e-05,False
id-343,move,39,2.4457900453762694e-05,False
id-673,pokemon,3,2.4453237604373586e-05,False
id-228,pokemon,3,2.4245914186731814e-05,False
id-229,pokemon,3,2.4194106677785802e-05,False
id-165,pokemon,3,2.416984252058343e-05,False
rec-669-dup-0,move,43,2.3950471039462426e-05,False
id-193,pokemon,6,2.3837705677332377e-05,False
id-51,move,33,2.378847835280248e-05,False
id-366,move,38,2.376865675958243e-05,False
id-49,pokemon,6,2.3733482794367186e-05,False
id-129,pokemon,8,2.368151566611031e-05,False
id-247,item,2,2.3614121820937775e-05,False
rec-19-dup-1,pokemon,6,2.3516853690588903e-05,False
rec-366-dup-1,move,42,2.3303319032981497e-05,False
rec-408-dup-0,move,30,2.3202334651554853e-05,False
rec-604-dup-0,move,44,2.3046731500244756e-05,False
id-35,move,29,2.302141588752065e-05,False
id-408,move,28,2.2930518691037196e-05,False
id-108,ability,7,2.28917679339313e-05,False
rec-19-dup-0,pokemon,5,2.2870044817284303e-05,False
id-604,move,41,2.281419236266007e-05,False
id-265,item,8,2.2606278962661155e-05,False
id-78,ability,7,2.2535515991387313e-05,False
id-420,move,40,2.2467152117009463e-05,False
rec-197-dup-1,move,37,2.245637443376391e-05,False
rec-118-dup-0,ability,7,2.2391623424584247e-05,False
id-505,move,44,2.2308216528187375e-05,False
id-415,move,26,2.22965809653877e-05,False
rec-791-dup-1,move,38,2.2129804341434855e-05,False
id-469,pokemon,6,2.2116060809760882e-05,False
id-267,pokemon,5,2.2078844245327816e-05,False
id-110,move,40,2.1931038594850434e-05,False
rec-17-dup-0,move,26,2.170474810737727e-05,False
rec-316-dup-1,pokemon,9,2.1593119435887255e-05,False
id-255,move,35,2.158170655296478e-05,False
id-139,ability,9,2.1453616078751812e-05,False
id-84,pokemon,5,2.1245287312743533e-05,False
id-807,move,34,2.1233912209080576e-05,False
id-10091,pokemon,7,2.11368152078482e-05,False
id-89,item,6,2.1121559631383782e-05,False
id-46,move,62,2.1096530599073975e-05,False
rec-316-dup-0,pokemon,8,2.098435814336528e-05,False
rec-209-dup-0,move,41,2.0748752627920268e-05,False
rec-326-dup-1,move,44,2.0683867002257126e-05,False
id-608,move,47,2.066019620138571e-05,False
id-297,pokemon,5,2.0593415527169325e-05,False
id-205,pokemon,4,2.0516532394344737e-05,False
id-388,move,43,2.0508080663104757e-05,False
rec-791-dup-0,move,36,2.0404229481826255e-05,False
id-589,move,41,2.0331997101993212e-05,False
id-397,pokemon,4,2.0309868964685626e-05,False
id-383,move,41,2.0263033699412285e-05,False
rec-108-dup-1,ability,8,2.0111108534262667e-05,False
id-401,move,37,2.0061167044004778e-05,False
id-425,move,42,2.0041850810103553e-05,False
rec-10-dup-0,pokemon,8,1.9776887334563945e-05,False
rec-326-dup-0,move,44,1.976501386430897e-05,False
id-10154,pokemon,7,1.9741575157610303e-05,False
rec-574-dup-0,move,38,1.9627958510271622e-05,False
id-218,item,7,1.9409904322499832e-05,False
rec-197-dup-0,move,38,1.9390709700006613e-05,False
id-278,move,24,1.9307708817802918e-05,False
id-88,move,42,1.9268406947856234e-05,False
rec-491-dup-0,move,23,1.9159825278096388e-05,False
id-198,ability,7,1.914214016953711e-05,False
rec-225-dup-0,item,5,1.91257276935189e-05,False
id-224,move,45,1.910390549967999e-05,False
rec-807-dup-1,move,36,1.8571395556319188e-05,False
id-574,move,36,1.8505434459626136e-05,False
id-791,move,35,1.8491370506307397e-05,False
rec-217-dup-1,pokemon,7,1.835519319851698e-05,False
rec-217-dup-0,pokemon,7,1.835519319851698e-05,False
rec-10-dup-1,pokemon,7,1.8287490823292924e-05,False
rec-392-dup-0,move,38,1.8275680025783887e-05,False
id-585,pokemon,5,1.8108004496876856e-05,False
id-24,pokemon,6,1.8082332939314035e-05,False
id-10159,pokemon,5,1.807658154472404e-05,False
id-199,move,32,1.7988538355696937e-05,False
id-735,pokemon,11,1.784542108361815e-05,False
id-225,item,5,1.7827993073580235e-05,False
id-212,move,42,1.76753057117076e-05,False
id-732,pokemon,8,1.7582996719279826e-05,False
rec-807-dup-0,move,34,1.7547391322239817e-05,False
id-31,move,22,1.7503667554808986e-05,False
id-217,pokemon,7,1.740775950881689e-05,False
id-187,move,35,1.7285561195439313e-05,False
id-209,move,39,1.718540673300024e-05,False
id-392,move,35,1.6983126245739174e-05,False
id-192,move,35,1.694624034854063e-05,False
id-75,move,38,1.6905808125361396e-05,False
id-118,ability,6,1.6882940278093548e-05,False
id-453,move,40,1.6806385176291044e-05,False
id-283,pokemon,3,1.659999803185219e-05,False
id-365,move,30,1.6372914665538786e-05,False
rec-101-dup-0,move,31,1.6358547485198807e-05,False
id-541,move,38,1.6310460978020317e-05,False
rec-108-dup-0,ability,8,1.6170242540908218e-05,False
rec-740-dup-1,pokemon,6,1.6147283564132763e-05,False
rec-574-dup-1,move,38,1.6001260904575486e-05,False
id-311,pokemon,4,1.5881579498322293e-05,False
id-495,move,27,1.586249060548543e-05,False
rec-656-dup-0,pokemon,4,1.5861817015918257e-05,False
id-254,item,5,1.575840434156374e-05,False
rec-656-dup-1,pokemon,3,1.5743266150374026e-05,False
rec-657-dup-0,pokemon,4,1.5743266150374026e-05,False
id-657,pokemon,3,1.5709626692787757e-05,False
rec-657-dup-1,pokemon,3,1.5709626692787757e-05,False
id-656,pokemon,3,1.5709626692787757e-05,False
id-658,pokemon,2,1.5709626692787757e-05,False
id-802,move,32,1.5655782083236377e-05,False
rec-198-dup-1,ability,7,1.564173734971939e-05,False
rec-198-dup-0,ability,7,1.5611299285093294e-05,False
id-430,pokemon,4,1.5516335061655967e-05,False
rec-235-dup-0,move,37,1.5475134961166032e-05,False
id-259,move,32,1.5088387278466725e-05,False
id-335,move,32,1.4976372963286057e-05,False
id-353,pokemon,6,1.497214525922457e-05,False
rec-249-dup-0,move,33,1.4862253406606394e-05,False
id-239,move,27,1.4817580752266031e-05,False
id-107,move,23,1.4776616079664549e-05,False
id-314,move,32,1.4429215796876647e-05,False
id-499,move,27,1.4421046462766673e-05,False
id-264,move,29,1.4404770619029146e-05,False
id-40,move,38,1.4349884417972176e-05,False
id-216,pokemon,10,1.432796948711627e-05,False
rec-740-dup-0,pokemon,5,1.4305780654253781e-05,False
id-70,pokemon,4,1.4136501228332343e-05,False
rec-70-dup-1,pokemon,3,1.3861739683960157e-05,False
rec-70-dup-0,pokemon,3,1.3861739683960157e-05,False
id-71,pokemon,2,1.3832120582071352e-05,False
id-69,pokemon,2,1.3832120582071352e-05,False
id-584,move,29,1.3707896225023429e-05,False
id-78,move,30,1.3464204218192944e-05,False
id-273,move,34,1.3387619474298746e-05,False
id-87,pokemon,6,1.337357398798424e-05,False
id-586,pokemon,4,1.3215006842070665e-05,False
rec-10093-dup-0,pokemon,6,1.2547155883247e-05,False
id-326,move,40,1.2522266804715167e-05,False
rec-10092-dup-0,pokemon,6,1.252034572110331e-05,False
rec-75-dup-0,move,43,1.2328373286391296e-05,False
rec-458-dup-0,move,28,1.232638508334533e-05,False
id-204,pokemon,3,1.2251644213997712e-05,False
rec-166-dup-0,item,5,1.2234899272913405e-05,False
id-534,move,26,1.2165688548583902e-05,False
rec-75-dup-1,pokemon,7,1.2010148479585088e-05,False
id-568,move,22,1.1906336236708693e-05,False
id-29,ability,27,1.1899608979233605e-05,False
rec-475-dup-1,move,27,1.189120234821963e-05,False
id-581,pokemon,4,1.181487364384246e-05,False
id-580,pokemon,4,1.181487364384246e-05,False
rec-523-dup-0,pokemon,6,1.1778107902919223e-05,False
rec-254-dup-1,item,5,1.168726121469583e-05,False
rec-254-dup-0,item,5,1.168726121469583e-05,False
id-235,move,34,1.167985037576188e-05,False
id-299,move,27,1.1679184699342227e-05,False
id-18,move,31,1.1586258271214603e-05,False
id-219,item,3,1.1507665248252593e-05,False
rec-296-dup-0,pokemon,5,1.1421180132257261e-05,False
rec-296-dup-1,pokemon,5,1.1421180132257261e-05,False
id-475,move,23,1.140813126608354e-05,False
id-47,move,29,1.138110557117003e-05,False
id-673,move,29,1.1380703273448277e-05,False
id-296,pokemon,6,1.124153847186952e-05,False
id-130,move,26,1.1179412378741766e-05,False
id-361,move,30,1.1165389987911279e-05,False
rec-673-dup-0,move,32,1.108600811267096e-05,False
id-523,pokemon,5,1.0967558820644959e-05,False
id-249,move,25,1.0958829897001662e-05,False
id-316,pokemon,7,1.0952886970171902e-05,False
id-535,move,27,1.0943221975440553e-05,False
id-86,pokemon,5,1.09413365173957e-05,False
id-90,move,29,1.0828620258500616e-05,False
id-479,move,40,1.0820035158000853e-05,False
id-380,move,17,1.074006818925022e-05,False
rec-673-dup-1,move,31,1.068723784000905e-05,False
id-499,pokemon,4,1.0660137820052894e-05,False
rec-495-dup-1,move,27,1.0623687877950133e-05,False
rec-332-dup-0,move,31,1.05760754054113e-05,False
rec-261-dup-1,pokemon,7,1.0503053265990256e-05,False
id-108,move,26,1.047991786461799e-05,False
id-261,pokemon,5,1.0433789692450649e-05,False
id-167,pokemon,4,1.042570486617808e-05,False
rec-108-dup-0,move,29,1.041405376330667e-05,False
id-168,pokemon,4,1.0403427719028127e-05,False
id-48,pokemon,4,1.0382643333181708e-05,False
rec-90-dup-0,move,30,1.0373323550345584e-05,False
rec-90-dup-1,move,30,1.036526011791363e-05,False
id-348,move,30,1.0338728513238316e-05,False
id-410,pokemon,4,1.0251506580826543e-05,False
id-411,pokemon,4,1.0251506580826543e-05,False
rec-75-dup-0,pokemon,6,1.0230084655206145e-05,False
id-192,pokemon,4,1.0223181729638643e-05,False
rec-495-dup-0,move,28,1.0186640740854038e-05,False
id-10093,pokemon,5,1.018585618447095e-05,False
id-198,pokemon,4,1.0164455218782082e-05,False
id-204,item,6,1.0141392064461019e-05,False
rec-192-dup-0,pokemon,4,1.0096965473139307e-05,False
id-13,pokemon,3,9.842017951082552e-06,False
rec-535-dup-1,move,28,9.65432999026717e-06,False
id-101,move,27,9.588052564112892e-06,False
rec-204-dup-0,pokemon,4,9.476975396707741e-06,False
id-648,pokemon,2,9.471002325169076e-06,False
id-10018,pokemon,2,9.471002325169076e-06,False
id-356,move,21,9.448682376869985e-06,False
rec-261-dup-0,pokemon,6,9.369235358668074e-06,False
id-488,move,26,9.363114155480617e-06,False
id-393,move,24,9.347795617742596e-06,False
id-666,pokemon,5,9.276572076848194e-06,False
id-664,pokemon,5,9.276572076848194e-06,False
id-458,move,21,9.276084554391862e-06,False
id-494,move,22,9.147638085947633e-06,False
id-663,move,31,9.123670637710005e-06,False
rec-535-dup-0,move,28,9.08350564508911e-06,False
id-151,move,25,9.049130065982908e-06,False
id-457,move,23,9.043439996615764e-06,False
rec-475-dup-0,move,27,8.995672446452404e-06,False
rec-159-dup-0,pokemon,3,8.992820806635418e-06,False
id-159,pokemon,3,8.992820806635418e-06,False
rec-158-dup-0,pokemon,4,8.992820806635418e-06,False
id-158,pokemon,3,8.992820806635418e-06,False
id-160,pokemon,2,8.992820806635418e-06,False
rec-158-dup-1,pokemon,3,8.992820806635418e-06,False
id-84,ability,23,8.96371638137866e-06,False
rec-31-dup-0,move,23,8.882295412255961e-06,False
id-665,pokemon,4,8.861689334246286e-06,False
id-235,pokemon,4,8.85984167575611e-06,False
id-611,move,13,8.662269973783407e-06,False
rec-586-dup-0,pokemon,5,8.660060028285187e-06,False
id-412,pokemon,2,8.656916604161866e-06,False
rec-676-dup-0,move,21,8.522691517900292e-06,False
id-470,move,20,8.463629886366466e-06,False
id-225,ability,3,8.370467772177175e-06,False
id-90,ability,4,8.342009373370741e-06,False
id-190,pokemon,5,8.325781291614494e-06,False
id-504,move,28,8.32043907646749e-06,False
id-332,move,30,8.320066592448391e-06,False
rec-810-dup-0,move,22,8.241644069143972e-06,False
id-504,pokemon,5,8.119453203756066e-06,False
id-10092,pokemon,5,8.07109530592957e-06,False
id-493,move,22,8.059629514803689e-06,False
rec-515-dup-0,move,18,7.994951297386205e-06,False
rec-205-dup-0,item,6,7.98617430385704e-06,False
id-497,move,26,7.942001400889148e-06,False
id-515,move,15,7.930505358929361e-06,False
id-235,item,5,7.906397796667907e-06,False
id-397,move,25,7.806186253580633e-06,False
id-390,pokemon,3,7.782268366712302e-06,False
id-391,pokemon,3,7.782268366712302e-06,False
id-322,pokemon,7,7.758828663766762e-06,False
id-388,pokemon,2,7.744133431512268e-06,False
id-389,pokemon,2,7.744133431512268e-06,False
id-387,pokemon,2,7.744133431512268e-06,False
id-205,item,6,7.691127912805446e-06,False
rec-163-dup-1,ability,4,7.652178555680607e-06,False
id-597,move,19,7.648116596603488e-06,False
rec-457-dup-1,move,22,7.549977379074118e-06,False
rec-457-dup-0,move,22,7.533844948776951e-06,False
id-740,pokemon,5,7.395484601498776e-06,False
id-138,move,24,7.377311120762768e-06,False
id-123,move,22,7.348970275302258e-06,False
rec-275-dup-0,move,31,7.3117823992810636e-06,False
id-565,move,20,7.305812820068335e-06,False
id-354,pokemon,6,7.305619519271339e-06,False
id-621,item,5,7.227962466573488e-06,False
rec-303-dup-0,item,5,7.197595890692027e-06,False
id-538,move,12,7.145787260001522e-06,False
id-491,move,19,7.108916571383707e-06,False
id-23,pokemon,5,7.077886124832703e-06,False
id-10149,pokemon,5,7.042162469686022e-06,False
rec-235-dup-0,item,5,6.996064396446648e-06,False
rec-10121-dup-0,pokemon,9,6.9331681293992065e-06,False
rec-156-dup-0,pokemon,3,6.879301068471472e-06,False
id-10150,pokemon,5,6.84575715816312e-06,False
rec-621-dup-0,item,5,6.809199261801296e-06,False
id-303,item,5,6.775242476452463e-06,False
id-275,move,27,6.7514402196361e-06,False
id-236,move,22,6.718635452791995e-06,False
rec-564-dup-1,move,13,6.677394040420683e-06,False
id-288,move,28,6.661291027431864e-06,False
rec-235-dup-0,pokemon,5,6.655939450391748e-06,False
rec-10150-dup-0,pokemon,5,6.635939557228582e-06,False
id-17,move,23,6.5651008815335555e-06,False
id-476,pokemon,7,6.552885697019051e-06,False
id-299,pokemon,7,6.538883804504053e-06,False
id-244,move,21,6.53806306350641e-06,False
id-414,pokemon,4,6.474352767518849e-06,False
rec-414-dup-1,pokemon,5,6.474352767518849e-06,False
rec-414-dup-0,pokemon,4,6.474352767518849e-06,False
rec-734-dup-0,pokemon,8,6.46785003242788e-06,False
rec-269-dup-1,pokemon,6,6.457301086757718e-06,False
id-155,pokemon,3,6.320955914132032e-06,False
id-157,pokemon,3,6.320955914132032e-06,False
id-609,move,27,6.302406694481418e-06,False
rec-564-dup-0,move,12,6.25658090885875e-06,False
id-100,pokemon,5,6.242720245565082e-06,False
id-676,move,20,6.124994591208727e-06,False
id-368,move,17,6.103509952066579e-06,False
id-209,pokemon,4,6.076520184703432e-06,False
rec-470-dup-1,move,23,6.043775896175646e-06,False
rec-62-dup-0,move,25,6.035233676523936e-06,False
rec-74-dup-0,pokemon,7,6.007830612692781e-06,False
rec-715-dup-0,move,14,6.006721877553734e-06,False
id-417,pokemon,4,5.975714912569366e-06,False
rec-368-dup-0,move,21,5.975488256437806e-06,False
id-520,move,21,5.921718700545033e-06,False
rec-122-dup-1,move,19,5.917815019170883e-06,False
rec-235-dup-1,pokemon,4,5.856940253956655e-06,False
rec-122-dup-0,move,19,5.842681373801111e-06,False
id-187,pokemon,3,5.783806278861696e-06,False
id-188,pokemon,4,5.771447718436778e-06,False
rec-188-dup-0,pokemon,4,5.771447718436778e-06,False
rec-189-dup-0,pokemon,4,5.771447718436778e-06,False
id-189,pokemon,4,5.771447718436778e-06,False
id-367,move,18,5.7085246870315816e-06,False
id-152,pokemon,4,5.65490423773104e-06,False
rec-424-dup-0,pokemon,4,5.539185528226197e-06,False
id-564,move,11,5.53464058124954e-06,False
id-10044,pokemon,2,5.4292744819810335e-06,False
id-75,pokemon,7,5.418902082677786e-06,False
rec-715-dup-1,move,13,5.409824000581671e-06,False
rec-354-dup-0,pokemon,5,5.393113006480757e-06,False
rec-354-dup-1,pokemon,5,5.393113006480757e-06,False
rec-10121-dup-1,pokemon,7,5.372079705888323e-06,False
id-32,move,22,5.358596540750137e-06,False
id-715,move,14,5.336931197018997e-06,False
rec-209-dup-0,pokemon,5,5.331690797444517e-06,False
id-471,move,30,5.252046728996368e-06,False
rec-510-dup-0,move,19,5.238860245570197e-06,False
rec-195-dup-0,move,20,5.228941192439186e-06,False
rec-297-dup-1,move,21,5.219710312324282e-06,False
rec-162-dup-0,item,6,5.212843305916027e-06,False
id-451,move,19,5.190731159386778e-06,False
id-162,item,5,5.174028944223972e-06,False
rec-152-dup-0,pokemon,4,5.1694703161105544e-06,False
id-122,move,19,5.1356166463048286e-06,False
id-195,move,17,5.095540016267695e-06,False
rec-164-dup-0,item,5,5.0950880855143875e-06,False
rec-10084-dup-0,pokemon,5,5.094692275148035e-06,False
rec-470-dup-0,move,21,5.081374135335365e-06,False
rec-734-dup-1,pokemon,8,5.026484226888958e-06,False
id-269,pokemon,5,5.00865214267203e-06,False
rec-62-dup-1,move,26,4.95264204195409e-06,False
rec-31-dup-1,move,21,4.935161097190013e-06,False
id-164,item,5,4.923678359387149e-06,False
id-329,move,22,4.911220112652581e-06,False
rec-69-dup-0,move,16,4.903546635392927e-06,False
id-170,move,19,4.897722820288678e-06,False
id-15,pokemon,3,4.823935226641607e-06,False
id-810,move,18,4.809028058414581e-06,False
rec-244-dup-0,move,24,4.808740045355701e-06,False
id-374,pokemon,13,4.798300845432189e-06,False
rec-10149-dup-0,pokemon,5,4.752736601582064e-06,False
rec-163-dup-0,ability,3,4.721059172914499e-06,False
id-342,move,19,4.70672623714665e-06,False
id-88,pokemon,8,4.6924980908679166e-06,False
id-200,pokemon,3,4.684694805971613e-06,False
rec-544-dup-0,move,6,4.67377907130185e-06,False
rec-297-dup-0,move,20,4.656141180436042e-06,False
id-501,pokemon,3,4.629281063327182e-06,False
id-502,pokemon,2,4.629281063327182e-06,False
id-503,pokemon,2,4.629281063327182e-06,False
rec-501-dup-0,pokemon,3,4.629281063327182e-06,False
id-38,ability,23,4.61459277835039e-06,False
id-28,ability,26,4.595771335761523e-06,False
rec-90-dup-0,ability,4,4.582014159974273e-06,False
id-65,move,13,4.554425183255626e-06,False
id-163,ability,4,4.527545466161464e-06,False
rec-269-dup-0,pokemon,5,4.491509412988836e-06,False
id-172,move,20,4.477386995065787e-06,False
id-510,move,18,4.46391484312058e-06,False
id-11,move,12,4.4635742562789946e-06,False
id-46,pokemon,9,4.443952613955031e-06,False
id-47,pokemon,9,4.443952613955031e-06,False
id-573,move,22,4.439820723562136e-06,False
rec-538-dup-1,move,15,4.3872362341818995e-06,False
id-22,pokemon,4,4.362584290568338e-06,False
id-103,ability,19,4.3464043165437575e-06,False
id-392,pokemon,3,4.31315477957955e-06,False
id-336,move,26,4.265557154755783e-06,False
id-63,ability,4,4.265321578605984e-06,False
id-199,ability,3,4.244875365649143e-06,False
rec-329-dup-0,move,27,4.241395072838977e-06,False
id-136,move,18,4.2232989985581336e-06,False
id-162,move,19,4.198503076444075e-06,False
id-62,move,24,4.1854312725549825e-06,False
rec-10084-dup-1,pokemon,4,4.1737683060485364e-06,False
id-489,move,16,4.144632435470064e-06,False
id-160,ability,4,4.116931286951376e-06,False
id-519,move,19,4.103006429010986e-06,False
id-267,move,22,4.0663724446544136e-06,False
id-297,move,19,4.0574431422703385e-06,False
rec-331-dup-0,pokemon,6,4.043013213899113e-06,False
id-172,ability,16,4.029533573208128e-06,False
id-306,move,20,4.013628907769798e-06,False
rec-573-dup-0,move,27,4.012027389687362e-06,False
id-375,move,22,3.994146068174691e-06,False
rec-277-dup-0,move,15,3.9926914012931805e-06,False
rec-332-dup-0,pokemon,6,3.9886595270667935e-06,False
rec-223-dup-0,move,19,3.980062850655414e-06,False
rec-575-dup-0,move,13,3.910420382276339e-06,False
id-331,pokemon,6,3.892304391125511e-06,False
id-16,pokemon,6,3.877285831727778e-06,False
rec-21-dup-0,pokemon,4,3.857440057476177e-06,False
rec-101-dup-0,pokemon,5,3.836218878691333e-06,False
rec-65-dup-0,move,16,3.802209225287445e-06,False
rec-223-dup-1,move,18,3.792670543204719e-06,False
id-74,pokemon,5,3.7758824238230103e-06,False
rec-392-dup-0,pokemon,3,3.735446652611115e-06,False
id-351,move,28,3.718001313898331e-06,False
id-332,pokemon,5,3.7020664872123937e-06,False
id-10004,pokemon,3,3.7008064314626222e-06,False
rec-11-dup-1,move,14,3.696609029628894e-06,False
id-10005,pokemon,4,3.6928987254124883e-06,False
id-413,pokemon,3,3.6928987254124883e-06,False
rec-10005-dup-0,pokemon,4,3.6928987254124883e-06,False
id-10146,pokemon,5,3.6851209240649507e-06,False
id-10006,pokemon,3,3.674889567033233e-06,False
rec-505-dup-0,pokemon,4,3.662714557270156e-06,False
rec-210-dup-0,pokemon,5,3.645349245338271e-06,False
id-681,move,11,3.6166774576009473e-06,False
id-612,move,13,3.6154908549332923e-06,False
id-69,move,14,3.5868517632996315e-06,False
id-81,ability,15,3.571840710326399e-06,False
id-238,move,23,3.520956086326685e-06,False
rec-81-dup-1,move,13,3.5127762475870806e-06,False
id-81,move,12,3.379418172140054e-06,False
rec-336-dup-1,move,26,3.359781061995768e-06,False
id-10056,pokemon,3,3.325167114763351e-06,False
id-30,move,20,3.297155233720375e-06,False
id-670,move,23,3.2818185092254312e-06,False
rec-336-dup-0,move,26,3.2746195783696685e-06,False
id-11,pokemon,4,3.26616709463687e-06,False
id-498,pokemon,3,3.2540652268431643e-06,False
rec-452-dup-1,move,18,3.196915774935114e-06,False
rec-303-dup-0,move,12,3.184755001581014e-06,False
id-511,move,9,3.1785223733744105e-06,False
id-102,move,16,3.1744318543396693e-06,False
rec-212-dup-0,ability,5,3.1639318618212105e-06,False
id-357,pokemon,4,3.156120653366669e-06,False
id-305,move,16,3.152997142126462e-06,False
rec-96-dup-0,pokemon,5,3.1279643151977104e-06,False
rec-97-dup-0,pokemon,5,3.1279643151977104e-06,False
id-452,move,15,3.1065193193078564e-06,False
id-223,move,19,3.054448255926901e-06,False
id-393,pokemon,3,3.0427254258044953e-06,False
id-395,pokemon,3,3.0427254258044953e-06,False
id-394,pokemon,3,3.0427254258044953e-06,False
id-272,move,20,3.0406681205097045e-06,False
rec-612-dup-0,move,14,3.03769107554862e-06,False
id-156,pokemon,3,3.0245902388829046e-06,False
id-497,pokemon,4,3.018701536513362e-06,False
id-495,pokemon,4,3.012251319555e-06,False
id-496,pokemon,4,3.012251319555e-06,False
rec-212-dup-1,ability,4,3.011741538690715e-06,False
id-556,move,17,2.986348839484952e-06,False
id-10129,pokemon,8,2.978022989326501e-06,False
rec-681-dup-0,move,13,2.9558038205011204e-06,False
id-101,pokemon,4,2.938038258860099e-06,False
rec-298-dup-0,move,16,2.9349963007236948e-06,False
id-517,move,15,2.9213370971716212e-06,False
rec-65-dup-1,move,13,2.91737858512854e-06,False
id-212,ability,4,2.8877471168131916e-06,False
id-21,pokemon,4,2.8602603449422285e-06,False
id-505,pokemon,4,2.8131050954963623e-06,False
rec-530-dup-0,move,12,2.787408817600654e-06,False
id-694,move,18,2.779785382095458e-06,False
id-137,move,15,2.740934753546835e-06,False
rec-518-dup-0,move,16,2.668030388188104e-06,False
id-234,move,14,2.5615097059741157e-06,False
rec-217-dup-0,move,13,2.5585283955046588e-06,False
id-594,pokemon,5,2.544003745320024e-06,False
id-508,move,12,2.5437132370572323e-06,False
rec-498-dup-0,pokemon,3,2.5271456682503317e-06,False
id-277,move,13,2.4853781647680407e-06,False
rec-452-dup-0,move,17,2.481414860574298e-06,False
id-79,move,24,2.477338669214525e-06,False
id-10121,pokemon,5,2.471533197534826e-06,False
id-734,pokemon,5,2.4575824179145305e-06,False
id-139,move,17,2.435818088052069e-06,False
id-212,item,15,2.433751858896691e-06,False
id-233,move,16,2.4253071858813547e-06,False
id-823,move,2,2.41547784282827e-06,False
id-210,pokemon,4,2.3752950389216264e-06,False
rec-18-dup-1,pokemon,6,2.3424567748387563e-06,False
rec-217-dup-1,move,13,2.318811248787014e-06,False
id-80,move,16,2.2532465426212126e-06,False
rec-538-dup-0,move,12,2.2242747395530096e-06,False
id-98,ability,16,2.188753573897943e-06,False
id-217,move,12,2.1738756087151593e-06,False
rec-332-dup-1,pokemon,6,2.1470513720462734e-06,False
rec-517-dup-0,move,16,2.144768979108393e-06,False
id-586,move,10,2.122756678410781e-06,False
rec-331-dup-1,pokemon,5,2.1209616023667597e-06,False
rec-77-dup-0,move,18,2.115819018430318e-06,False
id-77,move,18,2.112479700047296e-06,False
id-518,move,14,2.097259113257532e-06,False
id-509,move,16,2.096979766523583e-06,False
id-10071,pokemon,2,2.0956356573512777e-06,False
rec-12-dup-0,move,15,2.084595915998906e-06,False
rec-517-dup-1,move,17,2.0785206345903123e-06,False
id-165,item,4,2.07832225726118e-06,False
id-40,ability,3,2.0762281921946625e-06,False
id-124,move,13,2.0654581572703332e-06,False
rec-11-dup-0,move,14,2.0543758041997474e-06,False
rec-556-dup-0,move,19,2.049029882616474e-06,False
id-12,move,14,2.0024891307137058e-06,False
id-10072,pokemon,2,1.989823706374439e-06,False
id-298,move,14,1.984177206384069e-06,False
rec-77-dup-1,move,17,1.9766609317718e-06,False
id-146,ability,14,1.973518943831842e-06,False
rec-483-dup-0,move,10,1.920313649559686e-06,False
id-575,move,10,1.9003380473982472e-06,False
id-96,pokemon,4,1.8709888041267185e-06,False
id-97,pokemon,4,1.8709888041267185e-06,False
id-660,move,10,1.809200258834127e-06,False
rec-70-dup-0,move,15,1.7885890075086515e-06,False
id-70,move,12,1.7794748896014437e-06,False
id-572,move,13,1.7653421342489335e-06,False
rec-234-dup-0,move,15,1.7618708845169273e-06,False
rec-66-dup-0,move,10,1.7574754154941975e-06,False
id-154,pokemon,2,1.7352890221771249e-06,False
id-153,pokemon,2,1.7352890221771249e-06,False
rec-17-dup-0,pokemon,5,1.7321875072166859e-06,False
rec-10128-dup-0,pokemon,5,1.7231799609461028e-06,False
id-500,pokemon,4,1.722964320542739e-06,False
rec-418-dup-0,move,11,1.716248370754778e-06,False
id-17,pokemon,4,1.7002133020556679e-06,False
id-245,move,13,1.6960926195753469e-06,False
rec-367-dup-1,pokemon,4,1.6686696530029501e-06,False
rec-367-dup-0,pokemon,5,1.6686696530029501e-06,False
id-367,pokemon,4,1.6686696530029501e-06,False
id-312,pokemon,4,1.6572449347669692e-06,False
rec-312-dup-0,pokemon,4,1.6572449347669692e-06,False
id-18,pokemon,4,1.6393371728034701e-06,False
rec-138-dup-0,ability,4,1.6320706022679846e-06,False
id-10144,pokemon,4,1.6073001329733547e-06,False
id-483,move,9,1.5960446919668183e-06,False
rec-556-dup-1,move,17,1.5834079108768918e-06,False
rec-190-dup-0,item,4,1.5785564883846168e-06,False
id-190,item,5,1.5785564883846168e-06,False
rec-190-dup-1,item,4,1.5785564883846168e-06,False
id-211,item,3,1.5710486301564983e-06,False
id-492,pokemon,4,1.5685820593384269e-06,False
id-418,move,10,1.5593036748637373e-06,False
id-399,pokemon,4,1.5262881026540616e-06,False
id-10084,pokemon,5,1.4765630932131015e-06,False
id-4,ability,18,1.4527046922058495e-06,False
rec-530-dup-1,move,12,1.4210529290607057e-06,False
rec-81-dup-0,ability,17,1.4040219546623087e-06,False
rec-81-dup-1,ability,18,1.4040219546623087e-06,False
rec-152-dup-0,move,7,1.396513273557384e-06,False
id-10081,pokemon,6,1.3960064927667826e-06,False
id-10085,pokemon,6,1.3960064927667826e-06,False
id-10080,pokemon,6,1.3960064927667826e-06,False
id-10082,pokemon,6,1.3960064927667826e-06,False
id-602,move,8,1.394646964557228e-06,False
id-22,move,13,1.3549713372365204e-06,False
rec-10083-dup-0,pokemon,5,1.3220725563306387e-06,False
id-533,move,17,1.3181683390047522e-06,False
id-524,move,11,1.3064144578822174e-06,False
id-303,move,10,1.304257259408756e-06,False
id-13,ability,11,1.246573754861859e-06,False
rec-17-dup-1,pokemon,5,1.2390769321426752e-06,False
rec-18-dup-0,pokemon,5,1.2390769321426752e-06,False
id-214,item,12,1.2365664386706103e-06,False
id-10065,pokemon,3,1.2313580689649064e-06,False
rec-124-dup-0,ability,12,1.2230679312861673e-06,False
id-651,pokemon,2,1.2225798735861609e-06,False
id-652,pokemon,2,1.2225798735861609e-06,False
id-650,pokemon,2,1.2225798735861609e-06,False
id-436,move,11,1.2190370130452926e-06,False
id-668,move,12,1.2008312394948849e-06,False
id-134,ability,11,1.141142105238136e-06,False
id-124,ability,11,1.1231842930018533e-06,False
id-246,item,12,1.113067570963398e-06,False
id-801,move,2,1.103379842696082e-06,False
rec-682-dup-0,move,8,1.1007186414522574e-06,False
id-513,move,10,1.0933632775290602e-06,False
id-424,pokemon,4,1.0860703314468803e-06,False
id-325,move,9,1.0742046505248408e-06,False
id-545,move,3,1.0653322619134584e-06,False
id-178,move,14,1.035022775735706e-06,False
id-409,pokemon,4,9.764203351574268e-07,False
rec-2-dup-0,ability,6,9.694634467777873e-07,False
id-10083,pokemon,4,9.635704613814736e-07,False
id-10053,pokemon,2,9.486742692662391e-07,False
id-10128,pokemon,4,9.47651276042152e-07,False
id-898,item,2,9.450406441618446e-07,False
id-578,move,13,9.433845334988556e-07,False
id-66,move,9,9.37545811436695e-07,False
id-476,move,8,9.331268393057187e-07,False
rec-5-dup-1,item,2,9.131419387829644e-07,True
id-1274,item,2,9.131419387829644e-07,True
id-206,ability,4,9.131419387829644e-07,False
id-379,move,10,8.887755582309661e-07,False
id-654,pokemon,3,8.877964769002645e-07,False
id-655,pokemon,3,8.877964769002645e-07,False
id-530,move,11,8.844106529638072e-07,False
rec-245-dup-1,move,12,8.525542665942951e-07,False
rec-245-dup-0,move,12,8.525542665942951e-07,False
rec-596-dup-0,move,4,8.39174647747816e-07,False
rec-253-dup-0,ability,3,8.370467772177173e-07,False
rec-801-dup-0,move,2,8.370467772177173e-07,False
rec-10070-dup-1,pokemon,3,8.345049526094803e-07,False
id-408,pokemon,2,8.25994958519496e-07,False
rec-409-dup-0,pokemon,3,8.25994958519496e-07,False
rec-409-dup-1,pokemon,3,8.24230012026933e-07,False
id-266,move,9,8.15196062266458e-07,False
rec-63-dup-0,ability,6,8.126658157279184e-07,False
rec-744-dup-0,move,5,8.052356147567428e-07,False
id-536,move,5,7.88834719284581e-07,False
id-208,item,6,7.815722161161862e-07,False
id-88,ability,8,7.657444948477544e-07,False
id-309,move,7,7.620248866697854e-07,False
rec-44-dup-0,item,2,7.609516156524703e-07,False
id-653,pokemon,3,7.307373814054751e-07,False
id-253,ability,2,7.229040348698467e-07,False
id-135,ability,7,7.220008936505284e-07,False
id-410,move,8,6.983937081103454e-07,False
id-674,move,6,6.982556208423805e-07,False
rec-790-dup-0,move,3,6.848564540872233e-07,False
rec-230-dup-0,ability,2,6.848564540872232e-07,False
id-624,item,7,6.792865748535358e-07,False
id-679,move,8,6.695086527286028e-07,False
id-234,ability,4,6.552638912562938e-07,False
rec-236-dup-0,item,2,6.468088733045997e-07,False
id-10069,pokemon,6,6.340369185771176e-07,False
id-323,move,10,6.198303467287815e-07,False
rec-239-dup-0,ability,3,6.095022653249523e-07,False
rec-186-dup-0,ability,3,6.087612925219762e-07,False
id-661,move,3,6.087612925219762e-07,False
rec-240-dup-0,ability,3,6.087612925219762e-07,False
rec-10070-dup-0,pokemon,4,6.00159676941522e-07,False
id-10070,pokemon,3,5.996179860187616e-07,False
id-202,ability,8,5.809967220441586e-07,False
id-785,move,8,5.573041387428452e-07,False
rec-10065-dup-0,pokemon,2,5.543239846329919e-07,False
rec-10065-dup-1,pokemon,2,5.543239846329919e-07,False
rec-667-dup-0,pokemon,5,5.365828259051943e-07,False
id-240,ability,2,5.326661309567292e-07,False
id-682,move,8,5.253230172952027e-07,False
id-218,ability,8,5.054180022260407e-07,False
id-167,ability,10,4.920819165351317e-07,False
id-224,ability,12,4.848882115396224e-07,False
id-588,item,11,4.800009338619187e-07,False
rec-588-dup-0,item,11,4.7656222786496517e-07,False
rec-224-dup-0,ability,13,4.753156954222798e-07,False
rec-224-dup-1,ability,12,4.753156954222798e-07,False
id-664,move,3,4.7496825581594715e-07,False
id-544,move,4,4.7325564614401103e-07,False
rec-228-dup-0,ability,4,4.665175937306031e-07,False
rec-10056-dup-0,pokemon,3,4.589726964207872e-07,False
rec-1407-dup-0,item,2,4.5754863742015777e-07,True
id-1616,item,2,4.5754863742015777e-07,True
id-440,item,2,4.5754863742015777e-07,True
id-530,item,2,4.5754863742015777e-07,True
id-1334,item,2,4.5754863742015777e-07,True
rec-531-dup-0,move,2,4.565709693914822e-07,True
rec-1237-dup-0,item,2,4.565709693914822e-07,True
rec-1353-dup-0,item,2,4.565709693914822e-07,True
rec-1597-dup-1,item,2,4.565709693914822e-07,True
rec-1134-dup-1,item,2,4.565709693914822e-07,True
id-1180,item,2,4.565709693914822e-07,True
rec-1320-dup-0,item,2,4.565709693914822e-07,True
rec-380-dup-1,item,2,4.565709693914822e-07,True
rec-1137-dup-0,item,2,4.565709693914822e-07,True
rec-285-dup-1,item,2,4.565709693914822e-07,True
rec-731-dup-1,item,2,4.565709693914822e-07,True
id-148,item,2,4.565709693914822e-07,True
rec-151-dup-1,item,2,4.565709693914822e-07,True
rec-660-dup-1,item,2,4.565709693914822e-07,True
id-950,item,2,4.565709693914822e-07,True
id-310,item,2,4.565709693914822e-07,True
rec-1258-dup-1,item,2,4.565709693914822e-07,True
rec-570-dup-1,item,2,4.565709693914822e-07,True
id-341,item,2,4.565709693914822e-07,True
id-1303,item,2,4.565709693914822e-07,True
id-1494,item,2,4.565709693914822e-07,True
id-878,item,2,4.565709693914822e-07,True
rec-1318-dup-0,item,2,4.565709693914822e-07,True
id-1530,item,2,4.565709693914822e-07,True
rec-1511-dup-0,item,2,4.565709693914822e-07,True
rec-10014-dup-1,move,2,4.565709693914822e-07,True
rec-746-dup-1,item,2,4.565709693914822e-07,True
rec-1079-dup-1,item,2,4.565709693914822e-07,True
id-816,item,2,4.565709693914822e-07,True
id-1547,item,2,4.565709693914822e-07,True
rec-1374-dup-0,item,2,4.565709693914822e-07,True
id-1551,item,2,4.565709693914822e-07,True
rec-1395-dup-1,item,2,4.565709693914822e-07,True
id-727,item,2,4.565709693914822e-07,True
id-210,ability,2,4.565709693914822e-07,True
rec-185-dup-1,move,2,4.565709693914822e-07,True
id-546,item,2,4.565709693914822e-07,True
id-386,move,2,4.565709693914822e-07,True
rec-543-dup-0,item,2,4.565709693914822e-07,True
rec-1185-dup-1,item,2,4.565709693914822e-07,True
rec-10076-dup-0,pokemon,4,4.370011424933659e-07,False
rec-10076-dup-1,pokemon,3,4.370011424933659e-07,False
id-10076,pokemon,3,4.370011424933659e-07,False
rec-536-dup-0,move,5,4.323054709831759e-07,False
id-667,pokemon,4,4.2334466617736067e-07,False
id-668,pokemon,3,4.2244008355732354e-07,False
rec-667-dup-1,pokemon,4,4.2244008355732354e-07,False
id-307,move,5,3.9930652927035746e-07,False
id-395,move,9,3.890579436604376e-07,False
id-198,move,7,3.837426442006973e-07,False
rec-545-dup-1,move,2,3.804758078262351e-07,False
id-223,ability,5,3.804758078262351e-07,False
id-368,pokemon,3,3.7894322552813444e-07,False
id-10158,pokemon,5,3.775798089059868e-07,False
id-176,item,8,3.6385109108390174e-07,False
id-183,move,5,3.5204625821281365e-07,False
id-532,move,7,3.503804644141909e-07,False
id-744,move,3,3.441842692335789e-07,False
id-790,move,2,3.4242822704361167e-07,False
rec-225-dup-0,ability,3,3.34818710887087e-07,False
rec-176-dup-0,move,5,3.177347086828917e-07,False
rec-73-dup-0,ability,5,3.149224029006731e-07,False
id-2,ability,4,3.027367672065514e-07,False
id-21,ability,5,3.0130674981316243e-07,False
id-10153,pokemon,5,2.964940024664245e-07,False
rec-615-dup-0,move,6,2.90123695451219e-07,False
id-81,item,7,2.826441490055844e-07,False
id-176,move,4,2.667950206134459e-07,False
id-236,item,2,2.663330654783646e-07,False
id-230,ability,2,2.663330654783646e-07,False
id-44,item,2,2.663330654783646e-07,False
id-567,move,14,2.6260437622483264e-07,False
id-71,ability,7,2.6137346722189616e-07,False
id-165,ability,5,2.5563367110327623e-07,False
rec-659-dup-0,move,4,2.4301052537908155e-07,False
id-154,ability,12,2.416368399320666e-07,False
id-73,ability,5,2.413795823479728e-07,False
id-166,item,3,2.3565667316260545e-07,False
id-783,move,3,2.3530965345561004e-07,False
id-228,ability,3,2.3327577837499477e-07,False
rec-299-dup-0,item,4,2.3133903368805015e-07,False
id-439,move,6,2.2936307777663456e-07,False
rec-304-dup-0,item,3,2.2877431871007889e-07,False
rec-10044-dup-1,pokemon,3,2.2877431871007889e-07,False
rec-185-dup-0,ability,3,2.282854846957411e-07,False
id-231,ability,3,2.282854846957411e-07,False
rec-16-dup-0,ability,2,2.282854846957411e-07,False
rec-545-dup-0,move,2,2.282854846957411e-07,False
rec-584-dup-0,item,3,2.282854846957411e-07,False
rec-10038-dup-0,pokemon,3,2.282854846957411e-07,False
id-10087,pokemon,3,2.282854846957411e-07,False
id-121,ability,3,2.282854846957411e-07,False
id-169,item,3,2.282854846957411e-07,False
id-584,item,2,2.282854846957411e-07,False
id-179,ability,3,2.282854846957411e-07,False
rec-10059-dup-0,pokemon,2,2.282854846957411e-07,False
rec-93-dup-1,item,3,2.282854846957411e-07,False
id-493,pokemon,3,2.282854846957411e-07,False
rec-661-dup-1,move,2,2.282854846957411e-07,False
rec-661-dup-0,move,2,2.282854846957411e-07,False
id-10039,pokemon,3,2.282854846957411e-07,False
id-247,ability,3,2.2596505800517074e-07,False
rec-263-dup-0,item,8,2.1606937256564238e-07,False
rec-616-dup-0,move,6,2.1402853388597197e-07,False
rec-616-dup-1,move,6,2.1402853388597197e-07,False
rec-664-dup-0,move,4,2.1381643164575133e-07,False
id-245,item,3,2.0976603376331755e-07,False
id-179,pokemon,4,1.9513898586771565e-07,False
rec-229-dup-0,ability,7,1.949196417890795e-07,False
id-181,pokemon,4,1.9472202222269916e-07,False
id-180,pokemon,4,1.9472202222269916e-07,False
id-226,item,5,1.934162730511902e-07,False
id-177,item,6,1.8765791679729714e-07,False
id-596,move,3,1.8726648204117123e-07,False
id-229,ability,5,1.8665563129103574e-07,False
id-24,ability,8,1.8310856022626666e-07,False
rec-823-dup-0,move,3,1.8301945496806311e-07,False
id-152,move,7,1.7072861024182434e-07,False
id-789,pokemon,4,1.6951118151858092e-07,False
id-480,move,4,1.6910375008323663e-07,False
id-689,item,5,1.6683861266730955e-07,False
id-90,item,7,1.645245251489606e-07,False
id-338,move,5,1.5883496350180035e-07,False
rec-338-dup-0,move,5,1.5883496350180035e-07,False
rec-338-dup-1,move,6,1.5883496350180035e-07,False
id-284,move,5,1.5507583316827763e-07,False
rec-106-dup-0,item,4,1.5300100269936436e-07,False
id-106,item,3,1.5285050150158055e-07,False
id-168,item,3,1.5253189032430925e-07,False
id-201,ability,3,1.5202565140763613e-07,False
id-716,move,3,1.428772149215841e-07,False
rec-234-dup-0,ability,4,1.369712908174447e-07,False
id-138,ability,3,1.3689394658783366e-07,False
rec-307-dup-0,move,6,1.2679744425396365e-07,False
id-167,item,3,1.2626238178904349e-07,False
id-190,move,4,1.2462642312631722e-07,False
id-582,move,3,1.179973579608266e-07,False
id-215,move,3,1.1748234599847802e-07,False
rec-624-dup-0,item,6,1.1466796128188927e-07,False
rec-624-dup-1,item,6,1.1466796128188927e-07,False
id-10059,pokemon,2,1.1414274234787055e-07,False
id-186,ability,2,1.1414274234787055e-07,False
id-263,item,7,1.139443987969118e-07,False
rec-654-dup-0,pokemon,3,1.092739699835751e-07,False
rec-655-dup-0,pokemon,3,1.092739699835751e-07,False
id-256,ability,5,1.0863018723782966e-07,False
rec-161-dup-1,ability,6,1.0631898762309949e-07,False
id-539,move,3,1.0358461502240478e-07,False
id-160,move,5,1.0277566020133203e-07,False
id-687,move,7,1.0054459949748702e-07,False
id-614,move,7,1.0054459949748702e-07,False
id-10037,pokemon,5,9.801506759859224e-08,False
id-579,move,3,9.775008953750702e-08,False
rec-225-dup-1,ability,2,9.150972748403156e-08,False
id-717,move,6,9.14027253530211e-08,False
rec-234-dup-1,ability,3,9.131419387829645e-08,False
id-680,move,4,8.777404966351854e-08,False
id-10140,pokemon,2,7.609516156524703e-08,False
id-10137,pokemon,2,7.609516156524703e-08,False
id-10142,pokemon,2,7.609516156524703e-08,False
id-10141,pokemon,2,7.609516156524703e-08,False
id-147,move,5,7.207764007122949e-08,False
id-221,move,4,7.107361581294892e-08,False
rec-570-dup-0,move,4,6.99951701209507e-08,False
rec-570-dup-1,move,4,6.99951701209507e-08,False
id-570,move,5,6.99951701209507e-08,False
id-10090,pokemon,3,6.92791923255117e-08,False
id-256,item,4,6.882176261937932e-08,False
id-576,move,4,6.730561418249056e-08,False
rec-576-dup-0,move,4,6.71617987675707e-08,False
id-15,move,3,6.631234356193044e-08,False
id-226,ability,3,6.11734817501312e-08,False
id-558,move,5,6.06855874436489e-08,False
rec-229-dup-1,ability,6,5.770547989645352e-08,False
id-208,ability,4,5.646138195759117e-08,False
id-746,move,4,5.4788687254329085e-08,False
id-183,ability,5,4.92310404793816e-08,False
id-300,item,4,4.904829809577071e-08,False
id-207,item,6,4.707959495642904e-08,False
id-795,move,6,4.4808793321963706e-08,False
id-155,move,4,4.425924893618452e-08,False
id-308,move,5,4.404959206391106e-08,False
id-10057,pokemon,2,4.3954379656597014e-08,False
id-110,item,3,4.250283350649257e-08,False
id-612,item,4,4.1998996451237476e-08,False
id-192,ability,4,3.8112271641725225e-08,False
id-786,move,3,3.758859538132118e-08,False
id-244,ability,3,3.758859538132118e-08,False
rec-500-dup-1,pokemon,3,3.503668774768962e-08,False
rec-500-dup-0,pokemon,3,3.503668774768962e-08,False
rec-245-dup-0,item,4,3.465849102461976e-08,False
id-85,ability,5,3.0570387795824885e-08,False
rec-177-dup-0,ability,4,2.45340609495838e-08,False
id-177,ability,4,2.45340609495838e-08,False
id-616,move,7,2.073409261702548e-08,False
id-615,move,6,2.073409261702548e-08,False
id-233,item,3,2.069940234236815e-08,False
rec-233-dup-1,item,3,2.069940234236815e-08,False
rec-233-dup-0,item,4,2.069940234236815e-08,False
id-590,move,4,2.0343123784556563e-08,False
id-248,item,4,1.848739193728909e-08,False
id-257,ability,3,1.8002905158036785e-08,False
id-671,pokemon,2,1.7031373313015343e-08,False
id-670,pokemon,2,1.7031373313015343e-08,False
id-669,pokemon,3,1.7031373313015343e-08,False
rec-669-dup-0,pokemon,3,1.7031373313015343e-08,False
id-10061,pokemon,2,1.7031373313015343e-08,False
id-236,ability,3,1.5323015018544747e-08,False
rec-161-dup-0,ability,5,1.5036923924128096e-08,False
id-195,ability,4,1.5008803703621414e-08,False
id-161,ability,5,1.5004793744803033e-08,False
id-211,ability,4,1.4759633465166379e-08,False
id-901,item,4,1.4593810673271158e-08,False
rec-901-dup-0,item,4,1.4593810673271158e-08,False
id-228,item,4,1.3998274596838566e-08,False
id-251,ability,3,1.3788093026537166e-08,False
id-258,ability,3,1.3194046724618717e-08,False
id-718,move,3,1.123541066469987e-08,False
id-571,move,3,1.0663231242123438e-08,False
rec-221-dup-0,ability,3,1.0629323442068288e-08,False
id-221,ability,3,1.0629323442068288e-08,False
rec-221-dup-1,ability,4,1.0629323442068288e-08,False
id-10060,pokemon,4,1.0079542000274572e-08,False
id-793,move,3,9.605499544354273e-09,False
id-755,move,4,8.91624245568575e-09,False
rec-755-dup-0,move,3,8.467876480782176e-09,False
rec-755-dup-1,move,3,8.467876480782176e-09,False
id-173,item,5,7.832609484978166e-09,False
id-709,move,2,7.053112009837048e-09,False
id-227,ability,4,6.691518209920969e-09,False
rec-227-dup-0,ability,4,6.677220094087805e-09,False
id-235,ability,3,6.522442419878317e-09,False
rec-783-dup-1,move,4,6.183089694866997e-09,False
rec-783-dup-0,move,3,6.16987796474976e-09,False
id-136,ability,2,6.0080356838798196e-09,False
id-167,move,3,5.83171431707902e-09,False
rec-167-dup-0,move,3,5.819253389051074e-09,False
id-754,move,3,5.362506017097816e-09,False
id-467,move,6,4.7894647068844745e-09,False
id-174,item,4,4.148510898443275e-09,False
id-238,ability,3,3.851237741391733e-09,False
id-217,item,6,3.077004207754812e-09,False
id-299,item,4,2.9554701130795225e-09,False
rec-243-dup-1,ability,4,2.667532604798859e-09,False
rec-243-dup-0,ability,4,2.667532604798859e-09,False
id-243,ability,5,2.5110300001446286e-09,False
id-292,move,3,2.069708750229279e-09,False
rec-211-dup-0,item,3,1.6370635274454216e-09,False
id-152,ability,6,1.3777288821479746e-09,False
id-273,item,2,1.3295209992025955e-09,False
id-747,move,4,1.1149344942228753e-09,False
rec-106-dup-1,item,3,8.106795688703015e-10,False
rec-129-dup-0,ability,3,7.933819678066221e-10,False
id-129,ability,3,7.933819678066221e-10,False
id-239,ability,3,7.251083733014329e-10,False
id-164,ability,2,7.052381224950301e-10,False
id-559,move,2,7.052381224950301e-10,False
id-245,ability,2,3.7158937605893776e-10,False
id-149,ability,2,3.7136417512520437e-10,False
id-254,ability,2,3.173240901961069e-10,False
id-74,item,2,3.057379625155809e-10,False
id-246,ability,2,2.693550612376121e-10,False
rec-168-dup-0,item,3,2.6452547473434657e-10,False
id-659,move,3,2.5169292689717874e-10,False
id-551,move,3,2.362614280445195e-10,False
id-203,ability,4,2.222118348950729e-10,False
id-17,item,2,1.388879444508666e-10,False
id-260,ability,2,1.3170949643487157e-10,False
id-204,ability,4,1.1901806996917685e-10,False
id-540,move,3,9.535734531985843e-11,False
rec-134-dup-0,move,3,6.18157283227027e-11,False
id-134,move,3,5.598663021354778e-11,False
rec-629-dup-1,item,1,0.0,False
id-629,item,2,0.0,True
rec-629-dup-0,item,1,0.0,False
rec-835-dup-0,item,1,0.0,False
rec-954-dup-0,item,1,0.0,False
id-1573,item,1,0.0,False
id-954,item,1,0.0,False
rec-775-dup-0,item,1,0.0,False
rec-1414-dup-0,item,1,0.0,False
rec-1573-dup-0,item,1,0.0,False
id-1414,item,1,0.0,False
id-973,item,2,0.0,True
id-35,item,1,0.0,False
rec-35-dup-0,item,1,0.0,False
rec-1439-dup-0,item,1,0.0,False
id-1439,item,2,0.0,True
id-835,item,1,0.0,False
rec-1439-dup-1,item,1,0.0,False
id-386,item,1,0.0,False
rec-973-dup-0,item,1,0.0,False
id-1287,item,1,0.0,False
rec-973-dup-1,item,1,0.0,False
rec-1287-dup-0,item,1,0.0,False
id-1397,item,1,0.0,False
id-885,item,2,0.0,True
rec-1306-dup-0,item,1,0.0,False
rec-885-dup-1,item,1,0.0,False
id-1306,item,1,0.0,False
rec-733-dup-0,item,1,0.0,False
id-841,item,1,0.0,False
rec-841-dup-0,item,1,0.0,False
id-1025,item,1,0.0,False
rec-1025-dup-0,item,1,0.0,False
rec-409-dup-1,item,1,0.0,False
id-409,item,2,0.0,True
rec-409-dup-0,item,1,0.0,False
id-449,move,1,0.0,False
rec-1048-dup-0,item,1,0.0,False
id-1048,item,2,0.0,True
rec-1048-dup-1,item,1,0.0,False
id-705,item,1,0.0,False
rec-705-dup-0,item,1,0.0,False
id-655,item,1,0.0,False
id-733,item,1,0.0,False
rec-655-dup-0,item,1,0.0,False
id-554,item,1,0.0,False
rec-554-dup-0,item,1,0.0,False
rec-386-dup-0,item,1,0.0,False
rec-772-dup-0,item,1,0.0,False
id-918,item,1,0.0,False
id-373,item,1,0.0,False
rec-373-dup-0,item,1,0.0,False
id-36,item,1,0.0,False
rec-36-dup-0,item,1,0.0,False
id-575,item,2,0.0,True
id-452,item,1,0.0,False
rec-575-dup-1,item,1,0.0,False
rec-428-dup-0,item,1,0.0,False
rec-452-dup-0,item,1,0.0,False
id-820,item,1,0.0,False
rec-820-dup-0,item,1,0.0,False
id-428,item,1,0.0,False
rec-1641-dup-0,item,1,0.0,False
id-125,item,1,0.0,False
id-1641,item,1,0.0,False
rec-125-dup-0,item,1,0.0,False
rec-63-dup-1,item,1,0.0,False
id-63,item,2,0.0,True
rec-63-dup-0,item,1,0.0,False
id-984,item,1,0.0,False
rec-984-dup-0,item,1,0.0,False
rec-1123-dup-0,item,1,0.0,False
rec-555-dup-0,item,1,0.0,False
rec-918-dup-0,item,1,0.0,False
rec-1553-dup-0,item,1,0.0,False
rec-772-dup-1,item,2,0.0,True
id-1553,item,2,0.0,True
id-772,item,1,0.0,False
id-883,item,1,0.0,False
rec-883-dup-0,item,1,0.0,False
id-13,move,2,0.0,True
id-920,item,1,0.0,False
rec-920-dup-0,item,2,0.0,True
rec-920-dup-1,item,1,0.0,False
id-156,item,1,0.0,False
rec-434-dup-0,item,1,0.0,False
rec-763-dup-0,move,1,0.0,False
id-434,item,2,0.0,True
rec-434-dup-1,item,1,0.0,False
rec-156-dup-0,item,1,0.0,False
id-1588,item,1,0.0,False
rec-744-dup-1,item,1,0.0,False
rec-1588-dup-1,item,2,0.0,True
id-744,item,2,0.0,True
rec-744-dup-0,item,1,0.0,False
rec-1588-dup-0,item,1,0.0,False
id-811,item,1,0.0,False
rec-811-dup-0,item,1,0.0,False
rec-575-dup-0,item,1,0.0,False
rec-1553-dup-1,item,1,0.0,False
rec-885-dup-0,item,1,0.0,False
id-790,item,1,0.0,False
rec-1397-dup-0,item,1,0.0,False
id-464,item,1,0.0,False
rec-1613-dup-0,item,1,0.0,False
rec-1137-dup-1,item,1,0.0,False
rec-13-dup-0,move,1,0.0,False
id-1137,item,1,0.0,False
id-481,item,1,0.0,False
rec-481-dup-0,item,1,0.0,False
rec-449-dup-0,move,1,0.0,False
id-458,item,1,0.0,False
rec-458-dup-0,item,1,0.0,False
id-143,item,1,0.0,False
rec-143-dup-0,item,1,0.0,False
id-1552,item,1,0.0,False
rec-1552-dup-0,item,1,0.0,False
rec-1635-dup-0,item,1,0.0,False
id-1635,item,1,0.0,False
id-1465,item,1,0.0,False
rec-1465-dup-0,item,1,0.0,False
id-1536,item,1,0.0,False
rec-1201-dup-0,item,1,0.0,False
id-1201,item,1,0.0,False
rec-1536-dup-0,item,1,0.0,False
id-445,item,1,0.0,False
rec-784-dup-0,item,1,0.0,False
id-1613,item,1,0.0,False
rec-884-dup-0,item,1,0.0,False
rec-1363-dup-0,item,1,0.0,False
id-884,item,1,0.0,False
id-426,item,1,0.0,False
id-121,item,1,0.0,False
rec-426-dup-0,item,1,0.0,False
id-1009,item,1,0.0,False
rec-1009-dup-0,item,1,0.0,False
id-415,item,1,0.0,False
rec-415-dup-0,item,1,0.0,False
rec-121-dup-0,item,2,0.0,True
rec-1218-dup-1,item,1,0.0,False
rec-121-dup-1,item,1,0.0,False
id-1218,item,2,0.0,True
rec-1622-dup-0,item,1,0.0,False
rec-1218-dup-0,item,1,0.0,False
id-1622,item,1,0.0,False
id-647,item,1,0.0,False
rec-647-dup-0,item,1,0.0,False
id-1560,item,1,0.0,False
rec-1560-dup-0,item,1,0.0,False
id-1036,item,1,0.0,False
rec-1036-dup-0,item,1,0.0,False
rec-464-dup-0,item,1,0.0,False
id-1478,item,1,0.0,False
rec-1478-dup-0,item,1,0.0,False
id-784,item,1,0.0,False
rec-445-dup-0,item,1,0.0,False
id-1037,item,1,0.0,False
rec-1037-dup-0,item,1,0.0,False
rec-1576-dup-0,item,1,0.0,False
id-1576,item,2,0.0,True
rec-1576-dup-1,item,1,0.0,False
id-972,item,1,0.0,False
rec-972-dup-0,item,1,0.0,False
rec-139-dup-0,item,1,0.0,False
id-139,item,1,0.0,False
id-185,item,1,0.0,False
rec-185-dup-0,item,1,0.0,False
id-316,item,1,0.0,False
rec-316-dup-0,item,1,0.0,False
id-1052,item,1,0.0,False
rec-1052-dup-0,item,1,0.0,False
rec-698-dup-1,item,1,0.0,False
id-698,item,2,0.0,True
rec-698-dup-0,item,1,0.0,False
rec-1005-dup-0,item,1,0.0,False
rec-1005-dup-1,item,2,0.0,True
id-1005,item,1,0.0,False
rec-790-dup-1,item,1,0.0,False
rec-790-dup-0,item,2,0.0,True
id-775,item,1,0.0,False
id-1363,item,1,0.0,False
rec-1110-dup-0,item,1,0.0,False
id-1110,item,1,0.0,False
rec-1120-dup-0,item,1,0.0,False
rec-1224-dup-0,item,1,0.0,False
id-290,item,1,0.0,False
rec-290-dup-0,item,1,0.0,False
id-1362,item,1,0.0,False
rec-1362-dup-0,item,1,0.0,False
id-1495,item,1,0.0,False
rec-1495-dup-0,item,1,0.0,False
id-1415,item,1,0.0,False
id-637,item,1,0.0,False
rec-1415-dup-0,item,1,0.0,False
id-1224,item,1,0.0,False
id-116,item,1,0.0,False
id-1120,item,1,0.0,False
rec-116-dup-0,item,1,0.0,False
rec-1273-dup-0,item,1,0.0,False
id-1273,item,2,0.0,True
rec-637-dup-0,item,2,0.0,True
rec-637-dup-1,item,1,0.0,False
rec-594-dup-0,item,1,0.0,False
id-594,item,1,0.0,False
rec-1273-dup-1,item,1,0.0,False
id-1128,item,1,0.0,False
rec-1128-dup-0,item,1,0.0,False
id-626,move,1,0.0,False
rec-1017-dup-0,item,1,0.0,False
rec-1123-dup-1,item,2,0.0,True
id-801,item,1,0.0,False
rec-1542-dup-0,item,1,0.0,False
rec-1542-dup-1,item,2,0.0,True
id-1542,item,1,0.0,False
rec-1543-dup-0,item,1,0.0,False
rec-1543-dup-1,item,2,0.0,True
id-1543,item,1,0.0,False
id-1610,item,1,0.0,False
rec-1610-dup-0,item,1,0.0,False
rec-1548-dup-1,item,1,0.0,False
id-1548,item,2,0.0,True
rec-1548-dup-0,item,1,0.0,False
id-277,item,1,0.0,False
rec-277-dup-0,item,1,0.0,False
id-1078,item,1,0.0,False
rec-1078-dup-0,item,1,0.0,False
id-1484,item,1,0.0,False
rec-1484-dup-0,item,1,0.0,False
id-889,item,1,0.0,False
rec-889-dup-0,item,1,0.0,False
id-39,item,1,0.0,False
rec-39-dup-0,item,1,0.0,False
id-1136,item,1,0.0,False
id-725,move,1,0.0,False
rec-1136-dup-0,item,1,0.0,False
id-1190,item,1,0.0,False
rec-801-dup-0,item,1,0.0,False
rec-279-dup-0,item,1,0.0,False
id-1569,item,1,0.0,False
id-279,item,1,0.0,False
id-579,item,1,0.0,False
rec-579-dup-0,item,1,0.0,False
rec-697-dup-0,item,1,0.0,False
id-697,item,2,0.0,True
rec-697-dup-1,item,1,0.0,False
rec-770-dup-0,item,1,0.0,False
id-770,item,2,0.0,True
rec-770-dup-1,item,1,0.0,False
id-525,item,1,0.0,False
rec-525-dup-0,item,1,0.0,False
rec-1412-dup-1,item,1,0.0,False
id-1412,item,2,0.0,True
rec-1412-dup-0,item,1,0.0,False
id-1589,item,1,0.0,False
rec-1589-dup-0,item,1,0.0,False
id-510,item,1,0.0,False
rec-510-dup-1,item,2,0.0,True
rec-510-dup-0,item,1,0.0,False
id-1012,item,1,0.0,False
rec-1012-dup-0,item,1,0.0,False
id-1602,item,1,0.0,False
rec-725-dup-0,move,1,0.0,False
rec-1602-dup-0,item,1,0.0,False
id-1433,item,1,0.0,False
rec-1433-dup-0,item,1,0.0,False
rec-1190-dup-0,item,1,0.0,False
rec-1569-dup-0,item,1,0.0,False
id-739,item,2,0.0,True
rec-981-dup-0,item,2,0.0,True
rec-659-dup-0,item,1,0.0,False
id-659,item,2,0.0,True
rec-659-dup-1,item,1,0.0,False
id-1127,item,1,0.0,False
rec-1127-dup-0,item,2,0.0,True
id-563,move,1,0.0,False
rec-1127-dup-1,item,1,0.0,False
id-569,item,1,0.0,False
rec-569-dup-0,item,1,0.0,False
id-794,item,1,0.0,False
rec-794-dup-0,item,1,0.0,False
rec-371-dup-1,item,1,0.0,False
rec-657-dup-1,move,1,0.0,False
id-371,item,2,0.0,True
rec-371-dup-0,item,1,0.0,False
id-1349,item,1,0.0,False
rec-1349-dup-0,item,1,0.0,False
id-58,item,1,0.0,False
rec-58-dup-0,item,1,0.0,False
rec-79-dup-1,item,1,0.0,False
id-657,move,2,0.0,True
id-79,item,2,0.0,True
rec-79-dup-0,item,1,0.0,False
rec-1084-dup-0,item,1,0.0,False
id-1084,item,2,0.0,True
id-981,item,1,0.0,False
rec-981-dup-1,item,1,0.0,False
id-467,item,1,0.0,False
id-97,item,1,0.0,False
rec-467-dup-0,item,1,0.0,False
id-400,item,1,0.0,False
rec-400-dup-0,item,1,0.0,False
id-410,item,1,0.0,False
rec-410-dup-0,item,1,0.0,False
rec-1200-dup-0,item,1,0.0,False
id-1200,item,2,0.0,True
rec-1200-dup-1,item,1,0.0,False
rec-1547-dup-0,item,1,0.0,False
rec-1547-dup-1,item,1,0.0,False
id-69,item,1,0.0,False
rec-563-dup-0,move,1,0.0,False
rec-69-dup-0,item,1,0.0,False
id-814,item,1,0.0,False
rec-814-dup-0,item,1,0.0,False
rec-1061-dup-1,item,1,0.0,False
id-1061,item,2,0.0,True
rec-1061-dup-0,item,1,0.0,False
rec-189-dup-0,item,1,0.0,False
rec-189-dup-1,item,2,0.0,True
id-189,item,1,0.0,False
id-1147,item,1,0.0,False
rec-1147-dup-0,item,1,0.0,False
rec-97-dup-1,item,1,0.0,False
rec-97-dup-0,item,2,0.0,True
rec-739-dup-0,item,1,0.0,False
rec-739-dup-1,item,1,0.0,False
id-1123,item,1,0.0,False
id-1198,item,1,0.0,False
rec-1530-dup-1,item,1,0.0,False
rec-1530-dup-0,item,1,0.0,False
id-893,item,1,0.0,False
rec-893-dup-0,item,2,0.0,True
rec-893-dup-1,item,1,0.0,False
rec-727-dup-0,item,1,0.0,False
id-628,move,1,0.0,False
rec-727-dup-1,item,1,0.0,False
id-280,item,1,0.0,False
rec-280-dup-0,item,1,0.0,False
rec-8-dup-1,item,1,0.0,False
rec-8-dup-0,item,2,0.0,True
id-8,item,1,0.0,False
rec-5-dup-0,item,1,0.0,False
rec-344-dup-0,move,1,0.0,False
id-5,item,1,0.0,False
id-561,item,1,0.0,False
rec-561-dup-0,item,1,0.0,False
id-382,item,1,0.0,False
rec-382-dup-0,item,1,0.0,False
id-1529,item,1,0.0,False
id-344,move,1,0.0,False
rec-1529-dup-0,item,1,0.0,False
rec-730-dup-0,item,1,0.0,False
id-730,item,2,0.0,True
rec-1198-dup-0,item,1,0.0,False
rec-1017-dup-1,item,1,0.0,False
id-646,item,1,0.0,False
id-1017,item,2,0.0,True
id-1555,item,1,0.0,False
rec-1555-dup-0,item,1,0.0,False
id-1134,item,1,0.0,False
id-763,move,1,0.0,False
rec-1134-dup-0,item,1,0.0,False
rec-1578-dup-0,item,1,0.0,False
rec-628-dup-0,move,1,0.0,False
id-1578,item,2,0.0,True
rec-1578-dup-1,item,1,0.0,False
id-420,item,1,0.0,False
rec-420-dup-0,item,1,0.0,False
id-828,item,1,0.0,False
rec-828-dup-0,item,1,0.0,False
id-1090,item,1,0.0,False
rec-1090-dup-1,item,2,0.0,True
rec-1090-dup-0,item,1,0.0,False
id-1100,item,1,0.0,False
rec-1100-dup-0,item,1,0.0,False
id-149,item,1,0.0,False
rec-149-dup-0,item,1,0.0,False
id-427,item,1,0.0,False
rec-427-dup-0,item,1,0.0,False
id-1135,item,1,0.0,False
rec-1135-dup-0,item,1,0.0,False
rec-555-dup-1,item,1,0.0,False
rec-730-dup-1,item,1,0.0,False
rec-646-dup-0,item,1,0.0,False
id-469,item,1,0.0,False
rec-440-dup-0,item,1,0.0,False
rec-108-dup-0,item,1,0.0,False
id-613,item,1,0.0,False
rec-613-dup-0,item,1,0.0,False
rec-1153-dup-1,item,1,0.0,False
rec-1153-dup-0,item,2,0.0,True
id-1153,item,1,0.0,False
rec-1392-dup-0,item,1,0.0,False
rec-1392-dup-1,item,2,0.0,True
id-1392,item,1,0.0,False
rec-1391-dup-1,item,1,0.0,False
rec-1391-dup-0,item,2,0.0,True
id-1391,item,1,0.0,False
rec-1390-dup-1,item,1,0.0,False
rec-1390-dup-0,item,2,0.0,True
id-1390,item,1,0.0,False
rec-1395-dup-0,item,1,0.0,False
id-10014,move,1,0.0,False
id-1395,item,1,0.0,False
id-1038,item,1,0.0,False
rec-1038-dup-1,item,2,0.0,True
rec-1038-dup-0,item,1,0.0,False
id-718,item,1,0.0,False
rec-718-dup-0,item,1,0.0,False
rec-469-dup-0,item,1,0.0,False
rec-469-dup-1,item,2,0.0,True
id-108,item,1,0.0,False
rec-440-dup-1,item,1,0.0,False
id-1400,item,1,0.0,False
rec-399-dup-0,item,1,0.0,False
rec-1400-dup-0,item,1,0.0,False
id-582,item,1,0.0,False
rec-582-dup-0,item,1,0.0,False
rec-696-dup-1,item,1,0.0,False
id-696,item,2,0.0,True
rec-696-dup-0,item,1,0.0,False
rec-450-dup-1,item,1,0.0,False
id-450,item,2,0.0,True
rec-450-dup-0,item,1,0.0,False
id-1315,item,1,0.0,False
rec-1315-dup-0,item,2,0.0,True
rec-1315-dup-1,item,1,0.0,False
id-322,item,1,0.0,False
rec-322-dup-0,item,1,0.0,False
rec-10014-dup-0,move,1,0.0,False
id-879,item,1,0.0,False
rec-879-dup-0,item,1,0.0,False
id-475,item,1,0.0,False
rec-475-dup-0,item,2,0.0,True
rec-475-dup-1,item,1,0.0,False
id-796,item,1,0.0,False
rec-796-dup-1,item,2,0.0,True
rec-796-dup-0,item,1,0.0,False
rec-399-dup-1,item,1,0.0,False
id-399,item,2,0.0,True
id-555,item,2,0.0,True
rec-1240-dup-1,item,1,0.0,False
id-1453,item,1,0.0,False
id-62,item,1,0.0,False
rec-377-dup-0,item,1,0.0,False
id-662,item,1,0.0,False
rec-662-dup-0,item,1,0.0,False
id-996,item,1,0.0,False
rec-996-dup-0,item,1,0.0,False
rec-507-dup-0,move,1,0.0,False
id-507,move,1,0.0,False
rec-764-dup-1,move,1,0.0,False
rec-1334-dup-0,item,1,0.0,False
rec-764-dup-0,move,2,0.0,True
rec-1334-dup-1,item,1,0.0,False
rec-62-dup-0,item,1,0.0,False
rec-1170-dup-1,item,1,0.0,False
rec-530-dup-0,item,1,0.0,False
id-764,move,1,0.0,False
rec-530-dup-1,item,1,0.0,False
id-1538,item,1,0.0,False
rec-1538-dup-0,item,1,0.0,False
rec-423-dup-1,item,1,0.0,False
id-423,item,2,0.0,True
rec-757-dup-0,move,1,0.0,False
rec-423-dup-0,item,1,0.0,False
id-757,move,1,0.0,False
id-1275,item,1,0.0,False
id-377,item,1,0.0,False
id-1170,item,2,0.0,True
rec-1019-dup-0,item,1,0.0,False
id-641,move,1,0.0,False
id-940,item,1,0.0,False
rec-940-dup-0,item,1,0.0,False
id-1377,item,1,0.0,False
rec-49-dup-0,move,1,0.0,False
rec-1377-dup-0,item,1,0.0,False
id-1246,item,1,0.0,False
rec-1246-dup-0,item,1,0.0,False
rec-453-dup-0,item,1,0.0,False
id-49,move,1,0.0,False
rec-641-dup-1,move,1,0.0,False
rec-641-dup-0,move,2,0.0,True
rec-391-dup-0,move,1,0.0,False
rec-1170-dup-0,item,1,0.0,False
id-453,item,2,0.0,True
rec-453-dup-1,item,1,0.0,False
id-519,item,1,0.0,False
id-391,move,1,0.0,False
rec-426-dup-1,move,1,0.0,False
id-426,move,2,0.0,True
rec-426-dup-0,move,1,0.0,False
rec-519-dup-0,item,1,0.0,False
rec-1339-dup-1,item,1,0.0,False
id-1339,item,2,0.0,True
rec-1339-dup-0,item,1,0.0,False
rec-1275-dup-0,item,1,0.0,False
id-185,move,1,0.0,False
id-1187,item,1,0.0,False
rec-533-dup-0,item,1,0.0,False
id-635,move,2,0.0,True
rec-1084-dup-1,item,1,0.0,False
rec-635-dup-0,move,1,0.0,False
id-939,item,1,0.0,False
rec-939-dup-0,item,1,0.0,False
id-1596,item,1,0.0,False
rec-1596-dup-0,item,1,0.0,False
id-1131,item,1,0.0,False
rec-300-dup-1,move,1,0.0,False
rec-1131-dup-0,item,1,0.0,False
id-533,item,1,0.0,False
id-1156,item,1,0.0,False
rec-488-dup-0,item,1,0.0,False
rec-1156-dup-0,item,1,0.0,False
rec-707-dup-0,item,1,0.0,False
id-707,item,2,0.0,True
rec-707-dup-1,item,1,0.0,False
id-789,item,1,0.0,False
rec-789-dup-0,item,1,0.0,False
rec-1107-dup-0,item,1,0.0,False
id-1107,item,2,0.0,True
rec-1107-dup-1,item,1,0.0,False
id-1291,item,1,0.0,False
rec-1291-dup-0,item,1,0.0,False
rec-635-dup-1,move,1,0.0,False
id-193,move,1,0.0,False
id-1019,item,2,0.0,True
rec-107-dup-0,item,1,0.0,False
rec-1019-dup-1,item,1,0.0,False
id-1132,item,1,0.0,False
rec-1132-dup-0,item,1,0.0,False
id-1646,item,1,0.0,False
rec-1646-dup-0,item,1,0.0,False
id-1582,item,1,0.0,False
rec-1582-dup-0,item,1,0.0,False
rec-185-dup-0,move,1,0.0,False
rec-386-dup-0,move,1,0.0,False
rec-386-dup-1,move,1,0.0,False
id-107,item,1,0.0,False
rec-606-dup-1,move,1,0.0,False
rec-193-dup-0,move,1,0.0,False
id-787,item,1,0.0,False
rec-606-dup-0,move,2,0.0,True
rec-787-dup-0,item,1,0.0,False
id-1118,item,1,0.0,False
rec-1118-dup-0,item,1,0.0,False
id-1486,item,1,0.0,False
rec-1486-dup-0,item,1,0.0,False
id-606,move,1,0.0,False
id-576,item,1,0.0,False
rec-576-dup-0,item,1,0.0,False
id-488,item,1,0.0,False
rec-1187-dup-0,item,1,0.0,False
rec-593-dup-0,move,1,0.0,False
rec-1490-dup-0,item,1,0.0,False
rec-158-dup-1,move,2,0.0,True
rec-700-dup-0,move,1,0.0,False
id-700,move,2,0.0,True
rec-700-dup-1,move,1,0.0,False
rec-732-dup-0,move,1,0.0,False
id-732,move,1,0.0,False
id-10004,move,1,0.0,False
rec-10004-dup-0,move,1,0.0,False
rec-373-dup-1,move,1,0.0,False
id-373,move,2,0.0,True
rec-373-dup-0,move,1,0.0,False
rec-158-dup-0,move,1,0.0,False
id-158,move,1,0.0,False
id-656,move,1,0.0,False
rec-96-dup-0,move,1,0.0,False
id-96,move,1,0.0,False
id-734,move,1,0.0,False
rec-734-dup-1,move,2,0.0,True
rec-734-dup-0,move,1,0.0,False
rec-216-dup-0,move,1,0.0,False
rec-41-dup-1,move,1,0.0,False
rec-41-dup-0,move,2,0.0,True
id-41,move,1,0.0,False
id-781,move,1,0.0,False
rec-781-dup-0,move,1,0.0,False
rec-607-dup-0,move,1,0.0,False
rec-607-dup-1,move,2,0.0,True
id-216,move,1,0.0,False
rec-448-dup-0,move,2,0.0,True
rec-316-dup-0,move,1,0.0,False
id-316,move,1,0.0,False
id-743,move,1,0.0,False
rec-743-dup-0,move,1,0.0,False
rec-759-dup-0,move,1,0.0,False
id-630,move,1,0.0,False
id-759,move,2,0.0,True
rec-759-dup-1,move,1,0.0,False
rec-630-dup-0,move,1,0.0,False
id-448,move,1,0.0,False
id-381,move,1,0.0,False
rec-381-dup-0,move,1,0.0,False
rec-656-dup-0,move,1,0.0,False
rec-448-dup-1,move,1,0.0,False
rec-603-dup-1,move,1,0.0,False
rec-466-dup-0,move,1,0.0,False
id-603,move,2,0.0,True
id-466,move,2,0.0,True
rec-466-dup-1,move,1,0.0,False
rec-696-dup-0,move,1,0.0,False
rec-603-dup-0,move,1,0.0,False
id-696,move,2,0.0,True
rec-696-dup-1,move,1,0.0,False
id-607,move,1,0.0,False
id-561,move,1,0.0,False
rec-766-dup-0,move,1,0.0,False
id-593,move,1,0.0,False
id-640,move,1,0.0,False
rec-132-dup-1,move,1,0.0,False
id-301,move,1,0.0,False
rec-301-dup-0,move,1,0.0,False
id-625,move,1,0.0,False
rec-625-dup-1,move,2,0.0,True
rec-625-dup-0,move,1,0.0,False
id-148,move,1,0.0,False
rec-148-dup-0,move,1,0.0,False
rec-531-dup-1,move,1,0.0,False
rec-640-dup-1,move,1,0.0,False
rec-640-dup-0,move,2,0.0,True
rec-765-dup-1,move,1,0.0,False
id-132,move,2,0.0,True
rec-346-dup-1,move,1,0.0,False
rec-765-dup-0,move,2,0.0,True
id-765,move,1,0.0,False
rec-99-dup-0,move,1,0.0,False
id-346,move,2,0.0,True
rec-346-dup-0,move,1,0.0,False
id-99,move,1,0.0,False
id-648,move,1,0.0,False
rec-648-dup-0,move,1,0.0,False
id-761,move,1,0.0,False
rec-761-dup-0,move,1,0.0,False
id-531,move,1,0.0,False
rec-132-dup-0,move,1,0.0,False
id-766,move,2,0.0,True
rec-10005-dup-0,move,1,0.0,False
rec-561-dup-0,move,1,0.0,False
rec-650-dup-0,move,1,0.0,False
rec-650-dup-1,move,2,0.0,True
id-650,move,1,0.0,False
rec-289-dup-0,move,1,0.0,False
id-289,move,2,0.0,True
rec-289-dup-1,move,1,0.0,False
rec-766-dup-1,move,1,0.0,False
rec-363-dup-1,move,1,0.0,False
id-728,move,1,0.0,False
rec-728-dup-0,move,1,0.0,False
id-10005,move,2,0.0,True
rec-638-dup-0,move,1,0.0,False
rec-10005-dup-1,move,1,0.0,False
rec-10006-dup-0,move,1,0.0,False
rec-10006-dup-1,move,2,0.0,True
id-10006,move,1,0.0,False
id-701,move,1,0.0,False
rec-701-dup-0,move,1,0.0,False
id-363,move,2,0.0,True
rec-363-dup-0,move,1,0.0,False
id-638,move,1,0.0,False
rec-274-dup-0,move,1,0.0,False
id-274,move,1,0.0,False
id-1490,item,1,0.0,False
id-1351,item,1,0.0,False
rec-1453-dup-1,item,2,0.0,True
id-153,item,2,0.0,True
rec-1643-dup-0,item,1,0.0,False
id-728,item,1,0.0,False
rec-728-dup-0,item,1,0.0,False
rec-1340-dup-1,item,1,0.0,False
rec-456-dup-0,move,1,0.0,False
id-1340,item,2,0.0,True
rec-1340-dup-0,item,1,0.0,False
rec-639-dup-0,item,1,0.0,False
id-639,item,2,0.0,True
rec-639-dup-1,item,1,0.0,False
rec-153-dup-1,item,1,0.0,False
rec-153-dup-0,item,1,0.0,False
rec-1143-dup-0,item,1,0.0,False
id-636,item,1,0.0,False
rec-636-dup-0,item,1,0.0,False
id-1417,item,1,0.0,False
id-456,move,1,0.0,False
rec-1417-dup-0,item,1,0.0,False
id-1166,item,1,0.0,False
rec-1166-dup-0,item,1,0.0,False
id-1023,item,1,0.0,False
rec-1023-dup-0,item,1,0.0,False
id-1046,item,1,0.0,False
rec-1046-dup-0,item,1,0.0,False
id-1643,item,1,0.0,False
id-1143,item,1,0.0,False
id-101,item,2,0.0,True
id-1208,item,1,0.0,False
rec-562-dup-1,item,1,0.0,False
id-562,item,2,0.0,True
rec-562-dup-0,item,1,0.0,False
id-913,item,1,0.0,False
rec-913-dup-0,item,1,0.0,False
id-424,item,1,0.0,False
rec-424-dup-0,item,1,0.0,False
id-1152,item,1,0.0,False
rec-1152-dup-0,item,1,0.0,False
id-1378,item,1,0.0,False
rec-1378-dup-0,item,1,0.0,False
rec-1208-dup-0,item,1,0.0,False
rec-1225-dup-0,item,1,0.0,False
id-1649,item,1,0.0,False
rec-1649-dup-0,item,1,0.0,False
id-342,item,1,0.0,False
rec-342-dup-0,item,2,0.0,True
rec-342-dup-1,item,1,0.0,False
rec-1355-dup-1,item,1,0.0,False
id-1355,item,2,0.0,True
rec-1355-dup-0,item,1,0.0,False
id-1587,item,1,0.0,False
rec-1587-dup-0,item,1,0.0,False
id-1225,item,1,0.0,False
rec-101-dup-0,item,1,0.0,False
rec-101-dup-1,item,1,0.0,False
id-1029,item,1,0.0,False
rec-712-dup-1,item,1,0.0,False
rec-1160-dup-0,item,1,0.0,False
id-980,item,1,0.0,False
rec-980-dup-0,item,1,0.0,False
id-1101,item,1,0.0,False
rec-1101-dup-0,item,1,0.0,False
id-921,item,1,0.0,False
rec-921-dup-0,item,1,0.0,False
id-669,item,1,0.0,False
rec-669-dup-0,item,1,0.0,False
rec-712-dup-0,item,1,0.0,False
id-712,item,2,0.0,True
id-1055,item,1,0.0,False
rec-350-dup-0,item,1,0.0,False
rec-1055-dup-0,item,1,0.0,False
id-182,item,1,0.0,False
rec-182-dup-0,item,1,0.0,False
rec-1451-dup-0,item,1,0.0,False
rec-1451-dup-1,item,2,0.0,True
id-1451,item,1,0.0,False
rec-1452-dup-1,item,1,0.0,False
rec-13-dup-1,move,1,0.0,False
rec-1452-dup-0,item,2,0.0,True
id-1452,item,1,0.0,False
rec-1453-dup-0,item,1,0.0,False
id-1160,item,1,0.0,False
id-350,item,1,0.0,False
rec-632-dup-0,move,1,0.0,False
rec-631-dup-0,item,1,0.0,False
rec-625-dup-1,item,1,0.0,False
id-625,item,2,0.0,True
rec-625-dup-0,item,1,0.0,False
id-1371,item,1,0.0,False
rec-1371-dup-0,item,1,0.0,False
id-632,move,1,0.0,False
rec-950-dup-0,item,1,0.0,False
rec-950-dup-1,item,1,0.0,False
id-1112,item,1,0.0,False
rec-1112-dup-0,item,1,0.0,False
id-631,item,1,0.0,False
id-577,item,1,0.0,False
rec-278-dup-0,item,1,0.0,False
rec-577-dup-0,item,1,0.0,False
id-1319,item,1,0.0,False
rec-1319-dup-0,item,1,0.0,False
rec-1240-dup-0,item,1,0.0,False
id-1240,item,2,0.0,True
rec-626-dup-0,move,1,0.0,False
id-1597,item,1,0.0,False
rec-1597-dup-0,item,1,0.0,False
id-192,item,1,0.0,False
rec-192-dup-0,item,1,0.0,False
id-278,item,1,0.0,False
rec-1029-dup-0,item,1,0.0,False
rec-327-dup-0,item,1,0.0,False
rec-1351-dup-0,item,1,0.0,False
rec-765-dup-0,item,1,0.0,False
id-660,item,1,0.0,False
rec-726-dup-1,move,2,0.0,True
rec-660-dup-0,item,1,0.0,False
id-726,move,1,0.0,False
id-1251,item,1,0.0,False
rec-1251-dup-0,item,1,0.0,False
rec-645-dup-0,move,1,0.0,False
id-30,item,1,0.0,False
rec-30-dup-0,item,1,0.0,False
id-1376,item,1,0.0,False
rec-1376-dup-0,item,1,0.0,False
id-645,move,1,0.0,False
rec-1022-dup-0,item,1,0.0,False
id-765,item,2,0.0,True
rec-765-dup-1,item,1,0.0,False
id-454,item,1,0.0,False
rec-454-dup-0,item,1,0.0,False
id-1174,item,1,0.0,False
rec-354-dup-1,move,1,0.0,False
rec-1174-dup-0,item,1,0.0,False
id-354,move,2,0.0,True
rec-354-dup-0,move,1,0.0,False
id-83,item,1,0.0,False
rec-83-dup-0,item,1,0.0,False
rec-726-dup-0,move,1,0.0,False
id-1022,item,1,0.0,False
rec-1498-dup-0,item,1,0.0,False
rec-376-dup-0,item,1,0.0,False
rec-300-dup-0,move,2,0.0,True
id-1406,item,1,0.0,False
rec-1406-dup-0,item,1,0.0,False
rec-1177-dup-1,item,1,0.0,False
id-1177,item,2,0.0,True
rec-1177-dup-0,item,1,0.0,False
id-830,item,1,0.0,False
rec-830-dup-0,item,1,0.0,False
id-1540,item,1,0.0,False
rec-1540-dup-0,item,1,0.0,False
id-376,item,1,0.0,False
id-1042,item,1,0.0,False
rec-1605-dup-0,item,1,0.0,False
rec-1042-dup-0,item,1,0.0,False
rec-24-dup-0,item,1,0.0,False
rec-24-dup-1,item,2,0.0,True
id-24,item,1,0.0,False
rec-1260-dup-0,item,1,0.0,False
rec-1260-dup-1,item,2,0.0,True
id-1260,item,1,0.0,False
id-1054,item,1,0.0,False
rec-1054-dup-0,item,1,0.0,False
id-300,move,1,0.0,False
id-1605,item,1,0.0,False
id-1498,item,1,0.0,False
id-1393,item,1,0.0,False
id-327,item,1,0.0,False
rec-18-dup-1,item,1,0.0,False
rec-1657-dup-0,item,1,0.0,False
id-340,item,1,0.0,False
rec-340-dup-0,item,1,0.0,False
rec-96-dup-0,item,1,0.0,False
id-96,item,2,0.0,True
rec-96-dup-1,item,1,0.0,False
rec-711-dup-1,item,1,0.0,False
id-711,item,2,0.0,True
rec-711-dup-0,item,1,0.0,False
rec-18-dup-0,item,1,0.0,False
id-18,item,2,0.0,True
id-1601,item,1,0.0,False
rec-282-dup-0,item,1,0.0,False
rec-1601-dup-0,item,1,0.0,False
id-1328,item,1,0.0,False
rec-1328-dup-0,item,1,0.0,False
id-111,item,1,0.0,False
rec-111-dup-0,item,1,0.0,False
rec-1303-dup-0,item,1,0.0,False
id-165,move,1,0.0,False
rec-1303-dup-1,item,1,0.0,False
rec-610-dup-1,item,1,0.0,False
id-610,item,2,0.0,True
rec-610-dup-0,item,1,0.0,False
id-1657,item,1,0.0,False
id-282,item,1,0.0,False
rec-1393-dup-0,item,1,0.0,False
rec-779-dup-0,item,1,0.0,False
rec-878-dup-1,item,1,0.0,False
rec-464-dup-0,move,1,0.0,False
rec-878-dup-0,item,1,0.0,False
rec-1494-dup-1,item,1,0.0,False
id-464,move,1,0.0,False
rec-1494-dup-0,item,1,0.0,False
id-476,item,1,0.0,False
rec-476-dup-0,item,1,0.0,False
id-1259,item,1,0.0,False
rec-1259-dup-0,item,1,0.0,False
id-779,item,1,0.0,False
id-1501,item,1,0.0,False
rec-21-dup-0,item,1,0.0,False
rec-1501-dup-0,item,1,0.0,False
id-1546,item,1,0.0,False
rec-165-dup-0,move,1,0.0,False
rec-1546-dup-0,item,1,0.0,False
id-112,item,1,0.0,False
rec-112-dup-0,item,1,0.0,False
id-421,item,1,0.0,False
rec-421-dup-0,item,1,0.0,False
id-1369,item,1,0.0,False
rec-1369-dup-0,item,1,0.0,False
id-21,item,1,0.0,False
id-266,pokemon,1,0.0,False
id-19,item,2,0.0,True
id-1237,item,1,0.0,False
id-248,ability,2,0.0,False
id-10117,pokemon,1,0.0,False
id-10116,pokemon,1,0.0,False
id-708,move,1,0.0,False
id-692,move,1,0.0,False
id-207,ability,2,0.0,False
rec-207-dup-0,ability,2,0.0,False
id-191,ability,1,0.0,False
id-10079,pokemon,1,0.0,False
id-190,ability,2,0.0,False
rec-190-dup-0,ability,2,0.0,False
id-10078,pokemon,2,0.0,False
rec-185-dup-1,ability,2,0.0,False
id-185,ability,2,0.0,False
id-553,move,1,0.0,False
id-263,ability,1,0.0,False
id-820,move,1,0.0,False
rec-262-dup-0,ability,3,0.0,False
id-262,ability,2,0.0,False
rec-262-dup-1,ability,2,0.0,False
id-819,move,1,0.0,False
id-816,move,3,0.0,False
rec-816-dup-0,move,3,0.0,False
id-817,move,1,0.0,False
id-751,move,1,0.0,False
id-242,ability,2,0.0,False
id-10157,pokemon,2,0.0,False
rec-233-dup-0,ability,2,0.0,False
id-233,ability,2,0.0,False
id-818,move,1,0.0,False
id-10021,ability,1,0.0,False
rec-10021-dup-1,ability,2,0.0,True
rec-10021-dup-0,ability,1,0.0,False
id-10009,ability,1,0.0,False
rec-10009-dup-0,ability,1,0.0,False
id-825,move,1,0.0,False
id-267,ability,1,0.0,False
rec-824-dup-0,move,2,0.0,False
id-266,ability,1,0.0,False
id-824,move,2,0.0,False
rec-93-dup-0,item,2,0.0,False
id-779,move,1,0.0,False
id-821,move,1,0.0,False
id-250,ability,2,0.0,False
rec-250-dup-1,ability,2,0.0,False
rec-250-dup-0,ability,3,0.0,False
id-93,item,2,0.0,False
id-255,ability,2,0.0,False
id-261,ability,2,0.0,False
id-826,move,1,0.0,False
rec-261-dup-0,ability,2,0.0,False
rec-822-dup-1,move,2,0.0,False
rec-822-dup-0,move,2,0.0,False
id-822,move,3,0.0,False
rec-242-dup-0,ability,2,0.0,False
id-249,ability,1,0.0,False
id-10058,ability,1,0.0,False
rec-748-dup-0,move,2,0.0,False
rec-712-dup-1,move,2,0.0,False
id-712,move,2,0.0,False
id-459,move,3,0.0,False
id-232,ability,3,0.0,False
rec-722-dup-0,move,5,0.0,False
rec-722-dup-1,move,4,0.0,False
id-722,move,4,0.0,False
id-711,move,3,0.0,False
id-613,move,3,0.0,False
rec-231-dup-0,ability,2,0.0,False
id-714,move,1,0.0,False
rec-231-dup-1,ability,2,0.0,False
id-775,move,1,0.0,False
id-691,move,2,0.0,False
rec-691-dup-0,move,2,0.0,False
id-200,ability,1,0.0,False
id-677,move,1,0.0,False
rec-304-dup-1,item,2,0.0,False
id-304,item,2,0.0,False
id-219,ability,1,0.0,False
id-704,move,2,0.0,False
rec-704-dup-0,move,2,0.0,False
id-460,move,2,0.0,False
id-10139,pokemon,3,0.0,False
rec-10073-dup-0,pokemon,2,0.0,False
rec-712-dup-0,move,3,0.0,False
id-720,move,1,0.0,False
id-721,move,1,0.0,False
id-788,move,1,0.0,False
id-748,move,2,0.0,False
id-777,move,1,0.0,False
rec-794-dup-0,move,3,0.0,False
id-794,move,2,0.0,False
rec-794-dup-1,move,2,0.0,False
id-750,move,2,0.0,False
rec-750-dup-0,move,2,0.0,False
id-752,move,1,0.0,False
id-753,move,2,0.0,False
rec-753-dup-0,move,2,0.0,False
id-787,move,1,0.0,False
rec-749-dup-0,move,2,0.0,False
rec-742-dup-0,move,2,0.0,False
id-749,move,2,0.0,False
id-237,ability,1,0.0,False
id-745,move,1,0.0,False
id-780,move,2,0.0,False
id-756,move,1,0.0,False
rec-780-dup-0,move,3,0.0,False
rec-780-dup-1,move,2,0.0,False
rec-778-dup-0,move,2,0.0,False
id-778,move,2,0.0,False
id-742,move,3,0.0,False
rec-742-dup-1,move,2,0.0,False
rec-10058-dup-0,ability,1,0.0,False
rec-10051-dup-0,ability,1,0.0,False
rec-1237-dup-1,item,1,0.0,False
rec-418-dup-0,item,1,0.0,False
rec-310-dup-1,item,1,0.0,False
id-103,item,1,0.0,False
rec-103-dup-0,item,1,0.0,False
rec-1525-dup-1,item,1,0.0,False
rec-1525-dup-0,item,2,0.0,True
id-1525,item,1,0.0,False
rec-1527-dup-0,item,1,0.0,False
rec-1527-dup-1,item,2,0.0,True
id-1527,item,1,0.0,False
id-1258,item,1,0.0,False
rec-1258-dup-0,item,1,0.0,False
rec-903-dup-0,item,1,0.0,False
id-903,item,2,0.0,True
rec-903-dup-1,item,1,0.0,False
id-570,item,1,0.0,False
rec-570-dup-0,item,1,0.0,False
id-1243,item,1,0.0,False
rec-1243-dup-0,item,1,0.0,False
id-529,item,1,0.0,False
rec-529-dup-0,item,1,0.0,False
rec-341-dup-0,item,1,0.0,False
rec-341-dup-1,item,1,0.0,False
id-1612,item,1,0.0,False
rec-1612-dup-0,item,1,0.0,False
rec-418-dup-1,item,1,0.0,False
rec-310-dup-0,item,1,0.0,False
id-975,item,1,0.0,False
rec-975-dup-0,item,2,0.0,True
id-151,item,1,0.0,False
rec-528-dup-0,item,1,0.0,False
rec-370-dup-0,item,1,0.0,False
rec-370-dup-1,item,2,0.0,True
id-370,item,1,0.0,False
id-1607,item,1,0.0,False
rec-1607-dup-0,item,1,0.0,False
id-1313,item,1,0.0,False
rec-1313-dup-0,item,2,0.0,True
rec-1313-dup-1,item,1,0.0,False
id-1545,item,1,0.0,False
rec-1545-dup-0,item,1,0.0,False
rec-151-dup-0,item,1,0.0,False
rec-975-dup-1,item,1,0.0,False
rec-474-dup-1,item,1,0.0,False
id-474,item,2,0.0,True
rec-474-dup-0,item,1,0.0,False
id-118,item,1,0.0,False
rec-118-dup-0,item,1,0.0,False
id-1027,item,1,0.0,False
rec-1027-dup-0,item,1,0.0,False
id-1456,item,1,0.0,False
rec-1456-dup-0,item,1,0.0,False
id-1353,item,1,0.0,False
rec-1353-dup-1,item,1,0.0,False
id-418,item,2,0.0,True
id-1026,item,1,0.0,False
id-10051,ability,1,0.0,False
rec-1026-dup-0,item,1,0.0,False
id-10005,ability,1,0.0,False
rec-10005-dup-0,ability,1,0.0,False
id-10003,ability,1,0.0,False
rec-10003-dup-0,ability,1,0.0,False
id-10053,ability,1,0.0,False
rec-10053-dup-0,ability,1,0.0,False
id-10026,ability,1,0.0,False
rec-10026-dup-0,ability,1,0.0,False
id-10011,ability,1,0.0,False
rec-10011-dup-0,ability,2,0.0,True
rec-10011-dup-1,ability,1,0.0,False
id-10035,ability,1,0.0,False
rec-10035-dup-0,ability,1,0.0,False
rec-10046-dup-0,ability,1,0.0,False
rec-10046-dup-1,ability,2,0.0,True
id-10046,ability,1,0.0,False
id-10017,ability,1,0.0,False
rec-10017-dup-0,ability,1,0.0,False
id-10054,ability,1,0.0,False
rec-10054-dup-0,ability,1,0.0,False
rec-10022-dup-1,ability,1,0.0,False
id-10022,ability,2,0.0,True
rec-10022-dup-0,ability,1,0.0,False
id-10013,ability,1,0.0,False
rec-10013-dup-0,ability,1,0.0,False
rec-10040-dup-0,ability,1,0.0,False
id-10040,ability,2,0.0,True
rec-10040-dup-1,ability,1,0.0,False
rec-10016-dup-0,ability,1,0.0,False
id-573,item,1,0.0,False
rec-573-dup-0,item,1,0.0,False
id-1440,item,1,0.0,False
rec-1440-dup-0,item,1,0.0,False
id-671,item,1,0.0,False
rec-671-dup-0,item,1,0.0,False
id-678,item,1,0.0,False
rec-678-dup-0,item,1,0.0,False
id-10050,ability,1,0.0,False
rec-10050-dup-0,ability,1,0.0,False
id-10016,ability,1,0.0,False
id-10019,ability,1,0.0,False
rec-10031-dup-0,ability,1,0.0,False
rec-10019-dup-0,ability,1,0.0,False
id-10020,ability,1,0.0,False
rec-10020-dup-0,ability,1,0.0,False
id-10045,ability,1,0.0,False
rec-10045-dup-0,ability,1,0.0,False
id-10025,ability,1,0.0,False
rec-10025-dup-0,ability,1,0.0,False
rec-10018-dup-0,ability,1,0.0,False
id-10018,ability,2,0.0,True
rec-10018-dup-1,ability,1,0.0,False
id-10031,ability,1,0.0,False
id-10138,pokemon,3,0.0,False
id-10073,pokemon,2,0.0,False
id-10136,pokemon,3,0.0,False
id-75,item,2,0.0,False
id-249,item,2,0.0,False
rec-188-dup-0,ability,3,0.0,False
id-489,pokemon,1,0.0,False
id-188,ability,3,0.0,False
id-10145,pokemon,2,0.0,False
rec-10145-dup-1,pokemon,4,0.0,False
rec-10145-dup-0,pokemon,3,0.0,False
id-10033,pokemon,2,0.0,False
rec-10140-dup-0,pokemon,4,0.0,False
rec-10140-dup-1,pokemon,2,0.0,False
id-220,ability,3,0.0,False
id-705,move,3,0.0,False
rec-10050-dup-0,pokemon,2,0.0,False
id-10050,pokemon,2,0.0,False
rec-10141-dup-0,pokemon,3,0.0,False
id-259,ability,2,0.0,False
rec-490-dup-0,pokemon,2,0.0,False
id-490,pokemon,2,0.0,False
id-264,ability,2,0.0,False
id-10043,pokemon,1,0.0,False
rec-10087-dup-1,pokemon,2,0.0,False
id-288,pokemon,1,0.0,False
rec-10087-dup-0,pokemon,2,0.0,False
rec-206-dup-0,ability,5,0.0,False
id-554,move,2,0.0,False
rec-249-dup-0,item,2,0.0,False
id-10047,pokemon,2,0.0,False
id-560,move,2,0.0,False
id-241,ability,4,0.0,False
id-251,item,1,0.0,False
id-234,item,2,0.0,False
rec-234-dup-0,item,2,0.0,False
rec-196-dup-1,ability,4,0.0,False
id-10041,pokemon,1,0.0,False
id-10045,pokemon,1,0.0,False
id-142,move,1,0.0,False
id-10088,pokemon,2,0.0,False
id-196,ability,3,0.0,False
rec-241-dup-0,ability,5,0.0,False
rec-241-dup-1,ability,4,0.0,False
rec-10035-dup-0,pokemon,2,0.0,False
id-603,pokemon,1,0.0,False
id-10035,pokemon,2,0.0,False
id-170,item,5,0.0,False
id-135,move,2,0.0,False
rec-899-dup-0,item,2,0.0,False
id-899,item,2,0.0,False
id-10063,pokemon,1,0.0,False
rec-10122-dup-0,pokemon,2,0.0,False
id-10122,pokemon,2,0.0,False
id-455,pokemon,1,0.0,False
id-604,pokemon,1,0.0,False
id-10062,pokemon,1,0.0,False
id-10064,pokemon,1,0.0,False
rec-10040-dup-0,pokemon,2,0.0,False
id-215,ability,1,0.0,False
id-10040,pokemon,2,0.0,False
id-775,pokemon,2,0.0,False
id-213,ability,2,0.0,False
rec-602-dup-0,pokemon,2,0.0,False
id-602,pokemon,2,0.0,False
id-10038,pokemon,2,0.0,False
id-16,ability,2,0.0,False
id-713,move,2,0.0,False
id-429,pokemon,2,0.0,False
rec-429-dup-1,pokemon,3,0.0,False
rec-429-dup-0,pokemon,2,0.0,False
rec-493-dup-1,pokemon,2,0.0,False
id-10055,pokemon,3,0.0,False
rec-493-dup-0,pokemon,2,0.0,False
id-10003,pokemon,2,0.0,False
rec-10003-dup-1,pokemon,3,0.0,False
rec-10003-dup-0,pokemon,2,0.0,False
id-171,item,4,0.0,False
id-201,item,4,0.0,False
rec-175-dup-1,item,4,0.0,False
rec-175-dup-0,item,4,0.0,False
id-175,item,4,0.0,False
id-587,move,2,0.0,False
id-25,ability,2,0.0,False
id-10048,pokemon,2,0.0,False
id-268,pokemon,1,0.0,False
rec-775-dup-0,pokemon,2,0.0,False
id-189,ability,2,0.0,False
rec-189-dup-0,ability,2,0.0,False
id-10068,pokemon,2,0.0,False
id-10046,pokemon,2,0.0,False
rec-676-dup-0,pokemon,2,0.0,False
id-676,pokemon,2,0.0,False
rec-10074-dup-0,pokemon,3,0.0,False
id-10074,pokemon,2,0.0,False
id-792,move,2,0.0,False
id-229,item,3,0.0,False
id-252,ability,3,0.0,False
id-265,ability,2,0.0,False
id-454,move,3,0.0,False
id-455,move,3,0.0,False
rec-10058-dup-1,pokemon,2,0.0,False
id-10077,pokemon,2,0.0,False
id-10058,pokemon,3,0.0,False
rec-10058-dup-0,pokemon,2,0.0,False
rec-253-dup-1,ability,2,0.0,False
id-73,item,3,0.0,False
rec-201-dup-0,pokemon,2,0.0,False
id-201,pokemon,3,0.0,False
rec-201-dup-1,pokemon,2,0.0,False
rec-240-dup-1,ability,2,0.0,False
rec-10142-dup-0,pokemon,3,0.0,False
rec-10044-dup-0,pokemon,2,0.0,False
rec-10077-dup-0,pokemon,2,0.0,False
id-150,ability,1,0.0,False
rec-196-dup-0,ability,3,0.0,False
id-10001,pokemon,1,0.0,False
id-10002,pokemon,1,0.0,False
id-10036,pokemon,1,0.0,False
id-10042,pokemon,1,0.0,False
id-10034,pokemon,1,0.0,False
rec-588-dup-1,move,3,0.0,False
rec-588-dup-0,move,3,0.0,False
id-588,move,4,0.0,False
id-176,ability,2,0.0,False
id-10086,pokemon,1,0.0,False
id-720,pokemon,1,0.0,False
id-548,move,3,0.0,False
rec-548-dup-1,move,4,0.0,False
rec-548-dup-0,move,3,0.0,False
id-549,move,1,0.0,False
id-550,move,1,0.0,False
id-552,move,2,0.0,False
rec-552-dup-1,move,3,0.0,False
rec-552-dup-0,move,2,0.0,False
id-250,item,1,0.0,False
id-543,move,1,0.0,False
id-594,move,1,0.0,False
id-622,item,1,0.0,False
rec-123-dup-0,ability,2,0.0,False
id-123,ability,3,0.0,False
rec-123-dup-1,ability,2,0.0,False
id-491,pokemon,3,0.0,False
id-10067,pokemon,1,0.0,False
id-789,move,2,0.0,False
id-187,ability,1,0.0,False
id-214,ability,3,0.0,False
id-685,move,1,0.0,False
id-194,ability,1,0.0,False
id-193,ability,1,0.0,False
id-222,ability,1,0.0,False
id-689,move,1,0.0,False
id-205,ability,1,0.0,False
rec-666-dup-0,move,2,0.0,False
id-900,item,2,0.0,False
id-666,move,2,0.0,False
rec-900-dup-1,item,2,0.0,False
rec-900-dup-0,item,3,0.0,False
rec-214-dup-1,ability,2,0.0,False
id-601,move,2,0.0,False
rec-214-dup-0,ability,2,0.0,False
id-688,move,1,0.0,False
id-216,ability,4,0.0,False
id-217,ability,1,0.0,False
rec-10051-dup-0,pokemon,2,0.0,False
rec-662-dup-0,move,2,0.0,False
id-662,move,2,0.0,False
id-592,move,1,0.0,False
id-591,move,1,0.0,False
id-10051,pokemon,2,0.0,False
rec-601-dup-0,move,2,0.0,False
rec-461-dup-0,move,2,0.0,False
id-461,move,2,0.0,False
id-462,move,1,0.0,False
id-688,item,1,0.0,False
rec-172-dup-0,item,3,0.0,False
id-172,item,3,0.0,False
id-29,item,1,0.0,False
id-28,item,2,0.0,False
rec-28-dup-0,item,2,0.0,False
rec-177-dup-0,move,2,0.0,False
id-177,move,2,0.0,False
id-10049,pokemon,3,0.0,False
id-208,move,1,0.0,False
id-33,item,1,0.0,False
id-72,item,1,0.0,False
rec-43-dup-0,item,2,0.0,False
id-289,pokemon,1,0.0,False
id-43,item,2,0.0,False
id-162,ability,3,0.0,False
id-557,move,3,0.0,False
id-546,move,3,0.0,False
rec-169-dup-0,item,2,0.0,False
rec-169-dup-1,item,2,0.0,False
id-10052,pokemon,1,0.0,False
id-10066,pokemon,1,0.0,False
id-10075,pokemon,1,0.0,False
id-295,move,3,0.0,False
id-386,pokemon,1,0.0,False
id-287,pokemon,1,0.0,False
rec-96-dup-0,ability,3,0.0,False
id-112,ability,1,0.0,False
id-619,move,1,0.0,False
id-463,move,3,0.0,False
rec-463-dup-1,move,2,0.0,False
rec-463-dup-0,move,2,0.0,False
id-122,ability,1,0.0,False
id-163,item,3,0.0,False
rec-163-dup-0,item,3,0.0,False
rec-163-dup-1,item,4,0.0,False
id-353,move,1,0.0,False
id-76,ability,1,0.0,False
id-620,move,2,0.0,False
rec-620-dup-0,move,2,0.0,False
id-618,move,1,0.0,False
id-96,ability,3,0.0,False
id-296,move,1,0.0,False
rec-59-dup-1,ability,6,0.0,False
id-59,ability,5,0.0,False
rec-59-dup-0,ability,5,0.0,False
rec-10137-dup-0,pokemon,3,0.0,False
id-80,item,1,0.0,False
id-137,ability,1,0.0,False
id-10054,pokemon,1,0.0,False
id-255,item,1,0.0,False
id-100,ability,2,0.0,False
rec-100-dup-0,ability,2,0.0,False
id-528,item,1,0.0,False
rec-826-dup-0,item,1,0.0,False
id-826,item,1,0.0,False
rec-1184-dup-0,item,1,0.0,False
id-685,item,1,0.0,False
rec-685-dup-0,item,2,0.0,True
rec-685-dup-1,item,1,0.0,False
id-1214,item,1,0.0,False
rec-1214-dup-0,item,1,0.0,False
id-783,item,1,0.0,False
rec-783-dup-1,item,2,0.0,True
rec-783-dup-0,item,1,0.0,False
rec-546-dup-1,item,1,0.0,False
rec-546-dup-0,item,1,0.0,False
rec-760-dup-0,item,1,0.0,False
rec-760-dup-1,item,2,0.0,True
id-760,item,1,0.0,False
id-122,item,1,0.0,False
rec-122-dup-1,item,2,0.0,True
rec-122-dup-0,item,1,0.0,False
id-1139,item,1,0.0,False
rec-1139-dup-0,item,2,0.0,True
rec-1139-dup-1,item,1,0.0,False
id-281,item,1,0.0,False
rec-281-dup-0,item,1,0.0,False
rec-542-dup-1,item,1,0.0,False
rec-542-dup-0,item,2,0.0,True
id-542,item,1,0.0,False
rec-543-dup-1,item,1,0.0,False
rec-1611-dup-1,item,1,0.0,False
rec-1611-dup-0,item,2,0.0,True
id-1611,item,1,0.0,False
rec-1469-dup-0,item,1,0.0,False
rec-1255-dup-0,item,1,0.0,False
rec-1330-dup-0,item,1,0.0,False
rec-1330-dup-1,item,2,0.0,True
id-1330,item,1,0.0,False
rec-1043-dup-1,item,1,0.0,False
id-1043,item,2,0.0,True
rec-1043-dup-0,item,1,0.0,False
rec-1423-dup-1,item,1,0.0,False
rec-1423-dup-0,item,2,0.0,True
id-1423,item,1,0.0,False
id-1469,item,1,0.0,False
rec-315-dup-1,item,1,0.0,False
rec-1294-dup-0,item,1,0.0,False
id-315,item,2,0.0,True
rec-315-dup-0,item,1,0.0,False
id-891,item,1,0.0,False
rec-891-dup-0,item,1,0.0,False
id-994,item,1,0.0,False
rec-994-dup-0,item,1,0.0,False
id-516,item,1,0.0,False
rec-516-dup-0,item,1,0.0,False
id-819,item,1,0.0,False
rec-819-dup-0,item,1,0.0,False
id-1294,item,1,0.0,False
id-543,item,1,0.0,False
rec-1184-dup-1,item,2,0.0,True
rec-1056-dup-0,item,1,0.0,False
id-1184,item,1,0.0,False
rec-1269-dup-0,item,1,0.0,False
id-509,item,1,0.0,False
rec-509-dup-0,item,1,0.0,False
id-907,item,1,0.0,False
rec-907-dup-0,item,1,0.0,False
id-6,item,1,0.0,False
rec-6-dup-0,item,1,0.0,False
id-1175,item,1,0.0,False
rec-1175-dup-0,item,1,0.0,False
id-95,item,1,0.0,False
rec-95-dup-0,item,2,0.0,True
rec-95-dup-1,item,1,0.0,False
id-1033,item,1,0.0,False
rec-1033-dup-0,item,1,0.0,False
id-1020,item,1,0.0,False
rec-1020-dup-0,item,1,0.0,False
id-1318,item,1,0.0,False
rec-1318-dup-1,item,1,0.0,False
id-1399,item,1,0.0,False
rec-1399-dup-0,item,1,0.0,False
id-49,item,1,0.0,False
rec-49-dup-0,item,1,0.0,False
rec-1312-dup-0,item,1,0.0,False
id-1312,item,2,0.0,True
rec-1312-dup-1,item,1,0.0,False
id-1269,item,2,0.0,True
rec-1269-dup-1,item,1,0.0,False
rec-1567-dup-0,item,1,0.0,False
rec-261-dup-0,item,1,0.0,False
rec-1185-dup-0,item,1,0.0,False
id-1185,item,1,0.0,False
id-45,item,1,0.0,False
rec-45-dup-0,item,1,0.0,False
rec-943-dup-1,item,1,0.0,False
rec-943-dup-0,item,2,0.0,True
id-943,item,1,0.0,False
id-1497,item,1,0.0,False
rec-1497-dup-0,item,2,0.0,True
rec-1497-dup-1,item,1,0.0,False
id-261,item,1,0.0,False
id-76,item,1,0.0,False
rec-1567-dup-1,item,2,0.0,True
rec-76-dup-0,item,1,0.0,False
id-496,item,1,0.0,False
rec-496-dup-0,item,1,0.0,False
rec-1511-dup-1,item,1,0.0,False
id-1511,item,1,0.0,False
rec-1517-dup-1,item,1,0.0,False
rec-1517-dup-0,item,2,0.0,True
id-1517,item,1,0.0,False
id-635,item,1,0.0,False
rec-635-dup-0,item,1,0.0,False
id-1567,item,1,0.0,False
id-1255,item,1,0.0,False
rec-191-dup-0,item,1,0.0,False
id-191,item,1,0.0,False
rec-1499-dup-1,item,1,0.0,False
id-997,item,1,0.0,False
rec-997-dup-1,item,2,0.0,True
rec-997-dup-0,item,1,0.0,False
id-964,item,1,0.0,False
rec-964-dup-0,item,1,0.0,False
id-1535,item,1,0.0,False
rec-1535-dup-0,item,1,0.0,False
id-1073,item,1,0.0,False
rec-1073-dup-0,item,1,0.0,False
rec-816-dup-1,item,1,0.0,False
rec-816-dup-0,item,1,0.0,False
id-1035,item,1,0.0,False
rec-1035-dup-0,item,1,0.0,False
id-976,item,1,0.0,False
rec-976-dup-0,item,1,0.0,False
id-895,item,1,0.0,False
rec-895-dup-0,item,1,0.0,False
id-749,item,1,0.0,False
rec-749-dup-0,item,2,0.0,True
rec-749-dup-1,item,1,0.0,False
id-115,item,1,0.0,False
rec-115-dup-0,item,1,0.0,False
id-650,item,1,0.0,False
rec-650-dup-0,item,2,0.0,True
rec-650-dup-1,item,1,0.0,False
rec-788-dup-1,item,1,0.0,False
rec-788-dup-0,item,2,0.0,True
id-788,item,1,0.0,False
id-472,item,1,0.0,False
id-782,item,1,0.0,False
rec-782-dup-0,item,1,0.0,False
rec-1274-dup-1,item,1,0.0,False
rec-1274-dup-0,item,1,0.0,False
id-1446,item,1,0.0,False
rec-1446-dup-0,item,1,0.0,False
rec-959-dup-1,item,1,0.0,False
id-959,item,2,0.0,True
rec-959-dup-0,item,1,0.0,False
rec-746-dup-0,item,1,0.0,False
id-746,item,1,0.0,False
rec-472-dup-0,item,1,0.0,False
rec-1518-dup-0,item,1,0.0,False
id-1620,item,1,0.0,False
rec-1620-dup-0,item,1,0.0,False
id-1079,item,1,0.0,False
rec-1079-dup-0,item,1,0.0,False
id-684,item,1,0.0,False
rec-684-dup-0,item,1,0.0,False
id-611,item,1,0.0,False
rec-611-dup-0,item,1,0.0,False
id-274,item,1,0.0,False
rec-274-dup-0,item,1,0.0,False
id-1518,item,1,0.0,False
id-309,item,1,0.0,False
rec-309-dup-0,item,1,0.0,False
rec-1374-dup-1,item,1,0.0,False
rec-786-dup-1,item,2,0.0,True
rec-1551-dup-0,item,1,0.0,False
id-1165,item,1,0.0,False
rec-1165-dup-0,item,1,0.0,False
id-544,item,1,0.0,False
rec-544-dup-0,item,1,0.0,False
id-52,item,1,0.0,False
rec-52-dup-0,item,1,0.0,False
id-22,item,1,0.0,False
rec-22-dup-1,item,2,0.0,True
rec-22-dup-0,item,1,0.0,False
id-786,item,1,0.0,False
rec-786-dup-0,item,1,0.0,False
id-1621,item,1,0.0,False
id-179,item,1,0.0,False
rec-179-dup-0,item,1,0.0,False
id-237,item,1,0.0,False
rec-237-dup-1,item,2,0.0,True
rec-237-dup-0,item,1,0.0,False
id-1650,item,1,0.0,False
rec-1650-dup-0,item,1,0.0,False
id-715,item,1,0.0,False
rec-715-dup-0,item,1,0.0,False
rec-1499-dup-0,item,1,0.0,False
id-1499,item,2,0.0,True
rec-1551-dup-1,item,1,0.0,False
rec-1621-dup-1,item,2,0.0,True
id-1374,item,1,0.0,False
rec-395-dup-0,item,1,0.0,False
id-915,item,1,0.0,False
rec-915-dup-0,item,1,0.0,False
id-738,item,1,0.0,False
rec-738-dup-0,item,1,0.0,False
rec-536-dup-0,item,1,0.0,False
rec-536-dup-1,item,2,0.0,True
id-536,item,1,0.0,False
rec-845-dup-1,item,1,0.0,False
rec-845-dup-0,item,2,0.0,True
id-845,item,1,0.0,False
id-395,item,1,0.0,False
rec-797-dup-1,item,1,0.0,False
rec-1621-dup-0,item,1,0.0,False
id-797,item,2,0.0,True
rec-797-dup-0,item,1,0.0,False
id-890,item,1,0.0,False
rec-890-dup-1,item,2,0.0,True
rec-890-dup-0,item,1,0.0,False
rec-1656-dup-1,item,1,0.0,False
id-1656,item,2,0.0,True
rec-1656-dup-0,item,1,0.0,False
id-119,item,1,0.0,False
rec-119-dup-1,item,2,0.0,True
rec-119-dup-0,item,1,0.0,False
id-1056,item,1,0.0,False
id-1506,item,1,0.0,False
id-1085,item,1,0.0,False
rec-1124-dup-0,item,1,0.0,False
rec-1195-dup-0,item,1,0.0,False
id-740,item,1,0.0,False
rec-740-dup-0,item,1,0.0,False
id-1322,item,1,0.0,False
rec-1322-dup-0,item,1,0.0,False
rec-1407-dup-1,item,1,0.0,False
id-1407,item,1,0.0,False
id-838,item,1,0.0,False
rec-838-dup-0,item,1,0.0,False
id-1653,item,1,0.0,False
rec-1653-dup-0,item,1,0.0,False
id-999,item,1,0.0,False
rec-999-dup-0,item,1,0.0,False
id-487,item,1,0.0,False
rec-487-dup-0,item,1,0.0,False
id-1427,item,1,0.0,False
rec-1427-dup-0,item,1,0.0,False
id-150,item,1,0.0,False
rec-150-dup-0,item,1,0.0,False
rec-402-dup-0,item,1,0.0,False
id-402,item,2,0.0,True
rec-402-dup-1,item,1,0.0,False
id-1539,item,1,0.0,False
rec-1539-dup-1,item,2,0.0,True
rec-1539-dup-0,item,1,0.0,False
id-1195,item,1,0.0,False
rec-285-dup-0,item,1,0.0,False
id-285,item,1,0.0,False
rec-491-dup-1,item,1,0.0,False
rec-748-dup-0,item,1,0.0,False
id-306,item,1,0.0,False
rec-306-dup-1,item,2,0.0,True
rec-306-dup-0,item,1,0.0,False
id-1289,item,1,0.0,False
rec-1289-dup-1,item,2,0.0,True
rec-1289-dup-0,item,1,0.0,False
rec-380-dup-0,item,1,0.0,False
id-380,item,1,0.0,False
id-1332,item,1,0.0,False
rec-1332-dup-0,item,1,0.0,False
rec-491-dup-0,item,2,0.0,True
rec-737-dup-0,item,1,0.0,False
id-491,item,1,0.0,False
id-1356,item,1,0.0,False
rec-1356-dup-0,item,1,0.0,False
id-1148,item,1,0.0,False
rec-1148-dup-0,item,1,0.0,False
id-1150,item,1,0.0,False
rec-1150-dup-0,item,1,0.0,False
id-532,item,1,0.0,False
rec-532-dup-0,item,2,0.0,True
rec-532-dup-1,item,1,0.0,False
id-737,item,1,0.0,False
id-1124,item,1,0.0,False
id-1316,item,1,0.0,False
rec-1506-dup-0,item,1,0.0,False
rec-1316-dup-1,item,2,0.0,True
id-320,item,1,0.0,False
rec-320-dup-0,item,1,0.0,False
rec-586-dup-1,item,1,0.0,False
id-586,item,2,0.0,True
rec-586-dup-0,item,1,0.0,False
id-1347,item,1,0.0,False
rec-1347-dup-0,item,1,0.0,False
rec-148-dup-1,item,1,0.0,False
rec-148-dup-0,item,1,0.0,False
id-330,item,1,0.0,False
rec-330-dup-0,item,1,0.0,False
rec-47-dup-0,item,1,0.0,False
rec-47-dup-1,item,2,0.0,True
id-47,item,1,0.0,False
rec-40-dup-1,item,1,0.0,False
rec-40-dup-0,item,2,0.0,True
id-40,item,1,0.0,False
id-1179,item,1,0.0,False
rec-1179-dup-0,item,1,0.0,False
id-1357,item,1,0.0,False
rec-1357-dup-0,item,1,0.0,False
id-312,item,1,0.0,False
rec-312-dup-0,item,1,0.0,False
rec-1085-dup-1,item,1,0.0,False
rec-1085-dup-0,item,2,0.0,True
rec-484-dup-0,item,1,0.0,False
id-484,item,1,0.0,False
rec-906-dup-0,item,1,0.0,False
id-731,item,1,0.0,False
rec-1316-dup-0,item,1,0.0,False
id-932,item,1,0.0,False
rec-932-dup-0,item,1,0.0,False
id-963,item,1,0.0,False
rec-963-dup-0,item,1,0.0,False
id-1472,item,1,0.0,False
rec-1472-dup-0,item,1,0.0,False
id-1360,item,1,0.0,False
rec-1360-dup-0,item,1,0.0,False
id-438,item,1,0.0,False
rec-438-dup-0,item,1,0.0,False
rec-731-dup-0,item,1,0.0,False
id-906,item,1,0.0,False
id-1129,item,1,0.0,False
rec-1129-dup-0,item,1,0.0,False
id-388,item,1,0.0,False
rec-388-dup-1,item,2,0.0,True
rec-388-dup-0,item,1,0.0,False
rec-614-dup-0,item,1,0.0,False
id-614,item,2,0.0,True
rec-614-dup-1,item,1,0.0,False
id-1533,item,1,0.0,False
rec-1533-dup-1,item,2,0.0,True
rec-1533-dup-0,item,1,0.0,False
id-748,item,1,0.0,False
rec-1300-dup-0,item,1,0.0,False
id-1300,item,2,0.0,True
rec-1300-dup-1,item,1,0.0,False
rec-68-dup-1,item,1,0.0,False
rec-68-dup-0,item,2,0.0,True
id-68,item,1,0.0,False
rec-736-dup-0,item,1,0.0,False
rec-736-dup-1,item,2,0.0,True
id-736,item,1,0.0,False
rec-735-dup-1,item,1,0.0,False
rec-735-dup-0,item,2,0.0,True
id-735,item,1,0.0,False
id-1018,item,1,0.0,False
rec-1018-dup-0,item,1,0.0,False
rec-187-dup-0,item,1,0.0,False
id-187,item,2,0.0,True
rec-187-dup-1,item,1,0.0,False
id-1270,item,1,0.0,False
rec-1270-dup-0,item,1,0.0,False
id-1420,item,1,0.0,False
rec-1420-dup-1,item,2,0.0,True
rec-1420-dup-0,item,1,0.0,False
rec-1180-dup-0,item,1,0.0,False
rec-1180-dup-1,item,1,0.0,False
id-437,item,1,0.0,False
rec-437-dup-0,item,1,0.0,False
id-1302,item,1,0.0,False
rec-1302-dup-0,item,1,0.0,False
rec-1441-dup-0,item,1,0.0,False
id-1441,item,1,0.0,False
rec-19-dup-0,item,1,0.0,False
rec-1483-dup-1,item,1,0.0,False
rec-1432-dup-1,item,1,0.0,False
id-1432,item,2,0.0,True
rec-1432-dup-0,item,1,0.0,False
id-1585,item,1,0.0,False
rec-1585-dup-0,item,1,0.0,False
id-1323,item,1,0.0,False
rec-1323-dup-0,item,1,0.0,False
id-41,item,1,0.0,False
rec-41-dup-0,item,1,0.0,False
id-200,item,1,0.0,False
rec-200-dup-0,item,1,0.0,False
id-1483,item,2,0.0,True
id-14,pokemon,1,0.0,False
rec-1483-dup-0,item,1,0.0,False
id-1563,item,1,0.0,False
rec-1563-dup-0,item,1,0.0,False
rec-1354-dup-1,item,1,0.0,False
rec-1354-dup-0,item,2,0.0,True
id-1354,item,1,0.0,False
rec-1616-dup-1,item,1,0.0,False
rec-1616-dup-0,item,1,0.0,False
id-645,item,1,0.0,False
rec-645-dup-0,item,1,0.0,False
rec-19-dup-1,item,1,0.0,False
id-1320,item,1,0.0,False
rec-1320-dup-1,item,1,0.0,False
id-461,item,1,0.0,False
id-668,item,1,0.0,False
rec-1245-dup-0,item,1,0.0,False
id-595,item,1,0.0,False
rec-595-dup-0,item,1,0.0,False
id-764,item,1,0.0,False
rec-764-dup-0,item,1,0.0,False
id-1002,item,1,0.0,False
rec-1002-dup-0,item,1,0.0,False
id-407,item,1,0.0,False
rec-407-dup-0,item,1,0.0,False
id-1281,item,1,0.0,False
rec-1281-dup-0,item,1,0.0,False
rec-668-dup-0,item,1,0.0,False
rec-809-dup-0,item,1,0.0,False
id-1381,item,1,0.0,False
rec-1381-dup-0,item,1,0.0,False
rec-147-dup-1,item,1,0.0,False
rec-147-dup-0,item,2,0.0,True
id-147,item,1,0.0,False
rec-57-dup-0,item,1,0.0,False
rec-57-dup-1,item,2,0.0,True
id-57,item,1,0.0,False
rec-50-dup-1,item,1,0.0,False
rec-50-dup-0,item,2,0.0,True
id-50,item,1,0.0,False
id-1245,item,1,0.0,False
id-809,item,2,0.0,True
rec-461-dup-0,item,1,0.0,False
id-1475,item,1,0.0,False
rec-1288-dup-0,item,1,0.0,False
id-1288,item,2,0.0,True
rec-1288-dup-1,item,1,0.0,False
rec-1507-dup-0,item,1,0.0,False
rec-1507-dup-1,item,2,0.0,True
id-1507,item,1,0.0,False
rec-1504-dup-0,item,1,0.0,False
rec-1504-dup-1,item,2,0.0,True
id-1504,item,1,0.0,False
id-387,item,1,0.0,False
rec-387-dup-0,item,1,0.0,False
rec-1475-dup-0,item,1,0.0,False
rec-809-dup-1,item,1,0.0,False
id-912,item,1,0.0,False
rec-912-dup-0,item,1,0.0,False
id-1338,item,1,0.0,False
rec-1338-dup-0,item,1,0.0,False
id-186,item,1,0.0,False
rec-186-dup-0,item,1,0.0,False
id-598,item,1,0.0,False
rec-598-dup-1,item,2,0.0,True
rec-598-dup-0,item,1,0.0,False
id-769,item,1,0.0,False
rec-769-dup-0,item,1,0.0,False
rec-657-dup-0,move,1,0.0,False
