nconst,primaryName,primaryProfession
n_b6a69a9d,Matt Hall,producer-actor-writer
n_5f556f1f,Jude Harrisp,producer-sound_department-writer
n_f45d3393,Camille ParentG,art_director-art_department-set_decorator
n_d75ff697,Jus Riddickm,editor-producer-director
n_b2d16f9a,Fausto Tozzi,actor-writer-assistant_director
n_0bcd6864,Christina Filippidis,actress
n_a8c07ab6,Danila Konstantinov,actor
n_0b95723a,Aleksey Kozlov,director-writer
n_e73f761d,Joanne Baron,actress-producer
n_5789f3bf,Nadir Aliev,producer
n_e8cad0ee,Neville Raschid\\,manager-director-actor
n_2008d0fd,Michel Martens,writer
n_b118377f,Dave Shueya,actor-make_up_department
n_4435abbd,Willy Goldberger,cinematographer-director-writer
n_76a031f2,Brian McCardie,actor
n_2675c3f7,John Flockk,producer-writer-miscellaneous
n_521355d9,Roy Pomeroyk,camera_department-director-miscellaneous
n_5f17134e,Nuraddin Mehdixanli,actor-director
n_fafceb18,OJ Simpson,actor-producer
n_9cbd734a,Christopher C Dewey,producer-miscellaneous
n_ad9b5800,Ron Selmoura,special_effects-stunts-miscellaneous
n_f47d5eb8,Dan Drillingn,composer
n_33943e29,Jay Baby,actor-writer
n_379c1907,Margot Volnay,writer
n_39230f85,Oleg Tabakov,actor-director-music_department
n_6d12e9a6,Murray Burns,composer-soundtrack-writer
n_75f82bd1,Frank Ditto,actor-director-writer
n_b457cfee,Danielle Damásio,
n_9cd44d00,Phillip Sacramento,actor
n_117c204f,Ingrid Bisu,actress-writer-producer
n_70614c76,Erik Searle,actor-casting_department
n_9c1781d8,Bryan SmithC,writer
n_2109ce1e,Ettore Maria Fizzarotti,assistant_director-director-writer
n_faa725ca,Daphne Sheldrick,miscellaneous
n_3f7549d9,Bruno Delahaye,director-actor-writer
n_a01ddad2,Camilla Tress,editorial_department-editor
n_400ea582,Petr Skoumal,composer-soundtrack-actor
n_217b4496,Juan Pérez Fajardo,director-writer-art_department
n_7241b158,János Körmendi,actor-writer
n_1cb9ac06,Ugur Kardas,
n_062cc2dc,Steve Bond,actor
n_171f85f3,Eddie Wang,composer-music_department-script_department
n_8451da33,Edward,actor
n_a9c8bc85,Sarah Young,actress-producer-director
n_10007dc3,George Formby,soundtrack-actor-music_department
n_3735a7b6,Cynthia Rhodes,actress-soundtrack-assistant_director
n_5ffa0d80,Terrayne CrawfordK,actress
n_380d3e75,Todd Messegee,editorial_department-writer-camera_department
n_8b20ef40,Ümmiye Koçakf,visual_effects-director-writer
n_39d40a7a,Greg SharpB,actor
n_c72f1931,Rajaa YousefP,writer
n_7d080445,Alberto Tarallo,producer-casting_director
n_e3c369c8,Katy Scott Rickettsq,soundtrack
n_cac1039a,Benedict Andrews,director
n_f9419475,Anup Kumar,actor
n_d21ac718,Leonor Seixas,actress
n_823145b0,JB Rogers,assistant_director-producer-director
n_1db556df,Trevor Ilesley,
n_ff00f397,Stern Bigot,editor-camera_department-director
n_9199c1af,Oleg Borisov,actor-director
n_1412856c,Miriam Cutler,composer-soundtrack-music_department
n_a75f8aa7,Alessandro Alessandroni,music_department-composer-soundtrack
n_a54154f2,June Carter Cash,soundtrack-actress-music_department
n_1be12cae,Michèle Morgan,actress-soundtrack
n_3673c4c4,Irina Mazingr,actress
n_2a3edf8f,Eloïse GenetA,miscellaneous
n_6a1815a1,Roddy Piper,actor-producer
n_2392cb67,Ubirajara Quaranta Cabral,composer
n_934a19af,Anders Thomas Jensen,writer-script_department-director
n_349ed684,Max McClellan,actor
n_9acd58c5,Frank Qutuq Irelan,actor
n_65a153ea,Michael C Alvarez,actor
n_f6ebed47,Petr Kettner,
n_e1e6b3ee,Jennifer Chinlund,editor-editorial_department-miscellaneous
n_7cb9dc32,Alemdo Prado,composer
n_2dfefc1d,Marc Rensing,director-writer-sound_department
n_652838ef,Sean Bishop,art_department-actor-writer
n_fbcb3413,Joaquin Phoenix,actor-producer-soundtrack
n_875497fc,SL Puram Sadanandan,writer-director
n_838ccee0,Peter Roehsler,cinematographer-camera_department-producer
n_abee4909,Sidney M Goldin,director-writer-producer
n_93f31805,Tom HubbardT,actor-writer-producer
n_56a9d51a,Bernardo de la Mora,actor
n_4b8529d7,Anirban BhattacharyaO,actor-music_department
n_9cc02ddf,Colin ClercF,actor-camera_department-production_manager
n_8718d24d,Xiaobao Song,actor
n_0b71077a,Jim DeloyeS,stunts
n_e8413b27,Anne Dunev,
n_52d5b532,Nicolas Przygoda,actor
n_b88a35a3,Will B Hard,cinematographer
n_0d84560a,Ely Matawaran,writer
n_f0f99784,Bobby Chakraborty,actor
n_119e7983,ColeridgeTaylor Perkinson,composer-music_department-soundtrack
n_ee81c37b,Leo Houlding,producer-miscellaneous
n_bb264bf2,Teddy Kyle Smith,actor
n_ded7d626,Jack Cunningham,writer-producer-miscellaneous
n_1252afaa,Al Morrow,producer
n_029d8b9e,Miklós Kapácsy,actor
n_c198e0f4,Yoshiko Asai,actress
n_78e711b2,Jade ChengK,actress
n_d0afb304,Fereshteh Taerpoor,producer-writer-production_manager
n_bb9842aa,Sinead GriffinLennon,actress-production_manager-producer
n_91a9d0c7,Michael J HartnettD,cinematographer-writer-camera_department
n_ebad5131,Luca Calvani,actor
n_6f6390e0,Deva,composer-music_department-soundtrack
n_6e030dba,Werner Sommerv,transportation_department-writer-actor
n_b7e6b946,Lamberto V AvellanaC,director-writer-producer
n_8912e2a5,Stelvio Massi,cinematographer-director-camera_department
n_bbae7490,Will LP,actor-cinematographer-editor
n_4e1ccb51,Ismet Erten,actor
n_fa27facd,Holly Fields,actress-miscellaneous-casting_department
n_895e5e3a,Joone,producer-director-camera_department
n_f569f262,Reiko Yoshida,writer-miscellaneous-script_department
n_a9bdbc1f,Mark Burman,producer-writer-director
n_899f3c3a,Miryam Zohar\\,actress
n_03d58d16,Rajan P Dev,actor-director
n_881373b6,Hannu Kahakorpi,producer-actor-director
n_807cef34,Ryan Beekhuizen,actor
n_cc080535,Sai Paranjapeg,director-writer-music_department
n_3df64b66,Saray Pavon,actress
n_ee8b8f34,Clive Brook,actor-director-writer
n_489b07f2,Jack Cunninghamu,production_manager-producer-miscellaneous
n_d0a1f9b0,James Bushe,director-producer-writer
n_1a4f14e9,David Bret,
n_ad120f26,Zak Shy,camera_department-cinematographer
n_dad3ca64,Robert Allen Mukesx,actor-stunts
n_ff530dd8,Andrew Halliwell,actor-composer-producer
n_81a6a0ee,Michael Brosnan,producer-director-writer
n_83d69302,Gilberto Gazcónp,legal-director-producer
n_5b85a9da,Sean Ludan,editor-producer-director
n_3373cf1a,Phillip G Carroll Jrt,actor-editor-writer
n_65f3d7ca,Dagmar WeaverMadsen,cinematographer-camera_department-producer
n_0f029bd1,Tolepbergen Baisakalov,animation_department
n_85232ac1,Joseph Sistrom,producer-writer-miscellaneous
n_d39a5869,Luis Aguilar,actor-soundtrack-music_department
n_802be488,Stan Freberg,actor-soundtrack-writer
n_2cc6bc9d,Yesim Yükselena,publicist
n_550b9c13,ChiranjeeviP,miscellaneous-producer-music_department
n_7f1ea44e,Antônio Fagundes,actor-writer-producer
n_8ea5a459,Rolf Bergn,art_department
n_7a661d1c,Esther AndersonQ,actress-editor
n_08b0c2d1,Matous Holielcinf,art_department
n_f6341219,Andrey Barilo,actor
n_d8c68f56,Dwier Brown,actor
n_397da846,Alban Aumard,actor
n_363a9e89,Nagesh,actor-sound_department
n_15686535,Marc Outbreak,stunts-actor-cinematographer
n_85e4f18e,Pedro Pablo Picazo Pérez,writer-director
n_21e89cbf,John P Wheatley,camera_department-cinematographer-director
n_c39c538e,Rajendra Nath,actor-director
n_fcaca334,Dennis Pickett,editor-miscellaneous-visual_effects
n_0edf28ca,Ceyda Ates,actress
n_30f61849,Ti Ou,actor
n_de3433c7,Martijn Schinkel,director-writer-editor
n_f2f6f4e3,KaiPing Cheung,miscellaneous-producer-writer
n_55dc1b44,Giovanni Grimaldi,writer-director-composer
n_d2b9903c,Darren Mcmeckan,actor
n_78062cd5,Meng Hua Ho,director-writer-assistant_director
n_49520279,Guy Glovere,producer-actor-writer
n_5c9aee54,Robert F Blumofef,producer-miscellaneous
n_373a47fd,Guillaume Schiffman,cinematographer-camera_department-actor
n_fb08e9b6,Nripati Chatterjee,actor
n_655c2e50,Hans von Petersdorff,actor-producer
n_2f00712d,Fabien Bouillaud,editor-miscellaneous
n_1a648d16,Brett Emerton,
n_79cb7ec2,Jana Bokova,director-writer-actress
n_0440267e,Matt Day,producer-director-cinematographer
n_fe1530d0,Michael P Flannigan,producer-production_manager-actor
n_e0979a0f,Ilmari Saarikoski,actor
n_124135c5,Patrick Alparone,actor
n_67ccac81,Gabriele Cirilli,actor-writer
n_3a7e697f,Rosamund KwanB,director
n_5514a4fe,Vivian Dorsett,actress
n_945552aa,Lucy Clements,make_up_department-actress
n_d277464a,Sophie Leblond,editor-writer-editorial_department
n_946bd75e,Melissa Molinaro,actress-soundtrack-miscellaneous
n_54d6ade1,Yan Hsiao,actor
n_9061502f,Martijn Schinkel,director-writer-editor
n_70487d52,Axel Skovdal RoelofsQ,legal-editorial_department
n_96dc0959,Ashley White,actress
n_27769d76,Alyssa Chaffee,costume_department-actress
n_ece11129,Alexander Hachko,editor-editorial_department-producer
n_092504f8,Ceyda Ates,actress
n_f6d3bb82,Jon Osborn,producer-miscellaneous
n_99884f7d,Timothy Bottoms,actor-producer
n_97085ac1,Nathalie Boltt,actress-producer-director
n_5d72183b,Daniele Anzellotti,camera_department-cinematographer-producer
n_63f257c4,José Ortiz Ramos,cinematographer-camera_department-director
n_4a7aeb8a,Olivia Deeble,actress
n_ed8b6102,Scott Ingram,actor
n_ec9f91f4,Miki Andoy,actress
n_056c7049,Bernard White,actor-writer-director
n_49d91470,Isabella DeSantos,actress-director
n_88f17eb6,Rambhar,production_department
n_e934085f,Jussi Niilekselär,transportation_department-producer-writer
n_cf389082,Gerard CorderoR,transportation_department-stunts-writer
n_1091286c,Warren Foster,writer-soundtrack-art_department
n_671b7bdb,Tom Watson,editor-editorial_department
n_871f3a31,James Weaver,producer-miscellaneous-director
n_0ba12cd3,Seren Sirince,actress-soundtrack
n_8527e0b4,Robert Milton,director-writer-miscellaneous
n_2c1ca275,Gerald Geraghty,writer-miscellaneous
n_29ce677f,Patricia Couvillers,actress
n_7654bdf1,Mikako Takahashi,actress-soundtrack
n_b54f54f9,Andrew Strahorn,cinematographer-camera_department-producer
n_05a029bc,Avinesh RekhiC,actor
n_97d59f88,Maria BäckN,composer-writer-producer
n_6a57f01a,Jenny StokesU,writer-assistant_director
n_ebc6dd3c,Tony Martinelli,editor-editorial_department
n_d8d2cd29,Hans von Petersdorff,actor-producer
n_2b39e3bf,Owen Marks,editor
n_7e829f58,Ivan Dubrovskiy,actor-cinematographer-production_manager
n_2f16cd72,Marrianne NungoV,actress
n_937da759,Gerard Damiano,director-writer-producer
n_4147fd46,David DeCrane,producer-writer-miscellaneous
n_cfa21557,James Whitney,director-cinematographer-editor
n_b170c6b3,Jose Americo Ghezzi,actor
n_6dfaa2cc,Ugo Liberatore,writer-director-actor
n_f4dcb567,Helena Rojo,actress
n_e80a5de4,Lou Michaels,actress
n_4055afb6,Katherine Hicks,actress
n_23487205,Megan Gallaghera,actress
n_ede3a931,Marty McIntosh,
n_c5e838e6,Helder Faria,editor-director-writer
n_c1bcb80a,Hanneke Schutte,writer-director-producer
n_334f35e8,Christopher Lennertz,composer-soundtrack-music_department
n_098d5f62,Sammo KamBo HungV,actor-stunts-producer
n_b1feb669,Dhumal,actor
n_ebff37e8,Tarachand Barjatya,producer
n_6032a769,Petr Kettnerv,cinematographer
n_ab71f115,Maureen Oxley,writer-producer
n_c4fe132b,Fernando NoguerasK,actor-miscellaneous
n_3bfe7d40,W Kamau Bell,producer-writer-actor
n_bea01959,Shalim Ortiz,actor-soundtrack-music_department
n_2c96143e,Rosi CamposI,actress-soundtrack-miscellaneous
n_002f560c,Black Jack,actor
n_9cef2f4d,Lesley Dunlop_,stunts-soundtrack
n_3cf9d2df,Joss Whedonk,writer-producer-director
n_61d5d909,Eugen Kelemen,editor-editorial_department-producer
n_9b2f5390,Tianna Taylor,actress
n_f77e804b,Adam Eppenstein,actor-writer-director
n_b22b9138,Gary PorterK,casting_director
n_74f97798,Gary Leeson,producer
n_77c57056,Céline Fuhrer,actress-director-writer
n_52abea1b,David Jaffes,sound_department-miscellaneous-director
n_9f5e6c48,Randall Moser,actor-director-writer
n_833a84c6,Dwayne Johnson,actor-producer-soundtrack
n_948d9956,Vikram Rajani,producer-miscellaneous
n_caaacc76,Suresh Nair,writer-producer-director
n_f2f4800a,Dawn Michelek,actor
n_338c5d46,JB MooreG,soundtrack-composer-music_department
n_2e405700,Lieh LoR,actor-director-writer
n_a6f81a1f,DW GriffithL,executive-writer-producer
n_44421961,Peter Mullan,actor-director-writer
n_db43eba7,Egon Bahr,writer
n_ace28c16,Tony Corella,producer-editor-director
n_f31fc298,Lore ReyesS,director-assistant_director-writer
n_809f2d5d,Richard da Costa,actor-director-producer
n_35778c61,Courtney Looney,writer-producer-miscellaneous
n_0b4cbca2,Peter Cullen,actor-music_department-soundtrack
n_36bc96d7,Yan Frenkel,composer-actor-soundtrack
n_f88d3686,Phil Rosen,director-cinematographer-producer
n_e1d3c6f2,Makar Zaporozhskiyr,actor
n_6abb60fc,Kaz Garas,actor
n_37ace8ce,Elaine Tysonz,transportation_department
n_ecffa6d5,H Atkinsn,electrical_department-soundtrack
n_f6c03a74,Ukachi Arinzehh,transportation_department-producer-actor
n_f73fe1b9,Kanchana,cinematographer
n_c2bb5d88,Tetteh Galloway,actor
n_b5c94937,Jeffrey Frace,actor
n_9c325ad5,Agnes Lindh,actress
n_8ad1d4a1,Suresh Nair,writer-producer-director
n_dd942c8b,D Karetnyy,cinematographer
n_3997ee07,Brock Englandq,actor
n_72204955,Enes Vejzovic,actor
n_4fea2694,Monty Tiwa,writer-director-producer
n_9f5db3fe,Nate Davis,actor
n_353d9ca5,Arthur C Miller,cinematographer-camera_department
n_0b490547,Matthew Clarke,actor
n_3249c01a,Gábor MarosiV,cinematographer-camera_department-writer
n_c8cc8e18,Bob Caseyq,stunts
n_88ff3d25,Parikshit Sahni,actor-director
n_2fa79838,Mohamed WafikN,actor
n_fd5c7e70,Hannes Salat,production_designer-art_department-art_director
n_0deeb7f4,Éric Névé,producer-actor-writer
n_8518344e,Frédéric Serve,cinematographer-camera_department-producer
n_c4519b1e,Dave Scott,
n_46e0a8cc,Virginia Bowen,production_designer
n_39e78553,Dorjkhandyn Turmunkh,director-writer-production_manager
n_35d8a51b,Ryan Bader,
n_51103d1c,Christopher Nickel,composer-music_department-miscellaneous
n_d976093a,Cheyenne Peskok,assistant-editor-camera_department
n_f4a8d278,Peter Kern,actor-director-writer
n_b45e48a7,Mark Anthoneil,actor
n_e85b4e37,Horacio TaicherM,actor
n_9c947031,Lloyd Anoai,actor
n_b9620d19,Edward D Wood Jr,writer-director-actor
n_817d20f7,Andrew Taggarti,soundtrack-composer-actor
n_4b35bf74,Paul Burke,actor-camera_department-writer
n_e92bab05,Chloe CarrollZ,actress-producer-writer
n_6be9f1df,Megumi Ishii,actress
n_d195b723,Chris Candy,actor-sound_department-writer
n_dce49c40,Giri Babu,actor-director-writer
n_d142164a,Lynne Ramsay,director-writer-producer
n_dd427c5f,José Ruiz de Azagra,composer-music_department-soundtrack
n_3659aa42,Sherif Mounir,writer
n_1e9b6784,Ida Astori,actress
n_4b66cc2f,Jacky Adriaansen,actor
n_65265d65,Miles Teller,actor-producer-soundtrack
n_249ddcad,Guy Maddin,director-writer-cinematographer
n_a5a94105,Kal PennJ,assistant_director-miscellaneous-producer
n_dd888c0a,Valentin Hotea,director-writer
n_ef739606,Salvo Bonaffini,director
n_48fa948a,Turgud Ören,cinematographer-writer-camera_department
n_5055d6d7,Alexis C Martino,actress
n_3435ab50,José Nieto,composer-music_department-soundtrack
n_595c2912,Branko Radakovic,director-writer-editor
n_0592c3e9,Jon Osborn,producer-miscellaneous
n_577610ae,Sharat Rajuk,director-casting_department-writer
n_9df30315,George Meehane,cinematographer-camera_department-miscellaneous
n_ff5a540d,Frank Sullivan,editor-cinematographer-writer
n_476832d5,Madhusudan ReddyV,director
n_e43bc745,Peter Riva,producer-writer-production_manager
n_a50779b0,Davi Saavedra,writer
n_7629c4f0,Predrag Ejdus,actor-music_department
n_b3fdeebe,Sergio Doria,actor
n_b3178088,CherylB,soundtrack-actress-miscellaneous
n_bf3ac8e1,Charles Fitzgerald,producer-writer
n_5324cba9,Anne Rieman,actress-miscellaneous
n_de8f8895,Adam Kasprowicz,actor
n_3e318a87,Pablo Javier Gómezi,cinematographer-camera_department-director
n_f1cd2ce9,Mariah Carey,soundtrack-actress-composer
n_93205810,Vishnuprasad Palinje,cinematographer
n_8c2c16af,Nathan Anderson,actor-editor-sound_department
n_5138dac5,Steve Cochran,actor-director-writer
n_4a951242,Anu Valia,producer-miscellaneous-actress
n_c44eec0e,Francis LaiJ,writer-soundtrack-music_department
n_f883c67c,Norihiko Hibino,composer-soundtrack-sound_department
n_cba1effe,Adam Normelli,cinematographer-sound_department
n_d3490e43,Rudolf Eger,writer-producer-production_manager
n_9c0f1a41,David Archuleta,actor-soundtrack-composer
n_5ce91fc4,BuuliZaano,producer
n_177c4455,Marie Colomb,actress
n_698d95e1,Mehmet Abut,composer
n_794cf6bd,Tina Barrett,actress-soundtrack-writer
n_b74e089d,Dio,soundtrack-actor-composer
n_cdcbf2f0,Nadir AlievB,producer
n_46f59bda,MariaTeresa DaherCusackX,soundtrack
n_404307ac,Giampaolo Chiti,composer
n_6fde7688,Tom Scharplingl,special_effects-actor-writer
n_e836b9b4,Hannah Hollinger,writer-director
n_2c508de1,Julie BeirízQ,actress
n_ac33849a,Terence Dunn,composer-music_department
n_43396383,Luciano Emmer,director-writer-editor
n_9e2768f6,Pablo Echarri,actor-producer-writer
n_4b243c9d,Tim Kirk,producer-actor-writer
n_932076c7,Konomi Fujimura,actress
n_e2fefca4,Rebecca OBrien,producer-production_manager-location_management
n_c5264b31,Linda J CowgillK,assistant-script_department
n_1c1c4108,Miomir Denic,production_designer-art_director
n_f93635ca,Irene Di Lelio,director-writer
n_59383e7f,Bernard McConville,writer-script_department
n_bd6a4630,Megumi Hayashibara,actress-soundtrack-music_department
n_f9a3a7eb,Simon Oliver,director-producer-sound_department
n_c9405b10,Yuri Pugach,production_designer-set_decorator
n_6c5f31b5,Siggi Mueller,composer-music_department-actor
n_48b36124,Belén Fabra,actress
n_b6f3f785,Mahendra Sonin,assistant_director-miscellaneous-camera_department
n_7104cd07,Brandon Moore,composer-music_department
n_a9d9cec6,Peter Cullen,actor-music_department-soundtrack
n_60ca3807,Mat Lucas,actor-editorial_department-editor
n_ce9d2ca5,Charlie PetersP,soundtrack-director-producer
n_54556ffa,Kristy Swanson,actress-producer-soundtrack
n_d148775d,Johannes de Bruyn,actor
n_94aa587c,Paul BurkeK,sound_department-camera_department-writer
n_32682e95,Kareem Afifi,actor
n_cb9b4b1f,Fereshteh Taerpoor,producer-writer-production_manager
n_5dbde83e,Ali Mansuri,producer-miscellaneous-camera_department
n_fb1fcfb6,Buddy Watson,actor-director-cinematographer
n_0d348457,Brandon Ray Olive,actor-producer-writer
n_87c1d177,Miogo Chen,composer-music_department
n_56f7709c,Jamie Leonard,production_designer-art_director-art_department
n_a8c5f0f5,Robert David Sandersa,electrical_department-sound_department-visual_effects
n_2fe8fb5f,Wayne Tucker,actor
n_ac7491d8,Kayla Lauzier,actor
n_87eec541,Cristina Rodloq,actress
n_72056822,Lothar Mendesd,location_management-writer-actor
n_bb5c3be9,Lucas Neff,actor-soundtrack-producer
n_97106c94,Peter Riva,producer-writer-production_manager
n_cb8863c2,Cecilia Gessay,soundtrack-script_department
n_07d97a3a,Mouna Abbassy,actress-miscellaneous
n_1043c8f5,Kana Akutsu,actress
n_8e8efd40,Allen Payne,actor
n_5113c011,Andy ChworowskyY,set_decorator
n_ef27139c,Robert Englund,actor-miscellaneous-director
n_abd3fe63,Nenad Jovicic,cinematographer-writer-director
n_6645c2eb,Bettina Kupfera,actress-writer-producer
n_0ecfe4b0,Kenichi Hoyama,set_decorator-miscellaneous
n_14ca1e89,Michel ArcandJ,music_department-sound_department-editorial_department
n_a7cfb857,Bernard Hill,actor-miscellaneous-soundtrack
n_8a63756e,Hinrik Svavarsson,writer
n_705ab9e2,Ford Austin,actor-producer-director
n_47455340,Özlem Öçalmaz,actress
n_70ac2e43,Lindsey Davidson,producer-actress-art_department
n_dad9f336,Max Klevent,stunts-actor-assistant_director
n_f4102c72,Don Carmody,producer-miscellaneous-production_manager
n_a378798a,Francisco Buencamino Jr,costume_department-music_department-soundtrack
n_6bf89e50,Dominik Danilczyk,cinematographer-camera_department
n_684b9856,Sidney Nelson,writer-actor
n_7014c201,Jeffrey Boehm,visual_effects-writer-producer
n_08ff0ce4,Sergio Doria,actor
n_1a699361,Meghan Bradley,actress
n_616ae55e,Eric Lindsay,composer-music_department-sound_department
n_329519dd,Ramon Nomar,actor
n_c59289fc,Josie LorenD,actress-producer
n_7a787c57,Tom Hubbard,actor-writer-producer
n_d29dc9ec,Byamba Sakhya,director-cinematographer-editor
n_0e7ca55b,J Peverell Marley,cinematographer-camera_department
n_502e8432,Victoria Valentino,actress
n_5b1be6b1,Ti Ou,actor
n_0f0123c8,Hamish Hamilton,director-producer-miscellaneous
n_ad47222f,Alberto AlemanyI,visual_effects
n_71e22f1f,Andie Hudson,
n_33f1edf6,Melanie LeeP,producer-assistant_director-editor
n_e232dbd4,Margarita Roblesc,cinematographer-writer-miscellaneous
n_088c79a7,Chris Squire,soundtrack-producer-composer
n_d2fc9e08,El Hadji Malick Cisse,actor
n_309955b7,Alfred Hitchcock,director-producer-actor
n_ea379dac,Claire Windsor,actress
n_1c2c0bfc,Jaroslaw PietraszekX,art_department
n_51041b93,Bill McLaughlin,actor
n_e7011809,Stephen Eyssen,composer
n_096808e8,O Jochen Schmidt,production_designer-art_director-art_department
n_34610e58,Aakanksha Juneja,actress
n_9e2ee0b0,Oskar Franzenu,location_management-editorial_department-camera_department
n_5093fd5d,Leigh Ann OrsiY,actress
n_5ba2aca1,Mat Powell,producer-actor
n_818eb048,Barbara Kent,actress
n_2eafac24,James Blunt,soundtrack-actor-composer
n_0d511dd5,Roddy Piper_,actor-producer
n_2dc1c149,Stanley Pavey,cinematographer-camera_department
n_bf800f64,Philip Careyf,assistant-soundtrack
n_2423462e,Penpak Sirikul,actress
n_1638f0b8,Nick Crawford,actor
n_a5584d28,Fabrizio Moroni,actor
n_73c392e3,Jaysen Lewis,composer-actor-music_department
n_321a25b0,Carole Lebel,actress
n_68bba4a5,Olivia Venables,art_department-art_director-costume_department
n_ea39fa33,Yuka Hôshakud,actress
n_7b783db3,Christopher Bryant Tucker,director-actor-writer
n_fa76cc27,John Bellh,actor
n_12b04e29,Anaïs BarbeauLavalette,director-writer-cinematographer
n_0972e2a8,Sergio Benvenuto,writer-assistant_director
n_02c65c08,André Turpind,cinematographer-director-writer
n_eb4694f4,Julia von Frihling,editor
n_ca7f8d04,Patrick Collins,producer-director-actor
n_c931f811,Jackson BurnsideR,electrical_department
n_b2c7d9be,Aatu Kokkonenv,manager
n_9840d000,Barry McCarthy,actor-writer
n_43f409a1,Steve Williamsw,writer-miscellaneous
n_11f6eace,Tom OBedlam,actor
n_2f444fd2,Gyula Buss,actor
n_a3b42fd7,George Coulouris,actor-miscellaneous
n_12c54b64,Lidia Korsakówna,actress
n_67b6506a,Paolo Villaggio,actor-writer-soundtrack
n_097f7b0c,Timothy D Harris,actor
n_a01b464c,Amber Tamblyn,actress-producer-writer
n_a0c229b8,Peyton List,actress-director
n_d6f8f0b4,Richard Carter,actor
n_1db53d52,Richard Thorpe,director-writer-actor
n_d330c954,Danila Konstantinovm,actor
n_16bd809b,Andrei Gryazev,director-writer-cinematographer
n_6949cd6e,Marc Barbé,actor-director-writer
n_5e63e863,Gill Lopez,editor
n_0c3dc596,Jewelia Fisico,actress
n_457ea1a0,Skai JacksonZ,actress
n_0a0347ad,Akira Kurosawa,writer-director-assistant_director
n_f77de0e1,Aicha McKenzie,actress-miscellaneous
n_bce39345,Bachuki Dogonadzei,actor
n_f37620b3,Oktay Yavuzr,script_department
n_9945caa2,Ali Azads,actor
n_016e96f6,Rodney Ascher,director-editor-producer
n_c37c3f20,Debra Rogers,actress-miscellaneous-writer
n_7ca416ac,Deborah Shelton,actress-writer-music_department
n_b55dac71,Tamás Dobosk,cinematographer-camera_department-writer
n_7c35e81c,Mikhail Kamenetskiy,cinematographer-director-camera_department
n_6187a757,Quinton Flynn,actor-writer-soundtrack
n_b1ab92e9,Ryôtarô Okiayu,actor-soundtrack
n_cbe84546,Daniel Wiroth,director-writer-cinematographer
n_91efc40d,Mary Bennett,miscellaneous
n_89f4c411,Rick Ostermannk,visual_effects-director-writer
n_c3ecfe25,Vicky L Neal,writer-miscellaneous
n_2482b298,Gene Autry,soundtrack-actor-producer
n_f159bd4d,Curtis Bisel_,animation_department-miscellaneous-editorial_department
n_50b5e365,Nikos Milas,cinematographer-camera_department-producer
n_f305f508,Robby Rotfeld,music_department-editor
n_6ff91673,María Agui Carter,director-writer-producer
n_e54ec789,Gerda Coppens,producer
n_18985365,Manmohan Singh,cinematographer-producer-director
n_4c635cc6,Kristin Booth,actress-writer-producer
n_db5bb82d,Viv Thomas,director-producer-camera_department
n_a122a498,Lucia Pecrul,actress
n_830200b0,BoyYo Korodanq,actor
n_f74902c2,Özen Sermet,transportation_department-editor-director
n_6c061632,Seren Sirince,actress-soundtrack
n_201bba1a,Rajko Grlic,writer-director-producer
n_f3ecad44,Joseph de Cordova,actor-writer-assistant_director
n_05bc4a9a,Luca Calvani,actor
n_578819e1,Robert Staddi,animation_department-producer-director
n_92a1ff97,Bernard McConville,writer-script_department
n_d942abb2,Juan Quintero,composer-soundtrack-music_department
n_ae9ad5ac,Danijela Nela Mihajlovicr,transportation_department
n_546b97f2,Gene KauerN,composer-music_department-soundtrack
n_3a4c777f,Ed Crick,actor
n_0eba41d8,Mark Gerstorfer,cinematographer-director-writer
n_7ee8f26c,Salvador Pineda,actor
n_6216ade4,Marie Elinem,actress
n_1a783260,Mark Badger,writer
n_6be057eb,AJ Walsha,actor
n_a0aeaacc,Sherif Mounir,actor
n_1f16a1f5,Doris Kenyon,actress-soundtrack
n_0f4ea52a,Mack Sennett,producer-actor-director
n_51e15c6a,Marty McIntosh,
n_d5b0825b,Gabriella Boris,actress
n_d5f44c6b,Perin Malde,actress
n_2f988f1d,Rodrigo Gudiño,director-producer-writer
n_0d234122,Pinto Colvig,actor-writer-animation_department
n_56afa513,Myrna Loy,actress-soundtrack
n_bf823c00,Robin Coulonge,actress
n_a7fb7478,Wayne Uptown Johnson,cinematographer-actor-editor
n_16f8da62,Alyssa Chaffee,costume_department-actress
n_bc0f3f0d,Gisèle Rebillon,producer-production_manager
n_5fbe0acc,Jade Cheng,actress
n_3bdc421c,Danielle DePalmaV,producer-miscellaneous-executive
n_2d76dcca,Prabhakar Kapikado,soundtrack
n_dbacfe74,Bryan Smith,writer
n_fde009b6,Mareike Lueg,producer-production_manager
n_737e0f57,Emily Brooks,actress-writer
n_4051d74d,Miriam Cutler,composer-soundtrack-music_department
n_4224793d,Jules White,producer-director-actor
n_107b20e8,Sergio Amidei,writer-producer-assistant_director
n_b0a116c0,Margarita Robles,actress-writer-miscellaneous
n_30869d3e,Georgiy Ostretsov,actor
n_b7ce3faf,Lisa Milio,actress
n_9ab4f18f,Dave Sutherland,miscellaneous-actor-writer
n_01715a16,Marilyn Joiv,actress-costume_department
n_bbac40d1,David Feiss,producer-art_department-writer
n_bb2420fa,Andrew J McIntyre,cinematographer-camera_department
n_3580dfe8,Ross Hotchkiss,director-visual_effects-editor
n_8f5ed026,August Thøgersen EideY,actor-director-writer
n_3ec72d39,Dan Henderson,actor-stunts
n_175597f0,Michael J Hartnett,cinematographer-writer-camera_department
n_d707bc2d,Edwina Northcott,
n_5a976f5f,Nick Doobs,cinematographer-director-camera_department
n_567dede6,Vic May,actor-producer-director
n_481f4b10,Mark SearsF,actor-stunts-writer
n_fa46b085,Nick London,director-producer-cinematographer
n_9c9d8f24,Lidia Korsakówna,actress
n_3bac687b,Leanne Rowe,actress
n_192593f1,Simone Brice,actress
n_2ca49bcf,José Luis ColinaI,writer-director-soundtrack
n_967d2ca1,Guillaume Schiffman,cinematographer-camera_department-actor
n_160c44e9,Helen Vita,actress-writer
n_2aa110aa,Lorenzo Levrini,cinematographer-camera_department
n_9fe87e2e,Rick Ostermann,assistant_director-director-writer
n_c6f49bfb,Enrique Jarlego,editor-director-actor
n_3fa2bfa4,Rajan P Dev,actor-director
n_99cb42c9,Theodora Duncan,actress
n_04f2e4c0,Richard Roundtree,actor
n_dbae0df1,Jack Chertok,producer-miscellaneous
n_efe6ff85,Alan Daicz,actor
n_5671627e,Harry ManfrediniF,composer-music_department-soundtrack
n_dbf15de5,Jake Brennan,actor-cinematographer-camera_department
n_c9ad0cc1,Melanie Lee,producer-assistant_director-editor
n_e493026e,ChenNan Tsai,actor-soundtrack
n_2117a33e,Mike Deisinger,editorial_department-editor-director
n_d5b5a7ee,Luca Del Puppo,cinematographer-camera_department-actor
n_8f3ff91a,Harry GregsonWilliams,composer-music_department-soundtrack
n_7cfff8db,Ryôtarô Okiayu,actor-soundtrack
n_0a39e7c5,Benedetto Lo Monaco,actor
n_3eb4ab68,HJP Arnold,
n_0bc9e7d2,Khosrow Khanmohammadi,actor
n_4543a285,Kurt Patino_,manager-writer-producer
n_5f4462d1,Emer OSullivan,art_director-production_designer-art_department
n_db043d06,Baldev Gill,writer-producer-actor
n_4ef28b8e,Mohana,actress
n_51ecd6ca,Valentina Ghelfi,actress
n_00e8b5ed,Katie Bonhamp,director-writer-assistant_director
n_d904a3b4,Neville Raschid,producer-director-actor
n_1a0cd1d9,Filiberto Satti,actor
n_7d12ca35,Bill McLaughlin,actor
n_550a7d4e,Barbara Pogenmiller,actress
n_f4a9d078,Naama Amitr,actress
n_299ca096,Pavel Nilin,writer
n_b2eebd2b,Chris Shepherd,director-writer-animation_department
n_0bcc355f,Jordan Leondopoulos,director-editorial_department-writer
n_4ae33120,Don Smith,actor
n_e6f16b86,Tom Shannon,animation_department-art_department-production_designer
n_08ee6ef7,JB Rogers,assistant_director-producer-director
n_d2bbd8f8,MariePierre Huster,writer-director
n_34ebf071,Scott Lyons,actor-miscellaneous
n_c059b062,Adam Kasprowicz,actor
n_410dc1ea,Bentley CooperQ,actor
n_33f37e53,Kazuaki Yoshiga,cinematographer
n_c1d60f89,Paul Burke,actor-camera_department-writer
n_3579e2f5,John Chaser,actor
n_888d6778,Georg Hensel,writer-actor
n_f3160230,Kathryn FarrX,actor
n_4efdbb06,Mario Temes,actor-cinematographer-director
n_0c926fd7,Paul Weitzm,producer-writer-director
n_ca99c5d3,Aleksandar Herc,editor
n_0ca0bfe6,Jeremiah BitsuiC,actor-producer-casting_department
n_cd5b89f7,Alisha Boe,actress
n_edf43475,Ernest Pagano,writer-producer-miscellaneous
n_7fdb8fef,Sabitri Chatterjee,actress
n_ee99a667,Oskar Kaszynski,actor-director-writer
n_61d3ebfc,Klara Rumyanova,actress-music_department
n_2bb02964,Robert Budreauw,producer-director-writer
n_2a4a2105,Russell Harlan,cinematographer-camera_department
n_0e165052,Hubert Frank,director-writer-actor
n_b156663f,David Yow,actor-soundtrack-director
n_0cde957e,Melissa Molinaro,actress-soundtrack-miscellaneous
n_f38e44c4,John Flock,producer-writer-miscellaneous
n_5580ed50,Benjamin Brat,actor-director
n_46836089,George Galloway,writer-producer-actor
n_facea49f,Garnet Campbello,composer-director-writer
n_77e155c3,Chris Walden,music_department-composer-soundtrack
n_774ffe61,Kari Foxx,actress
n_ea47c92b,Marcus Bryant_,composer
n_3c235be2,Reiko Yoshida,writer-miscellaneous-script_department
n_84587ad8,Daniel Hendler,actor-director-writer
n_9dc3bbf9,Rodney Ascher,director-editor-producer
n_e7321576,Mac Kenny,cinematographer-camera_department-director
n_e5e10bd8,David Pierce,actor-writer-assistant_director
n_c9f0f5d6,Serdar Atacan,actor-writer-producer
n_3ecb0eb9,Cheyenne Pesko,miscellaneous-editor-camera_department
n_de7bf4d0,Stephen Eyssen,composer
n_7097ecd6,Nripati Chatterjee,actor
n_54d51144,Kevin Feige,producer-miscellaneous-production_manager
n_63b6fbaf,Yuan Huangy,legal
n_6062976b,Sanjay Narvekar,actor-director-producer
n_2d898014,Lydia Bouchard,actress
n_362fd545,Michael Ironside,actor-producer-writer
n_d5765846,Harry Kurnitz,writer-producer-costume_designer
n_e57be178,Oktay Yavuz,actor
n_30b8f851,John Glennb,writer
n_a5354824,Henry Cavill,actor
n_d25b575a,Olga Vasilenko,editor
n_4a19f1e7,David R Schwartzv,transportation_department
n_62671876,Zdenek Hadjova,cinematographer
n_25fcef02,Michael Ford,actor
n_b6576780,Melanie Lee,producer-assistant_director-editor
n_ce2b81bd,Aleksandar Herc,editor
n_303e13da,Sydni Lynn,actress-writer
n_fc6e3260,Lynne Ramsay,director-writer-producer
n_b02c43c2,Rubin Whitmore II,director-producer-editor
n_fa0a40fc,Jacques Tourneur,director-assistant_director-editor
n_18c6b439,Sebastian Jacques,actor-soundtrack-music_department
n_a0f96a12,Hope Loring,writer-actress
n_0ea9e762,Sophia Huybens,actress
n_879aef34,Nancy Reagan,actress
n_897c2800,Bernard Hill,actor-miscellaneous-soundtrack
n_1db12499,Richard Martin Sternk,writer
n_a26c69eb,Prabhakar Kapikad,actor
n_a61e5d74,David Yow_,casting_department-soundtrack-director
n_8ef384fb,Eduardo Yáñez,actor
n_d62f5f8c,Greg Ayres,actor
n_28759693,Kanchana,actress
n_007b3bcb,Joy BangM,actress-soundtrack
n_052f2e16,Joy Bang,actress-soundtrack
n_26867c24,Hugo Kovensky,cinematographer-camera_department
n_c1f3200f,Tony Santosp,composer-director-writer
n_dd8b2550,Gail Strickland,actress-soundtrack
n_a753f9d4,Juliette Day,actress
n_dba04b84,Kotono Mitsuishi,actress-soundtrack-miscellaneous
n_4fcdba80,Alexia Bell,actress
n_6d73b70e,Valérie Lemercier,actress-director-writer
n_adc4dd3e,Liz RephL,producer-writer-director
n_b485319c,Robert Lefebvre,cinematographer-actor-camera_department
n_80eaf41c,Leif Axel Kjeldsent,editor-editorial_department-set_decorator
n_dd42de26,Javi FrutosN,director-editorial_department
n_6e5a1ae9,Aitzol Aramaio,director-writer
n_5d920c59,Tobias Bühlmannd,actor
n_61949ec0,María Agui Carter,director-writer-producer
n_3484d9af,Olivia Venables,art_department-art_director-costume_department
n_5c2c4e4d,Chris Robinson,director-producer-assistant_director
n_da567b8a,Shunsuke NakamuraH,location_management
n_a6bd1311,Helena TrestíkováN,director-writer-actress
n_25b57e80,Jorge Rivero,actor-producer
n_bd26e08d,Josie Petersen,
n_eeb5c516,Özen Sermet,cinematographer-editor-director
n_eba9abbf,Hadleigh Arnsti,producer-director-writer
n_9dd0f8bd,LeaBeth Shapiro,producer-writer-assistant_director
n_906b79e9,Guy MitchellI,actor-soundtrack
n_7011b8bb,Brooke Satchwell,actress-camera_department-producer
n_c218632d,Allan Lane,animation_department-soundtrack-producer
n_00ee74a1,David Pierce,actor-writer-assistant_director
n_9ad8a0b3,Lev Milchin,director-art_director-production_designer
n_b4eaf66b,Ethel Barrymore,actress
n_d234661e,Anton Kuznetsov,actor
n_386be55f,Samantha DockserJ,actress
n_e6b1a03f,Bernard White,actor-writer-director
n_7dfd6c9b,Petr Skoumal,composer-soundtrack-actor
n_afe4f4a4,Ravindra Jain,composer-music_department-soundtrack
n_e46cb42d,Mark Sears,actor-stunts-writer
n_50da3e2b,Tan Cheungc,art_department-actor
n_c4a43ab8,Akos Farkas,cinematographer-camera_department
n_6b2372b5,Brian Pumper,actor-director-producer
n_adbd6f30,Walter Feiden,
n_2515c8e9,Joseph ODonnell,writer-miscellaneous-script_department
n_ea6e2afb,Henry Coombs,actor-miscellaneous
n_433b8bf7,Telly Savalas,actor-soundtrack-director
n_222df4a7,Renato Baldini,actor
n_28e2374f,Joaquín Martínez Castillo,composer
n_6f238ea5,Seeta Indrani,actress-producer-director
n_fba1072d,Harvey Korman,actor-director-soundtrack
n_b17ba20f,Jelena Büsser,actress
n_ccc28dbf,Joseph de CordovaQ,editor-writer-assistant_director
n_307044cc,Collie Fick,writer
n_48c75cb6,Eric Hodges,editor-editorial_department
n_d56f8ce4,Christoffer Nordenrot,actor-writer-director
n_63aa0026,Angela Potrikus,actress
n_b46b1f27,Katy Scott Ricketts,actress
n_4ad8bc34,Katherine Hicks,actress
n_6b259c7c,Michelle Randolphs,actress
n_28cf558d,Sylvie Brenet,producer-production_manager-miscellaneous
n_beb2bb66,Charles Thompson,
n_1c96036b,Bruno DelahayeO,director-actor-writer
n_d48e4ba7,Roy Mackr,special_effects-writer-miscellaneous
n_b45710f0,Andrew GothardW,actor
n_c6d67405,Yoshie AsaiK,actress
n_0ee2d099,Seyed Jalal DehghaniAshkezarij,manager-director-producer
n_4c90c807,ColeridgeTaylor Perkinson,composer-music_department-soundtrack
n_f04fdd98,Matheus Abreu,actor
n_86b705d3,Diana Chihade,actress
n_211dd1c9,Lauren Haroutunian,cinematographer-editorial_department-camera_department
n_ff1e6ae4,Marilyn Manson,soundtrack-composer-actor
n_93b35804,Wanjeri Gakuru,writer-director-costume_department
n_3beab6ed,Minh Chieu,director-writer-camera_department
n_82bb6dfb,Tina Bates,writer
n_f8551360,Herbert Bautista,actor-soundtrack-miscellaneous
n_d408d0c5,Benoît Graffin,writer-director-actor
n_4355e4b7,Tim Lever,soundtrack-miscellaneous-composer
n_54bde791,Ave Ninchi,actress-miscellaneous
n_1cfef616,Rirkoo,actor
n_a82053f0,Irina Mazing,actress
n_179a3fdf,Bone Thugs n Harmony,soundtrack-actor-composer
n_bcc005c4,John Bell,actor
n_62bfc011,Laurens van Rooyen,composer-music_department
n_037eb888,Cecilia Gessa,actress-script_department
n_076dc5cf,Howard K Smithj,make_up_department-actor
n_c5e9ccbb,Joe Whiteaker,director
n_f2a1d87d,Rahul Dev,actor
n_a9a461e1,Ulrich Noethen,actor-soundtrack
n_77c03d3a,Attila Hörbiger,actor-soundtrack
n_71676075,Jonathan Drubner,writer-miscellaneous-producer
n_b98a0d1e,E CharltonTrujillo,producer-director-writer
n_fae486b6,The Crystal Method,soundtrack-music_department-composer
n_81ae44ee,Clara Rugaard,actress-soundtrack
n_39f098b5,Marilyn Manson,soundtrack-composer-actor
n_07936538,Leonor Seixas,actress
n_fba76430,Alexis C Martino,actress
n_cbe327b6,James WebberZ,actor-director-writer
n_a1b0a6d3,Martin Lutz,music_department-composer-miscellaneous
n_c3156c52,GW Bitzer,cinematographer-director-camera_department
n_f0cfb769,Yuri Pugach,production_designer-set_decorator
n_39699875,Marlen Diaz,actress
n_dabe6cc1,François De Brauer,actor-writer
n_fcaf8e10,Paul Sloane,writer-director-producer
n_520d8e8f,Hani Shnudah,composer-music_department-soundtrack
n_4eb65d89,Michael Knupffer,producer-sound_department
n_a1394539,Sandra CarusoE,actress
n_af751f51,Ali Mansuri,producer-miscellaneous-camera_department
n_a9221d2e,Agnès Godard,cinematographer-camera_department-editorial_department
n_94229690,Matteo StocchinoZ,set_decorator-music_department
n_1e213dc2,Miriam Karlin,actress
n_47271130,Tom MixU,transportation_department-director-writer
n_0f96a77a,Felix Cramer,cinematographer-camera_department-visual_effects
n_b0c71cdb,Mark Calaway,actor
n_08788ae3,Enrique JarlegoN,composer-director-actor
n_f4a4796f,Edward Clark,actor-writer-soundtrack
n_ee7dad44,Ford Austin,actor-producer-director
n_7359dffd,Klaus Dahlend,casting_director-soundtrack
n_eb85ec5f,Paul Sloane_,writer-director-producer
n_6ed3ee3c,Ferran RañéG,publicist-producer-soundtrack
n_da1a54d6,Vicki Lawrence,actress-soundtrack-writer
n_e81ac990,Rahel Grunder,writer-director-script_department
n_7b887cf7,John Dall,actor
n_57fd193c,Gustavo Galvão,producer-director-writer
n_839be393,Pasha Patriki,cinematographer-producer-camera_department
n_eef6fe74,Aleko Begalishvili,actor
n_e1c0ef27,Marija Karan,actress
n_45177e58,Guy Dufaux,cinematographer-camera_department-director
n_3211fa90,Filemon Wesselink,actor
n_c1b60a00,Romano Reggiani,actor-director-writer
n_1e54e0c4,Beth Roose,writer-producer-director
n_a830b778,Ross Otterman,producer-director-writer
n_26bf0510,Bhushan Kumar,producer-writer-miscellaneous
n_67f21e65,Ben Affleck,producer-actor-writer
n_860bbd0d,John A Bushelman,editor-editorial_department-sound_department
n_5b5dc919,Ibinabo Jackd,production_department
n_2b6f15cf,Marko Nabersnik,director-writer-assistant_director
n_d897d8c2,Nutan Prasadb,actor
n_3dfc66b1,Wayne Tucker,actor
n_87baade7,Vladimir Gerasimovd,set_decorator-assistant_director-producer
n_70126fe6,Georgiy Ostretsov,actor
n_2cf96afd,Victoria ValentinoF,actress
n_e2c64d01,Tugay Toksöz,actor
n_acd2cd72,Liliana BonfattiV,cinematographer
n_951a9f52,Amy Adamst,actress-producer-soundtrack
n_644d8277,Kera OBryon,actress-music_department-miscellaneous
n_ed820da5,Håkan von Eichwald,composer-music_department-actor
n_34d36367,Lisa Arcaroz,production_designer-casting_department-casting_director
n_68c7f085,Hans Rosenthal,writer-director-actor
n_25442432,Felix Adler,writer-miscellaneous-actor
n_233a47bc,Christopher Bryant Tucker,director-actor-writer
n_cf1e5cca,Steven A Davis,stunts-actor-writer
n_4aeb42fc,Letícia Persiles,actress
n_34bd4096,Arden Belleh,assistant_director-writer-producer
n_c8a549cd,TT Boy,actor-director-producer
n_d8b0d743,Matthew James Kelly,composer-music_department
n_56face99,Jim Connock,editor-editorial_department-sound_department
n_d503d5f1,Christopher G Pike,actor-editorial_department-sound_department
n_f67f3000,Bruce McNall,producer-executive
n_d1e53da2,Jördis Triebel,actress
n_bc04ea27,Diane Martelo,executive-miscellaneous-soundtrack
n_8d571d2f,Margarita de Ochoa,editor-editorial_department
n_55dda48e,Jonathan Dodson,actor-producer-transportation_department
n_c89d0295,Luísa Cruz,actress-miscellaneous
n_f4bba90e,Nicolás Corbelli,director-writer-cinematographer
n_f0ddda32,Bruce Bromberg,composer-soundtrack
n_3b23f9f9,Sebastian ZentilomoZ,make_up_department-editor
n_ce2e5df6,Andrew Thacher,actor-sound_department-producer
n_66878e3f,Stanley WilsonD,publicist-composer-soundtrack
n_c60741a7,Shaun Dooley,actor-miscellaneous-soundtrack
n_3bbfdf53,Michel DuchaussoyT,actor
n_af7ed9b1,Leo Tolstoyu,writer-soundtrack
n_d050dd85,Nicole WrathallHiggins,producer-writer-assistant_director
n_41e2d1cc,Juan Pérez Fajardo,director-writer-art_department
n_cf06adb6,Charlie Roellinghoff,writer-actor
n_33bad386,Ramil Zeynalov,actor
n_ce6cc68e,Per SchwenzenG,manager
n_0cc7f8cd,Sishwa,actress
n_849f7b04,Mario Garcia,actor
n_6e5342e4,Mathias Winum,composer-sound_department
n_7af6384c,Horacio Taicher,actor
n_5dabbfba,Mark Brescianoq,cinematographer
n_21711186,Nathan Dashwood,actor-stunts
n_79278762,Mihai Calin,actor-location_management-transportation_department
n_005322cf,Lucas Neff,actor-soundtrack-producer
n_dff8d7ef,Paul Weitz,producer-writer-director
n_5ef92592,Hatice Kalit,actress
n_f9f9cb41,Jens Johansson,actor-soundtrack
n_e29aced3,Oskar FranzenP,editor-editorial_department-camera_department
n_ec73b28b,Faisal,cinematographer
n_a74cd91b,Sergio Benvenuto,writer-assistant_director
n_cdba0acd,Jayma Mays,actress-soundtrack
n_84c6317c,Joseph Bologna,actor-writer-director
n_ed03b9e1,Ana Blanco de Córdovax,actress
n_4ea90757,Mike Fallekn,writer-director-editor
n_d0e2a406,Joey DAuria,actor-writer
n_4196bb19,Pierre BarilletG,editor-actor
n_2e0b806a,Curtis Bisel,editor-miscellaneous-editorial_department
n_8f613fa6,Jay Hickman,actor-soundtrack
n_421655a2,Jean Proal,writer
n_ecaa1395,Caio Marcio dos SantosT,composer
n_be3a4a2d,Frank Welker,actor-soundtrack-music_department
n_4efd7304,Rosemary Hill,producer-script_department-miscellaneous
n_3980d2fc,Mike Lane,actor-producer-soundtrack
n_dcc18670,ChungHsien Wu,art_director-art_department-production_designer
n_8a525c80,Ido Drent,actor
n_5f885857,Rirkoo,actor
n_292a1c95,Robert De Niro,actor-producer-soundtrack
n_00f2068a,Frank Ditto,actor-director-writer
n_fafef3b3,Sharon Franklin,editor-editorial_department-camera_department
n_0990ab3f,John P Wheatley,camera_department-cinematographer-director
n_c3da0ab5,Hakan Sükür,
n_00555d85,Sylvie Brenet,producer-production_manager-miscellaneous
n_ddf6da17,Kareena Kapoor,actress-soundtrack-music_department
n_fd892183,Ilya Korobko,actor
n_2212a2d0,SJ Thomas,cinematographer
n_cb462c29,Jimmy Pawlak,actor
n_76bf6c35,David Gazzanak,camera_department-actor-visual_effects
n_0226d6ed,Ray Enright,director-writer-editor
n_04846c0b,Cristina Bella,actress-make_up_department-costume_department
n_6d0b4540,Rosemary Clooney,soundtrack-actress-writer
n_70bc768e,Thodoros Moridis,actor
n_669274e4,Sofia Bohdanowicz,director-editor-producer
n_932a8197,Jeronimo RodriguezGarcia,cinematographer-camera_department-editorial_department
n_d8410704,Dewey Allen,producer-director-writer
n_e8b3f407,Joe E Brown,actor-soundtrack
n_7c39092f,Helder Fariaz,editor-director-writer
n_5f22530c,Dorottya Mathet,producer-production_manager-miscellaneous
n_892992ba,Govinda,actor-music_department-producer
n_26e5b834,Robyn S ClarkZ,actress-writer
n_15f77db0,Hani Shnudah,composer-music_department-soundtrack
n_2e9948c5,Eloïse Genet,actress
n_278d31c0,Kari Foxx,actress
n_504a028c,Catherine WinterD,legal
n_6924ed07,Gyula Busso,electrical_department
n_aaee6426,Suavi Tedü,actor-director-writer
n_9a7007a7,Barbara EwingP,manager
n_b2e826af,Angela PatonH,actress
n_1ec41344,Andrew Hernandez,actor-writer
n_6b38e503,Jen Brown,producer-production_manager-director
n_64a2eb2d,Jerry Watson,camera_department-cinematographer-miscellaneous
n_f180ff75,Frank M Robinson,writer-actor
n_9c24a7b0,Michel Duchaussoy,actor
n_0d48adec,Henry Short,cinematographer-director-editor
n_23637ca8,Nigel Davenport,actor-assistant_director-soundtrack
n_61388db9,Sara Garth,camera_department-cinematographer-miscellaneous
n_142c808c,Jack Kirby,writer-animation_department-miscellaneous
n_46a14ce3,José María Morales,producer-executive
n_1359aee1,Jawad Rhalib,director-writer
n_cab376a2,Peter Mullan,actor-director-writer
n_3b968076,Tony MartinelliY,editor-editorial_department
n_dfc90e45,Renate Schubert,actress
n_62b4378b,Axel Milberg,actor
n_c3b96466,Li Fu,set_decorator-writer-director
n_aad34ff1,Larry Fineb,cinematographer-soundtrack-writer
n_7bdb7a08,David Robles,cinematographer-editor
n_388c9d89,Mark Fitzhugh,actor
n_30f3ffee,Jake Brennan,actor-cinematographer-camera_department
n_01c5bfbd,Lucile Terrin,writer-assistant_director
n_5ac7a8f4,Arne BangHansen,actor
n_bc57859a,Mitch Pileggip,actor
n_2dc64e53,George H Brown,producer-writer-production_manager
n_07893d2f,Liv Leman Brandorf,actress
n_fd46178c,Sean Patrick Flanery,actor-soundtrack-producer
n_772c93dc,Reed Brown Jro,set_decorator-soundtrack
n_a03c7cf9,Sócrates,editor
n_c4a1d856,Leo Valeriano,actor
n_40bd49fc,Kate Winsletc,actress-soundtrack
n_002755de,Brett Emerton,
n_828dcda4,Bénédicte Gobert,actress
n_239f1f0e,Gerald Geraghty,writer-miscellaneous
n_2d82337c,Dmitriy OrlovB,editorial_department
n_6ed128a6,Thomas Osgood,composer
n_f4eb1a0c,Jess Harnell,actor-music_department-soundtrack
n_9d391b52,Deborah Copaken,assistant-writer-camera_department
n_7592f070,Sharon Harel,producer-writer-casting_director
n_906a76ef,Rolf Berg,actor
n_103fff5e,George Pal,director-producer-cinematographer
n_a0f5e75a,Bill Bixbyx,actor-director-producer
n_e5733a17,Alexander HachkoG,publicist-editorial_department-producer
n_9f0e4c19,Max Dinero,actor
n_93a11b29,Phoebe WallerBridge,writer-actress-producer
n_308058c9,Fernanda Motta,actress
n_9d706f2c,Hannu Kahakorpia,manager-actor-director
n_bfcc01b6,Tom Watson,editor-editorial_department
n_ad0427f6,David Hicks,production_designer
n_2ad3c50b,Chris Roche,director-writer-location_management
n_6f9d2441,Afa Anoai,actor-producer-miscellaneous
n_c0deabf4,Norman Lovett,actor-writer-soundtrack
n_04275205,Martin Maheux,composer
n_c9e3e03d,Edward Faulkner,actor-director-art_director
n_108d7fff,Marcius Barbieri,editor-director-actor
n_d2932576,Hans Heinrich,director-editor-writer
n_6f056142,Zeinab Abdo,actress
n_70c8edec,Ryan Beekhuizen,actor
n_9c079990,Susan Boyle,soundtrack-actress
n_d905b3fb,James Webber,producer-director-writer
n_982af3ca,Jacques Penot,actor-writer
n_c01c375f,Axel Milberg,actor
n_c4be9295,Naim SutherlandT,costume_department-camera_department-producer
n_9ea1b844,D Karetnyy,cinematographer
n_87fdad81,Kendal RogersJ,director-cinematographer-miscellaneous
n_2af2b177,Madhusudan Reddy,cinematographer
n_6d2cd145,Kitarô Muro,producer-writer-director
n_b8bd25ce,Olivia Deeble,actress
n_edd1834c,Walaa Farid,actress
n_be6f05de,Raj Kumar SA,composer
n_b15800d0,Hugh Harman,producer-director-writer
n_45c68427,Suzanne McCafferty,producer-director-assistant_director
n_0a21ce6e,Edibe Üneri,
n_6e920ab6,Zygmunt Zintel,actor
n_db80d2f6,Ryan Haidarian,producer-director-actor
n_1714bc50,Aitzol Aramaio,director-writer
n_128ffda0,Maralyn Thoma,writer-actress-producer
n_ed9c97e4,ShaoTung Chou,actor
n_4056c4b4,Cuckoo,actress-producer-assistant_director
n_6b0903a4,Steve BevilacquaE,writer-producer-director
n_caedfa35,Bhoomika Chawla,actress-miscellaneous
n_5f9d9a06,Paull Walia,actor
n_b9e4129d,Bern Sundstedt,actor
n_cb1672b7,Steve Austin,actor-producer-writer
n_19615d76,Yôko Tsukasa,actress
n_0d42052f,Charles Fitzgerald,producer-writer
n_750d010c,Ulrich Matthes,actor
n_fcc7d726,Ayano Takeda,writer
n_055b0938,Michel Martensz,writer
n_e6491daf,Bibhutibhushan Bandyopadhyay,writer
n_70bf3c5d,Alberto Nieto Ferrández,actor
n_dd3847d8,Thomas Anderson,actor
n_69982dbf,Philip Carey,actor-soundtrack
n_d7387232,Alivia Mariev,actress
n_3263a217,David Rimawi,producer-actor-writer
n_aa7bddd4,Bashar Samman,editorial_department-editor-camera_department
n_3e7f2904,Kitarô Muro,producer-writer-director
n_e3fb5e2c,Rico Strong,actor-director
n_cfe2a1a4,Drew Vaupen,producer-writer-miscellaneous
n_281b724e,Donna Warner,actress
n_42640f67,Al Martin,writer-director-soundtrack
n_0c2afc44,José Luis Colinax,producer-director-soundtrack
n_9e1869cc,Isabella DeSantos,actress-director
n_9c0af23c,Tamara BrukettaX,actress-writer-producer
n_62de0dce,Chris Colfer,actor-soundtrack-writer
n_4f09b351,Sky Taylor,actress
n_065dbfe6,Marlen Diazk,actress
n_6b7166c9,Michaela FurneyO,miscellaneous
n_a09db510,MM Keeravani,composer-music_department-soundtrack
n_9aa16003,Finch Nissen,actor-writer-director
n_d56b45fb,Bobby Chakraborty,actor
n_db67e9ef,Steffen Hallaschka,actor
n_b77215d7,Matt Egans,production_designer-camera_department
n_f5d9326a,Elsa KikoïneM,actress
n_df085a98,Chris Candy,actor-sound_department-writer
n_04e96b90,Doug HeadlineJ,director-writer-editor
n_930e705a,Matthew Amos,director-assistant_director-producer
n_f2b924c0,Harry H Corbett,actor-writer-soundtrack
n_a3915616,Mark Dexter,actor
n_4f6e15c8,Ethan Ericksona,actor
n_16e5c08d,Jess Weiss,miscellaneous-producer-director
n_ef771703,K Balaji,actor-producer-production_manager
n_1a8990ad,MariaTeresa DaherCusack,actress
n_02fe37f3,Peter Marshall,actor
n_6e894698,Nick Londonx,composer-producer-cinematographer
n_6c11720c,JenChieh ChangR,assistant_director-actor-writer
n_19414fa8,Don Carmody,producer-miscellaneous-production_manager
n_dab51b1e,Amy Adams,actress-producer-soundtrack
n_3e2364ad,Chris Roche,director-writer-location_management
n_29ba7569,Alison Pillp,cinematographer-soundtrack
n_677e745e,Ivy Kong,producer-miscellaneous-writer
n_2a62f94e,Cynthia Rhodes,actress-soundtrack-assistant_director
n_2d780726,Virginie Efira,actress-writer-producer
n_93edcdf1,Stefan Willo,production_manager-soundtrack-writer
n_e3b4eae0,Rosemary ClooneyO,soundtrack-actress-writer
n_894214df,Peter Marshallw,animation_department
n_f0655a6a,Andy Chworowsky,actor
n_83cc5603,Harry H Corbett,actor-writer-soundtrack
n_cbf52de6,Daniel CraigH,cinematographer-producer-soundtrack
n_57cb020e,Rubin Whitmore II,director-producer-editor
n_dae0c280,ChunChun Hsu,actress
n_e2d86ef7,David S Percy,director-cinematographer
n_c9cbcb40,Bud Thackery,cinematographer-camera_department-special_effects
n_ff654beb,LeaBeth Shapiro,producer-writer-assistant_director
n_d7b2a9c7,Rachid Mekhloufi,
n_2b64b2c1,Ryan Haidarian,producer-director-actor
n_56dbc8ed,Robert Culp,actor-writer-director
n_1187d43d,Manuel Andrés,actor
n_a82f4f61,Robert F Blumofe,producer-miscellaneous
n_c990582a,Ahmet Tarik TekçeZ,actor
n_8548bbde,Dorothy Tree,actress
n_0b0cc218,Jacques Tourneur,director-assistant_director-editor
n_f9556c57,Sara Derzawy,actress
n_1c6bcb02,Herta Frankel,actress-miscellaneous-director
n_7a12d922,Paulo Branco,producer-actor-miscellaneous
n_2270e120,Stelvio MassiY,editor-director-camera_department
n_a7f38bf2,Joone,producer-director-camera_department
n_969aaf3d,Julien Guiomar,actor-miscellaneous
n_d6e189a6,Vinu Kiriyathp,writer-composer
n_730fd4c4,Scot DyerG,publicist-actor-writer
n_85194131,Carol Castro,actress
n_96467bcf,Philippe ProsperA,actor-stunts
n_60928412,Meng Hua Ho,director-writer-assistant_director
n_787f63cb,Eddie Wanga,composer-music_department-script_department
n_0f7a80e0,Vojtech Havel,composer
n_f883709b,Aaron Guerreroh,actor
n_02d39be6,Pelle Falk Krusbæk,actor
n_6f04f8fd,Hiroshi Kamiya,actor-soundtrack
n_855aa0a2,Jef Neve,composer
n_f119e06c,Raoul AndréL,director-writer-assistant_director
n_4a90ecff,Neil Keenanr,assistant_director-writer-special_effects
n_4cabff10,Saadet Özsirkinti,actress
n_789ea5ff,Danielle Franco,producer-miscellaneous-director
n_8c9a6594,Manuel Luna,actor
n_348f7489,Afa Anoai,actor-producer-miscellaneous
n_0f71697b,Baris Can Sagir,actor
n_b999bef2,Jack Chertok,producer-miscellaneous
n_cce9ba92,Yuka Hôshaku,actress
n_946dd221,Tobias Dengler,cinematographer-camera_department-production_manager
n_ab9386e4,Marilu Henner,actress-miscellaneous-producer
n_ed02fccf,Ellie Ann Fenton,camera_department-cinematographer-actress
n_93409dc6,Nathan Marquardtx,actor
n_6ad9c5b9,Giorgio Amato,writer-director-producer
n_810cd6d2,Yassin Ismail Yassin,director-writer-actor
n_24ad3c88,Felix Adler,writer-miscellaneous-actor
n_c608baac,Sei Hiraizumib,actor
n_7dffcfc2,Miikka Leskinen,editor-director-writer
n_029068cc,Scott Appleby,producer
n_a91b80ee,Vlasta Dusek_,miscellaneous
n_13afb4de,Hiroshi Kamiya,actor-soundtrack
n_aac09cd4,Christopher Morgan,producer-production_manager-miscellaneous
n_0eaef68e,Predrag EjdusW,actor-music_department
n_67d50610,Tanika Hardin,actress
n_b8355002,Caleb Lybrook,actor
n_be1e10a5,Roy Pomeroy,special_effects-director-miscellaneous
n_e2a51e73,Asan Kirkabayevq,director-composer-sound_department
n_39381f8f,Hiroshi Kamiya,actor-soundtrack
n_11027f90,JeanClaude La Marre,producer-actor-director
n_fdf7d327,Tully Marshalld,stunts
n_65fa9d89,Carlo Rota,actor-miscellaneous-producer
n_a44fa547,Pavel NilinR,writer
n_07450f3c,Vernon Dent,actor-writer-soundtrack
n_a385b043,Nemanja Mosurovic,composer-music_department
n_4d702ded,Eduardo Yáñez,actor
n_5531db9d,Shahnaz Tehrani,actress
n_4be0063e,Andrew Waruszewski,camera_department-cinematographer-editorial_department
n_6904268e,Suzan Avci,actress-producer
n_de672479,Robby D,director-camera_department-cinematographer
n_dcfc0ab7,Andre Matthias,composer
n_5a306f72,Alan Tripney,actor
n_fabeef53,Bruce Nasht,electrical_department-writer-director
n_3e99c9c9,Shaochu Zhang,writer
n_3119a84c,Gabriella Boris,actress
n_456aa377,Ethel Barrymore,actress
n_bd0df1a7,Jonathan Prycee,set_decorator-soundtrack-producer
n_7a8b232c,Houston Curtis,producer-writer-director
n_33e3ca8e,Agustín Lara Alvarado,cinematographer-camera_department-actor
n_43f5468b,Giampiero Judica,actor
n_27c6f776,Jack Ingram,actor
n_6fbb6bfe,Thodoros Moridis,actor
n_c09ce48d,Erik Searle,actor-casting_department
n_a495467f,Thomas Bo Larsen,actor-stunts
n_0dd10be2,Laiching Ku,producer
n_6a596f2f,Nehal Mehta,actress-miscellaneous
n_ef18a3a3,Martin Rahner,editor-editorial_department
n_c38aca71,John Keville,producer-miscellaneous-executive
n_3bc40e5f,Trijntje Oosterhuis,soundtrack-actress-writer
n_80a87611,Olga Vasilenko,editor
n_96567f38,Iván WyszogrodP,actress-music_department-sound_department
n_d62ab76a,Ugur Kardas,manager
n_5e597d3b,The Romantics,soundtrack-actor
n_dea9ceb2,Robert Cummings,actor-director-soundtrack
n_6257ceed,Leon Bourikos,actor
n_413aafc3,Eduardo Flores Torres,cinematographer-camera_department-director
n_2fafc0ef,Robert Foster,camera_department-cinematographer-director
n_9833bc40,James Batley,producer-director-editor
n_a95800be,Peter R Hunt,editor-director-editorial_department
n_8d8ed516,Vittorio Cecchi Gori,producer-miscellaneous-actor
n_e14dd4f6,Nao Tôyama,actress-soundtrack
n_eea0afd1,Julia von FrihlingE,editor
n_59fd58f7,Belinda Mason,director-writer-cinematographer
n_963b891d,HansUwe Bauerd,assistant
n_7a9aff18,Harry Manfredini,composer-music_department-soundtrack
n_482d462d,Simon BeaufilsS,editorial_department-camera_department
n_dff7181b,Peter R HuntD,editor-director-editorial_department
n_a48f8f71,Bettina Kupfer,actress-writer-producer
n_d15db8f6,Hans Rosenthal,writer-director-actor
n_8fb1fd2d,Charles Bernstein,composer-music_department-soundtrack
n_778778e2,Alexander Blaise,actor-miscellaneous
n_c29fff3d,Daniel Hendler,actor-director-writer
n_ef3ceda9,Kirk Hazen,composer-actor-writer
n_f90e67fc,Steven A Davisp,stunts-actor-writer
n_dfa64db7,David Jaffe,writer-miscellaneous-director
n_1530f98e,Ross Andersona,miscellaneous
n_53ccb4aa,Albert R Broccoli,producer-miscellaneous-assistant_director
n_570c8352,Walter Feiden,
n_b9c1eb6b,A Jerk,editor
n_6cb2668e,Mike LaneN,production_manager-producer-soundtrack
n_9c07dbde,Irene Di Lelio,director-writer
n_b6c3b617,Leo HouldingU,producer-miscellaneous
n_8b0ceb7a,Ugo Liberatore,writer-director-actor
n_c75d12d9,William H Pineb,producer-director-miscellaneous
n_8bd434ef,Chris PerryW,director-writer-producer
n_cb6735b3,Kurt Lockwood,actor-director-writer
n_26f441f9,Terrayne Crawford,actress
n_5f5bde28,Kayla Lauzier,actor
n_b0842fc8,Simon Gstöttmayr,editor-music_department
n_5dfad641,Chuck Dukowski,soundtrack-actor-producer
n_c6169727,Craig Charles,actor-soundtrack-writer
n_292ae84e,Ian Daniels,actor-director-assistant_director
n_2b9fa882,Alessandro Alessandroni,music_department-composer-soundtrack
n_aa4a52b3,Lars Petter Aase,actor
n_b3f449ea,Arne BangHansen,actor
n_25a012fa,Charles A Nichols,animation_department-director-producer
n_c709bc40,Armando Bógus,actor
n_61223e4e,Dusty Rhodesk,manager-actor-producer
n_b940f2ec,Megumi Ishii,actress
n_640c220f,Haven,actress-production_manager-assistant_director
n_6347276b,Barry Crocker,music_department-actor-soundtrack
n_676167ec,Michael Brosnanx,producer-director-writer
n_00c26f23,Victoria Barkoff,actress
n_56cb679d,Paull Walia,actor
n_a8b2317d,Yassin Ismail Yassin,director-writer-actor
n_fd11eae8,Viktor Lebedev,composer
n_a6d9bb13,Jon Marshall,actor-writer-camera_department
n_748f1be6,Madhuri Dixit,actress-music_department-soundtrack
n_c998ddc7,Nathan Ruhland,director-writer-producer
n_2a42d72e,Ryszard Jaworski,cinematographer-director-writer
n_fa4b99fe,Dyanna Lauren,actress-director-writer
n_88c2d04f,Judit Czakó,editor-script_department-actress
n_8e8a7405,Andrew Dice Clay,actor-producer-writer
n_9971579b,Enrique Jarlego,editor-director-actor
n_7fdef8b4,Sidney M GoldinN,casting_department-writer-producer
n_80a255db,Sangeetha,actress
n_68c2ef38,Brian Pumper,actor-director-producer
n_f48d73f4,MohanaA,production_manager
n_c8a49856,Kelly Stables,actress-miscellaneous-stunts
n_7e47818c,Scott Ingram,production_manager
n_ea07bc57,Naim Sutherland,cinematographer-camera_department-producer
n_42b7bfd4,Martina Dräger,actress
n_917cab78,Andrew Dice Clay,actor-producer-writer
n_22f01414,George Meehan,cinematographer-camera_department-miscellaneous
n_ea039411,Penpak Sirikul,actress
n_9023253c,Eric F AdamsT,composer-stunts-director
n_16563cc2,Elektrina Korneeva,producer
n_b2cc4863,Mario Temes,actor-cinematographer-director
n_5a1ef836,Skai Jackson,actress
n_77bd09cd,Harley Wood,actress-soundtrack
n_987f9cb2,Mona Farjad,actress-director
n_1af9d493,Ryan Perez,writer-actor-director
n_d1c0b744,Thomas Cowan,
n_72b8b36d,James Busher,director-producer-writer
n_33992b3b,Janet James,actress-music_department
n_a707a124,Andrew Waruszewski,camera_department-cinematographer-editorial_department
n_94de7bc6,Tito Moral,actor-soundtrack
n_30be40a2,Jagapathi Babu,actor
n_0cc77cb3,Matthew F Reyes,miscellaneous-camera_department-special_effects
n_df19cd42,Meghan Bradley,actress
n_9272c508,Michael C Alvarez,actor
n_7f6a222d,David H DePatie,producer-writer-animation_department
n_869a033e,Stephen Reizes,writer-camera_department-director
n_fc51e153,Guy Branum,writer-producer-actor
n_7723421c,Ava Gardnerq,sound_department-soundtrack-stunts
n_a42bc384,Dawn Michele,actor
n_8b456551,Natalia Benvenuto,actress
n_08ee353c,Anja Akstinh,editorial_department-writer
n_83687f0d,Lene Guttorm Mikkelsen,producer
n_36310cee,Roman Mann,production_designer-art_director-costume_designer
n_f1134247,Jay Wasley,sound_department-cinematographer-camera_department
n_fd9b0575,Mindy Byram,actress
n_92729363,Michael Dougherty,writer-director-actor
n_db7a77aa,Wera Cleveq,editor
n_ad937882,Eric Gurney,writer-animation_department
n_4a0d54cc,Patrick J Voetberg,editorial_department-editor
n_d16062b5,Sebastian Zentilomo,cinematographer-editor
n_a69827b5,Jonathan Pryce,actor-soundtrack-producer
n_aefb4fcb,Daniel Millerd,cinematographer-camera_department
n_415d5466,Rüstü Reçber,
n_0f9b1d9a,Nicolás Corbelli,director-writer-cinematographer
n_efd3e809,OJ Simpson,actor-producer
n_a4919c0e,Paul Bisciglia,actor
n_cbd6d4b5,Manuel Andrés,actor
n_6daf6dce,SatyanandF,writer-script_department-miscellaneous
n_a5d02495,David R Schwartz,editor
n_a4ee0f7a,Charles Jordan,actor-soundtrack
n_5b1e0d98,ChandrashekharF,manager-assistant_director-writer
n_22c92d28,Andrew Strahorn,cinematographer-camera_department-producer
n_8ed0301c,Valley Keene,actress
n_2aa1eaab,Mathias Winumb,composer-sound_department
n_2b165d15,Paul Julian,animation_department-actor-art_department
n_cdd369f2,Luke Doolan,editor-editorial_department-cinematographer
n_ea650f18,Bradley McIntosh,actor-soundtrack
n_c4ed14a6,Soundarya,actress-producer
n_912f16b9,Rogelio Guerrao,actor
n_b1debad2,Ayelet Gabaye,animation_department
n_14838155,Stefano Fregni,actor-producer-writer
n_b947130a,Matteo Stocchino,composer-music_department
n_c905432e,Banzar Damchaa,actor
n_2c4f853d,Trent Haaga,actor-writer-producer
n_a59d5b68,Bhoomika Chawla,actress-miscellaneous
n_73b97a7b,Patrick Woodhousex,actor
n_c31d229d,Stephen G Shank,cinematographer-camera_department
n_97e7e44c,Ilya Korobko,actor
n_1cb339d4,Hans Rosenthaly,writer-director-actor
n_f6fcfb85,Gilberto Gazcón,writer-director-producer
n_c0d3c69a,Martin Waetzold,
n_e823cfc8,Vernon Dent,actor-writer-soundtrack
n_b3f5cd08,Jimmy Barker,writer-director-actor
n_ce650343,Kevin MacLeod,composer-music_department-soundtrack
n_a50c68a4,K Raghavendra Rao,director-producer-writer
n_e4312bd7,Soundaryaa,casting_director-producer
n_6ac60a25,Tyler Gorman,special_effects-editor
n_d3ca56be,Harry BakerC,editor-director-writer
n_424c78c1,Theodore J Pahle,cinematographer-director-writer
n_654d1346,Mitchell BourkeN,actor
n_8bbe4f9a,Owen MarksQ,production_department
n_1827c1a3,Mika Simmons,actress-director-writer
n_9c272d7e,Kenny Rogers,soundtrack-actor-writer
n_153a381a,Oleg Kuznetsov,actor
n_91fdbd6a,James Wilberger,producer-production_manager-miscellaneous
n_72e93302,Steve Williams,writer-miscellaneous
n_7db2d32e,James Luisi,actor
n_4197525f,Dan Robinson,editor-producer
n_184a904e,Govinda,actor-music_department-producer
n_43fc834f,Nuraddin Mehdixanlih,actor-director
n_d3ebfcc1,Pedro Pablo Picazo Pérez,writer-director
n_69ce2ae8,Jeremy Hoenackt,sound_department-editor-director
n_d3b02733,Ada Solomon,producer-production_manager-actress
n_b1527bf2,Alan Weisenbergers,location_management-cinematographer
n_da78d5f9,Peter Hudsonz,producer
n_471964e3,Colin Hoult,actor-writer
n_7205641d,Elaine Tyson,actress
n_d8e92224,Jackson Altair,producer
n_e396d413,Vladimir Subotic,cinematographer-camera_department-producer
n_886d404f,Ana Poliak,editor-assistant_director-director
n_67aa3368,Ayano Takeda,writer
n_783ec408,Sabah ShehataN,location_management
n_a2d4727a,Victor Agustinn,producer-casting_director
n_5ba0ac14,Juan Quintero,composer-soundtrack-music_department
n_54c2e1f6,Mike Ryan,actor
n_44f2348a,Dan Robinson,editor-producer
n_cdd2e14c,Ali Miri,actor-director-writer
n_6fbe1cc7,Kareena Kapoor,actress-soundtrack-music_department
n_2d86f3af,Kurt Patino,manager-writer-producer
n_2839c422,Andrei Gryazev,director-writer-cinematographer
n_05c5a018,Peter Lloyd_,actor-composer
n_8fb53cd3,Daniele Ciprì,cinematographer-director-writer
n_71cd5185,Mariah Carey,soundtrack-actress-composer
n_7f2088ac,Stylianos Constantinoua,editor-producer-director
n_066fba9b,Marko Nabersnik,director-writer-assistant_director
n_5ebc7bf0,Dave Shuey,actor-make_up_department
n_0937149d,Robert Cummings,actor-director-soundtrack
n_b64f6d6e,Linda SorensenB,talent_agent
n_f3cca86a,Don Anderson,actor
n_e93b57d5,Derek Evans,actor
n_5aab50fa,Brenda Vaccaro,actress
n_de633e47,Glenn Montgomery,writer-costume_department
n_c173c8e3,Alberto Castellanosm,miscellaneous
n_3ff7553a,Dave Patten,director-writer-editor
n_7552a105,Ricardo Blasco,director-assistant_director-writer
n_7c6bbeb1,Payam HosseinSouri,costume_designer-production_designer
n_58e4226f,Mat Lucas,actor-editorial_department-editor
n_ee25a54d,Guy Maddink,actress-writer-cinematographer
n_f07eae99,Sam Eidson,actor-producer-writer
n_669e5b15,Vincent MartinA,actor
n_974a1b99,Josh Covitt,actor-writer-miscellaneous
n_942bb885,Krzysztof Pietroszek,producer-director-writer
n_0e5780b2,Bénédicte Gobert,actress
n_c32da90c,Amy Nicholson,production_designer-art_director-writer
n_b82c894a,Gene Beley,
n_ff6dfce9,Sid Wilson,actor-composer-soundtrack
n_03a8516f,Gilles Perez,producer-director-writer
n_aea12b1e,Leonor Silveira,actress
n_501289ee,Doug Headline,director-writer-editor
n_e6748c36,Sebastian Ströbel,actor
n_df201a16,Jefferson Moffittp,writer-director
n_e5a38749,Matthew F Reyes,miscellaneous-camera_department-special_effects
n_06164d95,Charles Rosher,cinematographer-camera_department-miscellaneous
n_0e41df02,Nick Corirossi,actor-writer-director
n_36315a35,Alberto TaralloL,producer-casting_director
n_67745cc5,Ryszard Jaworski,cinematographer-director-writer
n_97c5daf9,Bülent Oran,writer-actor
n_1ac64a99,Astrit Alihajdaraj,actor-producer-director
n_c6f881f9,Colin Clerc,actor-camera_department-production_manager
n_ecde6ed1,Rosamund Kwan,actress
n_3c5f09fb,Bud Jamison,actor-soundtrack-director
n_d65c5ed7,Burt Lancaster,actor-producer-miscellaneous
n_9cfb2519,Liyakat Ali Khann,director-writer
n_9464df72,Juliette Comptony,visual_effects
n_902d36cc,Andie Hudson,
n_84953120,William Fruet,director-writer-producer
n_33539c05,Rebecka Lafrenz,producer-production_manager-assistant_director
n_79c2f6d8,Dick Clair,writer-producer-actor
n_b693a7d6,Chris Squirey,sound_department-producer-composer
n_e725b3a9,Harry Baker,editor-director-writer
n_ba6eace5,Liz Reph,producer-writer-director
n_4519182d,Ross Otterman,producer-director-writer
n_a4d4d06d,Derek Evansa,actor
n_5702ad1b,Leona Cavalli,actress
n_28923a88,Hope Perello,miscellaneous-producer-director
n_fbf3c001,Alan Weisenberger,camera_department-cinematographer
n_1e56cff0,Darryl Phillipst,producer-director-actor
n_31170e10,Anita Bulan,producer
n_3a97be3e,BuuliZaanoz,script_department
n_5c7ff81b,Sybil Azur,actress-director-writer
n_5815ce7d,Erik J Cornelius,actor-camera_department-producer
n_895e6cb0,Greta Gilles,producer
n_07810d94,Max Hardcore,actor-director-producer
n_e940aa68,Johannes de Bruyn,actor
n_e9ba6414,Walaa Faridg,actress
n_c7893965,Richard G Wray,editorial_department-editor
n_2435d580,Paul Greenberg,actor-writer-producer
n_8aa575f9,Sara Kosovac,actress
n_4277b7e5,Bojan Zogovic,actor
n_9be58278,Micky Lynn,actress
n_e0d40fac,Andrew Halliwell,actor-composer-producer
n_4867b958,Sanjeev,actor-publicist
n_4b69e030,George Pal,director-producer-cinematographer
n_0a0caf4b,Mike WattB,actor-soundtrack-composer
n_fff6904e,Rosemary Hillf,producer-script_department-miscellaneous
n_0a57d285,Larry Gaudette,camera_department-cinematographer-miscellaneous
n_5bf8f2ba,Friz Freleng,producer-director-writer
n_10f91b30,Paul Cattermole,actor-soundtrack
n_ffe3b415,Buck Adams,actor-director-writer
n_0cbfb188,Walter Wippersbergn,writer-director-actor
n_54bfddca,Pierre Barillet,writer-actor
n_cc814ecf,Martina Dräger,actress
n_a2c62bc8,Dustin PoirierT,make_up_department
n_118b784a,Dio,soundtrack-actor-composer
n_753a9d96,Jaromir Kacer,cinematographer-writer
n_278dfbfd,Courtney Cummz,actress-director-camera_department
n_95b467ef,Miryam Zohar,actress
n_f5b5d0fe,Willi Behnisch,cinematographer-camera_department-writer
n_61befc8c,Wrik Mead,director-writer-cinematographer
n_b9299d69,El Hadji Malick Cisse,actor
n_b422fceb,Aaron Greenberg,producer-production_manager-visual_effects
n_54e92664,Houston Curtis,producer-writer-director
n_0fbbf210,Greta Gilles,producer
n_6d05e24e,Mirjana Bohanec,actress
n_c55f9fe6,Aleksandar Herc,editor
n_ba0485fe,Emily Cuttingv,stunts
n_cc5c0a1e,Vic May,animation_department-producer-director
n_08235183,Thaneth Warakulnukroh,actor
n_c2bc0cb3,Carter Pilcher,producer
n_0eae3267,Stanley Pavey,cinematographer-camera_department
n_afffeb45,Sophie Gardiner,producer
n_0f3acaf1,Brigitte HorneyK,actress-soundtrack
n_f48c5a34,Leelee Sobieski,actress-producer
n_ac565cde,Ismail Dahlan,actor
n_a7dfeabf,William Lava,composer-music_department-soundtrack
n_d7eae775,Lloyd AnoaiP,actor
n_40298620,Edward Clark,actor-writer-soundtrack
n_3299b86d,Naci Duruq,editorial_department-production_manager
n_821e8f85,Bruno Delahayer,actress-actor-writer
n_df471414,Curtis Hall,producer-actor-cinematographer
n_c7bba460,Benzino,actor-soundtrack-writer
n_b55c6401,James Weaver,producer-miscellaneous-director
n_603a5e38,Franz Johanl,camera_department
n_1b7a05ea,Matthias Weber,music_department-composer-soundtrack
n_05d3b473,Sérgio Bezerra,actor-producer
n_6bd60d90,Vojtech Havel,composer
n_3eeb51bf,Patti Murinm,electrical_department-soundtrack
n_1bfd73e6,Gerhard Heinz,composer-soundtrack-music_department
n_defd9b8c,Esther Anderson,actress-editor
n_e07b6839,William Fruet,director-writer-producer
n_9815ad07,Arindam Sil,actor-director-producer
n_e0d206a8,Peter Mullan,actor-director-writer
n_7ba6f724,Charlie Petersson,actor
n_e328522e,Tom OBedlamE,writer
n_95ad5f1b,Lore Reyes,director-assistant_director-writer
n_fc23676a,Ricardo Mosquera,miscellaneous-actor-producer
n_8ba51556,Filiberto Satti,actor
n_ad52a417,Joaquim Nicolau,actor-miscellaneous-casting_director
n_b3c0da7e,Alison Jackson,director-writer-producer
n_3876801e,Charles Thompson,
n_90d93983,Sebastian Ströbel,actor
n_d28d7abe,Antônio Fagundes,actor-writer-producer
n_99195515,Hope Loring,writer-actress
n_8e7ddb2c,Richard RoundtreeW,publicist
n_7a2c721a,George Galloway,writer-producer-actor
n_88963eca,Vittorio Emanuele PropizioY,actor
n_a8c1faa9,Alex Brendemühl,actor-writer-director
n_76028a17,Davide Cirri,
n_d008231c,John de Lancie,actor-soundtrack-producer
n_917ec6cb,Werner SchmidtBoelcke,composer-music_department-soundtrack
n_1d426659,Garret SavageG,executive-producer-editorial_department
n_394a66ea,Marsha Mayv,casting_department
n_0df9e620,Molly RomeX,actress
n_53420c8a,Anne Marie Aksell,actress
n_95b0a5ca,Charles A Nichols,animation_department-director-producer
n_4e857a0b,Luke AndersonD,actor
n_add69f22,William Heise,cinematographer-director-producer
n_940b7fcf,AiHua Yang,actress-music_department
n_ed01d156,Matthew Levin,producer-director-editor
n_0be55032,Vernon Smith,writer-actor
n_fb620d78,Shawn Michaels,actor-producer-soundtrack
n_3f1a6592,Michael G Wilson,writer-producer-actor
n_ffafb9a5,Alisha Boe,actress
n_742e2806,Ida Astori,actress
n_4ccdab44,Kat Kairoj,editorial_department
n_2b08de27,Ricky Rebel,actor-producer-miscellaneous
n_76e2fa42,Dwayne JohnsonJ,production_department-producer-soundtrack
n_894dbf60,Eason Huang,actor
n_5d9f2cab,Donald Novis,actor-soundtrack-music_department
n_2e399863,Jeremy Hoenack,sound_department-editor-director
n_593d0e31,John C Broderick,producer-production_manager-director
n_7a476c88,Chip Foose_,miscellaneous-producer-actor
n_e0b8fd48,Bappi Lahiri,composer-music_department-soundtrack
n_0268691f,Ben Feleo,writer-director-actor
n_57d832f3,Jessalyn Gilsigs,actress-producer-art_department
n_513d29e2,Panagiotis Konstadinou,director-writer-actor
n_bd74c270,Alvin H Perlmutter,producer-miscellaneous
n_d4573b04,Ralph Arthur Roberts,actor-writer-soundtrack
n_0fbe2448,Minh Chieu,director-writer-camera_department
n_3fce3626,Robyn S Clark,actress-writer
n_42f3bad0,Shunsuke Nakamura,actor
n_f2d5bbfc,Robert Milton,director-writer-miscellaneous
n_a49e4d33,John Pudney,writer
n_850e9801,Gábor Tarcsay,editor-miscellaneous-visual_effects
n_e7629fe4,Kanchan,actress
n_20b93696,Emmanuèle Bernheim,writer-actress
n_6f93b84d,Yôko Tsukasa\\,assistant_director
n_f6cedf12,Fadi Kazmuz,producer
n_daa4f8c8,Liza Del Sierra_,actress
n_6b9dd789,Mitch Pileggi,actor
n_343471d7,Thomas MichaelB,special_effects-writer-producer
n_f4b45755,Alexandre Parizeau,producer-director
n_aa2600d2,Paola Pascolini,writer
n_5127eed9,Juan Pablo García,producer-actor
n_8d62ad84,Moe Howard,actor-soundtrack-writer
n_9b4ce3f4,Richard Raynis,producer-writer-production_manager
n_f997c15a,Paul Cross,actor-producer-director
n_710882e7,Oleg Tabakov,actor-director-music_department
n_d47e3cf7,Katie Bonham,director-writer-assistant_director
n_dfec59f5,Carol HarpV,legal
n_99a8dd90,Baldev Gill,writer-producer-actor
n_ba079932,Matt Hall,producer-actor-writer
n_ab190e23,Jeffrey Boehm,actor-writer-producer
n_82e707ce,Vernon Smith,publicist-actor
n_03f0c538,A Wise Guy,director
n_41a288eb,Don Anderson,actor
n_3cae087e,Tom Toelle,director-writer
n_cbccd7f5,Adam FinkenJ,writer-composer
n_0748d692,Cosetta Greco,actress
n_41157e4a,David Robles,cinematographer-editor
n_226ec082,Erin Ross,actress-writer-producer
n_72ff9675,Chris KroppT,composer-producer-director
n_cbf6612c,HansUwe Bauer,actor
n_1daba650,Robert Foster,camera_department-cinematographer-director
n_83049df1,Johanna Teichmann,producer-writer
n_de36abfb,Virgilio Teixeira,actor
n_7513abc4,Matthew Ryan FischerU,casting_director
n_8ce3ae07,Randall Moserp,art_department-director-writer
n_586e7d91,Robert Malcolm,actor
n_46aae8fc,Roman Mann,production_designer-art_director-costume_designer
n_a199b304,Chuck Vincent,director-writer-producer
n_6aac02f3,Rodrigo Gudiño,director-producer-writer
n_2c6d9acd,Laiching Ku,producer
n_542ed93f,Nick Corirossi,actor-writer-director
n_3cdfcbfc,Anup Kumar,actor
n_eeb1f18e,Chris Colfer,actor-soundtrack-writer
n_fb302082,Mary Jo Godges,director-producer-composer
n_7f7ade77,Henry Deutschmeister,producer-production_manager
n_5011c225,Don Red Barry,actor-writer-producer
n_221de1dc,Alivia Marie,actress
n_c57d1ab4,Adnan Arif,actor
n_b4bba998,Jude Harris,producer-sound_department-writer
n_1876421b,Danny Lux,composer-music_department-soundtrack
n_db153946,Anita Bulan,producer
n_96b1ee3f,Andrew Flanaganx,actor-visual_effects-assistant_director
n_4aa8e356,Barry McCarthy,actor-writer
n_6defe84e,Guy Glover,producer-actor-writer
n_648e8860,Brandon Moore,composer-music_department
n_50070391,Adam Normellix,special_effects-sound_department
n_60845b1b,Rufus Graham,actor
n_32dada72,Serdar Atacan,actor-writer-producer
n_53041000,William H Pine,producer-director-miscellaneous
n_08b88a3d,Martín Farina,cinematographer-director-producer
n_cfffb3b9,Stern Bigot,editor-camera_department-director
n_3ea78268,Indi Barends,actress
n_f6bf8b19,Bonnie Piesse,actress-soundtrack-composer
n_2ea6798e,Igor Bolgarin,writer-director
n_6e37b438,Frank Sullivan,editor-cinematographer-writer
n_5393c037,Kerry Carlson,
n_1fc842e5,Martin CosgroZ,production_manager
n_350be50b,Delphine Chanéac,actress
n_214d637b,W Kamau Bell,producer-writer-actor
n_6ef5d4d5,Cuckoo,actress-producer-assistant_director
n_02e3de33,Kenneth Mars,actor-soundtrack
n_9f25b5ee,Jessica Devlin,actress
n_8e1ed5cc,Hugo Kovensky,cinematographer-camera_department
n_075c2766,Rosemary Hill,producer-script_department-miscellaneous
n_5916d002,William Kyle,actor
n_a7a484b2,Dwayne Kennedy,writer-actor
n_373fe391,Dragana Micalovic,actress
n_be9b897c,Robert Stadd,visual_effects-producer-director
n_076f5d21,CV Sridhar,director-writer-producer
n_aeeaaa20,Orion Kaminky,director-writer-cinematographer
n_4407f021,Gabriel Diniz,camera_department-cinematographer-visual_effects
n_88ba4ddf,Rhiannon DownieS,actress
n_82ac8e83,Alemdo Prado,composer
n_3b5092cd,Nehal Mehta,actress-miscellaneous
n_97b6ca2a,Meche Barba,actress-soundtrack
n_0f8c8902,Patrick Van Horn,
n_4538ed18,Jun UmedaT,sound_department-producer-miscellaneous
n_174e96ef,Anthony Hornus,actor-producer-writer
n_3bee6f62,Kelly Stables,actress-miscellaneous-stunts
n_f8a88b5e,Sean S Cunningham,producer-writer-director
n_841e6b1d,Dorothy Tree,actress
n_d638c063,Humberto Zurita,actor-producer-director
n_72adc279,Ali B,actor-writer-soundtrack
n_f878d633,Saeed Motarassed,art_director-director-writer
n_fdb4dda8,Suzan AvciR,actress-producer
n_f0f4f2c4,Nick Brian Walters,camera_department-cinematographer-actor
n_a744a91a,Tanika HardinM,special_effects
n_ef7cd85a,Benoît Graffin,writer-director-actor
n_48b6ae59,James Griffiths,music_department-composer-sound_department
n_d938001e,Joel Casanueva,actor
n_c2487b87,Laura Naylor,director-producer-writer
n_922d58b2,Tim Vine,actor-writer-director
n_9ecf4288,Luca Del PuppoU,cinematographer-camera_department-actor
n_07d03e0e,Kazuaki Yoshiga,cinematographer
n_f4114dd5,Matthew Rudgec,stunts-writer-actor
n_b0d97ff5,Trevor Yuilef,composer-soundtrack-music_department
n_1968e748,Shinji TakedaZ,set_decorator
n_28920cb5,Naci Duru,producer-production_manager
n_000d30dc,Paolo Villaggio,actor-writer-soundtrack
n_37e63d28,Kat Kairo,make_up_department
n_654cd276,Antonis Katsaris,actor
n_e602db89,Nathan Ruhlandy,director-writer-producer
n_52531af7,Mary Ann Jackson,actress-stunts-soundtrack
n_9716f64c,Sevinc Alisovaw,assistant_director
n_0c697264,Nichola TrestrailJ,production_department
n_da200b54,Shizumi Manale,producer
n_d063a173,Jean Carmet,actor-writer
n_06010efa,Sybil AzurW,animation_department-director-writer
n_e97df1cb,Andreas Zisimatos,actor
n_1e5452aa,Catherine Stepien,production_designer-costume_department-actress
n_e93069dd,Courtney Looney,writer-producer-miscellaneous
n_1e3eabb5,Xinxuan Liu,actress
n_8cecbf33,Rudolf Ising,producer-director-writer
n_f72bb1ec,Kevin Feige,producer-miscellaneous-production_manager
n_bb63cdc8,Mouna AbbassyY,costume_designer-miscellaneous
n_83307fa7,Sinead GriffinLennon,actress-production_manager-producer
n_baaed034,Jane Seymour,actress-producer-soundtrack
n_eb56f62d,Christopher Ainley,actor
n_d566a5a7,Joey DAuriak,actor-writer
n_619e0086,Cory Rooney,soundtrack-composer-producer
n_c7ed1894,Marcius Barbieri,editor-director-actor
n_f91be855,Christoph Lauth,composer-costume_department
n_8250ef74,Alison Pill,actress-soundtrack
n_f27883b8,Valentina Corti,actress
n_3f9c5cd4,Rosa Attab,producer-miscellaneous
n_4157ca6f,Brahmanandam,actor-music_department-soundtrack
n_c6204175,JeanPierre Romel,
n_3678c78c,Paul Centopanii,transportation_department
n_b2b05b84,Gisèle RebillonR,producer-production_manager
n_99a9af7e,Ali Azad,actor
n_22d66241,Bipasha Basu,actress-soundtrack-music_department
n_90768814,Giampiero Judica,actor
n_46393973,Roy Roberts,producer
n_d2bc98c1,Justin WhalinO,actor
n_7104719a,Marc Barbé,actor-director-writer
n_e521a25b,Christos Andreouv,composer-music_department
n_83a18eaa,Charles Chadwick,writer-composer-art_director
n_3647e60c,Bettina Mazakarini,sound_department-editor-editorial_department
n_28b057ba,Teddy Kyle SmithP,actor
n_c0aae94a,Erik J Cornelius,actor-camera_department-producer
n_08d17891,TT Boy,cinematographer-director-producer
n_bddf72fa,Resit Gürzap,actor
n_05f68bc9,Jirí BurianI,producer-composer-actor
n_decf797a,Dwier Brown,actor
n_259cb79c,David Smart,producer-writer-director
n_6a9a9b41,Prabhu Deva,actor-miscellaneous-director
n_5297f057,Santiago Barreiro,cinematographer-producer
n_9eca51c1,Nadezhda Bakhtinaj,animation_department
n_849eac28,Robby DT,transportation_department-camera_department-cinematographer
n_19d003e3,Manuel Ferrara,actor-director-producer
n_b0369390,Dragana Micalovic,actress
n_a16e0a88,Ben Watkins,soundtrack-composer-music_department
n_dd3784a0,Kleer MaibaumS,actress
n_2a7342a0,Steffen Schmidt,composer-music_department
n_f7b477f2,Zohre Hamidi,actress
n_86d086ea,Laurence Hennion,editor
n_35de9891,Graham Chisholm,editor-editorial_department
n_43e2ce1f,Marilyn Joi,actress-costume_department
n_32a73709,Diego Sanchez,
n_d8d59876,Anthony C Metchie,cinematographer-camera_department-producer
n_1c0e6e2c,Paolo Costella,writer-assistant_director-director
n_6369aaf7,Chandrashekhar Mahamuni,producer
n_2cec3dcf,Gabriel Senanes,composer-music_department
n_d86b6ba2,Megan Gallagher,actress
n_7ec7663b,Aykut Köseler,actor
n_66e8b05d,Pedro Moisas,actor
n_d42a7811,Matthew F ReyesS,miscellaneous-camera_department-special_effects
n_88978208,Xinxuan Liu,actress
n_a18bf112,Jacky AdriaansenZ,editor
n_7d090e84,Tony Romand,editor-soundtrack-actor
n_c55f2aff,Jasson Finney,actor-stunts
n_699b10b1,Daniele Anzellottiq,editor-cinematographer-producer
n_9fd69c98,Patrick Le Bon,director-writer-actor
n_c55c4c41,Lisa Maria Falcone,producer
n_682da74e,Adnan Arif,actor
n_1ed8eae7,A Wise Guy,director
n_cc91c2fb,Hilary Linstead,producer-casting_director-writer
n_4d8ae7ab,Moe Howard,actor-soundtrack-writer
n_3605df5b,Mick Blue,actor-director-camera_department
n_08770d1c,Eric F Adams,actor-stunts-director
n_e53e19d4,Mouna Abbassy,actress-miscellaneous
n_357bde2c,Richard Padernal,camera_department-cinematographer-actor
n_75f5a10c,Val Guest,writer-director-soundtrack
n_f9328e8b,Michael Bockman,editor-assistant_director-writer
n_c73092b1,Haleigh Oliver,actress
n_5b98ecca,Mino Carta IID,animation_department
n_b77bb34e,Babloo ChakravortyS,art_department-composer-actor
n_f261d001,Jorge RiveroP,editorial_department-producer
n_33a2d82d,Giulia Gualano_,stunts
n_8a9e3e92,Michael Knupffer,producer-sound_department
n_8dad9f4a,Simon Oliver,director-producer-sound_department
n_de2655ea,John Pudneyf,writer
n_e9857a76,JenChieh Chang,director-actor-writer
n_2a1ab893,Robert Cairnsd,casting_department-cinematographer-director
n_306e8e60,Ahmet Tarik Tekçe,actor
n_8a611dec,Lucy ClementsG,director-actress
n_35bc156e,Leighton Pierce,director-sound_department-producer
n_67c62fce,George C StoneyD,producer-director-writer
n_2c8b667d,Chandrashekhar Mahamuni,producer
n_ac8afe99,Adoor Bhasi,actor-director-music_department
n_4ac8e1fa,Lou Michaelsp,actress
n_8acdf3ab,The Edgecrusher,composer
n_cf1ab74a,Sophie Gardinerr,producer
n_06c65611,Mark Bresciano,
n_2ee70160,Péter Kálloy Molnár,actor-writer-director
n_38c4d55a,MeiLing ChaoE,actress
n_7e4d4406,Ashok Banthia,actor-assistant_director
n_49e5fc61,Alexis C Martinon,visual_effects
n_0ef39e60,Paul Sloaneu,writer-director-producer
n_de2bc58f,Dallas Valdez,actor
n_b3b9eef8,Suzanne Brackenr,actress
n_87013710,Sean S Cunningham,producer-writer-director
n_d2a30e61,Beatriz Aguirreu,writer
n_4230e22e,Cédric Delport,producer-editor-director
n_5c3add16,Linda Thompson,director
n_76fc0728,Will B Hardq,animation_department
n_943caf69,Jeremiah Bitsui,actor-producer-casting_department
n_138d0e24,Monte Collins,actor-writer-miscellaneous
n_9cd7f60d,Devin Daley,producer-casting_department-editor
n_819c2719,Liv Leman BrandorfX,composer
n_7ad05d55,Bruno Pesery,producer-art_director
n_d52a0ea8,Aleksandr Kreynx,composer
n_bb3bb380,Mareike Luegl,stunts-production_manager
n_609e72c9,Run Run Shaw,producer-miscellaneous-production_manager
n_5eb425fc,Dorjkhandyn Turmunkh,director-writer-production_manager
n_3c7fa2a6,Mat Powell,producer-actor
n_7ec027ca,Mark Nicholsonp,legal-production_manager-camera_department
n_4c1eed91,Tiffany J Johnson,producer-miscellaneous-director
n_6a94edc9,Craig Charles,actor-soundtrack-writer
n_9c758c1d,Lisandro Rábida,producer
n_2f468b0b,Jordan Galland,soundtrack-director-editor
n_c3a0e404,Luke Doolan,editor-editorial_department-cinematographer
n_8faca853,Joshua OverbayE,producer-director-writer
n_ff956eb6,Sam Eidsons,actor-producer-writer
n_a798c3c6,Camila Toker,actress-director-writer
n_e2843919,Bjorn Ventris,cinematographer-camera_department
n_d8b2dfd1,Catherine Winter,producer
n_a2823610,Fernando Arze Echalar,actor-casting_director-writer
n_fec7dc07,Timothy D Harris,actor
n_a2cdde0f,Peyton List,actress-director
n_064b30ee,Patrick Van HornA,script_department
n_5103d80f,Sean Cruser,cinematographer-editor-producer
n_5026105f,Jeffrey HornerR,editor-make_up_department
n_7f6886cd,Martin Pepler,producer
n_dacd6f8a,CheukHon Szeto,writer-director-sound_department
n_199e9fac,Mike Ryan,actor
n_f5190c03,TT BoyT,actor-director-producer
n_15f72a31,Vernon Dent,actor-writer-soundtrack
n_d50aa107,Gilles Rof,director-writer-assistant_director
n_0dbccdb5,Rod Abernethy,composer-music_department-soundtrack
n_891fc67c,Phil Morris,actor
n_57d2d74f,Robert Schimmel,writer-actor-producer
n_cb7f0df6,K Raghavendra Rao,director-producer-writer
n_4c5122e1,Sherri Strain,producer-writer
n_e4e0641e,Benedetto Lo Monaco,actor
n_ed81e84f,Jill Kelly,actress-producer-director
n_4f2ebf4e,Brandon Ray Olive,actor-producer-writer
n_218e9de3,James Wilberger,producer-production_manager-miscellaneous
n_d1d50cce,Jack Ingram,actor
n_a534c19f,Kjetil Ove AlvestadZ,transportation_department
n_c444b954,Yuriko Yamamoto,actress-soundtrack
n_76fce900,Chuck Dukowski,soundtrack-actor-producer
n_708b0b0d,Sofia Bohdanowicz,director-editor-producer
n_45ccaf0c,André Sogliuzzo,actor-miscellaneous-soundtrack
n_b2f7ede6,Lester OrlebeckJ,production_manager-director
n_2ce730c1,Michael P Flannigan,producer-production_manager-actor
n_3ab04303,Alice Taglioni,actress-soundtrack-director
n_c1f26009,Autumn KendrickQ,actress-writer
n_913f124d,Nikola Djuraskovic,cinematographer-camera_department-actor
n_2192a363,Kellyann Summers,actress-producer-location_management
n_b6285a11,Robert Malcolmb,actor
n_4a786003,Alice Taglioni,actress-soundtrack-director
n_5bd701c4,Carter Burwell,music_department-composer-soundtrack
n_31175cb7,Lisa De Leeuw,actress-producer-script_department
n_c6952811,Louise Oisel,actress
n_1c63aa5b,Moneera Girshab,actress
n_d1371ee7,Kal Penn,actor-miscellaneous-producer
n_3a1c1fa0,Heather LangenkampN,actress-special_effects-make_up_department
n_28472548,Peter Bose,producer
n_c8b3b5e4,Mona Farjadj,actress-director
n_bde1b3a1,Irma Lozano,actress-miscellaneous
n_4c281cae,Bruce Bromberg,composer-soundtrack
n_b9ab02c4,Francois Clousotw,production_manager-director-camera_department
n_0ebcc960,Jordan Canning,director-script_department-writer
n_035dbdf4,Zak Shy,camera_department-cinematographer
n_2b1b2d44,Leo Tolstoy,writer-soundtrack
n_e82faf0a,Xavier Capellasx,editorial_department-music_department-soundtrack
n_465883c2,Dhumal,actor
n_ad364906,Antonis Katsaris_,art_department
n_b3f57145,Ivo Uukkivi,actor-producer
n_59d07c51,Jacqueline Maillan,actress-soundtrack
n_b4f6bbf8,Hinrik Svavarsson_,costume_designer
n_2e986329,Hans Bayer,actor
n_1d3c1407,Ghalia BenaliC,actress
n_e5e0d927,Jason BiggsX,assistant-producer
n_eac4ed87,Aaron Guerrero,actor
n_41d9578a,Thomas Benski,producer-camera_department-executive
n_07c68990,Marta Aura,actress
n_39a7bbb3,Buddy Watson\\,actor-director-cinematographer
n_65b89188,Jeffrey Reddick,writer-producer-actor
n_57c26196,Warren Foster,writer-soundtrack-art_department
n_ef0550c3,Massimo Bordonaro,camera_department-cinematographer-sound_department
n_2bf0e287,Yuan Huang,writer
n_2943fd24,Daniel Nelson,actor
n_1e5126f9,Danny Lux,composer-music_department-soundtrack
n_f5cdfb59,Kyle Stone,actor-miscellaneous
n_8814f2cb,Graham Chisholm,editor-editorial_department
n_80313347,Stephen Gass,director-miscellaneous-writer
n_0276e7d9,Oleg Borisovq,writer-director
n_ef831aab,Jack A Marta,cinematographer-camera_department-miscellaneous
n_9d1e1187,AJ WalshH,actor
n_31a46242,Marc Rensingc,director-writer-sound_department
n_3fc3dc0a,Vinu Kiriyath,writer-composer
n_caaaf445,Christopher Ainley,actor
n_56f1033b,Bonnie Piesse,actress-soundtrack-composer
n_49c5a46b,Phyllis Calvert,actress
n_ed23cc54,Ronnie Jimenez,writer
n_b5ab0347,Harvey BergerG,editor-writer-assistant_director
n_796bf343,Fernanda Mottai,actress
n_770d9a43,Andrew Gernhard,producer-sound_department-production_manager
n_7aea2efb,Laurent Brandenbourger,writer-director
n_ecc8bd49,Leonel Vieira,producer-director-writer
n_03b08381,Jonathan Dodson,actor-producer-transportation_department
n_db2e7828,Kari Foxxo,actress
n_5cb0359d,Harry Dawsond,electrical_department-camera_department-director
n_9e6fbe70,Fabio Nataleq,art_department
n_4be40597,Rudolf van den BergN,director-writer-actor
n_062f92ba,Arland Wrigley,composer-soundtrack
n_45fed778,Alex Brendemühl,actor-writer-director
n_a265632c,Nikki Rhodes,actress
n_3fd9c5fd,Daniele Ciprì,cinematographer-director-writer
n_f1ca3a6d,Howard Rosenman,miscellaneous-actor-writer
n_7df62868,Maho Nagaseh,soundtrack
n_ba8679bc,Mark Nicholson,producer-production_manager-camera_department
n_f6bddd1c,Buck Adams,actor-director-writer
n_ffa5fe31,Sei Hiraizumi,actor
n_e28ab4a4,Dennis Pickett,editor-miscellaneous-visual_effects
n_0ab6722d,Carmo Dalla Vecchia,actor
n_52c833a7,Kazimierz Opalinski,actor
n_9d61aae1,Margarita de Ochoa,editor-editorial_department
n_4f7515ee,Janice Giteck,composer-music_department
n_06b9af31,Nikos Milas,cinematographer-camera_department-producer
n_74f504db,Louise Oisel,legal
n_ca2515e4,Werner SchmidtBoelcke,composer-music_department-soundtrack
n_a6786715,Martín Mainoli,editor-director-writer
n_4c4f3941,AiHua Yang,actress-music_department
n_588927c5,Phil Morris,actor
n_0ea864af,Victor Baker,
n_9703c318,Ouseppachan,composer-music_department-soundtrack
n_7c1fcb1d,Tamara Bos,writer-producer-script_department
n_26d7e3f5,Manmohan Singh,cinematographer-producer-director
n_e15a36e1,Werner Sommerm,producer-writer-actor
n_ff6f0844,Martin Cosgro,
n_c21ff606,Anne Morrison ChapinV,writer
n_c3c71b0b,Laurens van RooyenT,composer-music_department
n_5a05d4e0,Matt Geddes,actor
n_453cf670,David Gazzana,camera_department-actor-visual_effects
n_1791b770,Alec Soth,producer
n_e5cbcb4f,Don Davis,composer-music_department-soundtrack
n_30664ed1,William KyleZ,actor
n_10ecdb22,Sammo KamBo Hung,actor-stunts-producer
n_1febb603,Christopher G Pikew,actress-editorial_department-sound_department
n_e618fa3d,Axel Milberg,actor
n_06f3fd01,Stuart Anthony,writer
n_2cc13784,Derek H Potts,location_management-producer-writer
n_64236e62,George Formby Sr,actor
n_ffd70217,Hans Bayer,actor
n_5f25f5d7,Bhoomika Chawla,actress-miscellaneous
n_f99ab985,Chatchawan Wongarj,actor
n_cbae8b3d,Pinto Colvig,actor-writer-animation_department
n_41a3e396,Roman Lytvinenkod,writer
n_a9d376f3,Adam Finken,soundtrack-composer
n_b53df2b1,Leith Towers,actor-miscellaneous
n_d4261e42,Kovai Chezhiyanv,producer
n_b4d6f323,Dana Gould,actor-producer-writer
n_10e50ba5,Susan Boyle,soundtrack-actress
n_1b6a27cf,Magnus Sundberg,actor-transportation_department
n_87f16f04,Mike Mirestone,editor
n_eaaa6f63,Sophie Leblond,editor-writer-editorial_department
n_028d75ae,Olli TuomainenC,make_up_department-music_department
n_31316df9,John C Broderick,producer-production_manager-director
n_150eb9ff,Alfred J Goulding,director-writer-actor
n_d7468148,Diana Chihade,actress
n_d21734f0,Ugo LiberatoreL,cinematographer-director-actor
n_006b43b9,Soizic Bourvil,actress
n_4ff6ce6a,Nutan Prasad,actor
n_c6f2aeee,Curtis Petersen,camera_department-cinematographer-assistant_director
n_7941993f,Nate Davis,actor
n_cba26fb7,Max Kleven,stunts-actor-assistant_director
n_95af0b27,Steve Pendleton,actor-soundtrack
n_8fe562e3,Julian Józef Antonisz,director-writer-composer
n_4f727462,Chad Tepper,actor-miscellaneous
n_58f63c32,Piper Fawn,actress-producer-cinematographer
n_97d4e088,Bone Thugs n HarmonyG,soundtrack-actor-composer
n_2039a82c,Enes Vejzovic,actor
n_c8dd82fe,Courtney Cummz,actress-director-camera_department
n_769458c4,Barry CrockerB,location_management-actor-soundtrack
n_56f5134a,Michael Wilkinson,costume_designer-costume_department
n_7a7b0ef5,Greg Perkins,producer-writer
n_8952d74f,John Glenn,actor
n_034562d5,Marc FitóP,editor
n_4d82c839,Robbe De Hert,director-writer-actor
n_cd47e7fe,Sean BishopL,art_department-actor-writer
n_bd1f02b2,Klara Rumyanova,actress-music_department
n_7a5c1033,Gilles Perez,producer-director-writer
n_e1f54e8e,The Romantics,soundtrack-actor
n_741351cf,Martin Brygmann,actor-composer-soundtrack
n_96f3a9e6,Tom Mix,actor-director-writer
n_a118525c,Brigitte Horney,actress-soundtrack
n_5bb5ad61,Rebecca OBrienh,producer-production_manager-location_management
n_0a2053ad,Frank M RobinsonR,writer-actor
n_9ef01436,Andrei ArlovskiT,location_management-stunts
n_a18b1e84,Stephen M Lyons,cinematographer-camera_department
n_03b5f191,Martin Lutz,music_department-composer-miscellaneous
n_6b0e925e,Ava Addams,actress
n_55441141,Daniel WilesT,production_department-producer-assistant_director
n_0bd5d385,Indi BarendsY,actress
n_a00d38c7,Lesley Dunlop,actress-soundtrack
n_ca801fcd,Adoor Bhasii,costume_department-director-music_department
n_6fd60c3a,Michel Hadadj,cinematographer-camera_department
n_65153688,Turid Balke,actress
n_46fab65f,José María Fernández Unsáin,writer-director-producer
n_27565ac3,Ray Enright,director-writer-editor
n_d14c3f56,Drew VaupenQ,art_department-writer-miscellaneous
n_838351aa,Ricardo Blasco,director-assistant_director-writer
n_fcb14f34,Rudi Rokv,casting_department-director-writer
n_7adf8e2d,Patricia Couvillers,actress
n_40afa9b6,Sebastián Schjaerr,editor-director-writer
n_6654d8ff,Theodora DuncanE,actress
n_955f3916,Veronica Ferres,actress-producer-miscellaneous
n_b0f0b5a6,Isaac C Singleton JrN,actor-writer-producer
n_b9f15844,Gilles Rof,director-writer-assistant_director
n_edbfaad8,Adam LockeNorton,editorial_department-editor-writer
n_30712d22,Stan Lee,producer-writer-actor
n_e65bc276,Alan Tang,actor-producer-miscellaneous
n_621e9bae,Chiranjeevi,actor-producer-music_department
n_48ca5fa6,Kazimierz Tyminski,writer-miscellaneous
n_10b0fefa,Irma Lozano,actress-miscellaneous
n_c98bf2ab,Klaus Kinski,actor-writer-director
n_5b6b66ee,Anna Ksiezopolska,editor-editorial_department
n_908f8712,Kaz Garasq,sound_department
n_b4da71f0,Danny JohnJules,actor-producer-writer
n_d0e2beb7,Maksim Bramatkin,actor
n_c96ef020,Klaus Kinski,actor-writer-director
n_9e76c786,Emily Brooks,actress-writer
n_1984113c,Benedict Andrewsp,casting_department
n_91a1286f,Paul Crossr,actor-producer-director
n_af5e0bd2,Michel Hadad,cinematographer-camera_department
n_27a1b431,Angela Paton,actress
n_ffab00a2,Sloboda Micalovic,actress-soundtrack
n_5ad6654d,Li Fu,composer-writer-director
n_32d1cfbf,Chris Cook,actor
n_5d73e1c8,Jim Connock,editor-editorial_department-sound_department
n_0bbff414,Bob Mosher,writer-producer-soundtrack
n_a3c5d49e,Mike Lane,actor-producer-soundtrack
n_c63e7fba,Vic Edelbrock Jr,
n_1b30911a,Vincenzo Terracciano,director-writer-producer
n_2bf5abe1,Lisa CordileoneX,electrical_department-producer-writer
n_1880b7c1,Laurent Preyalek,location_management-writer-editor
n_efb90749,Rodney Beddal,actor
n_10e35d99,Natalia Tenam,actress-writer-soundtrack
n_8457a893,Gerard Cordero,actor-stunts-writer
n_efdae2ea,John McCainu,actor-writer
n_3dce1c38,Nur AyX,director
n_9ba98f8e,CV Sridhar,director-writer-producer
n_1ba64ad5,Sid Wilsonn,costume_department-composer-soundtrack
n_c79c9bc4,Ghalia Benali,actress
n_3dd0e6b1,Pankaj Agrawal,producer-miscellaneous
n_c39e5bce,Gordana Kovacic,actress
n_3807832d,Tito Mora,actor-soundtrack
n_428fb05f,Chris Barrie,actor-miscellaneous-writer
n_e112b25d,JeanClaude La Marre,producer-actor-director
n_2d9d9861,Don Stroud,actor-producer
n_03594009,Que Minh Luu,producer-editor-writer
n_7cea0ab0,José María Pemán,writer-soundtrack
n_a861fd09,Salvador Pineda,actor
n_13831617,Kazuaki YoshigaO,legal
n_e4abb997,Yui Horie,actress-soundtrack-music_department
n_200e4ff9,Alex Lotz,director-editor-producer
n_fb989f61,Michelle Johnson,actress
n_949e4a02,Will GreenbergC,production_department-writer-soundtrack
n_8dbcc0f0,Benzino,actor-soundtrack-writer
n_75947d84,Steven Van SingelO,editor
n_6b1bad89,Ally Sheedy,actress-producer-soundtrack
n_9a3d50ee,Jess Harnelli,actor-music_department-soundtrack
n_42f770ce,Lindsey DavidsonA,manager-actress-art_department
n_31d292d5,David Lowe,actor-composer-director
n_05e3077b,Claire Windsor,actress
n_ac206224,Dick Clairh,stunts-producer-actor
n_c3c40ca3,Erin Ross,actress-writer-producer
n_428f1dff,Vaz Andreasg,actor-writer
n_6d4ccdce,Betelihem Zelealeme,editor-camera_department-production_manager
n_1b061711,P Bhaskaran,music_department-director-actor
n_9bc3d801,Trevor Sacksr,composer
n_a34810d9,Chris Perry,director-writer-producer
n_2d2f1dce,Vandemataram Srinivasd,composer-music_department-actor
n_1afeb778,Pia Castlesa,camera_department-set_decorator
n_f81177b2,Marie Eline,actress
n_1a43fcee,Jay Hickman,actor-soundtrack
n_10e4f9f1,Antônio FagundesN,transportation_department-writer-producer
n_d99894ee,Carol Burnett,actress-soundtrack-producer
n_9de5f55a,John Dennis,actor
n_f53c017a,León Felipe González,editor-sound_department-writer
n_081d37ef,Stephen Gass,production_manager-miscellaneous-writer
n_bbfeb8ae,Rahel GrunderF,publicist-director-script_department
n_8ee148f5,Carissa Bazler,actress-writer
n_cdc3589d,Albert Bandg,producer-director-actor
n_9f68baed,Toby Lee,actor
n_68655fa7,Nikolaus LeytnerH,director-writer-assistant_director
n_f71f63a1,Shelley Buchbinder,actress-sound_department-miscellaneous
n_0e178dfb,Ellie Ann Fenton,camera_department-cinematographer-actress
n_fc0d0aa4,Joseph Naytowhow,actor
n_760438a7,Fernando Arze Echalar,actor-casting_director-writer
n_415e230f,Bickram Ghoshz,art_department-music_department-actor
n_0381e6e9,Darren Butlere,soundtrack
n_2764dca0,Jay HickmanL,talent_agent-soundtrack
n_fa5a4664,Elmano SanchoH,costume_designer
n_ff433c88,Sara Derzawy,actress
n_116e6b19,Lester Matthews,actor-soundtrack
n_a623a86f,Nathan Dashwood,actor-stunts
n_a2c994b4,David FeissP,production_manager-art_department-writer
n_39536486,Atsushi Shimizu,director-writer-producer
n_08af6bb0,Scott McGinnis,actor-director-producer
n_d50bf586,Ukachi Arinzeh,art_department-producer-actor
n_3f929483,Rodrigo Gudiño,director-producer-writer
n_c16cee9e,Natalia Benvenuto,actress
n_14dcf192,Meche Barba,actress-soundtrack
n_ae8be9fc,Curtis HallL,set_decorator-actor-cinematographer
n_ee500460,Jordan Chan,actor
n_bde34af4,Matt Jenkins,actor-writer-producer
n_60bba5b1,Morgan Sarpaux,actor
n_2657f51a,Michael BaisdenX,transportation_department-producer-actor
n_016d9dd4,Que Minh LuuJ,producer-editor-writer
n_afaa23a0,Nikolaj Lie Kaasl,actor-director-writer
n_7c0170ca,Gabriel Braga Nunes,actor
n_50a40ba5,Bestor Cram,cinematographer-producer-director
n_e588b7de,Egon Bahrw,writer
n_622f41a5,Marrianne Nungo,actress
n_3d55b643,Roman Lytvinenko,
n_91d9e783,Nicolas Przygoda,costume_department
n_7942e92c,Herman Knop,actor
n_166240a1,Gill Lopez,editor
n_e498241e,Anirban Bhattacharya,actor-music_department
n_3af6e2d4,Hilary LinsteadX,visual_effects-casting_director-writer
n_32a25699,Tricia DevereauxW,set_decorator-editorial_department-producer
n_77b457d2,Henry Martinez,actor
n_e2f8d6d6,Ron GoodwinL,sound_department-composer-soundtrack
n_f12dcd41,Brock England,actor
n_2d868126,Charles T Daniels,writer
n_0028f973,Michel Arcand,editor-sound_department-editorial_department
n_f0a019ca,Carol Harp,actress
n_3076d15d,Scot Dyer,producer-actor-writer
n_97670ebc,Peggy Mount,actress-soundtrack
n_b1e2687e,Haleigh Oliverp,actress
n_93091a8c,Jamil Caballero,editor-visual_effects-camera_department
n_65054b43,Juno,actress
n_62654171,Gonzalo DelgrásM,director-writer-assistant_director
n_3d082932,Enrique Villegask,publicist
n_052dd3d8,Leelee Sobieski,actress-producer
n_a22ea762,Kerry CarlsonD,actor
n_98b26c00,Cecilia Gessa,actress-script_department
n_1146fb60,Metin Erksan,director-writer-producer
n_71d4400f,Joe Siracusa,music_department-sound_department-editorial_department
n_e2bf0e24,Jeffrey Horner,editor-make_up_department
n_d67fd95e,Penny Baron,actress-writer
n_a27495d3,Jan Kettner,
n_dca0e215,Daniel Nelsonn,legal
n_4e36bebd,Darren Butler,
n_a13d27c8,Eric Belgau,writer-actor
n_70393dd5,Letícia Persilest,manager
n_a11de40c,Christian Cardoner,producer-actor
n_b7d2ec33,Gene Beley,
n_5c1cf706,Gerard Damiano,director-writer-producer
n_bf15cf60,Ilse Kubaschewskii,producer
n_80465a91,Nikolaus Glownaa,actor-music_department
n_f917e39c,Xinxuan Liu,actress
n_d0834df9,Peter Hudson,actor
n_dff35efb,Eric Hodges,editor-editorial_department
n_76308a58,Mikako Takahashi,actress-soundtrack
n_e77627fd,Ivan Burlyaev,composer-actor-music_department
n_6971b43c,Joaquin Phoenix,actor-producer-soundtrack
n_69a87bab,Eric Belgau,writer-actor
n_a5f61700,Jirí Burian,soundtrack-composer-actor
n_348a60a9,Blake Rice Kirkland,actor-producer-miscellaneous
n_b39d3e82,Albert Band,producer-director-actor
n_f3dc0495,Matt Russely,executive
n_47e081e0,Olivier Meidinger,production_designer-art_department-actor
n_5a8b83c3,Douglas Koch,cinematographer-camera_department
n_1a06aeac,Maksim BramatkinW,special_effects
n_2cdf2997,Ismail Dahlan,actor
n_534ce113,Kenneth Marsf,actor-soundtrack
n_324577a3,Paige HowardD,transportation_department-writer
n_a52e357a,Andrew GernhardS,legal-sound_department-production_manager
n_07773441,Cecilia Madornow,set_decorator-camera_department-producer
n_6209ecfe,George Coulouris,actor-miscellaneous
n_c2646589,Karin Cavalli,
n_29839717,Tan Cheung,writer-actor
n_a74d2d3f,Giulia Boverio,actress
n_7de6fbe0,Sanjay Narvekar,actor-director-producer
n_5f39d06c,Harry KellerE,director-editor-producer
n_02c60aed,Jacques Jouanneau,actor
n_5985b0be,Jess Weissm,music_department-producer-director
n_41d34859,Hannah MaagI,producer-miscellaneous-production_manager
n_813caeab,Jim Powers,director-camera_department-cinematographer
n_bce75ee7,Yavuz Figenlis,director-writer-actor
n_1b5af5ae,John Doman,actor
n_0671d5c0,James Whitney,director-cinematographer-editor
n_94722a7e,Lisa Arcaro,actress-casting_department-casting_director
n_bc7f8b34,Fabio Natale,writer
n_96ba76e4,Kate Rees Davies,producer-actress-director
n_9548b56f,Charles PerraultA,writer
n_ff3b75d7,Ulrich Noethen,actor-soundtrack
n_814e4290,Patrick Woodhouse,actor
n_de4b14ce,Diana BrachoW,music_department
n_e31c2a4a,Matthew AmosA,writer-assistant_director-producer
n_6f19c65a,John Cleese,actor-writer-producer
n_136e82c5,Sammie Leig,actress-writer-producer
n_d3329b77,Tina Bates,writer
n_22f57b51,Isaac C Singleton Jr,actor-writer-producer
n_162fe1f3,Julien Guiomar,actor-miscellaneous
n_95e6c71f,Steven A Davisc,director-actor-writer
n_65ecd1a2,Djordje RadmilacT,camera_department-writer
n_32725b10,Don AndersonQ,actor
n_9297af44,Walter Wippersberg,writer-director-actor
n_776c4abb,Marc Blucas,actor-producer
n_d533e57d,Leigh Ann Orsi,actress
n_ab9ced41,Kevin MacLeod,composer-music_department-soundtrack
n_ca3229aa,Iñigo Hualde,camera_department-cinematographer-composer
n_08142a96,Lauren Lapkus,actress-music_department-writer
n_b88849f1,Darren Butler,
n_34265dc6,Lisandro Rábidah,writer
n_de06d4ad,Alisha Boe,actress
n_9318baf1,Mario Bianchi,director-writer-assistant_director
n_74d382b6,Rudi Rok,actor-director-writer
n_cc8049db,Jacques Tourneur,director-assistant_director-editor
n_277df7ae,Fatma Girik,actress-producer-writer
n_02111873,Alan Tang,actor-producer-miscellaneous
n_06e87fe3,Robby Rotfeld,music_department-editor
n_d44506af,Walter Wippersbergp,cinematographer-director-actor
n_b9f77afb,Thomas OsgoodJ,composer
n_efc752ba,Öztürk Serengil,actor-producer
n_dd3ce145,Patti Murin,actress-soundtrack
n_8e8124e7,Sara Garthl,make_up_department-cinematographer-miscellaneous
n_fa5f232f,Antonio Spadavekkia,composer
n_d373a901,Willy Goldberger,cinematographer-director-writer
n_242f091c,Garnet Campbell,producer-director-writer
n_3ac31183,Douglas E Porter,cinematographer-camera_department-editor
n_66de14e9,Todd Trimmer,producer-writer-executive
n_f0ee273d,Dabney Coleman,actor-miscellaneous-soundtrack
n_89d5b8aa,Christine Kaufmann,actress-soundtrack
n_7aa26a58,José Villalobos,composer-music_department-director
n_06ebd9da,Mino Carta II,
n_a050e89c,James Griffith,actor-writer-soundtrack
n_de35ff31,John Michael Higgins,sound_department-soundtrack-music_department
n_afa510f4,Greg Perkins,producer-writer
n_fdb5448f,Pat Benatar,soundtrack-actress-composer
n_b2499dff,Hakan Sükür,
n_b7c396dc,AJ Walsh,actor
n_ee34f432,Andrew Gothardi,actor
n_b9b60cf6,Shinji Takeda,actor
n_42adf516,Hannah Hollinger,writer-director
n_a6ea9379,Dylan Williams,producer-director-editor
n_07c2b9e2,Paul Caslin,director-producer-miscellaneous
n_4a19fc87,Aysan Hadad,
n_d6d9a07d,Georg Hensel,writer-actor
n_c814b075,Vlasta Dusek,actor
n_f4bbf870,Anup KumarH,set_decorator
n_1e09dbe7,Ellie Haddington,actress-soundtrack
n_63036e59,Álex Phillips Jr,cinematographer-camera_department-actor
n_419bb4f8,Max Elkf,actor-writer-producer
n_49619ed1,Jeff Bleckner,director-producer-writer
n_7a8d5c54,Tetteh Gallowayl,make_up_department
n_a1fb3538,Don Stroud,actor-producer
n_3c73bb34,Donald Sutherland,actor-soundtrack-producer
n_0b5123a6,Olli Tuomainen,composer-music_department
n_2cfca7ad,Oiva Lohtander,actor-director-writer
n_92777b3e,Martín Farina\\,writer-director-producer
n_2b6b119f,Erika Palomino,
n_c5a46b6e,Brian Ross,editor-producer-composer
n_06e5cc6f,Mike Mirestone,editor
n_b7d3df4a,Gordy Haab,composer-music_department-soundtrack
n_a803598f,Christine Kaufmann,actress-soundtrack
n_70282b55,David Joséo,actor-director-writer
n_d1d19195,Vaz Andreas,actor-writer
n_591c5b5d,Romano Reggiani,actor-director-writer
n_c2ff2ffd,Anna Ksiezopolska,editor-editorial_department
n_31399cec,Mikhail Druyan,cinematographer-camera_department-animation_department
n_5c390b46,Shahnaz Tehrani,actress
n_20e15cd8,Brian Ross,editor-producer-composer
n_bb7e173c,Alberto Nieto Ferrándezn,actor
n_4bc44a37,Ian Daniels,actor-director-assistant_director
n_d2387117,Blake Rice Kirkland,actor-producer-miscellaneous
n_79012fdc,Christos Andreou,composer-music_department
n_f615b1f5,Iain Stewart,actor-miscellaneous
n_315fb2c7,Charles Jordan,actor-soundtrack
n_071b3e33,Lara Cody,actress-miscellaneous-casting_department
n_600df5c9,Garth Knoxw,composer-soundtrack
n_a47eb28a,Black Jack,actor
n_f0dcca08,Nikos MilasH,miscellaneous-camera_department-producer
n_a4ca2a39,Vladimir Sidorov,cinematographer
n_1a904d51,Vladimir Gerasimov,director-assistant_director-producer
n_f7d1db8b,Chris Edgerly,actor-miscellaneous-producer
n_28383633,Vittorio Emanuele Propizio,actor
n_8806fe04,Dhumal,actor
n_3be50e3a,Andie Hudsonf,animation_department
n_1b28e532,Ana Lúcia Torre,actress
n_cc8ed8e3,Joe King,actor-director-writer
n_57e2e1b7,Paul Centopani,actor
n_617212ce,Giri Babu,actor-director-writer
n_f5678d75,Josh CovittP,editor-writer-miscellaneous
n_1ccaf705,Edward Klosinski,cinematographer-camera_department-writer
n_d2ebb90f,José Ruiz de Azagra,script_department-music_department-soundtrack
n_4a84226f,José Luis Colina,writer-director-soundtrack
n_d5e0fb41,Snake,composer
n_53277d48,Jeffrey Dach,
n_a9fe7af8,Jamil Caballero,editor-visual_effects-camera_department
n_f3024ce9,Michelle Randolph,actress
n_9d96b50e,Stig Björkman,director-writer-miscellaneous
n_26899a9f,Gary Cooper,actor-soundtrack-producer
n_99c06eb6,Rachid Mekhloufi,
n_6ef355e1,Ely Matawaran,writer
n_5ace7ead,Tamás Dobos,cinematographer-camera_department-writer
n_2da739f8,Beth Karas,producer
n_04f015ea,Sabah Shehata,actress
n_3171ac62,Charlie Roellinghoff,writer-actor
n_000bc6cc,Olga VasilenkoR,editor
n_97c34dcc,Pinto ColvigU,actor-writer-animation_department
n_56a7d416,Dave Pattenu,animation_department-writer-editor
n_3adac63b,Tim Calandrello,editor-editorial_department-producer
n_c87af411,Eddison von Ottenfeld,composer-music_department-soundtrack
n_8c550f5d,Robert Paradis,composer
n_bfd86c7c,Yavuz Figenli,director-writer-actor
n_b5ab3bf2,Pooja TandonG,actress
n_011c0c23,Asad Mohammad Khanh,cinematographer
n_09a401eb,Monte CollinsU,transportation_department-writer-miscellaneous
n_e09d8b97,Héctor Colomé,actor
n_aefcf8dc,Rosa AttabV,producer-miscellaneous
n_b2d04ac4,Samantha StephensV,actress
n_ab7f00d2,Hannes SalatX,production_designer-art_department-art_director
n_958f248a,BoyYo Korodan,actor
n_8748468c,Rirkoo,actor
n_471533c5,Aleksandr Maslaev,actor
n_2838f6de,Cosetta Grecok,actress
n_cc6fc5b1,Guy Maddin,director-writer-cinematographer
n_315ae754,Danijela Nela Mihajlovic,actress
n_516240ab,Liyakat Ali Khan,director-writer
n_dcce97f4,Tobias Bühlmann,actor
n_e91e62a5,Willi Behnisch,cinematographer-camera_department-writer
n_4151f987,Bestor Cram,cinematographer-producer-director
n_1cd0738b,Amy Acker,actress
n_48bbe949,Greg Suddeth,actor-writer-camera_department
n_2729db04,Joana Carvalho,actress
n_e55e95ce,Rhiannon Downie,actress
n_9edfeb27,Edibe Üneri,
n_ef5c1eef,David Bret,
n_95a25ac8,Bentley Cooper,actor
n_90c77d50,Bree Beadman,actress-soundtrack
n_d11e862e,Robert Budreau,producer-director-writer
n_a0b74020,Brian Murphyz,make_up_department-soundtrack-writer
n_0dc73412,Tsar Nicholas II,
n_758aeee9,Manel Barcelój,actor-writer
n_8132b73e,Matthew Rudge,producer-writer-actor
n_6fd136a5,Lisa Maria Falcone,producer
n_b8da63e4,Blanket Barricadev,composer
n_8869fd4c,Judith Woodhouse,actress
n_7c3d14ff,Matt Day,producer-director-cinematographer
n_c14ad3aa,Katrin KalketenidisC,set_decorator-camera_department-producer
n_a3a09979,Piotr Fronczewskiq,visual_effects-soundtrack-director
n_e1a7ebb3,David Amito,actor-writer-producer
n_f9fb2ac3,Albin Pettersson,producer-writer-casting_department
n_672fb17b,Miki Ando,actress
n_58314333,Spencer Vroomann,costume_designer-director
n_3449f665,Tugay Toksöz,actor
n_48c7b7db,Elliot Bakkejord,actor
n_192ae752,Kamal Haasan,actor-music_department-writer
n_83228545,Adam Georgep,editorial_department
n_54acbe92,Michel La Veaux,manager-camera_department-director
n_1a90bb15,Indira Bansalb,casting_department
n_0a1d9873,Dániel KeresztafalviD,assistant_director
n_05122e41,David Ritsher,producer-editor-editorial_department
n_73a1a93e,Sean Kanan,special_effects-producer-writer
n_559aebf3,Sophia Huybens,actress
n_21563769,Matthew Gray Gubler,actor-director-producer
n_b2dfae5d,Antonio Burke Jr,actor-director
n_2452a089,Hamdi ElMirghani,actor
n_f70d963e,Max ProssR,producer-writer-miscellaneous
n_2291d1e6,Jimmy Pawlak,actor
n_16bc52f7,Tim Lever,soundtrack-miscellaneous-composer
n_4a95fd24,KueiAn Kan,actor
n_47c92ae0,Sherif Mounir,actor
n_31ca7749,Chris ShepherdN,visual_effects-writer-animation_department
n_679c558b,Julia Ann,actress-make_up_department-director
n_42d30142,Joe Siracusa,music_department-sound_department-editorial_department
n_1341efdc,Robert Allen Mukes,actor-stunts
n_001a4d75,EM Madhavan,editorial_department-editor
n_a5f6195b,Caterina Le CaselleO,set_decorator
n_806a652b,Antoni Krauze,director-writer-actor
n_d8e468f3,Christina Filippidis,actress
n_4d8a55cd,Kjetil Ove Alvestad,
n_b7f04b1e,Natalia Tena,actress-writer-soundtrack
n_202ba8bc,Lisa LeemanC,editor-director-writer
n_c03b8660,Tamara Bos,writer-producer-script_department
n_8aa1bf22,Afshin HashemiV,writer-director-editor
n_970bf674,Sára László,producer-actress-writer
n_aa429634,Andrew Thacher,actor-sound_department-producer
n_f9aaf7c1,Saadet Özsirkintif,editorial_department
n_4d7b181d,Giorgi Abashidze,actor
n_3c49d449,Andrew Strahorn,cinematographer-camera_department-producer
n_f0d94d3c,Stephen G Shank,cinematographer-camera_department
n_2a26bf93,Scott Masters,producer-director-writer
n_617451e1,Mary Frymire,director-assistant_director-production_manager
n_3e478f41,Juana Barros,actress
n_e49d14f2,Andreas Zisimatosf,actor
n_3213b847,Peggy Mount,actress-soundtrack
n_778bdbb9,Penny Baron,actress-writer
n_17a995e7,Tamara Bruketta,actress-writer-producer
n_c0d76c48,Aakanksha Juneja\\,actress
n_25a2e3d3,Zach Frank,composer
n_1a28b0d3,Martín Mainoli,editor-director-writer
n_7ae199ad,Hubert Frank,director-writer-actor
n_ad75a6f6,Sai Paranjape,director-writer-music_department
n_3792aa2e,James Ashmore CreelmanZ,actress-director-editor
n_e651eb43,Sonali Khare,actress
n_09abc88f,Alex Pop,producer-sound_department-writer
n_1948d254,Allan Lane,actor-soundtrack-producer
n_d56d188b,Michael Wetherburn,composer
n_33494bfb,Jabr AlHajjv,composer
n_326a6bb1,Cecil B DeMille,producer-director-editor
n_a1e3172c,Gerard Damiano,director-writer-producer
n_08efd41e,Guy MaezelleC,camera_department-cinematographer-director
n_5794bb9d,Diane Baker,actress-producer-production_manager
n_d8062e62,Shawn Michaels,actor-producer-soundtrack
n_ca6fc278,Ayelet Gabay,composer
n_bfbe4c9f,Garth Knox,composer-soundtrack
n_e2618d17,Brenny Rabine,actress
n_2fde4dd1,Thomas Cowan,
n_b0658932,Riley Chamberlin,actor
n_20f6ed87,John Sutherland,actor-writer
n_185fcce6,Mary Ann Jacksonj,miscellaneous-stunts-soundtrack
n_73c77434,Brent AginW,executive
n_99661067,Denys Colomb de Daunant_,assistant-writer-actor
n_2c5a11ec,Jaroslaw Wolejkot,editor-editorial_department
n_5df03be5,Jason Scott Lee,actor
n_8e641222,Eduardo Flores Torresl,casting_director-camera_department-director
n_43f0cd3b,Igor Kosmachyov,composer
n_327d6ff9,Ashraf Abdel Baky,actor
n_9db9f958,Jackson Burnside,
n_878b54ec,Rakuto Tochihara,actor
n_e0db5765,Guillermo Murray,actor-writer-director
n_83297352,Nadezhda Kamenkovich,actress
n_968e2cdc,Virgilio Teixeira,actor
n_fe682cf2,Luke Anderson,actor
n_8d8111d3,Brent Agin,
n_603c8e93,Nathan Marquardt,actor
n_0bfb1001,Rahmatou Keïtal,publicist-writer-production_designer
n_6a887b9c,Joseph Sistrom,producer-writer-miscellaneous
n_6b12380d,Fred Kohler,actor
n_e429b869,Robbe De Hert,director-writer-actor
n_923bbe11,Wilhelmiina Tuukkanenm,actress
n_32326b3a,Jon Dunham,cinematographer-editor-camera_department
n_297315e1,Ashraf Abdel Baky,actor
n_6bfa5835,Brian McCardie,actor
n_fa494d99,Joey Travolta,actor-producer-director
n_590b3d97,Dusty Rhodes,writer-actor-producer
n_5c34ca84,Tim Kirk,producer-actor-writer
n_f596da58,Mathieu Simonet,actor-producer-director
n_3c8e2a51,Shuogang Chen,producer-miscellaneous
n_93d2bf9e,Öztürk Serengil,actor-producer
n_f7c0ea66,ChungHsien Wu,art_director-art_department-production_designer
n_ba6fea41,Bickram Ghosh,composer-music_department-actor
n_d7ccf910,Ryan Perez,writer-actor-director
n_337ca1a4,Jen Thompson,producer
n_88e4c25d,Debra Rogers,actress-miscellaneous-writer
n_5fbe5283,Jill Kelly,actress-producer-director
n_bed5fcb7,Katherine Walker,actor
n_ad1667af,Aishwarya,actress
n_d68edd5b,Justine Triet,director-writer-editor
n_b400385f,Sylvie Breneto,producer-production_manager-miscellaneous
n_66a04402,David Amito,actor-writer-producer
n_42053ce4,Ray EllisY,composer-music_department-soundtrack
n_6f190ba3,Lene Guttorm Mikkelsen,producer
n_e1b76a81,Corey Britz,soundtrack-actor-sound_department
n_3bffaed4,Lothar Mendes,director-writer-actor
n_79b6c64e,Sasha Grey,actress-director-producer
n_31878544,Pascal Elso,actor
n_26f4dbb5,Barry Darsow,actor-producer
n_3b74acd1,ByungJoon Lee,actor
n_228831e0,Chad Tepper,actor-miscellaneous
n_18bcb6d0,Mena Suvari,actress-soundtrack-producer
n_4e7282da,Sidney M Goldin,director-writer-producer
n_ee8ce0c8,Andreas Arvanitis,actor
n_db638cc5,A Jerkk,editor
n_e2df9635,Antoni Krauzey,director-writer-actor
n_2506886d,Marc Outbreak,stunts-actor-cinematographer
n_5e2cd160,Diane Bakerg,actress-producer-production_manager
n_c02820ad,Herta Frankel,actress-miscellaneous-director
n_635e64cd,Nikkhil Advaniu,writer-producer-director
n_f58756f4,Maralyn Thoma,writer-actress-producer
n_accaf1b5,Pedro Moisas,actor
n_7a34a838,Bernardo de la Mora,actor
n_656b99ec,Mark Badgerx,writer
n_e2c7cb7f,Kristina Bates,actress-producer-writer
n_f6143b1b,Angus Macfadyen,actor-writer-director
n_2f7ea32c,Steven Van Singel,editor
n_b8f3be6d,Gabriel Braga Nunesx,actor
n_d745b2f4,Bodega BamzY,actor-composer
n_0a0813e7,Belinda Montgomerye,actress-soundtrack
n_ed04cee9,Joseph Bologna,actor-writer-director
n_aa7a7210,Wilford Brimley,actor-stunts
n_e25ddc10,John Sutherland,actor-writer
n_b4a02c69,Sharat Raju,director-casting_department-writer
n_5491192b,Chris Kropp,production_manager-producer-director
n_536fd3ab,Peter IsraelsonI,production_department-writer
n_8725d792,Martin Lutzc,music_department-composer-miscellaneous
n_ec272907,Antonio Urdapilleta,producer-production_manager-assistant_director
n_30bb2a72,HJP Arnold,art_director
n_c66da664,Edgar Burcksen,editor-visual_effects-editorial_department
n_558b31cf,Christopher Morgan,producer-production_manager-miscellaneous
n_33f3a84e,Cingiz Abdullayev,writer
n_ff360242,Lev Milchin,director-art_director-production_designer
n_334433ec,Mithun Chakraborty,actor-music_department-writer
n_3c9cd625,Roscoe Ails,actor
n_bee698d1,Gülden Avsaroglu,actress-casting_director
n_79123d0c,Noel Cunningham,actor-editorial_department-writer
n_4d847f8e,Joe E BrownQ,actor-soundtrack
n_d066bee0,Jeremy Stulberg,editor-editorial_department-producer
n_39377a75,Dave Scott,
n_c4568be9,Scott McGinnis,actor-director-producer
n_a4e236ef,Harley Wood,actress-soundtrack
n_a87a7468,Alberto Castellanos,
n_fe0a438a,David Kyle,actor-producer-writer
n_76dabd3a,Rolf Hädrich,director-writer-actor
n_4cf0174d,SJ Thomass,cinematographer
n_de9aaee0,Kesley Cage,actor
n_bfc83a84,Ilmari Saarikoskiy,make_up_department
n_ee3308fa,Sumalatha,actress
n_0de67455,Lance Charnow,actor
n_d1077e12,Sascha Alexander,director-producer-editor
n_c97f5e4d,Barrett Moore,actress-director-producer
n_5f624ee4,Antonio PardoS,make_up_department-cinematographer-writer
n_0bfdccfa,Asan Kirkabayev,actor-composer-sound_department
n_8dfa30bc,Charles Thompson,composer
n_eeba5ece,Christoffer Nordenrot,actor-writer-director
n_59e94275,Aykut KöselerC,actor
n_56249a12,Heinrich Schnitzler,director-writer
n_4050b3f3,Christoph Hildebrandt,
n_428c113d,Peter Roehsler,cinematographer-camera_department-producer
n_2609851c,Tanya Badendyck,producer-miscellaneous
n_b30a44ab,Håkan von Eichwald,composer-music_department-actor
n_dd9f5de3,Caio Marcio dos Santos,composer
n_ac764f1e,Mark Gerstorfer,cinematographer-director-writer
n_60e67ecd,Váradi Edit,actress
n_18ae61e6,David S Percy,director-cinematographer
n_80cf6c74,Marie Colomb_,actress
n_968e2242,Manikanth Kadri,composer
n_6438bb1b,Aleko Alexandru,editor-editorial_department
n_e03956de,Misty Regan,actress-production_manager-costume_department
n_d44c1ae5,Pedro Garcíaj,casting_department
n_2bccd613,Johanna Teichmann,producer-writer
n_ef993a77,Rodney Beddal,actor
n_eb9545d7,Nick Brian Waltersd,composer-cinematographer-actor
n_dcc48a26,Paul Cattermoler,casting_department-soundtrack
n_a605343f,Belinda Montgomery,actress-soundtrack
n_d143fc2c,Heinrich Schnitzler,director-writer
n_08808664,Valentina Ghelfi,actress
n_64376e28,Laura Glucksman,actress
n_c5e1f91e,Angela Bov,miscellaneous
n_158cce82,Robert Raymond,producer
n_37106153,Marc Fournier,actor
n_8cdc3070,Joss Whedon,writer-producer-director
n_7f0434ff,Iñigo Hualde,camera_department-cinematographer-composer
n_86231e21,Alvin H Perlmutter,producer-miscellaneous
n_7275ed30,Özlem Öçalmaz,actress
n_d59bd196,Lachlan Milne,cinematographer-camera_department
n_efed7983,Brian Hanel,producer
n_bde41695,Eric Hodges,editor-editorial_department
n_acd63812,Autumn Kendrick,actress-writer
n_a521df79,Scott Appleby,composer
n_89ed87ef,Mike Watt,actor-soundtrack-composer
n_f8bb3028,Mary Stuart,actress
n_24467bca,Ecki Ziedrich,writer-director
n_2962bc0e,Chuck Dukowski,soundtrack-actor-producer
n_780f1a04,Donald Novis,actor-soundtrack-music_department
n_b8285564,Ellie Haddington,actress-soundtrack
n_cc8e9c7f,Nadia,actress
n_6bb06993,Alan Daicz,actor
n_703575fc,Gino Santini,cinematographer-camera_department-writer
n_c4857842,Joel Casanuevae,assistant
n_76e234c6,Chris Robinson,director-producer-assistant_director
n_3499e37a,Hugh Harman,producer-director-writer
n_e0ea82cb,Giri Babu,actor-director-writer
n_b04a85a1,Mihai Calink,electrical_department-location_management-transportation_department
n_e4e41f40,Ramon Nomar,actor
n_32c4cbb8,Frank Welker,actor-soundtrack-music_department
n_5b58a65b,JB MooreA,miscellaneous-composer-music_department
n_5fbec794,Jamil Caballerot,assistant-visual_effects-camera_department
n_9c5cfed6,Trijntje Oosterhuis,soundtrack-actress-writer
n_400ad9e1,Donald SutherlandO,actor-soundtrack-producer
n_3849f597,Emil GalstyanJ,art_director
n_e3f3de59,Jenny McCarthy,actress-producer-writer
n_7fe1bed6,Sundar C,director-writer-actor
n_aec90a47,Joey Jordisonp,writer-soundtrack-composer
n_b6519d6f,Marcos Kantis,producer-production_manager-miscellaneous
n_721c546e,Michael Dougherty,writer-director-actor
n_1ada74ef,Pablo EcharriO,actor-producer-writer
n_7419ef47,Heinrich Schnitzler,director-writer
n_2114a223,Sascha Alexander,director-producer-editor
n_e5548049,Phoebe WallerBridge,writer-actress-producer
n_c7a82ae0,Jackson Burnsideg,talent_agent
n_7b59ae75,Carolin Stoltz,actress
n_6d028a35,Vikram Rajaniy,producer-miscellaneous
n_f6aa2cdf,Jack KirbyR,casting_director-animation_department-miscellaneous
n_d504ff03,Bastian Schiøtt,camera_department-cinematographer-writer
n_e43c3615,Barrett MooreG,music_department-director-producer
n_f2515d26,Antonio Spadavekkia,composer
n_73023efc,Joaquim Nicolau,actor-miscellaneous-casting_director
n_db659726,Dorottya Mathe,producer-production_manager-miscellaneous
n_07041946,Anna Rizzo,actress-composer
n_d103467b,David Gustave Dawood,
n_599c00f2,Allison Felts,actress-writer-producer
n_8bfe1c42,Irina Mazing,actress
n_c18e82a7,Ricardo Remias,cinematographer-camera_department-actor
n_f4f289db,Alexandra Burke,soundtrack-actress
n_8d0f2d29,Lina Santos,actress
n_1bebf7dd,Kanwaljit Singh,actor
n_fb366c04,Dyanna Lauren,actress-director-writer
n_58db0d72,Franco Ferrini,writer-actor-director
n_b8e89efe,Austin Arnold,actor-producer-writer
n_9fc39ff4,Bryan Foyt,producer-director-miscellaneous
n_092bbf00,Jirí Kolafa,composer-sound_department-editorial_department
n_f7cc662e,Jamie Leonard,production_designer-art_director-art_department
n_cad6d1fd,Erin Anne MacDonald,actress-costume_department-producer
n_acf72aa9,Yu Bai,actor
n_289ae4cd,Srboljub Milin,actor
n_920aef19,Stephen Reizes,cinematographer-camera_department-director
n_71559120,Marta Aura,actress
n_7e322493,Charlotte Beaumont,actress
n_d148f90d,JunoC,actress
n_81745bae,Roy Robertsf,make_up_department
n_2e168be2,Aleksey Kozlov,director-writer
n_a51ee350,Douglas E Porter,cinematographer-camera_department-editor
n_26e06f99,Buddy WatsonZ,sound_department-director-cinematographer
n_cfc254f4,Pablo Javier Gómez,cinematographer-camera_department-director
n_791915bb,James M Holt,sound_department-composer
n_a15b3f32,Samuel Jirásek,
n_fa988367,James Cruzer,actor-director-producer
n_71ad113d,Turgud Ören,cinematographer-writer-camera_department
n_ed9a37a9,Kristina BatesZ,actress-producer-writer
n_9052e1d1,Henri Calef,director-writer-assistant_director
n_24aaa7c7,Aicha McKenzien,actress-miscellaneous
n_15d35f71,Tony Baez Milan,director-writer-actor
n_1b46ae5f,Lisa Maria Falconeb,producer
n_fc6d5d45,Chia Hing Kou,producer
n_c8a7a29c,Lieh Lo,actor-director-writer
n_60677cf5,Dániel Keresztafalvi,actor
n_5e01390f,Tina BarrettO,art_department-soundtrack-writer
n_08a2a356,Chris Edgerly,actor-miscellaneous-producer
n_ba9ca049,Nancy Reagan,actress
n_a6c569dc,Carissa Bazler,actress-writer
n_04041419,Ron Selmour,actor-stunts-miscellaneous
n_b3dfca07,Karam Motawie,actor
n_21373fd1,Michaela MüllerL,director-writer-cinematographer
n_6466fe93,Indira Bansal,actress
n_56cb626f,Lisa Cordileone,actress-producer-writer
n_387c6b00,David Brian,actor-writer
n_6560ac0f,Gangapada Basu,actor
n_79159293,Michael Wilkinsonf,costume_designer-costume_department
n_f0dd14dc,Stuart Anthony,writer
n_1e0fa44c,Edward Faulkner,actor-director-art_director
n_d21eb3d9,James Ashmore Creelman,writer-director-editor
n_96cb4737,Bruce McNallv,cinematographer-executive
n_0f9c9563,Unshô Ishizuka,actor-soundtrack-miscellaneous
n_a7b0ec6a,Léopold OiselO,art_department
n_7ad7914c,Mario Temes,actor-cinematographer-director
n_44d50baa,Gangapada Basu,actor
n_e7d7fc1f,Humberto Zurita,actor-producer-director
n_fce5974b,Adam Eppenstein,actor-writer-director
n_60543f5d,Howard Rosenman,producer-actor-writer
n_4570dc24,Jordan Haj,actor-soundtrack-director
n_559e2fdc,Ümmiye Koçak,actress-director-writer
n_2168fdd8,Aleko Begalishvili,actor
n_dc4c7fc6,Makoto Onodera,cinematographer-camera_department
n_c71471c5,Metin Erksan,director-writer-producer
n_21ed52bd,Mikhail Druyan,cinematographer-camera_department-animation_department
n_9e70b11a,Emily Cutting,actress
n_9b827785,Dennis Blair,composer-miscellaneous
n_35c80ca9,Derek Jensen,actor
n_07ae640c,Byamba Sakhya,director-cinematographer-editor
n_5703b4ca,Mohamed Wafik,actor
n_7683232e,Satyanand,writer-script_department-miscellaneous
n_a7b9af99,Jerry Watson,camera_department-cinematographer-miscellaneous
n_9ff9e2a7,Ricardo Remiast,cinematographer-camera_department-actor
n_dab008e3,Agustín Lara AlvaradoK,animation_department-camera_department-actor
n_4411efce,Pauline Curley,actor
n_659b9810,Jeremy Stulberg,editor-editorial_department-producer
n_db626684,Kathryn Farr,actress
n_0b2155b9,Roddy Piper,actor-producer
n_7a77d45e,Phillip G Carroll Jr,director-editor-writer
n_291d7f22,Paulo Vespúcio,actor-director-writer
n_7370f515,Michael Bockman,editor-assistant_director-writer
n_777e6bc5,Piper Fawn,actress-producer-cinematographer
n_d70fe620,Jawad Rhalib,director-writer
n_8242b3ff,Danielle Franco,producer-miscellaneous-director
n_fb9a823b,Makoto Onodera,cinematographer-camera_department
n_89156e12,Andrey Osipov,director-actor-writer
n_bef16c0b,Michael Baisden,writer-producer-actor
n_84b9df43,Tristram Tupper,writer
n_ac21e358,David R Schwartz,editor
n_2ce1fc8f,Reilly Askew,writer
n_6789a7d6,Linda Sorensen,actress
n_73bb3486,Nathalie Boltt,actress-producer-director
n_cea64081,Matt Hall,producer-actor-writer
n_35bf22a7,Nicolas Comeau,producer-production_manager
n_080e3cd2,Reiko YoshidaA,writer-miscellaneous-script_department
n_f63605e3,Stephen M Lyons,cinematographer-camera_department
n_5c72a596,Natalya Bondarchuk,actress-director-writer
n_34a6c2d0,Marcos Kantis\\,producer-production_manager-miscellaneous
n_55f67afb,Tomi Kosynus,actor-miscellaneous-art_department
n_6788b3ec,Juno,editorial_department
n_c2f753da,DW Griffith,director-writer-producer
n_23b8fcdb,Scott Nails,actor-miscellaneous
n_1bc303a0,Dustin Poirier,
n_eecb7447,George Formby SrX,art_department
n_c16189a5,Matthew James Kelly,composer-music_department
n_96188b62,Rodolphe Solmsen,producer
n_c8354774,Lloyd Ahern Sr,cinematographer-camera_department
n_9a843584,Sean S Cunninghamc,costume_department-writer-director
n_95fc3fc6,Juan Pablo García,producer-actor
n_a5959f02,Mel Blancz,actor-soundtrack-music_department
n_b77d694f,Patrick J Voetberg,editorial_department-editor
n_05a2f83b,Federico Sodi,writer
n_24c923c3,David Ritsherq,producer-editor-editorial_department
n_36622cc1,Robert MorleyM,executive-writer-director
n_10f0d76d,Harry Dawson,cinematographer-camera_department-director
n_5c3d5aae,Christian Blanco,producer
n_f73d2136,Mary Stuart,actress
n_8a1d2613,Stephen Gass,director-miscellaneous-writer
n_e403f85a,Kendal Rogers,director-cinematographer-miscellaneous
n_fb60c894,Gyula Buss,actor
n_83b9ce98,James Griffiths,music_department-composer-sound_department
n_780bbabc,Matthew LevinE,composer-director-editor
n_512bddd4,Anna Acton,actress-miscellaneous
n_0e6c721d,JeanPierre Romel,
n_bbd65736,Sebastian Jacques,actor-soundtrack-music_department
n_a3d62cb2,León Felipe González,editor-sound_department-writer
n_51f6cd0d,William Nayerio,composer
n_52f55049,Danielle DePalma,producer-miscellaneous-executive
n_87b9cc48,George Formby Sr,actor
n_f757e97e,Oliver Wallace,composer-music_department-soundtrack
n_6f4e847c,Charles F Royal,writer-actor
n_5c5cfb26,Nadia,actress
n_20ec5518,Jeffrey Schwarz,producer-director-editor
n_4a3733e4,Ana Blanco de Córdova,actress
n_5391bfef,Will Greenberg,actor-writer-soundtrack
n_5e0ae603,Peter Jan Rens,actor-writer-director
n_5487e866,Mel Lewis,composer-music_department-sound_department
n_2e7df375,Andrew Hernandez,actor-writer
n_7de5444b,Manmohan Singh,cinematographer-producer-director
n_ab469606,Sherri Strainu,producer-writer
n_959c3c32,Forrest Stanley,actor-writer
n_b1b41086,Janez Bricelj,editor-sound_department-actor
n_991c24e4,ChunChun HsuC,actress
n_832fe8ea,Arden Belle,actress-writer-producer
n_48f4a981,Combat,actor
n_58bdcd86,Fatma GirikQ,actress-producer-writer
n_331ea8d3,Yuen Chor,director-writer-actor
n_b38c34f3,O Jochen Schmidt,production_designer-art_director-art_department
n_ae58a518,Mary Jo Godgesz,electrical_department-producer-composer
n_8e93db7c,Matthew Gray GublerS,music_department-director-producer
n_78b6fea5,Djordje Radmilac,production_manager-writer
n_cd6a1c8a,Greg Pruss,writer-actor-art_department
n_286fb76c,Brian Murphy,actor-soundtrack-writer
n_abb4cfcc,Max Elk,actor-writer-producer
n_cc684160,Harvey Berger,editor-writer-assistant_director
n_e679512c,Fernando Bonassi,writer-script_department-director
n_e790fa5c,Nick Crawford,actor
n_2e4a98c4,Frans Huybrechts,writer-assistant_director
n_e53c12bc,Jeffrey Reddick,writer-producer-actor
n_eac17822,Toshio Terada,writer
n_2694a548,Nripati Chatterjee,actor
n_43a5a96e,Marc Baryg,producer-actor-production_manager
n_92c68c00,Virginia BowenC,director
n_0332dc57,Joana Carvalho,actress
n_03fc0d53,Everett Sloane,actor-director-soundtrack
n_7aec240e,Sanjeev,actor-publicist
n_7a7cb597,John de Lancieu,actor-soundtrack-producer
n_a86b3853,Blackie Shou Liang Ko,actor-stunts-director
n_2470ef3c,Peter Jan RensW,visual_effects-writer-director
n_71416b59,Rambha,actress
n_eee04534,Ralph Sanford,actor-soundtrack
n_f79c9f83,Martin Parrisi,production_department-miscellaneous
n_ac9568e5,Jana Miartusova,actress-editor
n_72ef767b,Sevinc Alisovat,cinematographer
n_72dbb95d,Irina Mazing,actress
n_6eb162f8,Molly Rome,actress
n_a64c37de,Jinwook Lee,actor
n_e2e9d604,Sophie Rundle,actress
n_1d99f047,Gabriel DinizU,set_decorator-cinematographer-visual_effects
n_905e2f98,Nikos Foskolos,writer-director-soundtrack
n_81ee5745,Preston Lockwood,actor
n_b4549f07,Lidiya Kataeva,actress
n_783f17be,Joe LiTrentak,director-writer-editor
n_43598640,Santosh Dhanoa,writer-costume_department-producer
n_828614cc,Malcolm Richardsm,visual_effects-cinematographer-producer
n_279d4f17,Daniel Bronks,cinematographer-camera_department
n_da64683d,Juan Peláez,actor
n_aa12a951,Ava Gardner,actress-soundtrack-stunts
n_eb267064,Oiva Lohtander,actor-director-writer
n_6b85716b,Amber Tamblyn,actress-producer-writer
n_5a9a8522,Nick Adams,actor-writer-soundtrack
n_9f836a76,James Luisi,actor
n_e81a5865,Ismet Erten,actor
n_790ee143,EM Madhavan,editorial_department-editor
n_414cf4ba,Cédric Delport,producer-editor-director
n_e3d3e493,Philippe Prosper,actor-stunts
n_14b9ce9f,Brooke Bloom,actress
n_20cd0e1a,Denys Colomb de Daunanti,composer-writer-actor
n_0fe2160c,Lisa MilioY,actress
n_106cac12,Donald OConnor,actor-soundtrack-director
n_3e9b058e,Ave Ninchi,actress-miscellaneous
n_4c21a886,Janice Giteck,composer-music_department
n_b293f5b4,Soizic Bourvil,actress
n_e6e64d9a,Alberto Alemany,
n_bbc584c5,The EdgecrusherD,transportation_department
n_5371fb1f,Katrin Kalketenidis,director-camera_department-producer
n_27a5537f,Simon Beaufils,cinematographer-camera_department
n_b160e2a7,Mika Simmons,actress-director-writer
n_c57dc450,Babloo Chakravorty,music_department-composer-actor
n_b9cbdc85,Carol Castro,actress
n_f5a89456,Silas Miamim,writer-director-music_department
n_657226bc,Roscoe Ails,actor
n_0cd85cb6,Jerzy Wójcik,cinematographer-writer-miscellaneous
n_5ca6c303,Irving Pichel,actor-director-producer
n_1fe95160,Irwin Yablans,producer-miscellaneous-writer
n_508fcf48,Nigel Davenportd,actor-assistant_director-soundtrack
n_72a9c071,Denny Johnston,actor-writer-soundtrack
n_470729bb,Vandemataram Srinivas,composer-music_department-actor
n_d96c3f45,Taylor Cook,actor
n_c98a0e98,Herbert BautistaP,actor-soundtrack-miscellaneous
n_9ece7226,John Cleesem,sound_department-writer-producer
n_ee6f3e4b,DJ Perry,producer-actor-writer
n_4487ccac,Christopher Walken,actor-soundtrack-miscellaneous
n_1d525c36,Lütfi Akad,director-writer-editor
n_da47115a,Cleve Keller,producer-writer-miscellaneous
n_343db1b7,Lamberto V Avellana,director-writer-producer
n_39ad89fc,Krolik Black,actress-writer-cinematographer
n_217b32b2,Mary Bennett,miscellaneous
n_771078d9,Michael Ansara,actor-director-producer
n_f79ac527,Rosi Campos,actress-soundtrack-miscellaneous
n_5d0a1dcf,Clara Rugaard,actress-soundtrack
n_f1cb1679,Merritt Smith,actor
n_f7bed55f,Nikolaj Lie Kaas,actor-director-writer
n_961f0185,Robert David Sanders,editor-sound_department-visual_effects
n_604bb7c6,Mohammad Barsoozian,actor-producer
n_b9a2b7da,Lauren Haroutunian,cinematographer-editorial_department-camera_department
n_47814290,Andrey OsipovV,director-actor-writer
n_12bc7d38,Lawrence Wilkersonr,sound_department
n_70d2a1cb,Juliana Montañésg,special_effects
n_8d563ece,Zach Frank,composer
n_56ea4b80,Marilu Henner,actress-miscellaneous-producer
n_7b477705,Briana Banks,actress
n_46176d6f,Matt Egan,cinematographer-camera_department
n_8207b72c,Richard Crenna,actor-director-soundtrack
n_e7bc4c51,Bojan Zogovic,actor
n_32e1a6f8,Stan Lee,producer-writer-actor
n_5ce26790,Ivan DubrovskiyG,costume_designer-cinematographer-production_manager
n_e3dcd9e9,Tanika Hardin,actress
n_8e02b2b5,Xiaobao SongD,actor
n_082df66e,John Doman,actor
n_18cad8be,Tobias Dengler,cinematographer-camera_department-production_manager
n_8e889bdb,Parker C Hixt,actor
n_513deca6,Don Red Barry,actor-writer-producer
n_0a940629,Herman Knop,actor
n_50abd93c,Janez Briceljp,editor-sound_department-actor
n_4713a175,Mia RyderM,costume_designer
n_d5d16be7,Miklós Sass,actor
n_fb585918,Benoît Graffin,writer-director-actor
n_27ca6c00,Helen Vita,actress-writer
n_b52629f8,Carole Lebel,actress
n_3e7a9456,Kera OBryont,manager-music_department-miscellaneous
n_aea0a0be,Wilford BrimleyR,actor-stunts
n_d161cfa9,AK Hangal,actor
n_5a153a8a,Derek H Potts,actor-producer-writer
n_381b0e71,Krzysztof Pietroszek,producer-director-writer
n_a739f392,Edward Lee,executive
n_0e4768e6,Brian Gordon,producer-production_manager-miscellaneous
n_7dd5e112,Samuel Jirásek,
n_ac41bfbd,Kazimierz Tyminski,writer-miscellaneous
n_6ab25153,Joey Lever,actor-director-writer
n_94aecee9,Harry GregsonWilliamsA,miscellaneous-music_department-soundtrack
n_ee3be898,Beatriz Aguirre,actress
n_d59419c0,Christopher C Dewey,producer-miscellaneous
n_929bdfc4,Eddy Waller,actor
n_f55114e4,Harry Revier,director-writer-producer
n_12dcca5d,Rajaa Yousef,writer
n_c34c0119,Tom Lodewyck,actor-producer-assistant_director
n_14615917,Bob Mosher,writer-producer-soundtrack
n_cf5a4c9b,Layla Fawzi,actress
n_c6c639cb,Catherine Stepien,production_designer-costume_department-actress
n_1790d554,Eric Lindsay,composer-music_department-sound_department
n_ef4a6039,Taylor Cook,actor
n_f6bfec9f,Heikki FärmR,transportation_department-camera_department-actor
n_0a7be82c,Sabitri Chatterjee,actress
n_36bf1a56,Igor Bolgarin,writer-director
n_fd263300,Rogelio Guerra,actor
n_2101de01,Leona Cavalli,set_decorator
n_32505860,Mitchell Bourke,actor
n_0ea7bea9,Baris Can Sagir,actor
n_ac453242,Anton Kuznetsov,actor
n_0046f57d,Anna Mikhaylovskaya,actress
n_2d288aba,Gerald Geraghty,writer-miscellaneous
n_09868878,Trevor Sacksp,composer
n_19475fc2,Peter Marshall,actor
n_42700cc2,João Fonseca,assistant_director-production_manager-actor
n_31fed2c5,Ralf Moeller,actor-producer
n_92e89859,Jake Roberts,actor-writer
n_0a628c67,Nick Adams,actor-writer-soundtrack
n_3191769e,Kazimierz Opalinski,actor
n_41c3ff20,Emil Galstyan,actor
n_9cf85a3a,Panagiotis KonstadinouC,legal-writer-actor
n_1bdad570,Bibhutibhushan Bandyopadhyay,writer
n_e32cce89,Charles Chadwick,writer-composer-art_director
n_4c7627fc,Ryan Dodson,music_department-composer-soundtrack
n_fd531ec1,Jagdeepv,actor-music_department-soundtrack
n_da4729be,Lucie TheodorovaP,actress
n_6366096c,Sarah Strange,actress
n_effe69b3,Corey Landis,actor-soundtrack-writer
n_0cbb9d93,Vito Giuseppe Zito,art_director-production_designer
n_d89077b7,Steve Bevilacqua,writer-producer-director
n_d134758a,Geraldine Jamesj,actress
n_f98b298b,Chatchawan Wongarj,actor
n_6f423dda,Devin Daleys,producer-casting_department-editor
n_b4615c71,Danny JohnJules,actor-producer-writer
n_f5d21f19,Fadi Kazmuz,producer
n_4e2faf82,Cingiz Abdullayev,writer
n_06f52f0b,Morgan Sarpaux,actor
n_081df48d,Michael Brosnanp,editorial_department-director-writer
n_534968f9,Maria Roveran,actress-composer-music_department
n_9a6938b4,Antonio Burke Jry,writer-director
n_500cf9d8,Sérgio Bezerra,actor-producer
n_de5962e1,Antonio Urdapilleta,producer-production_manager-assistant_director
n_120f08f7,Anna Actond,actress-miscellaneous
n_8e08f995,Heather Langenkamp,actress-special_effects-make_up_department
n_c713f25d,Brooke Bloom,actress
n_c314ccec,Valley KeeneR,animation_department
n_43c1e17c,Fred Kohler,actor
n_a0b8813b,Jean Proalr,writer
n_d6251c81,Francois Clousot,cinematographer-director-camera_department
n_89ce9329,Sohail Rana,composer-soundtrack-producer
n_14c568ac,Faisalu,production_designer
n_c951cea7,Jon Dunham,cinematographer-editor-camera_department
n_642ef615,Mary FrymireZ,director-assistant_director-production_manager
n_fdd8f2f2,Helena Trestíková,director-writer-actress
n_97185ccd,Elsa Kikoïne,actress
n_1e733d59,Roy Mack,director-writer-miscellaneous
n_1d19ed4a,Wayne Uptown JohnsonP,casting_department-actor-editor
n_d1affcfb,Leith Towers,actor-miscellaneous
n_5b51fac6,Gudrun Brostn,actress-soundtrack
n_abdd1a9e,JB Moore,soundtrack-composer-music_department
n_698d0ad0,Robert Culpi,actor-writer-director
n_e822b364,Jeffrey Dachp,sound_department
n_37e8a91f,Miodrag Andric,actor-writer
n_378e41d9,Kana Akutsu,actress
n_b33421ab,Daniel BronksF,production_department-camera_department
n_34ace13a,Steffen Hallaschka,actor
n_b1c9287f,Chandrashekhar,actor-assistant_director-writer
n_51b53234,Nicole WrathallHiggins,producer-writer-assistant_director
n_78b232c5,Don Smith,actor
n_1e483127,Laurence Hennion,editor
n_296dbddb,César Pérez,producer-cinematographer-camera_department
n_1b4e39b2,Gülden Avsaroglu,actress-casting_director
n_60183d4d,Thomas Bo Larsen,actor-stunts
n_2eac4ef5,Fernando Bonassi,writer-script_department-director
n_c1c83f62,Lily Li,actress
n_2225a9a6,Renato BaldiniM,script_department
n_1412cc10,A Dorian Otvos,writer-script_department-soundtrack
n_5b9ac9df,Rudolf EgerX,composer-producer-production_manager
n_7412e365,Maho Nagase,actress
n_afcaec0a,Nikolaus Glowna,composer-music_department
n_c1c154f8,Pascal Elso,legal
n_b5f35aae,Larry Fine,actor-soundtrack-writer
n_2469a5ad,Todd Cahoon,actor-art_department-camera_department
n_c650cecf,Buzz Farber,actor-producer
n_6b22f382,Liv Leman Brandorft,electrical_department
n_8e7cd4cd,Jefferson Moffitt,writer-director
n_d6c08b82,Rutger Reinders,composer-music_department-soundtrack
n_893640cf,Nikos Foskolos,writer-director-soundtrack
n_4548f9d4,John Dennis,actor
n_e24cea7d,Leighton Pierce,director-sound_department-producer
n_4b79502c,Raffaella De Laurentiisr,set_decorator-production_manager-costume_department
n_7f837b9e,Mat Powello,writer-actor
n_c9aa14b7,Wilhelmiina Tuukkanen,actress
n_0656077d,Donna Warner,actress
n_4b887c27,Lucie Theodorova,actress
n_db3ae358,Ron RussellU,producer-actor-director
n_4ea94eec,George H Brown,producer-writer-production_manager
n_8b6a2bf0,Rutger Reinders,composer-music_department-soundtrack
n_aa51b999,Saeed MotarassedE,sound_department-director-writer
n_b70c98f5,Khosrow Khanmohammadi,actor
n_bc2c216b,Mark Dexter,actor
n_eb071206,Lucile Terrin,writer-assistant_director
n_11c9fae1,Norman Lovette,actor-writer-soundtrack
n_76e08c93,Terry Jernigan,actor-producer-writer
n_4bf90ad4,Tricia Devereaux,actress-editorial_department-producer
n_16d0c6d5,Sundar C,director-writer-actor
n_c68c6fd5,Delphine Chanéac,actress
n_ae4a49ef,Bettina Mazakarini,sound_department-editor-editorial_department
n_1e4ab4ef,Aatu Kokkonen,actor
n_8fb1cc89,Giampaolo Chiti,composer
n_83910f51,Isaac Sehayek,editor-producer-editorial_department
n_e1c11156,Vishnuprasad Palinje,cinematographer
n_43428fab,Frédéric Langlet,writer
n_abc91590,Rolf HädrichA,director-writer-actor
n_1533d35a,Charles Bernstein,composer-music_department-soundtrack
n_4d724c8a,Manel Barceló,actor-writer
n_5b0ad1f3,Henry Deutschmeister,producer-production_manager
n_dc18e15e,Henri Calef,director-writer-assistant_director
n_d06bea05,Oskar Kaszynski,actor-director-writer
n_975c94a7,Josie Petersen,
n_bf922f66,Andrew Ellard,script_department-writer-director
n_0435b18d,Jorge Sankler Carvalho,actor
n_c6f24148,Mark Burman,producer-writer-director
n_b73e111b,Mario Garcia,actor
n_add029ac,Suavi Tedü,actor-director-writer
n_57127dcc,Joan Valerie,actress-soundtrack-miscellaneous
n_cb43ce55,Oktay Yavuz,actor
n_866fa70d,Davi Saavedra,writer
n_4612151c,Léopold Oisel,actor
n_edc55e9c,Amy Ackerb,actress
n_04f55918,Gustavo Re,actor
n_53677ee5,Axel Prahl,actor-soundtrack-composer
n_c495646e,Heikki Färm,cinematographer-camera_department-actor
n_10d656a0,Brian Burnamd,editorial_department-writer
n_849df673,Josh Covitt,actor-writer-miscellaneous
n_0aa4f585,Sócrates,editor
n_bd1be504,Tom Scharpling,producer-actor-writer
n_d4fa83e9,Al Morrow,producer
n_77e5547f,Leif Axel KjeldsenO,production_manager-editorial_department-set_decorator
n_943c1c55,Kevin Dunn,director-producer-actor
n_228388f4,Hélène de SaintPère,actress
n_173b5f7f,Jude Leak,editor-actress-editorial_department
n_9f75838d,Dagmar WeaverMadsen,cinematographer-camera_department-producer
n_70532f88,Martin Parris,actor-miscellaneous
n_91bec779,Vincent Martin,actor
n_b3e20513,Simon Beaufils,cinematographer-camera_department
n_6f7037ad,Gregor Clark,director-writer-assistant_director
n_2b871c30,Taylor Cookk,script_department
n_63233914,James Bushe,director-producer-writer
n_7312b86d,Alexandra Burke,soundtrack-actress
n_32dfa158,John Pudney,editorial_department
n_2ba115e8,Ivan Mulin,actor
n_79cd1e75,Paulo Vespúcio,actor-director-writer
n_5447eb99,Lara Cody,actress-miscellaneous-casting_department
n_9122eecc,Rufus Graham,actor
n_4ebf3fa4,Miles TellerU,actor-producer-soundtrack
n_e669677d,Anita Bulan,producer
n_b5e703d0,Toshio Terada,writer
n_ad2b8938,Laurent Brandenbourger,writer-director
n_5c47ab1e,Emiko Omori,cinematographer-director-camera_department
n_a7a91b4d,Ismet ErtenY,actor
n_7e0050e5,Liv Leman Brandorfg,electrical_department
n_f5c32c0c,David Kyle,actor-producer-writer
n_95395c83,Marie McLaughlinA,casting_department-soundtrack
n_e39890e3,Kyle Stonek,actor-miscellaneous
n_56e1d708,Zygmunt Zintel,actor
n_4a230bf2,Ivy Latimerm,actress
n_fcf2ed72,Alec Soth,producer
n_0423d737,Nate Mosher,actor
n_4f08c189,Guy Mitchell,actor-soundtrack
n_f94cd2a2,Noah Blough,sound_department-editor-writer
n_a794ccee,Chris Cook,actor
n_02e195e2,Yesim Yükselen,actress
n_753333a7,Wrik Meadu,art_director-writer-cinematographer
n_f63be8fd,Frans Huybrechtse,location_management-assistant_director
n_17560b25,Victor Agustin,producer-casting_director
n_c95887d6,Miomir DenicH,production_designer-art_director
n_4f5e4672,Elektrina Korneeva,producer
n_4429bc39,Jividha AsthaE,costume_department
n_ebd187b4,Jun Umeda,sound_department-producer-miscellaneous
n_cb29ea5e,Mike Fallek,writer-director-editor
n_0470137d,Justin Strydom,actor-producer-writer
n_0e591a6f,Yoshie Asai,actress
n_efc10f8f,Andrew Ellard,script_department-writer-director
n_0395f85d,Lily Li,actress
n_56ce75e1,Blanket Barricade,composer
n_a9be74cc,Carolina Martín Ferro,actress
n_546e0d79,Jacob Kalich,actor-art_department-art_director
n_9c36dc8e,A Dorian Otvos,writer-script_department-soundtrack
n_784b997f,Unshô Ishizuka,actor-soundtrack-miscellaneous
n_6c0d8ef4,Jeremiah BitsuiV,actor-producer-casting_department
n_6e2c401f,Marta Victoria,composer-music_department-writer
n_4df6ecb1,Danielle DePalma,producer-miscellaneous-executive
n_f30efecc,Jens JohanssonT,actor-soundtrack
n_fa847a41,Dabney Colemanp,electrical_department-miscellaneous-soundtrack
n_1eb46a2a,Daniel Craig,actor-producer-soundtrack
n_5d99be70,Jaroslaw Wolejko,editor-editorial_department
n_e6fe1b35,Edward Faulkner,actor-director-art_director
n_4e94f1dd,Dan Drilling,composer
n_d394e07c,Gilberto Carbone,producer-production_manager
n_35208d60,Allison FeltsJ,actress-writer-producer
n_f17ebbbf,Ana PoliakB,editor-assistant_director-director
n_5cc871e0,Éric Névé,producer-actor-writer
n_e9267c88,Tony Baez MilanQ,director-writer-actor
n_0d9b1c4a,Sara Kosovac,actress
n_9a7b8378,Clive Brook,actor-director-writer
n_0eabc11b,Denny Johnston,actor-writer-soundtrack
n_1eb0a582,Andrew J McIntyre,cinematographer-camera_department
n_2ae9d352,Kat Kairo,make_up_department
n_b9b74b43,Fermín Martínez,actor
n_23e326fc,Toby Lee,actor
n_e2e51c22,George Meehan,cinematographer-camera_department-miscellaneous
n_4f716acd,Joey Jordison,actor-soundtrack-composer
n_8ba40dd1,Lauren Collins,actress-producer-writer
n_12e2c75c,Benjamin Ruhland,producer
n_dae28bb5,Betelihem Zelealem,editor-camera_department-production_manager
n_b31582b4,Andre Matthias,composer
n_a4161f17,Misty Regan,actress-production_manager-costume_department
n_9a705547,Predrag Ejdus,actor-music_department
n_fe3a1218,Angela Bo,actress
n_369f501b,Ettore Maria Fizzarotti,assistant_director-director-writer
n_b7c3ba66,Ubirajara Quaranta Cabral,composer
n_5ee52b12,Theodore J Pahle,cinematographer-director-writer
n_a513a352,Cleve Keller,producer-writer-miscellaneous
n_973ac905,Chia Hing Kou,producer
n_72600212,Iván Wyszogrod,composer-music_department-sound_department
n_4facacd4,Jimmy Barker,writer-director-actor
n_cf8659c6,Jordi Bulbena,production_designer-actor-miscellaneous
n_d6737234,Greg Pruss,writer-actor-art_department
n_47048d24,José Lorenzo Wasner,camera_department-cinematographer-sound_department
n_7a9fa17e,David Michael Latt,producer-visual_effects-writer
n_5706c3a3,Merridy Eastman,actress
n_0480537f,Martin RahnerS,executive-editorial_department
n_ba7ca26e,Tim Calandrello,editor-editorial_department-producer
n_5324486f,Yorgos Avgeropoulos,director-writer-producer
n_54a516b9,Fabien BouillaudZ,editor-miscellaneous
n_e58548e8,Miklós Sass,actor
n_0f4ea807,Joe Cook,actor-writer-soundtrack
n_c6ece08c,Albert R Broccoli,producer-miscellaneous-assistant_director
n_a11973f2,Carlo Rota,director-miscellaneous-producer
n_ca5ca88e,ByungJoon Lee,actor
n_3f9e0e36,Scott Appleby,composer
n_1dec9137,Jacob Kalich,actor-art_department-art_director
n_172060fc,Luciano Emmer,director-writer-editor
n_fad5d08b,Ido Drentp,actor
n_44f44a7a,Murray BurnsR,composer-soundtrack-writer
n_3f2fc548,John McCain,actor-writer
n_3d6b3637,Guy BranumP,location_management-producer-actor
n_f6274c3e,Lucia Pecrul,actress
n_1d8b0f62,Ivo Canelas,actor-cinematographer
n_3373bff0,Damon Locks,actor-art_department-composer
n_cece1811,Miklós Kapácsy,actor
n_e8baa7f9,Tsar Nicholas II,
n_75dd9000,Vasiliy Livanov,actor-writer-director
n_955fef0f,Kate Winslet,actress-soundtrack
n_ef34479e,David Hicks,production_designer
n_03dcefbc,Joanne Barona,casting_director-producer
n_b3497194,Ed Crick,actor
n_a6e16e87,Stefan Will,composer-soundtrack-writer
n_01137c55,Patrick Cohen,electrical_department-producer
n_76b7e693,Camille Parent,art_director-art_department-set_decorator
n_b0dd470f,Noah Bloughz,sound_department-editor-writer
n_4d61aee7,Ralph Richardson,actor-director-producer
n_3f6f1bc4,Brian Burnam,actor-writer
n_0d9649ab,Gustavo ReV,writer
n_8ea90a9e,Jussi Niilekselä,director-producer-writer
n_27c58e86,Brenny Rabine,actress
n_50fe44ec,Virginie Efira,actress-writer-producer
n_921cf4c0,Jividha Astha,actress
n_c3a6c386,Aysan Hadad,
n_ba30f958,Kanwaljit Singht,costume_department
n_0c4e53fa,Laura Naylor,director-producer-writer
n_d7843b32,Amy Nicholson,production_designer-art_director-writer
n_11e8d0b1,Master Bhagwan,actor-director-writer
n_748f0848,Remigio Del Grosso,writer-assistant_director-director
n_23450876,Warren Foster,writer-soundtrack-art_department
n_a0d75798,Annabel Chong,actress
n_d3aa2d84,Dennis Blair,composer-miscellaneous
n_eb0e9a33,Viktor Lebedev,composer
n_70238eb0,Mena Suvari,actress-soundtrack-producer
n_bf217c09,Chloe Carroll,actress-producer-writer
n_739917e1,Wera Cleve,editor
n_9fcf4743,Knut Lystad,actor-writer-director
n_86f8df0f,Jelena Büsser,actress
n_b177d73a,Peter Cullen,actor-music_department-soundtrack
n_5cd8e439,Erin Anne MacDonald,actress-costume_department-producer
n_0f4e2c07,Tolepbergen Baisakalov,actor
n_eb38c874,Juliette Day,actress
n_b0f28144,Corey LandisE,sound_department-soundtrack-writer
n_f6282c1d,Gustavo Galvão,producer-director-writer
n_76590f45,Elliot Bakkejord,actor
n_cf191a19,Dan Parisa,actor-miscellaneous
n_31f9ec62,Charles de LauzirikaO,producer-director-writer
n_513fcbed,Leon Schlesinger,producer-miscellaneous-animation_department
n_9cb1e4b3,Ege Aydan,actor
n_eeb71288,Meghan Bradleyz,actress
n_49b59344,Antônio FagundesC,actor-writer-producer
n_87f1e85f,Yuan Chang,actor
n_73aa543b,Eric Booker,actor-soundtrack
n_0c54d603,Sharon Franklin,editor-editorial_department-camera_department
n_4fafbc77,Yuriko Yamamoto,actress-soundtrack
n_c0c4ce6d,Harry Sherman,producer-miscellaneous
n_ac8d6111,Antonio Burke Jrq,actor-director
n_7915d640,Mehmet Abut,composer
n_5ea88af4,Clayton S Taylorg,actor-producer-cinematographer
n_a6c7e815,Carolin Stoltz,actress
n_f43f8d10,Jason GravesS,executive-composer-soundtrack
n_7101cbdc,Rico Strong,actor-director
n_b5419fd0,David Brian,actor-writer
n_98c06623,Karin Cavalli,
n_afd39efe,Ave Ninchi,actress-miscellaneous
n_4ca75c54,Tony Roman,composer-soundtrack-actor
n_73932b3e,Yancy Mendia,actress
n_a205371c,Ashley White,actress
n_f67ac205,Deborah Copaken,actress-writer-camera_department
n_43485a8e,Albin Petterssons,actor-writer-casting_department
n_953e66c7,Liza Del Sierra,actress
n_222b977a,Walt Shrum and His Colorado HillbilliesI,actor-soundtrack-music_department
n_1104572d,Cristina BellaV,actress-make_up_department-costume_department
n_e3f11f2a,Phillip Sacramento,actor
n_8ef118fe,Nur Ay,actress
n_60d52a4d,Haven,actress-production_manager-assistant_director
n_cf33fed9,Rudolf van den Berg,director-writer-actor
n_4790a424,Lester Orlebeck,editor-director
n_52b4aead,Michael Lisk,actor-writer
n_0ea1721b,Shawn Schaffer,cinematographer-camera_department-editor
n_3effc51d,Ali B,actor-writer-soundtrack
n_7a81cfa2,Clive BrookP,publicist-director-writer
n_6049b358,Giulia Gualano,actress
n_f09e0ebb,Edouard Logereau,director-writer
n_88b9ffe6,Joseph Brutsmane,art_department-actor-writer
n_29cf6c77,Martin Pepler,editor
n_3d3acb37,Jenny McCarthy,actress-producer-writer
n_3ebef0d8,Todd Trimmer,producer-writer-executive
n_17ce607c,P Bhaskaran,music_department-director-actor
n_4f32beb7,Francisco Buencamino Jr,composer-music_department-soundtrack
n_00394013,Felix CramerI,cinematographer-camera_department-visual_effects
n_5b7503ec,Wu Ma,actor-director-miscellaneous
n_b7857278,Joey Leverd,assistant-director-writer
n_da98b32d,Michaela Müller,director-writer-cinematographer
n_e66553cb,Sebastián Schjaer,editor-director-writer
n_67ab1ea7,Peter Boseq,executive
n_2ac564b4,Dylan Williams,producer-director-editor
n_8ef2e70e,Mike Deisinger,editorial_department-editor-director
n_13662a61,Josie Loren,actress-producer
n_a3f8c243,Cleve Keller,producer-writer-miscellaneous
n_e9618623,Corey Britz,soundtrack-actor-sound_department
n_192ed77a,Andrew Taggart,soundtrack-composer-actor
n_72edf586,János Körmendi,actor-writer
n_5095ab48,Deric Margolisj,camera_department-producer-cinematographer
n_4be26fbd,Mary Shelley,writer
n_6a429117,Barbara Kenta,producer
n_86465c54,Kellyann Summers,actress-producer-location_management
n_bd8c487e,Haleigh Oliver,actress
n_c818cd76,Justin Strydom,actor-producer-writer
n_37740a57,Crystal WilderK,actress
n_80763086,Dewey AllenQ,assistant-director-writer
n_89b9a7a0,Shelley BuchbinderL,actress-sound_department-miscellaneous
n_2edd27a5,Walter ReedX,actor
n_7c56fcd6,Agnes Lindhb,actress
n_8acca0f1,Thaneth Warakulnukroh,actor
n_d56ca246,Sloboda Micalovico,actress-soundtrack
n_53469cdc,Henry Coombs,actor-miscellaneous
n_a5dc0570,Shaochu Zhangg,writer
n_a4a9ba1d,Wladyslaw Terlecki,writer
n_5139af86,María Renée Prudencio,writer-actress
n_40888ec5,Brigitte Horneyo,actress-soundtrack
n_dcc6417b,Jen Thompson,producer
n_4d71204e,Seeta Indrani,actress-producer-director
n_eac9e40c,Bjorn Ventris,cinematographer-camera_department
n_574de784,Robert Englund,actor-miscellaneous-director
n_0aa4b744,Shad Moss,actor-producer-soundtrack
n_99f62566,Jose Americo GhezziR,miscellaneous
n_46bdf89c,John Keville,producer-miscellaneous-executive
n_198a1da7,Charles Perrault,writer
n_857e51dc,Teresa Font,editor-editorial_department-sound_department
n_1c6db6cc,Robert W Paul,producer-cinematographer-director
n_0e1dccca,Gea MartireZ,actress-writer
n_85752e9e,Grey Griffin,actress-music_department-soundtrack
n_35642a66,Ronnie Jimenez,writer
n_3f1cb4ba,Christopher DeJoseph,writer-producer-actor
n_1e2e0a8e,John Chase,actor
n_78962351,Blackie Shou Liang Ko,actor-stunts-director
n_e4bde545,Enrique Villegas,
n_b6dd286e,Kate Rees Davies,producer-actress-director
n_25ae3a34,Zeinab Abdo,actress
n_070e949a,William Nayeri,composer
n_769591ac,Ashley White,actress
n_eb1693c9,Jaroslaw Pietraszek,editor
n_dd66cb3f,Jordan Leondopoulos,director-editorial_department-writer
n_75d63901,David Archuleta,actor-soundtrack-composer
n_845b4e74,Arturo Smith,cinematographer-camera_department-actor
n_70e211cc,Lloyd Anoai,actor
n_70a7987f,Linda Sorensen,actress
n_7390b746,Steve Cochran,actor-director-writer
n_9aad1de2,E CharltonTrujillo,producer-director-writer
n_2bf5c68f,Nikkhil Advani,writer-producer-director
n_25417c09,Aaron K Carter,director-actor-writer
n_3963e4bf,Jenny Stokes,actress-assistant_director
n_d31c86cc,Ukachi ArinzehB,art_department-producer-actor
n_001a2b02,Ashok Banthia,actor-assistant_director
n_3b7495d2,Ashraf Kashani,actress
n_e68cc85e,Joseph Brutsman,producer-actor-writer
n_a5db88a6,Jacques Jouanneau,actor
n_8510dadb,Santosh Dhanoa,writer-costume_department-producer
n_3ab2639c,Ralph Sanfordu,assistant_director-soundtrack
n_2ff6d6f3,Christoph Lauthl,sound_department-costume_department
n_24abe9b2,Tamara BrukettaZ,miscellaneous-writer-producer
n_33ab4cb4,Ankush Chaudhari,actor-director-writer
n_63674785,Robin Coulonge,actress
n_e015c65a,Terry Jernigan,actor-producer-writer
n_a1db7222,Layla Fawziy,art_director
n_902b453e,Toshirô Mifunem,actor-producer-director
n_0d7e1651,Toshirô Mifune,actor-producer-director
n_8a781280,Daniel Wiles,director-producer-assistant_director
n_3f836988,Alexia Bell,actress
n_53b4729c,Tyler Gorman,special_effects-editor
n_e7408c4d,Matt Russel,actor
n_796e774e,Freya Ravensbergen,actress-producer-director
n_08c782df,Riley Chamberlin,actor
n_9141052a,Antonio Pardo,actor-cinematographer-writer
n_665f0510,Denys Colomb de Daunant,director-writer-actor
n_16ebb0f9,Pasha Patriki,cinematographer-producer-camera_department
n_ced94c5b,Ethan Erickson,actor
n_9239660f,Walter Reed,actor
n_76cd06fb,Rakuto Tochihara,actor
n_65ef0d4d,Kirk Hazen,composer-actor-writer
n_d7b42d7b,Juanita Reina,actress-soundtrack-producer
n_69c719d2,Seyed Jalal DehghaniAshkezari,writer-director-producer
n_8e8d7cfa,Luísa Cruz,actress-miscellaneous
n_982c24d1,Rirkoo,actor
n_b9216bb2,Adam George,actor
n_45fd61c3,Harold Shumate,writer-producer-miscellaneous
n_7286f0bc,Stephen Lodge,costume_department-actor-costume_designer
n_8a7675ae,John Michael Higgins,actor-soundtrack-music_department
n_18174369,Bud Jamison,actor-soundtrack-director
n_382250fc,Kareem Afifi,actor
n_a2466a96,Margot Volnayj,animation_department
n_4e8ce732,Julia von Frihlingx,editor
n_48a2916b,Giulia Boverioq,make_up_department
n_7b69aa14,Andrew Gothard,actor
n_8e2c7f57,Suzanne McCafferty,producer-director-assistant_director
n_9fb055c3,Max KlevenB,stunts-actor-assistant_director
n_943dc4fa,Dorothy Tree,actress
n_946c7896,Al Martin,writer-director-soundtrack
n_e45bac94,Parker C Hix,actor
n_8396bac0,Nenad Jovicic,cinematographer-writer-director
n_bb66d711,Rosie Day,actress-director-writer
n_cc05a9ad,Walt Shrum and His Colorado Hillbillies,actor-soundtrack-music_department
n_ff507c97,Ray Ellis,composer-music_department-soundtrack
n_dae2fe48,Christoph Hildebrandt,
n_ea9dfbdd,James Griffiths,music_department-composer-sound_department
n_5be148ed,Crystal Wilder,actress
n_82952acd,Doris Kenyon,actress-soundtrack
n_8d0c0b9a,Mikel Angel,actor-writer-director
n_9656dc8c,Juliette Compton,actress
n_6a437546,Michael Wetherburn,composer
n_f9d19a88,Wyclef Jean,soundtrack-actor-composer
n_61c55fa5,Pierre BarilletC,publicist-actor
n_f6b22612,Hope Perello,miscellaneous-producer-director
n_6e03d743,Lydia Bouchard,actress
n_07415a1a,Werner Sommer,producer-writer-actor
n_5a8af89e,Burt Lancaster,actor-producer-miscellaneous
n_7327700f,Joe Whiteaker,director
n_fbd866db,Master Bhagwan,actor-director-writer
n_030c11d8,Shawn SchafferU,cinematographer-camera_department-editor
n_35068efb,Virgile Dean,camera_department-editor-producer
n_e76eb610,Kesley CageU,camera_department
n_dec5a324,Tiffany J JohnsonV,art_director-miscellaneous-director
n_ed731c8f,Kent Hovind,writer-producer-camera_department
n_f6d5e392,Merritt Smith,actor
n_bbafa7ec,Trevor Yuile,composer-soundtrack-music_department
n_9fece590,Camilla Tress,editorial_department-editor
n_50899740,AiHua YangG,actress-music_department
n_deca789f,Alban Aumard_,sound_department
n_069ef15d,David Lowe,actor-composer-director
n_bf292f17,Rebecka Lafrenz,producer-production_manager-assistant_director
n_b4a6a757,Tanya Badendyck,producer-miscellaneous
n_ce68ef50,Brian Hanel,producer
n_1d10042a,Mikhail Kamenetskiyi,writer-director-camera_department
n_71620c86,Yuan Huangm,miscellaneous
n_85f3df06,Branko RadakovicU,assistant_director-writer-editor
n_4a060b4d,Ryan Bader,
n_54275db0,Ava Addamsr,publicist
n_2d6019d8,Jay Wasley,sound_department-cinematographer-camera_department
n_03d4f70a,James BluntR,soundtrack-actor-composer
n_19465c2f,Lionel Barrymore,actor-director-soundtrack
n_b79dd903,Lina Santos,actress
n_246b59d5,Marsha May,actress
n_6453821a,Nick Adams,costume_designer-writer-soundtrack
n_96ad0833,Jewelia Fisico,actress
n_7ab0f0fb,Pere ArquilluéR,actor-soundtrack
n_a1f16280,Norihiko Hibino,composer-soundtrack-sound_department
n_7e05c0f0,Rosie Dayv,producer-director-writer
n_f9765272,Patrick Le Bon,manager-writer-actor
n_3677cef6,George Marshall,director-writer-actor
n_aebef115,Ryuji NoharaM,script_department
n_e7973b07,Yui Horie,actress-soundtrack-music_department
n_ce152e7a,Andreas Arvanitis,actor
n_af491c4f,Piotr Fronczewski,actor-soundtrack-director
n_0a775472,Gerald Fried,composer-music_department-soundtrack
n_ef19ef36,Liliana Bonfatti,actress
n_7278e863,Arindam SilD,actor-director-producer
n_67322748,Elmano Sancho,actor
n_29ec7e5b,Jason Graves,music_department-composer-soundtrack
n_14564439,Paige Howard,actress-writer
n_77446fd6,Rajko Grlic,writer-director-producer
n_f2bfcbac,Sabah Shehata,actress
n_f970887c,Debra Rogers,director-miscellaneous-writer
n_772a5031,Cristina Rodlo,actress
n_05dad8f7,Miodrag Andric,actor-writer
n_4cdb95f1,George C Stoney,producer-director-writer
n_2b4c1195,Gea Martire,actress-writer
n_c42b9db1,The Jazz Girls,actress
n_fc2907fe,Adam Baldwin,actor-soundtrack
n_f1a281c8,Ryan Dodsonu,music_department-composer-soundtrack
n_cac97e70,César Pérez,producer-cinematographer-camera_department
n_45703b2a,Juliana Montañés,editor
n_b94c80b9,Charlie Petersson,actor
n_70574d49,Vijayshanti,actress
n_75a88510,David Smart,producer-writer-director
n_77bff987,Peter Lloyd,actor-composer
n_d1cc7cd7,Federico SodiJ,writer
n_13bd6060,Afshin Hashemi,actor-director-editor
n_1f4c2152,Jordan Galland,production_department-director-editor
n_dbdeb6fb,Frank Byers,cinematographer-camera_department-director
n_b4cf6495,Richard Padernal,camera_department-cinematographer-actor
n_7bb89d92,Derek Jensen,actor
n_9ca87e2d,Jef NeveA,composer
n_aba9c2ed,Ross Anderson,
n_0184d566,Yu Baie,actor
n_393b24ee,Vivian Dorsett,actress
n_b4f4a32a,Raj Kumar SA,composer
n_ca3ba89e,Alexander Blaise,actor-miscellaneous
n_61796578,Edwina Northcott,actor
n_dd256493,Mirjana Bohanec,actress
n_1b79f7a4,Raffaella De Laurentiis,producer-production_manager-costume_department
n_3c389b95,Jordan Canning,director-script_department-writer
n_a3fcfb95,Richard G Wray,editorial_department-editor
n_00c61555,Payam HosseinSouri,costume_designer-production_designer
n_047cc029,Barbara Ewing,actress
n_ef0779f6,Lidiya Kataeva,actress
n_4555021d,Barry Morrow,production_designer-producer-actor
n_1381f4bf,Brooke Satchwell,actress-camera_department-producer
n_5908e5a3,Carmo Dalla Vecchia,actor
n_1448c317,Alejandro Awada,actor-soundtrack
n_e1bd49f2,Aleksandr Kreyn,composer
n_e310937b,Joe KingS,composer-director-writer
n_a7455c6a,Ivan Burlyaev,composer-actor-music_department
n_da2789ba,Larry Gaudettei,talent_agent-cinematographer-miscellaneous
n_d0bd015f,Emmanuèle Bernheimk,animation_department-actress
n_805eb1a6,Krishan Kumarn,art_director-director-actor
n_c6a13acc,Marcus Bryant,composer
n_fcce0e5e,Shirley Clarkej,director-editor-producer
n_13abd77d,Gilberto Carbone,producer-production_manager
n_c7e453eb,Ion Overman,actress
n_e9f441ce,François De Brauer,actor-writer
n_4155d1b4,Krzysztof Ptak,cinematographer-camera_department-miscellaneous
n_962cb5f6,Frank Qutuq Irelanv,animation_department
n_25d40f95,Vittorio Emanuele Propizioz,actor
n_c54d78df,Julie Beiríz,actress
n_6c5c1397,Deborah Shelton,actress-writer-music_department
n_1f27b064,Reza Chabokroou,editor
n_3a9ce65a,Denys Arcand,writer-director-actor
n_722718c9,ShaoTung Chou,production_designer
n_4e075a59,Lucie Theodorova,actress
n_4f82b71a,Greg Sharp,actor
n_bf05283b,Francis Lai,composer-soundtrack-music_department
n_8308219d,Geraldine James,actress
n_d0a111c2,Bill Bixby,actor-director-producer
n_cf0f89f5,Knut LystadH,actor-writer-director
n_9a6559ac,Giorgi Abashidzet,actor
n_08e0307c,Aakanksha Juneja,actress
n_48fbdd6d,Eric Gurney,writer-animation_department
n_bc7d1aa0,Erik Searle,actor-casting_department
n_707ad00d,George Formbyt,costume_designer-actor-music_department
n_83c40bec,Barbara Pogenmiller,actress
n_4ae155d6,Cory Rooney,soundtrack-composer-producer
n_ed138e9c,Oleg Kuznetsov,actor
n_edc5e4cb,Franco FerriniI,writer-actor-director
n_6d0b5659,Mike Cunliffe,director-editor-actor
n_e8f884c0,James M Holtm,sound_department-composer
n_92ae2193,Dan Paris,actor-miscellaneous
n_17005f75,Luis Aguilart,actor-soundtrack-music_department
n_0d9d1ef0,Shaun Dooley,actor-miscellaneous-soundtrack
n_08a429d2,Kolton Rogerse,cinematographer-editor-producer
n_6644d45b,Ulrich Matthes,actor
n_94a78209,Bhushan Kumar,producer-writer-miscellaneous
n_3a91b28e,Barry Morrow,writer-producer-actor
n_25842fb4,Josiah Patkotak,actor
n_b2f0b474,Tom Toelle,director-writer
n_f73d715a,Tonisha Mills,actress
n_94dbd5f8,Kinya Kitaôji,actor
n_6b509eca,Brian Gleeson,actor
n_8865df68,Naama Amit,actress
n_dbff0750,Janet James,actress-music_department
n_3f64859d,Yancy Mendia,actress
n_2b82b7a1,Byamba Sakhya,director-cinematographer-editor
n_99a34d42,Robert E Kent,writer-producer-soundtrack
n_20d6a462,Faye Marsayu,publicist
n_63010857,Gordana Kovacic,actress
n_84e1d47f,Bridie McKim,actress
n_d586a16e,Ralf Moeller,actor-producer
n_3982537c,Alan Tripney,actor
n_d94287c6,Dmitriy Orlov,actor
n_509a4dd7,Srboljub Milin,actor
n_c64b1d77,Jabr AlHajj,composer
n_31a2ee14,Tommy Gunn,actor-director-art_department
n_bd1169c8,Gilles Rof,director-writer-assistant_director
n_72783563,André Turpinx,cinematographer-director-writer
n_b4535890,Valentin Hotea,director-writer
n_3493ff5e,Christopher Williams,actor-soundtrack
n_113cb1eb,Bastian Schiøtt,camera_department-cinematographer-writer
n_8b7ec145,Judith Chemla,actress
n_e4ca5375,Avinesh Rekhi,actor
n_d0670336,Simon Gstöttmayr,editor-music_department
n_96f68bb9,Alexander Hachko,editor-editorial_department-producer
n_b92a746a,Jirí KolafaM,visual_effects-sound_department-editorial_department
n_f01baa72,Franco Ferrini,writer-actor-director
n_b571dc33,Max McClellanb,actor
n_41d98ef1,Ross Anderson,
n_ed6dfa38,Klaus Dahlen,actor-soundtrack
n_3ec20ecc,Charlie Peters,writer-director-producer
n_0a843800,Alison Jackson,director-writer-producer
n_8499815f,Anne RiemanG,actress-miscellaneous
n_bae3a341,Natalya Bondarchuk,actress-director-writer
n_b38ebaa7,Yu Bai,actor
n_01299fd7,Xavier Capellas,composer-music_department-soundtrack
n_0b701bb2,Kevin DunnT,director-producer-actor
n_9ee86be6,Leonel Vieira,producer-director-writer
n_424f3a8f,Arturo Perez Jr,director-writer-cinematographer
n_2c3d05b7,Shizumi Manale\\,art_department
n_405b678a,Sharat Raju,director-casting_department-writer
n_f8f4b6c8,Josiah Patkotak,actor
n_f8b2df75,Miles TellerO,actor-producer-soundtrack
n_5253126f,Tony Santos,actor-director-writer
n_6d46636e,Vittorio Cecchi Gori,producer-miscellaneous-actor
n_680f15c9,Fabrizio Moroni,actor
n_cf4cd910,Dileep,actor-producer-assistant_director
n_d864599e,Steve PendletonS,actor-soundtrack
n_9b3f0c66,Victor BakerU,manager
n_183521f0,Matous Holielcin,
n_f0a8012a,Mac Kenny,cinematographer-camera_department-director
n_c00ab50d,Harold Shumateu,writer-producer-miscellaneous
n_41188583,Luis LuciaY,casting_department-director-production_manager
n_f65395d5,Gordy Haabb,production_manager-music_department-soundtrack
n_1649a0cc,Kôyû Oharab,director-writer-actor
n_01a08597,Cuckoo,actress-producer-assistant_director
n_eb14ba52,Ramil Zeynalovi,set_decorator
n_95d026b1,Cheryl,soundtrack-actress-miscellaneous
n_c0794331,Jerry Butler,actor-soundtrack
n_1ef00829,Igor Kosmachyov,composer
n_f17dd814,Anne Marie Akselll,actress
n_f60c6098,Guy Maezelle,camera_department-cinematographer-director
n_c5a42cab,Allison Felts,actress-writer-producer
n_44bc6aa6,Dorjkhandyn Turmunkhz,director-writer-production_manager
n_4f7a4db6,Chloe Bronzan,actress
n_f426d644,Pedro García,actor
n_dec1726d,Sean Kanan,actor-producer-writer
n_e8a42025,Martin Maheuxm,manager
n_c278c18d,Michelle Johnson,actress
n_2c1efe69,Diane Martel,director-miscellaneous-soundtrack
n_bb135e9c,Kitarô Muro,producer-writer-director
n_73345c34,Reilly Askew,writer
n_d789078e,William Hurt,actor-producer
n_be52013b,Charles de Lauzirika,producer-director-writer
n_8000fa1b,Beth Roose,writer-producer-director
n_1be6e36f,Glenn Montgomery,writer-costume_department
n_05a71711,Peter Israelson,director-writer
n_82e35b4f,Jordan Haj,actor-soundtrack-director
n_11f38882,Scott Jeffress,producer-editorial_department-editor
n_f3a20f22,Allen Payne,actor
n_9823635e,Leo Valeriano,actor
n_dfbdd7c7,Lisa De LeeuwY,actress-producer-script_department
n_4dbeb26f,Lieh Loi,actor-director-writer
n_2e515a16,Miogo Chen,composer-music_department
n_e40068af,Alexandre Parizeauz,producer-director
n_fe9b5cab,Marie McLaughlin,actress-soundtrack
n_2d77a59c,Steffen Schroeder,actor
n_79e29099,MouShan Huang,composer-music_department-sound_department
n_09198f74,Austin Arnoldk,actor-producer-writer
n_5f026f44,Leanne Rowe,actress
n_38edf70f,Max Pross,producer-writer-miscellaneous
n_1d089556,Greg Suddeth,actor-writer-camera_department
n_0ee66732,Mario Temes,actor-cinematographer-director
n_64da149f,The Crystal Method,soundtrack-music_department-composer
n_d0cc6ade,Richard da Costa,actor-director-producer
n_785a1967,Nathan Anderson,actor-editor-sound_department
n_f46846e3,Christian Blanco,producer
n_59a00c8d,Harry Revier,director-writer-producer
n_26207d0e,Sonali Khare,actress
n_1b707d97,Anu Valia,producer-miscellaneous-actress
n_ffb5b34b,Henryk Bista,actor
n_77be28e9,Pat BenatarZ,soundtrack-actress-composer
n_a1ac7314,Moneera Girshab,actress
n_936a6385,Hamdi ElMirghani,actor
n_9c7ce6a0,Henryk BistaI,actor
n_1c4a2027,David Ritsher,producer-editor-editorial_department
n_4852ef2e,Terence Dunn,composer-music_department
n_871dcfea,Jules Whitet,producer-director-actor
n_56103775,Christopher Williams,actor-soundtrack
n_d552bfb3,Jake Roberts,actor-writer
n_74b8fb50,Stephen LodgeQ,assistant_director-actor-costume_designer
n_ac531b7a,Kleer Maibaum,actress
n_416d095a,Yuan Changu,actor
n_13b74489,Rüstü Reçber,
n_1ad7a789,Xiaobao Song,actor
n_2524a488,Gabriel Diniz,camera_department-cinematographer-visual_effects
n_749732e2,Ali B,actor-writer-soundtrack
n_42964c35,Kôyû Ohara,director-writer-actor
n_42679ce0,Marc Bary,producer-actor-production_manager
n_638cb8f7,José Lorenzo Wasner,camera_department-cinematographer-sound_department
n_e9922ae6,Resit Gürzapp,assistant
n_63681083,Irwin Yablans,producer-miscellaneous-writer
n_6ae9aa93,Rodolphe Solmsen,producer
n_9dc83435,Klara Rumyanovay,actress-music_department
n_519a1154,Ion OvermanM,costume_designer
n_322e790e,Demi Moore,actress-producer-director
n_c188cc62,Patrick Cohen,actor-producer
n_7b2d2529,Javi Frutos,editor-editorial_department
n_5c96998f,Justine Triet,director-writer-editor
n_43c3d608,Michael Ansara,actor-director-producer
n_b943c932,Andrey Barilo,actor
n_09a0748e,Tomi Kosynus,actor-miscellaneous-art_department
n_1ef527c5,Nikki Rhodes,actress
n_e5a25da5,Luca CalvaniF,actor
n_596df151,Paul AntonyBarber,actor-miscellaneous
n_fda8c729,Bryan Foy,producer-director-miscellaneous
n_db073048,Makar Zaporozhskiy,actor
n_b9df4cf5,Clayton S Taylor,actor-producer-cinematographer
n_515dad52,Diego Sanchez,
n_196d686f,Ralph Sanford,actor-soundtrack
n_bbccbd50,Sophie Rundle,actress
n_23a2706a,Bern Sundstedt,actor
n_36594dc7,Murray BurnsD,electrical_department-soundtrack-writer
n_f586ed29,Turid Balke,actress
n_8e8a783f,Dwayne Kennedy,writer-actor
n_db6dae01,Orion Kaminkyy,art_department-writer-cinematographer
n_360b0066,Daniel Wiroth,director-writer-cinematographer
n_90ee79b1,Guy Maddinn,director-writer-cinematographer
n_dabf688b,Dominik Danilczyk,cinematographer-camera_department
n_26a8c41f,Vladimir Gerasimov,director-assistant_director-producer
n_b8c950f7,Michael Ford,actor
n_d5813668,Sean P Griffin,actor
n_60e5611f,Thaneth Warakulnukroh,actor
n_970d6391,Phil Rosen,director-cinematographer-producer
n_378ad7b9,Asad Mohammad Khan,writer
n_e57365cd,Adam George,actor
n_e62adf97,Jay Baby,actor-writer
n_5134b01e,Hélène de SaintPère,actress
n_8acdf38f,MariePierre Husterk,animation_department-director
n_5944f9e1,Wolfgang Preiss,actor
n_29075765,Eason Huang,actor
n_e8b7f12c,Darryl Phillips,producer-director-actor
n_98a20f12,Vito Giuseppe Zito,art_director-production_designer
n_aa8975d0,André Sogliuzzo,actor-miscellaneous-soundtrack
n_d0a970b3,Jane SeymourE,actress-producer-soundtrack
n_56e09273,Sujay Datta Ray,editor-editorial_department
n_4371d5de,Gerald Fried,composer-music_department-soundtrack
n_307f8635,Steffen Schroederq,art_department
n_c72d4e59,Ege Aydan,actor
n_4e5a660b,Anja Akstin,actress-writer
n_cfd5bb60,Tad Carducci,actor
n_ed6f5144,Faye Marsay,actress
n_c6a50375,Mark Anthoneil,actor
n_eb869aa5,Grey GriffinO,stunts-music_department-soundtrack
n_16e97a83,Victoria Barkoff,actress
n_4a85ebb8,Robert Clampett,director-animation_department-writer
n_f5ae93d2,Sydni Lynn,actress-writer
n_4da5436a,Jim DeloyeB,legal
n_5eec8fb1,Joshua Overbay,producer-director-writer
n_64482340,PaoChang Han,director-production_manager-miscellaneous
n_6666d23d,Gonzalo Delgrás,director-writer-assistant_director
n_2734325b,Francois Clousot,cinematographer-director-camera_department
n_267bdd34,Arland Wrigley,composer-soundtrack
n_d84c48af,John DallN,actor
n_ec16a485,Anders Thomas Jensen,writer-script_department-director
n_665a9b9a,Torben Liebrecht,actor-assistant_director-director
n_530d6323,Linda Thompsonz,animation_department
n_100d24eb,Everett Sloane,actor-director-soundtrack
n_92b45204,Snake,composer
n_25d7d106,Noel Cunningham,actor-editorial_department-writer
n_83d5301c,Yilmaz Gruda,actor-writer
n_de363b35,Filemon Wesselink,actor
n_6716002e,Andrei Arlovski,actor-stunts
n_4e1401bb,Tom Shannon,animation_department-art_department-production_designer
n_0c3df1a0,Dennis Therrian,composer-sound_department-editor
n_10eb46e5,Leif Axel Kjeldsen,editor-editorial_department-set_decorator
n_472f5383,John Bunny,actor
n_a931b12d,Collie Fick,writer
n_8432a760,Jay Lee,cinematographer-editor-director
n_d5afe7d3,Jason Scott Lee,actor
n_daa8c4cd,Paul AntonyBarber,actor-miscellaneous
n_62f01af1,Ingrid Bisu,actress-writer-producer
n_155a2e09,William Hurt,actor-producer
n_640162c0,Sujay Datta Ray,editor-editorial_department
n_11674deb,Massimo BordonaroA,legal-cinematographer-sound_department
n_4a974394,Thomas Anderson,actor
n_731d2f4d,Gene Kauer,composer-music_department-soundtrack
n_44e54a49,Sidney Nelson,writer-actor
n_ecbb3559,Lina Santos,actress
n_fe0d7bc4,Philip Carey,actor-soundtrack
n_41dd2d59,Kinya Kitaôji,actor
n_672d0b84,Ana Poliakl,editor-assistant_director-director
n_bd4a2b94,Oliver Wallace,composer-music_department-soundtrack
n_85768af4,Maria Bäck,director-writer-producer
n_50e87f4a,Sabah Shehata,actor
n_bcc11e82,Matheus Abreu,actor
n_363c67d9,Dallas Valdez,actor
n_2d18cde6,Ashraf Kashani,actress
n_5fcf1d5d,Vicki Lawrence,actress-soundtrack-writer
n_f5e96c0a,Matt Geddesx,actor
n_384be3da,Combat,actor
n_9a48fa75,Lance CharnowT,miscellaneous
n_5cc3f5b2,Sangeetha,actress
n_64948be5,Michel La Veaux,cinematographer-camera_department-director
n_a8656209,Megan Jonesr,actress
n_0bb91819,Merridy Eastman,actress
n_11d390e3,Bradley McIntoshi,actor-soundtrack
n_dd194f46,Sára László,producer-actress-writer
n_8ee9cdcf,Harry Keller,director-editor-producer
n_ed9bfe1f,Judith Woodhouse,actress
n_3431338c,Frank Byersa,cinematographer-camera_department-director
n_4b126109,Inka Gogálová,actress
n_34d5b2ac,Jan KettnerS,electrical_department
n_8ec6b2f6,The Jazz GirlsU,actress
n_c1af73d4,Pavol Palarik,visual_effects-editor-writer
n_f36dbf6f,Hannah Maag,producer-miscellaneous-production_manager
n_82eb1ad7,Ilse Kubaschewski,producer
n_4a2a7b6e,Lucía PuenzoJ,assistant-director-producer
n_e6302966,Ryan Beekhuizen,actor
n_25791e3e,Oskar Franzenh,editor-editorial_department-camera_department
n_319d8bfc,Jorge Sankler Carvalho,actor
n_0e0c2a41,Kristy Swanson,actress-producer-soundtrack
n_094a8258,Cecilia Madorno,cinematographer-camera_department-producer
n_9cad1f24,Charles T Daniels,writer
n_3c487dd1,Peyton Listq,actress-director
n_2ff2c8c0,Luis Lucia,writer-director-production_manager
n_f88be150,Laura Glucksman,actress
n_23dc44e7,Per Schwenzent,writer
n_a1e3c572,Jude LeakJ,editor-actress-editorial_department
n_135e0e26,John Cale,soundtrack-composer-actor
n_eeee679f,Carol Burnett,actress-soundtrack-producer
n_a616b56a,Angela Potrikusy,actress
n_99ed2f4c,Fernando Nogueras,actor-miscellaneous
n_c5a27ecf,Oskar Franzen,editor-editorial_department-camera_department
n_7b02f010,Buzz Farber,actor-producer
n_c36e7150,Remigio Del Grosso,writer-assistant_director-director
n_3461ad0d,Peter North,actor-director-producer
n_fba673db,Kolton Rogers,cinematographer-editor-producer
n_0ed8fd80,Leonor Silveira,actress
n_aea5dc27,Jackson Altair,producer
n_70df68f6,Krzysztof Ptak,cinematographer-camera_department-miscellaneous
n_d189c1e7,Filiberto SattiC,art_director
n_98f193ee,Bridie McKim,actress
n_38783a6c,Armando Bógusp,special_effects
n_20235132,William Rabanc,director-cinematographer-editor
n_9a6876c4,Anthony Hornus,actor-producer-writer
n_cb5635ca,Daniel Miller,cinematographer-camera_department
n_957aee73,Katherine Walker,actor
n_43f90353,Reza Chabokroo,editor
n_136a6933,Sarah Youngg,transportation_department-producer-director
n_1f9d676b,Camila TokerO,actress-director-writer
n_5f887882,Gudrun Brost,actress-soundtrack
n_f3289d08,Curtis Petersent,composer-cinematographer-assistant_director
n_95005680,Sean P Griffinm,script_department
n_784d4c8d,Sarah Young,actress-producer-director
n_8b2a4081,Harry Kurnitz,writer-producer-costume_designer
n_6163eb2e,Davide Cirri,
n_240a2acf,Shuogang ChenL,animation_department-miscellaneous
n_6401abaa,Steve Bond,actor
n_40c93739,Stanley Wilson,music_department-composer-soundtrack
n_f702d9d6,Anna Mikhaylovskaya,actress
n_ae629185,Colin Hoult,actor-writer
n_6ffcad4f,Anne Morrison Chapin,writer
n_40147133,Alejandro AwadaG,costume_designer-soundtrack
n_978043dc,Valentina Ghelfi,actress
n_0549a441,Simone Bricea,actress
n_8ce70223,Karam MotawieB,actor
n_78954288,Guillermo S Maldonado,editor-actor-writer
n_6ac4620b,Steffen SchmidtX,costume_designer-music_department
n_52e3af0a,Melissa Molinaro,actress-soundtrack-miscellaneous
n_25a79c08,Parikshit Sahni,actor-director
n_3d7bc64e,Chuck Webster,actor
n_de284029,Samantha Stephens,actress
n_466756c9,Nadezhda Kamenkovich,actress
n_b204641e,Malcolm Richards,camera_department-cinematographer-producer
n_895b7343,Jessalyn Gilsig,actress-producer-art_department
n_af761759,Nikolaus Leytner,director-writer-assistant_director
n_a5f147b5,William Raban,director-cinematographer-editor
n_6408d38a,D Karetnyy,cinematographer
n_7ab992eb,Aleksandr Maslaev,actor
n_18712918,Terry Prewitt_,sound_department
n_ab6dfaeb,Caterina Le Caselle,actress
n_c795aa7b,Dave Sutherland,miscellaneous-actor-writer
n_3ec841e8,Benjamin Ruhland,producer
n_70c7af75,Jinwook Leez,actress
n_99b56caa,Blake Palmer,actor-sound_department-miscellaneous
n_e89fc81b,John CaputoD,casting_director
n_9840a29d,Shirley Clarke,director-editor-producer
n_27abc186,Samantha Dockser,actress
n_553eae7b,Sara Derzawyx,publicist
n_bfe05513,David Rimawi,producer-actor-writer
n_7121c704,Edward Lee,executive
n_b3520b25,Matthew McConaughey,actor-producer-soundtrack
n_2d2b01f4,Sean Cruser,cinematographer-editor-producer
n_a905d895,Ron Russell,producer-actor-director
n_12a41ab9,James P Hogan,director-writer-assistant_director
n_b280b45e,Rebecca OBrien,producer-production_manager-location_management
n_39dd0840,SumalathaX,sound_department
n_a84df1be,João Fonseca,assistant_director-production_manager-actor
n_edd25e11,Pauline Curley,actress
n_4a825b1e,Alex Pop,producer-sound_department-writer
n_c792c0f0,Tully Marshall,actor
n_78556de4,Vic Edelbrock Jr,
n_07a49fe9,Darren Mcmeckan,actor
n_16ce5e20,Jen Brownb,electrical_department-production_manager-director
n_3c12b0a1,Stefano Fregnih,actor-producer-writer
n_f2bba43e,Jim Deloye,producer
n_00ffb0fd,Chris Walden,music_department-composer-soundtrack
n_6c1ddf31,Ouseppachan,composer-music_department-soundtrack
n_e615dc4f,Anirban Bhattacharya,actor-music_department
n_b96158cb,Ljubomir Bulajic,actor
n_e6384761,Céline Fuhrer,actress-director-writer
n_4196362b,Lionel Barrymorer,producer-director-soundtrack
n_4970beb9,Olivier Meidinger,production_designer-art_department-actor
n_85194aed,Jaromir Kacer,cinematographer-writer
n_8f41e107,Arthur C Miller,cinematographer-camera_department
n_b4574e96,Kôyû Ohara,director-writer-actor
n_18827b5a,Arturo Smiths,cinematographer-camera_department-actor
n_2089747a,Rufus Graham,actor
n_41f16dde,Konomi Fujimura,actress
n_56e6abf0,Jana BokovaL,cinematographer-writer-actress
n_ab79c03e,Ferran Rañé,actor-producer-soundtrack
n_484d757f,Jus Riddick,actor-producer-director
n_849fac03,Jon MarshallU,music_department-writer-camera_department
n_121a6ad2,Jefferson Moffitt,writer-director
n_1d8d7e6c,Aaron K Carter,director-actor-writer
n_3880e576,Tony Baez Milan,director-writer-actor
n_6d750e65,Yôko Tsukasa,actress
n_4df5b9e2,H Atkins,writer-soundtrack
n_7f0b2b37,Ivo Uukkivi,actor-producer
n_e46a7865,Igor KosmachyovC,composer
n_dd2c375c,Edward D Wood Jr,writer-director-actor
n_f8b0e1d5,Frank Gerrish,actor-producer-sound_department
n_09113f17,Carter Burwell,music_department-composer-soundtrack
n_b5343c9a,Laurent Preyale,director-writer-editor
n_bafda6e6,Marija Karan,actress
n_54396019,Philip Palmer,writer-script_department-producer
n_8458e47c,Neil Keenan,actor-writer-special_effects
n_f92484eb,Robert Morley,actor-writer-director
n_9369840d,Jeffrey FraceR,actor
n_7f39af44,Shad Moss,actor-producer-soundtrack
n_c35a5b9e,Sky Taylor,actress
n_9c60524c,Joe Tornatore,actor-director-writer
n_9ebf9078,Scott MastersS,producer-director-writer
n_b787cab9,Yilmaz GrudaX,camera_department-writer
n_1051cc22,Freya Ravensbergen,actress-producer-director
n_c64f7331,Giorgi Abashidzeh,actor
n_c19143d8,Lisa Arcaro,actress-casting_department-casting_director
n_487d6788,Ozren Nestorovic,cinematographer-camera_department
n_0283774b,Hadleigh Arnst,producer-director-writer
n_9b6007b9,Guillermo S Maldonado,editor-actor-writer
n_59945a77,Eugen Kelemen,editor-editorial_department-producer
n_935e909a,Tijs van Marle,writer-producer
n_40924d51,Ibinabo Jack,actress
n_e0930d73,Jeronimo RodriguezGarcia,cinematographer-camera_department-editorial_department
n_94f74f5a,Nikki Rhodes,actress
n_3e1a9473,Megumi HayashibaraS,manager-soundtrack-music_department
n_f37ae90d,Eric Booker,actor-soundtrack
n_e26c0d53,August Thøgersen Eide,actor-director-writer
n_dd89a169,Caleb Lybrookn,actor
n_bd4f7212,Max Dinero\\,talent_agent
n_7ce2f459,Hattie Morahan,actress
n_1b2cd8a6,Jean Carmet,actor-writer
n_6e7eaa06,Joseph Bologna,actor-writer-director
n_cd330811,Terry Prewitt,
n_2f0bd3e7,Aaron Greenberg,producer-production_manager-visual_effects
n_91a6d58b,Evo Moralesd,art_director
n_7b30b0b8,Mathieu Simonet,actor-producer-director
n_b43799ed,Kent HovindD,art_director-producer-camera_department
n_2bdea090,Nadezhda Bakhtina,actress
n_66cda559,Salvo Bonaffini,director
n_6e61a11b,Jelena Büsser,actress
n_dd7b147c,Suzanne Bracken,actress
n_9383d540,Candi Milo,actress-music_department-producer
n_d4a4fa1c,Giovanni Grimaldi,writer-director-composer
n_4d85bf17,Tad Carducci,actor
n_556aa184,Ben Feleo,writer-director-actor
n_1cf0606c,Robert RaymondG,producer
n_57a3309d,James Batley,producer-director-editor
n_87ef7ccc,Linda J Cowgill,writer-script_department
n_5345476f,Ilse KubaschewskiR,actress
n_505d9ffc,Reed Brown Jr,actor-soundtrack
n_ca4e27ce,Martin Waetzoldb,soundtrack
n_69780114,Mark Fitzhugh,actor
n_32b676ec,Diana Bracho,actress
n_6db866a9,Thomas Osgood,composer
n_f59a5710,Patrick Alparone,actor
n_ae53fc0f,Lucía Puenzo,writer-director-producer
n_c0193c9d,Robert Paradis,composer
n_dc064be2,Gábor Marosi,cinematographer-camera_department-writer
n_9cb35c0b,Zsombor Dyga,director-assistant_director-writer
n_e931cda5,Holly Hunter,actress-producer-soundtrack
n_34a97ce2,Álex Phillips Jrt,cinematographer-camera_department-actor
n_af87f3d8,André Beucler,writer-director
n_d4310dde,Kenichi Hoyama,producer-miscellaneous
n_69eb5daa,Hitomi Nabatame,actress-soundtrack
n_0781ebb1,Finch Nissent,actor-writer-director
n_0c32c191,Ricardo Mosquerai,special_effects-actor-producer
n_90549f21,Gábor Tarcsay,editor-miscellaneous-visual_effects
n_37179bc6,Jason Biggs,actor-producer
n_14b3d791,Zdenek Hadjova,cinematographer
n_a8943813,Emer OSullivan,art_director-production_designer-art_department
n_2a4ddc82,Henry Martinez,actor
n_a14a241c,Paul Bisciglia,actor
n_08133905,Gordy Haab,composer-music_department-soundtrack
n_88e58c1c,James P Hogan,director-writer-assistant_director
n_028ffb6f,PaoChang Han,director-production_manager-miscellaneous
n_5357a4c0,George CoulourisL,assistant-miscellaneous
n_c174a5fd,Yoshiko Asaia,actress
n_d2cd3835,Garret Savage,editor-producer-editorial_department
n_2f5ef68d,Richard Carterp,camera_department
n_34fc9bae,Bashar Samman,editorial_department-editor-camera_department
n_2a2c83f6,Shizumi Manale,producer
n_640246d1,Nichola Trestrail,actor
n_134c7e3e,Anna Rizzo,actress-composer
n_a51b0ae1,Jana Miartusova,actress-editor
n_778af6e9,Silas Miami,writer-director-music_department
n_ffa5fc45,Douglas Koch,cinematographer-camera_department
n_6c5d31ca,Sammie Lei,actress-writer-producer
n_fc51a2a1,Anne Cadwallader,
n_f2a1c98e,Tim Vine,actor-writer-director
n_59140118,Zsombor Dyga,actor-assistant_director-writer
n_06bcc356,Mike Cunliffef,camera_department-editor-actor
n_f3b15c66,Suzan Avci,actress-producer
n_86bc32ea,Giulia Gualanoh,camera_department
n_99a6dd2d,Juana Barros,actress
n_ff3bf584,Preston Lockwood,actor
n_68b536a0,Christopher Bryant Tuckerd,director-actor-writer
n_eef7d12a,Tony CorellaL,producer-editor-director
n_f67b5f18,Raoul André,director-writer-assistant_director
n_05d53fb8,Ronnie Stronge,
n_1d831a77,Mike Fallek,writer-director-editor
n_f1db350b,SL Puram SadanandanW,writer-director
n_096531c4,Nikola Djuraskovic,cinematographer-camera_department-actor
n_6f9d5db5,Marc Fournierl,art_department
n_6a0ec7aa,Pere Arquillué,actor-soundtrack
n_9f451003,Dan Henderson,actor-stunts
n_22a39e63,Gülden Avsarogluj,actress-casting_director
n_96ad90fc,David Gustave Dawood,
n_b73b65f3,Jacqueline Maillan,actress-soundtrack
n_d8a27932,Todd TrimmerT,producer-writer-executive
n_66ffa8c2,Michael Gould,actor
n_d9564cd6,Valérie Lemerciert,actress-director-writer
n_1baad3f7,Hans Heinrich,director-editor-writer
n_ec818b41,Ben Watkins,soundtrack-composer-music_department
n_deb634a9,Robert Schimmelc,assistant_director-actor-producer
n_ba66ed44,Joaquín Martínez Castillo,composer
n_c534cc82,Sean Ludan,editor-producer-director
n_b35b0d2a,Sydni Lynnf,actress-writer
n_36616ff3,Jake Robertsa,costume_department-writer
n_7ec760ba,Victoria Barkoff,actress
n_841db536,Spencer Vrooman,actor-director
n_aab0dbc0,DJ Perryl,production_designer-actor-writer
n_d0c00bb4,Robert De Niroo,production_designer-producer-soundtrack
n_896ec252,Aleko Alexandru,editor-editorial_department
n_fee442d7,Brian Gleesons,publicist
n_62280401,Trevor Ilesley,
n_93036fc8,Angus Macfadyen,actor-writer-director
n_e44f03b6,Belén Fabra,actress
n_93bfb493,Zach Holmes,writer-producer-actor
n_9ec28e2e,Yan Hsiao,actor
n_a3c22e1b,Bob Casey,
n_d210c369,Meghan Bradley,actress
n_51157aa8,Giorgio Amato,writer-director-producer
n_e4ce0247,Gerda Coppens,producer
n_f10db874,Marc Fitó,editor
n_6230638b,Lamberto V AvellanaD,costume_designer-writer-producer
n_6b09168c,Stylianos Constantinou,editor-producer-director
n_33344146,Ivan Mulind,producer
n_c53083f7,Ozren Nestorovicw,make_up_department-camera_department
n_1962fb05,Toni Ribas,actor-director-camera_department
n_bd86f35d,André Turpin,cinematographer-director-writer
n_f6de2e4c,Saray Pavon,actress
n_8dcd4fc5,Bernard McConville,writer-script_department
n_9ff935e2,Sishwa,actress
n_25ec0d2d,Hanneke Schutte,writer-director-producer
n_b9171451,Mark Searsb,composer-stunts-writer
n_22e7ff2c,Fernando Bonassie,costume_department-script_department-director
n_26637331,Ege Aydan,actor
n_1c99a83d,Richard Martin Stern,writer
n_162ca480,Chris Scarafile,camera_department-cinematographer-actor
n_cb3dff59,John Caputo,
n_753ec08e,Fermín Martíneza,soundtrack
n_612b59cc,Kenny Rogers,soundtrack-actor-writer
n_75ff20b9,Gary Porter,
n_916f8db5,Rajendra Natho,make_up_department-director
n_c4323aa6,Mary ShelleyN,actor
n_7c378934,Prabhu DevaC,executive-miscellaneous-director
n_c56a160a,Banzar DamchaaH,director
n_a4a0c067,Adam LockeNortonf,editorial_department-editor-writer
n_ab9a02f8,James Cruze,actor-director-producer
n_274e4827,Gregor Clark,director-writer-assistant_director
n_bbd4eca6,Andrew Flanagan,actor-visual_effects-assistant_director
n_e3578bb5,Justin Whalin,actor
n_60555658,Annabel ChongQ,actress
n_163e56ff,Carter Pilcher,producer
n_20b01a72,Jaysen Lewis,casting_department-actor-music_department
n_95b10f7a,Joe Cook,actor-writer-soundtrack
n_c6fbec5c,Judith Chemla_,actress
n_2d7c8214,Vladimir Subotic,cinematographer-camera_department-producer
n_7c05318b,Matteo Stocchino,composer-music_department
n_32ffee99,Paul Cross,actor-producer-director
n_a2f005e1,Ali Miric,actor-director-writer
n_bdd54bff,Holly Fields,actress-miscellaneous-casting_department
n_e8530037,Aishwarya,actress
n_98e81adf,Stan Freberg,actor-soundtrack-writer
n_14e19e33,Walter Feidenp,publicist
n_a1bb61e7,Chris Cook,actor
n_6532c33d,Andrey Osipov,director-actor-writer
n_9f4c0d3e,Zohre Hamidi,actress
n_b6f00cfe,Scott Jeffress,producer-editorial_department-editor
n_46eb7921,Gabriel Senanes,composer-music_department
n_717a89c7,Rahmatou Keïta,director-writer-production_designer
n_101da3ab,Per Schwenzen,writer
n_75f2d257,Arturo Perez Jr,director-writer-cinematographer
n_60f5f988,Chris BarrieE,actor-miscellaneous-writer
n_6638484e,Nikola Djuraskovic,cinematographer-camera_department-actor
n_d0ef83cc,Tonisha Mills,actress
n_e7e994f4,David José,actor-director-writer
n_04cee1ce,Maureen OxleyT,animation_department-producer
n_603dceba,Jewelia Fisico,actress
n_071b08c8,Deric Margolis,camera_department-producer-cinematographer
n_9dc89353,Torben Liebrecht,actor-assistant_director-director
n_9054572d,Sevinc Alisova,actress
n_97822937,Pavol Palarik,visual_effects-editor-writer
n_90b7f6a3,Barry Darsow,actor-producer
n_39afd0bc,Virgile Deanc,stunts-editor-producer
n_e202d456,Richard Thorpe,director-writer-actor
n_cd969ab6,David Bretp,music_department
n_1d3aa7fe,Kovai Chezhiyan,producer
n_9dea787d,Anne Cadwallader,
n_b1bca030,Chloe Bronzan,actress
n_30937936,Nick Doob,cinematographer-director-camera_department
n_c754ce8a,Jay Lee,cinematographer-editor-director
n_5bc3d77e,Herta Frankel,actress-miscellaneous-director
n_4d5bc2a9,Alex LotzJ,director-editor-producer
n_78eb8ebf,Lawrence Wilkerson,
n_3f9b7015,Stu Goldberg,music_department-composer-soundtrack
n_d4b1743d,Philip Palmer,writer-script_department-producer
n_c1d2efc9,Joseph Naytowhown,director
n_ef3c9cab,Richard da Costa,stunts-director-producer
n_314f57e7,Gail StricklandW,actress-soundtrack
n_557170d2,Franz Johan,actor
n_c2d93275,Hatice Kalit,actress
n_2cc2645b,Nao Tôyamaq,actress-soundtrack
n_31dfba2a,Bodega Bamz,actor-composer
n_1585eddc,Luciano Emmer,director-writer-editor
n_33bf2e4d,Guy Glover,producer-actor-writer
n_a37a3fea,Sandra Caruso,actress
n_762097e0,Inka Gogálová,special_effects
n_04710fe5,Bree BeadmanK,actress-soundtrack
n_3f3d83c7,Stu Goldberg,music_department-composer-soundtrack
n_d8ef39fe,Joe LiTrenta,director-writer-editor
n_015aae46,Kenichi Hoyama,producer-miscellaneous
n_c453697c,Ron Goodwin,music_department-composer-soundtrack
n_9b14ddc0,Will LP\\,actor-cinematographer-editor
n_fe4e89ef,Krishan Kumar,producer-director-actor
n_8f51f881,Fernanda MottaM,camera_department
n_22adb3cc,Váradi Edit,actress
n_dfb1f803,Gino Santini,cinematographer-camera_department-writer
n_4208aa98,Damon Locksv,costume_department-art_department-composer
n_29367451,Parikshit Sahni,actor-director
n_1bf765b5,Guillermo Murrayz,legal-writer-director
n_0899a9aa,Edgar BurcksenF,editor-visual_effects-editorial_department
n_3a77d0ce,Peter BoseH,special_effects
n_71ea8192,Gary Leeson,producer
n_8efa6670,Nicolas Comeau,producer-production_manager
n_e7b92f18,Atsushi Shimizu,director-writer-producer
n_e285169f,Christian Blancor,producer
n_8987268d,Lachlan Milnev,cinematographer-camera_department
n_729e1b61,Chip Foose,miscellaneous-producer-actor
n_31e40b7d,Paul Caslin,director-producer-miscellaneous
n_4aa2a45d,Chuck Webster,actor
n_33a335b4,Bud Thackery,cinematographer-camera_department-special_effects
n_29142305,Yui Horie,actress-soundtrack-music_department
n_5da75049,Miikka LeskinenH,editor-director-writer
n_be8b06b7,Patrick Alparone,actor
n_af2d6c24,Leon Bourikos,actor
n_0dc072c4,Bachuki Dogonadze,actor
n_35ab6a45,Madhuri Dixit,actress-music_department-soundtrack
n_7fd613e8,Robert E Kento,writer-producer-soundtrack
n_47ea18b2,Ana Lúcia Torre,actress
n_492226ee,Ravi BhatI,production_designer
n_6be8142c,Nate Mosher,actor
n_2159b60f,Anne Dunev,
n_559b64bb,Kerry Carlsons,visual_effects
n_ac0d61e5,Juan PeláezY,legal
n_740e6a16,Mahendra Soni,producer-miscellaneous-camera_department
n_5d4c36ac,Ralph Richardson,actor-director-producer
n_9b54c0ca,Axel Prahl,actor-soundtrack-composer
n_3ad60455,Bruce Nash,producer-writer-director
n_044ade61,Ricky Rebel,actor-producer-miscellaneous
n_71436f7f,Denys Arcand,writer-director-actor
n_e492601d,Lauren Haroutunian,cinematographer-editorial_department-camera_department
n_982b35f5,Robert Cairns,camera_department-cinematographer-director
n_94f3043a,Belladonna,actress-director-producer
n_1810d067,Pankaj Agrawal,producer-miscellaneous
n_cefd34ff,Megan Jones,actress
n_13d17ccc,Ross HotchkissP,director-visual_effects-editor
n_89e618a3,Tom Mix,actor-director-writer
n_b0a2d695,Patrick Van Horn,
n_b9ce9945,Ivan Burlyaev,composer-actor-music_department
n_585130e3,Matthew Ryan Fischer,writer
n_fd3b4515,Santiago Barreiro,art_department-producer
n_2a55bd7a,Zach Holmes,writer-producer-actor
n_4e4d3967,Daphne Sheldrick,miscellaneous
n_f543f592,Ryuji Nohara,cinematographer
n_f73d3330,Todd Cahoonh,director-art_department-camera_department
n_bbf6023d,Matt Jenkins,actor-writer-producer
n_6114b072,Mia Ryder,actress
n_1be3e371,Yorgos Avgeropoulos,director-writer-producer
n_d4ce5141,Masahiro Higashide,actor
n_6b2f93f0,Ravi Bhat,actor
n_36d674dc,Judit Czakó,editor-script_department-actress
n_db0c613e,Wanjeri Gakuruy,music_department-director-costume_department
n_060b3965,MeiLing Chao,actress
n_907b274a,Ivy Latimer,actress
n_05ef9fee,Edouard Logereau,director-writer
n_d8136589,Lauren Lapkus,actress-music_department-writer
n_2266193e,Trevor Sacks,composer
n_5414220b,Sarah Strange,actress
n_5118f035,Astrit Alihajdaraj\\,miscellaneous-producer-director
n_3fbcd671,Briana Banks,actress
n_aa34c8e9,Michael LiskI,actor-writer
n_995b812d,Christopher Bevins,actor-sound_department-miscellaneous
n_32b025e3,Lars Petter Aasei,manager
n_99d9c5fb,Frédéric Langlet,writer
n_31155c20,Ernest Paganok,composer-producer-miscellaneous
n_a6f28576,Maria Roveran,actress-composer-music_department
n_d720d450,Jaromir KacerU,cinematographer-writer
n_1a977028,Michaela Furney,miscellaneous
n_8f3e985b,Lisa Leeman,editor-director-writer
n_6066f951,Evo Morales,
n_8963461b,José Nieto,composer-music_department-soundtrack
n_40468231,Guy Dufaux,cinematographer-camera_department-director
n_f767005e,Mel Blanc,actor-soundtrack-music_department
n_7bbff8db,Lance Henriksen,actor-miscellaneous
n_3120a126,Marta VictoriaU,casting_department-music_department-writer
n_0cf574aa,Scott Masters,producer-director-writer
n_97f96b5d,Akos Farkasb,cinematographer-camera_department
n_3c6ddc70,Gabriele Cirilliy,assistant_director-writer
n_0f178600,Vernon DentW,manager-writer-soundtrack
n_e68b3ac4,Jennifer Chinlund,editor-editorial_department-miscellaneous
n_8831894f,Maralyn Thoma,writer-actress-producer
n_d502253d,Nikolay Yeriomin,writer-miscellaneous-actor
n_8f175917,Wladyslaw Terlecki,writer
n_e0ce0a42,Micky Lynn,actress
n_965414e1,Pooja Tandon,actress
n_3149855e,Ronnie Strongez,art_department
n_c1a6475b,Jacques Penot,actor-writer
n_5701059f,Ginger Lynn,actress-director-writer
n_36b82f5f,Robert Marcel Lepage,composer-music_department-soundtrack
n_cb649b05,Ankush ChaudhariY,actor-director-writer
n_8ad00315,Jagdeep,actor-music_department-soundtrack
n_be37592a,Andrew Gothard,actor
n_eba95974,Christopher Bevins,actor-sound_department-miscellaneous
n_4e95618f,Perin MaldeH,editorial_department
n_4a4d4b99,Boman Irani,actor-music_department-soundtrack
n_f3ced25b,Richard RaynisZ,producer-writer-production_manager
n_ebd80e98,Thomas Michael,actor-writer-producer
n_02578836,Erika Palominov,director
n_3bf64ab2,José María Pemán,writer-soundtrack
n_588c491b,Carolina Martín Ferro,actress
n_5fed1823,Pia Castles,production_designer-set_decorator
n_a96a03b9,KueiAn Kan,actor
n_53320cd2,Renate Schubert,actress
n_886111b4,Tianna Taylorw,producer
n_41eab3b9,Danielle Damásio,
n_286b9295,Pelle Falk Krusbæk,actor
n_cb26eff9,Lauren Collins,actress-producer-writer
n_72e8845f,Jessica Devlin,actress
n_29493759,Walaa FaridR,actress
n_0c36257f,Howard K Smith,writer-actor
n_138ef3db,Axel Skovdal Roelofs,editor-editorial_department
n_a4a182e9,Joey Travolta,actor-producer-director
n_832ccf01,Bern Sundstedt,actor
