tconst,ordering,nconst,category
m_c739cd84,4,n_d50bf586,actor
m_38033d4b,3,n_6401abaa,composer
m_0a0343a0,7,n_6d46636e,archive_footage
m_1db63610,3,n_22f57b51,actor
m_0e72dff8,6,n_be1e10a5,director
m_7cab1088,4,n_f3ecad44,actor
m_e39598d7,2,n_b15800d0,producer
m_46fef7af,4,n_f77de0e1,actress
m_d5e45d93,3,n_052dd3d8,actress
m_7163cb38,4,n_963b891d,composer
m_d72ffe28,7,n_3b7495d2,actress
m_ebb966bc,5,n_43396383,director
m_70a959e3,1,n_4196362b,composer
m_23f2e6ae,1,n_741351cf,actor
m_72935fe9,1,n_0d9b1c4a,actress
m_15bf737c,10,n_cd6a1c8a,editor
m_c4487bf9,1,n_9cd44d00,actor
m_542650e8,2,n_0eba41d8,cinematographer
m_351d18c9,10,n_dcc18670,archive_sound
m_47503b1d,2,n_e6748c36,actor
m_7c48c8dd,9,n_65f3d7ca,self
m_7895c7ed,3,n_72a9c071,self
m_348e7c51,3,n_324577a3,cinematographer
m_e4c5dd98,5,n_be52013b,director
m_517e3676,8,n_8ad1d4a1,cinematographer
m_28d12e09,3,n_5a153a8a,actor
m_ee1455a7,2,n_2cc6bc9d,composer
m_3e8bc3e6,4,n_32326b3a,cinematographer
m_7a803411,4,n_fc2907fe,actor
m_d27541fe,1,n_41c3ff20,actor
m_313fad2b,9,n_ff6dfce9,actor
m_168fc176,3,n_062cc2dc,actor
m_fe96ab3a,1,n_656b99ec,archive_sound
m_f57fbfb1,3,n_79cd1e75,director
m_e049ae82,8,n_a1f16280,director
m_c7372876,2,n_27a1b431,actress
m_3771c20c,1,n_029d8b9e,composer
m_436f1772,9,n_9b2f5390,actress
m_4bc4e95f,8,n_f997c15a,actor
m_02638692,1,n_8458e47c,actor
m_e911940e,3,n_4d8a55cd,self
m_7433cd52,1,n_e57365cd,production_designer
m_61a457d5,6,n_a4a182e9,producer
m_a11993df,2,n_f9a3a7eb,actress
m_99da7930,2,n_ffab00a2,actress
m_b3782cb5,8,n_5671627e,actor
m_3a76b893,2,n_1a4f14e9,director
m_79e5f789,10,n_7a787c57,actor
m_39580c6a,2,n_968e2cdc,actor
m_da4311e1,4,n_a5354824,producer
m_6f7b0de5,5,n_350be50b,actor
m_9bf0a154,4,n_b160e2a7,archive_sound
m_76caa1a6,1,n_cf33fed9,director
m_8b78b53d,6,n_dbacfe74,writer
m_33118e54,8,n_63036e59,cinematographer
m_fbf90ee3,9,n_1e9b6784,editor
m_0d61343e,8,n_a4ca2a39,cinematographer
m_20df8f65,3,n_04f55918,self
m_8ac5b25b,1,n_f67ac205,self
m_7a39a606,4,n_c4a1d856,actor
m_504c7695,2,n_10f91b30,self
m_e2adeab4,8,n_2e9948c5,actress
m_a3813897,10,n_a4a0c067,archive_sound
m_31c51242,7,n_d1cc7cd7,cinematographer
m_4f1cc9d4,7,n_80465a91,self
m_61aaa665,5,n_2e9948c5,actor
m_d5cae9f8,4,n_ed138e9c,actor
m_7c48c8dd,3,n_b7f04b1e,cinematographer
m_89cdd69c,7,n_9cbd734a,producer
m_89581f9f,7,n_2515c8e9,writer
m_dfa06168,4,n_9369840d,actor
m_b6115fec,4,n_9cb35c0b,director
m_d9dee9a6,1,n_6bfa5835,actor
m_41f54ab7,1,n_1341efdc,production_designer
m_12ac825a,2,n_7ec760ba,actor
m_18af64d9,6,n_c37c3f20,self
m_027f3875,1,n_3e478f41,composer
m_c305a00c,8,n_dd427c5f,composer
m_52034794,4,n_7a77d45e,director
m_003a2cdb,5,n_ca7f8d04,director
m_0cabd186,5,n_e68b3ac4,editor
m_da7510c1,3,n_5fed1823,cinematographer
m_6be34d9e,9,n_44f44a7a,production_designer
m_d148847b,4,n_b77d694f,writer
m_ad9f3b1b,10,n_4be26fbd,writer
m_e11b2a3e,3,n_30f61849,actor
m_0e611364,5,n_e2c7cb7f,writer
m_192b7335,4,n_67d50610,actor
m_cce176fe,7,n_2d18cde6,actress
m_8b78b53d,10,n_48b6ae59,composer
m_cbe35ead,8,n_e82faf0a,actress
m_a4ea61ee,4,n_fc2907fe,actor
m_710b752e,10,n_c4568be9,actor
m_70060d02,5,n_813caeab,director
m_1812fb8f,9,n_d8c68f56,archive_sound
m_e5f998ad,10,n_196d686f,producer
m_ad16bd26,7,n_9bc3d801,director
m_68fec020,2,n_092bbf00,composer
m_cc626d01,2,n_dcc6417b,production_designer
m_3a89d1ee,5,n_f09e0ebb,director
m_c8a5438d,6,n_4c1eed91,producer
m_a3942f15,4,n_173b5f7f,editor
m_5ed5ab9c,7,n_9f451003,self
m_1812fb8f,6,n_388c9d89,composer
m_e3298586,1,n_2bdea090,actress
m_77c21bec,6,n_43428fab,writer
m_83a1eb37,3,n_828dcda4,composer
m_9ff8a32c,2,n_277df7ae,actress
m_6318da31,3,n_8ea5a459,producer
m_56c1965b,7,n_af87f3d8,writer
m_48ad9c58,3,n_b2c7d9be,production_designer
m_1735df42,10,n_920aef19,cinematographer
m_3055f7b7,1,n_c8a549cd,actor
m_2ae62598,5,n_1533d35a,editor
m_4567b066,7,n_05c5a018,production_designer
m_8b8e77a0,5,n_f8a88b5e,director
m_b6d35939,1,n_4c1eed91,actress
m_d3cb0952,3,n_a7cfb857,actor
m_e8db5d8e,9,n_a09db510,composer
m_5520d3d7,8,n_8518344e,cinematographer
m_4128cac0,2,n_52b4aead,actor
m_851ada2b,7,n_e588b7de,archive_sound
m_36eb7359,5,n_fa46b085,director
m_41cd6d98,5,n_69ce2ae8,actress
m_4ab71085,8,n_53277d48,self
m_94eef14a,10,n_fd531ec1,cinematographer
m_5571d0f6,1,n_18174369,producer
m_b3f35e25,3,n_5944f9e1,actor
m_9c387431,1,n_4b35bf74,editor
m_271bb5e5,8,n_8396bac0,cinematographer
m_dc8b9efd,4,n_7c56fcd6,producer
m_d3cb0952,6,n_d7843b32,writer
m_46261253,4,n_de3433c7,director
m_e65690ec,2,n_0a628c67,archive_footage
m_dae55a44,7,n_32e1a6f8,producer
m_0e764a65,5,n_adc4dd3e,archive_footage
m_08de8f3f,6,n_46fab65f,writer
m_b276ad01,2,n_70574d49,actress
m_1f75414b,8,n_482d462d,director
m_f0412c62,2,n_d4573b04,actor
m_6d4f7d15,2,n_4f7a4db6,cinematographer
m_ca3fc2af,3,n_28383633,actor
m_873809de,5,n_cba26fb7,director
m_9f51d2b1,4,n_45ccaf0c,actor
m_2855f652,1,n_bbf6023d,actress
m_4565ad42,1,n_1c6db6cc,producer
m_87b6027b,3,n_f48c5a34,archive_sound
m_12feaa14,10,n_28472548,producer
m_56440a7c,3,n_75f82bd1,actor
m_ce25cd74,9,n_8748468c,actor
m_8e457408,4,n_175597f0,cinematographer
m_51706af9,7,n_35de9891,editor
m_215bffa0,2,n_8e8a783f,self
m_aeb3c8ea,5,n_bd4a2b94,composer
m_a0b6a839,2,n_8b456551,actress
m_fd7b1812,4,n_760438a7,actor
m_024d6709,5,n_7a5c1033,director
m_e20db791,4,n_9dc83435,director
m_f63720a2,10,n_3a77d0ce,actress
m_6f7e551e,5,n_672d0b84,producer
m_fc51f61c,5,n_b70c98f5,production_designer
m_c31ac386,3,n_dd7b147c,actress
m_abdb3125,3,n_b88849f1,self
m_67288590,7,n_42d30142,editor
m_780f4703,8,n_4157ca6f,actor
m_9d0b305b,4,n_b571dc33,self
m_d0fd7d98,5,n_e3c369c8,writer
m_4b7e3381,2,n_198a1da7,writer
m_31829244,1,n_c98bf2ab,archive_footage
m_bffa0f82,10,n_fdb4dda8,writer
m_59f2dbc9,2,n_a495467f,editor
m_d90a65b9,6,n_5ad6654d,writer
m_e71b8fa2,3,n_4867b958,archive_footage
m_7d8faff7,1,n_6b1bad89,actress
m_44754819,1,n_7723421c,cinematographer
m_fbd1752e,3,n_29cf6c77,editor
m_8a60ea2d,9,n_82eb1ad7,producer
m_ead0030f,7,n_3ec72d39,producer
m_4ddcc955,5,n_dfa64db7,director
m_0ee53865,3,n_c188cc62,actor
m_9873958f,2,n_200e4ff9,actor
m_cd49ec76,10,n_c9405b10,production_designer
m_41d1ee74,3,n_74d382b6,actor
m_8d47a47d,10,n_9b4ce3f4,producer
m_626b4901,3,n_98e81adf,actor
m_7a5ac641,1,n_02e3de33,actor
m_0461c139,8,n_7b2d2529,editor
m_891aae00,5,n_028ffb6f,director
m_feffd751,8,n_7104cd07,composer
m_bc167d85,3,n_f917e39c,composer
m_845aeb85,5,n_943c1c55,director
m_cee74d39,7,n_d0ef83cc,actress
m_417c9a6a,7,n_b79dd903,cinematographer
m_18d356c5,1,n_75d63901,actor
m_99da7930,10,n_b0369390,actress
m_e6dbc8c9,6,n_8cdc3070,writer
m_19a74f09,8,n_67745cc5,cinematographer
m_e767c43b,4,n_772c93dc,actress
m_6a480d80,3,n_975c94a7,self
m_8d24be19,10,n_e2618d17,actress
m_cf17ac8e,1,n_06f52f0b,director
m_38a6d8ef,4,n_f2f4800a,producer
m_eb97e281,6,n_6e2c401f,composer
m_363dc3c9,8,n_21e89cbf,archive_sound
m_5357a98e,2,n_878b54ec,actor
m_2d1d73b2,3,n_cc6fc5b1,actor
m_3427e7da,1,n_5371fb1f,director
m_6c643d42,1,n_3f6f1bc4,cinematographer
m_dbfa9d5f,6,n_c3b96466,producer
m_b4090215,7,n_f5a89456,archive_footage
m_ad16bd26,4,n_25ec0d2d,director
m_e743038b,2,n_4aeb42fc,actress
m_abe0195c,9,n_c0c4ce6d,producer
m_6747ccdb,7,n_db43eba7,self
m_7787fb87,1,n_24abe9b2,actor
m_16c4c9ca,7,n_ff6f0844,self
m_18dcd27a,10,n_70d2a1cb,editor
m_d3d5cd91,5,n_de672479,director
m_591c37e1,3,n_d21ac718,self
m_58582749,4,n_c709bc40,actor
m_86fdf226,3,n_9ab4f18f,actor
m_690d5def,6,n_1b79f7a4,producer
m_c8e8d713,1,n_7a81cfa2,editor
m_2d9fd866,3,n_23637ca8,actor
m_42ed13f5,2,n_08235183,actor
m_b0b67e2f,5,n_8ef2e70e,editor
m_fb81d236,10,n_72e8845f,actress
m_b5ead278,2,n_d75ff697,director
m_e50ad61c,5,n_8ea90a9e,director
m_c16ce80f,9,n_b280b45e,producer
m_389e9313,1,n_97670ebc,writer
m_003a2cdb,1,n_502e8432,actress
m_9901d5ba,6,n_d720d450,actress
m_0b9d2009,1,n_eba9abbf,cinematographer
m_62f98db8,1,n_4a3733e4,actress
m_dee53e71,9,n_a9221d2e,cinematographer
m_423f72ee,6,n_33f3a84e,writer
m_c71afbc3,5,n_f0f4f2c4,cinematographer
m_70c69fec,4,n_f30efecc,production_designer
m_6114d3ce,5,n_f6d3bb82,archive_sound
m_0f520331,10,n_9d61aae1,editor
m_9dd49969,6,n_73345c34,self
m_6af452fa,4,n_0f029bd1,director
m_2d2438a0,6,n_30937936,cinematographer
m_a5c6fa48,6,n_1810d067,cinematographer
m_e3b12293,1,n_5ce26790,archive_footage
m_638a8be4,2,n_2fa79838,director
m_d8456cf7,8,n_f4eb1a0c,actor
m_b3f35e25,5,n_3cae087e,director
m_71107850,2,n_a0c229b8,actress
m_38033d4b,5,n_860bbd0d,director
m_50718567,4,n_bde1b3a1,production_designer
m_cb733c14,10,n_36310cee,production_designer
m_f1d74e6d,9,n_4548f9d4,actor
m_73a6f595,5,n_0f9b1d9a,director
m_52fc7478,6,n_41e2d1cc,director
m_8b8e77a0,3,n_95005680,production_designer
m_942ac3ca,3,n_558b31cf,cinematographer
m_d5f6ef93,4,n_553eae7b,actress
m_99659f8b,2,n_360b0066,producer
m_88ed40a6,5,n_b02c43c2,director
m_79ccfcdd,2,n_671b7bdb,editor
m_2dd2ec0c,5,n_5eec8fb1,director
m_7815268e,6,n_c32da90c,actress
m_ebca88d5,8,n_0aa4f585,composer
m_bcc732c1,4,n_a9be74cc,actress
m_c4cdd926,3,n_beb2bb66,self
m_f7017abf,5,n_8ea90a9e,director
m_dd24e722,10,n_85232ac1,producer
m_710b752e,9,n_decf797a,actor
m_06ad88a8,1,n_7de6fbe0,editor
m_0100058d,2,n_4ccdab44,production_designer
m_71ae2829,3,n_75f82bd1,actor
m_c5b05b54,6,n_739917e1,editor
m_e1adb8c8,7,n_cbccd7f5,producer
m_295857b3,5,n_2f5ef68d,self
m_58582749,8,n_e7e994f4,writer
m_6abfb12c,10,n_70126fe6,actor
m_53f77c58,4,n_f8bb3028,actress
m_6c1c72f0,4,n_08b88a3d,actor
m_52034794,3,n_958f248a,actor
m_ff86cff1,9,n_25791e3e,cinematographer
m_436f1772,7,n_99b56caa,actor
m_63ee9cad,4,n_1051cc22,actress
m_92c79046,3,n_2ce1fc8f,writer
m_7a25eef3,5,n_6ab25153,director
m_3ce41529,6,n_3a97be3e,editor
m_4c977c76,5,n_970d6391,actor
m_dee53e71,3,n_6d73b70e,self
m_f628bd09,10,n_64948be5,cinematographer
m_5f654a7d,6,n_71676075,writer
m_9fcc21cc,9,n_fde009b6,producer
m_9985238b,5,n_4bc44a37,producer
m_c1eba0f2,5,n_3677cef6,director
m_61146e51,6,n_b4d6f323,actor
m_f277068e,3,n_b2d04ac4,actress
m_f277068e,3,n_424f3a8f,archive_sound
m_9b2e2411,2,n_d94287c6,actor
m_546bc065,2,n_1e2e0a8e,actor
m_0f9000ae,7,n_7c3d14ff,producer
m_89e4a021,5,n_1baad3f7,archive_sound
m_13036663,3,n_0eabc11b,self
m_65f55146,6,n_d50aa107,production_designer
m_2f0e956a,2,n_8f613fa6,producer
m_ed991b83,3,n_c0193c9d,composer
m_39580c6a,9,n_d942abb2,composer
m_feabdbe2,4,n_0ed8fd80,composer
m_1c0dfef4,8,n_9703c318,composer
m_a39d548d,1,n_0d348457,composer
m_18dcd27a,1,n_10e35d99,producer
m_983b90ff,4,n_f27883b8,actress
m_76f14a00,1,n_2d780726,editor
m_845aeb85,9,n_d552bfb3,actor
m_d84cfd7d,6,n_8a9e3e92,producer
m_610031a7,1,n_1be12cae,actress
m_3f733949,1,n_1b2cd8a6,actor
m_78a21d4d,2,n_08b0c2d1,production_designer
m_a59c6544,10,n_dbdeb6fb,cinematographer
m_7e1084f4,2,n_b73b65f3,cinematographer
m_39ec33fd,7,n_e8a42025,composer
m_391ff340,2,n_04041419,editor
m_e9599a91,5,n_14564439,archive_sound
m_111978c7,7,n_ac41bfbd,writer
m_89b958fd,8,n_0cd85cb6,cinematographer
m_c272530f,5,n_fa46b085,director
m_1e5e0600,4,n_75dd9000,actress
m_45f332fa,1,n_54556ffa,actress
m_4fd5f27b,2,n_d94287c6,actor
m_37db7197,2,n_6187a757,actor
m_12e72142,1,n_d533e57d,editor
m_e456441b,3,n_c0aae94a,actor
m_ffac6bfc,7,n_aefcf8dc,archive_sound
m_642b612e,2,n_ef5c1eef,self
m_39b4df9f,2,n_ff3bf584,actor
m_e68b8983,4,n_060b3965,self
m_34f8c910,6,n_935e909a,writer
m_2bd9ca82,3,n_acd2cd72,editor
m_75c2ece1,6,n_107b20e8,writer
m_b266dabc,2,n_a74cd91b,actor
m_caf62c69,9,n_42f3bad0,actor
m_79e2865c,6,n_7ce2f459,actress
m_d49d8474,2,n_dbf15de5,composer
m_e01bced0,7,n_778af6e9,writer
m_5d1b796c,2,n_2c1efe69,director
m_1318126f,6,n_d3490e43,writer
m_02dc56f6,3,n_fa27facd,actress
m_313fad2b,5,n_930e705a,director
m_94fb535c,5,n_5985b0be,actor
m_d49d8474,4,n_644d8277,actress
m_594ec1c4,2,n_387c6b00,actor
m_3160168b,9,n_08788ae3,editor
m_705201d4,1,n_8aa1bf22,actress
m_e39598d7,1,n_8cecbf33,director
m_33118e54,7,n_9cbd734a,producer
m_ea6284cf,6,n_40468231,cinematographer
m_ae92134a,8,n_55f67afb,actor
m_4109636b,5,n_ed81e84f,director
m_d1ca8918,4,n_d5d16be7,actor
m_ca1d5651,7,n_eecb7447,archive_sound
m_5861eb5a,4,n_4a4d4b99,actor
m_39b4df9f,3,n_9a7007a7,archive_sound
m_426342e9,5,n_dc18e15e,director
m_48ce319b,4,n_9c5cfed6,archive_sound
m_d3f5c9b2,5,n_2d7c8214,cinematographer
m_d8d82f4a,10,n_3431338c,actress
m_fd2b8c3b,8,n_ef831aab,cinematographer
m_794b1b3c,10,n_5ee52b12,cinematographer
m_7fbf5d0f,3,n_991c24e4,director
m_f1324eb1,1,n_e0d206a8,actor
m_aeb3c8ea,1,n_cbae8b3d,actor
m_36c4fae3,3,n_eac4ed87,actor
m_0b3823f7,8,n_8acdf38f,writer
m_40d647f4,1,n_1d8b0f62,actor
m_90dbed83,3,n_dad3ca64,production_designer
m_d3a69c56,3,n_b6a69a9d,actor
m_62bf8632,8,n_d707bc2d,self
m_ae27d7ca,1,n_7ec7663b,actor
m_64979ff1,2,n_a2cdde0f,self
m_f277068e,9,n_f8b0e1d5,actor
m_1b22c350,3,n_29ce677f,actress
m_d5ea030f,5,n_a3f8c243,actress
m_3f1c63d9,8,n_b9171451,director
m_ed48b560,2,n_b55c6401,self
m_f5716c95,3,n_4d8a55cd,self
m_c00b819c,5,n_cb26eff9,archive_footage
m_0d6054aa,4,n_c8cc8e18,composer
m_57db7f54,8,n_740e6a16,producer
m_930200dd,1,n_cefd34ff,actress
m_af7b12ea,8,n_2291d1e6,writer
m_8b78b53d,3,n_cd5b89f7,actress
m_b42773fc,2,n_4a85ebb8,editor
m_ae8ce5b6,2,n_3449f665,director
m_9992aee4,3,n_b54f54f9,self
m_da5995f5,9,n_cf191a19,production_designer
m_186c154e,3,n_d1e53da2,actress
m_c739cd84,5,n_0fbe2448,director
m_51690cc7,4,n_e55e95ce,actress
m_e0684123,3,n_1b4e39b2,actress
m_5d7df8ed,2,n_277df7ae,actress
m_11db5a17,9,n_46836089,self
m_52e70f48,7,n_8d0f2d29,producer
m_a659f547,7,n_162ca480,cinematographer
m_f093c29f,2,n_ee500460,actor
m_50b62201,4,n_c4a1d856,actor
m_2a99f98a,4,n_f73fe1b9,cinematographer
m_ac6532ed,6,n_f702d9d6,actress
m_c71afbc3,4,n_3f836988,actress
m_87ed4bf2,1,n_1a90bb15,archive_sound
m_66dd643d,2,n_26e06f99,archive_sound
m_d6945ef8,2,n_4050b3f3,self
m_19e9d7d1,4,n_588c491b,editor
m_e623f28a,2,n_63674785,actress
m_4f1cc9d4,10,n_eea0afd1,archive_sound
m_734a6c0c,9,n_4407f021,self
m_4657273f,7,n_c64f7331,actress
m_f093c29f,6,n_677e745e,producer
m_4274268d,4,n_5580ed50,production_designer
m_d70a9e52,2,n_ac764f1e,cinematographer
m_2e979131,6,n_bef16c0b,writer
m_0edb31f5,1,n_eb38c874,actress
m_6e1de71a,1,n_ee8ce0c8,writer
m_8899cb5f,3,n_40298620,director
m_1d5e0d96,1,n_60555658,actress
m_b8a84305,4,n_832fe8ea,actress
m_c1cf2f92,8,n_d8e92224,producer
m_a597e6ba,9,n_2f7ea32c,editor
m_5d1b796c,7,n_4ae155d6,writer
m_02dc56f6,4,n_45ccaf0c,actor
m_313fad2b,4,n_4f716acd,actor
m_e5266c53,1,n_5706c3a3,actress
m_caf09d74,9,n_b6f00cfe,editor
m_9c19e86c,8,n_f04fdd98,actor
m_8806c6d2,4,n_dd8b2550,actress
m_c3e962a4,5,n_e0b8fd48,archive_sound
m_6747ccdb,2,n_adbd6f30,self
m_8c613955,4,n_a9be74cc,actress
m_743ef00e,3,n_943c1c55,archive_sound
m_4e6c77df,6,n_3bdc421c,archive_sound
m_ec4549c5,3,n_25a012fa,director
m_52fc7478,9,n_78954288,editor
m_9bf0a154,7,n_5dbde83e,archive_footage
m_f451907e,3,n_a54154f2,archive_footage
m_a58e670a,2,n_780f1a04,actor
m_d114578e,10,n_d8d2cd29,director
m_dae7a067,4,n_6408d38a,director
m_c5b69a45,9,n_2b82b7a1,cinematographer
m_aaa4f73a,9,n_e29aced3,editor
m_ee8833cb,4,n_6209ecfe,director
m_ffac6bfc,1,n_fc6e3260,production_designer
m_f628bd09,9,n_36b82f5f,composer
m_67288590,5,n_5bf8f2ba,producer
m_9dd8e2ae,9,n_404307ac,composer
m_6b157d15,5,n_aa51b999,production_designer
m_2eb7c433,9,n_c534cc82,editor
m_019c0f12,2,n_274e4827,producer
m_3c18e7df,1,n_ed03b9e1,archive_sound
m_3e2b38da,2,n_c97f5e4d,actor
m_9ba89c1a,4,n_21ed52bd,cinematographer
m_67462b8a,10,n_c57dc450,composer
m_3e438803,2,n_3461ad0d,production_designer
m_5520d3d7,6,n_28cf558d,producer
m_1545c871,7,n_35ab6a45,actor
m_815f2407,3,n_31dfba2a,actor
m_f8a9d7ee,7,n_42640f67,writer
m_3c33a926,8,n_17005f75,production_designer
m_6ca4a604,9,n_de7bf4d0,composer
m_9bf0a154,8,n_ac33849a,production_designer
m_e7122135,9,n_e2fefca4,composer
m_9034de7f,1,n_076dc5cf,writer
m_ff3c27c8,4,n_48f4a981,actor
m_4fe236f9,5,n_e2df9635,cinematographer
m_6767f3fb,10,n_4e075a59,production_designer
m_f5716c95,9,n_d4fa83e9,producer
m_5ac472df,4,n_6114b072,actress
m_e8db5d8e,1,n_30be40a2,actor
m_14e3a9c2,4,n_1f16a1f5,actress
m_9a707a73,2,n_106cac12,actor
m_c8a5438d,7,n_c9ad0cc1,producer
m_1a9abca0,1,n_e6302966,actor
m_31b1ddcf,10,n_45703b2a,editor
m_fe3e0f5f,1,n_1a783260,writer
m_9548e1db,7,n_4be0063e,cinematographer
m_8a675942,8,n_96567f38,production_designer
m_ae92134a,7,n_90549f21,editor
m_5110790f,2,n_f5190c03,actor
m_2e9670ad,7,n_1eb46a2a,self
m_6dbc1f84,4,n_567dede6,actor
m_196984e1,10,n_a26c69eb,actor
m_21ce321d,3,n_56e09273,archive_footage
m_111978c7,10,n_5d99be70,editor
m_258f6465,6,n_5ce91fc4,producer
m_73343f29,3,n_fba1072d,actor
m_6af452fa,3,n_0bfdccfa,self
m_0af41983,2,n_08ee353c,archive_footage
m_41f85ea5,3,n_0dc072c4,actor
m_44559397,6,n_2d868126,writer
m_bb37c97b,8,n_e822b364,director
m_dba6930c,2,n_a37a3fea,actress
m_dcdeeb05,5,n_87baade7,self
m_68e62488,7,n_77446fd6,producer
m_8b78b53d,1,n_21563769,actor
m_e4f7e33d,5,n_7aa26a58,director
m_d9976303,2,n_43e2ce1f,actress
m_9ff11ec9,2,n_559aebf3,actress
m_372e7e81,2,n_4a974394,actor
m_a2e5bde9,2,n_81ee5745,actor
m_e7f9aa83,7,n_95fc3fc6,cinematographer
m_d818a304,6,n_6fd60c3a,production_designer
m_a5cfa3ad,7,n_585130e3,writer
m_4ba23a80,3,n_88978208,cinematographer
m_96d5e627,8,n_c0d76c48,archive_sound
m_41f85ea5,10,n_eef6fe74,actor
m_a0912878,3,n_c4ed14a6,actress
m_15bf737c,4,n_56dbc8ed,actor
m_85665e7e,7,n_a122a498,actress
m_b1e550a6,4,n_2f0bd3e7,editor
m_5601af48,4,n_052f2e16,actress
m_31b1ddcf,1,n_b7f04b1e,actress
m_1c825584,3,n_74f504db,archive_footage
m_9af01a22,4,n_3ea78268,actress
m_a5071209,1,n_c96ef020,actor
m_7e62707c,3,n_c19143d8,actor
m_1ea671a4,10,n_286fb76c,actor
m_766cf8d2,7,n_42640f67,writer
m_a6b4ab0b,10,n_27c58e86,editor
m_9808308c,3,n_5324cba9,actress
m_edab97cc,1,n_6c5d31ca,actress
m_0fe443b3,10,n_0fe2160c,archive_footage
m_1ec16b9f,2,n_c278c18d,composer
m_8b741cbb,1,n_df085a98,actor
m_ce55c033,3,n_88963eca,producer
m_4cdf5bb1,6,n_67aa3368,writer
m_3c33a926,2,n_de4b14ce,actor
m_1a4dc2c8,1,n_a2c62bc8,archive_footage
m_7b1e8dc1,1,n_00ffb0fd,actress
m_dc25024a,3,n_6b2f93f0,actor
m_42d40ccf,8,n_32505860,actor
m_ae04fa58,7,n_2d2f1dce,editor
m_43d615f2,5,n_da64683d,actor
m_b3cb0f4a,10,n_b693a7d6,self
m_9c2f3c23,1,n_e62adf97,composer
m_effc61e1,6,n_2c1ca275,editor
m_ab6e7521,1,n_428fb05f,self
m_0642b7d5,6,n_4f82b71a,self
m_df971e8e,4,n_7fdb8fef,actress
m_46897f10,5,n_efc10f8f,director
m_50b62201,1,n_586e7d91,actor
m_5547093e,8,n_0cd85cb6,cinematographer
m_ae277c99,5,n_cb9b4b1f,producer
m_e765519a,2,n_c87af411,composer
m_7a25eef3,1,n_6c5d31ca,actress
m_fd67ba43,6,n_9cfb2519,writer
m_beb61edb,4,n_8250ef74,editor
m_ffac6bfc,1,n_6971b43c,self
m_bb37c97b,1,n_73c77434,archive_footage
m_e8db5d8e,7,n_7683232e,writer
m_5bf721e3,10,n_841e6b1d,actress
m_7c4d1253,10,n_f9419475,actor
m_2a3fb686,1,n_1ec41344,actor
m_6d5cc054,9,n_bc0f3f0d,producer
m_ed34f2df,4,n_9ea1b844,production_designer
m_caccca59,7,n_bf292f17,producer
m_52c09c0b,4,n_0e591a6f,archive_footage
m_01fb0ff0,6,n_845b4e74,cinematographer
m_48d7054d,2,n_d28d7abe,composer
m_66537efb,9,n_e43c3615,actor
m_3160168b,5,n_b7e6b946,director
m_0f29eb4b,9,n_e28ab4a4,self
m_b3e57920,6,n_0d84560a,archive_footage
m_743756b4,2,n_54e92664,cinematographer
m_ee72ea34,10,n_56f7709c,production_designer
m_780f4703,4,n_0cc7f8cd,actress
m_0b1ad78a,3,n_5908e5a3,actor
m_1d545255,9,n_51103d1c,composer
m_1db63610,8,n_e40068af,director
m_736a039a,8,n_9db9f958,actor
m_2b0d26ff,1,n_6062976b,actor
m_36eb7359,3,n_4e36bebd,self
m_38033d4b,1,n_f5c32c0c,actor
m_ac5e3a2b,3,n_6a1815a1,actor
m_0642b7d5,1,n_729e1b61,self
m_6aa8b2b4,10,n_4aa8e356,actor
m_6b706b4a,6,n_f7b477f2,actress
m_9fcc21cc,10,n_f36dbf6f,producer
m_28e16f24,5,n_9318baf1,director
m_a9dd46a3,2,n_97e7e44c,actor
m_eda9e722,9,n_3d082932,archive_footage
m_39326e50,3,n_7aec240e,actor
m_48f7b4cd,2,n_edd25e11,actress
m_3a89d1ee,10,n_bf05283b,composer
m_971e2c05,1,n_ad364906,archive_footage
m_e9601108,1,n_f67ac205,self
m_75ed5ff1,1,n_72ef767b,composer
m_4a5c2e70,1,n_bfd86c7c,editor
m_854268d3,4,n_a82f4f61,composer
m_ffc910c9,8,n_5701059f,archive_footage
m_f9654049,1,n_d4ce5141,actor
m_33118e54,10,n_7370f515,editor
m_82812ae7,1,n_2a7342a0,archive_sound
m_e3298586,9,n_96f68bb9,editor
m_cf675706,4,n_6b22f382,director
m_d8d82f4a,5,n_08ee6ef7,director
m_9b7a463e,9,n_92e89859,director
m_9b8a70cf,1,n_add69f22,director
m_5fc2cec6,2,n_aaee6426,actor
m_e11b2a3e,1,n_ed9c97e4,actor
m_b9876468,2,n_b170c6b3,actor
m_dacb1008,8,n_81745bae,editor
m_06c02ffe,8,n_4852ef2e,composer
m_7cf5ee16,1,n_308058c9,self
m_057296d1,4,n_bb264bf2,actor
m_05770b2b,5,n_2114a223,actress
m_5c46be87,5,n_1cb9ac06,self
m_642b612e,3,n_49c5a46b,archive_footage
m_94eef14a,8,n_5b1e0d98,producer
m_4fd5f27b,5,n_466756c9,actress
m_c16ce80f,1,n_fbcb3413,actor
m_442092b8,10,n_b4cf6495,archive_footage
m_223da59d,1,n_0f8c8902,editor
m_19e9d7d1,9,n_094a8258,cinematographer
m_de01d6bf,4,n_3f2fc548,self
m_6f478cc7,6,n_3ec20ecc,writer
m_04fc886d,1,n_45fed778,actor
m_16818337,3,n_8f3e985b,editor
m_02d6dd37,9,n_857e51dc,editor
m_9d217625,7,n_3ac31183,cinematographer
m_d98b8c9a,1,n_20235132,producer
m_ebb966bc,6,n_107b20e8,writer
m_f57431bb,5,n_42964c35,archive_footage
m_0f235a16,5,n_6d0b5659,director
m_e4cbdf3f,5,n_a1e3172c,director
m_90e613bd,6,n_0226d6ed,cinematographer
m_dc0e8abd,8,n_2f444fd2,director
m_8a5da772,2,n_7bb89d92,actor
m_d0f6e536,1,n_65a153ea,actor
m_3a0aab99,4,n_1ac64a99,actor
m_8ca85843,3,n_f883709b,production_designer
m_fcb1f3f3,3,n_07936538,actress
m_0e611364,7,n_ab71f115,writer
m_f3b14771,5,n_57c26196,production_designer
m_2c50b12a,2,n_af491c4f,actor
m_1b22c350,8,n_2a3edf8f,producer
m_ce7fe48d,4,n_97d59f88,archive_sound
m_2a760152,4,n_0a7be82c,writer
m_3e180d9a,5,n_0b95723a,director
m_ead58eeb,2,n_8952d74f,archive_footage
m_e4cbdf3f,4,n_f73d2136,actress
m_caccca59,4,n_85768af4,actress
m_46cca511,8,n_035dbdf4,self
m_2908d42d,5,n_96b1ee3f,cinematographer
m_30b78ac2,4,n_6e7eaa06,writer
m_3e438803,1,n_08d17891,cinematographer
m_54ac4d69,7,n_6ff91673,producer
m_c7372876,3,n_0ee66732,writer
m_2d7ebe28,1,n_760438a7,editor
m_26ffee3a,3,n_5908e5a3,actor
m_eb336508,5,n_abb4cfcc,archive_footage
m_89351996,4,n_e615dc4f,writer
m_50a843fc,8,n_7b2d2529,editor
m_d6aedbce,2,n_ad52a417,actor
m_d864b41f,6,n_00555d85,cinematographer
m_3e8c9e6e,6,n_57d832f3,production_designer
m_1288ba08,9,n_97822937,director
m_e590b809,8,n_f10db874,editor
m_6a480d80,5,n_cc91c2fb,producer
m_d49d8474,5,n_8faca853,writer
m_74dbad96,9,n_119e7983,composer
m_34a80613,1,n_84c6317c,actor
m_9a707a73,5,n_5ca6c303,director
m_03d62196,9,n_9dc89353,actor
m_15842437,2,n_968e2cdc,actor
m_2e0dd9c2,5,n_f55114e4,production_designer
m_ee7f404e,2,n_a8c07ab6,actor
m_17ae6670,1,n_940b7fcf,archive_sound
m_a3762983,8,n_9fd69c98,producer
m_f87be175,2,n_dcce97f4,actor
m_120ed41f,4,n_b422fceb,actor
m_574cd8bc,9,n_1d99f047,archive_footage
m_973822e2,10,n_cf8659c6,production_designer
m_6dbc1f84,5,n_2d2b01f4,writer
m_9b08588c,4,n_1ad7a789,actor
m_0d61343e,2,n_b4549f07,actress
m_d087fe50,7,n_dabe6cc1,actor
m_c634f027,10,n_1c63aa5b,writer
m_94a3a3bd,5,n_d6c08b82,actor
m_ab6e7521,4,n_c0deabf4,self
m_7b9ab452,5,n_8ee9cdcf,director
m_b92c502b,1,n_52c833a7,editor
m_f32dcfba,1,n_58bdcd86,editor
m_74b0d832,5,n_f67b5f18,director
m_4a1be7b8,2,n_183521f0,actor
m_27fa04bd,3,n_95b467ef,actress
m_ba7fe779,6,n_936a6385,actor
m_9d13c2b1,1,n_09abc88f,actor
m_5b6c7e05,3,n_cf5a4c9b,actress
m_70a959e3,7,n_c3156c52,cinematographer
m_2045f5b8,1,n_6d0b4540,actress
m_e903fab1,6,n_dec5a324,archive_sound
m_4ab71085,2,n_1530f98e,production_designer
m_39b4df9f,8,n_fff6904e,actress
m_e2e60887,1,n_eeba5ece,actress
m_33516a2d,10,n_d1d50cce,editor
m_92012ce4,2,n_c8a49856,actress
m_68fec020,4,n_14b3d791,self
m_3a71845a,8,n_27abc186,actress
m_3154f663,2,n_ad1667af,actress
m_038cea08,5,n_f6fcfb85,director
m_7bc05867,3,n_3a7e697f,editor
m_f1bae8ba,9,n_07773441,actress
m_39580c6a,8,n_838351aa,actress
m_26ef4534,4,n_dd8b2550,actress
m_a9a91b0e,2,n_51103d1c,self
m_2dd2ec0c,2,n_30f3ffee,actor
m_3c5e8c82,9,n_a6d9bb13,producer
m_4872172d,1,n_e5e0d927,writer
m_7a8a4e63,2,n_cce9ba92,editor
m_04fc886d,4,n_6bb06993,actor
m_95701af0,9,n_e725b3a9,editor
m_c029d814,5,n_9fece590,editor
m_cbc49aef,8,n_27abc186,actress
m_78b383ca,3,n_14838155,actor
m_d5022723,7,n_f0ddda32,actor
m_6a976f28,10,n_896ec252,editor
m_1735df42,2,n_00c26f23,actress
m_0642b7d5,10,n_78556de4,self
m_877a8f9a,7,n_41157e4a,cinematographer
m_cad5bfbc,1,n_13bd6060,production_designer
m_d087fe50,6,n_8b7ec145,actress
m_16cf7f7d,2,n_6453821a,composer
m_156686d4,9,n_36594dc7,composer
m_e0ec28a5,9,n_a9221d2e,cinematographer
m_b4f1a9d1,2,n_ef0550c3,composer
m_dd6f0475,3,n_096531c4,cinematographer
m_d4e06e68,4,n_6f93b84d,actor
m_4872172d,7,n_18bcb6d0,self
m_490f655b,4,n_1827c1a3,actress
m_547b79f3,6,n_70487d52,writer
m_cf347b49,4,n_08ff0ce4,actor
m_c297317d,4,n_83d5301c,actor
m_1d232708,6,n_83a18eaa,writer
m_d5ea030f,1,n_8a7675ae,self
m_594ec1c4,9,n_2b39e3bf,editor
m_ee1455a7,3,n_cb43ce55,cinematographer
m_19a74f09,6,n_a4a9ba1d,writer
m_038cea08,2,n_25b57e80,actor
m_849f22ed,2,n_d56b45fb,editor
m_e765519a,5,n_103fff5e,actress
m_280a5281,9,n_69eb5daa,actress
m_0c69acf1,8,n_53677ee5,actor
m_371b7594,3,n_0ab6722d,composer
m_582fde68,6,n_b999bef2,producer
m_e7ae2bcb,2,n_056c7049,editor
m_0e9ec811,8,n_dff35efb,editor
m_bb79ff1a,7,n_973ac905,writer
m_56e78cfc,5,n_d638c063,actor
m_9913f613,6,n_c00ab50d,composer
m_e444b793,4,n_bddf72fa,actor
m_acb5b2db,8,n_3d6b3637,cinematographer
m_040e9429,1,n_aa12a951,archive_footage
m_637fae54,9,n_5f4462d1,composer
m_a8e198b5,5,n_4cdb95f1,director
m_761f7239,2,n_c73092b1,actress
m_d2bcb922,4,n_c53083f7,self
m_3fc7b454,2,n_aad34ff1,writer
m_859c58ad,1,n_59d07c51,director
m_99f7a33c,1,n_b82c894a,self
m_995ec761,7,n_31170e10,actress
m_aca76173,5,n_c2f753da,director
m_ee44dc46,3,n_5391bfef,self
m_e4c5dd98,7,n_2e0b806a,editor
m_0da2ae53,2,n_3211fa90,self
m_517e3676,5,n_635e64cd,actress
m_e3921fef,2,n_5a1ef836,producer
m_bbf257c7,1,n_bde34af4,actor
m_17dcf4c6,1,n_ff3b75d7,actor
m_9fbc69a8,6,n_1db12499,director
m_ec794406,8,n_9a843584,archive_footage
m_65fdd600,8,n_296dbddb,editor
m_ff1d210a,5,n_671b7bdb,editor
m_fd30ecea,6,n_1f4c2152,producer
m_02638692,2,n_e7408c4d,actor
m_8f45216a,3,n_9c24a7b0,production_designer
m_63c1f2cb,4,n_45ccaf0c,actor
m_9b3d7cb9,2,n_570c8352,actor
m_5de1ad1e,1,n_4facacd4,composer
m_c701034c,5,n_f6282c1d,archive_footage
m_1c2f95b6,9,n_c21ff606,actor
m_9f8f8828,3,n_c998ddc7,director
m_7ee93aba,7,n_84b9df43,writer
m_ff4a0eb4,1,n_f8f4b6c8,composer
m_c7d08d1d,3,n_4efdbb06,actor
m_da50af2b,2,n_2d898014,archive_sound
m_194d3020,2,n_e26c0d53,actor
m_ae277c99,1,n_13bd6060,actor
m_2539a595,4,n_6d750e65,actress
m_03d62196,5,n_53677ee5,actress
m_506a295b,7,n_221de1dc,actress
m_afed091a,5,n_0a0347ad,director
m_b2e2a0b9,10,n_2168fdd8,director
m_462d3cf6,10,n_ef18a3a3,editor
m_39ebe224,2,n_fdd8f2f2,producer
m_b638b2de,5,n_6fde7688,archive_sound
m_e8168e11,2,n_6abb60fc,actor
m_c75b70e0,4,n_cb1672b7,actor
m_d2bcb922,2,n_78b6fea5,writer
m_986ae830,6,n_49520279,director
m_1be9e67e,1,n_1cd0738b,actress
m_d6d9b165,5,n_4d82c839,director
m_b0b67e2f,9,n_dff8d7ef,self
m_64934cc7,2,n_6187a757,actor
m_c0519bf8,9,n_6ae9aa93,producer
m_ad0a9471,5,n_1984113c,director
m_088ebc58,3,n_adbd6f30,editor
m_4fb91f67,4,n_0df9e620,archive_sound
m_295857b3,3,n_1381f4bf,actress
m_7549d464,1,n_f6143b1b,self
m_bdab1cc7,8,n_609e72c9,producer
m_ab84aad5,5,n_192ae752,actress
m_8a5da772,6,n_2a26bf93,editor
m_371906f9,2,n_11e8d0b1,actor
m_07553921,3,n_83687f0d,archive_footage
m_208ffa24,7,n_e9f441ce,writer
m_d1ce2cfa,1,n_2839c422,composer
m_12095d1e,1,n_5aab50fa,actress
m_423f72ee,4,n_5f17134e,actor
m_a6b4ab0b,1,n_de8f8895,self
m_45e969dd,3,n_62de0dce,actor
m_2472e9d3,3,n_965414e1,actress
m_ca4d68b3,1,n_aab0dbc0,archive_footage
m_c8e8d713,10,n_8548bbde,composer
m_404fe876,6,n_1b79f7a4,producer
m_bd886101,5,n_7aa26a58,director
m_e444b793,2,n_aaee6426,actor
m_80049f6d,1,n_7b477705,actress
m_1a7a89cd,9,n_0dbccdb5,composer
m_f6f14a0c,7,n_585130e3,writer
m_49c01781,2,n_c29fff3d,actor
m_4acf940c,8,n_d3b02733,producer
m_ca698c4f,10,n_c63e7fba,actor
m_4b2ee820,4,n_2eac4ef5,director
m_0422e0a8,2,n_fb1fcfb6,actor
m_0ba89a7c,2,n_f0f99784,actor
m_c162d19d,6,n_380d3e75,writer
m_2a756320,2,n_d2fc9e08,actor
m_86cd87f7,5,n_dfa64db7,director
m_27b5289f,5,n_f70d963e,archive_footage
m_203c7bab,2,n_1ed8eae7,director
m_53499b9c,10,n_0e7ca55b,cinematographer
m_16818337,2,n_1412856c,writer
m_65fdd600,9,n_a9fe7af8,cinematographer
m_2002d90d,6,n_94de7bc6,editor
m_dd19f560,6,n_67ccac81,actor
m_acc33d46,9,n_f74902c2,archive_footage
m_31829244,4,n_08ff0ce4,actor
m_9951fae8,5,n_3be50e3a,production_designer
m_dcb02c8c,1,n_52531af7,archive_footage
m_b18579b4,4,n_d189c1e7,production_designer
m_93801116,5,n_93a11b29,actress
m_3d0b5512,4,n_41f16dde,writer
m_983b90ff,3,n_1b30911a,actress
m_3427e7da,2,n_791915bb,composer
m_382f2bae,7,n_3f9c5cd4,producer
m_860e40c6,9,n_6ffcad4f,writer
m_6676744a,5,n_ab9a02f8,actor
m_1082b79b,9,n_0cde957e,actress
m_4227abb8,3,n_de284029,actress
m_4d862476,3,n_e6e64d9a,producer
m_5902f120,3,n_30f61849,actor
m_b728cd42,3,n_309955b7,self
m_0e72dff8,10,n_99195515,writer
m_b4f1a9d1,2,n_097f7b0c,actor
m_ab92067c,7,n_a7f38bf2,composer
m_d5e45d93,9,n_659b9810,editor
m_6347de1f,5,n_381b0e71,director
m_46897f10,4,n_11c9fae1,cinematographer
m_263ec833,6,n_d4b1743d,writer
m_77b436d9,3,n_78e711b2,archive_sound
m_e3298586,6,n_4f5e4672,producer
m_cb733c14,1,n_3191769e,actor
m_5873c86e,3,n_400ea582,composer
m_60e59bc9,3,n_87f1e85f,actor
m_5eca373d,6,n_278d31c0,actress
m_703e0551,2,n_962cb5f6,composer
m_15279425,7,n_71ea8192,producer
m_bc5e3828,1,n_595c2912,actor
m_983073aa,1,n_3213b847,actress
m_1ec16b9f,2,n_3ec20ecc,actor
m_386220c0,7,n_a2d4727a,actress
m_9509c3a8,7,n_b0a116c0,writer
m_dfa06168,7,n_8a1d2613,editor
m_0b29969c,4,n_4429bc39,producer
m_ddde2c0f,4,n_a1e3c572,producer
m_7e786b16,4,n_c72d4e59,actor
m_c9ff037c,10,n_8f41e107,cinematographer
m_21221b74,1,n_a6c7e815,director
m_7185298a,8,n_d234661e,actor
m_dc5579f6,2,n_1b6a27cf,actor
m_435c5f8a,7,n_1ef00829,actress
m_5110790f,9,n_886111b4,actress
m_01fb0ff0,2,n_f9d19a88,self
m_7e62707c,5,n_53420c8a,composer
m_c634f027,4,n_96ad90fc,production_designer
m_2d87b30c,4,n_a7a91b4d,actress
m_3402ae7c,2,n_c4857842,archive_footage
m_4176f2ac,7,n_2e0b806a,editor
m_ded501c9,4,n_64376e28,actress
m_34106a95,3,n_5134b01e,actor
m_0da0f613,7,n_dcfc0ab7,composer
m_3da86600,10,n_4b887c27,actress
m_fc581281,3,n_d008231c,actor
m_ca90d2a8,10,n_3c49d449,archive_sound
m_d3cb0952,7,n_6a437546,composer
m_dc1408d8,6,n_eb071206,writer
m_574cc5f2,9,n_f63605e3,actress
m_2eef1cfa,4,n_6a57f01a,director
m_5110790f,5,n_99b56caa,editor
m_11db5a17,10,n_a1ac7314,self
m_9403e2cb,1,n_6163eb2e,actor
m_d16e0435,3,n_d1e53da2,actress
m_9901d5ba,1,n_c814b075,director
m_31afaceb,5,n_9ba98f8e,archive_sound
m_e767c43b,10,n_eee04534,actor
m_19cd6291,1,n_8865df68,actress
m_888589f7,10,n_fee442d7,editor
m_d8456cf7,1,n_0b4cbca2,actor
m_25563c34,9,n_36b82f5f,composer
m_f82d81be,6,n_134c7e3e,actress
m_0ec60fcc,6,n_7ce2f459,actress
m_4657273f,3,n_bce39345,archive_footage
m_180a293a,8,n_d707bc2d,self
m_e0abbee2,1,n_277df7ae,actress
m_37cde244,7,n_af87f3d8,writer
m_e8db5d8e,3,n_c4ed14a6,actress
m_a597e6ba,8,n_a5d02495,editor
m_18d356c5,3,n_2eafac24,actor
m_8806c6d2,8,n_5c9aee54,actress
m_b76ba0e0,4,n_7a8d5c54,archive_sound
m_e9992fca,6,n_fe1530d0,producer
m_ca9ebd38,1,n_8a525c80,composer
m_9c3ac828,5,n_ac206224,composer
m_591c37e1,2,n_ad52a417,actor
m_88780b8c,4,n_56afa513,actress
m_a48afcd1,6,n_95ad5f1b,director
m_2eb7c433,3,n_14564439,actress
m_622c89b6,8,n_2ff6d6f3,producer
m_6d962bc2,1,n_d65c5ed7,producer
m_3e6c33ab,4,n_72ff9675,actor
m_6e1de71a,7,n_74f97798,actress
m_626b4901,4,n_5bf8f2ba,director
m_2377531d,9,n_37740a57,director
m_7b7b672c,8,n_3ebef0d8,writer
m_0d61343e,1,n_8bfe1c42,actress
m_a9dd46a3,6,n_f702d9d6,actress
m_4fd5f27b,3,n_f6341219,actor
m_15cb76bd,1,n_c198e0f4,actress
m_742ae08a,6,n_8432a760,composer
m_cd3948c2,6,n_87ef7ccc,writer
m_b9876468,3,n_accaf1b5,actor
m_8a216d8a,2,n_21711186,actor
m_c55249f1,3,n_6638484e,cinematographer
m_32d58e1f,2,n_f6bf8b19,actress
m_ad084688,9,n_4c7627fc,composer
m_86adb0f9,5,n_5d4c36ac,production_designer
m_14aeb908,5,n_76dabd3a,director
m_3cf2beab,10,n_920aef19,cinematographer
m_4c977c76,4,n_ea379dac,actress
m_a3b20fb6,9,n_787f63cb,composer
m_a0912878,2,n_88f17eb6,composer
m_2bd9ca82,4,n_54bde791,composer
m_1c0dfef4,3,n_3fa2bfa4,actor
m_4acf940c,10,n_61d5d909,editor
m_6a976f28,6,n_97c5daf9,writer
m_df3658b2,4,n_c39c538e,actor
m_0dc152ad,8,n_f6aa2cdf,editor
m_f71c9995,2,n_a3a09979,writer
m_5971a060,2,n_060b3965,actress
m_9f955238,6,n_dbae0df1,producer
m_82136c6f,9,n_9f75838d,cinematographer
m_14e3a9c2,6,n_521355d9,production_designer
m_0f5c8c01,4,n_3e7a9456,producer
m_8ae7056e,1,n_89e618a3,production_designer
m_c80f1fdb,10,n_9a48fa75,archive_sound
m_2539a595,1,n_902b453e,self
m_7cab1088,5,n_343db1b7,director
m_bf8529cd,1,n_c14ad3aa,editor
m_ded501c9,2,n_1dec9137,actor
m_94a5442e,5,n_652838ef,director
m_8c0749b9,2,n_710882e7,actor
m_b1e9cca5,6,n_1be6e36f,writer
m_182d8df2,2,n_2d82337c,director
m_4832e5a6,2,n_599c00f2,actress
m_5250ef70,2,n_2192a363,self
m_39a798fd,3,n_ecde6ed1,actress
m_f0c21d1c,5,n_55441141,producer
m_63c1f2cb,5,n_652838ef,director
m_0e72dff8,4,n_82952acd,actress
m_0fd545d9,2,n_3bee6f62,cinematographer
m_971bc219,10,n_50a40ba5,producer
m_e0ec28a5,6,n_d0bd015f,archive_sound
m_599b93f7,4,n_46a14ce3,writer
m_deee8a97,5,n_d904a3b4,producer
m_ae277c99,6,n_070e949a,composer
m_a99ad1c5,5,n_a8b2317d,director
m_638a8be4,3,n_8ce70223,composer
m_8a4586de,4,n_6aac02f3,production_designer
m_74bf3d2e,1,n_e328522e,actor
m_13428353,7,n_bed5fcb7,actor
m_b3782cb5,2,n_25d7d106,actor
m_e00bd722,7,n_3461ad0d,actor
m_99c8962d,3,n_8a63756e,writer
m_51eb4d52,1,n_07d97a3a,archive_sound
m_49c01781,8,n_1a28b0d3,editor
m_9ba89c1a,5,n_000bc6cc,editor
m_69abb106,1,n_9eca51c1,production_designer
m_0af41983,1,n_f17dd814,editor
m_09bba5e2,9,n_9ff9e2a7,director
m_937ff844,10,n_eeee679f,self
m_33118e54,4,n_26f441f9,archive_footage
m_67d37887,1,n_ed820da5,writer
m_6347de1f,7,n_839be393,cinematographer
m_11300226,6,n_ce2b81bd,editor
m_dd3167bd,3,n_ee3308fa,actress
m_e7b7a703,1,n_3119a84c,writer
m_75c2ece1,2,n_0748d692,actress
m_a5c6fa48,2,n_f0f99784,actor
m_e9922e2e,4,n_a205371c,actress
m_1f024a84,2,n_eba95974,production_designer
m_03f752f1,2,n_fdb5448f,actress
m_67462b8a,6,n_99a8dd90,writer
m_5ac472df,7,n_679c558b,actress
m_a0562b41,2,n_5d920c59,archive_footage
m_bd3ae789,9,n_6e37b438,editor
m_28d51318,10,n_b7ce3faf,actress
m_d16e0435,5,n_9fe87e2e,director
m_d40cf3af,1,n_8cecbf33,director
m_15842437,4,n_99ed2f4c,actor
m_edab97cc,8,n_481f4b10,producer
m_fa908007,5,n_c5e838e6,self
m_d864b41f,4,n_4612151c,actor
m_ebb966bc,7,n_b2d16f9a,writer
m_7f600b47,6,n_75ff20b9,self
m_9052db60,1,n_1533d35a,self
m_b9e96590,4,n_56afa513,actress
m_5c0153d5,1,n_881373b6,actor
m_ba7fe779,4,n_ff433c88,actress
m_280a5281,3,n_7cfff8db,actor
m_0695d6b6,4,n_516240ab,producer
m_d8d82f4a,4,n_c7e453eb,actress
m_cb7ac631,2,n_348a60a9,self
m_754a55b4,9,n_c7893965,actress
m_637fae54,3,n_0d9d1ef0,archive_sound
m_03d23d4b,7,n_7359dffd,actor
m_a4e4a034,5,n_0e165052,director
m_3f733949,10,n_d8b2dfd1,producer
m_0422e0a8,1,n_acd63812,actress
m_8682d3cd,3,n_c2487b87,director
m_50d76456,4,n_40bd49fc,editor
m_37cde244,5,n_9052e1d1,composer
m_70fa741d,4,n_222df4a7,actor
m_0b34d3c6,5,n_f4a8d278,director
m_d33b3652,4,n_f9556c57,cinematographer
m_dc5579f6,3,n_3119a84c,actress
m_ea082050,5,n_d11e862e,director
m_70cc6f7f,3,n_8499815f,archive_sound
m_43d615f2,2,n_32b676ec,actress
m_3f334cc3,6,n_5ad6654d,writer
m_ca90d2a8,2,n_7bbff8db,actor
m_e049ae82,2,n_6187a757,actor
m_964589cf,4,n_92729363,self
m_5f040920,3,n_5e63e863,editor
m_45f332fa,2,n_3c73bb34,actor
m_7396cd28,10,n_1c2c0bfc,production_designer
m_5b86e7d1,9,n_34ebf071,actor
m_c35bdba9,2,n_58e4226f,composer
m_5357a98e,5,n_e7b92f18,director
m_f31d5dbc,10,n_76b7e693,production_designer
m_aebf9d31,1,n_a18bf112,producer
m_908d258f,10,n_0f178600,actor
m_35aa7591,5,n_fbf3c001,cinematographer
m_690d5def,10,n_d6737234,production_designer
m_0adaed18,4,n_9a6938b4,archive_footage
m_9122fd8c,7,n_cfffb3b9,archive_sound
m_11f61bab,2,n_dae2fe48,archive_sound
m_4acf940c,5,n_dd888c0a,director
m_477acafc,2,n_25a79c08,actor
m_d610727e,2,n_39699875,actress
m_12e72142,5,n_28923a88,actress
m_7ac425f0,2,n_c6ece08c,archive_sound
m_ebd12554,4,n_aea12b1e,actress
m_3c3bc2d0,2,n_a51b0ae1,archive_sound
m_01a94501,3,n_d745b2f4,cinematographer
m_afb42a51,6,n_19475fc2,director
m_2d87b30c,3,n_f37620b3,production_designer
m_be7f3adb,6,n_99a34d42,writer
m_4831e8f9,6,n_14615917,writer
m_94ab331d,3,n_0d9b1c4a,actress
m_bb0112f0,8,n_73bb3486,actress
m_2d27a0c0,10,n_5487e866,composer
m_6b5e3867,1,n_e2bf0e24,production_designer
m_02dc56f6,9,n_4e1401bb,writer
m_dfe5019f,10,n_5d99be70,editor
m_40363f74,6,n_4df5b9e2,writer
m_aca76173,1,n_19465c2f,actor
m_e48b383e,2,n_07c2b9e2,director
m_70923b18,8,n_e1c0ef27,composer
m_ee3ad0cb,4,n_c1bcb80a,actress
m_7549d464,8,n_3f3d83c7,composer
m_1020281c,2,n_e97df1cb,actor
m_9ac5c677,2,n_5d4c36ac,actor
m_d265b623,6,n_94229690,producer
m_cee74d39,9,n_0656077d,actress
m_05922ef4,6,n_02fe37f3,actor
m_71f21f60,9,n_2b39e3bf,editor
m_48d7054d,2,n_e7e994f4,producer
m_af7b12ea,6,n_90768814,editor
m_28d51318,2,n_192593f1,actress
m_504c7695,4,n_11d390e3,cinematographer
m_6b3d9101,7,n_f0d94d3c,production_designer
m_c15dd512,2,n_e14dd4f6,actress
m_4717533d,7,n_0fbbf210,director
m_7a8a4e63,2,n_42f3bad0,composer
m_9dd49969,5,n_f94cd2a2,editor
m_ce73c7f0,10,n_c66da664,editor
m_76f14a00,8,n_b3e20513,cinematographer
m_5357a98e,1,n_7412e365,actress
m_d04bf825,3,n_10e4f9f1,cinematographer
m_5411fdd4,7,n_7101cbdc,actor
m_3129b9b4,6,n_8d0c0b9a,writer
m_374a585b,2,n_0a0caf4b,archive_sound
m_6d10d68e,6,n_71cd5185,actress
m_bbf045bb,7,n_c75d12d9,writer
m_171ea46d,2,n_bb5c3be9,actor
m_85ab0478,3,n_945552aa,actress
m_4ccd1a64,5,n_961f0185,archive_footage
m_feb07978,4,n_160c44e9,actor
m_9b2e2411,5,n_466756c9,actress
m_0c69acf1,5,n_350be50b,actress
m_ce2b82f1,3,n_f4dcb567,actress
m_cd3948c2,9,n_51103d1c,composer
m_52034794,2,n_bc7d1aa0,self
m_6ba1676f,3,n_502e8432,actress
m_d81dea97,6,n_bb9842aa,actor
m_6767f3fb,4,n_ff00f397,archive_footage
m_4f09fc34,1,n_1d8b0f62,actor
m_b276ad01,9,n_4ff6ce6a,actor
m_436f1772,2,n_c8a549cd,actor
m_c5b69a45,2,n_c56a160a,archive_sound
m_13de35b3,9,n_2f7ea32c,editor
m_03ecc932,4,n_f2a1d87d,actor
m_882edb63,10,n_c2ff2ffd,editor
m_4ba853d6,4,n_002755de,self
m_190ca647,6,n_12dcca5d,writer
m_3b8ee4b1,9,n_fc0d0aa4,actor
m_3f841fbe,3,n_77b457d2,production_designer
m_0a88f500,1,n_680f15c9,actor
m_dbbfc38f,8,n_0c3df1a0,composer
m_0b1ad78a,5,n_f79ac527,actress
m_39d3e490,3,n_708b0b0d,editor
m_db6edc0c,9,n_e2f8d6d6,actress
m_1cecdc1d,1,n_66a04402,composer
m_cdf6f711,3,n_32a25699,production_designer
m_94eef14a,9,n_8806fe04,writer
m_dd24e722,2,n_106cac12,actor
m_908d258f,2,n_b5f35aae,actor
m_d93b6399,2,n_ff3bf584,actor
m_ac048ba9,5,n_bb135e9c,director
m_ded501c9,3,n_4e7282da,actor
m_34fc0f26,10,n_00c61555,director
m_5520d3d7,3,n_c6952811,actress
m_79e5f789,3,n_8ed0301c,actress
m_b263e030,3,n_fe0d7bc4,producer
m_0cc8f58f,7,n_87c1d177,composer
m_4109636b,10,n_640c220f,actress
m_5571d0f6,2,n_b5f35aae,actor
m_e9e00b3e,5,n_1714bc50,actress
m_d2284e99,4,n_25ec0d2d,director
m_944f9fc4,2,n_9b3f0c66,archive_footage
m_44317303,7,n_748f1be6,self
m_5d7df8ed,5,n_97c5daf9,director
m_51706af9,4,n_2f988f1d,director
m_3737b922,4,n_20e15cd8,archive_sound
m_73fcbf5a,5,n_2e168be2,self
m_845aeb85,1,n_d8062e62,actor
m_0c0e1d86,2,n_d1c0b744,cinematographer
m_ee38921d,10,n_222b977a,director
m_a7125e98,2,n_80cf6c74,actor
m_3e439a04,7,n_9dc3bbf9,archive_footage
m_8a60ea2d,4,n_27ca6c00,actress
m_2bbd3361,5,n_fd9b0575,archive_footage
m_5fc2cec6,7,n_698d95e1,writer
m_47503b1d,4,n_cbf6612c,actor
m_acc33d46,7,n_7915d640,composer
m_9fcc21cc,7,n_a50779b0,writer
m_c8c45ab7,4,n_138d0e24,actor
m_201d67fa,3,n_b943c932,self
m_ac7b3071,5,n_dad9f336,archive_sound
m_e8168e11,4,n_b3497194,actor
m_03d62196,5,n_c68c6fd5,actor
m_2de8790d,4,n_aec90a47,writer
m_060f8f40,5,n_4c5122e1,cinematographer
m_749eeabb,3,n_8242b3ff,director
m_241b9800,10,n_3076d15d,actor
m_eaf5999e,2,n_84587ad8,composer
m_0077bb40,1,n_de35ff31,director
m_36c4fae3,6,n_35642a66,writer
m_adad9ea6,2,n_2a7342a0,composer
m_a8a331bc,6,n_5139af86,actress
m_f31d5dbc,4,n_41a288eb,actor
m_8a707273,5,n_d905b3fb,director
m_92c79046,2,n_908f8712,self
m_41181583,2,n_a4ee0f7a,self
m_7f58cab8,4,n_effe69b3,actor
m_d148847b,5,n_2aa1eaab,archive_footage
m_7466b8ca,4,n_a96a03b9,actor
m_5baa80d7,7,n_378e41d9,actress
m_766cf8d2,3,n_ded7d626,cinematographer
m_8a60ea2d,3,n_89d5b8aa,actress
m_bb79ff1a,1,n_50899740,self
m_cc335ac9,8,n_92b45204,composer
m_b8db1697,7,n_55dc1b44,writer
m_5be52a34,10,n_67ab1ea7,archive_sound
m_fb39312c,8,n_2b08de27,archive_footage
m_66dd643d,1,n_c1f26009,director
m_1fcb2993,10,n_60d52a4d,editor
m_b5ff630a,3,n_07810d94,self
m_8f6cb4cf,6,n_428c113d,actor
m_06761600,3,n_dd89a169,archive_footage
m_ad16bd26,3,n_e940aa68,director
m_e32c9b25,9,n_23a2706a,producer
m_ccd1d758,1,n_50fe44ec,actress
m_78964c66,6,n_935e909a,writer
m_7bea91f3,5,n_60928412,director
m_e25ddc09,4,n_0bd5d385,composer
m_1a4dc2c8,5,n_9ef01436,archive_sound
m_e3921fef,7,n_cfe2a1a4,writer
m_59f2dbc9,1,n_741351cf,actor
m_20df8f65,2,n_c02820ad,actress
m_8d0cc177,4,n_f99ab985,actress
m_60f094c8,1,n_e8b3f407,actor
m_849f22ed,6,n_3dd0e6b1,producer
m_15502585,5,n_b02c43c2,director
m_9c3ac828,3,n_fba1072d,actor
m_f0352e20,2,n_6c0d8ef4,archive_footage
m_2a756320,8,n_f91be855,composer
m_f5716c95,5,n_ef3c9cab,writer
m_5c46be87,6,n_f9aaf7c1,archive_sound
m_cad5bfbc,3,n_c3a6c386,cinematographer
m_b93253ee,1,n_8132b73e,director
m_c4487bf9,5,n_6e5342e4,composer
m_8c7929b4,4,n_23b8fcdb,actor
m_5be52a34,9,n_2609851c,producer
m_7b48eaab,7,n_413aafc3,cinematographer
m_5039fb8b,3,n_eb14ba52,production_designer
m_2684b588,4,n_9823635e,writer
m_58582749,3,n_d28d7abe,actor
m_b84a0e5f,1,n_1c6db6cc,producer
m_794b1b3c,3,n_8c9a6594,actor
m_a8e198b5,1,n_5514a4fe,actress
m_8a216d8a,1,n_af2d6c24,writer
m_d7c0a052,6,n_5ace7ead,writer
m_986ae830,1,n_5514a4fe,actress
m_e903fab1,3,n_42f770ce,cinematographer
m_e743038b,10,n_47ea18b2,actress
m_570419f7,10,n_943dc4fa,archive_footage
m_94c71c29,3,n_c795aa7b,production_designer
m_d9ac1284,2,n_b204641e,actress
m_9a129b32,8,n_aac09cd4,producer
m_a3b20fb6,4,n_0395f85d,actor
m_7cae9c22,4,n_7941993f,director
m_e371bc84,1,n_5ce91fc4,editor
m_c638057a,6,n_838ccee0,producer
m_9b7a463e,5,n_943c1c55,director
m_3129b9b4,10,n_088c79a7,composer
m_bc545fdf,4,n_e3dcd9e9,actress
m_989f9694,7,n_0440267e,archive_sound
m_20df8f65,1,n_557170d2,actor
m_50d76456,6,n_52f55049,director
m_382f2bae,5,n_d142164a,actor
m_147191ed,3,n_1381f4bf,actress
m_dc1df16e,3,n_0b490547,actor
m_499615fe,8,n_7286f0bc,writer
m_37db7197,7,n_8f3ff91a,composer
m_53a01c73,4,n_cdd2e14c,actor
m_d81dea97,5,n_945552aa,director
m_8ac5b25b,10,n_4151f987,cinematographer
m_aeab030c,2,n_780bbabc,writer
m_15bf737c,6,n_4b79502c,actress
m_e88941a4,1,n_b2eebd2b,self
m_fe3e0f5f,5,n_0592c3e9,producer
m_632d70b9,4,n_ae58a518,producer
m_5baa80d7,9,n_69eb5daa,actress
m_af7eee1a,8,n_828614cc,producer
m_3a0aab99,5,n_68655fa7,self
m_ffc72ab7,4,n_1bebf7dd,actor
m_309d9ad5,4,n_48fbdd6d,writer
m_c297317d,4,n_9cb1e4b3,archive_footage
m_d6cc4e4e,2,n_092504f8,production_designer
m_043a77c2,6,n_c6fbec5c,actor
m_a8e198b5,2,n_4487ccac,actor
m_5cc1e4ef,2,n_9ad8a0b3,director
m_dbc1ef86,1,n_1b2cd8a6,actor
m_9aaec534,3,n_2cc13784,editor
m_cd656abe,6,n_d6d9a07d,writer
m_230bf216,7,n_b118377f,writer
m_ac07444e,4,n_37ace8ce,archive_sound
m_dd3fbcab,6,n_c754ce8a,director
m_d257c60f,9,n_fe4e89ef,producer
m_4aa55ae0,5,n_e429b869,archive_footage
m_f8a9d7ee,4,n_6b12380d,archive_footage
m_b5be923b,1,n_813caeab,actor
m_6ea1ed11,8,n_0e4768e6,producer
m_570c7a02,3,n_5253126f,actress
m_372e7e81,3,n_2a55bd7a,actor
m_f30c9095,1,n_9d706f2c,archive_sound
m_aa0d84c3,2,n_b9b74b43,actor
m_eccb7e5a,3,n_91efc40d,actor
m_26a925ca,4,n_9061502f,director
m_5902f120,5,n_ed9c97e4,writer
m_6347de1f,1,n_e1a7ebb3,actor
m_ca533d5f,9,n_4a951242,producer
m_3485226f,8,n_40924d51,actress
m_3d84472b,1,n_8a7675ae,self
m_4470c501,8,n_0990ab3f,cinematographer
m_15874354,2,n_e49d14f2,producer
m_bfbb4a1c,6,n_ba7ca26e,writer
m_6ea1ed11,2,n_2d868126,writer
m_91e72c18,3,n_5c7ff81b,actress
m_5eca373d,7,n_3461ad0d,actor
m_58e984f7,4,n_d39a5869,actor
m_36da57e4,9,n_11f38882,archive_footage
m_37db7197,8,n_f883c67c,composer
m_6e1de71a,6,n_f5d21f19,self
m_89581f9f,2,n_77bd09cd,actress
m_605cbb25,3,n_e57be178,actor
m_02d6dd37,4,n_e09d8b97,actor
m_4657273f,10,n_eef6fe74,actor
m_f7017abf,2,n_7f0b2b37,actor
m_a6ad2241,2,n_70614c76,actor
m_05922ef4,1,n_6347276b,actor
m_ab92067c,9,n_1962fb05,actor
m_a3120fac,3,n_01137c55,archive_sound
m_a59c6544,4,n_c7e453eb,actress
m_4832e5a6,5,n_5103d80f,director
m_c638057a,5,n_f4a8d278,director
m_ef9da003,2,n_4411efce,actor
m_f89160c0,4,n_93091a8c,cinematographer
m_54ea5a3c,7,n_ab9ced41,composer
m_d02304f0,8,n_1fe95160,producer
m_6c134cbf,3,n_5944f9e1,actor
m_6c134cbf,7,n_6e030dba,writer
m_a2786b31,3,n_1d426659,archive_footage
m_94e5badd,5,n_676167ec,actor
m_7a25eef3,9,n_15686535,actor
m_4717533d,9,n_00394013,cinematographer
m_316b10e6,9,n_d3ca56be,production_designer
m_b263e030,2,n_387c6b00,actor
m_0114aee9,4,n_8e7ddb2c,archive_footage
m_7b9ab452,3,n_929bdfc4,actor
m_99fe5559,2,n_39a7bbb3,director
m_c1ec007c,7,n_7592f070,producer
m_59428a34,3,n_2b871c30,editor
m_e79cc6ab,1,n_67b6506a,actor
m_b96fd7fa,10,n_096808e8,producer
m_e2133897,9,n_e4bde545,actor
m_a2e6d37c,10,n_ae4a49ef,editor
m_ca5132f7,3,n_2b4c1195,actress
m_43a8a305,3,n_f2b924c0,actor
m_777804af,7,n_80313347,writer
m_57224fc4,2,n_05a71711,director
m_85665e7e,1,n_99a6dd2d,actress
m_d276403e,6,n_97c5daf9,writer
m_ffc910c9,7,n_31175cb7,actress
m_a99ad1c5,3,n_b3dfca07,actor
m_03052b74,10,n_2d76dcca,archive_footage
m_e494b4c5,1,n_c55c4c41,archive_sound
m_ba9e4135,3,n_b4f6bbf8,cinematographer
m_59428a34,9,n_c1d2efc9,editor
m_0259976e,8,n_415d5466,actress
m_b4ecaa0b,3,n_2b6b119f,self
m_504c7695,1,n_5e01390f,editor
m_d7bafbca,2,n_2d898014,actress
m_beb61edb,3,n_db659726,writer
m_7d9e770e,10,n_b0842fc8,editor
m_ad1c6db5,7,n_062f92ba,composer
m_f4b5ed84,6,n_9cad1f24,archive_sound
m_4a5c2e70,3,n_e57be178,actor
m_70d3c13c,3,n_228388f4,actress
m_646fa563,3,n_1104572d,actor
m_c0b5e61f,8,n_2a42d72e,cinematographer
m_61146e51,7,n_3d3acb37,actress
m_2d081191,6,n_f1db350b,self
m_aaf7d04f,10,n_f2bba43e,producer
m_36419130,1,n_4a825b1e,producer
m_1c825584,4,n_a7b0ec6a,cinematographer
m_41663fa1,10,n_f43f8d10,archive_footage
m_bdf2df14,1,n_e76eb610,archive_footage
m_1c0dfef4,10,n_790ee143,editor
m_f4b5ed84,9,n_218e9de3,producer
m_83f5e54b,4,n_995b812d,archive_footage
m_7b1478d9,1,n_8d8111d3,self
m_0a88f500,7,n_55dc1b44,writer
m_02d6dd37,7,n_8963461b,composer
m_bc174c3a,1,n_5dabbfba,archive_footage
m_4eefe6b0,1,n_cf1e5cca,actor
m_3235d479,1,n_16bd809b,director
m_9ac5c677,3,n_5794bb9d,actress
m_6ba1676f,6,n_a265632c,writer
m_908d258f,9,n_18174369,actor
m_af7b12ea,2,n_ca3ba89e,writer
m_b51e8306,1,n_70c8edec,producer
m_fd7b1812,8,n_cac97e70,cinematographer
m_e7ed3c0f,9,n_41d9578a,producer
m_1cb063fb,4,n_5514a4fe,archive_sound
m_0ae44fab,2,n_e3578bb5,archive_footage
m_23072a12,2,n_43e2ce1f,actress
m_f2e66b68,3,n_1b4e39b2,actress
m_5d87c2ef,9,n_82ac8e83,composer
m_854268d3,4,n_314f57e7,cinematographer
m_d328f5a0,1,n_603a5e38,director
m_8299e43e,2,n_ad75a6f6,director
m_45f332fa,8,n_60543f5d,producer
m_4faeeb6e,5,n_1d8d7e6c,director
m_ebb966bc,4,n_3e9b058e,actress
m_727d7c5b,3,n_a118525c,actress
m_ee069a39,7,n_06f3fd01,writer
m_13428353,3,n_b8355002,actor
m_bdb2131f,5,n_cbe327b6,composer
m_d1ca8918,6,n_5ace7ead,writer
m_e456441b,6,n_83a18eaa,writer
m_3d0b5512,6,n_fcc7d726,self
m_1be9e67e,7,n_c31d229d,cinematographer
m_5547093e,10,n_46aae8fc,archive_sound
m_27e58ad4,9,n_33f37e53,director
m_9a06f629,3,n_40147133,editor
m_f52c93b0,10,n_08af6bb0,actor
m_5c95eeab,8,n_0bc9e7d2,director
m_462d3cf6,7,n_895e6cb0,producer
m_914f2d39,7,n_f0dd14dc,actress
m_bdab1cc7,4,n_c1c83f62,actress
m_ab6e7521,5,n_bf922f66,production_designer
m_f2e66b68,10,n_47455340,actress
m_45b59d10,6,n_de633e47,producer
m_e8168e11,6,n_2ce1fc8f,writer
m_94a7fc8b,2,n_99a34d42,archive_sound
m_9ce1071d,5,n_52abea1b,actor
m_c3e962a4,2,n_11e8d0b1,actor
m_307e1c54,3,n_c0aae94a,actor
m_ff69bed6,1,n_100d24eb,actor
m_85a6791a,5,n_d62ab76a,producer
m_d2bad384,5,n_d4ce5141,actor
m_683ca120,7,n_3f7549d9,writer
m_cff01c1b,1,n_aa12a951,archive_footage
m_5bf721e3,5,n_8527e0b4,director
m_794b1b3c,2,n_de36abfb,self
m_3f1c63d9,5,n_b7857278,producer
m_99da7930,3,n_b96158cb,actor
m_043a77c2,3,n_dabe6cc1,actor
m_0f29eb4b,4,n_ef0550c3,director
m_dbf6ef63,9,n_86d086ea,composer
m_bfc1fa69,6,n_43a5a96e,editor
m_e027781c,5,n_de672479,director
m_58bd1c6a,6,n_afa510f4,writer
m_1c3b3384,2,n_eef6fe74,editor
m_dbbfc38f,5,n_9a6876c4,director
m_f2dfd521,10,n_353d9ca5,director
m_8b2564fa,10,n_ad0427f6,archive_footage
m_d2b6ee16,6,n_85194aed,cinematographer
m_b18579b4,9,n_2cec3dcf,producer
m_f4faf007,8,n_11027f90,producer
m_ee8833cb,7,n_2dc1c149,archive_footage
m_d5e45d93,6,n_2f468b0b,composer
m_4a69a19d,5,n_1c0e6e2c,director
m_5a833d72,3,n_c608baac,archive_footage
m_32b1b88c,2,n_6f19c65a,self
m_0695d6b6,10,n_be6f05de,cinematographer
m_e903fab1,1,n_ebd187b4,archive_sound
m_26ef4534,8,n_a82f4f61,producer
m_d81dea97,1,n_46f59bda,actress
m_1b4a087e,9,n_d29dc9ec,actor
m_3737b922,2,n_9ece7226,archive_footage
m_d9911cfb,3,n_cea64081,director
m_f885e164,8,n_ab7f00d2,cinematographer
m_3c5e8c82,8,n_16ce5e20,composer
m_eda9e722,1,n_c173c8e3,actor
m_9c802195,8,n_6d028a35,archive_footage
m_b62285a8,7,n_821e8f85,self
m_263ec833,7,n_afffeb45,producer
m_39ec33fd,2,n_0bcd6864,production_designer
m_ee1455a7,4,n_e81a5865,director
m_053a8af8,4,n_15f72a31,actor
m_cf347b49,3,n_fe3a1218,actress
m_c1cf2f92,1,n_11f6eace,actor
m_78abc312,2,n_56f1033b,director
m_cc0279f2,7,n_029068cc,self
m_d2284e99,1,n_c818cd76,actor
m_f5716c95,10,n_2ac564b4,archive_sound
m_04a73cc9,6,n_19d003e3,actor
m_8b741cbb,5,n_2ee70160,actor
m_919df28a,1,n_5fed1823,director
m_f816db31,3,n_9383d540,self
m_d864b41f,3,n_c6952811,actress
m_cb0344e2,9,n_5a8b83c3,cinematographer
m_cbe35ead,1,n_6ed3ee3c,production_designer
m_b92ed3de,4,n_6dfaa2cc,archive_footage
m_62a18eba,7,n_d59419c0,composer
m_506a295b,4,n_db626684,actress
m_24223a50,2,n_30bb2a72,cinematographer
m_cf347b49,1,n_c96ef020,actor
m_848da3b4,6,n_3adac63b,actor
m_17dcf4c6,4,n_62b4378b,actor
m_371906f9,8,n_b1c9287f,actor
m_ee7f404e,10,n_70126fe6,actor
m_b92ed3de,3,n_5794bb9d,actress
m_b230a2e9,5,n_cc6fc5b1,director
m_4cdf5bb1,2,n_2cc2645b,actress
m_203c7bab,1,n_c42b9db1,actress
m_d34da056,3,n_416d095a,production_designer
m_d5cae9f8,5,n_bae3a341,director
m_7f625eb4,4,n_e3dcd9e9,actress
m_ac6532ed,2,n_fd892183,production_designer
m_a53327a1,7,n_20d6a462,producer
m_93e8b61d,4,n_056c7049,actor
m_088ebc58,1,n_34ace13a,actor
m_4565ad42,2,n_0d48adec,cinematographer
m_b84d23ce,2,n_b3f5cd08,archive_footage
m_27e58ad4,1,n_ec9f91f4,director
m_3f1c63d9,10,n_c6a50375,actor
m_21c989ac,3,n_b88a35a3,actor
m_622c89b6,4,n_c2bb5d88,actor
m_6807dabe,1,n_e790fa5c,actor
m_8902917e,1,n_b38ebaa7,writer
m_80e46b0c,10,n_c9405b10,production_designer
m_9122fd8c,10,n_da4729be,actor
m_e5657dc9,8,n_14c568ac,actress
m_92012fd7,4,n_c01c375f,self
m_cc55aa51,10,n_338c5d46,director
m_f87be175,4,n_6e61a11b,actress
m_876b6b17,9,n_334f35e8,composer
m_17dcf4c6,6,n_24467bca,writer
m_a0c641fb,6,n_4df5b9e2,writer
m_cd31053e,8,n_cfc254f4,cinematographer
m_3f1a2687,7,n_cbf52de6,archive_sound
m_fb64e846,4,n_8869fd4c,actress
m_b5f096ff,4,n_9cb35c0b,director
m_af9ce448,5,n_f4bba90e,producer
m_493aa0d8,2,n_6066f951,self
m_24522068,3,n_1e4ab4ef,actor
m_3efd65f9,5,n_0a843800,cinematographer
m_a9c9e473,3,n_d5d16be7,actress
m_1bb10adc,5,n_a1e3172c,director
m_5d7df8ed,3,n_306e8e60,actor
m_043a77c2,4,n_77c57056,archive_sound
m_ed2cfa28,2,n_a6f28576,actress
m_60d001bd,5,n_08133905,writer
m_5861eb5a,8,n_caaacc76,writer
m_bfe0b38e,3,n_3678c78c,archive_footage
m_98340e96,2,n_a623a86f,cinematographer
m_9509c3a8,5,n_6666d23d,director
m_e5f998ad,3,n_657226bc,actor
m_1b314386,4,n_73932b3e,archive_sound
m_d85438fe,3,n_e1b76a81,writer
m_001af20a,10,n_f3b15c66,actress
m_52814a60,3,n_1341efdc,actor
m_6abfb12c,4,n_471533c5,actor
m_5acdcfa4,1,n_c96ef020,actor
m_95701af0,4,n_55dda48e,actor
m_a2e6d37c,8,n_1b7a05ea,composer
m_4b7e3381,4,n_dd942c8b,cinematographer
m_c1ace255,2,n_af491c4f,actor
m_3528db87,3,n_ba079932,archive_footage
m_d04bf825,4,n_38783a6c,archive_footage
m_983073aa,9,n_c453697c,composer
m_7241930e,5,n_331ea8d3,director
m_d81dea97,9,n_e725b3a9,editor
m_0f3471ca,5,n_1afeb778,director
m_3160168b,7,n_a378798a,archive_footage
m_436f1772,5,n_d1077e12,director
m_edab97cc,7,n_0c697264,director
m_53f7d8a5,6,n_f569f262,writer
m_795f7413,5,n_934a19af,director
m_215bffa0,1,n_3bfe7d40,self
m_4ed501ae,2,n_e5a38749,self
m_aebf9d31,3,n_9fd69c98,archive_footage
m_28ac4621,2,n_7af6384c,actor
m_0d2b3a60,3,n_3876801e,actor
m_25f4d2f2,9,n_4548f9d4,actor
m_ddde0f29,8,n_1876421b,editor
m_57db7f54,4,n_e498241e,actor
m_e590b809,3,n_04846c0b,actress
m_03f3f6bb,5,n_642ef615,actress
m_b46118d5,1,n_4b69e030,archive_sound
m_ee17ba70,1,n_2482b298,actor
m_8e457408,2,n_337ca1a4,actress
m_5c0e53a0,9,n_946dd221,archive_footage
m_4eefe6b0,6,n_e5cbcb4f,composer
m_7c50def1,1,n_428fb05f,self
m_6f7e551e,6,n_e91e62a5,composer
m_6767f3fb,3,n_58f63c32,editor
m_a9d8c175,3,n_2d77a59c,actor
m_3a89d1ee,2,n_9c24a7b0,actor
m_28b498a0,5,n_81a6a0ee,producer
m_87b3c8cf,5,n_ef0550c3,director
m_b60c3ad8,1,n_3849f597,writer
m_feffd751,10,n_d976093a,composer
m_08249b3b,7,n_48ca5fa6,archive_sound
m_17003d6a,1,n_97185ccd,actress
m_794b1b3c,7,n_2ca49bcf,archive_sound
m_3129b9b4,5,n_9c60524c,director
m_3154f663,5,n_16d0c6d5,director
m_9f51d2b1,8,n_be3a4a2d,actor
m_b276ad01,8,n_5cc3f5b2,editor
m_cd49ec76,1,n_0276e7d9,composer
m_db7fae9b,5,n_fb585918,writer
m_dc8b9efd,2,n_923bbe11,editor
m_df8097ef,5,n_943c1c55,director
m_7a7abbd2,5,n_e8cad0ee,production_designer
m_d328f5a0,2,n_1c6bcb02,archive_footage
m_b9c5499b,4,n_c4fe132b,cinematographer
m_bb98fe3f,4,n_7205641d,actress
m_ec4f16bc,1,n_aa4a52b3,actor
m_d5370c0a,3,n_d1077e12,director
m_188fa64b,6,n_016d9dd4,actress
m_f89160c0,8,n_cac97e70,cinematographer
m_d68d2c26,3,n_1d3c1407,editor
m_c3a579ce,1,n_59e94275,director
m_f0b7364e,8,n_5ef92592,self
m_f0513ede,9,n_1daba650,archive_sound
m_528d0ed6,6,n_8451da33,actor
m_435c5f8a,5,n_7c35e81c,director
m_22e05129,5,n_e93069dd,cinematographer
m_0e399430,5,n_2117a33e,director
m_55cef108,10,n_a14a241c,actress
m_18d356c5,5,n_10e50ba5,actress
m_6d4f7d15,1,n_be8b06b7,producer
m_7a4cf888,1,n_76a031f2,actor
m_5250ef70,6,n_d2b9903c,actor
m_64934cc7,4,n_5447eb99,editor
m_9985238b,5,n_ed81e84f,director
m_71f21f60,6,n_9fc39ff4,archive_footage
m_ccd1d758,8,n_27a5537f,director
m_a9dd46a3,1,n_7e829f58,actor
m_7cab1088,2,n_5253126f,actor
m_dd72e763,1,n_48c7b7db,cinematographer
m_0c69acf1,1,n_955f3916,actress
m_1449624b,3,n_ed8b6102,actor
m_3a71845a,5,n_75f2d257,archive_footage
m_705f4cce,1,n_1ada74ef,writer
m_feffd751,5,n_15d35f71,writer
m_89b958fd,10,n_36310cee,production_designer
m_f718632e,4,n_0a39e7c5,composer
m_d40e5b46,2,n_b0c71cdb,actor
m_3c576be8,10,n_b0842fc8,editor
m_594ec1c4,6,n_fda8c729,producer
m_5d76d4bf,5,n_57fd193c,director
m_fcb1f3f3,6,n_c89d0295,actress
m_027f3875,3,n_d938001e,cinematographer
m_7e786b16,2,n_0edf28ca,actress
m_7549d464,6,n_a13d27c8,writer
m_6938760a,7,n_cdcbf2f0,producer
m_6a976f28,2,n_277df7ae,actress
m_ec66fc70,1,n_d8136589,production_designer
m_024dcf05,6,n_0b5123a6,composer
m_00599319,2,n_7a8b232c,writer
m_f31d5dbc,8,n_40468231,cinematographer
m_ad62e301,1,n_02d39be6,actor
m_e276ba1c,5,n_593d0e31,self
m_1ea671a4,1,n_b8285564,actress
m_26b4059a,5,n_6e5342e4,composer
m_50a843fc,3,n_70bf3c5d,self
m_6201dd74,1,n_f59a5710,actor
m_48f7b4cd,4,n_c792c0f0,actor
m_b92ed3de,2,n_4d61aee7,editor
m_89351996,10,n_640162c0,editor
m_2e9670ad,2,n_3f1a6592,self
m_926df526,6,n_a1b0a6d3,editor
m_fd1aedbe,8,n_f93635ca,director
m_877bbcea,10,n_efd3e809,editor
m_935ea9ef,5,n_16e5c08d,director
m_94a97824,2,n_1a977028,self
m_46fef7af,4,n_7dffcfc2,archive_footage
m_2d081191,5,n_1b061711,self
m_6e0cd45c,5,n_72e93302,self
m_6372afb6,6,n_ba8679bc,producer
m_4f09677b,6,n_774ffe61,self
m_ffe2dd28,8,n_80a255db,actress
m_5134cab8,1,n_000d30dc,archive_footage
m_fc364276,9,n_75947d84,actor
m_8f2adfb5,1,n_2bf5abe1,production_designer
m_9fc80c9a,7,n_90549f21,editor
m_423f72ee,7,n_5789f3bf,producer
m_0a88f500,8,n_13abd77d,producer
m_e9a3c85e,1,n_31fed2c5,self
m_0e611364,6,n_d3329b77,writer
m_c6ff3277,8,n_982af3ca,archive_footage
m_0c69acf1,9,n_9dc89353,actor
m_5571d0f6,5,n_4224793d,director
m_a5071209,3,n_fe3a1218,actress
m_19cd6291,6,n_b1debad2,actor
m_28356d8b,7,n_6f4e847c,writer
m_389e9313,3,n_f2b924c0,actor
m_2684b588,7,n_2b9fa882,director
m_d6b33876,7,n_3b7495d2,actress
m_cee74d39,1,n_a0d75798,actress
m_f670ff45,1,n_0f4e2c07,editor
m_fbd1752e,3,n_b64f6d6e,archive_footage
m_f7de784e,10,n_abdd1a9e,composer
m_abd58f7b,4,n_d31c86cc,actor
m_1c825584,1,n_6949cd6e,editor
m_080fe2fb,1,n_1d831a77,cinematographer
m_4fe236f9,1,n_9c9d8f24,production_designer
m_55b6cf92,2,n_2fde4dd1,self
m_7a736086,3,n_05dad8f7,cinematographer
m_87b3c8cf,9,n_fcaca334,editor
m_df971e8e,10,n_f4bbf870,actress
m_8df8ec21,1,n_722718c9,archive_footage
m_14e3a9c2,10,n_a0f96a12,self
m_309d9ad5,1,n_97c34dcc,cinematographer
m_86adb0f9,7,n_d21734f0,cinematographer
m_05770b2b,10,n_136a6933,producer
m_21ce321d,8,n_740e6a16,producer
m_9140d05a,4,n_8952d74f,composer
m_3e438803,9,n_5be148ed,actress
m_621f8d52,8,n_7e4d4406,actor
m_67e8af73,3,n_23487205,actor
m_13de35b3,8,n_4a19f1e7,cinematographer
m_e7dab023,2,n_ee8b8f34,actor
m_0530d54b,2,n_99f62566,editor
m_3d83a083,6,n_03b5f191,composer
m_19a74f09,5,n_806a652b,director
m_2f9a1cfa,3,n_ee3be898,producer
m_15cb76bd,10,n_83c40bec,actress
m_9c3ac828,1,n_eeee679f,actress
m_b0b67e2f,1,n_37179bc6,self
m_93e8b61d,2,n_d1371ee7,actor
m_727d7c5b,7,n_101da3ab,writer
m_971e2c05,4,n_2d7c8214,composer
m_65b4d190,2,n_ef0779f6,actor
m_69abb106,4,n_153a381a,director
m_7c220507,4,n_a3b42fd7,actor
m_eb0c2ff6,9,n_a91b80ee,cinematographer
m_78ba0d3b,9,n_832ccf01,actor
m_9b881bf3,6,n_ded7d626,writer
m_ffc72ab7,8,n_94a78209,producer
m_0a0343a0,4,n_67ccac81,composer
m_f3640398,10,n_790ee143,editor
m_849aa3ac,3,n_d502253d,self
m_89bf27bc,7,n_53041000,producer
m_da4311e1,1,n_dab51b1e,self
m_642b612e,8,n_10007dc3,archive_footage
m_abdb3125,5,n_fa46b085,director
m_0d02f592,10,n_7275ed30,writer
m_62a18eba,1,n_0bcc355f,archive_footage
m_c0b5e61f,4,n_12c54b64,producer
m_b5bf80f0,4,n_8250ef74,actress
m_e20db791,1,n_a82053f0,production_designer
m_ff3c27c8,1,n_8dbcc0f0,actor
m_94912273,1,n_a050e89c,archive_sound
m_06c02ffe,1,n_7e322493,actress
m_92012ce4,9,n_08133905,composer
m_eb201b3c,2,n_ac8afe99,actor
m_719b0d70,4,n_60845b1b,composer
m_0c49b2cf,7,n_5127eed9,producer
m_840dd4dc,9,n_07d03e0e,cinematographer
m_a5b5c7c2,9,n_1d089556,editor
m_6f7e551e,9,n_46eb7921,composer
m_af7eee1a,1,n_a22ea762,producer
m_43c86cd4,1,n_39f098b5,self
m_983073aa,8,n_2dc64e53,producer
m_f0c3fa7b,1,n_d6737234,archive_footage
m_aa0d84c3,8,n_de5962e1,archive_sound
m_ef53c2d7,1,n_fa76cc27,archive_footage
m_94e5badd,1,n_1b46ae5f,actress
m_053a8af8,6,n_8e7cd4cd,writer
m_4aa55ae0,8,n_f9765272,editor
m_0100058d,1,n_f2a1c98e,actor
m_28ffdeeb,6,n_12dcca5d,writer
m_a40c4989,3,n_6b259c7c,self
m_e451aca9,7,n_eac17822,writer
m_07fd665e,6,n_30937936,cinematographer
m_7895c7ed,6,n_a7b9af99,director
m_28422f7e,5,n_e1e6b3ee,producer
m_2953b980,8,n_6924ed07,production_designer
m_1812fb8f,10,n_c4568be9,actor
m_5571d0f6,7,n_9df30315,self
m_f82d81be,10,n_730fd4c4,writer
m_4e30f9da,6,n_29839717,writer
m_3337fb77,4,n_f5ae93d2,actor
m_d3a69c56,1,n_7b69aa14,actor
m_b3782cb5,5,n_d5813668,editor
m_c272530f,3,n_0381e6e9,editor
m_5b4bf616,3,n_1f9d676b,producer
m_4d862476,8,n_dd42de26,cinematographer
m_003a2cdb,6,n_94f74f5a,actress
m_b6115fec,1,n_cece1811,actor
m_37db7197,4,n_071b3e33,actress
m_a99ad1c5,4,n_25ae3a34,actress
m_1ea671a4,8,n_a6c7e815,actress
m_9a9e67e8,3,n_4a786003,actress
m_77d6648c,7,n_e9ba6414,archive_sound
m_608ff0a7,3,n_85e4f18e,writer
m_83a1eb37,10,n_6f9d5db5,editor
m_307d7226,6,n_64a2eb2d,production_designer
m_dc1df16e,4,n_ce152e7a,cinematographer
m_ffe04f33,5,n_6ad9c5b9,director
m_db2e3704,4,n_817d20f7,archive_footage
m_9509c3a8,9,n_d373a901,cinematographer
m_c9ff037c,9,n_326a6bb1,producer
m_1024b251,6,n_677e745e,producer
m_52c09c0b,10,n_550a7d4e,producer
m_70060d02,9,n_e39890e3,cinematographer
m_31a8bc05,2,n_3d3acb37,producer
m_7b9ab452,9,n_ebc6dd3c,editor
m_4ce869fa,3,n_513deca6,self
m_b1ce370b,3,n_85e4f18e,writer
m_9052db60,7,n_65b89188,self
m_710b752e,6,n_69780114,actor
m_04a73cc9,7,n_31a2ee14,actor
m_9152d534,4,n_590b3d97,archive_footage
m_9291a526,5,n_51b53234,self
m_660eadd3,7,n_35de9891,editor
m_7c50def1,5,n_efc10f8f,director
m_43a8a305,3,n_f92484eb,archive_footage
m_94912273,1,n_100d24eb,actor
m_dbbfc38f,1,n_ee6f3e4b,actor
m_7462a343,4,n_02c65c08,writer
m_e276ba1c,5,n_9cbd734a,self
m_7163cb38,5,n_31a46242,producer
m_314f1c50,5,n_0e165052,actor
m_c3ed08a2,5,n_ce650343,self
m_1d5e0d96,7,n_d0ef83cc,actress
m_f0513ede,2,n_961f0185,archive_sound
m_a7981ef3,3,n_70a7987f,actress
m_ae92134a,2,n_60e67ecd,composer
m_176b08ae,1,n_d2a30e61,actress
m_25809dbe,9,n_a8943813,production_designer
m_be5a62bb,8,n_4efd7304,writer
m_bfbb4a1c,8,n_fae486b6,composer
m_3a0c5884,5,n_0ef39e60,self
m_2a99f98a,3,n_e4312bd7,archive_footage
m_40bf18fc,3,n_07810d94,self
m_2f0e956a,1,n_d62f5f8c,actor
m_7e3b8fd7,5,n_89f4c411,actress
m_4522d51d,8,n_baaed034,actress
m_bf2d949d,7,n_6a437546,composer
m_0c6b6b2e,9,n_a6d9bb13,producer
m_638a8be4,4,n_25ae3a34,actress
m_34155423,5,n_d2932576,director
m_582014cf,4,n_e7973b07,cinematographer
m_92c79046,9,n_c18e82a7,cinematographer
m_49425636,5,n_bd4a2b94,composer
m_64979ff1,8,n_457ea1a0,editor
m_2ab4ba4e,3,n_b156663f,actor
m_0a20104c,7,n_d6251c81,director
m_548b6b36,4,n_384be3da,actress
m_3b016875,8,n_d8a27932,composer
m_2b260257,2,n_dd2c375c,composer
m_6d4982fd,5,n_9fb055c3,director
m_4f1cc9d4,4,n_e618fa3d,production_designer
m_3a89d1ee,3,n_969aaf3d,actor
m_4227abb8,8,n_27abc186,actress
m_113febce,6,n_02fe37f3,actor
m_873c94f0,1,n_6560ac0f,archive_sound
m_27e58ad4,4,n_6be9f1df,production_designer
m_93b32121,5,n_b3f449ea,writer
m_28ac4621,8,n_72600212,composer
m_506a295b,5,n_e492601d,cinematographer
m_32ec3a4d,6,n_c03b8660,writer
m_d96e9ce7,9,n_c4a43ab8,cinematographer
m_e911940e,10,n_a6ea9379,producer
m_6957d8f6,6,n_93b35804,writer
m_203c7bab,4,n_b88a35a3,cinematographer
m_c8a5438d,10,n_8d563ece,composer
m_914f2d39,1,n_88e58c1c,editor
m_9509c3a8,8,n_dd427c5f,composer
m_afed091a,4,n_6d750e65,actress
m_6372afb6,7,n_2734325b,cinematographer
m_599b93f7,1,n_a8c1faa9,self
m_fafa467a,3,n_a534c19f,cinematographer
m_9fd9dc5a,1,n_124135c5,actor
m_27cdc384,5,n_5f39d06c,archive_footage
m_aaf7d04f,4,n_b5c94937,actor
m_ad1c6db5,3,n_31878544,actor
m_39b84cc8,1,n_2da739f8,self
m_038ff8cf,6,n_b55dac71,archive_footage
m_04cf0d8b,8,n_3171ac62,archive_sound
m_d5022723,6,n_a739f392,self
m_ea96fa75,5,n_b9a2b7da,actor
m_1ff59483,1,n_85f3df06,archive_footage
m_bf8529cd,4,n_791915bb,production_designer
m_6e320180,4,n_8132b73e,archive_footage
m_21ce321d,9,n_ba6fea41,composer
m_d6aedbce,3,n_2729db04,actress
m_524b010d,5,n_7b02f010,actress
m_15cb76bd,4,n_c444b954,actress
m_a58e670a,10,n_eee04534,actor
m_2d7ebe28,9,n_5fbec794,composer
m_8a216d8a,9,n_35068efb,editor
m_bb0112f0,2,n_0ea9e762,archive_sound
m_36d334b2,4,n_8c2c16af,actor
m_c199b024,1,n_cb29ea5e,actor
m_1d5e0d96,9,n_0656077d,actress
m_ef9da003,4,n_fdf7d327,director
m_ee5fb609,9,n_1cfef616,editor
m_d73710cc,4,n_006b43b9,actress
m_69503107,6,n_3b74acd1,actress
m_1e5e0600,4,n_31399cec,cinematographer
m_b5078341,5,n_26899a9f,self
m_2d87b30c,5,n_02e195e2,composer
m_391ff340,8,n_3f9b7015,producer
m_462d3cf6,9,n_0f96a77a,cinematographer
m_2d081191,8,n_4cf0174d,producer
m_157c638b,1,n_3ec841e8,archive_footage
m_4109636b,4,n_4bc44a37,actor
m_ac5e3a2b,10,n_edbfaad8,editor
m_e911940e,9,n_d4fa83e9,producer
m_d2db498b,1,n_6716002e,writer
m_c16ce80f,5,n_fc6e3260,director
m_52034794,1,n_e92bab05,production_designer
m_2bd9ca82,9,n_6ae9aa93,producer
m_599b93f7,5,n_4a2a7b6e,composer
m_f1e2c766,1,n_2cf96afd,writer
m_0b3823f7,9,n_379c1907,writer
m_2a760152,3,n_2694a548,director
m_7581cd6c,1,n_4a060b4d,composer
m_f8ace812,4,n_9c325ad5,actress
m_009718a7,3,n_51e15c6a,self
m_7d8faff7,7,n_f38e44c4,writer
m_f7017abf,3,n_ac531b7a,actress
m_8bee4ece,4,n_77c03d3a,actor
m_47d7612b,7,n_ecbb3559,actress
m_704775b0,5,n_4fea2694,director
m_c739cd84,7,n_162ca480,cinematographer
m_bf95d50d,7,n_a707a124,editor
m_6074dca1,4,n_34bd4096,archive_sound
m_c42efd91,6,n_45fd61c3,writer
m_08de8f3f,7,n_05a2f83b,writer
m_527a1b28,4,n_f6c03a74,cinematographer
m_dee53e71,3,n_20b93696,actor
m_9cfe861c,4,n_7e0050e5,producer
m_74faf167,5,n_90ee79b1,archive_footage
m_754a55b4,2,n_77bd09cd,actress
m_dbbfc38f,7,n_df471414,producer
m_730fd233,2,n_400ad9e1,self
m_fc364276,3,n_e80a5de4,actress
m_4acf940c,3,n_79278762,actor
m_dae7a067,3,n_d52a0ea8,editor
m_6be73f95,4,n_f6bddd1c,archive_footage
m_17003d6a,4,n_f596da58,writer
m_73f3b108,3,n_307f8635,cinematographer
m_3c814b9d,4,n_70532f88,self
m_0f668757,3,n_9ca87e2d,director
m_7c4d1253,4,n_7fdb8fef,actress
m_9ff11ec9,5,n_d1affcfb,actor
m_98340e96,5,n_242f091c,self
m_ec794406,9,n_3a1c1fa0,archive_footage
m_877a8f9a,4,n_76fce900,production_designer
m_d34da056,5,n_71620c86,cinematographer
m_0a20104c,3,n_ba8679bc,cinematographer
m_971bc219,1,n_9d391b52,producer
m_7f58cab8,8,n_7104cd07,composer
m_17003d6a,9,n_373a47fd,producer
m_efee1f0e,5,n_63b6fbaf,archive_footage
m_33023d9a,5,n_a7dfeabf,composer
m_e6de900f,1,n_82e35b4f,actor
m_2afa27ca,4,n_9c325ad5,actress
m_9913f613,3,n_c314ccec,actress
m_61c0e8b5,7,n_8e889bdb,composer
m_5f654a7d,3,n_22f57b51,actor
m_eb201b3c,6,n_875497fc,writer
m_1a0c5b73,3,n_67ccac81,actor
m_f3640398,8,n_6c1ddf31,archive_footage
m_be840c9d,2,n_c905432e,actor
m_0a88f500,10,n_8912e2a5,cinematographer
m_e444b793,9,n_eeb5c516,cinematographer
m_6a976f28,5,n_c71471c5,director
m_f2550e9a,5,n_f6b22612,director
m_be840c9d,9,n_07ae640c,cinematographer
m_afb42a51,1,n_769458c4,production_designer
m_ad463408,5,n_4b126109,production_designer
m_038cea08,4,n_10b0fefa,actress
m_6d5cc054,10,n_d8b2dfd1,producer
m_07fd665e,5,n_c650cecf,producer
m_3129b9b4,9,n_4ca75c54,composer
m_e743038b,5,n_f79ac527,actress
m_9b45a806,7,n_a9d376f3,composer
m_9927404c,7,n_cba1effe,cinematographer
m_7475eed2,8,n_d3b02733,producer
m_3402ae7c,7,n_f6274c3e,writer
m_f0513ede,3,n_7ad7914c,writer
m_4bc4e95f,9,n_f77e804b,actor
m_70622591,3,n_cc6fc5b1,actor
m_dd19f560,5,n_d7468148,actress
m_b8a54057,2,n_3579e2f5,editor
m_8ca85843,9,n_db638cc5,production_designer
m_18af64d9,3,n_9383d540,self
m_d051b2a0,4,n_04f2e4c0,actor
m_ce73c7f0,8,n_62bfc011,composer
m_d051b2a0,8,n_ea47c92b,production_designer
m_490f655b,1,n_7e322493,actress
m_5ac472df,10,n_49d91470,actress
m_8e7efa36,5,n_b8355002,archive_sound
m_b5799a21,10,n_9b4ce3f4,producer
m_654f8914,7,n_ab9ced41,composer
m_cbe35ead,2,n_758aeee9,production_designer
m_ee1c5f5a,1,n_9c0f1a41,cinematographer
m_610031a7,10,n_5b0ad1f3,producer
m_ec690b5e,10,n_6a596f2f,actress
m_a3942f15,1,n_ab190e23,actor
m_36d334b2,10,n_00ffb0fd,composer
m_2d2438a0,4,n_007b3bcb,archive_sound
m_44b22f05,5,n_39536486,archive_sound
m_ffe2dd28,10,n_dce49c40,producer
m_0b550676,6,n_0bbff414,archive_sound
m_3e7a6480,4,n_9840a29d,director
m_c638057a,8,n_fd5c7e70,production_designer
m_17eb75c8,8,n_bde41695,writer
m_58e984f7,9,n_14dcf192,actress
m_ded501c9,9,n_742e2806,actress
m_ddde0f29,6,n_fabeef53,editor
m_8ea9915e,1,n_eeee679f,actress
m_05922ef4,4,n_4055afb6,actress
m_5bb241ee,5,n_5eec8fb1,director
m_87b3c8cf,8,n_ad120f26,cinematographer
m_cc986de3,6,n_7121c704,actress
m_77d6648c,9,n_783ec408,director
m_ec4549c5,1,n_0d234122,director
m_25f4d2f2,1,n_03fc0d53,self
m_f0b7364e,10,n_0f71697b,archive_footage
m_cc81903d,1,n_8fe562e3,director
m_957d3bbf,6,n_6bd60d90,composer
m_f34ce7a8,8,n_5701059f,archive_footage
m_2d081191,1,n_192ae752,actor
m_cb8781fb,3,n_f6ebed47,actor
m_38568850,1,n_8d0c0b9a,actor
m_38b833a8,5,n_8c550f5d,cinematographer
m_21c989ac,2,n_03f0c538,actress
m_2c7af67d,1,n_39ad89fc,actress
m_cc2229ba,4,n_0a0813e7,writer
m_d3b4275a,2,n_43f90353,writer
m_761f7239,4,n_96dc0959,cinematographer
m_d84cfd7d,5,n_18ae61e6,director
m_fee4ecbd,2,n_25d7d106,actor
m_0da2ae53,10,n_9c5cfed6,self
m_b5078341,1,n_b4eaf66b,producer
m_ec794406,10,n_574de784,editor
m_cf485275,4,n_4fcdba80,archive_footage
m_3719a0ba,5,n_4612151c,self
m_d51e2146,2,n_2c3d05b7,actor
m_156686d4,8,n_1cf0606c,actress
m_feff7a1b,9,n_1ba64ad5,editor
m_464d10d7,4,n_4b8529d7,archive_footage
m_5f37f21b,8,n_5b5dc919,cinematographer
m_0edb31f5,7,n_5916d002,actor
m_574cd8bc,5,n_3ecb0eb9,composer
m_d72f3a2d,4,n_70e211cc,director
m_e90f9031,5,n_6b85716b,actress
m_bd97781b,8,n_cb462c29,actor
m_70923b18,4,n_ae9ad5ac,editor
m_7a25eef3,10,n_c6a50375,actor
m_6b3bd14a,8,n_b485319c,cinematographer
m_f6627db0,2,n_a37a3fea,actress
m_f6f14a0c,1,n_fd9b0575,actress
m_cc2229ba,3,n_6789a7d6,editor
m_dd19f560,3,n_a74d2d3f,actress
m_a4fe5840,1,n_cfa21557,director
m_84a603ae,5,n_26a8c41f,archive_sound
m_f34b9f09,10,n_0c54d603,producer
m_cb4277f9,4,n_3ff7553a,actor
m_13accc26,1,n_f4114dd5,archive_sound
m_4ce869fa,5,n_dbae0df1,composer
m_730fd233,8,n_60543f5d,producer
m_438abaef,9,n_7d080445,producer
m_690d5def,4,n_56dbc8ed,actor
m_b1b450cb,3,n_4f2ebf4e,self
m_c3842f4f,6,n_a7dfeabf,composer
m_b9c5499b,9,n_5ba0ac14,cinematographer
m_6218f609,6,n_7c05318b,composer
m_6449d0c7,3,n_3ab04303,producer
m_917a4931,5,n_6230638b,composer
m_8664c608,6,n_8510dadb,writer
m_a48afcd1,10,n_357bde2c,cinematographer
m_85bee81f,10,n_7f7ade77,editor
m_78a21d4d,1,n_4570dc24,archive_sound
m_cf0032d4,6,n_3120a126,cinematographer
m_7163cb38,2,n_e6748c36,cinematographer
m_2ee9f23b,3,n_c79c9bc4,actress
m_0f520331,9,n_4435abbd,actor
m_0ec60fcc,5,n_a3915616,actor
m_8576d248,4,n_6eb162f8,actress
m_51706af9,3,n_603dceba,actress
m_8f25b75b,8,n_9a3d50ee,writer
m_c8e7b089,3,n_48a2916b,actress
m_d5a02b88,2,n_37e63d28,producer
m_c0519bf8,4,n_afd39efe,director
m_46f52aa4,2,n_cc684160,archive_sound
m_db6edc0c,8,n_2dc64e53,producer
m_be86ab8f,4,n_fa4b99fe,production_designer
m_eb201b3c,5,n_17ce607c,director
m_cf675706,10,n_80eaf41c,cinematographer
m_f2550e9a,4,n_e73f761d,actress
m_0cc8f58f,10,n_f7c0ea66,production_designer
m_75d52159,1,n_f615b1f5,self
m_351d18c9,4,n_894dbf60,actor
m_bdab1cc7,3,n_171f85f3,self
m_f907c11e,5,n_84953120,director
m_da53ae20,7,n_29493759,director
m_9f39cd48,2,n_277df7ae,editor
m_f34ce7a8,10,n_3461ad0d,actor
m_f2550e9a,9,n_48bbe949,writer
m_8e5098c1,6,n_00ee74a1,archive_footage
m_441a6c2f,4,n_3373bff0,composer
m_19e9d7d1,10,n_e66553cb,editor
m_4eed825c,1,n_bf217c09,actress
m_7396cd28,9,n_1ccaf705,cinematographer
m_ee3ad0cb,4,n_db80d2f6,composer
m_3528db87,4,n_7f837b9e,composer
m_5bb241ee,2,n_644d8277,writer
m_17837335,1,n_32d1cfbf,actress
m_10683422,3,n_d2cd3835,director
m_4db33c5a,1,n_5324486f,actor
m_1be9e67e,4,n_2469a5ad,actor
m_e9b6381a,2,n_cc080535,writer
m_956ced3e,4,n_0f4e2c07,actor
m_ed90db57,3,n_5e2cd160,archive_sound
m_d96e9ce7,8,n_917ec6cb,composer
m_532a3ef8,9,n_6bf89e50,cinematographer
m_c38afcf9,1,n_f07eae99,actor
m_52814a60,1,n_363c67d9,actor
m_ceaf61fa,1,n_84c6317c,actor
m_ab6e7521,3,n_b4615c71,cinematographer
m_0ba89a7c,6,n_3dd0e6b1,producer
m_cb8781fb,2,n_a27495d3,actor
m_fbb26493,8,n_3e318a87,producer
m_16c4c9ca,4,n_53277d48,composer
m_bffa0f82,3,n_c990582a,self
m_f2dfd521,9,n_326a6bb1,producer
m_1ec3c91d,7,n_e45bac94,actor
m_df8097ef,1,n_fb620d78,actress
m_b5f096ff,6,n_dc064be2,cinematographer
m_4d9b5019,3,n_7a7cb597,archive_footage
m_6e4b88ac,3,n_5cb0359d,writer
m_f9b9e03c,2,n_7412e365,cinematographer
m_445ee971,7,n_71d4400f,actress
m_16cf7f7d,1,n_4be26fbd,editor
m_5c32a8a7,6,n_ca5ca88e,actor
m_e46d5503,3,n_46836089,editor
m_d5e45d93,7,n_071b08c8,cinematographer
m_be604f1a,9,n_e7011809,writer
m_876b6b17,7,n_3a91b28e,writer
m_88ed40a6,1,n_e3d3e493,actor
m_1fcb2993,5,n_5fbe5283,archive_footage
m_a4e4a034,7,n_1bfd73e6,composer
m_6b3bd14a,4,n_f67b5f18,actor
m_91832d2b,10,n_efb90749,cinematographer
m_80049f6d,4,n_fb366c04,actress
m_39a798fd,6,n_50da3e2b,actress
m_ec3611ba,3,n_abee4909,director
m_64979ff1,7,n_d14c3f56,writer
m_24a8608d,5,n_31d292d5,producer
m_cc986de3,10,n_4d85bf17,self
m_d2284e99,3,n_d148775d,actor
m_17eb75c8,1,n_d148f90d,archive_sound
m_5928800b,7,n_c7ed1894,producer
m_914f2d39,1,n_0f4ea807,actor
m_e15de473,4,n_a2f005e1,archive_footage
m_be61cf90,4,n_f9f9cb41,actor
m_01d93be6,1,n_d0834df9,actor
m_e80ac8a1,3,n_42700cc2,producer
m_9ac5c677,7,n_6dfaa2cc,writer
m_57db7f54,9,n_ba6fea41,composer
m_be30e7e5,9,n_3dfc66b1,actor
m_f32dcfba,3,n_e2c64d01,director
m_fe70bed7,4,n_78962351,writer
m_cf675706,1,n_286b9295,editor
m_840dd4dc,4,n_b940f2ec,actress
m_39c0474c,6,n_83687f0d,producer
m_9ff11ec9,1,n_8a525c80,actor
m_d9ac1284,1,n_559b64bb,production_designer
m_bc174c3a,4,n_1a648d16,cinematographer
m_137106f1,1,n_534ce113,actor
m_0b3823f7,7,n_3f7549d9,writer
m_becfa39b,5,n_07c68990,production_designer
m_e4e0157d,8,n_e202d456,archive_footage
m_08eee6ea,2,n_35c80ca9,director
m_d4e54396,2,n_f9d19a88,self
m_f6a145ad,10,n_c57dc450,composer
m_c4487bf9,6,n_b77d694f,editor
m_c7d08d1d,2,n_27a1b431,actress
m_51690cc7,2,n_682da74e,actor
m_2784f79f,2,n_53ccb4aa,self
m_a663f38f,4,n_f77de0e1,actress
m_6fd65f02,6,n_9f4c0d3e,archive_sound
m_becfa39b,4,n_33e3ca8e,composer
m_71f21f60,2,n_b5419fd0,self
m_fd938cfb,7,n_784b997f,actress
m_7e5a881c,7,n_6f4e847c,writer
m_9fc80c9a,8,n_55f67afb,actor
m_18ee8171,6,n_d5765846,self
m_e909144c,4,n_e9618623,director
m_6b67faab,9,n_b7d3df4a,producer
m_b41361eb,2,n_dea9ceb2,producer
m_9ba89c1a,5,n_75dd9000,actress
m_2050a49a,4,n_731d2f4d,composer
m_e6ce1136,2,n_995b812d,actor
m_98340e96,1,n_6257ceed,actor
m_06d87788,9,n_efed7983,producer
m_f1d74e6d,3,n_a050e89c,actor
m_f7b3bdec,5,n_57cb020e,composer
m_404fe876,9,n_83910f51,editor
m_5d7df8ed,10,n_6904268e,producer
m_585af7f8,4,n_5c3add16,editor
m_94a3a3bd,6,n_1be6e36f,writer
m_a81d53d5,10,n_bbafa7ec,composer
m_41291fe0,2,n_5f25f5d7,actress
m_0c5cede7,3,n_c2487b87,director
m_bca5a783,5,n_578819e1,archive_sound
m_371b7594,5,n_2c96143e,actor
m_f8a9d7ee,1,n_47271130,composer
m_a8ea1d97,5,n_cb6735b3,actor
m_fafa467a,5,n_d0cc6ade,archive_sound
m_bf1bd3d5,1,n_334433ec,actor
m_4227abb8,7,n_b8e89efe,actor
m_e9922e2e,2,n_c73092b1,actress
m_63b3ec85,7,n_679c558b,actress
m_98340e96,3,n_35068efb,director
m_f5e94848,8,n_1db53d52,director
m_47d8d73b,5,n_33e3ca8e,cinematographer
m_b8e00a74,4,n_5491192b,director
m_33118e54,5,n_31316df9,director
m_733ebe08,8,n_9b54c0ca,self
m_18d356c5,7,n_7312b86d,actress
m_61c0e8b5,9,n_891fc67c,production_designer
m_8b2564fa,2,n_a5d02495,self
m_5fb26f54,2,n_7bb89d92,actor
m_7d8d5b2f,8,n_80a255db,actress
m_e2133897,7,n_6db866a9,composer
m_2d27a0c0,8,n_bfe05513,producer
m_0d138010,1,n_e8baa7f9,self
m_917a4931,5,n_f3ecad44,self
m_91625b8e,9,n_fde009b6,producer
m_7b26ebc2,1,n_60ca3807,editor
m_bcc732c1,7,n_9c758c1d,producer
m_67aa5d5d,1,n_35bc156e,production_designer
m_5bad0b9e,4,n_05e3077b,composer
m_89e4a021,3,n_40888ec5,cinematographer
m_e767c43b,5,n_d48e4ba7,archive_sound
m_daa24ff2,5,n_331ea8d3,director
m_7692935c,1,n_e24cea7d,director
m_4743ba88,7,n_09113f17,self
m_3771c20c,4,n_59140118,director
m_6907e928,7,n_7312b86d,actress
m_1ecba8a7,2,n_a5354824,self
m_8d664df5,9,n_cb3dff59,self
m_7e786b16,8,n_83d5301c,actor
m_0dc152ad,7,n_30712d22,writer
m_524b010d,6,n_30937936,cinematographer
m_c80f1fdb,7,n_7a661d1c,producer
m_c9c20d8d,8,n_f2f6f4e3,producer
m_3a2ef9ff,3,n_dae0c280,actress
m_0b594820,6,n_db7a77aa,actor
m_d90a65b9,1,n_02111873,actor
m_e5e8891b,7,n_9ecf4288,self
m_ff05b1d4,1,n_4151f987,producer
m_8439c2d6,8,n_19414fa8,production_designer
m_ebb966bc,3,n_ef19ef36,actress
m_bd97781b,2,n_778778e2,actor
m_a3813897,9,n_ffa5fc45,cinematographer
m_be5a62bb,4,n_ff3bf584,composer
m_7cbbbf51,6,n_69a87bab,writer
m_4ef25119,3,n_cd330811,self
m_f5e94848,3,n_26899a9f,actor
m_7469d014,5,n_b46b1f27,actress
m_cd656abe,5,n_76dabd3a,director
m_703af0db,2,n_5916d002,writer
m_37081b49,2,n_6216ade4,cinematographer
m_2b0d26ff,4,n_e651eb43,actress
m_9808308c,4,n_d7ccf910,director
m_a9c9e473,10,n_600df5c9,producer
m_9992aee4,3,n_9023253c,archive_footage
m_0a0d01f3,7,n_6f04f8fd,actor
m_ec4f16bc,10,n_28472548,producer
m_a7981ef3,4,n_a605343f,actress
m_aea3e9e5,7,n_f0dcca08,self
m_1c0dfef4,7,n_3fc3dc0a,writer
m_41cd6d98,1,n_9f836a76,actress
m_4db91021,9,n_b2b05b84,producer
m_b4f1a9d1,4,n_fcaca334,composer
m_01eac02e,2,n_0cc77cb3,editor
m_18ee8171,3,n_7b887cf7,actor
m_a82bdfe4,1,n_20cd0e1a,editor
m_48d7054d,9,n_7cb9dc32,self
m_31596762,5,n_4b243c9d,director
m_223da59d,4,n_0a57d285,archive_footage
m_622c89b6,2,n_d2fc9e08,actor
m_a2dacc3f,1,n_f4a9d078,archive_footage
m_55e82610,6,n_25442432,writer
m_9e54498b,3,n_95395c83,writer
m_873c94f0,3,n_fb08e9b6,composer
m_2bd9ca82,6,n_107b20e8,writer
m_aee832d2,6,n_fa494d99,producer
m_a39d33aa,2,n_abb4cfcc,actor
m_9ad87c67,5,n_ed9a37a9,self
m_aea3e9e5,1,n_e97df1cb,director
m_efee1f0e,4,n_8e02b2b5,actress
m_367704a7,8,n_64948be5,cinematographer
m_057296d1,2,n_9acd58c5,actor
m_b1b450cb,6,n_d210c369,composer
m_1318126f,2,n_d4573b04,actor
m_ca533d5f,7,n_7c3d14ff,producer
m_cc986de3,9,n_e89fc81b,actress
m_d84cda5e,1,n_daa8c4cd,actor
m_fc930048,4,n_769591ac,actress
m_f6627db0,1,n_ee7dad44,actor
m_e967d58b,3,n_192ed77a,actor
m_a41af4c2,4,n_f3cca86a,archive_footage
m_840dd4dc,1,n_672fb17b,actress
m_e5612b02,6,n_1c99a83d,writer
m_090c02d4,8,n_53320cd2,self
m_4eefe6b0,9,n_ec818b41,composer
m_5432ce46,5,n_2c1efe69,director
m_38d2b0e7,7,n_77bff987,composer
m_03d62196,3,n_955f3916,production_designer
m_e54770b6,3,n_56a9d51a,actor
m_31c51242,1,n_46fab65f,actor
m_1bf2ad81,8,n_e2bf0e24,editor
m_05770b2b,6,n_3461ad0d,actor
m_b0a74dde,6,n_68c2ef38,actor
m_ee069a39,2,n_0937149d,actor
m_b3f35e25,7,n_07415a1a,producer
m_25e05a84,7,n_a9d376f3,composer
m_743ef00e,8,n_61223e4e,self
m_c3842f4f,5,n_5bf8f2ba,producer
m_8711cadd,1,n_44421961,producer
m_5411fdd4,6,n_6b2372b5,composer
m_bc174c3a,7,n_db153946,producer
m_cb0344e2,5,n_2bb02964,archive_sound
m_17eb75c8,4,n_ed9bfe1f,actress
m_cbb36b02,5,n_937da759,actress
m_d3f5c9b2,4,n_79012fdc,composer
m_136f8057,4,n_ff530dd8,actor
m_fe70bed7,1,n_e65bc276,archive_footage
m_c7372876,10,n_a8c5f0f5,self
m_2ab4ba4e,2,n_89ed87ef,actor
m_3737b922,6,n_da2789ba,writer
m_9cfe861c,1,n_02d39be6,actor
m_6e1de71a,3,n_0b490547,actor
m_d2b6ee16,9,n_c814b075,actor
m_ddde0f29,3,n_5c7ff81b,actress
m_5622aa43,2,n_9e76c786,actress
m_cf17ac8e,3,n_c1c154f8,director
m_51690cc7,1,n_e53e19d4,actress
m_055252ce,1,n_a5f147b5,director
m_50f235ab,1,n_e3b4eae0,director
m_08368a02,8,n_f8a88b5e,self
m_fe948126,9,n_c55f2aff,actor
m_e2e60887,3,n_d5b0825b,producer
m_89351996,9,n_415e230f,actress
m_adffa45c,8,n_bafda6e6,actress
m_845aeb85,10,n_833a84c6,actor
m_4872172d,9,n_dff8d7ef,self
m_3160168b,4,n_ccc28dbf,editor
m_6449d0c7,5,n_501289ee,director
m_dba6930c,5,n_3580dfe8,director
m_63b3ec85,1,n_c8dd82fe,actress
m_cb733c14,8,n_0cd85cb6,cinematographer
m_e0684123,2,n_0ba12cd3,actress
m_a882c45c,6,n_b947130a,actress
m_e3298586,7,n_b9ce9945,composer
m_801b4848,1,n_a01b464c,cinematographer
m_5d9cc02c,5,n_6e894698,director
m_060f8f40,5,n_bfe05513,archive_sound
m_ebe06f6b,4,n_e6fe1b35,composer
m_b8db1697,1,n_a5584d28,actor
m_d2e11aa4,10,n_001a4d75,actress
m_2bbd3361,7,n_7513abc4,self
m_50f235ab,3,n_906b79e9,self
m_e6de900f,7,n_a5f61700,composer
m_e276ba1c,6,n_dd66cb3f,archive_footage
m_e39de420,2,n_753ec08e,self
m_dd3167bd,1,n_334433ec,actor
m_d4e06e68,5,n_0a0347ad,director
m_1a7a89cd,4,n_d0e2a406,actor
m_89f04c78,5,n_bbae7490,producer
m_2ae29dc8,1,n_a9d9cec6,writer
m_541da5ad,2,n_e7408c4d,actor
m_1024b251,3,n_ee500460,production_designer
m_b5197fea,2,n_fb1fcfb6,actor
m_caf09d74,1,n_bc57859a,producer
m_4e30f9da,7,n_dacd6f8a,writer
m_3c33a926,3,n_d638c063,self
m_594ec1c4,1,n_7390b746,actor
m_75a29bbd,4,n_56ea4b80,self
m_b6d35939,10,n_8d563ece,composer
m_df971e8e,3,n_44d50baa,producer
m_15842437,9,n_d942abb2,composer
m_ffc910c9,10,n_3461ad0d,actor
m_dae55a44,8,n_142c808c,writer
m_cc335ac9,5,n_ee99a667,director
m_e3b71ff2,3,n_37e8a91f,actor
m_68186e09,3,n_348f7489,actress
m_25fc5813,1,n_c5e838e6,director
m_b5aa054f,7,n_33f1edf6,cinematographer
m_9c58893e,3,n_185fcce6,actor
m_49c01781,3,n_a798c3c6,actress
m_c3e77f02,5,n_0ee2d099,archive_footage
m_f4784350,4,n_12b04e29,self
m_dae55a44,4,n_155a2e09,editor
m_89b41e82,9,n_51103d1c,composer
m_6c32e6ec,5,n_21563769,composer
m_0ec60fcc,10,n_66ffa8c2,actor
m_99413655,1,n_0671d5c0,composer
m_7549d464,4,n_ad9b5800,composer
m_adffa45c,5,n_0eaef68e,archive_sound
m_cf17ac8e,7,n_267bdd34,self
m_83802054,3,n_cf5a4c9b,production_designer
m_f57fbfb1,1,n_500cf9d8,archive_footage
m_766cf8d2,3,n_6b12380d,actor
m_bd3ae789,5,n_b39d3e82,director
m_44317303,2,n_a59d5b68,self
m_f6a400ca,3,n_ad2b8938,writer
m_dabdb911,5,n_6b0e925e,actress
m_cb733c14,3,n_6e920ab6,actor
m_8d47a47d,5,n_38edf70f,writer
m_5010c399,3,n_c60741a7,actor
m_df808ea6,6,n_08b88a3d,director
m_31181818,9,n_44f2348a,producer
m_f15728ce,5,n_7bbff8db,actor
m_b0b67e2f,7,n_70238eb0,self
m_4bc4e95f,2,n_849df673,actor
m_edab97cc,5,n_6ab25153,director
m_fb39312c,6,n_73a1a93e,cinematographer
m_c735334c,5,n_59a00c8d,archive_footage
m_58e984f7,1,n_ee3be898,actress
m_6d5cc054,1,n_d063a173,producer
m_e9728ac8,4,n_4fafbc77,writer
m_3771c20c,7,n_88c2d04f,self
m_89cdd69c,1,n_31316df9,cinematographer
m_7cab1088,7,n_4f32beb7,composer
m_85ab0478,10,n_c6c639cb,production_designer
m_3ff2d4c3,6,n_242f091c,producer
m_db6edc0c,3,n_3213b847,producer
m_b4e7b17f,8,n_79e29099,composer
m_08368a02,2,n_1533d35a,writer
m_567c0f9a,10,n_c44eec0e,archive_sound
m_69503107,3,n_a64c37de,actor
m_1cecdc1d,5,n_942bb885,production_designer
m_0d61343e,5,n_7c35e81c,director
m_5cc1e4ef,5,n_d25b575a,editor
m_99905b19,2,n_2cdf2997,actor
m_b773fff9,3,n_3c9cd625,archive_footage
m_c8e81b0d,4,n_c951cea7,self
m_cad7948e,6,n_3c6ddc70,actor
m_873c94f0,10,n_f9419475,actor
m_9a129b32,7,n_4555021d,writer
m_fc187a5e,8,n_46393973,producer
m_e7f723a2,6,n_b33421ab,production_designer
m_7542dc87,4,n_916f8db5,editor
m_ffc910c9,2,n_f6bddd1c,actor
m_9faf56f1,10,n_a6e16e87,composer
m_71107850,7,n_cfe2a1a4,writer
m_f4b5ed84,4,n_ab9386e4,actress
m_44d49b5b,5,n_2a1ab893,producer
m_effc61e1,1,n_c218632d,actor
m_625367a2,1,n_1359aee1,self
m_1b4a087e,8,n_f6bfec9f,editor
m_638a8be4,5,n_a8b2317d,director
m_cb8fedd3,3,n_163e56ff,cinematographer
m_8d47a47d,1,n_08a2a356,actor
m_a41af4c2,7,n_35bf22a7,editor
m_42963538,1,n_1bc303a0,self
m_cd3948c2,7,n_4147fd46,writer
m_b9c5499b,3,n_7552a105,writer
m_371906f9,9,n_b1feb669,actor
m_371906f9,10,n_8ad00315,actor
m_f718632e,6,n_699b10b1,writer
m_9858c9bc,2,n_e8f884c0,producer
m_f87be175,9,n_18cad8be,cinematographer
m_9fc80c9a,2,n_22adb3cc,actress
m_79e5f789,7,n_bb2420fa,cinematographer
m_0c6b6b2e,8,n_6b38e503,producer
m_d9dee9a6,4,n_3bac687b,producer
m_89351996,5,n_7278e863,cinematographer
m_e32c9b25,5,n_7327700f,archive_footage
m_eead630e,1,n_103fff5e,director
m_15842437,7,n_4a84226f,writer
m_438abaef,4,n_f27883b8,actress
m_ad62e301,4,n_07893d2f,actress
m_1cb063fb,2,n_4487ccac,actor
m_5e72d63f,3,n_48b36124,actress
m_9f955238,3,n_5011c225,actor
m_9f955238,5,n_0b0cc218,director
m_b2e963a7,4,n_321a25b0,actress
m_28bc053a,2,n_9cc02ddf,actress
m_46f52aa4,4,n_fcce0e5e,composer
m_6d310fa5,1,n_9c272d7e,actress
m_691b3e71,7,n_4f727462,composer
m_7a25eef3,7,n_640246d1,actor
m_d2284e99,7,n_2266193e,composer
m_3055f7b7,3,n_9f0e4c19,actor
m_33118e54,1,n_292a1c95,archive_footage
m_fcb1f3f3,1,n_67322748,actor
m_19cd6291,3,n_899f3c3a,archive_sound
m_be30e7e5,1,n_43c3d608,actor
m_a0c641fb,2,n_dcc48a26,actor
m_d9ac1284,3,n_bd26e08d,writer
m_9a9e67e8,4,n_7b30b0b8,actor
m_c8843e62,10,n_f72bb1ec,producer
m_65b4d190,4,n_61d3ebfc,self
m_adffa45c,2,n_d56ca246,editor
m_e2c2817b,7,n_d5f44c6b,actress
m_39a5f6dc,5,n_d904a3b4,producer
m_eb34d8c8,4,n_f77de0e1,actress
m_1cec13fe,4,n_5c47ab1e,cinematographer
m_92c79046,3,n_51041b93,self
m_f1e82ae7,1,n_61befc8c,director
m_705f4cce,8,n_e285169f,producer
m_2c80adfd,2,n_ac565cde,editor
m_4743ba88,8,n_135e0e26,self
m_ecbdbf2b,3,n_a1db7222,producer
m_e494b4c5,5,n_081df48d,archive_footage
m_30b78ac2,3,n_322e790e,actress
m_442092b8,6,n_f31fc298,archive_footage
m_316b10e6,3,n_8a611dec,production_designer
m_6adb3191,1,n_edc55e9c,production_designer
m_9099c0e5,2,n_c6f881f9,actor
m_cdf6f711,9,n_281b724e,director
m_a38da7d7,5,n_d408d0c5,producer
m_53f7d8a5,2,n_1a43fcee,actor
m_973b1268,10,n_869a033e,actor
m_55cef108,5,n_f119e06c,self
m_ec690b5e,8,n_08e0307c,actress
m_fc930048,2,n_bd8c487e,producer
m_9b881bf3,3,n_6b12380d,actor
m_499615fe,1,n_612b59cc,actor
m_754a55b4,7,n_2515c8e9,writer
m_6e1bd196,10,n_41eab3b9,self
m_5eefee66,5,n_ec16a485,cinematographer
m_a58e670a,6,n_9c36dc8e,writer
m_3bd0e133,7,n_24c923c3,production_designer
m_486ecf22,3,n_f12dcd41,producer
m_de01d6bf,6,n_75ff20b9,self
m_147191ed,8,n_907b274a,actress
m_da5995f5,8,n_654d1346,composer
m_0bd6bf8a,8,n_d0a970b3,production_designer
m_4bf79848,5,n_1d525c36,director
m_2a99f98a,5,n_a50c68a4,actor
m_8ea9915e,6,n_da1a54d6,actress
m_ba9c4483,3,n_6032a769,production_designer
m_147191ed,9,n_90c77d50,actress
m_1545c871,2,n_caedfa35,cinematographer
m_2ce7d8c0,10,n_b0d97ff5,production_designer
m_93801116,3,n_286fb76c,producer
m_c1eba0f2,3,n_4f08c189,actor
m_1449624b,7,n_5ebc7bf0,actor
m_9ac5c677,8,n_748f0848,writer
m_477acafc,8,n_ebff37e8,producer
m_8ac5b25b,7,n_6ff91673,producer
m_053a8af8,7,n_0be55032,writer
m_207c86e6,1,n_1ec41344,actor
m_8ffe61ee,4,n_b8bd25ce,actress
m_cd254b2b,7,n_1043c8f5,director
m_1d5e0d96,3,n_4bf90ad4,actress
m_ac5e3a2b,9,n_5a8b83c3,cinematographer
m_59b80528,5,n_f878d633,director
m_60518ec5,5,n_ed81e84f,director
m_e6ce1136,10,n_7941993f,actor
m_32b1b88c,4,n_5df03be5,self
m_542650e8,3,n_638cb8f7,cinematographer
m_c1cf2f92,2,n_3df64b66,actress
m_cdf6f711,5,n_a0d75798,producer
m_0a0eb1d1,7,n_3f9e0e36,composer
m_2da2588a,1,n_1be12cae,actress
m_fe70bed7,10,n_2e405700,archive_sound
m_eccb7e5a,1,n_3149855e,cinematographer
m_22a7e99a,4,n_8ce3ae07,editor
m_18c423a3,5,n_076f5d21,director
m_a6ad2241,3,n_958f248a,actor
m_17dcf4c6,2,n_a48f8f71,actress
m_cad7948e,5,n_d7468148,actress
m_ce2a8be0,8,n_d504ff03,cinematographer
m_5010c399,9,n_a8943813,production_designer
m_ebe06f6b,6,n_1e54e0c4,writer
m_ca3fc2af,4,n_c1b60a00,actor
m_bca5a783,4,n_785a1967,director
m_d84cfd7d,3,n_217b32b2,self
m_62c81687,5,n_67c62fce,composer
m_b24ebef2,5,n_2b6f15cf,director
m_dae7a067,2,n_9548b56f,cinematographer
m_f2146c31,1,n_1febb603,archive_sound
m_6ef23e35,3,n_f3024ce9,actress
m_a7a8ce7b,7,n_d143fc2c,self
m_e6dbc8c9,9,n_5bd701c4,actor
m_5e7522fc,4,n_cb462c29,actor
m_d6aedbce,4,n_07936538,self
m_70fa741d,6,n_2b1b2d44,writer
m_acf44082,8,n_ec272907,producer
m_b3e57920,1,n_c98a0e98,archive_sound
m_dba6930c,8,n_5297f057,cinematographer
m_168fc176,1,n_fe0a438a,actor
m_b773fff9,10,n_3ab2639c,writer
m_019c0f12,4,n_3373bff0,composer
m_7a25eef3,2,n_86465c54,actress
m_39580c6a,7,n_0c2afc44,composer
m_a5cfa3ad,10,n_c3ecfe25,writer
m_75ed5ff1,5,n_33f3a84e,actor
m_80ad9fec,8,n_b30a44ab,archive_sound
m_3dbcefdf,3,n_603dceba,actress
m_c38afcf9,2,n_f12dcd41,actor
m_241b9800,1,n_d503d5f1,actor
m_58bd1c6a,1,n_0c36257f,self
m_a8e198b5,10,n_4aa2a45d,actor
m_44a71444,7,n_f159bd4d,production_designer
m_9052db60,9,n_8e08f995,self
m_1334d453,4,n_e4e0641e,actor
m_f26efd92,4,n_4e4d3967,self
m_85ab0478,1,n_1a8990ad,actress
m_e027781c,7,n_31a2ee14,actor
m_0ee53865,2,n_3fce3626,actress
m_d2bcb922,3,n_913f124d,composer
m_5432ce46,7,n_619e0086,composer
m_ddcacbda,8,n_e112b25d,self
m_4db33c5a,2,n_91a6d58b,production_designer
m_742ae08a,1,n_9272c508,composer
m_9f8f8828,2,n_c34c0119,actor
m_38b833a8,4,n_40468231,director
m_f6da5cfe,4,n_29075765,cinematographer
m_5342b8d9,9,n_70bc768e,actor
m_63b3ec85,4,n_4713a175,director
m_d13ad83a,1,n_f07eae99,actor
m_d5022723,9,n_cb3dff59,self
m_2340fcf1,5,n_9aad1de2,self
m_35986064,3,n_309955b7,archive_footage
m_53c310fe,5,n_23450876,writer
m_ec66fc70,2,n_974a1b99,writer
m_df971e8e,6,n_1bdad570,writer
m_f1d74e6d,1,n_100d24eb,actor
m_b4f1a9d1,5,n_c54d78df,cinematographer
m_e3921fef,2,n_3c487dd1,writer
m_5820ca0b,10,n_a0b74020,actor
m_fd30ecea,3,n_052dd3d8,actress
m_d22a756f,8,n_6654d8ff,archive_footage
m_7bc05867,5,n_098d5f62,actress
m_ee17ba70,9,n_b2f7ede6,actress
m_ce2b82f1,9,n_14dcf192,actress
m_2ab4ba4e,4,n_2962bc0e,actor
m_94977e25,4,n_e679512c,archive_sound
m_e911940e,5,n_809f2d5d,director
m_21beecc5,1,n_163e56ff,producer
m_0e72dff8,5,n_3bffaed4,director
m_c35bdba9,3,n_be3a4a2d,composer
m_b1e9cca5,10,n_d6c08b82,composer
m_4567b066,3,n_0435b18d,cinematographer
m_09bba5e2,4,n_b3497194,self
m_7bea91f3,9,n_171f85f3,composer
m_5d76d4bf,7,n_108d7fff,editor
m_42963538,4,n_515dad52,self
m_3af459e8,4,n_c0d3c69a,self
m_8b2564fa,1,n_aea0a0be,production_designer
m_5bad0b9e,1,n_818eb048,actor
m_cea79b08,4,n_5e597d3b,actor
m_ce2a8be0,4,n_819c2719,archive_sound
m_3055f7b7,7,n_3461ad0d,actor
m_7ba3bac5,3,n_5f887882,actress
m_c3b2fd3c,2,n_8308219d,actress
m_13036663,6,n_a7b9af99,director
m_08249b3b,10,n_2c5a11ec,archive_footage
m_ff86cff1,1,n_bfc83a84,editor
m_266ff1b0,6,n_d4261e42,archive_sound
m_11eee7e5,8,n_158cce82,producer
m_85ab0478,5,n_d47e3cf7,director
m_7cbbbf51,8,n_3f3d83c7,composer
m_ba7fe779,9,n_32682e95,actor
m_7e3b8fd7,3,n_d1e53da2,actress
m_ef7c6490,2,n_9fcf4743,actor
m_14184ca9,2,n_a7a484b2,archive_footage
m_15842437,5,n_2ff2c8c0,director
m_2908d42d,1,n_a34810d9,director
m_290dc907,5,n_a385b043,composer
m_4a6ff2da,7,n_05a2f83b,writer
m_983991d5,2,n_ffe3b415,archive_sound
m_001af20a,4,n_93d2bf9e,actor
m_1318126f,10,n_655c2e50,producer
m_65fdd600,4,n_a2823610,archive_sound
m_88a50340,3,n_5b98ecca,archive_footage
m_b3cb0f4a,3,n_6cb2668e,editor
m_cdf6f711,7,n_f73d715a,production_designer
m_f277068e,7,n_09198f74,writer
m_9adfb4de,1,n_e3578bb5,actor
m_9a06f629,1,n_9e2768f6,actor
m_cac0c900,3,n_87eec541,actor
m_67db988b,3,n_b3520b25,archive_sound
m_99da7930,8,n_bafda6e6,actress
m_0e9ec811,4,n_ed9bfe1f,actress
m_ee069a39,5,n_88e58c1c,director
m_45b59d10,8,n_c38aca71,producer
m_845aeb85,4,n_cb1672b7,actor
m_0ff28ace,4,n_192ed77a,actor
m_3d97bf2a,2,n_9a7b8378,cinematographer
m_594ec1c4,3,n_69982dbf,actor
m_f9b9e03c,3,n_e7b92f18,cinematographer
m_78a21d4d,3,n_bbd65736,cinematographer
m_605cbb25,5,n_bfd86c7c,director
m_65bb4b52,4,n_e493026e,actor
m_2ab4ba4e,7,n_41157e4a,cinematographer
m_6d4982fd,9,n_7ca416ac,writer
m_bc6bb2d6,10,n_3bc40e5f,self
m_b273609d,10,n_ea9dfbdd,archive_sound
m_dd72e763,7,n_50070391,production_designer
m_69abb106,9,n_e5733a17,cinematographer
m_726a5258,7,n_3f9e0e36,composer
m_ac4e6bd8,2,n_ffd70217,actor
m_3ab576ad,3,n_65265d65,actor
m_57e05472,8,n_8396bac0,cinematographer
m_040db195,3,n_10f0d76d,cinematographer
m_9b08588c,5,n_2bf0e287,writer
m_bfc1fa69,10,n_ef993a77,actor
m_6e0cd45c,2,n_ae629185,actor
m_75d52159,7,n_ee81c37b,self
m_743ef00e,4,n_b2dfae5d,actor
m_634c5890,5,n_66cda559,archive_sound
m_d3d5cd91,4,n_23b8fcdb,actor
m_9052db60,10,n_ef27139c,self
m_ec69e1eb,3,n_c79c9bc4,archive_footage
m_94912273,4,n_d864599e,archive_footage
m_37d4f72c,5,n_9b14ddc0,self
m_68159ad2,8,n_3263a217,actress
m_23072a12,5,n_a199b304,director
m_0c6b6b2e,7,n_175597f0,writer
m_0bdf6f75,3,n_860bbd0d,archive_footage
m_d6aedbce,1,n_fa5a4664,self
m_18572366,5,n_86b705d3,composer
m_118d84d8,1,n_2b6f15cf,actor
m_74383376,3,n_9edfeb27,self
m_44f8a9b7,1,n_771078d9,cinematographer
m_5a833d72,8,n_dc4c7fc6,production_designer
m_af84c947,1,n_60bba5b1,actor
m_fea4b185,4,n_2ee70160,actor
m_8df8ec21,3,n_30f61849,actor
m_c16ce80f,7,n_3f9c5cd4,producer
m_e456441b,1,n_a794ccee,actor
m_7ba37d1e,3,n_70c7af75,production_designer
m_7e3b8fd7,5,n_6644d45b,actress
m_dbbfc38f,9,n_a18b1e84,cinematographer
m_2b128311,5,n_06bcc356,cinematographer
m_4211ee69,2,n_0ea7bea9,actress
m_63dd410d,1,n_e0979a0f,actor
m_5fc2cec6,4,n_bddf72fa,actor
m_1d232708,4,n_5a05d4e0,actor
m_af67750b,2,n_a1394539,editor
m_3aa3f8a2,10,n_617212ce,actor
m_85e16560,9,n_0028f973,editor
m_46fef7af,1,n_bcc005c4,actor
m_2793d499,1,n_e43bc745,writer
m_0ba565fc,4,n_9cef2f4d,actor
m_67aa531b,5,n_84953120,director
m_850a2ef8,7,n_0332dc57,production_designer
m_ee72ea34,7,n_afffeb45,producer
m_bb37c97b,9,n_2159b60f,writer
m_a5071209,4,n_b3fdeebe,production_designer
m_a0c641fb,10,n_4355e4b7,writer
m_1a9abca0,6,n_c03b8660,writer
m_8ceedb00,2,n_871f3a31,director
m_f9654049,7,n_b5e703d0,actor
m_0d2ec756,5,n_ef7cd85a,director
m_7ee93aba,3,n_818eb048,actress
m_ec3611ba,2,n_546e0d79,writer
m_2e979131,1,n_f3a20f22,actor
m_d84cfd7d,8,n_e2843919,cinematographer
m_f6a145ad,5,n_26d7e3f5,actor
m_3f334cc3,9,n_5b7503ec,actor
m_a8d019e8,3,n_bd6a4630,actress
m_113febce,4,n_4ad8bc34,director
m_2d27a0c0,6,n_d89077b7,writer
m_ec66fc70,8,n_32ffee99,archive_sound
m_761f7239,6,n_08a429d2,composer
m_c55249f1,2,n_65ecd1a2,composer
m_6a480d80,1,n_5393c037,self
m_e3cd0678,6,n_ff654beb,producer
m_2b0d26ff,2,n_33ab4cb4,actor
m_2bd9ca82,5,n_172060fc,production_designer
m_7cae9c22,2,n_995b812d,actor
m_17837335,3,n_5815ce7d,writer
m_f15728ce,10,n_22c92d28,editor
m_5bf721e3,1,n_ee8b8f34,actor
m_19ad1cab,5,n_dab008e3,archive_footage
m_2a429a2c,4,n_26637331,actress
m_9509c3a8,10,n_9d61aae1,editor
m_2377531d,3,n_9f0e4c19,actor
m_051aa34b,9,n_bf15cf60,editor
m_0ec465c5,5,n_4fea2694,director
m_6d10d68e,1,n_179a3fdf,actor
m_9ffcf71f,5,n_d161cfa9,archive_footage
m_a2e6d37c,5,n_af761759,director
m_788de651,2,n_60183d4d,actor
m_3572fd25,5,n_64948be5,production_designer
m_cb73f341,1,n_cab376a2,archive_footage
m_621f8d52,7,n_4e95618f,editor
m_70896e36,6,n_b22b9138,writer
m_40363f74,4,n_ea650f18,self
m_9faf56f1,8,n_b6519d6f,producer
m_91e72c18,1,n_6b9dd789,self
m_f6816e2d,1,n_922d58b2,self
m_562ceff1,9,n_da567b8a,production_designer
m_a8e198b5,7,n_a49e4d33,writer
m_43a8a305,3,n_3213b847,self
m_bfe3676e,2,n_a6f28576,actress
m_0c401506,7,n_a521df79,director
m_7cab1088,9,n_9971579b,editor
m_0005e156,4,n_f53c017a,writer
m_8c0d8fb2,6,n_27565ac3,writer
m_1334d453,6,n_5d72183b,cinematographer
m_b18579b4,5,n_f17ebbbf,archive_footage
m_ea96fa75,7,n_d7387232,archive_sound
m_e15de473,9,n_5c5cfb26,producer
m_1c825584,6,n_b400385f,director
m_e80ac8a1,1,n_c5e838e6,director
m_0461c139,3,n_bb7e173c,archive_sound
m_9a9e67e8,7,n_5cc871e0,producer
m_56315f15,6,n_ce9d2ca5,actor
m_3f733949,9,n_bc0f3f0d,producer
m_74b0d832,8,n_b485319c,cinematographer
m_c3e962a4,4,n_334433ec,writer
m_6944bbf6,7,n_33344146,writer
m_530f021e,4,n_fe682cf2,actor
m_759fea82,2,n_4e5a660b,actress
m_019c0f12,7,n_05122e41,editor
m_adf9bb72,8,n_3d55b643,self
m_1188cb33,2,n_200e4ff9,actor
m_e9922e2e,6,n_fba673db,producer
m_ae039d27,7,n_b6dd286e,archive_footage
m_4e30f9da,3,n_ecde6ed1,actress
m_b9c5499b,1,n_424c78c1,editor
m_09da80a5,2,n_26e5b834,editor
m_e20eb734,1,n_ab71f115,writer
m_44559397,9,n_218e9de3,producer
m_1cb063fb,6,n_6defe84e,archive_sound
m_ae5971ae,2,n_b1e2687e,director
m_7b26ebc2,8,n_32c4cbb8,cinematographer
m_ac70bb5a,1,n_c7bba460,actor
m_6a35651b,1,n_8f51f881,production_designer
m_6f9ea23c,7,n_520d8e8f,composer
m_5fb46c0b,5,n_b5ab0347,actor
m_8e026af2,7,n_66878e3f,composer
m_a2e5bde9,4,n_047cc029,self
m_15874354,6,n_905e2f98,composer
m_9c387431,7,n_04275205,composer
m_8ca8050f,4,n_3963e4bf,actress
m_ca698c4f,6,n_39d40a7a,cinematographer
m_f1e2c766,6,n_1ef527c5,actor
m_cbc49aef,1,n_8ee148f5,production_designer
m_e7122135,4,n_082df66e,archive_footage
m_573028c2,10,n_b38c34f3,production_designer
m_d53cb1e0,5,n_c31d229d,archive_footage
m_9ef527d6,3,n_1e3eabb5,actress
m_7c50def1,3,n_b4da71f0,self
m_371906f9,6,n_e0b8fd48,composer
m_7ce1d814,3,n_b156663f,actor
m_bfbb4a1c,3,n_e9618623,self
m_3154f663,4,n_6a9a9b41,actor
m_0efc4745,2,n_6d05e24e,actress
m_8e026af2,9,n_3b968076,cinematographer
m_f8af4d57,3,n_da98b32d,director
m_d3f5c9b2,3,n_6b09168c,director
m_ab84aad5,2,n_ca801fcd,producer
m_5342b8d9,5,n_513d29e2,director
m_fb64e846,1,n_6788b3ec,composer
m_5d88ffe2,2,n_deca789f,editor
m_71107850,8,n_5a1ef836,actress
m_ad62e301,8,n_d504ff03,cinematographer
m_70d3c13c,7,n_7ad05d55,producer
m_eb34d8c8,5,n_3e2364ad,director
m_2bc42c38,6,n_6f423dda,cinematographer
m_b4e7b17f,5,n_6c11720c,self
m_e39de420,8,n_ec272907,producer
m_28ffdeeb,7,n_15f77db0,composer
m_95577b62,1,n_ab6dfaeb,production_designer
m_eccb7e5a,2,n_3eb4ab68,self
m_eb34d8c8,1,n_bcc005c4,actor
m_beb4011d,6,n_4f82b71a,self
m_30f8e0ec,4,n_175597f0,cinematographer
m_f1324eb1,2,n_3982537c,actor
m_c38afcf9,10,n_0e178dfb,cinematographer
m_d4c86b7b,3,n_7011b8bb,actor
m_02e25848,1,n_f0ee273d,actor
m_6f478cc7,2,n_fb989f61,actress
m_c8c45ab7,2,n_4224793d,archive_sound
m_4ed42fc5,1,n_67f21e65,self
m_374a585b,3,n_a61e5d74,archive_sound
m_f20bc7b1,1,n_0d9b1c4a,actress
m_b9c5499b,7,n_4a84226f,writer
m_973822e2,8,n_01299fd7,composer
m_3e8c9e6e,8,n_cdba0acd,self
m_845aeb85,7,n_b0c71cdb,actor
m_188fa64b,8,n_32505860,actor
m_aa88f1dc,4,n_aea12b1e,actress
m_417c9a6a,4,n_a861fd09,cinematographer
m_fee4ecbd,4,n_349ed684,actor
m_9c387431,4,n_796e774e,archive_sound
m_9a9e67e8,9,n_967d2ca1,cinematographer
m_5110790f,4,n_e0ce0a42,archive_footage
m_56b261c3,5,n_1cb9ac06,self
m_e2370c0c,5,n_2109ce1e,producer
m_61876b1b,2,n_6066f951,self
m_8d0cc177,2,n_8acca0f1,producer
m_c74ad56e,4,n_1051cc22,actress
m_c3753591,6,n_8725d792,actress
m_f995df77,6,n_f58756f4,writer
m_fd94c900,4,n_5e63e863,archive_footage
m_20f5adf9,3,n_3e1a9473,editor
m_6944bbf6,1,n_7e829f58,actor
m_1316bb3f,8,n_08e0307c,actress
m_5bafcb72,1,n_118b784a,actor
m_3337fb77,1,n_ab9ced41,archive_footage
m_65b4d190,7,n_e46a7865,writer
m_52c09c0b,1,n_c174a5fd,writer
m_a2e6d37c,4,n_1ac64a99,actor
m_652d5ba6,2,n_db3ae358,composer
m_75ed5ff1,4,n_43fc834f,production_designer
m_ae277c99,3,n_4a19fc87,actress
m_5ff84af2,3,n_249ddcad,director
m_78ba0d3b,1,n_c059b062,actor
m_6e1bd196,3,n_02578836,actress
m_efee1f0e,8,n_240a2acf,director
m_6449d0c7,1,n_f5d9326a,writer
m_46cca511,5,n_11674deb,producer
m_5a790e1f,3,n_5944f9e1,actor
m_4b1846f4,5,n_cdc3589d,actor
m_2855f652,8,n_616ae55e,production_designer
m_f451907e,1,n_b7d2ec33,self
m_1a459403,3,n_319d8bfc,director
m_c3842f4f,7,n_42d30142,editor
m_e00c5020,2,n_d161cfa9,production_designer
m_d742890e,8,n_ac453242,composer
m_4227abb8,5,n_424f3a8f,writer
m_ad62e301,2,n_0a940629,actor
m_42ed13f5,4,n_f98b298b,actor
m_917a4931,9,n_c6f49bfb,writer
m_e3298586,5,n_bae3a341,director
m_f5190f19,10,n_0899a9aa,self
m_795f7413,1,n_f7bed55f,actor
m_5d87c2ef,8,n_e7e994f4,writer
m_5cf3e4f2,5,n_da64683d,actor
m_0259976e,10,n_b2499dff,self
m_389e9313,2,n_f92484eb,actor
m_376debe0,1,n_43c3d608,actor
m_f95cc1e7,4,n_bd86f35d,director
m_6e1de71a,4,n_b9216bb2,editor
m_642b612e,5,n_8a781280,director
m_9fd9dc5a,2,n_b1bca030,actress
m_bfb56251,4,n_4a7aeb8a,actress
m_b8d55f47,10,n_d0670336,writer
m_aafc5083,5,n_d06bea05,writer
m_5134cab8,6,n_edc5e4cb,writer
m_6747ccdb,1,n_db67e9ef,self
m_44a71444,5,n_31f9ec62,composer
m_666d2b52,1,n_7654bdf1,actress
m_a0c641fb,1,n_794cf6bd,self
m_794b1b3c,1,n_d7b42d7b,actress
m_dd19f560,10,n_978043dc,actress
m_8d24be19,4,n_63aa0026,archive_footage
m_13428353,5,n_aeeaaa20,director
m_25fc5813,3,n_a84df1be,editor
m_8e7efa36,7,n_bed5fcb7,actor
m_7a736086,10,n_c95887d6,actor
m_5250ef70,1,n_136e82c5,archive_sound
m_2d9e7778,1,n_259cb79c,cinematographer
m_03ecc932,2,n_22d66241,actress
m_908d258f,5,n_871dcfea,archive_sound
m_5cc98336,4,n_c4519b1e,self
m_e6de900f,2,n_183521f0,actor
m_7b1478d9,7,n_ff6f0844,self
m_63d8c83b,3,n_06ebd9da,self
m_ee67dc21,6,n_54bfddca,writer
m_570c7a02,5,n_f3ecad44,director
m_93e8b61d,5,n_b4a02c69,director
m_0f3471ca,2,n_783f17be,director
m_0aeefa60,1,n_75dd9000,actor
m_c8a5438d,3,n_70ac2e43,producer
m_e7dab023,6,n_be1e10a5,director
m_8902c025,1,n_afaa23a0,cinematographer
m_f34b9f09,2,n_10d656a0,composer
m_a58e670a,5,n_1e733d59,director
m_2d27a0c0,7,n_7a9fa17e,producer
m_6b706b4a,2,n_604bb7c6,actor
m_cff01c1b,4,n_b5343c9a,director
m_1c1e044b,5,n_5c96998f,director
m_2e1454f9,3,n_eeb1f18e,archive_footage
m_4ae84a27,6,n_2657f51a,archive_sound
m_37ff4974,2,n_0ca0bfe6,director
m_5bf721e3,8,n_06164d95,cinematographer
m_74efc24f,2,n_2a2c83f6,composer
m_3f1c63d9,6,n_d2b9903c,actor
m_fc930048,6,n_fba673db,producer
m_c8e8d713,4,n_9656dc8c,archive_sound
m_32d58e1f,3,n_2a4ddc82,actor
m_d036ada8,1,n_0e0c2a41,archive_sound
m_532a3ef8,2,n_52d5b532,actor
m_40d647f4,5,n_ecc8bd49,actor
m_053a8af8,5,n_150eb9ff,director
m_f4b5ed84,5,n_0e4768e6,archive_sound
m_307e1c54,6,n_e32cce89,archive_sound
m_aee832d2,2,n_b7c396dc,actor
m_f907c11e,1,n_5aab50fa,actress
m_58141b40,5,n_5f556f1f,writer
m_60e59bc9,7,n_3e99c9c9,writer
m_8e824778,2,n_bf823c00,production_designer
m_192b7335,2,n_dfec59f5,self
m_a39d33aa,3,n_31dfba2a,actor
m_79e5f789,6,n_45fd61c3,writer
m_4470c501,4,n_a42bc384,actor
m_e9728ac8,6,n_c6d67405,production_designer
m_08eee6ea,6,n_9ebf9078,cinematographer
m_f7a0b196,5,n_dfa64db7,director
m_76ce0989,3,n_789ea5ff,writer
m_7077c418,2,n_e26c0d53,actor
m_ad16bd26,5,n_2b64b2c1,archive_sound
m_1cec13fe,5,n_e68b3ac4,editor
m_e2e60887,6,n_43485a8e,composer
m_d7bafbca,3,n_0e5780b2,actress
m_876b6b17,5,n_49619ed1,director
m_f71c9995,4,n_eb1693c9,cinematographer
m_4a6ff2da,3,n_e0db5765,actor
m_f854263a,2,n_32dada72,actor
m_7ac425f0,3,n_433b8bf7,actor
m_a98c5a40,7,n_cf1ab74a,actor
m_4872172d,1,n_8ef2e70e,self
m_d2edcdac,10,n_46e0a8cc,production_designer
m_8ae7056e,7,n_946c7896,writer
m_1bc629d4,10,n_8d571d2f,production_designer
m_1c0dfef4,4,n_cf4cd910,actor
m_1545c871,9,n_6fbe1cc7,actor
m_78d13c71,6,n_011c0c23,director
m_ebca88d5,4,n_99c06eb6,production_designer
m_6449d0c7,7,n_5cc871e0,producer
m_dd6f0475,2,n_487d6788,cinematographer
m_564d1c1f,5,n_5c2c4e4d,producer
m_f6a400ca,2,n_cbe84546,director
m_47503b1d,5,n_2dfefc1d,director
m_73a6f595,8,n_5c3d5aae,producer
m_d84cfd7d,2,n_3eb4ab68,self
m_5861eb5a,1,n_184a904e,actor
m_d257c60f,8,n_26bf0510,writer
m_41f54ab7,1,n_de2bc58f,writer
m_e4343f60,5,n_4224793d,director
m_18572366,10,n_978043dc,actress
m_425cfe95,3,n_c34c0119,writer
m_6d5cc054,8,n_055b0938,editor
m_83f5e54b,9,n_410dc1ea,cinematographer
m_a3120fac,7,n_8e8124e7,archive_footage
m_517e3676,1,n_892992ba,producer
m_7b1478d9,2,n_41d98ef1,self
m_a7981ef3,1,n_8207b72c,actor
m_54ea5a3c,4,n_b35b0d2a,editor
m_27985b40,7,n_09113f17,self
m_0edb31f5,3,n_cc8ed8e3,actor
m_024d6709,6,n_bd1169c8,director
m_136f8057,6,n_ea07bc57,cinematographer
m_dfe5019f,9,n_70df68f6,cinematographer
m_903bc2c6,4,n_2225a9a6,director
m_ac4e6bd8,4,n_cc814ecf,actress
m_8902917e,3,n_5fbe0acc,actress
m_ad084688,10,n_b54f54f9,cinematographer
m_2c80adfd,9,n_33494bfb,director
m_93b32121,10,n_f586ed29,self
m_bdb2131f,1,n_7e05c0f0,archive_footage
m_e11600e0,1,n_bb63cdc8,composer
m_a99ad1c5,2,n_5703b4ca,actor
m_aee8af5b,1,n_922d58b2,self
m_1e5e0600,5,n_80a87611,composer
m_9b9b7771,6,n_380d3e75,writer
m_08bad606,8,n_dfc90e45,actress
m_f15728ce,4,n_4c7627fc,editor
m_ef53c2d7,4,n_24aaa7c7,producer
m_c1dbc797,10,n_ef993a77,actor
m_1434d992,10,n_83b9ce98,self
m_df7c582f,5,n_daa8c4cd,archive_sound
m_ad1c6db5,10,n_91bec779,actor
m_31b1ddcf,9,n_9f75838d,cinematographer
m_3ea22507,10,n_841e6b1d,actress
m_1afb0b40,5,n_b4574e96,director
m_27cdc384,1,n_1948d254,actor
m_31afaceb,4,n_1d3aa7fe,actor
m_e2ad55d0,5,n_6e2c401f,archive_sound
m_17ae6670,5,n_64482340,archive_sound
m_1eb26152,2,n_f91be855,actor
m_053a8af8,8,n_0f4ea52a,producer
m_961ec5c5,9,n_36315a35,director
m_6264d098,7,n_44e54a49,cinematographer
m_694ed2d6,6,n_0f7a80e0,cinematographer
m_ec66fc70,6,n_1a699361,archive_sound
m_060f8f40,6,n_6b0903a4,archive_footage
m_02fab0c7,6,n_06e5cc6f,actor
m_d2e11aa4,3,n_3fc3dc0a,archive_footage
m_05658497,5,n_617451e1,director
m_9052db60,8,n_f8a88b5e,self
m_423f72ee,1,n_9054572d,actress
m_f439591c,1,n_eb38c874,actress
m_8c710bf3,8,n_c5a46b6e,actor
m_6676744a,2,n_f81177b2,actress
m_32782bec,3,n_6be8142c,actor
m_1334d453,5,n_ef739606,director
m_80e46b0c,1,n_9199c1af,actor
m_63c1f2cb,9,n_4e1401bb,writer
m_0a9e2fc3,1,n_73aa543b,cinematographer
m_d40e5b46,3,n_57e2e1b7,actor
m_ac0c83a3,4,n_84e1d47f,producer
m_84271a71,4,n_fc2907fe,actor
m_6936a338,5,n_d0a1f9b0,actress
m_f8fd5f41,10,n_e93b57d5,actor
m_dbc1ef86,8,n_2008d0fd,writer
m_ed5746c5,3,n_1e4ab4ef,actor
m_53a01c73,2,n_5c390b46,actress
m_a98c5a40,10,n_f7cc662e,archive_footage
m_94912273,5,n_9239660f,actor
m_27b5289f,1,n_f7d1db8b,archive_sound
m_42d40ccf,6,n_03594009,writer
m_254dcba1,1,n_cf33fed9,director
m_73724869,9,n_82eb1ad7,producer
m_f854263a,8,n_c2d93275,actress
m_908d258f,1,n_8d62ad84,archive_sound
m_e743038b,3,n_5908e5a3,actor
m_89ce92db,3,n_70a7987f,actress
m_42d40ccf,9,n_92ae2193,actor
m_b9876468,6,n_f5b5d0fe,writer
m_cc626d01,4,n_91a9d0c7,archive_sound
m_151e87a9,1,n_b43799ed,writer
m_53f77c58,5,n_5c1cf706,cinematographer
m_e1af3ecd,4,n_588927c5,archive_sound
m_5d88ffe2,4,n_b293f5b4,archive_footage
m_7af929a1,4,n_e0d40fac,composer
m_d72ffe28,2,n_99a9af7e,actor
m_8d24be19,9,n_832ccf01,actor
m_de01d6bf,7,n_78eb8ebf,self
m_a663f38f,5,n_3e2364ad,director
m_07d83a09,6,n_a74cd91b,writer
m_eae38791,4,n_dd3ce145,actress
m_ae8ce5b6,4,n_277df7ae,producer
m_ce25cd74,10,n_01a08597,actress
m_ca603a88,6,n_01c5bfbd,composer
m_ce2b82f1,7,n_63f257c4,cinematographer
m_1ec16b9f,4,n_f67f3000,editor
m_638a8be4,9,n_50e87f4a,actress
m_5ac472df,5,n_6b0e925e,actress
m_67462b8a,9,n_fe4e89ef,producer
m_5cf3e4f2,8,n_d39a5869,actor
m_876b6b17,8,n_558b31cf,producer
m_be61cf90,1,n_118b784a,actor
m_ef7c6490,5,n_5ac7a8f4,actor
m_76ed9964,6,n_87f16f04,editor
m_5de1ad1e,2,n_35208d60,self
m_eed40eb3,3,n_e4ca5375,actor
m_75c2ece1,1,n_ef19ef36,archive_sound
m_e8db5d8e,5,n_cb7f0df6,director
m_6957d8f6,2,n_622f41a5,actress
m_9f89ebfc,7,n_1eb46a2a,self
m_c6ff3277,1,n_069ef15d,archive_sound
m_6944bbf6,6,n_0046f57d,actress
m_2e979131,8,n_c6a13acc,composer
m_b0a74dde,5,n_cb6735b3,actor
m_6b0e3e11,5,n_a199b304,composer
m_61318060,5,n_5ac7a8f4,actor
m_f2e2dfda,3,n_41dd2d59,actor
m_4ba853d6,10,n_d59bd196,cinematographer
m_f2dfd521,6,n_3792aa2e,director
m_06b8b31a,2,n_cc6fc5b1,producer
m_637b0306,1,n_11f6eace,actor
m_fafa467a,9,n_1252afaa,director
m_6733b5ed,5,n_bd1be504,director
m_1434d992,1,n_8e93db7c,production_designer
m_37d61639,1,n_124135c5,actor
m_99da7930,5,n_7629c4f0,actor
m_7e3b8fd7,10,n_93edcdf1,cinematographer
m_0dc152ad,10,n_54d51144,archive_footage
m_c0519bf8,5,n_1585eddc,actor
m_08eee6ea,1,n_54c2e1f6,actor
m_949f8669,2,n_536fd3ab,archive_footage
m_74c82e17,8,n_c1a6475b,actor
m_86391691,9,n_73b97a7b,editor
m_50d76456,3,n_4ebf3fa4,director
m_0d57c4b8,4,n_684b9856,writer
m_780f4703,7,n_470729bb,composer
m_9dd49969,2,n_6abb60fc,actor
m_908d258f,6,n_25442432,writer
m_cb4277f9,3,n_2d6019d8,actor
m_ef53c2d7,5,n_2ad3c50b,director
m_56c1965b,6,n_a0b8813b,writer
m_27fa04bd,7,n_cb5635ca,cinematographer
m_20df8f65,6,n_3807832d,actor
m_7befcff4,7,n_f38e44c4,writer
m_acc33d46,2,n_add029ac,director
m_1288ba08,6,n_6bd60d90,composer
m_08249b3b,9,n_4155d1b4,self
m_280a5281,7,n_378e41d9,actress
m_840dd4dc,7,n_f543f592,cinematographer
m_6f7b0de5,9,n_9dc89353,actor
m_3afb5692,1,n_eb38c874,actress
m_87498d03,7,n_04cee1ce,writer
m_9ce1071d,4,n_76bf6c35,writer
m_e3cd0678,5,n_35778c61,director
m_fa908007,5,n_42700cc2,composer
m_ff69bed6,9,n_9de5f55a,actor
m_164de2c3,3,n_319d8bfc,actor
m_99da7930,4,n_315ae754,actress
m_2ae62598,8,n_f8a88b5e,self
m_d6d9b165,1,n_4b66cc2f,actor
m_da5995f5,4,n_98f193ee,actress
m_78b89b5d,10,n_0de67455,actor
m_8ccac38b,1,n_9d96b50e,producer
m_fb2139c5,4,n_c9e3e03d,writer
m_8ae7056e,3,n_43c1e17c,producer
m_371906f9,1,n_6466fe93,actress
m_f277068e,4,n_a6c569dc,producer
m_7b9ab452,8,n_33a335b4,cinematographer
m_3a76b893,7,n_87b9cc48,archive_footage
m_ac2bd153,7,n_3435ab50,production_designer
m_17dcf4c6,7,n_afcaec0a,composer
m_42d40ccf,4,n_98f193ee,actress
m_5bea24d3,8,n_66de14e9,editor
m_b1e9cca5,8,n_c38aca71,producer
m_73724869,3,n_a803598f,archive_sound
m_3bc03d8d,7,n_470729bb,composer
m_d93b6399,3,n_047cc029,actress
m_0fd545d9,2,n_2d86f3af,production_designer
m_307d7226,8,n_deb634a9,writer
m_7a39a606,1,n_b6285a11,editor
m_9b2e2411,3,n_f6341219,actor
m_46cca511,1,n_2c508de1,director
m_d04bf825,8,n_70282b55,writer
m_f0c3fa7b,9,n_83910f51,editor
m_6ca1eefd,10,n_4da5436a,composer
m_9d52369c,8,n_590b3d97,writer
m_8576d248,5,n_813caeab,director
m_9437c456,1,n_ee6f3e4b,actor
m_24223a50,1,n_05d53fb8,self
m_85ed7b0e,5,n_5c34ca84,writer
m_f4784350,4,n_72783563,composer
m_27fa04bd,6,n_ca6fc278,composer
m_9c58893e,6,n_121a6ad2,writer
m_574cc5f2,5,n_174e96ef,self
m_a21107c7,7,n_684b9856,writer
m_80ad9fec,3,n_5f887882,actress
m_2050a49a,2,n_b9620d19,director
m_0c6b6b2e,2,n_9e76c786,actress
m_06f5631b,3,n_cc6fc5b1,actor
m_03f752f1,10,n_5b58a65b,production_designer
m_ee17ba70,10,n_cc05a9ad,actor
m_6368bca1,3,n_21373fd1,actor
m_b3cb0f4a,9,n_7d090e84,director
m_f1067d99,8,n_bcc11e82,actor
m_6dbc1f84,2,n_c5a42cab,actress
m_b84d23ce,4,n_cc5c0a1e,editor
m_5520d3d7,1,n_7104719a,actor
m_61275c7e,5,n_e07b6839,producer
m_c8843e62,8,n_142c808c,writer
m_57e05472,4,n_7629c4f0,actor
m_63b3ec85,5,n_54275db0,composer
m_44559397,4,n_ab9386e4,actress
m_a0b6a839,4,n_f53c017a,writer
m_d5370c0a,6,n_3461ad0d,actor
m_5ea8fc24,9,n_ce68ef50,production_designer
m_2002d90d,2,n_5bc3d77e,archive_sound
m_d7c0a052,4,n_e58548e8,cinematographer
m_26ffee3a,1,n_b8f3be6d,self
m_79aeeb4f,1,n_56cb626f,actress
m_9bf0a154,2,n_7e322493,archive_footage
m_d13ad83a,10,n_ed02fccf,archive_sound
m_22843415,5,n_9a705547,self
m_e9922e2e,5,n_e403f85a,director
m_3a89d1ee,4,n_321a25b0,actress
m_87b3c8cf,4,n_ac7491d8,actor
m_39ebe224,3,n_f6ebed47,actor
m_b0267d56,4,n_f98b298b,actor
m_bca5a783,10,n_00ffb0fd,composer
m_dc1408d8,9,n_b7c3ba66,composer
m_5de1ad1e,5,n_5103d80f,director
m_25fbf078,2,n_5a8af89e,actor
m_ffc72ab7,3,n_99a8dd90,actress
m_605cbb25,4,n_4e1ccb51,actor
m_c7048529,1,n_56cb626f,actress
m_d5f6ef93,9,n_382250fc,actress
m_e5e8891b,4,n_1af9d493,self
m_9505beeb,2,n_3a9ce65a,self
m_2a756320,4,n_c2bb5d88,actor
m_908efb1e,2,n_6b7166c9,editor
m_6074dca1,3,n_f3024ce9,actress
m_1434d992,5,n_2c4f853d,director
m_6a715412,1,n_472f5383,actor
m_c55249f1,4,n_487d6788,cinematographer
m_d70a9e52,3,n_47048d24,producer
m_1ec3c91d,9,n_588927c5,actor
m_382f2bae,9,n_5bb5ad61,archive_footage
m_9992aee4,5,n_4c7627fc,actress
m_0cc8f58f,3,n_9f68baed,actor
m_44240691,1,n_8fe562e3,director
m_9858c9bc,1,n_5371fb1f,director
m_34a80613,7,n_42053ce4,archive_footage
m_ad1c6db5,1,n_60bba5b1,actor
m_43d615f2,8,n_d39a5869,actor
m_1d232708,1,n_a1bb61e7,actor
m_99ef3ab8,6,n_18827b5a,actress
m_4f875eb4,3,n_05a029bc,archive_sound
m_77c21bec,8,n_b485319c,cinematographer
m_451eaeb3,1,n_c4519b1e,cinematographer
m_6907e928,5,n_10e50ba5,actress
m_49425636,2,n_95b0a5ca,archive_footage
m_971bc219,7,n_61949ec0,self
m_6fb88c54,2,n_dd3847d8,archive_sound
m_ee3bf27b,3,n_74d382b6,actor
m_5134cab8,5,n_67ccac81,actor
m_8937e6b4,3,n_052dd3d8,actress
m_6b3d9101,4,n_2469a5ad,actor
m_feabdbe2,1,n_7a12d922,cinematographer
m_3c5e8c82,2,n_737e0f57,actor
m_3a2ef9ff,4,n_a86b3853,actor
m_5039fb8b,6,n_33f3a84e,writer
m_48ce319b,2,n_3211fa90,self
m_08bad606,7,n_ed6dfa38,actor
m_1d1cc30f,7,n_fd11eae8,cinematographer
m_f87be175,5,n_e81ac990,director
m_67862045,2,n_d134758a,actress
m_cda5fb71,3,n_b5343c9a,production_designer
m_22843415,10,n_b0369390,actress
m_56315f15,4,n_ed04cee9,director
m_d5cae9f8,9,n_ece11129,self
m_fd67ba43,5,n_7fe1bed6,actor
m_eead630e,2,n_c87af411,composer
m_b7f7beff,2,n_2764dca0,cinematographer
m_ebb966bc,2,n_0748d692,actress
m_cad5bfbc,5,n_cb9b4b1f,producer
m_40363f74,5,n_0f0123c8,director
m_c818b7a6,3,n_9833bc40,actor
m_1bc629d4,8,n_d2ebb90f,director
m_5fb26f54,4,n_54c2e1f6,actor
m_eb34d8c8,10,n_7dffcfc2,editor
m_1b81f381,5,n_a0f5e75a,producer
m_af9ce448,8,n_f46846e3,actor
m_73724869,8,n_23dc44e7,actor
m_0a977067,6,n_7fd613e8,composer
m_436f1772,10,n_784d4c8d,actress
m_38568850,2,n_2a62f94e,producer
m_f628bd09,2,n_71436f7f,producer
m_b273609d,6,n_9c1781d8,archive_footage
m_65f55146,8,n_a03c7cf9,self
m_ae27d7ca,2,n_559e2fdc,actress
m_ac0c83a3,9,n_92ae2193,actor
m_8ea9915e,3,n_fba1072d,actor
m_186c154e,1,n_750d010c,self
m_e1ac0f29,8,n_bcc11e82,actor
m_8e52fc48,1,n_f8551360,actor
m_b8db1697,8,n_13abd77d,producer
m_84e0a486,7,n_d5f44c6b,actress
m_d148847b,1,n_e3f11f2a,director
m_4ed42fc5,6,n_51b53234,writer
m_003a2cdb,3,n_4f09b351,actress
m_5ac472df,3,n_246b59d5,actress
m_bc545fdf,2,n_f0a019ca,actress
m_e974bc78,3,n_b2eebd2b,producer
m_2b0d26ff,7,n_6369aaf7,producer
m_1d232708,3,n_c0aae94a,actor
m_fbf90ee3,3,n_7fdef8b4,director
m_c3e962a4,10,n_8ad00315,actor
m_8d24be19,1,n_c059b062,actor
m_8937e6b4,7,n_5095ab48,editor
m_45b59d10,10,n_8b6a2bf0,director
m_47d7612b,4,n_7ee8f26c,actor
m_7a803411,6,n_fe1530d0,producer
m_8b1d8bc8,8,n_135e0e26,self
m_1f024a84,10,n_9f5db3fe,archive_sound
m_1cb063fb,7,n_32dfa158,director
m_7a4cf888,4,n_5f026f44,actress
m_6b3bd14a,6,n_99d9c5fb,editor
m_bb37c97b,2,n_aba9c2ed,archive_footage
m_93f26388,5,n_88e58c1c,director
m_fcb1f3f3,2,n_ad52a417,actor
m_b5f78951,5,n_e68b3ac4,editor
m_44f3d28f,7,n_b31582b4,producer
m_28356d8b,6,n_8dcd4fc5,archive_sound
m_15cb76bd,6,n_0e591a6f,actress
m_e607d162,1,n_add69f22,production_designer
m_d6e03d5a,9,n_1f27b064,actor
m_58cb474d,1,n_31ca7749,director
m_1a2ca79c,2,n_d0834df9,self
m_e451aca9,4,n_d4ce5141,production_designer
m_c3e962a4,2,n_b1c9287f,writer
m_6c32e6ec,1,n_2c4f853d,editor
m_241b9800,6,n_07041946,actress
m_e3c2fd80,8,n_be3a4a2d,actor
m_25563c34,10,n_54acbe92,archive_sound
m_91e72c18,8,n_1e5126f9,composer
m_f7a0b196,4,n_453cf670,actor
m_e0abbee2,2,n_e2c64d01,actor
m_4faa6f83,6,n_5391bfef,actor
m_83f5e54b,10,n_7941993f,actor
m_574cc5f2,2,n_df471414,writer
m_9f51d2b1,1,n_85752e9e,actress
m_5f654a7d,8,n_f4b45755,producer
m_5fae0a90,7,n_b6c3b617,editor
m_b42773fc,1,n_a5959f02,archive_sound
m_93b7e757,3,n_d84c48af,director
m_f0c21d1c,7,n_64236e62,producer
m_d5cae9f8,1,n_2bdea090,actress
m_aaf7d04f,7,n_80313347,writer
m_9d347cd2,8,n_d234661e,actor
m_8e52fc48,5,n_0268691f,director
m_47d7612b,2,n_fd263300,actor
m_c1d2fedf,3,n_8dfa30bc,production_designer
m_3a0c5884,9,n_326a6bb1,producer
m_32b1b88c,8,n_20e15cd8,editor
m_263ec833,10,n_56f7709c,production_designer
m_11187ff1,3,n_772a5031,actress
m_f606191c,1,n_bd0df1a7,cinematographer
m_c8e7b089,5,n_d7468148,actress
m_854fbb30,1,n_5c3add16,director
m_78ce5690,10,n_4056c4b4,producer
m_44559397,2,n_ced94c5b,actor
m_4eed825c,2,n_c09ce48d,cinematographer
m_dc5579f6,1,n_d56f8ce4,actor
m_5c19750b,1,n_f7bed55f,actor
m_376debe0,9,n_2fe8fb5f,self
m_417c9a6a,2,n_912f16b9,producer
m_b5be923b,9,n_f5cdfb59,actor
m_7c220507,5,n_75f5a10c,director
m_176b08ae,3,n_f4dcb567,actress
m_15842437,3,n_8c9a6594,actor
m_956ced3e,7,n_0bfdccfa,composer
m_3d966c66,5,n_1649a0cc,actress
m_f31d5dbc,7,n_8efa6670,producer
m_11eee7e5,9,n_6d12e9a6,composer
m_1cecdc1d,7,n_16ebb0f9,archive_sound
m_176b08ae,7,n_63f257c4,cinematographer
m_440e0344,1,n_43c3d608,actor
m_3c3bc2d0,3,n_4b887c27,archive_footage
m_beb4011d,1,n_7a476c88,production_designer
m_7815268e,1,n_a9bdbc1f,production_designer
m_b2e963a7,3,n_162fe1f3,writer
m_7ee93aba,5,n_f88d3686,director
m_93b7e757,4,n_5ca6c303,archive_footage
m_0b29969c,6,n_43598640,archive_sound
m_9951fae8,10,n_62280401,composer
m_438abaef,6,n_aa2600d2,writer
m_48ce319b,7,n_72adc279,director
m_94977e25,3,n_2101de01,producer
m_0114aee9,3,n_56103775,composer
m_14db9bcd,2,n_315fb2c7,actress
m_f3640398,3,n_03d58d16,director
m_a339b511,3,n_5fbe0acc,actress
m_788de651,3,n_741351cf,archive_footage
m_d40e5b46,5,n_943c1c55,director
m_7a25eef3,6,n_d2b9903c,actor
m_0cc8f58f,4,n_894dbf60,actor
m_4a1be7b8,7,n_05f68bc9,cinematographer
m_d8cc6bb3,5,n_b4535890,production_designer
m_a7804eb1,5,n_e396d413,editor
m_48124674,4,n_c792c0f0,actor
m_2d081191,2,n_ac8afe99,actor
m_5bea24d3,9,n_0ea1721b,cinematographer
m_9913f613,10,n_93f31805,archive_footage
m_b900726c,1,n_e43bc745,writer
m_2eb7c433,7,n_a830b778,producer
m_33023d9a,9,n_2b39e3bf,editor
m_727d7c5b,5,n_d2932576,director
m_215bffa0,8,n_fc51e153,self
m_4bc4e95f,3,n_0d348457,actor
m_a6b4ab0b,5,n_c5e9ccbb,director
m_2ba0ef58,8,n_9e6fbe70,actress
m_7585fe6d,8,n_baaed034,actress
m_d02304f0,9,n_119e7983,composer
m_6201dd74,2,n_b1bca030,composer
m_61146e51,1,n_2435d580,actor
m_4bc4e95f,6,n_df19cd42,actress
m_840dd4dc,5,n_6d2cd145,director
m_86391691,5,n_65054b43,self
m_840dd4dc,8,n_fb9a823b,cinematographer
m_e9599a91,9,n_5b85a9da,director
m_d46dd242,3,n_d96c3f45,producer
m_3c3bc2d0,7,n_ff00f397,editor
m_c5b69a45,6,n_44bc6aa6,writer
m_78b89b5d,7,n_defd9b8c,actress
m_9b881bf3,1,n_96f3a9e6,actor
m_fe96ab3a,5,n_0592c3e9,producer
m_f2e2dfda,1,n_d4ce5141,actor
m_506a295b,1,n_17a995e7,actress
m_cddfeb47,1,n_76028a17,self
m_5357a98e,7,n_015aae46,producer
m_891aae00,7,n_fc6d5d45,producer
m_0e399430,9,n_0c926fd7,production_designer
m_7d5ae921,7,n_13afb4de,cinematographer
m_001af20a,3,n_306e8e60,actor
m_e8168e11,3,n_7d12ca35,actor
m_372e7e81,7,n_228831e0,actor
m_ddde2c0f,1,n_7014c201,editor
m_8c0749b9,7,n_299ca096,writer
m_9a129b32,9,n_334f35e8,composer
m_4fabf32b,10,n_0e7ca55b,cinematographer
m_f2e2dfda,7,n_eac17822,writer
m_b3e57920,5,n_556aa184,writer
m_15279425,1,n_ce152e7a,actor
m_fee4ecbd,8,n_7a9aff18,composer
m_b7bb529e,10,n_25fcef02,editor
m_18c423a3,9,n_363a9e89,actor
m_0fd545d9,9,n_f65395d5,archive_footage
m_1318126f,8,n_cf06adb6,writer
m_b92c502b,10,n_36310cee,production_designer
m_75a0a895,4,n_32326b3a,cinematographer
m_1b51fb18,4,n_cc814ecf,actress
m_87b3c8cf,1,n_c54d78df,actress
m_3e550444,1,n_35d8a51b,self
m_2e1454f9,4,n_cdba0acd,production_designer
m_7e5a881c,6,n_59383e7f,writer
m_eb4fa1fb,5,n_cd47e7fe,archive_footage
m_cddfeb47,8,n_3fd9c5fd,composer
m_22843415,8,n_bafda6e6,actress
m_bb37c97b,7,n_1fc842e5,director
m_d93b6399,8,n_075c2766,producer
m_dc25024a,7,n_968e2242,composer
m_c634f027,9,n_7a2c721a,archive_sound
m_d3a69c56,4,n_5ba2aca1,actor
m_73a6f595,1,n_9e2768f6,actor
m_0aeefa60,2,n_ff360242,director
m_e79cc6ab,7,n_8d8ed516,producer
m_69abb106,7,n_a7455c6a,actor
m_d34da056,8,n_3c8e2a51,producer
m_48124674,2,n_edd25e11,actress
m_44317303,9,n_ddf6da17,self
m_b36c3a2a,2,n_4277b7e5,self
m_fc581281,4,n_c9e3e03d,actor
m_a9926a88,1,n_64376e28,archive_sound
m_af67750b,1,n_705ab9e2,editor
m_95577b62,2,n_534968f9,cinematographer
m_11f61bab,4,n_ca4e27ce,archive_footage
m_3d97bf2a,5,n_72056822,actress
m_acada810,2,n_f3dc0495,production_designer
m_d276403e,1,n_93d2bf9e,producer
m_b0a74dde,3,n_79b6c64e,archive_footage
m_b62285a8,9,n_a2466a96,actor
m_888589f7,5,n_cac1039a,director
m_404fe876,4,n_698d0ad0,production_designer
m_5547093e,3,n_6e920ab6,actor
m_89cdd69c,4,n_26f441f9,archive_footage
m_ed991b83,6,n_40468231,cinematographer
m_2a569554,6,n_217b4496,archive_sound
m_7e1084f4,3,n_a5db88a6,director
m_44559397,8,n_0e4768e6,producer
m_02d6dd37,3,n_48b36124,actress
m_e01bced0,2,n_2f16cd72,archive_footage
m_478e88b1,1,n_41c3ff20,actor
m_8576d248,9,n_f5cdfb59,actor
m_8a4586de,3,n_96ad0833,actor
m_78ba0d3b,10,n_e2618d17,actress
m_bb454b5d,5,n_b4574e96,director
m_128e4271,3,n_57a3309d,director
m_55cef108,8,n_b485319c,cinematographer
m_bc6bb2d6,2,n_3effc51d,archive_sound
m_e027781c,4,n_3605df5b,actor
m_75d52159,2,n_0ea864af,self
m_0ec60fcc,3,n_e2e9d604,actress
m_47d8d73b,9,n_07c68990,actress
m_b168cd29,4,n_cba1effe,composer
m_78ce5690,8,n_4ef28b8e,actress
m_4227abb8,9,n_f8b0e1d5,actor
m_14058295,8,n_2c6d9acd,actress
m_a659f547,5,n_0fbe2448,director
m_6ef23e35,4,n_832fe8ea,actress
m_9a707a73,6,n_8b2a4081,writer
m_fea4b185,1,n_df085a98,actor
m_15279425,8,n_d16062b5,editor
m_4e9f0ff0,2,n_d8410704,actor
m_7d7cde35,4,n_4051d74d,archive_footage
m_effc61e1,1,n_929bdfc4,producer
m_ff8f92ec,3,n_2943fd24,actor
m_5ae8eaa1,4,n_721c546e,producer
m_0e611364,3,n_65fa9d89,actor
m_391ff340,2,n_93036fc8,director
m_fbf90ee3,4,n_64376e28,actress
m_38170960,2,n_005322cf,self
m_973b1268,2,n_16e97a83,editor
m_94a3a3bd,3,n_81ae44ee,editor
m_b61e69c2,1,n_05d3b473,actor
m_ee069a39,1,n_0f4ea807,actor
m_0e72dff8,2,n_ee8b8f34,actor
m_f8f2b654,7,n_413aafc3,cinematographer
m_438abaef,5,n_1b30911a,director
m_73afd437,4,n_88ba4ddf,archive_sound
m_2d27a0c0,3,n_d1d19195,actor
m_20487ac3,1,n_0bb91819,actress
m_4bf79848,9,n_48fa948a,cinematographer
m_eae38791,2,n_776c4abb,actor
m_7787fb87,4,n_f3160230,editor
m_2da2588a,10,n_5b0ad1f3,producer
m_f5190f19,2,n_2470ef3c,editor
m_67d37887,3,n_5b51fac6,actor
m_d3cb0952,1,n_c6f24148,actor
m_7683cb98,3,n_5580ed50,writer
m_2784f79f,8,n_a95800be,self
m_c04e77c7,5,n_47c92ae0,actor
m_d5cae9f8,6,n_16563cc2,composer
m_89ce92db,10,n_7f6886cd,composer
m_a5b53ead,1,n_d586a16e,archive_footage
m_55e82610,1,n_4d8ae7ab,actor
m_70937957,1,n_943c1c55,composer
m_9fcc21cc,8,n_83049df1,writer
m_f850f67d,1,n_3fbcd671,archive_sound
m_570419f7,4,n_ee8b8f34,cinematographer
m_75c2ece1,9,n_96188b62,archive_sound
m_e6e65a81,4,n_519a1154,actress
m_eccb7e5a,8,n_eac9e40c,editor
m_ee38921d,6,n_92a1ff97,producer
m_ffe2dd28,9,n_d897d8c2,actress
m_4b2ee820,3,n_5702ad1b,actress
m_ddde2c0f,2,n_bf3ac8e1,production_designer
m_7bea91f3,4,n_c1c83f62,actress
m_53db654a,7,n_749732e2,actress
m_168763fc,9,n_71ad113d,actress
m_849aa3ac,8,n_41a3e396,archive_sound
m_88780b8c,8,n_40298620,writer
m_cd31053e,4,n_9141052a,actor
m_a9dd46a3,9,n_db073048,actor
m_ddde0f29,3,n_6b9dd789,editor
m_eae38791,9,n_770d9a43,producer
m_09bba5e2,10,n_b0dd470f,actress
m_60cf90d0,5,n_fbf3c001,cinematographer
m_fd30ecea,7,n_071b08c8,cinematographer
m_fd12480d,3,n_309955b7,archive_footage
m_7a98ddf3,6,n_9b827785,actress
m_5e7522fc,3,n_43f5468b,archive_sound
m_2f9a1cfa,9,n_97b6ca2a,archive_footage
m_af7eee1a,5,n_3af6e2d4,production_designer
m_c357199f,9,n_79cb7ec2,writer
m_e6ce1136,1,n_eb56f62d,actor
m_6c32e6ec,3,n_de06d4ad,archive_sound
m_bfe3676e,4,n_ab6dfaeb,actress
m_cdc3c5a4,5,n_bbd4eca6,editor
m_759fea82,1,n_53420c8a,actress
m_ffe2dd28,1,n_550b9c13,cinematographer
m_c1ec007c,2,n_0e6c721d,writer
m_08073b9e,7,n_90549f21,editor
m_8c613955,10,n_40afa9b6,self
m_7b9ab452,6,n_2d288aba,writer
m_b8db1697,5,n_369f501b,director
m_8656e603,10,n_b3178088,director
m_18d356c5,10,n_95d026b1,actress
m_4fe236f9,1,n_9c7ce6a0,producer
m_5039fb8b,7,n_5789f3bf,producer
m_84a603ae,8,n_f2515d26,archive_footage
m_ad1c6db5,9,n_1e483127,editor
m_1a38b02c,1,n_31fed2c5,self
m_14058295,5,n_fc6d5d45,archive_footage
m_e590b809,1,n_037eb888,actress
m_179b6003,2,n_cc8e9c7f,self
m_a2af1563,2,n_6187a757,actor
m_80566dc4,8,n_e112b25d,self
m_5622aa43,7,n_175597f0,writer
m_af9b0f1e,1,n_9d96b50e,director
m_e5f998ad,2,n_780f1a04,actor
m_35aa7591,2,n_30b8f851,archive_footage
m_ca9ebd38,8,n_97085ac1,self
m_0320a13b,6,n_7a7b0ef5,director
m_1a113f8e,5,n_f4b45755,composer
m_10af1cff,10,n_6b509eca,actor
m_2bd9ca82,2,n_2838f6de,cinematographer
m_39ec33fd,1,n_94aa587c,composer
m_45d9f57e,4,n_5cd8e439,editor
m_877a8f9a,2,n_89ed87ef,actor
m_8bc45f44,5,n_17ce607c,director
m_4a6ff2da,6,n_46fab65f,writer
m_39b84cc8,2,n_d2387117,actor
m_f3f936f1,3,n_3c12b0a1,composer
m_e4e0157d,2,n_879aef34,writer
m_a7981ef3,10,n_29cf6c77,editor
m_2d6d39e8,5,n_381b0e71,director
m_4bc4e95f,1,n_08142a96,actress
m_c16ce80f,4,n_1b5af5ae,actor
m_873c94f0,2,n_7fdb8fef,editor
m_5a790e1f,7,n_e15a36e1,producer
m_ffc72ab7,5,n_18985365,composer
m_9a707a73,10,n_6a887b9c,producer
m_f4f883ca,2,n_9acd58c5,actor
m_31c301d3,2,n_ed01d156,director
m_af84c947,3,n_31878544,actor
m_68159ad2,6,n_d89077b7,writer
m_ad62e301,10,n_10eb46e5,editor
m_6f7e551e,3,n_66e8b05d,editor
m_44d49b5b,1,n_e5a25da5,archive_sound
m_252e98ea,4,n_5ea88af4,actress
m_18d356c5,9,n_71cd5185,self
m_6972f289,5,n_8e2c7f57,director
m_53db654a,2,n_de363b35,archive_sound
m_cee74d39,3,n_4bf90ad4,actress
m_272a2fef,6,n_5139af86,actress
m_652d5ba6,8,n_044ade61,actor
m_e6dbc8c9,8,n_60543f5d,producer
m_ad463408,7,n_201bba1a,cinematographer
m_743d49f6,10,n_53469cdc,self
m_362b9d36,3,n_d148775d,actor
m_db0c166b,9,n_a16e0a88,production_designer
m_9b08588c,8,n_3c8e2a51,producer
m_9d13c2b1,6,n_34fc9bae,producer
m_7b1478d9,9,n_e8413b27,self
m_859c58ad,2,n_02c60aed,actress
m_0156a3d3,7,n_0eae3267,cinematographer
m_04fc886d,5,n_ae53fc0f,director
m_21be6abb,2,n_0781ebb1,producer
m_e2133897,6,n_fc23676a,producer
m_0026d057,4,n_b422fceb,actor
m_3528db87,1,n_b45710f0,actor
m_654f8914,4,n_303e13da,actress
m_850a2ef8,2,n_73023efc,actor
m_0ba565fc,2,n_afffeb45,editor
m_a81d53d5,2,n_4c635cc6,actress
m_d036ada8,9,n_09113f17,composer
m_6938760a,6,n_4e2faf82,editor
m_147191ed,5,n_d6f8f0b4,actor
m_d3d5cd91,9,n_1962fb05,actor
m_eb201b3c,8,n_2212a2d0,cinematographer
m_36fe71d2,1,n_6257ceed,actor
m_ee72ea34,6,n_d4b1743d,writer
m_eccb7e5a,5,n_e2d86ef7,writer
m_d087fe50,4,n_e6384761,actress
m_ee1c5f5a,5,n_9c079990,self
m_7469d014,10,n_ea6e2afb,actor
m_e32c9b25,8,n_a616b56a,self
m_be7f3adb,10,n_c8354774,cinematographer
m_5eefee66,3,n_f7bed55f,production_designer
m_9927404c,1,n_76590f45,actor
m_11240742,1,n_4bc44a37,actor
m_62a18eba,10,n_f9328e8b,director
m_a7804eb1,4,n_79012fdc,composer
m_3b1741f5,9,n_c97f5e4d,actress
m_672d1419,5,n_6d0b5659,director
m_2f231cb8,9,n_dabf688b,actress
m_e9728ac8,5,n_83c40bec,producer
m_504c7695,4,n_0f0123c8,actor
m_b0267d56,10,n_c16189a5,actress
m_8b8e77a0,2,n_79123d0c,production_designer
m_5c19750b,5,n_934a19af,director
m_497a7985,3,n_c713f25d,actor
m_55e82610,2,n_b5f35aae,actor
m_5520d3d7,4,n_4612151c,actor
m_34106a95,1,n_d9564cd6,cinematographer
m_cfb9b6a4,6,n_949e4a02,actor
m_486ecf22,3,n_0e178dfb,editor
m_62c81687,2,n_4487ccac,actor
m_732c303e,3,n_ff6dfce9,composer
m_94a5442e,3,n_bdd54bff,composer
m_b79d4155,4,n_9061502f,archive_footage
m_bc174c3a,10,n_d59bd196,cinematographer
m_d81dea97,10,n_1e5452aa,composer
m_dd24e722,5,n_7b887cf7,actress
m_973822e2,1,n_ab79c03e,actor
m_b6d35939,3,n_70ac2e43,producer
m_03891eb6,10,n_77e155c3,writer
m_abe0195c,10,n_2a4a2105,cinematographer
m_78b383ca,4,n_86bc32ea,editor
m_23ede4cb,2,n_6532c33d,director
m_ffe04f33,3,n_14838155,actor
m_151e87a9,3,n_18712918,actress
m_d9911cfb,4,n_3c7fa2a6,cinematographer
m_ac6532ed,9,n_db073048,actor
m_91250793,5,n_7f0434ff,composer
m_f854263a,10,n_0ea7bea9,actor
m_f816db31,6,n_c37c3f20,self
m_348e7c51,5,n_c534cc82,archive_sound
m_728f6821,4,n_e4abb997,actress
m_f7c09d02,2,n_471964e3,composer
m_157c638b,4,n_c998ddc7,editor
m_7b897111,3,n_a4161f17,actress
m_df8097ef,9,n_36616ff3,archive_sound
m_626b4901,5,n_23450876,writer
m_eab6aca7,6,n_92777b3e,editor
m_d1ca8918,10,n_bfbe4c9f,composer
m_dcb02c8c,4,n_e823cfc8,director
m_25b19561,8,n_e2843919,cinematographer
m_14aeb908,6,n_888d6778,actress
m_b5078341,4,n_ba9ca049,self
m_4ae84a27,4,n_c6a13acc,archive_footage
m_06ad88a8,2,n_cb649b05,self
m_694ed2d6,5,n_c1af73d4,producer
m_cfe1635c,10,n_f45d3393,production_designer
m_567c0f9a,2,n_3bbfdf53,producer
m_66d6a95b,2,n_198a1da7,writer
m_d85438fe,8,n_64da149f,director
m_5cc98336,7,n_06e87fe3,editor
m_f0412c62,8,n_cf06adb6,writer
m_0e21ba6c,5,n_d0a111c2,director
m_e5612b02,8,n_f180ff75,writer
m_44754819,4,n_1880b7c1,archive_sound
m_43d615f2,3,n_d638c063,actor
m_258f6465,5,n_717a89c7,director
m_7d219dc6,4,n_fc51a2a1,self
m_2bc973df,10,n_d99894ee,production_designer
m_f451907e,5,n_4151f987,director
m_e451aca9,4,n_1968e748,archive_footage
m_c6f0684f,3,n_fe9b5cab,actress
m_62669b36,5,n_d277464a,writer
m_52814a60,7,n_96ba76e4,producer
m_36fe71d2,9,n_39afd0bc,writer
m_11240742,9,n_c97f5e4d,actress
m_3771c20c,6,n_3249c01a,writer
m_58141b40,7,n_228831e0,actor
m_8e5098c1,10,n_4ae33120,production_designer
m_de9108a9,3,n_26867c24,composer
m_41008713,1,n_233a47bc,actor
m_ad084688,3,n_08770d1c,actor
m_4e6c77df,4,n_955fef0f,actress
m_3a2ef9ff,6,n_5ad6654d,writer
m_b5aa054f,8,n_ebd187b4,producer
m_d79b0204,6,n_61c55fa5,composer
m_fbb26493,4,n_5f624ee4,actor
m_6907e928,9,n_71cd5185,self
m_a1436432,2,n_3f6f1bc4,actor
m_1eb26152,5,n_9297af44,director
m_f4b5ed84,2,n_ced94c5b,actor
m_08073b9e,8,n_55f67afb,actor
m_196984e1,8,n_e1c11156,actress
m_f5e94848,4,n_879aef34,actress
m_9ea36390,1,n_4ea90757,editor
m_fe948126,8,n_044ade61,actor
m_1082b79b,3,n_14b9ce9f,actress
m_be4e90cc,5,n_1d525c36,director
m_d114578e,2,n_d4573b04,actor
m_aee8af5b,2,n_2ae9d352,self
m_685ae26f,5,n_22f57b51,actress
m_67462b8a,8,n_94a78209,producer
m_183370b5,8,n_74b8fb50,producer
m_8c2a4b92,1,n_596df151,actor
m_646fa563,1,n_cb8863c2,cinematographer
m_5bb241ee,3,n_e015c65a,actor
m_7fbf5d0f,2,n_9ec28e2e,composer
m_6114d3ce,1,n_1a783260,writer
m_b02613ca,1,n_8bd434ef,editor
m_625367a2,2,n_e54ec789,production_designer
m_89cdd69c,1,n_d0c00bb4,actress
m_e9482e88,10,n_e93b57d5,actor
m_6b46e79e,10,n_5b0ad1f3,producer
m_7f1f01e4,6,n_0972e2a8,producer
m_072588a2,1,n_f767005e,actor
m_6944bbf6,2,n_97e7e44c,actor
m_eccb7e5a,6,n_8a9e3e92,producer
m_45e969dd,8,n_cdba0acd,self
m_caf09d74,2,n_5c7ff81b,director
m_e9599a91,7,n_4519182d,archive_footage
m_c3e962a4,9,n_465883c2,archive_footage
m_4fcedb52,1,n_e24cea7d,director
m_63dd410d,9,n_c5a27ecf,editor
m_a9cc592a,4,n_c64b1d77,cinematographer
m_d8533ac5,7,n_7a9fa17e,producer
m_54c95c6b,5,n_710882e7,cinematographer
m_5c32a8a7,3,n_a64c37de,actor
m_a39d548d,8,n_91a1286f,producer
m_baf68322,6,n_2452a089,producer
m_4fabf32b,6,n_5ca6c303,director
m_801b4848,9,n_52e3af0a,actor
m_03891eb6,2,n_c3c40ca3,actress
m_a0c641fb,4,n_ea650f18,self
m_21eed1e3,4,n_a744a91a,director
m_fd7b1812,9,n_93091a8c,editor
m_58e984f7,3,n_f4dcb567,actress
m_27fa04bd,1,n_8865df68,actress
m_f7b3bdec,1,n_96467bcf,composer
m_25f4d2f2,4,n_95af0b27,actor
m_77c21bec,4,n_a4919c0e,production_designer
m_815f2407,2,n_419bb4f8,composer
m_8e026af2,8,n_c9cbcb40,producer
m_49131763,1,n_99661067,director
m_7cf5ee16,10,n_b457cfee,self
m_a62b54ca,10,n_c2ff2ffd,editor
m_398a6bd1,1,n_0dc73412,archive_footage
m_6bd4b62c,1,n_1187d43d,actor
m_e1227b5d,1,n_2e7df375,actor
m_2d6d39e8,7,n_839be393,cinematographer
m_953c5367,8,n_0a2053ad,self
m_9ede83da,4,n_7f0b2b37,archive_footage
m_62c81687,6,n_33bf2e4d,writer
m_8b78b53d,5,n_2c4f853d,director
m_c162d19d,3,n_770d9a43,cinematographer
m_1c2f95b6,7,n_31155c20,self
m_0af41983,3,n_34d36367,writer
m_ce2b82f1,1,n_ee3be898,actress
m_9927404c,4,n_7ba6f724,actor
m_e7dab023,4,n_82952acd,actress
m_9b881bf3,4,n_959c3c32,actor
m_ea6284cf,5,n_c0193c9d,composer
m_06c02ffe,7,n_af751f51,producer
m_d9911cfb,1,n_ee34f432,director
m_c8e7b089,10,n_08808664,archive_footage
m_2908d42d,6,n_6ac60a25,cinematographer
m_3d97bf2a,6,n_be1e10a5,director
m_e4c5dd98,6,n_e7321576,cinematographer
m_55e82610,9,n_18174369,actor
m_8a4586de,7,n_8814f2cb,composer
m_a39d548d,9,n_fce5974b,writer
m_af311f65,8,n_c931f811,archive_footage
m_9c58893e,7,n_82e707ce,actress
m_570419f7,4,n_9464df72,director
m_7f600b47,4,n_3f2fc548,self
m_b0f50825,5,n_0592c3e9,producer
m_25809dbe,3,n_c60741a7,actor
m_4832e5a6,4,n_567dede6,actor
m_20c3f647,2,n_cbe84546,composer
m_3f1c63d9,9,n_2506886d,director
m_0aeefa60,5,n_d25b575a,editor
m_18c423a3,3,n_ef771703,actor
m_5559ca19,5,n_ee25a54d,production_designer
m_70622591,10,n_54a516b9,archive_footage
m_78ba0d3b,8,n_63aa0026,actress
m_ea96fa75,1,n_9c0af23c,actor
m_5cc98336,5,n_ba6eace5,director
m_038ff8cf,3,n_d5d16be7,production_designer
m_637b0306,8,n_aea5dc27,self
m_dabdb911,1,n_278dfbfd,self
m_67748044,5,n_0bfb1001,actor
m_ffcdf465,2,n_6ac4620b,self
m_9ff8a32c,10,n_6438bb1b,writer
m_14b9ba3b,1,n_c6f24148,actor
m_5b86e7d1,2,n_5580ed50,actor
m_1bf2ad81,2,n_d8410704,actor
m_ee3ad0cb,7,n_09868878,producer
m_7d8d5b2f,1,n_621e9bae,actor
m_bb2b59bb,1,n_8dbcc0f0,actor
m_f3f936f1,4,n_33a2d82d,writer
m_da7258af,7,n_1c96036b,archive_footage
m_e79cc6ab,2,n_67ccac81,actor
m_903bc2c6,6,n_af7ed9b1,self
m_e2370c0c,7,n_d4a4fa1c,composer
m_a5b5c7c2,2,n_5093fd5d,production_designer
m_2cbec8fa,1,n_917cab78,actress
m_2002d90d,3,n_0d9649ab,editor
m_ed34f2df,5,n_198a1da7,archive_footage
m_15279425,3,n_0b490547,actor
m_d6d9b165,8,n_9fd69c98,producer
m_b8db1697,10,n_8912e2a5,cinematographer
m_0eae7398,7,n_4be0063e,cinematographer
m_567c0f9a,5,n_05ef9fee,producer
m_9e21e38b,3,n_965414e1,actress
m_34106a95,2,n_a9221d2e,archive_footage
m_5a833d72,5,n_3e7f2904,cinematographer
m_79e2865c,7,n_ed6f5144,actress
m_98b8f4ba,4,n_a5f6195b,producer
m_15842437,1,n_d7b42d7b,actress
m_1c6b8460,7,n_b9ab02c4,producer
m_c1d16794,6,n_894214df,self
m_998b9414,2,n_d8ef39fe,actor
m_493aa0d8,1,n_5324486f,actor
m_12095d1e,2,n_2d9d9861,actor
m_386220c0,3,n_d44c1ae5,self
m_cc942525,5,n_211dd1c9,archive_sound
m_c162d19d,4,n_3eeb51bf,self
m_36e68fc0,2,n_065dbfe6,actress
m_cd254b2b,3,n_b1ab92e9,director
m_b4ecaa0b,10,n_b457cfee,self
m_a597e6ba,1,n_aa7a7210,actor
m_da547854,1,n_953e66c7,actress
m_68186e09,4,n_d7eae775,archive_footage
m_e5e8891b,3,n_5324cba9,actress
m_a3c1f866,1,n_3ac31183,editor
m_057296d1,1,n_25842fb4,actor
m_5622aa43,9,n_849fac03,actress
m_ee38921d,3,n_4790a424,editor
m_832fae8a,8,n_cb462c29,actor
m_f6da5cfe,3,n_23e326fc,archive_footage
m_c6625414,1,n_472f5383,actor
m_e4343f60,4,n_138d0e24,actor
m_18ee8171,5,n_5ca6c303,director
m_90dbed83,1,n_363c67d9,actor
m_425e8d6f,10,n_5b6b66ee,director
m_6b67faab,7,n_4543a285,actress
m_5a5400a8,1,n_76308a58,archive_footage
m_af67750b,8,n_fd3b4515,archive_sound
m_b0a74dde,2,n_94f3043a,actress
m_54ea5a3c,2,n_ba0485fe,cinematographer
m_c1aef994,10,n_59945a77,writer
m_ff644e2e,6,n_ef3ceda9,producer
m_6b0e3e11,2,n_01715a16,actress
m_5b86e7d1,6,n_8acdf3ab,composer
m_983991d5,5,n_c0794331,self
m_61c0e8b5,10,n_aa429634,actress
m_6318da31,2,n_2e986329,actress
m_87498d03,3,n_65fa9d89,production_designer
m_ce6f2e2b,6,n_6f190ba3,archive_sound
m_c8db0b90,1,n_ebad5131,producer
m_7befcff4,8,n_f3289d08,actress
m_e3298586,4,n_ed138e9c,actor
m_e48b383e,5,n_bfcc01b6,actress
m_425cfe95,3,n_e602db89,writer
m_bb0112f0,1,n_fad5d08b,archive_sound
m_5c0153d5,4,n_eb267064,actor
m_3737b922,1,n_064b30ee,production_designer
m_46cca511,3,n_ac7491d8,production_designer
m_5861eb5a,5,n_2bf5c68f,director
m_cbe35ead,5,n_cf8659c6,production_designer
m_0156a3d3,5,n_75f5a10c,director
m_05021ecb,2,n_c16cee9e,archive_sound
m_f8af4d57,1,n_63010857,actress
m_28bc053a,3,n_dca0e215,director
m_983991d5,7,n_dfbdd7c7,writer
m_436f1772,3,n_e0ce0a42,actress
m_ece7adcc,2,n_9aa16003,actor
m_5a90227e,5,n_fa988367,composer
m_aebf9d31,2,n_4d82c839,director
m_f7de784e,6,n_d3aa2d84,composer
m_56b261c3,6,n_4cabff10,self
m_b5f096ff,1,n_cece1811,actor
m_654f8914,2,n_9e70b11a,actress
m_37d4f72c,1,n_68b536a0,composer
m_02dc56f6,8,n_bbac40d1,writer
m_1a0c5b73,5,n_1c0e6e2c,director
m_c8c45ab7,7,n_e2e51c22,actress
m_cb8781fb,5,n_fdd8f2f2,director
m_cd3948c2,1,n_13662a61,actress
m_426342e9,6,n_421655a2,writer
m_90e613bd,1,n_4d847f8e,director
m_038ff8cf,4,n_dd194f46,actor
m_570c7a02,5,n_343db1b7,director
m_74dbad96,8,n_63681083,self
m_f1067d99,1,n_d28d7abe,actor
m_7d8faff7,8,n_c6f2aeee,producer
m_41cd6d98,6,n_8831894f,director
m_7c50def1,2,n_6a94edc9,self
m_39580c6a,4,n_99ed2f4c,actor
m_c8a5438d,8,n_ebd187b4,producer
m_a39d33aa,6,n_e8b7f12c,producer
m_ca6d7005,9,n_71559120,actress
m_e11b2a3e,5,n_e9857a76,director
m_7475eed2,10,n_61d5d909,editor
m_7e3b8fd7,8,n_34a6c2d0,actor
m_c305a00c,10,n_9d61aae1,editor
m_f7de784e,2,n_fdb5448f,actress
m_547151dd,2,n_6d05e24e,actress
m_99905b19,9,n_c64b1d77,composer
m_ff812265,1,n_51e15c6a,writer
m_b4090215,6,n_db0c613e,self
m_1d1cc30f,10,n_c9405b10,production_designer
m_a6b4ab0b,2,n_49e5fc61,editor
m_a41f4ccd,4,n_76fc0728,self
m_0d61343e,7,n_43f0cd3b,composer
m_edab97cc,6,n_07a49fe9,writer
m_9437c456,7,n_ae8be9fc,cinematographer
m_5971a060,4,n_e493026e,actor
m_70923b18,10,n_373fe391,archive_sound
m_74b0d832,10,n_a4919c0e,actor
m_fe090bec,6,n_128ffda0,writer
m_672d1419,1,n_1638f0b8,actor
m_ece7adcc,4,n_b9df4cf5,actor
m_1ea671a4,5,n_93a11b29,actress
m_1a0c46cc,1,n_33943e29,actor
m_42ed13f5,1,n_2423462e,actress
m_4faeeb6e,3,n_eac4ed87,actor
m_7bea91f3,3,n_c8a7a29c,actor
m_7b26ebc2,1,n_eb869aa5,archive_sound
m_abdd66d9,4,n_09a401eb,archive_footage
m_61a457d5,2,n_9d1e1187,producer
m_8c710bf3,4,n_5df03be5,self
m_f63720a2,9,n_b4a6a757,director
m_c17cf2e5,4,n_e6b1a03f,self
m_63ee9cad,7,n_04275205,composer
m_88ed40a6,2,n_849f7b04,actor
m_a3762983,5,n_4d82c839,director
m_63ee9cad,2,n_d8e468f3,actress
m_218d4732,5,n_83d69302,production_designer
m_b0267d56,4,n_2423462e,producer
m_a3813897,3,n_0d511dd5,production_designer
m_196984e1,3,n_492226ee,cinematographer
m_4be98326,5,n_c38aca71,producer
m_4eb99e8d,7,n_53041000,producer
m_908d258f,7,n_22f01414,cinematographer
m_6ca1eefd,7,n_081d37ef,cinematographer
m_7c5281d7,5,n_3659aa42,director
m_ce73c7f0,2,n_5e0ae603,actor
m_9122fd8c,8,n_ac9568e5,production_designer
m_7c220507,7,n_0eae3267,cinematographer
m_3ab576ad,6,n_4df6ecb1,producer
m_c1dbc797,6,n_42679ce0,producer
m_a5b5c7c2,4,n_03dcefbc,editor
m_13de35b3,3,n_4ac8e1fa,cinematographer
m_28e16f24,9,n_8fb1cc89,self
m_4d9b5019,8,n_f47d5eb8,self
m_986bec98,5,n_f757e97e,composer
m_15842437,6,n_7cea0ab0,writer
m_26fbf023,8,n_c7a82ae0,composer
m_ad084688,2,n_7bbff8db,actor
m_cfe1635c,7,n_8efa6670,producer
m_7f600b47,7,n_12bc7d38,actor
m_cb73f341,2,n_3982537c,actor
m_45f332fa,9,n_09113f17,composer
m_3154f663,9,n_6f6390e0,composer
m_23c301ea,1,n_a69827b5,actor
m_2d1d73b2,10,n_2f00712d,editor
m_89f04c78,1,n_233a47bc,actor
m_6bd4b62c,3,n_85e4f18e,writer
m_d49d8474,3,n_76e08c93,director
m_85ab0478,6,n_83307fa7,producer
m_38568850,3,n_3980d2fc,actor
m_83f5e54b,1,n_caaaf445,producer
m_241b9800,8,n_f71f63a1,actress
m_a6b4ab0b,9,n_b9e4129d,composer
m_1bc629d4,4,n_6666d23d,self
m_998ac17e,7,n_89ce9329,composer
m_4add0ebf,8,n_40924d51,actress
m_50b62201,7,n_a75f8aa7,composer
m_61876b1b,1,n_1be3e371,director
m_4e2fa64e,3,n_ede3a931,self
m_fee4ecbd,3,n_d5813668,actor
m_abdd66d9,1,n_4224793d,producer
m_26ffee3a,6,n_b9cbdc85,actress
m_4227abb8,1,n_a6c569dc,actress
m_ca1d5651,2,n_ef5c1eef,self
m_c9ff037c,6,n_d21eb3d9,writer
m_aafc5083,1,n_92b45204,actress
m_e3c2fd80,2,n_60ca3807,actor
m_ee1455a7,9,n_3dce1c38,cinematographer
m_dcb02c8c,5,n_150eb9ff,director
m_ac048ba9,3,n_b940f2ec,self
m_1442b96f,5,n_5ac7a8f4,actor
m_39580c6a,6,n_3bf64ab2,self
m_34f8c910,8,n_bc7f8b34,writer
m_7fb1eebe,2,n_08a2a356,self
m_4f7745cb,2,n_7ec7663b,cinematographer
m_48ad9a23,1,n_a8656209,archive_sound
m_0adaed18,3,n_590b3d97,archive_sound
m_2a99f98a,7,n_6daf6dce,archive_footage
m_4acf940c,1,n_62f01af1,actress
m_ee5fb609,10,n_01a08597,actress
m_62a18eba,8,n_63036e59,cinematographer
m_749eeabb,1,n_f37ae90d,actor
m_c1ace255,9,n_1ccaf705,cinematographer
m_d40e5b46,4,n_26f4dbb5,actor
m_4e9f0ff0,8,n_e2bf0e24,editor
m_570419f7,5,n_f2d5bbfc,archive_footage
m_877bbcea,4,n_cba26fb7,writer
m_dba6930c,1,n_ee7dad44,actor
m_c80f1fdb,9,n_16f8da62,actress
m_f15728ce,4,n_08770d1c,actor
m_4be56554,8,n_5f22530c,archive_footage
m_18c423a3,6,n_1d3aa7fe,producer
m_7ba3bac5,8,n_ed820da5,composer
m_ec794406,5,n_20ec5518,director
m_dac66e51,8,n_9c07dbde,director
m_22a7e99a,5,n_d2387117,cinematographer
m_4c1cb7d0,6,n_6e2c401f,composer
m_61e21202,1,n_4a90ecff,production_designer
m_56f286ce,9,n_97f96b5d,composer
m_48f2683a,2,n_c6204175,self
m_83a1eb37,2,n_6e03d743,actor
m_0c961ac3,6,n_33992b3b,actress
m_e7b7a703,5,n_1b6a27cf,self
m_56e78cfc,6,n_5139af86,actress
m_1082b79b,1,n_6b85716b,actress
m_df5d5d0b,3,n_fe9b5cab,actress
m_bcc732c1,10,n_e66553cb,editor
m_873c94f0,6,n_e6491daf,editor
m_66537efb,1,n_4bc44a37,actor
m_f2e2dfda,4,n_b9b60cf6,actor
m_98118588,6,n_db2e7828,production_designer
m_371b7594,2,n_70393dd5,director
m_4832e5a6,1,n_b3f5cd08,actor
m_c31ac386,4,n_cad6d1fd,actress
m_26b4059a,6,n_4a0d54cc,director
m_22969cc2,1,n_400ea582,cinematographer
m_1ecba8a7,1,n_951a9f52,producer
m_f6a400ca,6,n_f60c6098,cinematographer
m_04cf0d8b,4,n_d3490e43,self
m_db6edc0c,3,n_83cc5603,production_designer
m_8439c2d6,1,n_fd46178c,actor
m_e9728ac8,3,n_c198e0f4,director
m_ad9f3b1b,2,n_5a9a8522,actor
m_fee4ecbd,5,n_f8a88b5e,director
m_3055f7b7,9,n_5be148ed,actress
m_b66aaf12,8,n_fb60c894,actor
m_28b498a0,4,n_b3520b25,self
m_adf9bb72,3,n_d502253d,self
m_2b1620ac,9,n_56e6abf0,production_designer
m_7683cb98,6,n_8acdf3ab,composer
m_0a88f500,5,n_369f501b,director
m_ffc72ab7,10,n_b77bb34e,producer
m_e1af3ecd,7,n_e45bac94,actor
m_f1bae8ba,7,n_34265dc6,self
m_6f671941,9,n_2392cb67,producer
m_1442b96f,2,n_cf0f89f5,self
m_a0562b41,4,n_86f8df0f,director
m_759fea82,3,n_94722a7e,actress
m_9d52369c,4,n_b2dfae5d,actor
m_2cfb77e6,8,n_1fe95160,producer
m_e8db5d8e,4,n_e7629fe4,actress
m_5faba3ef,9,n_43f90353,editor
m_32727737,3,n_0ebcc960,cinematographer
m_d40cf3af,2,n_3499e37a,cinematographer
m_af67750b,5,n_3580dfe8,director
m_e7ae2bcb,5,n_577610ae,editor
m_e767c43b,6,n_1412cc10,cinematographer
m_3f733949,8,n_2008d0fd,writer
m_6e1de71a,8,n_d16062b5,editor
m_f6627db0,5,n_13d17ccc,producer
m_eda9e722,6,n_0c32c191,actor
m_62a18eba,4,n_5ffa0d80,actor
m_5873c86e,2,n_092bbf00,composer
m_b24ebef2,8,n_b1b41086,editor
m_87498d03,5,n_e2c7cb7f,writer
m_36e68fc0,4,n_56a7d416,self
m_2abf3657,2,n_ffd70217,actor
m_ff1d210a,2,n_07c2b9e2,director
m_91625b8e,10,n_41d34859,editor
m_f82d81be,8,n_89b9a7a0,production_designer
m_fb66e085,2,n_6be057eb,editor
m_ea9bd788,4,n_9122eecc,actor
m_7e3b8fd7,7,n_42adf516,actor
m_530f021e,8,n_5026105f,archive_sound
m_351d18c9,7,n_2e515a16,writer
m_771b7e47,4,n_3f2fc548,self
m_15842437,8,n_7552a105,writer
m_effc61e1,4,n_40c93739,composer
m_626b4901,1,n_f767005e,actor
m_52e70f48,2,n_fd263300,actor
m_8467b838,6,n_753a9d96,editor
m_cd3948c2,10,n_d8d59876,cinematographer
m_e5e8891b,1,n_542ed93f,producer
m_601b57cf,6,n_3c235be2,producer
m_8c0d8fb2,1,n_e8b3f407,actor
m_bee105b3,7,n_39381f8f,composer
m_8a592fda,4,n_19615d76,archive_sound
m_dc5579f6,6,n_f9fb2ac3,producer
m_b168cd29,4,n_7ba6f724,actor
m_2cedcf9c,1,n_39ad89fc,actress
m_4f1cc9d4,6,n_24467bca,writer
m_36c4fae3,1,n_b9c1eb6b,writer
m_7fb1eebe,1,n_9b4ce3f4,director
m_07fd665e,4,n_052f2e16,actress
m_a8d019e8,10,n_dba04b84,actress
m_fe70bed7,4,n_5b7503ec,actor
m_ce6d9f6b,4,n_222df4a7,actor
m_2d9fd866,1,n_5a8af89e,actor
m_998ac17e,6,n_378ad7b9,writer
m_54c95c6b,5,n_1a904d51,director
m_3e438803,3,n_bd4f7212,producer
m_574cd8bc,8,n_7104cd07,composer
m_1ec3c91d,10,n_ce2e5df6,actor
m_371906f9,7,n_334433ec,actor
m_25b19561,2,n_3eb4ab68,self
m_c305a00c,7,n_e232dbd4,actress
m_3da86600,5,n_db5bb82d,director
m_f1d74e6d,5,n_9239660f,actor
m_8e5098c1,4,n_99cb42c9,archive_footage
m_207c6bfa,6,n_f970887c,archive_sound
m_6907e928,1,n_75d63901,producer
m_527a1b28,5,n_3beab6ed,production_designer
m_11300226,4,n_487d6788,cinematographer
m_4e30f9da,5,n_10ecdb22,director
m_1971728a,10,n_433b8bf7,self
m_371800ef,5,n_a6f81a1f,producer
m_32ec3a4d,1,n_807cef34,cinematographer
m_14058295,1,n_028ffb6f,writer
m_f6da5cfe,10,n_f7c0ea66,production_designer
m_705f4cce,1,n_1448c317,producer
m_39c0474c,7,n_56ce75e1,composer
m_993d59a5,2,n_4c635cc6,actress
m_1d545255,4,n_6366096c,actor
m_e444b793,7,n_7915d640,composer
m_128e4271,1,n_de9aaee0,actor
m_3c33a926,5,n_ac0d61e5,archive_sound
m_7ee93aba,4,n_ea379dac,actress
m_6654f0dd,1,n_76a031f2,actor
m_0e764a65,4,n_39377a75,cinematographer
m_d114578e,6,n_5b9ac9df,director
m_8ca85843,6,n_ed23cc54,director
m_ab92067c,5,n_849eac28,production_designer
m_218d4732,2,n_25b57e80,actor
m_690d5def,9,n_83910f51,editor
m_1442b96f,5,n_65153688,self
m_84a603ae,7,n_a44fa547,production_designer
m_60cf90d0,2,n_8952d74f,archive_footage
m_6f478cc7,9,n_f67f3000,producer
m_248c8fc8,3,n_e6748c36,archive_sound
m_4fba6a05,8,n_f4102c72,producer
m_983073aa,2,n_f92484eb,actor
m_840dd4dc,3,n_ffa5fe31,actor
m_1120a262,6,n_08133905,composer
m_27cdc384,1,n_929bdfc4,director
m_7d8d5b2f,9,n_4ff6ce6a,actor
m_15bc79c5,5,n_71e22f1f,actress
m_8899cb5f,3,n_56afa513,actor
m_38d2b0e7,1,n_319d8bfc,editor
m_5342b8d9,6,n_893640cf,writer
m_40363f74,2,n_10f91b30,self
m_62c81687,1,n_393b24ee,actor
m_d04bf825,9,n_82ac8e83,composer
m_e21ad181,6,n_a11de40c,producer
m_372e7e81,5,n_b4bba998,writer
m_29da0ad0,9,n_14ca1e89,actor
m_80049f6d,6,n_329519dd,actor
m_92ed7cd1,1,n_ff1e6ae4,writer
m_5250ef70,2,n_e46cb42d,self
m_15874354,5,n_9cf85a3a,archive_sound
m_c75b70e0,10,n_76e2fa42,archive_footage
m_02dc56f6,5,n_652838ef,director
m_0014f51b,1,n_1791b770,self
m_6957d8f6,7,n_778af6e9,writer
m_562ceff1,4,n_ea39fa33,archive_sound
m_a8ea1d97,3,n_79b6c64e,archive_footage
m_1ecba8a7,5,n_56f5134a,self
m_92012ce4,7,n_2d86f3af,writer
m_a8e198b5,6,n_33bf2e4d,writer
m_41f85ea5,7,n_4d7b181d,actor
m_7e1084f4,6,n_4196bb19,actress
m_9f8f8828,6,n_3ec841e8,producer
m_ceaf61fa,7,n_ff507c97,composer
m_27e58ad4,7,n_aebef115,self
m_f2dfd521,5,n_eb85ec5f,actress
m_52e70f48,5,n_7ee8f26c,self
m_42ed13f5,10,n_d8b0d743,composer
m_21be6abb,4,n_b9df4cf5,actor
m_001af20a,2,n_277df7ae,actress
m_c8db0b90,5,n_982b35f5,director
m_f439591c,7,n_30664ed1,self
m_13036663,8,n_57d2d74f,writer
m_3b016875,9,n_030c11d8,director
m_7f3c7920,4,n_ed8b6102,writer
m_a99ad1c5,9,n_04f015ea,actress
m_cb0344e2,10,n_edbfaad8,editor
m_22969cc2,2,n_b92a746a,actress
m_ffe04f33,4,n_6049b358,actress
m_bdf2df14,2,n_57a3309d,composer
m_4ccd1a64,3,n_b2cc4863,archive_sound
m_3c3bc2d0,3,n_777e6bc5,actress
m_59819281,4,n_29142305,self
m_435c5f8a,1,n_72dbb95d,editor
m_8656e603,7,n_f4f289db,actor
m_9913f613,7,n_1eb0a582,producer
m_65bb4b52,2,n_38c4d55a,writer
m_19a74f09,4,n_9c9d8f24,actress
m_45654924,2,n_8dad9f4a,actor
m_d8456cf7,4,n_b0f0b5a6,composer
m_be840c9d,6,n_39e78553,director
m_c7d08d1d,9,n_2fafc0ef,cinematographer
m_f3d041e9,1,n_20f6ed87,actor
m_4fb91f67,2,n_813caeab,self
m_0f29eb4b,4,n_ac7491d8,actor
m_940539f1,1,n_95ad5f1b,self
m_dc1df16e,8,n_3b23f9f9,editor
m_dbf6ef63,1,n_60bba5b1,actor
m_6fb88c54,1,n_2a55bd7a,actor
m_3e7a6480,5,n_cc684160,editor
m_efee1f0e,7,n_a5dc0570,actress
m_d4a848a0,4,n_70532f88,self
m_56d1ddcd,7,n_ecaa1395,actor
m_57e05472,10,n_1c1c4108,production_designer
m_9c29925a,5,n_bd4a2b94,composer
m_5c0e53a0,5,n_bbfeb8ae,cinematographer
m_dcdeeb05,6,n_2ea6798e,writer
m_1a0b8059,4,n_3ea78268,actress
m_a53327a1,6,n_7ce2f459,actress
m_d7c0a052,3,n_60677cf5,actor
m_c9ff037c,5,n_fcaf8e10,director
m_d06dad1b,5,n_7ae199ad,director
m_417c5ece,10,n_30869d3e,director
m_599b93f7,4,n_efe6ff85,self
m_37d61639,2,n_b1bca030,actress
m_b9876468,4,n_8ba51556,actor
m_8f25b75b,1,n_b177d73a,self
m_3ea22507,2,n_ee8b8f34,archive_sound
m_6a35651b,7,n_c2646589,cinematographer
m_87498d03,6,n_d3329b77,writer
m_ee67dc21,2,n_a5db88a6,actor
m_dcb02c8c,6,n_df201a16,director
m_3fc7b454,2,n_4d8ae7ab,composer
m_a9926a88,4,n_742e2806,producer
m_8ea9915e,5,n_79c2f6d8,actor
m_ee3ad0cb,1,n_0470137d,director
m_0530d54b,4,n_1a0cd1d9,actress
m_4c977c76,7,n_84b9df43,writer
m_0a0343a0,6,n_f01baa72,composer
m_7883c987,1,n_9d96b50e,director
m_7c8f5cb2,4,n_9383d540,cinematographer
m_c97b9254,5,n_b3c0da7e,director
m_e903fab1,2,n_c9ad0cc1,producer
m_fb81d236,7,n_8457a893,actor
m_6adb3191,4,n_2469a5ad,actor
m_b41361eb,5,n_12a41ab9,writer
m_777804af,10,n_0b71077a,cinematographer
m_3da86600,3,n_777e6bc5,actress
m_2c2838b2,1,n_5c3add16,director
m_73a6f595,3,n_1448c317,actor
m_3dbcefdf,2,n_35de9891,actress
m_b21e6214,5,n_1c0e6e2c,director
m_a3b20fb6,5,n_60928412,director
m_f0c21d1c,2,n_cd969ab6,production_designer
m_5601af48,6,n_5a976f5f,producer
m_da7258af,8,n_d2bbd8f8,writer
m_26fbf023,1,n_f6d5e392,actress
m_27985b40,8,n_135e0e26,self
m_5fae0a90,1,n_f615b1f5,self
m_50b62201,8,n_dfb1f803,cinematographer
m_9ffcf71f,2,n_29367451,producer
m_03d0089f,1,n_6b1bad89,actress
m_7e5a881c,9,n_4790a424,editor
m_70937957,4,n_90b7f6a3,production_designer
m_bfe0b38e,5,n_0b701bb2,production_designer
m_a39d548d,6,n_eeb71288,self
m_eb336508,6,n_1e56cff0,archive_footage
m_67db988b,5,n_6fd136a5,actress
m_2ead1fd4,2,n_1e2e0a8e,actor
m_78b89b5d,9,n_16f8da62,actress
m_024dcf05,3,n_0a21ce6e,production_designer
m_79002538,10,n_4aa8e356,actor
m_68ec7e4f,4,n_5118f035,composer
m_99659f8b,3,n_7aea2efb,archive_sound
m_28bc053a,6,n_ab9ced41,composer
m_b307e34f,10,n_9840d000,editor
m_1fe9ce8b,1,n_05bc4a9a,actor
m_58141b40,3,n_93bfb493,producer
m_3fc7b454,10,n_07450f3c,archive_footage
m_059c523c,1,n_c2bc0cb3,editor
m_42963538,5,n_6716002e,self
m_b0850833,8,n_d5e0fb41,writer
m_4bf79848,7,n_28920cb5,producer
m_6f9ea23c,6,n_c72f1931,editor
m_bffa0f82,6,n_97c5daf9,writer
m_674bffd9,8,n_13b74489,self
m_f95cc1e7,5,n_eaaa6f63,editor
m_d72f3a2d,1,n_6f9d2441,writer
m_5fb26f54,6,n_0cf574aa,writer
m_d81dea97,5,n_00e8b5ed,director
m_5a790e1f,2,n_3cae087e,archive_footage
m_99b31293,1,n_8aa575f9,producer
m_0bdf6f75,1,n_fe0a438a,actor
m_8a216d8a,6,n_facea49f,archive_sound
m_04cf0d8b,10,n_655c2e50,producer
m_0b34d3c6,6,n_838ccee0,producer
m_bbf257c7,8,n_1790d554,composer
m_2d27a0c0,9,n_4c5122e1,producer
m_f277068e,8,n_386be55f,actress
m_0fe443b3,2,n_0549a441,actress
m_71f21f60,7,n_a7dfeabf,composer
m_7af929a1,6,n_c4be9295,cinematographer
m_e0bc3f78,10,n_6ef5d4d5,self
m_f0352e20,10,n_9f25b5ee,producer
m_8b0233eb,9,n_bb3bb380,cinematographer
m_d7dea776,3,n_0ea1721b,director
m_986bec98,1,n_cbae8b3d,actor
m_93d87d45,8,n_ec73b28b,cinematographer
m_7a736086,8,n_abd3fe63,actress
m_6e1bd196,1,n_796bf343,director
m_5be52a34,1,n_32b025e3,composer
m_e00c7d01,1,n_d195b723,archive_footage
m_5a833d72,1,n_672fb17b,actress
m_d13ad83a,2,n_3997ee07,archive_footage
m_7bea91f3,8,n_609e72c9,producer
m_b2e2a0b9,7,n_9a6559ac,archive_footage
m_11623e9f,1,n_708b0b0d,director
m_10af1cff,5,n_cac1039a,director
m_851e7878,4,n_513fcbed,actor
m_db6edc0c,2,n_36622cc1,composer
m_8e52fc48,6,n_6ef355e1,writer
m_74c82e17,1,n_31d292d5,actor
m_6ca4a604,7,n_a931b12d,writer
m_9a06f629,5,n_5c3d5aae,actress
m_6b706b4a,8,n_b70c98f5,actor
m_95d022cb,3,n_f426d644,actor
m_2f231cb8,2,n_91d9e783,archive_sound
m_7c8f5cb2,6,n_88e4c25d,composer
m_67288590,5,n_7f6a222d,writer
m_dc1df16e,4,n_83228545,editor
m_a6b4ab0b,8,n_63aa0026,actress
m_70c69fec,1,n_b74e089d,self
m_5342b8d9,7,n_06b9af31,cinematographer
m_8755465a,2,n_e4ce0247,producer
m_d2edcdac,6,n_9dd0f8bd,actress
m_89cdd69c,8,n_34a97ce2,self
m_36d334b2,5,n_be9b897c,director
m_7ce1d814,1,n_2962bc0e,editor
m_295857b3,3,n_907b274a,actor
m_11187ff1,2,n_8ef384fb,actor
m_9a9e67e8,1,n_97185ccd,actress
m_68682837,2,n_e7bc4c51,actor
m_50a843fc,1,n_e6e64d9a,self
m_96d5e627,10,n_3b5092cd,production_designer
m_92c79046,5,n_f94cd2a2,director
m_272a2fef,5,n_e7d7fc1f,cinematographer
m_76dd9b3a,4,n_10b0fefa,actress
m_be840c9d,8,n_c495646e,cinematographer
m_e9e00b3e,6,n_41e2d1cc,director
m_f0352e20,7,n_8457a893,actor
m_af924cda,6,n_279d4f17,cinematographer
m_c8843e62,7,n_30712d22,writer
m_acf44082,9,n_28e2374f,composer
m_15842437,10,n_424c78c1,cinematographer
m_9b08588c,7,n_3e99c9c9,writer
m_1edf1449,3,n_8f3e985b,editor
m_e79cc6ab,6,n_58db0d72,writer
m_d2db498b,1,n_1bc303a0,self
m_426342e9,7,n_af87f3d8,writer
m_86abc091,5,n_56f5134a,self
m_b4ecaa0b,1,n_308058c9,self
m_015b6a6b,7,n_b9f77afb,cinematographer
m_25f4d2f2,5,n_2edd27a5,archive_footage
m_072588a2,3,n_513fcbed,producer
m_a7a8ce7b,2,n_77c03d3a,writer
m_fd67ba43,2,n_e8530037,director
m_8a675942,3,n_7af6384c,composer
m_0ee53865,7,n_61388db9,cinematographer
m_730fd233,6,n_3cf9d2df,producer
m_c8843e62,4,n_d789078e,actor
m_b1ce370b,1,n_cbd6d4b5,actor
m_92012fd7,10,n_4e8ce732,director
m_dcf30748,9,n_72204955,self
m_e5266c53,5,n_59fd58f7,director
m_69abb106,5,n_5c72a596,production_designer
m_cb8781fb,1,n_a15b3f32,actor
m_78b383ca,9,n_98a20f12,director
m_65b4d190,5,n_1d10042a,producer
m_67aa531b,2,n_a1fb3538,actor
m_d4c86b7b,9,n_04710fe5,archive_footage
m_95d022cb,7,n_17560b25,producer
m_072588a2,2,n_4a85ebb8,director
m_e767c43b,2,n_5d9f2cab,production_designer
m_ec4f16bc,9,n_2609851c,producer
m_bd97781b,6,n_43f5468b,actor
m_f0c3fa7b,6,n_1b79f7a4,producer
m_d3f5c9b2,1,n_654cd276,actor
m_08de8f3f,3,n_1bf765b5,writer
m_3129b9b4,3,n_a3c5d49e,actor
m_05de20ee,2,n_89156e12,cinematographer
m_f8fd5f41,3,n_bea01959,actor
m_a2dacc3f,3,n_95b467ef,actress
m_703af0db,1,n_a753f9d4,cinematographer
m_f8a9d7ee,6,n_489b07f2,cinematographer
m_03f3f6bb,4,n_faa725ca,actress
m_9808308c,7,n_d5b5a7ee,cinematographer
m_7d7cde35,3,n_202ba8bc,composer
m_e3cd0678,10,n_46e0a8cc,production_designer
m_dde857c4,1,n_334433ec,actor
m_6676744a,1,n_08c782df,actor
m_7f366465,3,n_9199c1af,archive_footage
m_4db1129c,2,n_ae629185,actor
m_cfe1635c,4,n_32725b10,producer
m_62669b36,3,n_12b04e29,director
m_d4da8107,4,n_9840a29d,director
m_1020281c,7,n_50b5e365,director
m_e2c2817b,8,n_7e4d4406,actor
m_576016d3,2,n_90d93983,composer
m_bb872855,4,n_7ab0f0fb,composer
m_c17cf2e5,5,n_405b678a,actress
m_3d463270,5,n_eef7d12a,actress
m_736a039a,3,n_f6d5e392,actor
m_31181818,2,n_5a306f72,writer
m_7c50def1,4,n_c0deabf4,self
m_9c29925a,2,n_25a012fa,director
m_7b7b672c,9,n_0ea1721b,cinematographer
m_ea082050,10,n_edbfaad8,editor
m_f9b9e03c,2,n_76cd06fb,actress
m_a58e670a,4,n_505d9ffc,actor
m_781d3dcd,1,n_753333a7,producer
m_a3762983,1,n_4b66cc2f,actor
m_860e40c6,7,n_edf43475,writer
m_6c134cbf,5,n_b2f0b474,self
m_ebb966bc,9,n_6ae9aa93,producer
m_e15de473,2,n_5531db9d,actor
m_85ab0478,4,n_55dda48e,actor
m_1b4a087e,6,n_5eb425fc,writer
m_1d545255,1,n_c59289fc,archive_sound
m_f507aff1,1,n_741351cf,actor
m_937ff844,9,n_99884f7d,self
m_61aaa665,3,n_7adf8e2d,cinematographer
m_55e82610,5,n_4224793d,director
m_6c5064a7,2,n_b9620d19,director
m_3a76b893,8,n_707ad00d,actress
m_6d10d68e,5,n_76e234c6,director
m_51eb4d52,2,n_c57d1ab4,archive_sound
m_62c81687,10,n_3d7bc64e,writer
m_1db63610,6,n_71676075,writer
m_5ed58e2e,1,n_ea039411,editor
m_dc0e8abd,5,n_7241b158,cinematographer
m_6dbc1f84,8,n_20b01a72,production_designer
m_dabdb911,10,n_9e1869cc,editor
m_3402ae7c,1,n_99a6dd2d,actress
m_ee7f404e,4,n_471533c5,actor
m_4be56554,4,n_29ba7569,archive_sound
m_f5190f19,8,n_c3c71b0b,production_designer
m_ac4e6bd8,3,n_906a76ef,actor
m_605cbb25,2,n_02e195e2,actress
m_74b0d832,6,n_43428fab,writer
m_15502585,2,n_b73e111b,actor
m_02e25848,3,n_d86b6ba2,actress
m_3a2ef9ff,2,n_54d6ade1,actor
m_44a71444,6,n_f0a8012a,archive_sound
m_569011fb,3,n_1cb339d4,actor
m_9d52369c,5,n_943c1c55,director
m_a6ad2241,4,n_7a77d45e,director
m_7cbbbf51,4,n_04041419,actor
m_aa0d84c3,10,n_932a8197,self
m_79ccfcdd,2,n_31e40b7d,cinematographer
m_b263e030,1,n_5138dac5,editor
m_14058295,1,n_4c4f3941,actress
m_850a2ef8,6,n_8e8d7cfa,archive_footage
m_2a760152,1,n_44d50baa,actor
m_6318da31,4,n_42b7bfd4,director
m_891aae00,8,n_0dd10be2,producer
m_d328f5a0,3,n_04f55918,self
m_62c81687,7,n_de2655ea,composer
m_417c5ece,2,n_d330c954,producer
m_477acafc,9,n_afe4f4a4,composer
m_131a5789,2,n_e0db5765,composer
m_e6ce1136,9,n_95a25ac8,actor
m_ce2b82f1,4,n_d39a5869,actor
m_4f09fc34,5,n_9ee86be6,director
m_bbf257c7,9,n_46176d6f,cinematographer
m_5ed58e2e,2,n_60e5611f,editor
m_7f58cab8,5,n_3880e576,director
m_3a18e7cc,2,n_c9aa14b7,actress
m_17ae6670,8,n_0dd10be2,producer
m_794b1b3c,2,n_99ed2f4c,editor
m_7d8d5b2f,10,n_e0ea82cb,actor
m_743d49f6,1,n_5113c011,producer
m_c15dd512,4,n_932076c7,actress
m_dc25024a,8,n_93205810,cinematographer
m_2abf3657,4,n_cc814ecf,actress
m_5820ca0b,5,n_e5548049,cinematographer
m_2e979131,4,n_04f2e4c0,actor
m_bdab1cc7,5,n_78062cd5,self
m_4e6c77df,3,n_f8b2df75,editor
m_e9482e88,1,n_953e66c7,actress
m_8f25b75b,4,n_22f57b51,actor
m_46897f10,1,n_60f5f988,cinematographer
m_19e9d7d1,7,n_9c758c1d,producer
m_f7973a35,3,n_fcb14f34,editor
m_b61f7c7b,1,n_09abc88f,actor
m_b5ff630a,5,n_87f16f04,cinematographer
m_3bc03d8d,4,n_9ff935e2,production_designer
m_d84cfd7d,1,n_05d53fb8,self
m_cd3948c2,4,n_5414220b,actress
m_bc744304,2,n_3f1a6592,production_designer
m_ceaf61fa,6,n_86231e21,producer
m_2dd2ec0c,4,n_644d8277,actress
m_dd24e722,5,n_5ca6c303,director
m_164de2c3,7,n_77bff987,composer
m_fdc21af8,8,n_d67fd95e,actress
m_8d0cc177,1,n_2423462e,actress
m_e2adeab4,3,n_29ce677f,actress
m_69abb106,6,n_4f5e4672,producer
m_d93ef41e,4,n_5e597d3b,actor
m_86abc091,1,n_dab51b1e,self
m_a9c69bfb,4,n_2089747a,actor
m_ebca88d5,6,n_b9f15844,producer
m_a1436432,10,n_fafef3b3,editor
m_93b7e757,6,n_8b2a4081,writer
m_660eadd3,4,n_3f929483,archive_footage
m_9f955238,1,n_116e6b19,actor
m_ec794406,1,n_8fb1fd2d,archive_sound
m_51ec8e5f,8,n_09a0748e,producer
m_998b9414,5,n_5fed1823,production_designer
m_e71b8fa2,7,n_476832d5,writer
m_67462b8a,4,n_1bebf7dd,actor
m_b92ed3de,8,n_c36e7150,producer
m_1c1e044b,8,n_b3e20513,cinematographer
m_33118e54,6,n_0bcc355f,director
m_9c29925a,1,n_cbae8b3d,actor
m_660eadd3,3,n_0c3dc596,archive_footage
m_cf7a6f79,3,n_4b126109,actress
m_02e25848,7,n_e68cc85e,actor
m_ffc910c9,4,n_c0794331,actor
m_d34da056,4,n_8718d24d,producer
m_b18579b4,2,n_b170c6b3,archive_footage
m_3bd0e133,4,n_4208aa98,archive_footage
m_85ab0478,9,n_e725b3a9,editor
m_45f3cbe8,6,n_bd74c270,actress
m_973822e2,2,n_4d724c8a,actor
m_89b958fd,3,n_56e1d708,writer
m_85665e7e,2,n_d938001e,actor
m_6c80596d,4,n_3f64859d,actress
m_7475eed2,1,n_117c204f,actress
m_aeb3c8ea,3,n_25a012fa,director
m_ef53c2d7,10,n_5da75049,archive_footage
m_0bdf6f75,3,n_062cc2dc,actor
m_70d3c13c,6,n_20b93696,writer
m_b7a693a4,7,n_4371d5de,composer
m_7bc05867,3,n_29839717,writer
m_9b881bf3,7,n_42640f67,writer
m_8c7929b4,7,n_895e5e3a,producer
m_43a8a305,4,n_1e213dc2,actress
m_2ba0ef58,6,n_935e909a,writer
m_8a707273,8,n_2aa110aa,cinematographer
m_acf44082,2,n_b9b74b43,actor
m_683ca120,9,n_379c1907,writer
m_5d376455,4,n_e521a25b,production_designer
m_57db7f54,5,n_9815ad07,director
m_1bc629d4,5,n_d373a901,archive_footage
m_73dedb8a,9,n_2039a82c,actor
m_989f9694,9,n_1b707d97,writer
m_79e2865c,10,n_66ffa8c2,actor
m_b5aa054f,1,n_70ac2e43,archive_sound
m_417c5ece,4,n_7ab992eb,actress
m_92012fd7,2,n_6645c2eb,editor
m_61425ad0,3,n_9edfeb27,self
m_92012fd7,1,n_a9a461e1,composer
m_ce4be0e6,2,n_1a977028,self
m_eae38791,6,n_380d3e75,writer
m_53a01c73,9,n_cc8e9c7f,actress
m_87b6027b,9,n_d066bee0,actor
m_3fc7b454,9,n_3c5f09fb,composer
m_76dd9b3a,2,n_25b57e80,writer
m_f111af3d,4,n_e9922ae6,director
m_9d347cd2,3,n_d0e2beb7,actor
m_490f655b,7,n_af751f51,producer
m_8f07c539,6,n_dbff0750,archive_sound
m_d90040f7,8,n_034562d5,composer
m_6f478cc7,4,n_84c6317c,actor
m_c55249f1,6,n_c55f9fe6,actress
m_9ff8a32c,5,n_1146fb60,actor
m_b61f7c7b,6,n_aa7bddd4,production_designer
m_851e7878,1,n_f767005e,actor
m_17eb75c8,5,n_814e4290,archive_footage
m_30b78ac2,4,n_f67f3000,self
m_eb336508,3,n_31dfba2a,actor
m_f1324eb1,9,n_4197525f,editor
m_1020281c,9,n_6fbb6bfe,self
m_f111af3d,2,n_aaee6426,actor
m_1db63610,2,n_343471d7,archive_sound
m_e54770b6,7,n_8e641222,archive_sound
m_7ce1d814,7,n_7bdb7a08,composer
m_d8cc6bb3,3,n_79278762,actor
m_d6c32f7b,4,n_9122eecc,actor
m_425cfe95,6,n_12e2c75c,self
m_2a99f98a,1,n_30be40a2,actor
m_be86ab8f,6,n_e4e41f40,producer
m_3fc7b454,2,n_4224793d,production_designer
m_cad7948e,10,n_51ecd6ca,composer
m_ffc72ab7,9,n_805eb1a6,editor
m_57db7f54,10,n_56e09273,editor
m_cdc3c5a4,6,n_53b4729c,editor
m_17003d6a,5,n_04e96b90,archive_footage
m_5d376455,3,n_6b09168c,director
m_3bc03d8d,3,n_4157ca6f,producer
m_ba2adfa6,3,n_855aa0a2,composer
m_930200dd,3,n_3c389b95,director
m_78ba0d3b,2,n_fba76430,actress
m_36da57e4,8,n_1e5126f9,composer
m_5c0e53a0,2,n_dcce97f4,actor
m_fcb1f3f3,7,n_2729db04,actress
m_efdb70a1,5,n_7654bdf1,actor
m_acb5b2db,1,n_214d637b,actor
m_309d9ad5,5,n_bd4a2b94,composer
m_d4c86b7b,8,n_4a230bf2,director
m_f8f2b654,3,n_7a34a838,writer
m_e9e00b3e,9,n_9b6007b9,actress
m_9dd49969,4,n_3a4c777f,archive_footage
m_84e0a486,8,n_001a2b02,composer
m_4be98326,3,n_5d0a1dcf,actress
m_0005e156,2,n_8b456551,actress
m_6b5e3867,3,n_d8410704,self
m_ae277c99,4,n_987f9cb2,actress
m_ebe06f6b,3,n_d008231c,actor
m_89e4a021,3,n_101da3ab,archive_footage
m_d610727e,3,n_f1134247,composer
m_f30c9095,4,n_eb267064,actor
m_9ff11ec9,8,n_73bb3486,actress
m_7475eed2,3,n_b04a85a1,self
m_f6627db0,4,n_5297f057,composer
m_1a9bf1f1,4,n_92729363,self
m_567c0f9a,4,n_b52629f8,producer
m_76f14a00,5,n_5c96998f,director
m_3d84472b,5,n_da47115a,writer
m_a98c5a40,4,n_a00d38c7,actress
m_ee5fb609,8,n_f48d73f4,actress
m_e9482e88,3,n_bea01959,actor
m_ab596b85,2,n_99884f7d,actress
m_9d52369c,7,n_3f1cb4ba,writer
m_a53327a1,3,n_bbccbd50,actor
m_0ba565fc,6,n_54396019,director
m_1a7a89cd,10,n_29ec7e5b,composer
m_7469d014,1,n_f0655a6a,actor
m_9922112b,5,n_c3a0e404,archive_sound
m_c1eba0f2,1,n_6d0b4540,actress
m_1f024a84,1,n_eb56f62d,actor
m_52fc7478,5,n_6e5a1ae9,director
m_040e9429,1,n_b5343c9a,self
m_8a60ea2d,8,n_101da3ab,writer
m_feb07978,9,n_5345476f,composer
m_82136c6f,1,n_b7f04b1e,actress
m_c5b48ad4,1,n_16bd809b,director
m_733ebe08,9,n_665a9b9a,director
m_3cbe46bc,6,n_138ef3db,editor
m_7e5a881c,1,n_2482b298,actor
m_91e72c18,6,n_3ad60455,writer
m_024d6709,8,n_a03c7cf9,self
m_b5bf80f0,2,n_e931cda5,actress
m_ebce9b6e,1,n_97106c94,producer
m_0d57c4b8,10,n_5d73e1c8,composer
m_70d3c13c,9,n_a9221d2e,cinematographer
m_32b1b88c,1,n_b0a2d695,self
m_714ee188,5,n_eb9545d7,editor
m_fb64e846,8,n_48c75cb6,archive_sound
m_7b1e8dc1,5,n_be9b897c,director
m_0114aee9,1,n_8e8efd40,composer
m_0d02f592,3,n_22a39e63,archive_sound
m_e3c2fd80,4,n_aa8975d0,editor
m_720f5c44,1,n_fcf2ed72,composer
m_1bb10adc,9,n_3461ad0d,actor
m_dde857c4,3,n_39dd0840,archive_sound
m_761953d2,4,n_b94c80b9,producer
m_2d1d73b2,6,n_414cf4ba,producer
m_93801116,9,n_6f238ea5,archive_sound
m_36ba14a0,3,n_e44f03b6,cinematographer
m_46fef7af,5,n_3e2364ad,director
m_e3d4f272,5,n_ab9ced41,composer
m_56315f15,9,n_96cb4737,producer
m_186c154e,8,n_b6519d6f,producer
m_d2284e99,5,n_db80d2f6,producer
m_a698707d,4,n_fafef3b3,actress
m_15279425,4,n_e57365cd,actor
m_d73710cc,2,n_397da846,actor
m_2472e9d3,4,n_921cf4c0,actress
m_4a1be7b8,3,n_18c6b439,actor
m_ce25cd74,8,n_4ef28b8e,actress
m_37081b49,3,n_ab9a02f8,actor
m_8fb04f1d,4,n_9061502f,director
m_85e16560,8,n_64948be5,cinematographer
m_17dcf4c6,10,n_eb4694f4,editor
m_07553921,7,n_b8da63e4,actor
m_65b4d190,8,n_a4ca2a39,cinematographer
m_bfa98cfa,6,n_8e1ed5cc,writer
m_9808308c,1,n_0e41df02,actor
m_1f75414b,10,n_47e081e0,actor
m_3bd0e133,2,n_6f7037ad,editor
m_5432ce46,1,n_71cd5185,actress
m_1a113f8e,3,n_22f57b51,actor
m_5e72d63f,9,n_857e51dc,editor
m_451eaeb3,7,n_f305f508,editor
m_39b84cc8,4,n_9f5e6c48,actor
m_73248f40,10,n_7c6bbeb1,production_designer
m_cb4277f9,2,n_39699875,actress
m_d6cc4e4e,8,n_b787cab9,cinematographer
m_89581f9f,9,n_a3fcfb95,editor
m_957d3bbf,9,n_c1af73d4,editor
m_51f1baec,3,n_7dfd6c9b,self
m_fe948126,2,n_a905d895,self
m_5342b8d9,2,n_e97df1cb,actor
m_28b498a0,1,n_6fd136a5,self
m_17003d6a,7,n_0deeb7f4,cinematographer
m_d1ca8918,9,n_dd194f46,producer
m_ba7fe779,1,n_297315e1,actor
m_ff31e47f,9,n_41d9578a,producer
m_fd938cfb,5,n_bd6a4630,editor
m_7cf5ee16,7,n_98c06623,self
m_c18adf5a,7,n_e669677d,archive_sound
m_39ebe224,1,n_7dd5e112,production_designer
m_aa88f1dc,8,n_7a12d922,producer
m_1434d992,3,n_cd5b89f7,actress
m_486ecf22,1,n_ff956eb6,actress
m_2cfb77e6,9,n_4c90c807,actress
m_4ce869fa,5,n_cc8049db,cinematographer
m_f3d041e9,3,n_9ab4f18f,actor
m_5a833d72,3,n_f543f592,director
m_4cdf5bb1,5,n_f569f262,self
m_ff3c27c8,7,n_a7fb7478,director
m_0b1ad78a,6,n_85194131,actor
m_3db46794,5,n_cdd369f2,director
m_fc581281,8,n_4e94f1dd,composer
m_67462b8a,5,n_7de5444b,director
m_dd8aec85,3,n_5706c3a3,archive_sound
m_facb873c,1,n_b0658932,self
m_9052db60,5,n_20ec5518,director
m_28422f7e,2,n_4f7515ee,editor
m_63b3ec85,3,n_394a66ea,director
m_a3942f15,2,n_0d42052f,writer
m_bffa0f82,4,n_efc752ba,production_designer
m_91e72c18,9,n_b6f00cfe,editor
m_45b59d10,3,n_5d0a1dcf,actress
m_4eed825c,3,n_830200b0,archive_sound
m_2a756320,5,n_9297af44,director
m_77b436d9,1,n_0184d566,writer
m_08bee0e1,5,n_a01ddad2,archive_sound
m_530f021e,2,n_80763086,cinematographer
m_80e46b0c,7,n_eb0e9a33,composer
m_d5022723,10,n_cfd5bb60,self
m_4f1cc9d4,8,n_6c5f31b5,composer
m_e20db791,4,n_b4549f07,actress
m_3129b9b4,2,n_3735a7b6,actress
m_67e8af73,1,n_fa847a41,archive_footage
m_30f8e0ec,2,n_337ca1a4,producer
m_f3b14771,3,n_802be488,cinematographer
m_271bb5e5,3,n_37e8a91f,actor
m_da2a1f2c,10,n_c3da0ab5,self
m_3ff2d4c3,2,n_21711186,actor
m_ff8f92ec,2,n_c6f881f9,actor
m_218d4732,4,n_10b0fefa,actress
m_15502585,1,n_e3d3e493,actor
m_9b08588c,3,n_87f1e85f,actor
m_c17cf2e5,2,n_a5a94105,cinematographer
m_1eb26152,2,n_b9299d69,actor
m_24d25210,8,n_917ec6cb,composer
m_983073aa,3,n_f2b924c0,actor
m_6b5e3867,4,n_4e857a0b,self
m_c75b70e0,9,n_d552bfb3,actor
m_8d69830e,2,n_6ffcad4f,self
m_0e9ec811,9,n_814e4290,actor
m_08368a02,7,n_65b89188,self
m_44b22f05,7,n_0ecfe4b0,writer
m_4b2ee820,6,n_26867c24,cinematographer
m_36da57e4,3,n_06010efa,director
m_8a665e22,4,n_9c947031,actor
m_05658497,4,n_4e4d3967,self
m_dd8aec85,5,n_59fd58f7,director
m_1c1e044b,1,n_50fe44ec,actress
m_8b8e77a0,4,n_349ed684,actor
m_13c8cf25,2,n_177c4455,actress
m_9951fae8,8,n_61796578,producer
m_3ab576ad,4,n_955fef0f,actress
m_9099c0e5,3,n_2943fd24,actor
m_23f2e6ae,2,n_60183d4d,actor
m_bea845cd,7,n_8457a893,actor
m_b4f1a9d1,4,n_5f5bde28,archive_footage
m_8b773881,1,n_665f0510,director
m_79e2865c,5,n_bc2c216b,composer
m_2bc973df,9,n_99884f7d,self
m_9e8a7763,3,n_f1cb1679,production_designer
m_84a603ae,2,n_39230f85,archive_sound
m_91625b8e,8,n_2bccd613,actress
m_3af459e8,2,n_4050b3f3,self
m_d1ca8918,2,n_60677cf5,actor
m_7a25eef3,8,n_e46cb42d,actor
m_1fe9ce8b,5,n_982b35f5,director
m_11db5a17,7,n_dae28bb5,editor
m_4d9b5019,4,n_1e0fa44c,actress
m_a9a91b0e,2,n_87ef7ccc,self
m_497a7985,9,n_946bd75e,archive_sound
m_e20eb734,3,n_65fa9d89,actor
m_debaa829,3,n_25d40f95,director
m_fe948126,6,n_dec1726d,actor
m_e2133897,1,n_a87a7468,actor
m_c0761938,9,n_43f90353,editor
m_b4043239,7,n_4c281cae,self
m_e8db5d8e,2,n_71416b59,actress
m_3e7faca4,4,n_a3c22e1b,self
m_eb4fa1fb,9,n_e6f16b86,producer
m_e90f9031,10,n_56cb679d,actor
m_7d8d5b2f,2,n_70574d49,actress
m_7b48eaab,3,n_56a9d51a,actor
m_228d518a,5,n_79159293,composer
m_31c12c94,7,n_d4310dde,director
m_97c29033,1,n_7c39092f,self
m_504c7695,10,n_16bc52f7,cinematographer
m_734a6c0c,5,n_e9267c88,actor
m_95701af0,5,n_d47e3cf7,director
m_d90a65b9,9,n_5b7503ec,actor
m_cb0344e2,3,n_0b2155b9,director
m_705201d4,5,n_d0afb304,writer
m_8b37e095,1,n_a34810d9,director
m_7a39a606,7,n_a75f8aa7,composer
m_94eef14a,2,n_fbd866db,self
m_e20eb734,6,n_82bb6dfb,director
m_271bb5e5,10,n_1c1c4108,production_designer
m_1a459403,5,n_77bff987,writer
m_e6de900f,3,n_18c6b439,actor
m_4130f6e6,4,n_5357a4c0,editor
m_7a100814,5,n_1091286c,writer
m_f95cc1e7,3,n_12b04e29,director
m_0e9ec811,1,n_65054b43,self
m_c15dd512,7,n_f569f262,writer
m_7b9ab452,2,n_a47eb28a,actor
m_03ecc932,8,n_948d9956,producer
m_b5f096ff,7,n_36d674dc,editor
m_f995df77,1,n_7db2d32e,actor
m_b5078341,8,n_1db53d52,director
m_4176f2ac,6,n_e7321576,cinematographer
m_fc51f61c,2,n_604bb7c6,actor
m_1fe9ce8b,10,n_68bba4a5,production_designer
m_1ea671a4,9,n_4d71204e,actress
m_6ea1ed11,9,n_91fdbd6a,production_designer
m_8d1df1a2,3,n_a64c37de,actor
m_8f6cb4cf,5,n_f4a8d278,director
m_9a707a73,3,n_7b887cf7,actor
m_31596762,7,n_016e96f6,producer
m_111978c7,9,n_70df68f6,cinematographer
m_2855f652,9,n_b77215d7,archive_sound
m_75a29bbd,6,n_2d868126,writer
m_4832e5a6,8,n_73c392e3,composer
m_4fba6a05,1,n_fd46178c,actor
m_baf68322,1,n_327d6ff9,archive_sound
m_99659f8b,6,n_08efd41e,production_designer
m_4ef25119,1,n_ed731c8f,self
m_9ede83da,5,n_e934085f,production_designer
m_af84c947,10,n_669e5b15,production_designer
m_7b1478d9,8,n_53277d48,self
m_58e7b4b9,5,n_72b8b36d,cinematographer
m_1a4dc2c8,4,n_32a73709,producer
m_b9876468,5,n_886d404f,director
m_2aaf7263,1,n_530d6323,self
m_69066026,8,n_778bdbb9,actress
m_50718567,2,n_f261d001,archive_footage
m_a006305e,1,n_71cd5185,actress
m_445ee971,2,n_2b165d15,director
m_2e979131,3,n_3493ff5e,actor
m_8ca8050f,5,n_63233914,director
m_0aeefa60,4,n_31399cec,cinematographer
m_9b8ce802,10,n_8f41e107,cinematographer
m_27b5289f,10,n_f3ced25b,actress
m_45e969dd,6,n_895b7343,self
m_d4f7cf7d,1,n_49b59344,self
m_873809de,10,n_fafceb18,self
m_d7c0a052,9,n_970bf674,editor
m_c3a579ce,2,n_8b20ef40,self
m_8682d3cd,1,n_0283774b,director
m_24be6dd7,5,n_a0aeaacc,actor
m_e0ec28a5,7,n_7ad05d55,producer
m_04fc886d,6,n_a11de40c,producer
m_51f1baec,4,n_62671876,actor
m_fc581281,6,n_8000fa1b,writer
m_11db5a17,4,n_d103467b,self
m_d2bad384,3,n_94dbd5f8,director
m_f439591c,3,n_e310937b,actress
m_445ee971,4,n_a7dfeabf,actress
m_40363f74,10,n_4355e4b7,writer
m_f5e94848,1,n_456aa377,actress
m_e50ad61c,3,n_ac531b7a,actress
m_04fc886d,10,n_46a14ce3,producer
m_995ec761,10,n_8987268d,composer
m_eda9e722,7,n_6ed128a6,self
m_ec4549c5,4,n_ad937882,editor
m_1edf1449,2,n_4051d74d,composer
m_7a98ddf3,2,n_77be28e9,self
m_2cb42a4b,1,n_4be40597,production_designer
m_d2bcb922,6,n_ca99c5d3,editor
m_7e5a881c,3,n_57127dcc,actress
m_cad5bfbc,4,n_987f9cb2,actress
m_504c7695,6,n_ecffa6d5,director
m_605cbb25,9,n_8ef118fe,actress
m_176b08ae,2,n_14dcf192,director
m_477acafc,4,n_d161cfa9,actor
m_bb2b59bb,7,n_1d19ed4a,actor
m_93f26388,1,n_95b10f7a,cinematographer
m_0005e156,6,n_af5e0bd2,cinematographer
m_89b41e82,6,n_c5264b31,producer
m_b6d35939,8,n_4538ed18,production_designer
m_436f1772,6,n_3461ad0d,actor
m_3a0aab99,10,n_3647e60c,director
m_86fdf226,1,n_e25ddc10,self
m_d328f5a0,6,n_3807832d,actor
m_6368bca1,1,n_c39e5bce,editor
m_56f286ce,8,n_ca2515e4,actor
m_4effe3f4,4,n_e1f54e8e,production_designer
m_1897b1ee,10,n_78b232c5,actor
m_053a8af8,3,n_52531af7,actress
m_ce2e1251,3,n_0423d737,producer
m_8a707273,1,n_bb66d711,actress
m_94c71c29,1,n_20f6ed87,actor
m_4c977c76,3,n_6a429117,producer
m_935ea9ef,7,n_dd9f5de3,composer
m_5de1ad1e,4,n_567dede6,actor
m_bfa98cfa,3,n_5702ad1b,actress
m_89b41e82,4,n_5414220b,actress
m_a3b20fb6,3,n_4dbeb26f,production_designer
m_b0ce4d46,1,n_97d4e088,director
m_cce176fe,2,n_9945caa2,actor
m_67aa531b,1,n_5aab50fa,actress
m_b7f7beff,1,n_d62f5f8c,actor
m_9437c456,4,n_9a6876c4,self
m_3eeb547c,8,n_3d55b643,self
m_39ebe224,2,n_34d5b2ac,self
m_aca76173,7,n_c3156c52,cinematographer
m_41008713,5,n_bbae7490,producer
m_4faeeb6e,9,n_b9c1eb6b,editor
m_c6e215ff,3,n_e03956de,composer
m_31a8bc05,6,n_b4d6f323,actor
m_7c4d1253,1,n_44d50baa,actor
m_7e5a881c,10,n_cc05a9ad,actor
m_b5197fea,1,n_acd63812,actress
m_e50ad61c,2,n_b3f57145,actor
m_31c12c94,1,n_7df62868,actor
m_b76ba0e0,5,n_0cbfb188,self
m_1d141526,1,n_669274e4,editor
m_78ba0d3b,5,n_c5e9ccbb,director
m_fe090bec,5,n_2e399863,director
m_dcdeeb05,3,n_fa5f232f,actor
m_f04e66a8,2,n_4d5bc2a9,actor
m_d90040f7,1,n_98b26c00,director
m_d036ada8,8,n_f1ca3a6d,actor
m_4db1129c,5,n_43f409a1,cinematographer
m_c15dd512,6,n_67aa3368,writer
m_741f8b8f,9,n_27769d76,director
m_9b075a3b,1,n_e43bc745,writer
m_f8ace812,2,n_c9aa14b7,actress
m_d53cb1e0,4,n_f73d3330,self
m_6a480d80,8,n_b204641e,cinematographer
m_b84d23ce,2,n_599c00f2,actress
m_ce6f2e2b,7,n_56ce75e1,composer
m_6d10d68e,8,n_7f39af44,actor
m_04813d6d,3,n_d15db8f6,archive_footage
m_e2370c0c,10,n_2270e120,director
m_e46d5503,7,n_6d4ccdce,archive_footage
m_5b753350,2,n_484d757f,actor
m_a8ea1d97,7,n_e3fb5e2c,producer
m_983073aa,4,n_1e213dc2,actress
m_06761600,7,n_957aee73,archive_sound
m_b4e7b17f,3,n_5b1be6b1,self
m_51ec8e5f,7,n_850e9801,actor
m_d90a65b9,4,n_a86b3853,actor
m_fde2cbd3,7,n_9f451003,self
m_3b8ee4b1,3,n_ef4a6039,actor
m_bfa98cfa,4,n_22e7ff2c,actress
m_08cd444e,2,n_47814290,archive_sound
m_6733b5ed,2,n_52b4aead,actor
m_7b9ab452,7,n_40c93739,composer
m_a0c641fb,5,n_0f0123c8,writer
m_ce6d9f6b,6,n_2b1b2d44,writer
m_33516a2d,2,n_a4e236ef,producer
m_74bf3d2e,8,n_d8e92224,producer
m_598c3822,1,n_f90e67fc,producer
m_e743038b,6,n_b9cbdc85,actress
m_8656e603,9,n_f1cd2ce9,editor
m_49425636,1,n_cbae8b3d,actor
m_5054b78f,3,n_58314333,archive_footage
m_b7a693a4,9,n_ff5a540d,director
m_9f51d2b1,2,n_60ca3807,actor
m_3c5162cd,4,n_9dea787d,actress
m_8b37e095,5,n_bbd4eca6,editor
m_6d962bc2,3,n_508fcf48,writer
m_634c5890,6,n_5d72183b,cinematographer
m_d560c295,2,n_e85b4e37,writer
m_f1d74e6d,4,n_95af0b27,actor
m_8755465a,1,n_d70fe620,director
m_b1e9cca5,3,n_5d0a1dcf,actress
m_3c5d74e7,3,n_166240a1,editor
m_d6d9b165,6,n_2e4a98c4,writer
m_7c4d1253,3,n_7097ecd6,actor
m_62a18eba,1,n_292a1c95,archive_footage
m_a597e6ba,3,n_e80a5de4,actress
m_efb61fa6,6,n_7ec027ca,producer
m_68ec7e4f,10,n_ae4a49ef,editor
m_1db46f68,1,n_d2bc98c1,production_designer
m_ea4442d1,1,n_4a3733e4,actress
m_ffac6bfc,4,n_1b5af5ae,actor
m_22e05129,10,n_92c68c00,director
m_9403e2cb,8,n_8fb53cd3,cinematographer
m_cb7ac631,4,n_9f5e6c48,actor
m_94a3a3bd,8,n_46bdf89c,composer
m_dae55a44,3,n_f72bb1ec,composer
m_7cbbbf51,1,n_93036fc8,actor
m_5039fb8b,1,n_9716f64c,actress
m_b0a74dde,7,n_7101cbdc,actor
m_45f332fa,6,n_8cdc3070,writer
m_3ff2d4c3,1,n_6257ceed,actor
m_b276ad01,10,n_e0ea82cb,actor
m_d818a304,4,n_a3d62cb2,actor
m_ce7fe48d,7,n_33539c05,archive_footage
m_9e3ce494,1,n_7ec7663b,actor
m_13c5e718,5,n_cdd369f2,director
m_024d6709,4,n_d7b2a9c7,self
m_da53ae20,5,n_810cd6d2,composer
m_b4043239,5,n_a739f392,self
m_dc25024a,10,n_a26c69eb,actor
m_c30ade5a,1,n_75a88510,producer
m_ff8f92ec,6,n_ab9ced41,composer
m_2dd2ec0c,3,n_e015c65a,actor
m_7236e556,3,n_68c7f085,composer
m_78ce5690,9,n_982c24d1,writer
m_2b260257,4,n_546b97f2,composer
m_2f453466,6,n_7c05318b,composer
m_48d7054d,4,n_c709bc40,actor
m_5820ca0b,8,n_7b59ae75,archive_footage
m_9cfe861c,8,n_113cb1eb,cinematographer
m_fd67ba43,4,n_6a9a9b41,actor
m_effc61e1,5,n_8ee9cdcf,director
m_46e5b283,8,n_d394e07c,archive_footage
m_7cf5ee16,3,n_2b6b119f,self
m_8c0749b9,5,n_1a904d51,director
m_2ce7d8c0,2,n_4c635cc6,actress
m_58582749,9,n_82ac8e83,composer
m_7f58cab8,9,n_2524a488,cinematographer
m_4db91021,3,n_d8b2dfd1,composer
m_ce50b273,3,n_975c94a7,self
m_a41f4ccd,4,n_1ed8eae7,archive_footage
m_db0c166b,1,n_95e6c71f,editor
m_1cec13fe,2,n_4c21a886,composer
m_4b7e3381,3,n_e1bd49f2,composer
m_5c0e53a0,4,n_b17ba20f,actor
m_c31ac386,5,n_b98a0d1e,director
m_973822e2,4,n_6a0ec7aa,actor
m_b66aaf12,5,n_72edf586,actor
m_55e82610,7,n_22f01414,cinematographer
m_68e62488,3,n_762097e0,self
m_ec794406,7,n_e53c12bc,director
m_ac6532ed,1,n_7e829f58,actor
m_68159ad2,3,n_428f1dff,production_designer
m_001af20a,6,n_97c5daf9,writer
m_eaf5999e,8,n_a6786715,producer
m_490f655b,8,n_4852ef2e,composer
m_28356d8b,3,n_57127dcc,actress
m_ffe04f33,9,n_0cbb9d93,production_designer
m_4e9a0377,4,n_f79c9f83,producer
m_9505beeb,9,n_36b82f5f,composer
m_3a056b64,2,n_da200b54,producer
m_31c12c94,2,n_878b54ec,actor
m_b3cb0f4a,5,n_9c60524c,director
m_89ce92db,1,n_8207b72c,actor
m_3d720b17,3,n_d3ebfcc1,director
m_d3d5cd91,7,n_895e5e3a,producer
m_d90a65b9,10,n_c8a7a29c,actor
m_36d334b2,2,n_c3c40ca3,actress
m_e027781c,6,n_19d003e3,actor
m_63c1f2cb,8,n_a2c994b4,director
m_e1a45450,7,n_a51ee350,composer
m_b46b718f,9,n_2039a82c,actor
m_c062cd12,3,n_bee698d1,cinematographer
m_a21107c7,10,n_56face99,editor
m_2fc3ff21,1,n_7b783db3,composer
m_e6e65a81,5,n_823145b0,self
m_6972f289,6,n_d050dd85,writer
m_b4f1a9d1,8,n_ad120f26,cinematographer
m_0b29969c,3,n_b5ab3bf2,archive_sound
m_3154f663,10,n_b4f4a32a,composer
m_d5cae9f8,7,n_e77627fd,editor
m_027f3875,7,n_a122a498,actress
m_a597e6ba,10,n_ef34479e,production_designer
m_e5ae69d9,8,n_2aa110aa,cinematographer
m_b02613ca,5,n_bbd4eca6,editor
m_d6cc4e4e,2,n_c72d4e59,producer
m_8b0233eb,2,n_a50779b0,production_designer
m_8c396158,1,n_39f098b5,self
m_2340fcf1,3,n_b3b9eef8,producer
m_c3842f4f,1,n_2b165d15,actor
m_2784f79f,10,n_433b8bf7,self
m_2bc42c38,10,n_a4d4d06d,actress
m_48f2683a,7,n_7592f070,producer
m_0b9d2009,3,n_0c4e53fa,actor
m_65f55146,5,n_03a8516f,producer
m_5f654a7d,2,n_ebd80e98,actor
m_0f5c8c01,3,n_e015c65a,actor
m_a50b8be5,3,n_a54154f2,archive_footage
m_1c3b3384,3,n_0dc072c4,actor
m_e8168e11,9,n_c18e82a7,cinematographer
m_cf94a786,2,n_331ea8d3,archive_sound
m_cac0c900,2,n_4d702ded,self
m_732c303e,5,n_e31c2a4a,archive_sound
m_73afd437,3,n_e53e19d4,archive_footage
m_20c3f647,6,n_f60c6098,cinematographer
m_06f5631b,3,n_2f00712d,archive_footage
m_423f72ee,3,n_33bad386,actor
m_f4784350,5,n_eaaa6f63,editor
m_41291fe0,1,n_ddf6da17,actor
m_f0513ede,2,n_b2e826af,director
m_0077bb40,5,n_a513a352,writer
m_290dc907,1,n_509a4dd7,actor
m_62bf8632,10,n_1db556df,self
m_44d49b5b,10,n_3484d9af,writer
m_e11b2a3e,8,n_79e29099,composer
m_9989289d,3,n_0e1dccca,director
m_e743038b,1,n_7c0170ca,actor
m_683ca120,8,n_d2bbd8f8,writer
m_e313c7c4,4,n_7205641d,actress
m_1c1e044b,10,n_4970beb9,production_designer
m_598c3822,6,n_e5cbcb4f,composer
m_40bf18fc,6,n_87f16f04,editor
m_57e05472,3,n_37e8a91f,actor
m_9dd49969,1,n_7d12ca35,producer
m_fbf90ee3,5,n_1dec9137,producer
m_68682837,5,n_a385b043,composer
m_b0850833,5,n_ee99a667,director
m_1bf2ad81,4,n_fe682cf2,actor
m_4dd4ac5c,1,n_da78d5f9,self
m_877a8f9a,3,n_b156663f,actor
m_3160168b,2,n_c1f3200f,actor
m_fe090bec,1,n_7db2d32e,actor
m_a5b5c7c2,2,n_f6b22612,director
m_41663fa1,4,n_d566a5a7,cinematographer
m_0ec60fcc,7,n_ed6f5144,actress
m_ca9ebd38,5,n_b53df2b1,director
m_b273609d,5,n_2c4f853d,director
m_5da27a51,6,n_65ef0d4d,composer
m_64934cc7,7,n_94aecee9,editor
m_0530d54b,4,n_886d404f,production_designer
m_9d0b305b,5,n_87013710,writer
m_f3640398,7,n_d6e189a6,archive_footage
m_3737b922,4,n_d5afe7d3,producer
m_fc930048,5,n_87fdad81,cinematographer
m_689549e3,4,n_22f57b51,actor
m_a58e670a,3,n_657226bc,actor
m_44ffc54e,2,n_8dad9f4a,actor
m_374a585b,4,n_5dfad641,self
m_891aae00,1,n_4c4f3941,actress
m_e0bc3f78,9,n_5f885857,actor
m_2a760152,10,n_3cdfcbfc,actor
m_f8fd5f41,1,n_daa4f8c8,actor
m_14b9ba3b,7,n_d56d188b,actress
m_0aeefa60,3,n_36bc96d7,composer
m_484b7e60,6,n_7c1fcb1d,self
m_cfe1635c,8,n_45177e58,production_designer
m_251f10b0,5,n_bd1169c8,actress
m_6f478cc7,3,n_322e790e,actress
m_05770b2b,3,n_9be58278,composer
m_61318060,2,n_9fcf4743,actor
m_5de1ad1e,8,n_73c392e3,composer
m_5c71a07c,5,n_c0193c9d,composer
m_f1fdfd29,7,n_7419ef47,self
m_70d3c13c,1,n_6d73b70e,actress
m_5ac472df,1,n_c8dd82fe,actress
m_da53ae20,9,n_f2bfcbac,composer
m_35d2635f,5,n_8ba40dd1,actor
m_bd3ae789,7,n_0a775472,composer
m_3ff2d4c3,9,n_35068efb,editor
m_fb81d236,2,n_943caf69,actor
m_898154cb,5,n_ace28c16,cinematographer
m_691b3e71,3,n_b4bba998,writer
m_ee1455a7,5,n_bfd86c7c,director
m_5054b78f,2,n_d533e57d,actress
m_4211ee69,2,n_c9f0f5d6,composer
m_3e8c9e6e,3,n_62de0dce,actor
m_d7bafbca,10,n_37106153,actor
m_7c4d1253,6,n_1bdad570,writer
m_06f5631b,6,n_4230e22e,actress
m_be604f1a,7,n_307044cc,archive_sound
m_7d8faff7,3,n_362fd545,actor
m_d16e0435,8,n_b6519d6f,producer
m_8ca85843,5,n_25417c09,archive_footage
m_e00c5020,2,n_88ff3d25,production_designer
m_bb3d3450,5,n_ca3229aa,self
m_5e7522fc,4,n_778778e2,editor
m_61318060,10,n_65153688,actress
m_5110790f,10,n_a9c8bc85,writer
m_705201d4,4,n_c8b3b5e4,composer
m_e1ac0f29,1,n_7f1ea44e,self
m_6944bbf6,9,n_e1d3c6f2,archive_footage
m_441a6c2f,7,n_1c4a2027,archive_footage
m_a41f4ccd,1,n_8ec6b2f6,editor
m_86abc091,2,n_a5354824,self
m_89b958fd,2,n_3191769e,director
m_d257c60f,5,n_7de5444b,director
m_d16e0435,1,n_6644d45b,actor
m_674bffd9,10,n_c3da0ab5,self
m_ead58eeb,5,n_b1527bf2,actor
m_14b9ba3b,3,n_897c2800,actress
m_a53327a1,4,n_a3915616,director
m_a4697855,7,n_88b9ffe6,director
m_1082b79b,10,n_5f9d9a06,actor
m_feb07978,3,n_89d5b8aa,actress
m_622c89b6,5,n_d44506af,cinematographer
m_851ada2b,2,n_14e19e33,archive_sound
m_9a9e67e8,5,n_501289ee,director
m_62bf8632,5,n_902d36cc,self
m_63ee9cad,1,n_c1d60f89,actor
m_02823ed1,7,n_2c8b667d,editor
m_389e9313,8,n_4ea94eec,writer
m_b5799a21,5,n_38edf70f,writer
m_a8d019e8,7,n_0f9c9563,actor
m_307e1c54,4,n_f5e96c0a,production_designer
m_55e82610,10,n_15f72a31,actor
m_1897b1ee,6,n_e5e10bd8,actor
m_4c501951,1,n_61befc8c,director
m_bcc732c1,9,n_094a8258,cinematographer
m_8d24be19,2,n_5055d6d7,archive_sound
m_6907e928,3,n_03d4f70a,production_designer
m_e21ad181,1,n_45fed778,actor
m_9d217625,1,n_a6c569dc,actress
m_f6a145ad,4,n_ba30f958,archive_sound
m_24223a50,6,n_4eb65d89,composer
m_5cc1e4ef,5,n_75dd9000,writer
m_eef11601,4,n_3373cf1a,composer
m_dc5a0247,3,n_00f2068a,self
m_84271a71,6,n_2ce730c1,writer
m_f6f14a0c,10,n_c3ecfe25,writer
m_3154f663,6,n_516240ab,director
m_9e21e38b,2,n_921cf4c0,writer
m_4fe236f9,6,n_8f175917,composer
m_ee67dc21,1,n_b73b65f3,actress
m_b263e030,9,n_8bbe4f9a,archive_footage
m_caf62c69,4,n_cce9ba92,actress
m_e8168e11,10,n_f94cd2a2,editor
m_13036663,1,n_8e8a7405,self
m_6ea1ed11,2,n_4f6e15c8,archive_footage
m_b61e69c2,3,n_291d7f22,actor
m_0461c139,1,n_ad47222f,composer
m_33023d9a,3,n_bf800f64,archive_footage
m_9c3ac828,6,n_5fcf1d5d,composer
m_bca5a783,2,n_226ec082,actress
m_389e9313,1,n_1e213dc2,actress
m_9ede83da,3,n_dd3784a0,composer
m_b9c5499b,1,n_d7b42d7b,actress
m_0695d6b6,4,n_7c378934,self
m_afed091a,1,n_0d7e1651,actor
m_3853a5a9,7,n_31a2ee14,actor
m_89351996,8,n_740e6a16,producer
m_4717533d,10,n_0480537f,editor
m_b638b2de,2,n_aa34c8e9,director
m_06ad88a8,4,n_26207d0e,archive_footage
m_be4e90cc,7,n_3299b86d,self
m_15279425,6,n_f6cedf12,producer
m_a0912878,4,n_28759693,archive_footage
m_91625b8e,7,n_866fa70d,producer
m_79002538,3,n_512bddd4,actress
m_f1e2c766,3,n_c35a5b9e,cinematographer
m_8c0749b9,6,n_2ea6798e,writer
m_2114841f,4,n_4a95fd24,cinematographer
m_c305a00c,5,n_62654171,cinematographer
m_c062cd12,2,n_6c061632,actor
m_873809de,9,n_6c5c1397,self
m_b4e7b17f,1,n_ed9c97e4,actor
m_aa9728a0,5,n_69c719d2,writer
m_f6a145ad,6,n_db043d06,actress
m_eb0c2ff6,6,n_85194aed,cinematographer
m_e276ba1c,5,n_292a1c95,producer
m_b5bf80f0,8,n_db659726,producer
m_40363f74,1,n_794cf6bd,self
m_f5847b11,4,n_fb302082,director
m_7a39a606,8,n_703575fc,writer
m_11300226,2,n_78b6fea5,writer
m_a99ad1c5,7,n_edd1834c,actress
m_6c32e6ec,6,n_dbacfe74,writer
m_168fc176,5,n_860bbd0d,director
m_734a6c0c,8,n_648e8860,composer
m_eb201b3c,1,n_192ae752,actor
m_68682837,1,n_509a4dd7,actor
m_b6d35939,7,n_b6576780,self
m_cf675706,2,n_7942e92c,actor
m_8c0749b9,8,n_fa5f232f,composer
m_9b7a463e,7,n_b0c71cdb,actor
m_ec3611ba,4,n_f88be150,archive_footage
m_1a4dc2c8,7,n_93409dc6,composer
m_605cbb25,6,n_97c5daf9,writer
m_a4697855,1,n_f0ee273d,actor
m_ce2a8be0,10,n_77e5547f,cinematographer
m_a6ad2241,1,n_bf217c09,actress
m_68159ad2,9,n_ab469606,composer
m_dcb02c8c,1,n_0f4ea52a,cinematographer
m_ed90db57,7,n_8b0ceb7a,actress
m_37ff4974,7,n_cf389082,archive_sound
m_ac5e3a2b,5,n_d11e862e,director
m_464d10d7,8,n_b6f3f785,editor
m_82136c6f,10,n_45703b2a,editor
m_19a74f09,1,n_ffb5b34b,actor
m_a9c9e473,2,n_0a1d9873,composer
m_8a592fda,1,n_0d7e1651,actor
m_8a5da772,4,n_199e9fac,writer
m_1b4a087e,2,n_c905432e,actor
m_3da86600,8,n_a51b0ae1,actress
m_77d6648c,4,n_6f056142,production_designer
m_290dc907,2,n_e7bc4c51,actor
m_53f7d8a5,1,n_d62f5f8c,actor
m_8bee4ece,7,n_56249a12,writer
m_cf7a6f79,7,n_77446fd6,producer
m_e65690ec,10,n_c4323aa6,editor
m_8b37e095,6,n_53b4729c,editor
m_8e026af2,2,n_002f560c,composer
m_b7f7beff,6,n_080e3cd2,self
m_18ee8171,2,n_106cac12,actor
m_2abfa35e,9,n_9e2ee0b0,production_designer
m_f2550e9a,2,n_d533e57d,actress
m_4ed42fc5,5,n_45c68427,director
m_17dcf4c6,8,n_6c5f31b5,composer
m_c1ace255,10,n_eb1693c9,editor
m_11300226,3,n_6638484e,cinematographer
m_6c32e6ec,10,n_48b6ae59,composer
m_52d361f5,5,n_65a153ea,actress
m_b9e96590,8,n_f4a4796f,editor
m_71ccb125,2,n_d42a7811,archive_sound
m_eb4fa1fb,4,n_45ccaf0c,actor
m_1971728a,8,n_dff7181b,actor
m_23262802,2,n_8f5ed026,writer
m_5bf721e3,4,n_9656dc8c,actress
m_0d61343e,4,n_bd1f02b2,actress
m_d0f6e536,6,n_c754ce8a,director
m_fc364276,8,n_ac21e358,composer
m_a3813897,1,n_d11e862e,archive_sound
m_ae039d27,1,n_363c67d9,actor
m_e4343f60,7,n_22f01414,cinematographer
m_f3f936f1,5,n_51157aa8,production_designer
m_201d67fa,5,n_83297352,producer
m_734a6c0c,4,n_b0f28144,actor
m_b273609d,3,n_ffafb9a5,producer
m_b9c5499b,5,n_41188583,production_designer
m_642b612e,7,n_87b9cc48,archive_footage
m_851e7878,4,n_4a85ebb8,cinematographer
m_263ec833,4,n_a00d38c7,actress
m_b36c3a2a,1,n_289ae4cd,production_designer
m_0da2ae53,7,n_3effc51d,self
m_8a665e22,3,n_6f9d2441,actor
m_b8840a6d,4,n_9c947031,editor
m_5571d0f6,6,n_24ad3c88,actor
m_b2ca8230,1,n_59a00c8d,archive_sound
m_a3120fac,2,n_3fce3626,actress
m_c07fb26a,1,n_665f0510,director
m_dd8a4117,7,n_e3f3de59,self
m_19ad1cab,9,n_07c68990,actress
m_9f39cd48,6,n_97c5daf9,writer
m_a006305e,5,n_bc04ea27,editor
m_74383376,6,n_0b5123a6,composer
m_1842be0c,2,n_dd256493,editor
m_ba9c4483,5,n_a6bd1311,production_designer
m_22e5543f,2,n_2c1efe69,actor
m_3853a5a9,6,n_19d003e3,actor
m_7c48c8dd,10,n_45703b2a,editor
m_86391691,8,n_dff35efb,editor
m_87b3c8cf,2,n_fec7dc07,actor
m_1a0c46cc,4,n_3f64859d,actress
m_e903fab1,10,n_25a2e3d3,composer
m_46026e76,6,n_bbc584c5,archive_footage
m_61425ad0,6,n_028d75ae,production_designer
m_a59c6544,5,n_08ee6ef7,director
m_e39de420,9,n_ba66ed44,composer
m_d742890e,3,n_1a06aeac,actor
m_7b9ab452,1,n_1948d254,actor
m_70896e36,4,n_efdae2ea,actress
m_ab6e7521,2,n_c6169727,composer
m_760d02e3,5,n_066fba9b,archive_footage
m_7f58cab8,10,n_3ecb0eb9,editor
m_e0684123,10,n_47455340,actress
m_be4e90cc,9,n_48fa948a,cinematographer
m_4ba853d6,7,n_db153946,producer
m_594ec1c4,7,n_a7dfeabf,composer
m_2afa27ca,2,n_c9aa14b7,actress
m_65b4d190,1,n_3673c4c4,archive_sound
m_dbc1ef86,10,n_504a028c,writer
m_34155423,3,n_0f3acaf1,director
m_b773fff9,2,n_780f1a04,actor
m_a339b511,1,n_acf72aa9,actor
m_ca90d2a8,9,n_f1a281c8,director
m_7cf9568e,1,n_be37592a,archive_footage
m_5a90227e,1,n_08c782df,actor
m_118d84d8,8,n_50abd93c,archive_sound
m_3d0b5512,7,n_f569f262,writer
m_26ffee3a,10,n_1b28e532,self
m_32b1b88c,6,n_0a57d285,cinematographer
m_5acdcfa4,3,n_c5e1f91e,composer
m_1897b1ee,8,n_99cb42c9,actress
m_9d0b305b,1,n_7a9aff18,composer
m_c3842f4f,4,n_7f6a222d,producer
m_74bf3d2e,2,n_f6de2e4c,producer
m_9b9b7771,9,n_a52e357a,writer
m_582fde68,5,n_fa0a40fc,writer
m_e9482e88,6,n_9cd7f60d,producer
m_5873c86e,4,n_14b3d791,cinematographer
m_42963538,7,n_603c8e93,self
m_ccd1d758,5,n_d68edd5b,production_designer
m_2377531d,2,n_3461ad0d,producer
m_39326e50,7,n_2af2b177,cinematographer
m_a39d548d,2,n_f5678d75,archive_footage
m_01a1977c,7,n_2675c3f7,director
m_89581f9f,10,n_27c6f776,actor
m_971e2c05,3,n_7f2088ac,cinematographer
m_ec66fc70,4,n_f77e804b,composer
m_ce55c033,4,n_591c5b5d,writer
m_230bf216,3,n_7e47818c,writer
m_aeb3c8ea,4,n_48fbdd6d,writer
m_c7d08d1d,10,n_961f0185,editor
m_21221b74,1,n_1e09dbe7,writer
m_bea845cd,4,n_72e8845f,production_designer
m_1618c938,8,n_34610e58,writer
m_54c95c6b,6,n_36bf1a56,composer
m_b9876468,9,n_46eb7921,composer
m_edab97cc,10,n_b45e48a7,actress
m_19cd6291,7,n_aefb4fcb,actress
m_0cabd186,4,n_5c47ab1e,cinematographer
m_f2550e9a,3,n_841db536,actor
m_d16e0435,10,n_a6e16e87,composer
m_d81dea97,4,n_03b08381,writer
m_feb07978,8,n_ce6cc68e,editor
m_d16e0435,7,n_e836b9b4,writer
m_794b1b3c,3,n_2ff2c8c0,archive_footage
m_705201d4,6,n_51f6cd0d,director
m_4ba853d6,1,n_06c65611,self
m_f670ff45,7,n_e2a51e73,archive_footage
m_9505beeb,10,n_64948be5,cinematographer
m_3da86600,7,n_ff00f397,editor
m_fc364276,1,n_aa7a7210,actor
m_9ad87c67,3,n_a11973f2,director
m_a9dd46a3,7,n_2ba115e8,actor
m_b168cd29,4,n_76590f45,editor
m_aebf9d31,6,n_f63be8fd,production_designer
m_266ff1b0,9,n_363a9e89,actor
m_a5cfa3ad,1,n_fd9b0575,actress
m_703e0551,4,n_28b057ba,director
m_29da0ad0,8,n_64948be5,cinematographer
m_689549e3,1,n_0b4cbca2,actor
m_a006305e,7,n_619e0086,composer
m_9152d534,4,n_ac8d6111,director
m_acf44082,10,n_e0930d73,cinematographer
m_4faeeb6e,6,n_35642a66,writer
m_2d87b30c,5,n_bce75ee7,self
m_564d1c1f,8,n_0aa4b744,production_designer
m_9dd8e2ae,5,n_9318baf1,director
m_86adb0f9,8,n_748f0848,writer
m_b307e34f,3,n_120f08f7,production_designer
m_b2dfbf6d,4,n_2cfca7ad,actress
m_06761600,5,n_db6dae01,actress
m_8e026af2,6,n_239f1f0e,archive_sound
m_689549e3,8,n_f4eb1a0c,actor
m_2bc42c38,3,n_bea01959,actor
m_3e2b38da,1,n_292ae84e,archive_sound
m_7f366465,10,n_f0cfb769,actress
m_a40c4989,4,n_832fe8ea,actress
m_b041b3fe,2,n_7a8b232c,writer
m_00aa66dc,5,n_abc91590,writer
m_2472e9d3,6,n_8510dadb,writer
m_d6aedbce,6,n_c89d0295,actress
m_3e7faca4,10,n_b8c950f7,actor
m_ac048ba9,9,n_13831617,actor
m_3793a6db,2,n_beb2bb66,writer
