nconst,primaryName,primaryProfession
nm6449797,Matt Hall,producer-actor-writer
nm21965215,Jude Harrisp,producer-sound_department-writer
nm21967423,Camile Parent,art_director-art_department-set_decorator
nm21965574,J. Riddick,editor-producer-director
nm0870362,Fausto Tozzi,actor-writer-assistant_director
nm21964643,Cristina Filipidis,actress
nm4823062,Danila Konstantinov,actor
nm10174846,Aleksey Kozlov,director-writer
nm0056249,Joane Barrin,actress-producer
nm1979539,Nadir Aliev,producer
nm21968376,Neville Raschid\\,manager-director-actor
nm0551704,Michel Martens,writer
nm21961601,D. Shueya,actor-make_up_department
nm21956745,Wil Goldbergr,cinematographer-director-writer
nm0564947,Bryan McCardy,actor
nm21969137,John Flockk,producer-writer-miscellaneous
nm21955924,Roy Pomeroyk,camera_department-director-miscellaneous
nm3061995,Nuraddin Mehdixanli,actor-director
nm0001740,OJ Simpson,actor-producer
nm0223119,Chris C Dewy,producer-miscellaneous
nm21962780,Ron Selmour,special_effects-stunts-miscellaneous
nm21960805,Dan Drilling,composer
nm2025887,Jay Baby,actor-writer
nm1364764,Margot Volnay,writer
nm21960726,Oleg Tabakov,actor-director-music_department
nm3020351,Murray Burns,composer-soundtrack-writer
nm3376469,Frank Ditto,actor-director-writer
nm11148672,Danielle Damásio,
nm2296408,Phillip Sacramento,actor
nm21956335,Ingrid Bisu,actress-writer-producer
nm5100548,Erik Searle,actor-casting_department
nm21960142,Brian Smith,writer
nm21969422,Ettore M Fizzaroti,assistant_director-director-writer
nm21966129,Daphney Sheldrick,miscellaneous
nm9111139,Brvno Delahaye,director-actor-writer
nm21965691,Camilla Tress,editorial_department-editor
nm0804756,Petr Skoumal,composer-soundtrack-actor
nm21960558,Juan Pérez Fajardo,director-writer-art_department
nm21959037,János Körmendi,actor-writer
nm10351460,Ugur Kardas,
nm0094047,Steve Bond,actor
nm0910881,Eddie Wang,composer-music_department-script_department
nm2638711,Edward,actor
nm21955437,Sara Young,actress-producer-director
nm0286399,George Formby,soundtrack-actor-music_department
nm0722407,Cynthia Rhodes,actress-soundtrack-assistant_director
nm21961766,Terrayne CrawfordK,actress
nm0582012,Todd Messegee,editorial_department-writer-camera_department
nm21958187,Ümmiye Koçakf,visual_effects-director-writer
nm21967806,Greg SharpB,actor
nm21962011,Raja Yousef,writer
nm0850187,Albert Taralo,producer-casting_director
nm21962981,Katy Scott Rickettsq,soundtrack
nm4970700,Benedict Andrews,director
nm1352627,Anup Kumar,actor
nm21957206,Leonor Seixas,actress
nm21968544,J.B. Rodgers,assistant_director-producer-director
nm2732493,Trev Ilsley,
nm1879199,Stren Biggot,editor-camera_department-director
nm0096846,Oleg Borisov,actor-director
nm21962657,Miram Cutlar,composer-soundtrack-music_department
nm0018145,Alesandro Alesandroni,music_department-composer-soundtrack
nm0141745,June Carter Cash,soundtrack-actress-music_department
nm0006807,Michèle Morgan,actress-soundtrack
nm21964909,Irinia Mazing,actress
nm21966981,Eloise Gent,miscellaneous
nm0684929,Roddy Pipr,actor-producer
nm21969111,Ubirajara Quaranta Cabral,composer
nm0421314,Anders T. Jenson,writer-script_department-director
nm0565757,Max McClellan,actor
nm4381033,Frank Qutuq Irelan,actor
nm3264655,Mike C Alvare,actor
nm5237864,Petr Kettner,
nm21957197,Jennifer Chinlund,editor-editorial_department-miscellaneous
nm21960352,Almedo Prado,composer
nm1198470,Marc Rensing,director-writer-sound_department
nm0084190,Sean Bishop,art_department-actor-writer
nm0001618,Joauin Phenix,actor-producer-soundtrack
nm0755421,SL Puram Sadanandan,writer-director
nm0753935,Peter Roehsler,cinematographer-camera_department-producer
nm21962721,Sid M Goldan,director-writer-producer
nm21960200,Thomas Hubbard,actor-writer-producer
nm6757563,Bernardo de la Mora,actor
nm21966022,Anirban Bhatachrya,actor-music_department
nm21954875,Colen Clerk,actor-camera_department-production_manager
nm21956149,Xiaobao Song,actor
nm21968303,James Deloy,stunts
nm4851430,Anne Dunev,
nm8466651,Nick Przygoda,actor
nm0362027,W.B. Hard,cinematographer
nm21964496,Ely Matawaran,writer
nm4554005,Boby Chakroborty,actor
nm0674098,Coleridge-T Perkenson,composer-music_department-soundtrack
nm2541364,Leo Houlding,producer-miscellaneous
nm4381082,Teddy Kyle Smith,actor
nm0192325,Jack Cunninham,writer-producer-miscellaneous
nm21962152,A Morrow,producer
nm21959478,Miklos Kapacsy,actor
nm1051220,Yoshiko Asi,actress
nm21963955,J. Cheng,actress
nm21957042,Fereshteh Taerpoor,producer-writer-production_manager
nm21955062,Sinead GriffinLennon,actress-production_manager-producer
nm21963905,Mike J Hartnet,cinematographer-writer-camera_department
nm21968569,Luca Calvani,actor
nm0222148,Deva,composer-music_department-soundtrack
nm21968005,Werner Sommerv,transportation_department-writer-actor
nm21967636,Lambrto V Avellan,director-writer-producer
nm0005787,Stelvo Masi,cinematographer-director-camera_department
nm4463092,Will L.,actor-cinematographer-editor
nm0259906,Izmet Erten,actor
nm0276253,Holly Fields,actress-miscellaneous-casting_department
nm0205802,Joon,producer-director-camera_department
nm1027089,Reko Yoshda,writer-miscellaneous-script_department
nm21968499,Marc Burmen,producer-writer-director
nm21958289,Miryam Zohar,actress
nm21969057,Rajen P. Dev,actor-director
nm0434654,Hanu Kahakorpi,producer-actor-director
nm21966128,Ryan Beekhuizen,actor
nm21963296,Sai Paranjapeg,director-writer-music_department
nm5038339,Saray Pavon,actress
nm0111612,Cliv Brook,actor-director-writer
nm21956061,Jack Cunninghamu,production_manager-producer-miscellaneous
nm21966386,Jas Bushe,director-producer-writer
nm21965322,David Bret,
nm3970873,Zac Shy,camera_department-cinematographer
nm21966232,Rob A Mukes,actor-stunts
nm2063773,Andy Halliwel,actor-composer-producer
nm1746134,Michael Brosnan,producer-director-writer
nm21958465,Gilberto Gazcónp,legal-director-producer
nm21965279,Sean Ludan,editor-producer-director
nm21964347,Phil G Carrol Jr,actor-editor-writer
nm21957237,Dagmar WeaverMadsen,cinematographer-camera_department-producer
nm21967101,Tolepbergen Baisakalov,animation_department
nm21956136,Jos Sistrom,producer-writer-miscellaneous
nm0013566,Luise Aguilar,actor-soundtrack-music_department
nm21965632,Stan Freburg,actor-soundtrack-writer
nm21957319,Yesim Yükselena,publicist
nm21955211,Chiranjeevi,miscellaneous-producer-music_department
nm21966576,Antonio Fagundis,actor-writer-producer
nm21969385,Rolf Berg,art_department
nm21965786,Esther AndersonQ,actress-editor
nm21964965,Matous Holielcinf,art_department
nm0054573,Andrey Barilo,actor
nm21958240,Dwier Brown,actor
nm1117382,Alban Aumard,actor
nm0619309,Nagesh,actor-sound_department
nm5263629,Marc Outbreak,stunts-actor-cinematographer
nm2012991,Pedro P Picazo Perez,writer-director
nm21960783,John P Wheatley,camera_department-cinematographer-director
nm0707398,Rajendra Nath,actor-director
nm5474724,Denis Picket,editor-miscellaneous-visual_effects
nm2437691,Ceyda Attes,actress
nm1092280,T Ou,actor
nm21964073,Martyn Schinkel,director-writer-editor
nm0156486,KaiPing Cheung,miscellaneous-producer-writer
nm0342118,Giovanni Grimaldi,writer-director-composer
nm9716243,Daren Mcmeckan,actor
nm21958235,Meng Hua Ho,director-writer-assistant_director
nm21963924,Guy Glover,producer-actor-writer
nm21961650,Rob F Blumof,producer-miscellaneous
nm21954992,Guillaume Schiffman,cinematographer-camera_department-actor
nm21966949,Nripati Chaterjee,actor
nm2669252,H v Petersdorf,actor-producer
nm1627175,Fabian Bouillaud,editor-miscellaneous
nm21959193,Brett Emerton,
nm0092607,Jana Bokova,director-writer-actress
nm21967837,Mat Day,producer-director-cinematographer
nm0266813,Mike P Flanigan,producer-production_manager-actor
nm2623029,Ilmari Saarikoski,actor
nm1753311,Patrick Alparone,actor
nm0162737,Gabriel Cirili,actor-writer
nm21958741,Rosamund Kwan,director
nm7405864,Vivien Dorset,actress
nm4782751,Lucy Clements,make_up_department-actress
nm21955150,Sophi Leblond,editor-writer-editorial_department
nm21964329,Melissa Molinaro,actress-soundtrack-miscellaneous
nm7039361,Yan Hsiao,actor
nm2429626,Martijn Schinkel,director-writer-editor
nm21969585,Axel S Roelofs,legal-editorial_department
nm21968517,Ashlee White,actress
nm21965787,Alissa Chaffee,costume_department-actress
nm21961275,Alexander Hachko,editor-editorial_department-producer
nm21961179,Ceyda Ates,actress
nm21968407,John Osburn,producer-miscellaneous
nm0000961,Timothy Bottoms,actor-producer
nm21957325,Nathalie Boltt,actress-producer-director
nm2047752,Daniel Anzelotti,camera_department-cinematographer-producer
nm0651051,José Ortiz Ramos,cinematographer-camera_department-director
nm21968973,Olivia Deeble,actress
nm9056022,Scot Ingrum,actor
nm21959571,Miki Ando,actress
nm0924502,Bern White,actor-writer-director
nm6618300,Isabella DeSantos,actress-director
nm21969400,Rambhar,production_department
nm21962871,Jussi Niilekselär,transportation_department-producer-writer
nm21956797,Gerard CorderoR,transportation_department-stunts-writer
nm21965631,Warren Foster,writer-soundtrack-art_department
nm3816955,Tom Watson,editor-editorial_department
nm4384917,Jas Weaver,producer-miscellaneous-director
nm7468748,Seren Sirince,actress-soundtrack
nm0590701,Robert Milton,director-writer-miscellaneous
nm21967693,Gerald Geraghty,writer-miscellaneous
nm0184336,Patricia Couvillers,actress
nm1071765,Mikako Takahashi,actress-soundtrack
nm1046893,Andy Strahorne,cinematographer-camera_department-producer
nm21967902,Avinesh Rekhi,actor
nm21966120,Maria BäckN,composer-writer-producer
nm21966385,Jenny StokesU,writer-assistant_director
nm0553390,Tony Martinelli,editor-editorial_department
nm21959932,Hans von Petersdorff,actor-producer
nm0548929,Owen Marks,editor
nm6015724,Ivan Dubrovskiy,actor-cinematographer-production_manager
nm21966967,Marrianne NungoV,actress
nm21964168,Gerad Damiano,director-writer-producer
nm1362267,David DeCrane,producer-writer-miscellaneous
nm1448796,James Whitney,director-cinematographer-editor
nm0315713,Jose A Ghezzi,actor
nm0508792,Ugo Liberatore,writer-director-actor
nm0737928,Helena Rojo,actress
nm0584429,Lou Michaels,actress
nm0382890,Kathrine Hiks,actress
nm21964939,Megan Gallaher,actress
nm21958637,Marty McIntosh,
nm5092758,Helder Faria,editor-director-writer
nm21966444,Hanecke Schutte,writer-director-producer
nm0501999,Christopher Lennertz,composer-soundtrack-music_department
nm21958742,Sammo Hung,actor-stunts-producer
nm0223607,Dhumal,actor
nm0054745,Tarachand Barjatya,producer
nm21959005,Petr Kettner,cinematographer
nm8311414,Maureen Oxley,writer-producer
nm21962882,Fern Nogueras,actor-miscellaneous
nm4826314,W Kamau Bell,producer-writer-actor
nm1525011,Shalim Ortiz,actor-soundtrack-music_department
nm21959639,Rosi CamposI,actress-soundtrack-miscellaneous
nm21967694,Black Jack,actor
nm21958027,Lesley Dunlop_,stunts-soundtrack
nm21960967,Joss Whedonk,writer-producer-director
nm3426994,Eugen Kelemen,editor-editorial_department-producer
nm0853259,Tiana Taylr,actress
nm4565305,Adam Eppenstein,actor-writer-director
nm21955659,Gary Portr,casting_director
nm21969572,Gary Leeson,producer
nm21957295,Celine Fuher,actress-director-writer
nm21954957,David Jaffes,sound_department-miscellaneous-director
nm5313214,Randall Moser,actor-director-writer
nm0425005,Dwayne Johnson,actor-producer-soundtrack
nm2236337,Vikram Rajani,producer-miscellaneous
nm1330994,Suresh Nair,writer-producer-director
nm21960782,Dawn Michelek,actor
nm21960666,JB MooreG,soundtrack-composer-music_department
nm21965655,Lieh LoR,actor-director-writer
nm21967503,D.W. Griffeth,executive-writer-producer
nm21969138,Pete Mullan,actor-director-writer
nm0046942,Egno Bahr,writer
nm2014777,Toni Corela,producer-editor-director
nm21955510,Lore Reyes,director-assistant_director-writer
nm1469305,Rich da Costa,actor-director-producer
nm1037986,Cortney Loony,writer-producer-miscellaneous
nm0191520,Peter Cullen,actor-music_department-soundtrack
nm0294279,Yan Frenkel,composer-actor-soundtrack
nm0005847,Phl Rosen,director-cinematographer-producer
nm21960929,Makar Zaporozhskiy,actor
nm0304842,Kaz Garis,actor
nm21956803,Elayne Tyson,transportation_department
nm21963486,H. Atkins,electrical_department-soundtrack
nm21959466,Ukachi Arinzehh,transportation_department-producer-actor
nm21969397,Kanchan,cinematographer
nm0303220,Tetteh Galloway,actor
nm8731171,Jeffrey Frace,actor
nm0511873,Agnes Lindh,actress
nm21967900,Sures Nair,writer-producer-director
nm4221562,D Karetny,cinematographer
nm21960990,Broc England,actor
nm21968249,Enes Vejkovic,actor
nm1295189,Monty Tiwa,writer-director-producer
nm21967534,Nathan Davis,actor
nm21969489,Art C Miller,cinematographer-camera_department
nm5090386,Matthew Clarke,actor
nm21959480,Gabor Marosi,cinematographer-camera_department-writer
nm21968358,Bob Caseyq,stunts
nm21962217,Parikshit Sahni,actor-director
nm21968337,Mohamed WafikN,actor
nm0757627,Hannes Salat,production_designer-art_department-art_director
nm21954991,Eric Neve,producer-actor-writer
nm1173208,Frédéric Serve,cinematographer-camera_department-producer
nm10823725,Dave Scott,
nm1602276,Virginia Bowen,production_designer
nm0877285,Dorjkhandyn Turmunkh,director-writer-production_manager
nm3170784,Rian Bader,
nm1459644,Christopher Nickel,composer-music_department-miscellaneous
nm21969641,Cheyene Pesko,assistant-editor-camera_department
nm0449489,Peter Kern,actor-director-writer
nm21965790,Marc Anthoneil,actor
nm21961096,Horacio TaicherM,actor
nm3150204,Lloyd Anoai,actor
nm0000248,Ed Wood Jr,writer-director-actor
nm21963175,Andy Taggart,soundtrack-composer-actor
nm21964645,Paul Burké,actor-camera_department-writer
nm21964345,Chloe CarrollZ,actress-producer-writer
nm21959572,Megumi Ishi,actress
nm21965041,Christopher Candy,actor-sound_department-writer
nm21955210,Giri Baboo,actor-director-writer
nm21965245,Lyn Ramsey,director-writer-producer
nm0749600,José Ruiz de Azagra,composer-music_department-soundtrack
nm21968270,Sherif Mounir,writer
nm21962724,Ida Astori,actress
nm0012420,Jackie Adriaansen,actor
nm1886602,Myles Teller,actor-producer-soundtrack
nm21958107,Guy Maddin,director-writer-cinematographer
nm21965562,Kal Penn,assistant_director-miscellaneous-producer
nm0971647,Valentin Hotea,director-writer
nm5404297,Salvo Bonaffini,director
nm0960112,Turgut Oren,cinematographer-writer-camera_department
nm21956864,Alex C Martino,actress
nm21957250,Jose Nieto,composer-music_department-soundtrack
nm5374866,Branco Radkovic,director-writer-editor
nm2113577,Jon Osborn,producer-miscellaneous
nm21965561,Sharat Raju,director-casting_department-writer
nm21967404,Geo Meehan,cinematographer-camera_department-miscellaneous
nm21967498,Frnk Sullivon,editor-cinematographer-writer
nm21956002,M Reddy,director
nm3589032,Peter Riva,producer-writer-production_manager
nm2285937,Davi Saavedra,writer
nm0252222,Predrag Ejdus,actor-music_department
nm21964010,Sergo Doria,actor
nm21966637,CherylB,soundtrack-actress-miscellaneous
nm21963448,Charles Fitzgerald,producer-writer
nm4104397,Ann Riemen,actress-miscellaneous
nm21956866,Adam Kasprowicz,actor
nm21963325,Pablo Javier Gómezi,cinematographer-camera_department-director
nm21966639,Maria Carey,soundtrack-actress-composer
nm9536366,Vishnu Palinje,cinematographer
nm0003405,Nthan Anderson,actor-editor-sound_department
nm21956705,Steve Cochran,actor-director-writer
nm3060183,Anu Vallia,producer-miscellaneous-actress
nm21967486,Francy Lai,writer-soundtrack-music_department
nm1213110,Norihiko Hibno,composer-soundtrack-sound_department
nm9036482,Adam Normelli,cinematographer-sound_department
nm0250832,Rudolf Eger,writer-producer-production_manager
nm21966635,Dvid Archuleta,actor-soundtrack-composer
nm10225727,BuuliZaano,producer
nm7774893,Mari Colomb,actress
nm21955034,Mehmet Abut,composer
nm0057302,Tena Barret,actress-soundtrack-writer
nm21968111,Dio,soundtrack-actor-composer
nm21958320,Nadir Aliev,producer
nm21955059,M.T. Daher-Cusack,soundtrack
nm0158322,Giampaolo Chiti,composer
nm21961855,Tom Scharplingl,special_effects-actor-writer
nm0391111,Hannah Hollinger,writer-director
nm21965211,Julie Beiriz,actress
nm21966153,Terence Dunn,composer-music_department
nm0256488,Luciano Emar,director-writer-editor
nm0248371,Pablo Echarri,actor-producer-writer
nm0456562,Timothy Kirk,producer-actor-writer
nm8187824,Konomi Fujimra,actress
nm21965248,Rebecca O'Brian,producer-production_manager-location_management
nm21962896,Linda Cowgil,assistant-script_department
nm0219089,Miomir Denic,production_designer-art_director
nm21962571,Irene D Lelio,director-writer
nm0566338,Bern McConville,writer-script_department
nm0370677,Megumi Hayashibara,actress-soundtrack-music_department
nm21962311,Simon Oliver,director-producer-sound_department
nm0700008,Yuri Pugach,production_designer-set_decorator
nm0618303,Siggi Mueller,composer-music_department-actor
nm1564103,Belén Fabra,actress
nm21966023,Mahendra Soni,assistant_director-miscellaneous-camera_department
nm1601781,Brandon Moore,composer-music_department
nm21963845,Pete Cullen,actor-music_department-soundtrack
nm1103468,Mat Lucas,actor-editorial_department-editor
nm21960876,Charlie PetersP,soundtrack-director-producer
nm0001785,Kristy Swanson,actress-producer-soundtrack
nm3492607,Johannes de Bruyn,actor
nm21964642,Paul BurkeK,sound_department-camera_department-writer
nm7599083,Karim Afifi,actor
nm2201887,Fereshteh Tarpoor,producer-writer-production_manager
nm21966152,Ali Mansoori,producer-miscellaneous-camera_department
nm7462851,Buddy Watson,actor-director-cinematographer
nm1863658,Branden R Olive,actor-producer-writer
nm7595770,Miogo Chen,composer-music_department
nm0502656,Jamy Leonard,production_designer-art_director-art_department
nm21959524,Rob D Sanders,electrical_department-sound_department-visual_effects
nm21965307,Wane Tucker,actor
nm4756761,Kayla Lauzier,actor
nm21967750,Cristina Rodloq,actress
nm21955926,Lothar Mendes,location_management-writer-actor
nm3432505,Lucas Neff,actor-soundtrack-producer
nm21959567,Pete Riva,producer-writer-production_manager
nm21960134,Cicilia Gessay,soundtrack-script_department
nm21959106,Mouna Abassy,actress-miscellaneous
nm21963012,Kana Akusu,actress
nm21963374,Allen Payne,actor
nm21962983,Andy ChworowskyY,set_decorator
nm0000387,Rob Englund,actor-miscellaneous-director
nm21959871,Nenad Jovcic,cinematographer-writer-director
nm21963305,Bettina Kupfer,actress-writer-producer
nm21956911,Ken Hoyama,set_decorator-miscellaneous
nm21962051,Michel ArcandJ,music_department-sound_department-editorial_department
nm0384060,Bernerd Hill,actor-miscellaneous-soundtrack
nm6933308,Hinrik Svavarsson,writer
nm21964134,Ford Auston,actor-producer-director
nm7468750,Özlem Öçalmaz,actress
nm4532366,Lindsey Davidson,producer-actress-art_department
nm21957751,Max Klevent,stunts-actor-assistant_director
nm0138502,Don Carmody,producer-miscellaneous-production_manager
nm21967637,Fran Buencamino,costume_department-music_department-soundtrack
nm2039344,Dom Danilczyk,cinematographer-camera_department
nm0625744,Sid Nelson,writer-actor
nm21963447,Jeff Boehm,visual_effects-writer-producer
nm0233638,Sergio Doria,actor
nm21958908,Meghan Bradley,actress
nm21958397,Eric Lindsay,composer-music_department-sound_department
nm0634553,Raymond Nomar,actor
nm21962897,Josey Loren,actress-producer
nm0399235,Tom Hubbard,actor-writer-producer
nm21957343,Byamb Sakhya,director-cinematographer-editor
nm0549132,J Peverell Marley,cinematographer-camera_department
nm2669881,Victoria Valentino,actress
nm21966418,Ti Ou,actor
nm0357895,Hamish Hamilton,director-producer-miscellaneous
nm21966628,Alberto AlemanyI,visual_effects
nm21963570,Andi Hudson,
nm21963087,Mel Lee,producer-assistant_director-editor
nm21956749,Marg Robles,cinematographer-writer-miscellaneous
nm0820085,Christopher Squire,soundtrack-producer-composer
nm1766953,E.H.M. Cisse,actor
nm0000033,Alfred Hitchcock,director-producer-actor
nm0934780,Claire Windsor,actress
nm21955605,Jaroslaw Pietraszek,art_department
nm21968321,Bill McLaughlin,actor
nm21963775,Stephen Eyssen,composer
nm21969452,Jochen Schmidt,production_designer-art_director-art_department
nm21961631,Akanksha Juneja,actress
nm21963558,Oscar Franzen,location_management-editorial_department-camera_department
nm21966800,Leigh Ann OrsiY,actress
nm6449795,Matthew Powell,producer-actor
nm0448661,Barbara Kent,actress
nm1955540,Jas Blunt,soundtrack-actor-composer
nm21959301,Roddy Piper_,actor-producer
nm21957423,Stanley Pavey,cinematographer-camera_department
nm21956702,Phil Carey,assistant-soundtrack
nm1500517,Penpak Sirikul,actress
nm2395461,Nik Crawford,actor
nm21969425,Fabrizio Moroni,actor
nm3676785,Jayson Lewis,composer-actor-music_department
nm0495571,Carol Lebel,actress
nm8707679,Olive Venables,art_department-art_director-costume_department
nm21958845,Yuka Hôshakud,actress
nm21966710,Christopher Bryant Tucker,director-actor-writer
nm21955046,J Bell,actor
nm1932706,Anaïs BarbeauLavalette,director-writer-cinematographer
nm21959580,Sergio Benvenuto,writer-assistant_director
nm21955151,André Turpind,cinematographer-director-writer
nm0902267,J v Frihling,editor
nm0101288,Patrick Collins,producer-director-actor
nm21965697,Jack Burnside,electrical_department
nm21962797,Aatu Kokkonenv,manager
nm21965660,B McCarthy,actor-writer
nm21955274,Steve Williams,writer-miscellaneous
nm5038019,Tom OBedlam,actor
nm21959038,Gyula Buss,actor
nm0183459,George Coulouris,actor-miscellaneous
nm21955403,Lidia Korsakowna,actress
nm0897715,Paolo Villaggio,actor-writer-soundtrack
nm21965208,Tim D Harris,actor
nm21964326,Amber Tamblyn,actress-producer-writer
nm2572554,Payton List,actress-director
nm0141885,Rich Carter,actor
nm0861703,Richard Thorpe,director-writer-actor
nm21959291,Danila Konstantinov,actor
nm3846085,Andrei Gryazev,director-writer-cinematographer
nm21956504,Mark Barbe,actor-director-writer
nm6999239,Gill Lopez,editor
nm21966193,Julia Fisico,actress
nm21965162,Skai JacksonZ,actress
nm0000041,Akira Kurosawa,writer-director-assistant_director
nm1161302,Aicha McKenzie,actress-miscellaneous
nm21960853,Bachuki Dogonadzei,actor
nm21957316,Oktay Yavuz,script_department
nm21961481,Ali Azads,actor
nm0038896,Rod Asher,director-editor-producer
nm0220522,Debra Rogers,actress-miscellaneous-writer
nm21957750,Deborah Shelton,actress-writer-music_department
nm21963859,Tamás Dobosk,cinematographer-camera_department-writer
nm0436550,Mikhail Kamenetsky,cinematographer-director-camera_department
nm0283594,Quinton Flynn,actor-writer-soundtrack
nm21963011,Ryotaro Okiayu,actor-soundtrack
nm0936177,Dan Wiroth,director-writer-cinematographer
nm21962016,Mary Bennett,miscellaneous
nm21955959,Rick Osterman,visual_effects-director-writer
nm2455665,Vicky L Neal,writer-miscellaneous
nm0000810,Gene Autry,soundtrack-actor-producer
nm21968219,Curtis Bisel_,animation_department-miscellaneous-editorial_department
nm21961809,Nikos Milas,cinematographer-camera_department-producer
nm21962478,Robby Rotfeld,music_department-editor
nm3462041,Maria A Carter,director-writer-producer
nm21966400,Gerda Coppens,producer
nm21964302,Manmohan Sing,cinematographer-producer-director
nm0095746,Kristin Booth,actress-writer-producer
nm1106529,Viv Thomas,director-producer-camera_department
nm2707874,Lucia Pecrul,actress
nm21964349,BoyYo Korodanq,actor
nm21955036,Özen Sermet,transportation_department-editor-director
nm21958206,Seren Sirance,actress-soundtrack
nm21967226,Rajko Grlic,writer-director-producer
nm0208112,Jos de Cordova,actor-writer-assistant_director
nm1017719,Luca Calvani,actor
nm21961289,Robert Staddi,animation_department-producer-director
nm21959053,Bern McConville,writer-script_department
nm0704226,Juan Quintero,composer-soundtrack-music_department
nm21956110,Danijela Nela Mihajlovicr,transportation_department
nm21959280,Gene Kauer,composer-music_department-soundtrack
nm21968318,Ed Crick,actor
nm4422429,Mark Gerstorfer,cinematographer-director-writer
nm0684044,Salvador Pineda,actor
nm21967255,Marie Elinem,actress
nm2584204,Marc Badger,writer
nm21965880,AJ Walsha,actor
nm21968269,Shrif Mounir,actor
nm21955923,Doris Kenyon,actress-soundtrack
nm0784407,Mack Sennett,producer-actor-director
nm2006841,Marti McIntosh,
nm21962643,Gabriela Boris,actress
nm2984073,Perin Malde,actress
nm1473037,Rod Gudino,director-producer-writer
nm21956248,Pento Colvig,actor-writer-animation_department
nm0001485,Myrna Loy,actress-soundtrack
nm21964862,Robin Coulonge,actress
nm7031415,Wayne Uptown Johnson,cinematographer-actor-editor
nm5915192,Alyssa Chaffee,costume_department-actress
nm0714324,Gisèle Rebillon,producer-production_manager
nm8345715,Jade Cheng,actress
nm21956027,Danie DePalma,producer-miscellaneous-executive
nm21962861,Prabhakar Kapikado,soundtrack
nm7754516,Bryan Smith,writer
nm2282693,Mareke Lueg,producer-production_manager
nm21963672,Emily Brooks,actress-writer
nm0193948,Miriam Cutler,composer-soundtrack-music_department
nm0925028,J White,producer-director-actor
nm0024847,Sergio Amidei,writer-producer-assistant_director
nm0733366,Margarita Robles,actress-writer-miscellaneous
nm21959290,Georgiy Ostretsov,actor
nm4183790,Liza Milio,actress
nm0840072,Dave Sutherland,miscellaneous-actor-writer
nm21958956,Marilyn Joiv,actress-costume_department
nm0270763,David Feiss,producer-art_department-writer
nm0570713,Andy J McIntyre,cinematographer-camera_department
nm1732962,Ros Hotchkiss,director-visual_effects-editor
nm21956235,August T Eide,actor-director-writer
nm21967491,Dan Hendrson,actor-stunts
nm4010928,Michael J Hartnett,cinematographer-writer-camera_department
nm2930526,Ed Northcott,
nm21963345,Nick Doob,cinematographer-director-camera_department
nm5258558,Vic May,actor-producer-director
nm21965793,Marc Sears,actor-stunts-writer
nm4123264,Nick London,director-producer-cinematographer
nm0466671,Lidia Korsakówna,actress
nm21964122,Leanne Rowe,actress
nm4171641,Simone Brice,actress
nm21962887,Jose L Colina,writer-director-soundtrack
nm0771526,G Schiffman,cinematographer-camera_department-actor
nm21968143,Helen Vita,actress-writer
nm4341871,Lorenzo Levrini,cinematographer-camera_department
nm1490813,Rick Ostermann,assistant_director-director-writer
nm21967640,Enric Jarlego,editor-director-actor
nm0222145,Rajan P Dev,actor-director
nm1882786,Theodora Duncan,actress
nm0745780,Richard Roundtree,actor
nm0156134,Jack Chertok,producer-miscellaneous
nm21965583,Alan Daicz,actor
nm21956445,Harry Manfredini,composer-music_department-soundtrack
nm21964356,Jak Brennan,actor-cinematographer-camera_department
nm3815171,Melanie Lee,producer-assistant_director-editor
nm0128757,ChenNan Tsai,actor-soundtrack
nm21960664,Mike Deisinger,editorial_department-editor-director
nm4052377,Luca Del Pupo,cinematographer-camera_department-actor
nm0004581,H Gregson-Williams,composer-music_department-soundtrack
nm0645636,Ryôtarô Okiayu,actor-soundtrack
nm21963204,B Lo Monaco,actor
nm5130506,HJP Arnold,
nm21968969,Khosrow Khanmohamadi,actor
nm21969631,Kurt Patino_,manager-writer-producer
nm21965153,Emer OSullivan,art_director-production_designer-art_department
nm21964300,Baldev Gill,writer-producer-actor
nm0595929,Mohana,actress
nm21964847,Val Ghelfi,actress
nm21955061,Katie Bonhamp,director-writer-assistant_director
nm1889547,Nev Raschid,producer-director-actor
nm21965023,Filiber Satti,actor
nm0572279,Bill McLaughlen,actor
nm21962451,Barb Pogenmiller,actress
nm21958292,Naama Amit,actress
nm0632064,Pavel Nilin,writer
nm0791756,Christopher Shepherd,director-writer-animation_department
nm4362797,Jordan Leondopoulos,director-editorial_department-writer
nm21961553,Don Smith,actor
nm21968667,Thomas Shannon,animation_department-art_department-production_designer
nm0736930,JB Rogers,assistant_director-producer-director
nm0404093,MariePierre Huster,writer-director
nm0529159,Scott Lyons,actor-miscellaneous
nm6942136,Ad Kasprowicz,actor
nm21967537,Bent Cooper,actor
nm21959574,Kazuaki Yoshiga,cinematographer
nm1971125,P Burke,actor-camera_department-writer
nm21969561,Jon Chase,actor
nm21958783,Georg Hensel,writer-actor
nm21955655,Kathryn FarrX,actor
nm5787652,Mario Temes,actor-cinematographer-director
nm21960665,Paul Weitz,producer-writer-director
nm21958219,Alex Herc,editor
nm21956796,Jer Bitsui,actor-producer-casting_department
nm2647981,Alisha Boe,actress
nm0656039,Ern Pagano,writer-producer-miscellaneous
nm0154152,Sab Chateree,actress
nm1856741,Oscar Kaszynski,actor-director-writer
nm21964911,Klara Rumyanova,actress-music_department
nm21959299,Robert Budreauw,producer-director-writer
nm0005737,Russell Harlan,cinematographer-camera_department
nm0290956,Hubert Frank,director-writer-actor
nm0950379,David Yow,actor-soundtrack-director
nm1838750,Melisa Molinaro,actress-soundtrack-miscellaneous
nm0282472,Jon Flock,producer-writer-miscellaneous
nm1525749,Benjamin Brat,actor-director
nm1544210,Geo Galloway,writer-producer-actor
nm21961208,Garn Campbel,composer-director-writer
nm21961290,Christopher Walden,music_department-composer-soundtrack
nm21967788,Kari Foxx,actress
nm21963372,Marc Bryant,composer
nm21964241,Reko Yoshda,writer-miscellaneous-script_department
nm21963365,Dan Hendler,actor-director-writer
nm21968643,Rodney Ascher,director-editor-producer
nm1510616,Mac Kenny,cinematographer-camera_department-director
nm0150205,David Pierce,actor-writer-assistant_director
nm21968419,Serdr Atacan,actor-writer-producer
nm1743585,Cheyenne Pesko,miscellaneous-editor-camera_department
nm5346412,Step Eyssen,composer
nm0154142,Nripati Chatterjee,actor
nm21965473,Kevin Feige,producer-miscellaneous-production_manager
nm21956152,Yuan Huang,legal
nm0621560,Sanjay Narvkar,actor-director-producer
nm5646885,Lidia Bouchard,actress
nm0000461,Michael Ironside,actor-producer-writer
nm21956135,Hry Kurnitz,writer-producer-costume_designer
nm0946916,Oktay Yavuz,actor
nm21966578,Jon Glenn,writer
nm0147147,Henry Cavill,actor
nm0890485,Olga Vasilenko,editor
nm21968023,David R Schwartzv,transportation_department
nm21963684,Zdenek Hadjov,cinematographer
nm21968357,Michael Ford,actor
nm21963088,Mel Lee,producer-assistant_director-editor
nm1071932,Alex Herc,editor
nm4356011,Syd Lynn,actress-writer
nm0708903,Lynne Ramsay,director-writer-producer
nm1834250,Rubin Whitmore,director-producer-editor
nm21969126,Jac Tourneur,director-assistant_director-editor
nm5595674,Seb Jacques,actor-soundtrack-music_department
nm21955922,Hope Loring,writer-actress
nm21957327,Sophia Huybens,actress
nm0004864,N Reagan,actress
nm21968497,Bernard Hill,actor-miscellaneous-soundtrack
nm21969200,Richard Martin Sternk,writer
nm9628751,P Kapikad,actor
nm21965849,Dav Yow,casting_department-soundtrack-director
nm0951278,Eduardo Yáñez,actor
nm1364905,Greg Ayres,actor
nm21969401,Kanchana,actress
nm21963344,Joy BangM,actress-soundtrack
nm0051916,Joy Bang,actress-soundtrack
nm0468393,Hugo Kovensky,cinematographer-camera_department
nm21967634,Tony Santos,composer-director-writer
nm0834373,Gale Strickland,actress-soundtrack
nm21965996,Juliette Day,actress
nm0594074,Kotono Mitsuishi,actress-soundtrack-miscellaneous
nm21966108,Alexia Bell,actress
nm0501256,Valérie Lemercier,actress-director-writer
nm21962480,Liz RephL,producer-writer-director
nm0498901,Robert Lefebvre,cinematographer-actor-camera_department
nm21966353,L.A. Kjeldsen,editor-editorial_department-set_decorator
nm21966630,Javi Frutos,director-editorial_department
nm1568630,Aitzol Aramaio,director-writer
nm21958094,Tob Bulman,actor
nm21957645,María Agui Carter,director-writer-producer
nm21968566,Olivia Venables,art_department-art_director-costume_department
nm21955074,Chris Robinson,director-producer-assistant_director
nm21958846,S Nakamura,location_management
nm21959006,H Trestikova,director-writer-actress
nm0729473,Jorg Rivero,actor-producer
nm21957409,Josey Peterson,
nm0785254,Ozen Sermet,cinematographer-editor-director
nm21965773,Hadleigh Arnsti,producer-director-writer
nm21962681,L Shapiro,producer-writer-assistant_director
nm21963840,Guy MitchellI,actor-soundtrack
nm21960115,Brooke Satchwell,actress-camera_department-producer
nm21967692,Allan Lane,animation_department-soundtrack-producer
nm21961554,Dav Pierce,actor-writer-assistant_director
nm21961949,Lev Milchin,director-art_director-production_designer
nm21969006,E Barrymore,actress
nm3899141,Ant Kuznetsov,actor
nm21963699,Samantha DockserJ,actress
nm21965563,Bernard White,actor-writer-director
nm21963683,Peter Skoumal,composer-soundtrack-actor
nm0415838,Ravindra Jain,composer-music_department-soundtrack
nm6458405,Marc Sears,actor-stunts-writer
nm21958743,Tan Cheung,art_department-actor
nm0267545,Ak Farkas,cinematographer-camera_department
nm21967845,Bryan Pumper,actor-director-producer
nm5344387,Walt Feiden,
nm0640784,Joseph ODonnell,writer-miscellaneous-script_department
nm3634063,Henry Coombs,actor-miscellaneous
nm0001699,Telly Savalas,actor-soundtrack-director
nm0049766,Renato Baldini,actor
nm6460128,J M Castillo,composer
nm21958161,Seeta Indrani,actress-producer-director
nm0466327,Harvey Korman,actor-director-soundtrack
nm21958091,Jelena Büsser,actress
nm21967635,Joseph de CordovaQ,editor-writer-assistant_director
nm21963774,Collie Fick,writer
nm21966918,Eric Hodges,editor-editorial_department
nm3127108,Christoffer Nordenrot,actor-writer-director
nm6952365,Angy Potrikus,actress
nm5232246,Katy S Ricketts,actress
nm21969683,Katherine Hicks,actress
nm21955666,Michelle Randolphs,actress
nm1944448,Sylvia Brenet,producer-production_manager-miscellaneous
nm5178457,Chas Thompson,
nm21960068,Bruno Delahaye,director-actor-writer
nm21956212,Roy Mack,special_effects-writer-miscellaneous
nm21964942,Andy Gothard,actor
nm21962450,Yoshie AsaiK,actress
nm21964102,Seyed Jalal DehghaniAshkezarij,manager-director-producer
nm21967314,ColeridgeTaylor Perkinson,composer-music_department-soundtrack
nm21966575,Math Abreu,actor
nm21964851,Diana Chihade,actress
nm21955650,Laur Haroutunian,cinematographer-editorial_department-camera_department
nm21968176,Marilyn Manson,soundtrack-composer-actor
nm9577823,W Gakuru,writer-director-costume_department
nm21959467,Minh Chieu,director-writer-camera_department
nm21966749,Tena Bates,writer
nm1052132,Herbert Bautista,actor-soundtrack-miscellaneous
nm21957457,Benoit Graffin,writer-director-actor
nm1048012,Tim Lever,soundtrack-miscellaneous-composer
nm21960189,Ave Ninchi,actress-miscellaneous
nm21962547,Rirko,actor
nm21964905,Irina Mazing,actress
nm2060114,Bone Thugs n Harmony,soundtrack-actor-composer
nm2686004,John Bell,actor
nm0740557,L v Rooyen,composer-music_department
nm1564036,Cecilia Gessa,actress-script_department
nm21967206,H K Smith,make_up_department-actor
nm4880881,Joe Whitaker,director
nm0222144,Rahul Dev,actor
nm21963304,Ulrich Noethen,actor-soundtrack
nm0405973,Attila Hörbiger,actor-soundtrack
nm2217044,Jonathan Drubner,writer-miscellaneous-producer
nm3112739,E CharltonTrujillo,producer-director-writer
nm1454234,The Crystal Method,soundtrack-music_department-composer
nm21960474,Clar Rugaard,actress-soundtrack
nm0001504,M Manson,soundtrack-composer-actor
nm1423077,Leoner Seixas,actress
nm5771589,Alex C Martino,actress
nm21958422,Jas Webber,actor-director-writer
nm21960833,Martin Lutz,music_department-composer-miscellaneous
nm0005658,GW Bitzer,cinematographer-director-camera_department
nm21960539,Yuri Pugach,production_designer-set_decorator
nm5970991,Marlen Diaz,actress
nm3937144,F De Brauer,actor-writer
nm0806061,Paul Sloane,writer-director-producer
nm21962012,Hani Shnudah,composer-music_department-soundtrack
nm21962020,Mike Knupffer,producer-sound_department
nm21964135,Sandy Caruso,actress
nm3292686,Ali Mansuri,producer-miscellaneous-camera_department
nm0323707,Agnès Godard,cinematographer-camera_department-editorial_department
nm21967053,Mat Stocchino,set_decorator-music_department
nm0439507,Miriam Karlin,actress
nm21956060,Tom Mix,transportation_department-director-writer
nm0186147,Felix Cramer,cinematographer-camera_department-visual_effects
nm0130587,Mark Calaway,actor
nm21967638,Enrique JarlegoN,composer-director-actor
nm21969755,Edward Clark,actor-writer-soundtrack
nm1284939,Ford Austin,actor-producer-director
nm21957947,Klaus Dahlend,casting_director-soundtrack
nm21969490,Paul Sloan,writer-director-producer
nm21957728,Ferran RañéG,publicist-producer-soundtrack
nm0493069,Vicki Lawrence,actress-soundtrack-writer
nm2685177,Rahel Grunder,writer-director-script_department
nm0197982,John Dall,actor
nm2503560,Gustavo Galvão,producer-director-writer
nm0665951,Pasha Patriki,cinematographer-producer-camera_department
nm7369287,A Begalishvili,actor
nm21956111,Marija Karan,actress
nm21967425,Guy Dufaux,cinematographer-camera_department-director
nm2213653,Fil Wesselink,actor
nm5983599,Romano Reggiani,actor-director-writer
nm21960807,Beth Roose,writer-producer-director
nm2101260,Ross Otterman,producer-director-writer
nm21964304,Bhushan Kumar,producer-writer-miscellaneous
nm0000255,Ben Affleck,producer-actor-writer
nm0124253,John A Bushelman,editor-editorial_department-sound_department
nm21962444,Ibinabo Jack,production_department
nm1252599,Marko Nabrsnik,director-writer-assistant_director
nm21955212,Nutan Prasadb,actor
nm1553967,Wayne Tucker,actor
nm21960730,V Gerasimov,set_decorator-assistant_director-producer
nm7698996,Geo Ostretsov,actor
nm21958224,Vic Valentino,actress
nm0865787,Tugay Toksoz,actor
nm21960188,Lil Bonfatti,cinematographer
nm21969201,Ami Adams,actress-producer-soundtrack
nm1142276,Kera O'Bryon,actress-music_department-miscellaneous
nm0902220,H v Eichwald,composer-music_department-actor
nm21955567,Lisa Arcaro,production_designer-casting_department-casting_director
nm21961945,H Rosenthal,writer-director-actor
nm0012148,Felix Adler,writer-miscellaneous-actor
nm4462830,Chris B Tucker,director-actor-writer
nm1042571,Steve Davis,stunts-actor-writer
nm3227226,Letícia Persiles,actress
nm21955665,Arden Belleh,assistant_director-writer-producer
nm0101570,T.T. Boy,actor-director-producer
nm5876384,Matthew James Kelly,composer-music_department
nm0175253,Jas Connock,editor-editorial_department-sound_department
nm3295202,Chris Pike,actor-editorial_department-sound_department
nm1557652,Bruce McNall,producer-executive
nm1935952,Jördis Triebel,actress
nm21962516,Diane Martelo,executive-miscellaneous-soundtrack
nm21956746,Margarita de Ochoa,editor-editorial_department
nm8544014,Jon Dodson,actor-producer-transportation_department
nm0190388,Luisa Cruz,actress-miscellaneous
nm21967874,Nicolás Corbelli,director-writer-cinematographer
nm3129927,Bruce Bromburg,composer-soundtrack
nm21969568,Sebastian ZentilomoZ,make_up_department-editor
nm0857107,Andrew Thacher,actor-sound_department-producer
nm21967696,Stanley WilsonD,publicist-composer-soundtrack
nm0233215,Shaun Dooley,actor-miscellaneous-soundtrack
nm21967487,Michel DuchaussoyT,actor
nm21961524,Leo Tolstoy,writer-soundtrack
nm21956907,N.W. Higgins,producer-writer-assistant_director
nm1429325,Juan P Fajardo,director-writer-art_department
nm0736365,Chas Roellinghoff,writer-actor
nm3061777,Ram Zeynalov,actor
nm21968144,Per Schwenzen,manager
nm0802997,Sishwa,actress
nm3873049,Mario Garcia,actor
nm3702854,Mat Winum,composer-sound_department
nm0846752,Horacio Taicher,actor
nm21959192,Marc Bresciano,cinematographer
nm2749039,Nate Dashwood,actor-stunts
nm0130011,Mihai Calin,actor-location_management-transportation_department
nm21956102,Luc Neff,actor-soundtrack-producer
nm0919369,Paul Weitz,producer-writer-director
nm21968418,Hatice Kalit,actress
nm1725970,Jen Johansson,actor-soundtrack
nm21963557,Oskar FranzenP,editor-editorial_department-camera_department
nm8032810,Faisal,cinematographer
nm0073072,Serg Benvenuto,writer-assistant_director
nm1724323,Jayma Mays,actress-soundtrack
nm0004767,Jos Bologna,actor-writer-director
nm21958597,Ana B d Cordova,actress
nm21956590,Mike Fallekn,writer-director-editor
nm0195557,Joey DAuria,actor-writer
nm21955749,Pierre Barillet,editor-actor
nm1231602,Curt Bisel,editor-miscellaneous-editorial_department
nm21964242,Jay Hickmen,actor-soundtrack
nm2329870,Jean Proal,writer
nm21958967,Caio Marcio dos SantosT,composer
nm0919798,Frank Welkr,actor-soundtrack-music_department
nm21956095,Ros Hill,producer-script_department-miscellaneous
nm21959172,Mike Lane,actor-producer-soundtrack
nm21958310,C H Wu,art_director-art_department-production_designer
nm3377372,Ido Drent,actor
nm21962549,Rirkoo,actor
nm0000134,Robert De Niro,actor-producer-soundtrack
nm21957796,Frank Ditto,actor-director-writer
nm1109183,Sharan Franklin,editor-editorial_department-camera_department
nm1829411,Jon P Wheatley,camera_department-cinematographer-director
nm1482758,Hakan Sükür,
nm21956503,Sylvie Brenet,producer-production_manager-miscellaneous
nm0004626,Kar Kapoor,actress-soundtrack-music_department
nm21960930,Ily Korobko,actor
nm11062891,SJ Thomas,cinematographer
nm0668007,Jim Pawlak,actor
nm21954956,David Gazzanak,camera_department-actor-visual_effects
nm21957068,Ray Enright,director-writer-editor
nm1157236,Cristina Bella,actress-make_up_department-costume_department
nm0167041,Rose Clooney,soundtrack-actress-writer
nm0605417,Thodoros Moridis,actor
nm21956122,Sofia Bohdanowicz,director-editor-producer
nm21955688,Jeronimo RodriguezGarcia,cinematographer-camera_department-editorial_department
nm4207151,Dewey Allen,producer-director-writer
nm0113873,Joe E Brown,actor-soundtrack
nm21961129,Helder Faria,editor-director-writer
nm21965056,Dory Mathe,producer-production_manager-miscellaneous
nm21967898,Govinda,actor-music_department-producer
nm21956661,Robyn S ClarkZ,actress-writer
nm1507078,Hani Shnudah,composer-music_department-soundtrack
nm5184000,Eloïse Genet,actress
nm0107613,Karie Foxx,actress
nm21959382,Catherine WinterD,legal
nm21959039,Gyla Busso,electrical_department
nm1100541,Suvi Tedu,actor-director-writer
nm21956096,Barb Ewing,manager
nm21959527,Ang Paton,actress
nm5434563,Andy Hernandes,actor-writer
nm3295338,Jen Brown,producer-production_manager-director
nm21961191,Jerry Watson,camera_department-cinematographer-miscellaneous
nm0732631,Frank M Robinson,writer-actor
nm0239816,Mike Duchaussoy,actor
nm0795060,Henry Short,cinematographer-director-editor
nm0202638,Nigel Davenport,actor-assistant_director-soundtrack
nm5182157,Sarah Garth,camera_department-cinematographer-miscellaneous
nm0456158,Jack Kirby,writer-animation_department-miscellaneous
nm0602660,José María Morales,producer-executive
nm21966399,Jawad Rhalib,director-writer
nm21969141,Peter Mullan,actor-director-writer
nm21967698,Ton Martinelli,editor-editorial_department
nm0775826,Renate Schubert,actress
nm0586923,Axel Milburg,actor
nm21964660,L Fu,set_decorator-writer-director
nm21967401,Larry Fineb,cinematographer-soundtrack-writer
nm21965847,Dav Robles,cinematographer-editor
nm21958239,Marc Fitzhugh,actor
nm3967248,Jake Brennan,actor-cinematographer-camera_department
nm21969110,Lucyl Terrin,writer-assistant_director
nm0051931,Arne BangHansen,actor
nm21957784,Mitch Pilegi,actor
nm0113627,George H Brown,producer-writer-production_manager
nm6937225,L L Brandorf,actress
nm0001218,Sean Patrick Flanery,actor-soundtrack-producer
nm21956211,Reed Brown Jr,set_decorator-soundtrack
nm4627372,Sócrates,editor
nm0884534,Leo Valeriano,actor
nm21956024,Kate Winsletc,actress-soundtrack
nm2363815,B Emerton,
nm21969723,Bénédicte Gobert,actress
nm21967695,Ger Geraghty,writer-miscellaneous
nm21960611,Dmitriy OrlovB,editorial_department
nm21965824,Thomas Osgood,composer
nm0363641,Jess Harnell,actor-music_department-soundtrack
nm21957644,Deb Copaken,assistant-writer-camera_department
nm0362856,Sharon Harel,producer-writer-casting_director
nm2625173,Rolf Berg,actor
nm0657162,Geo Pal,director-producer-cinematographer
nm21966722,Bill Bixbyx,actor-director-producer
nm21961272,Alex Hachko,publicist-editorial_department-producer
nm0227585,Max Dinero,actor
nm3564817,Phoebe WallerBridge,writer-actress-producer
nm0609485,Fern Motta,actress
nm21968491,Hannu Kahakorpia,manager-actor-director
nm21964065,Thomas Watson,editor-editorial_department
nm21968024,Dav Hicks,production_designer
nm21955048,Chris Roche,director-writer-location_management
nm0962102,Afa Anoai,actor-producer-miscellaneous
nm0522686,Norman Lovett,actor-writer-soundtrack
nm2426165,Martin Maheux,composer
nm0269067,Ed Faulkner,actor-director-art_director
nm1135263,Marcius Barbieri,editor-director-actor
nm0374475,Hans Heinrich,director-editor-writer
nm21968334,Z Abdo,actress
nm21966126,R Beekhuizen,actor
nm21966636,Susan Boyle,soundtrack-actress
nm3662284,James Webber,producer-director-writer
nm21960768,Jac Penot,actor-writer
nm21963306,Axel Milburg,actor
nm21969509,Naim SutherlandT,costume_department-camera_department-producer
nm21966421,D Karetny,cinematographer
nm21968515,Kendal RogersJ,director-cinematographer-miscellaneous
nm9571896,Madhusudan Reddy,cinematographer
nm3496977,Kitaro Muro,producer-writer-director
nm3698746,Olive Deeble,actress
nm9509165,Wala Farid,actress
nm21963654,Raj Kumar,composer
nm0363414,Hugh Harman,producer-director-writer
nm0564533,Suzanne McCafferty,producer-director-assistant_director
nm21959420,Edib Uneri,
nm0957088,Zyg Zintel,actor
nm0354040,Ryan Haidarian,producer-director-actor
nm21960559,Aitzol Aramaio,director-writer
nm1046980,Maralyn Thoma,writer-actress-producer
nm0788415,ShaoTung Chou,actor
nm21962550,Cukoo,actress-producer-assistant_director
nm21962186,Step Bevilacqua,writer-producer-director
nm21957289,B Chawla,actress-miscellaneous
nm1161145,Paull Walia,actor
nm21956868,Bern Sundstedt,actor
nm0042524,Steve Austin,actor-producer-writer
nm21964981,Yoko Tsukasa,actress
nm1910737,Chas Fitzgerald,producer-writer
nm21955962,Ulr Matthes,actor
nm21967915,Aya Takeda,writer
nm21959384,Mich Martens,writer
nm21966950,Bibhutibhushan Bandyopadhyay,writer
nm9069771,A N Ferrandez,actor
nm21965216,Thomas Anderson,actor
nm0137023,Philip Carey,actor-soundtrack
nm21955653,Aliv Marie,actress
nm21962188,Dav Rimawi,producer-actor-writer
nm21967588,Bashar Samman,editorial_department-editor-camera_department
nm21959569,Kitaro Muro,producer-writer-director
nm21967844,Rico Strong,actor-director
nm0891291,Drew Vaupen,producer-writer-miscellaneous
nm21964181,Donna Warner,actress
nm0551869,Al Martin,writer-director-soundtrack
nm21962889,José Luis Colinax,producer-director-soundtrack
nm21963329,Iz Desantos,actress-director
nm21955651,Tam Bruketta,actress-writer-producer
nm3182094,Chris Colfer,actor-soundtrack-writer
nm1043483,Sky Taylor,actress
nm21959294,Marlen Diaz,actress
nm21955325,Michaela FurneyO,miscellaneous
nm0444807,MM Keeravani,composer-music_department-soundtrack
nm2192516,Finch Nissen,actor-writer-director
nm21959873,Bobby Chakraborty,actor
nm1616704,Steffen Hallaschka,actor
nm21958398,Matt Egans,production_designer-camera_department
nm21954987,Elsa KikoïneM,actress
nm1101505,Chris Candy,actor-sound_department-writer
nm21954990,Doug HeadlineJ,director-writer-editor
nm0025316,Matt Amos,director-assistant_director-producer
nm0179154,Harry H Corbett,actor-writer-soundtrack
nm0223316,Marc Dexter,actor
nm21964719,E Erickson,actor
nm4457467,Jess Weiss,miscellaneous-producer-director
nm1163202,K Balaji,actor-producer-production_manager
nm8474275,MariaTeresa DaherCusack,actress
nm0551103,Pete Marshall,actor
nm21959449,Nik London,composer-producer-cinematographer
nm21966419,J.C. Chang,assistant_director-actor-writer
nm21961562,D Carmody,producer-miscellaneous-production_manager
nm0010736,Amy Adams,actress-producer-soundtrack
nm1161473,Christopher Roche,director-writer-location_management
nm21965055,Allison Pill,cinematographer-soundtrack
nm0465033,Ivy Kong,producer-miscellaneous-writer
nm21959171,C Rhodes,actress-soundtrack-assistant_director
nm21963979,Virg Efira,actress-writer-producer
nm21955958,Stefan Willo,production_manager-soundtrack-writer
nm21963839,Rosemary ClooneyO,soundtrack-actress-writer
nm21969680,Pete Marshall,animation_department
nm1175196,Andy Chworowski,actor
nm21959683,Harry H Corbett,actor-writer-soundtrack
nm21959213,Daniel CraigH,cinematographer-producer-soundtrack
nm21966936,Rubin Whitmore II,director-producer-editor
nm0875293,C.C. Hsu,actress
nm21962017,Dav S Percy,director-cinematographer
nm21967697,Bud Thackery,cinematographer-camera_department-special_effects
nm1729688,LeaBeth Shapiro,producer-writer-assistant_director
nm5123594,Rachid Mekhloufi,
nm21966447,Rian Haidarian,producer-director-actor
nm0191685,Rob Culp,actor-writer-director
nm21960289,Man Andres,actor
nm0089868,Robert F Blumofe,producer-miscellaneous
nm21967648,Ahmet T Tekce,actor
nm21969620,D Tree,actress
nm0869664,Jacques Tourneur,director-assistant_director-editor
nm21969780,Sara Derzawy,actress
nm21968962,Hert Frankel,actress-miscellaneous-director
nm0104418,Paulo Branco,producer-actor-miscellaneous
nm21969421,Stelvio MassiY,editor-director-camera_department
nm21966925,Joone,producer-director-camera_department
nm0347453,Jul Guiomar,actor-miscellaneous
nm21969058,Vinu Kiriyath,writer-composer
nm21962304,Scott Dyer,publicist-actor-writer
nm21959640,Carol Castro,actress
nm21966935,Philippe ProsperA,actor-stunts
nm0387354,M H Ho,director-writer-assistant_director
nm21958234,Ed Wang,composer-music_department-script_department
nm21956231,Vojt Havel,composer
nm21967300,Aaron Guerrero,actor
nm5376943,Pelle Falk Krusbæk,actor
nm0436778,H Kamiya,actor-soundtrack
nm2762552,Jef Neve,composer
nm21965689,Raoul AndréL,director-writer-assistant_director
nm21967677,Neil Keenanr,assistant_director-writer-special_effects
nm10174604,Saadet Ozsirkinti,actress
nm21957119,Danielle Franco,producer-miscellaneous-director
nm0209963,Manuel Luna,actor
nm21968705,Afa Anoai,actor-producer-miscellaneous
nm21968417,B C Sagir,actor
nm21969127,Jak Chertok,producer-miscellaneous
nm2488101,Yuka Hoshaku,actress
nm21958093,Tobias Dengler,cinematographer-camera_department-production_manager
nm0000447,Marilu Henner,actress-miscellaneous-producer
nm21960989,Ellie Fenton,camera_department-cinematographer-actress
nm21956602,Nathan Marquardtx,actor
nm5294953,Giorgio Amato,writer-director-producer
nm21968331,Y I Yassin,director-writer-actor
nm21967403,Felx Adler,writer-miscellaneous-actor
nm21959568,Sei Hiraizumi,actor
nm2514471,Miikka Leskinen,editor-director-writer
nm21959609,Scot Appleby,producer
nm21956284,Vlasta Dusek_,miscellaneous
nm21963475,H Kamiya,actor-soundtrack
nm21962142,Christopher Morgan,producer-production_manager-miscellaneous
nm21956114,P Ejdus,actor-music_department
nm21968965,T Hardin,actress
nm8338342,Caleb Lybrook,actor
nm0690120,Roy Pomroy,special_effects-director-miscellaneous
nm21967102,Asan Kirkabayevq,director-composer-sound_department
nm21963474,Hiroshi Kamiya,actor-soundtrack
nm21956547,J-C La Marre,producer-actor-director
nm21963109,Tully Marshal,stunts
nm0744690,Carlo Rota,actor-miscellaneous-producer
nm21960728,Pavel Nilin,writer
nm21967400,Vernon Dent,actor-writer-soundtrack
nm0609252,Nemanja Mosurovic,composer-music_department
nm21967749,Ed Yanez,actor
nm21969283,Shahnaz Tehrani,actress
nm1541933,Andrew Waruszewski,camera_department-cinematographer-editorial_department
nm21967646,Susan Avci,actress-producer
nm0195996,Roby D,director-camera_department-cinematographer
nm1383059,Andre Matthias,composer
nm21969139,Al Tripney,actor
nm21957782,Bruce Nash,electrical_department-writer-director
nm10346396,S Zhang,writer
nm0096803,Gabriella Boris,actress
nm0000856,Ethel Barrymore,actress
nm21969022,Jon Pryce,set_decorator-soundtrack-producer
nm2148145,Houston Curtis,producer-writer-director
nm0487873,Agustín Lara Alvarado,cinematographer-camera_department-actor
nm0431935,G Judica,actor
nm0408984,Jack Ingram,actor
nm21961810,T Moridis,actor
nm21964348,Eric Searle,actor-casting_department
nm21955283,Tom B Larsen,actor-stunts
nm3108290,Laiching Ku,producer
nm5538862,Nehal Mehta,actress-miscellaneous
nm1637920,Martin Rahner,editor-editorial_department
nm3691689,Jon Keville,producer-miscellaneous-executive
nm21964155,Trijntje Oosterhuis,soundtrack-actress-writer
nm21961946,Olga Vasilenko,editor
nm21961095,Iván WyszogrodP,actress-music_department-sound_department
nm21961110,Ug Kardas,manager
nm3169905,The Romantcis,soundtrack-actor
nm21958304,Robert Cummings,actor-director-soundtrack
nm3511555,Leo Bourikos,actor
nm0282802,E F Torres,cinematographer-camera_department-director
nm0288025,Robert Foster,camera_department-cinematographer-director
nm21965071,Jas Batley,producer-director-editor
nm0402597,Peter R Hunt,editor-director-editorial_department
nm0147603,Vittorio Cecchi Gori,producer-miscellaneous-actor
nm1883210,Nao Tôyama,actress-soundtrack
nm21963300,Julia von FrihlingE,editor
nm0556594,Belinda Mason,director-writer-cinematographer
nm21964248,HansUwe Bauerd,assistant
nm0006185,Harry Manfredini,composer-music_department-soundtrack
nm21963981,Simon Beaufils,editorial_department-camera_department
nm21956540,Pete Hunt,editor-director-editorial_department
nm0475460,Bettina Kupfer,actress-writer-producer
nm0742759,Hans Rosenthal,writer-director-actor
nm21960219,Charles Bernstein,composer-music_department-soundtrack
nm0086432,Alexander Blaise,actor-miscellaneous
nm0376655,Daniel Hendler,actor-director-writer
nm21964838,Kirk Hazen,composer-actor-writer
nm21963245,Steven A Davisp,stunts-actor-writer
nm1558495,Dav Jaffe,writer-miscellaneous-director
nm21963601,Ros Anderson,miscellaneous
nm0110482,Albert R Broccoli,producer-miscellaneous-assistant_director
nm21956465,Walter Feiden,
nm9531104,A Jerk,editor
nm21959174,Mike LaneN,production_manager-producer-soundtrack
nm6069381,Irene Di Lelio,director-writer
nm21969270,Leo Houlding,producer-miscellaneous
nm21958406,Ugo Liberatore,writer-director-actor
nm21965007,William H Pineb,producer-director-miscellaneous
nm21955555,Chris PerryW,director-writer-producer
nm1524001,Kurt Lockwood,actor-director-writer
nm0186973,Ter Crawford,actress
nm21965209,Kay Lauzier,actor
nm4031848,S Gstottmayr,editor-music_department
nm21965850,Chk Dukowski,soundtrack-actor-producer
nm21965896,Cra Charles,actor-soundtrack-writer
nm21959544,Ian Daniels,actor-director-assistant_director
nm21965909,Alessandro Alessandroni,music_department-composer-soundtrack
nm5785574,Lars Petter Aase,actor
nm21968421,Arne B Hansen,actor
nm0629363,Chas Nichols,animation_department-director-producer
nm0126966,Arm Bogus,actor
nm21965242,Dusty Rhodes,manager-actor-producer
nm1287536,Megumi Ishii,actress
nm1165074,Haven,actress-production_manager-assistant_director
nm0188347,Barry Crocker,music_department-actor-soundtrack
nm21961868,Mike Brosnan,producer-director-writer
nm0003135,Vic Barkoff,actress
nm21964330,Paul Walia,actor
nm1729247,Yassin Ismail Yassin,director-writer-actor
nm21960538,Vic Lebedev,composer
nm3617084,John Marshall,actor-writer-camera_department
nm0002043,Madh Dixit,actress-music_department-soundtrack
nm3291308,Nate Ruhland,director-writer-producer
nm21955404,Ryz Jaworski,cinematographer-director-writer
nm21959911,Dianna Lauren,actress-director-writer
nm21959481,Judit Czakó,editor-script_department-actress
nm0001048,Andrew Dice Clay,actor-producer-writer
nm1346476,En Jarlego,editor-director-actor
nm21962723,Sid Goldin,casting_department-writer-producer
nm0762660,Sangeetha,actress
nm1142470,Brian Pumper,actor-director-producer
nm21962546,Mohana,production_manager
nm1261587,Kelli Stables,actress-miscellaneous-stunts
nm21961600,Scott Ingram,production_manager
nm2317243,Naim Sutherlnd,cinematographer-camera_department-producer
nm21969386,Martna Drager,actress
nm21961193,A Dice Clay,actor-producer-writer
nm0576037,George Meehan,cinematographer-camera_department-miscellaneous
nm21959847,P Sirikul,actress
nm21960926,Eric F AdamsT,composer-stunts-director
nm21961273,Elektrina Korneeva,producer
nm21959526,Mario Temes,actor-cinematographer-director
nm2857655,Skye Jackson,actress
nm0939738,H Wood,actress-soundtrack
nm6403597,Mona Farjad,actress-director
nm21967183,Ryan Perez,writer-actor-director
nm21957970,Tom Cowan,
nm21966387,James Busher,director-producer-writer
nm2094033,Jant James,actress-music_department
nm21961597,Andy Waruszewsky,camera_department-cinematographer-editorial_department
nm21968960,Tito Moral,actor-soundtrack
nm0045075,Jagapathi Babu,actor
nm21960680,Mat F Reyes,miscellaneous-camera_department-special_effects
nm2948887,Megh Bradley,actress
nm21955902,Michael C Alvarez,actor
nm0220039,David H DePatie,producer-writer-animation_department
nm21957666,Stephen Reizes,writer-camera_department-director
nm1502218,Guy Branum,writer-producer-actor
nm21956872,Ava Garder,sound_department-soundtrack-stunts
nm3536562,Dawn Michelle,actor
nm5753767,Natalia Benvenuto,actress
nm21955566,Anja Akstinh,editorial_department-writer
nm9134581,Lene Guttorm Mikkelsen,producer
nm0542950,Romann Mann,production_designer-art_director-costume_designer
nm21959293,Jay Wasley,sound_department-cinematographer-camera_department
nm2133478,Mindy Byram,actress
nm1002424,Mike Dougherty,writer-director-actor
nm21958489,Wera Cleve,editor
nm21956249,Eric Gurney,writer-animation_department
nm21956944,Patrick J Voetberg,editorial_department-editor
nm7839145,Seb Zentilomo,cinematographer-editor
nm0000596,Jonathan Pryce,actor-soundtrack-producer
nm21958291,Daniel Millerd,cinematographer-camera_department
nm21959399,Rustu Recber,
nm1892323,Nic Corbelli,director-writer-cinematographer
nm21957752,O.J. Simpson,actor-producer
nm0083910,Paul Bisciglia,actor
nm0029293,Manuel Andrés,actor
nm21969399,SatyanandF,writer-script_department-miscellaneous
nm2750428,Dav R Schwartz,editor
nm0429868,Chas Jordan,actor-soundtrack
nm21956817,Chandra,manager-assistant_director-writer
nm21960923,Andrew Strahorn,cinematographer-camera_department-producer
nm0444742,Valley Keene,actress
nm21956943,Mathias Winumb,composer-sound_department
nm0432213,Paul Julian,animation_department-actor-art_department
nm1029112,Luke Doolan,editor-editorial_department-cinematographer
nm0570635,Bradley McIntosh,actor-soundtrack
nm0815897,Soundarya,actress-producer
nm21964032,Rog Guerra,actor
nm21958290,Ayelet Gabaye,animation_department
nm2308815,Stef Fregni,actor-producer-writer
nm21967052,Mat Stocchino,composer-music_department
nm0198688,Banzar Damchaa,actor
nm0351772,Trent Haaga,actor-writer-producer
nm0154653,Bhoomika Chawla,actress-miscellaneous
nm21966915,Patrick Woodhousex,actor
nm0788144,Step G Shank,cinematographer-camera_department
nm6910119,Ilya Korobko,actor
nm21961944,Hans Rosenthal,writer-director-actor
nm0311065,Gil Gazcon,writer-director-producer
nm3157936,Martin Waetzold,
nm21968889,Vern Dent,actor-writer-soundtrack
nm3676907,Jim Barker,writer-director-actor
nm21958133,Kevin MacLeod,composer-music_department-soundtrack
nm21969398,K Raghavendra Rao,director-producer-writer
nm21969396,Soundarya,casting_director-producer
nm21955554,Tyler Gorman,special_effects-editor
nm21955064,Hry Baker,editor-director-writer
nm0005821,Theodore J Pahle,cinematographer-director-writer
nm21967005,Mitch Bourke,actor
nm21956707,Owen Marks,production_department
nm0799850,Mika Simmons,actress-director-writer
nm21957725,Kenny Rogers,soundtrack-actor-writer
nm21961269,Oleg Kuznetsov,actor
nm21964720,James Wilberger,producer-production_manager-miscellaneous
nm3746742,Steve Williams,writer-miscellaneous
nm0525403,James Luisi,actor
nm1925640,Dan Robenson,editor-producer
nm0332871,Govenda,actor-music_department-producer
nm21958322,N Mehdixanli,actor-director
nm21960288,Pedro Pablo Picazo Pérez,writer-director
nm21969505,Jeremy Hoenackt,sound_department-editor-director
nm1127536,Ada Solomon,producer-production_manager-actress
nm21966577,Al Weisenberger,location_management-cinematographer
nm21964271,Peter Hudsonz,producer
nm21955275,Colin Hoult,actor-writer
nm1477536,Elaine Tyson,actress
nm6171684,Jackson Altair,producer
nm21962987,Vlad Subotic,cinematographer-camera_department-producer
nm0689076,Anna Poliak,editor-assistant_director-director
nm7075214,Ayano Takeda,writer
nm21968336,Sabah ShehataN,location_management
nm21956081,Victor Agustinn,producer-casting_director
nm21962884,Jan Quintero,composer-soundtrack-music_department
nm0752744,Mike Ryan,actor
nm21969140,Dan Robinson,editor-producer
nm2272335,Ali Miri,actor-director-writer
nm21957291,Kareena Kapoor,actress-soundtrack-music_department
nm1090896,K Patino,manager-writer-producer
nm21965870,Andy Gryazev,director-writer-cinematographer
nm21966767,Pete Lloyd,actor-composer
nm0162668,Daniele Ciprì,cinematographer-director-writer
nm0001014,Mariah Carey,soundtrack-actress-composer
nm21962985,S Constantinou,editor-producer-director
nm21962339,Marko Nabersnik,director-writer-assistant_director
nm9056025,Dave Shuey,actor-make_up_department
nm0191950,Rob Cummings,actor-director-soundtrack
nm21958607,Linda Sorensen,talent_agent
nm21967426,Don Anderson,actor
nm1828938,Derk Evans,actor
nm0882853,Brenda Vaccaro,actress
nm21960473,Glen Montgomery,writer-costume_department
nm21965822,Alberto Castellanosm,miscellaneous
nm3875284,Dav Patten,director-writer-editor
nm0087681,Ricardo Blasco,director-assistant_director-writer
nm9664531,Payam HosseinSouri,costume_designer-production_designer
nm21965902,Matt Lucas,actor-editorial_department-editor
nm21955270,G Maddin,actress-writer-cinematographer
nm3246363,Sam Eidson,actor-producer-writer
nm21955133,Vinc Martin,actor
nm21958907,J Covitt,actor-writer-miscellaneous
nm21956219,Kris Pietroszek,producer-director-writer
nm5646884,Benedicte Gobert,actress
nm21968500,Ami Nicholson,production_designer-art_director-writer
nm21963849,G Beley,
nm0934142,Sid Wilson,actor-composer-soundtrack
nm21956884,Gil Perez,producer-director-writer
nm0798611,Leon Silveria,actress
nm0372192,Doug Headline,director-writer-editor
nm0835486,Sebastian Ströbel,actor
nm21968890,Jefferson Moffittp,writer-director
nm2884109,Matthew F Reyes,miscellaneous-camera_department-special_effects
nm0003546,Charles Rosher,cinematographer-camera_department-miscellaneous
nm0179880,Nick Corirossi,actor-writer-director
nm21955803,Alberto TaralloL,producer-casting_director
nm1246872,Ryszard Jaworski,cinematographer-director-writer
nm0649320,Bülent Oran,writer-actor
nm0019610,Astrit Alihajdaraj,actor-producer-director
nm6036048,Colin Clerc,actor-camera_department-production_manager
nm0263851,Rosamund Kwan,actress
nm21967402,B Jamison,actor-soundtrack-director
nm21961487,Burt Lancaster,actor-producer-miscellaneous
nm21963658,L.A. Khan,director-writer
nm21969618,Juliette Comptony,visual_effects
nm2423602,Andie Hudson,
nm0296651,Will Fruet,director-writer-producer
nm21966121,Rebecka Lafrenz,producer-production_manager-assistant_director
nm0163199,Dick Clair,writer-producer-actor
nm21959173,Chris Squirey,sound_department-producer-composer
nm6936379,Harry Baker,editor-director-writer
nm1620376,Elizabeth Reph,producer-writer-director
nm21965278,Ros Otterman,producer-director-writer
nm21958574,Derek Evansa,actor
nm0146835,Leona Cavalli,actress
nm21966799,Hope Perello,miscellaneous-producer-director
nm4136197,Alan Weisenberger,camera_department-cinematographer
nm21960933,Darryl Phillipst,producer-director-actor
nm21959195,Anita Bulan,producer
nm21956791,Buuli Zaanoz,script_department
nm0044472,Sybil Azur,actress-director-writer
nm21955376,Erik Cornelius,actor-camera_department-producer
nm6406173,Greta Gilis,producer
nm0362065,Max Hardcore,actor-director-producer
nm21966446,J de Bruyn,actor
nm21968335,Walaa Farid,actress
nm21966521,Rich G Wray,editorial_department-editor
nm0338569,Paul Greenberg,actor-writer-producer
nm21966215,Sara Kosovac,actress
nm21966318,Bojan Zogovic,actor
nm21955435,Micky Lynn,actress
nm21969508,Andrew Halliwell,actor-composer-producer
nm21956001,Sanjeev,actor-publicist
nm21966855,George Pal,director-producer-cinematographer
nm21965848,Michael Watt,actor-soundtrack-composer
nm21956097,Rosy Hill,producer-script_department-miscellaneous
nm0309943,Larry Gaudette,camera_department-cinematographer-miscellaneous
nm0293989,Friz Freleng,producer-director-writer
nm0146366,P Cattermole,actor-soundtrack
nm21964652,Buck Adams,actor-director-writer
nm21966851,W Wippersberg,writer-director-actor
nm0054667,P Barillet,writer-actor
nm1785170,Martina Dräger,actress
nm21956599,D Poirier,make_up_department
nm3164594,Dio,soundtrack-actor-composer
nm21956285,Jaromir Kacer,cinematographer-writer
nm21963330,Courtney Cummz,actress-director-camera_department
nm1311794,Miryam Zohar,actress
nm0066960,Willi Behnisch,cinematographer-camera_department-writer
nm0574934,Wrik Mead,director-writer-cinematographer
nm21966852,El Hadji Malick Cisse,actor
nm1056892,A Greenberg,producer-production_manager-visual_effects
nm21960987,H Curtis,producer-writer-director
nm21955410,Greta Gilles,producer
nm0091983,Mirj Bohanec,actress
nm21958221,Aleksandar Herc,editor
nm21959287,Emily Cuttting,stunts
nm21959604,Vic May,animation_department-producer-director
nm8649220,T Warakulnukroh,actor
nm21957637,Carter Pilcher,producer
nm0661391,Stan Pavey,cinematographer-camera_department
nm0306794,Sophie Gardiner,producer
nm21958045,Brig Horney,actress-soundtrack
nm21956342,Leelee Sobieski,actress-producer
nm21965500,Is Dahlan,actor
nm0006163,William Lava,composer-music_department-soundtrack
nm21968706,Lloyd Anoai,actor
nm0163902,Ed Clark,actor-writer-soundtrack
nm21966821,Naci Duruq,editorial_department-production_manager
nm21960066,Bruno Delahayer,actress-actor-writer
nm0355446,Curt Hall,producer-actor-cinematographer
nm21955480,Benzino,actor-soundtrack-writer
nm21966183,James Weaver,producer-miscellaneous-director
nm21968961,Franz Johan,camera_department
nm0916682,Matthias Weber,music_department-composer-soundtrack
nm1253181,Sérgio Bezerra,actor-producer
nm0369729,Vojtech Havel,composer
nm21957399,Patti Murin,electrical_department-soundtrack
nm0374569,Gerhard Heinz,composer-soundtrack-music_department
nm2608066,Est Anderson,actress-editor
nm21957178,William Fruet,director-writer-producer
nm1908800,Arindam Sil,actor-director-producer
nm0611932,Pete Mullan,actor-director-writer
nm5099517,Chas Petersson,actor
nm21955407,Tom O'Bedlam,writer
nm0721342,Lore Reyes,director-assistant_director-writer
nm1468359,Ric Mosquera,miscellaneous-actor-producer
nm0766423,Filiberto Satti,actor
nm0630312,Joaq Nicolau,actor-miscellaneous-casting_director
nm1887521,Aly Jackson,director-writer-producer
nm21960591,Chas Thompson,
nm21964247,Seb Strobel,actor
nm0265155,Antonio Fagundes,actor-writer-producer
nm0521002,Hope Loring,writer-actress
nm21963376,R Roundtree,publicist
nm21959548,George Galloway,writer-producer-actor
nm21961072,V E Propizio,actor
nm21965582,Alex Brendemühl,actor-writer-director
nm21959207,David Cirri,
nm0209496,Jon de Lancie,actor-soundtrack-producer
nm0773261,W Schmidt-Boelcke,composer-music_department-soundtrack
nm21958188,G Savage,executive-producer-editorial_department
nm21963326,Marsha May,casting_department
nm21962357,Molly RomeX,actress
nm2970840,Anne Marie Aksell,actress
nm21956041,Charles A Nichols,animation_department-director-producer
nm21959908,Luke AndersonD,actor
nm0374658,William Heise,cinematographer-director-producer
nm21965332,A Yang,actress-music_department
nm1920037,Matthew Levin,producer-director-editor
nm0810256,Vern Smith,writer-actor
nm21960295,S Michaels,actor-producer-soundtrack
nm0933865,Michael G Wilson,writer-producer-actor
nm21960141,Ali Boe,actress
nm0988897,Ida Astori,actress
nm21967260,Kat Kairoj,editorial_department
nm21964172,Ricky Rebel,actor-producer-miscellaneous
nm21960297,D Johnson,production_department-producer-soundtrack
nm5980434,E Huang,actor
nm21956210,Donald Novis,actor-soundtrack-music_department
nm0388507,Jer Hoenack,sound_department-editor-director
nm21961761,Jon C Broderick,producer-production_manager-director
nm21967804,Chip Foose,miscellaneous-producer-actor
nm0481568,Bappi Lahiri,composer-music_department-soundtrack
nm0271485,B Feleo,writer-director-actor
nm21967099,Jess Gilsig,actress-producer-art_department
nm0465353,Panagiotis Konstadinou,director-writer-actor
nm21965164,Alvin H Perlmutter,producer-miscellaneous
nm0731502,Ralph Arthur Roberts,actor-writer-soundtrack
nm1227180,Minh Chieu,director-writer-camera_department
nm3399083,Rob S Clark,actress-writer
nm0620227,Shunsuke Nakamura,actor
nm21969619,Rob Milton,director-writer-miscellaneous
nm0699875,Jon Pudney,writer
nm21955844,Gabor Tarcsay,editor-miscellaneous-visual_effects
nm0437146,Kanchan,actress
nm0076814,Emmanuèle Bernheim,writer-actress
nm21964979,Yoko Tsukasa,assistant_director
nm8078718,Fadi Kazmuz,producer
nm21958576,Liza Del Sierra,actress
nm0683379,Mitch Pileggi,actor
nm21955628,Thomas MichaelB,special_effects-writer-producer
nm1864695,Alex Parizeau,producer-director
nm0664416,Paola Pascolini,writer
nm5515903,Juan Pablo García,producer-actor
nm21967406,Moe Howard,actor-soundtrack-writer
nm0713497,Rich Raynis,producer-writer-production_manager
nm0189237,Paul Cross,actor-producer-director
nm0845867,Oleg Tabkov,actor-director-music_department
nm5019406,Kate Bonham,director-writer-assistant_director
nm21968964,Carol Harp,legal
nm1397944,B Gill,writer-producer-actor
nm21964943,Mat Hall,producer-actor-writer
nm2993084,Jeffrey Boehm,actor-writer-producer
nm21968888,Vernon Smith,publicist-actor
nm21959643,A Wise Guy,director
nm2612450,Jon Anderson,actor
nm0865440,Thomas Toelle,director-writer
nm21959553,Adam Finken,writer-composer
nm0337439,Cos Greco,actress
nm6908360,David Robles,cinematographer-editor
nm21961287,Erin Ross,actress-writer-producer
nm21968373,Chris KroppT,composer-producer-director
nm0061830,Hans-U Bauer,actor
nm21959529,Rob Foster,camera_department-cinematographer-director
nm2281887,Johanna Teichmann,producer-writer
nm21962886,Virgilio Teixeira,actor
nm21959477,Matthew Ryan FischerU,casting_director
nm21959277,Randy Moser,art_department-director-writer
nm0539136,Robert Malcolm,actor
nm21961322,Roman Mann,production_designer-art_director-costume_designer
nm0227661,Chuck Vincent,director-writer-producer
nm21966191,Rodrigo Gudiño,director-producer-writer
nm21965336,L Ku,producer
nm21967182,Nik Corirossi,actor-writer-director
nm21966951,Anup Kumar,actor
nm21967100,Christopher Colfer,actor-soundtrack-writer
nm2180403,Mary Jo Godges,director-producer-composer
nm21962523,Henry Deutschmeister,producer-production_manager
nm0057983,Don Red Barry,actor-writer-producer
nm10543632,Alivia Marie,actress
nm21959107,Adnan Arif,actor
nm2543488,J Harris,producer-sound_department-writer
nm21957783,Dan Lux,composer-music_department-soundtrack
nm2360941,Anita Bulan,producer
nm21955553,Andrew Flanaganx,actor-visual_effects-assistant_director
nm0565061,Barry McCarthy,actor-writer
nm21963922,G Glover,producer-actor-writer
nm21969646,Brand Moore,composer-music_department
nm21963391,Ad Normelli,special_effects-sound_department
nm21963145,Rufus Graham,actor
nm9264060,Serdar Atacan,actor-writer-producer
nm0683993,Will H Pine,producer-director-miscellaneous
nm3551347,Martín Farina,cinematographer-director-producer
nm21960073,Stern Bigot,editor-camera_department-director
nm2719088,Indi Barends,actress
nm0682837,Bonnie Piesse,actress-soundtrack-composer
nm0092929,Ig Bolgarin,writer-director
nm0838068,Frank Sullivan,editor-cinematographer-writer
nm3795789,Kerry Carlsen,
nm21963604,Martin CosgroZ,production_manager
nm0152035,Del Chaneac,actress
nm21968488,W. Kamau Bell,producer-writer-actor
nm21962548,Cuckoo,actress-producer-assistant_director
nm0550318,Ken Mars,actor-soundtrack
nm21956798,Jessica Devlin,actress
nm21968276,H Kovensky,cinematographer-camera_department
nm0384643,Rosemary Hill,producer-script_department-miscellaneous
nm0477406,Will Kyle,actor
nm21968490,D Kennedy,writer-actor
nm21956109,Dragana Micalovic,actress
nm0821100,Rob Stadd,visual_effects-producer-director
nm0820232,CV Sridhar,director-writer-producer
nm6840102,O Kaminky,director-writer-cinematographer
nm21969647,Gabriel Diniz,camera_department-cinematographer-visual_effects
nm21959109,Rhiannon DownieS,actress
nm0695006,Alemdo Prado,composer
nm21961632,Neh Mehta,actress-miscellaneous
nm21962881,Meche Barba,actress-soundtrack
nm21967785,Pat Van Horn,
nm21963089,Jun UmedaT,sound_department-producer-miscellaneous
nm21955183,Anthony Hornus,actor-producer-writer
nm21969633,Kelly Stables,actress-miscellaneous-stunts
nm0192446,Sean S Cunningham,producer-writer-director
nm0871676,D Tree,actress
nm0958784,Humberto Zurita,actor-producer-director
nm21964154,Ali B.,actor-writer-soundtrack
nm3769490,Saeed Motarassed,art_director-director-writer
nm21967647,Suzan Avci,actress-producer
nm3103430,Nick B Walters,camera_department-cinematographer-actor
nm21968963,Tanika HardinM,special_effects
nm0333818,Benoit Graffin,writer-director-actor
nm6461440,James Griffiths,music_department-composer-sound_department
nm4714948,Joel Casanueva,actor
nm4920576,L Naylor,director-producer-writer
nm0990104,Tim Vine,actor-writer-director
nm21967184,Luca Del PuppoU,cinematographer-camera_department-actor
nm4118625,K Yoshiga,cinematographer
nm21966236,Matthew Rudgec,stunts-writer-actor
nm21957390,Trev Yuile,composer-soundtrack-music_department
nm21965410,Shinji Takeda,set_decorator
nm0244418,Naci Duru,producer-production_manager
nm21959678,P Villaggio,actor-writer-soundtrack
nm21967258,Kat Kairo,make_up_department
nm1745269,Antonis Katsaris,actor
nm21960612,Nathan Ruhlandy,director-writer-producer
nm0413843,M.A. Jackson,actress-stunts-soundtrack
nm21958317,S Alisova,assistant_director
nm21965792,N Trestrail,production_department
nm5363761,S Manale,producer
nm21959383,Jean Carmet,actor-writer
nm21957780,S Azur,animation_department-director-writer
nm0957196,Andreas Zisimatos,actor
nm21955058,Cath Stepien,production_designer-costume_department-actress
nm21962680,Courtney Looney,writer-producer-miscellaneous
nm7440261,X Liu,actress
nm0411208,Rudolf Ising,producer-director-writer
nm0270559,K Feige,producer-miscellaneous-production_manager
nm21959108,M Abbassy,costume_designer-miscellaneous
nm2461127,S Griffin-Lennon,actress-production_manager-producer
nm0005412,J Seymour,actress-producer-soundtrack
nm9758439,Chris Ainley,actor
nm21963035,J D'Auria,actor-writer
nm1112243,Cory Rooney,soundtrack-composer-producer
nm21962614,Marc Barbieri,editor-director-actor
nm0491617,Chris Lauth,composer-costume_department
nm0683467,Alison Pill,actress-soundtrack
nm4563744,Valentina Corti,actress
nm2928126,Rosa Attab,producer-miscellaneous
nm0103977,Brahmanandam,actor-music_department-soundtrack
nm7666879,JeanPierre Romel,
nm21969388,Paul Centopani,transportation_department
nm21959381,Gisele Rebillon,producer-production_manager
nm0044082,Ali Azad,actor
nm0060607,Bipasha Basu,actress-soundtrack-music_department
nm21965949,Giampiero Judica,actor
nm0731548,R Roberts,producer
nm21965641,Justin WhalinO,actor
nm0053903,Marc Barbé,actor-director-writer
nm21962986,Christos Andreouv,composer-music_department
nm3826066,Charles Chadwick,writer-composer-art_director
nm21966407,B Mazakarini,sound_department-editor-editorial_department
nm21958696,Teddy K Smith,actor
nm8307808,Erik J Cornelius,actor-camera_department-producer
nm21965343,TT Boy,cinematographer-director-producer
nm1097086,Resit Gürzap,actor
nm21964967,Jirí BurianI,producer-composer-actor
nm0113474,Dwier Brown,actor
nm21969100,Dav Smart,producer-writer-director
nm0222150,P Deva,actor-miscellaneous-director
nm1374486,Santiago Barreiro,cinematographer-producer
nm21961268,N Bakhtina,animation_department
nm21966924,Robby DT,transportation_department-camera_department-cinematographer
nm1279296,Manuel Ferrara,actor-director-producer
nm3825386,D Micalovic,actress
nm21963247,B Watkins,soundtrack-composer-music_department
nm21962870,K Maibaum,actress
nm5601091,Steffen Schmidt,composer-music_department
nm2246020,Zohre Hamidi,actress
nm21955137,Laurence Hennion,editor
nm2677225,G Chisholm,editor-editorial_department
nm0426973,Mar Joi,actress-costume_department
nm21956600,Diego Sanchez,
nm0575329,Anthony C Metchie,cinematographer-camera_department-producer
nm0182499,Paolo Costella,writer-assistant_director-director
nm2978292,Chandrashekhar Mahamuni,producer
nm21965026,Gabriel Senanes,composer-music_department
nm0302446,Megan Gallagher,actress
nm2622955,Aykut Köseler,actor
nm21965027,P Moisas,actor
nm21960681,Mat F Reyes,miscellaneous-camera_department-special_effects
nm21969160,X Liu,actress
nm21964243,Jacky AdriaansenZ,editor
nm21959175,T Roman,editor-soundtrack-actor
nm1065239,Jasson Finney,actor-stunts
nm21963205,Daniele Anzellottiq,editor-cinematographer-producer
nm0495811,Pat Le Bon,director-writer-actor
nm21961865,L M Falcone,producer
nm3893823,Ad Arif,actor
nm1511631,A Wise Guy,director
nm0513182,Hilary Linstead,producer-casting_director-writer
nm0002935,M Howard,actor-soundtrack-writer
nm1120190,Mick Blue,actor-director-camera_department
nm2353879,Eric Adams,actor-stunts-director
nm3893743,Mouna Abbassy,actress-miscellaneous
nm0655644,Rich Padernal,camera_department-cinematographer-actor
nm0346436,Val Guest,writer-director-soundtrack
nm21961765,Michael Bockman,editor-assistant_director-writer
nm6993932,H Oliver,actress
nm21968108,Mino Carta IID,animation_department
nm21964301,B Chakravorty,art_department-composer-actor
nm21958463,Jorge RiveroP,editorial_department-producer
nm21964084,Giulia Gualano_,stunts
nm5129159,Michael Knupffer,producer-sound_department
nm5574258,Sim Oliver,director-producer-sound_department
nm21963928,John Pudneyf,writer
nm0151726,JenChieh Chang,director-actor-writer
nm21968568,Robert Cairnsd,casting_department-cinematographer-director
nm0854251,Ahmet Tarik Tekçe,actor
nm21955063,L Clements,director-actress
nm21967352,Leighton Pierce,director-sound_department-producer
nm21963927,Geo C Stoney,producer-director-writer
nm21964214,Chandrashekhar Mahamuni,producer
nm0006982,Adoor Bhasi,actor-director-music_department
nm21968022,L Michaels,actress
nm2372300,The Edgecrusher,composer
nm21958030,Soph Gardiner,producer
nm2362566,Mark Bresciano,
nm0477577,Péter Kálloy Molnár,actor-writer-director
nm21966244,M Chao,actress
nm0052532,Ashok Banthia,actor-assistant_director
nm21956867,Alexis C Martinon,visual_effects
nm21969492,Paul Sloan,writer-director-producer
nm21966233,Dal Valdez,actor
nm21956408,Suzanne Brackenr,actress
nm21956442,S S Cunningham,producer-writer-director
nm21962880,Bea Aguirre,writer
nm21958105,Cédric Delport,producer-editor-director
nm6127881,L Thompson,director
nm21959642,Will B Hardq,animation_department
nm0084497,J Bitsui,actor-producer-casting_department
nm0172559,Mont Collins,actor-writer-miscellaneous
nm2191135,Devin Daley,producer-casting_department-editor
nm21966352,Liv Leman BrandorfX,composer
nm0702455,Bruno Pesery,producer-art_director
nm21966423,Aleksandr Kreynx,composer
nm21966736,Mareike Luegl,stunts-production_manager
nm0788411,Run Run Shaw,producer-miscellaneous-production_manager
nm21957341,D Turmunkh,director-writer-production_manager
nm21964947,Mat Powel,producer-actor
nm21960445,Marc Nicholson,legal-production_manager-camera_department
nm2522605,Tiffany J Johnson,producer-miscellaneous-director
nm0153002,Craig Charles,actor-soundtrack-writer
nm5612319,Lisandro Rábida,producer
nm1865890,Jord Galland,soundtrack-director-editor
nm21964263,L Doolan,editor-editorial_department-cinematographer
nm21964358,J Overbay,producer-director-writer
nm21960988,Sam Eidson,actor-producer-writer
nm0865740,Camila Toker,actress-director-writer
nm2347199,Bjorn Ventris,cinematographer-camera_department
nm0935687,Cath Winter,producer
nm21964755,Fernando Arze Echalar,actor-casting_director-writer
nm2261957,Timothy D Harris,actor
nm21965160,Payton List,actress-director
nm21967781,Pat Van Horn,script_department
nm3680655,S Cruser,cinematographer-editor-producer
nm21959907,Jeffrey HornerR,editor-make_up_department
nm21958610,Martin Pepler,producer
nm1022277,CheukHon Szeto,writer-director-sound_department
nm21963003,Mike Ryan,actor
nm21955438,T.T. Boy,actor-director-producer
nm0219783,V Dent,actor-writer-soundtrack
nm21956885,G Rof,director-writer-assistant_director
nm2030634,Rod Abernethy,composer-music_department-soundtrack
nm21957844,P Morris,actor
nm0771790,Robert Schimmel,writer-actor-producer
nm0706484,K.R. Rao,director-producer-writer
nm0833173,Sherri Strain,producer-writer
nm5025293,Benedetto Lo Monaco,actor
nm0446483,Jill Kelly,actress-producer-director
nm21958900,Brandon Ray Olive,actor-producer-writer
nm0928074,Jas Wilberger,producer-production_manager-miscellaneous
nm21966522,J Ingram,actor
nm21962150,Kjetil Ove AlvestadZ,transportation_department
nm0945514,Yuriko Yamamoto,actress-soundtrack
nm21965851,Ch Dukowski,soundtrack-actor-producer
nm3317998,S Bohdanowicz,director-editor-producer
nm0812220,André Sogliuzzo,actor-miscellaneous-soundtrack
nm21959054,L Orlebeck,production_manager-director
nm21957260,Michael P Flannigan,producer-production_manager-actor
nm21954988,Al Taglioni,actress-soundtrack-director
nm21959215,Autumn KendrickQ,actress-writer
nm21958217,Nikola Djuraskovic,cinematographer-camera_department-actor
nm21965789,K Summers,actress-producer-location_management
nm21965910,Rob Malcolm,actor
nm0998117,Alice Taglioni,actress-soundtrack-director
nm21960963,C Burwell,music_department-composer-soundtrack
nm0209615,Lisa De Leeuw,actress-producer-script_department
nm2605845,L Oisel,actress
nm21959546,M Girshab,actress
nm0671980,Kal Penn,actor-miscellaneous-producer
nm21960222,H Langenkamp,actress-special_effects-make_up_department
nm1010170,P Bose,producer
nm21957041,Mona Farjadj,actress-director
nm21958464,Irma Lozano,actress-miscellaneous
nm21956511,Bruce Bromberg,composer-soundtrack
nm21960446,F Clousot,production_manager-director-camera_department
nm21960796,J Canning,director-script_department-writer
nm21965213,Zak Shy,camera_department-cinematographer
nm0866243,Leo Tolstoy,writer-soundtrack
nm21957730,Xavier Capellasx,editorial_department-music_department-soundtrack
nm21956814,Dhumal,actor
nm21962984,A Katsaris,art_department
nm21962872,I Uukkivi,actor-producer
nm21955747,J Maillan,actress-soundtrack
nm21957334,H Svavarsson,costume_designer
nm21969384,Hans Bayer,actor
nm21957109,G Benali,actress
nm21960662,J Biggs,assistant-producer
nm0346152,Aaron Guerrero,actor
nm1964434,Thomas Benski,producer-camera_department-executive
nm0042144,Marta Aura,actress
nm21959214,Buddy Watson,actor-director-cinematographer
nm0714695,Jeffrey Reddick,writer-producer-actor
nm21965633,W Foster,writer-soundtrack-art_department
nm4861256,M Bordonaro,camera_department-cinematographer-sound_department
nm10346395,Yuan Huang,writer
nm6036050,Dan Nelson,actor
nm0527668,Danny Lux,composer-music_department-soundtrack
nm0831996,Kyle Stone,actor-miscellaneous
nm21966192,Graham Chisholm,editor-editorial_department
nm3296690,Step Gass,director-miscellaneous-writer
nm21960540,Oleg Borisov,writer-director
nm0005785,Jack A Marta,cinematographer-camera_department-miscellaneous
nm21965881,A.J. Walsh,actor
nm21964249,Marc Rensing,director-writer-sound_department
nm1550022,Vinu Kiriyath,writer-composer
nm21967536,Christopher Ainley,actor
nm21956629,Bon Piesse,actress-soundtrack-composer
nm0130829,Phyllis Calvert,actress
nm21967302,Ronnie Jimenez,writer
nm21956199,Harvey BergerG,editor-writer-assistant_director
nm21966525,Fernanda Mottai,actress
nm1292366,Andy Gernhard,producer-sound_department-production_manager
nm21960892,Laurent Brandenbourger,writer-director
nm21968855,Leonel Vieira,producer-director-writer
nm21955060,Jonathan Dodson,actor-producer-transportation_department
nm21967787,Kar Foxx,actress
nm21965385,Harry Dawsond,electrical_department-camera_department-director
nm21959950,Fab Natale,art_department
nm21955840,R v d Berg,director-writer-actor
nm0942957,Arland Wrigley,composer-soundtrack
nm0107165,Alex Brendemuhl,actor-writer-director
nm21958223,Nik Rhodes,actress
nm21959208,Dan Cipri,cinematographer-director-writer
nm21960965,How Rosenman,miscellaneous-actor-writer
nm21956908,Maho Nagase,soundtrack
nm1321370,Mark Nicholson,producer-production_manager-camera_department
nm0010799,Buck Adams,actor-director-writer
nm0386217,Sei Hiraizumi,actor
nm21965210,Dennis Pickett,editor-miscellaneous-visual_effects
nm21959638,Carmo Dalla Vecchia,actor
nm21961321,Kazimierz Opalinski,actor
nm0643755,Marg de Ochoa,editor-editorial_department
nm21957196,Jan Giteck,composer-music_department
nm0586901,Nik Milas,cinematographer-camera_department-producer
nm21956505,Louise Oisel,legal
nm21957959,Werner SchmidtBoelcke,composer-music_department-soundtrack
nm21963366,Martín Mainoli,editor-director-writer
nm0014423,AiHua Yang,actress-music_department
nm8875288,Phil Morris,actor
nm2616835,Vic Baker,
nm1436884,Ouseppachan,composer-music_department-soundtrack
nm21966127,Tam Bos,writer-producer-script_department
nm21964299,Manmohan Sing,cinematographer-producer-director
nm21968003,W Sommer,producer-writer-actor
nm4851741,Mart Cosgro,
nm21960031,Anne M Chapin,writer
nm21963323,Laurens van RooyenT,composer-music_department
nm3826597,Mat Geddes,actor
nm1089799,Dav Gazzana,camera_department-actor-visual_effects
nm4386485,Alec Soth,producer
nm0204485,Don Davis,composer-music_department-soundtrack
nm21965999,William KyleZ,actor
nm0005033,Sammo KamBo Hung,actor-stunts-producer
nm21962307,Christopher G Pikew,actress-editorial_department-sound_department
nm21963301,Axel Milberg,actor
nm0031019,Stuart Anthony,writer
nm21966903,Der Potts,location_management-producer-writer
nm21965321,G Formby Sr,actor
nm1016259,H Bayer,actor
nm21957288,B Chawla,actress-miscellaneous
nm21959850,C Wongarj,actor
nm0173416,Pento Colvig,actor-writer-animation_department
nm21957323,Rom Lytvinenko,writer
nm5039492,Adam Finken,soundtrack-composer
nm21957324,Leith Towers,actor-miscellaneous
nm21967484,K Chezhiyan,producer
nm0332344,Dana Gould,actor-producer-writer
nm3409164,S Boyle,soundtrack-actress
nm3125076,Magnus Sundberg,actor-transportation_department
nm1780522,M Mirestone,editor
nm0495790,Sophie Leblond,editor-writer-editorial_department
nm21959419,Olli Tuomainen,make_up_department-music_department
nm0110821,John C Broderick,producer-production_manager-director
nm0332531,Alfred J Goulding,director-writer-actor
nm8073311,Di Chihade,actress
nm21958402,Ugo Liberatore,cinematographer-director-actor
nm2581303,S Bourvil,actress
nm0004472,Nut Prasad,actor
nm0676790,Curt Petersen,camera_department-cinematographer-assistant_director
nm9758432,Nate Davis,actor
nm0459369,M Kleven,stunts-actor-assistant_director
nm0671747,Step Pendleton,actor-soundtrack
nm2355394,Julian Józef Antonisz,director-writer-composer
nm21965217,Chad Tepper,actor-miscellaneous
nm21960071,Piper Fawn,actress-producer-cinematographer
nm21955076,B.T.N.H.,soundtrack-actor-composer
nm1066781,Enes Vejzovic,actor
nm1617563,Cort Cummz,actress-director-camera_department
nm21969681,Bar Crocker,location_management-actor-soundtrack
nm0929452,Mike Wilkinson,costume_designer-costume_department
nm21967207,Greg Perkins,producer-writer
nm0322625,John Glenn,actor
nm21960133,Marc FitóP,editor
nm0208862,Robbe De Hert,director-writer-actor
nm21968666,Sean Bishop,art_department-actor-writer
nm0750179,Klar Rumyanova,actress-music_department
nm4426028,Gilles Perez,producer-director-writer
nm21961046,The Romantics,soundtrack-actor
nm0117369,Martin Brygmann,actor-composer-soundtrack
nm0594291,T Mix,actor-director-writer
nm0395148,Brig Horney,actress-soundtrack
nm21965246,Rebecca OBrienh,producer-production_manager-location_management
nm21969199,F M Robinson,writer-actor
nm21956601,Andrei ArlovskiT,location_management-stunts
nm0529170,Stephen M Lyons,cinematographer-camera_department
nm5882314,Martin Lutz,music_department-composer-miscellaneous
nm3201579,Ava Addams,actress
nm21965320,Dan Wiles,production_department-producer-assistant_director
nm21966401,Indi Barends,actress
nm0242459,Les Dunlop,actress-soundtrack
nm21961091,Adoor Bhasii,costume_department-director-music_department
nm21966979,Mich Hadad,cinematographer-camera_department
nm0050308,Tur Balke,actress
nm0273348,José María Fernández Unsáin,writer-director-producer
nm0258015,Ray Enright,director-writer-editor
nm21965161,Drew VaupenQ,art_department-writer-miscellaneous
nm21962890,Ric Blasco,director-assistant_director-writer
nm21956492,Rudi Rok,casting_department-director-writer
nm21966982,Pat Couvillers,actress
nm21963857,Sebastián Schjaerr,editor-director-writer
nm21961552,Theo Duncan,actress
nm0274704,Veronica Ferres,actress-producer-miscellaneous
nm21963846,Isaac C Singleton JrN,actor-writer-producer
nm21956887,G Rof,director-writer-assistant_director
nm1081755,Adam Norton,editorial_department-editor-writer
nm0498278,Stanley Lee,producer-writer-actor
nm21965656,Al Tang,actor-producer-miscellaneous
nm0158112,Chiranjeevi,actor-producer-music_department
nm21961719,Kaz Tyminski,writer-miscellaneous
nm0523574,Irma Lozano,actress-miscellaneous
nm21964009,K Kinski,actor-writer-director
nm21955670,Anna Ksiezopolska,editor-editorial_department
nm21968320,Kaz Garasq,sound_department
nm0424253,Dan John-Jules,actor-producer-writer
nm2809173,Maksim Bramatkin,actor
nm0001428,Klaus Kinski,actor-writer-director
nm3999828,Em Brooks,actress-writer
nm21956742,Ben Andrews,casting_department
nm21958904,Paul Crossr,actor-producer-director
nm9256739,Michel Hadad,cinematographer-camera_department
nm0665708,Angela Paton,actress
nm1266524,S Micalovic,actress-soundtrack
nm0297133,Li Fu,composer-writer-director
nm21955375,Christopher Cook,actor
nm21957899,Jim Connock,editor-editorial_department-sound_department
nm21969250,Bob Mosher,writer-producer-soundtrack
nm0485485,Michael Lane,actor-producer-soundtrack
nm21967805,Vic Edelbrock Jr,
nm0855733,Vincenzo Terracciano,director-writer-producer
nm21963272,Lisa Cordileone,electrical_department-producer-writer
nm21956873,Laurent Preyalek,location_management-writer-editor
nm21965042,Rod Beddal,actor
nm21957236,Natalia Tenam,actress-writer-soundtrack
nm5015340,Ger Cordero,actor-stunts-writer
nm21955658,Jon McCain,actor-writer
nm21957322,Nur AyX,director
nm21967483,C.V. Sridhar,director-writer-producer
nm21961151,Sid Wilson,costume_department-composer-soundtrack
nm0070174,Ghalia Benali,actress
nm4110650,Pan Agrawal,producer-miscellaneous
nm21962362,Gordana Kovacic,actress
nm0602351,Tito Mora,actor-soundtrack
nm0057368,Christopher Barrie,actor-miscellaneous-writer
nm0478713,JeanClaude La Marre,producer-actor-director
nm21957179,D Stroud,actor-producer
nm2120365,Q M Luu,producer-editor-writer
nm0671522,J M Peman,writer-soundtrack
nm21964033,Sal Pineda,actor
nm21959576,Kazuaki YoshigaO,legal
nm0394679,Y Horie,actress-soundtrack-music_department
nm6856708,Alex Lotz,director-editor-producer
nm0001400,Michelle Johnson,actress
nm21962558,Will GreenbergC,production_department-writer-soundtrack
nm1531103,Benzino,actor-soundtrack-writer
nm21968021,Steven Van SingelO,editor
nm0000639,Ally Sheedy,actress-producer-soundtrack
nm21963848,Jess Harnell,actor-music_department-soundtrack
nm21963091,Lindy Davidson,manager-actress-art_department
nm0522916,David Lowe,actor-composer-director
nm21961453,Cl Windsor,actress
nm21955850,D Clair,stunts-producer-actor
nm1658541,Er Ross,actress-writer-producer
nm21962187,Vaz Andreasg,actor-writer
nm21959549,B Zelealem,editor-camera_department-production_manager
nm21961092,P Bhaskaran,music_department-director-actor
nm21966448,Trev Sacks,composer
nm0003255,Christopher Perry,director-writer-producer
nm21968755,Vandemataram Srinivasd,composer-music_department-actor
nm21954977,Pia Castlesa,camera_department-set_decorator
nm0253621,Mary Eline,actress
nm0382735,J Hickman,actor-soundtrack
nm21960349,Antonio Fagundes,transportation_department-writer-producer
nm21957012,Carol Burnett,actress-soundtrack-producer
nm21961304,Jon Dennis,actor
nm1663168,L F Gonzalez,editor-sound_department-writer
nm21968300,Stephen Gass,production_manager-miscellaneous-writer
nm21958092,R Grunder,publicist-director-script_department
nm21963695,Car Bazler,actress-writer
nm21967499,Albert Bandg,producer-director-actor
nm7745464,Toby Lee,actor
nm21966408,Nikolaus LeytnerH,director-writer-assistant_director
nm5378681,Shel Buchbinder,actress-sound_department-miscellaneous
nm2363508,Ellie Ann Fenton,camera_department-cinematographer-actress
nm2383085,Jos Naytowhow,actor
nm1782399,F A Echalar,actor-casting_director-writer
nm21966021,Bickram Ghoshz,art_department-music_department-actor
nm21959450,D Butler,soundtrack
nm21964239,Jay HickmanL,talent_agent-soundtrack
nm21957202,E Sancho,costume_designer
nm7599084,S Derzawy,actress
nm0560091,Lester Matthews,actor-soundtrack
nm21961206,Nathan Dashwood,actor-stunts
nm21968668,Dav Feiss,production_manager-art_department-writer
nm21956910,Atsushi Shimizu,director-writer-producer
nm21958238,Scott McGinnis,actor-director-producer
nm1338361,U Arinze,art_department-producer-actor
nm21966194,Rod Gudino,director-producer-writer
nm21966980,Nat Benvenuto,actress
nm0053156,Meche Barba,actress-soundtrack
nm21955185,Curtis HallL,set_decorator-actor-cinematographer
nm0150952,Jordan Chan,actor
nm1777545,Mat Jenkins,actor-writer-producer
nm1559844,Morgan Sarpaux,actor
nm21963373,Mike Baisden,transportation_department-producer-actor
nm21967004,Que Minh LuuJ,producer-editor-writer
nm21958730,Nikolaj Lie Kaasl,actor-director-writer
nm0103794,Gabriel Braga Nunes,actor
nm21957643,Bestor Cram,cinematographer-producer-director
nm21956464,Egon Bahrw,writer
nm9577614,Mar Nungo,actress
nm7305568,Roman Lytvinenko,
nm21957050,Nicolas Przygoda,costume_department
nm21966355,Herman Knop,actor
nm21963062,Gil Lopez,editor
nm5016551,A Bhattacharya,actor-music_department
nm21957411,Hilary Linsted,visual_effects-casting_director-writer
nm21964179,Tricie Deveraux,set_decorator-editorial_department-producer
nm21956630,Henery Martineez,actor
nm21959684,R. Goodwin,sound_department-composer-soundtrack
nm2932230,Brock England,actor
nm3974857,Chas. T Daniels,writer
nm0033504,Mich Arcand,editor-sound_department-editorial_department
nm1097167,Carol Harp,actress
nm4537612,Scot Dyer,producer-actor-writer
nm21959685,Peggy Mountt,actress-soundtrack
nm21968516,Haley Oliver,actress
nm9187657,Jamil Cabalero,editor-visual_effects-camera_department
nm8301054,Juno,actress
nm21956748,Gonzalo Delgras,director-writer-assistant_director
nm21965825,Enrique Villegask,publicist
nm0005447,Lelee Sobiesky,actress-producer
nm21957410,Kerry CarlsonD,actor
nm21960132,Cecelia Gessa,actress-script_department
nm21959860,Metin Erksun,director-writer-producer
nm21966584,Joe Siracusa,music_department-sound_department-editorial_department
nm2415692,Jeff Horner,editor-make_up_department
nm3208007,Penny Barrun,actress-writer
nm5237842,Jan Ketner,
nm21954876,Daniel Nelsonn,legal
nm5603209,Darren Butler,
nm21962781,Eric Belgau,writer-actor
nm21959637,Leticia Persil,manager
nm5531197,Christian Cardoner,producer-actor
nm3242949,Gene Beley,
nm21958745,Gerard Damiano,director-writer-producer
nm21968146,Ilse Kubaschewskii,producer
nm21963302,Niklaus Glowna,actor-music_department
nm21969159,Xinxuan Liu,actress
nm0399940,Pete Hudson,actor
nm0388157,Eric Hodges,editor-editorial_department
nm21955339,Mikako Takahashy,actress-soundtrack
nm21961274,Ivan Burlyaev,composer-actor-music_department
nm21965249,Joaquin Phoenix,actor-producer-soundtrack
nm1925055,Erik Belgau,writer-actor
nm8705246,Jiri Burian,soundtrack-composer-actor
nm21959278,Blake R Kirkland,actor-producer-miscellaneous
nm0051649,Al Band,producer-director-actor
nm21967676,Mat Russely,executive
nm21963980,Olivier Meidinger,production_designer-art_department-actor
nm0462288,Douglas Koch,cinematographer-camera_department
nm21957344,Max Bramatkin,special_effects
nm9277892,Ismail Dahlan,actor
nm21957444,Kenneth Marsf,actor-soundtrack
nm21965280,Paige Howrd,transportation_department-writer
nm21957398,Andrew GernhardS,legal-sound_department-production_manager
nm21963856,Cecilia Madornow,set_decorator-camera_department-producer
nm21957422,Geo Coulouris,actor-miscellaneous
nm21966528,Karen Cavali,
nm0848826,Tan Cheung,writer-actor
nm2686873,Giula Boverio,actress
nm21964211,Sanjay Narvekar,actor-director-producer
nm21967699,Harry KellerE,director-editor-producer
nm21955748,Jacques Jouanneau,actor
nm21958966,Jess Weism,music_department-producer-director
nm21966733,Hannah MaagI,producer-miscellaneous-production_manager
nm0622051,Jim Powers,director-camera_department-cinematographer
nm21957318,Yavuz Figenlis,director-writer-actor
nm0231283,Jon Doman,actor
nm21959877,Jas Whitney,director-cinematographer-editor
nm4932549,Lisa Arcaro,actress-casting_department-casting_director
nm6099959,Fabio Natale,writer
nm3433402,Kate R Davies,producer-actress-director
nm21966422,Chas Perrault,writer
nm0633947,Ulrich Nothen,actor-soundtrack
nm8623365,Pat Woodhouse,actor
nm21964486,Diane Bracho,music_department
nm21961152,Matthew AmosA,writer-assistant_director-producer
nm0000092,John Cleese,actor-writer-producer
nm21965788,Sami Leig,actress-writer-producer
nm8311413,Tina Bates,writer
nm0802280,Isaac C Singleton,actor-writer-producer
nm21967485,Julien Guiomar,actor-miscellaneous
nm21963246,Steve A Davis,director-actor-writer
nm21958220,Djordje Radmilac,camera_department-writer
nm21967424,Don Anderson,actor
nm0936145,Walter Wippersberg,writer-director-actor
nm0089456,Marc Blucas,actor-producer
nm0650717,Leigh A Orsi,actress
nm1930572,Kev MacLeod,composer-music_department-soundtrack
nm21965602,Inigo Hualde,camera_department-cinematographer-composer
nm1944055,Lauren Lapkus,actress-music_department-writer
nm21959451,Daren Butler,
nm21963855,Lisandro Rabida,writer
nm21960143,Alisha Bo,actress
nm0080636,Mario Bianchi,director-writer-assistant_director
nm6536935,Rudi Rok,actor-director-writer
nm21969129,Jacq Tourneur,director-assistant_director-editor
nm0320883,Fatma Girik,actress-producer-writer
nm0849257,Alan Tang,actor-producer-miscellaneous
nm8185241,Rob Rotfeld,music_department-editor
nm21966853,Walt Wippersberg,cinematographer-director-actor
nm21965821,Thos Osgood,composer
nm21967649,Öztürk Serengil,actor-producer
nm4950204,Patti Murin,actress-soundtrack
nm21956663,Sara Garthl,make_up_department-cinematographer-miscellaneous
nm0816532,Ant Spadavekkia,composer
nm0005724,Willy Goldberger,cinematographer-director-writer
nm3404517,Garnet Campbell,producer-director-writer
nm5981065,Doug E Porter,cinematographer-camera_department-editor
nm21963567,Tod Trimer,producer-writer-executive
nm0001056,Dabny Coleman,actor-miscellaneous-soundtrack
nm0442304,Christine Kaufmann,actress-soundtrack
nm1168309,José Villalobos,composer-music_department-director
nm8208176,Mino Carta,
nm0341526,James Griffith,actor-writer-soundtrack
nm21966602,John M Higgins,sound_department-soundtrack-music_department
nm1166938,Grig Perkins,producer-writer
nm0070232,Pat Benater,soundtrack-actress-composer
nm21959398,Hakan Sukur,
nm2546047,A.J. Walsh,actor
nm21964945,Andy Gothard,actor
nm0847487,Shinji Takeda,actor
nm21955960,Hana Hollinger,writer-director
nm3981582,Dyl Williams,producer-director-editor
nm3265220,Paul Caslen,director-producer-miscellaneous
nm9614890,Aysan Hadad,
nm1664453,Geo Hensel,writer-actor
nm1795309,Vlasta Duseck,actor
nm21966947,Anup Kumar,set_decorator
nm21958160,Ellie Haddington,actress-soundtrack
nm0680180,Álex Phillips Jr,cinematographer-camera_department-actor
nm21960932,Max Elk,actor-writer-producer
nm0088121,Jeff Bleckner,director-producer-writer
nm21966850,Tetteh Galoway,make_up_department
nm0835144,Don Stroud,actor-producer
nm0000661,Donald Sutherland,actor-soundtrack-producer
nm1311561,Olli Tuomainen,composer-music_department
nm21968492,Oiva Lohtander,actor-director-writer
nm21968199,Martin Farina,writer-director-producer
nm3488429,Erika Palomeno,
nm21967786,Brian Ros,editor-producer-composer
nm21967821,Mike Mirestone,editor
nm21969632,Gordy Hab,composer-music_department-soundtrack
nm21968147,Chris Kaufmann,actress-soundtrack
nm21960351,Dav Jose,actor-director-writer
nm1986095,Vaz Andress,actor-writer
nm21961073,Romano Regiani,actor-director-writer
nm0473293,Ann Ksiezopolska,editor-editorial_department
nm0238669,Mikhail Druyen,cinematographer-camera_department-animation_department
nm0853944,Shanaz Tehrani,actress
nm0743275,Brian Ross,editor-producer-composer
nm21966629,Alberto Nieto Ferrándezn,actor
nm0199959,Ian Danels,actor-director-assistant_director
nm5277981,Blake Rice Kirkland,actor-producer-miscellaneous
nm3609484,Christo Andreou,composer-music_department
nm1581681,Iain Stewart,actor-miscellaneous
nm21967586,Charles Jordan,actor-soundtrack
nm0168594,Lara Cody,actress-miscellaneous-casting_department
nm21963862,Garth Knox,composer-soundtrack
nm1259779,Blk Jack,actor
nm21961808,Niko Milas,miscellaneous-camera_department-producer
nm0796699,Vladimir Sidorov,cinematographer
nm7624726,Vladimir Gerasimov,director-assistant_director-producer
nm21956920,Chris Edgely,actor-miscellaneous-producer
nm2644801,V. E. Propizio,actor
nm21956818,Dumal,actor
nm21963572,Andy Hudson,animation_department
nm21959635,Ana Lúcia Torre,actress
nm0454870,Joe King,actor-director-writer
nm0148355,Paul Centopani,actor
nm21955208,Giri Babu,actor-director-writer
nm21958902,Josh CovittP,editor-writer-miscellaneous
nm0460058,Edward Klosinski,cinematographer-camera_department-writer
nm21956747,Jose R Azagra,script_department-music_department-soundtrack
nm0171534,Jose L Colina,writer-director-soundtrack
nm21958214,Snak,composer
nm4850940,Jeffrey Dach,
nm21964757,Jamil Cabalero,editor-visual_effects-camera_department
nm8948296,Mich Randolph,actress
nm0084983,Stig Björkman,director-writer-miscellaneous
nm0000011,Gary Cooper,actor-soundtrack-producer
nm21956886,Rachid Mekloufi,
nm0558166,Ely Matawaran,writer
nm2732854,Tamas Dobos,cinematographer-camera_department-writer
nm3542158,Beth Karas,producer
nm9311956,Saba Shehata,actress
nm21959931,Charlie Roellinghoff,writer-actor
nm21961948,Olga VasilenkoR,editor
nm21956250,Pinto ColvigU,actor-writer-animation_department
nm21959295,Dave Pattenu,animation_department-writer-editor
nm21969076,Tim Calandrello,editor-editorial_department-producer
nm0902783,Eddison von Ottenfeld,composer-music_department-soundtrack
nm21955805,Rob Paradis,composer
nm0276532,Yavuz Figenly,director-writer-actor
nm21959453,Poja Tandon,actress
nm21962991,Asad Mohammad Khanh,cinematographer
nm21968609,Monte CollinsU,transportation_department-writer-miscellaneous
nm0173105,Héctor Colomé,actor
nm21965250,Rosa Atab,producer-miscellaneous
nm21963697,Sam Stephens,actress
nm21963640,Hanes Salat,production_designer-art_department-art_director
nm7443550,Boy-Yo Korodan,actor
nm1797660,Rirko,actor
nm2611725,Aleksandr Maslaev,actor
nm21960187,Cosetta Grecok,actress
nm0534665,G. Maddin,director-writer-cinematographer
nm0586154,Dan Nela Mihajlovic,actress
nm8566769,Liyakat Ali Khan,director-writer
nm7237905,Tobias Bühlmann,actor
nm21965029,Willi Behnish,cinematographer-camera_department-writer
nm0186109,Bestr Cram,cinematographer-producer-director
nm0009918,Amy Aker,actress
nm0837166,Greg Suddeth,actor-writer-camera_department
nm5324446,Joana Carvalio,actress
nm3892770,Rhianon Downie,actress
nm7288284,Edibe Üneri,
nm4762161,Dav Bret,
nm7732549,Bentley Cooper,actor
nm1368786,Bree Bedman,actress-soundtrack
nm1519253,Rob Budreau,producer-director-writer
nm21958162,Brian Murphyz,make_up_department-soundtrack-writer
nm21964444,Tsar Nicholas II,
nm21957729,Manel Barcelo,actor-writer
nm1186148,Mat Rudge,producer-writer-actor
nm11396650,Lisa Maria Falcone,producer
nm21957278,Blanket Barricadev,composer
nm21966917,Judith Woodhous,actress
nm5119271,Matt Day,producer-director-cinematographer
nm21968967,Katrin Kalket,set_decorator-camera_department-producer
nm21955604,Piotr Fronczewsk,visual_effects-soundtrack-director
nm3568215,Dav Amito,actor-writer-producer
nm3147440,Alben Peterson,producer-writer-casting_department
nm1759861,Miki Ando,actress
nm21966803,Spencer Vroomann,costume_designer-director
nm21969474,Tugay Toksöz,actor
nm21963390,Elliot Bakkejord,actor
nm0352032,Kamal Haasan,actor-music_department-writer
nm21969567,Ad George,editorial_department
nm21956776,Michel La Veaux,manager-camera_department-director
nm21956813,Indira Bansel,casting_department
nm21963863,Dániel KeresztafalviD,assistant_director
nm1009821,David Ritsher,producer-editor-editorial_department
nm21964171,Sean Kanan,special_effects-producer-writer
nm5425452,Sophia Huybens,actress
nm1131557,Mat Gray Gubler,actor-director-producer
nm2405366,Ant Burke Jr,actor-director
nm21969784,Hamdi ElMirghani,actor
nm21956921,Max Pross,producer-writer-miscellaneous
nm21965950,Jimmy Pawlak,actor
nm21963483,Tim Lever,soundtrack-miscellaneous-composer
nm21960579,Kuei-An Kan,actor
nm0609833,Sherif Mounere,actor
nm21955811,Chris ShepherdN,visual_effects-writer-animation_department
nm0030214,Julia Ann,actress-make_up_department-director
nm0802733,Jo Siracusa,music_department-sound_department-editorial_department
nm0611476,Robert Allen Mukes,actor-stunts
nm21969056,EM Madhavan,editorial_department-editor
nm21964949,Caterina Le CaselleO,set_decorator
nm0470374,Ant Krauze,director-writer-actor
nm3637849,Christina Filippidis,actress
nm10684841,Kjetil O Alvestad,
nm1164730,Nat Tena,actress-writer-soundtrack
nm21962656,Lisa LeemanC,editor-director-writer
nm0097702,Tamara Bos,writer-producer-script_department
nm21957040,Afshin Hashemy,writer-director-editor
nm21963861,Sara Laszlo,producer-actress-writer
nm21957842,Andy Thacher,actor-sound_department-producer
nm21961109,Saadet Özsirkintif,editorial_department
nm7477316,Giorgi Abashidze,actor
nm21960924,Andy Strahorne,cinematographer-camera_department-producer
nm21969622,Stephen G Shank,cinematographer-camera_department
nm21963004,Scot Masters,producer-director-writer
nm0296947,Mary Frymre,director-assistant_director-production_manager
nm21961849,Juana Baros,actress
nm21961811,Andres Zisimatos,actor
nm0609859,Peggy Mount,actress-soundtrack
nm21964182,Penny Baron,actress-writer
nm4705487,Tamara Bruketta,actress-writer-producer
nm21961633,Akanksha Juneja,actress
nm21963090,Zac Frank,composer
nm0969637,Martin Mainoly,editor-director-writer
nm21968658,Hubert Franck,director-writer-actor
nm0660936,Sai Paranjap,director-writer-music_department
nm21969491,James Ashmore CreelmanZ,actress-director-editor
nm1514891,Sonali Khare,actress
nm4193003,Alex Pop,producer-sound_department-writer
nm0485226,Al Lane,actor-soundtrack-producer
nm21968498,Michael Wetherburn,composer
nm21965501,Jabr AlHajjv,composer
nm0001124,Cecil B DeMille,producer-director-editor
nm0198790,Gerard Damano,director-writer-producer
nm21960893,Guy MaezelleC,camera_department-cinematographer-director
nm0000832,Diane Baker,actress-producer-production_manager
nm0382582,Shawn Michaels,actor-producer-soundtrack
nm6505355,Aylet Gabay,composer
nm5669193,Garth Knox,composer-soundtrack
nm4638191,Brenny Rabine,actress
nm10580671,Thomas Cowan,
nm21967254,Riley Chamberlin,actor
nm0840122,John Sutherland,actor-writer
nm21968886,Mary Ann Jacksonj,miscellaneous-stunts-soundtrack
nm21963602,Brent Agin,executive
nm21962502,Denys Colomb,assistant-writer-actor
nm21961718,Jaroslaw Wolejk,editor-editorial_department
nm0001462,J. Scott Lee,actor
nm21965977,Eduardo Flores Torresl,casting_director-camera_department-director
nm0467206,Igor Kosmachyv,composer
nm21969783,Ashraf A Baky,actor
nm7273533,Jack Burnside,
nm1204432,Rakuto Tochihara,actor
nm0614971,Guillermo Murray,actor-writer-director
nm21960610,Nadezhda Kamenkovich,actress
nm0854149,Virg Teixeira,actor
nm4206354,Luke Andrson,actor
nm4850944,Brent Agin,
nm2010446,Nate Marquardt,actor
nm21956790,Rahmatou Keita,publicist-writer-production_designer
nm0803161,Joseph Sistrom,producer-writer-miscellaneous
nm0463264,Fred Kohler,actor
nm21964245,Rob De Hert,director-writer-actor
nm21966012,Wilhelmina Tuukkanen,actress
nm1309825,Jon Dunham,cinematographer-editor-camera_department
nm0008127,Ashraf Abdel Baky,actor
nm21964121,Brian McCardie,actor
nm0871456,Joey Travolta,actor-producer-director
nm0722416,Dusty Rhodes,writer-actor-producer
nm21968642,Tim Kirk,producer-actor-writer
nm21954989,Math Simonet,actor-producer-director
nm9156639,Shuogang Chen,producer-miscellaneous
nm0785000,Ozturk Serengil,actor-producer
nm4813134,ChungHsien Wu,art_director-art_department-production_designer
nm1901403,Bick Ghosh,composer-music_department-actor
nm1885677,Rian Perez,writer-actor-director
nm5837474,Jen Thompson,producer
nm21969608,Deb Rogers,actress-miscellaneous-writer
nm21963387,Jil Kelly,actress-producer-director
nm8338340,Kath Walker,actor
nm1027293,Aishwara,actress
nm21963982,Justine Triett,director-writer-editor
nm21956507,Sylvie Brent,producer-production_manager-miscellaneous
nm21956218,David Amito,actor-writer-producer
nm21965165,Ray EllisY,composer-music_department-soundtrack
nm21957279,Lene G Mikkelsen,producer
nm21969074,Cory Britz,soundtrack-actor-sound_department
nm0578985,Lothar Mendes,director-writer-actor
nm2340248,Sasha Grey,actress-director-producer
nm0255693,Pasc Elso,actor
nm0201718,Barrie Darsow,actor-producer
nm21965891,ByungJoon Lee,actor
nm5177423,Chad Tepper,actor-miscellaneous
nm21960663,Mena Suvari,actress-soundtrack-producer
nm0325670,Sidney M Goldin,director-writer-producer
nm21969569,Andres Arvanitis,actor
nm21967303,A Jerk,editor
nm21955401,Antoni Krauzey,director-writer-actor
nm21965796,Marc Outbrek,stunts-actor-cinematographer
nm21958405,Di Baker,actress-producer-production_manager
nm0291216,Hert Frankel,actress-miscellaneous-director
nm21967899,Nikkhil Advaniu,writer-producer-director
nm21969507,Marylyn Thoma,writer-actress-producer
nm1013177,Pedro Moisas,actor
nm21965978,Bernardo de la M.,actor
nm21968408,Mark Badgerx,writer
nm8265522,Kristina Bates,actress-producer-writer
nm21962779,Angus Mcfadyen,actor-writer-director
nm0973936,Steve V Singel,editor
nm21959636,G. B. Nunes,actor
nm21960934,Bodega BamzY,actor-composer
nm21958609,Belinda Montgomerye,actress-soundtrack
nm21960875,Joseph Bologna,actor-writer-director
nm0000979,Wilford Brimley,actor-stunts
nm21960271,John Sutherlnd,actor-writer
nm0961594,Sharat Raju,director-casting_department-writer
nm1771361,Chris Krop,production_manager-producer-director
nm21965599,Peter IsraelsonI,production_department-writer
nm21960834,Martin Lutzc,music_department-composer-miscellaneous
nm1692647,Ant Urdapilleta,producer-production_manager-assistant_director
nm21962019,H.J.P. Arnold,art_director
nm0003404,Edgar Burcksen,editor-visual_effects-editorial_department
nm0604558,Chris Morgan,producer-production_manager-miscellaneous
nm3062001,Cingiz Abdullayev,writer
nm0586975,Lev Milchen,director-art_director-production_designer
nm0149822,Mithun Chakraborty,actor-music_department-writer
nm21956208,Roscoe Ails,actor
nm21958207,Gülden Avsaroglu,actress-casting_director
nm21956443,Noel Cunningham,actor-editorial_department-writer
nm21957067,Joe E. Brown,actor-soundtrack
nm21956343,Jeremy Stulberg,editor-editorial_department-producer
nm21962479,Dav Scott,
nm0569372,Scot McGinnis,actor-director-producer
nm21966523,Harley Wood,actress-soundtrack
nm2255752,Alb Castellanos,
nm0477371,David Kyle,actor-producer-writer
nm0405440,Rolf Hadrich,director-writer-actor
nm21961094,S.J. Thomas,cinematographer
nm4191418,Kesley Cage,actor
nm21963559,Ilmari Saarikoski,make_up_department
nm0838517,Sumalatha,actress
nm4989007,Lance Charnow,actor
nm0018732,Sascha Alexander,director-producer-editor
nm0600926,Barret Moore,actress-director-producer
nm21963324,Antonio PardoS,make_up_department-cinematographer-writer
nm3750752,Asan Kirkabajev,actor-composer-sound_department
nm21960592,Charles Thompson,composer
nm21962642,Chris Nordenrot,actor-writer-director
nm21958186,Aykut Koseler,actor
nm0774223,Heinrich Schnitzler,director-writer
nm3157695,Christoph Hildebrandt,
nm21963639,Pete Roehsler,cinematographer-camera_department-producer
nm1434439,Tanya Badendyk,producer-miscellaneous
nm21966878,Håkan von Eichwald,composer-music_department-actor
nm5714828,Caio M Santos,composer
nm21956263,Marc Gerstorfer,cinematographer-director-writer
nm21955846,Varadi Edit,actress
nm3142198,David S Percy,director-cinematographer
nm21964747,Marie Colomb_,actress
nm2551348,Manikanth Kadri,composer
nm21959859,Aleko Alexandru,editor-editorial_department
nm21962572,Misty Regen,actress-production_manager-costume_department
nm21956080,Pedro Garcia,casting_department
nm21966735,Johanna Teichman,producer-writer
nm0065965,Rodney Beddal,actor
nm21966107,Nick Brian Waltersd,composer-cinematographer-actor
nm21963487,Paul Cattermoler,casting_department-soundtrack
nm0599727,Belinda Montgomry,actress-soundtrack
nm21963120,Heinr Schnitzler,director-writer
nm21964849,Valentina Ghelfi,actress
nm0323252,Laura Glucksman,actress
nm21964011,Ang Bov,miscellaneous
nm0713357,Robert Raymond,producer
nm3606084,Marc Fournier,actor
nm0923736,Jos Whedon,writer-producer-director
nm4414517,Iñigo Hualde,camera_department-cinematographer-composer
nm1124343,Alvin Perlmutter,producer-miscellaneous
nm21958208,Ozlem Ocalmaz,actress
nm1681893,Lachlan Milne,cinematographer-camera_department
nm1496940,Brian Hanel,producer
nm21966920,Eric Hodgs,editor-editorial_department
nm7131218,Autmn Kendrick,actress-writer
nm21959608,Scott Appleby,composer
nm0915002,Mike Watt,actor-soundtrack-composer
nm21958744,Mary Stuart,actress
nm0956050,Ecki Ziedrich,writer-director
nm1584863,Chuck Dukowski,soundtrack-actor-producer
nm0637161,Don Novis,actor-soundtrack-music_department
nm0352705,Eli Haddington,actress-soundtrack
nm2551613,Nadia,actress
nm5445656,Alan Daicz,actor
nm21965911,Gino Santini,cinematographer-camera_department-writer
nm21961850,Joel Casanueva,assistant
nm1309090,Chris Robenson,director-producer-assistant_director
nm21963770,Hugh Harmon,producer-director-writer
nm0320880,Giri Baboo,actor-director-writer
nm21956336,Mihai Calin,electrical_department-location_management-transportation_department
nm21959912,Ramon Nomar,actor
nm21965901,Frank Welker,actor-soundtrack-music_department
nm21960669,J.B. Moore,miscellaneous-composer-music_department
nm21964758,Jamil Caballerot,assistant-visual_effects-camera_department
nm1913729,Trijntje Oosterhuis,soundtrack-actress-writer
nm21960966,Donald Sutherlnd,actor-soundtrack-producer
nm21966798,Emil Galstyen,art_director
nm21960541,Jen McCarthy,actress-producer-writer
nm21963657,Sundar C.,director-writer-actor
nm21961153,Joey Jordeson,writer-soundtrack-composer
nm0437933,Marcos Kantis,producer-production_manager-miscellaneous
nm21955560,Michael Dougherty,writer-director-actor
nm21967871,Pabl Echarri,actor-producer-writer
nm21963121,Heirich Schnitzler,director-writer
nm21955436,Sas Alexander,director-producer-editor
nm21958163,Phoebe W. Bridge,writer-actress-producer
nm21965696,Jackson Burnsideg,talent_agent
nm21958164,Carol Stoltz,actress
nm21955328,Vikram Rajany,producer-miscellaneous
nm21965474,Jack Kirbie,casting_director-animation_department-miscellaneous
nm0772026,Bastian Schiøtt,camera_department-cinematographer-writer
nm21959545,Barrett MooreG,music_department-director-producer
nm21960729,Antonio Spadavekkia,composer
nm21957203,Joaquim Nicolau,actor-miscellaneous-casting_director
nm2758498,Dorottya Mathe,producer-production_manager-miscellaneous
nm5042825,Ann Rizzo,actress-composer
nm2571574,Dav G Dawood,
nm5645656,Ally Felts,actress-writer-producer
nm0563307,Irina Mazing,actress
nm0718928,Ricardo Remias,cinematographer-camera_department-actor
nm21966638,Alex Burke,soundtrack-actress
nm21964035,Lina Santos,actress
nm1942776,Kanwaljit Sing,actor
nm0491063,Dyanna Lauren,actress-director-writer
nm0274853,Franco Ferrini,writer-actor-director
nm6994351,Austin Arnold,actor-producer-writer
nm21956704,Bryan Foyt,producer-director-miscellaneous
nm0463830,Jiri Kolafa,composer-sound_department-editorial_department
nm21958029,Jamie Leonard,production_designer-art_director-art_department
nm4944666,Erin Anne MacDonald,actress-costume_department-producer
nm7889237,Yu Bai,actor
nm21966317,Srboljub Milin,actor
nm0718716,Step Reizes,cinematographer-camera_department-director
nm21960359,Marta Aura,actress
nm3488008,Charlotte Beaumont,actress
nm21966919,Juno,actress
nm21961171,Roy Robertsf,make_up_department
nm21956008,Alex Kozlov,director-writer
nm21969584,Douglas E Porter,cinematographer-camera_department-editor
nm21959216,Buddy Watson,sound_department-director-cinematographer
nm0351222,Pablo J Gomez,cinematographer-camera_department-director
nm7775660,James M Holt,sound_department-composer
nm5237844,Sam Jirasek,
nm21967253,Jas Cruzer,actor-director-producer
nm21966822,Turgud Ören,cinematographer-writer-camera_department
nm21966751,Kristina Bates,actress-producer-writer
nm21967746,Hen Calef,director-writer-assistant_director
nm21955047,Aicha Mckenzie,actress-miscellaneous
nm21969642,Tony B Milan,director-writer-actor
nm21961867,Lisa M Falcone,producer
nm0467892,Chia H Kou,producer
nm0516316,Lie Lo,actor-director-writer
nm5668911,Daniel Kereztafalvi,actor
nm21963484,Tina BarrettO,art_department-soundtrack-writer
nm0249283,Chris Edgerly,actor-miscellaneous-producer
nm21969007,Nancy Reagan,actress
nm5770362,Carissa Bazler,actress-writer
nm0783498,Ron Selmour,actor-stunts-miscellaneous
nm0582385,Karam Motawie,actor
nm21962363,Mich Muller,director-writer-cinematographer
nm0052492,Indira Bansal,actress
nm4948423,Lisa Cordileone,actress-producer-writer
nm0108406,Dav Brian,actor-writer
nm21966948,Gangapada Basu,actor
nm21969202,Michael Wilkinsonf,costume_designer-costume_department
nm21958303,St Anthony,writer
nm21960804,Ed Faulkner,actor-director-art_director
nm0187256,James A Creelman,writer-director-editor
nm21960877,Bruce McNallv,cinematographer-executive
nm0411167,Unsho Ishizuka,actor-soundtrack-miscellaneous
nm21956506,Léopold OiselO,art_department
nm21959528,Mario Temes,actor-cinematographer-director
nm0060610,Gangapada Basu,actor
nm21962056,Humber Zurita,actor-producer-director
nm21958905,Ad Eppenstein,actor-writer-director
nm0742651,Howard Rosenman,producer-actor-writer
nm21964964,Jord Haj,actor-soundtrack-director
nm7162405,Ummiye Kocak,actress-director-writer
nm21960855,Aleko Begalishvili,actor
nm21959570,Makoto Onodera,cinematographer-camera_department
nm0259499,Metin Erksan,director-writer-producer
nm21961947,Mikhail Druyan,cinematographer-camera_department-animation_department
nm3704983,Emily Cutting,actress
nm21960668,Dennis Blair,composer-miscellaneous
nm21963001,Derick Jensen,actor
nm0125684,Byamba Sakhya,director-cinematographer-editor
nm2626793,Mohamed Wafic,actor
nm0766463,Satyand,writer-script_department-miscellaneous
nm0914697,Jerry Watson,camera_department-cinematographer-miscellaneous
nm21968317,Ric Remias,cinematographer-camera_department-actor
nm21960360,Agustin Lara,animation_department-camera_department-actor
nm21963108,Paula Curley,actor
nm1697677,Jer Stulberg,editor-editorial_department-producer
nm10543630,Kathy Farr,actress
nm21959298,Rod Piper,actor-producer
nm3523072,Phillip G Carroll Jr,director-editor-writer
nm0305380,Paulo Vespúcio,actor-director-writer
nm0090703,Mike Bockman,editor-assistant_director-writer
nm2528714,Piper Fawn,actress-producer-cinematographer
nm2645127,Jawad Rhalib,director-writer
nm1170451,Danielle Franco,producer-miscellaneous-director
nm4116301,Makoto Onodra,cinematographer-camera_department
nm21965509,Andy Osipov,director-actor-writer
nm2102799,Michael Baisden,writer-producer-actor
nm0876811,Tristram Tupper,writer
nm21968020,Dav R Schwartz,editor
nm0039445,Reilly Askew,writer
nm21958608,Linda Sorensen,actress
nm1410076,Nat Boltt,actress-producer-director
nm21964946,Mat Hall,producer-actor-writer
nm21967427,Nic Comeau,producer-production_manager
nm21964240,Reiko YoshidaA,writer-miscellaneous-script_department
nm21955184,Step M Lyons,cinematographer-camera_department
nm21961270,Natalya Bondarchuk,actress-director-writer
nm21955961,Marcos Kantis,producer-production_manager-miscellaneous
nm7497879,Tomi Kosynus,actor-miscellaneous-art_department
nm21966916,Juno,editorial_department
nm0000428,DW Griffith,director-writer-producer
nm1256007,Scott Nails,actor-miscellaneous
nm5005594,Dustin Poirier,
nm21965318,George Formby SrX,art_department
nm21959846,Mat J Kelly,composer-music_department
nm21960186,Rodolphe Solmson,producer
nm0013914,Lloyd Ahern Sr,cinematographer-camera_department
nm21960221,Sean S Cunninghum,costume_department-writer-director
nm21962288,Juan Pablo García,producer-actor
nm21966159,Mel Blanc,actor-soundtrack-music_department
nm0900837,Pat J Voetberg,editorial_department-editor
nm0812058,Fed Sodi,writer
nm21957151,Dav Ritsher,producer-editor-editorial_department
nm21959682,Robert MorleyM,executive-writer-director
nm0206142,Hry Dawson,cinematographer-camera_department-director
nm1896990,Chris Blanco,producer
nm0831808,Mary Stuart,actress
nm21968302,Step Gass,director-miscellaneous-writer
nm6993927,Ken Rogers,director-cinematographer-miscellaneous
nm0124401,Gyla Buss,actor
nm21960144,James Griffiths,music_department-composer-sound_department
nm21962763,Mat Levin,composer-director-editor
nm1111917,Ann Acton,actress-miscellaneous
nm21968078,J.P. Romel,
nm21964966,Sebastian Jacques,actor-soundtrack-music_department
nm21966978,León Felipe González,editor-sound_department-writer
nm21957043,William Nayerio,composer
nm21956025,Dani DePalma,producer-miscellaneous-executive
nm1554639,Geo Formby,actor
nm21956040,Oliver Wallace,composer-music_department-soundtrack
nm0747233,Charles F Royal,writer-actor
nm21969285,Nadia,actress
nm0777593,Jeffrey Schwarz,producer-director-editor
nm5639158,Ana Blanco de Córdova,actress
nm1435603,Wil Greenberg,actor-writer-soundtrack
nm0719800,Peter Jan Rens,actor-writer-director
nm0507542,Mel Lewis,composer-music_department-sound_department
nm21967272,Andrew Hernandez,actor-writer
nm0802168,Manmohan Singh,cinematographer-producer-director
nm21962189,Sherri Strain,producer-writer
nm0822477,Forrest Stanley,actor-writer
nm0108530,Janz Bricelj,editor-sound_department-actor
nm21964659,ChunChun HsuC,actress
nm6245202,Arden Bel,actress-writer-producer
nm4337198,Combat,actor
nm21969475,Fatma Giric,actress-producer-writer
nm0159201,Yuen Chor,director-writer-actor
nm0773137,O Jochen Schmidt,production_designer-art_director-art_department
nm21954993,Mary Jo Godges,electrical_department-producer-composer
nm21960145,Matthew Gray GublerS,music_department-director-producer
nm1082169,Djordje Radmilac,production_manager-writer
nm21958076,Grig Pruss,writer-actor-art_department
nm0614120,Bri Murphy,actor-soundtrack-writer
nm5842168,Max Elk,actor-writer-producer
nm2988594,Harv Berger,editor-writer-assistant_director
nm21968278,Fernando Bonassi,writer-script_department-director
nm21962313,Nick Crawford,actor
nm0404747,Frans Huybrechts,writer-assistant_director
nm21960220,Jeff Reddick,writer-producer-actor
nm0855389,Toshio Terada,writer
nm21966952,Nripati Chatterjee,actor
nm21965043,Marc Baryg,producer-actor-production_manager
nm21962679,Virg Bowen,director
nm21957205,Joana Carvalho,actress
nm21961305,Everett Sloane,actor-director-soundtrack
nm9711796,Sanjev,actor-publicist
nm21960803,John de Lancieu,actor-soundtrack-producer
nm0461918,Blackie Shou,actor-stunts-director
nm21963322,P.J. Rens,visual_effects-writer-director
nm0708095,Ramba,actress
nm0762596,Ralf Sanford,actor-soundtrack
nm21961671,Martin Parrisi,production_department-miscellaneous
nm21960074,Jana Miartusova,actress-editor
nm21958321,Sevinc Alisova,cinematographer
nm21964907,Irina Mazing,actress
nm1007991,Moly Rome,actress
nm2353702,Jinwook Lee,actor
nm2570706,Soph Rundle,actress
nm21969643,Gab Diniz,set_decorator-cinematographer-visual_effects
nm21961813,Nikos Foskolos,writer-director-soundtrack
nm21956094,Prest Lockwood,actor
nm2734119,Lidiya Kataeva,actress
nm21954976,Joe Litrenta,director-writer-editor
nm21959455,San Dhanoa,writer-costume_department-producer
nm21957412,Malcolm Richardsm,visual_effects-cinematographer-producer
nm1361892,Dan Bronks,cinematographer-camera_department
nm0671436,Juan Peláez,actor
nm0001257,Ava Gardner,actress-soundtrack-stunts
nm0517942,Oiva Lohander,actor-director-writer
nm0848554,Amb Tamblyn,actress-producer-writer
nm0011244,Nik Adams,actor-writer-soundtrack
nm21969504,Jas Luisi,actor
nm21957321,Ismet Erten,actor
nm1637138,E.M. Madhavan,editorial_department-editor
nm7576174,Ced Delport,producer-editor-director
nm3874259,Phil Prosper,actor-stunts
nm1318410,Brooke Bloom,actress
nm21962501,Denys Colomb,composer-writer-actor
nm21961390,Lisa MilioY,actress
nm0640307,Donald OConnor,actor-soundtrack-director
nm0632425,Ave Ninchi,actress-miscellaneous
nm1105229,Janice Giteck,composer-music_department
nm21961888,Soizic Bourvil,actress
nm10616716,Alb Alemany,
nm21956123,Edgecrusher,transportation_department
nm7444178,Katrin Kalketenidis,director-camera_department-producer
nm21963983,Simon Beaufils,cinematographer-camera_department
nm21966151,Mika Simons,actress-director-writer
nm1089323,Babloo Chakravorty,music_department-composer-actor
nm1365217,Carol Castro,actress
nm21966969,Silas Miami,writer-director-music_department
nm0014624,Roscoe Ails,actor
nm0944220,Jerzy Wójcik,cinematographer-writer-miscellaneous
nm0681635,Irving Pichel,actor-director-producer
nm0944748,Irwin Yablans,producer-miscellaneous-writer
nm21961488,Nigel Davnport,actor-assistant_director-soundtrack
nm21961190,Denny Johnston,actor-writer-soundtrack
nm0820258,V Srinivas,composer-music_department-actor
nm21962570,Tay Cook,actor
nm21964494,Herb Bautista,actor-soundtrack-miscellaneous
nm21967782,John Cleese,sound_department-writer-producer
nm0675036,D.J. Perry,producer-actor-writer
nm0000686,Christopher Walken,actor-soundtrack-miscellaneous
nm0015037,Lütfi Akad,director-writer-editor
nm0445605,Cleve Keller,producer-writer-miscellaneous
nm0042885,L.V. Avellana,director-writer-producer
nm7009376,Krolik Black,actress-writer-cinematographer
nm5114567,Mary Bennet,miscellaneous
nm21965306,Michael Ansara,actor-director-producer
nm0133320,Ros Campos,actress-soundtrack-miscellaneous
nm6140880,Clara Rugaard,actress-soundtrack
nm21965695,Merritt Smith,actor
nm0509263,Nik Lie Kaas,actor-director-writer
nm3594233,Robert David Sanders,editor-sound_department-visual_effects
nm2238631,Mohammad Barsoozian,actor-producer
nm21955652,Laur Haroutunian,cinematographer-editorial_department-camera_department
nm21965508,Andrey OsipovV,director-actor-writer
nm21955657,Lawr Wilkerson,sound_department
nm21957235,Juliana Montanes,special_effects
nm4633848,Zach Frank,composer
nm21964717,Marilu Henner,actress-miscellaneous-producer
nm0052110,Briana Banks,actress
nm1622207,Mat Egan,cinematographer-camera_department
nm0001077,Richard Crenna,actor-director-soundtrack
nm0957595,Bojan Zogovik,actor
nm21965472,Stan Lee,producer-writer-actor
nm21960931,Ivan Dubrovsky,costume_designer-cinematographer-production_manager
nm1097158,T Hardin,actress
nm21956151,X Song,actor
nm21965247,John Doman,actor
nm1629893,Tob Dengler,cinematographer-camera_department-production_manager
nm21957843,Parker C Hixt,actor
nm21969128,Red Barry,actor-writer-producer
nm6937224,Herm Knop,actor
nm21962340,Janez Briceljp,editor-sound_department-actor
nm21963327,Mia Rider,costume_designer
nm5669273,Miklos Sass,actor
nm21957458,Benoît Graffin,writer-director-actor
nm0006742,Helen Vita,actress-writer
nm21967488,Carole Lebel,actress
nm21964355,Kera OBryont,manager-music_department-miscellaneous
nm21968025,Wilford Brimly,actor-stunts
nm0359845,AK Hangal,actor
nm10399609,Derek H Potts,actor-producer-writer
nm3062168,Krzysztof Pietroszek,producer-director-writer
nm2615067,Edward Lee,executive
nm0330048,Brian Gordon,producer-production_manager-miscellaneous
nm21959007,Samuel Jirásek,
nm0878970,Kazimierz Tyminski,writer-miscellaneous
nm5562562,Joey Lever,actor-director-writer
nm21968947,Harry GregsonWilliamsA,miscellaneous-music_department-soundtrack
nm0013679,Beatriz Aguirre,actress
nm21961767,Christopher C Dewey,producer-miscellaneous
nm0909040,Eddy Waller,actor
nm21965308,Harry Revier,director-writer-producer
nm4928604,Rajaa Yousef,writer
nm1937112,Tom Lodewyck,actor-producer-assistant_director
nm0608658,Bob Moshr,writer-producer-soundtrack
nm0269531,Layla Fawzi,actress
nm6772561,Catherine Stepien,production_designer-costume_department-actress
nm2163441,Eric Lindsay,composer-music_department-sound_department
nm2387267,Tay Cook,actor
nm21957342,Heikki FärmR,transportation_department-camera_department-actor
nm21966953,Sabitri Chatterjee,actress
nm21960731,Igor Bolgarin,writer-director
nm0346080,Rogelio Guerra,actor
nm21968277,Leo Cavalli,set_decorator
nm9447775,Mitchell Bourke,actor
nm9718254,Baris Can Sagir,actor
nm21957345,Anton Kuznetsov,actor
nm21960927,Ann Mikhaylovskaya,actress
nm0313876,Ger Geraghty,writer-miscellaneous
nm21966445,Trev Sacks,composer
nm21969682,Peter Marshall,actor
nm0284678,João Fonseca,assistant_director-production_manager-actor
nm0005241,R Moeller,actor-producer
nm21960294,Jake Roberts,actor-writer
nm21962419,Nik Adams,actor-writer-soundtrack
nm0649041,Kaz Opalinski,actor
nm7105651,Emil Galstyan,actor
nm21961812,Pan Konstadinou,legal-writer-actor
nm0051808,B. Bandyopadhyay,writer
nm21955379,Chas Chadwick,writer-composer-art_director
nm1977849,Ryan Dodson,music_department-composer-soundtrack
nm21956815,Jagdeep,actor-music_department-soundtrack
nm21960072,Lucie Theo,actress
nm21962898,Sarah Strange,actress
nm1813063,Cory Landis,actor-soundtrack-writer
nm9573221,Vito Giuseppe Zito,art_director-production_designer
nm1569073,Steve Bevilacqua,writer-producer-director
nm21959616,Geraldine Jamesj,actress
nm9504585,Chatchawan Wongarj,actor
nm21958575,Devin Daley,producer-casting_department-editor
nm21965897,Danny JohnJules,actor-producer-writer
nm21969571,Fadi Kazmu,producer
nm21958319,Cingiz Abullayev,writer
nm21955134,Morg Sarpaux,actor
nm21961866,Mike Brosnan,editorial_department-director-writer
nm21964948,Maria Roveran,actress-composer-music_department
nm21965243,Ant Burke,writer-director
nm21967261,Serg Bezerra,actor-producer
nm21955689,Antonio Urdapilleta,producer-production_manager-assistant_director
nm21965661,Anna Actond,actress-miscellaneous
nm0000486,Heather Langenkamp,actress-special_effects-make_up_department
nm21964328,Brooke Bloom,actress
nm21960201,Val Keene,animation_department
nm21956058,Fred Kohler,actor
nm21967747,Jean Proalr,writer
nm21960447,Fran Clousot,cinematographer-director-camera_department
nm0709368,Sohail Rana,composer-soundtrack-producer
nm21957873,Faisalu,production_designer
nm21966552,Jon Dunham,cinematographer-editor-camera_department
nm21966130,Mary FrymireZ,director-assistant_director-production_manager
nm0872281,Helena Trestíková,director-writer-actress
nm0452831,Elsa Kikoine,actress
nm0533073,Roy Mack,director-writer-miscellaneous
nm21955479,W. Uptown Johnson,casting_department-actor-editor
nm6522631,Leith Towers,actor-miscellaneous
nm21966879,Gudrun Brostn,actress-soundtrack
nm2267629,J.B. Moore,soundtrack-composer-music_department
nm21958075,Robert Culpi,actor-writer-director
nm21963605,Jeff Dach,sound_department
nm0028965,Miodrag Andric,actor-writer
nm2885122,Kana Akutsu,actress
nm21964697,Daniel BronksF,production_department-camera_department
nm21956466,Stef Hallaschka,actor
nm0151539,Chandrashekhar,actor-assistant_director-writer
nm1070640,Nicole WrathallHiggins,producer-writer-assistant_director
nm2942977,Don Smith,actor
nm0377473,Laur Hennion,editor
nm21964756,César Pérez,producer-cinematographer-camera_department
nm1855697,Gulden Avsaroglu,actress-casting_director
nm0488917,Thomas Bo Larsen,actor-stunts
nm0093799,Fern Bonassi,writer-script_department-director
nm0497763,Lily Li,actress
nm21961523,Ren Baldini,script_department
nm21956213,A.D. Otvos,writer-script_department-soundtrack
nm21959933,Rudolf Eger,composer-producer-production_manager
nm4335674,Maho Nagase,actress
nm0323202,Nikolaus Glowna,composer-music_department
nm21955135,Pascal Elso,legal
nm0004310,Larry Fine,actor-soundtrack-writer
nm0128737,Todd Cahoon,actor-art_department-camera_department
nm0267130,Buzz Farbr,actor-producer
nm21966356,L L Brandorf,electrical_department
nm0595655,Jeff Moffitt,writer-director
nm4855624,Rutger Reinders,composer-music_department-soundtrack
nm0287566,Nik Foskolos,writer-director-soundtrack
nm0112392,John Dennis,actor
nm0682408,Leigh Pierce,director-sound_department-producer
nm21958077,Raffaella De L.,set_decorator-production_manager-costume_department
nm21964944,Mat Powello,writer-actor
nm1962328,Wilhelmiina Tuukkanen,actress
nm0912450,Donna Warnr,actress
nm1467382,Lucie Theo,actress
nm21964170,Ron Russell,producer-actor-director
nm21959686,Geo H Brown,producer-writer-production_manager
nm21960472,Rutg Reinders,composer-music_department-soundtrack
nm21959854,Saeed Motarassed,sound_department-director-writer
nm4921980,Khosrow Khanmohammadi,actor
nm21964389,Mark Dexter,actor
nm0855892,Lucile Terrin,writer-assistant_director
nm21965895,Norm Lovette,actor-writer-soundtrack
nm21964357,Terry Jernigen,actor-producer-writer
nm0222345,Tricia Devereaux,actress-editorial_department-producer
nm1326535,Sundar C,director-writer-actor
nm21968932,Delphine Chanéac,actress
nm1425484,Bettina Mazakarini,sound_department-editor-editorial_department
nm6234907,Aatu Kokon,actor
nm21958726,G Chiti,composer
nm0002925,Isaac Sehayek,editor-producer-editorial_department
nm21962860,Vishnuprasad Palinje,cinematographer
nm3531871,Fred Langlet,writer
nm21958782,Rolf HädrichA,director-writer-actor
nm0017450,Chas Bernstein,composer-music_department-soundtrack
nm0053965,Manel Barceló,actor-writer
nm0222134,Hen Deutschmeister,producer-production_manager
nm0129830,Henri Calef,director-writer-assistant_director
nm21958213,Oskar Kaszynski,actor-director-writer
nm3795818,Josie Petersen,
nm21965898,Andy Ellard,script_department-writer-director
nm21966766,Jorge S Carvalho,actor
nm0122195,Mark Burman,producer-writer-director
nm21966934,Mario Garcia,actor
nm21955035,Suavi Tedü,actor-director-writer
nm0884542,Joan Valerie,actress-soundtrack-miscellaneous
nm21957320,Oktay Yavuz,actor
nm21966734,Davi Saavedre,writer
nm2600864,Leopold Oisel,actor
nm21969623,Amy Ackerb,actress
nm0713716,Gust Re,actor
nm0695127,Axel Prahl,actor-soundtrack-composer
nm0299623,Heki Farm,cinematographer-camera_department-actor
nm21958808,Bri Burnam,editorial_department-writer
nm0184509,Josh Covit,actor-writer-miscellaneous
nm21956888,Socrates,editor
nm1376372,Tom Scharplng,producer-actor-writer
nm4006340,Al Morrow,producer
nm21966351,Leif Axel KjeldsenO,production_manager-editorial_department-set_decorator
nm0242658,Kev Dunn,director-producer-actor
nm0756752,Helene S. Pere,actress
nm1067911,Jude Leak,editor-actress-editorial_department
nm2353188,Dag Weaver-Madsen,cinematographer-camera_department-producer
nm2684703,Mart Parris,actor-miscellaneous
nm0553181,Vincent Martin,actor
nm1471778,Sim Beaufils,cinematographer-camera_department
nm21957149,Greg Clark,director-writer-assistant_director
nm21962568,Taylor Cookk,script_department
nm3281213,Jas Bushe,director-producer-writer
nm3165278,Alexandra Burke,soundtrack-actress
nm21963923,Jon Pudney,editorial_department
nm6665681,Ivan Mulin,actor
nm21967262,Paul Vespucio,actor-director-writer
nm21968946,Lara Cody,actress-miscellaneous-casting_department
nm1742016,Ruf Graham,actor
nm21956023,Myles Teller,actor-producer-soundtrack
nm21959196,Anita Bulan,producer
nm21965409,Tosh Terada,writer
nm0104589,Laur Brandenbourger,writer-director
nm0648455,Emiko Omori,cinematographer-director-camera_department
nm21957317,Izmet Erten,actor
nm21966349,L L Brandorf,electrical_department
nm21964592,Dav Kyle,actor-producer-writer
nm21963961,Mary Mclaughlin,casting_department-soundtrack
nm21962356,Kyle Stone,actor-miscellaneous
nm21961320,Zygmunt Zintel,actor
nm21960116,Ivy Latimerm,actress
nm21961373,Alec Soth,producer
nm21956569,Nate Mosher,actor
nm0593378,Guy Mitchel,actor-soundtrack
nm0089381,No Blough,sound_department-editor-writer
nm21955377,Chris Cook,actor
nm0951310,Yesim Yukselen,actress
nm21959996,Wrik Meadu,art_director-writer-cinematographer
nm21964244,Frans Huybrechts,location_management-assistant_director
nm3187370,Vic Augustin,producer-casting_director
nm21959869,Miomir DenicH,production_designer-art_director
nm6711689,Elek Korneeva,producer
nm21959454,Jividha Astha,costume_department
nm3803908,Jun Umeda,sound_department-producer-miscellaneous
nm3724905,Mike Falek,writer-director-editor
nm21966443,Justin Strydom,actor-producer-writer
nm0038310,Yoshi Asai,actress
nm1497219,Andrew Ellard,script_department-writer-director
nm21958233,Lily Li,actress
nm7786121,Blanket Baricade,composer
nm2969771,Carolina Martín Ferro,actress
nm21962720,Jac Kalich,actor-art_department-art_director
nm0653358,A Dorian Otvos,writer-script_department-soundtrack
nm21963149,Unshô Ishizuka,actor-soundtrack-miscellaneous
nm21956799,Jeremiah BitsuiV,actor-producer-casting_department
nm0991400,Marta Victoria,composer-music_department-writer
nm4182950,Danielle DePalma,producer-miscellaneous-executive
nm21968112,Jens JohanssonT,actor-soundtrack
nm21964938,Dabney Colemanp,electrical_department-miscellaneous-soundtrack
nm0185819,Dan Craig,actor-producer-soundtrack
nm0937637,Jaroslaw Wolejko,editor-editorial_department
nm21960806,Edward Faulkner,actor-director-art_director
nm3516469,Dan Drilling,composer
nm21969424,Gilberto Carbone,producer-production_manager
nm21959603,Allison FeltsJ,actress-writer-producer
nm21965025,Ana PoliakB,editor-assistant_director-director
nm0639105,Éric Névé,producer-actor-writer
nm21969645,Tony Baez MilanQ,director-writer-actor
nm7556798,Sara Kosovak,actress
nm21955925,Clive Brook,actor-director-writer
nm0426603,Deny Johnston,actor-writer-soundtrack
nm21960203,Andrew J McIntyre,cinematographer-camera_department
nm1870199,Kat Kairo,make_up_department
nm0555094,Fermin Martinez,actor
nm21958312,Toby Lee,actor
nm21968610,Geo Meehan,cinematographer-camera_department-miscellaneous
nm0430259,Joey Jordison,actor-soundtrack-composer
nm21956450,Laur Collins,actress-producer-writer
nm21960613,Benjamin Ruhland,producer
nm2404726,Betelihem Zelealem,editor-camera_department-production_manager
nm21957004,And Matthias,composer
nm0540115,Misty Regan,actress-production_manager-costume_department
nm21956112,P Ejdus,actor-music_department
nm0090108,Angela Bo,actress
nm0280726,Ettore Maria Fizzarotti,assistant_director-director-writer
nm0127758,U.Q. Cabral,composer
nm21962885,Theo J Pahle,cinematographer-director-writer
nm21966603,Cleve Kellr,producer-writer-miscellaneous
nm21965335,Chia Hing Kou,producer
nm0944158,Ivan Wyszogrod,composer-music_department-sound_department
nm21959602,Jimmy Barker,writer-director-actor
nm2423978,Jordi Bulbena,production_designer-actor-miscellaneous
nm0699294,Greg Pruss,writer-actor-art_department
nm21956264,José Lorenzo Wasner,camera_department-cinematographer-sound_department
nm0490375,David Michael Latt,producer-visual_effects-writer
nm0247660,Merrdy Eastman,actress
nm21955409,Mart Rahner,executive-editorial_department
nm1872054,Tim Calandrello,editor-editorial_department-producer
nm2513694,Yorg Avgeropoulos,director-writer-producer
nm21958106,Fabien BouillaudZ,editor-miscellaneous
nm21963860,Miklós Sass,actor
nm0177106,Joe Cook,actor-writer-soundtrack
nm21956541,Alb R Broccoli,producer-miscellaneous-assistant_director
nm21966750,Carlo Rota,director-miscellaneous-producer
nm2293535,B.J. Lee,actor
nm5479763,Scot Appleby,composer
nm0435748,Jacob Kalich,actor-art_department-art_director
nm21960190,Luciano Emmer,director-writer-editor
nm21957326,Ido Drent,actor
nm21961907,Mur Burns,composer-soundtrack-writer
nm0564587,John McCain,actor-writer
nm21968489,Guy BranumP,location_management-producer-actor
nm21961851,Luc Pecrul,actress
nm0133852,Ivo Canelas,actor-cinematographer
nm3326446,Dam Locks,actor-art_department-composer
nm1097681,Miklós Kapácsy,actor
nm0874739,Nick Nicholas II,
nm0515106,Vasiliy Livanov,actor-writer-director
nm0000701,Kate Winslet,actress-soundtrack
nm2745881,David Hicks,production_designer
nm21966801,Joanne Barona,casting_director-producer
nm0187790,Ed Crick,actor
nm0929571,Stef Will,composer-soundtrack-writer
nm21956662,Pat Cohen,electrical_department-producer
nm0661267,Camille Parent,art_director-art_department-set_decorator
nm21968316,Noah Bloughz,sound_department-editor-writer
nm21958403,Ral Richardson,actor-director-producer
nm1460751,Brian Burnam,actor-writer
nm21968959,Gustavo ReV,writer
nm0631564,Jus Niileksela,director-producer-writer
nm21956865,Bren Rabine,actress
nm1812637,Virginie Efira,actress-writer-producer
nm3963457,Jividha Astha,actress
nm21957044,Aysan Hadad,
nm21964298,Kanwaljit Singht,costume_department
nm21965774,Laura Naylor,director-producer-writer
nm4327063,Amy Nicholson,production_designer-art_director-writer
nm0080173,Master Bhagwan,actor-director-writer
nm0215589,Rem Del Grosso,writer-assistant_director-director
nm0288111,War Foster,writer-soundtrack-art_department
nm0159026,Ann Chong,actress
nm1583777,Den Blair,composer-miscellaneous
nm0495541,Viktor Lebedev,composer
nm0002546,Mena Suvari,actress-soundtrack-producer
nm7357896,Chlo Carroll,actress-producer-writer
nm1644883,Wera Cleve,editor
nm0529293,Knut Lystad,actor-writer-director
nm21958095,Jel Büsser,actress
nm21963847,Pete Cullen,actor-music_department-soundtrack
nm21956410,E.A. MacDonald,actress-costume_department-producer
nm3051714,T Baisakalov,actor
nm0206459,Jul Day,actress
nm21969644,Corey LandisE,sound_department-soundtrack-writer
nm21962613,Gust Galvao,producer-director-writer
nm9042114,Ell Bakkejord,actor
nm21967006,Dan Parisa,actor-miscellaneous
nm21968217,Charles de LauzirikaO,producer-director-writer
nm0772266,Leon Schlesinger,producer-miscellaneous-animation_department
nm21961182,Ege Aydan,actor
nm21958903,Megh Bradley,actress
nm21966574,Antônio FagundesC,actor-writer-producer
nm7613074,Yuan Chang,actor
nm21957120,Eric Booker,actor-soundtrack
nm21958807,Sharon Franklin,editor-editorial_department-camera_department
nm21962449,Yurik Yamamoto,actress-soundtrack
nm0792458,Harry Sherman,producer-miscellaneous
nm21965244,Antonio Burke Jrq,actor-director
nm1162959,Mehm Abut,composer
nm21961112,Clayton S Taylorg,actor-producer-cinematographer
nm2795350,Carolin Stoltz,actress
nm21963034,Jason GravesS,executive-composer-soundtrack
nm2273064,Rico Strong,actor-director
nm21956703,David Brian,actor-writer
nm11148677,Karin Cavalli,
nm21960184,Ave Ninchi,actress-miscellaneous
nm0738755,Tony Roman,composer-soundtrack-actor
nm21968102,Yancy Mendia,actress
nm6993931,Ash White,actress
nm0178528,Deborah Copaken,actress-writer-camera_department
nm21962644,Albin Petterssons,actor-writer-casting_department
nm2377131,Liza Del Sierra,actress
nm21959052,W Shrum & Hillbillies,actor-soundtrack-music_department
nm21960135,Cristina Bella,actress-make_up_department-costume_department
nm21956942,Phil Sacramento,actor
nm1125189,Nur Ay,actress
nm21963386,Haven,actress-production_manager-assistant_director
nm0073888,Rudolf van den Berg,director-writer-actor
nm0650046,Lester Orlebeck,editor-director
nm4342062,Mike Lisk,actor-writer
nm2089834,Shawn Schaffer,cinematographer-camera_department-editor
nm1716507,Ali B,actor-writer-soundtrack
nm21969621,Clive BrookP,publicist-director-writer
nm5816469,G Gualano,actress
nm0517705,Ed Logereau,director-writer
nm21964940,Jos Brutsman,art_department-actor-writer
nm0672541,Mart Pepler,editor
nm0000189,Jenny McCarthy,actress-producer-writer
nm7904967,Tod Trimmer,producer-writer-executive
nm0080279,P Bhaskeren,music_department-director-actor
nm0119190,Francisco Buencamino Jr,composer-music_department-soundtrack
nm21955411,Fel Cramer,cinematographer-camera_department-visual_effects
nm0943138,Wu Ma,actor-director-miscellaneous
nm21965794,Joe Lever,assistant-director-writer
nm3886481,Michaela Müller,director-writer-cinematographer
nm4398028,Seb Schjaer,editor-director-writer
nm21966014,Peter Boseq,executive
nm21962153,Dylan Williams,producer-director-editor
nm1093078,Mike Deisinger,editorial_department-editor-director
nm2374841,Josie Loren,actress-producer
nm21966601,Cleve Keller,producer-writer-miscellaneous
nm2376021,Corey Britz,soundtrack-actor-sound_department
nm7353507,Andrew Taggart,soundtrack-composer-actor
nm0477975,Janos Kormendi,actor-writer
nm21956341,Deric Margolisj,camera_department-producer-cinematographer
nm0791217,Mary Shelley,writer
nm21961454,Barb Kent,producer
nm7702890,Kellyann Summers,actress-producer-location_management
nm21968513,Haleigh Oliver,actress
nm1340051,Jas Strydom,actor-producer-writer
nm21965345,Cryst Wilder,actress
nm21959906,Dewey AllenQ,assistant-director-writer
nm21962306,Shelley BuchbinderL,actress-sound_department-miscellaneous
nm21961306,Walt Reed,actor
nm21966013,Ag Lindh,actress
nm21959849,T Warakulnukroh,actor
nm21956113,Sloboda Micalovico,actress-soundtrack
nm21962982,Hen Coombs,actor-miscellaneous
nm21956153,Shaochu Zhangg,writer
nm0855612,Wlad Terlecki,writer
nm0699168,María Renée Prudencio,writer-actress
nm21958043,Brigitte Horneyo,actress-soundtrack
nm21963904,Jen Thompson,producer
nm0408550,Seeta Indrany,actress-producer-director
nm21962018,B Ventris,cinematographer-camera_department
nm21960218,Robert Englund,actor-miscellaneous-director
nm21955075,Shad Moss,actor-producer-soundtrack
nm21965022,Jose Americo GhezziR,miscellaneous
nm21960475,John Keville,producer-miscellaneous-executive
nm0674518,Charles Perrault,writer
nm0284765,Teresa Font,editor-editorial_department-sound_department
nm0666972,Robert W Paul,producer-cinematographer-director
nm21965603,Gea Martire,actress-writer
nm0217221,Grey Griffin,actress-music_department-soundtrack
nm7366738,Ronny Jimenez,writer
nm2057866,Christopher DeJoseph,writer-producer-actor
nm3305543,John Chase,actor
nm21965657,Blackie Shou Liang Ko,actor-stunts-director
nm2256081,Enr Villegas,
nm21966234,Kate Rees Davies,producer-actress-director
nm9110452,Zeinab Abdo,actress
nm11482354,Wil Nayeri,composer
nm21968514,Ashley White,actress
nm1323944,Jaroslaw Pietraszek,editor
nm21961762,Jord Leondopoulos,director-editorial_department-writer
nm2924626,David Archuleta,actor-soundtrack-composer
nm0807375,Arturo Smith,cinematographer-camera_department-actor
nm21968707,L Anoai,actor
nm0814857,Lin Sorensen,actress
nm0168215,Step Cochran,actor-director-writer
nm21956409,E Trujillo,producer-director-writer
nm0012541,Nik Advani,writer-producer-director
nm21967301,Aaron K Carter,director-actor-writer
nm4967028,Jen Stokes,actress-assistant_director
nm21959465,U Arinze,art_department-producer-actor
nm21954971,Ashk Banthia,actor-assistant_director
nm1165523,Ashraf Kashani,actress
nm0116783,Joseph Brutsman,producer-actor-writer
nm0431025,Jacq Jouanneau,actor
nm1021379,Santosh Dhanoa,writer-costume_department-producer
nm21956207,Ralph Sanford,assistant_director-soundtrack
nm21966854,Christoph Lauthl,sound_department-costume_department
nm21955654,Tam Bruketta,miscellaneous-writer-producer
nm1237397,Ank Chaudhari,actor-director-writer
nm3938812,Rob Coulonge,actress
nm0422003,Terry Jernigan,actor-producer-writer
nm21967239,Layla Fawzi,art_director
nm21964980,Tosh Mifune,actor-producer-director
nm0001536,Toshirô Mifune,actor-producer-director
nm1966154,Daniel Wiles,director-producer-assistant_director
nm3349504,Alex Bell,actress
nm3240077,Ty Gorman,special_effects-editor
nm1777138,Matt Russel,actor
nm21964646,Freya Ravensbergen,actress-producer-director
nm0150264,Ril Chamberlin,actor
nm0661084,Ant Pardo,actor-cinematographer-writer
nm0172969,Denys Colomb de Daunant,director-writer-actor
nm21956220,Pasha Patriki,cinematographer-producer-camera_department
nm0004899,Ethan Erickson,actor
nm0715748,Walter Reed,actor
nm21956912,Rakuto Tochihara,actor
nm2333539,Kirk Hazen,composer-actor-writer
nm0717901,Juanita Reina,actress-soundtrack-producer
nm9149603,S.J. Dehghani,writer-director-producer
nm21957204,Luísa Cruz,actress-miscellaneous
nm21962551,Rirko,actor
nm21969570,Ad George,actor
nm0795851,Har Shumate,writer-producer-miscellaneous
nm0517119,Step Lodge,costume_department-actor-costume_designer
nm0383422,John Michael Higgins,actor-soundtrack-music_department
nm0417168,Bud Jamison,actor-soundtrack-director
nm21969782,Kareem Afifi,actor
nm21960067,Marg Volnay,animation_department
nm21963303,J v Frihling,editor
nm21964850,Giulia Boverioq,make_up_department
nm8693727,Andrew Gothard,actor
nm21956906,Suz McCafferty,producer-director-assistant_director
nm21957749,Max Kleven,stunts-actor-assistant_director
nm21969617,Dorothy Tree,actress
nm21956059,Al Martin,writer-director-soundtrack
nm8540795,Park Hix,actor
nm0431356,Nenad Jovicic,cinematographer-writer-director
nm1133857,Rosie Day,actress-director-writer
nm1283272,Walt Shrum and His Colorado Hillbillies,actor-soundtrack-music_department
nm0086417,Ray Ellis,composer-music_department-soundtrack
nm21959385,Chris Hildebrandt,
nm21960140,Jas Griffiths,music_department-composer-sound_department
nm0928564,Crystal Wilder,actress
nm0448987,Doris Kenyon,actress-soundtrack
nm0029482,Mikel Angel,actor-writer-director
nm0174051,Jul Compton,actress
nm4325325,Mich Wetherburn,composer
nm0419889,Wyclef Jean,soundtrack-actor-composer
nm21955746,Pierre BarilletC,publicist-actor
nm0673268,Hope Perello,miscellaneous-producer-director
nm21969722,Lydia Bouchard,actress
nm0814007,Wer Sommer,producer-writer-actor
nm0000044,Burt Lancaster,actor-producer-miscellaneous
nm21956869,Joe Whiteaker,director
nm21956816,Mastr Bhagwan,actor-director-writer
nm21963569,Shawn Schaffer,cinematographer-camera_department-editor
nm2650417,Virgile Dean,camera_department-editor-producer
nm21965072,Kes Cage,camera_department
nm21963092,Tiff J Johnson,art_director-miscellaneous-director
nm2379457,Kent Hovind,writer-producer-camera_department
nm0809328,Merritt Smith,actor
nm2238751,Trevor Yuile,composer-soundtrack-music_department
nm1561355,Cam Tress,editorial_department-editor
nm21965334,A Yang,actress-music_department
nm21961887,Al Aumard,sound_department
nm21960767,Dav Lowe,actor-composer-director
nm0481075,Reb Lafrenz,producer-production_manager-assistant_director
nm21966017,Tanya Badendyck,producer-miscellaneous
nm21960287,Bri Hanel,producer
nm21964912,Mikhail Kamenetskiyi,writer-director-camera_department
nm21956150,Yuan Huang,miscellaneous
nm21962818,Branko RadakovicU,assistant_director-writer-editor
nm21965064,Ryan Bader,
nm21963328,Ava Addams,publicist
nm2769456,Jas Wasley,sound_department-cinematographer-camera_department
nm21966634,James BluntR,soundtrack-actor-composer
nm0000859,Lionel Barrymore,actor-director-soundtrack
nm21964034,Lina Santos,actress
nm7267076,Marsha May,actress
nm21962420,Nick Adams,costume_designer-writer-soundtrack
nm21966190,Jewelia Fisico,actress
nm21957727,Per Arquillue,actor-soundtrack
nm21968948,Norihiko Hibino,composer-soundtrack-sound_department
nm21958421,Rosy Day,producer-director-writer
nm21964246,Patrick Le Bon,manager-writer-actor
nm0550892,George Marshall,director-writer-actor
nm21959573,Ryuji NoharaM,script_department
nm21956563,Yui Horie,actress-soundtrack-music_department
nm3195887,Andreas Arvanitis,actor
nm0296389,Piotr Fronczewski,actor-soundtrack-director
nm0006086,Gerald Fried,composer-music_department-soundtrack
nm0094388,Liliana Bonfatti,actress
nm21966020,Arin Sil,actor-director-producer
nm2504650,Elmano Sancho,actor
nm2022013,Jas Graves,music_department-composer-soundtrack
nm2796645,Paige Howard,actress-writer
nm0342748,Rajko Grlic,writer-director-producer
nm21968333,Saba Shehata,actress
nm21969609,Deb Rogers,director-miscellaneous-writer
nm4110608,Crist Rodlo,actress
nm21959870,Miodrag Andric,actor-writer
nm0832319,George C Stoney,producer-director-writer
nm0554213,Gea Martire,actress-writer
nm1011374,Jazz Girls,actress
nm0000284,Adam Baldwin,actor-soundtrack
nm21960925,Ryan Dodson,music_department-composer-soundtrack
nm0702118,Ces Perez,producer-cinematographer-camera_department
nm4022526,Juliana Montañés,editor
nm21963392,Charlie Petersson,actor
nm0897227,Vijayshanti,actress
nm0806656,David Smart,producer-writer-director
nm0516102,Peter Lloyd,actor-composer
nm21966765,Federico SodiJ,writer
nm4159008,Afshin Hashemi,actor-director-editor
nm21956340,Jordan Galland,production_department-director-editor
nm0125809,Frank Byers,cinematographer-camera_department-director
nm21955509,Richard Padernal,camera_department-cinematographer-actor
nm0992252,Derek Jensen,actor
nm21965436,Jef NeveA,composer
nm21963603,Ross Anderson,
nm21963954,Yu Baie,actor
nm21963926,Vivian Dorsett,actress
nm0754180,Raj Kumar SA,composer
nm21965948,Alex Blaise,actor-miscellaneous
nm21963573,Edwina Northcott,actor
nm21967548,Mirjana Bohanec,actress
nm0209581,Raffaella De Laurentiis,producer-production_manager-costume_department
nm0134112,Jordan Canning,director-script_department-writer
nm0942066,Richard G Wray,editorial_department-editor
nm21963203,Payam H. Souri,costume_designer-production_designer
nm0263941,Barbara Ewing,actress
nm21964910,Lid Kataeva,actress
nm21962141,Barrie Morrow,production_designer-producer-actor
nm0766120,Brok Satchwell,actress-camera_department-producer
nm0217411,Carmo Vecchia,actor
nm0043389,Alejandro Awada,actor-soundtrack
nm0470645,Alex Kreyn,composer
nm21965998,Joe King,composer-director-writer
nm21961271,Ivan Burlyaev,composer-actor-music_department
nm21967784,Lar Gaudette,talent_agent-cinematographer-miscellaneous
nm21955228,Em Bernheim,animation_department-actress
nm21964303,Krishan Kumarn,art_director-director-actor
nm2536511,Marcus Bryant,composer
nm21956198,Shirl Clarke,director-editor-producer
nm0136157,Gil Carbone,producer-production_manager
nm0653887,Ion Overman,actress
nm21957294,François De Brauer,actor-writer
nm21961720,Kris Ptak,cinematographer-camera_department-miscellaneous
nm21958695,Frank Irelan,animation_department
nm21961074,Vittorio Emanuele Propizioz,actor
nm4468741,Julie Beiríz,actress
nm0001730,Deb Shelton,actress-writer-music_department
nm21960051,Reza Chabokroou,editor
nm0000780,Denys Arcand,writer-director-actor
nm21966420,S-T Chou,production_designer
nm21960070,Lucie Theodorova,actress
nm2412789,Greg Sharp,actor
nm0006162,Francis Lai,composer-soundtrack-music_department
nm0416524,Geri James,actress
nm0084642,Bil Bixby,actor-director-producer
nm21968422,Knut Lystad,actor-writer-director
nm21960856,Gio Abashidze,actor
nm4857113,Aakanksha Juneja,actress
nm0348687,Eric Gurney,writer-animation_department
nm21964346,Eric Searle,actor-casting_department
nm21965323,Geo Formby,costume_designer-actor-music_department
nm0688202,Barbara Pogenmiller,actress
nm21962517,Cory Rooney,soundtrack-composer-producer
nm10693875,Oleg Kuznetzov,actor
nm21959679,Fran Ferrini,writer-actor-director
nm1026675,Mike Cunliffe,director-editor-actor
nm21968966,Jas M Holt,sound_department-composer
nm0661539,Dan Paris,actor-miscellaneous
nm21964488,Luis Aguilart,actor-soundtrack-music_department
nm21965152,Shaun Dooley,actor-miscellaneous-soundtrack
nm21968518,Kolt Rogers,cinematographer-editor-producer
nm0559890,Ulrich Matthes,actor
nm1024685,Bush Kumar,producer-writer-miscellaneous
nm0607454,Barry Morrow,writer-producer-actor
nm4381109,Jos Patkotak,actor
nm21968004,Tom Toelle,director-writer
nm21964180,Tonisha Mills,actress
nm21965411,Kinya Kitaoji,actor
nm2244852,Brian Gleeson,actor
nm3749960,Naama Amit,actress
nm21965622,Janet James,actress-music_department
nm1407334,Yancy Mendia,actress
nm21957340,Byamb Sakhya,director-cinematographer-editor
nm0448839,Rob E Kent,writer-producer-soundtrack
nm21964388,Faye Marsayu,publicist
nm9227686,Gord Kovacic,actress
nm21967003,Brid McKim,actress
nm21960588,Ralf Moeller,actor-producer
nm2299464,Alan Tripney,actor
nm0650114,Dmit Orlov,actor
nm0587459,Srb Milin,actor
nm9277899,Jabr AlHajj,composer
nm0348237,Tommy Gunn,actor-director-art_department
nm5123171,Gilles Rof,director-writer-assistant_director
nm21955152,And Turpin,cinematographer-director-writer
nm21956334,Valentin Hotea,director-writer
nm0930279,Christopher Williams,actor-soundtrack
nm21966350,Bast Schiott,camera_department-cinematographer-writer
nm2349395,Judith Chemla,actress
nm3978505,Avinesh Rekhi,actor
nm21964808,Simon Gstöttmayr,editor-music_department
nm2010746,Alex Hachko,editor-editorial_department-producer
nm21963682,Jirí KolafaM,visual_effects-sound_department-editorial_department
nm21959680,Fran Ferrini,writer-actor-director
nm21956441,Max Mcclellan,actor
nm4851597,Ros Anderson,
nm0197040,Klaus Dalen,actor-soundtrack
nm0676361,Chas Peters,writer-director-producer
nm21964169,Alison Jackson,director-writer-producer
nm21967181,Anne RiemanG,actress-miscellaneous
nm0094081,Nat Bondarchuk,actress-director-writer
nm21963956,Yu Bai,actor
nm0135056,Xav Capellas,composer-music_department-soundtrack
nm21969389,Kevin DunnT,director-producer-actor
nm0896662,Leon Vieira,producer-director-writer
nm3103850,Arturo Perez Jr,director-writer-cinematographer
nm21958488,S Manale,art_department
nm21965564,Sharat Raju,director-casting_department-writer
nm21958694,Josiah Patkotak,actor
nm21956026,Miles TellerO,actor-producer-soundtrack
nm0763954,Tony Santos,actor-director-writer
nm21959681,Vit Cecchi Gori,producer-miscellaneous-actor
nm0606075,Fabrizio Moroni,actor
nm0226770,Dileep,actor-producer-assistant_director
nm21961303,Steve PendletonS,actor-soundtrack
nm21969269,Victor BakerU,manager
nm10896856,Matous Holielcin,
nm21968218,Mac Kenny,cinematographer-camera_department-director
nm21960202,Harold Shumateu,writer-producer-miscellaneous
nm21962883,Luis Lucia,casting_department-director-production_manager
nm21969634,Gordy Hab,production_manager-music_department-soundtrack
nm21967074,Koyu Ohara,director-writer-actor
nm0191002,Cuko,actress-producer-assistant_director
nm21958318,Ramil Zeynalovi,set_decorator
nm0156166,Cheryl,soundtrack-actress-miscellaneous
nm0124973,Jerry Butler,actor-soundtrack
nm21964908,Igor Kosmachyov,composer
nm21955565,A.M. Aksel,actress
nm1098388,Guy Maezelle,camera_department-cinematographer-director
nm21959605,Ally Felts,actress-writer-producer
nm21957339,D Turmunkh,director-writer-production_manager
nm21965946,Chlo Bronzan,actress
nm1537818,Pedro García,actor
nm0437088,Sean Kanan,actor-producer-writer
nm21964644,Mart Maheux,manager
nm21960873,Mich Johnson,actress
nm0551477,Di Martel,director-miscellaneous-soundtrack
nm21959575,Kitarô Muro,producer-writer-director
nm21968319,Reil Askew,writer
nm0000458,William Hurt,actor-producer
nm1361273,Chas Lauzirika,producer-director-writer
nm3508683,Beth Roose,writer-producer-director
nm1758406,Glenn Montgomery,writer-costume_department
nm0411500,Pete Israelson,director-writer
nm4896972,Jordan Haj,actor-soundtrack-director
nm21957781,Scot Jeffress,producer-editorial_department-editor
nm0005300,Al Payne,actor
nm21965908,Leo Valeriano,actor
nm21964653,Lisa Deleeuw,actress-producer-script_department
nm21958232,Lie Lo,actor-director-writer
nm21958311,Miog Chen,composer-music_department
nm21955629,Alexandre Parizeauz,producer-director
nm0572383,Marie McLaughlin,actress-soundtrack
nm0775535,Stef Schroeder,actor
nm1350644,MouShan Huang,composer-music_department-sound_department
nm21963698,Aust Arnold,actor-producer-writer
nm0746560,Leane Rowe,actress
nm0698795,Max Pross,producer-writer-miscellaneous
nm21966802,Grig Suddeth,actor-writer-camera_department
nm21959525,Mario Temes,actor-cinematographer-director
nm21969075,Crystal Method,soundtrack-music_department-composer
nm21962151,Richard da Costa,actor-director-producer
nm21961288,Nathan Anderson,actor-editor-sound_department
nm21967875,Christian Blanco,producer
nm0720886,Hry Revier,director-writer-producer
nm21964213,Sonal Khare,actress
nm21967838,Anu Valia,producer-miscellaneous-actress
nm0084402,Henryk Bista,actor
nm21960667,Pat BenatarZ,soundtrack-actress-composer
nm2404288,Moneera Girshab,actress
nm7599088,Hamdi Mirghani,actor
nm21955400,Hen Bista,actor
nm21957152,Dav Ritsher,producer-editor-editorial_department
nm6394527,Terence Dunn,composer-music_department
nm21967407,Jules Whitet,producer-director-actor
nm21963375,Chris Williams,actor-soundtrack
nm0731195,Jake Roberts,actor-writer
nm21957724,Stephen LodgeQ,assistant_director-actor-costume_designer
nm1796715,Kleer Maibaum,actress
nm21956148,Yuan Changu,actor
nm3082840,Rüstü Reçber,
nm9587599,X Song,actor
nm1990825,Gab Diniz,camera_department-cinematographer-visual_effects
nm21964157,Ali B.,actor-writer-soundtrack
nm21967075,Koyu Ohara,director-writer-actor
nm0059500,Marc Bary,producer-actor-production_manager
nm3260797,J.L. Wasner,camera_department-cinematographer-sound_department
nm21955033,Res Gurzap,assistant
nm21967315,Irw Yablans,producer-miscellaneous-writer
nm0813208,Rodolphe Solmsen,producer
nm21964906,Klar Rumyanova,actress-music_department
nm21968543,Ion Overman,costume_designer
nm0000193,Demi Moore,actress-producer-director
nm1783302,Patrick Cohen,actor-producer
nm2158839,Javi Frutos,editor-editorial_department
nm2630323,Justine Triet,director-writer-editor
nm0030516,Mich Ansara,actor-director-producer
nm21960609,Andr Barilo,actor
nm21955845,Tomi Kosynus,actor-miscellaneous-art_department
nm21958226,Nikki Rhodes,actress
nm21968567,Luca Calvani,actor
nm21961067,Paul AntonyBarber,actor-miscellaneous
nm0289381,Bri Foy,producer-director-miscellaneous
nm5638673,Makar Zaporozhskiy,actor
nm3139442,Clay Taylor,actor-producer-cinematographer
nm1831470,Dieg Sanchez,
nm21956209,Ralph Sanford,actor-soundtrack
nm21964387,Sophie Rundle,actress
nm21956871,Bern Sundstedt,actor
nm21961906,Mur Burns,electrical_department-soundtrack-writer
nm21968420,Turid Balke,actress
nm1101839,Dwayne Kennedy,writer-actor
nm21958591,Orion Kaminkyy,art_department-writer-cinematographer
nm21960891,Daniel Wiroth,director-writer-cinematographer
nm21955271,Guy Maddin,director-writer-cinematographer
nm21957051,Dominik Danilczyk,cinematographer-camera_department
nm21960727,Vlad Gerasimov,director-assistant_director-producer
nm7466161,Mich Ford,actor
nm0341358,Sean P Griffin,actor
nm21959848,Thaneth Warakulnukroh,actor
nm21961455,Phil Rosen,director-cinematographer-producer
nm6857405,Asad M Khan,writer
nm6501221,Adam George,actor
nm21968101,Jay Baby,actor-writer
nm21955227,Hélène de SaintPère,actress
nm21960069,M-P Huster,animation_department-director
nm0007234,Wolfgang Preiss,actor
nm21958313,Eason Huang,actor
nm6654522,Dar Phillips,producer-director-actor
nm21964082,Vito G Zito,art_director-production_designer
nm21965903,Andre Sogliuzzo,actor-miscellaneous-soundtrack
nm21962039,Jane SeymourE,actress-producer-soundtrack
nm2954398,Sj Datta Ray,editor-editorial_department
nm21967497,Ger Fried,composer-music_department-soundtrack
nm21959501,Steffen Schroederq,art_department
nm0043709,Ege Aydan,actor
nm5456213,Anja Akstin,actress-writer
nm1961314,Tad Carducci,actor
nm3849670,Fay Marsay,actress
nm9717965,Mark Anthoneil,actor
nm21965900,Grey Griffin,stunts-music_department-soundtrack
nm21957667,Vic Barkoff,actress
nm0163332,Robert Clampett,director-animation_department-writer
nm21959286,Syd Lynn,actress-writer
nm21968299,Jim Deloy,legal
nm3277995,Joshua Overbay,producer-director-writer
nm21965333,P-C Han,director-production_manager-miscellaneous
nm0217107,Gonzalo Delgrás,director-writer-assistant_director
nm0167201,Francois Clousot,cinematographer-director-camera_department
nm21955136,Arl Wrigley,composer-soundtrack
nm21956134,John Dall,actor
nm21958729,Anders Thomas Jensen,writer-script_department-director
nm21968931,Tor Liebrecht,actor-assistant_director-director
nm21959083,Linda Thompsonz,animation_department
nm0806041,Everett Sloan,actor-director-soundtrack
nm1864247,Snake,composer
nm0192409,Noel Cunninghum,actor-editorial_department-writer
nm0344348,Yil Gruda,actor-writer
nm21964156,Filemon Wesselink,actor
nm1844999,And Arlovski,actor-stunts
nm1623165,Tom Shannon,animation_department-art_department-production_designer
nm1025388,Dennis Therrian,composer-sound_department-editor
nm0458005,L.A. Kjeldsen,editor-editorial_department-set_decorator
nm0120544,John Bunny,actor
nm7508055,Colie Fick,writer
nm21955903,Jay Lee,cinematographer-editor-director
nm21967783,Jason Scott Lee,actor
nm0031524,P.A. Barber,actor-miscellaneous
nm2445328,Ingrid Bisu,actress-writer-producer
nm21965471,Will Hurt,actor-producer
nm21966018,Sujay Datta Ray,editor-editorial_department
nm21965212,Massimo BordonaroA,legal-cinematographer-sound_department
nm9961744,Thos Anderson,actor
nm0441991,Gene Kauer,composer-music_department-soundtrack
nm21957900,Sidney Nelson,writer-actor
nm0764168,Lina Santos,actress
nm21956706,Phil Carey,actor-soundtrack
nm0457586,Kinya Kitaôji,actor
nm21965028,Ann Poliak,editor-assistant_director-director
nm0006337,Olly Wallace,composer-music_department-soundtrack
nm2156061,Mari Back,director-writer-producer
nm21968339,Saba Shehata,actor
nm6852066,Matheus Abreu,actor
nm6878947,Dallas Valdez,actor
nm21961482,Ashraf Kashani,actress
nm21955851,Vick Lawrence,actress-soundtrack-writer
nm21955378,Matt Geddesx,actor
nm21955478,Combat,actor
nm21965785,Lan Charnow,miscellaneous
nm21955209,Sangeetha,actress
nm0479133,Mich L Veaux,cinematographer-camera_department-director
nm21960795,Meg Jones,actress
nm21958412,Merridy Eastman,actress
nm21963485,Brad Mcintosh,actor-soundtrack
nm1300771,Sára László,producer-actress-writer
nm0445650,Hry Keller,director-editor-producer
nm8623366,Judith Woodhouse,actress
nm21968542,Frnk Byers,cinematographer-camera_department-director
nm0324632,Inka Gogalova,actress
nm21959008,Jan KettnerS,electrical_department
nm21959641,The Jazz GirlsU,actress
nm3768296,Pav Palarik,visual_effects-editor-writer
nm0530918,Hana Maag,producer-miscellaneous-production_manager
nm0473381,Ilse Kubaschewsky,producer
nm21965584,Lucía PuenzoJ,assistant-director-producer
nm3025116,R Beekhuizen,actor
nm21963560,Oscar Franzen,editor-editorial_department-camera_department
nm1492329,Jorge Sankler Carvalho,actor
nm21960964,Kristy Swansen,actress-producer-soundtrack
nm2159607,Ceci Madorno,cinematographer-camera_department-producer
nm21964718,Charles T Daniels,writer
nm21965163,Peyton Listq,actress-director
nm0524551,Luis Lucia,writer-director-production_manager
nm21962722,Laur Glucksman,actress
nm21968148,Per Schwenzent,writer
nm21963449,Jude Leak,editor-actress-editorial_department
nm0129816,John Cale,soundtrack-composer-actor
nm0000993,Carol Burnet,actress-soundtrack-producer
nm21956870,Angela Potrikusy,actress
nm0634090,Fernando Nogueras,actor-miscellaneous
nm1122329,Oscar Franzen,editor-editorial_department-camera_department
nm21963346,Buzz Farber,actor-producer
nm21958404,Remigio Del Grosso,writer-assistant_director-director
nm0000561,Peter North,actor-director-producer
nm6993933,Kolton Rogers,cinematographer-editor-producer
nm21959430,Leonor Silveira,actress
nm21955406,Jack Altair,producer
nm0699670,Krzysztof Ptak,cinematographer-camera_department-miscellaneous
nm21965024,Filiber Satti,art_director
nm7474052,Bridie McKim,actress
nm21960350,Armando Bógusp,special_effects
nm21964634,William Rabanc,director-cinematographer-editor
nm0395228,Ant Hornus,actor-producer-writer
nm5267801,Dan Miller,cinematographer-camera_department
nm21958592,Katherine Walker,actor
nm7992689,Rez Chabokroo,editor
nm21955434,Sara Young,transportation_department-producer-director
nm21963367,Cam Toker,actress-director-writer
nm0112548,Gudr Brost,actress-soundtrack
nm21969136,Curtis Petersent,composer-cinematographer-assistant_director
nm21956444,Sean Griffin,script_department
nm0950045,Sarah Young,actress-producer-director
nm0475823,Harry Kurnitz,writer-producer-costume_designer
nm7669443,Davide Cirri,
nm21956154,Shuogang ChenL,animation_department-miscellaneous
nm21964593,Steve Bond,actor
nm0934161,Stan Wilson,music_department-composer-soundtrack
nm3361981,Anna Mikhaylovskaya,actress
nm2710764,Col Hoult,actor-writer
nm0152157,Anne Morrison Chapin,writer
nm21967873,Alex Awada,costume_designer-soundtrack
nm8073313,Val Ghelfi,actress
nm21961391,Sim Brice,actress
nm21968338,Kar Motawie,actor
nm0539216,Guillermo S Maldonado,editor-actor-writer
nm21969038,Stef Schmidt,costume_designer-music_department
nm21964327,Melisa Molinaro,actress-soundtrack-miscellaneous
nm0756378,Park Sahni,actor-director
nm21963925,Chuck Webster,actor
nm5560648,Samantha Stephens,actress
nm2778763,Nadia Kamenkovich,actress
nm0724230,Malc Richards,camera_department-cinematographer-producer
nm0319698,Jessalyn Gilsig,actress-producer-art_department
nm0508098,Nik Leytner,director-writer-assistant_director
nm4078964,Wil Raban,director-cinematographer-editor
nm21966424,D Karetnyy,cinematographer
nm21959292,Alex Maslaev,actor
nm21959111,Terry Prewitt_,sound_department
nm8196073,Cat Le Caselle,actress
nm21960272,Dav Sutherlnd,miscellaneous-actor-writer
nm4678220,Ben Ruhland,producer
nm21965892,Jinwook Lee,actress
nm0658137,Blake Palmer,actor-sound_department-miscellaneous
nm21956510,John CaputoD,casting_director
nm0164999,Shirley Clarke,director-editor-producer
nm7791847,Sam Dockser,actress
nm21969781,Sara Derzawyx,publicist
nm0727235,David Rimawi,producer-actor-writer
nm21956509,Ed Lee,executive
nm0000190,Matthew McConaughey,actor-producer-soundtrack
nm21959606,Sean Cruser,cinematographer-editor-producer
nm5688132,Ron Russell,producer-actor-director
nm21958305,James P Hogan,director-writer-assistant_director
nm0639780,Reb O'Brian,producer-production_manager-location_management
nm21964235,Sumalatha,sound_department
nm21961130,Joao Fonseca,assistant_director-production_manager-actor
nm0192763,Pauline Curley,actress
nm21967587,Alex Pop,producer-sound_department-writer
nm0551222,Tully Marshall,actor
nm4240394,Vic Edelbrock,
nm21965791,Darren Mcmeckan,actor
nm21963673,Jen Brownb,electrical_department-production_manager-director
nm21964083,Stefano Fregnih,actor-producer-writer
nm1857123,Jim Deloye,producer
nm0907065,Chris Walden,music_department-composer-soundtrack
nm21969059,Ousepachan,composer-music_department-soundtrack
nm21966019,Anirban Bhattacharya,actor-music_department
nm4099864,Ljubomir Bulajic,actor
nm5908908,Céline Fuhrer,actress-director-writer
nm21967504,Lion Barrymore,producer-director-soundtrack
nm1004691,Oliv Meidinger,production_designer-art_department-actor
nm0434141,Jarom Kacer,cinematographer-writer
nm0587926,Arthur C Miller,cinematographer-camera_department
nm0644943,Kôyû Ohara,director-writer-actor
nm21962198,Art Smith,cinematographer-camera_department-actor
nm21963146,Ruf Graham,actor
nm21967914,Konomi Fujimura,actress
nm21959452,Jana Bokova,cinematographer-writer-actress
nm0713705,Fer Rane,actor-producer-soundtrack
nm3283332,Jus Riddick,actor-producer-director
nm21963671,Jon MarshallU,music_department-writer-camera_department
nm21968887,Jeff Moffitt,writer-director
nm5078817,A.K. Carter,director-actor-writer
nm2098458,Tony Milan,director-writer-actor
nm0875362,Yôko Tsukasa,actress
nm1639944,H Atkins,writer-soundtrack
nm0882616,Ivo Uukkivi,actor-producer
nm21964913,Igor Kosmachyov,composer
nm21959279,Edward D Wood Jr,writer-director-actor
nm0314754,Frank Gerrish,actor-producer-sound_department
nm0001980,Carter Burwell,music_department-composer-soundtrack
nm1210598,Laur Preyale,director-writer-editor
nm1461201,Mari Karan,actress
nm21958028,Philip Palmer,writer-script_department-producer
nm0624659,Neil Kenan,actor-writer-special_effects
nm0605923,Rob Morley,actor-writer-director
nm21968301,Jeff Frace,actor
nm0510168,Shad Mos,actor-producer-soundtrack
nm21958225,Sky Taylr,actress
nm0868149,Joe Tornatore,actor-director-writer
nm21963002,Scott MastersS,producer-director-writer
nm21961180,Yilmaz GrudaX,camera_department-writer
nm1506889,Fr Ravensbergen,actress-producer-director
nm21960854,Gio Abashidze,actor
nm21955564,Lisa Arcaro,actress-casting_department-casting_director
nm0626582,Ozren Nestorovic,cinematographer-camera_department
nm4920614,Hadl Arnst,producer-director-writer
nm21960560,Guil Maldonado,editor-actor-writer
nm21956333,Eug Kelemen,editor-editorial_department-producer
nm1375739,Tijs van Marle,writer-producer
nm9522896,Ibinabo Jack,actress
nm2128118,Jero Rodriguez,cinematographer-camera_department-editorial_department
nm2503445,Nik Rhodes,actress
nm21963150,M Hayashibara,manager-soundtrack-music_department
nm2321445,E Booker,actor-soundtrack
nm8429504,August Thøgersen Eide,actor-director-writer
nm21958590,Caleb Lybrook,actor
nm21965344,Max Dinero,talent_agent
nm0602455,Hattie Morahan,actress
nm0138405,Jan Carmet,actor-writer
nm21960874,Jos Bologna,actor-writer-director
nm6577319,Terry Prewit,
nm21959121,Aaron Greenberg,producer-production_manager-visual_effects
nm21957664,Evo Morales,art_director
nm0674757,Mathieu Simonet,actor-producer-director
nm21959110,Kent Hovind,art_director-producer-camera_department
nm5212857,Nadezhda Bakhtina,actress
nm21963206,Salv Bonaffini,director
nm7237903,Jel Busser,actress
nm3199111,Suz Bracken,actress
nm0590430,Candi Milo,actress-music_department-producer
nm21969423,Giov Grimaldi,writer-director-composer
nm21956508,Tad Carducy,actor
nm21964495,Ben Feleo,writer-director-actor
nm21961905,Rob Raymond,producer
nm4191435,James Batley,producer-director-editor
nm0184749,Linda J Cowgill,writer-script_department
nm21968145,Ilse Kubaschewsky,actress
nm0112934,Reed Brown Jr,actor-soundtrack
nm21959386,Mart Waetzold,soundtrack
nm5535417,Mark Fitzhugh,actor
nm0102744,Diana Bracho,actress
nm7370870,Thos Osgood,composer
nm21965947,Pat Alparone,actor
nm0699932,Lucia Puenzo,writer-director-producer
nm0660851,Robert Paradis,composer
nm1310651,Gábor Marosi,cinematographer-camera_department-writer
nm0245814,Zsombor Dyga,director-assistant_director-writer
nm0000456,Holly Hunter,actress-producer-soundtrack
nm21961764,Alex Phillips,cinematographer-camera_department-actor
nm0079532,André Beucler,writer-director
nm21956909,Ken Hoyama,producer-miscellaneous
nm1560525,Hitomi Nabatame,actress-soundtrack
nm21961111,Finch Nissent,actor-writer-director
nm21965823,Ricardo Mosquerai,special_effects-actor-producer
nm8228773,Gábor Tarcsay,editor-miscellaneous-visual_effects
nm0004755,Jason Biggs,actor-producer
nm0352860,Zdenek Hadjova,cinematographer
nm1190528,Emer O'Sullivan,art_director-production_designer-art_department
nm6170208,Henry Martinez,actor
nm21965688,Paul Bisciglia,actor
nm1571576,Gordy Haab,composer-music_department-soundtrack
nm0003373,Jas P Hogan,director-writer-assistant_director
nm0156476,PaoChang Han,director-production_manager-miscellaneous
nm21957424,Geo Coulouris,assistant-miscellaneous
nm21962452,Yoshiko Asaia,actress
nm0767298,Garret Savage,editor-producer-editorial_department
nm21960114,Richard Carterp,camera_department
nm4942259,Bash Samman,editorial_department-editor-camera_department
nm21958487,Shizumi Manale,producer
nm9716242,Nichola Trestrail,actor
nm21962305,Anna Rizzo,actress-composer
nm1706733,Jana Miartusova,actress-editor
nm8341271,Silas Miami,writer-director-music_department
nm21959302,Doug Koch,cinematographer-camera_department
nm7656569,Sammie Lei,actress-writer-producer
nm10592139,Anne Cadwallader,
nm21967259,Tim Vine,actor-writer-director
nm21959479,Zsombor Dyga,actor-assistant_director-writer
nm21962312,Mike Cunliffe,camera_department-editor-actor
nm0042820,Suzan Avci,actress-producer
nm21964081,G Gualano,camera_department
nm3767011,Juana Barros,actress
nm0516999,Preston Lockwood,actor
nm21966708,C.B. Tucker,director-actor-writer
nm21964177,Tony CorellaL,producer-editor-director
nm0029234,Raol Andre,director-writer-assistant_director
nm5131283,Ronnie Stronge,
nm21956591,Mike Falek,writer-director-editor
nm21961093,S Sadanandan,writer-director
nm21958222,Nik Djuraskovic,cinematographer-camera_department-actor
nm21969721,Marc Fournierl,art_department
nm0998801,Pere Arquillué,actor-soundtrack
nm1901381,Dan Henderson,actor-stunts
nm21958209,Gulden Avsaroglu,actress-casting_director
nm21959547,David Gustave Dawood,
nm0537571,Jacqueline Maillan,actress-soundtrack
nm21963568,Todd TrimmerT,producer-writer-executive
nm0332449,Michael Gould,actor
nm21955226,Val Lemercier,actress-director-writer
nm21958044,Han Heinrich,director-editor-writer
nm0914258,Ben Watkins,soundtrack-composer-music_department
nm21961192,Rob Schimmel,assistant_director-actor-producer
nm21955687,Joaquín Martínez Castillo,composer
nm1754836,Sean Luden,editor-producer-director
nm21959288,Sydni Lynnf,actress-writer
nm21960296,Jake Roberts,costume_department-writer
nm21957665,Victoria Barkoff,actress
nm0904153,Spenc Vrooman,actor-director
nm21955186,DJ Perryl,production_designer-actor-writer
nm21961763,Rob Deniro,production_designer-producer-soundtrack
nm4261261,Alex Alexandru,editor-editorial_department
nm21956741,Bri Gleeson,publicist
nm21963571,Trevor Ilesley,
nm0005171,Angus Macfadyen,actor-writer-director
nm21957251,Belen Fabra,actress
nm21965214,Zac Holmes,writer-producer-actor
nm21964658,Yan Hsiao,actor
nm2379626,Bob Casey,
nm21958901,Megh Bradley,actress
nm21964085,Gio Amato,writer-director-producer
nm3424706,Gerda Coppens,producer
nm1637890,Marc Fito,editor
nm21967639,Lamberto V AvellanaD,costume_designer-writer-producer
nm3192494,Stylianos Constantinou,editor-producer-director
nm21960928,Ivan Mulind,producer
nm21958218,Ozr Nestorovic,make_up_department-camera_department
nm0722769,Toni Ribas,actor-director-camera_department
nm0878031,And Turpin,cinematographer-director-writer
nm21955408,Sara Pavon,actress
nm21959051,Bernard McConville,writer-script_department
nm21968754,Sishwa,actress
nm3491007,Hanneke Schutte,writer-director-producer
nm21965795,Mark Searsb,composer-stunts-writer
nm21968275,Fern Bonassi,costume_department-script_department-director
nm21961181,Ege Aydan,actor
nm0827827,Rich M Stern,writer
nm0769044,Chris Scarafile,camera_department-cinematographer-actor
nm2106885,Jon Caputo,
nm21955686,Fermín Martíneza,soundtrack
nm0737006,Ken Rogers,soundtrack-actor-writer
nm5588560,Gary Porter,
nm21955921,Raj Nath,make_up_department-director
nm21962418,Mary ShelleyN,actor
nm21963655,Prabhu DevaC,executive-miscellaneous-director
nm21957338,B Damchaa,director
nm21959300,Adam LockeNortonf,editorial_department-editor-writer
nm0190516,James Cruze,actor-director-producer
nm1104878,Gregor Clark,director-writer-assistant_director
nm2528315,Andy Flanagan,actor-visual_effects-assistant_director
nm0923529,Jus Whalin,actor
nm21964178,Annabel ChongQ,actress
nm2450455,Cart Pilcher,producer
nm21959607,Jaysen Lewis,casting_department-actor-music_department
nm21958302,Joe Cook,actor-writer-soundtrack
nm21957296,Jud Chemla,actress
nm1587303,Vladimir Subotic,cinematographer-camera_department-producer
nm6570746,Matteo Stocchino,composer-music_department
nm21958909,Paul Cross,actor-producer-director
nm21969284,Ali Miric,actor-director-writer
nm21968665,Holly Fields,actress-miscellaneous-casting_department
nm21963656,Aishwarya,actress
nm0292677,Stan Freberg,actor-soundtrack-writer
nm21956463,Walt Feiden,publicist
nm3827979,Chris Cook,actor
nm0651995,Andy Osipov,director-actor-writer
nm21968968,Zoh Hamidi,actress
nm0420277,Scott Jeffress,producer-editorial_department-editor
nm0784086,Gab Senanes,composer-music_department
nm2025003,Rahmatou Keïta,director-writer-production_designer
nm0777886,Per Schwenzen,writer
nm21963696,Art Perez Jr,director-writer-cinematographer
nm21965894,Chris BarrieE,actor-miscellaneous-writer
nm1010995,Nik Djuraskovic,cinematographer-camera_department-actor
nm0590210,Tonisha Mills,actress
nm0430966,David José,actor-director-writer
nm21966752,Maur Oxley,animation_department-producer
nm2677223,Jewelia Fisico,actress
nm2288583,Deric Margols,camera_department-producer-cinematographer
nm0006618,Torben Liebrecht,actor-assistant_director-director
nm3061923,Sevinc Alisova,actress
nm21956230,Pavol Palarik,visual_effects-editor-writer
nm21969390,Barry Darsow,actor-producer
nm21961209,Virg Dean,stunts-editor-producer
nm21969008,Rich Thorpe,director-writer-actor
nm21965319,Dav Bret,music_department
nm0156852,Kovai Chezhiyan,producer
nm21965513,Anne Cadwallader,
nm2468770,Chloe Bronzan,actress
nm0221447,Nick Doob,cinematographer-director-camera_department
nm2832339,Jay Lee,cinematographer-editor-director
nm21968958,Herta Frankel,actress-miscellaneous-director
nm21958358,Alex Lotz,director-editor-producer
nm2512610,Lawrence Wilkerson,
nm21962782,Stu Goldberg,music_department-composer-soundtrack
nm0658417,Phil Palmer,writer-script_department-producer
nm21962569,Joseph Naytowhown,director
nm21962154,Rich da Costa,stunts-director-producer
nm21961651,Gail StricklandW,actress-soundtrack
nm0423671,Franz Johan,actor
nm7946130,Hatice Kalit,actress
nm21967916,Nao Toyama,actress-soundtrack
nm6391700,Bodega Bamz,actor-composer
nm21960185,Luciano Emar,director-writer-editor
nm0323123,Guy Glover,producer-actor-writer
nm1711934,Sandra Caruso,actress
nm21967227,Inka Gogálová,special_effects
nm21960117,Bree BeadmanK,actress-soundtrack
nm0325317,Stu Goldberg,music_department-composer-soundtrack
nm2163723,Joe LiTrenta,director-writer-editor
nm4335628,Kenichi Hoyama,producer-miscellaneous
nm0006109,Ron Goodwin,music_department-composer-soundtrack
nm21966709,Will LP\\,actor-cinematographer-editor
nm0474824,Krish Kumar,producer-director-actor
nm21966527,Fern Motta,camera_department
nm9370619,Váradi Edit,actress
nm0763727,Gino Santini,cinematographer-camera_department-writer
nm21957150,Damon Locksv,costume_department-art_department-composer
nm21962218,Park Sahni,actor-director
nm21966764,Guil Murray,legal-writer-director
nm21963321,Edg Burcksen,editor-visual_effects-editorial_department
nm21966016,Pete Bose,special_effects
nm8078717,Gary Leeson,producer
nm2827276,Nicolas Comeau,producer-production_manager
nm0793640,Atsushi Shimizu,director-writer-producer
nm21967872,Chris Blanco,producer
nm21959194,L. Milne,cinematographer-camera_department
nm1616608,Chip Foose,miscellaneous-producer-actor
nm21964064,Paul Caslin,director-producer-miscellaneous
nm0916846,Chk Webstr,actor
nm0856844,Buddy Thackery,cinematographer-camera_department-special_effects
nm21956564,Yui Horie,actress-soundtrack-music_department
nm21955045,Mika Leskinon,editor-director-writer
nm21965945,Pat Alperone,actor
nm21961207,Leon Bourikos,actor
nm7418903,B. Dogonadze,actor
nm21957290,Madhuri Dixit,actress-music_department-soundtrack
nm21963420,Robert E Kento,writer-producer-soundtrack
nm0868357,Anna L. Torre,actress
nm21962859,Ravi BhatI,production_designer
nm3295266,Nathan Mosher,actor
nm21963606,Ann Dun,
nm21957408,Kerri Carlson,visual_effects
nm21964487,Jn Pelaez,legal
nm1192808,Mahendra Soni,producer-miscellaneous-camera_department
nm0724732,Ralph Richardson,actor-director-producer
nm21968930,A. Prahl,actor-soundtrack-composer
nm0621685,Bruce Nash,producer-writer-director
nm0324100,Ricki Rebel,actor-producer-miscellaneous
nm21956777,Dennis Arcand,writer-director-actor
nm3083976,Lauren Haroutunian,cinematographer-editorial_department-camera_department
nm5178362,Bob Carnes,camera_department-cinematographer-director
nm0068643,Belladonna,actress-director-producer
nm21959874,Pankaj Agrawal,producer-miscellaneous
nm3120206,Megan Jones,actress
nm21964137,Ross HotchkissP,director-visual_effects-editor
nm21956057,Tom Mix,actor-director-writer
nm1255798,Patrick Van Horn,
nm0122167,Ivan Burlyaev,composer-actor-music_department
nm3227459,Matt R. Fisher,writer
nm21964136,S. Barreiro,art_department-producer
nm9301658,Zach Holmes,writer-producer-actor
nm1150981,Daphne Sheldrick,miscellaneous
nm4118359,Ryuji N,cinematographer
nm21969624,Tod Cahun,director-art_department-camera_department
nm21958396,Matt Jenkins,actor-writer-producer
nm7259568,Mia Ryder,actress
nm21957663,Yorgos Avgeropoulos,director-writer-producer
nm4818678,Masahiro Higashide,actor
nm8704370,R. Bhat,actor
nm0194332,Judith Czako,editor-script_department-actress
nm21966968,Wanjeri Gakuruy,music_department-director-costume_department
nm0955309,MeiLing Chao,actress
nm1371233,Ivey Latimer,actress
nm21967489,Edouard Logereau,director-writer
nm21958906,Lauryn Lapcus,actress-music_department-writer
nm3489874,Trevor Sacks,composer
nm0833385,Sarah Strange,actress
nm21966406,A. Alihajdaraj,miscellaneous-producer-director
nm21959913,Breanna Banks,actress
nm21961854,Michael LiskI,actor-writer
nm1215197,Christopher Bevins,actor-sound_department-miscellaneous
nm21966015,L.P. Aase,manager
nm21965690,Frédéric Langlet,writer
nm21960030,Ernest Paganok,composer-producer-miscellaneous
nm5460346,Mary Roveran,actress-composer-music_department
nm21956283,Jaromir KacerU,cinematographer-writer
nm1748441,Mikayla Furny,miscellaneous
nm0498658,Lise Lehman,editor-director-writer
nm2133486,Evo Morales,
nm0631308,José Nieto,composer-music_department-soundtrack
nm0240338,G. Dufaux,cinematographer-camera_department-director
nm0000305,Mel Blanc,actor-soundtrack-music_department
nm0000448,Lance Henriksen,actor-miscellaneous
nm21963530,Marthe Victoria,casting_department-music_department-writer
nm0557712,Scot Mastrs,producer-director-writer
nm21957960,Akos Farkasb,cinematographer-camera_department
nm21964848,Gabriele Cirilliy,assistant_director-writer
nm21967405,Vern Dent,manager-writer-soundtrack
nm0157914,Jenn Chinlund,editor-editorial_department-miscellaneous
nm21969506,Marilyn Thomas,writer-actress-producer
nm4087886,Nikolay Yeriomin,writer-miscellaneous-actor
nm21955402,Wladyslaw Terlecki,writer
nm0528764,Micki Lin,actress
nm4225431,Pooja Tandon,actress
nm21962015,Rony Strong,art_department
nm0672269,Jacques Penot,actor-writer
nm0000259,Ginger Lynn,actress-director-writer
nm0503217,Robert Marcel Lepage,composer-music_department-soundtrack
nm21964212,Ankush ChaudhariY,actor-director-writer
nm0415556,Jagdeep,actor-music_department-soundtrack
nm21964941,Andy Gothard,actor
nm21967535,Chris Bevins,actor-sound_department-miscellaneous
nm21954970,P. Malde,editorial_department
nm1224082,Boman Irani,actor-music_department-soundtrack
nm21956919,Richard RaynisZ,producer-writer-production_manager
nm0584221,Tom Micheal,actor-writer-producer
nm21966526,Erika Palominov,director
nm21962888,Juan P Garcia,writer-soundtrack
nm21963858,Carleen M. Ferro,actress
nm3281863,P Castls,production_designer-set_decorator
nm8979816,KueiAn Kan,actor
nm21957948,R Shubert,actress
nm21955439,Tianna Taylorw,producer
nm21966524,Dani Damasio,
nm21966354,P.F. Krusbaek,actor
nm0172472,Lauren Collins,actress-producer-writer
nm5520226,Jess Devlen,actress
nm21968332,Walaa FaridR,actress
nm0808485,Howard K Smith,writer-actor
nm2414711,Axel Skovdal Roelofs,editor-editorial_department
nm21965882,Jo Travolta,actor-producer-director
nm6942141,B. Sundsted,actor
