id,title,venue,year
0,"towards a cooperative transaction model - the cooperative activity model m rusinkiewicz , w klas , t tesch , j wфsch , p muth 1995",vldb,
1,sql/xml is making good progress sigmod record 2002,,
2,using formal methods to reason about semantics-based decompositions of transactions vldb,,1995.0
3,editor 's notes l liu 2002,sigmod record,
4,report on the acm fourth international workshop on data warehousing and olap ( dolap 2001 ) 2002,,
5,"schema and database evolution in the o2 object database system f ferrandina , t meyer , r zicari , g ferran , j madec 1995",vldb,
6,"procedures in object-oriented query languages k subieta , y kambayashi , j leszczylowski 1995",vldb,
7,"phoenix project : fault-tolerant applications r barga , d lomet 2002",sigmod record,
8,mining the world wide web : an information search approach - book review 2002,,
9,l/mrp : a buffer management strategy for interactive continuous data flows in a multimedia dbms 1995,vldb,
10,report on the nsf workshop on building an infrastructure for mobile and wireless systems,,2002.0
11,"retrieval of composite multimedia objects s chaudhuri , s ghandeharizadeh , c shahabi",vldb,1995.0
12,mpeg-7 and multimedia database systems,sigmod record,2002.0
13,the fittest survives : an adaptive approach to query optimization vldb,,1995.0
14,reminiscences on influential papers,,2002.0
15,"type classification of semi-structured documents m tresch , n palmer , a luniewski vldb 1995",,
16,data mining : practical machine learning tools and techniques - book review sigmod record 2002,,
17,"managing intra-operator parallelism in parallel database systems m mehta , d dewitt vldb",,1995.0
18,"advances in databases and information systems ( adbis ) a caplinskas , j eder , o vasilecas",sigmod record,2002.0
19,mining generalized association rules vldb,,1995.0
20,sampling-based estimation of the number of distinct values of an attribute 1995,vldb,
21,book review column sigmod record 2002,,
22,processing object-oriented queries with invertible late bound functions vldb 1995,,
23,databases and transaction processing : an application-oriented approach - book review sigmod record 2002,,
24,"the clustra telecom database : high availability , high throughput , and real-time response s hvasshovd , и torbjјrnsen , s bratsberg , p holager 1995",vldb,
25,conceptual modeling and specification generation for b2b business process based on ebxml,sigmod record,2002.0
26,"neurorule : a connectionist approach to data mining h lu , r setiono , h liu vldb 1995",,
27,a multi-agent system infrastructure for software component market-place : an ontological perspective sigmod record,,2002.0
28,"improving performance in replicated databases through relaxed coherency r gallersdіrfer , m nicola 1995",vldb,
29,an active functionality service for e-business applications,sigmod record,2002.0
30,"contracting in the days of ebusiness w hќmmer , w lehner , h wedekind sigmod record",,2002.0
31,redo recovery after system crashes vldb 1995,,
32,db2 query parallelism : staging and implementation y wang vldb,,1995.0
33,david dewitt speaks out m winslett 2002,ecord,
34,a product specification database for visual prototyping vldb,,1995.0
35,from ternary relationship to relational tables : a case against common beliefs 2002,sigmod record,
36,database de-centralization - a practical approach vldb 1995,,
37,"cluster validity methods : part i m halkidi , y batistakis , m vazirgiannis 2002",sigmod record,
38,a pictorial query language for querying geographic databases using positional and olap operators 2002,sigmod record,
39,"benchmarking spatial join operations with spatial output e hoel , h samet vldb",,1995.0
40,bringing order to query optimization sigmod record,,2002.0
41,"bigsur : a system for the management of earth science data p brown , m stonebraker vldb 1995",,
42,editor 's notes sigmod record 2002,,
43,efficient search of multi-dimensional b-trees vldb 1995,,
44,research activities in database management and information retrieval at the university of illinois at chicago sigmod record 2002,,
45,accessing a relational database through an object-oriented database interface,vldb,1995.0
46,interviewing during a tight job market,,2002.0
47,"db2 common server : technology , progress , & directions vldb 1995",,
48,investigating xquery for querying across database object types n wiegand,sigmod record,2002.0
49,w3qs : a query system for the world-wide web vldb,,1995.0
50,"the design of a retrieval technique for high-dimensional data on tertiary storage r orlandic , j lukaszuk , c swietlik sigmod record 2002",,
51,oodb bulk loading revisited : the partitioned-list approach vldb,,1995.0
52,chair 's message,,2002.0
53,the double life of the transaction abstraction : fundamental principle and evolving system concept h korth vldb,,1995.0
54,combining fuzzy information : an overview r fagin,sigmod record,2002.0
55,"databases and workflow management : what is it all about ? ( panel ) a reuter , s ceri , j gray , b salzberg , g weikum vldb",,1995.0
56,index concurrency control in firm real-time database systems,vldb,1995.0
57,a brief survey of web data extraction tools 2002,sigmod record,
58,value-cognizant speculative concurrency control 1995,vldb,
59,data warehousing and business intelligence for e-commerce - book review,sigmod record,2002.0
60,"data mining : concepts and techniques - book review f galiano , n marэn sigmod record",,2002.0
61,a performance study of workfile disk management for concurrent mergesorts in a multiprocessor database system vldb 1995,,
62,hot block clustering for disk arrays with dynamic striping,vldb,1995.0
63,book review column k aberer,sigmod record,2002.0
64,tods perceptions and misconceptions sigmod record 2002,,
65,"an approach for building secure database federations d jonscher , k dittrich vldb",,1994.0
66,the cougar approach to in-network query processing in sensor networks sigmod record 2002,,
67,dalэ : a high performance main memory storage manager 1994,vldb,
68,introduction to constraint databases - book review,,2002.0
69,"fast , randomized join-order selection - why use transformations ? 1994",vldb,
70,foundations of statistical natural language processing - book review 2002,,
71,bulk loading into an oodb : a performance study vldb 1994,,
72,"efficient and effective clustering methods for spatial data mining r ng , j han vldb 1994",,
73,automata theory for xml researchers sigmod record 2002,,
74,"database research at the university of illinois at urbana-champaign m winslett , k chang , a doan , j han , c zhai , y zhou sigmod record 2002",,
75,fast incremental indexing for full-text information retrieval 1994,vldb,
76,chair 's message,,2002.0
77,"a transaction replication scheme for a replicated database with node autonomy a fu , d cheung vldb",,1994.0
78,treasurer 's message,,2002.0
79,"a top-down approach for two level serializability m ouzzani , m atroun , n belkhodja vldb 1994",,
80,access to objects by path expressions and rules vldb,,1994.0
81,report on the mobile search workshop at www 2002 2002,,
82,graphdb : modeling and querying graphs in databases r gќting,vldb,1994.0
83,report on the web dynamics workshop at www 2002,,2002.0
84,report on the 24th european colloquium on information retrieval research 2002,,
85,"database graph views : a practical model to manage persistent graphs a gutiщrrez , p pucheral , h steffen , j thщvenin vldb 1994",,
86,dual-buffering strategies in object bases,vldb,1994.0
87,sql/med - a status report,sigmod record,2002.0
88,hector garcia-molina speaks out,,2002.0
89,2q : a low overhead high performance buffer management replacement algorithm vldb,,1994.0
90,an effective deductive object-oriented database through language integration vldb,,1994.0
91,"toward autonomic computing with db2 universal database s lightstone , g lohman , d zilio",sigmod record,2002.0
92,reminiscences on influential papers 2002,,
93,"an algebraic approach to rule analysis in expert database systems e baralis , j widom 1994",vldb,
94,report on the semantic web workshop at www 2002 2002,,
95,fast algorithms for mining association rules in large databases 1994,vldb,
96,ontologies : a silver bullet for knowledge management and electronic commerce - book review,,2002.0
97,"opossum : desk-top schema management through customizable visualization e haber , y ioannidis , m livny vldb",,1995.0
98,"the grid : an application of the semantic web c goble , d roure",sigmod record,2002.0
99,"querying shapes of histories r agrawal , g psaila , e wimmers , m zaяt vldb 1995",,
100,interview with david maier 2002,,
101,"the hbp-tree : a modified hb-tree supporting concurrency , recovery and node consolidation 1995",vldb,
102,small worlds : the dynamics of networks between order and randomness - book review,,2002.0
103,"flexible relations - operational support of variant relational structures c kalus , p dadam 1995",vldb,
104,query processing in tertiary memory databases s sarawagi,vldb,1995.0
105,"agents , turst , and information access on the semantic web",sigmod record,2002.0
106,"methodology for development and employment of ontology based knowledge management applications y sure , s staab , r studer sigmod record",,2002.0
107,near neighbor search in large metric spaces vldb,,1995.0
108,scientific journals : extinction or explosion ? ( panel ) vldb 1995,,
109,acm-sigmod digital review h jagadish sigmod record 2000,,
110,"querying multiple bioinformatics data sources : can semantic web research help ? d buttler , m coleman , t critchlow , r fileto , w han , l liu , c pu , d rocco , l xiong",sigmod record,2002.0
111,"the p operator : discovering and ranking associations on the semantic web k anyanwu , a sheth 2002",sigmod record,
112,similarity based retrieval of pictures using indices on spatial relationships vldb 1995,,
113,clustering validity checking methods : part ii,sigmod record,2002.0
114,providing database migration tools - a practicioner 's approach,vldb,1995.0
115,editor 's notes 2002,sigmod record,
116,metrics for accessing heterogeneous data : is there any hope ? ( panel ) vldb 1995,,
117,"very large databases : how large , how different ? 1995",vldb,
118,book review column k aberer sigmod record 2002,,
119,a study on the management of semantic transaction for efficient data retrieval sigmod record 2002,,
120,"promises and realities of active database systems e simon , a dittrich vldb 1995",,
121,"os support for vldbs : unix enhancements for the teradata data base j catozzi , s rabinovici vldb 1995",,
122,reminiscences on influential papers 2002,,
123,parameterized complexity for the database theorist,sigmod record,2002.0
124,managing a db2 parallel edition database g fecteau 1995,vldb,
125,research in information managment at dublin city university,sigmod record,2002.0
126,the oracle warehouse 1995,vldb,
127,informix-online xps : a dynamically scalable rdbms for open parallel platforms vldb 1995,,
128,report on the edbt '02 panel on scientific data integration 2002,,
129,supporting exceptions to schema consistency to ease schema evolution in oodbms vldb,,1994.0
130,wrapping web data into xml,sigmod record,2001.0
131,on database theory and xml sigmod record,,2001.0
132,"naos - efficient and modular reactive capabilities in an object-oriented database system c collet , t coupaye , t svensen vldb 1994",,
133,xquery formal semantics : state and challenges p fankhauser 2001,sigmod record,
134,"towards automated performance tuning for complex workloads k brown , m mehta , m carey , m livny vldb 1994",,
135,"why and how to benchmark xml databases a schmidt , f waas , m kersten , d florescu , m carey , i manolescu , r busse sigmod record",,2001.0
136,query optimization by predicate move-around vldb 1994,,
137,the evolution of effective b-tree : page organization and techniques : a personal account d lomet sigmod record,,2001.0
138,"optimization algorithms for exploiting the parallelism-communication tradeoff in pipelined parallelism w hasan , r motwani 1994",vldb,
139,"the ecobase project : database and web technologies for environmental information systems a tanaka , p valduriez sigmod record",,2001.0
140,some issues in design of distributed deductive databases vldb 1994,,
141,"semantic integration in heterogeneous databases using neural networks w li , c clifton vldb",,1994.0
142,xml document versioning 2001,sigmod record,
143,"providing dynamic security control in a federated database n idris , w gray , r churchhouse 1994",vldb,
144,"preservation of digital data with self-validating , self-instantiating knowledge-based archives b ludфscher , r marciano , r moore sigmod record",,2001.0
145,"semantic web workshop : models , architectures and management 2001",,
146,implementing lazy database updates for an object database system,vldb,1994.0
147,"towards event-driven modelling for database design m teisseire , p poncelet , r cicchetti vldb 1994",,
148,reminiscences on influential papers,,2001.0
149,"jeffrey d. ullman speaks out on the future of higher education , startups , database theory , and more 2001",,
150,"new concurrency control algorithms for accessing and compacting b-trees v setzer , a zisman vldb",,1994.0
151,odefs : a file system interface to an object-oriented database vldb 1994,,
152,report on the 2001 sigmod and pods awards,,2001.0
153,constraints for semi-structured data and xml sigmod record,,2001.0
154,"indexing multiple sets c kilger , g moerkotte",vldb,1994.0
155,editor 's notes 2001,,
156,"the hcc-tree : an efficient index structure for object oriented databases b sreenath , s seshadri 1994",vldb,
157,"performance of data-parallel spatial operations e hoel , h samet 1994",vldb,
158,sql/xml and the sqlx informal group of companies,sigmod record,2001.0
159,eiha ?!? : deploying web and wap services using xml technology 2001,sigmod record,
160,the impact of global clustering on spatial database systems,vldb,1994.0
161,"java support for data-intensive systems : experiences building the telegraph dataflow system m shah , s madden , m franklin , j hellerstein 2001",sigmod record,
162,"a requirement-based approach to data modeling and re-engineering a muntz , c ramiller 1994",vldb,
163,"sql multimedia and application packages ( sql/mm ) j melton , a eisenberg",sigmod record,2001.0
164,from nested-loop to join queries in oodb vldb,,1994.0
165,dimacs summer school tutorial on new frontiers in data mining sigmod record,,2001.0
166,"composite events for active databases : semantics , contexts and detection 1994",vldb,
167,report on the 8th international workshop on knowledge representation meets databases ( krdb ) 2001,,
168,"a low-cost storage server for movie on demand databases b жzden , a biliris , r rastogi , a silberschatz vldb 1994",,
169,editor 's notes sigmod record,,2001.0
170,content-based image indexing t chiueh 1994,vldb,
171,client-server paradise,vldb,1994.0
172,"research in multi-organizational processes and semantic information brokering at the lsdis lab a sheth , j miller , k kochut , i arpinar 2001",sigmod record,
173,on the academic interview circuit : an end-to-end discussion u чetintemel 2001,sigmod record,
174,"cumulative updates s sripada , b wќthrich 1994",vldb,
175,"cache conscious algorithms for relational query processing a shatdal , c kant , j naughton vldb",,1994.0
176,introduction to the career forum column sigmod record 2001,,
177,"challenges for global information systems a levy , a silberschatz , d srivastava , m zemankova 1994",vldb,
178,"continuous queries over data streams s babu , j widom sigmod record",,2001.0
179,data analysis and mining in the life sciences n huyn sigmod record 2001,,
180,building a laboratory information system around a c++ - based object-oriented dbms vldb 1994,,
181,a multidatabase system for tracking and retrieval of financial data vldb 1994,,
182,a general techniques for querying xml documents using a relational database system 2001,sigmod record,
183,"an overview of repository technology p bernstein , u dayal 1994",vldb,
184,advanced xml data processing - guest editor 's introduction sigmod record,,2001.0
185,data compression support in databases vldb,,1994.0
186,accessibility of the database literature,sigmod record,2001.0
187,treasurer 's message,,2001.0
188,an empirical performance study of the ingres search accelerator for a large property management database system,vldb,1994.0
189,chair 's message 2001,,
190,"data integration in the large : the challenge of reuse a rosenthal , l seligman 1994",vldb,
191,"career-enhancing services at sigmod online a labrinidis , a mendelzon sigmod record",,2001.0
192,experiments on access to digital libraries : how can images and text be used together vldb,,1994.0
193,pc database systems - present and future p bernstein,vldb,1994.0
194,editor 's notes sigmod record 2001,,
195,"data mining-based intrusion detectors : an overview of the columbia ids project s stolfo , w lee , p chan , w fan , e eskin sigmod record",,2001.0
196,distributed top-k monitoring sigmod conference,,2003.0
197,approximate join processing over data streams sigmod conference 2003,,
198,adam : a testbed for exploring the use of data mining in intrusion detection sigmod record 2001,,
199,detection and classification of intrusions and faults using sequences of system calls 2001,sigmod record,
200,containment join size estimation : models and methods sigmod conference,,2003.0
201,"relating distributed objects b martin , r cattell 1994",vldb,
202,book review column sigmod record,,2001.0
203,integrating a structured-text retrieval system with an object-oriented database system 1994,vldb,
204,describing semistructured data 2001,sigmod record,
205,chair 's message,,2001.0
206,user interfaces ; who cares ? vldb,,1994.0
207,special issue on data mining for intrusion detection and threat analysis - guest editor 's introduction,,2001.0
208,scientific databases - state of the art and future directions vldb,,1994.0
209,"mining system audit data : opportunities and challenges w lee , w fan 2001",sigmod record,
210,efficient similarity search and classification via rank aggregation,sigmod conference,2003.0
211,"using unknowns to prevent discovery of association rules y saygin , v verykios , c clifton 2001",sigmod record,
212,"extracting structured data from web pages a arasu , h garcia-molina sigmod conference 2003",,
213,factorizing complex predicates in queries to exploit indexes,sigmod conference,2003.0
214,"mining email content for author identification forensics o vel , a anderson , m corney , g mohay",sigmod record,2001.0
215,transactional information systems - book review,,2001.0
216,"estimating compilation time of a query optimizer i ilyas , j rao , g lohman , d gao , e lin sigmod conference",,2003.0
217,"extended wavelets for multiple measures a deligiannakis , n roussopoulos 2003",sigmod conference,
218,information warfare and security - book review 2001,,
219,treasurer 's message 2000,,
220,"gio wiederhold speaks out on moving into academia in mid-career , how to be an effective consultant , why you should be a program manager as a funding agency , the need for ontology algebra and simulations , and more",,2001.0
221,"chain : operator scheduling for memory minimization in data stream systems b babcock , s babu , m datar , r motwani sigmod conference",,2003.0
222,"sigmod 2001 industry sessions g lohman , c galindo-legaria , m franklin , l seligman sigmod record 2001",,
223,capturing both types and constraints in data integration sigmod conference,,2003.0
224,reminiscences on influential papers 2001,,
225,exchanging intensional xml data,sigmod conference,2003.0
226,"the gmap : a versatile tool for physical data independence o tsatalos , m solomon , y ioannidis 1994",vldb,
227,the design and performance evaluation of alternative xml storage strategies 2002,sigmod record,
228,guest editor 's introduction,,2002.0
229,including group-by in query optimization vldb,,1994.0
230,"persistent threads f matthes , j schmidt 1994",vldb,
231,"the n-tier hub technology r sommer , t gulledge , d bailey sigmod record",,2002.0
232,supporting global user profiles through trusted authorities i cingil 2002,sigmod record,
233,"memory-contention responsive hash joins d davison , g graefe vldb",,1994.0
234,"business data management for b2b electronic commerce c quix , m schoop , m jeusfeld sigmod record 2002",,
235,v-trees - a storage method for long vector data 1994,vldb,
236,"qualified answers that reflect user needs and preferences t gaasterland , j lobo 1994",vldb,
237,semantic b2b integration : issues in ontology-based applications,sigmod record,2002.0
238,"rp * : a family of order preserving scalable distributed data structures w litwin , m neimat , d schneider 1994",vldb,
239,the role of b2b engines in b2b integration architectures,sigmod record,2002.0
240,supply chain infrastructures : system integration and information sharing 2002,sigmod record,
241,"on index selection schemes for nested object hierarchies s chawathe , m chen , p yu vldb",,1994.0
242,interview with avi silberschatz,,2002.0
243,reasoning about spatial relationships in picture retrieval systems vldb 1994,,
244,what will be - book review 2002,,
245,"on spatially partitioned temporal join h lu , b ooi , k tan vldb",,1994.0
246,"modelling and querying video data r hjelsvold , r midtstraum vldb 1994",,
247,too much middleware sigmod record 2002,,
248,materialization : a powerful and ubiquitous abstraction pattern vldb 1994,,
249,the xml typechecking problem sigmod record 2002,,
250,report on the 18th british national conference on databases ( bncod ),,2002.0
251,maximizing buffer and disk utilizations for news on-demand vldb,,1994.0
252,reminiscences on influential papers,,2002.0
253,"investigation of algebraic query optimisation techniques for database programming languages a poulovassilis , c small vldb",,1994.0
254,"join index hierarchies for supporting efficient navigations in object-oriented databases z xie , j han 1994",vldb,
255,letter to sigmod record editor n elderini 2002,,
256,"hilbert r-tree : an improved r-tree using fractals i kamel , c faloutsos",vldb,1994.0
257,why i like working in academia sigmod record 2002,,
258,a survey of logical models for olap databases sigmod record,,1999.0
259,qc-trees : an efficient summary structure for semantic olap sigmod conference 2003,,
260,fintime - a financial time series benchmark 1999,sigmod record,
261,"spreadsheets in rdbms for olap a witkowski , s bellamkonda , t bozkaya , g dorman , n folkert , a gupta , l sheng , s subramanian sigmod conference 2003",,
262,"xrank : ranked keyword search over xml documents l guo , f shao , c botev , j shanmugasundaram sigmod conference",,2003.0
263,"diluting acid t kempster , c stirling , p thanisch sigmod record 1999",,
264,"querying structured text in an xml database s al-khalifa , c yu , h jagadish 2003",sigmod conference,
265,"design and management of data warehouses : report on the dmdw '99 workshop s gatziu , m jeusfeld , m staudt , y vassiliou sigmod record 1999",,
266,vist : a dynamic index method for querying xml data by tree structures sigmod conference 2003,,
267,editor 's notes m franklin sigmod record,,1999.0
268,rights protection for relational data sigmod conference,,2003.0
269,"sql standardization : the next steps a eisenberg , j melton sigmod record",,2000.0
270,reminiscences on influential papers 2000,,
271,information sharing across private databases 2003,sigmod conference,
272,"incremental maintenance of recursive views using relational calculus/sql g dong , j su",sigmod record,2000.0
273,"winnowing : local algorithms for document fingerprinting s schleimer , d wilkerson , a aiken 2003",sigmod conference,
274,data quality and data cleaning : an overview sigmod conference 2003,,
275,"sigmod sister societies s ceri , l kalinichenko , m kitsuregawa , h lu , z жzsoyoglu , r snodgrass , v vianu",sigmod record,2000.0
276,"birn-m : a semantic mediator for solving real-world neuroscience problems a gupta , b ludфscher , m martone 2003",sigmod conference,
277,"a system for watermarking relational databases r agrawal , p haas , j kiernan sigmod conference",,2003.0
278,chair 's message,,2000.0
279,"beyond document similarity : understanding value-based search and browsing technologies a paepcke , h garcia-molina , g rodrэguez-mulр , j cho sigmod record 2000",,
280,aurora : a data stream management system sigmod conference,,2003.0
281,improving the efficiency of database-system teaching j ullman,sigmod conference,2003.0
282,comparative analysis of five xml query languages sigmod record 2000,,
283,an extensible compressor for xml data sigmod record,,2000.0
284,"proceedings of the 2003 acm sigmod international conference on management of data , san diego , california , usa , june 9-12 , 2003 2003",,
285,an optimisation scheme for coalesce/valid time selection operator sequences c vassilakis,sigmod record,2000.0
286,efficient processing of joins on set-valued attributes n mamoulis 2003,sigmod conference,
287,hierarchies and relative operators in the olap environment sigmod record,,2000.0
288,"data grid management systems a jagatheesan , a rajasekar 2003",sigmod conference,
289,"evaluating probabilistic queries over imprecise data r cheng , d kalashnikov , s prabhakar",sigmod conference,2003.0
290,evolution and change in data management - issues and directions 2000,sigmod record,
291,"adaptive filters for continuous queries over distributed data streams c olston , j jiang , j widom",sigmod conference,2003.0
292,generating dynamic content at database-backed web servers : cgi-bin vs. mod_perl sigmod record 2000,,
293,knowledge discovery in data warehouses 2000,sigmod record,
294,"dynamic xml documents with distribution and replication s abiteboul , a bonifati , g cobena , i manolescu , t milo sigmod conference 2003",,
295,editor 's notes m franklin sigmod record 2000,,
296,"dynamic sample selection for approximate query processing b babcock , s chaudhuri , g das 2003",sigmod conference,
297,"cmvf : a novel dimension reduction scheme for efficient indexing in a large image database j shen , a ngu , j shepherd , d huynh , q sheng 2003",sigmod conference,
298,the implementation and performance of compressed databases,sigmod record,2000.0
299,"dbcache : middle-tier database caching for highly scalable e-business architectures c bornhіvd , m altinel , s krishnamurthy , c mohan , h pirahesh , b reinwald",sigmod conference,2003.0
300,"metadata standards for data warehousing : open information model vs. common warehouse metamodel t vetterli , a vaduva , m staudt",sigmod record,2000.0
301,"a comprehensive xquery to sql translation using dynamic interval encoding d dehaan , d toman , m consens , m жzsu sigmod conference 2003",,
302,"spatial operators e clementini , p felice sigmod record 2000",,
303,reminiscences on influential papers 2000,,
304,gigascope : a stream database for network applications sigmod conference 2003,,
305,formal semantics and analysis of object queries,sigmod conference,2003.0
306,report on second international workshop on advanced issues of e-commerce and web-based information systems,,2000.0
307,"provision of market services for eco compliant electronic market places s arpinar , a dogac sigmod record 2000",,
308,"hardware acceleration for spatial selections and joins c sun , d agrawal , a abbadi",sigmod conference,2003.0
309,"a characterization of the sensitivity of query optimization to storage access cost parameters f reiss , t kanungo",sigmod conference,2003.0
310,"workshop on performance and architecture of web servers ( paws-2000 , held in conjection with sigmetrics-2000 ) 2000",,
311,"a theory of redo recovery d lomet , m tuttle",sigmod conference,2003.0
312,report in isdo ' 00 : the caise * 00 workshop on infrastructures for dynamic business-to-business service outsourcinga 2000,,
313,sigmod digital symposium collection ( disc ) editor 's message 2000,,
314,"cache-and-query for wide area sensor databases a deshpande , s nath , p gibbons , s seshan sigmod conference",,2003.0
315,composing xsl transformations with xml publishing views sigmod conference 2003,,
316,sigmod ' 2000 program chair 's message,,2000.0
317,an optimal and progressive algorithm for skyline queries,sigmod conference,2003.0
318,information director 's message,,2000.0
319,sigmod anthology editor 's message 2000,,
320,"contorting high dimensional data for efficient main memory processing b cui , b ooi , j su , k tan 2003",sigmod conference,
321,chair 's message 2000,,
322,visionary : a next generation visualization system for databases,sigmod conference,2003.0
323,"comparative analysis of six xml schema languages d lee , w chu sigmod record",,2000.0
324,extracting and exploiting structure in text search p raghavan 2003,sigmod conference,
325,building notification services with microsoft sqlserver sigmod conference 2003,,
326,vice chair 's message 2000,,
327,google in a box - building the google search appliance 2003,sigmod conference,
328,nonstop sql/mx publish/subscribe : continuous data streams in transaction processing,sigmod conference,2003.0
329,editor 's notes 2000,sigmod record,
330,data management challenges in crm sigmod conference 2003,,
331,new tpc benchmarks for decision support and web commerce,sigmod record,2000.0
332,"integration of electronic tickets and personal guide system for public transport using mobile terminals k goto , y kambayashi sigmod conference 2003",,
333,constraint databases : a tutorial introduction sigmod record,,2000.0
334,"multi-dimensional clustering : a new data layout scheme in db2 s padmanabhan , b bhattacharjee , t malkemus , l cranston , m huras sigmod conference 2003",,
335,"generating spatiotemporal datasets on the www y theodoridis , m nascimento 2000",sigmod record,
336,theory of answering queries using views a halevy sigmod record 2000,,
337,"using sets of feature vectors for similarity search on voxelized cad objects h kriegel , s brecheisen , p krіger , m pfeifle , m schubert 2003",sigmod conference,
338,"object database evolution using separation of concerns a rashid , p sawyer 2000",sigmod record,
339,a framework for change diagnosis of data streams sigmod conference,,2003.0
340,on relational support for xml publishing : beyond sorting and tagging,sigmod conference,2003.0
341,moving up the food chain : supporting e-commerce applications on databases sigmod record 2000,,
342,reminiscences on influential papers,,2000.0
343,"qcluster : relevance feedback using adaptive clustering for content-based image retrieval d kim , c chung sigmod conference",,2003.0
344,oracle xml db repository sigmod conference,,2003.0
345,vldb workshop on technologies in e-services ( tes ),,2000.0
346,sigmod program review 2000,,
347,oracle rac : architecture and performance sigmod conference,,2003.0
348,the future of web services - i a bosworth sigmod conference,,2003.0
349,"using quantitative information for efficient association rule generation b pєssas , w jr. , m carvalho , r resende sigmod record 2000",,
350,the future of web services - ii f cabrera 2003,sigmod conference,
351,"research and practice in federated information systems , report of the efis ' 2000 international workshop",,2000.0
352,"processing set expressions over continuous update streams s ganguly , m garofalakis , r rastogi sigmod conference",,2003.0
353,editor 's notes sigmod record,,2000.0
354,"cache invalidation scheme for mobile computing systems with real-time data j yuen , e chan , k lam , h leung 2000",sigmod record,
355,"robust and efficient fuzzy match for online data cleaning s chaudhuri , k ganjam , v ganti , r motwani sigmod conference 2003",,
356,mapping data in peer-to-peer systems : semantics and algorithmic issues,sigmod conference,2003.0
357,"a vision of management of complex models p bernstein , a halevy , r pottinger",sigmod record,2000.0
358,scientific data repositories : designing for a moving target sigmod conference 2003,,
359,chair 's message 2000,,
360,"stream processing of xpath queries with predicates a gupta , d suciu sigmod conference 2003",,
361,xml and information retrieval : a sigir 2000 workshop,,2001.0
362,report on the fourth international conference on flexible query answering systems,,2001.0
363,xpath queries on streaming data 2003,sigmod conference,
364,location-based spatial queries sigmod conference 2003,,
365,"sql and management of external data j melton , j michels , v josifovski , k kulkarni , p schwarz , k zeidenstein 2001",sigmod record,
366,the clio project : managing heterogeneity sigmod record,,2001.0
367,the design of an acquisitional query processor for sensor networks 2003,sigmod conference,
368,xpress : a queriable compression for xml data sigmod conference 2003,,
369,"quality of service in multimedia digital libraries e bertino , a elmagarmid , m hacid",sigmod record,2001.0
370,d ( k ) - index : an adaptive structural summary for graph-structured data,sigmod conference,2003.0
371,"towards knowledge-based digital libraries l feng , m jeusfeld , j hoppenbrouwers",sigmod record,2001.0
372,"temporal coalescing with now , granularity , and incomplete information c dyreson 2003",sigmod conference,
373,reminiscences on influential papers 2001,,
374,report on xewa-00 : the xml enabled wide-area searches for bioinformatics workshop,,2001.0
375,"warping indexes with envelope transforms for query by humming y zhu , d shasha sigmod conference 2003",,
376,chair 's message,,2001.0
377,"rondo : a programming platform for generic model management s melnik , e rahm , p bernstein sigmod conference 2003",,
378,"on schema matching with opaque column names and data values j kang , j naughton 2003",sigmod conference,
379,re-designing distance functions and distance-based applications for high dimensional data,sigmod record,2001.0
380,statistical schema matching across web query interfaces 2003,sigmod conference,
381,"querying multi-dimensional data indexed using the hilbert space-filling curve j lawder , p king sigmod record",,2001.0
382,"spectral bloom filters s cohen , y matias 2003",sigmod conference,
383,"infosphere project : system support for information flow applications c pu , k schwan , j walpole 2001",sigmod record,
384,the asilomar report on database research,sigmod record,1998.0
385,"a scalable hash ripple join algorithm g luo , c ellmann , p haas , j naughton sigmod conference",,2002.0
386,"executing sql over encrypted data in the database-service-provider model h hacigќmќs , b iyer , c li , s mehrotra sigmod conference",,2002.0
387,"electronic market : the roadmap for university libraries and members to survive in the information jungle m christoffel , s pulkowski , b schmitt , p lockemann sigmod record 1998",,
388,"covering indexes for branching path queries r kaushik , p bohannon , j naughton , h korth 2002",sigmod conference,
389,xml and electronic commerce : enabling the network economy,sigmod record,1998.0
390,apex : an adaptive path index for xml data sigmod conference 2002,,
391,component-based e-commerce : assesment of current practices and future directions sigmod record 1998,,
392,accelerating xpath location steps t grust 2002,sigmod conference,
393,editor 's notes,sigmod record,1998.0
394,"efficient evaluation of queries in a mediator for websources v zadorozhny , l raschid , m vidal , t urhan , l bright sigmod conference",,2002.0
395,"sqlj part 0 , now known as sql/olb ( object-language bindings ) a eisenberg , j melton",sigmod record,1998.0
396,the middleware muddle d ritter sigmod record,,1998.0
397,"best-effort cache synchronization with source cooperation c olston , j widom sigmod conference",,2002.0
398,reminiscences on influential papers,,1998.0
399,"continuously adaptive continuous queries over streams s madden , m shah , j hellerstein , v raman",sigmod conference,2002.0
400,"an adaptive peer-to-peer network for distributed caching of olap results p kalnis , w ng , b ooi , d papadias , k tan sigmod conference",,2002.0
401,"design and implementation of rmp - a virtual electronic market place s boll , w klas , b battaglin sigmod record",,1998.0
402,"a componentized architecture for dynamic electronic markets b reich , i ben-shaul sigmod record 1998",,
403,"efficient integration and aggregation of historical information m riedewald , d agrawal , a abbadi 2002",sigmod conference,
404,"archiving scientific data p buneman , s khanna , k tajima , w tan sigmod conference 2002",,
405,adept : an agent-based approach to business process management sigmod record,,1998.0
406,xquery : a query language for xml,,2003.0
407,a workflow-based electronic marketplace on the web sigmod record,,1998.0
408,guest editor 's introduction,,1998.0
409,"the lowell report j gray , h schek , m stonebraker , j ullman sigmod conference 2003",,
410,chair 's message 1998,,
411,"panel : querying networked databases n koudas , d srivastava",sigmod conference,2003.0
412,"ipsofacto : a visual correlation tool for aggregate network traffic data f korn , s muthukrishnan , y zhu sigmod conference 2003",,
413,an anonymous electronic commerce scheme with an off-line authority and untrusted agents 1998,sigmod record,
414,"discovering internet marketing intelligence through online analytical web usage mining a bќchner , m mulvenna sigmod record 1998",,
415,plastic : reducing query optimization overheads through plan recycling sigmod conference 2003,,
416,"rolex : relational on-line exchange with xml p bohannon , x dong , s ganguly , h korth , c li , p narayan , p shenoy 2003",sigmod conference,
417,videoanywhere : a system for searching and managing distributed video assets sigmod record 1999,,
418,reminiscences on influential papers,,1999.0
419,"query by humming - in action with its technology revealed y zhu , d shasha , x zhao",sigmod conference,2003.0
420,rainbow : multi-xquery optimization using materialized xml views sigmod conference,,2003.0
421,report on the 13th brazilian symposium on database systems ( sbbd ' 98 ) 1999,,
422,"timber : a native system for querying xml s paparizos , s al-khalifa , a chapman , h jagadish , l lakshmanan , a nierman , j patel , d srivastava , n wiwatwattana , y wu , c yu sigmod conference 2003",,
423,the oasis multidatabase prototype sigmod record,,1999.0
424,"lockx : a system for efficiently querying secure xml s cho , s amer-yahia , l lakshmanan , d srivastava 2003",sigmod conference,
425,editor 's notes m franklin 1998,sigmod record,
426,building database-driven electronic catalogs sigmod record,,1998.0
427,"trex : dtd-conforming xml to xml transformations a zhou , q wang , z guo , x gong , s zheng , h wu , j xiao , k yue , w fan 2003",sigmod conference,
428,nsf workshop on industrial/academic cooperation in database systems 1999,,
429,irisnet : internet-scale resource-intensive sensor services,sigmod conference,2003.0
430,"sql : 1999 , formerly known as sql 3 1999",sigmod record,
431,"telegraphcq : continuous dataflow processing s chandrasekaran , o cooper , a deshpande , m franklin , j hellerstein , w hong , s krishnamurthy , s madden , f reiss , m shah 2003",sigmod conference,
432,semantic integration of environmental models for application to global information systems and decision-making d mackay 1999,sigmod record,
433,pix : exact and approximate phrase matching in xml 2003,sigmod conference,
434,stream : the stanford stream data manager,sigmod conference,2003.0
435,"semantic and pedagogic interoperability mechanisms in the ariadne educational repository e forte , f haenni , k warkentyne , e duval , k cardinaels , e vervaet , k hendrikx , m forte , f simillion 1999",sigmod record,
436,statement from the treasurer e hanson 1999,sigmod record,
437,"transparent mid-tier database caching in sql server p larson , j goldstein , j zhou 2003",sigmod conference,
438,semantic interoperability in global information systems : a brief introduction to the research area and the special section,sigmod record,1999.0
439,qxtract : a building block for efficient information extraction from plain-text databases sigmod conference 2003,,
440,"peerdb : peering into personal databases b ooi , k tan , a zhou , c goh , y li , c liau , b ling , w ng , y shu , x wang , m zhang sigmod conference",,2003.0
441,semantic integration of semistructured and structured data sources,sigmod record,1999.0
442,griddb : a database interface to the grid,sigmod conference,2003.0
443,semantic interoperability in information services : experiencing with coopware a gal sigmod record 1999,,
444,unpacking the semantics of source and usage to perform semantic reconciliation in large-scale information systems sigmod record,,1999.0
445,winmagic : subquery elimination using window aggregation sigmod conference,,2003.0
446,"socqet : semantic olap with compressed cube and summarization l lakshmanan , j pei , y zhao 2003",sigmod conference,
447,semantic video indexing : approach and issue sigmod record 1999,,
448,"database tuning : principles , experiments , and troubleshooting techniques ( part ii )",sigmod conference,2002.0
449,dynamic service matchmaking among agents in open information environments sigmod record 1999,,
450,"database tuning : principles , experiments , and troubleshooting techniques ( part i ) d shasha , p bonnet sigmod conference 2002",,
451,contextualizing the information space in federated digital libraries 1999,sigmod record,
452,efficient materialization and use of views in data warehouses 1999,sigmod record,
453,"rate-based query optimization for streaming information sources s viglas , j naughton sigmod conference 2002",,
454,"proceedings of the 2002 acm sigmod international conference on management of data , madison , wisconsin , june 3-6 , 2002 2002",,
455,"agent-based semantic interoperability in infosleuth j fowler , b perry , m nodine , b bargmeyer sigmod record",,1999.0
456,"a study on data point search for hg-trees j kuan , p lewis",sigmod record,1999.0
457,"hd-eye : visual clustering of high dimensional data a hinneburg , d keim , m wawryniuk sigmod conference",,2002.0
458,design principles for data-intensive web sites,sigmod record,1999.0
459,"gea : a toolkit for gene expression analysis j phan , r ng",sigmod conference,2002.0
460,chair 's message,,1999.0
461,going public : open-source databases and database research sigmod conference,,2002.0
462,"message from editor-in-chief , acm transactions on database systems w kim",,1999.0
463,"data streams : fresh current or stagnant backwater ? ( panel ) j hellerstein , j widom",sigmod conference,2002.0
464,"database research at the university of oklahoma l gruenwald , l brown , r dirckze , s guinepain , c sсnchez , b summers , s vanichayobon",sigmod record,1999.0
465,"gigascope : high performance network monitoring with an sql interface c cranor , y gao , t johnson , v shkapenyuk , o spatscheck sigmod conference",,2002.0
466,"an overview and classification of mediated query systems r domenig , k dittrich",sigmod record,1999.0
467,"distributing queries over low-power wireless sensor networks s madden , j hellerstein",sigmod conference,2002.0
468,dbxplorer : enabling keyword search over relational databases 2002,sigmod conference,
469,chair 's message 1999,,
470,vice chair 's message 1999,,
471,"cubeexplorer : online exploration of data cubes j han , j wang , g dong , j pei , k wang sigmod conference",,2002.0
472,acdn : a content delivery network for applications 2002,sigmod conference,
473,on multi-resolution document transmission in mobile web,sigmod record,1999.0
474,dbcache : database caching for web application servers 2002,sigmod conference,
475,"towards adaptive workflow systems , cscw-98 workshop report 1999",,
476,"cougar : the network is the database w fung , d sun , j gehrke 2002",sigmod conference,
477,editor 's notes sigmod record,,1999.0
478,"commix : towards effective web information extraction , integration and query answering sigmod conference",,2002.0
479,reminiscences on influential papers 1999,,
480,"an ebxml infrastructure implementation through uddi registries and rosettanet pips a dogac , y tambag , p pembecioglu , s pektas , g laleci , g kurt , s toprak , y kabak",sigmod conference,2002.0
481,"the active database central , er2000 , vldb 2000 , wise 2000 , books , acm dl sigmod record",,1999.0
482,a compact b-tree sigmod conference,,2002.0
483,editor 's notes m franklin sigmod record 1999,,
484,efficient execution of joins in a star schema sigmod conference,,2002.0
485,engineering federated information systems : report of efis '99 workshop,sigmod record,1999.0
486,chorochronos : a research network for spatiotemporal database systems 1999,sigmod record,
487,"automating physical database design in a parallel database j rao , c zhang , n megiddo , g lohman sigmod conference",,2002.0
488,"cost estimation of user-defined methods in object-relational database systems j boulos , k ono",sigmod record,1999.0
489,"hierarchical subspace sampling : a unified framework for high dimensional data reduction , selectivity estimation and nearest neighbor search",sigmod conference,2002.0
490,first-class views : a key to user-centered computing,sigmod record,1999.0
491,"dwarf : shrinking the petacube y sismanis , a deligiannakis , n roussopoulos , y kotidis sigmod conference",,2002.0
492,"distributed transactions in practice p ram , l do , p drew sigmod record",,1999.0
493,compressing sql workloads sigmod conference,,2002.0
494,"a distributed scientific data archive using the web , xml and sql/med m papiani , j wason , a dunlop , d nicole sigmod record",,1999.0
495,coordinating backup/recovery and data consistency between database and file systems sigmod conference,,2002.0
496,report on ngits ' 99 : the 4th international workshop on next generation information technologies and systems 1999,,
497,general match : a subsequence matching method in time-series databases based on generalized windows sigmod conference,,2002.0
498,"clustering by pattern similarity in large data sets h wang , w wang , j yang , p yu 2002",sigmod conference,
499,"timer-driven database triggers and alerters : semantics and a challenge e hanson , l noronha",sigmod record,1999.0
500,"some remarks on variable independence , closure , and orthographic dimension in constraint databases l libkin",sigmod record,1999.0
501,"a monte carlo algorithm for fast projective clustering c procopiuc , m jones , p agarwal , t murali sigmod conference",,2002.0
502,dynamic multidimensional histograms,sigmod conference,2002.0
503,database principles column - introduction,sigmod record,1999.0
504,"exploiting statistics on query expressions for optimization n bruno , s chaudhuri sigmod conference",,2002.0
505,on views and xml s abiteboul sigmod record,,1999.0
506,efficient algorithms for minimizing tree pattern queries,sigmod conference,2002.0
507,reminiscences on influential papers,,1999.0
508,"efficient k-nn search on vertically decomposed data a vries , n mamoulis , n nes , m kersten sigmod conference 2002",,
509,"practical lessons in supporting large-scale computational science r musick , t critchlow 1999",sigmod record,
510,"continually evaluating similarity-based pattern queries on a streaming time series l gao , x wang sigmod conference",,2002.0
511,"sqlj-part 1 : sql routines using the java programming language a eisenberg , j melton sigmod record",,1999.0
512,proxy-based acceleration of dynamically generated content on the world wide web : an approach and implementation 2002,sigmod conference,
513,"integrating dynamically-fetched external information into a dbms for semistructured data j mchugh , j widom",sigmod record,1997.0
514,"semistructured und structured data in the web : going back and forth p atzeni , g mecca , p merialdo sigmod record 1997",,
515,"processing complex aggregate queries over data streams a dobra , m garofalakis , j gehrke , r rastogi",sigmod conference,2002.0
516,"fractal prefetching bбtrees : optimizing both cache and disk performance s chen , p gibbons , t mowry , g valentin",sigmod conference,2002.0
517,intelligent access to heterogeneous information sources : report on the 4th workshop on knowledge representation meets databases,,1997.0
518,implementing database operations using simd instructions sigmod conference,,2002.0
519,"infering structure in semistructured data s nestorov , s abiteboul , r motwani sigmod record 1997",,
520,chair 's message,,1997.0
521,"statix : making xml count j freire , j haritsa , m ramanath , p roy , j simщon sigmod conference 2002",,
522,"extracting entity profiles from semistructured information spaces r nado , s huffman 1997",sigmod record,
523,skew handling techniques in sort-merge join sigmod conference 2002,,
524,wrapper generation for semi-structured internet sources sigmod record,,1997.0
525,real-time index concurrency control sigmod record 1996,,
526,storing and querying ordered xml using a relational database system sigmod conference,,2002.0
527,qursed : querying and reporting semistructured data sigmod conference,,2002.0
528,foreword : management of semistructured data,,1997.0
529,information systems research at george mason university sigmod record 1997,,
530,"mining database structure ; or , how to build a data quality browser t dasu , t johnson , s muthukrishnan , v shkapenyuk",sigmod conference,2002.0
531,"the five-minute rule ten years later , and other computer storage rules of thumb j gray , g graefe",sigmod record,1997.0
532,workflow management with service quality guarantees 2002,sigmod conference,
533,"approximate xml joins s guha , h jagadish , n koudas , d srivastava , t yu",sigmod conference,2002.0
534,editor 's notes m franklin sigmod record 1997,,
535,"the database and information system research group at the university of ulm p dadam , w klas sigmod record",,1997.0
536,partial results for online query processing 2002,sigmod conference,
537,"time-parameterized queries in spatio-temporal databases y tao , d papadias sigmod conference",,2002.0
538,research issues in federated database systems : report of efdbs '97 workshop 1997,,
539,holistic twig joins : optimal xml pattern matching,sigmod conference,2002.0
540,workshop on workflow management in scientific and engineering applications - report 1997,,
541,"statistical synopses for graph-structured xml databases n polyzotis , m garofalakis",sigmod conference,2002.0
542,industry perspectives 1997,sigmod record,
543,virtual database technology,sigmod record,1997.0
544,minimal probing : supporting expensive predicates for top-k queries 2002,sigmod conference,
545,chair 's message 1997,,
546,"mining long sequential patterns in a noisy environment j yang , w wang , p yu , j han 2002",sigmod conference,
547,"quasi-cubes : exploiting approximations in multidimensional databases d barbarс , m sullivan sigmod record 1997",,
548,"selectivity estimation for spatio-temporal queries to moving objects y choi , c chung sigmod conference 2002",,
549,"ogdi : toward interoperability among geospatial databases g clement , c larouche , d gouin , p morin , h kucera sigmod record",,1997.0
550,wavelet synopses with error guarantees 2002,sigmod conference,
551,garlic : a new flavor of federated query processing for db2 sigmod conference 2002,,
552,report on dart ' 96 : databases : active and real-time ( concepts meet practice ) 1997,,
553,quadtree and r-tree indexes in oracle spatial : a comparison using gis data,sigmod conference,2002.0
554,"a query language for a web-site management system m fernandez , d florescu , a levy , d suciu sigmod record 1997",,
555,an extended entity-relationship model for geographic applications sigmod record 1997,,
556,the sdss skyserver : public access to the sloan digital sky server data 2002,sigmod conference,
557,"tpc-ds , taking decision support benchmarking to the next level m pіss , b smith , l kollсr , p larson 2002",sigmod conference,
558,"asserting beliefs in mls relational models n jukic , s vrbsky sigmod record 1997",,
559,"database systems - breaking out of the box a silberschatz , s zdonik 1997",sigmod record,
560,mid-tier caching : the timesten approach t team sigmod conference,,2002.0
561,web caching for database applications with oracle web cache 2002,sigmod conference,
562,converting relational to object-oriented databases sigmod record 1997,,
563,extraction of object-oriented structures from existing relational databases,sigmod record,1997.0
564,"middle-tier database caching for e-business q luo , s krishnamurthy , c mohan , h pirahesh , h woo , b lindsay , j naughton",sigmod conference,2002.0
565,learning table access cardinalities with leo 2002,sigmod conference,
566,an overview of data warehousing and olap technology sigmod record,,1997.0
567,rainbow : mapping-driven xquery processing system 2002,sigmod conference,
568,editor 's notes,,1997.0
569,"the xxl search engine : ranked retrieval of xml data using indexes and ontologies a theobald , g weikum",sigmod conference,2002.0
570,lore : a database management system for semistructured data,sigmod record,1997.0
571,"research in databases and data-intensive applications - computer science department and fzi , university of karlsruhe sigmod record",,1997.0
572,toxgene : a template-based data generator for xml 2002,sigmod conference,
573,"visual coko : a debugger for query optimizer development d abadi , m cherniack sigmod conference",,2002.0
574,"data management for earth system science j frew , j dozier",sigmod record,1997.0
575,"xcache : a semantic caching system for xml queries l chen , e rundensteiner , s wang sigmod conference",,2002.0
576,"\ a consumer viewpoint on \ '' \ `` mediator languages - a proposal for a standard \ '' \ '' \ '' '' a rosenthal , e hughes , s renner , l seligman sigmod record 1997",,
577,"xmdvtool : visual interactive data exploration and trend discovery of high-dimensional data sets e rundensteiner , m ward , j yang , p doshi",sigmod conference,2002.0
578,webdb ' 98 : international workshop on the web and databases,,1998.0
579,"xbase : making your gigabyte disk queriable h lu , g wang , g yu , y bao , j lv , y yu",sigmod conference,2002.0
580,chair 's message 1998,,
581,"database research at columbia university s chang , l gravano , g kaiser , k ross , s stolfo 1998",sigmod record,
582,xl : a platform for web services,sigmod conference,2002.0
583,"roadrunner : automatic data extraction from data-intensive web sites v crescenzi , g mecca , p merialdo 2002",sigmod conference,
584,database techniques for the world-wide web : a survey 1998,sigmod record,
585,"a case for intelligent disks ( idisks ) k keeton , d patterson , j hellerstein sigmod record 1998",,
586,software as a service : asp and asp aggregation,,2002.0
587,tutorial : application servers and associated technologies 2002,,
588,b-tree page size when caching is considered,sigmod record,1998.0
589,"algebraic change propagation for semijoin and outerjoin queries t griffin , b kumar 1998",sigmod record,
590,querying and mining data streams : you only get one look a tutorial,,2002.0
591,"enhanced nearest neighbour search on the r-tree k cheung , a fu sigmod record 1998",,
592,implementing xquery p cotton sigmod conference,,2002.0
593,data bubbles : quality preserving performance boosting for hierarchical clustering sigmod conference 2001,,
594,an extensible notation for spatiotemporal index queries 1998,sigmod record,
595,applications of the java programming language to database management 1998,sigmod record,
596,bit-sliced index arithmetic sigmod conference,,2001.0
597,"a robust , optimization-based approach for approximate answering of aggregate queries sigmod conference",,2001.0
598,editor 's notes m franklin sigmod record,,1998.0
599,"adaptable query optimization and evaluation in temporal middleware g slivinskas , c jensen , r snodgrass sigmod conference 2001",,
600,"the microsoft database research group d lomet , r barga , s chaudhuri , p larson , v narasayya",sigmod record,1998.0
601,"standards in practice a eisenberg , j melton sigmod record",,1998.0
602,"epsilon grid order : an algorithm for the similarity join on massive high-dimensional data c bіhm , b braunmќller , f krebs , h kriegel 2001",sigmod conference,
603,"dyda : data warehouse maintenance in fully concurrent environments j chen , x zhang , s chen , a koeller , e rundensteiner",sigmod conference,2001.0
604,the trigs active object-oriented database system - an overview sigmod record,,1998.0
605,experiences in mining aviation safety data 2001,sigmod conference,
606,reminiscences on influential papers,,1998.0
607,krdb ' 98 : the 5th international workshop on knowledge representation meets databases 1998,,
608,global optimization of histograms 2001,sigmod conference,
609,unbundling active functionality 1998,sigmod record,
610,"dynamic buffer allocation in video-on-demand systems s lee , k whang , y moon , i song sigmod conference",,2001.0
611,dna-miner : a system prototype for mining dna sequences sigmod conference 2001,,
612,"mining fuzzy association rules in databases c kuok , a fu , m wong sigmod record",,1998.0
613,"dynamic content acceleration : a caching solution to enable scalable dynamic web page generation a datta , k dutta , k ramamritham , h thomas , d vandermeer sigmod conference",,2001.0
614,predator : a resource for database research p seshadri sigmod record,,1998.0
615,materialized views and data warehouses,sigmod record,1998.0
616,clio : a semi-automatic tool for schema mapping 2001,sigmod conference,
617,workshop report on experiences using object data management in the real-world 1998,,
618,"efficient evaluation of xml middle-ware queries m fernandez , a morishima , d suciu 2001",sigmod conference,
619,enabling dynamic content caching for database-driven web sites 2001,sigmod conference,
620,report on the second ieee metadata conference ( metadata ' 97 ),,1998.0
621,"cosima - your smart , speaking e-salesperson w kieпling , s holland , s 0003 , t ehm sigmod conference",,2001.0
622,chair 's message,,1998.0
623,information director 's message,,1998.0
624,"data-driven understanding and refinement of schema mappings l yan , r miller , l haas , r fagin 2001",sigmod conference,
625,towards on-line analytical mining in large databases,sigmod record,1998.0
626,"efficient computation of iceberg cubes with complex measures j han , j pei , g dong , k wang sigmod conference",,2001.0
627,catalog management in websphere commerce suite t maguire 2001,sigmod conference,
628,editor 's notes m franklin,sigmod record,1997.0
629,where will object techonology drive data administration ?,sigmod record,1998.0
630,automatic segmentation of text into structured records 2001,sigmod conference,
631,communication efficient distributed mining of association rules sigmod conference 2001,,
632,repositories and object oriented databases sigmod record 1998,,
633,"workflow history management p koksal , s arpinar , a dogac sigmod record",,1998.0
634,"adaptive precision setting for cached approximate values c olston , b loo , j widom 2001",sigmod conference,
635,towards a richer web object model sigmod record,,1998.0
636,fast-start : quick fault recovery in oracle sigmod conference,,2001.0
637,reminiscences on influential papers 1998,,
638,"exploiting constraint-like data characterizations in query optimization p godfrey , j gryz , c zuzarte sigmod conference 2001",,
639,"filtering algorithms and implementation for very fast publish/subscribe f fabret , h jacobsen , f llirbat , j pereira , k ross , d shasha sigmod conference 2001",,
640,"t2 : a customizable parallel database for multi-dimensional data c chang , a acharya , a sussman , j saltz 1998",sigmod record,
641,"ominisearch : a method for searching dynamic content on the web d buttler , l liu , c pu , h paques 2001",sigmod conference,
642,act-net - the active database management system manifesto : a rulebase of adbms features sigmod record,,1996.0
643,"control strategies for complex relational query processing in shared nothing systems l brunie , h kosch sigmod record 1996",,
644,"generating efficient plans for queries using views f afrati , c li , j ullman",sigmod conference,2001.0
645,mpeg-7 standard for multimedia databases,,2001.0
646,"on the cost of monitoring and reorganization of object bases for clustering c gerlhof , a kemper , g moerkotte sigmod record 1996",,
647,"modeling high-dimensional index structures using sampling c lang , a singh sigmod conference",,2001.0
648,"much ado about shared-nothing m norman , t zurek , p thanisch 1996",sigmod record,
649,report on first international workshop on real-time database systems 1996,,
650,"data management : lasting impact of the wild , wild , web sigmod conference",,2001.0
651,dissemination of dynamic data,sigmod conference,2001.0
652,open issues in parallel query optimization sigmod record 1996,,
653,content integration for e-business,sigmod conference,2001.0
654,middle east technical university software research and development center,sigmod record,1996.0
655,"fault-tolerant , load-balancing queries in telegraph m shah , s chandrasekaran",sigmod conference,2001.0
656,"the bess object storage manager : architecture overview a biliris , e panagos 1996",sigmod record,
657,"unisql 's next-generation object-relational database management system a d'andrea , p janus sigmod record",,1996.0
658,online query processing 2001,,
659,"olap , relational , and multidimensional database systems g colliat sigmod record 1996",,
660,xml data management go native or spruce up relational systems ? ( panel abstract ) sigmod conference 2001,,
661,editor 's notes j widom sigmod record,,1996.0
662,semantic b2b integration 2001,,
663,scientist 's called upon to take actions x qian sigmod record 1996,,
664,"optimizing queries using materialized views : a practical , scalable solution j goldstein , p larson sigmod conference",,2001.0
665,exploiting main memory dbms features to improve real-time concurrency control protocols sigmod record 1996,,
666,review : a real time virtual walkthrough system,sigmod conference,2001.0
667,advances in real-time database systems research sigmod record,,1996.0
668,updating xml sigmod conference,,2001.0
669,"materialized view selection and maintenance using multi-query optimization h mistry , p roy , s sudarshan , k ramamritham sigmod conference",,2001.0
670,deeds towards a distributed and active real-time database system 1996,sigmod record,
671,"enhancing external consistency in real-time transactions k lin , s peng sigmod record 1996",,
672,"efficient and tunable similar set retrieval a gionis , d gunopulos , n koudas sigmod conference 2001",,
673,snowball : a prototype system for extracting relations from large text collections 2001,sigmod conference,
674,"database research : achievements and opportunities into the 21st century a silberschatz , m stonebraker , j ullman 1996",sigmod record,
675,optimizing multidimensional index trees for main memory access 2001,sigmod conference,
676,"database research at the indian institute of technology , bombay sigmod record 1996",,
677,"integrating temporal , real-time , and active databases k ramamritham , r sivasankaran , j stankovic , d towsley , m xiong sigmod record",,1996.0
678,"gangam - a solution to support multiple data models , their mappings and maintenance k claypool , e rundensteiner , x zhang , h su , h kuno , w lee , g mitchell 2001",sigmod conference,
679,"securing xml documents : the author-x project demonstration e bertino , s castano , e ferrari 2001",sigmod conference,
680,"real-time database - similarity semantics and resource scheduling t kuo , a mok sigmod record 1996",,
681,spartan : a model-based semantic compression system for massive data tables sigmod conference 2001,,
682,"improving timeliness in real-time secure database systems s son , r david , b thuraisingham sigmod record",,1996.0
683,"retina : a real-time traffic navigation system k lam , e chan , t kuo , s ng , d hung",sigmod conference,2001.0
684,overview of the stanford real-time information processor ( strip ) sigmod record,,1996.0
685,"space-efficient online computation of quantile summaries m greenwald , s khanna sigmod conference 2001",,
686,the nimble integration engine 2001,sigmod conference,
687,"temporal database bibliography update v tsotras , a kumar sigmod record 1996",,
688,orthogonal optimization of subqueries and aggregation sigmod conference 2001,,
689,workshop report : the first international workshop on active and real-time database systems ( artdb-95 ) 1996,,
690,"independence is good : dependency-based histogram synopses for high-dimensional data a deshpande , m garofalakis , r rastogi",sigmod conference,2001.0
691,integrating contents and structure in text retrieval 1996,sigmod record,
692,lifestreams : a storage model for personal data 1996,sigmod record,
693,"progressive approximate aggregate queries with a multi-resolution tree structure i lazaridis , s mehrotra",sigmod conference,2001.0
694,object query standards sigmod record 1996,,
695,"stholes : a multidimensional workload-aware histogram n bruno , s chaudhuri , l gravano 2001",sigmod conference,
696,"database research at arizona state university s urban , s dietrich , f golshani sigmod record 1996",,
697,application servers : born-again tp monitors for the web ? ( panel abstract ),sigmod conference,2001.0
698,illustra 's web datablade module j gaffney sigmod record,,1996.0
699,proxy-server architectures for olap sigmod conference 2001,,
700,mqseries and cics link for lotus notes 1996,sigmod record,
701,"efficient and effective metasearch for text databases incorporating linkages among documents c yu , w meng , w wu , k liu 2001",sigmod conference,
702,"shutdown , budget , and funding x qian sigmod record 1996",,
703,"query optimization in compressed database systems z chen , j gehrke , f korn",sigmod conference,2001.0
704,www-udk : a web-based environmental meta-information system,sigmod record,1997.0
705,"main-memory index structures with fixed-size partial keys p bohannon , p mcilroy , r rastogi sigmod conference 2001",,
706,improving access to environmental data using context information,sigmod record,1997.0
707,"the network is the database : data management for highly distributed systems j navas , m wynblatt sigmod conference",,2001.0
708,integrating modelling systems for environmental management information systems,sigmod record,1997.0
709,"outlier detection for high dimensional data c aggarwal , p yu 2001",sigmod conference,
710,"storhouse metanoia - new applications for database , storage & data warehousing f cariёo , p kostamaa , a kaufmann , j burgess",sigmod conference,2001.0
711,environment information systems - guest editor 's foreword 1997,,
712,min-max compression methods for medical image databases sigmod record 1997,,
713,"on supporting containment queries in relational database management systems c zhang , j naughton , d dewitt , q luo , g lohman sigmod conference",,2001.0
714,"improving index performance through prefetching s chen , p gibbons , t mowry sigmod conference",,2001.0
715,"mediator languages - a proposal for a standard p buneman , l raschid , j ullman sigmod record",,1997.0
716,materialized view and index selection tool for microsoft sql server 2000 sigmod conference 2001,,
717,open gis and on-line environmental libraries sigmod record,,1997.0
718,"management of data and services in the environmental information system ( uis ) of baden-wќrttemberg w riekert , r mayer-fіll , g wiest",sigmod record,1997.0
719,\ kweelt : more than just \ '' \ `` yet another framework to query xml ! \ '' \ '' \ '' '' a sahuguet sigmod conference 2001,,
720,dynamic information visualization sigmod record,,1996.0
721,"selectivity estimation using probabilistic models l getoor , b taskar , d koller sigmod conference",,2001.0
722,"a response to r. camps ' article `` domains , relations and religious wars '' c date sigmod record",,1996.0
723,"prefer : a system for the efficient execution of multi-parametric ranked queries v hristidis , n koudas , y papakonstantinou 2001",sigmod conference,
724,opportunities in information management and assurance sigmod record,,1997.0
725,mining needle in a haystack : classifying rare classes via two-phase rule induction sigmod conference,,2001.0
726,query previews for networked information systems : a case study with nasa environmental data,sigmod record,1997.0
727,"probe , count , and classify : categorizing hidden web databases sigmod conference",,2001.0
728,iceberg-cube computation with pc clusters sigmod conference,,2001.0
729,an orthogonally persistent java 1996,sigmod record,
730,"reconciling schemas of disparate data sources : a machine-learning approach a doan , p domingos , a halevy 2001",sigmod conference,
731,3d geographic network displays,sigmod record,1996.0
732,locally adaptive dimensionality reduction for indexing large time series databases sigmod conference,,2001.0
733,applying database visualization to the world wide web,sigmod record,1996.0
734,"a framework for information visualisation j kennedy , k mitchell , p barclay 1996",sigmod record,
735,time series similarity measures and time series indexing 2001,,
736,vqbd : exploring semistructured data sigmod conference,,2001.0
737,the aggregate data problem : a system for their definition and management,sigmod record,1996.0
738,models and languages for describing and discovering e-services,,2001.0
739,"information visualization , guest editors ' foreword 1996",,
740,lots o ' ticks : real-time high performance time series queries on billions of trades and quotes 2001,sigmod conference,
741,editor 's notes jennifer widom sigmod record,,1996.0
742,"in reply to domains , relations and religious wars h darwen sigmod record",,1996.0
743,spatial data management for computer aided design sigmod conference 2001,,
744,monitoring business processes through event correlation based on dependency model,sigmod conference,2001.0
745,pixel-oriented database visualizations d keim sigmod record,,1996.0
746,"minimization of tree pattern queries s amer-yahia , s cho , l lakshmanan , d srivastava",sigmod conference,2001.0
747,"to table or not to table : a hypertabular answer g santucci , l tarantino",sigmod record,1996.0
748,"using the golden rule of sampling for query estimation y wu , d agrawal , a abbadi",sigmod conference,2001.0
749,incremental data structures and algorithms for dynamic query interfaces 1996,sigmod record,
750,on computing correlated aggregates over continual data streams 2001,sigmod conference,
751,spotfire : an information exploration environment c ahlberg sigmod record 1996,,
752,new standard for stored procedures in sql a eisenberg,sigmod record,1996.0
753,"finding generalized projected clusters in high dimensional spaces c aggarwal , p yu",sigmod conference,2000.0
754,"tcp-d - the challenges , issues and results r bhashyam sigmod record 1996",,
755,density biased sampling : an improved method for data mining and clustering 2000,sigmod conference,
756,high speed on-line backup when using logical log operations 2000,sigmod conference,
757,report from the nsf workshop on workflow and process automation in information systems 1996,,
758,the mariposa distributed database management system sigmod record,,1996.0
759,efficient resumption of interrupted warehouse loads 2000,sigmod conference,
760,"domains , relations and religious wars r camps",sigmod record,1996.0
761,the prototype of the dare system 2001,sigmod conference,
762,"guidelines for presentation and comparison of indexing techniques j zobel , a moffat , k ramamohanarao 1996",sigmod record,
763,pbir - perception-based image retrieval,sigmod conference,2001.0
764,will database researchers have any role in data security ? ( panel abstract ) 2001,sigmod conference,
765,new programs at darpa and nsf sigmod record,,1996.0
766,monitoring xml data on the web,sigmod conference,2001.0
767,editor 's notes j widom sigmod record 1996,,
768,"finding replicated web collections j cho , n shivakumar , h garcia-molina",sigmod conference,2000.0
769,"a comparison of three user interfaces to relational microcomputer data bases c medsker , m christensen , i song",sigmod record,1995.0
770,efficient and cost-effective techniques for browsing and indexing large video databases,sigmod conference,2000.0
771,editor 's ( farewell ) notes 1995,,
772,efficient algorithms for mining outliers from large data sets 2000,sigmod conference,
773,implementation aspects of an object-oriented dbms sigmod record 1995,,
774,hodfa : an architectural framework for homogenizing heterogeneous legacy database sigmod record,,1995.0
775,"designing and mining multi-terabyte astronomy archives : the sloan digital sky survey a szalay , p kunszt , a thakar , j gray , d slutz",sigmod conference,2000.0
776,"approximating multi-dimensional aggregate range queries over real attributes d gunopulos , g kollios , v tsotras , c domeniconi 2000",sigmod conference,
777,a close look at the ifo data model sigmod record,,1995.0
778,an annotated bibliography of benchmarks for object databases sigmod record,,1995.0
779,congressional samples for approximate answering of group-by queries,sigmod conference,2000.0
780,"counting , enumerating , and sampling of execution plans in a cost-based query optimizer 2000",sigmod conference,
781,an annotated bibliography on active databases sigmod record,,1995.0
782,"benchmarking queries over trees : learning the hard truth the hard way f wattez , s cluet , v benzaken , g ferran , c fiegel sigmod conference",,2000.0
783,"acm multimedia '94 conference workshop on multimedia database management systems p berra , k nwosu , b thuraisingham 1995",sigmod record,
784,answering complex sql queries using automatic summary tables sigmod conference,,2000.0
785,information finding in a digital library : the stanford perspective 1995,sigmod record,
786,"turmoil at nasa , and numerous funding announcements x qian 1995",sigmod record,
787,closest pair queries in spatial databases sigmod conference 2000,,
788,"efficient and extensible algorithms for multi query optimization p roy , s seshadri , s sudarshan , s bhobe",sigmod conference,2000.0
789,"why decision support fails and how to fix it r kimball , k strehlo sigmod record 1995",,
790,application of oodb and sgml techniques in text database : an electronic dictionary system j zhang sigmod record,,1995.0
791,"eddies : continuously adaptive query processing r avnur , j hellerstein sigmod conference 2000",,
792,normalization in oodb design b lee sigmod record 1995,,
793,a chase too far ?,sigmod conference,2000.0
794,"on the issue of valid time ( s ) in temporal databases s kokkotos , e ioannidis , t panayiotopoulos , c spyropoulos 1995",sigmod record,
795,"a framework for expressing and combining preferences r agrawal , e wimmers sigmod conference",,2000.0
796,addressing techniques used in database object managers o2 and orion,sigmod record,1995.0
797,"a data model and data structures for moving objects databases l forlizzi , r gќting , e nardelli , m schneider",sigmod conference,2000.0
798,metu interoperable database system sigmod record 1995,,
799,"adaptive multi-stage distance join processing h shin , b moon , s lee",sigmod conference,2000.0
800,"aqr-toolkit : an adaptive query routing middleware for distributed data intensive systems l liu , c pu , d buttler , w han , h paques , w tang sigmod conference",,2000.0
801,"metadata for digital media : introduction to the special issue w klas , a sheth sigmod record 1994",,
802,\ are the terms \ '' \ `` version \ '' \ '' and \ '' \ `` variant \ '' \ '' orthogonal to one another ? a critical assessment of the step standardization \ '' '' sigmod record 1994,,
803,a goal-driven auto-configuration tool for the distributed workflow management system mentor-lite 2000,sigmod conference,
804,"proceedings of the 2000 acm sigmod international conference on management of data , may 16-18 , 2000 , dallas , texas , usa",,2000.0
805,"metadata in video databases r jain , a hampapur",sigmod record,1994.0
806,metadata for multimedia documents sigmod record 1994,,
807,disima : a distributed and interoperable image database system,sigmod conference,2000.0
808,data mining on an oltp system ( nearly ) for free 2000,sigmod conference,
809,a new join algorithm sigmod record,,1994.0
810,mining frequent patterns without candidate generation 2000,sigmod conference,
811,data modelling in the large m bertram sigmod record,,1994.0
812,editor 's notes and erratum,,1994.0
813,"on-line reorganization in object databases m lakhamraju , r rastogi , s seshadri , s sudarshan",sigmod conference,2000.0
814,turbo-charging vertical mining of large databases,sigmod conference,2000.0
815,"a metadatabase system for semantic image search by a mathematical model of meaning y kiyoki , t kitagawa , t hayama sigmod record 1994",,
816,trade press news,,1995.0
817,"dlfm : a transactional resource manager h hsiao , i narang",sigmod conference,2000.0
818,the database group at university of hagen ( fernuniversitaet ),sigmod record,1995.0
819,expressing business rules sigmod conference 2000,,
820,anatomy of a real e-commerce system a jhingran sigmod conference 2000,,
821,calls for papers and announcements sigmod record,,1995.0
822,handling very large databases with informix extended parallel server a weininger 2000,sigmod conference,
823,political winds change direction again sigmod record 1995,,
824,fact : a learning based web query processing system,sigmod conference,2000.0
825,implementing deletion in b + - trees,sigmod record,1995.0
826,"multigranularity locking in multiple job classes transaction processing system s ng , s hung sigmod record 1995",,
827,"an approximate search engine for structural databases j wang , x wang , d shasha , b shapiro , k zhang , x zheng , q ma , z weinberg 2000",sigmod conference,
828,"concept based design of data warehouses : the dwq demonstrators m jarke , c quix , d calvanese , m lenzerini , e franconi , s ligoudistianos , p vassiliadis , y vassiliou sigmod conference 2000",,
829,information systems research at rwth aachen 1995,sigmod record,
830,ajax : an extensible data cleaning tool sigmod conference,,2000.0
831,"the third manifesto h darwen , c date 1995",sigmod record,
832,lh * rs : a high-availability scalable distributed data structure using reed solomon codes sigmod conference,,2000.0
833,"the database group at national technical university of athens ( ntua ) t sellis , y vassiliou 1995",sigmod record,
834,"opportunities at arpa , nsf , and elsewhere",sigmod record,1995.0
835,wsq/dsq : a practical approach for combined querying of databases and the web sigmod conference 2000,,
836,parallelism and its price : a case study of nonstop sql/mp sigmod record 1995,,
837,mocha : a self-extensible database middleware system for distributed data sources 2000,sigmod conference,
838,"sql/cli - a new binding style for sql m venkatrao , m pizzo 1995",sigmod record,
839,"towards self-tuning data placement in parallel database systems m lee , m kitsuregawa , b ooi , k tan , a mondal sigmod conference",,2000.0
840,report on the 1995 international workshop on temporal databases 1995,,
841,"webview materialization a labrinidis , n roussopoulos sigmod conference",,2000.0
842,temporal database system implementations m bіhlen sigmod record,,1995.0
843,"niagaracq : a scalable continuous query system for internet databases j chen , d dewitt , f tian , y wang sigmod conference 2000",,
844,view maintenance in mobile computing sigmod record,,1995.0
845,terraserver : a spatial data warehouse 2000,sigmod conference,
846,"indexing the positions of continuously moving objects s saltenis , c jensen , s leutenegger , m lopez sigmod conference",,2000.0
847,managing video data in a mobile environment sigmod record,,1995.0
848,how to roll a join : asynchronous incremental view maintenance,sigmod conference,2000.0
849,mobile computing and databases : anything new ?,sigmod record,1995.0
850,wireless client/server computing for personal information services and applications sigmod record 1995,,
851,"on wrapping query languages and efficient xml integration v christophides , s cluet , j simщon sigmod conference 2000",,
852,"data and knowledge base research at hong kong university of science and technology p drew , b hamidzadeh , k karlapalem , a kean , d lee , q li , f lochovsky , c shum , b wќthrich sigmod record 1995",,
853,lof : identifying density-based local outliers sigmod conference,,2000.0
854,synchronizing a database to improve freshness 2000,sigmod conference,
855,from the guest editors - special section on data management issues in mobile computing,,1995.0
856,digital library services in mobile computing 1995,sigmod record,
857,"spatial join selectivity using power laws c faloutsos , b seeger , a traina , c jr. sigmod conference",,2000.0
858,"influence sets based on reverse nearest neighbor queries f korn , s muthukrishnan sigmod conference",,2000.0
859,an annotated bibliography on real-time database systems,sigmod record,1995.0
860,"xmill : an efficient compressor for xml data h liefke , d suciu sigmod conference 2000",,
861,editor 's notes j widom sigmod record,,1995.0
862,a research status report on adaptation for mobile data access,sigmod record,1995.0
863,xtract : a system for extracting document type descriptors from xml documents sigmod conference,,2000.0
864,mapping extended entity relationship model to object modeling technique j fong,sigmod record,1995.0
865,application architecture : 2tier or 3tier ? what is dbms 's role ? ( panel abstract ) 2000,sigmod conference,
866,index research : forest or trees ? ( panel abstract ),sigmod conference,2000.0
867,"multi-table joins through bitmapped join indices p o'neil , g graefe sigmod record 1995",,
868,"optimizing jan jannink 's implementation of b + - tree deletion r maelbrancke , h olivie 1995",sigmod record,
869,from browsing to interacting : dbms support for responive websites ( abstract ) r ramakrishnan 2000,sigmod conference,
870,"\ response to \ '' \ `` a close look at the ifo data model \ '' \ '' \ '' '' s abiteboul , r hull 1995",sigmod record,
871,sqlem : fast clustering in sql using the em algorithm,sigmod conference,2000.0
872,tutorial : data access,,2000.0
873,condition handling in sql persistent stored modules j richey 1995,sigmod record,
874,"data management research at the mitre corporation a rosenthal , l seligman , c mccollum , b blaustein , b thuraisingham , e lafferty",sigmod record,1995.0
875,"data management in ecommerce : the good , the bad , and the ugly",,2000.0
876,tutorial : designing an ultra highly available dbms,,2000.0
877,"florida international university high performance database research center n rishe , w sun , d barton , y deng , c orji , m alexopoulos , l loureiro , c 0002 , m sanchez , a shaposhnikov",sigmod record,1995.0
878,a framework for providing consistent and recoverable agent-based access to heterogeneous in mobile databases,sigmod record,1995.0
879,on xml and databases : where 's the beef ? ( panel abstract ) 2000,sigmod conference,
880,making b + - trees cache conscious in main memory sigmod conference,,2000.0
881,an introduction to remy 's fast polymorphic record projection sigmod record 1995,,
882,"an aspect of query optimization in multidatabase systems ( extended abstract ) c lee , c chen , h lu sigmod record",,1995.0
883,"privacy-preserving data mining r agrawal , r srikant sigmod conference 2000",,
884,design and user testing of a multi-paradigm query interface to an object-oriented database,sigmod record,1995.0
885,"on effective multi-dimensional indexing for strings h jagadish , n koudas , d srivastava sigmod conference 2000",,
886,editor 's notes 1995,sigmod record,
887,the onion technique : indexing for linear optimization queries 2000,sigmod conference,
888,internet traffic warehouse 2000,sigmod conference,
889,calls for papers and announcements sigmod record,,1995.0
890,"indexing images in oracle8i m annamalai , r chopra , s defazio sigmod conference",,2000.0
891,the new middleware sigmod record,,1995.0
892,"replication : db2 , oracle , or sybase ? d stacey sigmod record 1995",,
893,online index rebuild 2000,sigmod conference,
894,trade press news,,1995.0
895,maintenance of automatic summary tables sigmod conference,,2000.0
896,trade press news 1994,,
897,integrating replacement policies in storm : an extensible approach,sigmod conference,2000.0
898,progress on hpcc and nii sigmod record,,1994.0
899,the mlpq/gis constraint database system sigmod conference,,2000.0
900,efficient concurrency control in multidimensional access methods 1999,sigmod conference,
901,"analysis of predictive spatio-temporal queries y tao , j sun , d papadias 2003",acm trans . database syst .,
902,"efficient dynamic mining of constrained frequent sets l lakshmanan , c leung , r ng 2003",acm trans . database syst .,
903,"fast algorithms for projected clustering c aggarwal , c procopiuc , j wolf , p yu , j park 1999",sigmod conference,
904,"image mining in iris : integrated retinal information system w hsu , m lee , k goh",sigmod conference,2000.0
905,"effective page refresh policies for web crawlers j cho , h garcia-molina acm trans . database syst . 2003",,
906,preference formulas in relational queries,acm trans . database syst .,2003.0
907,"mocha : a database middleware system featuring automatic deployment of application-specific functionality m rodriguez-martinez , n roussopoulos , j mcgann , s kelley , v katz , z song , j jсjс sigmod conference",,2000.0
908,"tip : a temporal extension to informix j yang , h ying , j widom",sigmod conference,2000.0
909,path sharing and predicate evaluation for high-performance xml filtering acm trans . database syst . 2003,,
910,"spire : a progressive content-based spatial image retrieval engine c li , l bergman , v castelli , j smith 2000",sigmod conference,
911,index-driven similarity search in metric spaces acm trans . database syst . 2003,,
912,homer : a model-based case tool for data-intensive web sites sigmod conference,,2000.0
913,"research perspectives for time series management systems w dreyer , a dittrich , d schmidt",sigmod record,1994.0
914,"supporting dynamic displays using active rules o dэaz , a jaime , n paton , g al-qaimari sigmod record",,1994.0
915,javax.xxl : a prototype for a library of query processing algorithms,sigmod conference,2000.0
916,overview of the special section on temporal database infrastructure 1994,sigmod record,
917,"i3 : intelligent , interactive investigaton of olap data cubes 2000",sigmod conference,
918,"towards data mining benchmarking : a testbed for performance study of frequent pattern mining j pei , r mao , k hu , h zhu sigmod conference",,2000.0
919,towards an infrastructure for temporal databases : report of an invitational arpa/nsf workshop 1994,,
920,tutorial : ldap directory services - just another database application ?,,2000.0
921,"tsql2 language specification r snodgrass , i ahn , g ariav , d batory , j clifford , c dyreson , r elmasri , f grandi , c jensen , w kфfer , n kline , k kulkarni , t leung , n lorentzos , j roddick , a segev , m soo , s sripada sigmod record",,1994.0
922,text databases : a survey of text models and systems a loeffen sigmod record,,1994.0
923,self-organizing data sharing communities with sagres,sigmod conference,2000.0
924,the database research group at eth zurich,sigmod record,1994.0
925,"lambda-db : an odmg-based object-oriented dbms l fegaras , c srinivasan , a rajendran , d maier",sigmod conference,2000.0
926,influencing database language standards sigmod record,,1994.0
927,"serfing the web : web site management made easy e rundensteiner , k claypool , l chen , h su , k oenoki 2000",sigmod conference,
928,computing capabilities of mediators sigmod conference,,1999.0
929,understanding the global semantics of referential actions using logic rules,acm trans . database syst .,2002.0
930,efficient geometry-based similarity search of 3d spatial databases sigmod conference,,1999.0
931,adaptive algorithms for set containment joins,acm trans . database syst .,2003.0
932,"a layered architecture for querying dynamic web content h davulcu , j freire , m kifer , i ramakrishnan 1999",sigmod conference,
933,information management for genome level bioinformatics,,2001.0
934,"silkroute : a framework for publishing relational data in xml m fernandez , y kadiyska , d suciu , a morishima , w tan 2002",acm trans . database syst .,
935,"searching in metric spaces with user-defined and approximate distances p ciaccia , m patella acm trans . database syst .",,2002.0
936,automatic discovery of language models for text databases,sigmod conference,1999.0
937,bottom-up computation of sparse and iceberg cubes sigmod conference 1999,,
938,fast incremental maintenance of approximate histograms acm trans . database syst . 2002,,
939,"client-site query extensions t mayr , p seshadri",sigmod conference,1999.0
940,searching for dependencies at multiple abstraction levels 2002,acm trans . database syst .,
941,"a new method for similarity indexing of market basket data c aggarwal , j wolf , p yu",sigmod conference,1999.0
942,locally adaptive dimensionality reduction for indexing large time series databases 2002,acm trans . database syst .,
943,"cost models for overlapping and multiversion structures y tao , d papadias , j zhang",acm trans . database syst .,2002.0
944,"dynamat : a dynamic view management system for data warehouses y kotidis , n roussopoulos sigmod conference 1999",,
945,"an efficient bitmap encoding scheme for selection queries c chan , y ioannidis sigmod conference",,1999.0
946,"iterative spatial join e jacox , h samet 2003",acm trans . database syst .,
947,"approximate computation of multidimensional aggregates of sparse data using wavelets j vitter , m wang sigmod conference 1999",,
948,removing permissions in the flexible authorization framework,acm trans . database syst .,2003.0
949,an adaptive query execution system for data integration 1999,sigmod conference,
950,"spatial queries in dynamic environments y tao , d papadias acm trans . database syst . 2003",,
951,"a comparison of selectivity estimators for range queries on metric attributes b blohsfeld , d korus , b seeger sigmod conference",,1999.0
952,are quorums an alternative for data replication ? acm trans . database syst . 2003,,
953,belief reasoning in mls deductive databases sigmod conference,,1999.0
954,"on the computation of relational view complements j lechtenbіrger , g vossen acm trans . database syst . 2003",,
955,discovering all most specific sentences acm trans . database syst . 2003,,
956,"efficient concurrency control for broadcast environments j shanmugasundaram , a nithrakashyap , r sivasankaran , k ramamritham",sigmod conference,1999.0
957,a simple algorithm for finding frequent elements in streams and bags 2003,acm trans . database syst .,
958,"boat-optimistic decision tree construction j gehrke , v ganti , r ramakrishnan , w loh 1999",sigmod conference,
959,a multimedia presentation algebra sigmod conference,,1999.0
960,description logics for semantic query optimization in object-oriented database systems acm trans . database syst . 2003,,
961,editor 's notes a segev 1994,sigmod record,
962,a user-centered interface for querying distributed multimedia databases sigmod conference 1999,,
963,a tsql2 tutorial sigmod record 1994,,
964,"integration of spatial join algorithms for processing multiple inputs n mamoulis , d papadias",sigmod conference,1999.0
965,"evolvable view environment ( eve ) : non-equivalent view maintenance under schema changes e rundensteiner , a koeller , x zhang , a wyk , y li , a lee , a nica",sigmod conference,1999.0
966,"announcements from nsf , nasa , and elsewhere 1994",sigmod record,
967,calls for papers / announcements sigmod record 1994,,
968,"exploratory mining via constrained frequent set queries r ng , l lakshmanan , j han , t mah sigmod conference 1999",,
969,research issues in databases for arcs : active rapidly changing data systems a datta sigmod record,,1994.0
970,domino : databases for moving objects tracking sigmod conference 1999,,
971,"database patchwork on the internet r braumandl , a kemper , d kossmann sigmod conference 1999",,
972,how to modify sql queries in order to guarantee sure answers h klein sigmod record 1994,,
973,database research at nthu and itri a chen 1994,sigmod record,
974,an xml-based wrapper generator for web information extraction 1999,sigmod conference,
975,"response to the march 1994 odmg-93 commentary written by dr. won kim of unisql , inc sigmod record 1994",,
976,"dbis-toolkit : adaptable middleware for large scale data delivery m altinel , d aksoy , t baby , m franklin , w shapiro , s zdonik",sigmod conference,1999.0
977,daytona and the fourth-generation language cymbal r greer,sigmod conference,1999.0
978,"metadata for integrating speech documents in a text retrieval system u glavitsch , p schфuble , m wechsler",sigmod record,1994.0
979,metadata for mixed-media access sigmod record,,1994.0
980,"data integration and warehousing in telecom italia s trisolini , m lenzerini , d nardi sigmod conference 1999",,
981,sequoia 2000 metadata schema for satellite images sigmod record,,1994.0
982,"datablitz storage manager : main memory database performance for critical applications j baulier , p bohannon , s gogate , c gupta , s haldar , s joshi , a khivesera , h korth , p mcilroy , j miller , p narayan , m nemeth , r rastogi , s seshadri , a silberschatz , s sudarshan , m wilder , c wei 1999",sigmod conference,
983,using metadata for the intelligent browsing of structured media objects sigmod record 1994,,
984,emc information sharing : direct access to mvs data from unix and nt w kohler 1999,sigmod conference,
985,trade press news - announcement and preface,,1994.0
986,"clustering methods for large databases : from the past to the future a hinneburg , d keim sigmod conference 1999",,
987,bringing object-relational technology to mainstream 1999,sigmod conference,
988,unix rdbms : the next generation b rosneblatt sigmod record 1994,,
989,loading databases using dataflow parallelism 1994,sigmod record,
990,data management issues in electronic commerce ( panel ),sigmod conference,1999.0
991,a database perspective on lotus domino/notes c mohan sigmod conference 1999,,
992,"recent design trade-offs in sql3 n mattos , l demichiel sigmod record 1994",,
993,"query optimization in the presence of limited access patterns d florescu , a levy , i manolescu , d suciu sigmod conference",,1999.0
994,a consensus glossary of temporal database concepts sigmod record,,1994.0
995,"ripple joins for online aggregation p haas , j hellerstein sigmod conference 1999",,
996,"constructing the next 100 database management systems a geppert , k dittrich",sigmod record,1994.0
997,join synopses for approximate query answering sigmod conference,,1999.0
998,a hypertext query language for images l yang 1994,sigmod record,
999,"on random sampling over joins s chaudhuri , r motwani , v narasayya sigmod conference",,1999.0
1000,editor 's notes,sigmod record,1994.0
1001,random sampling techniques for space efficient online computation of order statistics of large datasets,sigmod conference,1999.0
1002,observations on the odmg-93 proposal sigmod record,,1994.0
1003,in memory of bob kooi ( 1951-1993 ),,1994.0
1004,query optimization for selections using bitmaps sigmod conference 1999,,
1005,multi-dimensional selectivity estimation using compressed histogram information 1999,sigmod conference,
1006,databases for gis sigmod record 1994,,
1007,"self-tuning histograms : building histograms without looking at data a aboulnaga , s chaudhuri sigmod conference",,1999.0
1008,"comprehension syntax p buneman , l libkin , d suciu , v tannen , l wong",sigmod record,1994.0
1009,research issues in active database systems : report from the closing panel at ride-ads '94 j widom 1994,sigmod record,
1010,"optimization of constrained frequent set queries with 2-variable constraints l lakshmanan , r ng , j han , a pang sigmod conference",,1999.0
1011,"the impact of database research on industrial products ( panel summary ) d barbarс , j blakeley , d fishman , d lomet , m stonebraker",sigmod record,1994.0
1012,online association rule mining sigmod conference 1999,,
1013,the tsql2 final language definition announcement sigmod record,,1994.0
1014,querying network directories sigmod conference,,1999.0
1015,performance evaluation of a new distributed deadlock detection algorithm sigmod record 1994,,
1016,update propagation protocols for replicated databases sigmod conference 1999,,
1017,"logical logging to extend recovery to new domains d lomet , m tuttle",sigmod conference,1999.0
1018,calls for papers / announcements sigmod record,,1994.0
1019,jumping on the nii bandwagon sigmod record 1994,,
1020,"optics : ordering points to identify the clustering structure m ankerst , m breunig , h kriegel , j sander",sigmod conference,1999.0
1021,trade press news,,1994.0
1022,"snakes and sandwiches : optimal clustering strategies for a data warehouse h jagadish , l lakshmanan , d srivastava sigmod conference",,1999.0
1023,"selectivity estimation in spatial databases s acharya , v poosala , s ramaswamy",sigmod conference,1999.0
1024,medical information systems : characterization and challenges,sigmod record,1994.0
1025,in-memory data management for consumer transactions the times-ten approach t team,sigmod conference,1999.0
1026,"storage and querying of e-commerce data r agrawal , a somani , y xu vldb 2001",,
1027,"improving business process quality through exception understanding , prediction , and prevention d grigori , f casati , u dayal , m shan 2001",vldb,
1028,microsoft site server ( commerce edition ) sigmod conference,,1999.0
1029,e-commerce database issues and experience a rajaraman sigmod conference,,1999.0
1030,"weaving relations for cache performance a ailamaki , d dewitt , m hill , m skounakis 2001",vldb,
1031,versions and workspaces in microsoft repository 1999,sigmod conference,
1032,"similarity search for adaptive ellipsoid queries using spatial transformation y sakurai , m yoshikawa , r kataoka , s uemura 2001",vldb,
1033,self-similarity in the web 2001,vldb,
1034,the need for distributed asynchronous transactions,sigmod conference,1999.0
1035,surfing wavelets on streams : one-pass summaries for approximate aggregate queries,vldb,2001.0
1036,"improving oltp data quality using data warehouse mechanisms m jarke , c quix , g blees , d lehmann , g michalk , s striel sigmod conference",,1999.0
1037,roadrunner : towards automatic data extraction from large web sites,vldb,2001.0
1038,"nodose version 2.0 b adelberg , m denny",sigmod conference,1999.0
1039,"visual web information extraction with lixto r baumgartner , s flesca , g gottlob vldb",,2001.0
1040,phoenix : making applications robust 1999,sigmod conference,
1041,"powerbookmarks : a system for personalizable web information organization , sharing , and management w li , q vu , e chang , d agrawal , k hirata , s mukherjea , y wu , c bufi , k chang , y hara , r ito , y kimura , k shimazu , y saito sigmod conference 1999",,
1042,"netcube : a scalable tool for fast data mining and compression d margaritis , c faloutsos , s thrun vldb",,2001.0
1043,"mining multi-dimensional constrained gradients in data cubes g dong , j han , j lam , j pei , k wang vldb",,2001.0
1044,serf : odmg-based generic re-structuring facility 1999,sigmod conference,
1045,"tam : a system for dynamic transactional activity management t zhou , l liu , c pu 1999",sigmod conference,
1046,indexing and querying xml data for regular path expressions vldb,,2001.0
1047,potter 's wheel : an interactive data cleaning system 2001,vldb,
1048,"the aqua approximate query answering system s acharya , p gibbons , v poosala , s ramaswamy sigmod conference 1999",,
1049,"the ccube constraint object-oriented database system a brodsky , v segal , j chen , p exarkhopoulo",sigmod conference,1999.0
1050,query engines for web-accessible xml data 2001,vldb,
1051,querying xml views of relational data vldb,,2001.0
1052,"the cornell jaguar system : adding mobility to predator p bonnet , k buza , z chen , v cheng , r chung , t hickey , r kennedy , d mahashin , t mayr , i oprencak , p seshadri , h siu 1999",sigmod conference,
1053,views in a large scale xml repository,vldb,2001.0
1054,"the active multisync controller of the cubetree storage organization n roussopoulos , y kotidis , y sismanis",sigmod conference,1999.0
1055,supporting incremental join queries on ranked inputs vldb 2001,,
1056,the jungle database search engine 1999,sigmod conference,
1057,mind your vocabulary : query mapping across heterogeneous information sources,sigmod conference,1999.0
1058,"developing an indexing scheme for xml document collection using the oracle8i extensibility framework s sundara , y hu , t chorma , n agarwal , j srinivasan",vldb,2001.0
1059,"cache portal : technology for accelerating database-driven e-commerce web sites w li , k candan , w hsiung , o po , d agrawal , q luo , w huang , y akca , c yilmaz",vldb,2001.0
1060,"query processing techniques for arrays a marathe , k salem sigmod conference 1999",,
1061,"walrus : a similarity retrieval algorithm for image databases a natsev , r rastogi , k shim 1999",sigmod conference,
1062,"flexible and scalable digital library search h blok , m windhouwer , r zwol , m petkovic , p apers , m kersten , w jonker vldb 2001",,
1063,"functional properties of information filtering r sawai , m tsukamoto , y loh , t terada , s nishio vldb 2001",,
1064,shrinking the warehouse update window sigmod conference 1999,,
1065,"query rewriting for semistructured data y papakonstantinou , v vassalos sigmod conference",,1999.0
1066,"a prototype content-based retrieval system that uses virtual images to save space l brown , l gruenwald 2001",vldb,
1067,db2 spatial extender - spatial data within the rdbms d adler 2001,vldb,
1068,"storing semistructured data with stored a deutsch , m fernandez , d suciu sigmod conference",,1999.0
1069,"agflow : agent-based cross-enterprise workflow management system l zeng , b benatallah , p nguyen , a ngu vldb",,2001.0
1070,"`` honey , i shrunk the dbms '' : footprint , mobility , and beyond ( panel ) 1999",sigmod conference,
1071,actiview : adaptive data presentation using supersql vldb 2001,,
1072,"record-boundary discovery in web documents d embley , y jiang , y ng",sigmod conference,1999.0
1073,"leo - db2 's learning optimizer m stillger , g lohman , v markl , m kandil vldb 2001",,
1074,petabyte databases 1999,,
1075,the semantic web paving the way to the knowledge society vldb 2001,,
1076,"of crawlers , portals , mice and men : is there more to mining the web ? ( panel ) 1999",sigmod conference,
1077,managing web data 1999,,
1078,xxl - a library approach to supporting efficient implementations of advanced database queries vldb,,2001.0
1079,hypertext databases and data mining,,1999.0
1080,user-optimizer communication using abstract plans in sybase ase vldb,,2001.0
1081,implementing the spirit of sql-99 1999,sigmod conference,
1082,storage and retrieval of xml data using relational databases,,2001.0
1083,"o-o , what 's happening to db2 ? m carey , d chamberlin , s narayanan , b vance , d doole , s rielau , r swagerman , n mattos 1999",sigmod conference,
1084,merge replication in microsoft 's sql server 7.0 sigmod conference 1999,,
1085,"ambient intelligence with the ubiquitous network , the embedded computer devices and the hidden databases ( abstract ) e sol 2001",vldb,
1086,indexing medium-dimensionality data in oracle sigmod conference,,1999.0
1087,managing business processes via workflow technology 2001,,
1088,"change-centric management of versions in an xml warehouse a marian , s abiteboul , g cobena , l mignet",vldb,2001.0
1089,"a multi-similarity algebra s adali , p bonatti , m sapino , v subrahmanian sigmod conference",,1998.0
1090,catching the boat with strudel : experiences with a web-site management system,sigmod conference,1998.0
1091,estimating the selectivity of xml path expressions for internet scale applications 2001,vldb,
1092,comparing hybrid peer-to-peer systems vldb,,2001.0
1093,"bitmap index design and evaluation c chan , y ioannidis sigmod conference",,1998.0
1094,data staging for on-demand broadcast,vldb,2001.0
1095,autoadmin ` what-if ' index analysis utility sigmod conference,,1998.0
1096,dynamic update cube for range-sum queries,vldb,2001.0
1097,are we working on the right problems ? ( panel ),sigmod conference,1998.0
1098,distinct sampling for highly-accurate answers to distinct values queries and event reports vldb,,2001.0
1099,"electronic commerce : tutorial n adam , y yesha",sigmod conference,1998.0
1100,approximate medians and other quantiles in one pass and with limited memory 1998,sigmod conference,
1101,"approximate string joins in a database ( almost ) for free l gravano , p ipeirotis , h jagadish , n koudas , s muthukrishnan , d srivastava",vldb,2001.0
1102,efficient and transparent application recovery in client-server information systems sigmod conference,,1998.0
1103,dynamic pipeline scheduling for improving interactive query performance vldb,,2001.0
1104,"aggregate maintenance for data warehousing in informix red brick vista c bunker , l colby , r cole , w mckenna , g mulagund , d wilhite",vldb,2001.0
1105,database systems management and oracle8 sigmod conference,,1998.0
1106,"data in your face : push technology in perspective m franklin , s zdonik sigmod conference",,1998.0
1107,cache fusion : extending shared-disk clusters with shared caches 2001,vldb,
1108,"high-dimensional index structures , database support for next decade 's applications ( tutorial ) s berchtold , d keim sigmod conference",,1998.0
1109,architectures for internal web services deployment 2001,vldb,
1110,a sequential pattern query language for supporting instant data mining for e-services,vldb,2001.0
1111,"enterprise java platform data access s white , r cattell , s finkelstein 1998",sigmod conference,
1112,filenet integrated document management database usage and issues d whelan sigmod conference 1998,,
1113,french government activity in the conservation of data and electronic documents,vldb,2001.0
1114,discovering web services : an overview vldb,,2001.0
1115,"developing a high traffic , read-only web site sigmod conference 1998",,
1116,"50,000 users on an oracle8 universal server database t lahiri , a josji , a jasuja , s chatterjee sigmod conference",,1998.0
1117,"collaborative analytical processing - dream or reality ? ( panel abstract ) w o'connell , a witkowski , g graefe vldb 2001",,
1118,about quark digital media system sigmod conference 1998,,
1119,are web services the next revolution in e-commerce ? ( panel ) vldb 2001,,
1120,"exploratory mining and pruning optimizations of constrained association rules r ng , l lakshmanan , j han , a pang 1998",sigmod conference,
1121,"efficient management of multiversion documents by object referencing s chien , v tsotras , c zaniolo vldb",,2001.0
1122,"answering xml queries on heterogeneous data sources i manolescu , d florescu , d kossmann vldb",,2001.0
1123,xml-based information mediation with mix sigmod conference,,1999.0
1124,"world wide database - integrating the web , corba , and databases a bouguettaya , b benatallah , l hendra , j beard , k smith , m ouzzani",sigmod conference,1999.0
1125,an extendible hash for multi-precision similarity querying of image databases vldb 2001,,
1126,fast evaluation techniques for complex similarity queries vldb 2001,,
1127,"the wasa2 object-oriented workflow management system g vossen , m weske 1999",sigmod conference,
1128,"feedbackbypass : a new approach to interactive similarity query processing i bartolini , p ciaccia , f waas vldb 2001",,
1129,"automatic subspace clustering of high dimensional data for data mining applications r agrawal , j gehrke , d gunopulos , p raghavan sigmod conference",,1998.0
1130,form-based proxy caching for database-backed web sites,vldb,2001.0
1131,efficiently mining long patterns from databases sigmod conference,,1998.0
1132,"cache-conscious concurrency control of main-memory indexes on shared-memory multiprocessor systems s cha , s hwang , k kim , k kwon",vldb,2001.0
1133,"cure : an efficient clustering algorithm for large databases s guha , r rastogi , k shim",sigmod conference,1998.0
1134,a database index to large biological sequences,vldb,2001.0
1135,changing the rules : transformations for rule-based optimizers 1998,sigmod conference,
1136,"an alternative storage organization for rolap aggregate views based on cubetrees y kotidis , n roussopoulos sigmod conference",,1998.0
1137,a data warehousing architecture for enabling service provisioning process 2001,vldb,
1138,"dimensionality reduction for similarity searching in dynamic databases k kanth , d agrawal , a singh 1998",sigmod conference,
1139,an evaluation of generic bulk loading techniques,vldb,2001.0
1140,analyzing energy behavior of spatial access methods for memory-resident data vldb,,2001.0
1141,cost based query scrambling for initial delays sigmod conference,,1998.0
1142,"declarative data cleaning : language , model , and algorithms vldb 2001",,
1143,"efficient mid-query re-optimization of sub-optimal query execution plans n kabra , d dewitt 1998",sigmod conference,
1144,"cost-based optimization of decision support queries using transient views s subramanian , s venkataraman sigmod conference 1998",,
1145,efficient index structures for string databases vldb,,2001.0
1146,a fast index for semistructured data vldb 2001,,
1147,enhanced hypertext categorization using hyperlinks sigmod conference,,1998.0
1148,extracting schema from semistructured data,sigmod conference,1998.0
1149,"c2p : clustering based on closest pairs a nanopoulos , y theodoridis , y manolopoulos vldb",,2001.0
1150,caching multidimensional queries using chunks 1998,sigmod conference,
1151,efficient progressive skyline computation 2001,vldb,
1152,automated selection of materialized views and indexes in sql databases vldb,,2000.0
1153,the dedale system for complex spatial queries sigmod conference 1998,,
1154,similarity query processing using disk arrays sigmod conference 1998,,
1155,"approximating aggregate queries about web pages via random walks z bar-yossef , a berg , s chien , j fakcharoenphol , d weitz 2000",vldb,
1156,"incremental distance join algorithms for spatial databases g hjaltason , h samet 1998",sigmod conference,
1157,computing geographical scopes of web resources vldb,,2000.0
1158,"a case-based approach to information integration m panti , l spalazzi , a giretti",vldb,2000.0
1159,"simultaneous optimization and evaluation of multiple dimensional queries y zhao , p deshpande , j naughton , a shukla sigmod conference 1998",,
1160,optimal multi-step k-nearest neighbor search,sigmod conference,1998.0
1161,approximate query translation across heterogeneous information sources vldb,,2000.0
1162,your mediators need data conversion ! sigmod conference 1998,,
1163,design and development of a stream service in a heterogenous client environment vldb 2000,,
1164,"agora : living with xml and relational i manolescu , d florescu , d kossmann , f xhumari , d olteanu vldb 2000",,
1165,using schematically heterogeneous structures,sigmod conference,1998.0
1166,demonstration : enabling scalable online personalization on the web vldb,,2000.0
1167,integration of heterogeneous databases without common domains using queries based on textual similarity sigmod conference 1998,,
1168,secure and portable database extensibility sigmod conference,,1998.0
1169,"building scalable internet applications with oracle8i server j basu , j fernсndez , o peschansky 2000",vldb,
1170,"a 20/20 vision of the vldb-2020 ? s deen , a jhingran , s navathe , e neuhold , g wiederhold",vldb,2000.0
1171,random sampling for histogram construction : how much is enough ? sigmod conference,,1998.0
1172,wavelet-based histograms for selectivity estimation 1998,sigmod conference,
1173,an ultra highly available dbms 2000,vldb,
1174,asera : extranet architecture for b2b solutions,vldb,2000.0
1175,memory management during run generation in external sorting 1998,sigmod conference,
1176,nodose - a tool for semi-automatically extracting semi-structured data from text documents sigmod conference,,1998.0
1177,"evolution of groupware for business applications : a database perspective on lotus domino/notes c mohan , r barber , s watts , a somani , m zaharioudakis 2000",vldb,
1178,biodiversity informatics infrastructure : an information commons for the biodiversity community vldb 2000,,
1179,new sampling-based summary statistics for improving approximate query answers sigmod conference,,1998.0
1180,"integrating mining with relational database systems : alternatives and implications s sarawagi , s thomas , r agrawal 1998",sigmod conference,
1181,a database platform for bioinformatics vldb,,2000.0
1182,"on parallel processing of aggregate and scalar functions in object-relational dbms m jaedicke , b mitschang",sigmod conference,1998.0
1183,data mining in the bioinformatics domain vldb 2000,,
1184,control : continuous output and navigation technology with refinement on-line sigmod conference 1998,,
1185,design and implementation of a genetic-based algorithm for data mining s choenni,vldb,2000.0
1186,author index 2000,vldb,
1187,ariadne : a system for constructing mediators for internet sources sigmod conference,,1998.0
1188,"efficiently publishing relational data as xml documents j shanmugasundaram , e shekita , r barr , m carey , b lindsay , h pirahesh , b reinwald",vldb,2000.0
1189,"dtl 's dataspot : database exploration as easy as browsing the web s dar , g entin , s geva , e palmon 1998",sigmod conference,
1190,"efficient filtering of xml documents for selective dissemination of information m altinel , m franklin",vldb,2000.0
1191,amdb : an access method debugging tool 1998,sigmod conference,
1192,approximate query processing using wavelets,vldb,2000.0
1193,free parallel data mining sigmod conference 1998,,
1194,dynamic maintenance of wavelet-based histograms 2000,vldb,
1195,delivering high availability for inktomi search engines e brewer,sigmod conference,1998.0
1196,datasplash sigmod conference 1998,,
1197,"do n't be lazy , be consistent : postgres-r , a new way to implement database replication vldb",,2000.0
1198,cq : a personalized update monitoring toolkit sigmod conference,,1998.0
1199,"efficient numerical error bounding for replicated network services h yu , a vahdat vldb 2000",,
1200,query unnesting in object-oriented databases sigmod conference,,1998.0
1201,"cheetah : a lightweight transaction server for plug-and-play internet data management g pardon , g alonso vldb",,2000.0
1202,"reusing invariants : a new strategy for correlated queries j rao , k ross sigmod conference",,1998.0
1203,"caching strategies for data-intensive web sites k yagoub , d florescu , v issarny , p valduriez vldb 2000",,
1204,falcon : feedback adaptive loop for content-based retrieval vldb,,2000.0
1205,"the pyramid-technique : towards breaking the curse of dimensionality s berchtold , c bіhm , h kriegel sigmod conference",,1998.0
1206,"interaction of query evaluation and buffer management for information retrieval b jѓnsson , m franklin , d srivastava sigmod conference",,1998.0
1207,hierarchical compact cube for range-max queries,vldb,2000.0
1208,"fast time sequence indexing for arbitrary lp norms b yi , c faloutsos 2000",vldb,
1209,capability based mediation in tsimmis sigmod conference 1998,,
1210,a protein patent query system powered by kleisli sigmod conference 1998,,
1211,decision tables : scalable classification exploring rdbms capabilities 2000,vldb,
1212,"a scalable algorithm for answering queries using views r pottinger , a levy 2000",vldb,
1213,parallel mining algorithms for generalized association rules with classification hierarchy,sigmod conference,1998.0
1214,query flocks : a generalization of association-rule mining 1998,sigmod conference,
1215,"contrast plots and p-sphere trees : space vs. time in nearest neighbour searches j goldstein , r ramakrishnan vldb 2000",,
1216,"the propel distributed services platform m carey , s kirsch , m roth , b linden , n adiba , m blow , d florescu , d li , i oprencak , r panwar , r qi , d rieber , j shafer , b sterling , t urhan , b vickery , d wineman , k yee vldb 2001",,
1217,"multimediaminer : a system prototype for multimedia data mining o zaяane , j han , z li , s chee , j chiang sigmod conference 1998",,
1218,supersql : an extended sql for database publishing and presentation 1998,sigmod conference,
1219,"tavant system architecture for sell-side channel management s narayanan , s subramanian 2001",vldb,
1220,navigating large-scale semi-structured data in business portals,vldb,2001.0
1221,the multidimensional database system rasdaman sigmod conference,,1998.0
1222,"a comparative study of alternative middle tier caching solutions to support dynamic web content acceleration a datta , k dutta , h thomas , d vandermeer , k ramamritham , d fishman 2001",vldb,
1223,xmas : an extensible main-memory storage system for high-performance applications sigmod conference,,1998.0
1224,lopix : a system for xml data integration and manipulation vldb 2001,,
1225,providing database-like access to the web using queries based on textual similarity sigmod conference,,1998.0
1226,"picodbms : validation and experience n anciaux , c bobineau , l bouganim , p pucheral , p valduriez 2001",vldb,
1227,"user-oriented smart-cache for the web : what you seek is what you get ! z lacroix , a sahuguet , r chandrasekar 1998",sigmod conference,
1228,operating system extensions for the teradata parallel vldb vldb 2001,,
1229,microsoft index tuning wizard for sql server 7.0,sigmod conference,1998.0
1230,flowback : providing backward recovery for workflow systems,sigmod conference,1998.0
1231,"enabling end-users to construct data-intensive web-sites from xml repositories : an example-based approach a morishima , s koizumi , h kitagawa , s takano vldb 2001",,
1232,"supervised wrapper generation with lixto r baumgartner , s flesca , g gottlob vldb",,2001.0
1233,a framework for implementing hypothetical queries sigmod conference,,1997.0
1234,the worlinfo assistant : spatio-temporal information integration on the web vldb,,2001.0
1235,dynamic itemset counting and implication rules for market basket data sigmod conference,,1997.0
1236,"an array-based algorithm for simultaneous multidimensional aggregates y zhao , p deshpande , j naughton sigmod conference 1997",,
1237,"sit-in : a real-life spatio-temporal information system g sindoni , l tininini , a ambrosetti , c bedeschi , s francisci , o gargano , r molinaro , m paolucci , p patteri , p ticca 2001",vldb,
1238,"balancing push and pull for data broadcast s acharya , m franklin , s zdonik 1997",sigmod conference,
1239,"smooth - a distributed multimedia database system h kosch , l bіszіrmщnyi , a bachlechner , c hanin , c hofbauer , m lang , c riedler , r tusch vldb 2001",,
1240,"concurrency and recovery in generalized search trees m kornacker , c mohan , j hellerstein sigmod conference 1997",,
1241,"webfilter : a high-throughput xml-based publish and subscribe system j pereira , f fabret , h jacobsen , f llirbat , d shasha 2001",vldb,
1242,"building and customizing data-intensive web sites using weave k yagoub , d florescu , v issarny , p valduriez vldb",,2000.0
1243,cubetree : organization of and bulk updates on the data cube,sigmod conference,1997.0
1244,vxmlr : a visual xml-relational database system vldb,,2001.0
1245,the idea web lab sigmod conference,,1998.0
1246,"warlock : a data allocation tool for parallel warehouses t stіhr , e rahm vldb",,2001.0
1247,"fast parallel similarity search in multimedia databases s berchtold , c bіhm , b braunmќller , d keim , h kriegel 1997",sigmod conference,
1248,"mv3r-tree : a spatio-temporal access method for timestamp and interval queries y tao , d papadias 2001",vldb,
1249,"ubiquitous , self-tuning , scalable servers 1998",sigmod conference,
1250,"indexing the distance : an efficient method to knn processing c yu , b ooi , k tan , h jagadish vldb 2001",,
1251,managing large systems with db2 udb 1998,sigmod conference,
1252,walking through a very large virtual environment in real-time vldb 2001,,
1253,"sql open heterogeneous data access b reinwald , h pirahesh sigmod conference 1998",,
1254,"update propagation strategies for improving the quality of data on the web a labrinidis , n roussopoulos 2001",vldb,
1255,"microsoft universal data access platform j blakeley , m pizzo 1998",sigmod conference,
1256,java and relational databases : sqlj ( tutorial ),,1998.0
1257,"intelligent rollups in multidimensional olap data g sathe , s sarawagi",vldb,2001.0
1258,sap r/3 : a database application system ( tutorial ) 1998,,
1259,lineage tracing for general data warehouse transformations,vldb,2001.0
1260,"online scaling in a highly available database s bratsberg , r humborstad",vldb,2001.0
1261,panel on next generation database systems wo n't work without semantics ! j mylopoulos,sigmod conference,1998.0
1262,"replication , consistency , and practicality : are these mutually exclusive ? sigmod conference 1998",,
1263,transaction timestamping in ( temporal ) databases,vldb,2001.0
1264,"the araneus web-base management system g mecca , p atzeni , a masci , p merialdo , g sindoni sigmod conference 1998",,
1265,the long-term preservation of authentic electronic records 2001,vldb,
1266,"storage service providers : a solution for storage management ? ( panel ) b жzden , e gabber , b hillyer , w ng , e shriver , d dewitt , b gordon , j gray , j wilkes vldb 2001",,
1267,microsoft.com : a high-scale data management and transaction processing solution s kennamer sigmod conference 1998,,
1268,"on processing xml in ldap p marrѓn , g lausen vldb 2001",,
1269,olympic records for data at the 1998 nagano games 1998,sigmod conference,
1270,hyperqueries : dynamic distributed query processing on the internet vldb 2001,,
1271,real business processing meets the web j chong,sigmod conference,1998.0
1272,"warehousing workflow data : challenges and opportunities a bonifati , f casati , u dayal , m shan",vldb,2001.0
1273,oracle rdb 's record caching model 1998,sigmod conference,
1274,a data mining application : customes retention at the port of singapore authority ( psa ) sigmod conference 1998,,
1275,scientific olap for the biotech domain n huyn vldb 2001,,
1276,transactional publish / subscribe : the proactive multicast of database changes sigmod conference,,1998.0
1277,ontology-based support for digital government,vldb,2001.0
1278,italian electronic identity card - principle and architecture m gentili 2001,vldb,
1279,the pointcast network 1998,sigmod conference,
1280,"biodiversity informatics : the challenge of rapid development , large databases , and complex data ( keynote )",,2000.0
1281,infosleuth : semantic integration of information in open and dynamic environments ( experience paper ) sigmod conference 1997,,
1282,integration of data mining with database technology vldb 2000,,
1283,"online aggregation j hellerstein , p haas , h wang sigmod conference",,1997.0
1284,"\ on saying \ '' \ `` enough already ! \ '' \ '' in sql \ '' '' m carey , d kossmann",sigmod conference,1997.0
1285,generalised hash teams for join and group-by,vldb,1999.0
1286,"toto , we 're not in kansas anymore : on transitioning from research to the real ( invited industrial talk ) m carey vldb",,2000.0
1287,"starts : stanford proposal for internet meta-searching ( experience paper ) l gravano , k chang , h garcia-molina , a paepcke",sigmod conference,1997.0
1288,"scalable parallel data mining for association rules e han , g karypis , v kumar 1997",sigmod conference,
1289,media360 workflow-implementing a workflow engine inside a database c blecken vldb 2000,,
1290,high-performance sorting on networks of workstations,sigmod conference,1997.0
1291,"process automation as the foundation for e-business f casati , m shan vldb 2000",,
1292,research directions in biodiversity informatics j schnase,vldb,2000.0
1293,"size separation spatial join n koudas , k sevcik sigmod conference",,1997.0
1294,partitioned garbage collection of large object store,sigmod conference,1997.0
1295,work and information practices in the sciences of biodiversity g bowker vldb,,2000.0
1296,"highly concurrent cache consistency for indices in client-server database systems m zaharioudakis , m carey 1997",sigmod conference,
1297,the zero latency enterprise d liles,vldb,2000.0
1298,"improved query performance with variant indexes p o'neil , d quass",sigmod conference,1997.0
1299,"panel : future directions of database research - the vldb broadening strategy , part 2 vldb",,2000.0
1300,linking business to deliver value : a data management challenge a deshpande vldb 2000,,
1301,"maintenance of data cubes and summary tables in a warehouse i mumick , d quass , b mumick",sigmod conference,1997.0
1302,"range queries in olap data cubes c ho , r agrawal , n megiddo , r srikant sigmod conference",,1997.0
1303,"high-performance and scalability through application tier,in-memory data management",vldb,2000.0
1304,"social , educational , and governmental change enabled through information technology vldb 2000",,
1305,"database performance in the real world - tpc-d and sap r/3 ( experience paper ) j doppelhammer , t hіppler , a kemper , d kossmann sigmod conference",,1997.0
1306,"database buffer size investigation for oltp workloads ( experience paper ) t tsuei , a packer , k ko 1997",sigmod conference,
1307,xperanto : middleware for publishing object-relational data as xml documents vldb,,2000.0
1308,the strip rule system for efficiently maintaining derived data,sigmod conference,1997.0
1309,"panel : future directions of database research - the vldb broadening strategy , part 1",vldb,2000.0
1310,panel : is generic metadata management feasible ? vldb 2000,,
1311,the bucky object-relational benchmark ( experience paper ) 1997,sigmod conference,
1312,"publish/subscribe on the web at extreme speed j pereira , f fabret , f llirbat , r preotiuc-pietro , k ross , d shasha vldb",,2000.0
1313,"association rules over interval data r miller , y yang sigmod conference 1997",,
1314,"a unified framework for enforcing multiple access control policies s jajodia , p samarati , v subrahmanian , e bertino 1997",sigmod conference,
1315,insite : a tool for interpreting users ? interaction with a web space 2000,vldb,
1316,model-based information integration in a neuroscience mediator system 2000,vldb,
1317,databases on the web : technologies for federation architectures and case studies ( tutorial ) r kramer 1997,sigmod conference,
1318,push technology personalization through event correlation vldb 2000,,
1319,delaunay : a database visualization system sigmod conference 1997,,
1320,memex : a browsing assistant for collaborative archiving and mining of surf trails,vldb,2000.0
1321,devise : integrated querying and visual exploration of large datasets ( demo abstract ) sigmod conference 1997,,
1322,information integration : the momis project demonstration vldb,,2000.0
1323,"geominer : a system prototype for spatial data mining j han , k koperski , n stefanovic sigmod conference",,1997.0
1324,"similarity-based queries for time series data d rafiei , a mendelzon",sigmod conference,1997.0
1325,telcordia 's database reconciliation and data quality analysis tool vldb 2000,,
1326,"meaningful change detection in structured data s chawathe , h garcia-molina 1997",sigmod conference,
1327,"rainbow : distributed database system for classroom education and experimental research a helal , h li vldb",,2000.0
1328,"focused crawling using context graphs m diligenti , f coetzee , s lawrence , c giles , m gori",vldb,2000.0
1329,beyond market baskets : generalizing association rules to correlations 1997,sigmod conference,
1330,"semantic access : semantic interface for querying databases n rishe , j yuan , r athauda , s chen , x lu , x ma , a vaschillo , a shaposhnikov , d vasilevsky",vldb,2000.0
1331,efficiently supporting ad hoc queries in large datasets of time sequences 1997,sigmod conference,
1332,"devise : integrated querying and visualization of large datasets m livny , r ramakrishnan , k beyer , g chen , d donjerkovic , s lawande , j myllymaki , r wenger",sigmod conference,1997.0
1333,"the treescape system : reuse of pre-computed aggregates over irregular olap hierarchies t pedersen , c jensen , c dyreson 2000",vldb,
1334,"olap + + : powerful and easy-to-use federations of olap and object databases j gu , t pedersen , a shoshani vldb",,2000.0
1335,"building a scaleable geo-spatial dbms : technology , implementation , and evaluation sigmod conference",,1997.0
1336,"a toolkit for negotiation support interfaces to multi-dimensional data m gebhardt , m jarke , s jacobs sigmod conference",,1997.0
1337,"performance issues in incremental warehouse maintenance w labio , j yang , y cui , h garcia-molina , j widom vldb",,2000.0
1338,"the challenge of process data warehousing m jarke , t list , j kіller 2000",vldb,
1339,"distance-based indexing for high-dimensional metric spaces t bozkaya , z жzsoyoglu sigmod conference 1997",,
1340,"what is the nearest neighbor in high dimensional spaces ? a hinneburg , c aggarwal , d keim",vldb,2000.0
1341,efficient view maintenance at data warehouses,sigmod conference,1997.0
1342,"the a-tree : an index structure for high-dimensional spaces using relative approximation y sakurai , m yoshikawa , s uemura , h kojima vldb 2000",,
1343,"eliminating costly redundant computations from sql trigger executions f llirbat , f fabret , e simon sigmod conference 1997",,
1344,the bt-tree : a branched and temporal access method 2000,vldb,
1345,"zoo : a desktop emperiment management environment y ioannidis , m livny , a ailamaki , a narayanan , a therber",sigmod conference,1997.0
1346,temporal integrity constraints with indeterminacy,vldb,2000.0
1347,"the mentor workbench for enterprise-wide workflow management d wodtke , j weiпenfels , g weikum , a dittrich , p muth sigmod conference",,1997.0
1348,"optimizing multi-feature queries for image databases u gќntzer , w balke , w kieпling 2000",vldb,
1349,sentinel : an object-oriented dbms with event-based rules 1997,sigmod conference,
1350,"managing intervals efficiently in object-relational databases h kriegel , m pіtke , t seidl",vldb,2000.0
1351,predator : an or-dbms with enhanced data types sigmod conference,,1997.0
1352,data access for the masses through ole db sigmod conference,,1996.0
1353,"novel approaches in query processing for moving object trajectories d pfoser , c jensen , y theodoridis vldb 2000",,
1354,"fault-tolerant architectures for continuous media servers b жzden , r rastogi , p shenoy , a silberschatz sigmod conference",,1996.0
1355,"identifying representative trends in massive time series data sets using sketches p indyk , n koudas , s muthukrishnan 2000",vldb,
1356,a content-based multimedia server for massively parallel architectures 1996,sigmod conference,
1357,"set containment joins : the good , the bad and the ugly k ramasamy , j patel , j naughton , r kaushik",vldb,2000.0
1358,"fundamental techniques for order optimization d simmen , e shekita , t malkemus",sigmod conference,1996.0
1359,"what happens during a join ? dissecting cpu and memory optimization effects s manegold , p boncz , m kersten",vldb,2000.0
1360,"the distributed information search component ( disco ) and the world wide web a tomasic , r amouroux , p bonnet , o kapitskaia , h naacke , l raschid",sigmod conference,1997.0
1361,optimizing queries on compressed bitmaps vldb 2000,,
1362,"toward learning based web query processing y diao , h lu , s chen , z tian 2000",vldb,
1363,the infosleuth project sigmod conference 1997,,
1364,user-adaptive exploration of multidimensional data vldb,,2000.0
1365,"infomaster : an information integration system m genesereth , a keller , o duschka sigmod conference 1997",,
1366,oracle8i index-organized table and its application to new domains vldb,,2000.0
1367,"languages for multi-database interoperability f gingras , l lakshmanan , i subramanian , d papoulis , n shiri sigmod conference",,1997.0
1368,"s3 : similarity search in cad database systems s berchtold , h kriegel",sigmod conference,1997.0
1369,"multi-dimensional database allocation for parallel data warehouses t stіhr , h mфrtens , e rahm vldb 2000",,
1370,"structural matching and discovery in document databases j wang , d shasha , g chang , l relihan , k zhang , g patel",sigmod conference,1997.0
1371,"integrating the ub-tree into a database system kernel f ramsak , v markl , r fenk , m zirkel , k elhardt , r bayer",vldb,2000.0
1372,"practical applications of triggers and constraints : success and lingering issues ( 10-year award ) s ceri , r cochrane , j widom vldb",,2000.0
1373,the whips prototype for data warehouse creation and maintenance sigmod conference 1997,,
1374,temporal queries in olap vldb,,2000.0
1375,"strudel : a web-site management system m fernandez , d florescu , j kang , a levy , d suciu 1997",sigmod conference,
1376,the evolution of the web and implications for an incremental crawler,vldb,2000.0
1377,query optimization at the crossroads ( panel ) 1997,sigmod conference,
1378,"hypothetical queries in an olap environment a balmin , t papadimitriou , y papakonstantinou 2000",vldb,
1379,"picture programming project n goyal , c hoch , r krishnamurthy , b meckler , m suckow , m zloof sigmod conference 1997",,
1380,"object-relational database systems : principles , products , and challenges ( tutorial ) 1997",,
1381,using sql to build new aggregates and extenders for object - relational systems,vldb,2000.0
1382,data warehousing and olap for decision support ( tutorial ),,1997.0
1383,icicles : self-tuning samples for approximate query answering,vldb,2000.0
1384,"offering a precision-performance tradeoff for aggregation queries over replicated data c olston , j widom",vldb,2000.0
1385,"mdm : a multiple-data-model tool for the management of heterogeneous database schemes p atzeni , r torlone",sigmod conference,1997.0
1386,template-based wrappers in the tsimmis system 1997,sigmod conference,
1387,"manipulating interpolated data is easier than you thought s grumbach , p rigaux , l segoufin vldb",,2000.0
1388,schema mapping as query discovery vldb 2000,,
1389,"semcog : an object-based image retrieval system and its visual query interface w li , k candan , k hirata , y hara 1997",sigmod conference,
1390,"the context interchange mediator prototype s bressan , c goh , k fynn , m jakobisiak , k hussein , h kon , t lee , s madnick , t pena , j qu , a shum , m siegel sigmod conference",,1997.0
1391,local dimensionality reduction : a new approach to indexing high dimensional spaces vldb,,2000.0
1392,on-line warehouse view maintenance sigmod conference 1997,,
1393,the 3w model and algebra for unified data mining vldb 2000,,
1394,mining frequent itemsets using support constraints vldb 2000,,
1395,"supporting multiple view maintenance policies l colby , a kawaguchi , d lieuwen , i mumick , k ross",sigmod conference,1997.0
1396,"rethinking database system architecture : towards a self-tuning risc-style database system s chaudhuri , g weikum",vldb,2000.0
1397,"the sr-tree : an index structure for high-dimensional nearest neighbor queries n katayama , s satoh sigmod conference",,1997.0
1398,"wave-indices : indexing evolving databases n shivakumar , h garcia-molina sigmod conference",,1997.0
1399,picodmbs : scaling down database techniques for the smartcard vldb,,2000.0
1400,concurrency in the data warehouse,vldb,2000.0
1401,revisiting commit processing in distributed database systems 1997,sigmod conference,
1402,"ordering information , conference organizers , program committees , additional reviewers , additional demonstrations reviewers , sponsors , vldb endowment , preface , foreword",,2000.0
1403,"lessons from wall street : case studies in configuration , tuning , and distribution ( tutorial ) 1997",,
1404,temporal aggregation in active database rules sigmod conference 1997,,
1405,"controlling data warehouses with knowledge networks e schaefer , j becker , a boehmer , m jarke vldb 2000",,
1406,e.piphany epicenter technology overview vldb 2000,,
1407,"secure transaction processing in firm real-time database systems b george , j haritsa",sigmod conference,1997.0
1408,on efficiently implementing schemasql on an sql database system vldb,,1999.0
1409,the dangers of replication and a solution 1996,sigmod conference,
1410,"performance tradeoffs for client-server query processing m franklin , b jѓnsson , d kossmann sigmod conference 1996",,
1411,"physical data independence , constraints , and optimization with universal plans vldb 1999",,
1412,user-defined table operators : enhancing extensibility for ordbms vldb,,1999.0
1413,"random i/o scheduling in online tertiary storage systems b hillyer , a silberschatz 1996",sigmod conference,
1414,"hot mirroring : a study to hide parity upgrade penalty and degradations during rebuilds for raid5 k mogi , m kitsuregawa sigmod conference 1996",,
1415,"unrolling cycles to decide trigger termination s lee , t ling 1999",vldb,
1416,on-line reorganization of sparsely-populated b + trees,sigmod conference,1996.0
1417,similarity search in high dimensions via hashing vldb,,1999.0
1418,"optimal grid-clustering : towards breaking the curse of dimensionality in high-dimensional clustering a hinneburg , d keim vldb 1999",,
1419,"birch : an efficient data clustering method for very large databases t zhang , r ramakrishnan , m livny sigmod conference 1996",,
1420,"o-o , what have they done to db2 ?",vldb,1999.0
1421,"query caching and optimization in distributed mediator systems s adali , k candan , y papakonstantinou , v subrahmanian sigmod conference",,1996.0
1422,two techniques for on-line index modification in shared nothing parallel databases,sigmod conference,1996.0
1423,"what can hierarchies do for data warehouses ? h jagadish , l lakshmanan , d srivastava vldb",,1999.0
1424,"relational databases for querying xml documents : limitations and opportunities j shanmugasundaram , k tufte , c zhang , g he , d dewitt , j naughton 1999",vldb,
1425,rapid bushy join-order optimization with cartesian products sigmod conference 1996,,
1426,performance measurements of compressed bitmap indices t johnson 1999,vldb,
1427,objectivity industrial exhibit o objectivity vldb,,1998.0
1428,idea : interactive data exploration and analysis sigmod conference,,1996.0
1429,"optimizing queries over multimedia repositories s chaudhuri , l gravano 1996",sigmod conference,
1430,loading a cache with query results vldb,,1999.0
1431,"query optimization for xml j mchugh , j widom",vldb,1999.0
1432,sql query optimization : reordering for a general class of queries sigmod conference 1996,,
1433,"probabilistic optimization of top n queries d donjerkovic , r ramakrishnan",vldb,1999.0
1434,"bess : storage support for interactive visualization systems a biliris , t funkhouser , w o'connell , e panagos",sigmod conference,1996.0
1435,multi-dimensional substring selectivity estimation,vldb,1999.0
1436,capbased-ams : a capability-based and event-driven activity management system,sigmod conference,1996.0
1437,quality-driven integration of heterogenous information systems 1999,vldb,
1438,"data mining using two-dimensional optimized accociation rules : scheme , algorithms , and visualization 1996",sigmod conference,
1439,mining quantitative association rules in large relational tables sigmod conference,,1996.0
1440,"integrating heterogenous overlapping databases through object-oriented transformations v josifovski , t risch 1999",vldb,
1441,issues in network management in the next millennium,vldb,1999.0
1442,databases and visualization,sigmod conference,1996.0
1443,networked data management design points j hamilton vldb,,1999.0
1444,data mining techniques sigmod conference,,1996.0
1445,dbsim : a simulation tool for predicting database performance 1996,sigmod conference,
1446,in cyber space no one can hear you scream vldb 1999,,
1447,dbminer : interactive mining of multiple-level knowledge in relational databases 1996,sigmod conference,
1448,"spirit : sequential pattern mining with regular expression constraints m garofalakis , r rastogi , k shim vldb 1999",,
1449,"a framework for supporting data integration using the materialized and virtual approaches r hull , g zhou 1996",sigmod conference,
1450,microsoft english query 7.5 : automatic extraction of semantics from relational databases and olap cubes vldb,,1999.0
1451,change detection in hierarchically structured information sigmod conference 1996,,
1452,"the new locking , logging , and recovery architecture of microsoft sql server 7.0 1999",vldb,
1453,the value of merge-join and hash-join in sql server,vldb,1999.0
1454,a query language and optimization techniques for unstructured data sigmod conference 1996,,
1455,"voodb : a generic discrete-event random simulation model to evaluate the performances of oodbs j darmont , m schneider vldb",,1999.0
1456,accessing relational databases from the world wide web sigmod conference 1996,,
1457,"goal-oriented buffer management revisited k brown , m carey , m livny",sigmod conference,1996.0
1458,"building light-weight wrappers for legacy web data-sources using w4f a sahuguet , f azavant vldb 1999",,
1459,"aqua : a fast decision support systems using approximate query answers s acharya , p gibbons , v poosala vldb 1999",,
1460,"evaluating queries with generalized path expressions v christophides , s cluet , g moerkotte",sigmod conference,1996.0
1461,repeating history beyond aries vldb,,1999.0
1462,"cost-based optimization for magic : algebra and implementation p seshadri , j hellerstein , h pirahesh , t leung , r ramakrishnan , d srivastava , p stuckey , s sudarshan",sigmod conference,1996.0
1463,online feedback for nested aggregate queries with multi-threading 1999,vldb,
1464,algorithms for deferred view maintenance sigmod conference,,1996.0
1465,the persistent cache : improving oid indexing in temporal object-oriented database systems k nјrvхg vldb,,1999.0
1466,"a query language for multidimensional arrays : design , implementation , and optimization techniques l libkin , r machlin , l wong sigmod conference",,1996.0
1467,"mining deviants in a time series database h jagadish , n koudas , s muthukrishnan vldb 1999",,
1468,a super scalar sort algorithm for risc processors sigmod conference,,1996.0
1469,histogram-based approximation of set-valued query-answers 1999,vldb,
1470,bifocal sampling for skew-resistant join size estimation,sigmod conference,1996.0
1471,"semantic compression and pattern extraction with fascicles h jagadish , j madar , r ng vldb 1999",,
1472,"estimating alphanumeric selectivity in the presence of wildcards p krishnan , j vitter , b iyer",sigmod conference,1996.0
1473,adaptive parallel aggregation algorithms,sigmod conference,1995.0
1474,extending practical pre-aggregation in on-line analytical processing 1999,vldb,
1475,"aggregation algorithms for very large compressed data warehouses j li , d rotem , j srivastava vldb",,1999.0
1476,a general solution of the n-dimensional b-tree problem 1995,sigmod conference,
1477,extracting large-scale knowledge bases from the web 1999,vldb,
1478,"efficient optimistic concurrency control using loosely synchronized clocks a adya , r gruber , b liskov , u maheshwari",sigmod conference,1995.0
1479,"data-driven , one-to-one web site generation for data-intensive applications 1999",vldb,
1480,a critique of ansi sql isolation levels sigmod conference,,1995.0
1481,"the garlic project m roth , m arya , l haas , m carey , w cody , r fagin , p schwarz , j ii , e wimmers sigmod conference",,1996.0
1482,"curio : a novel solution for efficient storage and indexing in data warehouses a datta , k ramamritham , h thomas",vldb,1999.0
1483,"datawarehousing has more colours than just black & white t zurek , m sinnwell vldb 1999",,
1484,"the multiview project : object-oriented view technology and applications e rundensteiner , h kuno , y ra , v crestana-taube , m jones , p marrѓn sigmod conference",,1996.0
1485,sonar : system for optimized numeric associationrules sigmod conference 1996,,
1486,high-performance extensible indexing m kornacker,vldb,1999.0
1487,"metu interoperable database system a dogac , u halici , e kilic , g жzhan , f ozcan , s nural , c dengi , s mancuhan , i arpinar , p koksal , c evrendilek sigmod conference 1996",,
1488,hierarchical prefix cubes for range-sum queries vldb 1999,,
1489,"prospector : a content-based multimedia server for massively parallel architectures s choo , w o'connell , g linderman , h chen , k ganapathi , a biliris , e panagos , d schrader sigmod conference 1996",,
1490,combining histograms and parametric curve fitting for feedback-driven query result-size estimation,vldb,1999.0
1491,"lore : a lightweight object repository for semistructured data d quass , j widom , r goldman , k haas , q luo , j mchugh , s nestorov , a rajaraman , h rivero , s abiteboul , j ullman , j wiener 1996",sigmod conference,
1492,"evaluating top-k selection queries s chaudhuri , l gravano 1999",vldb,
1493,hyperstorm - administering structured documents using object-oriented database technology,sigmod conference,1996.0
1494,"distributed hypertext resource discovery through examples s chakrabarti , m berg , b dom 1999",vldb,
1495,thinksheet : a tool for tailoring complex documents sigmod conference,,1996.0
1496,"building hierarchical classifiers using class proximity k wang , s zhou , s liew 1999",vldb,
1497,"active storage hierarchy , database systems and applications - socratic exegesis f cariёo , w o'connell , j burgess , j saltz 1999",vldb,
1498,state of the art in workflow management research and products 1996,,
1499,repository system engineering,,1996.0
1500,"cost models do matter : providing cost information for diverse data sources in a federated system m roth , f ozcan , l haas vldb",,1999.0
1501,generating call-level interfaces for advanced database application programming vldb 1999,,
1502,the ins and outs ( and everthing in between ) of data warehousing 1996,,
1503,"high level indexing of user-defined types w chen , j chow , y fuh , j grandbois , m jou , n mattos , b tran , y wang 1999",vldb,
1504,"is gui programming a database research problem ? n goyal , c hoch , r krishnamurthy , b meckler , m suckow 1996",sigmod conference,
1505,materialized view maintenance and integrity constraint checking : trading space for time 1996,sigmod conference,
1506,finding intensional knowledge of distance-based outliers vldb 1999,,
1507,"a novel index supporting high volume data warehouse insertion c jermaine , a datta , e omiecinski vldb",,1999.0
1508,maintaining database consistency in presence of value dependencies in multidatabase systems sigmod conference 1996,,
1509,rule languages and internal algebras for rule-based optimizers 1996,sigmod conference,
1510,dynamic load balancing for parallel association rule mining on heterogenous pc cluster systems,vldb,1999.0
1511,"a scalable and highly available networked database architecture r bamford , r ahad , a pruscino",vldb,1999.0
1512,query execution techniques for caching expensive methods sigmod conference,,1996.0
1513,"semi-automatic , self-adaptive control of garbage collection rates in object databases j cook , a klauser , a wolf , b zorn sigmod conference",,1996.0
1514,context-based prefetch for implementing objects on relations vldb 1999,,
1515,towards effective and efficient free space management,sigmod conference,1996.0
1516,ghost : fine granularity buffering of indexes vldb 1999,,
1517,dbmss on a modern processor : where does time go ?,vldb,1999.0
1518,static detection of security flaws in object-oriented databases 1996,sigmod conference,
1519,capturing and querying multiple aspects of semistructured data vldb,,1999.0
1520,"multi-dimensional resource scheduling for parallel queries m garofalakis , y ioannidis sigmod conference 1996",,
1521,safe and efficient sharing of persistent objects in thor sigmod conference,,1996.0
1522,"cache conscious indexing for decision-support in main memory j rao , k ross",vldb,1999.0
1523,comparing hierarchical data in external memory 1999,vldb,
1524,"an open storage system for abstract objects s blott , l relly , h schek sigmod conference",,1996.0
1525,improved histograms for selectivity estimation of range predicates,sigmod conference,1996.0
1526,explaining differences in multidimensional aggregates 1999,vldb,
1527,very large databases in a commercial application environment k hess vldb 1996,,
1528,"database architecture optimized for the new bottleneck : memory access p boncz , s manegold , m kersten 1999",vldb,
1529,"structures for manipulating proposed updates in object-oriented databases m doherty , r hull , m rupawalla sigmod conference",,1996.0
1530,spatial hash-joins 1996,sigmod conference,
1531,active views for electronic commerce vldb 1999,,
1532,"partition based spatial-merge join j patel , d dewitt sigmod conference 1996",,
1533,"an adaptive hybrid server architecture for client caching odbmss k voruganti , m жzsu , r unrau 1999",vldb,
1534,"implementing data cubes efficiently v harinarayan , a rajaraman , j ullman 1996",sigmod conference,
1535,exploiting versions for handling updates in broadcast disks,vldb,1999.0
1536,fast algorithms for maintaining replica consistency in lazy master replicated databases,vldb,1999.0
1537,providing better support for a class of decision support queries,sigmod conference,1996.0
1538,"datablitz : a high performance main-memory storage manager j baulier , p bohannon , s gogate , s joshi , c gupta , a khivesera , h korth , p mcilroy , j miller , p narayan , m nemeth , r rastogi , a silberschatz , s sudarshan",vldb,1998.0
1539,adapting materialized views after redefinitions sigmod conference,,1995.0
1540,"bridging heterogeneity : research and practice of database middleware technology f rezende , g sauter 1998",vldb,
1541,broadcast disks : data management for asymmetric communications environments sigmod conference,,1995.0
1542,heterogeneous database query optimization in db2 universal datajoiner,vldb,1998.0
1543,an effective hash based algorithm for mining association rules sigmod conference,,1995.0
1544,"a database system for real-time event aggregation in telecommunication j baulier , s blott , h korth , a silberschatz",vldb,1998.0
1545,"fastmap : a fast algorithm for indexing , data-mining and visualization of traditional and multimedia datasets c faloutsos , k lin",sigmod conference,1995.0
1546,"dynamic resource brokering for multi-user query execution d davison , g graefe 1995",sigmod conference,
1547,architecture of oracle parallel server,vldb,1998.0
1548,checkpointing in oracle vldb 1998,,
1549,"applying update streams in a soft real-time database system b adelberg , h garcia-molina , b kao 1995",sigmod conference,
1550,"balancing histogram optimality and practicality for query result size estimation y ioannidis , v poosala sigmod conference",,1995.0
1551,from data independence to knowledge independence : an on-going story vldb,,1998.0
1552,dtl 's dataspot : database exploration using plain language,vldb,1998.0
1553,enhancing database correctness : a statistical approach sigmod conference 1995,,
1554,resource scheduling for composite multimedia objects vldb 1998,,
1555,"copy detection mechanisms for digital documents s brin , j davis , h garcia-molina sigmod conference 1995",,
1556,"performance measurements of tertiary storage devices t johnson , e miller vldb 1998",,
1557,a database interface for file updates sigmod conference,,1995.0
1558,"incremental maintenance for materialized views over semistructured data s abiteboul , j mchugh , m rys , v vassalos , j wiener vldb",,1998.0
1559,fault tolerant design of multimedia servers,sigmod conference,1995.0
1560,proximity search in databases 1998,vldb,
1561,efficient maintenance of materialized mediated views sigmod conference,,1995.0
1562,"carnot and infosleuth : database technology and the world wide web d woelk , w bohrer , n jacobs , k ong , c tomlinson , c unnikrishnan sigmod conference",,1995.0
1563,technology and the future of commerce and finance ( abstract ) vldb,,1998.0
1564,active storage for large-scale data mining and multimedia vldb,,1998.0
1565,high availability of commercial applications k ivinskis sigmod conference,,1995.0
1566,enterprise transaction processing on windows nt g hope,sigmod conference,1995.0
1567,a single pass computing engine for interactive analysis of vldbs t mihalisin,vldb,1998.0
1568,dms : a parallel data mining server f george vldb,,1998.0
1569,directv and oracle rdb : the challenges of vldb transaction processing w gettys 1995,sigmod conference,
1570,"enterprise objects framework , a second generation object-relational enabler",sigmod conference,1995.0
1571,"low-cost compensation-based query processing и grјvlen , s hvasshovd , и torbjјrnsen vldb 1998",,
1572,an overview of db2 parallel edition,sigmod conference,1995.0
1573,a quantitative analysis and performance study for similarity-search methods in high-dimensional spaces,vldb,1998.0
1574,data extraction and transformation for the data warehouse,sigmod conference,1995.0
1575,"reducing the braking distance of an sql query engine m carey , d kossmann 1998",vldb,
1576,cover your assets m olson sigmod conference,,1995.0
1577,querying continuous time sequences,vldb,1998.0
1578,"recovery protocols for shared memory database systems l molesky , k ramamritham sigmod conference 1995",,
1579,edgar f. codd : a tribute and personal memoir sigmod record 2003,,
1580,nd-sql : a multi-dimensional language for interoperability and olap vldb 1998,,
1581,the lyric language : querying constraint objects sigmod conference,,1995.0
1582,"the heterogeneity problem and middleware technology : experiences with and performance of database gateways f rezende , k hergula vldb",,1998.0
1583,"evaluating functional joins along nested reference sets in object-relational and object-oriented databases r braumandl , j clauпen , a kemper vldb 1998",,
1584,datamine - interactive rule discovery system,sigmod conference,1995.0
1585,"using schema matching to simplify heterogeneous data translation t milo , s zohar",vldb,1998.0
1586,efendi : federated database system of cadlab sigmod conference,,1995.0
1587,nearest neighbor queries 1995,sigmod conference,
1588,on optimal node splitting for r-trees vldb 1998,,
1589,"r-tree based indexing of now-relative bitemporal data r bliujute , c jensen , s saltenis , g slivinskas vldb",,1998.0
1590,topological relations in the world of minimum bounding rectangles : a study with r-trees sigmod conference,,1995.0
1591,"towards an effective calculus for object query languages l fegaras , d maier 1995",sigmod conference,
1592,"optimal histograms with quality guarantees h jagadish , n koudas , s muthukrishnan , v poosala , k sevcik , t suel",vldb,1998.0
1593,"ofl : a functional execution model for object query languages g gardarin , f machuca , p pucheral sigmod conference 1995",,
1594,"incremental clustering for mining in a data warehousing environment m ester , h kriegel , j sander , m wimmer , x xu vldb 1998",,
1595,"inferring function semantics to optimize queries m cherniack , s zdonik",vldb,1998.0
1596,oodb indexing by class-division,sigmod conference,1995.0
1597,the handwritten trie : indexing electronic ink sigmod conference 1995,,
1598,"topaz : a cost-based , rule-driven , multi-phase parallelizer c nippl , b mitschang",vldb,1998.0
1599,"improving adaptable similarity query processing by using approximations m ankerst , b braunmќller , h kriegel , t seidl",vldb,1998.0
1600,"parallel evaluation of multi-join queries a wilschut , j flokstra , p apers 1995",sigmod conference,
1601,mindreader : querying databases through multiple examples,vldb,1998.0
1602,"the merge/purge problem for large databases m hernсndez , s stolfo",sigmod conference,1995.0
1603,semantic assumptions and query evaluation in temporal databases sigmod conference 1995,,
1604,"what do those weird xml types want , anyway ? vldb",,1999.0
1605,"online dynamic reordering for interactive data processing v raman , b raman , j hellerstein 1999",vldb,
1606,implementing crash recovery in quickstore : a performance study,sigmod conference,1995.0
1607,hyper-programming in java,vldb,1999.0
1608,"reducing multidatabase query response time by tree balancing w du , m shan , u dayal sigmod conference 1995",,
1609,"industrial panel on data warehousing technologies : experiences , challenges , and directions u dayal 1999",vldb,
1610,temporal conditions and integrity constraints in active database systems sigmod conference,,1995.0
1611,"pm3 : an orthogonal persistent systems programming language - design , implementation , performance a hosking , j chen 1999",vldb,
1612,view maintenance in a warehousing environment,sigmod conference,1995.0
1613,"implementation of sql3 structured types with inheritance and value substitutability y fuh , s deпloch , w chen , n mattos , b tran , b lindsay , l demichel , s rielau , d mannhaupt",vldb,1999.0
1614,"hypergraph based reorderings of outer join queries with complex predicates g bhargava , p goel , b iyer",sigmod conference,1995.0
1615,"the spiffi scalable video-on-demand system c freedman , d dewitt",sigmod conference,1995.0
1616,"implementation of two semantic query optimization techniques in db2 universal database q cheng , j gryz , f koo , t leung , l liu , x qian , k schiefer vldb",,1999.0
1617,optimization of run-time management of data intensive web-sites 1999,vldb,
1618,incremental maintenance of views with duplicates sigmod conference,,1995.0
1619,"join queries with external text sources : execution and optimization techniques s chaudhuri , u dayal , t yan",sigmod conference,1995.0
1620,determining text databases to search in the internet vldb,,1998.0
1621,"an online video placement policy based on bandwith to space ratio ( bsr ) a dan , d sitaram sigmod conference 1995",,
1622,atomicity versus anonymity : distributed transactions for electronic commerce j tygar 1998,vldb,
1623,diag-join : an opportunistic join algorithm for 1 : n relationships,vldb,1998.0
1624,upsizing from file server to clent server architectures t team sigmod conference,,1995.0
1625,"object-oriented , rapid application development in a pc database environment 1995",sigmod conference,
1626,"hash joins and hash teams in microsoft sql server g graefe , r bunker , s cooper vldb 1998",,
1627,"the data that you wo n't find in databases : tutorial panel on data exchange formats p buneman , d maier sigmod conference 1995",,
1628,spatio-temporal retrieval with rasdaman vldb 1999,,
1629,"using the calanda time series management system w dreyer , a dittrich , d schmidt",sigmod conference,1995.0
1630,"xml repository and active views demonstration s abiteboul , v aguilera , s ailleret , b amann , s cluet , b hills , f hubert , j mamou , a marian , l mignet , t milo , c santos , b tessier , a vercoustre vldb",,1999.0
1631,the lotus notes storage system k moore sigmod conference,,1995.0
1632,"the mirror mmdbms architecture a vries , m doorn , h blanken , p apers vldb 1999",,
1633,keynote address,,1995.0
1634,"miro web : integrating multiple data sources through semistructured data types l bouganim , t chan-sine-ying , t dang-ngoc , j darroux , g gardarin , f sha 1999",vldb,
1635,parallel database systems 101 j gray sigmod conference,,1995.0
1636,"clustering categorical data : an approach based on dynamical systems d gibson , j kleinberg , p raghavan vldb 1998",,
1637,keynote address,,1995.0
1638,things every update replication customer should know r golding,sigmod conference,1995.0
1639,"fast high-dimensional data search in incomplete databases b ooi , c goh , k tan 1998",vldb,
1640,algorithms for mining association rules for binary segmentations of huge categorical databases 1998,vldb,
1641,versant replication : supporting fault-tolerant object databases sigmod conference 1995,,
1642,research and products : are they relevant to each other ? ( panel ) sigmod conference,,1995.0
1643,algorithms for mining distance-based outliers in large datasets vldb 1998,,
1644,real world requirements for decision support - implications for rdbms s bansal sigmod conference,,1995.0
1645,design and analysis of parametric query optimization algorithms vldb,,1998.0
1646,filtering with approximate predicates vldb,,1998.0
1647,`` one size fits all '' database architectures do not work for dds c french,sigmod conference,1995.0
1648,binding propagation in disjunctive databases vldb 1998,,
1649,leveraging the information asset sigmod conference,,1995.0
1650,use of a component architecture in integrating relational and non-relational storage systems r atkinson 1995,sigmod conference,
1651,computing iceberg queries efficiently 1998,vldb,
1652,bulk-loading techniques for object databases and an application to relational data 1998,vldb,
1653,informix online xps 1995,sigmod conference,
1654,order-of-magnitude advantage of tpc-c though massive parallelism sigmod conference,,1995.0
1655,algorithms for querying by spatial structure vldb,,1998.0
1656,a raster approximation for processing of spatial joins,vldb,1998.0
1657,objects and sql : strange relations ? panel d deutsch,sigmod conference,1995.0
1658,bank of america case study : the information currency advantage,vldb,1998.0
1659,indexing multimedia databases ( tutorial ) 1995,,
1660,an asynchronous avoidance-based cache consistency algorithm for client caching dbmss,vldb,1998.0
1661,an overview of the emerging third-generation sql standard ( tutorial ),,1995.0
1662,"workflow automation : applications , technology , and research ( tutorial )",,1995.0
1663,"design , implementation , and performance of the lham log-structured history data access method vldb 1998",,
1664,integration approaches for cim,,1995.0
1665,"expiring data in a warehouse h garcia-molina , w labio , j yang vldb 1998",,
1666,storage technology : raid and beyond 1995,,
1667,"buffering and read-ahead strategies for external mergesort w zhang , p larson vldb 1998",,
1668,an efficient cost-driven index selection tool for microsoft sql server 1997,vldb,
1669,"the samos active dbms prototype s gatziu , a geppert , k dittrich 1995",sigmod conference,
1670,design and implementation of advanced knowledge processing in the kdms krisys ( demonstration description ),sigmod conference,1995.0
1671,"algorithms for materialized view design in data warehousing environment j yang , k karlapalem , q li",vldb,1997.0
1672,"data warehouse configuration d theodoratos , t sellis vldb",,1997.0
1673,"infoharness : a system for search and retrieval of heterogeneous information l shklar , a sheth , v kashyap , s thatte",sigmod conference,1995.0
1674,fast computation of sparse datacubes vldb,,1997.0
1675,qbi : query by icons sigmod conference,,1995.0
1676,"1-safe algorithms for symmetric site configurations r humborstad , m sabaratnam , s hvasshovd , и torbjјrnsen vldb",,1997.0
1677,"the reach active oodbms a buchmann , a deutsch , j zimmermann , m higa sigmod conference 1995",,
1678,"do n't scrap it , wrap it ! a wrapper architecture for legacy data sources vldb",,1997.0
1679,the query by image content ( qbic ) system sigmod conference,,1995.0
1680,"the naos system c collet , t coupaye 1995",sigmod conference,
1681,describing and using query capabilities of heterogeneous sources vldb,,1997.0
1682,"efficient construction of regression trees with range and region splitting y morimoto , h ishii , s morishita vldb",,1997.0
1683,the algres testbed of chimera : an active object-oriented database system 1995,sigmod conference,
1684,"concurrent garbage collection in o2 m skubiszewski , p valduriez vldb",,1997.0
1685,ptool : a light weight persistent object manager 1995,sigmod conference,
1686,a one-pass algorithm for accurately estimating quantiles for disk-resident data vldb 1997,,
1687,finding data in the neighborhood vldb 1997,,
1688,"pattern matching and pattern discovery in scientific , program , and document databases j wang , k zhang , d shasha 1995",sigmod conference,
1689,"adaptive data broadcast in hybrid networks k stathatos , n roussopoulos , j baras",vldb,1997.0
1690,shore : combining the best features of oodbms and file systems sigmod conference,,1995.0
1691,"a generic approach to bulk loading multidimensional index structures j bercken , b seeger , p widmayer vldb 1997",,
1692,paradise : a database system for gis applications sigmod conference,,1995.0
1693,"evaluation of main memory join algorithms for joins with set comparison join predicates s helmer , g moerkotte vldb 1997",,
1694,"semint : a system prototype for semantic integration in heterogeneous databases w li , c clifton",sigmod conference,1995.0
1695,dynamic memory adjustment for external mergesort,vldb,1997.0
1696,"information translation , mediation , and mosaic-based browsing in the tsimmis system j hammer , h garcia-molina , k ireland , y papakonstantinou , j ullman , j widom sigmod conference 1995",,
1697,garbage collection in object oriented databases using transactional cyclic reference counting vldb,,1997.0
1698,visdb : a system for visualizing large databases sigmod conference,,1995.0
1699,"data modeling of time-based media s gibbs , c breiteneder , d tsichritzis 1994",sigmod conference,
1700,fast incremental maintenance of approximate histograms vldb,,1997.0
1701,groupwise processing of relational queries vldb 1997,,
1702,combinatorial pattern discovery for scientific data : some preliminary results sigmod conference,,1994.0
1703,a region splitting strategy for physical database design of multidimensional file organizations vldb,,1997.0
1704,"aries/csa : a method for database recovery in client-server architectures c mohan , i narang sigmod conference",,1994.0
1705,ensuring relaxed atomicity for flexible transactions in multidatabase systems,sigmod conference,1994.0
1706,"dataguides : enabling query formulation and optimization in semistructured databases r goldman , j widom",vldb,1997.0
1707,"energy efficient indexing on air t imielinski , s viswanathan , b badrinath 1994",sigmod conference,
1708,"geo/environmental and medical data management in the rasdaman system p baumann , p furtado , r ritsch , n widmann vldb 1997",,
1709,"asset : a system for supporting extended transactions a biliris , s dar , n gehani , h jagadish , k ramamritham sigmod conference 1994",,
1710,"gte superpages : using ir techniques for searching complex objects s whitehead , h sinha , m murphy vldb 1997",,
1711,effective memory use in a media server,vldb,1997.0
1712,"the ecrc multi database system w jonker , h schќtz sigmod conference 1995",,
1713,data replication for mobile computers sigmod conference,,1994.0
1714,efficient user-adaptable similarity search in large multimedia databases vldb 1997,,
1715,"fine-grained sharing in a page server oodbms m carey , m franklin , m zaharioudakis sigmod conference 1994",,
1716,critical database technologies for high energy physics,vldb,1997.0
1717,"fast subsequence matching in time-series databases c faloutsos , m ranganathan , y manolopoulos",sigmod conference,1994.0
1718,"caprera : an activity framework for transaction processing on wide-area networks s kumar , e kwang , d agrawal vldb 1997",,
1719,"distributing a search tree among a growing number of processors b krіll , p widmayer",sigmod conference,1994.0
1720,"data manager for evolvable real-time command and control systems e hughes , r ginis , b thuraisingham , p krupp , j maurer 1997",vldb,
1721,"distributed processing over stand-alone systems and applications g alonso , c hagen , h schek , m tresch vldb",,1997.0
1722,from structured documents to novel query facilities 1994,sigmod conference,
1723,"alphasort : a risc machine sort c nyberg , t barclay , z cvetanovic , j gray , d lomet",sigmod conference,1994.0
1724,the microsoft repository 1997,vldb,
1725,"distributed file organization with scalable cost/performance r vingralek , y breitbart , g weikum sigmod conference 1994",,
1726,multidimensional access methods : trees have grown everywhere 1997,vldb,
1727,adaptive selectivity estimation using query feedback,sigmod conference,1994.0
1728,"efficient testing of high performance transaction processing systems d wildfogel , r yerneni vldb 1997",,
1729,innovation in database management : computer science vs. engineering vldb,,1997.0
1730,estimating page fetches for index scans with finite lru buffers sigmod conference 1994,,
1731,"public : a decision tree classifier that integrates building and pruning r rastogi , k shim vldb",,1998.0
1732,genesys : a system for efficient spatial query processing sigmod conference 1994,,
1733,eos : an extensible object store 1994,sigmod conference,
1734,on the discovery of interesting patterns in association rules 1998,vldb,
1735,wavecluster : a multi-resolution clustering approach for very large spatial databases vldb 1998,,
1736,databases for networks h jagadish sigmod conference,,1994.0
1737,a survey and critique of advanced transaction models,sigmod conference,1994.0
1738,"rainforest - a framework for fast decision tree construction of large datasets j gehrke , r ramakrishnan , v ganti",vldb,1998.0
1739,dec data distributor : for data replication and data warehousing d dietterich,sigmod conference,1994.0
1740,small materialized aggregates : a light weight index structure for data warehousing g moerkotte vldb,,1998.0
1741,"secure buffering in firm real-time database systems b george , j haritsa vldb",,1998.0
1742,"a performance study of transitive closure algorithms s dar , r ramakrishnan 1994",sigmod conference,
1743,safely and efficiently updating references during on-line reorganization 1998,vldb,
1744,database in crisis and transition : a technical agenda for the year 2001 d vaskevitch 1994,sigmod conference,
1745,coss : the common object services specifications sigmod conference,,1994.0
1746,"materialized view selection for multidimensional datasets a shukla , p deshpande , j naughton",vldb,1998.0
1747,"the effectiveness of gloss for the text database discovery problem l gravano , h garcia-molina , a tomasic",sigmod conference,1994.0
1748,"ratio rules : a new paradigm for fast , quantifiable data mining",vldb,1998.0
1749,implementation of magic-sets in a relational database system 1994,sigmod conference,
1750,"scalable sweeping-based spatial join l arge , o procopiuc , s ramaswamy , t suel , j vitter vldb 1998",,
1751,mining surprising patterns using temporal description length,vldb,1998.0
1752,optimization of dynamic query evaluation plans 1994,sigmod conference,
1753,"incomplete path expressions and their disambiguation y ioannidis , y lashkari sigmod conference",,1994.0
1754,scalable techniques for mining causal structures 1998,vldb,
1755,"sleepers and workaholics : caching strategies in mobile environments d barbarс , t imielinski",sigmod conference,1994.0
1756,selectivity estimation in extensible databases - a neural network approach 1998,vldb,
1757,evolving teradata decision support for massively parallel processing with unix c ballinger sigmod conference,,1994.0
1758,massive stochastic testing of sql d slutz vldb 1998,,
1759,"issues in developing very large data warehouses l do , p drew , w jin , v jumani , d rossum",vldb,1998.0
1760,staggered striping in multimedia information systems sigmod conference 1994,,
1761,database issues in telecommunications network management 1994,sigmod conference,
1762,the drill down benchmark vldb 1998,,
1763,the national medical knowledge bank vldb,,1998.0
1764,"quickly generating billion-record synthetic databases j gray , p sundaresan , s englert , k baclawski , p weinberger",sigmod conference,1994.0
1765,experiences in federated databases : from iro-db to miro-web vldb 1998,,
1766,predictive dynamic load balancing of parallel and distributed rule and query processing,sigmod conference,1994.0
1767,materialized views in oracle,vldb,1998.0
1768,incremental updates of inverted lists for text document retrieval sigmod conference,,1994.0
1769,"koda - the architecture and interface of a data model independent kernel g arun , a joshi",vldb,1998.0
1770,"optimizing queries on files m consens , t milo",sigmod conference,1994.0
1771,"on parallel execution of multiple pipelined hash joins h hsiao , m chen , p yu sigmod conference 1994",,
1772,the adabas buffer pool manager h schіning 1998,vldb,
1773,multi-step processing of spatial joins sigmod conference 1994,,
1774,"plan-per-tuple optimization solution - parallel execution of expensive user-defined functions f cariёo , w o'connell 1998",vldb,
1775,"spatial joins using seeded trees m lo , c ravishankar sigmod conference",,1994.0
1776,"is web-site management a database problem ? d florescu , a levy , d suciu 1998",vldb,
1777,"managing memory for real-time queries h pang , m carey , m livny sigmod conference 1994",,
1778,"information , communication , and money : for what can we charge and how can we meter it ? vldb",,1998.0
1779,starting ( and sometimes ending ) a database company j orenstein 1998,vldb,
1780,shoring up persistent applications 1994,sigmod conference,
1781,the cubetree storage organization 1998,vldb,
1782,quickstore : a high performance mapped object store sigmod conference,,1994.0
1783,"self-adaptive , on-line reclustering of complex object data 1994",sigmod conference,
1784,"ibm 's db2 universal database demonstrations at vldb '98 k schiefer , j kleewein , k brannon , g lohman , g fuh",vldb,1998.0
1785,sequence query processing,sigmod conference,1994.0
1786,mapinfo spatialware : a spatial information server for rdbms c mina 1998,vldb,
1787,practical predicate placement j hellerstein,sigmod conference,1994.0
1788,"optimizing disjunctive queries with expensive predicates a kemper , g moerkotte , k peithner , m steinbrunn 1994",sigmod conference,
1789,oracle industrial exhibit a pogue 1998,vldb,
1790,a language for manipulating arrays,vldb,1997.0
1791,outerjoins as disjunctions c galindo-legaria,sigmod conference,1994.0
1792,a foundation for multi-dimensional databases vldb 1997,,
1793,"partition selection policies in object database garbage collection j cook , a wolf , b zorn 1994",sigmod conference,
1794,"cost-based selection of path expression processing algorithms in object-oriented databases g gardarin , j gruser , z tang 1996",vldb,
1795,nonstop sql : scalability and availability for decision support sigmod conference 1994,,
1796,dynamic load balancing in hierarchical parallel database systems 1996,vldb,
1797,red brick warehouse : a read-mostly rdbms for open smp platforms p fernandez sigmod conference 1994,,
1798,"disseminating updates on broadcast disks s acharya , m franklin , s zdonik 1996",vldb,
1799,the montage extensible datablade achitecture m ubell,sigmod conference,1994.0
1800,object-oriented features of db2 client/server h pirahesh sigmod conference 1994,,
1801,"calibrating the query optimizer cost model of iro-db , an object-oriented federated database system g gardarin , f sha , z tang vldb 1996",,
1802,answering queries with aggregation using views 1996,vldb,
1803,"the impress ddt : a database design toolbox based on a formal specification language j flokstra , m keulen , j skowronek",sigmod conference,1994.0
1804,clustering techniques for minimizing external path length vldb 1996,,
1805,"the medusa project : autonomous data management in a shared-nothing parallel database machine g bryan , w moore , b curry , k lodge , j geyer 1994",sigmod conference,
1806,enterprise information architectures -- they 're finally changing w melling 1994,sigmod conference,
1807,fast nearest neighbor search in medical image databases,vldb,1996.0
1808,relaxed transaction processing,sigmod conference,1994.0
1809,"applying data mining techniques to a health insurance information system m viveros , j nearhos , m rothman vldb",,1996.0
1810,oracle 's symmetric replication technology and implications for application design sigmod conference,,1994.0
1811,"coalescing in temporal databases m bіhlen , r snodgrass , m soo",vldb,1996.0
1812,"sybase replication server a gorelik , y wang , m deppe sigmod conference 1994",,
1813,effective & efficient document ranking without using a large lexicon y ogawa,vldb,1996.0
1814,"xsb as an efficient deductive database engine k sagonas , t swift , d warren",sigmod conference,1994.0
1815,a new sql-like operator for mining association rules vldb 1996,,
1816,parallel database systems in the 1990 's m carey 1994,sigmod conference,
1817,"constructing efficient decision trees by using optimized numeric association rules t fukuda , y morimoto , s morishita , t tokuyama vldb 1996",,
1818,odmg-93 : a standard for object-oriented dbmss r cattell 1994,sigmod conference,
1819,efficient snapshot differential algorithms for data warehousing vldb,,1996.0
1820,eroc : a toolkit for building neato query optimizers 1996,vldb,
1821,unisql/x unified relational and object-oriented database system w kim,sigmod conference,1994.0
1822,filter trees for managing spatial data over a range of size granularities vldb 1996,,
1823,"oracle media server : providing consumer based interactive access to multimedia data a laursen , j olkin , m porter 1994",sigmod conference,
1824,object-oriented extensions in sql3 : a status report 1994,sigmod conference,
1825,"analysis of n-dimensional quadtrees using the hausdorff fractal dimension c faloutsos , v gaede vldb",,1996.0
1826,the design and implementation of a sequence database system vldb,,1996.0
1827,editor 's notes l liu,sigmod record,2003.0
1828,optimization of queries with user-defined predicates 1996,vldb,
1829,open object database management systems,,1994.0
1830,"incremental maintenance of externally materialized views m staudt , m jarke vldb 1996",,
1831,"the myriad federated database prototype s hwang , e lim , h yang , s musukula , k mediratta , m ganesh , d clements , j stenoien , j srivastava sigmod conference",,1994.0
1832,"watchman : a data warehouse intelligent cache manager p scheuermann , j shim , r vingralek vldb 1996",,
1833,"dblearn : a system prototype for knowledge discovery in relational databases j han , y fu , y huang , y cai , n cercone sigmod conference",,1994.0
1834,"the x-tree : an index structure for high-dimensional data s berchtold , d keim , h kriegel vldb 1996",,
1835,"an environmental sensor network to determine drinking water quality and security a ailamaki , c faloutsos , p fischbeck , m small , j vanbriesen",sigmod record,2003.0
1836,bluetooth-based sensor networks sigmod record,,2003.0
1837,of objects and databases : a decade of turmoil,vldb,1996.0
1838,developments at acm tods,sigmod record,2003.0
1839,the changing landscape of the software industry and its implications for india u gupta vldb,,1996.0
1840,the ores temporal database management system sigmod conference,,1994.0
1841,database management systems and the internet vldb,,1996.0
1842,dwms : data warehouse management system n mohan 1996,vldb,
1843,"ptool : a scalable persistent object manager r grossman , x qin sigmod conference",,1994.0
1844,disnic-plan : a nicnet based distributed database for micro-level planning in india m moni 1996,vldb,
1845,"a language based multidatabase system e kќhn , t tschernko , k schwarz sigmod conference",,1994.0
1846,"mosaico - a system for conceptual modeling and rapid prototyping of object-oriented database application m missikoff , m toiati sigmod conference",,1994.0
1847,bellcore 's adapt/x harness system for managing information on internet and intranets a sheth vldb 1996,,
1848,cache coherency in oracle parallel server,vldb,1996.0
1849,query by diagram : a graphical environment for querying databases 1994,sigmod conference,
1850,extracting large data sets using db2 parallel edition vldb 1996,,
1851,"quest : a project on database mining r agrawal , m carey , c faloutsos , s ghosh , m houtsma , t imielinski , b iyer , a mahboob , h miranda , r srikant , a swami 1994",sigmod conference,
1852,"metu object-oriented dbms a dogac , i arpinar , c evrendilek , c ozkan , i altintas , i durusoy , m altinel , t okay , y saygin 1994",sigmod conference,
1853,"further improvements on integrity constraint checking for stratifiable deductive databases s lee , t ling vldb 1996",,
1854,"estimation of query-result distribution and its application in parallel-join load balancing v poosala , y ioannidis vldb 1996",,
1855,"xsb as a deductive database k sagonas , t swift , d warren sigmod conference 1994",,
1856,"power efficient data gathering and aggregation in wireless sensor networks h tan , i korpeoglu",sigmod record,2003.0
1857,to weave the web vldb 1997,,
1858,multimedia streaming in large-scale sensor networks with mobile swarms 2003,sigmod record,
1859,"using probabilistic information in data integration d florescu , d koller , a levy vldb 1997",,
1860,reasoning on regular path queries 2003,sigmod record,
1861,on-demand data elevation in hierarchical multimedia storage servers vldb,,1997.0
1862,interview with pat selinger 2003,,
1863,principles of optimally placing data in tertiary storage libraries vldb 1997,,
1864,reminiscences on influential papers,,2003.0
1865,materialized views selection in a multidimensional database vldb 1997,,
1866,review of web caching and replication by michael rabinovich and oliver spatscheck . addison wesley 2002 2003,,
1867,"parallel algorithms for high-dimensional similarity joins for data mining applications j shafer , r agrawal vldb 1997",,
1868,sting : a statistical information grid approach to spatial data mining vldb,,1997.0
1869,"review of data on the web : from relational to semistructured data and xml by serge abiteboul , peter buneman , and dan suciu . morgan kaufmann 1999",,2003.0
1870,"review of spatial databases with application to gis by philippe rigaux , michel scholl , and agnes voisard . morgan kaufmann 2002 2003",,
1871,"merging ranks from heterogeneous internet sources l gravano , h garcia-molina vldb",,1997.0
1872,"energy and rate based mac protocol for wireless sensor networks r kannan , r kalidindi , s iyengar , v kumar 2003",sigmod record,
1873,"the case for enhanced abstract data types p seshadri , m livny , r ramakrishnan vldb 1997",,
1874,"integrating reliable memory in databases w ng , p chen 1997",vldb,
1875,distributed deviation detection in sensor networks,sigmod record,2003.0
1876,"logical and physical versioning in main memory databases r rastogi , s seshadri , p bohannon , d leinbaugh , a silberschatz , s sudarshan 1997",vldb,
1877,book review column sigmod record,,2003.0
1878,sensor : the atomic computing particle v kumar 2003,sigmod record,
1879,"using versions in update transactions : application to integrity checking f llirbat , e simon , d tombroff vldb 1997",,
1880,incremental organization for data recording and warehousing,vldb,1997.0
1881,"the sensor spectrum : technology , trends , and requirements j hellerstein , w hong , s madden",sigmod record,2003.0
1882,understanding the semantics of sensor data m mani,sigmod record,2003.0
1883,multiple-view self-maintenance in data warehousing environments n huyn 1997,vldb,
1884,"recovering information from summary data c faloutsos , h jagadish , n sidiropoulos 1997",vldb,
1885,"managing uncertainty in sensor database r cheng , s prabhakar sigmod record",,2003.0
1886,implementing abstract objects with inheritance in datalogneg vldb 1997,,
1887,the cougar project : a work-in-progress report 2003,sigmod record,
1888,dbglobe : a service-oriented p2p system for global computing,sigmod record,2003.0
1889,mining insurance data at swiss life vldb 1997,,
1890,facilitating multimedia database exploration through visual interfaces and perpetual query reformulations 1997,vldb,
1891,toward network data independence j hellerstein sigmod record 2003,,
1892,"design issues and challenges for rdf - and schema-based peer-to-peer systems w nejdl , w siberski , m sintek sigmod record 2003",,
1893,treasurer 's message,,2003.0
1894,the oracle universal server buffer,vldb,1997.0
1895,chair 's message 2003,,
1896,"the network as a global database : challenges of interoperability , proactivity , interactiveness , legacy p lockemann , u kіlsch , a koschel , r kramer , r nikolai , m wallrath , h walter",vldb,1997.0
1897,"selectivity estimation without the attribute value independence assumption v poosala , y ioannidis",vldb,1997.0
1898,journal relevance r snodgrass,sigmod record,2003.0
1899,"towards an odmg-compliant visual object query language m chavda , p wood 1997",vldb,
1900,2003 sigmod innovations award speech d chamberlin,sigmod record,2003.0
1901,guest editor 's introduction,,2003.0
1902,integrating sql databases with content-specific search engines 1997,vldb,
1903,"resource scheduling in enhanced pay-per-view continuous media databases m garofalakis , b жzden , a silberschatz 1997",vldb,
1904,learning about data integration challenges from day one a halevy 2003,sigmod record,
1905,"spatial joins using r-trees : breadth-first traversal with global optimizations y huang , n jing , e rundensteiner",vldb,1997.0
1906,agent-oriented software engineering report on the 4th aose workshop ( aose 2003 ) 2003,,
1907,the complexity of transformation-based join enumeration 1997,vldb,
1908,report on the 5th international workshop on the design and management of data warehouses ( dmdw ' 03 ) 2003,,
1909,"using taxonomy , discriminants , and signatures for navigating in text databases s chakrabarti , b dom , r agrawal , p raghavan",vldb,1997.0
1910,"information integration on the web : a view from ai and databases ( report on iiweb-03 ) s kambhampati , c knoblock sigmod record",,2003.0
1911,report on fqas 2002 : fifth international conference on flexible query answering systems 2003,,
1912,m-tree : an efficient access method for similarity search in metric spaces 1997,vldb,
1913,optimizing queries across diverse data sources vldb 1997,,
1914,editor 's notes l liu sigmod record 2003,,
1915,vertical data migration in large near-line document archives based on markov-chain predictions,vldb,1997.0
1916,research in database engineering at the university of namur j hainaut,sigmod record,2003.0
1917,"exposing undergraduate students to database system internals a ailamaki , j hellerstein sigmod record 2003",,
1918,"parallel query scheduling and optimization with time - and space-shared resources m garofalakis , y ioannidis vldb 1997",,
1919,"analysis of sigmod 's co-authorship graph m nascimento , j sander , j pound sigmod record 2003",,
1920,"optimizing queries with universal quantification in object-oriented and object-relational databases j clauпen , a kemper , g moerkotte , k peithner vldb",,1997.0
1921,a performance evaluation of oid mapping techniques vldb 1995,,
1922,editor 's notes,sigmod record,2003.0
1923,"efficient incremental garbage collection for client-server object database systems l amsaleg , m franklin , o gruber vldb 1995",,
1924,closing the key loophole in mls databases,sigmod record,2003.0
1925,report on the 4th international conference on mobile data management,,2003.0
1926,document management as a database problem r bayer vldb,,1995.0
1927,in memory of gэsli r. hjaltason,,2003.0
1928,from vldb to vmldb ( very many large data bases ) : dealing with large-scale semantic heterogenity s madnick 1995,vldb,
1929,"declustering databases on heterogeneous disk systems l chen , d rotem , s seshadri",vldb,1995.0
1930,"standards for databases on the grid s malaika , a eisenberg , j melton",sigmod record,2003.0
1931,"review of the data warehouse toolkit : the complete guide to dimensional modeling ( 2nd edition ) by ralph kimball , margy ross . john wiley & sons , inc. 2002",,2003.0
1932,high-concurrency locking in r-trees vldb 1995,,
1933,"duplicate removal in information system dissemination t yan , h garcia-molina vldb 1995",,
1934,interview with rakesh agrawal 2003,,
1935,reminiscences on influential papers,,2003.0
1936,"generalizing gloss to vector-space databases and broker hierarchies l gravano , h garcia-molina 1995",vldb,
1937,in-context peer-to-peer information filtering on the web a ouksel,sigmod record,2003.0
1938,tribeca : a stream database manager for network traffic analysis vldb,,1996.0
1939,selective information dissemination in p2p networks : problems and solutions 2003,sigmod record,
1940,mineset ( tm ) : a system for high-end data mining and visualization 1996,vldb,
1941,the query optimizer in tandem 's new serverware sql product,vldb,1996.0
1942,the hyperion project : from data integration to data coordination sigmod record 2003,,
1943,"tpc-d : the challenges , issues and results r bhashyam vldb",,1996.0
1944,relational data sharing in peer-based data management systems,sigmod record,2003.0
1945,performance of future database systems : bottlenecks and bonananzas vldb 1996,,
1946,"what is the data warehousing problem ? ( are materialized views the answer ? ) a gupta , i mumick 1996",vldb,
1947,the piazza peer data management project 2003,sigmod record,
1948,peer-to-peer research at stanford 2003,sigmod record,
1949,the structured information manager : a database system for sgml documents vldb 1996,,
1950,loading the data warehouse across various parallel architectures 1996,vldb,
1951,p-grid : a self-organizing structured p2p system,sigmod record,2003.0
1952,"report on the 10th conference on database systems for business , technology , and the web ( btw 2003 )",,2003.0
1953,"an efficient algorithm for mining association rules in large databases a savasere , e omiecinski , s navathe",vldb,1995.0
1954,"discovery of multiple-level association rules from large databases j han , y fu 1995",vldb,
1955,reminiscences on influential papers,,2003.0
1956,"a mapping mechanism to support bitmap index and other auxiliary structures on tables stored as primary b + - trees e chong , j srinivasan , s das , c freiwald , a yalamanchi , m jagannath , a tran , r krishnan , r jiang 2003",sigmod record,
1957,dynamic multi-resource load balancing in parallel database systems vldb,,1995.0
1958,interview with michael stonebraker,,2003.0
1959,a non-uniform data fragmentation strategy for parallel main-menory database systems 1995,vldb,
1960,information rules,sigmod record,2003.0
1961,"applying database technology in the adsm mass storage system l cabrera , r rees , w hineman vldb 1995",,
1962,peer-to-peer : harnessing the power of disruptive technologies m nascimento 2003,sigmod record,
1963,"generalized search trees for database systems j hellerstein , j naughton , a pfeffer",vldb,1995.0
1964,fundamentals of data warehouses : 2nd revised and extended edition,sigmod record,2003.0
1965,"a scalable architecture for autonomous heterogeneous database interactions s milliner , a bouguettaya , m papazoglou vldb 1995",,
1966,"fast similarity search in the presence of noise , scaling , and translation in time-series databases r agrawal , k lin , h sawhney , k shim 1995",vldb,
1967,towards a database body of knowledge : a study from spain 2003,sigmod record,
1968,research issues for data communication in mobile ad-hoc network database systems sigmod record,,2003.0
1969,"coloring away communication in parallel query optimization w hasan , r motwani 1995",vldb,
1970,bypassing joins in disjunctive queries,vldb,1995.0
1971,modelling temporal thematic map contents sigmod record,,2003.0
1972,xpath processing in a nutshell 2003,,
1973,a practical and modular implementation of extended transaction models vldb,,1995.0
1974,"a data transformation system for biological data sources p buneman , s davidson , k hart , g overton , l wong vldb 1995",,
1975,issues in data stream management sigmod record 2003,,
1976,chair 's message,,2003.0
1977,"aggregate-query processing in data warehousing environments a gupta , v harinarayan , d quass vldb 1995",,
1978,a web odyssey : from codd to xml v vianu,sigmod record,2003.0
1979,eager aggregation and lazy aggregation vldb 1995,,
1980,book review column k aberer 2003,sigmod record,
1981,a cost model for clustered object-oriented databases vldb,,1995.0
1982,"estimating the selectivity of spatial queries using the ` correlation ' fractal dimension a belussi , c faloutsos vldb",,1995.0
1983,"an approach to confidence based page ranking for user oriented web search d mukhopadhyay , d giri , s singh sigmod record 2003",,
1984,acm tods in this internet age r snodgrass,sigmod record,2003.0
1985,"zoo : a desktop experiment management environment y ioannidis , m livny , s gupta , n ponnekanti",vldb,1996.0
1986,"querying multiple features of groups in relational databases d chatziantoniou , k ross 1996",vldb,
1987,performing jobs without decompression in a compressed database system,sigmod record,2003.0
1988,modeling skewed distribution using multifractals and the ` 80-20 ' law,vldb,1996.0
1989,xpath processing in a nutshell sigmod record,,2003.0
1990,"semantic data caching and replacement s dar , m franklin , b jѓnsson , d srivastava , m tan 1996",vldb,
1991,interview with jim gray 2003,,
1992,a database approach to quality of service specification in video databases,sigmod record,2003.0
1993,implementation and analysis of a parallel collection query language d suciu vldb 1996,,
1994,ansi sql hierarchical processing can fully integrate native xml m david sigmod record,,2003.0
1995,obtaining complete answers from incomplete databases a levy 1996,vldb,
1996,"object fusion in mediator systems y papakonstantinou , s abiteboul , h garcia-molina 1996",vldb,
1997,"analysis of existing databases at the logical level : the dba companion project f marchi , s lopes , j petit , f toumani 2003",sigmod record,
1998,"database research at ut arlington s chakravarthy , y aslandogan , r elmasri , l fegaras , j oh",sigmod record,2003.0
1999,the role of integrity constraints in database interoperation 1996,vldb,
2000,multiscale histograms : summarizing topological relations in large spatial datasets vldb 2003,,
2001,"query processing in spatial network databases d papadias , j zhang , n mamoulis , y tao",vldb,2003.0
2002,merging models based on given correspondences,vldb,2003.0
2003,"avoiding ordering and grouping in query processing x wang , m cherniack vldb 2003",,
2004,"anipqo : almost non-intrusive parametric query optimization for nonlinear cost functions a hulgeri , s sudarshan 2003",vldb,
2005,"supporting top-k join queries in relational databases i ilyas , w aref , a elmagarmid 2003",vldb,
2006,the tpr * - tree : an optimized spatio-temporal access method for predictive queries vldb,,2003.0
2007,"efficient approximation of optimization queries under parametric aggregation constraints s guha , d gunopulos , n koudas , d srivastava , m vlachos 2003",vldb,
2008,cache tables : paving the way for an adaptive database cache 2003,vldb,
2009,lachesis : robust database storage management based on device-specific performance characteristics vldb 2003,,
2010,a dependability benchmark for oltp application environments vldb 2003,,
2011,primitives for workload summarization and implications for sql 2003,vldb,
2012,bhunt : automatic discovery of fuzzy algebraic constraints in relational data vldb 2003,,
2013,"estimating the output cardinality of partial preaggregation with a measure of clusteredness s helmer , t neumann , g moerkotte 2003",vldb,
2014,memory requirements for query execution in highly constrained devices vldb 2003,,
2015,tabular placement of relational data on mems-based storage devices vldb 2003,,
2016,capturing global transactions from multiple recovery log files in a partitioned database system 2003,vldb,
2017,the bea/xqrl streaming xquery processor vldb,,2003.0
2018,"xml schemas in oracle xml db r murthy , s banerjee",vldb,2003.0
2019,integrated data management for mobile services in the real world vldb 2003,,
2020,"improving performance with bulk-inserts in oracle r-trees n an , k kanth , s ravada vldb 2003",,
2021,"statistics on views c galindo-legaria , m joshi , f waas , m wu vldb 2003",,
2022,"efficient query processing for multi-dimensionally clustered tables in db2 b bhattacharjee , s padmanabhan , t malkemus , t lai , l cranston , m huras",vldb,2003.0
2023,a platform based on the multi-dimensional data model for analysis of bio-molecular structures vldb 2003,,
2024,controlling access to published data using cryptography vldb,,2003.0
2025,"oasis : an online and accurate technique for local-alignment searches on biological sequences c meek , j patel , s kasetty vldb 2003",,
2026,privacy-preserving indexing of documents on the network 2003,vldb,
2027,data compression in oracle 2003,vldb,
2028,operator scheduling in a data stream manager 2003,vldb,
2029,"efficient ir-style keyword search over relational databases v hristidis , l gravano , y papakonstantinou 2003",vldb,
2030,locating data sources in large distributed systems vldb,,2003.0
2031,robust estimation with sampling and approximate pre-aggregation c jermaine,vldb,2003.0
2032,"chameleon : an extensible and customizable tool for web data translation r torlone , p atzeni",vldb,2003.0
2033,webservice composition with o'grape and osiris vldb 2003,,
2034,implementing xquery 1.0 : the galax experience vldb 2003,,
2035,xiss/r : xml indexing and storage system using rdbms vldb,,2003.0
2036,a system for keyword proximity search on xml databases vldb 2003,,
2037,"xquec : pushing queries to compressed xml data a arion , a bonifati , g costa , s d'aguanno , i manolescu , a pugliese vldb",,2003.0
2038,"managing distributed workspaces with active xml s abiteboul , j baumgarten , a bonifati , g cobena , c cremarenco , f dragan , i manolescu , t milo , n preda",vldb,2003.0
2039,orientstore : a schema based native xml storage system 2003,vldb,
2040,"xcerpt and visxcerpt : from pattern-based to visual querying of xml and semistructured data s berger , f bry , s schaffert , c wieser",vldb,2003.0
2041,illuminating the dark side of web services,vldb,2003.0
2042,who needs xml databases ? vldb 2003,,
2043,"a database striptease or how to manage your personal databases m kersten , g weikum , m franklin , d keim , a buchmann , s chaudhuri vldb 2003",,
2044,the zero-delay data warehouse : mobilizing heterogeneous databases vldb 2003,,
2045,commercial use of database technology h schіning,vldb,2003.0
2046,grid and applications ( industrial session ) vldb 2003,,
2047,web services ( industrial session ) f cabrera,vldb,2003.0
2048,privacy-enhanced data management for next-generation e-commerce 2003,,
2049,the semantic web : semantics for data on the web 2003,,
2050,"irisnet : an architecture for internet-scale sensing services s nath , a deshpande , y ke , p gibbons , b karp , s seshan vldb 2003",,
2051,"large-scale , standards-based earth observation imagery and web mapping services p baumann vldb",,2003.0
2052,"quiet : continuous query-driven index tuning k sattler , i geist , e schallehn vldb 2003",,
2053,"chip-secured data access : reconciling access rights with data encryption l bouganim , f ngoc , p pucheral , l wu vldb",,2003.0
2054,"an interpolated volume data model t wang , s santini , a gupta",vldb,2003.0
2055,efficacious data cube exploration by semantic summarization and compression,vldb,2003.0
2056,"atlas : a small but complete sql extension for data mining and data streams h wang , c zaniolo , c luo",vldb,2003.0
2057,business modelling using sql spreadsheets,vldb,2003.0
2058,from focused crawling to expert information : an application framework for web exploration and portal generation vldb 2003,,
2059,cacheportal ii : acceleration of very large scale data center-hosted database-driven web applications vldb 2003,,
2060,"bibfinder/statminer : effectively mining and using coverage and overlap statistics in data integration z nie , s kambhampati , t hernandez vldb 2003",,
2061,"s-topss : semantic toronto publish/subscribe system m petrovic , i burcea , h jacobsen 2003",vldb,
2062,"nexusscout : an advanced location-based application on a distributed , open mediation platform vldb 2003",,
2063,"schema-driven customization of web services s abiteboul , b amann , j baumgarten , o benjelloun , f ngoc , t milo",vldb,2003.0
2064,integrating information for on demand computing n mattos vldb,,2003.0
2065,"a nanotechnology-based approach to data storage e eleftheriou , p bфchtold , g cherubini , a dholakia , c hagleitner , t loeliger , a pantazi , h pozidis , t albrecht , g binnig , m despont , u drechsler , u dќrig , b gotsmann , d jubin , w hфberle , m lantz , h rothuizen , r stutz , p vettiger , d wiesmann",vldb,2003.0
2066,the history of histograms ( abridged ) y ioannidis vldb 2003,,
2067,the data-centric revolution in networking,vldb,2003.0
2068,"xsearch : a semantic search engine for xml s cohen , j mamou , y kanza , y sagiv",vldb,2003.0
2069,complex queries over web repositories vldb 2003,,
2070,efficient mining of xml query patterns for caching,vldb,2003.0
2071,an efficient and resilient approach to filtering and disseminating streaming data vldb 2003,,
2072,phrase matching in xml vldb,,2003.0
2073,rrxf : redundancy reducing xml storage in relations vldb,,2003.0
2074,"mars : a system for publishing xml from mixed and redundant storage a deutsch , v tannen vldb 2003",,
2075,projecting xml documents 2003,vldb,
2076,mixed mode xml query processing vldb,,2003.0
2077,from tree patterns to generalized tree patterns : on efficient evaluation of xquery vldb 2003,,
2078,efficient processing of expressive node-selecting queries on xml data in secondary storage : a tree automata-based approach c koch vldb 2003,,
2079,query processing for high-volume xml message brokering 2003,vldb,
2080,"a framework for clustering evolving data streams c aggarwal , j han , j wang , p yu vldb 2003",,
2081,"a regression-based temporal pattern mining scheme for data streams w teng , m chen , p yu 2003",vldb,
2082,on the costs of multilingualism in database systems 2003,vldb,
2083,distributed top-n query processing with possibly uncooperative local systems vldb 2003,,
2084,"optimized query execution in large search engines with global page ordering x long , t suel",vldb,2003.0
2085,"path queries on compressed xml p buneman , m grohe , c koch 2003",vldb,
2086,"on the minimization of xpath queries s flesca , f furfaro , e masciari 2003",vldb,
2087,covering indexes for xml queries : bisimulation - simulation = negation p ramanan,vldb,2003.0
2088,"buffering accesses to memory-resident index structures j zhou , k ross",vldb,2003.0
2089,balancing performance and data freshness in web database servers,vldb,2003.0
2090,vipas : virtual link powered authority search in the web vldb,,2003.0
2091,sash : a self-adaptive histogram set for dynamically changing workloads,vldb,2003.0
2092,data bubbles for non-vector data : speeding-up hierarchical clustering in arbitrary metric spaces,vldb,2003.0
2093,a shrinking-based approach for multi-dimensional data analysis vldb,,2003.0
2094,combi-operator : database support for data mining applications vldb 2003,,
2095,"data morphing : an adaptive , cache-conscious storage technique r hankins , j patel",vldb,2003.0
2096,load shedding in a data stream manager,vldb,2003.0
2097,"scheduling for shared window joins over data streams m hammad , m franklin , w aref , a elmagarmid 2003",vldb,
2098,"maximizing the output rate of multi-way join queries over streaming information sources s viglas , j naughton , j burger",vldb,2003.0
2099,"holistic twig joins on indexed xml documents h jiang , w wang , h lu , j yu 2003",vldb,
2100,"wise-integrator : an automatic integrator of web search interfaces for e-commerce h he , w meng , c yu , z wu",vldb,2003.0
2101,"aquery : query language for ordered data , optimization techniques , and experiments 2003",vldb,
2102,tuple routing strategies for distributed eddies vldb 2003,,
2103,querying the internet with pier,vldb,2003.0
2104,"mapping adaptation under evolving schemas y velegrakis , r miller , l popa vldb",,2003.0
2105,locking protocols for materialized aggregate join views vldb 2003,,
2106,"adaptive , hands-off stream mining vldb 2003",,
2107,"composing mappings among data sources j madhavan , a halevy vldb 2003",,
2108,temporal slicing in the evaluation of xml queries vldb,,2003.0
2109,"the generalized pre-grouping transformation : aggregate-query optimization in the presence of dependencies a tsois , t sellis vldb",,2003.0
2110,"supporting frequent updates in r-trees : a bottom-up approach m lee , w hsu , c jensen , b cui , k teo",vldb,2003.0
2111,the nd-tree : a dynamic indexing technique for multidimensional non-ordered discrete data spaces 2003,vldb,
2112,"coarse-grained optimization : techniques for rewriting sql statement sequences t kraft , h schwarz , r rantzau , b mitschang 2003",vldb,
2113,"processing sliding window multi-joins in continuous queries over data streams l golab , m жzsu",vldb,2003.0
2114,"finding hierarchical heavy hitters in data streams g cormode , f korn , s muthukrishnan , d srivastava vldb 2003",,
2115,"star-cubing : computing iceberg cubes by top-down and bottom-up integration d xin , j han , x li , b wah vldb 2003",,
2116,checks and balances : monitoring data quality problems in network traffic databases,vldb,2003.0
2117,"systematic development of data mining-based data quality tools d lќbbers , u grimmer , m jarke vldb 2003",,
2118,"continuous k-nearest neighbor queries for continuously moving points with updates g iwerks , h samet , k smith",vldb,2003.0
2119,"staircase join : teach a relational dbms to watch its ( axis ) steps t grust , m keulen , j teubner vldb",,2003.0
2120,an almost-serial protocol for transaction execution in main-memory database systems 2002,vldb,
2121,lightweight flexible isolation for language-based extensible systems 2002,vldb,
2122,processing star queries on hierarchically-clustered fact tables vldb,,2002.0
2123,exploiting versions for on-line data warehouse maintenance in molap servers vldb 2002,,
2124,protdb : probabilistic data in xml vldb 2002,,
2125,discover : keyword search in relational databases 2002,vldb,
2126,"maintaining data privacy in association rule mining s rizvi , j haritsa vldb",,2002.0
2127,"a logical framework for scheduling workflows under resource allocation constraints p senkul , m kifer , i toroslu vldb",,2002.0
2128,incremental maintenance for non-distributive aggregate functions vldb 2002,,
2129,reverse nearest neighbor aggregates over data streams 2002,vldb,
2130,tree pattern aggregation for scalable xml data dissemination 2002,vldb,
2131,dtd-directed publishing with attribute translation grammars vldb,,2002.0
2132,fas - a freshness-sensitive coordination middleware for a cluster of olap components vldb 2002,,
2133,"the generalized mdl approach for summarization l lakshmanan , r ng , c wang , x zhou , t johnson",vldb,2002.0
2134,quotient cube : how to summarize the semantics of a data cube vldb 2002,,
2135,a one-pass aggregation algorithm with the optimal buffer size in multidimensional olap vldb,,2002.0
2136,experience report : exploiting advanced database optimization features for large-scale sap r/3 installations vldb,,2002.0
2137,"gnatdb : a small-footprint , secure database system r vingralek 2002",vldb,
2138,"a new passenger support system for public transport using mobile database access k goto , y kambayashi vldb",,2002.0
2139,information integration and xml in ibm 's db2 p selinger vldb,,2002.0
2140,toward recovery-oriented computing a fox vldb 2002,,
2141,a multi-version cache replacement and prefetching policy for hybrid data delivery environments vldb 2002,,
2142,"business process cockpit m sayal , f casati , u dayal , m shan 2002",vldb,
2143,"smart : making db2 ( more ) autonomic g lohman , s lightstone 2002",vldb,
2144,"xmark : a benchmark for xml data management a schmidt , f waas , m kersten , m carey , i manolescu , r busse vldb 2002",,
2145,"sql memory management in oracle9i b dageville , m zaяt 2002",vldb,
2146,"preference sql - design , implementation , experiences vldb",,2002.0
2147,"the denodo data integration platform a pan , j raposo , m сlvarez , p montoto , v orjales , j hidalgo , l ardao , a molano , с viёa vldb 2002",,
2148,"the grna : a highly programmable infrastructure for prototyping , developing and deploying genomics-centric applications a laud , s bhowmick , p cruz , d singh , g rajesh vldb 2002",,
2149,obk - an online high energy physics ' meta-data repository,vldb,2002.0
2150,"joining ranked inputs in practice i ilyas , w aref , a elmagarmid 2002",vldb,
2151,an efficient method for performing record deletions and updates using index scans vldb,,2002.0
2152,"serviceglobe : distributing e-services across the internet m keidl , s seltzsam , k stocker , a kemper",vldb,2002.0
2153,"self-serv : a platform for rapid composition of web services in a peer-to-peer environment q sheng , b benatallah , m dumas , e mak 2002",vldb,
2154,an automated system for web portal personalization,vldb,2002.0
2155,"eos : exactly-once e-service middleware g shegalov , g weikum , r barga , d lomet 2002",vldb,
2156,"experiments on query expansion for internet yellow page services using web log mining y ohura , k takahashi , i pramudiono , m kitsuregawa 2002",vldb,
2157,"issues and evaluations of caching solutions for web application acceleration w li , w hsiung , d kalashnikov , r sion , o po , d agrawal , k candan vldb 2002",,
2158,the rubicon of smart data r king,vldb,2002.0
2159,information management challenges from the aerospace industry s sripada vldb 2002,,
2160,"extending an ordbms : the statemachine module w mahnke , c mathis , h steiert vldb",,2002.0
2161,"banks : browsing and keyword searching in relational databases b aditya , g bhalotia , s chakrabarti , a hulgeri , c nakhe , p parag , s sudarshan vldb",,2002.0
2162,"profiling and internet connectivity in automotive environments m cilia , p hasselmayer , a buchmann vldb 2002",,
2163,"gembase : a geometric mediator for brain analysis with surface ensembles s santini , a gupta 2002",vldb,
2164,rtmonitor : real-time data monitoring using mobile agent technologies 2002,vldb,
2165,"viator - a tool family for graphical networking and data view creation s heymann , k tham , a kilian , g wegner , p rieger , d merkel , j freytag vldb",,2002.0
2166,"database technologies for electronic commerce r agrawal , r srikant , y xu 2002",vldb,
2167,"advanced database technologies in a diabetic healthcare system w hsu , m lee , b ooi , p mohanty , k teo , c xia vldb 2002",,
2168,caching technologies for web applications 2001,vldb,
2169,"approximate query processing : taming the terabytes m garofalakis , p gibbons vldb",,2001.0
2170,a-topss - a publish/subscribe system supporting approximate matching 2002,vldb,
2171,alias : an active learning led interactive deduplication system,vldb,2002.0
2172,champagne : data change propagation for heterogeneous information systems,vldb,2002.0
2173,entrans : a system for flexible consistency maintenance in directory applications,vldb,2002.0
2174,"legodb : customizing relational storage for xml documents p bohannon , j freire , j haritsa , m ramanath , p roy , j simщon vldb",,2002.0
2175,active xml : peer-to-peer data and web services integration vldb 2002,,
2176,"crawling the hidden web s raghavan , h garcia-molina",vldb,2001.0
2177,"discovery of influence sets in frequently updated databases i stanoi , m riedewald , d agrawal , a abbadi 2001",vldb,
2178,analyzing quantitative databases : image is everything vldb 2001,,
2179,a formal perspective on the view selection problem vldb 2001,,
2180,"generic schema matching with cupid j madhavan , p bernstein , e rahm",vldb,2001.0
2181,"et tu , xml ? the downfall of the relational empire ( abstract ) vldb",,2001.0
2182,"business process coordination : state of the art , trends , and open issues u dayal , m hsu , r ladin",vldb,2001.0
2183,"data management for pervasive computing m cherniack , m franklin , s zdonik vldb",,2001.0
2184,data stream query processing : a tutorial,,2003.0
2185,grid data management systems & services,,2003.0
2186,"constructing and integrating data-centric web applications : methods , tools , and techniques 2003",,
2187,"database tuning : principles , experiments , and troubleshooting techniques d shasha , p bonnet vldb 2002",,
2188,efficient algorithms for processing xpath queries 2002,vldb,
2189,"comparing data streams using hamming norms ( how to zero in ) g cormode , m datar , p indyk , s muthukrishnan",vldb,2002.0
2190,a case for fractured mirrors vldb 2002,,
2191,"fast and accurate text classification via multiple linear discriminant projections s chakrabarti , s roy , m soundalgekar",vldb,2002.0
2192,ebusiness standards and architectures,,2002.0
2193,querying and mining data streams : you only get one look 2002,,
2194,application servers and associated technologies,,2002.0
2195,automation in information extraction and data integration 2002,,
2196,searching and mining fine-grained semi-structured data 2002,,
2197,sensor data mining : similarity search and pattern analysis 2002,,
2198,"wireless graffiti - data , data everywhere matters t imielinski , b badrinath vldb",,2002.0
2199,"self-tuning database technology and information services : from wishful thinking to viable engineering g weikum , a mіnkeberg , c hasse , p zabback vldb",,2002.0
2200,"adaptable similarity search using non-relevant information t ashwin , r gupta , s ghosal",vldb,2002.0
2201,referee : an open framework for practical testing of recommender systems using researchindex,vldb,2002.0
2202,"database selection using actual physical and acquired logical collection resources in a massive domain-specific operational environment j conrad , x guo , p jackson , m meziou vldb 2002",,
2203,sideway value algebra for object-relational databases 2002,vldb,
2204,incorporating xsl processing into database engines g moerkotte 2002,vldb,
2205,structural function inlining technique for structurally recursive xml queries 2002,vldb,
2206,chip-secured data access : confidential data on untrusted servers,vldb,2002.0
2207,optimizing view queries in rolex to support navigable result trees,vldb,2002.0
2208,"watermarking relational databases r agrawal , j kiernan",vldb,2002.0
2209,"hippocratic databases r agrawal , j kiernan , r srikant , y xu",vldb,2002.0
2210,"plan selection based on query clustering a ghosh , j parikh , v sengar , j haritsa 2002",vldb,
2211,"parametric query optimization for linear and piecewise linear cost functions a hulgeri , s sudarshan",vldb,2002.0
2212,streaming queries over streaming data 2002,vldb,
2213,generic database cost models for hierarchical memory systems,vldb,2002.0
2214,a transducer-based xml query processor,vldb,2002.0
2215,monitoring streams - a new class of data management applications 2002,vldb,
2216,re-tree : an efficient index structure for regular expressions,vldb,2002.0
2217,"shooting stars in the sky : an online algorithm for skyline queries d kossmann , f ramsak , s rost vldb 2002",,
2218,updates for structure indexes,vldb,2002.0
2219,"efficient structural joins on indexed xml documents s chien , z vagena , d zhang , v tsotras , c zaniolo 2002",vldb,
2220,foundations of preferences in database systems w kieпling 2002,vldb,
2221,multi-dimensional regression analysis of time-series data streams vldb 2002,,
2222,continuous nearest neighbor search 2002,vldb,
2223,"progressive merge join : a generic and non-blocking sort-based join algorithm j dittrich , b seeger , d taylor , p widmayer vldb",,2002.0
2224,"optimizing result prefetching in web search engines with segmented indices r lempel , s moran vldb",,2002.0
2225,"i/o-conscious data preparation for large-scale web search engines m lifantsev , t chiueh vldb 2002",,
2226,"approximate frequency counts over data streams g manku , r motwani vldb",,2002.0
2227,"statstream : statistical monitoring of thousands of data streams in real time y zhu , d shasha",vldb,2002.0
2228,adaptive index structures 2002,vldb,
2229,xpathlearner : an on-line self-tuning markov histogram for xml path selectivity estimation vldb,,2002.0
2230,"distributed search over the hidden web : hierarchical database sampling and selection p ipeirotis , l gravano vldb",,2002.0
2231,exact indexing of dynamic time warping e keogh vldb 2002,,
2232,"optimizing the secure evaluation of twig queries s cho , s amer-yahia , l lakshmanan , d srivastava",vldb,2002.0
2233,"compressed accessibility map : efficient access control for xml t yu , d srivastava , l lakshmanan , h jagadish 2002",vldb,
2234,"structure and value synopses for xml data graphs n polyzotis , m garofalakis",vldb,2002.0
2235,how to summarize the universe : dynamic maintenance of quantiles vldb 2002,,
2236,a bandwidth model for internet search vldb 2002,,
2237,maintaining coherency of dynamic data in cooperating repositories vldb,,2002.0
2238,"effective change detection using sampling j cho , a ntoulas vldb 2002",,
2239,"provisions and obligations in policy management and security applications c bettini , s jajodia , x wang , d wijesekera vldb",,2002.0
2240,eliminating fuzzy duplicates in data warehouses,vldb,2002.0
2241,improving data access of j2ee applications by exploiting asynchronous messaging and caching services,vldb,2002.0
2242,"view invalidation for dynamic content caching in multitiered architectures k candan , d agrawal , w li , o po , w hsiung",vldb,2002.0
2243,"using latency-recency profiles for data delivery on the web l bright , l raschid vldb",,2002.0
2244,"searching on the secondary structure of protein sequences l hammel , j patel",vldb,2002.0
2245,efficient exploration of large scientific databases 2002,vldb,
2246,coma - a system for flexible combination of schema matching approaches vldb,,2002.0
2247,translating web data vldb 2002,,
2248,"static analysis techniques for predicting the behavior of active database rules a aiken , j hellerstein , j widom 1995",acm trans . database syst .,
2249,declarative updates of relational databases w chen acm trans . database syst .,,1995.0
2250,the incinerate data model acm trans . database syst .,,1995.0
2251,quorum consensus in nested transaction systems acm trans . database syst .,,1994.0
2252,"\ addendum to \ '' \ `` automatic generation of production rules for integrity maintenance \ '' \ '' \ '' '' s ceri , p fraternali , s paraboschi , l tanca acm trans . database syst .",,1995.0
2253,"incremental computation of nested relational query expressions l bцkgaard , l mark 1995",acm trans . database syst .,
2254,efficient checking of temporal integrity constraints using bounded history encoding 1995,acm trans . database syst .,
2255,"fast algorithms for universal quantification in large databases g graefe , r cole acm trans . database syst .",,1995.0
2256,"space optimization in deductive databases d srivastava , s sudarshan , r ramakrishnan , j naughton 1995",acm trans . database syst .,
2257,query evaluation in deductive databases with alternating fixpoint semantics,acm trans . database syst .,1995.0
2258,"containment of conjunctive queries : beyond relations as sets y ioannidis , r ramakrishnan",acm trans . database syst .,1995.0
2259,"transaction chopping : algorithms and performance studies d shasha , f llirbat , e simon , p valduriez acm trans . database syst .",,1995.0
2260,a normal form for precisely characterizing redundancy in nested relations 1996,acm trans . database syst .,
2261,magic conditions acm trans . database syst . 1996,,
2262,"an execution model for limited ambiguity rules and its application to derived data update i chen , r hull , d mcleod 1995",acm trans . database syst .,
2263,"a structured approach for the definition of the semantics of active databases p fraternali , l tanca acm trans . database syst . 1995",,
2264,"solving satisfiability and implication problems in database systems s guo , w sun , m weiss 1996",acm trans . database syst .,
2265,"implementing deductive databases by mixed integer programming c bell , a nerode , r ng , v subrahmanian",acm trans . database syst .,1996.0
2266,polymorphism and type inference in database programming acm trans . database syst . 1996,,
2267,"modularization techniques for active rules design e baralis , s ceri , s paraboschi acm trans . database syst . 1996",,
2268,"heraclitus : elevating deltas to be first-class citizens in a database programming language s ghandeharizadeh , r hull , d jacobs 1996",acm trans . database syst .,
2269,"a probabilistic relational model and algebra d dey , s sarkar 1996",acm trans . database syst .,
2270,tail recursion elimination in deductive databases acm trans . database syst . 1996,,
2271,"the building blocks for specifying communication behavior of complex objects : an activity-driven approach l liu , r meersman",acm trans . database syst .,1996.0
2272,"semantics for update rule programs and implementations in a relational database management system l raschid , j lobo 1996",acm trans . database syst .,
2273,model and verification of a data manager based on aries,acm trans . database syst .,1996.0
2274,"declustering of key-based partitioned signature files p ciaccia , p tiberio , p zezula",acm trans . database syst .,1996.0
2275,"lh * - a scalable , distributed data structure w litwin , m neimat , d schneider acm trans . database syst .",,1996.0
2276,"outerjoin simplification and reordering for query optimization c galindo-legaria , a rosenthal",acm trans . database syst .,1997.0
2277,on the semantics of `` now '' in databases,acm trans . database syst .,1997.0
2278,"extended ehemeral logging : log storage management for applications with long lived transactions j keen , w dally",acm trans . database syst .,1997.0
2279,an axiomatic model of dynamic schema evolution in objectbase systems acm trans . database syst .,,1997.0
2280,guest editorial 2003,,
2281,re-tree : an efficient index structure for regular expressions,vldb j.,2003.0
2282,"aurora : a new model and architecture for data stream management d abadi , d carney , u чetintemel , m cherniack , c convey , s lee , m stonebraker , n tatbul , s zdonik vldb j.",,2003.0
2283,fast and accurate text classification via multiple linear discriminant projections pp vldb j.,,2003.0
2284,incremental computation and maintenance of temporal aggregates vldb j. 2003,,
2285,"a case for fractured mirrors r ramamurthy , d dewitt , q su",vldb j.,2003.0
2286,a performance study of four index structures for set-valued attributes of low cardinality,vldb j.,2003.0
2287,"instance-based attribute identification in database integration c cecil , r chiang , e lim vldb j.",,2003.0
2288,cost-driven vertical class partitioning for methods in object oriented databases vldb j.,,2003.0
2289,computing complete answers to queries in the presence of limited access patterns c li vldb j.,,2003.0
2290,thesus : organizing web document collections based on link semantics,vldb j.,2003.0
2291,poesia : an ontological workflow approach for composing web services in agriculture vldb j.,,2003.0
2292,"managing multiple and distributed ontologies on the semantic web a maedche , b motik , l stojanovic",vldb j.,2003.0
2293,"learning to match ontologies on the semantic web a doan , j madhavan , r dhamankar , p domingos , a halevy vldb j. 2003",,
2294,composing web services on the semantic web vldb j.,,2003.0
2295,guest editorial,,2003.0
2296,charter and scope w kim acm trans . database syst . 1994,,
2297,"altruistic locking k salem , h garcia-molina , j shands",acm trans . database syst .,1994.0
2298,"on completeness of historical relational query languages j clifford , a croker , a tuzhilin",acm trans . database syst .,1994.0
2299,"a modified random perturbation method for database security p tendick , n matloff",acm trans . database syst .,1994.0
2300,"a taxonomy for secure object-oriented databases m olivier , s solms 1994",acm trans . database syst .,
2301,"using semantic values to falilitate interoperability among heterogeneous information systems e sciore , m siegel , a rosenthal 1994",acm trans . database syst .,
2302,index structures for selective dissemination of information under the boolean model acm trans . database syst . 1994,,
2303,amalgamating knowledge bases acm trans . database syst . 1994,,
2304,automated resolution of semantic heterogeneity in multidatabases acm trans . database syst . 1994,,
2305,tools and transformations - rigorous and otherwise - for practical database design acm trans . database syst .,,1994.0
2306,formal aspects of concurrency control in long-duration transaction systems using the nt/pv model acm trans . database syst . 1994,,
2307,synthesis of extended transaction models using acta 1994,acm trans . database syst .,
2308,"evaluation of remote backup algorithms for transaction-processing systems c polyzois , h garcia-molina 1994",acm trans . database syst .,
2309,"automatic generation of production rules for integrity maintenance s ceri , p fraternali , s paraboschi , l tanca",acm trans . database syst .,1994.0
2310,formal query languages for secure relational databases acm trans . database syst .,,1994.0
2311,"bounded ignorance : a technique for increasing concurrency in a replicated system n krishnakumar , a bernstein 1994",acm trans . database syst .,
2312,"tracing the lineage of view data in a warehousing environment y cui , j widom , j wiener acm trans . database syst . 2000",,
2313,emancipating instances from the tyranny of classes in information modeling 2000,acm trans . database syst .,
2314,a cost model for query processing in high dimensional data spaces c bіhm 2000,acm trans . database syst .,
2315,"iterative dynamic programming : a new class of query optimization algorithms d kossmann , k stocker acm trans . database syst . 2000",,
2316,a model for compound type changes encountered in schema evolution acm trans . database syst . 2000,,
2317,a foundation for representing and quering moving objects acm trans . database syst .,,2000.0
2318,improving database design through the analysis of relationships acm trans . database syst .,,1999.0
2319,security of random data perturbation methods 1999,acm trans . database syst .,
2320,"probabilistic temporal databases , i : algebra acm trans . database syst .",,2001.0
2321,"i/o reference behavior of production database workloads and the tpc benchmarks - an analysis at the logical level w hsu , a smith , h young acm trans . database syst . 2001",,
2322,temporal statement modifiers acm trans . database syst . 2000,,
2323,optimizing object queries using an effective calculus acm trans . database syst .,,2000.0
2324,"cache investment : integrating query optimization and distributed data placement d kossmann , m franklin , g drasch 2000",acm trans . database syst .,
2325,"a new approach to developing and implementing eager database replication protocols b kemme , g alonso acm trans . database syst . 2000",,
2326,theory of dependence values r meo,acm trans . database syst .,2000.0
2327,an algebraic approach to static analysis of active database rules acm trans . database syst . 2000,,
2328,answering queries with useful bindings,acm trans . database syst .,2001.0
2329,probabilistic object bases acm trans . database syst .,,2001.0
2330,editorial 2001,,
2331,an extension of the relational data model to incorporate ordered domains acm trans . database syst . 2001,,
2332,"data mining with optimized two-dimensional association rules t fukuda , y morimoto , s morishita , t tokuyama acm trans . database syst . 2001",,
2333,"querying atsql databases with temporal logic j chomicki , d toman , m bіhlen",acm trans . database syst .,2001.0
2334,"applying an update method to a set of receivers m andries , l cabibbo , j paredaens , j bussche 2001",acm trans . database syst .,
2335,flexible support for multiple access control policies acm trans . database syst .,,2001.0
2336,distributed query evaluation on semistructured data d suciu acm trans . database syst . 2002,,
2337,top-k selection queries over relational databases : mapping strategies and performance evaluation acm trans . database syst . 2002,,
2338,"a logical foundation for deductive object-oriented databases m liu , g dobbie , t ling acm trans . database syst . 2002",,
2339,atomicity and isolation for transactional processes acm trans . database syst . 2002,,
2340,"multiway spatial joins n mamoulis , d papadias",acm trans . database syst .,2001.0
2341,"a case for dynamic view management y kotidis , n roussopoulos acm trans . database syst . 2001",,
2342,editorial 2001,,
2343,"schemasql : an extension to sql for multidatabase interoperability l lakshmanan , f sadri , s subramanian",acm trans . database syst .,2001.0
2344,transactional client-server cache consistency : alternatives and performance acm trans . database syst . 1997,,
2345,"disjunctive datalog t eiter , g gottlob , h mannila 1997",acm trans . database syst .,
2346,object normal forms and dependency constraints for object-oriented schemata acm trans . database syst .,,1997.0
2347,"adaptive , fine-grained sharing in a client-server oodbms : a callback-based approach acm trans . database syst . 1997",,
2348,"applying formal methods to semantic-based decomposition of transactions p ammann , s jajodia , i ray",acm trans . database syst .,1997.0
2349,an adaptive data replication algorithm,acm trans . database syst .,1997.0
2350,probview : a flexible probabilistic database system acm trans . database syst .,,1997.0
2351,"logical design for temporal databases with multiple granularities x wang , c bettini , a brodsky , s jajodia acm trans . database syst . 1997",,
2352,"multiview access protocols for large-scale replication x liu , a helal , w du acm trans . database syst .",,1998.0
2353,ensuring consistency in multidatabases by preserving two-level serializability 1998,acm trans . database syst .,
2354,an efficient method for checking object-oriented database schema correctness acm trans . database syst .,,1998.0
2355,optimization techniques for queries with expensive methods acm trans . database syst . 1998,,
2356,safe stratified datalog with integer order does not have syntax acm trans . database syst . 1998,,
2357,"database design with common sense business reasoning and learning v storey , r chiang , d dey , r goldstein , s sundaresan",acm trans . database syst .,1997.0
2358,"supporting valid-time indeterminacy c dyreson , r snodgrass",acm trans . database syst .,1998.0
2359,safe query languages for constraint databases,acm trans . database syst .,1998.0
2360,information gathering in the world-wide web : the w3ql query language and the w3qs system,acm trans . database syst .,1998.0
2361,database design for incomplete relations,acm trans . database syst .,1999.0
2362,temporal fds on complex objects j wijsen,acm trans . database syst .,1999.0
2363,broadcast protocols to support efficient retrieval from databases by mobile users acm trans . database syst . 1999,,
2364,"conceptual schema analysis : techniques and applications s castano , v antonellis , m fugini , b pernici 1998",acm trans . database syst .,
2365,an access control model supporting periodicity constraints and temporal reasoning acm trans . database syst . 1998,,
2366,inverted files versus signature files for text indexing acm trans . database syst .,,1998.0
2367,towards a theory of cost management for digital libraries and electronic commerce,acm trans . database syst .,1998.0
2368,indexing large metric spaces for similarity search queries acm trans . database syst . 1999,,
2369,type-checking oql queries in the odmg type systems,acm trans . database syst .,1999.0
2370,the sift information dissemination system acm trans . database syst .,,1999.0
2371,"an ontological analysis of the relationship construct in conceptual modeling y wand , v storey , r weber acm trans . database syst .",,1999.0
2372,distance browsing in spatial databases acm trans . database syst .,,1999.0
2373,gloss : text-source discovery over the internet acm trans . database syst .,,1999.0
2374,"optimization of queries with user-defined predicates s chaudhuri , k shim acm trans . database syst .",,1999.0
2375,"specification and implementation of exceptions in workflow management systems f casati , s ceri , s paraboschi , g pozzi acm trans . database syst . 1999",,
2376,semantic heterogeneity resolution in federated databases by metadata implantation and stepwise evolution vldb j.,,1999.0
2377,mil primitives for querying a fragmented world vldb j. 1999,,
2378,"the intrinsic problems of structural heterogeneity and an approach to their solution t hфrder , g sauter , j thomas vldb j. 1999",,
2379,"fast joins using join indices z li , k ross",vldb j.,1999.0
2380,"optimizing multiple dimensional queries simultaneously in multidimensional databases w liang , m orlowska , j yu",vldb j.,2000.0
2381,update propagation strategies to improve freshness in lazy master replicated databases 2000,vldb j.,
2382,efficient support for interactive service in multi-resolution vod systems vldb j. 1999,,
2383,"deadlock detection in distributed database systems : a new algorithm and a comparative performance analysis n krivokapic , a kemper , e gudes",vldb j.,1999.0
2384,"on periodic resource scheduling for continuous-media databases m garofalakis , b жzden , a silberschatz",vldb j.,1998.0
2385,introduction ( special issue on multimedia databases ) 1998,vldb j.,
2386,"optimal clip ordering for multi-clip queries r ng , p shum 1998",vldb j.,
2387,spatial and temporal content-based access to hypervideo databases vldb j.,,1998.0
2388,opt + + : an object-oriented implementation for extensible database query optimization 1999,vldb j.,
2389,constant time permutation : an efficient block allocation strategy for variable-bit-rate continuous media data vldb j.,,1999.0
2390,delivering presentations from multimedia servers 1998,vldb j.,
2391,approximate similarity retrieval with m-trees vldb j. 1998,,
2392,"semantic caching of web queries b chidlovskii , u borghoff vldb j. 2000",,
2393,"learning response time for websources using query feedback and application in query optimization j gruser , l raschid , v zadorozhny , t zhan 2000",vldb j.,
2394,"unql : a query language and algebra for semistructured data based on structural recursion p buneman , m fernandez , d suciu vldb j. 2000",,
2395,"functional-join processing r braumandl , j clauпen , a kemper , d kossmann",vldb j.,2000.0
2396,"view management in multimedia databases k candan , e lemar , v subrahmanian 2000",vldb j.,
2397,"declarative specification of web sites with strudel m fernandez , d florescu , a levy , d suciu 2000",vldb j.,
2398,"analysis of navigation behaviour in web sites integrating multiple information systems b berendt , m spiliopoulou 2000",vldb j.,
2399,guest editorial : databases and the web,,2000.0
2400,"secure bufering in firm real-time database systems b george , j haritsa vldb j.",,2000.0
2401,"the lham log-structured history data access method p muth , p o'neil , a pick , g weikum 2000",vldb j.,
2402,"quantifiable data mining using ratio rules f korn , a labrinidis , y kotidis , c faloutsos",vldb j.,2000.0
2403,"wavecluster : a wavelet based clustering approach for spatial data in very large databases g sheikholeslami , s chatterjee , a zhang 2000",vldb j.,
2404,clustering categorical data : an approach based on dynamical systems,vldb j.,2000.0
2405,distance-based outliers : algorithms and applications vldb j.,,2000.0
2406,"effective timestamping in databases k torp , c jensen , r snodgrass vldb j. 2000",,
2407,foreword by the vldb '98 pc chairmen : best papers of vldb '98 2000,,
2408,seeking the truth about ad hoc join costs,vldb j.,1997.0
2409,"synchronization and recovery in a client-server storage system e panagos , a biliris vldb j. 1997",,
2410,the impact of technology on commercial transaction processing e cobb vldb j. 1997,,
2411,"concurrency and recovery for index trees d lomet , b salzberg vldb j.",,1997.0
2412,heuristic and randomized optimization for the join ordering problem 1997,vldb j.,
2413,"using extended feature objects for partial similarity retrieval s berchtold , d keim , h kriegel vldb j.",,1997.0
2414,"a configrable type hierarchy index for oodb t mќck , m polaschek 1997",vldb j.,
2415,structured document storage and refined declarative and navigational access mechanisms in hyperstorm vldb j.,,1997.0
2416,"analysis of locking behavior in three real database systems v singhal , a smith",vldb j.,1997.0
2417,dictionary-based order-preserving string compression g antoshenkov vldb j. 1997,,
2418,parametric query optimization vldb j. 1997,,
2419,"on applying hash filters to improving the execution of multi-join queries m chen , h hsiao , p yu",vldb j.,1997.0
2420,"concurrency control in hierarchical multidatabase systems s mehrotra , h korth , a silberschatz vldb j. 1997",,
2421,graphical interaction with heterogeneous databases vldb j.,,1997.0
2422,a database model for object dynamics vldb j.,,1997.0
2423,"erratum : a database model for object dynamics m papazoglou , b krфmer vldb j.",,1997.0
2424,"a logical view of structured files s abiteboul , s cluet , t milo vldb j. 1998",,
2425,"fast image retrieval using color-spatial information b ooi , k tan , t chua , w hsu vldb j. 1998",,
2426,"scalable feature selection , classification and signature generation for organizing large text databases into hierarchical topic taxonomies s chakrabarti , b dom , r agrawal , p raghavan",vldb j.,1998.0
2427,integrating reliable memory in databases 1998,vldb j.,
2428,garbage collection in object-oriented databases using transactional cyclic reference counting vldb j. 1998,,
2429,"integrated document caching and prefetching in storage hierarchies based on markov-chain predictions a kraiss , g weikum",vldb j.,1998.0
2430,integrating symbolic images into a multimedia database system using classification and abstraction approaches,vldb j.,1998.0
2431,enhanced abstract data types in object-relational databases,vldb j.,1998.0
2432,"exact : an extensible approach to active object-oriented databases o dэaz , a jaime",vldb j.,1997.0
2433,"query processing over object views of relational data g fahl , t risch 1997",vldb j.,
2434,"optimizing relational queries in connection hypergraphs : nested queries , views , and binding propagations j han vldb j.",,1998.0
2435,the oodb path-method generator ( pmg ) using access weights and precomputed access relevance vldb j. 1998,,
2436,"a flexible and recoverable client/server database event notification system e hanson , i chen , r dastur , k engel , v ramaswamy , w tan , c xu",vldb j.,1998.0
2437,"data partitioning and load balancing in parallel disk systems p scheuermann , g weikum , p zabback",vldb j.,1998.0
2438,"maintenance of implication integrity constraints under updates to constraints n ishakbeyoglu , z жzsoyoglu vldb j.",,1998.0
2439,"advanced data processing in krisys : modeling concepts , implementation techniques , and client/server issues 1998",vldb j.,
2440,"data page layouts for relational databases on deep memory hierarchies a ailamaki , d dewitt , m hill 2002",vldb j.,
2441,database indexing for large dna and protein sequence collections,vldb j.,2002.0
2442,"views in a large-scale xml repository v aguilera , s cluet , t milo , p veltri , d vodislav vldb j. 2002",,
2443,editorial 2002,,
2444,a template model for multidimensional inter-transactional association rules,vldb j.,2002.0
2445,efficient similarity search for market basket data vldb j.,,2002.0
2446,"speeding up construction of pmr quadtree-based spatial indexes g hjaltason , h samet vldb j.",,2002.0
2447,"spatial indexing of high-dimensional data based on relative approximation y sakurai , m yoshikawa , s uemura , h kojima 2002",vldb j.,
2448,"an authorization system for digital libraries e ferrari , n adam , v atluri , e bertino , u capuozzo 2002",vldb j.,
2449,efficient retrieval of similar shapes vldb j.,,2002.0
2450,searching in metric spaces by spatial approximation vldb j.,,2002.0
2451,indexing of now-relative spatio-bitemporal data,vldb j.,2002.0
2452,"query processing techniques for arrays a marathe , k salem vldb j. 2002",,
2453,locating and accessing data repositories with websemantics 2002,vldb j.,
2454,"global transaction support for workflow management systems : from formal specification to practical implementation p grefen , j vonk , p apers vldb j. 2001",,
2455,answering queries using views : a survey a halevy 2001,vldb j.,
2456,psoup : a system for streaming queries over streaming data vldb j.,,2003.0
2457,"watermarking relational data : framework , algorithms and analysis r agrawal , p haas , j kiernan vldb j.",,2003.0
2458,"complex relationships and knowledge discovery support in the infoquilt system a sheth , s thacker , s patel",vldb j.,2003.0
2459,"a bayesian decision model for cost optimal record matching v verykios , g moustakides , m elfeky vldb j. 2003",,
2460,business-to-business interactions : issues and enabling technologies 2003,vldb j.,
2461,new partnership with acm and update on the journal m жzsu vldb j. 2003,,
2462,lineage tracing for general data warehouse transformations,vldb j.,2003.0
2463,efficient schemes for managing multiversionxml documents 2002,vldb j.,
2464,"efficient filtering of xml documents with xpath expressions c chan , p felber , m garofalakis , r rastogi",vldb j.,2002.0
2465,"an xml query engine for network-bound data z ives , a halevy , d weld vldb j.",,2002.0
2466,guest editorial,,2002.0
2467,"timber : a native xml database h jagadish , s al-khalifa , a chapman , l lakshmanan , a nierman , s paparizos , j patel , d srivastava , n wiwatwattana , y wu , c yu",vldb j.,2002.0
2468,anatomy of a native xml base management system vldb j.,,2002.0
2469,tree pattern query minimization 2002,vldb j.,
2470,energy-performance trade-offs for spatial access methods on memory-resident data vldb j. 2002,,
2471,"a formal perspective on the view selection problem r chirkova , a halevy , d suciu vldb j.",,2002.0
2472,a graph-theoretic model for optimizing queries involving methods,vldb j.,2001.0
2473,"combining multi-visual features for efficient indexing in a large image database a ngu , q sheng , d huynh , r lei",vldb j.,2001.0
2474,"xml-enabled workflow management for e-services across heterogeneous platforms g shegalov , m gillmann , g weikum",vldb j.,2001.0
2475,"objectglobe : ubiquitous query processing on the internet r braumandl , m keidl , a kemper , d kossmann , a kreutz , s seltzsam , k stocker vldb j.",,2001.0
2476,"context-based prefetch - an optimization for implementing objects on relations p bernstein , s pal , d shutt",vldb j.,2000.0
2477,"indexing very high-dimensional sparse and quasi-sparse vectors for similarity searches c wang , x wang vldb j. 2001",,
2478,"supporting efficient multimedia database exploration w li , k candan , k hirata , y hara vldb j.",,2001.0
2479,"hmap - a temporal data model managing intervals with different granularities and indeterminacy from natural language sentences c combi , g pozzi 2001",vldb j.,
2480,optimizing database architecture for the new bottleneck : memory access vldb j. 2000,,
2481,"one-dimensional and multi-dimensional substring selectivity estimation h jagadish , o kapitskaia , r ng , d srivastava",vldb j.,2000.0
2482,"exploiting early sorting and early partitioning for decisionsupport query processing j clauпen , a kemper , d kossmann , c wiesner",vldb j.,2000.0
2483,guest editorial,,2000.0
2484,dynamic vp-tree indexing for n-nearest neighbor search given pair-wise distances,vldb j.,2000.0
2485,checking the temporal integrity of interactive multimedia documents 2000,vldb j.,
2486,"progressive evaluation of nested aggregate queries k tan , c goh , b ooi 2000",vldb j.,
2487,online dynamic reordering vldb j. 2000,,
2488,monotonic complements for independent data warehouses 2001,vldb j.,
2489,efficiently publishing relational data as xml documents vldb j.,,2001.0
2490,"a survey of approaches to automatic schema matching e rahm , p bernstein 2001",vldb j.,
2491,semantic integrity support in sql : 1999 and commercial ( object - ) relational database management systems,vldb j.,2001.0
2492,guest editorial,,2001.0
2493,"picodbms : scaling down database techniques for the smartcard p pucheral , l bouganim , p valduriez , c bobineau",vldb j.,2001.0
2494,approximate query mapping : accounting for translation closeness,vldb j.,2001.0
2495,approximate query processing using wavelets vldb j. 2001,,
2496,"designing wrapper components for e-services in integrating heterogeneous systems m mecella , b pernici vldb j.",,2001.0
2497,active rules for xml : a new paradigm for e-services vldb j. 2001,,
2498,minicon : a scalable algorithm for answering queries using views vldb j.,,2001.0
2499,user-cognizant multidimensional analysis vldb j.,,2001.0
2500,e-services - guest editorial 2001,,
2501,"integrating and customizing heterogeneous e-commerce applications a eyal , t milo vldb j.",,2001.0
2502,"an internet-based negotiation server for e-commerce s su , c huang , j hammer , y huang , h li , l wang , y liu , c pluempitiwiriyawej , m lee , h lam vldb j. 2001",,
2503,"an architecture to support scalable online personalization on the web a datta , k dutta , d vandermeer , k ramamritham , s navathe 2001",vldb j.,
2504,"the gmap : a versatile tool for physical data independence o tsatalos , m solomon , y ioannidis vldb j.",,1996.0
2505,algebraic query optimisation for database programming languages vldb j. 1996,,
2506,"index nesting - an efficient approach to indexing in object-oriented databases b ooi , j han , h lu , k tan vldb j.",,1996.0
2507,the design and implementation of k : a high-level knowledge-base programming language of osam * . kbms,vldb j.,1996.0
2508,a taxonomy of correctness criteria in database applications 1996,vldb j.,
2509,a predicate-based caching scheme for client-server database architectures 1996,vldb j.,
2510,"an experimental system for object-based sharing in federated databases d fang , s ghandeharizadeh",vldb j.,1996.0
2511,type-safe relaxing of schema consistency rules for flexible modeling in oodbms vldb j.,,1996.0
2512,"an asymptotically optimal multiversion b-tree b becker , s gschwind , t ohler , b seeger , p widmayer vldb j. 1996",,
2513,building knowledge base management systems 1996,vldb j.,
2514,"the hb-pi-tree : a multi-attribute index supporting concurrency , recovery and node consolidation g evangelidis , d lomet , b salzberg vldb j.",,1997.0
2515,"data placement in shared-nothing parallel database systems m mehta , d dewitt 1997",vldb j.,
2516,"access path support for referential integrity in sql2 t hфrder , j reinert",vldb j.,1996.0
2517,"a complete temporal relational algebra d dey , t barron , v storey",vldb j.,1996.0
2518,"semantic and schematic similarities between database objects : a context-based approach v kashyap , a sheth vldb j.",,1996.0
2519,query processing and optimization in oracle rdb 1996,vldb j.,
2520,the power of languages for the manipulation of complex values vldb j.,,1995.0
2521,fibonacci : a programming language for object databases vldb j.,,1995.0
2522,quickstore : a high performance mapped object store vldb j. 1995,,
2523,historical queries along multiple lines of time evolution vldb j. 1995,,
2524,"tigukat : a uniform behavioral objectbase management system m жzsu , r peters , d szafron , b irani , a lipka , a muёoz vldb j. 1995",,
2525,"thщmis : a database programming language handling integrity constraints v benzaken , a doucet vldb j.",,1995.0
2526,"title , preface to the special issue on persistent object systems 1995",,
2527,orthogonally persistent object systems vldb j.,,1995.0
2528,mariposa : a wide-area distributed database system 1996,vldb j.,
2529,"join algorithm costs revisited e harris , k ramamohanarao vldb j. 1996",,
2530,"parallelising oodbms traversals : a performance evaluation d dewitt , j naughton , j shafer , s venkataraman vldb j. 1996",,
2531,priority assignment in real-time active databases,vldb j.,1996.0
2532,"title , foreword , vldb journal to be published electronically , index vol . 4 1995",,
2533,"sleepers and workaholics : caching strategies in mobile environments d barbarс , t imielinski",vldb j.,1995.0
2534,alphasort : a cache-sensitive parallel external sort,vldb j.,1995.0
2535,estimating page fetches for index scans with finite lru buffers 1995,vldb j.,
2536,hyperfile : a data and query model for documents,vldb j.,1995.0
2537,"the software information base : a server for reuse p constantopoulos , m jarke , j mylopoulos , y vassiliou vldb j. 1995",,
2538,an introduction to spatial database systems vldb j. 1994,,
2539,ordered shared locks for real-time databases 1995,vldb j.,
2540,"title , foreword , preface to the special issue on spatial database systems , index vol . 3",,1994.0
2541,"a semantic modeling approach for image retrieval by content w chu , i ieong , r taira vldb j.",,1994.0
2542,qualitative representation of spatial knowledge in two-dimensional space,vldb j.,1994.0
2543,management of multidimensional discrete data 1994,vldb j.,
2544,title 1995,,
2545,"adaptable pointer swizzling strategies in object bases : design , realization , and quantitative analysis a kemper , d kossmann 1995",vldb j.,
2546,updating knowledge bases while maintaining their consistency 1995,vldb j.,
2547,data model for extensible support of explicit relationships in design databases vldb j.,,1995.0
2548,interviso : dealing with the complexity of federated database access,vldb j.,1995.0
2549,realm-based spatial data types : the rose algebra vldb j.,,1995.0
2550,"title , announcement 1995",,
2551,characterization of database access pattern for analytic prediction of buffer hit probability 1995,vldb j.,
2552,"the glue-nail deductive database system : design , implementation , and evaluation m derr , s morishita , g phipps vldb j. 1994",,
2553,"the coral deductive system r ramakrishnan , d srivastava , s sudarshan , p seshadri vldb j. 1994",,
2554,the aditi deductive database system,vldb j.,1994.0
2555,"chronological scheduling of transactions with temporal dependencies d georgakopoulos , m rusinkiewicz , w litwin",vldb j.,1994.0
2556,"dynamic maintenance of data distribution for selectivity estimation k whang , s kim , g wiederhold",vldb j.,1994.0
2557,a pattern-based object calculus 1994,vldb j.,
2558,"title , foreword 1994",,
2559,versioning and configuration management in an object-oriented data model,vldb j.,1994.0
2560,"the tv-tree : an index structure for high-dimensional data k lin , h jagadish , c faloutsos 1994",vldb j.,
2561,"efficiently instantiating view-objects from remote relational databases b lee , g wiederhold vldb j.",,1994.0
2562,"title , foreword 1994",,
2563,the demarcation protocol : a technique for maintaining constraints in distributed database systems vldb j. 1994,,
2564,index configuration in object-oriented databases 1994,vldb j.,
2565,an introduction to deductive database languages and systems,vldb j.,1994.0
2566,declare and sds : early efforts to commercialize deductive database technology vldb j.,,1994.0
2567,"title , foreword , special issue editorial",,1994.0
2568,sampling large databases for association rules 1996,vldb,
2569,tods reviewers,,2003.0
2570,editor 's notes l liu sigmod record,,2003.0
2571,"reordering query execution in tertiary memory databases s sarawagi , m stonebraker 1996",vldb,
2572,"query processing techniques for multiversion access methods j bercken , b seeger vldb",,1996.0
2573,a graphical query language for mobile information systems sigmod record,,2003.0
2574,pesto : an integrated query/browser for object databases vldb 1996,,
2575,a multi-paradigm querying approach for a generic multimedia database management system,sigmod record,2003.0
2576,report on the 17th brazilian symposium on database systems ( sbbd 2002 ),,2003.0
2577,query decomposition and view maintenance for query languages for unstructured data d suciu vldb,,1996.0
2578,"xml schema c campbell , a eisenberg , j melton sigmod record 2003",,
2579,"schemasql - a language for interoperability in relational multi-database systems l lakshmanan , f sadri , i subramanian",vldb,1996.0
2580,time management for new faculty,sigmod record,2003.0
2581,"querying heterogeneous information sources using source descriptions a levy , a rajaraman , j ordille 1996",vldb,
2582,two-body job searches sigmod record,,2003.0
2583,"supporting state-wide immunisation tracking using multi-paradigm workflow technology a sheth , k kochut , j miller , d worah , s das , c lin , d palaniswami , j lynch , i shevchenko",vldb,1996.0
2584,practical issues with commercial use of federated databases vldb,,1996.0
2585,chair 's message 2002,,
2586,"an early look at xquery j melton , a eisenberg 2002",sigmod record,
2587,"integrating triggers and declarative constraints in sql database sytems r cochrane , h pirahesh , n mattos 1996",vldb,
2588,guest editor 's introduction,,2002.0
2589,scalablity and availability in oracle7 7.3 d gawlick 1996,vldb,
2590,"rights of tods readers , authors and reviewers sigmod record",,2002.0
2591,supporting procedural constructs in sql compilers n mattos 1996,vldb,
2592,emergent semantics and the multimedia semantic web sigmod record,,2002.0
2593,the xps approach to loading and unloading terabyte databases s atal 1996,vldb,
2594,"a framework for semantic gossiping k aberer , p cudrщ-mauroux , m hauswirth sigmod record 2002",,
2595,large databases for remote sensing and gis a dasgupta,vldb,1996.0
2596,using referential integrity to easily define consistent subset replicas b hammond vldb,,1996.0
2597,"amicalola report : database and information system research challenges and opportunities in semantic web and enterprises a sheth , r meersman sigmod record",,2002.0
2598,book review column sigmod record 2002,,
2599,how system 11 sql server became fast t rengarajan 1996,vldb,
2600,"supporting periodic authorizations and temporal reasoning in database access control e bertino , c bettini , e ferrari , p samarati",vldb,1996.0
2601,"data modelling versus ontology engineering p spyns , r meersman , m jarrar 2002",sigmod record,
2602,intra-transaction parallelism in the mapping of an object model to a relational multi-processor system,vldb,1996.0
2603,editor 's notes l liu sigmod record 2002,,
2604,"on the computation of multidimensional aggregates s agarwal , r agrawal , p deshpande , a gupta , j naughton , r ramakrishnan , s sarawagi vldb 1996",,
2605,conceptual model of web service reputation,sigmod record,2002.0
2606,querying a multilevel database : a logical analysis f cuppens 1996,vldb,
2607,"a conceptual architecture for semantic web enabled web services c bussler , d fensel , a maedche sigmod record",,2002.0
2608,report on the first international workshop an efficient web-based information systems,,2003.0
2609,information retrieval from an incomplete data cube c dyreson vldb,,1996.0
2610,reminiscences an influential papers,,2003.0
2611,"storage estimation for multidimensional aggregates in the presence of hierarchies a shukla , p deshpande , j naughton , k ramasamy vldb",,1996.0
2612,call for book reviews,,2003.0
2613,"modeling design versions r ramakrishnan , d ram vldb",,1996.0
2614,"sprint : a scalable parallel classifier for data mining j shafer , r agrawal , m mehta 1996",vldb,
2615,"report on the first international conference on ontologies , databases and applications of semantics 2003",,
