pokemon,version,item,rarity
1217,30,i1163,5
159,28,i1756,5
149,12,i2137,100
133,26,i1503,5
489,28,i1895,5
87,15,i2015,5
1377,30,i262,5
754,28,i899,5
1416,25,i899,5
1238,11,i1162,100
1207,22,i2169,5
551,14,i1140,5
1210,29,i2169,5
1440,25,i2305,5
968,27,i1896,5
756,22,i1502,5
555,21,i681,5
860,12,i1499,5
608,15,i2312,5
398,28,i1435,50
497,11,i1029,50
1426,15,i2163,5
1236,12,i1163,100
88,28,i1740,5
385,10,i17,5
1517,27,i677,50
778,18,i222,50
1098,12,i2305,5
249,30,i1756,5
176,21,i2395,5
1377,17,i262,5
1535,28,i887,5
1318,18,i919,1
989,9,i844,5
263,28,i1030,5
1238,15,i1162,100
1210,18,i2169,5
1214,14,i262,5
486,14,i2137,100
1547,15,i835,5
905,30,i899,5
1432,22,i2236,5
1510,9,i1756,5
1431,28,i1422,5
1235,26,i1162,100
536,25,i2014,5
1624,29,i18,5
1000,22,i1231,50
989,17,i1761,50
385,8,i17,5
1171,17,i2165,5
971,29,i1896,5
1527,17,i18,5
1598,29,i681,5
384,13,i18,5
1035,29,i682,5
945,29,i2015,5
1308,22,i422,5
1163,14,i2171,5
793,18,i1231,50
811,27,i2002,5
1535,18,i887,5
1527,18,i18,5
755,29,i899,5
1221,30,i2015,5
36,29,i1896,5
1236,14,i1162,100
754,7,i899,5
1425,28,i1502,5
493,16,i17,5
446,29,i2066,5
988,16,i835,5
861,18,i1499,5
1000,21,i1756,5
459,9,i1836,5
848,24,i681,5
249,22,i1756,5
1535,25,i887,5
1024,26,i422,5
249,13,i1756,5
784,29,i899,5
1306,14,i222,50
1432,18,i2236,5
757,23,i1740,5
554,12,i2395,5
1063,24,i222,5
36,12,i1896,5
25,22,i1851,5
1190,8,i2072,100
1154,12,i1873,100
1399,29,i2137,5
1306,8,i222,50
325,17,i2166,5
1208,12,i725,50
1235,27,i1162,5
1524,22,i2330,5
1447,22,i1163,100
1303,13,i1499,5
790,18,i1109,5
1546,12,i835,5
1330,26,i899,5
581,25,i1109,5
971,30,i1895,5
1238,27,i1162,5
1612,14,i1761,50
1120,29,i2066,50
848,24,i681,5
1317,29,i586,5
1190,29,i2072,5
1212,21,i1525,5
192,29,i1499,5
1306,12,i682,5
1306,8,i681,5
851,15,i1661,5
1517,30,i677,50
1154,21,i1873,100
862,21,i17,50
1432,23,i2236,5
856,21,i1180,5
0,30,i423,5
1445,27,i899,5
1624,30,i17,5
1273,25,i1163,5
737,14,i2312,5
1238,25,i1163,100
1319,25,i1340,5
1534,21,i1756,5
880,15,i1406,5
2,24,i1282,50
683,13,i2242,5
115,13,i887,5
1024,25,i422,5
641,25,i1851,5
1423,28,i2318,5
997,13,i682,5
1098,23,i2305,5
971,14,i1896,5
1161,21,i17,50
1306,15,i681,5
1507,16,i222,50
1214,8,i262,5
989,14,i1761,50
365,28,i1500,5
266,27,i1030,5
1208,24,i725,5
2,17,i1282,50
854,21,i2003,5
36,28,i1896,5
1165,29,i725,5
1459,17,i2014,5
421,12,i1761,5
8,16,i1661,5
1235,17,i1163,100
298,21,i1878,1
623,29,i2002,5
1445,15,i899,5
1474,21,i1462,1
1262,28,i2395,5
258,16,i859,5
569,27,i17,5
861,17,i1499,5
0,14,i423,5
1235,25,i1162,100
1623,18,i1499,5
497,12,i1029,50
1000,29,i1756,5
1303,27,i1499,5
737,17,i2312,5
1029,22,i1509,1
1000,16,i1231,50
89,9,i1740,5
1534,28,i1756,5
641,27,i1851,5
486,22,i2137,100
134,29,i1180,5
1349,22,i899,5
1067,30,i2078,5
492,16,i17,5
106,27,i2395,5
1163,15,i2171,5
386,17,i1526,100
622,29,i2002,5
1207,25,i2169,5
988,22,i835,5
489,17,i1896,5
914,29,i2312,5
159,27,i1756,5
691,15,i1249,5
176,28,i2395,5
274,12,i222,5
1238,28,i1162,5
1535,11,i643,5
1238,17,i1162,100
690,18,i1249,5
1634,15,i181,5
1423,30,i2318,5
1447,15,i1163,100
1289,22,i1029,50
620,30,i2066,5
3,29,i1163,5
1414,18,i2242,5
1549,22,i1525,50
1337,28,i2137,5
493,22,i17,5
811,21,i2002,5
1000,29,i1756,5
1520,9,i2003,5
311,27,i681,5
602,28,i1030,5
1134,12,i760,5
914,25,i2312,5
1210,10,i2169,5
1582,15,i222,5
1289,27,i1030,5
1201,22,i18,5
455,30,i1895,5
860,13,i1499,5
1337,11,i2137,100
1515,27,i1839,5
860,18,i1499,5
1280,7,i899,5
1318,24,i1340,5
86,22,i2014,5
459,25,i1836,5
1534,22,i1756,5
1216,27,i1163,5
1329,29,i899,5
551,13,i1141,5
1133,14,i760,5
1318,22,i919,1
1474,18,i1761,50
25,17,i1851,5
1107,29,i1756,5
86,14,i2014,5
106,25,i2395,5
325,14,i2166,5
1208,22,i725,5
555,10,i222,50
581,18,i948,5
246,22,i2374,1
192,28,i1499,5
121,28,i1025,5
1439,25,i2002,100
608,8,i2312,5
1317,28,i586,5
1261,27,i1756,5
1002,22,i2004,5
1190,16,i2072,100
1290,22,i1029,50
757,14,i1740,5
1286,30,i586,5
851,17,i1661,5
1337,9,i2137,100
1330,16,i2162,5
1214,12,i262,5
389,21,i181,5
1448,7,i899,5
1432,14,i2236,5
997,15,i681,5
1582,21,i222,5
586,29,i1509,5
142,30,i2312,5
703,17,i887,5
273,15,i222,5
1317,29,i586,5
776,21,i222,50
1307,30,i423,5
1541,27,i2305,5
1338,22,i1760,5
556,30,i2078,5
1445,21,i899,5
1097,18,i873,5
1154,24,i1873,100
384,12,i17,5
1541,12,i2305,5
755,25,i899,5
1348,24,i899,5
368,24,i2395,5
389,21,i222,50
116,24,i887,5
1201,12,i18,5
106,22,i2395,5
608,25,i2312,5
489,27,i1896,5
1520,28,i2003,5
364,14,i2239,5
1432,15,i2236,5
1516,15,i1760,5
134,27,i1180,5
1214,11,i262,5
655,29,i1834,5
1535,15,i887,5
989,16,i844,5
249,24,i1756,5
25,28,i1851,5
86,13,i2015,5
855,28,i2003,5
855,23,i1836,50
1264,13,i586,5
317,22,i2169,5
397,27,i1340,5
790,24,i1109,5
1505,27,i1231,5
581,27,i948,5
1420,23,i1841,5
393,28,i1398,5
581,21,i948,5
385,8,i17,5
1527,22,i17,5
1289,14,i1030,5
1337,29,i2137,5
1510,16,i1756,5
460,10,i2003,5
1221,28,i843,50
116,16,i837,50
793,14,i1756,5
112,10,i681,5
691,12,i1249,5
480,8,i1667,100
756,26,i1502,5
116,8,i887,5
88,9,i1740,5
2,28,i1282,50
1510,26,i1231,5
368,15,i2395,5
554,13,i2395,5
1074,12,i2244,5
1535,30,i887,5
1162,8,i1761,5
1634,13,i181,5
2,22,i1282,50
785,28,i899,5
496,8,i1836,5
997,12,i681,5
1190,12,i2072,100
1108,30,i1756,5
2,17,i1282,50
731,28,i1837,5
0,12,i422,5
848,28,i681,5
1164,30,i948,5
757,27,i1740,5
1324,28,i2004,5
754,10,i899,5
1154,17,i1873,100
1008,14,i859,5
1308,28,i423,5
112,10,i222,50
1319,28,i1497,5
761,30,i899,5
88,27,i1740,5
989,18,i1761,50
176,25,i2395,5
820,26,i1735,5
1199,24,i899,5
987,26,i835,5
1238,21,i1162,100
1000,15,i1756,5
116,11,i887,5
989,12,i1761,50
1035,30,i222,50
159,25,i1756,5
974,26,i2004,5
497,29,i1030,5
841,18,i1877,1
1063,23,i222,5
368,25,i2395,5
1524,13,i2330,5
1267,17,i1140,50
971,22,i1895,5
368,17,i2395,5
87,12,i2014,5
1459,23,i2014,5
841,18,i2003,5
176,30,i2395,5
793,23,i1231,50
1207,17,i2169,5
1448,29,i899,5
555,11,i681,5
861,22,i1499,5
791,30,i725,5
1290,23,i1029,50
409,28,i1509,5
1624,29,i17,5
1530,28,i950,5
1036,27,i681,5
1035,27,i222,50
385,11,i18,5
759,28,i1162,5
1306,9,i681,5
994,28,i873,5
493,18,i17,5
1307,14,i422,5
1289,9,i1029,50
854,30,i2003,5
987,7,i1499,5
1236,16,i1163,100
1238,30,i1162,5
655,25,i1834,5
848,17,i682,5
1530,13,i222,5
623,30,i2002,5
2,13,i1281,50
1308,13,i422,5
862,22,i18,50
1024,12,i423,5
1520,27,i2003,5
862,21,i18,50
1542,28,i2001,50
581,16,i1109,5
1349,17,i899,5
116,21,i887,5
860,15,i1499,5
1154,7,i1873,100
0,23,i422,5
968,24,i1896,5
555,13,i681,5
1349,18,i899,5
861,21,i1499,5
1634,16,i181,5
489,27,i1895,5
790,16,i948,5
106,28,i2395,5
460,16,i1836,5
249,15,i1756,5
1414,17,i2242,5
1510,18,i1756,5
848,29,i681,5
1534,17,i1756,5
968,29,i1895,5
1593,29,i18,5
763,11,i1498,100
1154,18,i1873,100
691,13,i1249,5
1313,25,i2312,5
1286,28,i586,5
1337,17,i2137,100
1236,22,i1163,100
1201,12,i17,5
731,11,i1837,5
861,12,i1499,5
25,22,i1850,1
981,7,i1500,5
1308,29,i423,5
1214,7,i262,5
768,29,i1499,5
258,15,i859,5
122,27,i1025,5
569,29,i18,5
1236,14,i1163,100
86,28,i2014,5
249,12,i1756,5
384,9,i17,5
759,27,i1163,5
1210,16,i2169,5
0,21,i422,5
841,18,i1878,1
25,18,i1850,1
997,22,i222,50
2,25,i1282,50
536,27,i2014,5
266,29,i1030,5
1317,28,i586,5
1235,13,i1163,100
106,25,i2395,5
13,25,i1163,5
1447,24,i1163,100
385,21,i18,5
1221,23,i2014,5
1210,11,i2169,5
1435,13,i2164,5
459,18,i1836,5
1534,22,i1231,50
905,28,i899,5
1535,12,i887,5
269,30,i2002,5
460,11,i2003,5
1524,29,i843,50
0,13,i423,5
1338,12,i1759,5
261,29,i859,5
496,18,i1836,5
87,27,i2015,5
273,15,i222,5
757,18,i1740,5
1338,14,i1760,5
1541,17,i2305,5
140,27,i1662,5
86,12,i2015,5
1337,21,i2137,100
855,25,i2003,5
1254,17,i1463,1
1621,28,i1500,50
1201,17,i18,5
118,21,i1662,50
1634,16,i181,5
1524,29,i2015,5
1289,13,i1030,5
1063,27,i682,5
811,22,i2002,5
1067,29,i2078,5
1349,27,i899,5
496,30,i1836,5
848,27,i681,5
1623,30,i1499,5
1349,17,i899,5
581,24,i1109,5
1208,26,i725,5
1161,21,i18,50
501,29,i2001,5
1530,7,i222,5
1024,30,i422,5
77,30,i2318,5
1432,29,i2236,5
690,15,i1249,5
1216,30,i1162,5
1420,27,i1841,5
703,30,i887,5
989,15,i1761,50
86,29,i2015,5
498,17,i18,50
754,29,i899,5
1035,26,i222,50
0,12,i422,5
459,17,i1836,5
848,28,i222,50
782,22,i2171,5
989,13,i1761,50
116,30,i887,5
971,24,i1896,5
2,10,i1282,50
1474,22,i1761,50
1459,24,i2014,5
273,14,i222,5
1516,22,i1759,5
1348,28,i899,5
115,22,i887,5
989,24,i844,5
476,29,i1740,5
1289,7,i1030,5
89,10,i1895,5
1447,25,i1163,100
1221,18,i518,1
1002,26,i2004,5
853,18,i1841,5
1208,30,i725,5
854,23,i2003,5
87,16,i2015,5
486,18,i2137,100
1348,24,i899,5
1582,10,i222,5
476,13,i1740,5
1335,15,i1761,5
159,13,i1756,5
443,13,i2239,5
87,17,i2014,5
489,23,i1895,5
1212,15,i1525,5
1264,28,i586,5
793,25,i1756,5
755,28,i899,5
1527,10,i17,5
989,30,i844,5
556,27,i18,50
1267,23,i1141,50
880,18,i1406,5
460,12,i1836,5
159,30,i1756,5
1210,14,i2169,5
1432,24,i2236,5
1535,29,i887,5
1190,18,i2072,100
1235,28,i1162,5
621,25,i1342,5
489,22,i1895,5
1447,9,i1163,100
13,28,i1162,5
497,7,i1030,5
853,12,i1841,5
105,26,i2395,5
968,16,i1896,5
497,27,i1030,5
106,17,i2395,5
1533,30,i887,5
1036,10,i887,5
1289,18,i1029,50
1238,17,i1163,100
837,29,i18,5
1303,15,i1499,5
1092,13,i2167,5
1172,14,i2165,5
1420,18,i1841,5
1459,22,i518,1
2,9,i1281,50
1162,22,i17,50
913,15,i2312,5
1063,21,i887,5
1325,23,i2004,5
1432,8,i2236,5
418,28,i1509,5
1377,23,i262,5
1338,15,i1760,5
1582,18,i222,5
763,10,i1498,100
1008,21,i859,5
1612,21,i1463,1
1171,12,i2165,5
852,28,i1841,5
971,12,i1895,5
385,18,i18,5
1380,27,i1591,5
274,13,i222,5
368,22,i2395,5
274,7,i222,5
386,12,i1526,100
1414,13,i2242,5
1542,30,i2001,50
1000,27,i1756,5
881,18,i1406,5
115,9,i837,50
384,10,i18,5
1199,17,i899,5
1524,18,i2330,5
703,8,i887,5
1024,26,i423,5
459,7,i1836,5
388,22,i181,5
1036,8,i887,5
945,28,i2014,5
1315,30,i18,5
608,22,i2312,5
36,12,i1895,5
1624,27,i18,5
1036,16,i887,5
1154,11,i1661,100
497,8,i1030,5
754,18,i899,5
1308,30,i422,5
1337,30,i2137,5
1289,29,i1030,5
115,28,i887,5
1273,29,i1163,5
336,29,i18,5
317,18,i2169,5
1324,14,i2004,5
1533,28,i837,50
1431,26,i1422,5
756,8,i1502,5
159,25,i1756,5
1154,25,i1873,100
1238,12,i1162,100
1306,16,i682,5
498,17,i17,50
1534,7,i1756,5
493,18,i18,5
1044,26,i2169,5
1035,24,i222,5
1598,28,i222,50
142,26,i2312,5
412,29,i1435,5
149,16,i2137,100
754,25,i899,5
1107,30,i1756,5
317,25,i2169,5
298,22,i1878,1
1238,18,i1162,100
1207,13,i2169,5
1165,13,i725,5
1524,27,i843,50
989,18,i1463,1
12,17,i2395,5
581,28,i1109,5
0,21,i423,5
660,30,i1340,5
1044,25,i2169,5
159,10,i919,5
1459,17,i2015,5
660,27,i1340,5
1624,28,i18,5
1308,15,i422,5
526,21,i18,50
1629,11,i1837,5
2,12,i1282,50
655,8,i645,5
1212,10,i1525,5
443,14,i2239,5
989,25,i844,5
496,16,i1836,5
486,28,i2137,5
1520,21,i2003,5
1507,8,i222,50
811,17,i2002,5
115,11,i887,5
1330,18,i2162,5
384,22,i18,5
1056,30,i2395,5
790,25,i1109,5
486,26,i2137,100
1036,26,i222,50
1527,15,i18,5
756,25,i1502,5
1221,21,i2014,5
754,8,i899,5
12,26,i2395,5
1074,11,i2244,5
361,13,i2166,5
486,23,i2137,100
1318,25,i1340,5
784,27,i899,5
1204,15,i1406,5
1217,29,i1163,5
1210,7,i2169,5
1063,26,i681,5
1207,18,i2169,5
1612,22,i1761,50
1267,29,i1140,50
459,10,i2003,5
1238,26,i1162,100
1337,10,i2137,100
1207,27,i2169,5
84,29,i1509,5
1535,28,i837,50
1324,29,i2004,5
493,13,i17,5
1546,25,i835,5
782,21,i222,50
981,10,i1500,5
149,14,i2137,100
1546,10,i1499,5
554,23,i2395,5
1330,29,i899,5
1157,21,i2163,5
1306,9,i682,5
1024,29,i423,5
989,17,i1462,1
1036,10,i887,5
1000,28,i1756,5
1541,26,i2305,5
306,28,i18,5
1348,18,i899,5
1535,10,i643,5
761,29,i899,5
1198,27,i899,5
1634,21,i181,5
326,18,i2166,5
1524,21,i2330,5
1264,16,i586,5
1035,25,i222,50
486,15,i2137,100
1330,17,i2162,5
759,29,i1162,5
36,22,i1895,5
1035,21,i887,5
755,8,i899,5
1074,15,i2244,5
1035,29,i681,5
89,13,i1740,5
1120,30,i2066,50
1533,25,i887,5
1637,17,i1340,5
769,13,i1499,5
1547,23,i835,5
527,18,i1850,1
1236,15,i1163,100
87,17,i518,1
1634,21,i181,5
642,25,i1851,5
1097,21,i873,5
1459,25,i2015,5
1530,9,i222,5
1000,23,i1231,50
556,27,i2078,5
1307,30,i422,5
25,18,i1851,5
1264,14,i586,5
881,21,i18,50
555,21,i682,5
0,16,i422,5
317,12,i2169,5
1267,26,i1140,50
2,7,i1281,50
793,28,i1756,5
1313,26,i2312,5
1416,15,i2162,5
551,15,i1140,5
1208,14,i725,50
1208,25,i725,5
1036,18,i887,5
1097,22,i873,5
1154,28,i1873,5
1236,26,i1162,100
267,27,i1841,5
86,29,i2014,5
159,24,i1756,5
1474,18,i1462,1
860,30,i1499,5
1438,30,i2002,5
2,24,i1282,50
1210,27,i2169,5
1264,21,i586,5
116,29,i887,5
854,26,i2003,5
1254,21,i1463,1
1263,17,i1463,1
1414,16,i2242,5
115,14,i837,50
1325,29,i2004,5
2,30,i1282,50
1035,11,i887,5
1337,13,i2137,100
365,27,i1500,5
77,27,i2318,5
703,23,i887,5
492,22,i18,5
497,26,i1030,5
115,16,i837,50
115,15,i887,5
1304,22,i1499,5
497,13,i1029,50
1074,23,i2244,5
481,29,i1735,5
258,30,i859,5
974,25,i2004,5
106,9,i2305,5
8,13,i1661,5
393,30,i1398,5
1290,17,i1029,50
754,22,i899,5
393,30,i1399,5
1440,18,i2305,5
1337,25,i2137,100
422,17,i1761,5
1221,21,i843,50
1505,12,i1756,5
84,25,i1509,5
480,29,i1656,5
1416,26,i899,5
1290,30,i1030,5
389,22,i222,50
989,10,i844,5
1524,27,i2015,5
88,16,i1740,5
476,8,i1740,5
1524,28,i2014,5
1319,17,i919,1
105,26,i2395,5
2,16,i1282,50
837,28,i17,5
1399,22,i2137,100
1204,13,i1406,5
1438,26,i2002,100
1036,25,i681,5
613,17,i222,50
994,27,i873,5
1092,22,i2167,5
851,22,i1661,5
608,14,i2312,5
1612,16,i1761,50
1063,29,i222,50
971,24,i1895,5
1267,18,i1140,50
769,21,i1499,5
989,15,i1761,50
1337,24,i2137,100
387,9,i1526,100
642,27,i1851,5
781,18,i2171,5
756,23,i1502,5
1593,30,i17,5
317,15,i2169,5
1318,27,i1497,5
545,16,i1873,100
493,15,i17,5
460,15,i1836,5
1000,27,i1756,5
968,17,i1895,5
1210,9,i2169,5
1210,21,i2169,5
974,12,i2004,5
703,14,i887,5
1399,15,i2137,100
1208,25,i725,5
662,28,i1226,5
971,27,i1895,5
1074,29,i2244,5
811,18,i2002,5
1307,29,i423,5
86,15,i2015,5
1373,21,i586,5
1337,9,i2137,100
1426,17,i2163,5
317,16,i2169,5
841,17,i1878,1
1098,17,i2305,5
1541,29,i2305,5
1236,30,i1163,5
87,24,i2014,5
1289,24,i1030,5
1431,13,i2165,5
1190,13,i2072,100
36,15,i1895,5
1337,26,i2137,100
111,10,i222,50
489,28,i1896,5
1527,11,i18,5
837,29,i17,5
274,18,i222,50
968,10,i1740,5
1036,30,i222,50
476,25,i1740,5
264,29,i1030,5
1306,22,i682,5
1206,12,i222,100
496,14,i1836,5
1214,12,i262,5
608,9,i2312,5
1527,8,i17,5
1533,28,i887,5
971,15,i1896,5
1201,12,i18,5
1238,7,i1163,100
759,30,i1163,5
501,27,i2001,5
1533,15,i887,5
13,27,i1162,5
116,10,i887,5
841,17,i1877,1
1338,17,i1760,5
89,22,i1740,5
116,18,i887,5
417,29,i1509,5
1289,12,i1029,50
88,24,i1740,5
1221,22,i2014,5
336,28,i18,5
655,10,i645,5
1074,17,i2244,5
1206,28,i875,5
790,22,i948,5
1190,22,i2072,100
1511,29,i1180,5
1533,22,i887,5
1524,12,i2330,5
460,9,i1836,5
762,11,i1498,100
1628,30,i1837,5
853,28,i1841,5
1236,8,i1163,100
1432,9,i2236,5
116,12,i837,50
115,18,i837,50
1348,25,i899,5
1235,23,i1162,100
59,30,i586,5
492,21,i18,5
159,13,i1756,5
1290,16,i1030,5
0,17,i422,5
1056,29,i2395,5
756,13,i1502,5
691,14,i1249,5
1338,14,i1759,5
1414,12,i2242,5
1207,15,i2169,5
192,30,i1499,5
1459,24,i2015,5
1008,12,i859,5
1221,18,i2015,5
989,22,i1761,50
1235,7,i1163,100
1214,26,i262,5
1330,11,i899,5
1547,18,i835,5
1206,25,i875,100
86,13,i2014,5
1221,21,i518,1
111,11,i222,50
791,29,i725,5
683,14,i2242,5
880,22,i18,50
1044,28,i2169,5
848,17,i681,5
1238,28,i1163,5
388,22,i181,5
389,17,i181,5
1210,21,i2169,5
1510,15,i1756,5
793,13,i1756,5
790,25,i948,5
385,14,i18,5
1198,24,i899,5
1420,12,i1841,5
982,22,i2165,5
459,27,i1836,5
306,27,i18,5
374,11,i2003,5
26,21,i1850,1
855,26,i1836,50
1264,8,i586,5
1637,13,i1340,5
87,22,i518,1
1547,28,i835,5
1612,18,i1462,1
88,14,i1740,5
1324,15,i2004,5
1448,10,i899,5
621,13,i1342,5
1134,17,i760,5
1197,21,i2328,5
1530,27,i950,5
836,29,i1668,5
1193,10,i1895,5
1612,13,i1761,50
1199,18,i899,5
997,17,i682,5
246,22,i2374,1
881,17,i1406,5
621,30,i1342,5
848,27,i222,50
1533,16,i887,5
874,10,i899,5
1637,14,i1340,5
89,30,i1740,5
579,18,i1688,5
556,25,i2078,5
841,17,i1877,1
1533,25,i837,50
115,25,i837,50
1008,24,i859,5
851,10,i1661,5
555,7,i682,5
1337,18,i2137,100
1171,21,i2165,5
1064,26,i2078,5
971,12,i1896,5
861,28,i1499,5
1262,29,i2395,5
1063,25,i681,5
1224,30,i1182,5
556,30,i17,50
36,21,i1896,5
1036,7,i887,5
913,23,i2312,5
769,17,i1499,5
1267,30,i1140,50
498,24,i1499,5
1306,7,i222,50
443,15,i2239,5
1000,13,i1231,50
703,16,i887,5
26,22,i1850,1
1197,15,i2328,5
8,9,i1661,5
0,26,i422,5
860,23,i1499,5
754,13,i899,5
1593,28,i17,5
989,7,i1761,50
1002,13,i2004,5
556,30,i2077,5
1426,13,i2163,5
1527,12,i17,5
105,24,i2395,5
326,13,i2166,5
1289,30,i1029,50
1063,8,i887,5
1204,22,i17,50
1637,24,i1340,5
1064,28,i2077,5
1547,9,i1499,5
1207,22,i2169,5
2,10,i1282,50
555,8,i682,5
848,17,i222,50
87,15,i2014,5
1474,17,i1462,1
149,24,i2137,100
387,12,i1526,100
1190,14,i2072,100
116,10,i837,50
1207,29,i2169,5
1290,8,i1029,50
261,23,i859,5
1107,29,i1756,5
389,17,i181,5
361,10,i222,50
1338,13,i1760,5
2,10,i1281,50
1312,25,i2312,5
476,30,i1740,5
1267,29,i1141,50
1415,27,i1735,5
857,30,i1340,50
2,26,i1281,50
2,26,i1281,50
1236,25,i1163,100
1533,26,i837,50
1307,15,i422,5
1373,14,i586,5
755,18,i899,5
1289,16,i1030,5
1190,28,i2072,5
397,30,i1340,5
781,21,i222,50
848,24,i222,50
621,24,i1342,5
1459,28,i2015,5
1435,17,i2164,5
1207,29,i2169,5
1530,10,i222,5
914,15,i2312,5
1431,16,i2165,5
1162,21,i18,50
1542,29,i2001,50
1024,22,i422,5
997,17,i681,5
1517,26,i1846,5
586,27,i1509,5
87,28,i2014,5
1431,22,i2165,5
852,23,i1841,5
1133,13,i760,5
1264,9,i586,5
1235,18,i1162,100
86,16,i2014,5
1432,13,i2236,5
555,11,i682,5
852,30,i1841,5
1036,29,i222,50
1447,16,i1162,100
116,29,i837,50
1527,22,i18,5
737,23,i2312,5
498,18,i17,50
989,14,i1761,50
397,28,i1340,5
446,27,i2066,5
258,22,i859,5
755,14,i899,5
1535,16,i887,5
1533,21,i887,5
1541,14,i2305,5
1035,22,i887,5
267,29,i1841,5
757,13,i1740,5
754,9,i899,5
1235,17,i1162,100
1527,21,i18,5
1530,18,i222,5
1377,27,i262,5
1238,14,i1163,100
1515,12,i1760,5
149,13,i2137,100
364,17,i2239,5
1273,28,i1162,5
579,18,i1691,5
116,25,i837,50
778,18,i2242,5
116,23,i887,5
1637,27,i1340,5
1163,13,i2171,5
851,13,i1661,5
105,22,i2395,5
143,28,i2312,5
1064,27,i2077,5
368,26,i2395,5
755,24,i899,5
88,13,i1740,5
1580,27,i262,5
1432,12,i2236,5
1210,17,i2169,5
913,16,i2312,5
386,22,i1526,100
480,26,i1656,5
149,23,i2137,100
1530,12,i222,5
1347,28,i1435,5
1349,26,i899,5
1154,15,i1873,100
1623,23,i1499,5
768,22,i1499,5
1261,16,i1756,5
497,30,i1030,5
87,24,i2015,5
0,24,i423,5
1432,11,i2236,5
1216,24,i1162,100
87,11,i2015,5
1158,22,i2163,5
1238,24,i1163,100
1063,27,i222,50
851,7,i1661,5
142,29,i2312,5
249,18,i1756,5
1002,10,i2004,5
793,17,i1231,50
1533,23,i887,5
115,17,i837,50
492,16,i17,5
89,11,i1896,5
273,17,i222,50
1324,23,i2004,5
1207,9,i2169,5
1000,26,i1756,5
1534,30,i1756,5
115,16,i887,5
106,22,i2395,5
1348,26,i899,5
1432,23,i2236,5
1510,23,i1756,5
1290,7,i1029,50
987,28,i835,5
1306,15,i222,50
112,10,i682,5
257,25,i859,5
1263,22,i1462,1
1236,22,i1162,100
1201,18,i18,5
852,24,i1841,5
1307,14,i423,5
1063,30,i682,5
361,11,i681,5
1515,16,i1759,5
26,17,i1851,5
422,8,i1761,5
1338,18,i1760,5
455,27,i1895,5
1035,23,i222,5
989,12,i1761,50
1415,29,i1735,5
621,29,i1342,5
1210,8,i2169,5
1036,22,i887,5
971,28,i1895,5
1459,23,i2015,5
557,21,i688,1
497,28,i1030,5
608,23,i2312,5
385,17,i17,5
1074,14,i2244,5
1319,18,i919,1
855,27,i1836,50
790,22,i1109,5
1447,11,i1163,100
1466,30,i1231,5
1399,16,i2137,100
460,21,i1836,5
489,21,i1895,5
1063,11,i887,5
854,18,i1836,50
317,8,i2169,5
1377,24,i262,5
1505,26,i1231,5
1325,13,i2004,5
874,10,i899,5
106,13,i2395,5
258,18,i859,5
1235,12,i1162,100
116,7,i887,5
881,13,i1406,5
317,9,i2169,5
398,30,i1435,50
459,29,i1836,5
476,24,i1740,5
105,8,i2305,5
613,7,i222,5
1236,26,i1163,100
914,23,i2312,5
881,12,i1406,5
1445,30,i899,5
360,18,i2166,5
87,9,i2015,5
1516,17,i1759,5
1373,22,i586,5
997,15,i222,50
997,12,i682,5
989,13,i1761,50
880,18,i1406,5
1214,7,i262,5
1416,16,i2162,5
478,17,i1662,100
1210,22,i2169,5
1312,29,i2312,5
551,14,i1141,5
781,21,i2171,5
1206,23,i875,100
86,9,i2015,5
1236,17,i1163,100
1634,12,i181,5
364,15,i2239,5
336,30,i17,5
989,21,i1463,1
1306,10,i682,5
545,15,i1873,100
1317,27,i586,5
36,25,i1896,5
258,8,i859,5
1171,13,i2165,5
1092,18,i2167,5
1289,24,i1029,50
1008,30,i859,5
1307,29,i422,5
1205,12,i1406,5
421,7,i1761,5
853,15,i1841,5
1435,16,i2164,5
1063,26,i222,50
1204,17,i1406,5
1161,9,i1761,5
932,28,i2014,5
360,11,i681,5
1000,12,i1756,5
84,27,i1509,5
608,13,i2312,5
971,13,i1896,5
87,10,i2014,5
1036,27,i681,5
361,18,i2166,5
115,10,i837,50
1190,7,i2072,100
1447,13,i1162,100
36,30,i1896,5
1171,15,i2165,5
1416,8,i899,5
115,23,i837,50
1063,29,i681,5
860,25,i1499,5
1044,27,i2169,5
267,26,i1841,5
1432,11,i2236,5
836,30,i17,5
1530,17,i222,5
1204,21,i17,50
768,28,i1499,5
1134,12,i761,5
0,28,i422,5
1157,17,i2163,5
1214,21,i262,5
311,28,i682,5
837,30,i18,5
1628,28,i1837,5
1214,27,i262,5
364,13,i2239,5
1541,25,i2305,5
1216,28,i1163,5
737,29,i2312,5
1541,21,i2305,5
791,13,i725,5
752,29,i262,5
1416,17,i2162,5
971,10,i1740,5
1329,28,i899,5
586,27,i1509,5
1439,27,i2002,5
1289,8,i1029,50
971,27,i1896,5
498,23,i1499,5
1348,29,i899,5
1549,16,i2164,5
1534,8,i1756,5
159,16,i1756,5
968,29,i1895,5
1505,22,i1756,5
1431,12,i2165,5
1337,15,i2137,100
1546,9,i1499,5
1414,14,i2242,5
261,30,i859,5
545,14,i1873,100
586,25,i1509,5
1510,17,i1756,5
1114,30,i1025,5
1221,17,i2014,5
1530,21,i222,5
159,12,i1756,5
1008,17,i859,5
790,26,i948,5
1623,17,i18,50
1505,7,i1756,5
459,11,i2003,5
621,28,i1342,5
1306,7,i681,5
968,25,i1895,5
989,18,i1462,1
1303,18,i1499,5
1459,18,i518,1
486,30,i2137,5
498,18,i18,50
1190,15,i2072,100
387,15,i1526,100
996,27,i2395,5
1598,25,i682,5
1035,9,i887,5
497,15,i1030,5
1214,13,i262,5
608,21,i2312,5
388,18,i222,50
1432,16,i2236,5
1612,17,i1463,1
913,22,i2312,5
989,21,i1462,1
497,21,i1030,5
642,29,i1851,5
1063,7,i887,5
854,22,i2003,5
527,21,i1850,1
1399,25,i2137,100
1535,29,i837,50
1290,29,i1029,50
1289,25,i1030,5
1438,28,i2002,5
1162,7,i1761,5
8,7,i1661,5
1435,14,i2164,5
1035,14,i887,5
258,29,i859,5
86,8,i2015,5
1024,16,i423,5
1306,17,i682,5
810,23,i2002,5
881,22,i18,50
524,22,i17,50
411,18,i17,50
1598,30,i682,5
368,12,i2395,5
0,15,i423,5
655,16,i1834,5
1002,24,i2004,5
989,12,i844,5
460,24,i1836,5
1197,17,i2328,5
1273,26,i1162,5
1533,27,i887,5
1208,22,i725,5
1399,26,i2137,100
1325,12,i2004,5
1348,27,i899,5
1236,13,i1163,100
1505,16,i1756,5
861,30,i1499,5
1290,27,i1029,50
1217,28,i1163,5
1172,18,i2165,5
853,22,i1841,5
13,30,i1162,5
1097,23,i873,5
422,15,i1761,5
1546,16,i835,5
1432,25,i2236,5
77,25,i2318,5
880,13,i1406,5
1520,24,i2003,5
1024,24,i423,5
1161,18,i1761,5
852,17,i1841,5
1154,23,i1873,100
1289,28,i1029,50
115,29,i837,50
1304,25,i1499,5
848,21,i681,5
1515,13,i1759,5
1214,24,i262,5
361,15,i2166,5
761,30,i899,5
1221,23,i2015,5
1432,28,i2236,5
968,25,i1896,5
1448,26,i899,5
159,18,i1756,5
1535,8,i643,5
1208,26,i725,5
1214,8,i262,5
793,15,i1756,5
1530,11,i222,5
1212,8,i1525,5
1145,18,i181,5
1161,13,i1761,5
555,17,i681,5
555,22,i681,5
1447,7,i1162,100
388,18,i222,50
12,23,i2395,5
790,28,i1109,5
982,12,i2165,5
115,17,i887,5
1520,30,i2003,5
1337,21,i2137,100
1303,23,i1499,5
1000,28,i1756,5
1210,29,i2169,5
987,13,i835,5
498,21,i1499,5
914,26,i2312,5
756,15,i1502,5
1098,16,i2305,5
1164,27,i1109,5
620,28,i2066,5
1221,27,i843,50
836,30,i17,5
1337,13,i2137,100
492,12,i18,5
950,27,i1163,5
968,26,i1896,5
1399,27,i2137,5
1620,30,i1500,50
1390,10,i222,50
1628,25,i1837,5
2,8,i1281,50
962,25,i1735,5
1479,11,i222,50
1304,29,i1499,5
1002,30,i2004,5
386,18,i1526,100
1199,23,i899,5
769,22,i1499,5
551,13,i1140,5
586,28,i1509,5
1208,27,i725,5
1212,9,i1525,5
1035,27,i222,50
1205,14,i1406,5
971,28,i1896,5
1290,11,i1030,5
385,21,i18,5
1199,29,i899,5
326,16,i2166,5
757,12,i1740,5
1547,30,i835,5
703,29,i887,5
526,21,i17,50
1199,22,i899,5
880,15,i1406,5
997,21,i681,5
0,26,i423,5
914,24,i2312,5
2,15,i1281,50
987,14,i835,5
26,17,i1850,1
974,18,i2004,5
134,28,i1180,5
1000,21,i1231,50
115,11,i837,50
1154,14,i1873,100
116,22,i887,5
1541,24,i2305,5
115,29,i887,5
1524,16,i2330,5
703,18,i887,5
811,29,i2002,5
880,16,i1406,5
848,28,i682,5
662,27,i1226,5
971,26,i1896,5
1541,23,i2305,5
1445,14,i899,5
1162,18,i1761,5
1533,11,i643,5
1236,23,i1163,100
855,21,i2003,5
1261,29,i1756,5
1221,28,i2015,5
613,18,i222,50
2,22,i1281,50
149,29,i2137,5
1307,24,i423,5
1628,29,i1837,5
1338,16,i1760,5
1308,13,i423,5
1515,26,i1839,5
1235,11,i1163,100
2,23,i1281,50
1201,22,i17,5
0,18,i422,5
268,25,i1841,5
1319,22,i1340,5
1000,22,i1756,5
971,18,i1896,5
1221,25,i2014,5
1000,14,i1756,5
497,18,i1029,50
1064,25,i2077,5
0,14,i422,5
709,25,i1509,5
422,15,i1761,5
1208,29,i725,5
987,17,i835,5
1598,26,i681,5
1162,22,i18,50
116,25,i887,5
761,25,i899,5
860,28,i1499,5
586,26,i1509,5
116,13,i887,5
737,28,i2312,5
1510,30,i1231,5
784,28,i899,5
1000,26,i1756,5
2,29,i1282,50
1235,30,i1163,5
1348,22,i899,5
1201,16,i18,5
1416,13,i2162,5
1063,12,i887,5
1546,22,i835,5
793,12,i1231,50
757,22,i1740,5
854,17,i2003,5
115,24,i887,5
134,30,i1180,5
655,12,i1834,5
777,17,i2242,5
1516,22,i1760,5
1216,29,i1163,5
1324,24,i2004,5
257,13,i859,5
793,16,i1756,5
981,11,i1500,5
536,27,i2015,5
1319,30,i1497,5
968,12,i1895,5
848,23,i222,50
387,22,i1526,100
1337,25,i2137,100
1440,30,i2305,5
790,12,i948,5
1172,21,i2165,5
106,13,i2395,5
1582,11,i222,5
489,18,i1896,5
139,27,i1662,5
811,23,i2002,5
1507,12,i222,50
1208,15,i725,5
115,10,i887,5
854,28,i2003,5
89,17,i1740,5
810,24,i2002,5
1267,24,i1140,50
769,30,i1499,5
790,18,i948,5
971,25,i1895,5
968,26,i1896,5
1598,27,i222,50
989,26,i844,5
555,9,i682,5
968,15,i1895,5
1307,15,i423,5
1318,26,i1340,5
554,25,i2395,5
841,29,i2003,5
360,10,i681,5
1505,28,i1231,5
755,7,i899,5
1262,25,i2395,5
880,17,i1406,5
1201,14,i18,5
8,18,i1661,5
982,15,i2165,5
493,22,i17,5
1637,18,i1340,5
1431,17,i2165,5
777,21,i2242,5
1261,18,i1756,5
1330,25,i899,5
613,8,i222,5
1289,15,i1029,50
1145,13,i181,5
446,30,i2066,5
854,21,i1836,50
115,23,i887,5
1164,26,i948,5
1238,9,i1162,100
841,21,i1878,1
1235,13,i1162,100
848,28,i222,50
703,27,i887,5
1214,22,i262,5
1000,13,i1756,5
1510,28,i1231,5
311,30,i682,5
476,22,i1740,5
1474,18,i1463,1
1505,9,i1756,5
1036,25,i681,5
1518,28,i677,50
1541,30,i2305,5
1035,28,i681,5
412,28,i1435,5
266,30,i1030,5
1524,30,i2015,5
855,17,i2003,5
1024,28,i423,5
555,17,i222,50
88,7,i1740,5
1609,10,i222,50
1318,18,i1340,5
1520,11,i2003,5
1190,29,i2072,5
581,26,i1109,5
1203,21,i1525,50
87,25,i2014,5
1134,15,i760,5
1623,22,i1499,5
855,18,i2003,5
1348,29,i899,5
761,26,i899,5
116,15,i837,50
997,22,i681,5
988,13,i835,5
1541,15,i2305,5
0,28,i423,5
756,14,i1502,5
608,11,i2312,5
122,29,i1025,5
755,9,i899,5
384,16,i17,5
25,21,i1851,5
26,28,i1851,5
1623,21,i1499,5
579,13,i1688,5
1206,30,i875,5
115,15,i887,5
317,26,i2169,5
848,22,i682,5
1348,22,i899,5
768,25,i1499,5
1432,17,i2236,5
1236,16,i1162,100
989,16,i1761,50
1447,7,i1163,100
385,22,i18,5
554,16,i2395,5
968,28,i1896,5
87,16,i2014,5
989,17,i844,5
1612,7,i1761,50
1598,25,i681,5
860,29,i1499,5
1448,28,i899,5
1582,22,i222,5
1516,17,i1759,5
793,26,i1756,5
1267,17,i1141,50
855,29,i2003,5
317,13,i2169,5
1207,26,i2169,5
1064,28,i2078,5
486,27,i2137,5
1637,12,i1340,5
852,12,i1841,5
478,21,i1662,100
777,22,i2242,5
1621,30,i1500,50
1214,29,i262,5
1207,8,i2169,5
608,18,i2312,5
159,22,i1756,5
361,17,i2166,5
1445,24,i899,5
691,16,i1249,5
1546,8,i1499,5
579,15,i1691,5
409,29,i1509,5
393,29,i1398,5
1208,21,i725,5
1319,27,i1497,5
249,14,i1756,5
1280,9,i899,5
26,21,i1851,5
368,18,i2395,5
1337,17,i2137,100
1205,21,i18,50
115,27,i837,50
0,15,i422,5
1505,15,i1756,5
1133,13,i761,5
1290,12,i1030,5
968,17,i1895,5
1000,25,i1756,5
581,12,i948,5
1582,17,i222,5
1637,26,i1340,5
655,14,i1834,5
36,28,i1895,5
0,17,i422,5
88,30,i1740,5
1108,29,i1756,5
642,30,i1851,5
1420,13,i1841,5
1008,27,i859,5
106,16,i2395,5
556,26,i2078,5
1304,13,i1499,5
1214,22,i262,5
621,8,i859,5
410,27,i1509,5
1035,28,i682,5
555,13,i222,50
476,15,i1740,5
1348,21,i899,5
1303,24,i1499,5
981,14,i2165,5
1440,17,i2305,5
1035,29,i682,5
1207,30,i2169,5
1036,30,i682,5
1440,14,i2305,5
856,25,i1180,5
782,21,i2171,5
36,16,i1895,5
555,21,i222,50
526,22,i18,50
1445,7,i899,5
989,22,i1462,1
115,8,i887,5
761,28,i899,5
455,30,i1896,5
1063,13,i887,5
989,9,i1761,50
545,26,i1873,100
1063,28,i222,50
1533,14,i887,5
1217,24,i1162,100
116,26,i837,50
1377,11,i262,5
1063,10,i887,5
1197,13,i2328,5
1390,10,i681,5
368,13,i2395,5
1319,21,i919,1
489,25,i1895,5
257,9,i859,5
1533,29,i837,50
310,27,i222,5
325,18,i2166,5
974,15,i2004,5
1420,24,i1841,5
769,15,i1499,5
1432,27,i2236,5
790,26,i1109,5
971,26,i1896,5
1264,15,i586,5
1074,24,i2244,5
1236,28,i1162,5
1172,22,i2165,5
1208,30,i725,5
662,29,i1226,5
1306,17,i681,5
913,29,i2312,5
496,26,i1836,5
115,25,i887,5
317,10,i2169,5
1205,15,i1406,5
1108,27,i1756,5
273,7,i222,5
368,23,i2395,5
1547,29,i835,5
89,15,i1740,5
159,24,i1756,5
989,7,i1761,50
248,21,i2374,1
0,29,i423,5
881,21,i18,50
1198,17,i899,5
1199,26,i899,5
989,22,i1463,1
989,22,i1462,1
273,9,i222,5
139,30,i1662,5
1289,28,i1030,5
1435,21,i1525,50
12,28,i2395,5
841,21,i1878,1
87,14,i2015,5
856,29,i1180,5
1534,14,i1756,5
1534,26,i1756,5
1036,21,i887,5
455,27,i1896,5
1000,17,i1231,50
1349,21,i899,5
1308,12,i423,5
1318,28,i1497,5
249,17,i1756,5
555,16,i682,5
1254,18,i1463,1
421,13,i1761,5
1289,14,i1029,50
269,27,i2002,5
1474,17,i1463,1
459,28,i1836,5
496,23,i1836,5
1373,27,i586,5
757,16,i1740,5
1208,27,i725,5
1154,25,i1873,100
1024,21,i423,5
793,21,i1756,5
1267,23,i1140,50
1254,21,i1462,1
1517,25,i677,50
13,27,i1163,5
258,14,i859,5
2,14,i1282,50
1261,12,i1756,5
968,18,i1896,5
1459,25,i2014,5
1459,22,i2014,5
854,29,i2003,5
1524,30,i843,50
602,30,i1030,5
1120,28,i2066,50
1582,7,i222,5
497,21,i1029,50
1510,27,i1231,5
446,29,i2066,5
86,11,i2014,5
1459,30,i2015,5
755,23,i899,5
1593,27,i17,5
989,11,i844,5
841,17,i2003,5
8,11,i1661,5
249,14,i1756,5
116,9,i837,50
997,13,i222,50
1637,22,i1340,5
1235,30,i1162,5
1535,9,i643,5
360,11,i222,50
493,17,i18,5
1308,15,i423,5
1439,29,i2002,5
848,21,i682,5
790,29,i1109,5
2,7,i1282,50
737,22,i2312,5
1267,22,i1141,50
106,16,i2395,5
1064,29,i2077,5
769,24,i1499,5
591,29,i1180,5
267,28,i1841,5
1390,11,i222,50
768,23,i1499,5
306,28,i17,5
87,7,i2014,5
784,30,i899,5
1002,8,i2004,5
1067,26,i2077,5
1208,23,i725,5
982,7,i1500,5
1236,11,i1162,100
1447,18,i1163,100
974,28,i2004,5
1162,11,i1761,5
982,17,i2165,5
1290,10,i1030,5
393,27,i1398,5
368,30,i2395,5
854,26,i1836,50
1533,26,i887,5
1134,18,i761,5
621,22,i1342,5
1193,11,i1896,5
1163,22,i2171,5
852,15,i1841,5
793,24,i1231,50
1524,29,i2014,5
1432,16,i2236,5
1507,15,i222,50
1108,28,i1756,5
852,16,i1841,5
249,15,i1756,5
115,21,i887,5
1199,21,i899,5
2,11,i1282,50
641,30,i1851,5
149,27,i2137,5
762,10,i1498,100
608,28,i2312,5
1432,21,i2236,5
1008,9,i859,5
1000,9,i1756,5
848,21,i222,50
386,8,i1526,100
1623,24,i1499,5
1154,22,i1873,100
1307,17,i422,5
662,29,i1225,5
360,14,i2166,5
1524,14,i2330,5
854,29,i1836,50
1235,10,i1162,100
2,21,i1282,50
1306,21,i681,5
498,18,i17,50
913,26,i2312,5
1307,25,i422,5
1238,22,i1163,100
1535,12,i887,5
1416,14,i2162,5
1206,13,i222,100
1534,12,i1231,50
1438,24,i2002,100
497,13,i1030,5
623,28,i2002,5
159,21,i1756,5
497,23,i1029,50
1533,12,i887,5
492,14,i17,5
85,27,i1509,5
1165,25,i725,5
554,18,i2395,5
1306,16,i222,50
249,23,i1756,5
1313,29,i2312,5
1474,8,i1761,50
987,15,i835,5
1534,14,i1756,5
981,8,i1500,5
1414,14,i2242,5
106,14,i2395,5
703,12,i887,5
139,29,i1662,5
386,14,i1526,100
497,17,i1030,5
1165,30,i725,5
1440,13,i2305,5
1161,22,i17,50
1208,16,i725,5
905,26,i899,5
1204,22,i17,50
994,26,i873,5
1547,14,i835,5
1221,17,i518,1
731,29,i1837,5
974,16,i2004,5
834,22,i1526,50
143,26,i2312,5
1263,21,i1463,1
1000,8,i1756,5
0,16,i422,5
1289,12,i1030,5
87,9,i2014,5
1515,18,i1759,5
387,14,i1526,100
1097,29,i873,5
1035,26,i682,5
1024,23,i423,5
768,13,i1499,5
913,25,i2312,5
1306,10,i681,5
1380,28,i1591,5
87,14,i2014,5
1377,26,i262,5
106,26,i2395,5
1208,13,i725,5
87,26,i2015,5
988,28,i835,5
446,28,i2066,5
2,23,i1281,50
317,24,i2169,5
1212,18,i1525,5
1210,26,i2169,5
1307,18,i423,5
317,14,i2169,5
87,12,i2015,5
1335,12,i1761,5
994,23,i873,5
1306,11,i681,5
492,17,i17,5
1338,21,i1760,5
1224,28,i1182,5
968,23,i1896,5
1208,17,i725,5
368,13,i2395,5
1390,11,i681,5
622,28,i2002,5
1505,8,i1756,5
116,30,i837,50
1524,29,i2014,5
106,30,i2395,5
905,27,i899,5
1520,26,i2003,5
258,7,i859,5
1254,17,i1462,1
1098,24,i2305,5
994,29,i873,5
555,15,i682,5
1035,10,i887,5
2,14,i1281,50
1289,13,i1029,50
493,12,i17,5
0,30,i423,5
89,8,i1740,5
1267,25,i1140,50
1432,18,i2236,5
149,30,i2137,5
1161,14,i1761,5
790,14,i1109,5
274,9,i222,5
361,10,i682,5
1541,28,i2305,5
855,24,i2003,5
769,26,i1499,5
133,28,i1503,5
555,9,i222,50
536,25,i2015,5
384,10,i17,5
968,14,i1896,5
1236,18,i1162,100
1036,30,i682,5
1206,8,i222,100
1036,28,i222,50
790,15,i948,5
620,28,i2066,5
1325,25,i2004,5
1207,7,i2169,5
1238,13,i1162,100
1035,25,i682,5
555,12,i681,5
1133,15,i761,5
421,18,i1761,5
1612,17,i1761,50
1440,23,i2305,5
1515,28,i1839,5
1307,28,i423,5
881,14,i1406,5
1432,26,i2236,5
36,14,i1896,5
551,16,i1140,5
1303,30,i1499,5
1623,27,i1499,5
88,18,i1740,5
1520,13,i2003,5
387,8,i1526,100
486,7,i2137,100
784,27,i899,5
1036,15,i887,5
613,13,i222,5
860,14,i1499,5
264,28,i1030,5
140,30,i1662,5
968,16,i1896,5
996,27,i2395,5
86,26,i2015,5
861,25,i1499,5
982,9,i1500,5
1377,15,i262,5
1163,18,i2171,5
1221,21,i2015,5
176,22,i2395,5
348,30,i2066,50
1000,8,i1756,5
987,24,i835,5
968,24,i1895,5
579,17,i1688,5
1530,29,i950,5
1098,18,i2305,5
497,16,i1030,5
1221,23,i843,50
2,16,i1281,50
13,30,i1162,5
1221,17,i843,50
1516,21,i1760,5
761,26,i899,5
971,23,i1896,5
524,21,i18,50
848,26,i682,5
1036,25,i222,50
608,10,i2312,5
586,30,i1509,5
1306,11,i682,5
1533,29,i887,5
1162,17,i1761,5
489,25,i1896,5
0,23,i423,5
1507,18,i222,50
86,27,i2015,5
836,28,i17,5
1024,16,i422,5
1206,27,i875,5
1035,21,i887,5
361,11,i681,5
1447,30,i1163,5
855,25,i1836,50
1373,25,i586,5
159,17,i1756,5
971,15,i1895,5
478,22,i1662,100
1290,23,i1030,5
1534,24,i1231,50
981,13,i2165,5
1199,18,i899,5
756,30,i1502,5
116,12,i887,5
851,11,i1661,5
837,27,i18,5
581,27,i1109,5
756,12,i1502,5
1235,27,i1163,5
981,21,i2165,5
1212,12,i1525,5
1459,21,i2015,5
1598,28,i682,5
1235,28,i1163,5
1056,27,i2395,5
1337,28,i2137,5
257,30,i859,5
368,28,i2395,5
25,29,i1851,5
496,21,i1836,5
274,17,i222,50
874,11,i899,5
579,12,i1688,5
1420,28,i1841,5
1535,26,i837,50
968,22,i1895,5
974,24,i2004,5
1154,7,i1873,100
1235,11,i1162,100
489,30,i1896,5
257,26,i859,5
1008,15,i859,5
1210,17,i2169,5
86,10,i2014,5
192,27,i1499,5
1264,12,i586,5
581,12,i1109,5
1448,27,i899,5
317,23,i2169,5
1535,29,i887,5
854,25,i1836,50
106,27,i2395,5
554,22,i2395,5
385,13,i17,5
1002,14,i2004,5
913,14,i2312,5
1324,16,i2004,5
1330,28,i899,5
273,9,i222,5
86,17,i2014,5
1516,26,i1839,5
1201,18,i18,5
1629,30,i1837,5
1074,10,i2244,5
1214,27,i262,5
1216,23,i1162,100
13,28,i1163,5
421,14,i1761,5
581,25,i948,5
489,26,i1895,5
1349,28,i899,5
1238,23,i1163,100
1533,13,i887,5
1377,7,i262,5
2,24,i1281,50
971,16,i1896,5
1217,30,i1163,5
1264,29,i586,5
1546,13,i835,5
1330,22,i2162,5
1598,25,i222,50
87,23,i2014,5
1163,17,i2171,5
1634,18,i181,5
1440,12,i2305,5
1524,25,i2014,5
1628,27,i1837,5
105,29,i2395,5
1154,29,i1873,5
786,22,i1525,50
1318,23,i1340,5
317,27,i2169,5
981,12,i2165,5
249,23,i1756,5
1289,30,i1030,5
1373,24,i586,5
968,11,i1740,5
364,17,i2239,5
1440,15,i2305,5
1399,17,i2137,100
690,17,i1249,5
781,22,i2171,5
159,23,i1756,5
848,26,i682,5
258,23,i859,5
1420,17,i1841,5
621,27,i1342,5
1593,29,i17,5
1377,8,i262,5
105,7,i2305,5
660,29,i1340,5
1612,8,i1761,50
945,30,i2014,5
1517,29,i677,50
1074,16,i2244,5
258,9,i859,5
1306,16,i681,5
1520,14,i2003,5
1349,21,i899,5
1317,30,i586,5
258,17,i859,5
811,30,i2002,5
731,10,i1837,5
1518,25,i677,50
106,30,i2395,5
769,16,i1499,5
1236,8,i1162,100
1036,24,i222,5
1221,22,i843,50
778,21,i2242,5
1097,25,i873,5
176,24,i2395,5
556,26,i2077,5
655,21,i1834,5
418,27,i1509,5
641,29,i1851,5
1221,21,i2014,5
852,25,i1841,5
269,29,i2002,5
1217,25,i1162,100
1098,13,i2305,5
557,22,i688,1
388,21,i222,50
121,30,i1025,5
1264,24,i586,5
754,15,i899,5
1056,29,i2395,5
856,24,i1180,5
1154,13,i1873,100
1262,30,i2395,5
1609,11,i222,50
880,22,i17,50
86,7,i2015,5
579,16,i1688,5
86,7,i2014,5
1445,26,i899,5
88,21,i1740,5
476,23,i1740,5
498,28,i1499,5
317,11,i2169,5
1036,17,i887,5
501,30,i2001,5
1207,10,i2169,5
496,17,i1836,5
1325,17,i2004,5
1235,21,i1163,100
971,9,i1740,5
368,22,i2395,5
536,28,i2014,5
348,28,i2066,50
36,18,i1895,5
257,28,i859,5
1549,13,i2164,5
1199,28,i899,5
2,29,i1281,50
1520,22,i2003,5
1235,9,i1162,100
1207,24,i2169,5
810,28,i2002,5
1067,25,i2078,5
691,22,i1249,5
115,22,i837,50
1307,25,i423,5
1435,12,i2164,5
1154,16,i1873,100
971,30,i1896,5
569,29,i18,5
860,16,i1499,5
1063,25,i682,5
2,18,i1282,50
1308,23,i422,5
142,27,i2312,5
1208,21,i725,5
848,22,i681,5
1390,10,i682,5
603,28,i2001,5
249,13,i1756,5
1261,21,i1756,5
486,25,i2137,100
1290,28,i1029,50
86,12,i2014,5
968,16,i1895,5
1002,11,i2004,5
853,29,i1841,5
268,28,i1841,5
105,11,i2305,5
1319,24,i1340,5
36,17,i1895,5
989,16,i1761,50
1264,23,i586,5
1304,26,i1499,5
384,13,i17,5
1164,25,i948,5
793,16,i1231,50
1198,30,i899,5
1165,27,i725,5
476,21,i1740,5
1510,12,i1756,5
1238,9,i1163,100
1534,27,i1756,5
88,23,i1740,5
1337,12,i2137,100
569,28,i17,5
961,26,i1735,5
25,24,i1851,5
1330,7,i899,5
1280,11,i899,5
994,25,i873,5
360,10,i222,50
1261,25,i1756,5
1520,29,i2003,5
143,30,i2312,5
905,25,i899,5
116,17,i887,5
422,7,i1761,5
754,14,i899,5
1307,13,i422,5
989,21,i1761,50
1238,25,i1162,100
1432,7,i2236,5
603,30,i2001,5
754,23,i899,5
545,22,i1873,100
1337,30,i2137,5
1304,23,i1499,5
460,8,i1836,5
1440,29,i2305,5
790,27,i1109,5
1307,22,i422,5
8,15,i1661,5
257,17,i859,5
87,22,i2015,5
971,16,i1895,5
1325,18,i2004,5
755,17,i899,5
3,30,i1162,5
703,7,i887,5
981,18,i2165,5
852,26,i1841,5
1035,12,i887,5
412,30,i1435,5
1445,25,i899,5
848,29,i222,50
621,18,i1342,5
1063,9,i887,5
1221,27,i2015,5
1549,18,i2164,5
1533,13,i887,5
1067,28,i2077,5
1145,16,i181,5
982,11,i1500,5
0,13,i423,5
1214,18,i262,5
1199,30,i899,5
1414,22,i2242,5
608,27,i2312,5
1206,18,i875,100
1422,30,i2318,5
1315,28,i17,5
1612,12,i1761,50
1308,24,i422,5
581,14,i1109,5
1516,18,i1760,5
386,13,i1526,100
1238,8,i1162,100
36,29,i1895,5
841,22,i1877,1
1035,17,i887,5
1534,9,i1756,5
1214,10,i262,5
1533,21,i887,5
1035,30,i681,5
26,30,i1851,5
364,15,i2239,5
1154,30,i1873,5
1154,27,i1873,5
1000,14,i1231,50
848,30,i222,50
1612,22,i1462,1
1474,13,i1761,50
989,17,i1462,1
754,10,i899,5
361,11,i682,5
389,18,i181,5
1210,24,i2169,5
12,24,i2395,5
1338,18,i1759,5
997,17,i222,50
159,12,i1756,5
971,13,i1895,5
26,18,i1850,1
655,23,i1834,5
261,24,i859,5
159,22,i1756,5
389,22,i181,5
122,28,i1025,5
586,28,i1509,5
1459,22,i2015,5
105,16,i2395,5
257,8,i859,5
1157,13,i2163,5
1024,14,i422,5
1290,14,i1030,5
1303,28,i1499,5
317,21,i2169,5
115,13,i887,5
851,14,i1661,5
249,27,i1756,5
555,17,i682,5
1098,15,i2305,5
1479,10,i222,50
1035,16,i887,5
364,12,i2239,5
348,27,i2066,50
690,16,i1249,5
1206,7,i222,100
997,18,i222,50
811,24,i2002,5
579,14,i1691,5
1206,9,i222,100
361,11,i222,50
1416,28,i899,5
133,23,i1503,5
478,18,i1662,100
393,27,i1399,5
1445,18,i899,5
384,11,i18,5
1440,22,i2305,5
1308,14,i422,5
586,26,i1509,5
1467,29,i1231,5
1303,22,i1499,5
1337,23,i2137,100
1206,29,i875,5
249,25,i1756,5
1205,17,i1406,5
555,16,i222,50
989,18,i1761,50
116,13,i837,50
545,12,i1873,100
848,26,i222,50
945,29,i2014,5
1546,7,i1499,5
1214,10,i262,5
13,28,i1162,5
987,30,i835,5
793,29,i1756,5
1074,26,i2244,5
1216,27,i1162,5
1190,17,i2072,100
317,30,i2169,5
1000,16,i1756,5
81,11,i222,50
1337,8,i2137,100
1307,23,i423,5
690,22,i1249,5
112,11,i682,5
258,13,i859,5
249,16,i1756,5
841,27,i2003,5
536,26,i2015,5
1337,10,i2137,100
3,29,i1162,5
1534,12,i1756,5
1330,21,i2162,5
2,12,i1281,50
1289,21,i1030,5
526,22,i17,50
731,30,i1837,5
848,18,i682,5
620,27,i2066,5
460,18,i1836,5
1000,24,i1231,50
1447,13,i1163,100
1254,22,i1462,1
1535,22,i887,5
968,28,i1895,5
267,30,i1841,5
968,30,i1895,5
914,18,i2312,5
1289,23,i1030,5
1373,30,i586,5
1447,28,i1162,5
757,8,i1740,5
1435,18,i2164,5
1289,10,i1030,5
1205,16,i1406,5
945,27,i2014,5
989,21,i1761,50
422,17,i1761,5
769,23,i1499,5
527,22,i1850,1
579,13,i1691,5
1431,27,i1422,5
579,14,i1688,5
1063,25,i222,50
994,24,i873,5
368,16,i2395,5
613,9,i222,5
754,16,i899,5
1074,30,i2244,5
913,28,i2312,5
112,11,i222,50
105,28,i2395,5
459,13,i1836,5
1002,28,i2004,5
1534,9,i1756,5
1036,11,i887,5
1210,9,i2169,5
1598,29,i682,5
116,9,i887,5
836,28,i18,5
365,29,i1500,5
26,24,i1851,5
1306,13,i681,5
89,16,i1740,5
860,24,i1499,5
364,12,i2239,5
752,30,i262,5
854,17,i1836,50
971,15,i1895,5
1161,12,i1761,5
88,10,i1895,5
1337,18,i2137,100
364,18,i2239,5
989,17,i1761,50
1518,27,i677,50
1221,17,i2015,5
968,27,i1895,5
841,23,i2003,5
1337,8,i2137,100
971,18,i1895,5
988,25,i835,5
1210,22,i2169,5
497,22,i1029,50
455,28,i1896,5
1158,12,i2163,5
1318,21,i919,1
460,23,i1836,5
1304,21,i1499,5
1290,29,i1030,5
1158,13,i2163,5
1000,30,i1756,5
989,17,i1463,1
1205,17,i1406,5
496,29,i1836,5
133,25,i1503,5
683,15,i2242,5
1307,25,i423,5
997,15,i682,5
968,30,i1896,5
1438,29,i2002,5
1207,26,i2169,5
1035,28,i222,50
1204,12,i1406,5
1337,22,i2137,100
660,28,i1340,5
1527,17,i17,5
496,28,i1836,5
86,17,i2015,5
545,24,i1873,100
176,26,i2395,5
36,16,i1896,5
326,17,i2166,5
459,15,i1836,5
1205,14,i1406,5
421,15,i1761,5
1534,29,i1756,5
1533,17,i887,5
310,29,i222,5
36,27,i1896,5
1377,28,i262,5
1303,26,i1499,5
1154,17,i1873,100
492,12,i18,5
1313,10,i1502,5
811,28,i2002,5
1290,7,i1030,5
1459,28,i2014,5
545,17,i1873,100
1533,16,i887,5
105,28,i2395,5
1414,22,i2242,5
1306,7,i682,5
498,26,i1499,5
1425,27,i1502,5
1415,30,i1735,5
754,12,i899,5
1416,11,i899,5
385,10,i18,5
1325,22,i2004,5
581,30,i1109,5
1289,8,i1030,5
1235,12,i1163,100
1206,14,i222,100
364,16,i2239,5
1036,18,i887,5
1036,11,i887,5
997,13,i681,5
988,21,i835,5
2,27,i1282,50
861,29,i1499,5
384,14,i18,5
545,30,i1873,5
86,17,i518,1
1516,21,i1759,5
385,18,i18,5
89,11,i1895,5
1035,30,i222,50
1154,22,i1873,100
1439,23,i2002,100
555,11,i222,50
1208,29,i725,5
1236,7,i1162,100
1235,16,i1163,100
1280,10,i899,5
556,25,i17,50
1214,24,i262,5
1238,23,i1162,100
1217,26,i1162,100
848,30,i682,5
1193,11,i1895,5
118,22,i1662,50
1024,17,i422,5
1416,9,i899,5
489,29,i1895,5
1447,8,i1163,100
769,27,i1499,5
1212,22,i1525,5
776,17,i222,50
2,25,i1281,50
492,18,i17,5
1238,13,i1163,100
996,28,i2395,5
1206,21,i875,100
848,29,i681,5
1335,16,i1761,5
1307,12,i423,5
86,11,i2015,5
1235,7,i1162,100
2,18,i1281,50
974,30,i2004,5
1002,16,i2004,5
754,27,i899,5
1330,30,i899,5
761,28,i899,5
1416,25,i899,5
1624,28,i18,5
412,27,i1435,5
1221,25,i2014,5
603,27,i2001,5
1423,29,i2318,5
556,28,i18,50
257,18,i859,5
856,22,i1180,5
756,27,i1502,5
1524,26,i843,50
1511,25,i1180,5
1034,30,i2318,50
306,29,i17,5
1416,7,i899,5
1315,29,i17,5
1024,23,i422,5
1064,26,i2077,5
1307,21,i423,5
1527,16,i18,5
1171,14,i2165,5
1431,29,i1422,5
737,27,i2312,5
790,30,i1109,5
793,18,i1756,5
459,12,i1836,5
1044,23,i2169,5
249,29,i1756,5
683,12,i2242,5
996,29,i2395,5
0,25,i422,5
1330,27,i899,5
690,14,i1249,5
1207,18,i2169,5
480,25,i1656,5
1161,11,i1761,5
1515,15,i1759,5
1190,25,i2072,100
1505,21,i1756,5
913,30,i2312,5
1598,27,i682,5
1445,11,i899,5
246,21,i2374,1
1214,29,i262,5
116,22,i837,50
810,30,i2002,5
1432,10,i2236,5
1190,9,i2072,100
1534,21,i1756,5
1235,24,i1163,100
1063,22,i887,5
1290,8,i1030,5
1190,17,i2072,100
86,25,i2014,5
2,21,i1282,50
1306,22,i222,50
1516,14,i1759,5
116,25,i887,5
1620,29,i1500,50
388,17,i222,50
497,16,i1029,50
968,25,i1895,5
248,21,i2374,1
529,30,i1525,5
988,30,i835,5
785,30,i899,5
968,21,i1896,5
1534,16,i1231,50
385,17,i18,5
755,8,i899,5
1221,29,i843,50
1164,28,i1109,5
422,12,i1761,5
87,29,i2015,5
1238,26,i1163,100
848,28,i681,5
737,16,i2312,5
777,22,i222,50
85,28,i1509,5
790,21,i948,5
1221,18,i2015,5
782,17,i2171,5
1035,26,i222,50
1190,21,i2072,100
257,22,i859,5
1399,24,i2137,100
1530,15,i222,5
1512,26,i1180,5
1524,15,i2330,5
0,22,i423,5
1207,27,i2169,5
737,12,i2312,5
1035,28,i681,5
987,10,i1499,5
459,26,i1836,5
848,27,i222,50
989,22,i844,5
913,27,i2312,5
841,21,i2003,5
460,7,i1836,5
1313,30,i2312,5
1024,22,i423,5
306,29,i18,5
1235,14,i1163,100
1390,11,i682,5
987,12,i835,5
1416,18,i2162,5
1445,23,i899,5
87,30,i2015,5
1236,23,i1162,100
754,12,i899,5
852,13,i1841,5
781,17,i2171,5
757,15,i1740,5
621,23,i1342,5
1198,17,i899,5
1163,16,i2171,5
1208,14,i725,50
1304,12,i1499,5
326,15,i2166,5
1318,17,i919,1
1447,26,i1163,100
1008,26,i859,5
1273,30,i1163,5
1306,14,i681,5
1547,22,i835,5
1623,18,i18,50
1307,26,i422,5
756,9,i1502,5
1524,30,i2014,5
249,26,i1756,5
1414,21,i2242,5
493,14,i17,5
1535,26,i887,5
1074,8,i2244,5
421,16,i1761,5
1267,24,i1141,50
1520,18,i2003,5
368,15,i2395,5
1337,16,i2137,100
778,21,i222,50
1308,28,i423,5
971,25,i1896,5
981,16,i2165,5
159,26,i1756,5
1547,24,i835,5
1549,15,i2164,5
1261,24,i1756,5
554,29,i2395,5
790,21,i1109,5
1163,12,i2171,5
841,22,i1878,1
1064,25,i2078,5
862,17,i1525,50
1306,22,i681,5
768,16,i1499,5
1000,30,i1756,5
1214,26,i262,5
881,16,i1406,5
1290,15,i1029,50
1459,21,i2014,5
569,30,i18,5
848,23,i682,5
258,21,i859,5
853,16,i1841,5
880,21,i17,50
1243,30,i1422,5
1534,16,i1756,5
497,11,i1030,5
274,8,i222,5
1533,17,i887,5
498,17,i1499,5
1304,30,i1499,5
87,10,i2015,5
122,30,i1025,5
1432,26,i2236,5
974,17,i2004,5
1511,26,i1180,5
1582,14,i222,5
1289,17,i1029,50
86,16,i2015,5
854,18,i2003,5
1098,30,i2305,5
421,13,i1761,5
460,30,i1836,5
1447,28,i1163,5
1238,22,i1162,100
754,26,i899,5
1312,10,i1502,5
1634,22,i181,5
8,22,i1661,5
1325,26,i2004,5
1420,30,i1841,5
782,22,i222,50
387,13,i1526,100
1520,8,i2003,5
1308,29,i422,5
1459,27,i2015,5
1134,14,i760,5
105,25,i2395,5
1161,8,i1761,5
1634,14,i181,5
486,21,i2137,100
1035,25,i222,50
1319,17,i1340,5
855,30,i2003,5
997,16,i682,5
1261,22,i1756,5
994,30,i873,5
248,22,i2374,1
12,30,i2395,5
1134,18,i760,5
1190,28,i2072,5
116,24,i837,50
1280,8,i899,5
1190,14,i2072,100
1154,23,i1873,100
971,23,i1896,5
386,7,i1526,100
446,27,i2066,5
459,30,i1836,5
476,16,i1740,5
13,26,i1163,5
1154,16,i1873,100
683,22,i2242,5
368,26,i2395,5
1515,21,i1760,5
421,14,i1761,5
1212,7,i1525,5
1510,7,i1756,5
974,23,i2004,5
261,27,i859,5
1236,18,i1163,100
455,28,i1895,5
1067,30,i2077,5
1236,10,i1163,100
1445,8,i899,5
1474,17,i1761,50
1505,29,i1231,5
837,30,i18,5
1002,21,i2004,5
1598,28,i681,5
556,29,i2077,5
1008,23,i859,5
1238,21,i1163,100
1338,15,i1759,5
1307,27,i422,5
1214,21,i262,5
25,26,i1851,5
754,27,i899,5
159,15,i1756,5
1416,9,i899,5
810,17,i2002,5
1535,14,i887,5
268,27,i1841,5
987,21,i835,5
848,23,i681,5
1530,30,i950,5
1524,26,i2015,5
1098,29,i2305,5
86,22,i2015,5
88,22,i1740,5
932,30,i2015,5
1516,13,i1760,5
1307,24,i422,5
25,18,i1850,1
143,29,i2312,5
1459,26,i2014,5
1204,18,i1406,5
621,15,i1342,5
1306,18,i682,5
385,16,i17,5
1624,29,i18,5
393,29,i1399,5
386,21,i1526,100
115,23,i887,5
486,13,i2137,100
1238,30,i1163,5
1612,21,i1462,1
398,27,i1435,50
848,18,i681,5
709,29,i1509,5
1290,30,i1029,50
968,17,i1896,5
914,17,i2312,5
1432,9,i2236,5
1164,29,i948,5
1214,17,i262,5
116,14,i887,5
1171,16,i2165,5
1315,30,i18,5
608,12,i2312,5
905,29,i899,5
116,17,i837,50
703,22,i887,5
1197,12,i2328,5
988,10,i1499,5
1432,10,i2236,5
1315,27,i17,5
26,23,i1851,5
1161,10,i1761,5
1306,13,i682,5
1349,26,i899,5
776,22,i222,50
1473,29,i1756,5
1516,28,i1839,5
261,25,i859,5
1515,22,i1759,5
1399,23,i2137,100
987,18,i835,5
1214,16,i262,5
489,24,i1896,5
613,12,i222,5
1467,30,i1231,5
1518,26,i677,50
1474,12,i1761,50
1349,25,i899,5
1534,23,i1756,5
1204,21,i18,50
149,18,i2137,100
1235,23,i1163,100
1133,18,i760,5
968,15,i1896,5
554,30,i2395,5
1264,27,i586,5
1190,30,i2072,5
249,26,i1756,5
1208,23,i725,5
1267,21,i1141,50
1324,13,i2004,5
8,17,i1661,5
1198,22,i899,5
389,21,i222,50
1035,18,i887,5
492,13,i18,5
1210,12,i2169,5
971,26,i1895,5
1063,29,i682,5
1158,17,i2163,5
793,30,i1756,5
1236,15,i1162,100
1533,10,i643,5
1325,24,i2004,5
1067,28,i2078,5
555,7,i222,50
1516,15,i1759,5
1432,14,i2236,5
1000,15,i1756,5
752,29,i262,5
1201,15,i18,5
1289,16,i1029,50
1530,26,i950,5
1330,12,i2162,5
1505,30,i1231,5
1008,18,i859,5
1533,18,i887,5
914,12,i2312,5
1303,25,i1499,5
1377,21,i262,5
1447,30,i1162,5
1306,18,i681,5
848,22,i222,50
554,15,i2395,5
1505,24,i1756,5
106,23,i2395,5
115,26,i887,5
1426,18,i2163,5
982,18,i2165,5
848,21,i682,5
12,25,i2395,5
790,14,i948,5
1505,13,i1756,5
1164,30,i1109,5
1243,28,i1422,5
1290,12,i1029,50
1262,27,i2395,5
556,25,i2077,5
1199,25,i899,5
2,16,i1281,50
777,21,i222,50
988,9,i1499,5
1534,21,i1231,50
118,18,i1662,50
1535,13,i887,5
759,27,i1162,5
545,13,i1873,100
769,14,i1499,5
1267,28,i1140,50
1549,12,i2164,5
737,26,i2312,5
1426,12,i2163,5
1516,12,i1759,5
1201,13,i17,5
368,29,i2395,5
422,16,i1761,5
368,30,i2395,5
1000,7,i1756,5
971,30,i1896,5
1154,9,i1873,100
13,29,i1162,5
1432,12,i2236,5
159,21,i1756,5
791,25,i725,5
1236,27,i1162,5
790,30,i948,5
1377,13,i262,5
1190,27,i2072,5
1524,25,i843,50
997,14,i682,5
36,24,i1896,5
364,22,i2239,5
1154,15,i1873,100
1520,25,i2003,5
981,9,i1500,5
1190,15,i2072,100
105,24,i2395,5
1198,18,i899,5
1064,30,i2078,5
768,24,i1499,5
1530,16,i222,5
1308,16,i422,5
1210,25,i2169,5
1347,30,i1435,5
25,23,i1851,5
1422,27,i2318,5
1505,14,i1756,5
1628,10,i1837,5
249,17,i1756,5
1335,13,i1761,5
1634,13,i181,5
981,17,i2165,5
36,23,i1895,5
384,13,i18,5
1505,23,i1756,5
368,27,i2395,5
455,25,i1895,5
1036,29,i222,50
853,25,i1841,5
2,21,i1281,50
768,27,i1499,5
768,18,i1499,5
536,30,i2015,5
1216,26,i1163,100
810,25,i2002,5
116,22,i887,5
1534,23,i1756,5
1235,10,i1163,100
1236,21,i1162,100
1524,27,i2015,5
264,30,i1030,5
761,24,i899,5
1238,18,i1163,100
853,21,i1841,5
115,24,i887,5
613,16,i222,5
1207,7,i2169,5
1204,21,i18,50
761,23,i899,5
176,18,i2395,5
1505,17,i1756,5
115,26,i837,50
968,24,i1896,5
855,18,i1836,50
1214,28,i262,5
1024,24,i422,5
1420,16,i1841,5
1432,24,i2236,5
1612,17,i1462,1
115,28,i837,50
1002,12,i2004,5
497,30,i1029,50
480,30,i1656,5
115,17,i887,5
997,22,i682,5
1377,16,i262,5
1172,17,i2165,5
581,14,i948,5
336,27,i18,5
778,22,i222,50
115,16,i887,5
1067,27,i2078,5
1289,10,i1029,50
641,28,i1851,5
1210,13,i2169,5
1510,24,i1756,5
422,9,i1761,5
417,30,i1509,5
848,23,i682,5
2,27,i1281,50
987,9,i1499,5
1217,24,i1163,100
1308,23,i422,5
364,18,i2239,5
1214,17,i262,5
310,28,i222,5
1447,26,i1162,100
84,28,i1509,5
778,17,i2242,5
498,22,i1499,5
1324,26,i2004,5
755,13,i899,5
1337,27,i2137,5
1399,14,i2137,100
1535,25,i837,50
273,8,i222,5
1164,25,i1109,5
555,8,i681,5
105,15,i2395,5
1000,24,i1231,50
1092,12,i2167,5
1207,14,i2169,5
1337,14,i2137,100
273,13,i222,5
497,28,i1029,50
1534,17,i1756,5
1214,14,i262,5
2,11,i1282,50
962,26,i1735,5
388,17,i181,5
545,29,i1873,5
1308,26,i422,5
384,22,i17,5
555,16,i681,5
106,24,i2395,5
411,17,i18,50
1261,23,i1756,5
89,26,i1740,5
1056,28,i2395,5
1133,17,i760,5
261,26,i859,5
387,16,i1526,100
1221,27,i2014,5
862,22,i17,50
1243,27,i1422,5
1516,15,i1760,5
159,11,i919,5
0,16,i423,5
12,27,i2395,5
13,29,i1162,5
569,27,i18,5
1524,30,i2015,5
389,17,i222,50
1235,26,i1163,100
855,23,i2003,5
785,28,i899,5
87,30,i2014,5
1198,21,i899,5
1035,29,i222,50
545,21,i1873,100
421,16,i1761,5
385,7,i17,5
1534,15,i1231,50
1518,25,i1846,5
1534,23,i1231,50
149,25,i2137,100
258,28,i859,5
1205,22,i18,50
971,7,i1740,5
1092,17,i2167,5
1206,15,i875,100
851,16,i1661,5
1306,21,i222,50
755,21,i899,5
1447,12,i1163,100
997,12,i222,50
968,27,i1896,5
1420,14,i1841,5
1527,13,i17,5
524,21,i17,50
26,26,i1851,5
1308,26,i422,5
853,14,i1841,5
133,24,i1503,5
1214,9,i262,5
776,21,i181,5
1098,28,i2305,5
1307,18,i422,5
0,29,i423,5
89,10,i1895,5
1198,29,i899,5
1623,26,i1499,5
106,18,i2395,5
1440,21,i2305,5
257,11,i859,5
1154,30,i1873,5
149,21,i2137,100
8,14,i1661,5
422,13,i1761,5
1024,21,i422,5
662,28,i1225,5
1330,28,i899,5
1134,15,i761,5
755,10,i899,5
1628,26,i1837,5
856,17,i1180,5
1349,23,i899,5
768,14,i1499,5
115,10,i887,5
1207,23,i2169,5
1063,14,i887,5
36,22,i1896,5
105,12,i2395,5
786,21,i1525,50
2,15,i1282,50
1373,26,i586,5
608,24,i2312,5
1064,30,i2077,5
968,23,i1895,5
1217,28,i1162,5
968,30,i1895,5
460,25,i1836,5
655,11,i645,5
1120,27,i2066,50
755,30,i899,5
105,14,i2395,5
1036,7,i887,5
581,15,i948,5
1217,23,i1163,100
1221,26,i843,50
1312,26,i2312,5
551,12,i1141,5
860,26,i1499,5
1516,25,i1839,5
1134,16,i760,5
989,8,i1761,50
1518,29,i677,50
971,13,i1896,5
914,13,i2312,5
555,18,i682,5
1092,16,i2167,5
1534,18,i1756,5
592,28,i1180,5
820,25,i1735,5
1431,21,i2165,5
1208,16,i725,5
497,12,i1030,5
841,18,i1877,1
529,27,i1525,5
1273,27,i1162,5
1024,17,i423,5
1264,7,i586,5
1133,18,i761,5
143,25,i2312,5
1290,26,i1029,50
443,21,i2239,5
945,27,i2015,5
498,18,i1499,5
498,29,i1499,5
385,11,i18,5
249,18,i1756,5
1236,7,i1163,100
497,23,i1030,5
913,21,i2312,5
361,10,i681,5
274,8,i222,5
1201,21,i18,5
1319,29,i1497,5
621,14,i1342,5
1221,17,i2014,5
13,27,i1163,5
1308,27,i423,5
988,11,i1499,5
1221,30,i2014,5
769,25,i1499,5
857,29,i1340,50
418,29,i1509,5
989,14,i844,5
1547,8,i1499,5
387,7,i1526,100
1035,12,i887,5
621,16,i1342,5
848,29,i222,50
480,7,i1667,100
1307,16,i423,5
1438,25,i2002,100
360,15,i2166,5
2,14,i1282,50
982,8,i1500,5
116,7,i887,5
1512,28,i1180,5
1238,16,i1163,100
1034,27,i2318,50
493,17,i18,5
1289,25,i1029,50
459,23,i1836,5
950,29,i1163,5
555,14,i682,5
1533,14,i887,5
257,27,i859,5
737,15,i2312,5
1547,11,i1499,5
36,26,i1895,5
555,22,i222,50
1162,13,i1761,5
1312,30,i2312,5
1306,12,i222,50
1325,30,i2004,5
1445,29,i899,5
1134,13,i760,5
1236,25,i1162,100
1198,29,i899,5
1145,21,i181,5
862,21,i18,50
655,26,i1834,5
496,22,i1836,5
86,23,i2014,5
737,18,i2312,5
1210,10,i2169,5
115,28,i887,5
950,29,i1162,5
1324,22,i2004,5
1313,28,i2312,5
1533,27,i837,50
1154,21,i1873,100
274,7,i222,5
1208,28,i725,5
1459,29,i2015,5
1161,16,i1761,5
489,24,i1895,5
1547,21,i835,5
987,25,i835,5
1199,26,i899,5
336,29,i17,5
1145,14,i181,5
1190,23,i2072,100
13,25,i1162,5
974,14,i2004,5
1612,22,i1463,1
1221,24,i843,50
385,15,i17,5
1431,15,i2165,5
1000,18,i1756,5
1238,10,i1163,100
106,21,i2395,5
1261,30,i1756,5
0,29,i422,5
1307,30,i423,5
1221,24,i2014,5
89,21,i1740,5
982,13,i2165,5
0,30,i422,5
1306,10,i222,50
579,16,i1691,5
996,30,i2395,5
1416,30,i899,5
1216,30,i1162,5
1373,28,i586,5
1193,10,i1896,5
1304,16,i1499,5
988,12,i835,5
1203,22,i1525,50
385,7,i17,5
1308,25,i422,5
1517,26,i677,50
848,24,i222,50
743,11,i2137,100
476,9,i1740,5
106,29,i2395,5
1273,28,i1163,5
1098,26,i2305,5
1546,29,i835,5
754,14,i899,5
311,29,i682,5
1304,28,i1499,5
387,18,i1526,100
486,17,i2137,100
1204,18,i1406,5
273,12,i222,5
306,30,i18,5
988,18,i835,5
1063,28,i681,5
1145,17,i181,5
1420,22,i1841,5
497,10,i1029,50
988,17,i835,5
622,27,i2002,5
1238,14,i1162,100
1330,15,i2162,5
0,17,i423,5
1024,27,i423,5
480,9,i1667,100
848,26,i681,5
1535,18,i887,5
1440,27,i2305,5
0,15,i422,5
1157,15,i2163,5
1330,10,i899,5
768,15,i1499,5
1236,9,i1162,100
1267,28,i1141,50
1000,17,i1231,50
1349,28,i899,5
1199,24,i899,5
1107,28,i1756,5
1008,7,i859,5
861,14,i1499,5
258,27,i859,5
26,21,i1850,1
311,28,i681,5
1527,10,i18,5
1517,25,i1846,5
1511,30,i1180,5
88,15,i1740,5
486,9,i2137,100
1432,7,i2236,5
1524,25,i2015,5
1221,30,i2015,5
12,22,i2395,5
913,17,i2312,5
480,12,i1656,5
1210,14,i2169,5
1447,8,i1162,100
476,18,i1740,5
1264,22,i586,5
1162,16,i1761,5
1165,26,i725,5
306,27,i17,5
1459,27,i2014,5
1306,17,i222,50
1216,26,i1162,100
756,28,i1502,5
1629,27,i1837,5
555,22,i682,5
1216,25,i1162,100
1473,27,i1756,5
810,26,i2002,5
116,11,i887,5
1516,30,i1839,5
1516,29,i1839,5
1459,26,i2015,5
1416,26,i899,5
36,30,i1895,5
486,16,i2137,100
360,16,i2166,5
1527,9,i17,5
755,16,i899,5
1524,26,i2014,5
854,30,i1836,50
987,27,i835,5
1098,25,i2305,5
159,23,i1756,5
273,16,i222,5
836,27,i17,5
848,27,i682,5
1414,13,i2242,5
620,29,i2066,5
1445,17,i899,5
386,15,i1526,100
1063,16,i887,5
1074,21,i2244,5
1165,28,i725,5
945,28,i2015,5
836,27,i17,5
2,23,i1282,50
793,21,i1231,50
1190,26,i2072,100
486,12,i2137,100
1273,26,i1163,5
0,25,i422,5
1612,18,i1463,1
848,21,i222,50
608,26,i2312,5
388,18,i181,5
116,28,i837,50
586,30,i1509,5
703,26,i887,5
249,28,i1756,5
88,11,i1895,5
249,28,i1756,5
1235,22,i1163,100
1074,22,i2244,5
527,17,i1850,1
1440,16,i2305,5
86,14,i2015,5
1290,14,i1029,50
761,27,i899,5
1216,27,i1162,5
1425,30,i1502,5
793,14,i1231,50
1527,21,i17,5
1520,12,i2003,5
811,26,i2002,5
853,30,i1841,5
1035,8,i887,5
982,16,i2165,5
116,21,i837,50
492,13,i18,5
1133,16,i761,5
586,25,i1509,5
0,25,i423,5
460,26,i1836,5
385,12,i18,5
1330,29,i899,5
1308,18,i422,5
493,12,i18,5
273,18,i222,50
1002,27,i2004,5
2,28,i1282,50
87,21,i518,1
932,27,i2015,5
1425,29,i1502,5
176,17,i2395,5
1208,24,i725,5
89,23,i1740,5
683,17,i2242,5
111,10,i682,5
1154,14,i1873,100
1547,7,i1499,5
1210,25,i2169,5
1516,17,i1760,5
703,10,i887,5
1035,13,i887,5
968,13,i1895,5
2,8,i1282,50
1307,12,i422,5
757,21,i1740,5
298,18,i1878,1
1134,16,i761,5
1207,15,i2169,5
1307,17,i423,5
759,29,i1163,5
1190,25,i2072,100
1235,29,i1163,5
1511,27,i1180,5
1637,23,i1340,5
89,7,i1740,5
106,17,i2395,5
755,27,i899,5
360,11,i222,50
1161,17,i1761,5
1236,24,i1162,100
1000,14,i1231,50
1330,30,i899,5
778,22,i2242,5
1036,9,i887,5
1097,26,i873,5
997,21,i222,50
997,18,i681,5
581,22,i1109,5
26,25,i1851,5
422,9,i1761,5
1313,27,i2312,5
1527,9,i18,5
26,22,i1851,5
1520,7,i2003,5
1308,21,i423,5
1214,18,i262,5
1000,12,i1231,50
1208,18,i725,5
782,18,i2171,5
2,12,i1281,50
1535,30,i837,50
1036,28,i681,5
1035,27,i682,5
1447,27,i1163,5
860,22,i1499,5
1236,27,i1163,5
1210,26,i2169,5
1621,27,i1500,50
1205,18,i1406,5
1349,30,i899,5
851,9,i1661,5
409,27,i1509,5
1145,22,i181,5
1516,14,i1760,5
1634,18,i181,5
860,17,i1499,5
1349,30,i899,5
996,30,i2395,5
989,15,i844,5
1267,27,i1140,50
1623,17,i17,50
968,12,i1895,5
1534,25,i1756,5
620,29,i2066,5
1338,21,i1759,5
1337,7,i2137,100
555,12,i682,5
1349,18,i899,5
1474,21,i1761,50
555,10,i681,5
1190,21,i2072,100
106,11,i2305,5
1261,17,i1756,5
496,25,i1836,5
1024,14,i423,5
1337,12,i2137,100
1008,25,i859,5
1290,11,i1029,50
105,29,i2395,5
1312,27,i2312,5
1067,25,i2077,5
1067,27,i2077,5
258,11,i859,5
1307,22,i423,5
1207,11,i2169,5
1235,16,i1162,100
1435,15,i2164,5
1154,9,i1873,100
556,29,i18,50
1306,9,i222,50
755,22,i899,5
360,10,i682,5
1097,17,i873,5
971,12,i1895,5
1623,17,i17,50
1235,24,i1162,100
1432,25,i2236,5
1238,11,i1163,100
974,27,i2004,5
1598,26,i682,5
1235,29,i1162,5
755,9,i899,5
1426,21,i2163,5
1154,24,i1873,100
368,14,i2395,5
36,13,i1895,5
1512,27,i1180,5
756,29,i1502,5
1221,29,i2014,5
1000,22,i1756,5
1044,24,i2169,5
790,17,i1109,5
421,12,i1761,5
987,11,i1499,5
1439,24,i2002,100
1598,29,i222,50
149,28,i2137,5
1515,29,i1839,5
368,24,i2395,5
841,22,i1878,1
1308,17,i422,5
621,9,i859,5
1210,27,i2169,5
1420,26,i1841,5
418,30,i1509,5
1431,25,i1422,5
1289,26,i1030,5
249,25,i1756,5
1161,22,i18,50
115,14,i887,5
105,30,i2395,5
555,7,i681,5
1199,25,i899,5
497,9,i1029,50
258,10,i859,5
1133,12,i760,5
1448,25,i899,5
855,29,i1836,50
1171,22,i2165,5
555,15,i681,5
498,17,i18,50
1317,30,i586,5
1267,21,i1140,50
854,25,i2003,5
703,28,i887,5
1238,27,i1163,5
105,15,i2395,5
1527,16,i17,5
1210,7,i2169,5
455,29,i1895,5
86,25,i2015,5
841,25,i2003,5
971,27,i1895,5
1377,25,i262,5
274,14,i222,5
115,12,i887,5
25,30,i1851,5
581,15,i1109,5
106,10,i2305,5
489,26,i1896,5
1034,29,i2318,50
1199,23,i899,5
968,15,i1895,5
1533,30,i837,50
971,14,i1896,5
655,30,i1834,5
698,11,i899,5
1214,15,i262,5
1414,12,i2242,5
851,12,i1661,5
602,29,i1030,5
489,21,i1896,5
1000,24,i1756,5
743,11,i2137,100
1335,17,i1761,5
755,22,i899,5
476,12,i1740,5
554,14,i2395,5
2,9,i1282,50
1201,13,i18,5
793,27,i1756,5
36,24,i1895,5
1133,16,i760,5
997,16,i681,5
86,9,i2014,5
489,22,i1896,5
1035,25,i682,5
1002,29,i2004,5
950,30,i1163,5
411,17,i17,50
1210,15,i2169,5
989,21,i1462,1
368,10,i2305,5
1330,13,i2162,5
88,29,i1740,5
496,15,i1836,5
1221,18,i2014,5
1074,27,i2244,5
1377,12,i262,5
555,14,i681,5
115,8,i887,5
848,25,i222,50
2,15,i1282,50
1516,16,i1759,5
89,18,i1740,5
496,12,i1836,5
77,26,i2318,5
1206,22,i875,100
524,22,i18,50
1263,17,i1462,1
997,21,i682,5
87,11,i2014,5
776,17,i181,5
1261,13,i1756,5
25,25,i1851,5
1348,23,i899,5
1325,21,i2004,5
1000,13,i1231,50
1024,28,i422,5
2,27,i1282,50
1447,18,i1162,100
86,27,i2014,5
421,18,i1761,5
1236,11,i1163,100
1533,22,i887,5
581,17,i948,5
1637,30,i1340,5
476,17,i1740,5
258,24,i859,5
106,7,i2305,5
1423,27,i2318,5
1319,23,i1340,5
1447,23,i1162,100
1534,16,i1756,5
581,28,i948,5
1235,21,i1162,100
1318,17,i1340,5
971,22,i1896,5
1063,30,i681,5
1133,14,i761,5
1325,28,i2004,5
1474,14,i1761,50
1535,30,i887,5
1236,24,i1163,100
115,8,i837,50
1440,24,i2305,5
1447,11,i1162,100
116,23,i837,50
1201,16,i17,5
249,24,i1756,5
988,26,i835,5
852,22,i1841,5
84,30,i1509,5
834,17,i1526,50
310,30,i222,5
1201,18,i17,5
1535,27,i837,50
1598,30,i681,5
1431,14,i2165,5
1201,21,i18,5
1290,26,i1030,5
497,25,i1030,5
298,18,i1877,1
1318,30,i1497,5
1035,26,i681,5
257,7,i859,5
971,23,i1895,5
655,9,i645,5
852,14,i1841,5
769,28,i1499,5
554,21,i2395,5
1547,17,i835,5
1290,10,i1029,50
581,21,i1109,5
261,28,i859,5
848,26,i222,50
1056,28,i2395,5
703,15,i887,5
1154,13,i1873,100
1008,16,i859,5
1535,26,i887,5
1236,28,i1163,5
417,28,i1509,5
848,25,i681,5
854,27,i2003,5
1008,8,i859,5
1415,28,i1735,5
913,12,i2312,5
968,14,i1895,5
1238,15,i1163,100
1210,23,i2169,5
1157,18,i2163,5
1612,9,i1761,50
2,7,i1282,50
81,10,i222,50
683,21,i2242,5
116,30,i887,5
1154,27,i1873,5
621,12,i1342,5
87,18,i518,1
1164,26,i1109,5
853,17,i1841,5
1008,28,i859,5
384,9,i17,5
1416,22,i2162,5
691,21,i1249,5
1546,15,i835,5
0,18,i422,5
385,12,i18,5
752,30,i262,5
1000,13,i1756,5
1214,13,i262,5
841,21,i1877,1
1473,28,i1756,5
996,28,i2395,5
1263,18,i1462,1
880,21,i18,50
1505,25,i1231,5
1373,9,i586,5
89,25,i1740,5
460,14,i1836,5
496,24,i1836,5
1221,22,i2015,5
269,28,i2002,5
1623,17,i1499,5
1199,22,i899,5
836,28,i18,5
1289,15,i1030,5
1474,15,i1761,50
1416,10,i899,5
1289,18,i1030,5
1524,17,i2330,5
1210,30,i2169,5
810,21,i2002,5
603,29,i2001,5
268,29,i1841,5
1204,16,i1406,5
1036,30,i681,5
1308,16,i423,5
1208,13,i725,5
987,29,i835,5
385,14,i17,5
1214,23,i262,5
1198,23,i899,5
761,25,i899,5
86,18,i518,1
881,13,i1406,5
36,14,i1895,5
1474,22,i1462,1
1035,7,i887,5
87,21,i2015,5
1243,29,i1422,5
492,17,i17,5
1546,18,i835,5
737,13,i2312,5
257,12,i859,5
731,25,i1837,5
793,15,i1231,50
989,7,i844,5
1264,17,i586,5
8,21,i1661,5
1315,27,i18,5
274,12,i222,5
848,18,i222,50
0,14,i422,5
768,26,i1499,5
105,27,i2395,5
1306,13,i222,50
0,24,i423,5
988,7,i1499,5
737,25,i2312,5
361,16,i2166,5
2,9,i1282,50
116,11,i837,50
1221,22,i518,1
757,17,i1740,5
36,17,i1896,5
1380,29,i1591,5
1164,28,i948,5
1520,15,i2003,5
1002,25,i2004,5
1432,28,i2236,5
263,30,i1030,5
971,21,i1895,5
460,29,i1836,5
489,17,i1895,5
0,27,i423,5
1337,15,i2137,100
1515,17,i1759,5
971,16,i1895,5
554,17,i2395,5
1221,25,i2015,5
116,27,i837,50
1190,13,i2072,100
258,26,i859,5
1324,30,i2004,5
133,29,i1503,5
1238,7,i1162,100
1207,17,i2169,5
1254,18,i1462,1
159,17,i1756,5
1236,21,i1163,100
1212,14,i1525,5
1438,27,i2002,5
621,17,i1342,5
368,21,i2395,5
368,25,i2395,5
460,13,i1836,5
1306,18,i222,50
785,27,i899,5
1307,22,i423,5
1312,11,i1502,5
1207,30,i2169,5
1637,29,i1340,5
1290,24,i1030,5
1290,27,i1030,5
1029,21,i1509,1
1204,13,i1406,5
455,26,i1896,5
761,29,i899,5
754,15,i899,5
754,24,i899,5
1000,18,i1231,50
1221,24,i2015,5
848,27,i681,5
1303,12,i1499,5
861,24,i1499,5
536,29,i2015,5
459,22,i1836,5
971,29,i1895,5
455,29,i1896,5
1580,30,i262,5
988,14,i835,5
793,22,i1231,50
1063,26,i682,5
988,29,i835,5
1024,27,i422,5
971,17,i1896,5
569,28,i17,5
1165,14,i725,50
85,25,i1509,5
36,27,i1895,5
1547,26,i835,5
754,11,i899,5
1198,28,i899,5
536,26,i2014,5
1157,22,i2163,5
317,7,i2169,5
1623,29,i1499,5
1303,14,i1499,5
1221,29,i2015,5
385,17,i17,5
1337,29,i2137,5
388,22,i222,50
1337,7,i2137,100
1214,23,i262,5
810,29,i2002,5
1373,8,i586,5
1612,18,i1761,50
556,29,i17,50
1527,18,i17,5
837,29,i17,5
384,21,i18,5
1373,23,i586,5
1530,22,i222,5
87,22,i2014,5
1198,28,i899,5
790,23,i1109,5
1445,12,i899,5
1582,9,i222,5
111,11,i222,50
841,30,i2003,5
1612,15,i1761,50
266,28,i1030,5
756,7,i1502,5
1308,26,i423,5
384,22,i17,5
142,25,i2312,5
856,28,i1180,5
1289,21,i1029,50
1273,27,i1163,5
1002,15,i2004,5
1036,23,i222,5
1221,26,i2014,5
1541,18,i2305,5
1507,17,i222,50
1000,24,i1756,5
1224,25,i1182,5
854,24,i2003,5
1447,21,i1162,100
1432,30,i2236,5
950,30,i1162,5
874,11,i899,5
1447,17,i1162,100
1145,15,i181,5
116,8,i837,50
1447,29,i1163,5
1319,18,i1340,5
545,18,i1873,100
459,21,i1836,5
851,21,i1661,5
1190,27,i2072,5
703,21,i887,5
1289,27,i1029,50
112,10,i222,50
1527,14,i17,5
1162,9,i1761,5
988,27,i835,5
1035,13,i887,5
455,26,i1895,5
1000,12,i1231,50
1154,8,i1873,100
1313,11,i1502,5
159,18,i1756,5
1208,28,i725,5
1172,12,i2165,5
1466,28,i1231,5
1261,26,i1756,5
782,18,i222,50
1507,7,i222,50
1217,24,i1163,100
1373,13,i586,5
1505,18,i1756,5
115,26,i887,5
493,21,i17,5
981,15,i2165,5
841,28,i2003,5
1637,16,i1340,5
1290,13,i1029,50
274,14,i222,5
791,14,i725,50
1349,24,i899,5
709,27,i1509,5
1208,15,i725,5
989,22,i1761,50
1533,25,i887,5
769,12,i1499,5
880,14,i1406,5
1535,23,i887,5
755,11,i899,5
443,17,i2239,5
1074,18,i2244,5
77,29,i2318,5
950,27,i1162,5
1459,17,i518,1
1416,29,i899,5
311,27,i682,5
149,22,i2137,100
1036,27,i682,5
768,30,i1499,5
1535,24,i887,5
691,18,i1249,5
1432,15,i2236,5
655,15,i1834,5
1221,23,i2014,5
1515,12,i1759,5
387,17,i1526,100
754,18,i899,5
476,28,i1740,5
1303,29,i1499,5
1289,23,i1029,50
365,30,i1500,5
88,11,i1896,5
1330,8,i899,5
86,18,i2014,5
642,26,i1851,5
554,27,i2395,5
116,14,i837,50
486,24,i2137,100
608,29,i2312,5
1024,30,i423,5
974,22,i2004,5
1535,17,i887,5
757,29,i1740,5
115,12,i837,50
1377,29,i262,5
1459,18,i2015,5
386,9,i1526,100
1190,9,i2072,100
84,26,i1509,5
1515,16,i1759,5
852,29,i1841,5
1324,27,i2004,5
159,27,i1756,5
1535,7,i643,5
140,29,i1662,5
133,30,i1503,5
1318,21,i1340,5
755,28,i899,5
159,14,i1756,5
476,14,i1740,5
26,27,i1851,5
1221,27,i2015,5
1634,12,i181,5
116,26,i887,5
1624,30,i18,5
364,22,i2239,5
1204,15,i1406,5
422,7,i1761,5
115,27,i887,5
1520,10,i2003,5
1067,26,i2078,5
555,18,i681,5
86,22,i518,1
149,26,i2137,100
1547,13,i835,5
982,14,i2165,5
1214,28,i262,5
480,28,i1656,5
446,30,i2066,5
1235,18,i1163,100
1108,28,i1756,5
862,22,i17,50
1214,30,i262,5
1290,17,i1030,5
811,25,i2002,5
662,30,i1225,5
852,27,i1841,5
545,23,i1873,100
1289,7,i1029,50
1348,30,i899,5
1524,28,i2014,5
1008,29,i859,5
1534,22,i1231,50
1303,17,i1499,5
115,7,i887,5
861,27,i1499,5
87,8,i2014,5
1416,8,i899,5
1162,15,i1761,5
116,28,i887,5
1623,18,i17,50
13,25,i1163,5
880,16,i1406,5
1212,11,i1525,5
536,29,i2014,5
757,26,i1740,5
1426,22,i2163,5
1534,13,i1231,50
768,21,i1499,5
854,22,i1836,50
968,21,i1896,5
2,13,i1282,50
389,18,i222,50
1445,10,i899,5
1098,27,i2305,5
1307,27,i423,5
384,18,i18,5
683,16,i2242,5
1621,29,i1500,50
1036,29,i682,5
1510,25,i1231,5
1273,29,i1162,5
1628,11,i1837,5
1515,25,i1839,5
1236,9,i1163,100
1373,16,i586,5
581,30,i948,5
489,18,i1895,5
1290,28,i1030,5
1235,9,i1163,100
698,10,i899,5
1547,25,i835,5
555,10,i682,5
1201,21,i17,5
257,10,i859,5
1542,27,i2001,50
1422,28,i2318,5
86,10,i2015,5
385,15,i17,5
1157,14,i2163,5
1000,15,i1231,50
476,7,i1740,5
1000,12,i1756,5
2,17,i1281,50
1290,15,i1030,5
790,17,i948,5
2,11,i1281,50
581,24,i948,5
116,15,i887,5
1097,24,i873,5
257,23,i859,5
115,15,i837,50
1307,18,i422,5
12,21,i2395,5
1207,12,i2169,5
481,27,i1735,5
1447,16,i1163,100
77,28,i2318,5
115,13,i837,50
2,22,i1281,50
493,15,i17,5
642,28,i1851,5
501,28,i2001,5
325,15,i2166,5
1318,29,i1497,5
0,12,i423,5
784,29,i899,5
1236,12,i1162,100
368,12,i2395,5
754,23,i899,5
1534,21,i1231,50
1201,17,i17,5
476,27,i1740,5
776,22,i181,5
298,21,i1877,1
1524,27,i2014,5
385,9,i17,5
1593,28,i18,5
1261,28,i1756,5
1520,17,i2003,5
556,28,i2078,5
389,18,i181,5
1210,28,i2169,5
106,23,i2395,5
556,25,i18,50
1221,26,i2015,5
1447,22,i1162,100
1440,26,i2305,5
88,25,i1740,5
89,12,i1740,5
1216,29,i1162,5
1330,9,i899,5
1330,14,i2162,5
1329,27,i899,5
1000,18,i1231,50
987,16,i835,5
862,18,i1525,50
1337,11,i2137,100
1380,30,i1591,5
914,21,i2312,5
1190,30,i2072,5
945,30,i2015,5
551,16,i1141,5
1541,13,i2305,5
1190,8,i2072,100
443,12,i2239,5
1634,22,i181,5
1518,26,i1846,5
581,23,i948,5
257,16,i859,5
1000,15,i1231,50
89,29,i1740,5
88,26,i1740,5
913,24,i2312,5
781,17,i222,50
1317,27,i586,5
1338,12,i1760,5
1261,14,i1756,5
497,14,i1030,5
1065,21,i1509,1
591,27,i1180,5
971,8,i1740,5
793,23,i1756,5
854,27,i1836,50
493,16,i18,5
968,22,i1896,5
1620,27,i1500,50
529,29,i1525,5
1439,26,i2002,100
690,12,i1249,5
116,18,i837,50
581,13,i1109,5
1154,26,i1873,100
1524,28,i2015,5
1520,16,i2003,5
86,24,i2015,5
1535,28,i887,5
536,28,i2015,5
989,18,i844,5
1512,25,i1180,5
1308,28,i422,5
1439,28,i2002,5
0,22,i422,5
989,8,i844,5
1162,10,i1761,5
384,8,i18,5
569,30,i17,5
1624,30,i17,5
385,16,i18,5
848,23,i222,50
159,28,i1756,5
1221,28,i2015,5
384,15,i18,5
116,9,i887,5
1024,29,i422,5
1432,30,i2236,5
1377,18,i262,5
1154,18,i1873,100
1044,30,i2169,5
1172,15,i2165,5
1264,26,i586,5
1598,27,i681,5
1286,29,i586,5
853,13,i1841,5
1516,13,i1759,5
267,25,i1841,5
1447,15,i1162,100
1447,23,i1163,100
1207,28,i2169,5
1527,15,i17,5
106,12,i2395,5
460,17,i1836,5
834,21,i1526,50
793,17,i1756,5
1515,14,i1759,5
1162,21,i17,50
1008,22,i859,5
1448,8,i899,5
25,27,i1851,5
1324,12,i2004,5
368,18,i2395,5
26,29,i1851,5
1221,25,i843,50
446,28,i2066,5
932,27,i2014,5
368,27,i2395,5
1547,16,i835,5
1000,23,i1756,5
1547,12,i835,5
257,14,i859,5
1002,23,i2004,5
1580,28,i262,5
1516,22,i1759,5
703,13,i887,5
0,27,i423,5
853,26,i1841,5
368,17,i2395,5
1534,24,i1756,5
1063,27,i681,5
1549,17,i2164,5
326,12,i2166,5
421,17,i1761,5
2,8,i1281,50
551,15,i1141,5
1221,28,i2014,5
1337,23,i2137,100
1319,26,i1340,5
1448,30,i899,5
1206,16,i875,100
1207,16,i2169,5
384,12,i18,5
592,30,i1180,5
89,24,i1740,5
861,23,i1499,5
974,29,i2004,5
133,27,i1503,5
1221,29,i2014,5
317,29,i2169,5
756,17,i1502,5
1304,17,i1499,5
1447,27,i1162,5
690,21,i1249,5
754,29,i899,5
1235,22,i1162,100
360,12,i2166,5
556,27,i17,50
1337,22,i2137,100
982,10,i1500,5
1035,15,i887,5
731,26,i1837,5
274,16,i222,5
36,18,i1896,5
790,28,i948,5
1290,18,i1030,5
1515,13,i1760,5
486,8,i2137,100
1207,28,i2169,5
1510,8,i1756,5
317,28,i2169,5
1431,30,i1422,5
971,24,i1896,5
159,29,i1756,5
1308,17,i423,5
1067,29,i2077,5
853,27,i1841,5
1134,13,i761,5
384,7,i18,5
554,26,i2395,5
1158,21,i2163,5
1445,16,i899,5
1534,18,i1231,50
443,18,i2239,5
1307,13,i422,5
1546,17,i835,5
1527,11,i17,5
317,17,i2169,5
1515,30,i1839,5
856,23,i1180,5
115,7,i837,50
298,17,i1878,1
86,30,i2015,5
968,18,i1895,5
854,24,i1836,50
703,24,i887,5
1207,11,i2169,5
387,21,i1526,100
115,24,i837,50
88,12,i1740,5
1516,27,i1839,5
1154,12,i1873,100
1289,26,i1029,50
968,13,i1895,5
848,24,i682,5
1290,25,i1029,50
1312,28,i2312,5
856,26,i1180,5
1598,30,i222,50
1263,21,i1462,1
497,7,i1029,50
460,22,i1836,5
968,7,i1740,5
841,22,i2003,5
1210,16,i2169,5
971,22,i1895,5
793,13,i1231,50
790,13,i948,5
410,28,i1509,5
621,7,i859,5
709,30,i1509,5
1629,25,i1837,5
1157,12,i2163,5
756,16,i1502,5
268,30,i1841,5
1377,22,i262,5
360,17,i2166,5
1036,15,i887,5
989,23,i844,5
1510,21,i1756,5
1348,17,i899,5
1535,21,i887,5
655,18,i1834,5
1098,14,i2305,5
981,22,i2165,5
2,30,i1281,50
1534,23,i1231,50
569,28,i18,5
1289,29,i1029,50
971,21,i1895,5
782,17,i222,50
591,28,i1180,5
85,30,i1509,5
1338,16,i1759,5
1534,13,i1756,5
480,14,i1656,50
1432,29,i2236,5
1535,15,i887,5
1420,15,i1841,5
881,15,i1406,5
1264,25,i586,5
2,13,i1281,50
258,25,i859,5
1373,7,i586,5
777,17,i222,50
368,16,i2395,5
581,17,i1109,5
1459,18,i2014,5
480,13,i1656,50
1224,29,i1182,5
257,29,i859,5
790,16,i1109,5
1319,22,i919,1
1399,18,i2137,100
274,17,i222,50
1516,18,i1759,5
368,21,i2395,5
556,26,i18,50
1527,14,i18,5
140,28,i1662,5
1306,15,i682,5
249,21,i1756,5
257,24,i859,5
1162,14,i1761,5
555,15,i222,50
105,9,i2305,5
1515,14,i1759,5
2,30,i1282,50
364,21,i2239,5
1236,29,i1163,5
608,16,i2312,5
555,12,i222,50
1210,15,i2169,5
116,27,i887,5
1637,25,i1340,5
1306,12,i681,5
971,11,i1740,5
1447,10,i1162,100
1432,22,i2236,5
1637,15,i1340,5
1435,22,i1525,50
790,29,i948,5
1474,21,i1463,1
480,27,i1656,5
1204,14,i1406,5
497,9,i1030,5
737,30,i2312,5
1217,23,i1162,100
881,14,i1406,5
115,9,i887,5
852,21,i1841,5
613,14,i222,5
325,12,i2166,5
581,13,i948,5
968,13,i1896,5
1447,21,i1163,100
848,25,i681,5
1056,27,i2395,5
971,18,i1895,5
1238,16,i1162,100
1024,18,i422,5
1035,16,i887,5
1000,16,i1231,50
755,13,i899,5
759,28,i1163,5
856,30,i1180,5
498,25,i1499,5
268,26,i1841,5
274,16,i222,5
1171,18,i2165,5
793,12,i1756,5
348,29,i2066,50
579,12,i1691,5
481,28,i1735,5
1303,16,i1499,5
112,10,i682,5
112,11,i682,5
1216,25,i1163,100
36,23,i1896,5
159,15,i1756,5
655,7,i645,5
1533,9,i643,5
1377,9,i262,5
1204,12,i1406,5
1582,12,i222,5
1399,21,i2137,100
489,23,i1896,5
754,17,i899,5
1416,12,i2162,5
87,13,i2015,5
971,21,i1896,5
1289,9,i1030,5
592,29,i1180,5
1377,10,i262,5
1202,21,i1525,50
950,28,i1162,5
459,8,i1836,5
385,14,i17,5
460,27,i1836,5
1426,14,i2163,5
961,25,i1735,5
989,18,i1463,1
1414,18,i2242,5
757,24,i1740,5
116,16,i887,5
1154,8,i1873,100
87,21,i2014,5
1133,15,i760,5
1304,18,i1499,5
1527,8,i18,5
88,8,i1740,5
0,18,i423,5
1507,14,i222,50
87,18,i2014,5
1623,25,i1499,5
855,21,i1836,50
1206,10,i875,100
8,8,i1661,5
36,25,i1895,5
1201,15,i17,5
556,30,i18,50
1036,22,i887,5
1290,21,i1030,5
1157,16,i2163,5
364,16,i2239,5
1092,15,i2167,5
1541,16,i2305,5
1210,23,i2169,5
1273,30,i1162,5
1036,12,i887,5
754,25,i899,5
1235,8,i1162,100
1335,14,i1761,5
0,26,i423,5
460,28,i1836,5
1634,17,i181,5
1373,15,i586,5
756,18,i1502,5
1214,15,i262,5
1474,9,i1761,50
987,8,i1499,5
1238,8,i1163,100
1097,27,i873,5
1063,28,i682,5
1214,25,i262,5
59,27,i586,5
756,21,i1502,5
1198,21,i899,5
12,29,i2395,5
556,26,i17,50
880,12,i1406,5
361,10,i222,50
1290,18,i1029,50
1337,27,i2137,5
759,30,i1162,5
1416,27,i899,5
1324,21,i2004,5
556,27,i2077,5
755,15,i899,5
1221,22,i2014,5
848,30,i681,5
861,16,i1499,5
105,21,i2395,5
1432,13,i2236,5
311,29,i681,5
1197,22,i2328,5
0,24,i422,5
384,16,i17,5
1154,26,i1873,100
493,21,i18,5
623,27,i2002,5
555,13,i682,5
1221,21,i518,1
581,18,i1109,5
968,12,i1896,5
555,9,i681,5
1303,21,i1499,5
989,29,i844,5
116,27,i887,5
1190,18,i2072,100
87,28,i2015,5
1447,9,i1162,100
620,30,i2066,5
116,14,i887,5
1624,27,i17,5
791,26,i725,5
1546,11,i1499,5
1190,22,i2072,100
1236,29,i1162,5
1208,17,i725,5
556,28,i17,50
1254,22,i1463,1
1238,29,i1163,5
810,27,i2002,5
1325,27,i2004,5
364,13,i2239,5
1329,30,i899,5
810,18,i2002,5
88,17,i1740,5
709,28,i1509,5
384,17,i18,5
1214,30,i262,5
1074,7,i2244,5
1534,17,i1231,50
1527,7,i17,5
785,30,i899,5
249,27,i1756,5
1451,11,i899,5
421,8,i1761,5
1623,28,i1499,5
1447,14,i1162,100
493,14,i18,5
1134,17,i761,5
115,21,i837,50
968,18,i1896,5
1510,29,i1231,5
776,18,i222,50
579,15,i1688,5
1448,9,i899,5
1448,11,i899,5
855,22,i1836,50
1439,30,i2002,5
2,26,i1282,50
988,15,i835,5
386,16,i1526,100
1289,11,i1030,5
1290,25,i1030,5
1002,7,i2004,5
1307,12,i422,5
326,14,i2166,5
361,12,i2166,5
388,17,i222,50
1515,18,i1759,5
176,23,i2395,5
608,17,i2312,5
1530,14,i222,5
0,23,i422,5
306,30,i17,5
1217,25,i1163,100
1290,21,i1029,50
790,15,i1109,5
1221,17,i518,1
781,18,i222,50
298,17,i1877,1
1154,28,i1873,5
581,22,i948,5
1205,16,i1406,5
848,22,i222,50
778,17,i222,50
421,8,i1761,5
1315,28,i18,5
0,22,i423,5
1533,8,i643,5
1224,26,i1182,5
1221,18,i518,1
860,21,i1499,5
1024,15,i423,5
655,22,i1834,5
1530,8,i222,5
86,24,i2014,5
492,15,i18,5
757,25,i1740,5
1207,16,i2169,5
968,14,i1895,5
489,29,i1896,5
761,24,i899,5
1432,21,i2236,5
36,26,i1896,5
1414,16,i2242,5
848,25,i222,50
1092,21,i2167,5
393,28,i1399,5
581,23,i1109,5
1161,15,i1761,5
497,22,i1030,5
569,27,i17,5
1416,7,i899,5
848,25,i682,5
914,30,i2312,5
855,24,i1836,50
249,16,i1756,5
602,27,i1030,5
1098,21,i2305,5
1201,22,i18,5
1036,24,i222,5
1207,8,i2169,5
1263,22,i1463,1
86,28,i2015,5
1440,28,i2305,5
1304,14,i1499,5
529,28,i1525,5
1207,9,i2169,5
497,8,i1029,50
325,16,i2166,5
913,13,i2312,5
974,21,i2004,5
1290,24,i1029,50
1267,25,i1141,50
1036,14,i887,5
1064,27,i2078,5
1507,9,i222,50
551,12,i1140,5
855,30,i1836,50
1035,9,i887,5
932,29,i2014,5
364,14,i2239,5
13,26,i1163,5
1315,29,i17,5
1612,21,i1761,50
854,28,i1836,50
492,15,i18,5
1238,29,i1162,5
336,27,i17,5
1347,27,i1435,5
968,29,i1896,5
1620,28,i1500,50
968,9,i1740,5
1261,15,i1756,5
1063,18,i887,5
1447,12,i1162,100
579,17,i1691,5
1634,15,i181,5
249,21,i1756,5
368,14,i2395,5
987,23,i835,5
641,26,i1851,5
116,21,i887,5
1308,27,i423,5
761,27,i899,5
989,28,i844,5
1593,27,i18,5
26,18,i1851,5
1349,27,i899,5
1024,13,i423,5
1199,27,i899,5
586,29,i1509,5
26,22,i1850,1
1206,26,i875,100
1036,27,i222,50
1337,26,i2137,100
1510,14,i1756,5
768,12,i1499,5
1154,29,i1873,5
662,27,i1225,5
12,18,i2395,5
273,18,i222,50
59,28,i586,5
115,30,i837,50
0,27,i422,5
655,17,i1834,5
1510,22,i1756,5
971,29,i1895,5
1035,23,i222,5
1161,7,i1761,5
968,26,i1895,5
1207,21,i2169,5
388,21,i181,5
755,24,i899,5
1535,27,i887,5
1074,9,i2244,5
848,18,i681,5
987,22,i835,5
810,22,i2002,5
554,24,i2395,5
443,16,i2239,5
1516,12,i1760,5
1445,28,i899,5
1447,10,i1163,100
87,7,i2015,5
761,23,i899,5
1236,13,i1162,100
1207,21,i2169,5
410,30,i1509,5
1263,18,i1463,1
743,10,i2137,100
790,24,i948,5
769,18,i1499,5
768,17,i1499,5
86,15,i2014,5
880,12,i1406,5
769,29,i1499,5
1074,13,i2244,5
149,17,i2137,100
1002,9,i2004,5
754,17,i899,5
1629,26,i1837,5
1065,22,i1509,1
855,27,i2003,5
1208,12,i725,50
1349,29,i899,5
1637,28,i1340,5
1308,21,i423,5
581,16,i948,5
1201,15,i17,5
86,21,i2014,5
968,22,i1896,5
336,30,i18,5
25,17,i1850,1
87,25,i2015,5
848,22,i681,5
1214,25,i262,5
1582,8,i222,5
880,17,i1406,5
497,24,i1029,50
87,27,i2014,5
496,13,i1836,5
1210,18,i2169,5
1063,15,i887,5
757,7,i1740,5
1034,28,i2318,50
1217,28,i1163,5
754,30,i899,5
1286,27,i586,5
443,22,i2239,5
263,27,i1030,5
757,30,i1740,5
971,17,i1896,5
459,24,i1836,5
834,18,i1526,50
1056,30,i2395,5
989,8,i1761,50
1217,27,i1163,5
86,8,i2014,5
105,12,i2395,5
655,24,i1834,5
1629,29,i1837,5
1097,28,i873,5
368,23,i2395,5
384,9,i18,5
1221,18,i843,50
1416,10,i899,5
134,25,i1180,5
1420,25,i1841,5
1190,26,i2072,100
655,28,i1834,5
581,29,i1109,5
1205,22,i18,50
1546,26,i835,5
159,26,i1756,5
249,30,i1756,5
1190,24,i2072,100
139,28,i1662,5
1416,27,i899,5
855,22,i2003,5
932,28,i2015,5
1306,14,i682,5
1267,26,i1141,50
974,13,i2004,5
368,29,i2395,5
1511,28,i1180,5
1414,15,i2242,5
855,26,i2003,5
757,9,i1740,5
1580,29,i262,5
1002,18,i2004,5
1324,18,i2004,5
459,14,i1836,5
1210,8,i2169,5
1547,10,i1499,5
298,22,i1877,1
1074,25,i2244,5
115,18,i887,5
1516,16,i1760,5
1634,14,i181,5
105,13,i2395,5
1035,8,i887,5
793,22,i1756,5
1533,24,i887,5
1474,7,i1761,50
608,30,i2312,5
1306,11,i222,50
914,28,i2312,5
1290,9,i1030,5
86,18,i2015,5
105,21,i2395,5
1308,21,i422,5
1206,17,i875,100
1267,27,i1141,50
1527,12,i18,5
85,29,i1509,5
1036,26,i681,5
781,22,i222,50
853,24,i1841,5
856,18,i1180,5
1510,13,i1756,5
860,27,i1499,5
492,22,i17,5
86,21,i2015,5
106,8,i2305,5
1474,22,i1463,1
1036,13,i887,5
374,10,i2003,5
591,30,i1180,5
1201,14,i17,5
115,30,i887,5
569,29,i17,5
13,29,i1163,5
1512,30,i1180,5
492,18,i17,5
497,29,i1029,50
1024,12,i422,5
1373,17,i586,5
1063,17,i887,5
1201,17,i17,5
1024,13,i422,5
476,26,i1740,5
1000,17,i1756,5
997,16,i222,50
89,28,i1740,5
1097,30,i873,5
1304,15,i1499,5
1547,27,i835,5
249,22,i1756,5
25,21,i1850,1
13,30,i1163,5
1197,16,i2328,5
3,30,i1163,5
556,29,i2078,5
1158,16,i2163,5
1290,13,i1030,5
118,17,i1662,50
1267,22,i1140,50
398,29,i1435,50
1420,21,i1841,5
1546,28,i835,5
1474,16,i1761,50
249,29,i1756,5
1445,22,i899,5
1210,12,i2169,5
1190,16,i2072,100
1264,30,i586,5
121,29,i1025,5
1262,26,i2395,5
1593,30,i17,5
1207,25,i2169,5
1273,25,i1162,5
620,27,i2066,5
569,30,i17,5
143,27,i2312,5
1207,24,i2169,5
914,22,i2312,5
776,18,i181,5
1236,17,i1162,100
754,21,i899,5
1206,24,i875,100
971,28,i1896,5
545,28,i1873,5
1024,25,i423,5
1064,29,i2078,5
848,18,i222,50
1267,30,i1141,50
1164,29,i1109,5
1198,25,i899,5
1190,12,i2072,100
273,13,i222,5
1637,21,i1340,5
311,30,i681,5
968,21,i1895,5
913,18,i2312,5
1447,24,i1162,100
397,29,i1340,5
1582,16,i222,5
106,14,i2395,5
497,26,i1029,50
111,11,i681,5
1348,23,i899,5
1216,26,i1163,100
1432,27,i2236,5
368,28,i2395,5
1549,14,i2164,5
1337,24,i2137,100
655,13,i1834,5
121,27,i1025,5
88,10,i1896,5
1289,17,i1030,5
790,27,i948,5
1414,15,i2242,5
1338,22,i1759,5
555,8,i222,50
1164,27,i948,5
1024,15,i422,5
971,14,i1895,5
1306,21,i682,5
997,14,i681,5
1202,22,i1525,50
755,26,i899,5
1235,8,i1163,100
1214,16,i262,5
1546,27,i835,5
1347,29,i1435,5
1426,16,i2163,5
486,29,i2137,5
159,30,i1756,5
1515,21,i1759,5
1221,24,i2015,5
388,22,i222,50
1318,22,i1340,5
968,28,i1896,5
1338,13,i1759,5
417,27,i1509,5
1416,21,i2162,5
85,26,i1509,5
848,17,i222,50
1214,9,i262,5
176,27,i2395,5
1598,26,i222,50
1036,14,i887,5
989,13,i844,5
1199,27,i899,5
709,26,i1509,5
1377,14,i262,5
1308,14,i422,5
968,8,i1740,5
1172,13,i2165,5
1002,17,i2004,5
497,15,i1029,50
361,14,i2166,5
622,30,i2002,5
691,17,i1249,5
87,23,i2015,5
1290,9,i1029,50
1235,15,i1162,100
384,11,i17,5
410,29,i1509,5
1467,28,i1231,5
422,18,i1761,5
489,30,i1895,5
861,26,i1499,5
1035,17,i887,5
105,10,i2305,5
325,13,i2166,5
848,30,i222,50
1414,17,i2242,5
932,30,i2014,5
1145,12,i181,5
581,26,i948,5
851,8,i1661,5
1264,18,i586,5
105,17,i2395,5
1221,22,i518,1
1445,9,i899,5
86,30,i2014,5
1000,18,i1756,5
257,21,i859,5
1008,13,i859,5
111,11,i681,5
621,21,i1342,5
1524,26,i2015,5
1447,17,i1163,100
89,27,i1740,5
87,26,i2014,5
1212,16,i1525,5
13,26,i1162,5
264,27,i1030,5
1162,12,i1761,5
0,28,i423,5
848,29,i682,5
1422,29,i2318,5
1238,10,i1162,100
1445,13,i899,5
703,9,i887,5
1214,11,i262,5
791,12,i725,50
1459,29,i2014,5
851,18,i1661,5
459,16,i1836,5
1534,7,i1756,5
159,16,i1756,5
497,25,i1029,50
1527,7,i18,5
683,18,i2242,5
1206,11,i875,100
1524,25,i2014,5
1190,24,i2072,100
497,24,i1030,5
87,29,i2014,5
1438,23,i2002,100
36,21,i1895,5
1035,28,i222,50
1534,14,i1231,50
1221,30,i843,50
1524,28,i843,50
1546,23,i835,5
360,13,i2166,5
914,27,i2312,5
777,18,i2242,5
1308,23,i423,5
545,25,i1873,100
1534,15,i1756,5
790,23,i948,5
89,14,i1740,5
971,25,i1895,5
1114,29,i1025,5
1518,30,i677,50
1373,18,i586,5
1107,30,i1756,5
777,18,i222,50
36,15,i1896,5
1290,22,i1030,5
1267,18,i1141,50
496,27,i1836,5
1335,18,i1761,5
87,17,i2015,5
0,13,i422,5
555,18,i222,50
105,18,i2395,5
1629,10,i1837,5
384,7,i18,5
988,8,i1499,5
497,27,i1029,50
1624,28,i17,5
409,30,i1509,5
497,18,i1030,5
855,28,i1836,50
1201,13,i18,5
497,14,i1029,50
1290,16,i1029,50
690,13,i1249,5
1534,25,i1756,5
861,15,i1499,5
1533,27,i887,5
1549,21,i1525,50
791,27,i725,5
1092,14,i2167,5
493,14,i18,5
421,9,i1761,5
743,10,i2137,100
0,21,i423,5
2,29,i1281,50
914,14,i2312,5
116,18,i887,5
1210,24,i2169,5
455,25,i1896,5
1210,28,i2169,5
498,30,i1499,5
997,18,i682,5
2,28,i1281,50
1036,26,i682,5
384,8,i17,5
389,21,i181,5
989,9,i1761,50
1546,14,i835,5
1546,30,i835,5
1582,13,i222,5
1165,12,i725,50
1520,23,i2003,5
1324,17,i2004,5
2,18,i1281,50
1325,16,i2004,5
1337,14,i2137,100
1289,22,i1030,5
556,28,i2077,5
755,16,i899,5
703,11,i887,5
1197,18,i2328,5
1535,23,i887,5
1308,24,i423,5
385,21,i17,5
996,29,i2395,5
989,21,i844,5
1238,24,i1162,100
754,11,i899,5
1238,12,i1163,100
422,14,i1761,5
1473,30,i1756,5
853,23,i1841,5
1289,11,i1029,50
1158,15,i2163,5
1098,22,i2305,5
1459,30,i2014,5
950,28,i1163,5
86,26,i2014,5
1190,7,i2072,100
1467,27,i1231,5
791,28,i725,5
106,18,i2395,5
793,24,i1756,5
116,12,i887,5
1432,8,i2236,5
1304,24,i1499,5
1235,25,i1163,100
1623,18,i17,50
857,27,i1340,50
841,26,i2003,5
581,29,i948,5
790,13,i1109,5
555,14,i222,50
841,24,i2003,5
755,7,i899,5
621,26,i1342,5
1447,29,i1162,5
1373,29,i586,5
1447,25,i1162,100
336,28,i17,5
87,13,i2014,5
364,21,i2239,5
1447,14,i1163,100
1134,14,i761,5
496,9,i1836,5
1324,25,i2004,5
142,28,i2312,5
149,15,i2137,100
731,27,i1837,5
176,29,i2395,5
1210,11,i2169,5
545,27,i1873,5
737,21,i2312,5
1198,30,i899,5
134,26,i1180,5
914,16,i2312,5
1420,29,i1841,5
932,29,i2015,5
1466,29,i1231,5
1217,29,i1162,5
1163,21,i2171,5
1546,24,i835,5
1221,26,i2014,5
613,15,i222,5
1399,30,i2137,5
86,21,i518,1
493,21,i17,5
755,21,i899,5
159,29,i1756,5
249,12,i1756,5
87,8,i2015,5
1158,18,i2163,5
1190,23,i2072,100
856,27,i1180,5
857,28,i1340,50
1207,14,i2169,5
116,29,i887,5
1308,16,i423,5
1349,25,i899,5
1535,24,i887,5
1107,27,i1756,5
1024,18,i423,5
1533,7,i643,5
1207,23,i2169,5
988,24,i835,5
25,17,i1850,1
1207,12,i2169,5
1158,14,i2163,5
1466,27,i1231,5
159,14,i1756,5
8,10,i1661,5
1507,13,i222,50
1530,25,i950,5
855,17,i1836,50
655,27,i1834,5
703,25,i887,5
1133,17,i761,5
988,23,i835,5
1431,18,i2165,5
1459,21,i518,1
59,29,i586,5
1373,12,i586,5
105,23,i2395,5
8,12,i1661,5
662,30,i1226,5
1432,17,i2236,5
1207,13,i2169,5
737,24,i2312,5
87,18,i2015,5
997,14,i222,50
1216,23,i1163,100
755,12,i899,5
1306,8,i682,5
1074,28,i2244,5
1212,17,i1525,5
755,26,i899,5
1044,29,i2169,5
592,27,i1180,5
1201,16,i17,5
1201,14,i17,5
1236,10,i1162,100
1210,30,i2169,5
496,7,i1836,5
497,10,i1030,5
982,21,i2165,5
1212,13,i1525,5
608,7,i2312,5
1063,30,i222,50
1108,27,i1756,5
790,12,i1109,5
492,13,i17,5
756,24,i1502,5
848,17,i681,5
881,22,i17,50
848,30,i682,5
1512,29,i1180,5
861,13,i1499,5
1414,21,i2242,5
1224,27,i1182,5
1235,14,i1162,100
498,27,i1499,5
1541,22,i2305,5
36,13,i1896,5
274,15,i222,5
852,18,i1841,5
116,7,i837,50
989,27,i844,5
757,28,i1740,5
106,15,i2395,5
1197,14,i2328,5
1527,13,i18,5
384,15,i18,5
497,17,i1029,50
86,23,i2015,5
1205,13,i1406,5
854,23,i1836,50
1325,14,i2004,5
2,25,i1282,50
1629,28,i1837,5
1236,30,i1162,5
1517,28,i677,50
971,17,i1895,5
481,30,i1735,5
1399,28,i2137,5
1338,17,i1759,5
263,29,i1030,5
1208,18,i725,5
1207,10,i2169,5
1546,21,i835,5
368,11,i2305,5
785,29,i899,5
554,28,i2395,5
968,23,i1895,5
1235,15,i1163,100
1210,13,i2169,5
836,27,i18,5
1634,17,i181,5
1154,10,i1661,100
1325,15,i2004,5
257,15,i859,5
1198,26,i899,5
1319,21,i1340,5
258,12,i859,5
1624,27,i17,5
1172,16,i2165,5
1304,27,i1499,5
384,18,i17,5
1337,16,i2137,100
1133,12,i761,5
754,30,i899,5
536,30,i2014,5
411,18,i18,50
1404,7,i2305,5
1404,8,i2305,5
1404,9,i2305,5
1404,10,i2305,5
1404,11,i2305,5
1404,12,i2305,5
1404,13,i2305,5
1404,14,i2305,5
1404,15,i2305,5
1404,16,i2305,5
1404,17,i2305,5
1404,18,i2305,5
1404,21,i2305,5
1404,22,i2305,5
1404,23,i2305,5
1404,24,i2305,5
1404,25,i2305,5
1404,26,i2305,5
1404,27,i2305,5
1404,28,i2305,5
1404,29,i2305,5
1404,30,i2305,5
1403,7,i1499,5
1403,8,i1499,5
1403,9,i1499,5
1403,10,i1499,5
1403,11,i1499,5
1403,12,i1499,5
1403,13,i1499,5
1403,14,i1499,5
1403,15,i1499,5
1403,16,i1499,5
1403,17,i1499,5
1403,18,i1499,5
1403,21,i1499,5
1403,22,i1499,5
1403,23,i1499,5
1403,24,i1499,5
1403,25,i1499,5
1403,26,i1499,5
1403,27,i1499,5
1403,28,i1499,5
1403,29,i1499,5
1403,30,i1499,5
1409,12,i2166,5
1409,13,i2166,5
1409,14,i2166,5
1409,15,i2166,5
1409,16,i2166,5
1409,17,i2166,5
1409,18,i2166,5
1504,10,i1524,50
1504,10,i1523,5
1504,11,i1524,50
1504,11,i1523,5
1504,12,i2166,5
1504,13,i2166,5
1504,14,i2166,5
1504,15,i2166,5
1504,16,i2166,5
1504,17,i2166,5
1504,18,i2166,5
1503,27,i1502,5
1503,28,i1502,5
1503,29,i1502,5
1503,30,i1502,5
1502,7,i1502,5
1502,8,i1502,5
1502,9,i1502,5
1502,10,i1502,5
1502,11,i1502,5
1502,12,i1502,5
1502,13,i1502,5
1502,14,i1502,5
1502,15,i1502,5
1502,16,i1502,5
1502,17,i1502,5
1502,18,i1502,5
1502,21,i1502,5
1502,22,i1502,5
1502,23,i1502,5
1502,24,i1502,5
1502,25,i1502,5
1502,26,i1502,5
1502,27,i1502,5
1502,28,i1502,5
1502,29,i1502,5
1502,30,i1502,5
1508,10,i1499,5
1508,11,i1499,5
1507,7,i1524,50
1507,7,i1735,5
1507,8,i1524,50
1507,8,i1735,5
1507,9,i1524,50
1507,9,i1735,5
1507,12,i1524,50
1507,12,i1735,5
1507,13,i1524,50
1507,13,i1735,5
1507,14,i1524,50
1507,14,i1735,5
1507,15,i1524,50
1507,15,i1735,5
1507,16,i1524,50
1507,16,i1735,5
1507,17,i1524,50
1507,17,i1735,1
1507,18,i1524,50
1507,18,i1735,1
1507,21,i1735,5
1507,22,i1735,5
1507,23,i1735,5
1507,24,i1735,5
1507,25,i1735,5
1507,26,i1735,5
1507,27,i1735,5
1507,28,i1735,5
1507,29,i1735,5
1507,30,i1735,5
1506,7,i1524,5
1506,8,i1524,5
1506,9,i1524,5
1506,12,i1524,5
1506,13,i1524,5
1506,14,i1524,5
1506,15,i1524,5
1506,16,i1524,5
1506,17,i1524,50
1506,18,i1524,50
1505,7,i871,5
1505,8,i871,5
1505,9,i871,5
1505,12,i871,5
1505,13,i871,5
1505,14,i871,5
1505,15,i871,5
1505,16,i871,5
1505,17,i871,5
1505,18,i871,5
1505,21,i871,5
1505,22,i871,5
1505,23,i871,5
1505,24,i871,5
1505,25,i2243,5
1505,26,i2243,5
1505,27,i2243,5
1505,28,i2243,5
1505,29,i2243,5
1505,30,i2243,5
1510,7,i871,5
1510,8,i871,5
1510,9,i871,5
1510,10,i2004,5
1510,11,i2004,5
1510,12,i871,5
1510,13,i871,5
1510,14,i871,5
1510,15,i871,5
1510,16,i871,5
1510,17,i871,5
1510,18,i871,5
1510,21,i871,5
1510,22,i871,5
1510,23,i871,5
1510,24,i871,5
1510,25,i2243,5
1510,26,i2243,5
1510,27,i2243,5
1510,28,i2243,5
1510,29,i2243,5
1510,30,i2243,5
1611,7,i844,5
1611,7,i1527,50
1611,8,i844,5
1611,8,i1527,50
1611,9,i844,5
1611,9,i1527,50
1611,10,i844,5
1611,11,i844,5
1611,12,i844,5
1611,12,i1527,50
1611,13,i844,5
1611,13,i1527,50
1611,14,i844,5
1611,14,i1527,50
1611,15,i844,5
1611,15,i1527,50
1611,16,i844,5
1611,16,i1527,50
1611,17,i844,5
1611,17,i1527,50
1611,17,i697,1
1611,18,i844,5
1611,18,i1527,50
1611,18,i697,1
1611,21,i844,5
1611,21,i1527,50
1611,21,i697,1
1611,22,i844,5
1611,22,i1527,50
1611,22,i697,1
1611,23,i844,5
1611,24,i844,5
1611,25,i844,5
1611,26,i844,5
1611,27,i844,5
1611,28,i844,5
1611,29,i844,5
1611,30,i844,5
1612,7,i844,5
1612,7,i1527,50
1612,8,i844,5
1612,8,i1527,50
1612,9,i844,5
1612,9,i1527,50
1612,10,i844,5
1612,11,i844,5
1612,12,i844,5
1612,12,i1527,50
1612,13,i844,5
1612,13,i1527,50
1612,14,i844,5
1612,14,i1527,50
1612,15,i844,5
1612,15,i1527,50
1612,16,i844,5
1612,16,i1527,50
1612,17,i844,5
1612,17,i1527,50
1612,17,i697,1
1612,18,i844,5
1612,18,i1527,50
1612,18,i697,1
1612,21,i844,5
1612,21,i1527,50
1612,21,i697,1
1612,22,i844,5
1612,22,i1527,50
1612,22,i697,1
1612,23,i844,5
1612,24,i844,5
1612,25,i844,5
1612,26,i844,5
1612,27,i844,5
1612,28,i844,5
1612,29,i844,5
1612,30,i844,5
1613,7,i1667,100
1613,8,i1667,100
1613,9,i1667,100
1613,10,i1667,50
1613,11,i1667,50
1613,12,i1667,100
1613,13,i1667,100
1613,14,i1667,100
1613,15,i1667,100
1613,16,i1667,100
1613,17,i1667,100
1613,18,i1667,100
1613,21,i1667,100
1613,22,i1667,100
1613,25,i1503,5
1613,26,i1503,5
1613,27,i1503,5
1613,28,i1503,5
1613,29,i1503,5
1613,30,i1503,5
1608,7,i1667,100
1608,8,i1667,100
1608,9,i1667,100
1608,10,i1667,50
1608,11,i1667,50
1608,12,i1667,100
1608,13,i1667,100
1608,14,i1667,100
1608,15,i1667,100
1608,16,i1667,100
1608,17,i1667,100
1608,18,i1667,100
1608,21,i1667,100
1608,22,i1667,100
1608,25,i1503,5
1608,26,i1503,5
1608,27,i1503,5
1608,28,i1503,5
1608,29,i1503,5
1608,30,i1503,5
1609,10,i1524,50
1609,11,i1524,50
1609,27,i844,5
1609,28,i844,5
1609,29,i844,5
1609,30,i844,5
81,10,i1524,50
81,11,i1524,50
81,27,i844,5
81,28,i844,5
81,29,i844,5
81,30,i844,5
82,25,i2319,5
82,26,i2319,5
82,27,i2319,5
82,28,i2319,5
82,29,i2319,5
82,30,i2319,5
85,25,i2319,5
85,26,i2319,5
85,27,i2319,5
85,28,i2319,5
85,29,i2319,5
85,30,i2319,5
84,25,i2319,5
84,26,i2319,5
84,27,i2319,5
84,28,i2319,5
84,29,i2319,5
84,30,i2319,5
87,7,i843,50
87,7,i842,5
87,8,i843,50
87,8,i842,5
87,9,i843,50
87,9,i842,5
87,10,i843,50
87,10,i842,5
87,11,i843,50
87,11,i842,5
87,12,i843,50
87,12,i842,5
87,13,i843,50
87,13,i842,5
87,14,i843,50
87,14,i842,5
87,15,i843,50
87,15,i842,5
87,16,i843,50
87,16,i842,5
87,17,i843,50
87,17,i842,5
87,17,i703,1
87,18,i843,50
87,18,i842,5
87,18,i703,1
87,21,i843,50
87,21,i842,5
87,21,i703,1
87,22,i843,50
87,22,i842,5
87,22,i703,1
87,23,i843,50
87,23,i842,5
87,24,i843,50
87,24,i842,5
87,25,i843,50
87,25,i842,5
87,26,i843,50
87,26,i842,5
87,27,i843,50
87,27,i842,5
87,28,i843,50
87,28,i842,5
87,29,i843,50
87,29,i842,5
87,30,i843,50
87,30,i842,5
86,7,i843,50
86,7,i842,5
86,8,i843,50
86,8,i842,5
86,9,i843,50
86,9,i842,5
86,10,i843,50
86,10,i842,5
86,11,i843,50
86,11,i842,5
86,12,i843,50
86,12,i842,5
86,13,i843,50
86,13,i842,5
86,14,i843,50
86,14,i842,5
86,15,i843,50
86,15,i842,5
86,16,i843,50
86,16,i842,5
86,17,i843,50
86,17,i842,5
86,17,i703,1
86,18,i843,50
86,18,i842,5
86,18,i703,1
86,21,i843,50
86,21,i842,5
86,21,i703,1
86,22,i843,50
86,22,i842,5
86,22,i703,1
86,23,i843,50
86,23,i842,5
86,24,i843,50
86,24,i842,5
86,25,i843,50
86,25,i842,5
86,26,i843,50
86,26,i842,5
86,27,i843,50
86,27,i842,5
86,28,i843,50
86,28,i842,5
86,29,i843,50
86,29,i842,5
86,30,i843,50
86,30,i842,5
78,10,i2305,5
78,11,i2305,5
78,12,i1022,5
78,13,i1022,5
78,14,i1022,5
78,15,i1022,5
78,16,i1022,5
78,17,i1022,5
78,18,i1022,5
78,21,i1022,5
78,22,i1022,5
78,23,i1022,5
78,24,i1022,5
78,25,i1022,5
78,26,i1022,5
78,27,i1022,5
78,28,i1022,5
78,29,i1022,5
78,30,i1022,5
217,12,i2004,5
217,13,i2004,5
217,14,i2004,5
217,15,i2004,5
217,16,i2004,5
217,17,i2004,5
217,18,i2004,5
217,21,i2004,5
217,22,i2004,5
217,23,i2004,5
217,24,i2004,5
217,25,i2004,5
217,26,i2004,5
217,27,i2004,5
217,28,i2004,5
217,29,i2004,5
217,30,i2004,5
218,12,i2004,5
218,13,i2004,5
218,14,i2004,5
218,15,i2004,5
218,16,i2004,5
218,17,i2004,5
218,18,i2004,5
218,21,i2004,5
218,22,i2004,5
218,23,i2004,5
218,24,i2004,5
218,25,i2004,5
218,26,i2004,5
218,27,i2004,5
218,28,i2004,5
218,29,i2004,5
218,30,i2004,5
215,10,i919,5
215,11,i919,5
215,12,i871,5
215,13,i871,5
215,14,i871,5
215,15,i871,5
215,16,i871,5
215,17,i871,5
215,18,i871,5
215,21,i871,5
215,22,i871,5
215,23,i871,5
215,24,i871,5
215,25,i871,5
215,26,i871,5
215,27,i871,5
215,28,i871,5
215,29,i871,5
215,30,i871,5
216,12,i871,5
216,13,i871,5
216,14,i871,5
216,15,i871,5
216,16,i871,5
216,17,i871,5
216,18,i871,5
216,21,i871,5
216,22,i871,5
216,23,i871,5
216,24,i871,5
216,25,i871,5
216,26,i871,5
216,27,i871,5
216,28,i871,5
216,29,i871,5
216,30,i871,5
219,12,i2163,5
219,13,i2163,5
219,14,i2163,5
219,15,i2163,5
219,16,i2163,5
219,17,i2163,5
219,18,i2163,5
219,21,i2163,5
219,22,i2163,5
220,12,i2163,5
220,13,i2163,5
220,14,i2163,5
220,15,i2163,5
220,16,i2163,5
220,17,i2163,5
220,18,i2163,5
220,21,i2163,5
220,22,i2163,5
211,7,i1667,100
211,8,i1667,100
211,9,i1667,100
211,10,i1667,50
211,11,i1667,50
211,12,i1667,100
211,13,i1667,100
211,14,i1667,100
211,15,i1667,100
211,16,i1667,100
211,17,i1667,100
211,18,i1667,100
211,21,i1667,50
211,22,i1667,50
212,7,i1667,100
212,8,i1667,100
212,9,i1667,100
212,10,i1667,50
212,11,i1667,50
212,12,i1667,100
212,13,i1667,100
212,14,i1667,100
212,15,i1667,100
212,16,i1667,100
212,17,i1667,100
212,18,i1667,100
212,21,i1667,50
212,22,i1667,50
321,7,i859,5
321,8,i859,5
321,9,i859,5
321,12,i859,5
321,13,i859,5
321,14,i859,5
321,15,i859,5
321,16,i859,5
321,17,i859,5
321,18,i859,5
321,21,i859,5
321,22,i859,5
321,23,i859,5
321,24,i859,5
321,25,i859,5
321,26,i859,5
321,27,i859,5
321,28,i859,5
321,29,i859,5
321,30,i859,5
320,7,i859,5
320,8,i859,5
320,9,i859,5
320,12,i859,5
320,13,i859,5
320,14,i859,5
320,15,i859,5
320,16,i859,5
320,17,i859,5
320,18,i859,5
320,21,i859,5
320,22,i859,5
320,23,i859,5
320,24,i859,5
320,25,i859,5
320,26,i859,5
320,27,i859,5
320,28,i859,5
320,29,i859,5
320,30,i859,5
319,7,i1506,5
319,8,i1506,5
319,9,i1506,5
319,10,i1506,5
319,11,i1506,5
319,12,i1506,5
319,13,i1506,5
319,14,i1506,5
319,15,i1506,5
319,16,i1506,5
319,17,i1506,5
319,18,i1506,5
319,21,i1506,5
319,22,i1506,5
319,23,i1506,5
319,24,i1506,5
319,25,i1506,5
319,26,i1506,5
319,27,i1506,5
319,28,i1506,5
319,29,i1506,5
319,30,i1506,5
318,7,i1506,5
318,8,i1506,5
318,9,i1506,5
318,10,i1506,5
318,11,i1506,5
318,12,i1506,5
318,13,i1506,5
318,14,i1506,5
318,15,i1506,5
318,16,i1506,5
318,17,i1506,5
318,18,i1506,5
318,21,i1506,5
318,22,i1506,5
318,23,i1506,5
318,24,i1506,5
318,25,i1506,5
318,26,i1506,5
318,27,i1506,5
318,28,i1506,5
318,29,i1506,5
318,30,i1506,5
317,7,i1506,5
317,8,i1506,5
317,9,i1506,5
317,10,i1506,5
317,11,i1506,5
317,12,i1506,5
317,13,i1506,5
317,14,i1506,5
317,15,i1506,5
317,16,i1506,5
317,17,i1506,5
317,18,i1506,5
317,21,i1506,5
317,22,i1506,5
317,23,i1506,5
317,24,i1506,5
317,25,i1506,5
317,26,i1506,5
317,27,i1506,5
317,28,i1506,5
317,29,i1506,5
317,30,i1506,5
316,25,i1837,5
316,26,i1837,5
316,27,i1837,5
316,28,i1837,5
316,29,i1837,5
316,30,i1837,5
315,10,i1837,5
315,11,i1837,5
315,25,i1837,5
315,26,i1837,5
315,27,i1837,5
315,28,i1837,5
315,29,i1837,5
315,30,i1837,5
324,10,i1837,5
324,11,i1837,5
324,25,i1837,5
324,26,i1837,5
324,27,i1837,5
324,28,i1837,5
324,29,i1837,5
324,30,i1837,5
438,12,i1499,5
438,13,i1499,5
438,14,i1499,5
438,15,i1499,5
438,16,i1499,5
438,17,i1499,5
438,18,i1499,5
438,21,i1499,5
438,22,i1499,5
438,23,i1499,5
438,24,i1499,5
438,25,i1499,5
438,26,i1499,5
438,27,i1499,5
438,28,i1499,5
438,29,i1499,5
438,30,i1499,5
439,12,i1499,5
439,13,i1499,5
439,14,i1499,5
439,15,i1499,5
439,16,i1499,5
439,17,i1499,5
439,18,i1499,5
439,21,i1499,5
439,22,i1499,5
439,23,i1499,5
439,24,i1499,5
439,25,i1499,5
439,26,i1499,5
439,27,i1499,5
439,28,i1499,5
439,29,i1499,5
439,30,i1499,5
440,7,i1836,5
440,8,i1836,5
440,9,i1836,5
440,12,i1836,5
440,13,i1836,5
440,14,i1836,5
440,15,i1836,5
440,16,i1836,5
440,17,i1836,5
440,18,i1836,5
440,21,i1836,5
440,22,i1836,5
440,23,i1836,5
440,24,i1836,5
440,25,i1836,5
440,26,i1836,5
440,27,i1836,5
440,28,i1836,5
440,29,i1836,5
440,30,i1836,5
441,7,i1836,5
441,8,i1836,5
441,9,i1836,5
441,10,i2003,5
441,11,i2003,5
441,12,i1836,5
441,13,i1836,5
441,14,i1836,5
441,15,i1836,5
441,16,i1836,5
441,17,i1836,5
441,18,i1836,5
441,21,i1836,5
441,22,i1836,5
441,23,i1836,5
441,24,i1836,5
441,25,i1836,5
441,26,i1836,5
441,27,i1836,5
441,28,i1836,5
441,29,i1836,5
441,30,i1836,5
442,7,i1836,5
442,8,i1836,5
442,9,i1836,5
442,10,i2003,5
442,11,i2003,5
442,12,i1836,5
442,13,i1836,5
442,14,i1836,5
442,15,i1836,5
442,16,i1836,5
442,17,i1836,5
442,18,i1836,5
442,21,i1836,5
442,22,i1836,5
442,23,i1836,5
442,24,i1836,5
442,25,i1836,5
442,26,i1836,5
442,27,i1836,5
442,28,i1836,5
442,29,i1836,5
442,30,i1836,5
443,12,i2322,5
443,13,i2322,5
443,14,i2322,5
443,15,i2322,5
443,16,i2322,5
443,17,i2322,5
443,18,i2322,5
443,21,i2322,5
443,22,i2322,5
444,12,i2322,5
444,13,i2322,5
444,14,i2322,5
444,15,i2322,5
444,16,i2322,5
444,17,i2322,5
444,18,i2322,5
444,21,i2322,5
444,22,i2322,5
445,7,i859,5
445,8,i859,5
445,9,i859,5
445,12,i1342,5
445,13,i1342,5
445,14,i1342,5
445,15,i1342,5
445,16,i1342,5
445,17,i1342,5
445,18,i1342,5
445,21,i1342,5
445,22,i1342,5
445,23,i1342,5
445,24,i1342,5
445,25,i1342,5
445,26,i1342,5
445,27,i1342,5
445,28,i1342,5
445,29,i1342,5
445,30,i1342,5
566,7,i859,5
566,8,i859,5
566,9,i859,5
566,12,i859,5
566,13,i859,5
566,14,i859,5
566,15,i859,5
566,16,i859,5
566,17,i859,5
566,18,i859,5
566,21,i859,5
566,22,i859,5
566,23,i859,5
566,24,i859,5
566,25,i859,5
566,26,i859,5
566,27,i859,5
566,28,i859,5
566,29,i859,5
566,30,i859,5
565,7,i2312,5
565,8,i2312,5
565,9,i2312,5
565,12,i2312,5
565,13,i2312,5
565,14,i2312,5
565,15,i2312,5
565,16,i2312,5
565,17,i2312,5
565,18,i2312,5
565,21,i2312,5
565,22,i2312,5
565,23,i2312,5
565,24,i2312,5
565,25,i2312,5
565,26,i2312,5
565,27,i2312,5
565,28,i2312,5
565,29,i2312,5
565,30,i2312,5
568,7,i2312,5
568,8,i2312,5
568,9,i2312,5
568,10,i1831,5
568,11,i1831,5
568,12,i2312,5
568,13,i2312,5
568,14,i2312,5
568,15,i2312,5
568,16,i2312,5
568,17,i2312,5
568,18,i2312,5
568,21,i2312,5
568,22,i2312,5
568,23,i2312,5
568,24,i2312,5
568,25,i2312,5
568,26,i2312,5
568,27,i2312,5
568,28,i2312,5
568,29,i2312,5
568,30,i2312,5
567,7,i1635,5
567,8,i1635,5
567,9,i1635,5
567,10,i1635,5
567,11,i1635,5
567,12,i1635,5
567,13,i1635,5
567,14,i1635,5
567,15,i1635,5
567,16,i1635,5
567,17,i1635,5
567,18,i1635,5
567,21,i1635,5
567,22,i1635,5
567,23,i1635,5
567,24,i1635,5
567,25,i1635,5
567,26,i1635,5
567,27,i1635,5
567,28,i1635,5
567,29,i1635,5
567,30,i1635,5
562,7,i1502,5
562,8,i1502,5
562,9,i1502,5
562,12,i1502,5
562,13,i1502,5
562,14,i1502,5
562,15,i1502,5
562,16,i1502,5
562,17,i1502,5
562,18,i1502,5
562,21,i1502,5
562,22,i1502,5
562,23,i1502,5
562,24,i1502,5
562,25,i1502,5
562,26,i1502,5
562,27,i1502,5
562,28,i1502,5
562,29,i1502,5
562,30,i1502,5
561,7,i1502,5
561,8,i1502,5
561,9,i1502,5
561,10,i1502,5
561,11,i1502,5
561,12,i1502,5
561,13,i1502,5
561,14,i1502,5
561,15,i1502,5
561,16,i1502,5
561,17,i1502,5
561,18,i1502,5
561,21,i1502,5
561,22,i1502,5
561,23,i1502,5
561,24,i1502,5
561,25,i1502,5
561,26,i1502,5
561,27,i1502,5
561,28,i1502,5
561,29,i1502,5
561,30,i1502,5
564,10,i1526,50
564,11,i1526,50
563,10,i1526,50
563,10,i1500,5
563,11,i1526,50
563,11,i1500,5
558,7,i919,5
558,8,i919,5
558,9,i919,5
558,12,i919,5
558,13,i919,5
558,14,i919,5
558,15,i919,5
558,16,i919,5
558,17,i919,5
558,18,i919,5
558,21,i1340,5
558,22,i1340,5
558,23,i1340,5
558,24,i1340,5
558,25,i1340,5
558,26,i1340,5
558,27,i1340,5
558,28,i1340,5
558,29,i1340,5
558,30,i1340,5
557,7,i919,5
557,8,i919,5
557,9,i919,5
557,12,i919,5
557,13,i919,5
557,14,i919,5
557,15,i919,5
557,16,i919,5
557,17,i919,5
557,18,i919,5
557,21,i1183,1
557,21,i1340,50
557,22,i1183,1
557,22,i1340,50
557,23,i1340,50
557,24,i1340,50
557,25,i1340,50
557,26,i1340,50
557,27,i1340,50
557,28,i1340,50
557,29,i1340,50
557,30,i1340,50
702,7,i837,50
702,7,i836,5
702,8,i837,50
702,8,i836,5
702,9,i837,50
702,9,i836,5
702,10,i837,50
702,10,i836,5
702,11,i837,50
702,11,i836,5
702,12,i837,50
702,12,i836,5
702,13,i837,50
702,13,i836,5
702,14,i837,50
702,14,i836,5
702,15,i837,50
702,15,i836,5
702,16,i837,50
702,16,i836,5
702,17,i837,50
702,17,i836,5
702,18,i837,50
702,18,i836,5
702,21,i837,50
702,21,i836,5
702,22,i837,50
702,22,i836,5
702,23,i837,50
702,23,i836,5
702,24,i837,50
702,24,i836,5
702,25,i837,50
702,25,i836,5
702,26,i837,50
702,26,i836,5
702,27,i837,50
702,27,i836,5
702,28,i837,50
702,28,i836,5
702,29,i837,50
702,29,i836,5
702,30,i837,50
702,30,i836,5
703,7,i837,50
703,7,i836,5
703,8,i837,50
703,8,i836,5
703,9,i837,50
703,9,i836,5
703,10,i837,50
703,10,i836,5
703,11,i837,50
703,11,i836,5
703,12,i837,50
703,12,i836,5
703,13,i837,50
703,13,i836,5
703,14,i837,50
703,14,i836,5
703,15,i837,50
703,15,i836,5
703,16,i837,50
703,16,i836,5
703,17,i837,50
703,17,i836,5
703,18,i837,50
703,18,i836,5
703,21,i837,50
703,21,i836,5
703,22,i837,50
703,22,i836,5
703,23,i837,50
703,23,i836,5
703,24,i837,50
703,24,i836,5
703,25,i837,50
703,25,i836,5
703,26,i837,50
703,26,i836,5
703,27,i837,50
703,27,i836,5
703,28,i837,50
703,28,i836,5
703,29,i837,50
703,29,i836,5
703,30,i837,50
703,30,i836,5
617,10,i1505,5
617,11,i1505,5
698,10,i1505,5
698,11,i1505,5
699,10,i2003,5
699,11,i2003,5
1380,27,i1087,5
1380,28,i1087,5
1380,29,i1087,5
1380,30,i1087,5
1378,7,i1632,5
1378,8,i1632,5
1378,9,i1632,5
1378,10,i1632,5
1378,11,i1632,5
1378,12,i1632,5
1378,13,i1632,5
1378,14,i1632,5
1378,15,i1632,5
1378,16,i1632,5
1378,17,i1632,5
1378,18,i1632,5
1378,21,i1632,5
1378,22,i1632,5
1378,23,i1632,5
1378,24,i1632,5
1378,25,i1632,5
1378,26,i1632,5
1378,27,i1632,5
1378,28,i1632,5
1378,29,i1632,5
1378,30,i1632,5
1377,7,i1632,5
1377,8,i1632,5
1377,9,i1632,5
1377,10,i1632,5
1377,11,i1632,5
1377,12,i1632,5
1377,13,i1632,5
1377,14,i1632,5
1377,15,i1632,5
1377,16,i1632,5
1377,17,i1632,5
1377,18,i1632,5
1377,21,i1632,5
1377,22,i1632,5
1377,23,i1632,5
1377,24,i1632,5
1377,25,i1632,5
1377,26,i1632,5
1377,27,i1632,5
1377,28,i1632,5
1377,29,i1632,5
1377,30,i1632,5
1374,12,i1342,5
1374,13,i1342,5
1374,14,i1342,5
1374,15,i1342,5
1374,16,i1342,5
1374,17,i1342,5
1374,18,i1342,5
1374,21,i1342,5
1374,22,i1342,5
1374,23,i1342,5
1374,24,i1342,5
1374,25,i1342,5
1374,26,i1342,5
1374,27,i1342,5
1374,28,i1342,5
1374,29,i1342,5
1374,30,i1342,5
1373,7,i1835,5
1373,8,i1835,5
1373,9,i1835,5
1373,12,i1835,5
1373,13,i1835,5
1373,14,i1835,5
1373,15,i1835,5
1373,16,i1835,5
1373,17,i1835,5
1373,18,i1835,5
1373,21,i1835,5
1373,22,i1835,5
1373,23,i1835,5
1373,24,i1835,5
1373,25,i1835,5
1373,26,i1835,5
1373,27,i1835,5
1373,28,i1835,5
1373,29,i1835,5
1373,30,i1835,5
1264,7,i1835,5
1264,8,i1835,5
1264,9,i1835,5
1264,12,i1835,5
1264,13,i1835,5
1264,14,i1835,5
1264,15,i1835,5
1264,16,i1835,5
1264,17,i1835,5
1264,18,i1835,5
1264,21,i1835,5
1264,22,i1835,5
1264,23,i1835,5
1264,24,i1835,5
1264,25,i1835,5
1264,26,i1835,5
1264,27,i1835,5
1264,28,i1835,5
1264,29,i1835,5
1264,30,i1835,5
1267,7,i1846,5
1267,8,i1846,5
1267,9,i1846,5
1267,10,i1846,5
1267,11,i1846,5
1267,12,i1815,50
1267,12,i1846,5
1267,13,i1815,50
1267,13,i1846,5
1267,14,i1815,50
1267,14,i1846,5
1267,15,i1815,50
1267,15,i1846,5
1267,16,i1815,50
1267,16,i1846,5
1267,17,i1846,5
1267,17,i1630,50
1267,18,i1846,5
1267,18,i1630,50
1267,21,i1846,5
1267,21,i1630,50
1267,22,i1846,5
1267,22,i1630,50
1267,23,i1846,5
1267,23,i1630,50
1267,24,i1846,5
1267,24,i1630,50
1267,25,i1846,5
1267,25,i1630,50
1267,26,i1846,5
1267,26,i1630,50
1267,27,i1630,50
1267,28,i1630,50
1267,29,i1630,50
1267,30,i1630,50
1270,7,i1740,5
1270,8,i1740,5
1270,9,i1740,5
1270,12,i1740,5
1270,13,i1740,5
1270,14,i1740,5
1270,15,i1740,5
1270,16,i1740,5
1270,17,i1740,5
1270,18,i1740,5
1270,21,i1740,5
1270,22,i1740,5
1270,23,i1740,5
1270,24,i1740,5
1270,25,i1740,5
1270,26,i1740,5
1270,27,i1740,5
1270,28,i1740,5
1270,29,i1740,5
1270,30,i1740,5
1271,7,i1740,5
1271,8,i1740,5
1271,9,i1740,5
1271,12,i1740,5
1271,13,i1740,5
1271,14,i1740,5
1271,15,i1740,5
1271,16,i1740,5
1271,17,i1740,5
1271,18,i1740,5
1271,21,i1740,5
1271,22,i1740,5
1271,23,i1740,5
1271,24,i1740,5
1271,25,i1740,5
1271,26,i1740,5
1271,27,i1740,5
1271,28,i1740,5
1271,29,i1740,5
1271,30,i1740,5
1272,25,i1501,5
1272,26,i1501,5
1272,27,i1501,5
1272,28,i1501,5
1272,29,i1501,5
1272,30,i1501,5
1273,25,i1501,5
1273,26,i1501,5
1273,27,i1501,5
1273,28,i1501,5
1273,29,i1501,5
1273,30,i1501,5
1170,7,i1029,50
1170,7,i1030,5
1170,8,i1029,50
1170,8,i1030,5
1170,9,i1029,50
1170,9,i1030,5
1170,10,i1029,50
1170,10,i1030,5
1170,11,i1029,50
1170,11,i1030,5
1170,12,i1029,50
1170,12,i1030,5
1170,13,i1029,50
1170,13,i1030,5
1170,14,i1029,50
1170,14,i1030,5
1170,15,i1029,50
1170,15,i1030,5
1170,16,i1029,50
1170,16,i1030,5
1170,17,i1029,50
1170,17,i1030,5
1170,18,i1029,50
1170,18,i1030,5
1170,21,i1029,50
1170,21,i1030,5
1170,22,i1029,50
1170,22,i1030,5
1170,23,i1029,50
1170,23,i1030,5
1170,24,i1029,50
1170,24,i1030,5
1170,25,i1029,50
1170,25,i1030,5
1170,26,i1029,50
1170,26,i1030,5
1170,27,i1029,50
1170,27,i1030,5
1170,28,i1029,50
1170,28,i1030,5
1170,29,i1029,50
1170,29,i1030,5
1170,30,i1029,50
1170,30,i1030,5
1169,7,i1029,50
1169,7,i1030,5
1169,8,i1029,50
1169,8,i1030,5
1169,9,i1029,50
1169,9,i1030,5
1169,10,i1029,50
1169,10,i1030,5
1169,11,i1029,50
1169,11,i1030,5
1169,12,i1029,50
1169,12,i1030,5
1169,13,i1029,50
1169,13,i1030,5
1169,14,i1029,50
1169,14,i1030,5
1169,15,i1029,50
1169,15,i1030,5
1169,16,i1029,50
1169,16,i1030,5
1169,17,i1029,50
1169,17,i1030,5
1169,18,i1029,50
1169,18,i1030,5
1169,21,i1029,50
1169,21,i1030,5
1169,22,i1029,50
1169,22,i1030,5
1169,23,i1029,50
1169,23,i1030,5
1169,24,i1029,50
1169,24,i1030,5
1169,25,i1029,50
1169,25,i1030,5
1169,26,i1029,50
1169,26,i1030,5
1169,27,i1029,50
1169,27,i1030,5
1169,28,i1029,50
1169,28,i1030,5
1169,29,i1029,50
1169,29,i1030,5
1169,30,i1029,50
1169,30,i1030,5
136,7,i1527,5
136,8,i1527,5
136,9,i1527,5
136,12,i1527,5
136,13,i1527,5
136,14,i1527,5
136,15,i1527,5
136,16,i1527,5
136,17,i1527,5
136,18,i1527,5
1166,7,i1526,100
1166,8,i1526,100
1166,9,i1526,100
1166,12,i1526,100
1166,13,i1526,100
1166,14,i1526,100
1166,15,i1526,100
1166,16,i1526,100
1166,17,i1526,100
1166,18,i1526,100
1166,21,i1526,100
1166,22,i1526,100
1165,12,i993,50
1165,13,i993,5
1165,14,i993,50
1165,25,i993,5
1165,26,i993,5
1165,27,i993,5
1165,28,i993,5
1165,29,i993,5
1165,30,i993,5
1168,7,i1667,100
1168,8,i1667,100
1168,9,i1667,100
1168,12,i1656,5
1168,13,i1656,50
1168,14,i1656,50
1168,25,i1656,5
1168,26,i1656,5
1168,27,i1656,5
1168,28,i1656,5
1168,29,i1656,5
1168,30,i1656,5
1077,23,i1501,100
1077,24,i1501,100
1077,25,i1501,100
1077,26,i1501,100
1077,27,i1501,5
1077,28,i1501,5
1077,29,i1501,5
1077,30,i1501,5
1074,7,i1633,5
1074,8,i1633,5
1074,9,i1633,5
1074,10,i1633,5
1074,11,i1633,5
1074,12,i1633,5
1074,12,i1347,50
1074,13,i1633,5
1074,13,i1347,50
1074,14,i1633,5
1074,14,i1347,50
1074,15,i1633,5
1074,15,i1347,50
1074,16,i1633,5
1074,16,i1347,50
1074,17,i1633,5
1074,17,i1347,50
1074,18,i1633,5
1074,18,i1347,50
1074,21,i1633,5
1074,21,i1347,50
1074,22,i1633,5
1074,22,i1347,50
1074,23,i1633,5
1074,23,i1347,50
1074,24,i1633,5
1074,24,i1347,50
1074,25,i1633,5
1074,25,i1347,50
1074,26,i1633,5
1074,26,i1347,50
1074,27,i1633,5
1074,27,i1347,50
1074,28,i1633,5
1074,28,i1347,50
1074,29,i1633,5
1074,29,i1347,50
1074,30,i1633,5
1074,30,i1347,50
1180,7,i1752,100
1180,8,i1752,100
1180,9,i1752,100
1180,10,i1661,100
1180,11,i1661,100
1180,12,i1752,100
1180,13,i1752,100
1180,14,i1752,100
1180,15,i1752,100
1180,16,i1752,100
1180,17,i1752,100
1180,18,i1752,100
1180,21,i1752,100
1180,22,i1752,100
1180,23,i1752,100
1180,24,i1752,100
1180,25,i1752,100
1180,26,i1752,100
1180,27,i1752,5
1180,28,i1752,5
1180,29,i1752,5
1180,30,i1752,5
228,7,i1740,5
228,8,i1740,5
228,9,i1740,5
228,12,i1740,5
228,13,i1740,5
228,14,i1740,5
228,15,i1740,5
228,16,i1740,5
228,17,i1740,5
228,18,i1740,5
228,21,i1740,5
228,22,i1740,5
228,23,i1740,5
228,24,i1740,5
228,25,i1740,5
228,26,i1740,5
228,27,i1740,5
228,28,i1740,5
228,29,i1740,5
228,30,i1740,5
235,7,i1740,5
235,8,i1740,5
235,9,i1740,5
235,10,i1504,5
235,11,i1504,5
235,12,i1740,5
235,13,i1740,5
235,14,i1740,5
235,15,i1740,5
235,16,i1740,5
235,17,i1740,5
235,18,i1740,5
235,21,i1740,5
235,22,i1740,5
235,23,i1740,5
235,24,i1740,5
235,25,i1740,5
235,26,i1740,5
235,27,i1740,5
235,28,i1740,5
235,29,i1740,5
235,30,i1740,5
1193,7,i1740,5
1193,8,i1740,5
1193,9,i1740,5
1193,10,i1504,5
1193,11,i1504,5
1193,12,i1740,5
1193,13,i1740,5
1193,14,i1740,5
1193,15,i1740,5
1193,16,i1740,5
1193,17,i1740,5
1193,18,i1740,5
1193,21,i1740,5
1193,22,i1740,5
1193,23,i1740,5
1193,24,i1740,5
1193,25,i1740,5
1193,26,i1740,5
1193,27,i1740,5
1193,28,i1740,5
1193,29,i1740,5
1193,30,i1740,5
486,7,i1522,100
486,8,i1522,100
486,9,i1522,100
486,12,i1522,100
486,13,i1522,100
486,14,i1522,100
486,15,i1522,100
486,16,i1522,100
486,17,i1522,100
486,18,i1522,100
486,21,i1522,100
486,22,i1522,100
486,23,i1522,100
486,24,i1522,100
486,25,i1522,100
486,26,i1522,100
486,27,i1522,5
486,28,i1522,5
486,29,i1522,5
486,30,i1522,5
488,10,i1522,100
488,11,i1522,100
1582,7,i1524,5
1582,8,i1524,5
1582,9,i1524,5
1582,10,i1524,5
1582,11,i1524,5
1582,12,i1524,5
1582,13,i1524,5
1582,14,i1524,5
1582,15,i1524,5
1582,16,i1524,5
1582,17,i1524,5
1582,18,i1524,5
1582,21,i1524,5
1582,22,i1524,5
1306,7,i1524,50
1306,7,i1523,5
1306,8,i1524,50
1306,8,i1523,5
1306,9,i1524,50
1306,9,i1523,5
1306,10,i1524,50
1306,10,i1523,5
1306,11,i1524,50
1306,11,i1523,5
1306,12,i1524,50
1306,12,i1523,5
1306,13,i1524,50
1306,13,i1523,5
1306,14,i1524,50
1306,14,i1523,5
1306,15,i1524,50
1306,15,i1523,5
1306,16,i1524,50
1306,16,i1523,5
1306,17,i1524,50
1306,17,i1523,5
1306,18,i1524,50
1306,18,i1523,5
1306,21,i1524,50
1306,21,i1523,5
1306,22,i1524,50
1306,22,i1523,5
1475,7,i644,5
1475,8,i644,5
1475,9,i644,5
1475,10,i644,5
1475,11,i644,5
1475,12,i1834,5
1475,13,i1834,5
1475,14,i1834,5
1475,15,i1834,5
1475,16,i1834,5
1475,17,i1834,5
1475,18,i1834,5
1475,21,i1834,5
1475,22,i1834,5
1475,23,i1834,5
1475,24,i1834,5
1475,25,i1834,5
1475,26,i1834,5
1475,27,i1834,5
1475,28,i1834,5
1475,29,i1834,5
1475,30,i1834,5
1476,7,i644,5
1476,8,i644,5
1476,9,i644,5
1476,10,i644,5
1476,11,i644,5
1476,12,i1834,5
1476,13,i1834,5
1476,14,i1834,5
1476,15,i1834,5
1476,16,i1834,5
1476,17,i1834,5
1476,18,i1834,5
1476,21,i1834,5
1476,22,i1834,5
1476,23,i1834,5
1476,24,i1834,5
1476,25,i1834,5
1476,26,i1834,5
1476,27,i1834,5
1476,28,i1834,5
1476,29,i1834,5
1476,30,i1834,5
613,7,i1524,5
613,8,i1524,5
613,9,i1524,5
613,12,i1524,5
613,13,i1524,5
613,14,i1524,5
613,15,i1524,5
613,16,i1524,5
613,17,i1524,50
613,18,i1524,50
1474,7,i844,5
1474,7,i1527,50
1474,8,i844,5
1474,8,i1527,50
1474,9,i844,5
1474,9,i1527,50
1474,10,i844,5
1474,11,i844,5
1474,12,i844,5
1474,12,i1527,50
1474,13,i844,5
1474,13,i1527,50
1474,14,i844,5
1474,14,i1527,50
1474,15,i844,5
1474,15,i1527,50
1474,16,i844,5
1474,16,i1527,50
1474,17,i844,5
1474,17,i1527,50
1474,17,i697,1
1474,18,i844,5
1474,18,i1527,50
1474,18,i697,1
1474,21,i844,5
1474,21,i1527,50
1474,21,i697,1
1474,22,i844,5
1474,22,i1527,50
1474,22,i697,1
1474,23,i844,5
1474,24,i844,5
1474,25,i844,5
1474,26,i844,5
1474,27,i844,5
1474,28,i844,5
1474,29,i844,5
1474,30,i844,5
1479,10,i1524,50
1479,11,i1524,50
709,25,i2319,5
709,26,i2319,5
709,27,i2319,5
709,28,i2319,5
709,29,i2319,5
709,30,i2319,5
705,7,i859,5
705,8,i859,5
705,9,i859,5
705,10,i859,5
705,11,i859,5
705,12,i859,5
705,13,i859,5
705,14,i859,5
705,15,i859,5
705,16,i859,5
705,17,i859,5
705,18,i859,5
705,21,i859,5
705,22,i859,5
705,23,i859,5
705,24,i859,5
705,25,i859,5
705,26,i859,5
705,27,i859,5
705,28,i859,5
705,29,i859,5
705,30,i859,5
579,12,i2321,5
579,13,i2321,5
579,14,i2321,5
579,15,i2321,5
579,16,i2321,5
579,17,i2321,5
579,18,i2321,5
581,12,i1176,5
581,13,i1176,5
581,14,i1176,5
581,15,i1176,5
581,16,i1176,5
581,17,i1176,5
581,18,i1176,5
581,21,i1176,5
581,22,i1176,5
581,23,i1176,5
581,24,i1176,5
581,25,i1176,5
581,26,i1176,5
581,27,i1176,5
581,28,i1176,5
581,29,i1176,5
581,30,i1176,5
571,7,i859,5
571,8,i859,5
571,9,i859,5
571,10,i859,5
571,11,i859,5
571,12,i859,5
571,13,i859,5
571,14,i859,5
571,15,i859,5
571,16,i859,5
571,17,i859,5
571,18,i859,5
571,21,i859,5
571,22,i859,5
571,23,i859,5
571,24,i859,5
571,25,i859,5
571,26,i859,5
571,27,i859,5
571,28,i859,5
571,29,i859,5
571,30,i859,5
1280,7,i1505,5
1280,8,i1505,5
1280,9,i1505,5
1280,10,i1505,5
1280,11,i1505,5
1283,7,i1525,5
1283,8,i1525,5
1283,9,i1525,5
1283,10,i1525,5
1283,11,i1525,5
1283,12,i1525,5
1283,13,i1525,5
1283,14,i1525,5
1283,15,i1525,5
1283,16,i1525,5
1283,17,i1525,5
1283,18,i1525,5
1283,21,i1525,5
1283,22,i1525,5
1284,7,i2312,5
1284,8,i2312,5
1284,9,i2312,5
1284,10,i2312,5
1284,11,i2312,5
1284,12,i2312,5
1284,13,i2312,5
1284,14,i2312,5
1284,15,i2312,5
1284,16,i2312,5
1284,17,i2312,5
1284,18,i2312,5
1284,21,i2312,5
1284,22,i2312,5
1284,23,i2312,5
1284,24,i2312,5
1284,25,i2312,5
1284,26,i2312,5
1284,27,i2312,5
1284,28,i2312,5
1284,29,i2312,5
1284,30,i2312,5
1561,12,i1499,5
1561,13,i1499,5
1561,14,i1499,5
1561,15,i1499,5
1561,16,i1499,5
1561,17,i1499,5
1561,18,i1499,5
1561,21,i1499,5
1561,22,i1499,5
1561,23,i1499,5
1561,24,i1499,5
1561,25,i1499,5
1561,26,i1499,5
1561,27,i1499,5
1561,28,i1499,5
1561,29,i1499,5
1561,30,i1499,5
1206,7,i1524,100
1206,8,i1524,100
1206,9,i1524,100
1206,10,i153,100
1206,11,i153,100
1206,12,i1524,100
1206,13,i1524,100
1206,14,i1524,100
1206,15,i153,100
1206,16,i153,100
1206,17,i153,100
1206,18,i153,100
1206,21,i153,100
1206,22,i153,100
1206,23,i153,100
1206,24,i153,100
1206,25,i153,100
1206,26,i153,100
1206,27,i153,5
1206,28,i153,5
1206,29,i153,5
1206,30,i153,5
1391,7,i871,5
1391,8,i871,5
1391,9,i871,5
1391,12,i871,5
1391,12,i2243,50
1391,13,i871,5
1391,13,i2243,50
1391,14,i871,5
1391,14,i2243,50
1391,15,i871,5
1391,15,i2243,50
1391,16,i871,5
1391,16,i2243,50
1391,17,i871,5
1391,17,i2243,50
1391,18,i871,5
1391,18,i2243,50
1391,21,i871,5
1391,21,i2243,50
1391,22,i871,5
1391,22,i2243,50
1391,23,i871,5
1391,23,i2243,50
1391,24,i871,5
1391,24,i2243,50
1391,25,i871,5
1391,26,i871,5
1391,27,i871,5
1391,28,i871,5
1391,29,i871,5
1391,30,i871,5
1390,10,i1524,50
1390,10,i1523,5
1390,11,i1524,50
1390,11,i1523,5
1389,10,i1524,50
1389,10,i1523,5
1389,11,i1524,50
1389,11,i1523,5
1047,10,i1526,50
1047,11,i1526,50
1048,10,i1526,50
1048,10,i1500,5
1048,11,i1526,50
1048,11,i1500,5
1085,7,i642,5
1085,8,i642,5
1085,9,i642,5
1085,10,i642,5
1085,11,i642,5
1085,12,i2003,5
1085,13,i2003,5
1085,14,i2003,5
1085,15,i2003,5
1085,16,i2003,5
1085,17,i2003,5
1085,18,i2003,5
1085,21,i2003,5
1085,22,i2003,5
1085,23,i2003,5
1085,24,i2003,5
1085,25,i1414,5
1085,26,i1414,5
1085,27,i1414,5
1085,28,i1414,5
1085,29,i1414,5
1085,30,i1414,5
1050,10,i1502,5
1050,11,i1502,5
1050,25,i2312,5
1050,26,i2312,5
1050,27,i2312,5
1050,28,i2312,5
1050,29,i2312,5
1050,30,i2312,5
1146,7,i1740,5
1146,8,i1740,5
1146,9,i1740,5
1146,10,i1740,5
1146,11,i1740,5
1146,12,i1740,5
1146,13,i1740,5
1146,14,i1740,5
1146,15,i1740,5
1146,16,i1740,5
1146,17,i1740,5
1146,18,i1740,5
1146,21,i1740,5
1146,22,i1740,5
1146,23,i1740,5
1146,24,i1740,5
1146,25,i1740,5
1146,26,i1740,5
1146,27,i1740,5
1146,28,i1740,5
1146,29,i1740,5
1146,30,i1740,5
1145,12,i1874,5
1145,13,i1874,5
1145,14,i1874,5
1145,15,i1874,5
1145,16,i1874,5
1145,17,i1874,5
1145,18,i1874,5
1145,21,i1874,5
1145,22,i1874,5
76,12,i1874,5
76,13,i1874,5
76,14,i1874,5
76,15,i1874,5
76,16,i1874,5
76,17,i1874,5
76,18,i1874,5
76,21,i1874,5
76,22,i1874,5
1147,10,i1498,100
1147,11,i1498,100
1138,7,i1526,100
1138,8,i1526,100
1138,9,i1526,100
1138,12,i1526,100
1138,13,i1526,100
1138,14,i1526,100
1138,15,i1526,100
1138,16,i1526,100
1138,17,i1526,100
1138,18,i1526,100
1138,21,i1526,100
1138,22,i1526,100
791,12,i993,50
791,13,i993,5
791,14,i993,50
791,25,i993,5
791,26,i993,5
791,27,i993,5
791,28,i993,5
791,29,i993,5
791,30,i993,5
800,7,i1667,100
800,8,i1667,100
800,9,i1667,100
800,12,i1656,5
800,13,i1656,50
800,14,i1656,50
800,25,i1656,5
800,26,i1656,5
800,27,i1656,5
800,28,i1656,5
800,29,i1656,5
800,30,i1656,5
801,7,i2371,100
801,8,i2371,100
801,9,i2371,100
801,10,i2371,100
801,11,i2371,100
801,12,i2371,100
801,13,i2371,100
801,14,i2371,100
801,15,i2371,100
801,16,i2371,100
801,17,i2371,100
801,18,i2371,100
801,21,i2371,100
801,22,i2371,100
801,23,i2371,100
801,24,i2371,100
801,25,i2371,100
801,26,i2371,100
801,27,i2371,5
801,28,i2371,5
801,29,i2371,5
801,30,i2371,5
802,7,i1846,5
802,8,i1846,5
802,9,i1846,5
802,10,i1846,5
802,11,i1846,5
802,12,i1815,50
802,12,i1846,5
802,13,i1815,50
802,13,i1846,5
802,14,i1815,50
802,14,i1846,5
802,15,i1815,50
802,15,i1846,5
802,16,i1815,50
802,16,i1846,5
802,17,i1846,100
802,18,i1846,100
802,21,i1846,100
802,22,i1846,100
802,23,i1846,100
802,24,i1846,100
802,25,i1846,100
802,26,i1846,100
802,29,i1846,5
802,30,i1846,5
928,7,i156,100
928,8,i156,100
928,9,i156,100
928,12,i156,100
928,13,i156,100
928,14,i156,100
928,15,i156,100
928,16,i156,100
928,17,i156,100
928,18,i156,100
928,21,i156,100
928,22,i156,100
928,23,i156,100
928,24,i156,100
928,25,i156,100
928,26,i156,100
928,27,i156,5
928,28,i156,5
928,29,i156,5
928,30,i156,5
927,7,i1522,100
927,8,i1522,100
927,9,i1522,100
927,10,i1522,100
927,11,i1522,100
927,12,i1522,100
927,13,i1522,100
927,14,i1522,100
927,15,i1522,100
927,16,i1522,100
927,17,i1522,100
927,18,i1522,100
927,21,i1522,100
927,22,i1522,100
927,23,i1522,100
927,24,i1522,100
927,25,i1522,100
927,26,i1522,100
927,27,i1522,5
927,28,i1522,5
927,29,i1522,5
927,30,i1522,5
560,7,i1668,5
560,8,i1668,5
560,9,i1668,5
560,10,i1668,5
560,11,i1668,5
560,12,i1668,5
560,13,i1668,5
560,14,i1668,5
560,15,i1668,5
560,16,i1668,5
560,17,i1668,5
560,18,i1668,5
560,21,i1668,5
560,22,i1668,5
1527,7,i1668,5
1527,8,i1668,5
1527,9,i1668,5
1527,10,i1668,5
1527,11,i1668,5
1527,12,i1668,5
1527,13,i1668,5
1527,14,i1668,5
1527,15,i1668,5
1527,16,i1668,5
1527,17,i1668,5
1527,18,i1668,5
1527,21,i1668,5
1527,22,i1668,5
1530,7,i1524,5
1530,8,i1524,5
1530,9,i1524,5
1530,10,i1524,5
1530,11,i1524,5
1530,12,i1524,5
1530,13,i1524,5
1530,14,i1524,5
1530,15,i1524,5
1530,16,i1524,5
1530,17,i1524,5
1530,18,i1524,5
1530,21,i1524,5
1530,22,i1524,5
1530,25,i2018,50
1530,25,i2200,5
1530,26,i2018,50
1530,26,i2200,5
1530,27,i2018,50
1530,27,i2200,5
1530,28,i2018,50
1530,28,i2200,5
1530,29,i2018,50
1530,29,i2200,5
1530,30,i2018,50
1530,30,i2200,5
555,7,i1524,50
555,7,i1523,5
555,8,i1524,50
555,8,i1523,5
555,9,i1524,50
555,9,i1523,5
555,10,i1524,50
555,10,i1523,5
555,11,i1524,50
555,11,i1523,5
555,12,i1524,50
555,12,i1523,5
555,13,i1524,50
555,13,i1523,5
555,14,i1524,50
555,14,i1523,5
555,15,i1524,50
555,15,i1523,5
555,16,i1524,50
555,16,i1523,5
555,17,i1524,50
555,17,i1523,5
555,18,i1524,50
555,18,i1523,5
555,21,i1524,50
555,21,i1523,5
555,22,i1524,50
555,22,i1523,5
555,25,i2018,50
555,25,i2199,5
555,26,i2018,50
555,26,i2199,5
555,27,i2018,50
555,27,i2199,5
555,28,i2018,50
555,28,i2199,5
555,29,i2018,50
555,29,i2199,5
555,30,i2018,50
555,30,i2199,5
556,25,i1668,50
556,25,i867,5
556,26,i1668,50
556,26,i867,5
556,27,i1668,50
556,27,i867,5
556,28,i1668,50
556,28,i867,5
556,29,i1668,50
556,29,i867,5
556,30,i1668,50
556,30,i867,5
554,7,i2305,5
554,8,i2305,5
554,9,i2305,5
554,10,i2305,5
554,11,i2305,5
554,12,i1022,5
554,13,i1022,5
554,14,i1022,5
554,15,i1022,5
554,16,i1022,5
554,17,i1022,5
554,18,i1022,5
554,21,i1022,5
554,22,i1022,5
554,23,i1022,5
554,24,i1022,5
554,25,i1022,5
554,26,i1022,5
554,27,i1022,5
554,28,i1022,5
554,29,i1022,5
554,30,i1022,5
1537,7,i2305,5
1537,8,i2305,5
1537,9,i2305,5
1537,10,i2305,5
1537,11,i2305,5
1537,12,i1022,5
1537,13,i1022,5
1537,14,i1022,5
1537,15,i1022,5
1537,16,i1022,5
1537,17,i1022,5
1537,18,i1022,5
1537,21,i1022,5
1537,22,i1022,5
1537,23,i1022,5
1537,24,i1022,5
1537,25,i1022,5
1537,26,i1022,5
1537,27,i1022,5
1537,28,i1022,5
1537,29,i1022,5
1537,30,i1022,5
693,25,i873,5
693,26,i873,5
693,27,i873,5
693,28,i873,5
693,29,i873,5
693,30,i873,5
692,25,i873,5
692,26,i873,5
692,27,i873,5
692,28,i873,5
692,29,i873,5
692,30,i873,5
695,25,i873,5
695,26,i873,5
695,27,i873,5
695,28,i873,5
695,29,i873,5
695,30,i873,5
694,25,i1182,5
694,26,i1182,5
694,27,i1182,5
694,28,i1182,5
694,29,i1182,5
694,30,i1182,5
689,25,i1182,5
689,26,i1182,5
689,27,i1182,5
689,28,i1182,5
689,29,i1182,5
689,30,i1182,5
688,25,i1182,5
688,26,i1182,5
688,27,i1182,5
688,28,i1182,5
688,29,i1182,5
688,30,i1182,5
691,12,i2161,5
691,13,i2161,5
691,14,i2161,5
691,15,i2161,5
691,16,i2161,5
691,17,i2161,5
691,18,i2161,5
691,21,i2161,5
691,22,i2161,5
690,12,i2161,5
690,13,i2161,5
690,14,i2161,5
690,15,i2161,5
690,16,i2161,5
690,17,i2161,5
690,18,i2161,5
690,21,i2161,5
690,22,i2161,5
701,25,i677,50
701,26,i677,50
701,27,i677,50
701,28,i677,50
701,29,i677,50
701,30,i677,50
700,25,i1846,5
700,25,i677,50
700,26,i1846,5
700,26,i677,50
700,27,i677,50
700,28,i677,50
700,29,i677,50
700,30,i677,50
542,25,i1025,50
542,26,i1025,50
542,27,i1025,50
542,28,i1025,50
542,29,i1025,50
542,30,i1025,50
535,7,i2305,5
535,8,i2305,5
535,9,i2305,5
535,10,i2305,5
535,11,i2305,5
535,12,i2305,5
535,13,i2305,5
535,14,i2305,5
535,15,i2305,5
535,16,i2305,5
535,17,i2305,5
535,18,i2305,5
535,21,i2305,5
535,22,i2305,5
535,23,i2305,5
535,24,i2305,5
535,25,i2305,5
535,26,i2305,5
535,27,i2305,5
535,28,i2305,5
535,29,i2305,5
535,30,i2305,5
536,12,i2330,5
536,13,i2330,5
536,14,i2330,5
536,15,i2330,5
536,16,i2330,5
536,17,i2330,5
536,18,i2330,5
536,21,i2330,5
536,22,i2330,5
536,25,i843,50
536,25,i842,5
536,26,i843,50
536,26,i842,5
536,27,i843,50
536,27,i842,5
536,28,i843,50
536,28,i842,5
536,29,i843,50
536,29,i842,5
536,30,i843,50
536,30,i842,5
537,12,i2330,5
537,13,i2330,5
537,14,i2330,5
537,15,i2330,5
537,16,i2330,5
537,17,i2330,5
537,18,i2330,5
537,21,i2330,5
537,22,i2330,5
537,25,i843,50
537,25,i842,5
537,26,i843,50
537,26,i842,5
537,27,i843,50
537,27,i842,5
537,28,i843,50
537,28,i842,5
537,29,i843,50
537,29,i842,5
537,30,i843,50
537,30,i842,5
673,25,i2004,5
673,26,i2004,5
673,27,i2004,5
673,28,i2004,5
673,29,i2004,5
673,30,i2004,5
670,7,i1661,5
670,8,i1661,5
670,9,i1661,5
670,10,i1661,5
670,11,i1661,5
670,12,i1661,5
670,13,i1661,5
670,14,i1661,5
670,15,i1661,5
670,16,i1661,5
670,17,i1661,5
670,18,i1661,5
670,21,i1661,5
670,22,i1661,5
677,7,i1661,5
677,8,i1661,5
677,9,i1661,5
677,10,i1661,5
677,11,i1661,5
677,12,i1661,5
677,13,i1661,5
677,14,i1661,5
677,15,i1661,5
677,16,i1661,5
677,17,i1661,5
677,18,i1661,5
677,21,i1661,5
677,22,i1661,5
676,7,i1661,5
676,8,i1661,5
676,9,i1661,5
676,10,i1661,5
676,11,i1661,5
676,12,i1661,5
676,13,i1661,5
676,14,i1661,5
676,15,i1661,5
676,16,i1661,5
676,17,i1661,5
676,18,i1661,5
676,21,i1661,5
676,22,i1661,5
675,25,i1851,5
675,26,i1851,5
675,27,i1851,5
675,28,i1851,5
675,29,i1851,5
675,30,i1851,5
674,7,i859,5
674,8,i859,5
674,9,i859,5
674,10,i859,5
674,11,i859,5
674,12,i859,5
674,13,i859,5
674,14,i859,5
674,15,i859,5
674,16,i859,5
674,17,i859,5
674,18,i859,5
674,21,i859,5
674,22,i859,5
674,23,i859,5
674,24,i859,5
674,25,i859,5
674,26,i859,5
674,27,i859,5
674,28,i859,5
674,29,i859,5
674,30,i859,5
666,12,i2003,5
666,13,i2003,5
666,14,i2003,5
666,15,i2003,5
666,16,i2003,5
666,17,i2003,5
666,18,i2003,5
666,21,i2003,5
666,22,i2003,5
666,23,i2003,5
666,24,i2003,5
666,25,i2003,5
666,26,i2003,5
666,27,i1831,5
666,28,i1831,5
666,29,i1831,5
666,30,i1831,5
1162,7,i1527,5
1162,8,i1527,5
1162,9,i1527,5
1162,10,i1527,5
1162,11,i1527,5
1162,12,i1527,5
1162,13,i1527,5
1162,14,i1527,5
1162,15,i1527,5
1162,16,i1527,5
1162,17,i1527,5
1162,18,i1527,5
1162,21,i1668,50
1162,22,i1668,50
1161,7,i1527,5
1161,8,i1527,5
1161,9,i1527,5
1161,10,i1527,5
1161,11,i1527,5
1161,12,i1527,5
1161,13,i1527,5
1161,14,i1527,5
1161,15,i1527,5
1161,16,i1527,5
1161,17,i1527,5
1161,18,i1527,5
1161,21,i1668,50
1161,22,i1668,50
1164,25,i1176,5
1164,26,i1176,5
1164,27,i1176,5
1164,28,i1176,5
1164,29,i1176,5
1164,30,i1176,5
1163,12,i2324,5
1163,13,i2324,5
1163,14,i2324,5
1163,15,i2324,5
1163,16,i2324,5
1163,17,i2324,5
1163,18,i2324,5
1163,21,i2324,5
1163,22,i2324,5
1163,25,i1343,5
1163,26,i1343,5
1163,27,i1343,5
1163,28,i1343,5
1163,29,i1343,5
1163,30,i1343,5
129,7,i2003,5
129,8,i2003,5
129,9,i2003,5
129,10,i2003,5
129,11,i2003,5
129,12,i2003,5
129,13,i2003,5
129,14,i2003,5
129,15,i2003,5
129,16,i2003,5
129,17,i2003,5
129,18,i2003,5
129,21,i2003,5
129,22,i2003,5
129,23,i2003,5
129,24,i2003,5
129,25,i2003,5
129,26,i2003,5
129,27,i2003,5
129,28,i2003,5
129,29,i2003,5
129,30,i2003,5
128,7,i2003,5
128,8,i2003,5
128,9,i2003,5
128,10,i2003,5
128,11,i2003,5
128,12,i2003,5
128,13,i2003,5
128,14,i2003,5
128,15,i2003,5
128,16,i2003,5
128,17,i2003,5
128,18,i2003,5
128,21,i2003,5
128,22,i2003,5
128,23,i2003,5
128,24,i2003,5
128,25,i2003,5
128,26,i2003,5
128,27,i2003,5
128,28,i2003,5
128,29,i2003,5
128,30,i2003,5
1160,7,i2003,5
1160,8,i2003,5
1160,9,i2003,5
1160,10,i2003,5
1160,11,i2003,5
1160,12,i2003,5
1160,13,i2003,5
1160,14,i2003,5
1160,15,i2003,5
1160,16,i2003,5
1160,17,i2003,5
1160,18,i2003,5
1160,21,i2003,5
1160,22,i2003,5
1160,23,i2003,5
1160,24,i2003,5
1160,25,i2003,5
1160,26,i2003,5
1160,27,i2003,5
1160,28,i2003,5
1160,29,i2003,5
1160,30,i2003,5
1069,25,i2318,5
1069,26,i2318,5
1069,27,i2318,5
1069,28,i2318,5
1069,29,i2318,5
1069,30,i2318,5
1066,25,i2318,5
1066,26,i2318,5
1066,27,i2318,5
1066,28,i2318,5
1066,29,i2318,5
1066,30,i2318,5
1067,25,i867,5
1067,26,i867,5
1067,27,i867,5
1067,28,i867,5
1067,29,i867,5
1067,30,i867,5
1064,25,i867,5
1064,26,i867,5
1064,27,i867,5
1064,28,i867,5
1064,29,i867,5
1064,30,i867,5
1065,7,i1499,5
1065,8,i1499,5
1065,9,i1499,5
1065,10,i1499,5
1065,11,i1499,5
1065,12,i1499,5
1065,13,i1499,5
1065,14,i1499,5
1065,15,i1499,5
1065,16,i1499,5
1065,17,i1499,5
1065,18,i1499,5
1065,21,i1499,5
1065,21,i2319,1
1065,22,i1499,5
1065,22,i2319,1
1065,23,i1499,5
1065,24,i1499,5
1065,25,i1499,5
1065,26,i1499,5
1065,27,i1499,5
1065,28,i1499,5
1065,29,i1499,5
1065,30,i1499,5
1062,7,i836,5
1062,8,i836,5
1062,9,i836,5
1062,10,i836,5
1062,11,i836,5
1062,12,i836,5
1062,13,i836,5
1062,14,i836,5
1062,15,i836,5
1062,16,i836,5
1062,17,i836,5
1062,18,i836,5
1062,21,i836,5
1062,22,i836,5
1062,23,i1524,5
1062,24,i1524,5
1062,25,i1524,50
1062,25,i1523,5
1062,26,i1524,50
1062,26,i1523,5
1062,27,i1524,50
1062,27,i1523,5
1062,28,i1524,50
1062,28,i1523,5
1062,29,i1524,50
1062,29,i1523,5
1062,30,i1524,50
1062,30,i1523,5
1063,7,i836,5
1063,8,i836,5
1063,9,i836,5
1063,10,i836,5
1063,11,i836,5
1063,12,i836,5
1063,13,i836,5
1063,14,i836,5
1063,15,i836,5
1063,16,i836,5
1063,17,i836,5
1063,18,i836,5
1063,21,i836,5
1063,22,i836,5
1063,23,i1524,5
1063,24,i1524,5
1063,25,i1524,50
1063,25,i1523,5
1063,26,i1524,50
1063,26,i1523,5
1063,27,i1524,50
1063,27,i1523,5
1063,28,i1524,50
1063,28,i1523,5
1063,29,i1524,50
1063,29,i1523,5
1063,30,i1524,50
1063,30,i1523,5
1060,12,i1841,5
1060,13,i1841,5
1060,14,i1841,5
1060,15,i1841,5
1060,16,i1841,5
1060,17,i1841,5
1060,18,i1841,5
1060,21,i1841,5
1060,22,i1841,5
1060,23,i1841,5
1060,24,i1841,5
1060,25,i1841,5
1060,26,i1841,5
1060,27,i1841,5
1060,28,i1841,5
1060,29,i1841,5
1060,30,i1841,5
1061,12,i1841,5
1061,13,i1841,5
1061,14,i1841,5
1061,15,i1841,5
1061,16,i1841,5
1061,17,i1841,5
1061,18,i1841,5
1061,21,i1841,5
1061,22,i1841,5
1061,23,i1841,5
1061,24,i1841,5
1061,25,i1841,5
1061,26,i1841,5
1061,27,i1841,5
1061,28,i1841,5
1061,29,i1841,5
1061,30,i1841,5
1367,7,i1667,100
1367,8,i1667,100
1367,9,i1667,100
1367,10,i1667,100
1367,11,i1667,100
1367,12,i1667,100
1367,13,i1667,100
1367,14,i1667,100
1367,15,i1667,100
1367,16,i1667,100
1367,17,i1667,100
1367,18,i1667,100
1367,21,i1667,100
1367,22,i1667,100
1366,7,i1667,100
1366,8,i1667,100
1366,9,i1667,100
1366,10,i1667,100
1366,11,i1667,100
1366,12,i1667,100
1366,13,i1667,100
1366,14,i1667,100
1366,15,i1667,100
1366,16,i1667,100
1366,17,i1667,100
1366,18,i1667,100
1366,21,i1667,100
1366,22,i1667,100
1365,23,i1503,5
1365,24,i1503,5
1365,25,i1503,5
1365,26,i1503,5
1365,27,i1503,5
1365,28,i1503,5
1365,29,i1503,5
1365,30,i1503,5
1364,12,i2164,5
1364,13,i2164,5
1364,14,i2164,5
1364,15,i2164,5
1364,16,i2164,5
1364,17,i2164,5
1364,18,i2164,5
1364,21,i1525,50
1364,22,i1525,50
1363,12,i2164,5
1363,13,i2164,5
1363,14,i2164,5
1363,15,i2164,5
1363,16,i2164,5
1363,17,i2164,5
1363,18,i2164,5
1363,21,i1525,50
1363,22,i1525,50
1362,7,i1661,5
1362,8,i1661,5
1362,9,i1661,5
1362,10,i1661,5
1362,11,i1661,5
1362,12,i1661,5
1362,13,i1661,5
1362,14,i1661,5
1362,15,i1661,5
1362,16,i1661,5
1362,17,i1661,5
1362,18,i1661,5
1362,21,i1661,5
1362,22,i1661,5
1371,7,i2004,5
1371,8,i2004,5
1371,9,i2004,5
1371,10,i2004,5
1371,11,i2004,5
1371,12,i2004,5
1371,13,i2004,5
1371,14,i2004,5
1371,15,i2004,5
1371,16,i2004,5
1371,17,i2004,5
1371,18,i2004,5
1371,21,i2004,5
1371,22,i2004,5
1371,23,i2004,5
1371,24,i2004,5
1371,25,i2004,5
1371,26,i2004,5
1371,27,i2004,5
1371,28,i2004,5
1371,29,i2004,5
1371,30,i2004,5
1257,7,i1499,5
1257,8,i1499,5
1257,9,i1499,5
1257,10,i1499,5
1257,11,i1499,5
1257,12,i835,5
1257,13,i835,5
1257,14,i835,5
1257,15,i835,5
1257,16,i835,5
1257,17,i835,5
1257,18,i835,5
1257,21,i835,5
1257,22,i835,5
1257,23,i835,5
1257,24,i835,5
1257,25,i835,5
1257,26,i835,5
1257,27,i835,5
1257,28,i835,5
1257,29,i835,5
1257,30,i835,5
1258,7,i1499,5
1258,8,i1499,5
1258,9,i1499,5
1258,10,i1499,5
1258,11,i1499,5
1258,12,i835,5
1258,13,i835,5
1258,14,i835,5
1258,15,i835,5
1258,16,i835,5
1258,17,i835,5
1258,18,i835,5
1258,21,i835,5
1258,22,i835,5
1258,23,i835,5
1258,24,i835,5
1258,25,i835,5
1258,26,i835,5
1258,27,i835,5
1258,28,i835,5
1258,29,i835,5
1258,30,i835,5
1261,12,i871,5
1261,13,i871,5
1261,14,i871,5
1261,15,i871,5
1261,16,i871,5
1261,17,i871,5
1261,18,i871,5
1261,21,i871,5
1261,22,i871,5
1261,23,i871,5
1261,24,i871,5
1261,25,i871,5
1261,26,i871,5
1261,27,i871,5
1261,28,i871,5
1261,29,i871,5
1261,30,i871,5
1262,23,i1525,100
1262,24,i1525,100
1262,25,i1022,5
1262,26,i1022,5
1262,27,i1022,5
1262,28,i1022,5
1262,29,i1022,5
1262,30,i1022,5
1263,7,i844,5
1263,8,i844,5
1263,9,i844,5
1263,10,i844,5
1263,11,i844,5
1263,12,i844,5
1263,13,i844,5
1263,14,i844,5
1263,15,i844,5
1263,16,i844,5
1263,17,i844,5
1263,17,i697,1
1263,18,i844,5
1263,18,i697,1
1263,21,i844,5
1263,21,i697,1
1263,22,i844,5
1263,22,i697,1
1263,23,i844,5
1263,24,i844,5
1263,25,i844,5
1263,25,i1029,50
1263,26,i844,5
1263,26,i1029,50
1263,27,i844,5
1263,27,i1029,50
1263,28,i844,5
1263,28,i1029,50
1263,29,i844,5
1263,29,i1029,50
1263,30,i844,5
1263,30,i1029,50
1254,7,i845,5
1254,8,i845,5
1254,9,i845,5
1254,10,i845,5
1254,11,i845,5
1254,12,i845,5
1254,13,i845,5
1254,14,i845,5
1254,15,i845,5
1254,16,i845,5
1254,17,i845,5
1254,17,i697,1
1254,18,i845,5
1254,18,i697,1
1254,21,i845,5
1254,21,i697,1
1254,22,i845,5
1254,22,i697,1
1254,23,i845,5
1254,24,i845,5
1254,25,i845,5
1254,25,i1029,50
1254,26,i845,5
1254,26,i1029,50
1254,27,i845,5
1254,27,i1029,50
1254,28,i845,5
1254,28,i1029,50
1254,29,i845,5
1254,29,i1029,50
1254,30,i845,5
1254,30,i1029,50
1553,25,i1180,5
1553,26,i1180,5
1553,27,i1180,5
1553,28,i1180,5
1553,29,i1180,5
1553,30,i1180,5
1556,25,i1180,5
1556,26,i1180,5
1556,27,i1180,5
1556,28,i1180,5
1556,29,i1180,5
1556,30,i1180,5
1555,12,i1021,5
1555,13,i1021,5
1555,14,i1021,5
1555,15,i1021,5
1555,16,i1021,5
1555,17,i1021,5
1555,18,i1021,5
1555,21,i1021,5
1555,22,i1021,5
1555,23,i1021,5
1555,24,i1021,5
1555,25,i1021,5
1555,26,i1021,5
1555,27,i1021,5
1555,28,i1021,5
1555,29,i1021,5
1555,30,i1021,5
477,12,i1021,5
477,13,i1021,5
477,14,i1021,5
477,15,i1021,5
477,16,i1021,5
477,17,i1021,5
477,18,i1021,5
477,21,i1021,5
477,22,i1021,5
477,23,i1021,5
477,24,i1021,5
477,25,i1021,5
477,26,i1021,5
477,27,i1021,5
477,28,i1021,5
477,29,i1021,5
477,30,i1021,5
1447,7,i1501,100
1447,8,i1501,100
1447,9,i1501,100
1447,10,i1501,100
1447,11,i1501,100
1447,12,i1501,100
1447,13,i1501,100
1447,14,i1501,100
1447,15,i1501,100
1447,16,i1501,100
1447,17,i1501,100
1447,18,i1501,100
1447,21,i1501,100
1447,22,i1501,100
1447,23,i1501,100
1447,24,i1501,100
1447,25,i1501,100
1447,26,i1501,100
1447,27,i1501,5
1447,28,i1501,5
1447,29,i1501,5
1447,30,i1501,5
1444,7,i1525,5
1444,8,i1525,5
1444,9,i1525,5
1444,10,i1525,5
1444,11,i1525,5
1444,12,i1525,5
1444,13,i1525,5
1444,14,i1525,5
1444,15,i1525,5
1444,16,i1525,5
1444,17,i1525,5
1444,18,i1525,5
1444,21,i1525,5
1444,22,i1525,5
1445,7,i1505,5
1445,8,i1505,5
1445,9,i1505,5
1445,10,i1505,5
1445,11,i1505,5
1445,12,i1505,5
1445,13,i1505,5
1445,14,i1505,5
1445,15,i1505,5
1445,16,i1505,5
1445,17,i1505,5
1445,18,i1505,5
1445,21,i1505,5
1445,22,i1505,5
1445,23,i1505,5
1445,24,i1505,5
1445,25,i1505,5
1445,26,i1505,5
1445,27,i1505,5
1445,28,i1505,5
1445,29,i1505,5
1445,30,i1505,5
1450,7,i1505,5
1450,8,i1505,5
1450,9,i1505,5
1450,10,i1505,5
1450,11,i1505,5
1450,12,i1505,5
1450,13,i1505,5
1450,14,i1505,5
1450,15,i1505,5
1450,16,i1505,5
1450,17,i1505,5
1450,18,i1505,5
1450,21,i1505,5
1450,22,i1505,5
1450,23,i1505,5
1450,24,i1505,5
1450,25,i1505,5
1450,26,i1505,5
1450,27,i1505,5
1450,28,i1505,5
1450,29,i1505,5
1450,30,i1505,5
1451,7,i1505,5
1451,8,i1505,5
1451,9,i1505,5
1451,10,i1505,5
1451,11,i1505,5
1451,12,i2162,5
1451,13,i2162,5
1451,14,i2162,5
1451,15,i2162,5
1451,16,i2162,5
1451,17,i2162,5
1451,18,i2162,5
1451,21,i2162,5
1451,22,i2162,5
1451,25,i1505,5
1451,26,i1505,5
1451,27,i1505,5
1451,28,i1505,5
1451,29,i1505,5
1451,30,i1505,5
1448,7,i1505,5
1448,8,i1505,5
1448,9,i1505,5
1448,10,i1505,5
1448,11,i1505,5
1448,12,i2162,5
1448,13,i2162,5
1448,14,i2162,5
1448,15,i2162,5
1448,16,i2162,5
1448,17,i2162,5
1448,18,i2162,5
1448,21,i2162,5
1448,22,i2162,5
1448,25,i1505,5
1448,26,i1505,5
1448,27,i1505,5
1448,28,i1505,5
1448,29,i1505,5
1448,30,i1505,5
1453,12,i2168,5
1453,13,i2168,5
1453,14,i2168,5
1453,15,i2168,5
1453,16,i2168,5
1453,17,i2168,5
1453,18,i2168,5
1453,21,i2168,5
1453,22,i2168,5
1453,25,i1839,5
1453,26,i1839,5
1453,27,i1839,5
1453,28,i1839,5
1453,29,i1839,5
1453,30,i1839,5
1454,25,i1181,5
1454,26,i1181,5
1005,12,i2165,5
1005,13,i2165,5
1005,14,i2165,5
1005,15,i2165,5
1005,16,i2165,5
1005,17,i2165,5
1005,18,i2165,5
1005,21,i2165,5
1005,22,i2165,5
1005,25,i1422,5
1005,26,i1422,5
1005,27,i1422,5
1005,28,i1422,5
1005,29,i1422,5
1005,30,i1422,5
1004,7,i1500,5
1004,8,i1500,5
1004,9,i1500,5
1004,10,i1500,5
1004,11,i1500,5
1004,12,i2165,5
1004,13,i2165,5
1004,14,i2165,5
1004,15,i2165,5
1004,16,i2165,5
1004,17,i2165,5
1004,18,i2165,5
1004,21,i2165,5
1004,22,i2165,5
1013,7,i643,5
1013,8,i643,5
1013,9,i643,5
1013,10,i643,5
1013,11,i643,5
1013,12,i836,5
1013,13,i836,5
1013,14,i836,5
1013,15,i836,5
1013,16,i836,5
1013,17,i836,5
1013,18,i836,5
1013,21,i836,5
1013,22,i836,5
1013,23,i836,5
1013,24,i836,5
1013,25,i837,50
1013,25,i836,5
1013,26,i837,50
1013,26,i836,5
1013,27,i837,50
1013,27,i836,5
1013,28,i837,50
1013,28,i836,5
1013,29,i837,50
1013,29,i836,5
1013,30,i837,50
1013,30,i836,5
1011,12,i1841,5
1011,13,i1841,5
1011,14,i1841,5
1011,15,i1841,5
1011,16,i1841,5
1011,17,i1841,5
1011,18,i1841,5
1011,21,i1841,5
1011,22,i1841,5
1011,23,i1841,5
1011,24,i1841,5
1011,25,i1841,5
1011,26,i1841,5
1011,27,i1841,5
1011,28,i1841,5
1011,29,i1841,5
1011,30,i1841,5
157,12,i1834,5
157,13,i1834,5
157,14,i1834,5
157,15,i1834,5
157,16,i1834,5
157,17,i1834,5
157,18,i1834,5
157,21,i1834,5
157,22,i1834,5
157,23,i1834,5
157,24,i1834,5
157,25,i1834,5
157,26,i1834,5
157,27,i1834,5
157,28,i1834,5
157,29,i1834,5
157,30,i1834,5
156,7,i645,5
156,8,i645,5
156,9,i645,5
156,10,i645,5
156,11,i645,5
156,12,i1834,5
156,13,i1834,5
156,14,i1834,5
156,15,i1834,5
156,16,i1834,5
156,17,i1834,5
156,18,i1834,5
156,21,i1834,5
156,22,i1834,5
156,23,i1834,5
156,24,i1834,5
156,25,i1834,5
156,26,i1834,5
156,27,i1834,5
156,28,i1834,5
156,29,i1834,5
156,30,i1834,5
35,7,i920,50
35,8,i920,50
35,9,i920,50
35,10,i920,50
35,11,i920,50
35,12,i920,50
35,13,i920,50
35,14,i920,50
35,15,i920,50
35,16,i920,50
35,17,i920,50
35,18,i920,50
35,21,i920,50
35,22,i920,50
35,23,i920,50
35,24,i920,50
35,25,i920,50
35,26,i920,50
35,27,i920,50
35,28,i920,50
35,29,i920,50
35,30,i920,50
36,7,i1740,5
36,8,i1740,5
36,9,i1740,5
36,10,i1740,5
36,11,i1740,5
36,12,i1504,5
36,13,i1504,5
36,14,i1504,5
36,15,i1504,5
36,16,i1504,5
36,17,i1504,5
36,18,i1504,5
36,21,i1504,5
36,22,i1504,5
36,23,i1504,5
36,24,i1504,5
36,25,i1504,5
36,26,i1504,5
36,27,i1504,5
36,28,i1504,5
36,29,i1504,5
36,30,i1504,5
37,7,i1740,5
37,8,i1740,5
37,9,i1740,5
37,10,i1740,5
37,11,i1740,5
37,12,i1504,5
37,13,i1504,5
37,14,i1504,5
37,15,i1504,5
37,16,i1504,5
37,17,i1504,5
37,18,i1504,5
37,21,i1504,5
37,22,i1504,5
37,23,i1504,5
37,24,i1504,5
37,25,i1504,5
37,26,i1504,5
37,27,i1504,5
37,28,i1504,5
37,29,i1504,5
37,30,i1504,5
304,7,i1740,5
304,8,i1740,5
304,9,i1740,5
304,10,i1740,5
304,11,i1740,5
304,12,i1504,5
304,13,i1504,5
304,14,i1504,5
304,15,i1504,5
304,16,i1504,5
304,17,i1504,5
304,18,i1504,5
304,21,i1504,5
304,22,i1504,5
304,23,i1504,5
304,24,i1504,5
304,25,i1504,5
304,26,i1504,5
304,27,i1504,5
304,28,i1504,5
304,29,i1504,5
304,30,i1504,5
31,7,i2312,5
31,8,i2312,5
31,9,i2312,5
31,10,i2312,5
31,11,i2312,5
31,12,i2312,5
31,13,i2312,5
31,14,i2312,5
31,15,i2312,5
31,16,i2312,5
31,17,i2312,5
31,18,i2312,5
31,21,i2312,5
31,22,i2312,5
31,23,i2312,5
31,24,i2312,5
31,25,i2312,5
31,26,i2312,5
31,27,i2312,5
31,28,i2312,5
31,29,i2312,5
31,30,i2312,5
32,7,i2312,5
32,8,i2312,5
32,9,i2312,5
32,10,i2312,5
32,11,i2312,5
32,12,i2312,5
32,13,i2312,5
32,14,i2312,5
32,15,i2312,5
32,16,i2312,5
32,17,i2312,5
32,18,i2312,5
32,21,i2312,5
32,22,i2312,5
32,23,i2312,5
32,24,i2312,5
32,25,i2312,5
32,26,i2312,5
32,27,i2312,5
32,28,i2312,5
32,29,i2312,5
32,30,i2312,5
296,7,i2312,5
296,8,i2312,5
296,9,i2312,5
296,10,i2312,5
296,11,i2312,5
296,12,i2312,5
296,13,i2312,5
296,14,i2312,5
296,15,i2312,5
296,16,i2312,5
296,17,i2312,5
296,18,i2312,5
296,21,i2312,5
296,22,i2312,5
296,23,i2312,5
296,24,i2312,5
296,25,i2312,5
296,26,i2312,5
296,27,i2312,5
296,28,i2312,5
296,29,i2312,5
296,30,i2312,5
179,7,i1030,100
179,8,i1030,100
179,9,i1030,100
179,10,i1030,100
179,11,i1030,100
179,12,i1030,100
179,13,i1030,100
179,14,i1030,100
179,15,i1030,100
179,16,i1030,100
179,17,i1030,100
179,18,i1030,100
179,21,i1030,100
179,22,i1030,100
179,23,i1030,100
179,24,i1030,100
179,25,i1030,100
179,26,i1030,100
179,27,i1030,5
179,28,i1030,5
179,29,i1030,5
179,30,i1030,5
50,12,i2328,5
50,13,i2328,5
50,14,i2328,5
50,15,i2328,5
50,16,i2328,5
50,17,i2328,5
50,18,i2328,5
50,21,i2328,5
50,22,i2328,5
51,12,i2328,5
51,13,i2328,5
51,14,i2328,5
51,15,i2328,5
51,16,i2328,5
51,17,i2328,5
51,18,i2328,5
51,21,i2328,5
51,22,i2328,5
366,12,i2328,5
366,13,i2328,5
366,14,i2328,5
366,15,i2328,5
366,16,i2328,5
366,17,i2328,5
366,18,i2328,5
366,21,i2328,5
366,22,i2328,5
997,12,i1524,50
997,12,i1523,5
997,13,i1524,50
997,13,i1523,5
997,14,i1524,50
997,14,i1523,5
997,15,i1524,50
997,15,i1523,5
997,16,i1524,50
997,16,i1523,5
997,17,i1524,50
997,17,i1523,5
997,18,i1524,50
997,18,i1523,5
997,21,i1524,50
997,21,i1523,5
997,22,i1524,50
997,22,i1523,5
1027,12,i1344,5
1027,13,i1344,5
1027,14,i1344,5
1027,15,i1344,5
1027,16,i1344,5
1027,17,i1344,5
1027,18,i1344,5
1027,21,i1344,5
1027,22,i1344,5
1027,23,i1344,5
1027,24,i1344,5
1027,25,i1344,5
1027,26,i1344,5
1027,27,i1344,5
1027,28,i1344,5
1027,29,i1344,5
1027,30,i1344,5
1024,12,i1344,5
1024,13,i1344,5
1024,14,i1344,5
1024,15,i1344,5
1024,16,i1344,5
1024,17,i1344,5
1024,18,i1344,5
1024,21,i1344,5
1024,22,i1344,5
1024,23,i1344,5
1024,24,i1344,5
1024,25,i1344,5
1024,26,i1344,5
1024,27,i1344,5
1024,28,i1344,5
1024,29,i1344,5
1024,30,i1344,5
999,12,i1499,5
999,13,i1499,5
999,14,i1499,5
999,15,i1499,5
999,16,i1499,5
999,17,i1499,5
999,18,i1499,5
999,21,i1499,5
999,22,i1499,5
999,23,i1499,5
999,24,i1499,5
999,25,i1499,5
999,26,i1499,5
999,27,i1499,5
999,28,i1499,5
999,29,i1499,5
999,30,i1499,5
1029,12,i1499,5
1029,13,i1499,5
1029,14,i1499,5
1029,15,i1499,5
1029,16,i1499,5
1029,17,i1499,5
1029,18,i1499,5
1029,21,i1499,5
1029,21,i2319,1
1029,22,i1499,5
1029,22,i2319,1
1029,23,i1499,5
1029,24,i1499,5
1029,25,i1499,5
1029,26,i1499,5
1029,27,i1499,5
1029,28,i1499,5
1029,29,i1499,5
1029,30,i1499,5
1127,12,i2305,5
1127,13,i2305,5
1127,14,i2305,5
1127,15,i2305,5
1127,16,i2305,5
1127,17,i2305,5
1127,18,i2305,5
1127,21,i2305,5
1127,22,i2305,5
1127,23,i2305,5
1127,24,i2305,5
1127,25,i2305,5
1127,26,i2305,5
1127,27,i2305,5
1127,28,i2305,5
1127,29,i2305,5
1127,30,i2305,5
1130,12,i2305,5
1130,13,i2305,5
1130,14,i2305,5
1130,15,i2305,5
1130,16,i2305,5
1130,17,i2305,5
1130,18,i2305,5
1130,21,i2305,5
1130,22,i2305,5
1130,23,i2305,5
1130,24,i2305,5
1130,25,i2305,5
1130,26,i2305,5
1130,27,i2305,5
1130,28,i2305,5
1130,29,i2305,5
1130,30,i2305,5
1129,12,i1025,100
1129,13,i1025,100
1129,14,i1025,100
1129,15,i1025,100
1129,16,i1025,100
1129,17,i1025,100
1129,18,i1025,100
1129,21,i1025,5
1129,22,i1025,5
1129,23,i1025,5
1129,24,i1025,5
1129,25,i1025,5
1129,26,i1025,5
1129,27,i1025,5
1129,28,i1025,5
1129,29,i1025,5
1129,30,i1025,5
1132,12,i1499,5
1132,13,i1499,5
1132,14,i1499,5
1132,15,i1499,5
1132,16,i1499,5
1132,17,i1499,5
1132,18,i1499,5
1132,21,i1499,5
1132,22,i1499,5
1132,23,i1499,5
1132,24,i1499,5
1132,25,i1499,5
1132,26,i1499,5
1132,27,i1499,5
1132,28,i1499,5
1132,29,i1499,5
1132,30,i1499,5
1134,12,i2326,5
1134,13,i2326,5
1134,14,i2326,5
1134,15,i2326,5
1134,16,i2326,5
1134,17,i2326,5
1134,18,i2326,5
1133,12,i2326,5
1133,13,i2326,5
1133,14,i2326,5
1133,15,i2326,5
1133,16,i2326,5
1133,17,i2326,5
1133,18,i2326,5
1229,12,i2002,5
1229,13,i2002,5
1229,14,i2002,5
1229,15,i2002,5
1229,16,i2002,5
1229,17,i2002,5
1229,18,i2002,5
1229,21,i2002,5
1229,22,i2002,5
1229,23,i2002,5
1229,24,i2002,5
1229,25,i2002,5
1229,26,i2002,5
1229,27,i2002,5
1229,28,i2002,5
1229,29,i2002,5
1229,30,i2002,5
1230,12,i2002,5
1230,13,i2002,5
1230,14,i2002,5
1230,15,i2002,5
1230,16,i2002,5
1230,17,i2002,5
1230,18,i2002,5
1230,21,i2002,5
1230,22,i2002,5
1230,23,i2002,5
1230,24,i2002,5
1230,25,i2002,5
1230,26,i2002,5
1230,27,i2002,5
1230,28,i2002,5
1230,29,i2002,5
1230,30,i2002,5
1227,21,i2316,1
1227,22,i2316,1
1228,12,i2331,5
1228,13,i2331,5
1228,14,i2331,5
1228,15,i2331,5
1228,16,i2331,5
1228,17,i2331,5
1228,18,i2331,5
1228,21,i1668,50
1228,22,i1668,50
1222,12,i2331,5
1222,13,i2331,5
1222,14,i2331,5
1222,15,i2331,5
1222,16,i2331,5
1222,17,i2331,5
1222,18,i2331,5
1222,21,i1668,50
1222,22,i1668,50
1340,12,i1662,5
1340,13,i1662,5
1340,14,i1662,5
1340,15,i1662,5
1340,16,i1662,5
1340,17,i1662,5
1340,18,i1662,5
1340,21,i1662,5
1340,22,i1662,5
1339,12,i1662,5
1339,13,i1662,5
1339,14,i1662,5
1339,15,i1662,5
1339,16,i1662,5
1339,17,i1662,5
1339,18,i1662,5
1339,21,i1662,5
1339,22,i1662,5
1338,12,i2168,5
1338,13,i2168,5
1338,14,i2168,5
1338,15,i2168,5
1338,16,i2168,5
1338,17,i2168,5
1338,18,i2168,5
1338,21,i2168,5
1338,22,i2168,5
1338,25,i1839,5
1338,26,i1839,5
1338,27,i1839,5
1338,28,i1839,5
1338,29,i1839,5
1338,30,i1839,5
1345,12,i1668,5
1345,13,i1668,5
1345,14,i1668,5
1345,15,i1668,5
1345,16,i1668,5
1345,17,i1668,5
1345,18,i1668,5
1345,21,i1668,5
1345,22,i1668,5
1344,12,i1668,5
1344,13,i1668,5
1344,14,i1668,5
1344,15,i1668,5
1344,16,i1668,5
1344,17,i1668,5
1344,18,i1668,5
1344,21,i1668,5
1344,22,i1668,5
1343,12,i2312,5
1343,13,i2312,5
1343,14,i2312,5
1343,15,i2312,5
1343,16,i2312,5
1343,17,i2312,5
1343,18,i2312,5
1343,21,i2312,5
1343,22,i2312,5
1343,23,i2312,5
1343,24,i2312,5
1343,25,i2312,5
1343,26,i2312,5
1343,27,i2312,5
1343,28,i2312,5
1343,29,i2312,5
1343,30,i2312,5
1342,12,i2312,5
1342,13,i2312,5
1342,14,i2312,5
1342,15,i2312,5
1342,16,i2312,5
1342,17,i2312,5
1342,18,i2312,5
1342,21,i2312,5
1342,22,i2312,5
1342,23,i2312,5
1342,24,i2312,5
1342,25,i2312,5
1342,26,i2312,5
1342,27,i2312,5
1342,28,i2312,5
1342,29,i2312,5
1342,30,i2312,5
1335,12,i1527,5
1335,13,i1527,5
1335,14,i1527,5
1335,15,i1527,5
1335,16,i1527,5
1335,17,i1527,5
1335,18,i1527,5
551,12,i1815,50
551,12,i1630,5
551,13,i1815,50
551,13,i1630,5
551,14,i1815,50
551,14,i1630,5
551,15,i1815,50
551,15,i1630,5
551,16,i1815,50
551,16,i1630,5
551,17,i1815,50
551,17,i1846,5
551,18,i1815,50
551,18,i1846,5
551,21,i1815,50
551,21,i1846,5
551,22,i1815,50
551,22,i1846,5
551,23,i1815,50
551,23,i1846,5
551,24,i1815,50
551,24,i1846,5
551,25,i1815,50
551,25,i1846,5
551,26,i1815,50
551,26,i1846,5
551,27,i1815,50
551,28,i1815,50
551,29,i1815,50
551,30,i1815,50
552,12,i1344,5
552,13,i1344,5
552,14,i1344,5
552,15,i1344,5
552,16,i1344,5
552,17,i1344,5
552,18,i1344,5
552,21,i1344,5
552,22,i1344,5
552,23,i1344,5
552,24,i1344,5
552,25,i1344,5
552,26,i1344,5
552,27,i1344,5
552,28,i1344,5
552,29,i1344,5
552,30,i1344,5
550,12,i2167,5
550,13,i2167,5
550,14,i2167,5
550,15,i2167,5
550,16,i2167,5
550,17,i2167,5
550,18,i2167,5
550,21,i2167,5
550,22,i2167,5
547,12,i2167,5
547,13,i2167,5
547,14,i2167,5
547,15,i2167,5
547,16,i2167,5
547,17,i2167,5
547,18,i2167,5
547,21,i2167,5
547,22,i2167,5
548,12,i2167,5
548,13,i2167,5
548,14,i2167,5
548,15,i2167,5
548,16,i2167,5
548,17,i2167,5
548,18,i2167,5
548,21,i2167,5
548,22,i2167,5
545,12,i1752,100
545,13,i1752,100
545,14,i1752,100
545,15,i1752,100
545,16,i1752,100
545,17,i1752,100
545,18,i1752,100
545,21,i1752,100
545,22,i1752,100
545,23,i1752,100
545,24,i1752,100
545,25,i1752,100
545,26,i1752,100
545,27,i1752,5
545,28,i1752,5
545,29,i1752,5
545,30,i1752,5
684,12,i1499,5
684,13,i1499,5
684,14,i1499,5
684,15,i1499,5
684,16,i1499,5
684,17,i1499,5
684,18,i1499,5
684,21,i1499,5
684,22,i1499,5
684,23,i1499,5
684,24,i1499,5
684,25,i1499,5
684,26,i1499,5
684,27,i1499,5
684,28,i1499,5
684,29,i1499,5
684,30,i1499,5
687,12,i1499,5
687,13,i1499,5
687,14,i1499,5
687,15,i1499,5
687,16,i1499,5
687,17,i1499,5
687,18,i1499,5
687,21,i1499,5
687,22,i1499,5
687,23,i1499,5
687,24,i1499,5
687,25,i1499,5
687,26,i1499,5
687,27,i1499,5
687,28,i1499,5
687,29,i1499,5
687,30,i1499,5
686,12,i1340,5
686,13,i1340,5
686,14,i1340,5
686,15,i1340,5
686,16,i1340,5
686,17,i1340,5
686,18,i1340,5
686,21,i1340,5
686,22,i1340,5
686,23,i1340,5
686,24,i1340,5
686,25,i1340,5
686,26,i1340,5
686,27,i1340,5
686,28,i1340,5
686,29,i1340,5
686,30,i1340,5
681,12,i1340,5
681,13,i1340,5
681,14,i1340,5
681,15,i1340,5
681,16,i1340,5
681,17,i1340,5
681,18,i1340,5
681,21,i1340,5
681,22,i1340,5
681,23,i1340,5
681,24,i1340,5
681,25,i1340,5
681,26,i1340,5
681,27,i1340,5
681,28,i1340,5
681,29,i1340,5
681,30,i1340,5
683,12,i2329,5
683,13,i2329,5
683,14,i2329,5
683,15,i2329,5
683,16,i2329,5
683,17,i2329,5
683,18,i2329,5
683,21,i2329,5
683,22,i2329,5
682,12,i2329,5
682,13,i2329,5
682,14,i2329,5
682,15,i2329,5
682,16,i2329,5
682,17,i2329,5
682,18,i2329,5
682,21,i2329,5
682,22,i2329,5
678,12,i1500,5
678,13,i1500,5
678,14,i1500,5
678,15,i1500,5
678,16,i1500,5
678,17,i1500,5
678,18,i1500,5
678,21,i1500,5
678,22,i1500,5
678,23,i1500,5
678,24,i1500,5
678,25,i1500,5
678,26,i1500,5
678,27,i1500,5
678,28,i1500,5
678,29,i1500,5
678,30,i1500,5
792,12,i1500,5
792,13,i1500,5
792,14,i1500,5
792,15,i1500,5
792,16,i1500,5
792,17,i1500,5
792,18,i1500,5
792,21,i1500,5
792,22,i1500,5
792,23,i1500,5
792,24,i1500,5
792,25,i1500,5
792,26,i1500,5
792,27,i1500,5
792,28,i1500,5
792,29,i1500,5
792,30,i1500,5
793,12,i871,5
793,12,i2243,50
793,13,i871,5
793,13,i2243,50
793,14,i871,5
793,14,i2243,50
793,15,i871,5
793,15,i2243,50
793,16,i871,5
793,16,i2243,50
793,17,i871,5
793,17,i2243,50
793,18,i871,5
793,18,i2243,50
793,21,i871,5
793,21,i2243,50
793,22,i871,5
793,22,i2243,50
793,23,i871,5
793,23,i2243,50
793,24,i871,5
793,24,i2243,50
793,25,i871,5
793,26,i871,5
793,27,i871,5
793,28,i871,5
793,29,i871,5
793,30,i871,5
794,12,i2312,5
794,13,i2312,5
794,14,i2312,5
794,15,i2312,5
794,16,i2312,5
794,17,i2312,5
794,18,i2312,5
794,21,i2312,5
794,22,i2312,5
794,23,i2312,5
794,24,i2312,5
794,25,i2312,5
794,26,i2312,5
794,27,i2312,5
794,28,i2312,5
794,29,i2312,5
794,30,i2312,5
795,12,i1342,5
795,13,i1342,5
795,14,i1342,5
795,15,i1342,5
795,16,i1342,5
795,17,i1342,5
795,18,i1342,5
795,21,i1342,5
795,22,i1342,5
795,23,i1342,5
795,24,i1342,5
795,25,i1342,5
795,26,i1342,5
795,27,i1342,5
795,28,i1342,5
795,29,i1342,5
795,30,i1342,5
798,12,i993,50
798,13,i993,5
798,14,i993,50
798,15,i993,5
798,16,i993,5
798,17,i993,5
798,18,i993,5
798,21,i993,5
798,22,i993,5
798,23,i993,5
798,24,i993,5
798,25,i993,5
798,26,i993,5
798,27,i993,5
798,28,i993,5
798,29,i993,5
798,30,i993,5
799,12,i1656,5
799,13,i1656,50
799,14,i1656,50
799,15,i1656,5
799,16,i1656,5
799,17,i1656,5
799,18,i1656,5
799,21,i1656,5
799,22,i1656,5
799,23,i1656,5
799,24,i1656,5
799,25,i1656,5
799,26,i1656,5
799,27,i1656,5
799,28,i1656,5
799,29,i1656,5
799,30,i1656,5
790,12,i1176,5
790,13,i1176,5
790,14,i1176,5
790,15,i1176,5
790,16,i1176,5
790,17,i1176,5
790,18,i1176,5
790,21,i1176,5
790,22,i1176,5
790,23,i1176,5
790,24,i1176,5
790,25,i1176,5
790,26,i1176,5
790,27,i1176,5
790,28,i1176,5
790,29,i1176,5
790,30,i1176,5
906,12,i2003,5
906,13,i2003,5
906,14,i2003,5
906,15,i2003,5
906,16,i2003,5
906,17,i2003,5
906,18,i2003,5
906,21,i2003,5
906,22,i2003,5
906,23,i2003,5
906,24,i2003,5
906,25,i2003,5
906,26,i2003,5
906,27,i1831,5
906,28,i1831,5
906,29,i1831,5
906,30,i1831,5
905,12,i2162,5
905,13,i2162,5
905,14,i2162,5
905,15,i2162,5
905,16,i2162,5
905,17,i2162,5
905,18,i2162,5
905,21,i2162,5
905,22,i2162,5
905,25,i1505,5
905,26,i1505,5
905,27,i1505,5
905,28,i1505,5
905,29,i1505,5
905,30,i1505,5
916,12,i2165,5
916,13,i2165,5
916,14,i2165,5
916,15,i2165,5
916,16,i2165,5
916,17,i2165,5
916,18,i2165,5
916,21,i2165,5
916,22,i2165,5
149,12,i1522,100
149,13,i1522,100
149,14,i1522,100
149,15,i1522,100
149,16,i1522,100
149,17,i1522,100
149,18,i1522,100
149,21,i1522,100
149,22,i1522,100
149,23,i1522,100
149,24,i1522,100
149,25,i1522,100
149,26,i1522,100
149,27,i1522,5
149,28,i1522,5
149,29,i1522,5
149,30,i1522,5
781,17,i1524,50
781,17,i2324,5
781,18,i1524,50
781,18,i2324,5
781,21,i1524,50
781,21,i2324,5
781,22,i1524,50
781,22,i2324,5
782,17,i1524,50
782,17,i2324,5
782,18,i1524,50
782,18,i2324,5
782,21,i1524,50
782,21,i2324,5
782,22,i1524,50
782,22,i2324,5
783,17,i1524,50
783,17,i1874,5
783,18,i1524,50
783,18,i1874,5
783,21,i1524,50
783,21,i1874,5
783,22,i1524,50
783,22,i1874,5
776,17,i1524,50
776,17,i1874,5
776,18,i1524,50
776,18,i1874,5
776,21,i1524,50
776,21,i1874,5
776,22,i1524,50
776,22,i1874,5
777,17,i1524,50
777,17,i2329,5
777,18,i1524,50
777,18,i2329,5
777,21,i1524,50
777,21,i2329,5
777,22,i1524,50
777,22,i2329,5
778,17,i1524,50
778,17,i2329,5
778,18,i1524,50
778,18,i2329,5
778,21,i1524,50
778,21,i2329,5
778,22,i1524,50
778,22,i2329,5
646,17,i1662,50
646,18,i1662,50
646,21,i1662,50
646,22,i1662,50
645,17,i1662,50
645,18,i1662,50
645,21,i1662,50
645,22,i1662,50
648,17,i1836,50
648,17,i2003,5
648,18,i1836,50
648,18,i2003,5
648,21,i1836,50
648,21,i2003,5
648,22,i1836,50
648,22,i2003,5
648,23,i1836,50
648,23,i2003,5
648,24,i1836,50
648,24,i2003,5
648,25,i1836,50
648,25,i2003,5
648,26,i1836,50
648,26,i2003,5
648,27,i1836,50
648,27,i2003,5
648,28,i1836,50
648,28,i2003,5
648,29,i1836,50
648,29,i2003,5
648,30,i1836,50
648,30,i2003,5
647,17,i1836,50
647,17,i2003,5
647,18,i1836,50
647,18,i2003,5
647,21,i1836,50
647,21,i2003,5
647,22,i1836,50
647,22,i2003,5
647,23,i1836,50
647,23,i2003,5
647,24,i1836,50
647,24,i2003,5
647,25,i1836,50
647,25,i2003,5
647,26,i1836,50
647,26,i2003,5
647,27,i1836,50
647,27,i2003,5
647,28,i1836,50
647,28,i2003,5
647,29,i1836,50
647,29,i2003,5
647,30,i1836,50
647,30,i2003,5
650,17,i1836,50
650,17,i2003,5
650,18,i1836,50
650,18,i2003,5
650,21,i1836,50
650,21,i2003,5
650,22,i1836,50
650,22,i2003,5
650,23,i1836,50
650,23,i2003,5
650,24,i1836,50
650,24,i2003,5
650,25,i1836,50
650,25,i2003,5
650,26,i1836,50
650,26,i2003,5
650,27,i1836,50
650,27,i2003,5
650,28,i1836,50
650,28,i2003,5
650,29,i1836,50
650,29,i2003,5
650,30,i1836,50
650,30,i2003,5
522,17,i1524,50
522,17,i1523,5
522,18,i1524,50
522,18,i1523,5
522,21,i1524,50
522,21,i1523,5
522,22,i1524,50
522,22,i1523,5
522,23,i1524,50
522,23,i1523,5
522,24,i1524,50
522,24,i1523,5
522,25,i1524,50
522,25,i1523,5
522,26,i1524,50
522,26,i1523,5
522,27,i1524,50
522,27,i1523,5
522,28,i1524,50
522,28,i1523,5
522,29,i1524,50
522,29,i1523,5
522,30,i1524,50
522,30,i1523,5
526,17,i1525,50
526,18,i1525,50
526,21,i1668,50
526,22,i1668,50
523,17,i1525,50
523,18,i1525,50
523,21,i1668,50
523,22,i1668,50
524,17,i1525,50
524,18,i1525,50
524,21,i1668,50
524,22,i1668,50
527,17,i1851,5
527,17,i1179,1
527,18,i1851,5
527,18,i1179,1
527,21,i1851,5
527,21,i1179,1
527,22,i1851,5
527,22,i1179,1
527,23,i1851,5
527,24,i1851,5
527,25,i1851,5
527,26,i1851,5
527,27,i1851,5
527,28,i1851,5
527,29,i1851,5
527,30,i1851,5
528,17,i1851,5
528,17,i1179,1
528,18,i1851,5
528,18,i1179,1
528,21,i1851,5
528,21,i1179,1
528,22,i1851,5
528,22,i1179,1
528,23,i1851,5
528,24,i1851,5
528,25,i1851,5
528,26,i1851,5
528,27,i1851,5
528,28,i1851,5
528,29,i1851,5
528,30,i1851,5
416,17,i873,5
416,18,i873,5
416,21,i873,5
416,22,i873,5
416,23,i873,5
416,24,i873,5
416,25,i873,5
416,26,i873,5
416,27,i873,5
416,28,i873,5
416,29,i873,5
416,30,i873,5
415,17,i873,5
415,18,i873,5
415,21,i873,5
415,22,i873,5
415,23,i873,5
415,24,i873,5
415,25,i873,5
415,26,i873,5
415,27,i873,5
415,28,i873,5
415,29,i873,5
415,30,i873,5
414,17,i873,5
414,18,i873,5
414,21,i873,5
414,22,i873,5
414,23,i873,5
414,24,i873,5
414,25,i873,5
414,26,i873,5
414,27,i873,5
414,28,i873,5
414,29,i873,5
414,30,i873,5
413,17,i1668,50
413,17,i1499,5
413,18,i1668,50
413,18,i1499,5
413,21,i1499,5
413,22,i1499,5
413,23,i1499,5
413,24,i1499,5
413,25,i1499,5
413,26,i1499,5
413,27,i1499,5
413,28,i1499,5
413,29,i1499,5
413,30,i1499,5
753,17,i1668,50
753,17,i1499,5
753,18,i1668,50
753,18,i1499,5
753,21,i1499,5
753,22,i1499,5
753,23,i1499,5
753,24,i1499,5
753,25,i1499,5
753,26,i1499,5
753,27,i1499,5
753,28,i1499,5
753,29,i1499,5
753,30,i1499,5
411,17,i1668,50
411,17,i1499,5
411,18,i1668,50
411,18,i1499,5
411,21,i1499,5
411,22,i1499,5
411,23,i1499,5
411,24,i1499,5
411,25,i1499,5
411,26,i1499,5
411,27,i1499,5
411,28,i1499,5
411,29,i1499,5
411,30,i1499,5
410,27,i2319,5
410,28,i2319,5
410,29,i2319,5
410,30,i2319,5
409,27,i2319,5
409,28,i2319,5
409,29,i2319,5
409,30,i2319,5
418,27,i2319,5
418,28,i2319,5
418,29,i2319,5
418,30,i2319,5
417,27,i2319,5
417,28,i2319,5
417,29,i2319,5
417,30,i2319,5
291,17,i1841,5
291,18,i1841,5
291,21,i1841,5
291,22,i1841,5
291,23,i1841,5
291,24,i1841,5
291,25,i1841,5
291,26,i1841,5
291,27,i1841,5
291,28,i1841,5
291,29,i1841,5
291,30,i1841,5
292,27,i2001,5
292,28,i2001,5
292,29,i2001,5
292,30,i2001,5
293,27,i2001,5
293,28,i2001,5
293,29,i2001,5
293,30,i2001,5
294,27,i2001,50
294,28,i2001,50
294,29,i2001,50
294,30,i2001,50
295,17,i1667,50
295,18,i1667,50
295,21,i1667,50
295,22,i1667,50
1109,17,i1667,50
1109,18,i1667,50
1109,21,i1667,50
1109,22,i1667,50
297,17,i2002,5
297,18,i2002,5
297,21,i2002,5
297,22,i2002,5
297,23,i2002,5
297,24,i2002,5
297,25,i2002,5
297,26,i2002,5
297,27,i2002,5
297,28,i2002,5
297,29,i2002,5
297,30,i2002,5
298,17,i1987,1
298,17,i2003,5
298,18,i1987,1
298,18,i2003,5
298,21,i1987,1
298,21,i2003,5
298,22,i1987,1
298,22,i2003,5
298,23,i2003,5
298,24,i2003,5
298,25,i2003,5
298,26,i2003,5
298,27,i2003,5
298,28,i2003,5
298,29,i2003,5
298,30,i2003,5
287,17,i1987,1
287,17,i2003,5
287,18,i1987,1
287,18,i2003,5
287,21,i1987,1
287,21,i2003,5
287,22,i1987,1
287,22,i2003,5
287,23,i2003,5
287,24,i2003,5
287,25,i2003,5
287,26,i2003,5
287,27,i2003,5
287,28,i2003,5
287,29,i2003,5
287,30,i2003,5
12,17,i1022,5
12,18,i1022,5
12,21,i1022,5
12,22,i1022,5
12,23,i1022,5
12,24,i1022,5
12,25,i1022,5
12,26,i1022,5
12,27,i1022,5
12,28,i1022,5
12,29,i1022,5
12,30,i1022,5
176,17,i1022,5
176,18,i1022,5
176,21,i1022,5
176,22,i1022,5
176,23,i1022,5
176,24,i1022,5
176,25,i1022,5
176,26,i1022,5
176,27,i1022,5
176,28,i1022,5
176,29,i1022,5
176,30,i1022,5
178,17,i1505,5
178,18,i1505,5
178,21,i1505,5
178,22,i1505,5
178,23,i1505,5
178,24,i1505,5
178,25,i1505,5
178,26,i1505,5
178,27,i1505,5
178,28,i1505,5
178,29,i1505,5
178,30,i1505,5
177,17,i1505,5
177,18,i1505,5
177,21,i1505,5
177,22,i1505,5
177,23,i1505,5
177,24,i1505,5
177,25,i1505,5
177,26,i1505,5
177,27,i1505,5
177,28,i1505,5
177,29,i1505,5
177,30,i1505,5
169,17,i919,1
169,17,i1340,5
169,18,i919,1
169,18,i1340,5
169,21,i919,1
169,21,i1340,5
169,22,i919,1
169,22,i1340,5
169,23,i1340,5
169,24,i1340,5
169,25,i1340,5
169,26,i1340,5
169,27,i1497,5
169,28,i1497,5
169,29,i1497,5
169,30,i1497,5
168,17,i919,5
168,17,i1340,50
168,17,i169,1
168,18,i919,5
168,18,i1340,50
168,18,i169,1
168,21,i919,5
168,21,i1340,50
168,21,i169,1
168,22,i919,5
168,22,i1340,50
168,22,i169,1
168,23,i919,5
168,23,i1340,50
168,24,i919,5
168,24,i1340,50
168,25,i919,5
168,25,i1340,50
168,26,i919,5
168,26,i1340,50
168,27,i1497,50
168,27,i1340,5
168,28,i1497,50
168,28,i1340,5
168,29,i1497,50
168,29,i1340,5
168,30,i1497,50
168,30,i1340,5
46,17,i1661,50
46,18,i1661,50
46,21,i1661,50
46,22,i1661,50
47,17,i1661,50
47,18,i1661,50
47,21,i1661,50
47,22,i1661,50
44,21,i1525,50
44,22,i1525,50
45,21,i1525,50
45,22,i1525,50
42,21,i1525,50
42,22,i1525,50
43,21,i1525,50
43,22,i1525,50
40,21,i1525,50
40,22,i1525,50
41,21,i1525,50
41,22,i1525,50
1563,27,i1500,5
1563,28,i1500,5
1563,29,i1500,5
1563,30,i1500,5
1562,27,i1500,5
1562,28,i1500,5
1562,29,i1500,5
1562,30,i1500,5
1569,27,i1500,50
1569,28,i1500,50
1569,29,i1500,50
1569,30,i1500,50
1566,17,i1662,100
1566,18,i1662,100
1566,21,i1662,100
1566,22,i1662,100
1459,17,i843,50
1459,17,i842,5
1459,17,i703,1
1459,18,i843,50
1459,18,i842,5
1459,18,i703,1
1459,21,i843,50
1459,21,i842,5
1459,21,i703,1
1459,22,i843,50
1459,22,i842,5
1459,22,i703,1
1459,23,i843,50
1459,23,i842,5
1459,24,i843,50
1459,24,i842,5
1459,25,i843,50
1459,25,i842,5
1459,26,i843,50
1459,26,i842,5
1459,27,i843,50
1459,27,i842,5
1459,28,i843,50
1459,28,i842,5
1459,29,i843,50
1459,29,i842,5
1459,30,i843,50
1459,30,i842,5
1460,17,i843,50
1460,17,i842,5
1460,17,i703,1
1460,18,i843,50
1460,18,i842,5
1460,18,i703,1
1460,21,i843,50
1460,21,i842,5
1460,21,i703,1
1460,22,i843,50
1460,22,i842,5
1460,22,i703,1
1460,23,i843,50
1460,23,i842,5
1460,24,i843,50
1460,24,i842,5
1460,25,i843,50
1460,25,i842,5
1460,26,i843,50
1460,26,i842,5
1460,27,i843,50
1460,27,i842,5
1460,28,i843,50
1460,28,i842,5
1460,29,i843,50
1460,29,i842,5
1460,30,i843,50
1460,30,i842,5
1458,17,i835,5
1458,18,i835,5
1458,21,i835,5
1458,22,i835,5
1458,23,i835,5
1458,24,i835,5
1458,25,i835,5
1458,26,i835,5
1458,27,i835,5
1458,28,i835,5
1458,29,i835,5
1458,30,i835,5
1463,17,i835,5
1463,18,i835,5
1463,21,i835,5
1463,22,i835,5
1463,23,i835,5
1463,24,i835,5
1463,25,i835,5
1463,26,i835,5
1463,27,i835,5
1463,28,i835,5
1463,29,i835,5
1463,30,i835,5
468,17,i1526,50
468,18,i1526,50
468,21,i1526,50
468,22,i1526,50
467,17,i1526,50
467,18,i1526,50
467,21,i1526,50
467,22,i1526,50
466,17,i1500,5
466,18,i1500,5
466,21,i1500,5
466,22,i1500,5
466,23,i1500,5
466,24,i1500,5
466,25,i1500,5
466,26,i1500,5
466,27,i1500,5
466,28,i1500,5
466,29,i1500,5
466,30,i1500,5
463,17,i2004,5
463,18,i2004,5
463,21,i2004,5
463,22,i2004,5
463,23,i2004,5
463,24,i2004,5
463,25,i2004,5
463,26,i2004,5
463,27,i2004,5
463,28,i2004,5
463,29,i2004,5
463,30,i2004,5
489,17,i1504,5
489,18,i1504,5
489,21,i1504,5
489,22,i1504,5
489,23,i1504,5
489,24,i1504,5
489,25,i1504,5
489,26,i1504,5
489,27,i1504,5
489,28,i1504,5
489,29,i1504,5
489,30,i1504,5
95,17,i1180,5
95,18,i1180,5
95,21,i1180,5
95,22,i1180,5
95,23,i1180,5
95,24,i1180,5
95,25,i1180,5
95,26,i1180,5
95,27,i1180,5
95,28,i1180,5
95,29,i1180,5
95,30,i1180,5
96,17,i1180,5
96,18,i1180,5
96,21,i1180,5
96,22,i1180,5
96,23,i1180,5
96,24,i1180,5
96,25,i1180,5
96,26,i1180,5
96,27,i1180,5
96,28,i1180,5
96,29,i1180,5
96,30,i1180,5
1185,21,i1348,1
1185,22,i1348,1
1183,17,i2305,100
1183,18,i2305,100
1183,21,i2305,100
1183,22,i2305,100
1183,23,i2305,100
1183,24,i2305,100
1183,25,i2305,100
1183,26,i2305,100
1183,27,i2305,5
1183,28,i2305,5
1183,29,i2305,5
1183,30,i2305,5
821,17,i1030,100
821,18,i1030,100
821,21,i1030,100
821,22,i1030,100
821,23,i1030,100
821,24,i1030,100
821,25,i1030,100
821,26,i1030,100
821,27,i1030,5
821,28,i1030,5
821,29,i1030,5
821,30,i1030,5
727,23,i873,5
727,24,i873,5
727,25,i873,5
727,26,i873,5
727,27,i873,5
727,28,i873,5
727,29,i873,5
727,30,i873,5
726,23,i873,5
726,24,i873,5
726,25,i873,5
726,26,i873,5
726,27,i873,5
726,28,i873,5
726,29,i873,5
726,30,i873,5
202,23,i859,5
202,24,i859,5
202,25,i859,5
202,26,i859,5
202,27,i859,5
202,28,i859,5
202,29,i859,5
202,30,i859,5
1111,27,i1022,5
1111,28,i1022,5
1111,29,i1022,5
1111,30,i1022,5
1110,27,i1022,5
1110,28,i1022,5
1110,29,i1022,5
1110,30,i1022,5
310,27,i1524,5
310,28,i1524,5
310,29,i1524,5
310,30,i1524,5
311,27,i1523,5
311,28,i1523,5
311,29,i1523,5
311,30,i1523,5
312,27,i1667,5
312,28,i1667,5
312,29,i1667,5
312,30,i1667,5
305,27,i1668,5
305,28,i1668,5
305,29,i1668,5
305,30,i1668,5
306,27,i1668,5
306,28,i1668,5
306,29,i1668,5
306,30,i1668,5
308,27,i2318,5
308,28,i2318,5
308,29,i2318,5
308,30,i2318,5
314,27,i1526,5
314,28,i1526,5
314,29,i1526,5
314,30,i1526,5
1573,27,i1662,5
1573,28,i1662,5
1573,29,i1662,5
1573,30,i1662,5
1570,27,i1025,5
1570,28,i1025,5
1570,29,i1025,5
1570,30,i1025,5
626,27,i1025,5
626,28,i1025,5
626,29,i1025,5
626,30,i1025,5
1579,27,i1025,5
1579,28,i1025,5
1579,29,i1025,5
1579,30,i1025,5
1387,27,i1499,5
1387,28,i1499,5
1387,29,i1499,5
1387,30,i1499,5
1397,27,i1499,5
1397,28,i1499,5
1397,29,i1499,5
1397,30,i1499,5
665,27,i1180,5
665,28,i1180,5
665,29,i1180,5
665,30,i1180,5
758,27,i1180,5
758,28,i1180,5
758,29,i1180,5
758,30,i1180,5
759,27,i1501,5
759,28,i1501,5
759,29,i1501,5
759,30,i1501,5
950,27,i1501,5
950,28,i1501,5
950,29,i1501,5
950,30,i1501,5
952,27,i2002,5
952,28,i2002,5
952,29,i2002,5
952,30,i2002,5
941,27,i2002,5
941,28,i2002,5
941,29,i2002,5
941,30,i2002,5
945,27,i843,50
945,27,i842,5
945,28,i843,50
945,28,i842,5
945,29,i843,50
945,29,i842,5
945,30,i843,50
945,30,i842,5
932,27,i843,50
932,27,i842,5
932,28,i843,50
932,28,i842,5
932,29,i843,50
932,29,i842,5
932,30,i843,50
932,30,i842,5
938,27,i1835,5
938,28,i1835,5
938,29,i1835,5
938,30,i1835,5
1286,27,i1835,5
1286,28,i1835,5
1286,29,i1835,5
1286,30,i1835,5
1347,27,i2275,5
1347,28,i2275,5
1347,29,i2275,5
1347,30,i2275,5
412,27,i2275,5
412,28,i2275,5
412,29,i2275,5
412,30,i2275,5
398,27,i2275,50
398,28,i2275,50
398,29,i2275,50
398,30,i2275,50
393,27,i2276,5
393,28,i2276,5
393,29,i2276,5
393,30,i2276,5
1329,27,i1505,5
1329,28,i1505,5
1329,29,i1505,5
1329,30,i1505,5
1485,27,i1505,5
1485,28,i1505,5
1485,29,i1505,5
1485,30,i1505,5
656,27,i1030,5
656,28,i1030,5
656,29,i1030,5
656,30,i1030,5
1491,27,i1503,5
1491,28,i1503,5
1491,29,i1503,5
1491,30,i1503,5
1492,27,i1093,5
1492,28,i1093,5
1492,29,i1093,5
1492,30,i1093,5
661,27,i1661,5
661,28,i1661,5
661,29,i1661,5
661,30,i1661,5
662,27,i1652,5
662,28,i1652,5
662,29,i1652,5
662,30,i1652,5
1116,27,i1525,5
1116,28,i1525,5
1116,29,i1525,5
1116,30,i1525,5
1118,27,i1657,5
1118,28,i1657,5
1118,29,i1657,5
1118,30,i1657,5
1117,27,i1657,5
1117,28,i1657,5
1117,29,i1657,5
1117,30,i1657,5
1120,27,i1657,50
1120,28,i1657,50
1120,29,i1657,50
1120,30,i1657,50
1596,12,i2305,5
1596,13,i2305,5
1596,14,i2305,5
1596,15,i2305,5
1596,16,i2305,5
1596,17,i2305,5
1596,18,i2305,5
1596,21,i2305,5
1596,22,i2305,5
1596,23,i2305,5
1596,24,i2305,5
1596,25,i2305,5
1596,26,i2305,5
1596,27,i2305,5
1596,28,i2305,5
1596,29,i2305,5
1596,30,i2305,5
1396,12,i2305,5
1396,13,i2305,5
1396,14,i2305,5
1396,15,i2305,5
1396,16,i2305,5
1396,17,i2305,5
1396,18,i2305,5
1396,21,i2305,5
1396,22,i2305,5
1396,23,i2305,5
1396,24,i2305,5
1396,25,i2305,5
1396,26,i2305,5
1396,27,i2305,5
1396,28,i2305,5
1396,29,i2305,5
1396,30,i2305,5
1399,14,i1522,100
1399,15,i1522,100
1399,16,i1522,100
1399,17,i1522,100
1399,18,i1522,100
1399,21,i1522,100
1399,22,i1522,100
1399,23,i1522,100
1399,24,i1522,100
1399,25,i1522,100
1399,26,i1522,100
1399,27,i1522,5
1399,28,i1522,5
1399,29,i1522,5
1399,30,i1522,5
1238,7,i1501,100
1238,8,i1501,100
1238,9,i1501,100
1238,10,i1501,100
1238,11,i1501,100
1238,12,i1501,100
1238,13,i1501,100
1238,14,i1501,100
1238,15,i1501,100
1238,16,i1501,100
1238,17,i1501,100
1238,18,i1501,100
1238,21,i1501,100
1238,22,i1501,100
1238,23,i1501,100
1238,24,i1501,100
1238,25,i1501,100
1238,26,i1501,100
1238,27,i1501,5
1238,28,i1501,5
1238,29,i1501,5
1238,30,i1501,5
1235,7,i1501,100
1235,8,i1501,100
1235,9,i1501,100
1235,10,i1501,100
1235,11,i1501,100
1235,12,i1501,100
1235,13,i1501,100
1235,14,i1501,100
1235,15,i1501,100
1235,16,i1501,100
1235,17,i1501,100
1235,18,i1501,100
1235,21,i1501,100
1235,22,i1501,100
1235,23,i1501,100
1235,24,i1501,100
1235,25,i1501,100
1235,26,i1501,100
1235,27,i1501,5
1235,28,i1501,5
1235,29,i1501,5
1235,30,i1501,5
1236,7,i1501,100
1236,8,i1501,100
1236,9,i1501,100
1236,10,i1501,100
1236,11,i1501,100
1236,12,i1501,100
1236,13,i1501,100
1236,14,i1501,100
1236,15,i1501,100
1236,16,i1501,100
1236,17,i1501,100
1236,18,i1501,100
1236,21,i1501,100
1236,22,i1501,100
1236,23,i1501,100
1236,24,i1501,100
1236,25,i1501,100
1236,26,i1501,100
1236,27,i1501,5
1236,28,i1501,5
1236,29,i1501,5
1236,30,i1501,5
1233,17,i1834,5
1233,18,i1834,5
1233,21,i1834,5
1233,22,i1834,5
1233,23,i1834,5
1233,24,i1834,5
1233,25,i1834,5
1233,26,i1834,5
1233,27,i1834,5
1233,28,i1834,5
1233,29,i1834,5
1233,30,i1834,5
1234,17,i1667,50
1234,18,i1667,50
1234,21,i1667,50
1234,22,i1667,50
1241,17,i1030,100
1241,18,i1030,100
1241,21,i1030,100
1241,22,i1030,100
1241,23,i1030,100
1241,24,i1030,100
1241,25,i1030,100
1241,26,i1030,100
1241,27,i1030,5
1241,28,i1030,5
1241,29,i1030,5
1241,30,i1030,5
424,23,i2002,100
424,24,i2002,100
424,25,i2002,100
424,26,i2002,100
424,27,i2002,5
424,28,i2002,5
424,29,i2002,5
424,30,i2002,5
1081,23,i2002,100
1081,24,i2002,100
1081,25,i2002,100
1081,26,i2002,100
1081,27,i2002,5
1081,28,i2002,5
1081,29,i2002,5
1081,30,i2002,5
1044,23,i1506,5
1044,24,i1506,5
1044,25,i1506,5
1044,26,i1506,5
1044,27,i1506,5
1044,28,i1506,5
1044,29,i1506,5
1044,30,i1506,5
61,23,i2003,5
61,24,i2003,5
61,25,i2003,5
61,26,i2003,5
61,27,i2003,5
61,28,i2003,5
61,29,i2003,5
61,30,i2003,5
64,23,i1505,5
64,24,i1505,5
64,25,i1505,5
64,26,i1505,5
64,27,i1505,5
64,28,i1505,5
64,29,i1505,5
64,30,i1505,5
65,25,i1181,5
65,26,i1181,5
1607,23,i1500,5
1607,24,i1500,5
1607,25,i1500,5
1607,26,i1500,5
1607,27,i1500,5
1607,28,i1500,5
1607,29,i1500,5
1607,30,i1500,5
1598,25,i1524,50
1598,25,i1523,5
1598,26,i1524,50
1598,26,i1523,5
1598,27,i1524,50
1598,27,i1523,5
1598,28,i1524,50
1598,28,i1523,5
1598,29,i1524,50
1598,29,i1523,5
1598,30,i1524,50
1598,30,i1523,5
1497,25,i1841,5
1497,26,i1841,5
1497,27,i1841,5
1497,28,i1841,5
1497,29,i1841,5
1497,30,i1841,5
1498,25,i859,5
1498,26,i859,5
1498,27,i859,5
1498,28,i859,5
1498,29,i859,5
1498,30,i859,5
1499,25,i2312,5
1499,26,i2312,5
1499,27,i2312,5
1499,28,i2312,5
1499,29,i2312,5
1499,30,i2312,5
1495,25,i2312,5
1495,26,i2312,5
1495,27,i2312,5
1495,28,i2312,5
1495,29,i2312,5
1495,30,i2312,5
448,25,i1735,5
448,26,i1735,5
447,25,i1735,5
447,26,i1735,5
450,25,i1735,5
450,26,i1735,5
449,25,i1735,5
449,26,i1735,5
452,25,i1735,5
452,26,i1735,5
451,25,i1735,5
451,26,i1735,5
455,25,i1504,5
455,26,i1504,5
455,27,i1504,5
455,28,i1504,5
455,29,i1504,5
455,30,i1504,5
335,25,i1499,5
335,26,i1499,5
335,27,i1499,5
335,28,i1499,5
335,29,i1499,5
335,30,i1499,5
336,27,i1668,5
336,28,i1668,5
336,29,i1668,5
336,30,i1668,5
333,27,i1668,5
333,28,i1668,5
333,29,i1668,5
333,30,i1668,5
334,27,i1668,5
334,28,i1668,5
334,29,i1668,5
334,30,i1668,5
331,27,i1735,5
331,28,i1735,5
331,29,i1735,5
331,30,i1735,5
332,27,i1735,5
332,28,i1735,5
332,29,i1735,5
332,30,i1735,5
329,27,i1735,5
329,28,i1735,5
329,29,i1735,5
329,30,i1735,5
330,27,i1735,5
330,28,i1735,5
330,29,i1735,5
330,30,i1735,5
327,27,i1735,5
327,28,i1735,5
327,29,i1735,5
327,30,i1735,5
328,27,i1735,5
328,28,i1735,5
328,29,i1735,5
328,30,i1735,5
1466,27,i2243,5
1466,28,i2243,5
1466,29,i2243,5
1466,30,i2243,5
1467,27,i2243,5
1467,28,i2243,5
1467,29,i2243,5
1467,30,i2243,5
1468,27,i1422,5
1468,28,i1422,5
1468,29,i1422,5
1468,30,i1422,5
1469,27,i1422,5
1469,28,i1422,5
1469,29,i1422,5
1469,30,i1422,5
1470,27,i2004,5
1470,28,i2004,5
1470,29,i2004,5
1470,30,i2004,5
1471,27,i2004,5
1471,28,i2004,5
1471,29,i2004,5
1471,30,i2004,5
1472,27,i871,5
1472,28,i871,5
1472,29,i871,5
1472,30,i871,5
1473,27,i871,5
1473,28,i871,5
1473,29,i871,5
1473,30,i871,5
614,27,i2318,5
614,28,i2318,5
614,29,i2318,5
614,30,i2318,5
1577,27,i2318,5
1577,28,i2318,5
1577,29,i2318,5
1577,30,i2318,5
1576,27,i2318,50
1576,28,i2318,50
1576,29,i2318,50
1576,30,i2318,50
1298,27,i1340,5
1298,28,i1340,5
1298,29,i1340,5
1298,30,i1340,5
1574,27,i1340,50
1574,28,i1340,50
1574,29,i1340,50
1574,30,i1340,50
1580,27,i1632,5
1580,28,i1632,5
1580,29,i1632,5
1580,30,i1632,5
57,27,i1668,5
57,28,i1668,5
57,29,i1668,5
57,30,i1668,5
359,27,i1025,5
359,28,i1025,5
359,29,i1025,5
359,30,i1025,5
356,27,i1025,5
356,28,i1025,5
356,29,i1025,5
356,30,i1025,5
357,27,i1025,5
357,28,i1025,5
357,29,i1025,5
357,30,i1025,5
58,27,i2002,5
58,28,i2002,5
58,29,i2002,5
58,30,i2002,5
59,27,i1835,5
59,28,i1835,5
59,29,i1835,5
59,30,i1835,5
233,27,i1030,5
233,28,i1030,5
233,29,i1030,5
233,30,i1030,5
232,27,i1030,5
232,28,i1030,5
232,29,i1030,5
232,30,i1030,5
1194,27,i1030,5
1194,28,i1030,5
1194,29,i1030,5
1194,30,i1030,5
234,27,i1030,5
234,28,i1030,5
234,29,i1030,5
234,30,i1030,5
1196,27,i1030,5
1196,28,i1030,5
1196,29,i1030,5
1196,30,i1030,5
1195,27,i1030,5
1195,28,i1030,5
1195,29,i1030,5
1195,30,i1030,5
346,27,i1661,5
346,28,i1661,5
346,29,i1661,5
346,30,i1661,5
348,27,i1657,50
348,28,i1657,50
348,29,i1657,50
348,30,i1657,50
627,29,i1735,5
627,30,i1735,5
343,29,i1632,5
343,30,i1632,5
967,29,i1025,5
967,30,i1025,5
3,29,i1501,5
3,30,i1501,5
960,29,i1093,5
960,30,i1093,5
