release,release_group
rl_8a9202a3,rg_7e9696ba
rl_4352ed9e,rg_2a66db9b
rl_64ee5a25,rg_b5091f10
rl_960daf9d,rg_c8193870
rl_4877148a,rg_0976a140
rl_0aa4574a,rg_cf91ecf8
rl_16624d9a,rg_4f7d3f9c
rl_47e37981,rg_5d53abb5
rl_1bbbafe9,rg_8ba3ce76
rl_c527ca54,rg_98c95249
rl_158822ce,rg_d736157a
rl_57449e56,rg_d736157a
rl_8c6dd689,rg_5752f006
rl_9e9fa7e9,rg_5a87f6e4
rl_5756056d,rg_29314ff0
rl_c99cad21,rg_34c0afbc
rl_12c0dec1,rg_a73ec43f
rl_2bbbca27,rg_a73ec43f
rl_b326926f,rg_35e2eff4
rl_0ef49446,rg_9fc10153
rl_f273266b,rg_d62150fa
rl_74888768,rg_da29a673
rl_3d893592,rg_d6c60dcf
rl_795fdbd9,rg_f16b29c4
rl_b549e96a,rg_869376dc
rl_16aa73bd,rg_8587a3b4
rl_0b71cc50,rg_cf18f4c4
rl_4158e18c,rg_73509795
rl_37047767,rg_7f63f33e
rl_7e4bafb3,rg_42c71c80
rl_7f84bb5e,rg_5a371b19
rl_9cad648c,rg_c8e4402b
rl_08ee17fa,rg_bb64f214
rl_f49eadc8,rg_6adcdac3
rl_35017a9c,rg_9ef19894
rl_8aaf03f5,rg_cb0521c9
rl_8dc5063a,rg_005f0fee
rl_559bfa38,rg_e44793a4
rl_0c03ed8f,rg_601a5636
rl_c178bfe4,rg_7b58ebc7
rl_91e0a083,rg_0de2c4e4
rl_db5f6285,rg_c816d2d3
rl_84f9008d,rg_50f9667c
rl_d6f2a03c,rg_3bfc2be1
rl_dba43cd2,rg_397d65d8
rl_03879bfd,rg_74318234
rl_4e6c2f7c,rg_313f3531
rl_366447a1,rg_42c5864a
rl_cd8bfc80,rg_5d3b8d82
rl_ae2956e1,rg_319406a7
rl_cd541f56,rg_65b123f6
rl_3e0095d4,rg_d09ef026
rl_9f50648d,rg_4438ce21
rl_7e868866,rg_494a7a4a
rl_e8d8114a,rg_5932ba25
rl_f4311009,rg_25a3eab0
rl_c83e9450,rg_dd9fc853
rl_0045ab47,rg_ee01d4f7
rl_f93a99c8,rg_bc4f1ea1
rl_52c35a4b,rg_6d7cff4e
rl_f942ebd1,rg_73b343d5
rl_f004ad04,rg_943ee8e9
rl_156fc2e4,rg_71917f57
rl_04a261e0,rg_a692f5c0
rl_dcbe9b41,rg_b8608cc7
rl_653013ae,rg_acf597f5
rl_d5e22c8d,rg_7f89b20c
rl_e1575e4e,rg_344d1afd
rl_509b3742,rg_ea52af95
rl_1eb81504,rg_6618c74f
rl_ac68812c,rg_18268a82
rl_c3b1731a,rg_13575cae
rl_2404e156,rg_b4e6583c
rl_aa75d6cc,rg_9f811c58
rl_cacb8d0f,rg_9bd7473b
rl_6f84acaf,rg_625f1ee6
rl_82f82730,rg_4ff726c5
rl_d9ddb462,rg_77176d8f
rl_a704ac65,rg_73d67068
rl_d87b836c,rg_216fd135
rl_06f2bdd7,rg_2aff836a
rl_a839f7dd,rg_c7d8f50d
rl_a7ab2be1,rg_dcf66614
rl_2db60f23,rg_71a22071
rl_3bb16265,rg_f689c593
rl_7d1a894f,rg_f8607fa0
rl_8bcb7bcc,rg_ac7a235f
rl_eaf19dce,rg_6c845873
rl_1b82f138,rg_01cf12ea
rl_bb2ea3cb,rg_f566ba3e
rl_0e41170d,rg_af3f8149
rl_ca076861,rg_5cb91d37
rl_2c3118a3,rg_88e88f41
rl_2f66bece,rg_daff6a28
rl_957ff9ee,rg_8b8fd6a1
rl_24bf1f71,rg_1ca8d3e9
rl_a4252324,rg_773ff0aa
rl_649c07eb,rg_1897dbe0
rl_97f45ba5,rg_3c951e96
rl_fffb0764,rg_a819185e
rl_0c0d039a,rg_43265edd
rl_422b4029,rg_db50ecea
rl_68cd8482,rg_1a5a74c9
rl_9f0ec0ca,rg_576023d9
rl_805b570d,rg_6340bbc1
rl_99b200c9,rg_3b881b92
rl_26f93735,rg_73325dad
rl_35f55ce3,rg_e6902577
rl_160f0e05,rg_4ed818fe
rl_249abe0b,rg_24ae1ecf
rl_7fcbf586,rg_b8aa6015
rl_00689c42,rg_e785ba94
rl_4486ec53,rg_d6a38fc5
rl_4566ae38,rg_22a8053a
rl_213141a7,rg_4fac5bec
rl_e9b51234,rg_67e73b4a
rl_6149e548,rg_138cae1e
rl_f3e67653,rg_8cfd0eba
rl_01204a98,rg_77ab2c05
rl_ae19236f,rg_77ab2c05
rl_0948beb5,rg_0ac3d827
rl_9c3e0b39,rg_7410364f
rl_b6fd99b2,rg_19cd2a5f
rl_be77de1d,rg_04b8de1e
rl_24f38b74,rg_8e7f7098
rl_869590c1,rg_053262a2
rl_5b8f686e,rg_6ef5395e
rl_4b99cf87,rg_cc0417a0
rl_ab67c414,rg_f607c009
rl_f76ad53e,rg_5a26c82a
rl_71c9f421,rg_5c4527e3
rl_8ab5fa05,rg_5d0fe329
rl_df0fceac,rg_43aacba9
rl_c7ec0435,rg_e4699774
rl_e9235cc2,rg_e7bf8379
rl_c4acbd79,rg_689b78db
rl_b6e325c6,rg_c926ef8e
rl_61d432fc,rg_cd9b4733
rl_8b6a702e,rg_b6823cdd
rl_01c4ada0,rg_a03cacc2
rl_175a0715,rg_6bbfe022
rl_ab220ba1,rg_62ed400e
rl_2b90c5d5,rg_bfa93d92
rl_8c5c5c52,rg_7fe142c2
rl_bd206b2f,rg_40ec7bfb
rl_cca6c813,rg_ec0bd535
rl_4ce8cafe,rg_1decbadb
rl_f4d0c8d2,rg_2ef80639
rl_8db1cf03,rg_0eb79eba
rl_0d411ece,rg_1ec953df
rl_9ccbeb9d,rg_ba3e89b3
rl_0a3b4e6e,rg_1b8a69b5
rl_b8809665,rg_d3308933
rl_641b83b9,rg_a008f1ce
rl_b573de3b,rg_d18127de
rl_e051a91e,rg_4eb94f03
rl_b618739b,rg_fa748e61
rl_528a6b0f,rg_b4fceb80
rl_edb38bbf,rg_9bf20636
rl_f81601b9,rg_482a45db
rl_225a9124,rg_e7a486a4
rl_3cac1939,rg_97bc8d9b
rl_e4ab6833,rg_43600db6
rl_b5691c1a,rg_e55a376e
rl_18df2f21,rg_d4741fb3
rl_62112554,rg_13c40f76
rl_95650451,rg_52c49803
rl_254db089,rg_6713d531
rl_84c9b33b,rg_2d369dbc
rl_12e389a8,rg_651299f2
rl_fab112a0,rg_da692cb3
rl_1e84f472,rg_366526b1
rl_1ff30dbe,rg_8bcc484e
rl_5bbc208a,rg_28fb5d61
rl_7bf405c3,rg_b1112a6e
rl_b9734e9a,rg_d8a35503
rl_01ed0167,rg_3ede86d1
rl_e8405249,rg_4f51a920
rl_a1af091b,rg_acab32c8
rl_027677b2,rg_f4ce95e1
rl_37a854cf,rg_bf4a8432
rl_d30a19a9,rg_3a0d2868
rl_0391c96e,rg_a7c8f3b8
rl_249630bb,rg_49455412
rl_482b289b,rg_4c2dc35b
rl_86c80db5,rg_da4cbe89
rl_fa65770b,rg_a835a98f
rl_7f5206b4,rg_afe346e5
rl_6f33734b,rg_7aa841fb
rl_b37476a2,rg_adc12110
rl_afb8cd05,rg_d7630399
rl_4980a37e,rg_6c23d4e8
rl_8e101aa9,rg_73271746
rl_9dab308d,rg_231149af
rl_68dbb6be,rg_569f3bed
rl_0570c43d,rg_484d1b01
rl_e3709026,rg_114d5fa1
rl_699ffa7e,rg_e89357a3
rl_8b4dcd8f,rg_c38a4f15
rl_1f1b26a5,rg_6cd63240
rl_0cdef26d,rg_829c6f5e
rl_9b2eaa07,rg_2f03f039
rl_23737d5d,rg_f56bdf79
rl_cfec597a,rg_4de00647
rl_b1ed6792,rg_2122dc76
rl_4879cddb,rg_bce5b817
rl_561d09f4,rg_2fefdc56
rl_4403e2f1,rg_42dad520
rl_a9ae1135,rg_42dad520
rl_8d34e248,rg_d7751058
rl_32a3294d,rg_02d8dae1
rl_90338862,rg_a7343d72
rl_e5d02d32,rg_0cc88e2d
rl_d9652c87,rg_0cc88e2d
rl_b9a6dc80,rg_d4c94e95
rl_1b103438,rg_b3e1d4a9
rl_52d26184,rg_e6f5ae1d
rl_f1b203bf,rg_83b59ceb
rl_8140da33,rg_1b18ac77
rl_dd3eb50c,rg_7c3fc6cf
rl_58edc783,rg_3826710d
rl_91040b4b,rg_733e957b
rl_663df724,rg_c2a706f7
rl_30b80b29,rg_603c95ab
rl_58a6dabe,rg_dd7c60d3
rl_ebe01fd0,rg_7f89b20c
rl_a607d857,rg_cf70e888
rl_426b54e6,rg_ceeab702
rl_d7dacabe,rg_b5d914e0
rl_33066235,rg_cf70e888
rl_5ee88e5b,rg_e939b316
rl_4731d1ba,rg_6fbb157b
rl_0c2cb64c,rg_19097242
rl_99f7d08d,rg_94ce2986
rl_f5a228eb,rg_ac013e8f
rl_035d544c,rg_4ecea3d2
rl_007944d5,rg_c80eb6a2
rl_201e42fb,rg_a4c74d26
rl_3be1249f,rg_5fc07966
rl_34747739,rg_921b73a6
rl_fb0e63c1,rg_a65d80ef
rl_c2e96e79,rg_a65d80ef
rl_ec29a34d,rg_93dbedee
rl_19efa43f,rg_d6242ba3
rl_d4b856a8,rg_afb8a78d
rl_67db3242,rg_ae374c90
rl_8e9bd9ee,rg_4bfc4cd8
rl_41364664,rg_74645698
rl_c840816a,rg_48b41f88
rl_0a0c812f,rg_a1a2063d
rl_62eaf138,rg_78e8457d
rl_56c18631,rg_78e8457d
rl_fa6fdbb5,rg_f8be1880
rl_20d58161,rg_48ffcbc9
rl_2b7ddaf8,rg_a0f8fbdb
rl_8bb617e7,rg_0e6f6f88
rl_4d6f3e30,rg_e1e2628b
rl_86c7c071,rg_bd9ff694
rl_0dd5dbe3,rg_0a7439f6
rl_1199ae46,rg_f6fb6317
rl_02b25ef7,rg_84c2d9f9
rl_b17441cf,rg_6136c36c
rl_5f56d41f,rg_7434e190
rl_479b800f,rg_d1c63258
rl_3f528413,rg_20c78eed
rl_20158f88,rg_6618c74f
rl_091c8635,rg_75cb8c15
rl_71626d66,rg_bdc4adc7
rl_6ec714fe,rg_4b5a0adc
rl_e75c2976,rg_85a09896
rl_18d8a26f,rg_83e18501
rl_fca8012c,rg_f79a875a
rl_4a27f943,rg_fd5bbe0b
rl_7d92ec01,rg_10727674
rl_cfef51ea,rg_74318234
rl_9a17232a,rg_fe0167e4
rl_d39379e0,rg_3e18bd3b
rl_fd58e285,rg_dd6772b9
rl_50dbdf6a,rg_33675186
rl_59ca8461,rg_4c2e47b8
rl_8acc3613,rg_45b03f14
rl_0664df78,rg_54dffedb
rl_713798a7,rg_2d0da87d
rl_ed5150b2,rg_b67ebeb8
rl_0e8dfae0,rg_3d8851e5
rl_9cd58e5c,rg_306379dc
rl_95a0193d,rg_cd8fcd22
rl_0c7999a1,rg_cd8fcd22
rl_226f1f74,rg_604b9028
rl_a9dcc114,rg_d9c51ae2
rl_feb96ead,rg_e6b8858d
rl_799c7d0c,rg_2333baae
rl_01b6d801,rg_67c9fbc0
rl_51451b80,rg_887ac6d3
rl_84cfdeab,rg_9407da6b
rl_9b3acf23,rg_010a9ef2
rl_68a9d3e5,rg_dbd0de98
rl_55fec5cf,rg_b197e89e
rl_ab5429ad,rg_431a07aa
rl_7fdb2d61,rg_5ab13e3f
rl_9fce293e,rg_87813c4f
rl_eb6e4622,rg_2701a616
rl_3f5a2e59,rg_454639f2
rl_04c39a5c,rg_b4934159
rl_724b0a28,rg_18697968
rl_401f5f26,rg_96209649
rl_4ab3ac47,rg_f7cfd159
rl_4b043788,rg_0c21c14f
rl_444ab7f5,rg_652e132f
rl_4641a5f2,rg_dfd0930a
rl_79f0d4de,rg_8fbbc2ca
rl_2734a68b,rg_c30b26d9
rl_8958b48b,rg_73d55b4f
rl_aba2962b,rg_628a8cd1
rl_165e1de4,rg_7bad82fd
rl_8275f6be,rg_940f4770
rl_56c73f5e,rg_ad0a025c
rl_68e0f3c7,rg_140c8fd9
rl_d6dcfdcf,rg_284fd626
rl_7260ad93,rg_1b10a5d1
rl_27b04c88,rg_e8f32e8f
rl_d1ff21a7,rg_12139668
rl_0fed2ee1,rg_198f5205
rl_d0454689,rg_e41a66c6
rl_cf13d05f,rg_64bb4d55
rl_732466dc,rg_65cecf63
rl_2ca5b240,rg_65cecf63
rl_6c9055b4,rg_a087d596
rl_80a1ec7f,rg_408c09f0
rl_79e5f51e,rg_4c80c84b
rl_86785cea,rg_57fdf7bd
rl_22350731,rg_f995170d
rl_1abea99d,rg_8263a25a
rl_4c0845aa,rg_d225ea3f
rl_0b27d2e3,rg_e3c12f8b
rl_95fb4815,rg_eb94b813
rl_23e2934c,rg_c0acb72b
rl_b652142c,rg_8050ddf4
rl_bca22a50,rg_43399e29
rl_7a0bcb51,rg_71f06a70
rl_0f5e2978,rg_71f06a70
rl_a06d0915,rg_edac64b0
rl_e6ef4ef1,rg_d95bbea2
rl_014e62ed,rg_f067a89b
rl_7bbf4f3c,rg_ab9af1d6
rl_d58f142b,rg_0d4987d8
rl_ce6b77ed,rg_dd35e0a3
rl_4cc3ad2c,rg_d756762f
rl_61c5e761,rg_fa6a3749
rl_abb1278b,rg_6d90d02e
rl_e027db68,rg_ba3e89b3
rl_7343aa7e,rg_1af1abaa
rl_43986c43,rg_ab2cb8a5
rl_21866bd9,rg_680ba250
rl_df92474f,rg_05956251
rl_92e2b217,rg_1b10a5d1
rl_2761ad27,rg_7ca7e33f
rl_7ec71b74,rg_2c705776
rl_40e0f766,rg_b20d3545
rl_9ea1fe22,rg_79af6da7
rl_5676e9a2,rg_d04f98a5
rl_85ebe82f,rg_d04f98a5
rl_2348dac5,rg_2c41935d
rl_a8f52d4e,rg_7b610e3a
rl_2aa8ef19,rg_d1478251
rl_d6733e60,rg_afcf4f54
rl_dc97d34a,rg_1fa40219
rl_c8a5b56a,rg_3dd4d553
rl_2e9554cc,rg_42ee310e
rl_36ba1deb,rg_ab9af1d6
rl_fea341b9,rg_c132fcec
rl_158a2401,rg_5f250517
rl_a2418043,rg_6202bd31
rl_3cb5ba67,rg_7bc4c710
rl_200e566e,rg_a52dbb03
rl_13c40018,rg_1c172d86
rl_b1f997a8,rg_7b8afcbd
rl_3ed8974a,rg_38f9d669
rl_d00b9bd4,rg_ff3f9815
rl_fcebd81e,rg_140b5cc6
rl_429560cf,rg_fcb4517a
rl_9724b9d3,rg_85545b46
rl_ca625cad,rg_e234b7a0
rl_95afd222,rg_2cb5407e
rl_b7ea91dc,rg_f5f9475b
rl_57409ee9,rg_f56eab83
rl_c4571b6f,rg_f56eab83
rl_8d0c9752,rg_3e59e9f0
rl_e982b486,rg_65658020
rl_0ea50f9d,rg_6354d3e0
rl_99c0f29a,rg_d3e68017
rl_0ba14d8c,rg_a9bf188a
rl_b3337969,rg_4253b31b
rl_7f772655,rg_931cd202
rl_eed4321a,rg_ee6c6cf2
rl_caacb562,rg_f401ed49
rl_d49062f6,rg_e12297bf
rl_3b5a5860,rg_c36044b8
rl_dfdf0eb0,rg_0dffcdca
rl_eb68ec31,rg_cba2e04d
rl_0f865ced,rg_5ab2c439
rl_5ec6a6f3,rg_677a6d3f
rl_66cd172e,rg_93dbedee
rl_983ae467,rg_23901430
rl_358654c5,rg_d8bf2f4b
rl_e733c0c7,rg_7f21147b
rl_b17cb21b,rg_ceac0f23
rl_1730cd88,rg_66ba207f
rl_0c4a9055,rg_5b024cf0
rl_5ad619bf,rg_6bde6bf7
rl_43fd716b,rg_41431f34
rl_b0a1407a,rg_306904ff
rl_4256e944,rg_db7ef610
rl_188cafa0,rg_db7ef610
rl_ad087f76,rg_f96b0a6e
rl_9c9b1277,rg_1b1a9a51
rl_a840a51f,rg_27c117c3
rl_02dcf9bf,rg_43aa32fe
rl_32610ebc,rg_faafb220
rl_21e5455f,rg_216e6396
rl_d693d415,rg_2128aebd
rl_22ed37b8,rg_25b32ec9
rl_cc13ad34,rg_788d50a6
rl_a11a77be,rg_2128aebd
rl_eca11f9f,rg_225ffd00
rl_7362a8f1,rg_225ffd00
rl_1ea4805d,rg_972fe3aa
rl_580cf330,rg_972fe3aa
rl_5cdc5660,rg_9ed60548
rl_40f818ab,rg_e692d7da
rl_ee09202f,rg_ad911c4e
rl_66d39d6b,rg_9550510c
rl_7c7f1326,rg_1236a633
rl_b2acea3c,rg_6202bd31
rl_8c974ed7,rg_18857899
rl_4d9d60da,rg_878007cb
rl_3242b18c,rg_fa748e61
rl_56b2d53e,rg_1af1abaa
rl_2b97a5e1,rg_9b0b181a
rl_f962cfb9,rg_652fe174
rl_e3302aec,rg_486cf602
rl_732d50aa,rg_bc71be52
rl_51e2f42c,rg_ba740dc2
rl_59e55783,rg_383a734c
rl_751cb767,rg_ebfdd4c4
rl_a10f2b27,rg_38a3e901
rl_66b7f302,rg_77787a4d
rl_461b3933,rg_6243e836
rl_96573ca3,rg_ea52af95
rl_20b4e4b3,rg_0e771c6b
rl_dc504b76,rg_58af737d
rl_f70c13a8,rg_2cded6f2
rl_46e87f54,rg_ee3ecb19
rl_7ba53e9b,rg_318b758f
rl_476ec7a4,rg_8b34538b
rl_5aeec162,rg_544468de
rl_6296189d,rg_a4069cb4
rl_978943a4,rg_8ba364e7
rl_260af213,rg_5c6d29ce
rl_a68e6d3b,rg_bf56f492
rl_6bdcf6aa,rg_56e6ac26
rl_a90e617d,rg_1f4fc37c
rl_f7bbf24c,rg_9e119f37
rl_99f5c529,rg_a46164e5
rl_cb0b7ce6,rg_b7454dc8
rl_bc37b3a1,rg_cb620fa0
rl_9cd5fa56,rg_50bc5d0d
rl_85b6c10c,rg_fe2e479c
rl_3b958deb,rg_dbec2aab
rl_340ab6a7,rg_4d2fb4a2
rl_6f70b24a,rg_2ae364b3
rl_1790ad49,rg_c7052c2f
rl_89cd17b0,rg_7ef0b7ad
rl_bb07508c,rg_eee538e1
rl_3f032bf8,rg_6d18a6bc
rl_e0062c68,rg_6df548cb
rl_1cf7a6b6,rg_c8231169
rl_7de56976,rg_8cf45d13
rl_d01f8608,rg_06c779f6
rl_b12d2979,rg_602bd813
rl_70c8014b,rg_634d6e68
rl_d6a64ede,rg_fc0376a3
rl_85f4dded,rg_ecd0b0ad
rl_28fec83e,rg_41fd9628
rl_8b1ac682,rg_2fd81fcf
rl_cb07d493,rg_499b79f0
rl_d0ea8475,rg_1117068d
rl_01cd9db0,rg_68016190
rl_f7a52af8,rg_c7052c2f
rl_0f291cb1,rg_afb09dd3
rl_678b9eb2,rg_1117068d
rl_8e9335b9,rg_c4dc97d6
rl_837ab506,rg_21099efd
rl_14cbbddd,rg_3e18bd3b
rl_a82cc6f1,rg_78f8ec6a
rl_61e99811,rg_97414df3
rl_6af2c9eb,rg_f2d6264e
rl_d64d325a,rg_30dec3c5
rl_a282efa3,rg_47e80ec5
rl_4644be90,rg_47e80ec5
rl_8a52fdc8,rg_62db0b17
rl_fbe841ef,rg_dbf24da2
rl_81a17bb4,rg_d124b3af
rl_81ba7329,rg_2864bb1b
rl_2eba9b33,rg_7aef05c5
rl_a6cb6074,rg_ba4f7f5b
rl_c7710bdc,rg_16cf73aa
rl_14dffd6a,rg_db639b54
rl_65c07092,rg_b1028ec6
rl_f84710a6,rg_e5d40c7e
rl_330b02be,rg_5dec889b
rl_f4bb56f6,rg_29b21d9c
rl_f17394a9,rg_b3bb2e6f
rl_e05d73c4,rg_8c3cace8
rl_afdda035,rg_56fefbf3
rl_bc6894e9,rg_d6733d80
rl_09759ee2,rg_8bca2105
rl_73186f2d,rg_333ccd41
rl_063fe5fd,rg_f177d8b2
rl_069f6570,rg_9d583236
rl_1e97d5f2,rg_63800f44
rl_efe3121a,rg_0a8aa8cd
rl_ec00aacb,rg_0fc4dc2d
rl_8c77705a,rg_f06b2916
rl_30665608,rg_ecd629be
rl_f756ef4b,rg_a14e03af
rl_1e46a4e9,rg_b1028ec6
rl_15f68b2d,rg_70bbdea1
rl_3bcf203e,rg_a01c1cb7
rl_7e285aed,rg_2f961458
rl_e0b887f2,rg_d2a68cb1
rl_af4fa79f,rg_943ee8e9
rl_f0663143,rg_804be222
rl_eb9587f4,rg_e737bc91
rl_be641915,rg_4b1bcd30
rl_28b0dab3,rg_58827bb2
rl_b65b389a,rg_1c055e66
rl_3740aeb8,rg_ad3af4eb
rl_f122f06c,rg_d8b3e065
rl_4c9cb82f,rg_77ca6b25
rl_b4e8da3b,rg_be498ca3
rl_6d724705,rg_9b667fbf
rl_e7518df9,rg_c61f2353
rl_aac9e13e,rg_8bede419
rl_5af816d8,rg_f28a78ec
rl_40a74cf2,rg_fb339797
rl_dbe9a3b3,rg_dab8bfc1
rl_986b2427,rg_d6fb1510
rl_9a9dba3e,rg_5d24414e
rl_e080a0d2,rg_34246bbc
rl_356d1a65,rg_bdbe913e
rl_8f6c9b53,rg_9481e5a6
rl_7487e613,rg_81ea975d
rl_0b2eaa76,rg_0e95fc8f
rl_577d625d,rg_102c07e7
rl_4a22e7f8,rg_f630d45d
rl_cac57e5f,rg_f122e764
rl_b79bbad6,rg_501665c4
rl_836c649d,rg_6c1d3073
rl_01b1f634,rg_297d7da1
rl_b0f6c86f,rg_ba365178
rl_ef25ff84,rg_3c4ce5a6
rl_b671dc53,rg_4e99fe2c
rl_385a52b6,rg_863f4648
rl_8748d566,rg_ce2cd52a
rl_39fadc8f,rg_27ecbfc8
rl_f059d113,rg_9024fcca
rl_fb15f26f,rg_9d1564d3
rl_4f756de6,rg_958b251b
rl_8beed965,rg_7e789eb4
rl_2137374c,rg_a4069cb4
rl_3a6d661e,rg_03801b0e
rl_9e60c6c0,rg_5967b0a7
rl_6e8858af,rg_0ba354de
rl_5e4869f7,rg_8ec28267
rl_abfce052,rg_9c829b75
rl_86e494af,rg_ed0e3354
rl_7edaf8b8,rg_e498e779
rl_96aeb236,rg_51afaa9d
rl_7867d3cf,rg_5d0fe329
rl_9df9b94f,rg_7fc1441c
rl_c2dd352d,rg_1c79f18e
rl_9963892e,rg_d4c57ed0
rl_5e4fa8f5,rg_494b932e
rl_5c79e8ae,rg_f9f207b8
rl_8cc18a87,rg_7ca2d8a2
rl_78f34483,rg_0f459a5f
rl_a40516c5,rg_0fdd4144
rl_9f61b3c0,rg_aff2ffbc
rl_580571e8,rg_fb08721b
rl_d802ea19,rg_d0679e07
rl_62b81491,rg_d7e9acc3
rl_005b50f0,rg_92b27daf
rl_356d85ff,rg_564cef1d
rl_55d4da0f,rg_65405f01
rl_892307d2,rg_a4ddd688
rl_45646a26,rg_f77c1ab3
rl_8dc20e65,rg_57a1a30d
rl_04fe5c94,rg_a44dab35
rl_dcc7bfc0,rg_f28b8cbe
rl_12b3f393,rg_45eec643
rl_038d1917,rg_0bc0efcd
rl_6a8d42ca,rg_56f6c7b2
rl_9216366f,rg_3cdc1021
rl_8a2de21a,rg_27087d50
rl_45ff8646,rg_cf60e6c4
rl_9713d734,rg_0aa79754
rl_2852fd84,rg_a3128a79
rl_7d080c09,rg_6a212b77
rl_9b33d354,rg_2de544a1
rl_97669efc,rg_26d00752
rl_34f37e66,rg_df3620b6
rl_e0be7d19,rg_38e66a7b
rl_f64eb9d5,rg_fccd3df5
rl_bae261ed,rg_e8c8fbb3
rl_f18127fa,rg_99870b0e
rl_0e9f6185,rg_93041f6a
rl_0011afe4,rg_fccd3df5
rl_83dde50f,rg_9449706f
rl_2de43137,rg_9449706f
rl_77f0059a,rg_3cdc1021
rl_e160459d,rg_1ea4d832
rl_9084476f,rg_fbca373e
rl_7f8c753d,rg_b29ddc38
rl_4acbb031,rg_7e1ed270
rl_3708ac21,rg_152b465d
rl_a0ee60d6,rg_acdba8cd
rl_a7abe1e2,rg_226e17f7
rl_4a7c307b,rg_97aa21c9
rl_88c299bc,rg_6def3cb8
rl_5f60f67c,rg_b4fceb80
rl_ef64599c,rg_349dbdee
rl_32daa622,rg_ab308e04
rl_ee993103,rg_7f63f33e
rl_3eac998b,rg_fd55c537
rl_fe7d4f31,rg_c8231169
rl_c1a038e4,rg_c8231169
rl_62491886,rg_208eb27a
rl_00a39030,rg_cc7975d5
rl_d615b60d,rg_d9a0606e
rl_e9008854,rg_925519c1
rl_b72fd229,rg_4ac055a3
rl_b4a71649,rg_a10a7a1d
rl_cf65bb38,rg_880e30e1
rl_a929f45c,rg_99c42082
rl_c632a231,rg_9e1a919e
rl_99231c0c,rg_8b17bc1f
rl_a5abeced,rg_8b17bc1f
rl_e949cf75,rg_5706a68c
rl_dada3a50,rg_e86e911c
rl_f5a51810,rg_46fb04f7
rl_928f45a7,rg_c29d7187
rl_4dde306a,rg_0f7a0bdd
rl_a811356f,rg_734ce256
rl_ba27afc1,rg_5034dd2f
rl_d4c8d1d2,rg_34e5915c
rl_e8c9ed4b,rg_7349a450
rl_d8357c37,rg_8609704a
rl_cdd575ba,rg_e5fae74d
rl_8131a65c,rg_67fcb100
rl_9a1e1dbc,rg_7ef2c437
rl_9bc981ca,rg_54f0f155
rl_b69d818b,rg_54f0f155
rl_e3e28081,rg_6a3bc9a9
rl_c1562bcb,rg_6f97ce04
rl_d6a78c54,rg_652fe174
rl_c65d7890,rg_5623fdf7
rl_74df9112,rg_4807240f
rl_813c0795,rg_de1e2faa
rl_a9c9f21a,rg_d2e2fe20
rl_f0d01ed1,rg_f14a0f3e
rl_7f8a7aa1,rg_1b7fd675
rl_2d95561f,rg_4f9a7a8d
rl_08ab7bf6,rg_4f9a7a8d
rl_0c8dade4,rg_5cb91d37
rl_044bb5ca,rg_012c93ff
rl_4d633c4c,rg_6f259061
rl_368ada95,rg_a71d3c7f
rl_5071cc38,rg_4245fc4d
rl_836e2049,rg_e3811b1a
rl_ff7f32f8,rg_1af26feb
rl_90bab66c,rg_fffdecea
rl_fbcbcbd2,rg_5fff74f5
rl_aebaba7d,rg_0df18585
rl_6b62a73a,rg_e9f5553f
rl_71fbb858,rg_b8cd12c5
rl_b03f34d3,rg_4ca528c5
rl_2a3428eb,rg_d28e15fa
rl_0092d273,rg_3da7d1ef
rl_33cb0999,rg_a9edbae7
rl_52a85eb1,rg_9c6301de
rl_83506e54,rg_2fbea7ec
rl_abd5173c,rg_9d6d3426
rl_4aa9294d,rg_e35c6847
rl_84acfa9f,rg_f7cab64e
rl_8d1b2b43,rg_fa7a704a
rl_50a025a2,rg_afc3416e
rl_3fd05ed8,rg_53f752a0
rl_5b173b9e,rg_f747c763
rl_70b8ddb4,rg_a71329d6
rl_0e6e63ba,rg_6a8d6381
rl_ed74a018,rg_dafbf03d
rl_2c704939,rg_1a2bf57e
rl_ad194a8c,rg_723cfc08
rl_787b14f6,rg_5b9c5711
rl_6fbe62aa,rg_b1e9f44f
rl_50437051,rg_3b269d3d
rl_d20e6c82,rg_d12baabd
rl_637739cc,rg_46cb19fa
rl_6c55cabb,rg_60a882f1
rl_7f267d4a,rg_fdb90a3b
rl_20b64a96,rg_57fdf7bd
rl_7e602b09,rg_f0ef920f
rl_462602ff,rg_25d9df06
rl_4dac94a3,rg_fa99c6f4
rl_4c05d263,rg_652fe174
rl_de8ff181,rg_1c172d86
rl_3a84ef8b,rg_1e1e5bb9
rl_ad48925e,rg_bb5316cc
rl_57ae6561,rg_5d2a08cb
rl_e99b497b,rg_5720c482
rl_188b6c29,rg_6136d718
rl_7aeebf9b,rg_94427748
rl_ba87242d,rg_b0c314e3
rl_14955a47,rg_62e76c98
rl_37195e31,rg_f2c15864
rl_f74be15f,rg_cf3478fa
rl_03a518d8,rg_b212e70f
rl_4e6377c8,rg_2d955a56
rl_5d91fb5f,rg_a6ab5cbe
rl_0a64a347,rg_44799141
rl_1291b4e5,rg_cc4aa51b
rl_28dd398e,rg_976b4230
rl_626db5e7,rg_4bc887b8
rl_7394c0cc,rg_3a28937a
rl_fc6fe4d7,rg_4eeb25f5
rl_ca8ac938,rg_85be8b3b
rl_ad8a7705,rg_632fbccf
rl_0b0e1e62,rg_3b9336d7
rl_fd37a230,rg_8ace7ff3
rl_9d2a58b6,rg_11c43a58
rl_ab1d898c,rg_ee1fe5d2
rl_d54238f1,rg_8d0368e3
rl_740f00b7,rg_90f22976
rl_fca27398,rg_706da5c2
rl_7f413a2a,rg_26574b06
rl_d5cab028,rg_0ab051bf
rl_e56a59d2,rg_b93156c9
rl_0defac6e,rg_1b9b6f97
rl_d8e4f76b,rg_93b62733
rl_12c1ee34,rg_43600db6
rl_490bc52a,rg_7f6052b7
rl_d48f40f2,rg_46c93d36
rl_ad30d2e6,rg_c2528055
rl_0cc1c4da,rg_75d4070c
rl_b4ec5da3,rg_d14c3bdd
rl_ec53e8e9,rg_0e2c481d
rl_4a453dd9,rg_0e3dacac
rl_06948389,rg_a2b429ba
rl_1a3dde00,rg_f3f76601
rl_3f2ce848,rg_f173947c
rl_8e4692a7,rg_4363e094
rl_1ea6ac2d,rg_50bf5322
rl_3bb7f55f,rg_50bf5322
rl_a9082473,rg_7e25b470
rl_ebad178f,rg_47b15d12
rl_6db2afca,rg_a6cfbe89
rl_023e3cf0,rg_a6cfbe89
rl_5cbf9496,rg_c632b081
rl_36731dd5,rg_3a8970e9
rl_5a1b62c7,rg_8213e7d9
rl_3f5cdcb2,rg_64e7bc48
rl_af3c704d,rg_2ded8d77
rl_dd860f6e,rg_0b236454
rl_ec6f100c,rg_d53b7c61
rl_fc234e7d,rg_102c07e7
rl_4c0a9622,rg_232f58ad
rl_77441f2b,rg_ea51aba1
rl_01426aa2,rg_356b2960
rl_1af8b61b,rg_d225309c
rl_023667ca,rg_012c93ff
rl_f1350763,rg_07199b9c
rl_facbd118,rg_6cb36285
rl_eb034a94,rg_ee51c2c8
rl_2603c717,rg_e7691d53
rl_f8ebfa91,rg_ac013e8f
rl_d6268614,rg_5e630a61
rl_60969a74,rg_9d8c32a6
rl_cdfe8cf9,rg_f9680b1a
rl_7c6fe712,rg_21099efd
rl_8b7c2f2c,rg_af5522c6
rl_859e726f,rg_9bee7c30
rl_1984cf90,rg_b65e0439
rl_31df64eb,rg_0ff9cee7
rl_75d7f78f,rg_bcd1d65f
rl_8bba5863,rg_634d6e68
rl_febbdd0a,rg_7403e6da
rl_37608cde,rg_dd268208
rl_a551c895,rg_7717d2ce
rl_859086c5,rg_c5213579
rl_8eb488a9,rg_062e453c
rl_b5c145e3,rg_ff3f9815
rl_48063a91,rg_5f618068
rl_578fbb24,rg_1deff32f
rl_163d842a,rg_ed891da0
rl_862c16ae,rg_677a6d3f
rl_514a019f,rg_8d2a1dc5
rl_15e8b9ea,rg_062e453c
rl_d9f31a90,rg_e6306dd2
rl_8b6f66cf,rg_367a6465
rl_50faab8d,rg_73509795
rl_78d464f6,rg_9808a6cc
rl_63569d0d,rg_320dff50
rl_e97486a0,rg_3d6e7bb5
rl_4e7431e4,rg_39fce4b1
rl_7c733bc1,rg_6cf3b949
rl_61b6dc2e,rg_ac1dcbfd
rl_c3b7075b,rg_a16dbe69
rl_331d359a,rg_7478ed27
rl_3340fce2,rg_2b1fdb9c
rl_35434e56,rg_e06f000e
rl_fde872d4,rg_060defdc
rl_f5fdbe9c,rg_70bbdea1
rl_d0e08d7d,rg_b508cec4
rl_8736207a,rg_3429e413
rl_b7ffa81b,rg_e3c829f1
rl_81cf8dad,rg_a6135db8
rl_d38ae6a8,rg_51afaa9d
rl_2a51e94d,rg_958b251b
rl_ce6e35cf,rg_f9fe1f7c
rl_e7efeaa3,rg_7eae49df
rl_7ba14a3f,rg_3d77368c
rl_a4098cb8,rg_d4099db2
rl_3e2ca5b4,rg_c798470a
rl_b4961980,rg_ea860ba9
rl_324c7065,rg_eba5dfef
rl_962c0bdd,rg_8a769e29
rl_a07c82af,rg_95900110
rl_92f75a58,rg_2041b6a6
rl_425fad53,rg_03a84834
rl_532d4ae3,rg_07d8a004
rl_b4a9ed1c,rg_1d6ab82f
rl_805fb115,rg_86ca9cfd
rl_81add7f8,rg_df7fa360
rl_051977b8,rg_c09e2617
rl_69a9ecd3,rg_c09e2617
rl_71162c7d,rg_728f773c
rl_e247eb31,rg_dfef72a5
rl_b7d1b01b,rg_67884c96
rl_f41bc111,rg_779711b2
rl_eca6c810,rg_55de445d
rl_324cc3ef,rg_e702c2c9
rl_ea0d3ac9,rg_57669bce
rl_feba5074,rg_a6e204b4
rl_74bf306f,rg_705cd88b
rl_22b653d7,rg_97414df3
rl_5c1cfea7,rg_70f3df37
rl_5e125150,rg_e7020455
rl_751e7025,rg_2ded8d77
rl_32e54dfc,rg_c6f6a117
rl_d581df06,rg_66b7157c
rl_982469a7,rg_9313e904
rl_5aa64417,rg_4909424d
rl_f8bb440d,rg_5d6ecbdd
rl_f1dce98c,rg_020c9ded
rl_044402b8,rg_8ba55ae4
rl_c5951ec9,rg_dbd0add4
rl_cf0a07c2,rg_381b3ef5
rl_ab9b11e0,rg_193dc9df
rl_7915be05,rg_fa8131df
rl_a5285ff5,rg_4bcfbd2c
rl_9e664385,rg_83af928c
rl_e0ddc20a,rg_5c8d8d42
rl_105ae3bc,rg_0fd19237
rl_c60855ef,rg_3025ca54
rl_5d8cf2ab,rg_33045d2a
rl_9647c4f4,rg_65405f01
rl_15cbf638,rg_171364a2
rl_c41f8bee,rg_53544b85
rl_0a3ef0cf,rg_ea398e5d
rl_cb6bbb46,rg_6217d121
rl_71596219,rg_74b5ef0f
rl_153b1321,rg_b452959a
rl_3c710111,rg_44e4f257
rl_3e0a2741,rg_8cf451d8
rl_8d39cb19,rg_6318378e
rl_764c1746,rg_d6c60dcf
rl_6c062795,rg_a6b481dd
rl_e92e84e7,rg_e3b046fb
rl_3e77cf1c,rg_1a311eb5
rl_cfd92b27,rg_71f06a70
rl_6fdbe2ca,rg_ad5bbf23
rl_299cccbc,rg_2310e803
rl_d565c401,rg_65405f01
rl_888ae157,rg_aa9eb017
rl_a2aa248e,rg_9a5e0da1
rl_a6ea35eb,rg_1236a633
rl_3562e47a,rg_63755354
rl_bcec3ba6,rg_3c95be15
rl_da8eb41c,rg_ef1bca11
rl_5e521260,rg_a0b218a5
rl_90636843,rg_f2b8bfd2
rl_5dabae42,rg_f5b5decd
rl_5e145160,rg_4350ed93
rl_cf24da9c,rg_70e6f77a
rl_69c7e0c6,rg_2c8ba963
rl_02d13d62,rg_62f31c53
rl_99947c1e,rg_2ce0af2b
rl_a9f94336,rg_70a77a06
rl_27e36aa1,rg_90e904da
rl_e39cd3c8,rg_5e47f054
rl_0dea8d8b,rg_059236fb
rl_4819b2da,rg_1cffd474
rl_6f1d651e,rg_815c732c
rl_9ba0e227,rg_ad6c8acd
rl_0c76ec71,rg_3e41f97b
rl_b2cf971c,rg_263759c2
rl_ecc3a97c,rg_263759c2
rl_f563bd6f,rg_53d81edd
rl_51ddd4f8,rg_6965da7f
rl_2ab00b3a,rg_69379d29
rl_96e7de7f,rg_3a795367
rl_0a619707,rg_38b12d45
rl_1295138f,rg_68bcfc86
rl_37a878dc,rg_991d738f
rl_cacff261,rg_ffa7e2c1
rl_26db8bd6,rg_5033b639
rl_9fc7ac9c,rg_d54d0fc7
rl_05e60907,rg_d54d0fc7
rl_9bad7196,rg_7379f67c
rl_3d8277c6,rg_bfbbd733
rl_9d8aae40,rg_c3ebcc91
rl_d4fdaa4d,rg_334a965e
rl_d9e8d97c,rg_9d8f77c8
rl_7ef71979,rg_28c72682
rl_8f66e6b0,rg_4461274c
rl_e2cf6691,rg_e4236b68
rl_0eb6c6fb,rg_556a235f
rl_c7dbf8ee,rg_cb2a3413
rl_5a26f63d,rg_054098d4
rl_be1bbcb9,rg_72404c71
rl_603b9bc0,rg_ded585cd
rl_d7ac67ff,rg_79a8675c
rl_65613948,rg_3cf5c123
rl_e023ad2c,rg_c18c458b
rl_4c8a84f4,rg_c691900f
rl_9b8c0605,rg_17fdb8d1
rl_8ca05f5a,rg_66ac643d
rl_a26ddbb2,rg_3517697c
rl_1835b581,rg_f28a78ec
rl_b2db03cd,rg_9461bfa4
rl_88fd8d60,rg_b13a27e4
rl_af2e3ac8,rg_e7a66822
rl_c1303909,rg_fa375f91
rl_5c519e01,rg_e64eeb08
rl_f2beaa14,rg_767ec9d2
rl_a570a9ba,rg_6b29e2c8
rl_2f149bed,rg_3781ab9a
rl_c31be698,rg_9893080b
rl_6572d861,rg_a043ad29
rl_260e555e,rg_f2b9f730
rl_ba1e25ee,rg_c8fa5d36
rl_4a5f1917,rg_827d9c89
rl_c46d3df6,rg_720518a1
rl_662e59b6,rg_f5b5decd
rl_e2758f3a,rg_e405ca95
rl_d617b896,rg_ee51c2c8
rl_4b159b11,rg_3617cdb5
rl_5b35240a,rg_3cb43517
rl_7c9b9570,rg_c33c845b
rl_9e142f7e,rg_0e771c6b
rl_4ab60c10,rg_27360bb1
rl_1f5a5889,rg_b761c09a
rl_9b4f7478,rg_cb61fac4
rl_290c145d,rg_b132bc9c
rl_e6611ac8,rg_4e74edb2
rl_ce34c289,rg_c88d0e17
rl_b4d92e7d,rg_3a7b625a
rl_2a3b9d69,rg_992d2637
rl_b12440bf,rg_e1b8ab2c
rl_f72e4bdf,rg_a1e4b37b
rl_0d0c4230,rg_5f5c6779
rl_d1b55250,rg_d7e32b86
rl_5bef68ef,rg_9eb29b2d
rl_5463f1e8,rg_c1d6a970
rl_5c21482b,rg_d3e03989
rl_8f0caf61,rg_ed2ce9b8
rl_1a9c7dfb,rg_2c095fc2
rl_f21efa9f,rg_8e6d761c
rl_5763e0cd,rg_c0204351
rl_b6f4018b,rg_a31d0f28
rl_4618d0a7,rg_93c6534e
rl_8a184fdd,rg_571af07e
rl_58cc1652,rg_f067a89b
rl_ddb32f36,rg_cb72847d
rl_f94ee009,rg_2d0da87d
rl_5e2ed845,rg_61d01418
rl_49114a57,rg_7710c7d7
rl_fc90358c,rg_1dac6094
rl_fc6369f3,rg_05909166
rl_eed95d7c,rg_d7ba49af
rl_74bcdc74,rg_f8d51ae6
rl_7e52a9cb,rg_b41aaf06
rl_c69322f3,rg_a0785de5
rl_78ac23ab,rg_aa9eb017
rl_36c852f2,rg_2df69a18
rl_0787b166,rg_637696b8
rl_49b5642c,rg_f38e452c
rl_7baa6663,rg_14e1603c
rl_53c55d65,rg_b75a15be
rl_ec963c04,rg_ba8d70ef
rl_89c95b7a,rg_0bb938e5
rl_adf777ba,rg_7a19eced
rl_433c888e,rg_1275ce6d
rl_409065a1,rg_1085e59b
rl_20b422cd,rg_bc37f1bc
rl_0070f913,rg_12bfb96d
rl_2f102d77,rg_7dfb1edc
rl_ee23273c,rg_5c8efa3e
rl_e14a1ece,rg_bb237e01
rl_bd9e5427,rg_b2e5da66
rl_5c9b8dd0,rg_43b0c92d
rl_92d640d4,rg_e86f5cef
rl_34180449,rg_f6fb6317
rl_cfc6ee0e,rg_9a5e0da1
rl_f479395e,rg_5c4527e3
rl_37510e30,rg_d8bc58d9
rl_20c789a1,rg_2135fa89
rl_6e0d21b8,rg_42704d1f
rl_1c9aa4d0,rg_b2ff41df
rl_a741ed6a,rg_7fc90898
rl_bb8af19b,rg_8cbe1fd9
rl_043d4c4e,rg_f6882d95
rl_fa8da914,rg_6e1e7549
rl_29257bbe,rg_b175c501
rl_dfc66810,rg_03534e7c
rl_ad3a0ae7,rg_7c502778
rl_3f517376,rg_7c502778
rl_aa0ccbfc,rg_1d9b8573
rl_ae3b1473,rg_602bd813
rl_1b6de6c8,rg_c472f492
rl_5c0da5c0,rg_3f6cb061
rl_1dbaada4,rg_1babbf6a
rl_83c2199b,rg_aa75c3c1
rl_f946bdad,rg_f009f47f
rl_61546652,rg_a6a5e870
rl_325b6f0e,rg_5e04d234
rl_185db876,rg_9810b572
rl_6ccc6fef,rg_5a7bc994
rl_991600e4,rg_220e169c
rl_4764f093,rg_634cdc22
rl_623553a4,rg_dac18791
rl_b773c982,rg_dac18791
rl_5fac32a4,rg_1a416b2d
rl_adec39a8,rg_612aae41
rl_afa8254e,rg_8c279120
rl_ffb807b4,rg_be0230a5
rl_966d11ee,rg_e70d634a
rl_0acd9d7c,rg_e1e2cd3b
rl_c81ea118,rg_78dfb7b3
rl_abc7f7c9,rg_1e9f2c02
rl_9b864a27,rg_a33d185d
rl_adc33f0f,rg_658a9ba8
rl_4543370c,rg_2d4e024e
rl_e6712354,rg_be5297dd
rl_f5b9ac8b,rg_3c602485
rl_a57d86a3,rg_98e27dee
rl_d40caf60,rg_6cded3a6
rl_a2102f7f,rg_7a27913f
rl_9c65361b,rg_ccaee64d
rl_680014bd,rg_782b68ce
rl_814550b5,rg_b5bd7221
rl_ae1b7ef5,rg_7abac836
rl_e5bd3e99,rg_8fe97049
rl_3251e3af,rg_7bb3c3de
rl_308b9694,rg_f20eb3ef
rl_a3154aff,rg_fc0f4ac2
rl_60a1c9e8,rg_070cdb64
rl_81b627a4,rg_d4a2c3f7
rl_71b94ae5,rg_8570974c
rl_9977523c,rg_3e18bd3b
rl_36dd3e0c,rg_a9bc2097
rl_5fdbd143,rg_687785f9
rl_dceb726b,rg_ed56c1db
rl_931ec366,rg_604ea4ac
rl_85f6be8a,rg_c82c673f
rl_80fabf39,rg_de7bfa91
rl_4dba3db9,rg_320580ba
rl_9fe9db64,rg_f71c97a9
rl_badc305d,rg_aeb5ba84
rl_d36ad3da,rg_05fc0802
rl_f9639a1e,rg_fcc3904a
rl_394f6487,rg_deaf2b11
rl_4f569310,rg_41184469
rl_47fce718,rg_07cb671b
rl_623d5c75,rg_dfbdfc4a
rl_bf99a68f,rg_517b9076
rl_fc238ff7,rg_7fbb4eef
rl_8f74cc92,rg_d3e03989
rl_e0df0234,rg_870a53a6
rl_2dc7000e,rg_b16779eb
rl_0e922c59,rg_c8384b9e
rl_5ed816ca,rg_d2bb159e
rl_b5d04cbc,rg_15402265
rl_8c3f847c,rg_cb530791
rl_3821fc72,rg_e85527d7
rl_d88183af,rg_8c46b8b4
rl_48bc3674,rg_cda3299b
rl_4d8684eb,rg_0a845c1b
rl_aa504785,rg_2ddf66a0
rl_74ba8ae9,rg_c9124be8
rl_70894c4c,rg_634c83b2
rl_2e99f9d7,rg_0a597ed5
rl_2a7a441a,rg_d906b9d8
rl_f7bcd837,rg_1db7379b
rl_85e0d5a0,rg_4e7a5f7f
rl_9b066315,rg_2d955a56
rl_8f116b28,rg_e3c86e69
rl_e950e794,rg_da1c297d
rl_ee3be6a6,rg_9429e7b6
rl_f9023c7b,rg_a047eee5
rl_3d5bd2d4,rg_ed4ac053
rl_b069ee56,rg_890e1ff7
rl_93294ff5,rg_64e7bc48
rl_90ca7261,rg_171ee8f5
rl_7f07d2d9,rg_0fc89602
rl_c7a7f44b,rg_66ac996e
rl_38845f18,rg_e03fa047
rl_cae177bb,rg_b6ac7201
rl_afdf5305,rg_97a288f4
rl_d56d464e,rg_2458fe33
rl_da935583,rg_0d4decf3
rl_a5959cf6,rg_8ba3ce76
rl_816b7e05,rg_296c8e3f
rl_09d69c1e,rg_c3ebcc91
rl_f460e8ec,rg_995f342f
rl_77ad1ba6,rg_3587d27a
rl_a320d09d,rg_b4d45938
rl_f6975409,rg_b558a397
rl_f82b54ef,rg_4c984c8a
rl_716593c9,rg_03d7e83b
rl_41abc6fb,rg_ad7cc740
rl_39c21144,rg_066a82e0
rl_fd1c9dea,rg_1513a688
rl_23475608,rg_8a86d898
rl_79b57cb7,rg_8a86d898
rl_43be0a0d,rg_3862385f
rl_3d8fbf3d,rg_153e847c
rl_862aec50,rg_a9ea0eef
rl_284cf23e,rg_b24953eb
rl_b1c5f9fc,rg_9b33587a
rl_abbd387e,rg_1e1b3f3e
rl_6553081f,rg_1f0090ef
rl_24522747,rg_a932599b
rl_b1fa9eca,rg_1f1e3de8
rl_40765295,rg_694b75cd
rl_d06f9c71,rg_db37bbc8
rl_d264686b,rg_a4496b72
rl_cd62ec96,rg_298a0f85
rl_245189b3,rg_da52be3f
rl_83c42f22,rg_e2e6165f
rl_e0b611b5,rg_32432414
rl_d12fa33c,rg_2041b6a6
rl_ec55af6f,rg_2041b6a6
rl_612c3d99,rg_3ee2ac97
rl_83cdcd21,rg_1a0cf873
rl_7162f57a,rg_172b0ada
rl_c1dddca9,rg_2f0d44e9
rl_ff3dcb54,rg_ca49d048
rl_03f75bb7,rg_44e4f257
rl_593bb42f,rg_cb0521c9
rl_8d5c5086,rg_9aabb463
rl_f2bd9dbd,rg_90dd8e2a
rl_1d4874c7,rg_602bd813
rl_b5a8bc29,rg_ae228532
rl_80b564d5,rg_3869f2f8
rl_c60d177f,rg_7c89cfd7
rl_310cc734,rg_2f840289
rl_8c01cac7,rg_212d4c86
rl_274654d4,rg_9d255f63
rl_7467e171,rg_231149af
rl_23722f9e,rg_7538634d
rl_2af4b54c,rg_72404c71
rl_f6c41074,rg_042854d4
rl_c7e71b6a,rg_db7bacd6
rl_52585a56,rg_344d1afd
rl_34255f70,rg_344d1afd
rl_e4cb1887,rg_1e1e5bb9
rl_e9b640e0,rg_8cdaef67
rl_473bb842,rg_5d3b8d82
rl_b81163e1,rg_a5a8c689
rl_0485aac4,rg_a5a8c689
rl_283924c8,rg_115c0978
rl_ac58def1,rg_502da6fe
rl_1ac7b546,rg_04b8de1e
rl_433798d5,rg_e89357a3
rl_96792289,rg_abb07d46
rl_eee07018,rg_96785030
rl_10f0b418,rg_21c9c834
rl_86b83b41,rg_d2c9cd05
rl_df446ed8,rg_d0e295dd
rl_7d7da515,rg_23f371b4
rl_874e7368,rg_2b62872b
rl_53696d5b,rg_2d12eb14
rl_368d26e1,rg_06c69612
rl_52531f08,rg_893a950c
rl_ffcd5c73,rg_394b406a
rl_615dba5c,rg_ef40f8c7
rl_ac2ef5bc,rg_5b366658
rl_b05d223b,rg_01653f92
rl_bd28f6fb,rg_af744246
rl_38558d29,rg_fd71071c
rl_cf5a4286,rg_fd71071c
rl_ffcad270,rg_e7dc2fc0
rl_64182885,rg_a413850a
rl_2a99573d,rg_f8acf4bc
rl_46ddfd66,rg_1980cfb7
rl_155abe32,rg_6ea0fd91
rl_e1446123,rg_9481ce85
rl_9113b3f9,rg_c2b628a7
rl_afc6b566,rg_c6c1c12c
rl_bb6e12cd,rg_1513a688
rl_dab31fc0,rg_7db14c57
rl_38e934e4,rg_3228d032
rl_1dca9a32,rg_ebb42837
rl_2bfb98de,rg_538c1bb7
rl_cb3cddcf,rg_ccdd71a6
rl_14ff750b,rg_bd40c53b
rl_50fe0631,rg_43aacba9
rl_f3c22b92,rg_da2ac696
rl_d1cfb3b4,rg_851c8dac
rl_87030bff,rg_fde74c38
rl_5819e43a,rg_d37a01f6
rl_ca0b1efd,rg_f96b0a6e
rl_2606b659,rg_57181563
rl_c47975dd,rg_a602676e
rl_873cace3,rg_a9e073ee
rl_983cb5e3,rg_910cafbd
rl_34f1b40a,rg_910cafbd
rl_65106b79,rg_33d7e211
rl_99fb3f68,rg_d6242ba3
rl_10896cbc,rg_2c673b03
rl_965dfaaf,rg_4426e222
rl_7c920550,rg_13930544
rl_b540bf67,rg_b558a397
rl_c1c7d447,rg_34b85bd2
rl_81cc05a0,rg_40dfb41c
rl_027c531f,rg_d962d60e
rl_35aa3911,rg_ee7ae723
rl_9c986ae5,rg_9ef59a57
rl_acdc3d42,rg_1ce970e5
rl_5723ced3,rg_a0bd888f
rl_d81863c3,rg_e406b85d
rl_6d4c2f7b,rg_9ba8ae90
rl_8d781ec2,rg_c09ed180
rl_934b1559,rg_a9bf188a
rl_f9dbaff4,rg_f76bbd1c
rl_19ab3468,rg_44f66ab3
rl_c2417de2,rg_63a8ac32
rl_41400c56,rg_43b0c92d
rl_ec7fe254,rg_0620d4da
rl_7d228cf8,rg_4a34fa7b
rl_992c5433,rg_38b1e13a
rl_81561d2d,rg_53a278e8
rl_ec293568,rg_f7077bf3
rl_4ae9da07,rg_5810c8ac
rl_abd32654,rg_395cde6a
rl_01108bb0,rg_ce09347a
rl_7b02a585,rg_82ceb564
rl_a595f26a,rg_acc0db7d
rl_aec829b6,rg_27634f1a
rl_48ef600b,rg_71770d50
rl_539ef639,rg_7088eb9e
rl_279d236d,rg_4dfd662e
rl_2193f0f1,rg_5f016408
rl_90f7576f,rg_c6d9c387
rl_2471503e,rg_00d72e1e
rl_5d785eeb,rg_7ebbb4c9
rl_0e0e467c,rg_258a9046
rl_e52ff2e8,rg_a5a21641
rl_921477ce,rg_62946832
rl_f5946732,rg_11fa8594
rl_4f7674b7,rg_53688d97
rl_36f156b4,rg_defadff9
rl_c0ebd081,rg_3d1812f2
rl_0e7b89e0,rg_d838f202
rl_cd9045d3,rg_bc39f978
rl_4003b8d1,rg_76c0e61c
rl_868b77fa,rg_e12297bf
rl_17e07969,rg_3254ce76
rl_5b4f7f4c,rg_31f94d8e
rl_84202153,rg_9203fe40
rl_a7241171,rg_bf66fe91
rl_93687f2e,rg_d2aed7aa
rl_2ba2ed0f,rg_d2aed7aa
rl_4cdd3f42,rg_f1c39749
rl_f5c4e42d,rg_3a6856c4
rl_6e0454db,rg_78b417ab
rl_27f68970,rg_3e8e0886
rl_8b6e73e5,rg_0e4b50f6
rl_5390b52b,rg_ede0583f
rl_8757f606,rg_4c09a330
rl_dc152058,rg_f4d9fec3
rl_901b8b99,rg_3795f66a
rl_81c68774,rg_c8193870
rl_c2f2ad00,rg_e3eb5079
rl_487c399a,rg_14e45184
rl_cb5559f4,rg_5b406293
rl_e773cc90,rg_24a95b70
rl_bcf77f3f,rg_3dc7e8cd
rl_9a4ae238,rg_44b9eca2
rl_13a163df,rg_5b201db0
rl_5abefb62,rg_1f0e525f
rl_7af5207d,rg_b9586eff
rl_816803dc,rg_5692b8d8
rl_d7c0607d,rg_595c4539
rl_7aa82fd3,rg_1ff79c9e
rl_c5f32476,rg_ff65169f
rl_f4e0c3a2,rg_50de6993
rl_129190ba,rg_e939b316
rl_8f439ae4,rg_e939b316
rl_e90ce9e4,rg_5b09da60
rl_f08379b7,rg_2d513c9b
rl_cadd79d5,rg_2135fa89
rl_ef03e8de,rg_5218c185
rl_26106127,rg_d0ec8055
rl_170b97ef,rg_76886264
rl_7be23a2a,rg_f2da4a33
rl_a41a2f5e,rg_bb138349
rl_bd0a6df1,rg_4367bee1
rl_e3877e54,rg_e508b0ae
rl_3d586427,rg_e1811f64
rl_b0ad792f,rg_315d6ab3
rl_218322cd,rg_81155e3a
rl_85c8e6e4,rg_664a0f14
rl_f75a015b,rg_f504d307
rl_843dcfe7,rg_55d7f455
rl_2da37bac,rg_652e132f
rl_eb0b314e,rg_3869f2f8
rl_fe490e93,rg_3a710068
rl_5e87919b,rg_fb08721b
rl_1846ace6,rg_a1981cd7
rl_71d79ee6,rg_a1981cd7
rl_976badc7,rg_50f9667c
rl_081a82b5,rg_4bc887b8
rl_3264da94,rg_a8fda93a
rl_fae92bfc,rg_69752285
rl_d6cc431b,rg_e8bc5c3d
rl_a9e78b97,rg_196ed3c0
rl_b8474b0c,rg_651357b1
rl_94ad445a,rg_7995d990
rl_d51f0ae7,rg_d4c57ed0
rl_4bb46b84,rg_356b2960
rl_aabade46,rg_216b493e
rl_e7ce420d,rg_5801d7c5
rl_1660ae3b,rg_ecae049f
rl_8e24dc5b,rg_7410364f
rl_edeb2c2b,rg_b492203b
rl_70c25a51,rg_cebf8923
rl_c930d4bd,rg_b8c07841
rl_8f523ef1,rg_17d172c3
rl_f0fa318d,rg_fd55c537
rl_75944b08,rg_c2f0a78c
rl_687d4dac,rg_2c326959
rl_6d8269e4,rg_30868221
rl_09053e8f,rg_f9825285
rl_e1636a23,rg_7ca2d8a2
rl_76581b50,rg_e89ebdcb
rl_891423a4,rg_651357b1
rl_f2b21743,rg_ee99f587
rl_5bf746f6,rg_4ca6db8b
rl_232c0d57,rg_10f7ef22
rl_ffedabf5,rg_6d8050c3
rl_6e0059c6,rg_c37153f5
rl_9e4acefd,rg_a800f48a
rl_c020711c,rg_dbc6baa3
rl_294453e3,rg_477c0feb
rl_4b09cfd7,rg_753f2d23
rl_6175607f,rg_46d98043
rl_aa690976,rg_e3371d0e
rl_5b78c3c0,rg_2df69a18
rl_1004a29e,rg_dd6772b9
rl_f3796418,rg_340e0473
rl_c10ca1fa,rg_323b9d39
rl_02888c26,rg_79f64c29
rl_bb9c5ff8,rg_4737556b
rl_e6cc655f,rg_e692d7da
rl_0888291a,rg_31e6f8a3
rl_3bd37e1e,rg_31e6f8a3
rl_d609aa11,rg_20f87216
rl_49fb7ebb,rg_fa051dce
rl_4b5be28f,rg_f2da4a33
rl_1fcd0e0a,rg_045e6ba4
rl_df1ca8a7,rg_e723f2d1
rl_323cc18d,rg_bf3e9c61
rl_9efa9955,rg_74edbb13
rl_67d8873d,rg_36709167
rl_5d1a1033,rg_3d587880
rl_b6e2f1f7,rg_80968901
rl_4e8750a0,rg_cab46e6e
rl_42d321a8,rg_ad4dd000
rl_80fec27a,rg_a4c73560
rl_dc2dbdf6,rg_3122183b
rl_cce9cf18,rg_6713d531
rl_25af56c1,rg_9e2fcd43
rl_28fa05a8,rg_eac8dfc0
rl_3709d93b,rg_2f565e84
rl_24d11bba,rg_070cdb64
rl_0ca7264b,rg_c2e2d7b5
rl_5d13d2b0,rg_c2e2d7b5
rl_20bfd8bc,rg_3493326a
rl_3c436dd3,rg_28094ff5
rl_1d5bc764,rg_a2eeca2b
rl_2af34ed0,rg_c149c10c
rl_25351532,rg_a4c74d26
rl_05884e85,rg_8204e0ec
rl_5858c89c,rg_f4a8e2df
rl_5ffd60a0,rg_13542b73
rl_4c204181,rg_972fe3aa
rl_68ca0eb5,rg_74186d9f
rl_f70ea077,rg_13542b73
rl_b89a2246,rg_00e47616
rl_1dec18f1,rg_95fe7309
rl_c1604c55,rg_4a611bc3
rl_3b659707,rg_0565b1dd
rl_1772714e,rg_08de306e
rl_44966ecc,rg_8609704a
rl_b4636ba8,rg_5efc4cb5
rl_044ffe39,rg_d57c7d60
rl_8a0bfffc,rg_78f5bebd
rl_34362de1,rg_2d9ccc45
rl_c39129ac,rg_b6cdf77c
rl_23197d11,rg_4c7bf2d6
rl_12bbbf57,rg_57b10865
rl_47e98b59,rg_a935dc62
rl_ad466b19,rg_d098c36a
rl_369a4185,rg_c30ef604
rl_b7a634d9,rg_5f91d5bd
rl_66180cf7,rg_74318234
rl_a405e314,rg_d1bceb11
rl_939dbbb6,rg_17571da8
rl_3553c98d,rg_bbb7bf28
rl_a5ffc9dc,rg_61bf47dd
rl_8d2f7d42,rg_dac18791
rl_7915ba2e,rg_a0cc8d7f
rl_c6079911,rg_b8439a48
rl_9d98cd64,rg_4532df45
rl_34a24857,rg_c251ad61
rl_b710ad41,rg_11d3fea2
rl_52034839,rg_b235220e
rl_53452f6c,rg_2af16b0c
rl_063610dc,rg_3bc2cf94
rl_d9e32078,rg_053b1563
rl_ad6d22af,rg_170584ed
rl_aa41b577,rg_b24953eb
rl_b7484105,rg_2d8ec45e
rl_6ae3df89,rg_2f50954c
rl_0a00626a,rg_51b8ce96
rl_6764965b,rg_105491ec
rl_94cbefeb,rg_5d78070e
rl_7ef42547,rg_3abe2a88
rl_e32068c3,rg_147a19cc
rl_9097ef02,rg_5e221bbc
rl_d4944a7c,rg_da50199c
rl_509607a5,rg_ee3ecb19
rl_e6dbe808,rg_109bf26d
rl_00059d9a,rg_3c4ce5a6
rl_ee277b5d,rg_c5032b01
rl_c1c2d1db,rg_c5032b01
rl_af50f1b8,rg_cc54081d
rl_7ed28a7c,rg_49fc7af4
rl_2b228d53,rg_ca49d048
rl_42600b6a,rg_5a8debad
rl_511628e8,rg_7a036c74
rl_58a7de1f,rg_a0bd888f
rl_e4a5ad76,rg_4891b290
rl_8871a809,rg_dcb7060e
rl_93efd63d,rg_0dcfc4fc
rl_68d4672c,rg_412c3119
rl_181ada14,rg_a4496b72
rl_4fdaa13e,rg_ffff04de
rl_a5fc53c5,rg_ae39ff33
rl_9021e1a0,rg_bc4800c4
rl_e8556595,rg_b288fdfa
rl_7d534b61,rg_a0f4ad6a
rl_bd86f693,rg_a0f4ad6a
rl_bc949642,rg_c820089e
rl_ef8ba877,rg_306379dc
rl_76ff6cae,rg_11a320be
rl_abe0293f,rg_461fda50
rl_ca6f6cf9,rg_4ed1b8a2
rl_5ec961b5,rg_4c1354ee
rl_aa97f016,rg_97f8002f
rl_63b71988,rg_3f902fea
rl_69d54751,rg_115f228d
rl_394e5dc6,rg_a569b4fc
rl_5266bbd2,rg_f9f207b8
rl_1a481ba8,rg_d4b7974f
rl_467e5df9,rg_ea24fcd7
rl_66c58846,rg_9e1d3045
rl_fdee6862,rg_8aaa4d90
rl_2c65024b,rg_514ff653
rl_159070ed,rg_678f54a9
rl_fa8f2f81,rg_0dab41cc
rl_ec52874f,rg_8a626c63
rl_d0cebe6a,rg_d9a2ff9b
rl_80f20fe1,rg_66b6fe4b
rl_5dd5f0c9,rg_44416ca8
rl_8d3e9681,rg_5ae73673
rl_542c0273,rg_4d605a99
rl_b28633e4,rg_80968901
rl_fc726490,rg_63511e30
rl_080656c8,rg_3bc999ef
rl_c7ef1450,rg_8a0ce2b6
rl_617c44bc,rg_42c5864a
rl_db45574e,rg_b18a610a
rl_968b8b34,rg_2af16b0c
rl_5e3ab2bd,rg_7bf72c8d
rl_1d6fffe9,rg_a2ee1bdb
rl_38496c4c,rg_26642d93
rl_5d9fa6ce,rg_c88bb101
rl_ef2b1308,rg_7e5b014c
rl_2591b201,rg_118a1dab
rl_3bd5542d,rg_ca83cd93
rl_f1a373f3,rg_f02485d8
rl_b8e800ae,rg_f8607fa0
rl_39e6fdd1,rg_8ab7bd24
rl_13d1666a,rg_cef69345
rl_d449ee1d,rg_c73f63ac
rl_24f85298,rg_dabd007a
rl_d01d542d,rg_5ddea55f
rl_6ae10044,rg_5ddea55f
rl_0f877beb,rg_16faf1a5
rl_21c8b228,rg_0dfe3aed
rl_edd65424,rg_c5301b3e
rl_ebf16c77,rg_9fc10153
rl_fa992cf9,rg_fc7a545b
rl_5c35ada9,rg_c447d630
rl_03951b23,rg_a68252f7
rl_367931ba,rg_53197e32
rl_4aa5fb70,rg_4959987c
rl_031c1404,rg_5abf7585
rl_0eef87b0,rg_218977d5
rl_ab7d2511,rg_a7dff879
rl_df464907,rg_9459ddf2
rl_58de9128,rg_d298aa49
rl_eae05ddb,rg_315d6ab3
rl_4d3d7d3f,rg_266ad138
rl_8dde6399,rg_12139668
rl_8c7fe450,rg_8fbda886
rl_f6d22583,rg_cf3ee011
rl_67315568,rg_7aa94ca2
rl_4503cb0e,rg_3dc7e8cd
rl_323d65d2,rg_ca705db7
rl_cda8b831,rg_a0e313b7
rl_56aed7dd,rg_1bb72d97
rl_eb82ab1d,rg_2a06581f
rl_58473412,rg_04fbdd81
rl_f76f7a60,rg_6ae7540b
rl_f9387255,rg_134f66d0
rl_2ac5e77a,rg_28779505
rl_1865f4cf,rg_1a969f45
rl_b607a1e8,rg_8c1b8141
rl_9903d0fe,rg_23a7553f
rl_7afccf6e,rg_2a60cf7e
rl_9ec264d1,rg_28cfef46
rl_bbcdacbb,rg_50bf5322
rl_d91da8a7,rg_c8201d96
rl_85401788,rg_df1cd31e
rl_ce0727f9,rg_2b247c91
rl_216a9ed5,rg_1216c7e0
rl_d1312d83,rg_6c845873
rl_256c8bb5,rg_895ef304
rl_1513e598,rg_6202bd31
rl_0b2528b4,rg_20c78eed
rl_0ba0c9d2,rg_18857899
rl_b5aef17f,rg_bb18ff5c
rl_3b10e54c,rg_334a965e
rl_6061964a,rg_f9680b1a
rl_21452b48,rg_28779505
rl_81c4ca92,rg_1085e59b
rl_331749d3,rg_aca6599d
rl_58a4ba1b,rg_268ea09d
rl_3ac2f313,rg_c8201d96
rl_bfede6b5,rg_96209649
rl_cd1a6416,rg_486cf602
rl_45db76d5,rg_576023d9
rl_674f41e1,rg_f9354d6b
rl_0d0b29af,rg_63bf512f
rl_eeab1861,rg_d7326780
rl_10eabd94,rg_fa86e633
rl_d694a41b,rg_68b35877
rl_01079eca,rg_c40e2366
rl_9cacde80,rg_71d43c60
rl_c9d4e8b1,rg_98a97937
rl_3fd9dc00,rg_a7105957
rl_75c2f8b8,rg_97cabed9
rl_6dca37f7,rg_238814dd
rl_0e2e1247,rg_9fa1afed
rl_6c8eaeae,rg_ccf05388
rl_69893f89,rg_0d4c418a
rl_5a1830d2,rg_3846fd6f
rl_9eead87a,rg_a187e86f
rl_a732e0ee,rg_d6e7590f
rl_0286a369,rg_94cf3472
rl_87e6ec3a,rg_e42496e7
rl_c9665f03,rg_26c501cf
rl_71b8d4aa,rg_418c0b37
rl_3c07a69f,rg_0e4ff614
rl_72a66eec,rg_03fa5efc
rl_7b6a975a,rg_26b9e132
rl_63f86505,rg_449d1257
rl_67c7ef4f,rg_724f91f4
rl_122dd93f,rg_c2a706f7
rl_64017f63,rg_a5a21641
rl_006a9d88,rg_9978be37
rl_01d17ba5,rg_2933f645
rl_2881c810,rg_efc4076c
rl_07ec6bac,rg_962bccfb
rl_b099cbe2,rg_fe3b2fcc
rl_360db78d,rg_c403ca85
rl_54bd9ec9,rg_c403ca85
rl_ec98547b,rg_9ee5c6a4
rl_b77ff416,rg_71322e1b
rl_24d693c4,rg_46f27972
rl_f234e898,rg_31f9efc3
rl_c73955e5,rg_7e393916
rl_93caea0d,rg_532ca3a0
rl_c0a6841c,rg_a49be67a
rl_a926e669,rg_5d29aed5
rl_3515c11e,rg_0b09289a
rl_ae03da1f,rg_a430a45c
rl_12e76e9c,rg_287230e9
rl_519419c0,rg_8092161d
rl_370091e4,rg_fe2e479c
rl_7c99a5b1,rg_11e80760
rl_6ba2e852,rg_eff2ecc5
rl_1a46920b,rg_a187e86f
rl_9701022e,rg_f437eeb2
rl_41fc56f9,rg_2f7d3e0e
rl_4be6b85f,rg_a82a0c55
rl_9b61efb0,rg_06620604
rl_791391ce,rg_06620604
rl_dc1a0f87,rg_ae9ec696
rl_7c899546,rg_ada7680f
rl_3fcfec01,rg_41475410
rl_b27d2466,rg_b288fdfa
rl_5f024ee3,rg_ca6ec09f
rl_8396a5d5,rg_892e175f
rl_3c379f52,rg_1ea4d832
rl_7e30e0ee,rg_e7d6d73b
rl_df3540e2,rg_eb5ae1c8
rl_f7751726,rg_6318378e
rl_45a7d7e3,rg_53197e32
rl_631238b7,rg_6aed4714
rl_61ae06a3,rg_27f3cc00
rl_08d20ab5,rg_11bdff3a
rl_ed9372b9,rg_11bdff3a
rl_aa58f4a0,rg_d0d397ef
rl_e7df8098,rg_de2e30ca
rl_da79efcf,rg_2b92ac42
rl_5ef53f4e,rg_7dcf62e0
rl_614267f0,rg_63800f44
rl_91442a46,rg_e5690f4a
rl_b8c0d3d2,rg_ed7528bf
rl_1301e953,rg_6ac1b05f
rl_53f1f029,rg_a14e03af
rl_e8962a4d,rg_4ee736a9
rl_45572bb6,rg_b212e70f
rl_be98b019,rg_943ee8e9
rl_04541c68,rg_b288fdfa
rl_da7e2fb6,rg_54f0f155
rl_c4f6cb2a,rg_3a44116a
rl_45724f6f,rg_ac8f00ef
rl_202b2dd6,rg_11bdff3a
rl_c1c25cf0,rg_5aaa11d3
rl_167c93e9,rg_484d1b01
rl_624e052d,rg_19a5a265
rl_482c3029,rg_1690dbfe
rl_364a9660,rg_43aacba9
rl_5dd95802,rg_0d194c83
rl_fe2182cf,rg_976b4230
rl_cd63d25a,rg_8758d2eb
rl_620fd5cc,rg_aa74f52a
rl_df8ca41d,rg_e2fcdc49
rl_2474f345,rg_541da46c
rl_f19647f9,rg_38e66a7b
rl_da5e86d2,rg_fc5e8118
rl_c7f4ff8c,rg_98b78f68
rl_1ed2cac2,rg_1a0cf873
rl_7e1ad9f5,rg_0eb92fc4
rl_5cbcf59f,rg_79b7a241
rl_ca91c3b2,rg_0953a762
rl_0a663a3e,rg_7b8938e2
rl_61bd54e6,rg_62ca7716
rl_b2afefb4,rg_1fa1d51a
rl_624ffa75,rg_ba1243ac
rl_bbde8f1c,rg_8c3bc49d
rl_e8caed00,rg_db72ab7a
rl_da5a384d,rg_c630ecf5
rl_1eb13c19,rg_518b52b1
rl_f35add0b,rg_e2e6165f
rl_05fe5be2,rg_049e3f5c
rl_4fc6d005,rg_58d39fe9
rl_ba723515,rg_7e8a4413
rl_ebc78c92,rg_31dc06eb
rl_c2811863,rg_7a1726ea
rl_7ef1e0c7,rg_128827c4
rl_32fffa01,rg_1260ada0
rl_145ef5eb,rg_1260ada0
rl_1a1873e4,rg_738000e2
rl_59b58a06,rg_549dff03
rl_2e24a6ec,rg_e6aff5be
rl_3fc363b1,rg_9ba8ae90
rl_082b5cdb,rg_995f342f
rl_e586a6fd,rg_3ab81d53
rl_bcc14df0,rg_0edc5780
rl_4aa274a7,rg_f47eb872
rl_2299adc0,rg_47670077
rl_3faa485c,rg_b61ec4aa
rl_e3da6601,rg_57939a7a
rl_de442353,rg_0d9eb94f
rl_93c4995b,rg_1bd85c43
rl_8ea28266,rg_c05a0963
rl_2df1bb05,rg_4f1ebd09
rl_1eeca137,rg_a0f4ad6a
rl_2182ba93,rg_a5bceeb6
rl_09e33d67,rg_79267836
rl_90d14c1d,rg_9fc78cd4
rl_f3cdf12d,rg_56e49326
rl_96985eb6,rg_7b8938e2
rl_442631e3,rg_b212e70f
rl_ad6d1cfb,rg_ff97d31a
rl_98cd00cf,rg_1e62db8f
rl_0323230b,rg_cb081b17
rl_ee5c7069,rg_e5538d32
rl_6ea09f96,rg_f9395c89
rl_4263783a,rg_b954d7a9
rl_c04c8802,rg_aa83770c
rl_3afaa7d0,rg_d897219a
rl_d2adef01,rg_89eafbb8
rl_5ff97936,rg_c82cbd2a
rl_44926927,rg_6a8b9c65
rl_7e0e63d3,rg_6a8b9c65
rl_d264ff8e,rg_3a8e1958
rl_863e0bcd,rg_a3b1afcd
rl_c5a3a518,rg_9d8ed6cf
rl_7bd1722b,rg_f32412a9
rl_8d1048bd,rg_147db19a
rl_ccfaf072,rg_5a1f6157
rl_05ae023a,rg_59e5495d
rl_3a40c3ce,rg_7a146746
rl_48f3ba04,rg_56d2b100
rl_4a9669d7,rg_76ecf48e
rl_5043fef8,rg_5e221bbc
rl_8d212118,rg_102c07e7
rl_103fd4f9,rg_3827726e
rl_34472cff,rg_2e6f6ebd
rl_b1b702ca,rg_da93298f
rl_f3c5b91c,rg_52e4730a
rl_8a27f7cb,rg_a68252f7
rl_16f31b90,rg_8e0146c7
rl_1542fd85,rg_2af462d4
rl_3e446cdb,rg_5fff74f5
rl_a72e5af3,rg_220e169c
rl_218fca8d,rg_3c522671
rl_8e392ad0,rg_df1cd31e
rl_f54155fc,rg_6a8b9c65
rl_a83a64e6,rg_85229634
rl_923f6ce0,rg_fa86e633
rl_0446ff2d,rg_9df810f3
rl_8e2d0ed6,rg_2a2dfa9d
rl_dec6a0f7,rg_3af0476e
rl_14345b3b,rg_a382d791
rl_160c80c2,rg_eea065ab
rl_b0d06015,rg_e0d716e6
rl_8cfb0dd9,rg_c2f0a78c
rl_e18de6d8,rg_dffa8662
rl_ab6c2116,rg_97738f2f
rl_d977811d,rg_25a3eab0
rl_afa5fcce,rg_ef6c5a19
rl_a23f2c25,rg_87813c4f
rl_ea8d042d,rg_e5dd3ee8
rl_c21d577f,rg_8428018c
rl_49cde81e,rg_1881dee0
rl_42243ca3,rg_26185298
rl_8f9302e8,rg_acede91e
rl_d0d9b14c,rg_494a7a4a
rl_776a0ca6,rg_494a7a4a
rl_3d08bbf6,rg_590fd916
rl_2a59c455,rg_c35db9cb
rl_dc5ea9fc,rg_f253f17d
rl_9047679f,rg_c5ba3448
rl_f4c3c35a,rg_c1ecd2b0
rl_7dba4f5c,rg_970e5965
rl_94449ae3,rg_8aaa4d90
rl_7160bea3,rg_634669c5
rl_bba10c1a,rg_5d0fe329
rl_e4af4237,rg_63e8c4a6
rl_e281b818,rg_1783e749
rl_59a65875,rg_a7b1dd2f
rl_cc511f73,rg_b5d4c0a6
rl_dfac3c78,rg_7887e041
rl_8f68219b,rg_c5032b01
rl_cdd1f9bd,rg_74630b0f
rl_b5e8f291,rg_94a56955
rl_4afd7797,rg_87f9c503
rl_1329d60e,rg_4c2e47b8
rl_afcd19de,rg_4e2d80ec
rl_f8f59f2c,rg_3452a800
rl_43ef50f0,rg_ce09347a
rl_9d73d7ba,rg_1f0e6579
rl_ce0067bd,rg_8b626171
rl_b3b371c0,rg_6dd62cec
rl_c51fbb94,rg_ced81032
rl_6fde852b,rg_19cc8d2b
rl_3d654b07,rg_7529fc81
rl_7eb81b18,rg_a7ca7c12
rl_81b69a76,rg_acab32c8
rl_b2e52ce5,rg_f5b5decd
rl_6c3ad908,rg_6f4bf3b1
rl_58a3989b,rg_5999c39b
rl_fad78886,rg_5a5a9aff
rl_c5785d7c,rg_87331e8e
rl_1c355a21,rg_5e3d545d
rl_34bde907,rg_dfa81a93
rl_7e4ba649,rg_3bf64630
rl_64e91680,rg_c40cf037
rl_b3628d75,rg_2eef1f56
rl_a291d920,rg_90dd8e2a
rl_990ffaa0,rg_9e7e1722
rl_cf5ec22d,rg_50b20702
rl_f984985e,rg_1ac21689
rl_5687a76e,rg_99d0635c
rl_6ae3abb4,rg_ab045f13
rl_9c15b018,rg_4f2e80f1
rl_97b7614f,rg_3f8499a6
rl_6c89d8b6,rg_0669adbb
rl_24534008,rg_80861810
rl_502f67e4,rg_720bf632
rl_5c785ed9,rg_94a56955
rl_91abf051,rg_70d32d9f
rl_1e140856,rg_c5ba3448
rl_523ad68c,rg_1513a688
rl_52d3e789,rg_4db06c42
rl_857c4210,rg_1ffb2f3b
rl_9734e86a,rg_8acd7e42
rl_c6f85a2d,rg_3435e845
rl_f5a343f0,rg_10685c90
rl_f716bb03,rg_85229634
rl_d8ba19ee,rg_cb0f30ed
rl_990015d2,rg_f84ec623
rl_1be1be1d,rg_313f3531
rl_f1bcc616,rg_fd26ba6e
rl_1aabc439,rg_d0ebbf2f
rl_2bd8ae6b,rg_28892cbf
rl_29d2321c,rg_cb0f30ed
rl_7dd0014b,rg_ec63d8f6
rl_9117a9d9,rg_7887e041
rl_9fe5e500,rg_4f4c5eb1
rl_adde3235,rg_4f4c5eb1
rl_830d69f6,rg_f2cd17f3
rl_646c514d,rg_9184b408
rl_67f4ac20,rg_910cafbd
rl_612fde28,rg_22d502c6
rl_1811dcd0,rg_fc7d94bc
rl_b849c90d,rg_f9299abb
rl_cc3977b4,rg_c8554282
rl_a1617fc4,rg_01199d61
rl_9103692d,rg_ea860ba9
rl_b6d87e0e,rg_c447d630
rl_d3f47bec,rg_7e2042db
rl_2efaf9fd,rg_0159a67f
rl_e6973e0d,rg_e64eeb08
rl_fedbd030,rg_e64eeb08
rl_f01ea867,rg_9eb29b2d
rl_8cc12ff9,rg_37d7eac3
rl_3abb9037,rg_40dd84a7
rl_f89364ad,rg_84c2d9f9
rl_ea3acfdf,rg_0775eadc
rl_8987acb6,rg_f6cbc338
rl_1fd365d7,rg_18fb6055
rl_965eb9e5,rg_da692cb3
rl_84dda153,rg_066a82e0
rl_d8a81a14,rg_334a965e
rl_d870a24e,rg_3d62c72e
rl_3bac7192,rg_854b076d
rl_74d5a9f5,rg_351893d2
rl_6a96c7ad,rg_643f6cbb
rl_5ce369ae,rg_fae79484
rl_a2ce9e2e,rg_02b3f57c
rl_200116e6,rg_921b73a6
rl_597b42fb,rg_94ce2986
rl_260c83a5,rg_ba8bc247
rl_918edde8,rg_f3b1e62a
rl_2c492382,rg_4f9c8b8c
rl_17eb22f9,rg_0035a42d
rl_14be6e2d,rg_aec5693d
rl_cff3a262,rg_263759c2
rl_f511fad5,rg_26c942f8
rl_4404ac23,rg_1117068d
rl_b26710c6,rg_c48380b8
rl_e030b50b,rg_7e6fffb2
rl_fd28fd97,rg_d430b909
rl_426f347a,rg_90674b5f
rl_71c78987,rg_92540849
rl_f9cb2b40,rg_03fa5efc
rl_52fb6ba6,rg_1fa40219
rl_8f656d69,rg_12bfb96d
rl_83eba9f9,rg_fb86914f
rl_76850aca,rg_16691443
rl_8a81f3ff,rg_0c6d0091
rl_9e749c93,rg_af8249fd
rl_d7a13d0e,rg_94c62a61
rl_373f122c,rg_94c62a61
rl_9b0cde14,rg_05fabcf0
rl_538b6152,rg_1abb4b20
rl_1ecebf53,rg_9860eb4d
rl_c5d1a515,rg_306879d7
rl_a78c432b,rg_85c460da
rl_36ae3154,rg_a10a7a1d
rl_8c1f9faa,rg_bc713de1
rl_dc6c664e,rg_4f79588c
rl_6db19a14,rg_d56e7949
rl_b17001c4,rg_161e2b29
rl_164070e0,rg_965bd522
rl_f346c44c,rg_1dd96b19
rl_fa970fa2,rg_2b9608c7
rl_a2879375,rg_d63ded60
rl_b4094426,rg_d63ded60
rl_783e37bc,rg_2fbea7ec
rl_fff57aef,rg_a2367560
rl_8391e35f,rg_cd1a23ae
rl_2d66e302,rg_11d3fea2
rl_a60d5fd7,rg_70fc366e
rl_3fb58c3b,rg_dd268208
rl_50c58987,rg_2553f9ee
rl_b444b64d,rg_5a371b19
rl_8823a808,rg_51f69729
rl_eb88a8e6,rg_340e0473
rl_07afc251,rg_58fc68cc
rl_016264b0,rg_502da6fe
rl_7068d3cc,rg_03fa5efc
rl_59599d00,rg_8ac1cf83
rl_6c60db91,rg_e41d1134
rl_950cd560,rg_dad49365
rl_b8a1f2e0,rg_2d12eb14
rl_f9536886,rg_23761967
rl_205e16c7,rg_04b7d012
rl_51ea00dd,rg_b569b2c7
rl_dfe24539,rg_6e3f3d61
rl_197a264b,rg_7043be8f
rl_79a44f04,rg_db83e6cb
rl_61229088,rg_ea12de6f
rl_66714663,rg_3883b5be
rl_881217a1,rg_bed8c5a2
rl_bda94f85,rg_01ec5a9e
rl_2fe2e3d9,rg_db639b54
rl_a29170be,rg_d20ae56b
rl_14d323fd,rg_01ec5a9e
rl_dc02431c,rg_a6814e7b
rl_1407b5dc,rg_4f2e80f1
rl_6067d7c6,rg_160bb4bb
rl_7039368b,rg_7ca2d37b
rl_aff068de,rg_c926ef8e
rl_c3e49517,rg_18cfe655
rl_aea1ac29,rg_c4d9082c
rl_78185140,rg_a3b71eb5
rl_1a8b495e,rg_ef539d15
rl_4bc9154a,rg_1961e3d1
rl_b1ae4af2,rg_01f6981f
rl_7dcd4ddb,rg_cfd8d8e9
rl_e0561133,rg_b7454dc8
rl_64d9a9b6,rg_b98a6015
rl_26e2e9db,rg_b5091f10
rl_31996ee9,rg_41fd9628
rl_c7303ba9,rg_5a1d186a
rl_fed1e5aa,rg_0892db7a
rl_6550d823,rg_4a27a1ca
rl_ed8fa5f0,rg_70a77a06
rl_3816067b,rg_7529fc81
rl_2e074f60,rg_38b12d45
rl_790c1640,rg_6c23d4e8
rl_e7bf378c,rg_644f9e37
rl_fe516f1d,rg_377d1670
rl_5cb8158f,rg_b98c95a0
rl_07f8d6dd,rg_c7a0a23e
rl_f2ccb832,rg_2e648bb0
rl_8d22f3d2,rg_1a2deb76
rl_392c18b3,rg_7b47db1f
rl_21eb5bf0,rg_4fb882b2
rl_bca9eb55,rg_dffa8662
rl_0247954b,rg_fd6ee84c
rl_83115ed7,rg_ecb243c5
rl_847b3096,rg_320580ba
rl_db5380bf,rg_1babdaa3
rl_d62eb476,rg_dfb5e111
rl_6a4ae9c3,rg_edb3f52f
rl_7ff0f4ff,rg_623fefeb
rl_01ba79f1,rg_a8e7c118
rl_f5f9a086,rg_4def550a
rl_1a9970c8,rg_3f5ffb36
rl_7117c577,rg_b6ef9a08
rl_845ba861,rg_d2335f37
rl_c0b44ec9,rg_79baf9a0
rl_d7b0fa85,rg_2388774b
rl_46d2fc81,rg_f847e459
rl_dc8770fd,rg_8a0ce2b6
rl_9229415f,rg_7e63728e
rl_60530c57,rg_9d772765
rl_e4c3d2e5,rg_76ef9cfc
rl_b45ae499,rg_b853e583
rl_a27ff25c,rg_8018235b
rl_da1c26dd,rg_d768771c
rl_5d116ce8,rg_38f686b3
rl_87e93763,rg_2753528f
rl_472f1210,rg_b93156c9
rl_51d5986e,rg_41475410
rl_a672d85e,rg_a0874e6e
rl_1cca8c39,rg_cb8e28d8
rl_2704bba7,rg_4cf52349
rl_6d7e6ec1,rg_4ee97802
rl_2ac6ab94,rg_f376fe30
rl_a64297c9,rg_bd9ff694
rl_199581bd,rg_76ce7c35
rl_97f0bbfd,rg_a2d948ec
rl_af4e5d92,rg_c42a8666
rl_e593f747,rg_e05de1df
rl_64551b92,rg_f7e37f90
rl_22d48eb9,rg_f7e37f90
rl_d289d3c3,rg_8f98cd2d
rl_0c103a8d,rg_6c845873
rl_dd8f6025,rg_95890af5
rl_9b5367e2,rg_3a5e49a0
rl_ff1baab7,rg_9c8a44a0
rl_bc3764f4,rg_d590a0ff
rl_9614da85,rg_803f787f
rl_c929cf3d,rg_d6c605fb
rl_e954704c,rg_49022952
rl_0c53840f,rg_3f4f5aa4
rl_2449b262,rg_838c8a83
rl_f3068bd4,rg_65fdfe4c
rl_fe6376e1,rg_4eeb25f5
rl_1ee66340,rg_e0156811
rl_774d05cb,rg_108a3bb6
rl_c76acae2,rg_b8aa6015
rl_b5b18968,rg_e5d40c7e
rl_3f6203d3,rg_5ddea55f
rl_53dc74cd,rg_d90b5bc2
rl_d4f5f05c,rg_d90b5bc2
rl_34b286ed,rg_b604aa4c
rl_794fc584,rg_026967b8
rl_3e9e8a79,rg_0360691c
rl_f51a8268,rg_5656672e
rl_886dd144,rg_55ec6ce0
rl_a0ebbd71,rg_5bf48564
rl_e4b3f349,rg_19d36527
rl_e51cf603,rg_4e859983
rl_40c44ee7,rg_730a957e
rl_338c492a,rg_e9da75dd
rl_ed621256,rg_02d8dae1
rl_e826c61f,rg_1064a45f
rl_75bd2f58,rg_e3112f77
rl_2d1bce32,rg_63e7bfac
rl_44e5b17a,rg_d2f23161
rl_a83a5bfd,rg_47315b9e
rl_9f7c4ff0,rg_2b7aa55e
rl_c7da852c,rg_e1091de5
rl_1f3d5a2a,rg_4088b13b
rl_4a9a4689,rg_4e1ae546
rl_e3e8638b,rg_3cf5c123
rl_f9d31aad,rg_70437c17
rl_9225fc20,rg_32a3dc32
rl_0c6139a3,rg_92c87982
rl_d59693b4,rg_e2e6165f
rl_7e4966bd,rg_ca8547c1
rl_db012eeb,rg_ca8547c1
rl_cbfd60ba,rg_dba09eb4
rl_3e141f32,rg_dbc6baa3
rl_5b6314fc,rg_2eb40a9b
rl_c9a153f8,rg_3f4f5aa4
rl_1de52480,rg_8bfcbf7a
rl_9e4c62f4,rg_fd5bbe0b
rl_99513d96,rg_1f5360f6
rl_cf09c4f2,rg_5e92e3ba
rl_742109bf,rg_7e678c18
rl_1e0a6371,rg_3b98d5bf
rl_7ec4ee5c,rg_fe37efc8
rl_b7acfa02,rg_0b60e59f
rl_a1c93cd2,rg_cba2e04d
rl_9dac8b7e,rg_61cbd646
rl_2bd6aa4a,rg_d6871f5a
rl_2c0f9f8f,rg_86b895cc
rl_02c52272,rg_e33d12e5
rl_dc43f62a,rg_7c3fc6cf
rl_a80f99d9,rg_ed8bed9f
rl_6fa6182e,rg_a261fdb0
rl_3e76a542,rg_1cfc835a
rl_13299fe4,rg_d4099db2
rl_d0673a3a,rg_ae801433
rl_bd5c37f6,rg_a73150db
rl_8365fdfd,rg_4ba50818
rl_f40b65e5,rg_12b28d3f
rl_f3bdb0bf,rg_e4e50f2c
rl_28a842f0,rg_1c37d25c
rl_e6843ebf,rg_e5320257
rl_8e9112e5,rg_4df04f68
rl_1e1bb1b6,rg_c3a4e7b7
rl_c0106dc4,rg_868645e1
rl_308d2042,rg_a33d185d
rl_501e30d3,rg_e1969168
rl_a2f3eaac,rg_2310e803
rl_03d57624,rg_2310e803
rl_9a0c9d00,rg_38c1693f
rl_c22f0a51,rg_e9ad24fd
rl_df818ce3,rg_8ead4c72
rl_53f04676,rg_9758961a
rl_97dbba65,rg_a6e4f4b7
rl_da58686a,rg_43cb7303
rl_7fc61dee,rg_c0f41a8e
rl_2f976f6e,rg_e8f2accc
rl_233e4e8d,rg_35c44b66
rl_1ada5cbd,rg_ffa7e2c1
rl_6a2ce6b9,rg_ffa7e2c1
rl_3b0cd226,rg_35973b4b
rl_e623c6af,rg_d6cb4401
rl_ad6e633b,rg_82edf319
rl_59e0028a,rg_13ab1232
rl_a45e0746,rg_6e85d599
rl_b95e1f04,rg_1474e9d1
rl_bae2ec30,rg_510adbe6
rl_f71570aa,rg_2b680b21
rl_1d8699dd,rg_f8e0cafa
rl_167f581f,rg_303cf2b5
rl_72049c41,rg_3b3a45e1
rl_fc52c8ab,rg_4fb882b2
rl_d903d30e,rg_548f6f4b
rl_19be699a,rg_a37101a0
rl_f966bad8,rg_afe169b8
rl_9772bc49,rg_eda6ca59
rl_96f44f1a,rg_5a91bad6
rl_a23255ae,rg_f4fd0763
rl_ba2b92a4,rg_9cd7cae6
rl_cf62892e,rg_c7a0a23e
rl_880409e5,rg_e89357a3
rl_42409676,rg_ea0c0848
rl_289542f1,rg_68187700
rl_7823ed4e,rg_0e4ff614
rl_98ec09f8,rg_94d32398
rl_4c9fd4f3,rg_74645698
rl_036b4273,rg_0f89dcd6
rl_e6efd986,rg_da1c297d
rl_62ec5368,rg_bc37f1bc
rl_7cfbb4ec,rg_2b1fdb9c
rl_2185e995,rg_3aee48c9
rl_f831bd4a,rg_3aee48c9
rl_b3bfba99,rg_de705591
rl_77d23800,rg_2a95d3fa
rl_0a3cc25c,rg_fe570f21
rl_c901e7e3,rg_052ef566
rl_d07fb260,rg_e9d72aa4
rl_b0fd0b07,rg_0eb01c8f
rl_c161c21d,rg_30a568d0
rl_2935beee,rg_ca73678d
rl_d7205fa6,rg_190972ce
rl_3fe2e841,rg_c926ef8e
rl_bd22c268,rg_fe880660
rl_fe04d589,rg_4630aa1e
rl_117e02dd,rg_2d4e024e
rl_3d5c91fc,rg_7d1ceb48
rl_24bdeb9f,rg_56bdd71c
rl_40e15c97,rg_e5c14c44
rl_d10adb0f,rg_b9f5d497
rl_71420dc1,rg_1d9b8573
rl_b582fa4a,rg_a430a45c
rl_b826b8c8,rg_77537306
rl_8430e5f7,rg_afeb6831
rl_6af96fc8,rg_97d57f9d
rl_a00edb7a,rg_a7ee1f1a
rl_be636d79,rg_70e628a8
rl_465e21bb,rg_3c50d3fd
rl_fc9986d4,rg_e704a177
rl_d664afb1,rg_217643ad
rl_5f4d2487,rg_9f2dc660
rl_14116ac7,rg_3258f6a8
rl_994b9491,rg_3eddfbea
rl_092a8d3f,rg_7ec9f38c
rl_27b1b8b6,rg_19484012
rl_e59ac0bb,rg_97e18497
rl_937dfb38,rg_3675de3f
rl_5fd1ee2c,rg_284f34b1
rl_a6aa0a89,rg_6656c6e4
rl_2019c946,rg_6656c6e4
rl_4d0e728c,rg_67cf8064
rl_b140931e,rg_c20549b6
rl_3e0c62ca,rg_538c1bb7
rl_ec478f51,rg_a640cc31
rl_1ea202e1,rg_7b0c94bb
rl_30923378,rg_6521774b
rl_692817b5,rg_9d8ed6cf
rl_c61c0938,rg_442afd20
rl_f61ea9f4,rg_4ea0fc1d
rl_81d77798,rg_5ab9d5b8
rl_23586db2,rg_dba09eb4
rl_876bbc49,rg_e6ee80ee
rl_6fe3c1ab,rg_d7a35276
rl_21d1905e,rg_84e12a5d
rl_76593b8b,rg_0a04eb5a
rl_79cc6eeb,rg_1085e59b
rl_7d2dbf6e,rg_5474be47
rl_c988f9fa,rg_50bc5d0d
rl_f1808844,rg_16fbb8a0
rl_8f509f97,rg_b0484c12
rl_70826c4b,rg_34420578
rl_dac93930,rg_41e2aba2
rl_4f12ef38,rg_e0ee0a79
rl_3dba12ed,rg_7aa94ca2
rl_638b74f1,rg_2a60cf7e
rl_59127af6,rg_c46d350e
rl_74fc482a,rg_80c17b1b
rl_4b309076,rg_af3f8149
rl_c034608c,rg_af3f8149
rl_21d21cc6,rg_a746f2df
rl_dabeb731,rg_d0ec8055
rl_dbef5617,rg_bb29c5c4
rl_5137540c,rg_a4069cb4
rl_7d338ad3,rg_9449706f
rl_39a5f0b8,rg_64f8a661
rl_a3d5a8d0,rg_1246afb7
rl_9a8da99a,rg_3dc7e8cd
rl_4ab9c62e,rg_f975bcce
rl_33f3823a,rg_d67b4303
rl_d70e60bc,rg_d6bc1c0a
rl_6d8d44ff,rg_baf260f4
rl_aec96199,rg_a03cacc2
rl_42fe48fb,rg_d4560707
rl_486a3f00,rg_e0afe57c
rl_af69a8bf,rg_ff3f9815
rl_b8ad50ee,rg_68f67f61
rl_a749a4ec,rg_68f67f61
rl_0e956917,rg_ea860ba9
rl_bdaa346c,rg_2f50954c
rl_02d2c9c6,rg_2f50954c
rl_a2ecb69d,rg_8a9de649
rl_7bb2789b,rg_d3e68017
rl_7bf1fc48,rg_ecd629be
rl_db421f92,rg_7499b510
rl_9a029ff8,rg_1b9b6f97
rl_ac3cd4c3,rg_b98f3d72
rl_331c23c7,rg_a2a3ce26
rl_5fc1e04d,rg_1c891f1f
rl_d32fb6ce,rg_57fd0a9d
rl_e190b516,rg_6217d121
rl_81e98fb1,rg_641efca3
rl_913b24e6,rg_e7c29dcb
rl_76cee8fc,rg_78752ca3
rl_b8276e4f,rg_46ee6058
rl_83832ad3,rg_a569e2e1
rl_3817963d,rg_db50ecea
rl_16ef033a,rg_8ea01fa0
rl_25a1ea83,rg_cd30d077
rl_6c984445,rg_23cba1d0
rl_f211a3cd,rg_09db01d5
rl_2f3f13a2,rg_b6ac0daf
rl_45152257,rg_ec4567e8
rl_258e4fbf,rg_2f961458
rl_312d74f2,rg_976c292d
rl_fa33fbf6,rg_3883b5be
rl_bf10c928,rg_4d2fb4a2
rl_192175ee,rg_f75bbe7a
rl_68436b50,rg_50ffc0ea
rl_1b0605dd,rg_d82b31a4
rl_7268a97f,rg_9b238775
rl_788a4347,rg_1936b371
rl_e67b7872,rg_3b9336d7
rl_2a94f1b1,rg_4f51a920
rl_3961a867,rg_01b0f42f
rl_a094cc3f,rg_403a812c
rl_8948aff3,rg_2b62872b
rl_a5ab70dc,rg_2b62872b
rl_739a0888,rg_c0f17a5e
rl_6b48896b,rg_57ba9bcd
rl_de8fd5c8,rg_ebb810ba
rl_41bf7f63,rg_853f27a6
rl_13a5b88d,rg_01653f92
rl_74e52823,rg_2dad5706
rl_d3d4284d,rg_0f43cb56
rl_b6a87dd0,rg_c75f6f00
rl_2c90d418,rg_7a563c7a
rl_9a9b007f,rg_d92e3443
rl_87537c0f,rg_f0397c4f
rl_30b0a6c1,rg_3c6beb56
rl_9270da57,rg_6a7f14bd
rl_63cfdefc,rg_62e76c98
rl_fe200ece,rg_3f1abaa6
rl_fa57f0bb,rg_1a9ab068
rl_c43d6145,rg_ad73e1d6
rl_8ee8d13b,rg_db2ec32b
rl_2d821300,rg_2ded8d77
rl_7d0f3e3e,rg_c1e59506
rl_10c5d2f5,rg_b26191e4
rl_ce135117,rg_68d115cd
rl_854856d6,rg_db760adb
rl_9132012f,rg_ef3e5e2a
rl_82086c28,rg_5c07aacc
rl_3b8c8c23,rg_b051791d
rl_6ae31adc,rg_20c78eed
rl_3c370087,rg_4a95a707
rl_5836778c,rg_9ddf9303
rl_d352201e,rg_a9bf188a
rl_9feb8be2,rg_24346e98
rl_de3aea5d,rg_3f242957
rl_9c7c09de,rg_610484f8
rl_b57c5e59,rg_579f3c82
rl_f7e3b1cc,rg_c57ddfc7
rl_8014c040,rg_4540847c
rl_2145eb51,rg_ff65169f
rl_7d5ce356,rg_d736157a
rl_0127f1f6,rg_52178597
rl_b3fabe3c,rg_82dcbfc2
rl_65466112,rg_ec21df89
rl_026ca9e3,rg_1b1a9a51
rl_6a2d4ac8,rg_5879c1a7
rl_3900bc98,rg_bfc026dd
rl_8b96cbab,rg_c7197bc7
rl_4a0dfdb5,rg_ae136f93
rl_3b098bad,rg_7801e67a
rl_a411b9d3,rg_3587d27a
rl_23ea50f4,rg_1fbea852
rl_2b16136a,rg_b44cf703
rl_86ff10e0,rg_0b987013
rl_7c48a135,rg_8d9a2bee
rl_42229992,rg_c50cc622
rl_dfe9538f,rg_0fc4dc2d
rl_82482fda,rg_49b44639
rl_0dfc1807,rg_ba36eb2b
rl_c39a401b,rg_73b343d5
rl_cc0f0c5e,rg_81c9615c
rl_31361d28,rg_a2c56d28
rl_49e80920,rg_28f28c8e
rl_be7ae19d,rg_18595d31
rl_fc14be82,rg_5e6aa9bf
rl_0ef2f18c,rg_569ea3c7
rl_b2cfcd1a,rg_569ea3c7
rl_11df945f,rg_9e2fcd43
rl_cfa0c964,rg_dfd0930a
rl_65b8c00e,rg_e35c6847
rl_c14f3527,rg_45ea4587
rl_19969ab9,rg_115cf224
rl_30f57e7e,rg_eeef7653
rl_50b12ce6,rg_9952f3e9
rl_0288946e,rg_9952f3e9
rl_34fdf267,rg_59e5495d
rl_383e2de1,rg_a16ed5e1
rl_5c8e9bfd,rg_0c5edd7f
rl_1a5d7cc2,rg_6970eb51
rl_4b37fd4e,rg_d8283aeb
rl_ac7ad4bc,rg_fc49c52c
rl_4ca5466f,rg_ca49d048
rl_6144c127,rg_6758a5bd
rl_0366499d,rg_1b2d764c
rl_831e318d,rg_ca09c6fe
rl_cceaf022,rg_ca09c6fe
rl_ce9ebda1,rg_48b308c7
rl_c4762f72,rg_69957db5
rl_beb5d054,rg_367a6465
rl_d6b933c4,rg_f695fde5
rl_b203f02b,rg_05fc0802
rl_01322582,rg_98e9f178
rl_c96eef7d,rg_9aef611a
rl_ac7b7f26,rg_89883a53
rl_a543f2cf,rg_36729b56
rl_76932f78,rg_48297540
rl_71f5aee2,rg_d63ded60
rl_90da3f05,rg_4d72c51c
rl_f06536b9,rg_4217b7f3
rl_daa8d6ed,rg_87651f2b
rl_890d5c86,rg_49022952
rl_46f75ede,rg_a3f13627
rl_0942104c,rg_64977acb
rl_35246ca0,rg_75c68cbf
rl_22fd1e5e,rg_6320859c
rl_12c6c464,rg_150e2029
rl_415e9fea,rg_ea2384bb
rl_8ed8f8dd,rg_6b24ddf0
rl_e064db28,rg_91c17f4a
rl_0f125b19,rg_86163bbc
rl_5e952f2a,rg_2d85f6d4
rl_20308390,rg_cceb8175
rl_613ad80d,rg_4c8c1622
rl_b5e8b60f,rg_b24953eb
rl_e955d914,rg_b4fceb80
rl_b633ce28,rg_f01f8ff0
rl_944ae68b,rg_5943725d
rl_282c6df0,rg_5943725d
rl_9365306d,rg_d1dc9f50
rl_8923796f,rg_91ecf542
rl_39239fbc,rg_2a1031d5
rl_a87fb30b,rg_a50a13aa
rl_06070096,rg_dc736bb8
rl_735a54c5,rg_6a494343
rl_e1518539,rg_70bbdea1
rl_ceb5e301,rg_d6120be4
rl_dd3e45bc,rg_36cd03e6
rl_06b44c55,rg_c012807a
rl_ee630b34,rg_cc81d8c1
rl_732b0e9d,rg_724f91f4
rl_2ee07488,rg_71488a05
rl_90e1bcf1,rg_1143c0d6
rl_e5f2defb,rg_2d0da87d
rl_78e1e743,rg_4af91022
rl_6ada4b22,rg_7cbd4873
rl_c46cfc16,rg_7a9f699a
rl_ad2bb211,rg_41e45d00
rl_9a969b75,rg_abb07d46
rl_976d4a5e,rg_ef40f8c7
rl_741aa49d,rg_3637dd96
rl_ba0f36d4,rg_16577069
rl_4722be96,rg_184bffd8
rl_9998fcfc,rg_ae744c6f
rl_8eddc313,rg_876ac725
rl_d5353082,rg_238d2457
rl_8bece675,rg_f3c8278a
rl_2cabd2ff,rg_de3e5d91
rl_326caf73,rg_e7f9e2e0
rl_3095ed25,rg_110d7a9c
rl_854b7be8,rg_f159b2c8
rl_43ba008a,rg_9daad822
rl_1c870cb1,rg_f7d6aae1
rl_55be8220,rg_1e4187cc
rl_704f2a6c,rg_dfae9284
rl_3dc4db78,rg_9fb1767d
rl_eb31b04b,rg_4bc8dcf3
rl_8b741ab7,rg_180471ae
rl_35a1c8d1,rg_4d1587b6
rl_1a85a2a4,rg_4d1587b6
rl_83eb9d77,rg_6523a6f8
rl_d86bcfdd,rg_6523a6f8
rl_27ec818e,rg_a71329d6
rl_034a1ada,rg_efcaef11
rl_dc4224f4,rg_510cf349
rl_8c7f00a8,rg_903eac57
rl_b0effe9e,rg_8356361b
rl_79c3970e,rg_053b1563
rl_61180149,rg_1b7e096f
rl_220523db,rg_e5166292
rl_a168fa39,rg_7e6fffb2
rl_1cabdcf9,rg_a4189e8b
rl_1236c69e,rg_defad131
rl_8c55fd49,rg_b1423c9f
rl_0cb79f5c,rg_3e8d0de7
rl_5675648b,rg_2844a0f6
rl_d008dcb4,rg_848dfeef
rl_e291749f,rg_5d5fbe59
rl_b2ce101a,rg_8eb90ced
rl_0a3867ca,rg_6b867f5b
rl_d43114f2,rg_f84ec623
rl_46a1954d,rg_212a2d48
rl_abf8a5b3,rg_0835f439
rl_f35ad63f,rg_6cd94b38
rl_6a1a9267,rg_c36044b8
rl_748ca982,rg_4024f047
rl_2ba2ac4b,rg_b2a1182c
rl_43b15c35,rg_10f7ef22
rl_d08561ce,rg_ae46ab40
rl_5456c7a9,rg_bb237e01
rl_02de9805,rg_bb237e01
rl_3ad9f97f,rg_0d4ad432
rl_5fb0a972,rg_0d4ad432
rl_b44136d5,rg_5fee315a
rl_f78d6715,rg_bee47a66
rl_bf977ed5,rg_5692b8d8
rl_9617016b,rg_3bf64630
rl_bfb0a654,rg_211f726e
rl_548a895d,rg_c3f25e46
rl_d96241e9,rg_310e7496
rl_c29c3469,rg_33045d2a
rl_4a27e819,rg_4532df45
rl_deac5d0e,rg_b28cd5f9
rl_333ac536,rg_167f1e71
rl_48211b45,rg_b3a3db5e
rl_518612a4,rg_9431de4d
rl_f5dd802b,rg_ac0417c3
rl_d77ee4f8,rg_3bea965f
rl_0d2b1814,rg_14629c15
rl_c1c8545f,rg_a0253406
rl_80702eeb,rg_11fa8594
rl_bf444bc3,rg_4eb50d8e
rl_6effc811,rg_0c7d04eb
rl_8771a2a3,rg_c3750823
rl_ef8b7c59,rg_8c7ea48b
rl_1a35acff,rg_238d2457
rl_9404f9d7,rg_c5bef15a
rl_4b2be26e,rg_99d0635c
rl_db75e9c3,rg_0bd819b1
rl_7466cdf1,rg_b8aa6015
rl_e887b644,rg_5d9259e7
rl_5c698ef1,rg_0cf86448
rl_55d1e0db,rg_61d71ca0
rl_ed7b9302,rg_bb7022d9
rl_9b59028a,rg_f6032334
rl_18113e71,rg_c403ca85
rl_8bce8e91,rg_fd423e5c
rl_541f5519,rg_a5b8a97c
rl_17048b4b,rg_db72ab7a
rl_2d5cdea9,rg_dcace83d
rl_abffd9ad,rg_96e1a082
rl_5505932e,rg_8a8a1aa3
rl_5bf93a57,rg_3aee48c9
rl_5cc7d0ea,rg_24a95b70
rl_4f7f7a4f,rg_54cfe2cd
rl_e788fd62,rg_c3ebcc91
rl_cdaf732b,rg_e37cdfce
rl_f6b6f845,rg_d00f52bd
rl_edb6ab99,rg_d00f52bd
rl_0298dfee,rg_21099efd
rl_46a96ac5,rg_cebd98d3
rl_d1775b63,rg_7f599ef9
rl_b733e163,rg_5f5531ea
rl_5aaa361d,rg_6e6dfa4b
rl_c4ba6a09,rg_d74d8cc0
rl_2e196d63,rg_d74d8cc0
rl_eb0f9f9f,rg_152f81d0
rl_f771ad95,rg_8ebea82a
rl_8cd863e9,rg_527fa984
rl_b41346e3,rg_29c53703
rl_dc3beac3,rg_1ea414e2
rl_44f13970,rg_8263a25a
rl_f1a4a89f,rg_c31bbeca
rl_327acf1a,rg_720bf632
rl_bcfc1314,rg_016fbde6
rl_9559caa0,rg_ebcf1a41
rl_5f6c0a08,rg_34b90df1
rl_b477278f,rg_43871ae1
rl_b16c1217,rg_ed092ff0
rl_3a1536bb,rg_884facf7
rl_4777cf04,rg_baf260f4
rl_5fd20aa9,rg_b1028ec6
rl_1d86631a,rg_fd585e9b
rl_daac0715,rg_3bfc2be1
rl_ece262d0,rg_31abf9ea
rl_793a28b1,rg_7300b9e3
rl_1121bbcf,rg_871ff09a
rl_058978ab,rg_942d534d
rl_530e915f,rg_65169f38
rl_8f2b9e6c,rg_0d194c83
rl_ea8db24d,rg_2fbea7ec
rl_dd6773d3,rg_788d50a6
rl_fbc2f8d4,rg_5d3dc6f1
rl_fc16f36e,rg_7bbaea7b
rl_8bce5a74,rg_2b1fdb9c
rl_a4b2bec9,rg_74f18848
rl_fcca48fc,rg_4c62a253
rl_4da33388,rg_1b0914e6
rl_fac5be5d,rg_d976d83e
rl_b48b4c1d,rg_3f1105f8
rl_f912d976,rg_92b4d140
rl_264287f1,rg_d9ad84af
rl_91dd4b48,rg_f2e7ef96
rl_b277787f,rg_c82cbd2a
rl_7dc3b703,rg_3cb2041d
rl_13620a69,rg_25db53a6
rl_600ffe2b,rg_6e5d1b35
rl_a5c5312b,rg_244b8084
rl_a4aeb586,rg_68634738
rl_1de02547,rg_1b0914e6
rl_7acd645a,rg_95ed3467
rl_22a5d4b1,rg_514ff653
rl_473b302f,rg_1dd96b19
rl_88c2ba33,rg_69fbf730
rl_b71ec1a3,rg_a58903aa
rl_23e6e3f0,rg_40d5f12c
rl_9f570502,rg_f6e19eb1
rl_9b391965,rg_d74d8cc0
rl_c0828228,rg_9d5c2249
rl_57831ed6,rg_1f0e525f
rl_bc188287,rg_5a1f6157
rl_4e5c6d07,rg_fe2e479c
rl_f546f508,rg_8f8ea033
rl_f94b6c1b,rg_a747b0e6
rl_df74a216,rg_1a2e8591
rl_88294fa2,rg_f85b3cf0
rl_74533758,rg_02a540e3
rl_ecfecf18,rg_03be84be
rl_be660fd0,rg_e8289b55
rl_2ee6867b,rg_c18ef8ba
rl_9b9e1cbd,rg_d6c60dcf
rl_32847dc4,rg_82a5576c
rl_588fd593,rg_71bc60bc
rl_f9e6a97c,rg_199af552
rl_dd6d5ef6,rg_3d6f73a8
rl_e134e6f9,rg_4ec4f807
rl_e8090d63,rg_eba5dfef
rl_eba9b8ef,rg_ca9b7843
rl_7c0b7a2f,rg_ab308e04
rl_d3013eb4,rg_ce74618c
rl_f983aa94,rg_bdf71e7b
rl_df94b67e,rg_03d7e83b
rl_f36687d0,rg_25842e65
rl_cdddda37,rg_26f805fa
rl_86cb2a63,rg_f02005a6
rl_bb02eca0,rg_fa358726
rl_7133ad30,rg_db50ecea
rl_13c40729,rg_e5320257
rl_8cf3f36f,rg_60bde67c
rl_86739d1d,rg_878007cb
rl_6c8aa9b2,rg_4ec4f807
rl_19f74194,rg_7ebb498a
rl_75cd1915,rg_d5562637
rl_dbc74149,rg_c6fe18d9
rl_027787c7,rg_0452d3c0
rl_3ab33870,rg_ef73a61d
rl_32859110,rg_9203fe40
rl_713181d8,rg_4f52d943
rl_53b12c7b,rg_070666cf
rl_f64284b0,rg_a3c5e7e0
rl_f25cf5bf,rg_62f31c53
rl_c9b837a1,rg_4891b290
rl_38244f82,rg_b1f870e9
rl_3f5c74f4,rg_f7e104c2
rl_95d813ac,rg_2bcfb152
rl_04e46c9f,rg_38744f60
rl_49d0a25a,rg_f7e104c2
rl_da894fef,rg_4c62a253
rl_324c9d86,rg_1b324c57
rl_fe78d094,rg_467d66bd
rl_2fa8fad9,rg_5d1e4b1c
rl_9d003b93,rg_0fc89602
rl_a5314f74,rg_8356361b
rl_99c40967,rg_67347a9d
rl_8f572f31,rg_ddfa5a56
rl_548c0321,rg_f9395c89
rl_52fb9a21,rg_7f89b20c
rl_54a6763f,rg_0855821a
rl_86ff8f26,rg_d3c5e318
rl_e4b60234,rg_2bead2a4
rl_7ac43827,rg_b67ebeb8
rl_80e678d4,rg_fb4502f7
rl_a5b41a90,rg_e706f1d4
rl_c4439d71,rg_6c69b368
rl_d14b7538,rg_277090eb
rl_bf50f16e,rg_4df04f68
rl_a251c650,rg_a8df81ce
rl_d01a9221,rg_65752439
rl_06a3bb99,rg_340e0473
rl_f16624d0,rg_af6c14ce
rl_7e4537b8,rg_4e1f3eee
rl_c053cca8,rg_fe8e4508
rl_a132d58e,rg_40d3f7c4
rl_e6a6d79d,rg_dec1fcd6
rl_37f891aa,rg_925519c1
rl_23931f1a,rg_0f2f930f
rl_35f4f079,rg_598de438
rl_a099859a,rg_a2c56d28
rl_bdc3008b,rg_333646b6
rl_ea8fca84,rg_fdcdf8ec
rl_1396b268,rg_64a28309
rl_f3a19ee5,rg_80efd7b5
rl_f4c4cd52,rg_baf93154
rl_f9ac4910,rg_62933324
rl_5bcc0b90,rg_4532df45
rl_f2dc41ba,rg_dc52fde9
rl_d408f83c,rg_8a201264
rl_e0095ef9,rg_a446523c
rl_27e9901b,rg_6accbf00
rl_1b70108f,rg_9881678b
rl_b4df7b2e,rg_7097bd34
rl_81c6b87a,rg_44a3c802
rl_0e3cd7f6,rg_7f66d7cf
rl_d98f6073,rg_c61e5bf6
rl_38b13830,rg_4c717870
rl_7ed41eaf,rg_d5bf56c0
rl_eb0a9113,rg_92e46c47
rl_e51b4644,rg_1049358d
rl_38dc3f7a,rg_88939607
rl_bc08fa5e,rg_0b5fb17d
rl_76a31f1c,rg_d6bc1c0a
rl_6766ac78,rg_d6bc1c0a
rl_3593b743,rg_d266a36b
rl_4ed68e5c,rg_35359662
rl_c5a63654,rg_84b8bf96
rl_dcb999b9,rg_ee4364f3
rl_86e82560,rg_5d12c6a4
rl_54a0844e,rg_2b46a044
rl_be7caf60,rg_2b46a044
rl_133b47f3,rg_69295d2e
rl_ef3ddec4,rg_115d4007
rl_6efca946,rg_2128aebd
rl_8a1ace86,rg_5bc92e66
rl_147edd93,rg_00cc5949
rl_c4f28ea6,rg_c6c54cb0
rl_ffb8c184,rg_e07d136e
rl_894a933b,rg_660e1c19
rl_0340fb82,rg_ed630163
rl_fb534b22,rg_383a734c
rl_4ba10ae0,rg_282011d8
rl_d91c055b,rg_16742f90
rl_1d667907,rg_3207ea31
rl_a61a5617,rg_3737f756
rl_dbe28fa4,rg_10685c90
rl_48595905,rg_c7617247
rl_1ee564c8,rg_5d0dacc1
rl_39d8dda2,rg_d0b0c1b7
rl_43a62b46,rg_00449370
rl_25c196db,rg_dabaa651
rl_67c9a5dc,rg_6943e4a8
rl_61307edc,rg_13a9e072
rl_279f555c,rg_5c6a2737
rl_08a3d8e9,rg_5c6a2737
rl_71289b37,rg_4ca4cd7c
rl_cee2612e,rg_13876f83
rl_494ece6f,rg_82edf319
rl_219cca28,rg_21cde7ba
rl_13c83071,rg_a2a55109
rl_0b68ccb2,rg_390d5435
rl_d96c3caf,rg_1e2e9160
rl_2573f558,rg_569eae3a
rl_26b88ae7,rg_8d735d23
rl_6a6f0fbb,rg_5726499b
rl_3fe807e2,rg_1dd57e2e
rl_9e41f459,rg_b51bc1cf
rl_dcecae83,rg_9fc8bed4
rl_0ef96d43,rg_e3c829f1
rl_9e47e169,rg_bee163b3
rl_ff24a024,rg_56e49326
rl_b036c301,rg_e9d72aa4
rl_3f7a9456,rg_c8a4dc71
rl_951bf748,rg_65658020
rl_6f91f318,rg_04fbdd81
rl_34d53c4b,rg_04fbdd81
rl_4a9ece1a,rg_e824dafd
rl_e96facea,rg_de7d9ae9
rl_18826db0,rg_f24984dd
rl_5f3aa069,rg_58aeb4c5
rl_3e6ea514,rg_225ffd00
rl_65aebd12,rg_9d703f8d
rl_4e6d6ce2,rg_3452a800
rl_4820332b,rg_66b7157c
rl_d8e42bee,rg_4e13910d
rl_c41e1664,rg_2a9021ce
rl_0ff811c5,rg_1d90cafb
rl_94076c45,rg_adb94bce
rl_5b8ebb1a,rg_dd6cc030
rl_331ff0da,rg_b49c3c3c
rl_56d0bcb0,rg_c1e59506
rl_67e25b23,rg_e6aff5be
rl_978ed684,rg_c7cb988b
rl_7646b4a8,rg_f7af4524
rl_2e991311,rg_13ef4248
rl_192809e3,rg_3cf08f4e
rl_553d5602,rg_297d7da1
rl_4ad6d4b3,rg_f5b3a210
rl_75144e61,rg_3637dd96
rl_94859692,rg_ff63e93d
rl_e3255c9f,rg_e42496e7
rl_c0bf7c63,rg_e42496e7
rl_d7be9884,rg_27c36a09
rl_df6d5c56,rg_2c673b03
rl_702ca482,rg_b8ea206c
rl_8c4f0035,rg_44f66ab3
rl_5a125c78,rg_44f66ab3
rl_01a6a05b,rg_ba132fcb
rl_b2b04296,rg_1258c970
rl_86d6f01b,rg_5846cf6e
rl_8a8cdc19,rg_748df9af
rl_4244bd56,rg_7d086149
rl_eeb79b2d,rg_2e1a403c
rl_c123805c,rg_6e9f0472
rl_70185e0a,rg_2d513c9b
rl_b2bd422a,rg_d4bbf33a
rl_6a732890,rg_e34bd12f
rl_c3d60dba,rg_55c51f62
rl_7ce8838b,rg_8d70ffe3
rl_ebadb753,rg_5d3dc6f1
rl_54babad5,rg_7a036c74
rl_d445e5ee,rg_a0d17c79
rl_27eeeac2,rg_0bc0efcd
rl_014e7539,rg_65cecf63
rl_00975eb0,rg_bb154091
rl_77b3961f,rg_ef07241e
rl_e3f790f3,rg_94cf3472
rl_21a5a43d,rg_7aef05c5
rl_6d9607c9,rg_ccaee64d
rl_16765704,rg_9bb43b3d
rl_ce0649c9,rg_0606b9e6
rl_9f7d5a27,rg_3027c682
rl_c8a468ab,rg_f1113944
rl_cc8d6222,rg_d42213a4
rl_75789a2d,rg_603c95ab
rl_75d46760,rg_603c95ab
rl_17fd9df0,rg_a2ee1bdb
rl_f30da803,rg_a2ee1bdb
rl_dee8b939,rg_3cf5c123
rl_6e8ebd78,rg_e9033610
rl_5389de2e,rg_4e13910d
rl_5897336f,rg_c2523bc8
rl_5d8049dd,rg_70a77a06
rl_b39e1f1a,rg_a52410a0
rl_909a4b50,rg_4f0b1a5e
rl_3370b62d,rg_7a036c74
rl_29d2892d,rg_67cf8064
rl_19c68eed,rg_4580557d
rl_f4cca50c,rg_060defdc
rl_5e9a58cc,rg_c2290f07
rl_fc2d9472,rg_dc8148cc
rl_915e3751,rg_47c112e4
rl_ac6485d1,rg_4005375e
rl_932d5932,rg_7f381cad
rl_0327a4d0,rg_e3811b1a
rl_f279584b,rg_6d222115
rl_593ba526,rg_0df18585
rl_34d83fc6,rg_93041f6a
rl_576b3426,rg_db857d49
rl_2a2250c3,rg_34ff83d7
rl_c3c4115b,rg_ba740dc2
rl_2dd5c4de,rg_ae744c6f
rl_4cf884da,rg_22568b64
rl_d922d243,rg_c685a762
rl_ddff90fc,rg_ddb1ed25
rl_20c5c915,rg_274818b0
rl_c56b6c47,rg_2849341a
rl_5aa2faba,rg_e692d7da
rl_84bcf69f,rg_e5c14c44
rl_2ca0cac4,rg_6cd9884b
rl_27cddad9,rg_c42528a3
rl_207ce398,rg_abe08e64
rl_4bd4d823,rg_306904ff
rl_b738dc9c,rg_4c1354ee
rl_9201589f,rg_ee51c2c8
rl_5a414c9d,rg_586f01b7
rl_355a0b3e,rg_2333baae
rl_b0fb5099,rg_5fc0049c
rl_adaf3ce1,rg_7dadf36e
rl_dd4262c5,rg_f2333df3
rl_5d3927ae,rg_8f1c7167
rl_f50c4132,rg_bc86d8e5
rl_102bc141,rg_8499aacd
rl_3c5e25ba,rg_9e3c1dee
rl_034546d1,rg_a93c0d37
rl_a39bb32a,rg_ba49057c
rl_48f44d0a,rg_825069fd
rl_127f7041,rg_3ae48de2
rl_f0586656,rg_6e3cc2df
rl_b5160737,rg_2df69a18
rl_042cb675,rg_daceb82d
rl_9fb1af9a,rg_6f3fc23f
rl_d788f821,rg_38e66a7b
rl_d0ed0d19,rg_e0530a68
rl_a4e015a8,rg_153e847c
rl_fe1d51b4,rg_31867a8e
rl_deab3d56,rg_460c574f
rl_b3820f00,rg_7b52b130
rl_f8fc331e,rg_e907ec95
rl_f81e8f51,rg_af744246
rl_75faad3a,rg_460c574f
rl_f631c0bb,rg_0e3a9788
rl_cf644ecf,rg_3c2f89eb
rl_a5d2b1b5,rg_740ad9df
rl_cf8dab08,rg_e8f32e8f
rl_4ceead6e,rg_53ff8364
rl_ccd64c8b,rg_6ea2f038
rl_5cccca00,rg_e7020455
rl_4ec8239c,rg_2e2b3a8c
rl_8f837241,rg_286f27d0
rl_3ebe7064,rg_6d18a8fd
rl_164eae18,rg_aac987c3
rl_089098f6,rg_ec8e9b47
rl_650f8b15,rg_abadce4b
rl_84005274,rg_9d703f8d
rl_5f7354db,rg_85b6b389
rl_691ee422,rg_2ffecf1d
rl_13d2316c,rg_c5ba3448
rl_23d5c215,rg_b26cfbab
rl_c72d4f19,rg_bb2e9a23
rl_4cb46b27,rg_941000a4
rl_af1e9549,rg_abd947bc
rl_3240733c,rg_e1811f64
rl_c91f64d1,rg_ee24777f
rl_70f7b8a7,rg_ef8b7cfc
rl_c8dffbcf,rg_c071c9b3
rl_2bd8c41e,rg_33aed67e
rl_17b9ac22,rg_fd79b9de
rl_c54e3cad,rg_d54d0fc7
rl_8ffe971b,rg_d4423549
rl_fb4e3480,rg_3a16c567
rl_56f6dc9e,rg_7ebbb4c9
rl_17b010c9,rg_68711692
rl_bbbbb990,rg_0b9983aa
rl_84bd7ec3,rg_0b9983aa
rl_0dee88fb,rg_5848eef5
rl_f8d18d80,rg_6ec2e0b6
rl_7c1f2ac2,rg_7c827af9
rl_e9feb9a3,rg_daee0162
rl_b89f8305,rg_2e825ebb
rl_5994dbfe,rg_3bf64630
rl_fc9dcf65,rg_f831230e
rl_6d3abba4,rg_7a34cc4f
rl_f8d34bd1,rg_db87371f
rl_ec94d79f,rg_e6fa4f28
rl_9c27224c,rg_56f6c7b2
rl_e0634874,rg_cd5f6eeb
rl_1ddbf4dc,rg_f3e22cc2
rl_ae4600be,rg_db639b54
rl_ab315173,rg_6618c74f
rl_8f428473,rg_dcb9addd
rl_596d5e68,rg_7d629da2
rl_e99012c1,rg_3a6d55f1
rl_a4cb12f2,rg_55bf7ff3
rl_a5a53d6c,rg_2ae364b3
rl_dabdb2ca,rg_34bd6685
rl_8ea73558,rg_906b8808
rl_d1d6e5f2,rg_fe572447
rl_869df67a,rg_9aaa191b
rl_bb7982b3,rg_af038081
rl_be0ffbb9,rg_70283612
rl_72daf826,rg_e078e7cd
rl_dd264154,rg_add34159
rl_eaf492fc,rg_e498a6eb
rl_fc50e8c4,rg_6ac2c4bf
rl_f6294742,rg_d9a0606e
rl_04915c51,rg_f9b74db5
rl_14b4029b,rg_d179f503
rl_b9f63ffc,rg_80009b8b
rl_5ac66dcd,rg_146b3cff
rl_783ea3ca,rg_ba3abdd1
rl_1d4d8f82,rg_137b313a
rl_349ccf75,rg_934ba920
rl_42875c5c,rg_773ff0aa
rl_e335fe31,rg_faf26f98
rl_b6d7c0dc,rg_9b9bbe0e
rl_3563e23c,rg_e25a416f
rl_d8df521f,rg_cb03954f
rl_2124f158,rg_5262da99
rl_e5dfdb6c,rg_807769f0
rl_ec93b4af,rg_b11d136d
rl_2fdd51d1,rg_21efc280
rl_cf476a1d,rg_99a06181
rl_82005315,rg_0d34d0b2
rl_9fcc1a17,rg_99468113
rl_1b791751,rg_3fea15bd
rl_d2ec1183,rg_7f5a60c5
rl_ed76c2e2,rg_29314ff0
rl_47f2dd51,rg_b0c314e3
rl_8ac0e85d,rg_8aefd37a
rl_6c17e01a,rg_42c5864a
rl_7ff543cd,rg_c707b6f8
rl_bc05c73a,rg_0a6597d4
rl_e8461259,rg_a9cb8a98
rl_df88a7b2,rg_25e48e2d
rl_ad86f6d9,rg_50dc67a0
rl_842eaec1,rg_d67ea79d
rl_3188d659,rg_17153376
rl_bf756841,rg_781b57a9
rl_d7a2a985,rg_e4d3573f
rl_66a6e473,rg_9b597db4
rl_b5f63c37,rg_6e572d6a
rl_a1075950,rg_dafbf03d
rl_35e4350a,rg_13542b73
rl_93c20d87,rg_edb422be
rl_ea66f065,rg_3668b6e5
rl_fb3be71a,rg_7c9ea8d0
rl_3aa48e7c,rg_dafbf03d
rl_3329b0df,rg_d1e8a468
rl_1cdd94f4,rg_8999dff8
rl_3859c30d,rg_3617cdb5
rl_6a2299cb,rg_78df5a70
rl_47c45898,rg_b20d3545
rl_d82c798e,rg_ba132fcb
rl_b0111b40,rg_6e8ab5d9
rl_c02a99d5,rg_0aa3c4d1
rl_11be8446,rg_fc7df443
rl_a1e3ef0d,rg_82fd6258
rl_88b77327,rg_87207268
rl_e6fe2b6a,rg_47a41608
rl_7ddb7171,rg_727941d8
rl_13a06c80,rg_454639f2
rl_834a43b4,rg_5ef4db50
rl_4b84057d,rg_2864bb1b
rl_e9d3b31a,rg_f56eab83
rl_dfe352ce,rg_8a9c9a04
rl_dc603e5a,rg_9e539612
rl_39c9e8f6,rg_dffa8662
rl_2ff1ab02,rg_f56f4a88
rl_cf626ab4,rg_49b17f44
rl_560f86ec,rg_5538b635
rl_2c84c4cc,rg_b5740cd7
rl_766ed38b,rg_dc139f43
rl_58c9f45e,rg_cf476878
rl_755dda45,rg_bf96bc08
rl_0cea11db,rg_634c83b2
rl_d004a4cc,rg_5057b526
rl_9ccfba89,rg_77ab2c05
rl_1cae4619,rg_71332950
rl_302289e1,rg_190fdbf6
rl_6467e4ab,rg_4f2e80f1
rl_efa5308c,rg_9bd36360
rl_4f110b49,rg_8ea8f48d
rl_c3046810,rg_a889b92c
rl_b168de7c,rg_45a7aa4f
rl_38d80049,rg_465278c7
rl_364a6ded,rg_bdb4bcc1
rl_666d2e61,rg_19e797ab
rl_c9c89891,rg_eade0b54
rl_bce1bfb0,rg_b4559000
rl_55c65628,rg_f9f8c81f
rl_4309d42e,rg_672df328
rl_958e57a5,rg_c1d5b4a7
rl_93d08391,rg_a6b78173
rl_b7e52c44,rg_9ee5c6a4
rl_2513c932,rg_72ba3089
rl_359e7f5b,rg_ed35688c
rl_f2649941,rg_60764ae9
rl_104a1c03,rg_73fa108f
rl_2d3f556f,rg_6844d7a4
rl_dbed4b49,rg_4070ab5f
rl_5f177921,rg_51614903
rl_a49dff7c,rg_5883c41f
rl_d2d8b620,rg_2a4d57fa
rl_c11a2615,rg_dacfe647
rl_6ab9e13b,rg_27c36a09
rl_523ffb6b,rg_3eb088de
rl_fb0719f6,rg_336839eb
rl_c0e3d305,rg_6b039a20
rl_8eeb5139,rg_fc462c8f
rl_495259be,rg_5a1e1255
rl_6c05eac1,rg_db7ff79c
rl_f3998192,rg_b8c5f7d9
rl_403c2263,rg_5b024cf0
rl_0697ff12,rg_8c8b6a34
rl_dd40fb68,rg_9b2c68a9
rl_6d840214,rg_5943725d
rl_e4489438,rg_97376953
rl_e9985e98,rg_700d2399
rl_0172ce85,rg_08b178f3
rl_f5b8ba8c,rg_8f1592d7
rl_487690a6,rg_5ece974b
rl_905ebfec,rg_218977d5
rl_921a9bbf,rg_bc46b514
rl_90b04a4f,rg_2e565131
rl_5d6f3a15,rg_384248f0
rl_0ab6a425,rg_d51a7538
rl_4706dc40,rg_e704a177
rl_a7432963,rg_f9680b1a
rl_f477f96a,rg_78e476e9
rl_5e56fb72,rg_3b98d5bf
rl_6d4caa34,rg_7fc3e423
rl_5b74ebf3,rg_b3bdd842
rl_8803c776,rg_68634738
rl_d1725858,rg_4d2fb4a2
rl_75b27675,rg_ac61d740
rl_689922d1,rg_6d2eda2e
rl_e21388d3,rg_7ef0b7ad
rl_1afd5169,rg_f5581fa4
rl_0c0a8f64,rg_5d5fbe59
rl_247b7aa4,rg_2ffecf1d
rl_2ef37688,rg_2de69131
rl_d4c77035,rg_199af552
rl_f6a9b7d4,rg_aeb5ba84
rl_1cc98d99,rg_781b57a9
rl_8ae83e71,rg_1b10a5d1
rl_8e76ccc0,rg_53219562
rl_0e80d4f2,rg_67fa7e14
rl_21591896,rg_ff0547bc
rl_50856c00,rg_94a56955
rl_41a89024,rg_23a7553f
rl_ef9e3e55,rg_ee01d4f7
rl_6d99d059,rg_ff0547bc
rl_97c9e38d,rg_f7e5f116
rl_a0151ef3,rg_f8f8f437
rl_c87af74c,rg_340e109f
rl_2a253ef1,rg_4ee97802
rl_77c5620b,rg_ab2cb8a5
rl_8f6b7b5e,rg_7085184e
rl_c388b79a,rg_8f130959
rl_269f244c,rg_d6e85e7f
rl_abc24994,rg_78538a52
rl_b9cdec9c,rg_5e04d234
rl_302da16c,rg_5e04d234
rl_2aa86442,rg_89f10191
rl_86666159,rg_8a19c61f
rl_9d7b8b41,rg_821dd9d0
rl_a4e5c655,rg_8d0368e3
rl_be43ce62,rg_e1969168
rl_ac991a38,rg_3ede86d1
rl_b9754a13,rg_3ede86d1
rl_286ef322,rg_842f7963
rl_dd38ec3e,rg_2458fe33
rl_97d70a96,rg_d868f961
rl_4fa69354,rg_7bbd4eee
rl_46763ffc,rg_e044727d
rl_1098bd28,rg_3e72c7cc
rl_5552f55f,rg_14647e35
rl_88bea0b1,rg_24d15549
rl_6f613d02,rg_ae96c2ce
rl_1a03ecde,rg_d9c51ae2
rl_4212cc6d,rg_64823818
rl_2e742399,rg_140c8fd9
rl_33471682,rg_a34c7964
rl_a5540eaf,rg_997c3ece
rl_bf56b479,rg_a31b09b4
rl_e0e2a69b,rg_e2e515af
rl_4dd35d7e,rg_63996bc2
rl_72ec9ff3,rg_7806e28b
rl_28b16dfa,rg_de3e5d91
rl_ca03a469,rg_c6c9e12a
rl_ed69de3f,rg_dc1c03e2
rl_c296563a,rg_a0de00ae
rl_d8ab0cbf,rg_97376953
rl_59f7748d,rg_97376953
rl_c25479dd,rg_6eba2bd0
rl_f4b5ce6c,rg_1deff32f
rl_4b841c4e,rg_1deff32f
rl_26b94be9,rg_dba09eb4
rl_5ef98327,rg_83f962a0
rl_61aadcdf,rg_4180177f
rl_21abcad7,rg_605ca595
rl_79277e57,rg_8c3cace8
rl_f16527e7,rg_701b2d85
rl_5f68df57,rg_e7bf8379
rl_46f49da3,rg_9adebdd9
rl_06ed1e02,rg_03b86c87
rl_5c817c62,rg_5e47f054
rl_9475e7de,rg_c88bb101
rl_9893504f,rg_172e5ed9
rl_54c7cf38,rg_c50a75ad
rl_cee4ba0b,rg_26ec5913
rl_bac634d1,rg_b54630ec
rl_c7425ad5,rg_c8b77d11
rl_79cd07d4,rg_908c23f8
rl_9a9ce9b1,rg_e8bc5c3d
rl_a12ec57f,rg_f84ec623
rl_51f5b501,rg_7702b871
rl_b3b7bffd,rg_5e25be2c
rl_ca29243c,rg_6cd9884b
rl_53bdcdee,rg_7049ab1e
rl_4e458e38,rg_0f4ec5b7
rl_6523e282,rg_939cb1fe
rl_0f75d5f1,rg_a430a45c
rl_6e70866a,rg_2c095fc2
rl_7cdbe931,rg_0d8ae2a2
rl_502bfde3,rg_6e6159d0
rl_bb32e574,rg_b176ae08
rl_ec1ae6ae,rg_3f1fe9a0
rl_7d0b346e,rg_eba0e7b7
rl_92af6563,rg_94e10043
rl_52d0fa21,rg_a8032b48
rl_2366f9aa,rg_700d2399
rl_71d539f4,rg_700d2399
rl_19075825,rg_c7b53ff8
rl_6cf92453,rg_302800f0
rl_7ee2e637,rg_af64da31
rl_2468568a,rg_2a3299dc
rl_833b8cfe,rg_facbcdc9
rl_14171b16,rg_8219a486
rl_e09836bd,rg_3cbeefc3
rl_5759d098,rg_76ef9cfc
rl_5e76b8b7,rg_08a7e756
rl_2970c4be,rg_b5d914e0
rl_60b9ab2f,rg_03be84be
rl_7081bad4,rg_c071c9b3
rl_23db40e2,rg_fb801e29
rl_0c46ef07,rg_eba5dfef
rl_0cb00d8d,rg_18857899
rl_9fe75626,rg_1a2bf57e
rl_32d8c452,rg_2c4bd695
rl_7c3c8168,rg_fa8d88d6
rl_27efafc2,rg_261b1a37
rl_354a782b,rg_e4181435
rl_03644ae9,rg_f328e224
rl_95a747ce,rg_bb8ebf79
rl_f20a6f91,rg_99146d35
rl_e3af377d,rg_012c93ff
rl_14200368,rg_2c845ec3
rl_617b556a,rg_9c24d1c2
rl_39de54ec,rg_cb97c370
rl_86b9f3e0,rg_28cfef46
rl_2cd8be48,rg_31034078
rl_47bd2f3e,rg_e45dfbd1
rl_e11a8cb9,rg_f5c78831
rl_3b9c5a69,rg_10457e49
rl_38013cca,rg_ab46a566
rl_2c2093cb,rg_8c67a5a4
rl_78be5b1b,rg_7c4ded0c
rl_61dcdf1b,rg_36a1c89f
rl_0dfa7466,rg_df38d97b
rl_a381acd5,rg_32afd6d1
rl_d12c6485,rg_ac676614
rl_2263342e,rg_b58053ee
rl_1bbaccd5,rg_cb238871
rl_ca4473c7,rg_25202182
rl_0c8c462f,rg_41597a1c
rl_857693f4,rg_b67ebeb8
rl_8a905233,rg_383ec915
rl_78f38df1,rg_70c87330
rl_9dafd73d,rg_ae9ec696
rl_d51d99ff,rg_ae9ec696
rl_0172592c,rg_41213ce3
rl_d2aae6f6,rg_41213ce3
rl_67a8ef70,rg_fe570f21
rl_9de9a925,rg_5a8debad
rl_261bb80c,rg_88a7fe47
rl_d1ab5aa3,rg_0a845c1b
rl_51a384cf,rg_72857408
rl_45b45e78,rg_c707b6f8
rl_e83a04cf,rg_c5e7b72c
rl_c37d1750,rg_a77f7f08
rl_6c6d3efb,rg_015f3f48
rl_9c76bd07,rg_4c62a253
rl_adcd46b3,rg_bece40b0
rl_490d6ed6,rg_26b9e132
rl_b394e786,rg_2a2dfa9d
rl_1cba3b2e,rg_bcd6f425
rl_a4f2a0d3,rg_dee8a400
rl_81789df3,rg_74b5ef0f
rl_224747e5,rg_75c1de37
rl_7e042d82,rg_92540849
rl_81e1dfb4,rg_145d3442
rl_69d282cb,rg_b783951f
rl_8f3d4942,rg_08d8682c
rl_96f0d1bc,rg_86c6df5b
rl_78fd64da,rg_00d72e1e
rl_40636ec3,rg_00d72e1e
rl_23eeb314,rg_7ef609bb
rl_52cdb06e,rg_2b70423b
rl_9e0fda3e,rg_5d8801f8
rl_d8371ce1,rg_b5a62922
rl_5dfe372d,rg_b00435eb
rl_ac23e9d5,rg_70b3077f
rl_fb5b2d9b,rg_bd7362bd
rl_3da78039,rg_0f4ec5b7
rl_c3fd5f23,rg_2206e965
rl_96267eed,rg_965c6d7c
rl_17bf8561,rg_61c3c95a
rl_a7980276,rg_1913aadb
rl_dc03cd8e,rg_d48f7e76
rl_bc99d887,rg_d455db40
rl_f9b96cc7,rg_495d6b7f
rl_60c0ed97,rg_86b895cc
rl_f9f15345,rg_d5ed6bd1
rl_6ca7f93d,rg_b558a397
rl_39c8bfb9,rg_da9c515c
rl_4f813b6a,rg_b54630ec
rl_24c6c4e2,rg_d7ba49af
rl_1d07790b,rg_a6678969
rl_a8ef3a69,rg_0a27b51e
rl_18d6f6b6,rg_ce160fdb
rl_ed1da809,rg_a8032b48
rl_70c55e53,rg_c2f0a78c
rl_7bdaeebb,rg_67ca6e13
rl_de430d21,rg_5190ff07
rl_767e14ce,rg_7aef05c5
rl_da8762ab,rg_212d4c86
rl_f3867dd1,rg_b0375b27
rl_fb06ecc0,rg_9758961a
rl_73233814,rg_9758961a
rl_ba986f62,rg_07d64c89
rl_5ef142dd,rg_df4b2e72
rl_2100fbda,rg_7455e892
rl_1de590ca,rg_5a7e289c
rl_ccf9e6ac,rg_26b9e132
rl_82cfc8b9,rg_13c40f76
rl_8499283c,rg_0dfd248d
rl_ffe1ab61,rg_0b1f42da
rl_5639ca99,rg_41827b37
rl_04318f44,rg_1ca8d3e9
rl_91d88aad,rg_4944af76
rl_6ed13380,rg_65beb617
rl_7c83446d,rg_764ea4c7
rl_4288029f,rg_f2cd17f3
rl_c290e5b8,rg_781d98ae
rl_73950c5e,rg_9b1239d2
rl_592f9c0c,rg_dc52fde9
rl_99b91b20,rg_d8b3e065
rl_d1f8ab29,rg_d8b3e065
rl_b80b5507,rg_1a9ab068
rl_f203f425,rg_3d62c72e
rl_3f4c2e67,rg_312a02ee
rl_bbe25817,rg_41213ce3
rl_79f248eb,rg_3cdc1021
rl_d71fa091,rg_569eae3a
rl_e3df4035,rg_92fd2623
rl_4b9d900d,rg_b4a98c29
rl_4ec5da30,rg_42442a9a
rl_4411ff5a,rg_5920f89c
rl_108bc22f,rg_5920f89c
rl_8045ac68,rg_7e921308
rl_6b626375,rg_408c09f0
rl_dafe2a4a,rg_408c09f0
rl_a14679cd,rg_0200dfd1
rl_f32788b7,rg_2a6936f2
rl_131958ff,rg_56e6ac26
rl_282a8f77,rg_56e6ac26
rl_55b41e4f,rg_0eb01c8f
rl_d539efad,rg_0eb01c8f
rl_bbdc30b8,rg_6a847ad3
rl_ea51ec29,rg_412c3119
rl_54367897,rg_0c6d56fb
rl_0784230b,rg_548cfcfd
rl_2f39e05d,rg_5086d800
rl_ab583ece,rg_7ef4d88f
rl_88b0fce7,rg_f8aee91e
rl_fa37e12e,rg_0e21c66d
rl_cc48185f,rg_fe880660
rl_ffa927b0,rg_cfd8d8e9
rl_15d80137,rg_78053e3c
rl_99cf3505,rg_c6c9e12a
rl_19ea72a0,rg_8c55880c
rl_2fa1feb4,rg_a54bb270
rl_82c6a98b,rg_c7d91428
rl_644fff5e,rg_16faf1a5
rl_dacd9946,rg_2aff836a
rl_0250a6b9,rg_71a0ea94
rl_cc6c42d6,rg_1dce5c5b
rl_a2fb43f0,rg_6bdd64e0
rl_79d8ac45,rg_c17a1828
rl_45fc6d1e,rg_0e9d0bfb
rl_1aa15aa7,rg_0d3a43dd
rl_2bd80882,rg_e9f62bf8
rl_7c5de3de,rg_cef69345
rl_15f511a0,rg_2e5c97e9
rl_8be0d212,rg_e34bd12f
rl_75e289a0,rg_49455412
rl_0e5f89af,rg_ee7b0b2c
rl_736e7994,rg_1bb72d97
rl_ecd57cb9,rg_d2335f37
rl_fc801d49,rg_e844c589
rl_470b88b9,rg_856c8d96
rl_c8759768,rg_614f3c58
rl_6701f76e,rg_4fb12525
rl_b5433890,rg_de800013
rl_648fa397,rg_f82dab1c
rl_849b6446,rg_99d1ffe3
rl_1cd2c8fb,rg_ce893351
rl_e3fc170c,rg_93199379
rl_b41740cc,rg_e737bc91
rl_164d2493,rg_5d0dacc1
rl_423aee76,rg_c2115d26
rl_3fdbeff6,rg_00c6455c
rl_16437ccc,rg_0606b9e6
rl_7d89f717,rg_c2d2279e
rl_ffbff940,rg_720bf632
rl_7e822a81,rg_2cf2df33
rl_5c5e171c,rg_237de436
rl_f29d4d81,rg_1690dbfe
rl_1f4fbd2e,rg_8c08dd01
rl_455b04da,rg_903803b2
rl_06bb474e,rg_82a7725f
rl_260e389b,rg_a67e32e6
rl_2d6bfe37,rg_25c2219a
rl_7ccbb16b,rg_2c0f0514
rl_8b48454c,rg_634cdc22
rl_0c14a55c,rg_4698ae57
rl_d9479510,rg_6aed4714
rl_7b0f1ef3,rg_819c03b7
rl_bcb05b35,rg_0a8aa8cd
rl_bf4d48da,rg_5e5e041d
rl_d083b0d9,rg_f166b671
rl_7292c35a,rg_c50d6dd5
rl_c1b41a87,rg_f71e4758
rl_74f52365,rg_40ebedc2
rl_f062e319,rg_3e907b5e
rl_267eb1be,rg_ca1225ef
rl_fb1eacbf,rg_beb71d8e
rl_90701d19,rg_8cebd262
rl_4cfd6fbf,rg_0d4987d8
rl_3381ee42,rg_171ee8f5
rl_1d3cc7d6,rg_171ee8f5
rl_5ef91b10,rg_d8ba37cc
rl_747f4c32,rg_85b6b389
rl_3a1e4c04,rg_daa4a1f9
rl_3cac8785,rg_1246afb7
rl_5a011d11,rg_4eeb25f5
rl_e43896d3,rg_f66608da
rl_7b01f77a,rg_a9ea0eef
rl_79fea2fe,rg_817769e5
rl_501a956a,rg_bccf4cfd
rl_a95af141,rg_36793c41
rl_f66c7539,rg_5964ea2c
rl_1fdb613c,rg_6a73184d
rl_441833c8,rg_782ed123
rl_6e86f2a8,rg_a88e139e
rl_624740cf,rg_b5659c77
rl_91c62f6c,rg_f2868bd9
rl_a6d12ddd,rg_237ac792
rl_71ad7faa,rg_a091f518
rl_cbbb4a27,rg_634d6e68
rl_c58c666a,rg_ad0a025c
rl_251713c4,rg_77606399
rl_622dd86d,rg_b29ddc38
rl_1b837f8b,rg_b09d3cce
rl_c8c02104,rg_d67db7dd
rl_3a0b4f85,rg_104b55b3
rl_2d20075b,rg_25dcee14
rl_95b475ba,rg_f6032334
rl_b608d107,rg_ab33afc0
rl_d251a0dd,rg_5f618068
rl_25ab7a60,rg_e332a147
rl_9369d81d,rg_92e46c47
rl_bb9a8ef5,rg_3a0d2868
rl_51674dc1,rg_2f019a4d
rl_cc12fae7,rg_65169f38
rl_e34a2aca,rg_5726499b
rl_41a8cab4,rg_fd81f3a9
rl_4124220f,rg_47a41608
rl_87213947,rg_af900d1f
rl_f2918f16,rg_900cb40d
rl_1863f795,rg_5726499b
rl_aa344ec2,rg_3c95be15
rl_00f3a72c,rg_6c46a04e
rl_5d1f8c76,rg_7a594438
rl_12935e79,rg_21d53e8b
rl_51aba4cd,rg_588e8e3e
rl_fc11a344,rg_68bd3213
rl_755b8da8,rg_d295e887
rl_664815f8,rg_f5b17a32
rl_00f4a834,rg_93b323af
rl_79223eb5,rg_f078774e
rl_5eb95719,rg_6077459c
rl_c9bd0b3a,rg_5212f9a0
rl_b4ef25c2,rg_f2da4a33
rl_e1370bc7,rg_e1a267b4
rl_af6e352d,rg_9fccb4fc
rl_bf84b289,rg_9f9ac482
rl_551a37d4,rg_06620604
rl_98106673,rg_6c1bfd16
rl_c07a6f4b,rg_c84b1448
rl_f3f38e71,rg_8c17af3d
rl_a713a3bb,rg_04335c96
rl_a4c48cd3,rg_eac8dfc0
rl_62cd9375,rg_903eac57
rl_cb147fd8,rg_a4c74d26
rl_a2fad26a,rg_34656604
rl_921c2578,rg_3d6c4934
rl_b990736b,rg_d51a7538
rl_0d9232a8,rg_2bcfb152
rl_622ba274,rg_b9234768
rl_6586b3ff,rg_5633b767
rl_3051a2d1,rg_752092b2
rl_532ed48e,rg_cfd8d8e9
rl_b63902f7,rg_ba49689e
rl_b9eac8ab,rg_08ce0930
rl_aa2959d6,rg_e8691639
rl_c2fb4205,rg_8ebea82a
rl_c11d8de0,rg_3a8be238
rl_63d73e90,rg_005fc086
rl_72db1578,rg_d9ad84af
rl_62c1109b,rg_356b2960
rl_b1d3dd52,rg_ee6c6cf2
rl_d6fb9ab2,rg_4545958d
rl_957a8237,rg_4545958d
rl_43412936,rg_a569b4fc
rl_6720b831,rg_f047f619
rl_808d0b3f,rg_30475ae0
rl_f36ee561,rg_b9d7951a
rl_6409dc9a,rg_6c46a04e
rl_34739656,rg_259d0f0a
rl_749ccd6e,rg_ba49689e
rl_be3ae144,rg_81155e3a
rl_32d15e45,rg_5f618068
rl_8dbe53a6,rg_f74e38cb
rl_d0ab8fab,rg_49532e6b
rl_29a1f69b,rg_38f40b9d
rl_1d7f0da8,rg_e6ee80ee
rl_7c5d4c63,rg_c0f972e7
rl_f1c95814,rg_70283612
rl_c579e803,rg_f3499371
rl_337652cd,rg_cd8d95a3
rl_61be37ee,rg_d6871f5a
rl_bf18f5f9,rg_29084410
rl_ec72f351,rg_91c3cb80
rl_3d2edafd,rg_c3183cb3
rl_1b2f9b47,rg_0e4b50f6
rl_db765d3f,rg_d7630399
rl_7bf63978,rg_84548e9d
rl_0c893931,rg_8cb9e280
rl_efcc86c4,rg_015f3f48
rl_d597697c,rg_ef40f8c7
rl_69300c95,rg_a9f31580
rl_5d827fc5,rg_d4a2c3f7
rl_dd176e35,rg_1f0090ef
rl_57f7cf8d,rg_f18e5456
rl_34dd77c1,rg_fd47f17a
rl_39e3f5c3,rg_ae418ee3
rl_2aaf1c3c,rg_ab07ec9d
rl_355aabd3,rg_395cde6a
rl_44c3ac8d,rg_6f028f23
rl_b4b4a14c,rg_1260ada0
rl_706bcec8,rg_e2b74d10
rl_f6495daf,rg_dd4bf833
rl_d05365c2,rg_dd4bf833
rl_949d5b3f,rg_358b7721
rl_6f160a39,rg_a8f6f5dc
rl_fa17304e,rg_e1b8ab2c
rl_1492b864,rg_91896a45
rl_a09c6bba,rg_868645e1
rl_5ce5d301,rg_3869f2f8
rl_b8e788b3,rg_cdb17078
rl_a540a69b,rg_6bdd650d
rl_52ed7ff6,rg_2aff836a
rl_f668f0a9,rg_abadce4b
rl_a7ccf659,rg_fb08721b
rl_6334bb3b,rg_4d2356fd
rl_d09b1e4a,rg_43265edd
rl_4a25445c,rg_e86e911c
rl_3ff789f2,rg_4580557d
rl_800f3890,rg_07dd1188
rl_b0319430,rg_a82593d7
rl_219e7846,rg_56d1fa08
rl_2e608965,rg_c012807a
rl_59e34790,rg_ac28eb89
rl_e64e6971,rg_ef6519f6
rl_d214f616,rg_8e40a71d
rl_921c6cf7,rg_06497af3
rl_a7ed6dc0,rg_11b49ca4
rl_a9ec2617,rg_01d6323b
rl_4179bb57,rg_221375fe
rl_236f67b2,rg_b19e3a20
rl_c309d314,rg_789891bb
rl_d513a69d,rg_556cd944
rl_56289f08,rg_51afaa9d
rl_3e0333b8,rg_a279b65d
rl_4d3f6eb2,rg_e9dbcf6c
rl_d58de4cf,rg_9ce739da
rl_4d725470,rg_d8cac157
rl_38e6c49d,rg_19268ab8
rl_699e6306,rg_37ecb6e7
rl_b756e1de,rg_04a1772a
rl_b5390fe7,rg_db760adb
rl_b6fcc846,rg_db760adb
rl_b0c16808,rg_c8cbe955
rl_0ca96a90,rg_9e6e56a3
rl_4b9ef662,rg_f095271e
rl_b33a05d2,rg_f76cc696
rl_8aa07b1f,rg_dfef72a5
rl_34e82b58,rg_926fe262
rl_c4bf35b4,rg_c8201d96
rl_bf8d69c6,rg_dc0e174a
rl_396e3be9,rg_90f5e9e4
rl_f21372aa,rg_7f21147b
rl_8e7272a6,rg_7f21147b
rl_4887fbce,rg_2e9aac77
rl_03e9c5f5,rg_0ee8671e
rl_7b1f3945,rg_782a1081
rl_8d6e619d,rg_48578ac2
rl_f08bc710,rg_e46c4098
rl_d49730c5,rg_f6882d95
rl_7b1eedda,rg_f6882d95
rl_c8a9dbd1,rg_9338c844
rl_68e81fe2,rg_4a611bc3
rl_86a3ea1d,rg_25db53a6
rl_097e29d3,rg_ca8547c1
rl_6a2bae2a,rg_7b2e5cc5
rl_ca03f854,rg_c38a4f15
rl_b63caaec,rg_5d29aed5
rl_016c6ac1,rg_a1c28b20
rl_09c46ef5,rg_07f1fa11
rl_bd3e1eca,rg_8e483a9b
rl_840d0ef8,rg_4039f8fc
rl_33c63656,rg_bd9572b5
rl_bd71a03c,rg_76ef9cfc
rl_92478331,rg_3846fd6f
rl_2c9368cd,rg_a2e06ad1
rl_a92fc00a,rg_41e1c21f
rl_d010ad91,rg_d931fec3
rl_0d2dc742,rg_1a9ab068
rl_23f7a359,rg_d68f2115
rl_c6b9f55a,rg_5967b0a7
rl_d8ac065d,rg_467fe8fd
rl_7094ac99,rg_72d1e9fe
rl_45e66652,rg_72d1e9fe
rl_02ab9cfa,rg_52eae165
rl_0dabd1eb,rg_a3f24b0b
rl_2b8fe238,rg_433e964a
rl_0d3651ba,rg_cfac43c3
rl_fc49c136,rg_92b27daf
rl_d67fc3bb,rg_edb6b16b
rl_1c072892,rg_f3a1004f
rl_3e6b4b97,rg_94ce2986
rl_17b30587,rg_e0c6d922
rl_47f79a3f,rg_ed95007f
rl_0c175259,rg_db83c279
rl_2efb8ac1,rg_97414df3
rl_c88b1c08,rg_bc9c4a9b
rl_cf976be0,rg_977b1a54
rl_31224112,rg_3078da72
rl_5d50cf79,rg_2dafd7a9
rl_43a24ee1,rg_92aec57d
rl_e228e781,rg_115fbdeb
rl_7f052c6b,rg_5d5b763d
rl_e74cbbcf,rg_acf597f5
rl_1299c16f,rg_f8107a0a
rl_615146b1,rg_03297670
rl_8c1e5ba2,rg_ca482da0
rl_910c1d1c,rg_49c7a86c
rl_0a59acd6,rg_42442a9a
rl_a9317475,rg_564cef1d
rl_73472424,rg_dd268208
rl_3c707c8f,rg_10e379bd
rl_da48a6f3,rg_d109450c
rl_7824e607,rg_7e25b470
rl_6aee4ba9,rg_a2497310
rl_936af2dd,rg_e5ba7f74
rl_eb46fcf1,rg_92210998
rl_810f4628,rg_94c03b26
rl_47764460,rg_6f3fc23f
rl_e550e575,rg_1c427722
rl_cc083c46,rg_fa831858
rl_a5364eb0,rg_dabd007a
rl_904c67c0,rg_625cbdb8
rl_ccd3f5a9,rg_ae82a5d3
rl_dc195828,rg_f5b17a32
rl_9b9595f2,rg_0e84b93a
rl_ca3e044b,rg_7b8938e2
rl_ba3bfcfa,rg_9531cfce
rl_9f196444,rg_ff3f8590
rl_80615d6f,rg_40ebedc2
rl_c043b0a5,rg_bf3e9c61
rl_384a0339,rg_864a8b0b
rl_a77ef925,rg_0f0f9e79
rl_b0d2f9e2,rg_874a58c8
rl_8b2cbe5f,rg_67aa0d62
rl_5518b6d6,rg_925519c1
rl_89e36482,rg_24ce96fd
rl_c9bbc323,rg_c0204351
rl_31323939,rg_451d7dcf
rl_559ea036,rg_b96051b8
rl_d98f8094,rg_e4f5bde9
rl_04c762b3,rg_587a2921
rl_d35717fd,rg_5f1a9c81
rl_b7b3cb85,rg_408be775
rl_15418df1,rg_9e7e1722
rl_fb9d4783,rg_f1cae0b5
rl_0d16f53d,rg_d6c966be
rl_db106b28,rg_07bfafe3
rl_8f04cb54,rg_db72ab7a
rl_1fe14e11,rg_8adba8cd
rl_6a902ef6,rg_4e762ddd
rl_929d756c,rg_40509e12
rl_dd587c9c,rg_58827bb2
rl_65d5fd7d,rg_04150a92
rl_d544f1da,rg_88d6d2fc
rl_066037fb,rg_d6921330
rl_6b9b0875,rg_40f2c610
rl_da353891,rg_f430782f
rl_ba3e5976,rg_070420ce
rl_a1e9b6a8,rg_f4b190dc
rl_f3a1b0d4,rg_78a35751
rl_01d1a7d8,rg_9f607d48
rl_a0f186f9,rg_894def97
rl_a63d0ab1,rg_a56d10ec
rl_092f6489,rg_79b7dd53
rl_3eee5e68,rg_68643675
rl_dd7f984f,rg_43aa32fe
rl_0516aa9b,rg_ea4d83d4
rl_9cb4a1ba,rg_cf60e6c4
rl_0ee18eb9,rg_ff863f0c
rl_140910e8,rg_e498e779
rl_d77c1403,rg_f06b2916
rl_53d9dc41,rg_2d513c9b
rl_08231edc,rg_3b38e289
rl_37071384,rg_41dc46d1
rl_6a65943d,rg_a09d5ea4
rl_678ebb5b,rg_2af444f0
rl_b075d1cc,rg_5711e671
rl_b90f59a6,rg_4ca4cd7c
rl_3e39a414,rg_7daa3a15
rl_05979359,rg_349dbdee
rl_8b5b261b,rg_9e3c1dee
rl_45265ff3,rg_21e81e9a
rl_7bb972a8,rg_ed2ce9b8
rl_7aaa72b9,rg_7fc3e423
rl_6ce74f4d,rg_5846cf6e
rl_42bbdc92,rg_6b23d2e5
rl_753e9d9a,rg_172e5ed9
rl_0e21c321,rg_14bb4e7a
rl_60e85136,rg_fe37e593
rl_2edb0436,rg_8a6c74af
rl_ac9319b8,rg_9c02a54e
rl_758bcaf1,rg_fcc95974
rl_63757082,rg_3f78b976
rl_912442ab,rg_df2d8dc3
rl_b14526ef,rg_b4afa2e1
rl_5094b6e0,rg_3abe2a88
rl_b32e850f,rg_736d453a
rl_3e97a12d,rg_2780bbdd
rl_9ab963ca,rg_6e497b3b
rl_a4491a7f,rg_9f8c082d
rl_cb373a9c,rg_e3c829f1
rl_d04cddad,rg_8dbfdc47
rl_062236a2,rg_4647b4f7
rl_3f668c17,rg_dd7c60d3
rl_e72dd501,rg_d8db3902
rl_f5498187,rg_99c42082
rl_9f89e945,rg_99c42082
rl_26809277,rg_adc79c1d
rl_f9586c61,rg_5aaa11d3
rl_72246c9c,rg_c8de26ba
rl_a7e1ab67,rg_3f33dfa3
rl_90e2dce9,rg_a777e9b1
rl_e08fae37,rg_3d2bfc28
rl_c94688a6,rg_ad63d58a
rl_64dabae5,rg_ab451f3c
rl_12b4cc53,rg_be31f640
rl_fa66d242,rg_37d7eac3
rl_115b6ad8,rg_0d4ad432
rl_73965a4e,rg_5e47f054
rl_8379407a,rg_0dbca288
rl_f587a10a,rg_cf66a284
rl_c35b9883,rg_2907d27e
rl_4024b64e,rg_7841d593
rl_42c22352,rg_7841d593
rl_438bb219,rg_85229634
rl_a1bb2ab2,rg_5a1e1255
rl_585b9046,rg_dd87da59
rl_506c0509,rg_8788c5d7
rl_c27ae527,rg_5e4dd181
rl_56f878e8,rg_4c09a330
rl_175a4973,rg_d6f68c7b
rl_a80d0551,rg_fd94c51c
rl_32476e9a,rg_db379cb3
rl_7f4b5bbd,rg_015f3f48
rl_24d85971,rg_bd19d20d
rl_ba5e59b3,rg_52398f23
rl_3cf63248,rg_68bcfc86
rl_18d7c024,rg_9d0c8366
rl_ebfc5234,rg_9d0c8366
rl_4de6cf83,rg_8624a6ca
rl_6dee9ea9,rg_79dcacf9
rl_b1a0360d,rg_ebe594e9
rl_94bbd237,rg_568fb37a
rl_bbc4f7f5,rg_2553f9ee
rl_7665beb1,rg_1bb12653
rl_c1f99404,rg_65b123f6
rl_43c39220,rg_7fef2f4e
rl_868eef17,rg_b7454dc8
rl_190e7bc2,rg_c471c914
rl_fc7e92c7,rg_c6fe18d9
rl_5cdea458,rg_933bd516
rl_aaddd2ac,rg_1397fb3a
rl_5f4749a6,rg_49625873
rl_ef0907c0,rg_6e5d1b35
rl_1353e1e8,rg_159739fb
rl_3b1c5a34,rg_d0e295dd
rl_bb412e23,rg_d0e295dd
rl_86cf2e6e,rg_4228bd34
rl_34208009,rg_a0a1b34d
rl_4f0ab114,rg_d1bceb11
rl_69957ddf,rg_7410364f
rl_74d1b5c3,rg_ad63d58a
rl_c2e10864,rg_2b7189de
rl_4369ae8e,rg_2b7189de
rl_3802e9d7,rg_4809b1f2
rl_59e2a7f7,rg_ae3b94a7
rl_3b30f99a,rg_1993d211
rl_c9c8c46c,rg_50f9667c
rl_a8991006,rg_eba0e7b7
rl_7a738b6d,rg_b6ac0daf
rl_d8b85465,rg_96209649
rl_9d4a1dfb,rg_bcf66375
rl_27bbad5b,rg_ac013e8f
rl_7dd9f30e,rg_df1cd31e
rl_74c7cbab,rg_23cba1d0
rl_9532ebe6,rg_1ff79c9e
rl_c6af3705,rg_1ff79c9e
rl_f20f98bf,rg_42b8db3e
rl_02bb99c1,rg_ffeec2b8
rl_af662be0,rg_bbbc7bcb
rl_7f71374e,rg_bbbc7bcb
rl_737dbef6,rg_9ef59a57
rl_d82c6c40,rg_07d8a004
rl_55aad83a,rg_48ed640c
rl_aabcb049,rg_1897dbe0
rl_d5dae905,rg_dfae9284
rl_7c45358a,rg_cc4aa51b
rl_c68dab0c,rg_cc4aa51b
rl_beb2fa25,rg_0e4b50f6
rl_613cd24f,rg_93bbcb93
rl_0ae67019,rg_61c3c95a
rl_de7e5b65,rg_61c3c95a
rl_7ff4eccf,rg_4fcc90ce
rl_f6e99f03,rg_84e0c8f6
rl_c7897823,rg_accc8346
rl_aa519ae8,rg_e354cc2e
rl_d9fdb8fa,rg_3b0cbbbe
rl_22f444a6,rg_98d79ec5
rl_595e66d1,rg_7bbaea7b
rl_e948f207,rg_98359f4a
rl_7a8111a5,rg_5ea31788
rl_256fd65a,rg_3604aa7e
rl_a03eb0d1,rg_27f3cc00
rl_1ce37004,rg_c072ee11
rl_c8c4e97d,rg_cdf82bdb
rl_81260248,rg_98e9f178
rl_02bf13f3,rg_8723cf39
rl_4636a894,rg_804be222
rl_67313510,rg_4e1f3eee
rl_0fd9abdc,rg_5febc170
rl_b06d0e30,rg_4ae87fd0
rl_f94fefcd,rg_93b323af
rl_2fec6e28,rg_50c03858
rl_5194bb90,rg_d24cc64a
rl_75174444,rg_eb94b813
rl_abdcf52f,rg_461fda50
rl_16d08a20,rg_482423b4
rl_8cc16b18,rg_3cb43517
rl_01682f05,rg_a7327a7d
rl_f99e8f03,rg_65b123f6
rl_56e47339,rg_35a1372b
rl_fa9744e5,rg_fe4f8d80
rl_4ec04448,rg_31abf9ea
rl_97a85a54,rg_ee6c0749
rl_d94b4842,rg_4eb94f03
rl_cdf73a43,rg_d18127de
rl_6c60204a,rg_bc4800c4
rl_f75f1145,rg_7a0be6bd
rl_d2e4b748,rg_7e1474ec
rl_910641a7,rg_dc4cd92e
rl_2295c0ba,rg_326ac09f
rl_6d833050,rg_306879d7
rl_f87b99be,rg_49022952
rl_e3c3ff88,rg_f4c58837
rl_abceb256,rg_9952f3e9
rl_ab3ce541,rg_3523a409
rl_50680505,rg_c228a81f
rl_a1fcad72,rg_83e85d10
rl_f6cfd968,rg_60524fba
rl_72cc3764,rg_3027c682
rl_fe05f4e9,rg_267a4b4c
rl_954e6447,rg_dc6892cb
rl_1b871c69,rg_24572eae
rl_2305550e,rg_d2c64f22
rl_0ae10130,rg_ad6f7ed8
rl_0659740b,rg_3403ddf9
rl_e28deee2,rg_3d947b93
rl_71f13d49,rg_68f67f61
rl_ef2bedbf,rg_87650719
rl_b6b28722,rg_a48fae12
rl_78e94f05,rg_2116b074
rl_eb17c720,rg_743202d6
rl_3ff4773a,rg_d3571394
rl_9f50cc6d,rg_454639f2
rl_7194765d,rg_ca73678d
rl_b290d7f8,rg_14b85ba8
rl_2947f3cb,rg_007c57c8
rl_9acaccb1,rg_ad4dd000
rl_ce210461,rg_30a62f28
rl_a40f3a63,rg_d6733d80
rl_dba2c5c4,rg_1ea4d832
rl_51a5ed6f,rg_c21e227b
rl_ce29dc92,rg_2d955a56
rl_1e86c35a,rg_db0c8fd6
rl_365f6a6c,rg_7b2421c5
rl_88cbe507,rg_9f11a70f
rl_99f7e380,rg_ba8dc23b
rl_2046137c,rg_152f81d0
rl_059fb5fc,rg_1f7da5c8
rl_c6b7f98b,rg_48ed640c
rl_54a1516a,rg_1b463ad9
rl_55491cbe,rg_104301ce
rl_807892f1,rg_5aff60cd
rl_def948e6,rg_693ee4d5
rl_c39f2222,rg_c148f3e3
rl_bdc40ce2,rg_0d8ae2a2
rl_af59034f,rg_37826daa
rl_7d1f582c,rg_983c77fb
rl_df1beb26,rg_687c420f
rl_5a462a54,rg_94d01dd7
rl_5dbc76a0,rg_40dfb41c
rl_dac60cc3,rg_e044727d
rl_4471a0f8,rg_3b1037c9
rl_ba0e95a5,rg_9ca3d916
rl_e84e0596,rg_65345a27
rl_ecd66c54,rg_1e31682b
rl_89061a0d,rg_8ae1be1c
rl_f0e41433,rg_c691900f
rl_e62e4ee9,rg_f197a85e
rl_abd204a4,rg_68f1f385
rl_1ed12447,rg_042854d4
rl_f8f324d7,rg_ce0fffa2
rl_fd059317,rg_4ec4f807
rl_71cf72eb,rg_86b6c61d
rl_29b52244,rg_61d01418
rl_424eb0a7,rg_2569113e
rl_ce327b20,rg_f82059d9
rl_34860588,rg_eda6ca59
rl_d84c5201,rg_dab3a7cc
rl_d651039b,rg_ff97d31a
rl_02f2574a,rg_ff97d31a
rl_6d00186a,rg_44de4af5
rl_902f843a,rg_e443d968
rl_e701f4d0,rg_d7ea326e
rl_71632676,rg_8ec28267
rl_92405174,rg_662bdb18
rl_4c9a4819,rg_000964b0
rl_cb1c32e8,rg_c2115d26
rl_1ada65e9,rg_4b300e5c
rl_87be152e,rg_e03fa047
rl_9624dea8,rg_c82cbd2a
rl_808a06c6,rg_829c6f5e
rl_bc75a076,rg_1f4ebd49
rl_ba1023cd,rg_ae1b7dd1
rl_1cb1f63a,rg_d9d00319
rl_e0da0b8f,rg_51d179ce
rl_3cb4db8f,rg_f55947c5
rl_c32a44ec,rg_b5a62922
rl_2f962f44,rg_c18c458b
rl_b7cd6100,rg_98d5465b
rl_604cba95,rg_376ecc55
rl_01f0ceb2,rg_166e7884
rl_637b69c8,rg_0a4042b5
rl_fdd43dc8,rg_b36d68b2
rl_1ce6581b,rg_85385a35
rl_278fe403,rg_ea2384bb
rl_21a1cd87,rg_2cf71832
rl_b8d25de7,rg_c934c495
rl_c3128dec,rg_8e33b0a8
rl_8333fe46,rg_177ebe1e
rl_9e5cbcd6,rg_b30d6bb4
rl_8d150795,rg_7468d79d
rl_de8cee2b,rg_72ba3089
rl_a18b4fce,rg_72a6ac87
rl_afde0e17,rg_a800f48a
rl_92061e22,rg_ad3d0ed3
rl_5eda989b,rg_cae51c84
rl_74f27641,rg_188cffec
rl_737cda63,rg_9bb43b3d
rl_477afa5b,rg_a73ec43f
rl_317cc64c,rg_c73a265f
rl_8a873418,rg_b95b4f84
rl_40485526,rg_94b0fc7c
rl_127279ca,rg_b9b8a466
rl_35d8d6ca,rg_5d6ecbdd
rl_3a330808,rg_66c71be8
rl_6fd738af,rg_76b75341
rl_1bdf8ed4,rg_548f6f4b
rl_3ab407c0,rg_91a819d2
rl_2c953aa0,rg_bb3c64b4
rl_3d787d4e,rg_1c501f0f
rl_8fb944ea,rg_d32fe708
rl_f4577180,rg_5999c39b
rl_64e246dc,rg_879d07ba
rl_c676e20c,rg_df7c8d09
rl_5560bc90,rg_7ef0b7ad
rl_d44fa747,rg_b30d6bb4
rl_aa8428a5,rg_03613c67
rl_f12d87f2,rg_5ab3d724
rl_8313802d,rg_ca1225ef
rl_aef36818,rg_651357b1
rl_5fc2d293,rg_5801d7c5
rl_987ba742,rg_7d12cc14
rl_b764569e,rg_16f42839
rl_697396e1,rg_ba7ce0ef
rl_dceaedc2,rg_d9c51ae2
rl_a52ed3d6,rg_94baeab9
rl_23e1c08a,rg_126e56f7
rl_aa87e23e,rg_50a8989b
rl_b73f3bb1,rg_e6db1f89
rl_e447a1c7,rg_e8382f8a
rl_78396b7d,rg_1e0b3cde
rl_a235c18b,rg_93b323af
rl_ef122c0b,rg_36f0e5a7
rl_72a1b818,rg_6d828926
rl_56d5ca38,rg_95900110
rl_0554646f,rg_c2788e88
rl_1dda8da6,rg_30a28289
rl_32492095,rg_36f0e5a7
rl_d12a9119,rg_3a6ee90d
rl_8955956f,rg_d47107a4
rl_4136cd58,rg_24937434
rl_733242dc,rg_a71390b5
rl_b5c0c8ca,rg_ba8d70ef
rl_e60ed141,rg_2edd2b12
rl_c70667a9,rg_bbb98f12
rl_969e85a0,rg_6dd0fbfc
rl_66a3d336,rg_8520dd4c
rl_19b5ece1,rg_a0b218a5
rl_c7bba149,rg_4253b31b
rl_5dbbd6c1,rg_f3aad9c7
rl_8ac725b7,rg_4d1587b6
rl_0d931701,rg_2b76c3a2
rl_880a1562,rg_ca482da0
rl_8ef7879d,rg_ca482da0
rl_db817d9d,rg_a1b9c7de
rl_4bd1973b,rg_f3f17daa
rl_cae93807,rg_37f0c101
rl_6f7b5bae,rg_7085184e
rl_3bdc332e,rg_955f9fea
rl_f670f28d,rg_53af5c91
rl_84c26969,rg_8c55880c
rl_c654e80d,rg_313d8a90
rl_392b6d76,rg_67fcb100
rl_3bd5db66,rg_8ba55ae4
rl_476fb566,rg_ba8cf278
rl_9b0a84f1,rg_c2277d2b
rl_78e8e611,rg_951bf9b5
rl_fed53426,rg_4d706937
rl_8e3b4f0d,rg_82bc6b75
rl_24f7b661,rg_f63f016b
rl_764ab298,rg_6457a4a2
rl_5df68013,rg_4a95a707
rl_9584fdcb,rg_180471ae
rl_e9b57cec,rg_180471ae
rl_1b88e6f4,rg_b52b7bc8
rl_37728e10,rg_78773a3e
rl_4c6025e4,rg_ffed0941
rl_57103250,rg_7b84f9d7
rl_ad311ff2,rg_9aed2e10
rl_c7299fe4,rg_951fc83f
rl_587d85fd,rg_828b78be
rl_c9e7f03c,rg_acba2464
rl_a2ff8896,rg_43856fdb
rl_f165b8a2,rg_5a38c00d
rl_073efd12,rg_5a38c00d
rl_5952e929,rg_eaf662a3
rl_cf974a32,rg_7073c9be
rl_beb48e0d,rg_c6f6ad6d
rl_a38f766c,rg_39a6f8be
rl_39a00777,rg_1b8cf617
rl_3d373e31,rg_23c01a8c
rl_4bd8593f,rg_df0d8994
rl_ed27c42c,rg_55ef0bbc
rl_7353678b,rg_97a24d40
rl_9940a467,rg_e9d72aa4
rl_2ec5f05c,rg_c826c341
rl_5a01aa01,rg_77e652f2
rl_e54cfc1f,rg_3267aabb
rl_d1dd7d7b,rg_0515826b
rl_28482bf2,rg_9d8ed6cf
rl_bfb6531f,rg_f035a9ab
rl_1fb43791,rg_1411ace7
rl_a89f0043,rg_46ee6058
rl_ff87662b,rg_9aef611a
rl_489529c0,rg_f5581fa4
rl_58ce9c46,rg_f5581fa4
rl_357ed662,rg_43aa32fe
rl_f0fe6a24,rg_991d738f
rl_30eeeb9c,rg_495d6b7f
rl_628d6925,rg_1a0e6b93
rl_d4e859c7,rg_1a0e6b93
rl_9cd7de9d,rg_f28a78ec
rl_3f3bc415,rg_e234b7a0
rl_1a610b97,rg_1b8cf617
rl_ad2588e9,rg_3ca19f4d
rl_01382a19,rg_7d409a34
rl_99a146c6,rg_5ca2d45e
rl_37671260,rg_420c0af7
rl_709da372,rg_cef69345
rl_0b034424,rg_7cdcc7f3
rl_5d6a2af7,rg_74445d0b
rl_dd717dfd,rg_1529c3fb
rl_d5ba90c3,rg_a187e86f
rl_bc8a52e6,rg_43dd3ab7
rl_a1f88180,rg_d9e98d41
rl_afc9e60b,rg_e3047b90
rl_421908d8,rg_2a10f589
rl_1e48abff,rg_67fa7e14
rl_fb88daab,rg_4ea767c7
rl_b4110c5c,rg_4404c596
rl_777a9d73,rg_e7af0ef3
rl_1c202e51,rg_ded585cd
rl_a3e8b8c2,rg_ca46037b
rl_869e592c,rg_6b24ddf0
rl_851ee5a2,rg_28e9b975
rl_28e7f331,rg_0d9eb94f
rl_2c81dd7f,rg_e0ce1e76
rl_4f5f0482,rg_ca34f6cc
rl_b9e14dac,rg_0ed5b9e8
rl_2872cae2,rg_099ae2ff
rl_abb1c5d3,rg_c990a3d8
rl_e07977f2,rg_e1a65057
rl_a3cbb14d,rg_bccd2c57
rl_888bf72f,rg_a89f3509
rl_4015e59f,rg_c365a5a5
rl_de239585,rg_f067a89b
rl_4ec61906,rg_1cd6239c
rl_a65f8ec0,rg_e2330518
rl_2999d228,rg_bbb98f12
rl_2afae3ef,rg_bd236f04
rl_24191f2d,rg_3ee5c797
rl_b76544cb,rg_28bc28bb
rl_24ff422e,rg_63996bc2
rl_2efd4711,rg_63996bc2
rl_dbbdc1b6,rg_7a59308d
rl_f1259b1d,rg_83af928c
rl_10e2e818,rg_14fa2f32
rl_d27957a9,rg_c73f63ac
rl_885fac96,rg_c73f63ac
rl_a2afc17f,rg_e9033610
rl_af1401ed,rg_0f569df7
rl_6b4d37a8,rg_c2e2d7b5
rl_e2cd8f8d,rg_0c6d56fb
rl_072563e2,rg_303cf2b5
rl_a54629d7,rg_152cf443
rl_df79d5fe,rg_677a6d3f
rl_ed697bde,rg_daa4a1f9
rl_e953f515,rg_c9bab6da
rl_08e37447,rg_77478c47
rl_95f01020,rg_c3ca8735
rl_5f1afdf5,rg_9338c844
rl_8d203271,rg_7e6fffb2
rl_977b38ad,rg_29672a63
rl_c9772b91,rg_57b10865
rl_e277d716,rg_e9033610
rl_ab1155ce,rg_fccd3df5
rl_8b076d89,rg_3dc04862
rl_84934e97,rg_ab4feb3e
rl_80076451,rg_7ad39b4b
rl_bfb0720e,rg_e6b8858d
rl_d75fa299,rg_c26c4702
rl_ea586d71,rg_dfb9dda8
rl_d9ba9110,rg_4f51a920
rl_697ca9c1,rg_4a27a1ca
rl_8725955c,rg_c38d54a6
rl_857d6c6a,rg_90acde53
rl_125accf6,rg_c2528055
rl_c982731e,rg_b13bb3be
rl_618ac732,rg_60940ec4
rl_9e36b713,rg_2b69ba36
rl_521ff170,rg_fc697358
rl_4df74962,rg_cc83d07a
rl_62c1b4e4,rg_21b746d8
rl_1d991ff6,rg_78773a3e
rl_7a52d0d7,rg_64977acb
rl_10f62fab,rg_0da4c627
rl_0f10ed07,rg_9b14e79e
rl_24d0f612,rg_8929793e
rl_c9041e1c,rg_ceac0f23
rl_2d5e4434,rg_b12efbf9
rl_401147a8,rg_658975ef
rl_5de3ba53,rg_82a5576c
rl_d66a845d,rg_c7b9da58
rl_d6115996,rg_42dad520
rl_445676f5,rg_41201fa8
rl_7644a1d4,rg_d2dfd224
rl_a8aa9b3d,rg_2116b074
rl_c2b2779d,rg_87cc223a
rl_bec158cb,rg_175a2e28
rl_24089ef8,rg_27360bb1
rl_878db9cd,rg_64ec67bb
rl_50a27c06,rg_cd5f6eeb
rl_83479c0a,rg_38744f60
rl_4f9b3dde,rg_a60ca392
rl_a1c5e222,rg_ad1f3627
rl_5461f68a,rg_d4f9b76e
rl_1596af19,rg_2a981c53
rl_102b4322,rg_cd12952d
rl_f2285395,rg_134f66d0
rl_0ec280ab,rg_98256a34
rl_cc716534,rg_45a7aa4f
rl_7c62a1eb,rg_722fe3cf
rl_4a97b289,rg_0438da6b
rl_8535e82e,rg_65f40c53
rl_b381c286,rg_d4741fb3
rl_efc1258c,rg_1bc46a12
rl_aa0adaff,rg_67bdbf6e
rl_1aa43652,rg_9ab92b10
rl_ec1806ec,rg_0a0e8181
rl_375bfa15,rg_8c46b8b4
rl_c0d49e52,rg_a1378d23
rl_42eb43f9,rg_6b23d2e5
rl_c5239a95,rg_48ffcbc9
rl_27dba276,rg_a9b93c58
rl_b620d8bf,rg_13ad9602
rl_5a6927cc,rg_1db04c65
rl_38411775,rg_59b9faf7
rl_d0ff992c,rg_4c298027
rl_72857503,rg_b9126456
rl_5a89f039,rg_7063c699
rl_f382ef39,rg_84b8bf96
rl_fdd554c6,rg_ea52af95
rl_1d54d68d,rg_42c1b7ac
rl_3e3ce473,rg_76b75341
rl_c8af1456,rg_48ed640c
rl_3cad2d48,rg_678acbf3
rl_39ccc029,rg_863df0fb
rl_15fcbb38,rg_6ed1517d
rl_554bac9c,rg_0f4ec5b7
rl_515a848e,rg_7379f67c
rl_18b2cc90,rg_d098c36a
rl_6573c029,rg_3f01426f
rl_0cae4ee5,rg_fc7d94bc
rl_5ee1a517,rg_6b5df409
rl_2f405655,rg_f1ded15e
rl_26ff4c96,rg_adc12110
rl_d89e5cf1,rg_7c662d3c
rl_f2cc849a,rg_5b87bed6
rl_49177bd6,rg_2d92ce9b
rl_05becdcc,rg_ce12fd00
rl_bac4c151,rg_e3323f0b
rl_07232dd9,rg_8a456174
rl_3d057edf,rg_e088a6b6
rl_b44b2861,rg_84d21d77
rl_ba79d12f,rg_762d25b5
rl_6af8736e,rg_3827726e
rl_95399fad,rg_ba0affbe
rl_258ace21,rg_c0071e2a
rl_45c577ca,rg_641efca3
rl_2be0dc11,rg_083aadd3
rl_aea6c553,rg_d3f3dd3a
rl_e579ce0c,rg_449d1257
rl_2b110ed0,rg_7dcf62e0
rl_45fb092a,rg_d7751058
rl_2d2921f0,rg_bbc183d0
rl_7d82d4ab,rg_6adcdac3
rl_b3d6276f,rg_6adcdac3
rl_51eaa4f4,rg_d8c8207e
rl_4d82542e,rg_cd33d29e
rl_45d390a6,rg_82a7725f
rl_5f2c8396,rg_0f029c0e
rl_e42da307,rg_d20ae56b
rl_0787ab77,rg_d20ae56b
rl_75523405,rg_555e3116
rl_68850abb,rg_7be5d291
rl_337634d5,rg_1924100f
rl_75fedeca,rg_03cb81cc
rl_02166146,rg_5c14cc8c
rl_ee3929dd,rg_d1e8a468
rl_1e9bd3b4,rg_56daa1c0
rl_02bd87d9,rg_4005375e
rl_4e8b7bc6,rg_b3caeda6
rl_b1917edb,rg_b3bb2e6f
rl_0b70b00a,rg_157dd22d
rl_2a039c1a,rg_cbb468e0
rl_941ffd00,rg_03e77080
rl_a0985c50,rg_1b8cf617
rl_02248a3f,rg_de0cf246
rl_b8587adb,rg_bdaa4b56
rl_8246d801,rg_dacfe647
rl_05e4ebe8,rg_b558a397
rl_3ae20fab,rg_3c1ca4ab
rl_c8210bc1,rg_3f93fc7e
rl_de462ed2,rg_ff863f0c
rl_edc77626,rg_8c46b8b4
rl_84bc41a5,rg_ab1d50e2
rl_90cc22ab,rg_8f75a5fc
rl_c4801a44,rg_9fccb4fc
rl_8650da78,rg_f7e37f90
rl_79a3d702,rg_f7ddb6f6
rl_c48c7f71,rg_b09d3cce
rl_2457f885,rg_b558a397
rl_51e31c76,rg_5384f92f
rl_0bd0b034,rg_128ced78
rl_f8933f58,rg_b954d7a9
rl_2b9c1377,rg_b954d7a9
rl_453efeb0,rg_f77600dc
rl_874f15d8,rg_7ffb1b67
rl_4bea6083,rg_6d828926
rl_449f3f0b,rg_fddf4d05
rl_27c12acf,rg_782a1081
rl_eeb730a7,rg_ed5361da
rl_3151bac3,rg_cb0f30ed
rl_daa77526,rg_f431d277
rl_7a814bd0,rg_9b197154
rl_fa7a94de,rg_9e26e5ba
rl_52157d8e,rg_8c81cb6c
rl_54ae5597,rg_9c902272
rl_8ebbe6fa,rg_2d6eb599
rl_b84dc03c,rg_092022d3
rl_cdcd038a,rg_941000a4
rl_9316890b,rg_5714843e
rl_d26c28cf,rg_931cd202
rl_1519f868,rg_7710c7d7
rl_0334bddc,rg_b5a62922
rl_9f9e0463,rg_c57a3895
rl_334891e6,rg_2b6d1ddf
rl_23de4cf2,rg_773f45cc
rl_dde77fb1,rg_09ebb33c
rl_043646cc,rg_acab32c8
rl_2c20da3c,rg_ef0a8cc2
rl_bd9eccdf,rg_95ddb159
rl_eae73c69,rg_27a19b98
rl_58f011a6,rg_bebf5aab
rl_0bfae529,rg_b0b268e9
rl_3445ec29,rg_42442a9a
rl_564e108e,rg_a82a0c55
rl_868c071d,rg_fc554183
rl_a2cd6489,rg_8ae1be1c
rl_bb62d735,rg_f88587ff
rl_88946c6a,rg_f88587ff
rl_55f28b4e,rg_b905c1ce
rl_cccade05,rg_9e7e1722
rl_7a1937af,rg_05ae0f29
rl_a52ef1db,rg_6b34eadf
rl_ff309422,rg_f4fd0763
rl_8d30772a,rg_d04f98a5
rl_4388f061,rg_3d0b00c0
rl_741a566d,rg_ae228532
rl_ba08b629,rg_8c1c6509
rl_190db7ce,rg_a6155678
rl_61a27f41,rg_b2ff41df
rl_1a744be3,rg_e5ed02f1
rl_967f2204,rg_bf2ba26e
rl_7480ec72,rg_6650f8bc
rl_c4d72431,rg_2af444f0
rl_f0c8ffb1,rg_94cf3472
rl_7bf41fdd,rg_4891b290
rl_46857b46,rg_1ee3d2bd
rl_89b2b28c,rg_e498e779
rl_03c20711,rg_dfef72a5
rl_f7251068,rg_c62dd17e
rl_8072e9ae,rg_7950a187
rl_75b7961e,rg_dff0f982
rl_134701f2,rg_e9683f30
rl_43ce5e19,rg_dbec2aab
rl_316a2a14,rg_2b10f242
rl_097f295d,rg_c288ad46
rl_0c629739,rg_9a6a8f76
rl_4814f7c4,rg_6d222115
rl_0a63e31b,rg_1631cd99
rl_016f1812,rg_49f65ba2
rl_bb16e276,rg_577e3232
rl_1053a5c9,rg_a33d185d
rl_bf501f60,rg_a7ca7c12
rl_599441c1,rg_5474be47
rl_293d3e92,rg_3e9e5c7d
rl_f178cf6b,rg_aa83770c
rl_2e49c283,rg_7514b26b
rl_b1d3dd2e,rg_7514b26b
rl_4ad52964,rg_136018ab
rl_ca420552,rg_7514b26b
rl_90f82ccf,rg_6b513af4
rl_41187b0d,rg_faf26f98
rl_acc4339d,rg_8e637680
rl_a5f2fdea,rg_e0f1c08c
rl_afea1f4c,rg_074ee740
rl_adffe944,rg_9ce392f2
rl_e23e9b5e,rg_7a146746
rl_d9ee0e44,rg_9e26e5ba
rl_9dcdcbfa,rg_6aed4714
rl_3dce7f3d,rg_da8b8d7a
rl_dfb2fec9,rg_0a6c0fd6
rl_997e049c,rg_a6e4f4b7
rl_810946da,rg_810a6d45
rl_fc60eeaf,rg_5802303e
rl_9fd96966,rg_b6850771
rl_019440a8,rg_b6850771
rl_889c6b09,rg_155191e9
rl_ec933d6b,rg_cd3fae0d
rl_98a4d492,rg_528bceb2
rl_28db6289,rg_8ace7ff3
rl_8b83916c,rg_c4dc97d6
rl_c2517b9a,rg_6e45e3c2
rl_83b14f73,rg_471f16cf
rl_01df6333,rg_00449370
rl_29849235,rg_d4e3a475
rl_b65587aa,rg_1281c3bb
rl_319e7ea6,rg_c6fe18d9
rl_7ffe10dd,rg_610484f8
rl_c6e6a0e3,rg_5474be47
rl_d641c515,rg_f0ef920f
rl_0fd852f5,rg_b6e273a2
rl_893de0d8,rg_9369696a
rl_283f62e6,rg_d1b5e20a
rl_5ee6df3a,rg_631bda2c
rl_717cbb07,rg_a35e3efd
rl_d5eb58a7,rg_319406a7
rl_fd0f4238,rg_23c9a87d
rl_fd17fed5,rg_a44dab35
rl_e8820e04,rg_64e9185b
rl_56a3d853,rg_5e9c8bed
rl_10f195bb,rg_5a3988e5
rl_3c2547a4,rg_f5d3f047
rl_345303a4,rg_a06c532c
rl_0f6f8d96,rg_87358f51
rl_59cfbc83,rg_dacfe647
rl_60581b10,rg_28e6972e
rl_201cd636,rg_e443d968
rl_788553dd,rg_a5fd9631
rl_94fdb2e1,rg_590fd916
rl_f65afaaa,rg_3e411213
rl_818628c7,rg_ca62aee4
rl_0b9bdd9e,rg_65658020
rl_ec015581,rg_fd585e9b
rl_8e59d74c,rg_99d131cc
rl_fad1e119,rg_7a30cf2b
rl_68ef6f97,rg_50948de8
rl_2bb6e158,rg_a5918403
rl_3ee75381,rg_e98de824
rl_9c9621ac,rg_1bb72d97
rl_9a5dde7f,rg_472bc450
rl_e8e878f1,rg_7212438c
rl_1b4ca0da,rg_67cf8064
rl_2a7646ff,rg_5808b1ef
rl_aa3fe214,rg_e79d3779
rl_a0b4cd41,rg_6a8a0b93
rl_7a443cf2,rg_c117eab2
rl_e9b86277,rg_67e99d28
rl_cd3b3bca,rg_d8d36a7e
rl_3c5d5761,rg_da7a0b06
rl_ee6cefc1,rg_fe572447
rl_1b8aa89e,rg_0b1f42da
rl_21fb663b,rg_3bc2f76e
rl_863a05ab,rg_dc6f16be
rl_02d23b7f,rg_70fc366e
rl_5d87492b,rg_27a19b98
rl_b2dcf843,rg_7a0ac67f
rl_0adaa341,rg_dfd0930a
rl_9a371e6c,rg_86f200c0
rl_d1cd4d15,rg_dd50296a
rl_7485bc49,rg_6ff5046f
rl_2fe8dd6d,rg_9bf20636
rl_16f793ff,rg_06694532
rl_09ee5f04,rg_ba287453
rl_3bcd11d5,rg_e6b8858d
rl_fb175343,rg_ff0547bc
rl_09cb68a0,rg_28cfef46
rl_8b94b538,rg_2cde07dc
rl_2a3f08e6,rg_58d39fe9
rl_4548fa57,rg_a5a8c689
rl_0fb5029f,rg_1246afb7
rl_3e9c75ea,rg_f56f4a88
rl_c4a5b7d4,rg_2d8ec45e
rl_c020731e,rg_79393070
rl_f0adaa91,rg_93a124f1
rl_c8f5e40f,rg_5086d800
rl_ca554121,rg_a1a2063d
rl_fb5217d5,rg_4515194c
rl_3977a28c,rg_94ae31d0
rl_cb678272,rg_a3623bc3
rl_c7bb5f58,rg_adc12110
rl_39197104,rg_70283612
rl_bca6f6fb,rg_4c09a330
rl_2a4e86a3,rg_2bff203d
rl_fd2d08e6,rg_efc3ef5e
rl_e04a7c89,rg_6fe54560
rl_96f45a5b,rg_88a417ef
rl_fdab868b,rg_1b18ac77
rl_b4c8e177,rg_9024fcca
rl_a1b70521,rg_0db29621
rl_66449c6a,rg_8cdaef67
rl_1450dbb7,rg_04b8de1e
rl_88837a53,rg_c79b8d48
rl_f98943ae,rg_9a6a8f76
rl_e293213a,rg_cdc0bacf
rl_52a4d72b,rg_36f0e5a7
rl_e1e8a404,rg_2d369dbc
rl_bdbc2b01,rg_22568b64
rl_f1f4ba16,rg_564cef1d
rl_de67dad2,rg_502bb975
rl_e2d18824,rg_74645698
rl_c99a1c76,rg_8216446e
rl_a0ce426c,rg_9de55035
rl_5c5e144e,rg_e4bfe180
rl_c9736b18,rg_37d7eac3
rl_f77c70ce,rg_2dafd7a9
rl_67caab66,rg_1d584ce3
rl_7b73a57d,rg_d1bdcaad
rl_506a39be,rg_d1bdcaad
rl_921710a6,rg_5db53331
rl_2d9be7a2,rg_b91ebfa0
rl_5efa57d7,rg_87813c4f
rl_6cf31dee,rg_894fe604
rl_e225563d,rg_22772a24
rl_503e3e4e,rg_93bbcb93
rl_da928eb7,rg_bb2e9a23
rl_3212f5c4,rg_78538a52
rl_56d17bb1,rg_fd71071c
rl_c2070615,rg_4e762ddd
rl_78fd373c,rg_974b5364
rl_f879054a,rg_b5a09211
rl_39995d5e,rg_4e762ddd
rl_e3261c3f,rg_d735fd10
rl_7e880d34,rg_f4866b54
rl_203f6b7a,rg_81a40a37
rl_0ba2f23b,rg_19f33f4a
rl_34cb18e8,rg_f31dfd4e
rl_b8a9ba06,rg_d1bdcaad
rl_95dde351,rg_ada7680f
rl_8e19a73d,rg_fc9df45e
rl_d96791b5,rg_6ed12f04
rl_7476cebc,rg_68016190
rl_9cf06b37,rg_68016190
rl_11606dac,rg_ad4dd000
