move,generation,type,power,pp,accuracy,priority,target,damage_class,effect,effect_chance,contest_type,contest_effect,super_contest_effect,flavor_text,name
m_1d2d449f,1.0,id-1,80.0,15.0,100.0,0.0,10,2,1,,5.0,23.0,5.0,The target is slugged with a punch thrown atmaximum power.,Strength
m_073147d4,1.0,id-12,20.0,25.0,100.0,0.0,10,3,4,,4.0,9.0,20.0,A nutrient-draining attack. The user’s HP is restoredby half the damage taken by the target.,Absorb
m_bb0341fd,1.0,id-12,40.0,15.0,100.0,0.0,10,3,4,,4.0,4.0,20.0,A nutrient-draining attack. The user’s HP is restoredby half the damage taken by the target.,Mega Drain
m_ee127f23,1.0,id-12,,10.0,90.0,0.0,10,1,85,,4.0,8.0,21.0,A seed is planted on the target. It steals some HPfrom the target every turn.,Leech Seed
m_7617bedb,1.0,id-1,,20.0,,0.0,7,1,317,,2.0,32.0,11.0,"The user’s body grows all at once, raising theAttack and Sp. Atk stats.",Growth
m_143df3dd,1.0,id-12,55.0,25.0,95.0,0.0,11,2,44,,1.0,2.0,5.0,Sharp-edged leaves are launched to slash at opposingPokémon. Critical hits land more easily.,Razor Leaf
m_9d119a21,1.0,id-12,120.0,10.0,100.0,0.0,10,3,152,,1.0,1.0,6.0,"In this two-turn attack, the user gathers light, thenblasts a bundled beam on the next turn.",Solar Beam
m_5fa25996,1.0,id-4,,35.0,75.0,0.0,10,1,67,,4.0,33.0,19.0,The user scatters a cloud of poisonous dust thatpoisons the target.,Poison Powder
m_b637e1fb,1.0,id-12,,30.0,75.0,0.0,10,1,68,,4.0,14.0,19.0,The user scatters a cloud of numbing powder thatparalyzes the target.,Stun Spore
m_c20abd5f,1.0,id-12,,15.0,75.0,0.0,10,1,2,,4.0,5.0,19.0,The user scatters a big cloud of sleep-inducing dustaround the target.,Sleep Powder
m_9172bdfc,8.0,id-2,,5.0,,0.0,7,1,425,100.0,,,,This move raises all the user’s stats but preventsthe user from switching out or fleeing.,No Retreat
m_06943dff,8.0,id-17,80.0,5.0,100.0,0.0,10,2,1,,,,,"The user, having mastered the Dark style, strikes thetarget with a fierce blow. This attack always resultsin a critical hit.",Wicked Blow
m_e20a9556,1.0,id-14,,20.0,,0.0,7,1,52,,1.0,15.0,13.0,"This move can’t be used.It’s recommended that this move is forgotten.Once forgotten, this move can’t be remembered.",Barrier
m_eb13f127,1.0,id-3,35.0,35.0,100.0,0.0,10,2,1,,1.0,1.0,5.0,The target is jabbed with a sharply pointed beakor horn.,Peck
m_8681a672,8.0,id-16,25.0,20.0,90.0,0.0,10,2,1,,,,,The user attacks by shooting scales two to five timesin a row. This move boosts the users Speed stat butlowers its Defense stat.,Scale Shot
m_c5cf4e28,8.0,id-15,130.0,5.0,100.0,0.0,11,2,1,,,,,The user attacks by hurling a blizzard-cloakedicicle lance at opposing Pokémon.,Glacial Lance
m_162bacf4,1.0,id-14,,30.0,,0.0,4,1,36,,2.0,15.0,13.0,A wondrous wall of light is put up to reduce damagefrom special attacks for five turns.,Light Screen
m_c6d00a04,1.0,id-1,80.0,20.0,85.0,,10,2,1,,5.0,1.0,18.0,The target is slugged by a punch thrown withmuscle-packed power.,Mega Punch
m_3e5d2f4b,8.0,id-12,80.0,10.0,100.0,0.0,10,2,397,100.0,,,,The user inflicts damage by dropping an apple fromhigh above. This also lowers the target’s Defense stat.,Grav Apple
m_7e333afe,1.0,id-15,,30.0,,0.0,12,1,26,,2.0,33.0,13.0,The user creates a haze that eliminates every statchange among all the Pokémon engaged in battle.,Haze
m_991b009f,6.0,id-14,80.0,5.0,,,10,3,360,,,,,Using a hyperspace hole the user appears rightnext to the target and strikes. This also hits a targetusing a move such as Protect or Detect.,Hyperspace Hole
m_968070a5,3.0,id-1,,,100.0,0.0,9,1,200,,3.0,6.0,14.0,The user performs a wobbly dance that confusesthe Pokémon around it.,Teeter Dance
m_4603f386,1.0,id-14,,20.0,,0.0,4,1,66,,4.0,15.0,13.0,A wondrous wall of light is put up to reduce damagefrom physical attacks for five turns.,Reflect
m_b3beaebc,1.0,id-1,18.0,15.0,85.0,0.0,10,2,30,,5.0,12.0,7.0,"This move can’t be used.It’s recommended that this move is forgotten.Once forgotten, this move can’t be remembered.",Comet Punch
m_64949b89,1.0,id-1,80.0,20.0,85.0,0.0,10,2,1,,5.0,1.0,18.0,The target is slugged by a punch thrown withmuscle-packed power.,Mega Punch
m_38feada3,1.0,id-1,40.0,20.0,100.0,0.0,10,2,35,,4.0,11.0,23.0,Numerous coins are hurled at the target to inflictdamage. Money is earned after the battle.,Pay Day
m_7406b0c5,1.0,id-10,75.0,15.0,100.0,0.0,10,2,5,10.0,2.0,1.0,17.0,The target is punched with a fiery fist. This may alsoleave the target with a burn.,Fire Punch
m_09990713,1.0,id-1,40.0,35.0,100.0,0.0,10,2,1,,5.0,1.0,5.0,"The target is physically pounded with a long tail, aforeleg, or the like.",Pound
m_21c867c7,1.0,id-2,50.0,25.0,100.0,0.0,10,2,44,,5.0,2.0,5.0,"This move can’t be used.It’s recommended that this move is forgotten.Once forgotten, this move can’t be remembered.",Karate Chop
m_03e81a10,1.0,id-1,15.0,10.0,85.0,0.0,10,2,30,,5.0,10.0,7.0,"This move can’t be used.It’s recommended that this move is forgotten.Once forgotten, this move can’t be remembered.",Double Slap
m_c38534b5,1.0,id-12,55.0,25.0,95.0,0.0,11,2,44,,1.0,2.0,5.0,Sharp-edged leaves are launched to slash at opposingPokémon. Critical hits land more easily.,Razor Leaf
m_38a28e50,8.0,id-12,,10.0,,0.0,13,1,1,,,,,"The user becomes one with the jungle, restoring HPand healing any status conditions of itself and its allyPokémon in battle.",Jungle Healing
m_06480638,1.0,id-1,,10.0,,1.0,7,2,27,,5.0,15.0,15.0,"This move can’t be used.It’s recommended that this move is forgotten.Once forgotten, this move can’t be remembered.",Bide
m_25da7a18,1.0,id-15,75.0,15.0,100.0,0.0,10,2,6,10.0,2.0,1.0,17.0,The target is punched with an icy fist. This may alsoleave the target frozen.,Ice Punch
m_01df8340,1.0,id-13,75.0,15.0,100.0,0.0,10,2,7,10.0,1.0,1.0,17.0,The target is punched with an electrified fist.This may also leave the target with paralysis.,Thunder Punch
m_b96072d8,8.0,id-2,,10.0,,0.0,2,2,1,,,,,This is a Fighting-type attack Dynamax Pokémon use.This raises ally Pokémons Attack stats.,Max Knuckle
m_24e7b292,2.0,id-18,,20.0,100.0,0.0,10,1,59,,3.0,23.0,19.0,"The user gazes at the target rather charmingly,making it less wary. This harshly lowers the target’sAttack stat.",Charm
m_d3071402,1.0,id-1,,10.0,,0.0,7,1,84,,3.0,17.0,14.0,The user waggles a finger and stimulates its braininto randomly using nearly any move.,Metronome
m_a1287a36,2.0,id-1,40.0,40.0,100.0,0.0,10,2,102,,1.0,5.0,16.0,A restrained attack that prevents the target fromfainting. The target is left with at least 1 HP.,False Swipe
m_fa20d193,2.0,id-1,,15.0,85.0,0.0,10,1,119,,3.0,27.0,19.0,"The user enrages and confuses the target. However,this also sharply raises the target’s Attack stat.",Swagger
m_adf7abaf,2.0,id-16,120.0,10.0,100.0,0.0,8,2,28,,1.0,6.0,7.0,The user rampages and attacks for two to threeturns. The user then becomes confused.,Outrage
m_ef59ee75,2.0,id-6,,10.0,,0.0,12,1,116,,5.0,21.0,13.0,"A five-turn sandstorm is summoned to hurt allcombatants except Rock, Ground, and Steel types.It raises the Sp. Def stat of Rock types.",Sandstorm
m_188980a6,2.0,id-12,75.0,10.0,100.0,0.0,10,3,4,,4.0,10.0,20.0,A nutrient-draining attack. The user’s HP is restoredby half the damage taken by the target.,Giga Drain
m_464d0646,1.0,id-3,,20.0,,0.0,10,1,10,,4.0,19.0,15.0,"This move can’t be used.It’s recommended that this move is forgotten.Once forgotten, this move can’t be remembered.",Mirror Move
m_0eb5295a,6.0,id-18,140.0,5.0,90.0,0.0,10,3,270,,,,,"Drawing power from the Eternal Flower, the userfires a powerful beam of light. This also damages theuser quite a lot.",Light of Ruin
m_098c2371,6.0,id-5,90.0,10.0,100.0,0.0,11,2,1,,,,,The user gathers the energy of the land and focusesthat power on opposing Pokémon to damage them.,Land’s Wrath
m_00e5242b,6.0,id-5,90.0,10.0,100.0,0.0,11,2,374,,,,,The user attacks with a wave that crawls alongthe ground. Those it hits can’t flee from battle.,Thousand Waves
m_2820a608,6.0,id-5,90.0,10.0,100.0,0.0,11,2,373,100.0,,,,This move also hits opposing Pokémon that are inthe air. Those Pokémon are knocked down tothe ground.,Thousand Arrows
m_c4a22398,2.0,id-1,,10.0,,0.0,7,1,33,,3.0,12.0,8.0,The user restores its own HP by up to half of itsmax HP.,Milk Drink
m_7a7a79a6,2.0,id-13,65.0,20.0,100.0,0.0,10,2,7,30.0,1.0,4.0,5.0,The user throws an electrically charged tackle at thetarget. This may also leave the target with paralysis.,Spark
m_7fa8bd5e,6.0,id-7,20.0,20.0,100.0,0.0,10,3,43,100.0,,,,The target is infested and attacked for four to fiveturns. The target can’t flee during this time.,Infestation
m_844a7559,6.0,id-1,40.0,40.0,100.0,0.0,10,2,102,,,,,"The user holds back when it attacks, and the targetis left with at least 1 HP.",Hold Back
m_41b71160,7.0,id-18,,10.0,,0.0,10,1,387,,,,,The user restores the targets HP by up to half of itsmax HP. It restores more HP when the terrainis grass.,Floral Healing
m_991d7b01,3.0,id-10002,80.0,,100.0,0.0,10,2,44,,,,,,Shadow Blast
m_7cb90638,8.0,id-4,90.0,10.0,100.0,0.0,10,3,1,20.0,,,,"This move inflicts physical or special damage,whichever will be more effective. This may also poisonthe target.",Shell Side Arm
m_00acd06e,7.0,id-14,,1.0,,0.0,10,2,1,,,,,This move cant be used.Its recommended that this move is forgotten.Once forgotten this move cant be remembered.,Shattered Psyche
m_68062436,6.0,id-11,,15.0,,0.0,12,1,211,,3.0,1.0,13.0,This move cant be used.Its recommended that this move is forgotten.Once forgotten this move cant be remembered.,Water Sport
m_3f99f233,8.0,id-2,,10.0,,0.0,13,1,1,100.0,,,,"The user properly coaches its ally Pokémon,boosting their Attack and Defense stats.",Coaching
m_78368dd0,3.0,id-10,150.0,5.0,90.0,,10,3,81,,2.0,6.0,22.0,The target is razed by a fiery explosion. The usercant move on the next turn.,Blast Burn
m_4358fe85,1.0,id-1,,20.0,100.0,0.0,10,1,24,,2.0,22.0,10.0,This move cant be used.Its recommended that this move is forgotten.Once forgotten this move cant be remembered.,Flash
m_5cf9358b,4.0,id-10,100.0,5.0,75.0,0.0,10,3,43,100.0,5.0,,7.0,The target becomes trapped within a maelstrom offire that rages for four to five turns.,Magma Storm
m_ce81fc54,4.0,id-10,,5.0,75.0,0.0,10,3,43,100.0,5.0,,7.0,The target becomes trapped within a maelstrom offire that rages for four to five turns.,Magma Storm
m_67c87921,5.0,id-10,60.0,15.0,100.0,,11,3,315,,,,,The user attacks opposing Pokémon with fire.If a Pokémon is holding a certain item such as aBerry the item becomes burned up and unusable.,Incinerate
m_0d8dda0b,7.0,id-14,85.0,10.0,100.0,0.0,10,2,187,,,,,The user bites the target with its psychiccapabilities. This can also destroy Light Screenand Reflect.,Psychic Fangs
m_8b517597,7.0,id-14,85.0,10.0,100.0,0.0,10,2,187,,,,,The user bites the target with its psychiccapabilities. This can also destroy Light Screenand Reflect.,Psychic Fangs
m_599d059e,1.0,id-3,60.0,35.0,100.0,,10,2,1,,1.0,12.0,5.0,The target is struck with large imposing wingsspread wide to inflict damage.,Wing Attack
m_b3608a9a,2.0,id-1,,,,0.0,14,1,115,,2.0,14.0,10.0,Any Pokémon that hears this song faints in threeturns unless it switches out of battle.,Perish Song
m_2e914d0a,8.0,id-13,110.0,10.0,100.0,0.0,10,2,437,100.0,,,,Morpeko attacks and raises its Speed with the energystored in its cheeks. This moves type changesdepending on the users form.,Aura Wheel
m_58f26d85,6.0,id-1,,20.0,,0.0,10,1,357,100.0,,,,"The user and the target become friends, and thetarget loses its will to fight. This lowers the target’sAttack stat.",Play Nice
m_ee91272c,2.0,id-13,65.0,20.0,100.0,0.0,10,2,7,30.0,1.0,4.0,5.0,The user throws an electrically charged tackle at thetarget. This may also leave the target with paralysis.,Spark
m_be5e6f2a,3.0,id-10002,75.0,,100.0,0.0,10,2,1,,,,,,Shadow Break
m_f88ec9b0,1.0,id-4,,10.0,,0.0,10,1,34,,4.0,33.0,19.0,A move that leaves the target badly poisoned.Its poison damage worsens every turn.,Toxic
m_cb3ddd04,6.0,id-9,,10.0,,4.0,7,1,356,,,,,The user takes a defensive stance while it protectsitself from damage. It also lowers the Attack stat of anyattacker that makes direct contact.,King’s Shield
m_74873954,8.0,id-4,,40.0,100.0,0.0,9,1,1,,,,,The user surrounds everything around it withhighly acidic gas and melts away items they hold.,Corrosive Gas
m_c3b50a91,7.0,id-2,,1.0,,0.0,10,3,1,,,,,This move cant be used.Its recommended that this move is forgotten.Once forgotten this move cant be remembered.,All-Out Pummeling
m_d52f3256,7.0,id-2,,1.0,,0.0,10,3,1,,,,,This move cant be used.Its recommended that this move is forgotten.Once forgotten this move cant be remembered.,All-Out Pummeling
m_c783bbd8,6.0,id-7,,20.0,,0.0,6,1,341,,,,,The user weaves a sticky net around the opposingteam which lowers their Speed stats upon switchinginto battle.,Sticky Web
m_05fbd872,1.0,id-8,,15.0,100.0,,10,3,88,,4.0,23.0,5.0,The user makes the target see a frightening mirage.It inflicts damage equal to the users level.,Night Shade
m_6000bad3,1.0,id-1,,40.0,,0.0,10,1,60,,4.0,5.0,10.0,An earsplitting screech harshly lowers the targetsDefense stat.,Screech
m_5e0eb403,7.0,id-15,,,,0.0,10,2,1,,,,,This move cant be used.Its recommended that this move is forgotten.Once forgotten this move cant be remembered.,Subzero Slammer
m_57c63764,8.0,id-16,150.0,5.0,100.0,0.0,11,3,1,,,,,"Converting its life-force into power, the user attacksopposing Pokémon. The lower the user’s HP, the lowerthe move’s power.",Dragon Energy
m_9679c4a6,2.0,id-2,40.0,15.0,100.0,0.0,10,2,70,50.0,5.0,29.0,18.0,The user attacks with a punch. This may also lowerthe targets Defense stat.,Rock Smash
m_432a87a9,5.0,id-14,80.0,10.0,100.0,,10,3,283,,,,,The user materializes an odd psychic wave to attackthe target. This attack does physical damage.,Psyshock
m_c49e423c,8.0,id-14,90.0,10.0,100.0,0.0,10,3,1,10.0,,,,The user shoots its psychic power from its eyesto attack. This may also leave the target frozen.,Freezing Glare
m_50854205,3.0,id-12,25.0,30.0,100.0,,10,2,30,,1.0,14.0,7.0,The user forcefully shoots seeds at the target twoto five times in a row.,Bullet Seed
m_e7109f7a,3.0,id-15,30.0,20.0,90.0,0.0,10,2,118,,2.0,24.0,7.0,This move cant be used.Its recommended that this move is forgotten.Once forgotten this move cant be remembered.,Ice Ball
m_e352932b,3.0,id-10002,75.0,,100.0,0.0,10,3,7,10.0,,,,,Shadow Bolt
m_14501733,5.0,id-2,65.0,20.0,100.0,0.0,10,2,21,100.0,,,,The user makes a swift attack on the targets legswhich lowers the targets Speed stat.,Low Sweep
m_189e07b7,2.0,id-11,,5.0,,0.0,12,1,137,,5.0,11.0,13.0,"The user summons a heavy rain that falls for fiveturns, powering up Water-type moves. It lowersthe power of Fire-type moves.",Rain Dance
m_50a23e89,8.0,id-15,20.0,10.0,90.0,0.0,10,2,1,,,,,A consecutive three-kick attack that becomes morepowerful with each successful hit.,Triple Axel
m_d8819512,1.0,id-1,10.0,,100.0,0.0,10,2,71,10.0,5.0,9.0,21.0,This move cant be used.Its recommended that this move is forgotten.Once forgotten this move cant be remembered.,Constrict
m_1c308d18,2.0,id-17,60.0,25.0,100.0,0.0,10,2,106,,5.0,20.0,12.0,The user attacks and steals the target’s held itemsimultaneously. The user can’t steal anything if italready holds an item.,Thief
m_9e06d008,7.0,id-9,,1.0,,,10,2,1,,,,,This move cant be used.Its recommended that this move is forgotten.Once forgotten this move cant be remembered.,Corkscrew Crash
m_9040cb83,8.0,id-6,10.0,10.0,,0.0,2,2,1,,,,,This is a Rock-type attack Dynamax Pokémon use.The user summons a sandstorm lasting five turns.,Max Rockfall
m_19423178,5.0,id-17,,15.0,,,7,1,278,,,,,The user sharpens its claws to boost its Attack statand accuracy.,Hone Claws
m_b4c90b3f,5.0,id-13,,10.0,100.0,0.0,10,3,294,,,,,The user hurls an electric orb at the target. Thefaster the user is than the target the greater themoves power.,Electro Ball
m_df7fce2b,8.0,id-9,,10.0,100.0,0.0,1,2,228,,2.0,,15.0,The user retaliates with much greater force againstthe opponent that last inflicted damage on it.,Metal Burst
m_fa68027c,7.0,id-1,210.0,1.0,,0.0,10,2,1,,,,,This move cant be used.Its recommended that this move is forgotten.Once forgotten this move cant be remembered.,Pulverizing Pancake
m_2f6ea636,3.0,id-10002,120.0,,60.0,0.0,10,2,10002,,,,,,Shadow End
m_b7b7cc9a,3.0,id-1,,20.0,,0.0,10,1,206,,3.0,33.0,19.0,The user tickles the target into laughing reducing itsAttack and Defense stats.,Tickle
m_dd60aac8,3.0,id-1,,20.0,100.0,0.0,10,1,206,,3.0,33.0,19.0,The user tickles the target into laughing reducing itsAttack and Defense stats.,Tickle
m_108785b3,5.0,id-2,,5.0,,0.0,10,3,321,,,,,The user risks everything to attack its target. Theuser faints but does damage equal to its HP.,Final Gambit
m_139a62d6,7.0,id-3,,1.0,,0.0,10,2,1,,,,,"This move can’t be used.It’s recommended that this move is forgotten.Once forgotten, this move can’t be remembered.",Supersonic Skystrike
m_43ebd468,5.0,id-2,60.0,10.0,90.0,-6.0,10,2,314,,,,,"The target is thrown, and a different Pokémon isdragged out. In the wild, this ends a battle againsta single Pokémon.",Circle Throw
m_26d15085,5.0,id-9,,10.0,,0.0,7,1,313,,,,,"The user rotates its gears, raising its Attack stat andsharply raising its Speed stat.",Shift Gear
m_def98bef,7.0,id-3,,1.0,,0.0,10,3,1,,,,,"This move can’t be used.It’s recommended that this move is forgotten.Once forgotten, this move can’t be remembered.",Supersonic Skystrike
m_863edbfb,5.0,id-11,80.0,15.0,100.0,0.0,10,3,5,30.0,,,,The user shoots boiling hot water at its target.This may also leave the target with a burn.,Scald
m_775189db,5.0,id-14,,15.0,,2.0,7,1,308,,,,,The user teleports using a strange power andswitches places with one of its allies.,Ally Switch
m_10f14cbd,5.0,id-2,,15.0,,3.0,4,1,307,,,,,The user protects itself and its allies frompriority moves.,Quick Guard
m_d7e4bfb6,5.0,id-14,20.0,10.0,100.0,0.0,10,3,306,,,,,"The user attacks the target with stored power.The more the user’s stats are raised, the greaterthe move’s power.",Stored Power
m_1c1a6033,5.0,id-3,60.0,10.0,100.0,0.0,10,2,312,,,,,"This move can’t be used.It’s recommended that this move is forgotten.Once forgotten, this move can’t be remembered.",Sky Drop
m_ba19ec96,5.0,id-8,65.0,10.0,100.0,0.0,10,3,311,,,,,This relentless attack does massive damage to atarget affected by status conditions.,Hex
m_2ec42152,5.0,id-14,,10.0,,0.0,10,1,310,,,,,The user emits a healing pulse that restores thetarget’s HP by up to half of its max HP.,Heal Pulse
m_6aea54d7,5.0,id-1,,15.0,,0.0,7,1,309,,,,,"The user breaks its shell, which lowers Defense andSp. Def stats but sharply raises its Attack, Sp. Atk,and Speed stats.",Shell Smash
m_2c88c798,1.0,id-1,80.0,10.0,100.0,0.0,10,3,37,20.0,2.0,8.0,5.0,"The user strikes with a simultaneous three-beam attack.This may also burn, freeze, or paralyze the target.",Tri Attack
m_95ce8b6f,2.0,id-9,70.0,25.0,90.0,0.0,10,2,139,10.0,1.0,12.0,5.0,The target is hit with wings of steel. This may alsoraise the users Defense stat.,Steel Wing
m_e5e95eb5,7.0,id-2,,1.0,,0.0,10,3,1,,,,,"This move can’t be used.It’s recommended that this move is forgotten.Once forgotten, this move can’t be remembered.",All-Out Pummeling
m_0eb8c9cb,8.0,id-1,,10.0,100.0,0.0,12,1,432,,,,,"With its mysterious power, the user swaps the effects oneither side of the field.",Court Change
m_613d1b65,8.0,id-13,70.0,20.0,100.0,0.0,10,3,1,,,,,The user attacks with electric voltage rising fromthe ground. This move’s power doubles when the targetis on Electric Terrain.,Rising Voltage
m_61dcf342,1.0,id-1,,30.0,,0.0,7,1,31,,2.0,12.0,23.0,The user changes its type to become the same typeas the move at the top of the list of moves it knows.,Conversion
m_cf4b74cf,7.0,id-1,,1.0,,0.0,10,2,1,,,,,"This move can’t be used.It’s recommended that this move is forgotten.Once forgotten, this move can’t be remembered.",Breakneck Blitz
m_29bd5536,1.0,id-14,,30.0,,0.0,4,1,36,,2.0,15.0,13.0,A wondrous wall of light is put up to reduce damagefrom special attacks for five turns.,Light Screen
m_41f16f65,3.0,id-10002,75.0,,100.0,0.0,10,3,6,10.0,,,,,Shadow Chill
m_36287175,7.0,id-1,,1.0,,0.0,10,3,1,,,,,"This move can’t be used.It’s recommended that this move is forgotten.Once forgotten, this move can’t be remembered.",Breakneck Blitz
m_a6d91c12,6.0,id-15,70.0,20.0,,0.0,10,3,380,10.0,,,,The user rapidly cools the target. This may alsoleave the target frozen. This move is super effectiveon Water types.,Freeze-Dry
m_8c22344f,5.0,id-10,50.0,20.0,100.0,0.0,10,2,296,100.0,,,,"Cloaking itself in flame, the user attacks the target.Then, building up more power, the user raises itsSpeed stat.",Flame Charge
m_c2774fb0,5.0,id-4,,20.0,,0.0,7,1,323,,,,,The user coils up and concentrates. This raises itsAttack and Defense stats as well as its accuracy.,Coil
m_cd891790,6.0,id-3,120.0,5.0,100.0,0.0,10,2,230,100.0,,,,"After soaring upward, the user attacks its target bydropping out of the sky at high speeds. But it lowersits own Defense and Sp. Def stats in the process.",Dragon Ascent
m_e09c6c35,1.0,id-1,60.0,20.0,,,11,3,18,,1.0,27.0,17.0,Star-shaped rays are shot at opposing Pokémon.This attack never misses.,Swift
m_16e878bb,5.0,id-4,95.0,10.0,100.0,0.0,9,3,3,10.0,,,,The user strikes everything around it by swampingthe area with a giant sludge wave. This may alsopoison those hit.,Sludge Wave
m_1407cf19,5.0,id-7,,20.0,,0.0,7,1,291,,,,,"The user lightly performs a beautiful, mystic dance.This boosts the user’s Sp. Atk, Sp. Def, andSpeed stats.",Quiver Dance
m_b9b6c445,5.0,id-2,60.0,10.0,100.0,0.0,10,2,289,,,,,The user strikes the target with a fierce blow. Thisattack always results in a critical hit.,Storm Throw
m_c147dcf0,5.0,id-10,70.0,15.0,100.0,0.0,10,3,290,,,,,"This move can’t be used.It’s recommended that this move is forgotten.Once forgotten, this move can’t be remembered.",Flame Burst
m_274fc000,5.0,id-13,,10.0,100.0,0.0,10,3,294,,,,,"The user hurls an electric orb at the target. Thefaster the user is than the target, the greater themove’s power.",Electro Ball
m_69434abb,5.0,id-11,,20.0,100.0,0.0,10,1,295,,,,,The user shoots a torrent of water at the target andchanges the target’s type to Water.,Soak
m_a629a1d1,5.0,id-9,,10.0,100.0,0.0,10,2,292,,,,,"The user slams into the target with its heavy body.The more the user outweighs the target, the greaterthe move’s power.",Heavy Slam
m_6fa42cab,5.0,id-14,120.0,10.0,100.0,0.0,9,3,293,,,,,"This move can’t be used.It’s recommended that this move is forgotten.Once forgotten, this move can’t be remembered.",Synchronoise
m_f5cefa72,7.0,id-17,,10.0,100.0,0.0,10,2,306,,,,,The user boasts its strength and attacks the target.The more the users stats are raised the greater themoves power.,Power Trip
m_5d96b7d5,5.0,id-15,85.0,10.0,90.0,0.0,10,2,32,30.0,,,,The user attacks by harshly dropping large iciclesonto the target. This may also make the target flinch.,Icicle Crash
m_fc1b87e1,,id-14,,30.0,,0.0,4,1,36,,2.0,15.0,13.0,A wondrous wall of light is put up to reduce damagefrom special attacks for five turns.,Light Screen
m_84293fd4,3.0,id-10002,75.0,,,0.0,10,2,1,,,,,,Shadow Break
m_ec121607,5.0,id-15,85.0,,90.0,0.0,10,2,32,30.0,,,,The user attacks by harshly dropping large iciclesonto the target. This may also make the target flinch.,Icicle Crash
m_e506ff81,5.0,id-10,80.0,10.0,100.0,0.0,10,3,277,50.0,,,,"Cloaked in flames, the user attacks the target bydancing and flapping its wings. This may also raise theuser’s Sp. Atk stat.",Fiery Dance
m_206aa0ee,7.0,id-16,185.0,1.0,,0.0,11,3,419,100.0,,,,This move cant be used.Its recommended that this move is forgotten.Once forgotten this move cant be remembered.,Clangorous Soulblaze
m_25630fdb,3.0,id-10002,75.0,,100.0,0.0,10,2,1,,,,,,Shadow Break
m_a3550f3e,5.0,id-14,,15.0,,0.0,10,1,286,,,,,"This move can’t be used.It’s recommended that this move is forgotten.Once forgotten, this move can’t be remembered.",Telekinesis
m_1f783654,5.0,id-7,,20.0,,2.0,7,1,173,,,,,The user scatters a cloud of irritating powder todraw attention to itself. Opposing Pokémon aim only atthe user.,Rage Powder
m_73354748,5.0,id-9,,15.0,,0.0,7,1,285,,,,,The user sheds part of its body to make itself lighterand sharply raise its Speed stat.,Autotomize
m_7fde82b8,5.0,id-4,65.0,10.0,100.0,0.0,10,3,284,,,,,The user drenches the target in a special poisonousliquid. This move’s power is doubled if the targetis poisoned.,Venoshock
m_5948ec1f,4.0,id-1,,5.0,100.0,0.0,10,3,238,,4.0,,22.0,"This move can’t be used.It’s recommended that this move is forgotten.Once forgotten, this move can’t be remembered.",Wring Out
m_e4cd5fbb,4.0,id-14,,10.0,,0.0,7,1,239,,1.0,,16.0,The user employs its psychic power to switch itsAttack stat with its Defense stat.,Power Trick
m_7617e38c,5.0,id-14,,10.0,,0.0,10,1,281,,,,,The user employs its psychic power to average itsAttack and Sp. Atk stats with those of the target.,Power Split
m_f5db1fc4,5.0,id-14,,10.0,,0.0,10,1,280,,,,,The user employs its psychic power to average itsDefense and Sp. Def stats with those of the target.,Guard Split
m_199ebb28,4.0,id-17,,10.0,100.0,0.0,10,2,234,,5.0,,23.0,The user flings its held item at the target to attack.This move’s power and effects depend on the item.,Fling
m_3c91430e,4.0,id-14,,10.0,100.0,0.0,10,1,235,,1.0,,16.0,"Using its psychic power of suggestion, the usertransfers its status conditions to the target.",Psycho Shift
m_85184fad,4.0,id-1,,5.0,,0.0,10,3,236,,1.0,,21.0,"This move can’t be used.It’s recommended that this move is forgotten.Once forgotten, this move can’t be remembered.",Trump Card
m_9ca38f32,4.0,id-14,,15.0,100.0,0.0,11,1,237,,3.0,,13.0,"This move can’t be used.It’s recommended that this move is forgotten.Once forgotten, this move can’t be remembered.",Heal Block
m_c2bc7b5d,4.0,id-2,120.0,5.0,100.0,0.0,10,2,230,100.0,4.0,,22.0,The user fights the target up close without guardingitself. This also lowers the user’s Defense andSp. Def stats.,Close Combat
m_65b2bd08,4.0,id-17,50.0,10.0,100.0,0.0,10,2,231,,1.0,,6.0,"The user stores power, then attacks. If the usermoves after the target, this attack’s power willbe doubled.",Payback
m_830eed90,4.0,id-17,60.0,10.0,100.0,0.0,10,2,232,,2.0,,15.0,"If the target has already taken some damage in thesame turn, this attack’s power is doubled.",Assurance
m_d18afc08,4.0,id-17,,15.0,100.0,0.0,10,1,233,,3.0,,13.0,"This move can’t be used.It’s recommended that this move is forgotten.Once forgotten, this move can’t be remembered.",Embargo
m_7e552294,6.0,id-10,75.0,10.0,100.0,,10,3,72,100.0,,,,The user attacks by breathing a special hot fire.This also lowers the targets Sp. Atk stat.,Mystical Fire
m_2db8514a,6.0,id-18,,10.0,,3.0,4,1,350,,,,,The user protects itself and its allies from statusmoves with a mysterious power. This does not stopmoves that do damage.,Crafty Shield
m_ca1083a7,6.0,id-18,,10.0,,0.0,14,1,351,100.0,,,,The user raises the Defense stats of all Grass-typePokémon in battle with a mysterious power.,Flower Shield
m_f22aed25,6.0,id-17,,20.0,,0.0,10,1,348,,,,,All stat changes affecting the target turntopsy-turvy and become the opposite of whatthey were.,Topsy-Turvy
m_42350efe,6.0,id-18,50.0,10.0,100.0,0.0,10,3,349,,,,,The user steals the target’s HP with a kiss. Theuser’s HP is restored by over half of the damagetaken by the target.,Draining Kiss
m_bbae20a4,6.0,id-18,40.0,15.0,,0.0,11,3,381,,,,,"Letting out a charming cry, the user does emotionaldamage to opposing Pokémon. This attacknever misses.",Disarming Voice
m_8ad10f09,6.0,id-17,,20.0,100.0,0.0,10,1,347,100.0,,,,"With a parting threat, the user lowers the target’sAttack and Sp. Atk stats. Then it switches with aparty Pokémon.",Parting Shot
m_fab69a15,6.0,id-12,90.0,15.0,100.0,0.0,9,2,379,,,,,The user stirs up a violent petal blizzard and attackseverything around it.,Petal Blizzard
m_b8c63c71,6.0,id-15,70.0,20.0,100.0,0.0,10,3,380,10.0,,,,The user rapidly cools the target. This may alsoleave the target frozen. This move is super effectiveon Water types.,Freeze-Dry
m_cac290c0,6.0,id-13,65.0,20.0,100.0,0.0,9,3,346,,,,,The user attacks everything around it. The user’s HPis restored by half the damage taken by those hit.,Parabolic Charge
m_d2268abe,6.0,id-12,,20.0,100.0,0.0,10,1,376,,,,,The user puts a forest curse on the target.The target is now Grass type as well.,Forest’s Curse
m_80e4d44a,4.0,id-2,80.0,20.0,,0.0,10,3,18,,2.0,,17.0,The user lets loose a blast of aura power from deepwithin its body at the target. This attacknever misses.,Aura Sphere
m_9431fb49,4.0,id-6,,20.0,,0.0,7,1,53,,5.0,,1.0,The user polishes its body to reduce drag.This sharply raises the Speed stat.,Rock Polish
m_4660f30b,4.0,id-10,120.0,15.0,100.0,0.0,10,2,254,10.0,4.0,,22.0,The user cloaks itself in fire and charges the target.This also damages the user quite a lot. This attackmay leave the target with a burn.,Flare Blitz
m_69319c13,4.0,id-2,60.0,10.0,100.0,0.0,10,2,7,30.0,1.0,,18.0,The target is attacked with a shock wave. This mayalso leave the target with paralysis.,Force Palm
m_3610f013,4.0,id-11,,20.0,,0.0,7,1,252,,2.0,,8.0,The user envelops itself in a veil made of water.It regains some HP every turn.,Aqua Ring
m_2e3f8219,4.0,id-13,,10.0,,0.0,7,1,253,,3.0,,13.0,The user levitates using electrically generatedmagnetism for five turns.,Magnet Rise
m_2d0c3ad2,3.0,id-17,,15.0,100.0,0.0,10,1,166,,5.0,18.0,16.0,"The user torments and enrages the target, making itincapable of using the same move twice in a row.",Torment
m_c7f38c7f,3.0,id-15,,10.0,,0.0,12,1,165,,2.0,5.0,13.0,The user summons a hailstorm lasting five turns.It damages all Pokémon except Ice types.,Hail
m_8a9ad6a2,3.0,id-10,95.0,10.0,90.0,0.0,11,3,5,10.0,2.0,1.0,17.0,The user attacks by exhaling hot breath on opposingPokémon. This may also leave those Pokémon witha burn.,Heat Wave
m_561db159,3.0,id-1,,10.0,,0.0,7,1,163,,5.0,32.0,8.0,The power stored using the move Stockpile isabsorbed by the user to heal its HP. Storing morepower heals more HP.,Swallow
m_466cabf0,3.0,id-1,,10.0,100.0,0.0,10,3,162,,5.0,1.0,18.0,"The power stored using the move Stockpile isreleased at once in an attack. The more poweris stored, the greater the move’s power.",Spit Up
m_1a4e46c6,3.0,id-1,,20.0,,0.0,7,1,161,,5.0,16.0,11.0,The user charges up power and raises both itsDefense and Sp. Def stats. The move can be usedthree times.,Stockpile
m_19efda50,3.0,id-1,90.0,10.0,100.0,0.0,8,3,160,,3.0,21.0,10.0,"The user attacks in an uproar for three turns.During that time, no Pokémon can fall asleep.",Uproar
m_315fcf54,3.0,id-1,40.0,10.0,100.0,3.0,10,2,159,100.0,3.0,23.0,17.0,This attack hits first and makes the target flinch.It only works the first turn each time the userenters battle.,Fake Out
m_3d1d8612,2.0,id-17,,10.0,100.0,0.0,10,2,155,,4.0,14.0,7.0,"The user gets all party Pokémon to attack the target.The more party Pokémon, the greater the numberof attacks.",Beat Up
m_858efb1e,2.0,id-11,35.0,15.0,85.0,0.0,10,3,262,100.0,2.0,24.0,21.0,The user traps the target in a violent swirlingwhirlpool for four to five turns.,Whirlpool
m_afc4fd54,6.0,id-12,,,,4.0,7,1,362,,,,,In addition to protecting the user from attacks thismove also damages any attacker that makesdirect contact.,Spiky Shield
m_d412d91e,3.0,id-17,,10.0,,4.0,7,1,196,,4.0,14.0,12.0,This move cant be used.Its recommended that this move is forgotten.Once forgotten this move cant be remembered.,Snatch
m_3aa9452a,6.0,id-11,110.0,10.0,85.0,0.0,11,3,1,,,,,The user attacks opposing Pokémon with countlessbeams of light that glow a deep and brilliant blue.,Origin Pulse
m_7cd3c82e,7.0,id-1,,20.0,,,10,1,412,100.0,,,,The user gets teary eyed to make the target loseits combative spirit. This lowers the targetsAttack and Sp. Atk stats.,Tearful Look
m_773e5575,6.0,id-1,,20.0,,0.0,10,1,412,100.0,,,,The user gets teary eyed to make the target loseits combative spirit. This lowers the targetsAttack and Sp. Atk stats.,Tearful Look
m_bcfb8b23,1.0,id-1,10.0,35.0,100.0,0.0,10,2,71,10.0,5.0,9.0,21.0,This move cant be used.Its recommended that this move is forgotten.Once forgotten this move cant be remembered.,Constrict
m_c1608653,7.0,id-16,,1.0,,0.0,10,3,1,,,,,"This move can’t be used.It’s recommended that this move is forgotten.Once forgotten, this move can’t be remembered.",Devastating Drake
m_53121212,7.0,id-16,,1.0,,0.0,10,2,1,,,,,"This move can’t be used.It’s recommended that this move is forgotten.Once forgotten, this move can’t be remembered.",Devastating Drake
m_9a19687a,7.0,id-15,,1.0,,0.0,10,3,1,,,,,"This move can’t be used.It’s recommended that this move is forgotten.Once forgotten, this move can’t be remembered.",Subzero Slammer
m_c871c9d9,7.0,id-15,,1.0,,0.0,10,2,1,,,,,"This move can’t be used.It’s recommended that this move is forgotten.Once forgotten, this move can’t be remembered.",Subzero Slammer
m_edad6300,7.0,id-18,,1.0,,0.0,10,3,1,,,,,"This move can’t be used.It’s recommended that this move is forgotten.Once forgotten, this move can’t be remembered.",Twinkle Tackle
m_168fbbbc,7.0,id-18,,1.0,,0.0,10,2,1,,,,,"This move can’t be used.It’s recommended that this move is forgotten.Once forgotten, this move can’t be remembered.",Twinkle Tackle
m_2780e3d8,7.0,id-17,,1.0,,0.0,10,3,1,,,,,"This move can’t be used.It’s recommended that this move is forgotten.Once forgotten, this move can’t be remembered.",Black Hole Eclipse
m_e69225e2,2.0,id-6,30.0,20.0,90.0,0.0,10,2,118,,5.0,24.0,7.0,The user continually rolls into the target over fiveturns. It becomes more powerful each time it hits.,Rollout
m_4d56e6d1,7.0,id-5,,10.0,,0.0,7,1,382,,,,,The user regains up to half of its max HP. It restoresmore HP in a sandstorm.,Shore Up
m_d391b64f,7.0,id-13,210.0,1.0,,0.0,10,2,1,,,,,"This move can’t be used.It’s recommended that this move is forgotten.Once forgotten, this move can’t be remembered.",Catastropika
m_a8f78557,7.0,id-16,185.0,1.0,,0.0,11,3,419,100.0,,,,"This move can’t be used.It’s recommended that this move is forgotten.Once forgotten, this move can’t be remembered.",Clangorous Soulblaze
m_83d2cbd7,8.0,id-13,85.0,10.0,100.0,0.0,10,2,431,,,,,"The user stabs the target with its electrified beak.If the user attacks before the target, the power of thismove is doubled.",Bolt Beak
m_d6e34301,7.0,id-4,,10.0,,4.0,7,1,384,,,,,In addition to protecting the user from attacks thismove also poisons any attacker that makesdirect contact.,Baneful Bunker
m_ca259bdd,5.0,id-4,,10.0,,4.0,7,1,384,,,,,In addition to protecting the user from attacks thismove also poisons any attacker that makesdirect contact.,Baneful Bunker
m_62830ebc,6.0,id-2,,10.0,,0.0,4,1,377,,,,,Using a pulled-up mat as a shield the user protectsitself and its allies from damaging moves. This doesnot stop status moves.,Mat Block
m_1c9138df,7.0,id-1,120.0,10.0,100.0,0.0,10,2,269,,,,,"Cloaking itself in high energy, the user slams into thetarget. The memory held determines the move’s type.",Multi-Attack
m_50afd2d0,7.0,id-13,195.0,1.0,,0.0,10,3,1,,,,,"This move can’t be used.It’s recommended that this move is forgotten.Once forgotten, this move can’t be remembered.","10,000,000 Volt Thunderbolt"
m_575a4b75,2.0,id-8,,15.0,100.0,0.0,10,1,108,,4.0,5.0,19.0,"This move can’t be used.It’s recommended that this move is forgotten.Once forgotten, this move can’t be remembered.",Nightmare
m_165c8f0c,1.0,id-5,,5.0,30.0,0.0,10,2,39,,5.0,14.0,9.0,The user opens up a fissure in the ground and dropsthe target in. The target faints instantly if thisattack hits.,Fissure
m_166bcbd2,2.0,id-2,10.0,10.0,90.0,,10,2,105,,1.0,1.0,7.0,A consecutive three-kick attack that becomes morepowerful with each successful hit.,Triple Kick
m_05bb9e45,7.0,id-8,90.0,10.0,100.0,0.0,10,2,410,,,,,"The user hides in the target’s shadow, stealsthe target’s stat boosts, and then attacks.",Spectral Thief
m_9fe9348e,7.0,id-9,100.0,5.0,100.0,0.0,10,2,411,,,,,The user slams into the target with the force of ameteor. This move can be used on the targetregardless of its Abilities.,Sunsteel Strike
m_ba6d6d08,7.0,id-11,85.0,10.0,100.0,0.0,10,2,70,20.0,,,,The user slams into the target using a full-forceblast of water. This may also lower the target’sDefense stat.,Liquidation
m_4fb5a062,7.0,id-14,160.0,10.0,100.0,0.0,10,3,81,,,,,The user shoots powerful lasers using the power ofa prism. The user can’t move on the next turn.,Prismatic Laser
m_5ae34e1d,7.0,id-13,80.0,10.0,100.0,0.0,10,2,32,30.0,,,,"A strong electric blast crashes down on the target,giving it an electric shock. This may also make thetarget flinch.",Zing Zap
m_39faffaa,7.0,id-18,,10.0,90.0,0.0,10,3,41,,,,,The user hits the target with the force of nature.It halves the target’s HP.,Nature’s Madness
m_f0ee2b32,7.0,id-8,100.0,5.0,100.0,0.0,10,3,411,,,,,The user emits a sinister ray to attack the target.This move can be used on the target regardless ofits Abilities.,Moongeist Beam
m_81a647f6,7.0,id-1,,20.0,,0.0,10,1,412,100.0,,,,The user gets teary eyed to make the target loseits combative spirit. This lowers the target’sAttack and Sp. Atk stats.,Tearful Look
m_f3b40a68,5.0,id-4,40.0,20.0,100.0,0.0,10,3,297,100.0,,,,The user spits fluid that works to melt the target.This harshly lowers the targets Sp. Def stat.,Acid Spray
m_3a350cc6,6.0,id-5,120.0,10.0,85.0,0.0,11,2,1,,,,,The user attacks opposing Pokémon by manifestingthe power of the land in fearsome blades of stone.,Precipice Blades
m_a82fb3db,8.0,id-9,100.0,5.0,,0.0,10,2,436,,,,,The user becomes a gigantic sword and cuts the target.This move deals twice the damage if the targetis Dynamaxed.,Behemoth Blade
m_7e58133c,2.0,id-2,,15.0,100.0,0.0,10,2,100,,1.0,28.0,15.0,An all-out attack that becomes more powerful theless HP the user has.,Reversal
m_41077b65,2.0,id-1,,10.0,,4.0,7,1,117,,5.0,16.0,13.0,The user endures any attack with at least 1 HP.Its chance of failing rises if it is used in succession.,Endure
m_0152c942,1.0,id-1,,20.0,90.0,0.0,10,3,131,,1.0,12.0,5.0,"This move can’t be used.It’s recommended that this move is forgotten.Once forgotten, this move can’t be remembered.",Sonic Boom
m_0e8529e0,1.0,id-1,,20.0,55.0,0.0,10,1,50,,4.0,21.0,19.0,The user generates odd sound waves from its bodythat confuse the target.,Supersonic
m_3090abaa,2.0,id-1,,30.0,,0.0,10,1,94,,2.0,12.0,23.0,The user changes its type to make itself resistant tothe type of the attack the target used last.,Conversion 2
m_6e2fe50f,7.0,id-13,,1.0,,0.0,10,3,1,,,,,"This move can’t be used.It’s recommended that this move is forgotten.Once forgotten, this move can’t be remembered.",Gigavolt Havoc
m_0d25efb4,7.0,id-17,60.0,20.0,100.0,0.0,9,2,406,,,,,The user swings its body around violently to inflictdamage on everything in its vicinity.,Brutal Swing
m_f9959b5c,1.0,id-7,25.0,20.0,100.0,0.0,10,2,78,20.0,1.0,9.0,7.0,"This move can’t be used.It’s recommended that this move is forgotten.Once forgotten, this move can’t be remembered.",Twineedle
m_07039041,1.0,id-4,15.0,35.0,100.0,0.0,10,2,3,30.0,4.0,9.0,19.0,The user stabs the target with a poisonous stinger.This may also poison the target.,Poison Sting
m_e2b3fd3f,1.0,id-1,,30.0,100.0,0.0,11,1,20,100.0,1.0,24.0,19.0,The user gives opposing Pokémon an intimidatingleer that lowers the Defense stat.,Leer
m_0a52af4e,1.0,id-7,25.0,20.0,95.0,0.0,10,2,30,,1.0,10.0,7.0,Sharp spikes are shot at the target in rapidsuccession. They hit two to five times in a row.,Pin Missile
m_fa636241,1.0,id-1,,40.0,100.0,0.0,11,1,19,,3.0,28.0,19.0,"The user growls in an endearing way, makingopposing Pokémon less wary. This lowers theirAttack stats.",Growl
m_29ad7469,1.0,id-17,60.0,25.0,100.0,0.0,10,2,32,30.0,5.0,5.0,5.0,The target is bitten with viciously sharp fangs.This may also make the target flinch.,Bite
m_750da4ef,1.0,id-1,,15.0,55.0,0.0,10,1,2,,3.0,18.0,19.0,A soothing lullaby is sung in a calming voice thatputs the target into a deep slumber.,Sing
m_bda50954,1.0,id-1,,20.0,,-6.0,10,1,29,,1.0,21.0,19.0,"The target is scared off, and a different Pokémon isdragged out. In the wild, this ends a battle against asingle Pokémon.",Roar
m_5b3bb10e,2.0,id-1,80.0,5.0,100.0,2.0,10,2,104,,1.0,30.0,1.0,The user charges the target at blinding speed.This move always goes first.,Extreme Speed
m_3fa468f1,2.0,id-1,80.0,5.0,100.0,2.0,10,2,104,,1.0,30.0,1.0,The user charges the target at blinding speed.This move always goes first.,Extreme Speed
m_18537489,7.0,id-13,60.0,20.0,,0.0,10,3,1,100.0,,,,This move cant be used.Its recommended that this move is forgotten.Once forgotten this move cant be remembered.,Buzzy Buzz
m_288cdb27,1.0,id-1,,20.0,85.0,0.0,10,2,49,,5.0,3.0,5.0,A reckless full-body charge attack for slamming intothe target. This also damages the user a little.,Take Down
m_f58f0861,6.0,id-3,80.0,10.0,100.0,0.0,10,3,349,,,,,The user absorbs its target’s HP. The user’s HP isrestored by over half of the damage taken bythe target.,Oblivion Wing
m_6ccf5f93,8.0,id-18,90.0,10.0,95.0,,10,3,77,20.0,,,,The user attacks the target by emitting steam.This may also confuse the target.,Strange Steam
m_b703d6a4,5.0,id-7,,,,0.0,7,1,291,,,,,The user lightly performs a beautiful mystic dance.This boosts the users Sp. Atk Sp. Def andSpeed stats.,Quiver Dance
m_97e5204e,6.0,id-2,40.0,20.0,100.0,0.0,10,2,375,100.0,,,,Striking opponents over and over makes the user’sfists harder. Hitting a target raises the Attack stat.,Power-Up Punch
m_6214fc45,1.0,id-1,18.0,15.0,80.0,0.0,10,2,30,,5.0,10.0,7.0,The target is raked with sharp claws or scythesquickly two to five times in a row.,Fury Swipes
m_9c844c5d,1.0,id-5,50.0,10.0,90.0,0.0,10,2,45,,5.0,1.0,7.0,The user throws the bone it holds. The bone loopsaround to hit the target twice—coming and going.,Bonemerang
m_6f65bb7c,1.0,id-14,,10.0,,0.0,7,1,38,,3.0,16.0,8.0,The user goes to sleep for two turns. This fullyrestores the user’s HP and heals anystatus conditions.,Rest
m_017ec996,1.0,id-6,75.0,10.0,90.0,0.0,11,2,32,30.0,5.0,5.0,5.0,Large boulders are hurled at opposing Pokémon toinflict damage. This may also make the opposingPokémon flinch.,Rock Slide
m_8e4249ec,1.0,id-1,,40.0,,0.0,7,1,86,,3.0,28.0,16.0,The user just flops and splashes around to no effectat all...,Splash
m_3328cf23,1.0,id-4,,20.0,,0.0,7,1,52,,5.0,32.0,11.0,"The user alters its cellular structure to liquefy itself,sharply raising its Defense stat.",Acid Armor
m_453a26b1,1.0,id-11,100.0,10.0,90.0,0.0,10,2,44,,5.0,2.0,18.0,The target is hammered with a large pincer. Criticalhits land more easily.,Crabhammer
m_39b411f6,1.0,id-1,250.0,5.0,100.0,0.0,9,2,8,,2.0,7.0,9.0,The user attacks everything around it by causing atremendous explosion. The user faints upon usingthis move.,Explosion
m_25cec17d,5.0,id-9,50.0,15.0,85.0,0.0,10,2,45,,,,,The user attacks by throwing steel gears at itstarget twice.,Gear Grind
m_93f505d9,8.0,id-13,10.0,10.0,,0.0,2,2,1,,,,,This is an Electric-type attack Dynamax Pokémon use.The user turns the ground into Electric Terrain forfive turns.,Max Lightning
m_2e53e948,1.0,id-1,80.0,15.0,90.0,0.0,10,2,32,10.0,1.0,4.0,18.0,The user bites hard on the target with its sharpfront fangs. This may also make the target flinch.,Hyper Fang
m_24b48e1d,1.0,id-1,,30.0,,0.0,7,1,11,,3.0,32.0,11.0,"This move can’t be used.It’s recommended that this move is forgotten.Once forgotten, this move can’t be remembered.",Sharpen
m_3d2dfc3b,7.0,id-4,,1.0,,0.0,10,2,1,,,,,"This move can’t be used.It’s recommended that this move is forgotten.Once forgotten, this move can’t be remembered.",Acid Downpour
m_513e035c,7.0,id-4,,1.0,,0.0,10,3,1,,,,,"This move can’t be used.It’s recommended that this move is forgotten.Once forgotten, this move can’t be remembered.",Acid Downpour
m_dc325c7a,8.0,id-12,70.0,20.0,100.0,0.0,10,2,1,,,,,"Gliding on the ground, the user attacks the target.This move always goes first on Grassy Terrain.",Grassy Glide
m_7f8f950b,4.0,id-17,,15.0,100.0,0.0,10,1,233,,3.0,,13.0,This move cant be used.Its recommended that this move is forgotten.Once forgotten this move cant be remembered.,Embargo
m_003fc7ac,4.0,id-14,,10.0,,0.0,10,1,245,,3.0,,16.0,The user employs its psychic power to switchchanges to its Defense and Sp. Def stats withthe target.,Guard Swap
m_94d129fa,8.0,id-11,85.0,10.0,100.0,0.0,10,2,431,,,,,The user rends the target with its hard gills.If the user attacks before the target the power of thismove is doubled.,Fishious Rend
m_3d02aa31,2.0,id-10,,5.0,,0.0,12,1,138,,2.0,11.0,13.0,The user intensifies the sun for five turns poweringup Fire-type moves. It lowers the power ofWater-type moves.,Sunny Day
m_c5bee320,3.0,id-10002,75.0,,100.0,,10,3,7,10.0,,,,,Shadow Bolt
m_71a3d541,6.0,id-2,40.0,20.0,100.0,,10,2,375,100.0,,,,Striking opponents over and over makes the usersfists harder. Hitting a target raises the Attack stat.,Power-Up Punch
m_cf0ce246,6.0,id-1,,15.0,,0.0,10,1,301,,,,,The user helps the target and makes it use its moveright after the user.,After You
m_af5e307d,8.0,id-1,,10.0,,0.0,7,1,424,100.0,,,,"The user eats its held Berry, then sharply raises itsDefense stat.",Stuff Cheeks
m_797d6b88,1.0,id-1,150.0,5.0,90.0,0.0,10,3,81,,1.0,6.0,22.0,The target is attacked with a powerful beam.The user cant move on the next turn.,Hyper Beam
m_e190dba8,3.0,id-1,90.0,10.0,100.0,0.0,11,3,1,,1.0,5.0,5.0,The user lets loose a horribly echoing shout withthe power to inflict damage.,Hyper Voice
m_d3258d4e,4.0,id-2,75.0,10.0,,0.0,10,2,4,,2.0,,20.0,An energy-draining punch. The users HP is restoredby half the damage taken by the target.,Drain Punch
m_7b7c9cff,1.0,id-13,,,90.0,0.0,10,1,68,,1.0,14.0,19.0,The user launches a weak jolt of electricity thatparalyzes the target.,Thunder Wave
m_3a5bec67,7.0,id-13,175.0,1.0,,0.0,10,3,7,100.0,,,,This move cant be used.Its recommended that this move is forgotten.Once forgotten this move cant be remembered.,Stoked Sparksurfer
m_bf6bf287,7.0,id-14,100.0,5.0,100.0,0.0,10,3,1,,,,,The user attacks a target with a pillar of light. Thismove inflicts Attack or Sp. Atk damage—whicheverstat is higher for the user.,Photon Geyser
m_4e8a09f0,8.0,id-16,25.0,20.0,90.0,0.0,10,2,1,,,,,The user attacks by shooting scales two to five timesin a row. This move boosts the users Speed stat butlowers its Defense stat.,Scale Shot
m_b8f0a4ea,3.0,id-11,,15.0,,0.0,12,1,211,,3.0,1.0,13.0,This move cant be used.Its recommended that this move is forgotten.Once forgotten this move cant be remembered.,Water Sport
m_e5672f7c,1.0,id-2,,20.0,100.0,-5.0,1,2,90,,5.0,16.0,15.0,A retaliation move that counters any physical attackinflicting double the damage taken.,Counter
m_a574e2dd,6.0,id-1,,40.0,,0.0,3,1,371,,,,,The user and an ally hold hands. This makes themvery happy.,Hold Hands
m_05893b60,6.0,id-1,,40.0,,0.0,3,1,371,,,,,The user and an ally hold hands. This makes themvery happy.,Hold Hands
m_bc0215ba,5.0,id-10,80.0,10.0,100.0,0.0,10,3,277,50.0,,,,Cloaked in flames the user attacks the target bydancing and flapping its wings. This may also raise theusers Sp. Atk stat.,Fiery Dance
m_f83d008a,5.0,id-10,80.0,10.0,100.0,,10,3,277,50.0,,,,Cloaked in flames the user attacks the target bydancing and flapping its wings. This may also raise theusers Sp. Atk stat.,Fiery Dance
m_bcc5ddd7,4.0,id-2,75.0,10.0,100.0,0.0,10,2,4,,2.0,,20.0,An energy-draining punch. The users HP is restoredby half the damage taken by the target.,Drain Punch
m_923664ab,1.0,id-1,70.0,20.0,,0.0,10,2,44,,1.0,2.0,5.0,The target is attacked with a slash of claws orblades. Critical hits land more easily.,Slash
m_13abeeef,3.0,id-14,,15.0,,,7,1,184,,2.0,15.0,15.0,Moves like Leech Seed and moves that inflict statusconditions are blocked by a barrier and reflected backto the user of those moves.,Magic Coat
m_f3ff4888,2.0,id-1,,30.0,,0.0,10,1,94,,2.0,12.0,23.0,The user changes its type to make itself resistant tothe type of the attack the target used last.,Conversion 2
m_d6c53c69,2.0,id-1,,,100.0,0.0,10,1,121,,3.0,18.0,19.0,If it is the opposite gender of the user the targetbecomes infatuated and less likely to attack.,Attract
m_a6410127,2.0,id-1,,15.0,90.0,0.0,10,2,123,,3.0,17.0,16.0,The user attacks by giving the target a gift with ahidden trap. It restores HP sometimes however.,Present
m_c4cf4503,2.0,id-1,,15.0,90.0,,10,2,123,,3.0,17.0,16.0,The user attacks by giving the target a gift with ahidden trap. It restores HP sometimes however.,Present
m_8d3d402d,3.0,id-12,150.0,5.0,90.0,0.0,10,3,81,,1.0,6.0,22.0,The user slams the target with the roots of anenormous tree. The user cant move on the next turn.,Frenzy Plant
m_18a2b8c6,3.0,id-2,60.0,10.0,100.0,-4.0,10,2,186,,5.0,31.0,15.0,This attack move’s power is doubled if the user hasbeen hurt by the opponent in the same turn.,Revenge
m_c0fb6b54,7.0,id-5,95.0,10.0,95.0,,10,2,1,,,,,The user fiercely attacks the target using itsentire body.,High Horsepower
m_01978753,6.0,id-1,,30.0,,0.0,4,1,368,,,,,Using Happy Hour doubles the amount of prizemoney received after battle.,Happy Hour
m_e01a1420,5.0,id-1,,30.0,,0.0,4,1,368,,,,,Using Happy Hour doubles the amount of prizemoney received after battle.,Happy Hour
m_1c374b5a,1.0,id-5,,5.0,,0.0,10,2,39,,5.0,14.0,9.0,The user opens up a fissure in the ground and dropsthe target in. The target faints instantly if thisattack hits.,Fissure
m_d90483e8,7.0,id-3,90.0,15.0,95.0,0.0,10,2,1,30.0,,,,"This move can’t be used.It’s recommended that this move is forgotten.Once forgotten, this move can’t be remembered.",Floaty Fall
m_5527bd9b,5.0,id-12,75.0,10.0,100.0,0.0,10,2,4,,,,,The user drains the target’s energy with its horns.The user’s HP is restored by half the damage takenby the target.,Horn Leech
m_93c23859,5.0,id-2,90.0,15.0,100.0,0.0,10,2,304,,,,,The user attacks by slicing with a long horn. Thetarget’s stat changes don’t affect thisattack’s damage.,Sacred Sword
m_febdfa47,4.0,id-6,150.0,5.0,90.0,0.0,10,2,81,,5.0,,22.0,The user launches a huge boulder at the target toattack. The user can’t move on the next turn.,Rock Wrecker
m_e8d7250a,4.0,id-12,120.0,10.0,85.0,0.0,10,2,1,,2.0,,5.0,"The user violently whirls its vines, tentacles, or thelike to harshly lash the target.",Power Whip
m_10f2a541,5.0,id-12,65.0,10.0,90.0,0.0,10,3,74,50.0,,,,The user attacks its target by encircling it in sharpleaves. This attack may also lower thetarget’s accuracy.,Leaf Tornado
m_c2703be7,5.0,id-7,65.0,20.0,100.0,0.0,10,2,151,30.0,,,,"This move can’t be used.It’s recommended that this move is forgotten.Once forgotten, this move can’t be remembered.",Steamroller
m_c6cfa118,5.0,id-11,75.0,10.0,95.0,0.0,10,2,70,50.0,,,,The user cuts its target with sharp shells. This mayalso lower the target’s Defense stat.,Razor Shell
m_ed40bc17,5.0,id-10,,10.0,100.0,0.0,10,2,292,,,,,"The user slams its target with its flame-coveredbody. The more the user outweighs the target, thegreater the move’s power.",Heat Crash
m_68ed174c,4.0,id-14,,5.0,,-7.0,12,1,260,,3.0,,14.0,The user creates a bizarre area in which slowerPokémon get to move first for five turns.,Trick Room
m_efe3fc8b,4.0,id-3,,15.0,,0.0,10,1,259,,2.0,,13.0,A strong wind blows away the target’s barriers suchas Reflect or Light Screen. This also lowers thetarget’s evasiveness.,Defog
m_158d8924,4.0,id-1,90.0,20.0,85.0,0.0,10,2,77,20.0,1.0,,18.0,"This move can’t be used.It’s recommended that this move is forgotten.Once forgotten, this move can’t be remembered.",Rock Climb
m_365ff2ce,4.0,id-9,80.0,10.0,100.0,0.0,10,3,73,10.0,4.0,,17.0,The user gathers all its light energy and releases itall at once. This may also lower the target’sSp. Def stat.,Flash Cannon
m_0c531fd4,4.0,id-12,130.0,5.0,90.0,0.0,10,3,205,100.0,3.0,,22.0,The user whips up a storm of leaves around thetarget. The attack’s recoil harshly lowers the user’sSp. Atk stat.,Leaf Storm
m_b0933af2,4.0,id-10,80.0,15.0,100.0,0.0,9,3,5,30.0,5.0,,17.0,The user torches everything around it in an infernoof scarlet flames. This may also leave those it hitswith a burn.,Lava Plume
m_14b54146,4.0,id-13,80.0,15.0,100.0,0.0,9,3,7,30.0,1.0,,17.0,The user strikes everything around it by letting loosea flare of electricity. This may also cause paralysis.,Discharge
m_c9893540,4.0,id-16,130.0,5.0,90.0,0.0,10,3,205,100.0,4.0,,22.0,Comets are summoned down from the sky onto thetarget. The attack’s recoil harshly lowers the user’sSp. Atk stat.,Draco Meteor
m_d710823a,3.0,id-1,,10.0,,0.0,7,1,185,,4.0,17.0,12.0,The user recycles a held item that has been used inbattle so it can be used again.,Recycle
m_1741246e,3.0,id-12,,20.0,,0.0,7,1,182,,4.0,15.0,21.0,The user lays roots that restore its HP on every turn.Because its rooted it cant switch out.,Ingrain
m_aa1316dc,8.0,id-10,120.0,,90.0,0.0,10,2,5,10.0,,,,The user attacks by igniting a small stone and launchingit as a fiery ball at the target. This may also leave thetarget with a burn.,Pyro Ball
m_cc3d6418,4.0,id-1,,30.0,,0.0,4,1,241,,3.0,,13.0,This move cant be used.Its recommended that this move is forgotten.Once forgotten this move cant be remembered.,Lucky Chant
m_36f30b70,4.0,id-17,,5.0,100.0,0.0,10,2,246,,4.0,,23.0,"This move can’t be used.It’s recommended that this move is forgotten.Once forgotten, this move can’t be remembered.",Punishment
m_426973b0,1.0,id-1,40.0,20.0,100.0,0.0,10,2,35,,4.0,11.0,23.0,Numerous coins are hurled at the target to inflictdamage. Money is earned after the battle.,Pay Day
m_e70a54b9,7.0,id-5,,,,0.0,10,2,1,,,,,This move cant be used.Its recommended that this move is forgotten.Once forgotten this move cant be remembered.,Tectonic Rage
m_df68c170,8.0,id-17,75.0,5.0,100.0,0.0,10,2,1,,,,,"The user lashes out to vent its frustration towardthe target. If the user’s stats were lowered during thisturn, the power of this move is doubled.",Lash Out
m_9f0b6665,2.0,id-1,,10.0,,4.0,7,1,117,,5.0,16.0,13.0,The user endures any attack with at least 1 HP.Its chance of failing rises if it is used in succession.,Endure
m_b670c6f3,8.0,id-1,,10.0,,4.0,7,1,112,,,,,This move enables the user to protect itself fromall attacks. Its chance of failing rises if it is usedin succession.,Max Guard
m_996fc962,5.0,id-14,,15.0,,,7,1,308,,,,,The user teleports using a strange power andswitches places with one of its allies.,Ally Switch
m_78847e52,7.0,id-3,,,,0.0,10,2,1,,,,,This move cant be used.Its recommended that this move is forgotten.Once forgotten this move cant be remembered.,Supersonic Skystrike
m_163e119c,3.0,id-1,,40.0,,0.0,10,1,114,,4.0,33.0,20.0,This move cant be used.Its recommended that this move is forgotten.Once forgotten this move cant be remembered.,Odor Sleuth
m_42631a51,7.0,id-11,195.0,1.0,,0.0,10,3,1,,,,,"This move can’t be used.It’s recommended that this move is forgotten.Once forgotten, this move can’t be remembered.",Oceanic Operetta
m_52a0c391,7.0,id-17,180.0,1.0,,0.0,10,2,1,,,,,"This move can’t be used.It’s recommended that this move is forgotten.Once forgotten, this move can’t be remembered.",Malicious Moonsault
m_accf7e5a,7.0,id-8,180.0,1.0,,0.0,10,2,1,,,,,"This move can’t be used.It’s recommended that this move is forgotten.Once forgotten, this move can’t be remembered.",Sinister Arrow Raid
m_d683ed39,7.0,id-15,,20.0,,0.0,4,1,407,,,,,This move reduces damage from physical andspecial moves for five turns. This can be used onlyin a hailstorm.,Aurora Veil
m_a9de4ceb,7.0,id-17,60.0,20.0,100.0,0.0,9,2,406,,,,,The user swings its body around violently to inflictdamage on everything in its vicinity.,Brutal Swing
m_a294f13a,7.0,id-16,90.0,15.0,100.0,0.0,10,2,1,,,,,The user uses its body like a hammer to attack thetarget and inflict damage.,Dragon Hammer
m_5173b3f8,7.0,id-16,110.0,5.0,100.0,0.0,11,3,405,100.0,,,,The user rubs the scales on its entire body and makesa huge noise to attack opposing Pokémon.The user’s Defense stat goes down after the attack.,Clanging Scales
m_a511462e,7.0,id-3,100.0,15.0,100.0,-3.0,10,2,404,,,,,"The user first heats up its beak, and then it attacksthe target. Making direct contact with the Pokémonwhile it’s heating up its beak results in a burn.",Beak Blast
m_4f05327b,8.0,id-13,,10.0,,0.0,2,2,1,,,,,This is an Electric-type attack Dynamax Pokémon use.The user turns the ground into Electric Terrain forfive turns.,Max Lightning
m_3250315a,8.0,id-13,10.0,10.0,,0.0,2,2,1,,,,,This is an Electric-type attack Dynamax Pokémon use.The user turns the ground into Electric Terrain forfive turns.,Max Lightning
m_97e7b3ec,,id-12,20.0,25.0,100.0,0.0,10,3,4,,4.0,9.0,20.0,A nutrient-draining attack. The users HP is restoredby half the damage taken by the target.,Absorb
m_d1ec32f3,1.0,id-12,20.0,25.0,,0.0,10,3,4,,4.0,9.0,20.0,A nutrient-draining attack. The users HP is restoredby half the damage taken by the target.,Absorb
m_5057b547,7.0,id-8,195.0,1.0,,0.0,10,2,1,,,,,"This move can’t be used.It’s recommended that this move is forgotten.Once forgotten, this move can’t be remembered.",Soul-Stealing 7-Star Strike
m_44b33281,7.0,id-18,,1.0,,0.0,10,3,413,,,,,"This move can’t be used.It’s recommended that this move is forgotten.Once forgotten, this move can’t be remembered.",Guardian of Alola
m_d5a785a0,3.0,id-2,85.0,15.0,90.0,0.0,10,2,208,,1.0,23.0,17.0,"This move can’t be used.It’s recommended that this move is forgotten.Once forgotten, this move can’t be remembered.",Sky Uppercut
m_d6d7d491,3.0,id-14,80.0,20.0,100.0,0.0,10,3,32,10.0,1.0,4.0,17.0,"The user attacks with an odd, unseeable power.This may also make the target flinch.",Extrasensory
m_90a8beaf,3.0,id-8,60.0,20.0,,0.0,10,2,18,,4.0,27.0,17.0,The user throws a punch from the shadows. Thisattack never misses.,Shadow Punch
m_e54a5c4d,3.0,id-7,75.0,15.0,100.0,0.0,10,3,77,10.0,2.0,21.0,4.0,"This move can’t be used.It’s recommended that this move is forgotten.Once forgotten, this move can’t be remembered.",Signal Beam
m_ba2580d3,3.0,id-8,,5.0,,0.0,7,1,195,,5.0,26.0,10.0,"If the user faints, the user’s grudge fully depletesthe PP of the opponent’s move that knocked it out.",Grudge
m_d31cad0b,3.0,id-17,,10.0,,4.0,7,1,196,,4.0,14.0,12.0,"This move can’t be used.It’s recommended that this move is forgotten.Once forgotten, this move can’t be remembered.",Snatch
m_04777036,3.0,id-1,,20.0,100.0,0.0,10,1,206,,3.0,33.0,19.0,"The user tickles the target into laughing, reducing itsAttack and Defense stats.",Tickle
m_7793dd35,3.0,id-12,,15.0,55.0,0.0,10,1,2,,4.0,5.0,19.0,"This move can’t be used.It’s recommended that this move is forgotten.Once forgotten, this move can’t be remembered.",Grass Whistle
m_0b25133a,3.0,id-10,150.0,5.0,100.0,0.0,11,3,191,,2.0,26.0,18.0,"The user attacks opposing Pokémon with explosivefury. The lower the user’s HP, the lower themove’s power.",Eruption
m_70a45fee,3.0,id-14,,10.0,,0.0,10,1,192,,4.0,20.0,12.0,The user employs its psychic power to exchangeAbilities with the target.,Skill Swap
m_8c932b12,3.0,id-14,,10.0,,0.0,7,1,193,,4.0,33.0,20.0,"If opposing Pokémon know any move also known bythe user, they are prevented from using it.",Imprison
m_ed35a4d1,3.0,id-1,,20.0,,0.0,7,1,194,,3.0,32.0,8.0,"This move can’t be used.It’s recommended that this move is forgotten.Once forgotten, this move can’t be remembered.",Refresh
m_330f1775,3.0,id-2,75.0,15.0,100.0,0.0,10,2,187,,1.0,4.0,5.0,"The user attacks with a swift chop. It can also breakbarriers, such as Light Screen and Reflect.",Brick Break
m_05d22932,3.0,id-1,,10.0,,0.0,10,1,188,,3.0,18.0,19.0,The user lets loose a huge yawn that lulls the targetinto falling asleep on the next turn.,Yawn
m_7eb204b8,3.0,id-15,,5.0,30.0,0.0,10,3,39,,2.0,14.0,9.0,The target faints instantly. It’s less likely to hit thetarget if it’s used by Pokémon other than Ice types.,Sheer Cold
m_03c084dd,3.0,id-1,,5.0,100.0,0.0,10,2,190,,5.0,28.0,15.0,This attack move cuts down the target’s HP to equalthe user’s HP.,Endeavor
m_5f0cf551,3.0,id-5,,,,0.0,12,1,202,,3.0,1.0,13.0,This move cant be used.Its recommended that this move is forgotten.Once forgotten this move cant be remembered.,Mud Sport
m_70cc7221,7.0,id-1,210.0,1.0,,0.0,10,2,1,,,,,"This move can’t be used.It’s recommended that this move is forgotten.Once forgotten, this move can’t be remembered.",Pulverizing Pancake
m_8f6c764f,4.0,id-3,65.0,20.0,100.0,0.0,10,3,268,100.0,4.0,,23.0,The user attacks the target with sound waves ofdeafening chatter. This confuses the target.,Chatter
m_ab175ec7,4.0,id-1,100.0,10.0,100.0,0.0,10,3,269,,4.0,,14.0,The user releases countless shots of light at thetarget. This move’s type varies depending on thekind of Plate the user is holding.,Judgment
m_97d34ec3,4.0,id-6,,20.0,,0.0,6,1,267,,1.0,,13.0,The user lays a trap of levitating stones around theopposing team. The trap hurts opposing Pokémonthat switch into battle.,Stealth Rock
m_4c85eb9b,4.0,id-12,,20.0,100.0,0.0,10,3,197,,4.0,,4.0,"The user snares the target with grass and trips it.The heavier the target, the greater themove’s power.",Grass Knot
m_6cc98207,4.0,id-6,100.0,5.0,80.0,0.0,10,2,44,,5.0,,4.0,The user stabs the target from below withsharpened stones. Critical hits land more easily.,Stone Edge
m_4c39a1d5,4.0,id-1,,20.0,100.0,0.0,11,1,266,,2.0,,19.0,"This move can’t be used.It’s recommended that this move is forgotten.Once forgotten, this move can’t be remembered.",Captivate
m_3a92d272,4.0,id-9,80.0,15.0,100.0,0.0,10,2,32,30.0,5.0,,18.0,The user slams the target with its steel-hard head.This may also make the target flinch.,Iron Head
m_0fb60892,4.0,id-9,60.0,20.0,,0.0,10,2,18,,1.0,,5.0,"This move can’t be used.It’s recommended that this move is forgotten.Once forgotten, this move can’t be remembered.",Magnet Bomb
m_df9f121e,4.0,id-4,70.0,20.0,100.0,0.0,10,2,210,10.0,1.0,,5.0,A slashing attack with a poisonous blade that mayalso poison the target. Critical hits land more easily.,Cross Poison
m_d0ee0d23,4.0,id-4,120.0,5.0,80.0,0.0,10,2,3,30.0,1.0,,5.0,The user shoots filthy garbage at the target toattack. This may also poison the target.,Gunk Shot
m_dda88db0,3.0,id-1,,20.0,,2.0,7,1,173,,3.0,24.0,14.0,"The user draws attention to itself, making all targetstake aim only at the user.",Follow Me
m_15c096e6,3.0,id-1,,20.0,,0.0,10,1,174,,2.0,11.0,14.0,This attack makes use of nature’s power. Itseffects vary depending on the user’s environment.,Nature Power
m_2e0b1cde,3.0,id-2,150.0,20.0,100.0,-3.0,10,2,171,,5.0,31.0,6.0,The user focuses its mind before launching a punch.This move fails if the user is hit before it is used.,Focus Punch
m_404b8091,3.0,id-1,70.0,10.0,100.0,0.0,10,2,172,,4.0,9.0,16.0,"This move can’t be used.It’s recommended that this move is forgotten.Once forgotten, this move can’t be remembered.",Smelling Salts
m_36234980,1.0,id-5,100.0,10.0,100.0,0.0,9,2,148,,5.0,5.0,18.0,The user sets off an earthquake that strikes everyPokémon around it.,Earthquake
m_4a0b7b9f,1.0,id-6,50.0,15.0,90.0,0.0,10,2,1,,5.0,12.0,5.0,The user picks up and throws a small rock at thetarget to attack.,Rock Throw
m_c765c162,1.0,id-8,,10.0,100.0,0.0,10,1,50,,4.0,21.0,10.0,The target is exposed to a sinister ray thattriggers confusion.,Confuse Ray
m_152ee6b9,1.0,id-1,,20.0,100.0,0.0,10,1,24,,4.0,22.0,10.0,The user releases an obscuring cloud of smoke orink. This lowers the target’s accuracy.,Smokescreen
m_3bea4f24,1.0,id-13,90.0,15.0,100.0,0.0,10,3,7,10.0,1.0,1.0,17.0,A strong electric blast crashes down on the target.This may also leave the target with paralysis.,Thunderbolt
m_114d2f74,1.0,id-13,40.0,30.0,100.0,0.0,10,3,7,10.0,1.0,1.0,5.0,A jolt of electricity crashes down on the target toinflict damage. This may also leave the targetwith paralysis.,Thunder Shock
m_853f3840,1.0,id-13,110.0,10.0,70.0,0.0,10,3,153,30.0,1.0,8.0,17.0,A wicked thunderbolt is dropped on the target toinflict damage. This may also leave the targetwith paralysis.,Thunder
m_786c67b2,1.0,id-13,,20.0,90.0,0.0,10,1,68,,1.0,14.0,19.0,The user launches a weak jolt of electricity thatparalyzes the target.,Thunder Wave
m_dacfeeed,1.0,id-7,,40.0,95.0,0.0,11,1,61,,4.0,9.0,19.0,Opposing Pokémon are bound with silk blown fromthe user’s mouth that harshly lowers the Speed stat.,String Shot
m_9952e9a0,1.0,id-12,120.0,10.0,100.0,0.0,8,3,28,,2.0,6.0,21.0,The user attacks the target by scattering petals fortwo to three turns. The user then becomes confused.,Petal Dance
m_f81cb2e9,1.0,id-10,35.0,15.0,85.0,0.0,10,3,43,100.0,2.0,24.0,21.0,The target becomes trapped within a fierce vortexof fire that rages for four to five turns.,Fire Spin
m_b296577b,1.0,id-16,,10.0,100.0,0.0,10,3,42,,1.0,26.0,5.0,"This move can’t be used.It’s recommended that this move is forgotten.Once forgotten, this move can’t be remembered.",Dragon Rage
m_76f692d2,4.0,id-12,,10.0,,0.0,7,1,329,,,,,The user protects itself by wrapping its body in softcotton which drastically raises the usersDefense stat.,Cotton Guard
m_9b357f8a,3.0,id-13,60.0,20.0,,0.0,10,3,18,,1.0,27.0,17.0,The user strikes the target with a quick jolt ofelectricity. This attack never misses.,Shock Wave
m_ef364104,6.0,id-18,,10.0,,0.0,7,1,366,,,,,The user absorbs energy and sharply raises itsSp. Atk Sp. Def and Speed stats on the next turn.,Geomancy
m_c9940947,7.0,id-12,125.0,10.0,100.0,0.0,10,2,152,,,,,"In this two-turn attack, the user gathers light and fills ablade with the light’s energy, attacking the target on thenext turn.",Solar Blade
m_50735d8a,6.0,id-17,,20.0,,,10,1,348,,,,,All stat changes affecting the target turntopsy-turvy and become the opposite of whatthey were.,Topsy-Turvy
m_273b8553,3.0,id-3,,15.0,,0.0,10,1,59,,2.0,28.0,19.0,The user covers the targets body with a mass ofdown that harshly lowers its Attack stat.,Feather Dance
m_7078a8d5,4.0,id-8,,5.0,100.0,0.0,10,3,141,10.0,4.0,,11.0,This move cant be used.Its recommended that this move is forgotten.Once forgotten this move cant be remembered.,Ominous Wind
m_4d599d3a,4.0,id-3,,15.0,,0.0,4,1,226,,4.0,,1.0,The user whips up a turbulent whirlwind that upsthe Speed stats of the user and its allies forfour turns.,Tailwind
m_453fed97,1.0,id-1,,20.0,100.0,0.0,10,2,44,,1.0,2.0,5.0,The target is attacked with a slash of claws orblades. Critical hits land more easily.,Slash
m_67deef61,3.0,id-6,25.0,10.0,90.0,0.0,10,2,30,,5.0,12.0,7.0,The user hurls hard rocks at the target. Two to fiverocks are launched in a row.,Rock Blast
m_ff9393aa,4.0,id-18,40.0,15.0,,0.0,11,3,381,,,,,Letting out a charming cry the user does emotionaldamage to opposing Pokémon. This attacknever misses.,Disarming Voice
m_df89b523,6.0,id-18,40.0,15.0,,0.0,11,3,381,,,,,Letting out a charming cry the user does emotionaldamage to opposing Pokémon. This attacknever misses.,Disarming Voice
m_2130acae,3.0,id-10002,40.0,,100.0,0.0,10,2,1,,,,,,Shadow Blitz
m_4bd6c98c,2.0,id-5,25.0,10.0,90.0,0.0,10,2,30,,5.0,1.0,7.0,The user strikes the target with a hard bone two tofive times in a row.,Bone Rush
m_af8c129b,2.0,id-1,,5.0,,0.0,10,1,95,,4.0,24.0,20.0,The user takes sure aim at the target. This ensuresthe next attack does not miss the target.,Lock-On
m_acbf24a5,2.0,id-9,70.0,25.0,90.0,0.0,10,2,139,10.0,1.0,12.0,5.0,The target is hit with wings of steel. This may alsoraise the user’s Defense stat.,Steel Wing
m_47688a3b,2.0,id-7,40.0,20.0,95.0,0.0,10,2,120,,1.0,17.0,7.0,The target is slashed with scythes or claws. Thisattack becomes more powerful if it hitsin succession.,Fury Cutter
m_cf974c24,2.0,id-1,,15.0,90.0,0.0,10,2,123,,3.0,17.0,16.0,"The user attacks by giving the target a gift with ahidden trap. It restores HP sometimes, however.",Present
m_375e6960,2.0,id-1,,20.0,100.0,0.0,10,2,122,,3.0,13.0,17.0,"This move can’t be used.It’s recommended that this move is forgotten.Once forgotten, this move can’t be remembered.",Return
m_6fa1510a,2.0,id-1,,5.0,,0.0,13,1,103,,2.0,28.0,8.0,The user makes a soothing bell chime to heal thestatus conditions of all the party Pokémon.,Heal Bell
m_0dfdbc62,2.0,id-1,,10.0,,0.0,7,1,98,,3.0,17.0,5.0,"While it is asleep, the user randomly uses one of themoves it knows.",Sleep Talk
m_80455db0,2.0,id-11,65.0,10.0,85.0,0.0,10,3,74,50.0,5.0,10.0,4.0,The user attacks by spraying ink in the target’s faceor eyes. This may also lower the target’s accuracy.,Octazooka
m_8829f605,2.0,id-5,,20.0,,0.0,6,1,113,,4.0,18.0,13.0,The user lays a trap of spikes at the opposingteam’s feet. The trap hurts Pokémon that switchinto battle.,Spikes
m_5f37dd04,2.0,id-13,120.0,5.0,50.0,0.0,10,3,7,100.0,1.0,1.0,4.0,The user fires an electric blast like a cannon to inflictdamage and cause paralysis.,Zap Cannon
m_b71fcb3d,2.0,id-1,,40.0,,0.0,10,1,114,,4.0,33.0,20.0,"This move can’t be used.It’s recommended that this move is forgotten.Once forgotten, this move can’t be remembered.",Foresight
m_05c382e2,2.0,id-8,,5.0,,0.0,7,1,99,,4.0,7.0,9.0,"After using this move, if the user faints, thePokémon that landed the knockout hit also faints.Its chance of failing rises if it is used in succession.",Destiny Bond
m_d95de44e,2.0,id-1,,5.0,,0.0,14,1,115,,2.0,14.0,10.0,"Any Pokémon that hears this song faints in threeturns, unless it switches out of battle.",Perish Song
m_a929b487,2.0,id-15,55.0,15.0,95.0,0.0,11,3,71,100.0,2.0,5.0,2.0,The user attacks with a gust of chilled air. This alsolowers opposing Pokémon’s Speed stats.,Icy Wind
m_00783719,2.0,id-2,,5.0,,4.0,7,1,112,,1.0,16.0,16.0,This move enables the user to protect itself fromall attacks. Its chance of failing rises if it is usedin succession.,Detect
m_f3c67efa,1.0,id-2,,20.0,100.0,0.0,10,2,197,,5.0,4.0,5.0,"A powerful low kick that makes the target fall over.The heavier the target, the greater the move’s power.",Low Kick
m_956533e3,4.0,id-2,100.0,10.0,90.0,0.0,10,2,219,100.0,1.0,,2.0,"The user swings and hits with its strong, heavy fist.It lowers the user’s Speed, however.",Hammer Arm
m_f987804c,8.0,id-11,85.0,10.0,100.0,0.0,10,2,431,,,,,"The user rends the target with its hard gills.If the user attacks before the target, the power of thismove is doubled.",Fishious Rend
m_4ddccf03,1.0,id-2,80.0,20.0,80.0,0.0,10,2,49,,1.0,3.0,5.0,The user grabs the target and recklessly dives forthe ground. This also damages the user a little.,Submission
m_6da7d9da,8.0,id-16,160.0,5.0,90.0,0.0,10,3,81,,,,,This is Eternatus’s most powerful attack in its originalform. The user can’t move on the next turn.,Eternabeam
m_e68e3a14,4.0,id-12,,20.0,100.0,0.0,10,3,197,,4.0,,4.0,The user snares the target with grass and trips it.The heavier the target the greater themoves power.,Grass Knot
m_a3fe0649,1.0,id-3,80.0,20.0,100.0,0.0,10,2,1,,1.0,1.0,5.0,A corkscrewing attack that strikes the target with asharp beak acting as a drill.,Drill Peck
m_19eebd81,5.0,id-1,70.0,5.0,100.0,0.0,10,2,320,,,,,The user gets revenge for a fainted ally. If an allyfainted in the previous turn this moves poweris increased.,Retaliate
m_7202d6fe,1.0,id-3,40.0,35.0,100.0,0.0,10,3,150,,4.0,21.0,5.0,A gust of wind is whipped up by wings and launchedat the target to inflict damage.,Gust
m_cae42c9a,1.0,id-3,60.0,35.0,100.0,0.0,10,2,1,,1.0,12.0,5.0,"The target is struck with large, imposing wingsspread wide to inflict damage.",Wing Attack
m_c9cbf900,1.0,id-1,,20.0,,0.0,7,1,51,,2.0,32.0,11.0,A frenetic dance to uplift the fighting spirit.This sharply raises the user’s Attack stat.,Swords Dance
m_b0479d73,1.0,id-1,50.0,30.0,95.0,0.0,10,2,1,,1.0,14.0,5.0,The target is cut with a scythe or claw.,Cut
m_7704d7f7,1.0,id-1,,5.0,30.0,0.0,10,2,39,,1.0,14.0,9.0,"A vicious, tearing attack with big pincers. The targetfaints instantly if this attack hits.",Guillotine
m_66ee091a,1.0,id-1,80.0,10.0,100.0,0.0,11,3,40,,1.0,2.0,6.0,"This move can’t be used.It’s recommended that this move is forgotten.Once forgotten, this move can’t be remembered.",Razor Wind
m_de4c2391,1.0,id-1,40.0,35.0,100.0,0.0,10,2,1,,5.0,1.0,5.0,"Hard, pointed, sharp claws rake the target toinflict damage.",Scratch
m_5162add5,1.0,id-1,55.0,30.0,100.0,0.0,10,2,1,,5.0,1.0,5.0,The target is gripped and squeezed from both sidesto inflict damage.,Vise Grip
m_a75dac1d,1.0,id-1,150.0,5.0,90.0,0.0,10,3,81,,1.0,6.0,22.0,The target is attacked with a powerful beam.The user can’t move on the next turn.,Hyper Beam
m_74c15099,6.0,id-18,90.0,10.0,90.0,0.0,10,2,69,10.0,,,,The user plays rough with the target and attacks it.This may also lower the target’s Attack stat.,Play Rough
m_7fbe182a,4.0,id-9,,30.0,100.0,1.0,10,2,104,,4.0,,1.0,The user strikes the target with tough punches asfast as bullets. This move always goes first.,Bullet Punch
m_1f03599c,8.0,id-9,130.0,5.0,100.0,0.0,10,2,1,,,,,The user attacks while destroying the terrain. This movefails when the ground hasn’t turned into a terrain.,Steel Roller
m_d1c2771f,1.0,id-1,,20.0,,-6.0,10,1,29,,4.0,21.0,9.0,"The target is blown away, and a different Pokémon isdragged out. In the wild, this ends a battle against asingle Pokémon.",Whirlwind
m_e0350935,1.0,id-3,90.0,15.0,95.0,0.0,10,2,156,,4.0,15.0,6.0,The user flies up into the sky and then strikes its targeton the next turn.,Fly
m_0dc62e62,7.0,id-17,180.0,1.0,,0.0,10,2,1,,,,,This move cant be used.Its recommended that this move is forgotten.Once forgotten this move cant be remembered.,Malicious Moonsault
m_0b328e61,7.0,id-17,180.0,1.0,,0.0,10,2,1,,,,,This move cant be used.Its recommended that this move is forgotten.Once forgotten this move cant be remembered.,Malicious Moonsault
m_55b52751,1.0,id-3,35.0,35.0,100.0,0.0,10,2,1,,1.0,1.0,5.0,The target is jabbed with a sharply pointed beakor horn.,Peck
m_09f715b1,5.0,id-1,,15.0,100.0,0.0,10,1,300,,,,,"The user dances with an odd rhythm that compelsthe target to mimic it, making the target’s Abilitythe same as the user’s.",Entrainment
m_86ea2d9a,1.0,id-11,65.0,20.0,100.0,0.0,10,3,71,10.0,2.0,5.0,2.0,A spray of bubbles is forcefully ejected at thetarget. This may also lower the target’s Speed stat.,Bubble Beam
m_f3bd77df,7.0,id-10,130.0,5.0,,0.0,10,3,398,,,,,To inflict massive damage the user burns itself out.After using this move the user will no longer beFire type.,Burn Up
m_3bdb17ac,7.0,id-18,,1.0,,0.0,10,2,1,,,,,This move cant be used.Its recommended that this move is forgotten.Once forgotten this move cant be remembered.,Twinkle Tackle
m_01a39620,1.0,id-14,65.0,20.0,100.0,0.0,10,3,77,10.0,2.0,21.0,17.0,The target is attacked with a peculiar ray. This mayalso leave the target confused.,Psybeam
m_58f02696,8.0,id-12,,10.0,,,13,1,1,,,,,The user becomes one with the jungle restoring HPand healing any status conditions of itself and its allyPokémon in battle.,Jungle Healing
m_3e109639,3.0,id-1,90.0,10.0,,0.0,11,3,1,,1.0,5.0,5.0,The user lets loose a horribly echoing shout withthe power to inflict damage.,Hyper Voice
m_35b0aa45,1.0,id-5,100.0,10.0,100.0,0.0,9,2,148,,5.0,5.0,18.0,The user sets off an earthquake that strikes everyPokémon around it.,Earthquake
m_d079291e,1.0,id-5,100.0,10.0,100.0,0.0,9,2,148,,5.0,5.0,18.0,The user sets off an earthquake that strikes everyPokémon around it.,Earthquake
m_b9d7af79,4.0,id-6,150.0,5.0,80.0,0.0,10,2,270,,5.0,,22.0,The user attacks the target with a hazardousfull-power headbutt. This also damages theuser terribly.,Head Smash
m_baba2db1,4.0,id-6,150.0,5.0,80.0,0.0,10,2,270,,5.0,,22.0,The user attacks the target with a hazardousfull-power headbutt. This also damages theuser terribly.,Head Smash
m_4b8ac5f1,8.0,id-18,100.0,5.0,100.0,0.0,9,3,1,,,,,The user attacks everything around it and faints uponusing this move. This move’s power is increased onMisty Terrain.,Misty Explosion
m_e2644b0f,4.0,id-11,90.0,10.0,90.0,0.0,10,2,1,,3.0,,5.0,The user attacks by swinging its tail as if it were avicious wave in a raging storm.,Aqua Tail
m_11677fce,6.0,id-13,,20.0,,0.0,10,1,354,,,,,"If the target is electrified before it uses a moveduring that turn, the target’s move becomesElectric type.",Electrify
m_6eb9506d,7.0,id-13,,20.0,,0.0,10,3,1,,,,,This move cant be used.Its recommended that this move is forgotten.Once forgotten this move cant be remembered.,Pika Papow
m_e2ec753f,6.0,id-6,100.0,5.0,95.0,0.0,11,2,359,50.0,,,,The user whips up a storm of diamonds to damageopposing Pokémon. This may also sharply raise theuser’s Defense stat.,Diamond Storm
m_a96dd228,7.0,id-1,,20.0,,0.0,10,2,1,,,,,"This move can’t be used.It’s recommended that this move is forgotten.Once forgotten, this move can’t be remembered.",Veevee Volley
m_a4fa1ffe,1.0,id-14,,40.0,,0.0,7,1,11,,2.0,32.0,11.0,This move cant be used.Its recommended that this move is forgotten.Once forgotten this move cant be remembered.,Meditate
m_2a80e1f3,1.0,id-3,35.0,35.0,100.0,,10,2,1,,1.0,1.0,5.0,The target is jabbed with a sharply pointed beakor horn.,Peck
m_cccd194c,3.0,id-8,30.0,15.0,100.0,0.0,10,2,32,30.0,4.0,9.0,5.0,The user attacks the target while shouting in astartling fashion. This may also make thetarget flinch.,Astonish
m_1da1a56b,3.0,id-3,85.0,5.0,85.0,0.0,10,2,264,30.0,3.0,15.0,6.0,The user bounces up high then drops on the targeton the second turn. This may also leave the targetwith paralysis.,Bounce
m_d4696cd5,4.0,id-17,70.0,15.0,100.0,0.0,10,2,44,,2.0,,5.0,The user slashes the target the instant anopportunity arises. Critical hits land more easily.,Night Slash
m_50fd4694,5.0,id-11,80.0,,100.0,0.0,10,3,5,30.0,,,,The user shoots boiling hot water at its target.This may also leave the target with a burn.,Scald
m_3c34c61d,4.0,id-11,90.0,10.0,90.0,0.0,10,2,1,,3.0,,5.0,The user attacks by swinging its tail as if it were avicious wave in a raging storm.,Aqua Tail
m_81823e2b,5.0,id-11,80.0,15.0,100.0,0.0,10,3,5,30.0,,,,The user shoots boiling hot water at its target.This may also leave the target with a burn.,Scald
m_9922aca4,3.0,id-17,,10.0,,4.0,7,1,196,,4.0,14.0,12.0,This move cant be used.Its recommended that this move is forgotten.Once forgotten this move cant be remembered.,Snatch
m_140abf0f,8.0,id-13,80.0,15.0,90.0,0.0,10,3,1,100.0,,,,The user traps the target in a cage of sparkingelectricity for four to five turns.,Thunder Cage
m_1cf29339,2.0,id-1,,,100.0,0.0,10,2,122,,3.0,13.0,17.0,This move cant be used.Its recommended that this move is forgotten.Once forgotten this move cant be remembered.,Return
m_9661af95,2.0,id-2,,15.0,100.0,0.0,10,2,100,,1.0,28.0,15.0,An all-out attack that becomes more powerful theless HP the user has.,Reversal
m_585eb34d,4.0,id-16,100.0,10.0,75.0,0.0,10,2,32,20.0,1.0,,18.0,The user tackles the target while exhibitingoverwhelming menace. This may also make thetarget flinch.,Dragon Rush
m_66537449,5.0,id-14,80.0,10.0,,0.0,10,3,283,,,,,The user materializes an odd psychic wave to attackthe target. This attack does physical damage.,Psyshock
m_ba700897,3.0,id-5,35.0,15.0,85.0,0.0,10,2,43,100.0,4.0,24.0,21.0,The user traps the target inside a harshly ragingsandstorm for four to five turns.,Sand Tomb
m_1d1f95c2,3.0,id-5,,15.0,85.0,0.0,10,2,43,100.0,4.0,24.0,21.0,The user traps the target inside a harshly ragingsandstorm for four to five turns.,Sand Tomb
m_5aca096c,8.0,id-3,10.0,10.0,,0.0,2,2,1,,,,,This is a Flying-type attack Dynamax Pokémon use.This raises ally Pokémons Speed stats.,Max Airstream
m_5f88aa48,6.0,id-13,,15.0,100.0,0.0,10,1,62,,,,,The user’s body generates an eerie impulse.Exposing the target to it harshly lowers the target’sSp. Atk stat.,Eerie Impulse
m_b722f8de,7.0,id-13,110.0,10.0,100.0,0.0,10,2,437,100.0,,,,Morpeko attacks and raises its Speed with the energystored in its cheeks. This moves type changesdepending on the users form.,Aura Wheel
m_8837fbb4,8.0,id-3,10.0,10.0,,0.0,2,2,1,,,,,This is a Flying-type attack Dynamax Pokémon use.This raises ally Pokémons Speed stats.,Max Airstream
m_bd592a5b,4.0,id-1,,15.0,,0.0,10,2,223,,1.0,,18.0,This move cant be used.Its recommended that this move is forgotten.Once forgotten this move cant be remembered.,Natural Gift
m_5dd88be9,6.0,id-4,,20.0,100.0,0.0,11,1,364,100.0,,,,"Opposing Pokémon are drenched in an oddpoisonous liquid. This lowers the Attack, Sp. Atk, andSpeed stats of a poisoned target.",Venom Drench
m_ace2cc06,7.0,id-14,100.0,5.0,100.0,0.0,10,3,1,,,,,The user attacks a target with a pillar of light. Thismove inflicts Attack or Sp. Atk damage—whicheverstat is higher for the user.,Photon Geyser
m_8e9d2138,8.0,id-6,120.0,10.0,90.0,0.0,10,3,1,100.0,,,,"In this two-turn attack, the user gathers space powerand boosts its Sp. Atk stat, then attacks the targeton the next turn.",Meteor Beam
m_413b19ad,8.0,id-11,,10.0,,,13,1,441,,,,,The user scatters mysterious water around and restoresthe HP of itself and its ally Pokémon in the battle.,Life Dew
m_28ef4227,8.0,id-3,40.0,10.0,90.0,0.0,10,2,1,,,,,The user slams the target with its wings.The target is hit twice in a row.,Dual Wingbeat
m_a5aae5f3,8.0,id-11,80.0,15.0,100.0,0.0,10,3,422,,,,,"The user ignores the effects of opposing Pokémon’smoves and Abilities that draw in moves, allowing thismove to hit the chosen target.",Snipe Shot
m_b35fa2b5,3.0,id-17,65.0,20.0,100.0,0.0,10,2,189,,4.0,4.0,5.0,The user slaps down the targets held item and thatitem cant be used in that battle. The move doesmore damage if the target has a held item.,Knock Off
m_08084ab1,3.0,id-17,,20.0,,0.0,10,1,63,,4.0,28.0,19.0,The user feigns crying to fluster the target harshlylowering its Sp. Def stat.,Fake Tears
m_001f3934,4.0,id-6,80.0,20.0,100.0,0.0,10,3,1,,2.0,,5.0,The user attacks with a ray of light that sparkles asif it were made of gemstones.,Power Gem
m_0bdc42b2,3.0,id-1,60.0,25.0,100.0,,10,2,106,,3.0,20.0,12.0,The user endearingly approaches the target thensteals the targets held item.,Covet
m_bc1ce51f,5.0,id-4,50.0,15.0,,0.0,10,3,305,,,,,The user attacks the target by throwing a clump ofspecial mud. All stat changes are returned to normal.,Clear Smog
m_cd8daf1a,5.0,id-1,70.0,20.0,100.0,0.0,10,2,304,,,,,"This move can’t be used.It’s recommended that this move is forgotten.Once forgotten, this move can’t be remembered.",Chip Away
m_9be54612,4.0,id-9,,5.0,100.0,0.0,10,2,220,,2.0,,15.0,"The user tackles the target with a high-speed spin.The slower the user compared to the target, thegreater the move’s power.",Gyro Ball
m_d9fe8eac,1.0,id-1,,35.0,100.0,0.0,10,2,1,,5.0,1.0,5.0,Hard pointed sharp claws rake the target toinflict damage.,Scratch
m_7d2bcd83,5.0,id-2,65.0,20.0,100.0,0.0,10,2,21,100.0,,,,The user makes a swift attack on the targets legswhich lowers the targets Speed stat.,Low Sweep
m_f030cd29,5.0,id-4,40.0,20.0,100.0,0.0,10,3,297,100.0,,,,The user spits fluid that works to melt the target.This harshly lowers the target’s Sp. Def stat.,Acid Spray
m_26610c90,5.0,id-2,65.0,20.0,100.0,0.0,10,2,21,100.0,,,,"The user makes a swift attack on the target’s legs,which lowers the target’s Speed stat.",Low Sweep
m_3764df63,5.0,id-1,,15.0,100.0,0.0,10,1,299,,,,,The user’s mysterious psychic wave changes thetarget’s Ability to Simple.,Simple Beam
m_05f91cc7,5.0,id-17,95.0,15.0,100.0,0.0,10,2,298,,,,,"The user turns the target’s power against it.The higher the target’s Attack stat, the greaterthe damage it deals.",Foul Play
m_a6f02fc2,5.0,id-1,,15.0,,0.0,10,1,301,,,,,The user helps the target and makes it use its moveright after the user.,After You
m_59fa484e,3.0,id-14,,15.0,,4.0,7,1,184,,2.0,15.0,15.0,Moves like Leech Seed and moves that inflict statusconditions are blocked by a barrier and reflected backto the user of those moves.,Magic Coat
m_5ef36d6f,5.0,id-1,40.0,15.0,100.0,0.0,10,3,303,,,,,"The user attacks the target with an echoing voice.If this move is used every turn, its poweris increased.",Echoed Voice
m_8636be3e,5.0,id-1,60.0,15.0,100.0,0.0,10,3,302,,,,,The user attacks the target with a song. Others canjoin in the Round to increase the power ofthe attack.,Round
m_6f5f7f39,8.0,id-17,,10.0,100.0,4.0,7,1,442,,,,,This move enables the user to protect itself from all attacks.Its chance of failing rises if it is used in succession.Direct contact harshly lowers the attacker’s Defense stat.,Obstruct
m_6ea2637d,8.0,id-17,80.0,10.0,,0.0,10,2,18,,,,,"The user pretends to bow its head, but then it stabs thetarget with its disheveled hair. This attack never misses.",False Surrender
m_21ec94c6,8.0,id-18,90.0,10.0,95.0,0.0,10,3,77,20.0,,,,The user attacks the target by emitting steam.This may also confuse the target.,Strange Steam
m_4b09e13d,3.0,id-2,120.0,5.0,100.0,0.0,10,2,183,100.0,5.0,3.0,18.0,"The user attacks the target with great power.However, this also lowers the user’s Attack andDefense stats.",Superpower
m_3a3454b0,8.0,id-9,140.0,5.0,95.0,0.0,10,3,420,,,,,The user fires a beam of steel that it collected from itsentire body. This also damages the user.,Steel Beam
m_953f01cb,8.0,id-14,80.0,10.0,100.0,0.0,10,3,1,,,,,The user attacks the target with its psychic power.This move’s power goes up and damages all opposingPokémon on Psychic Terrain.,Expanding Force
m_e433b1e5,8.0,id-2,150.0,5.0,100.0,0.0,10,2,81,,,,,"The user attacks wildly with its thick leek.The user can’t move on the next turn, because theforce of this move makes it stagger.",Meteor Assault
m_ee73e867,8.0,id-16,100.0,5.0,100.0,0.0,10,3,421,,,,,The user unleashes a strong beam from its core.This move deals twice the damage if the targetis Dynamaxed.,Dynamax Cannon
m_8e226568,3.0,id-1,,20.0,,,7,1,181,,3.0,25.0,14.0,This move cant be used.Its recommended that this move is forgotten.Once forgotten this move cant be remembered.,Assist
m_0a8785f2,8.0,id-1,,10.0,,0.0,14,1,429,,,,,The user has teatime with all the Pokémon in the battle.Each Pokémon eats its held Berry.,Teatime
m_55121c5b,8.0,id-16,25.0,20.0,90.0,0.0,10,2,1,,,,,The user attacks by shooting scales two to five timesin a row. This move boosts the user’s Speed stat butlowers its Defense stat.,Scale Shot
m_d878e376,1.0,id-1,40.0,35.0,100.0,0.0,10,2,1,,5.0,1.0,5.0,Hard pointed sharp claws rake the target toinflict damage.,Scratch
m_5046f465,4.0,id-12,80.0,15.0,100.0,0.0,10,2,1,,4.0,,5.0,The user slams a barrage of hard-shelled seedsdown on the target from above.,Seed Bomb
m_3e457173,4.0,id-3,75.0,15.0,95.0,0.0,10,3,32,30.0,1.0,,17.0,The user attacks with a blade of air that slices eventhe sky. This may also make the target flinch.,Air Slash
m_27d3bd92,4.0,id-7,70.0,20.0,100.0,0.0,10,2,229,,3.0,,16.0,"After making its attack, the user rushes back toswitch places with a party Pokémon in waiting.",U-turn
m_e6ac68f5,4.0,id-9,,10.0,100.0,0.0,1,2,228,,2.0,,15.0,The user retaliates with much greater force againstthe opponent that last inflicted damage on it.,Metal Burst
m_ceed5bf0,4.0,id-16,85.0,10.0,100.0,0.0,10,3,1,,4.0,,4.0,The target is attacked with a shock wave generatedby the user’s gaping mouth.,Dragon Pulse
m_c8a9e23b,3.0,id-1,,10.0,,0.0,7,1,180,,3.0,24.0,8.0,"One turn after this move is used, the user’s or itsreplacement’s HP is restored by half the user’smax HP.",Wish
m_c87c4e3c,4.0,id-7,80.0,15.0,100.0,0.0,10,2,1,,2.0,,17.0,The user slashes at the target by crossing itsscythes or claws as if they were a pair of scissors.,X-Scissor
m_81571547,4.0,id-7,90.0,10.0,100.0,0.0,10,3,73,10.0,3.0,,4.0,The user generates a damaging sound wave byvibration. This may also lower the target’sSp. Def stat.,Bug Buzz
m_66d567b5,4.0,id-1,,15.0,100.0,0.0,10,2,223,,1.0,,18.0,"This move can’t be used.It’s recommended that this move is forgotten.Once forgotten, this move can’t be remembered.",Natural Gift
m_f912a808,4.0,id-11,65.0,10.0,100.0,0.0,10,3,222,,4.0,,4.0,"If the target’s HP is half or less, this attack will hitwith double the power.",Brine
m_6afd6c56,4.0,id-14,,10.0,,0.0,7,1,221,,3.0,,8.0,"The user faints. In return, the Pokémon taking itsplace will have its HP restored and statusconditions cured.",Healing Wish
m_5e64eb94,3.0,id-14,,10.0,,0.0,10,1,179,,3.0,20.0,23.0,"The user mimics the target completely, copying thetarget’s Ability.",Role Play
m_b8001b28,4.0,id-1,,30.0,,0.0,5,1,227,,1.0,,11.0,"The user applies pressure to stress points, sharplyboosting one of its or its allies’ stats.",Acupressure
m_6ed994ac,4.0,id-3,,15.0,,0.0,4,1,226,,4.0,,1.0,The user whips up a turbulent whirlwind that upsthe Speed stats of the user and its allies forfour turns.,Tailwind
m_86f37f30,4.0,id-3,60.0,20.0,100.0,0.0,10,2,225,,3.0,,12.0,"The user pecks the target. If the target is holding aBerry, the user eats it and gains its effect.",Pluck
m_b23cb189,4.0,id-1,30.0,10.0,100.0,2.0,10,2,224,,2.0,,16.0,This attack hits a target using a move such asProtect or Detect.This also lifts the effects of those moves.,Feint
m_a1fa2558,2.0,id-10,60.0,25.0,100.0,0.0,10,2,126,10.0,2.0,1.0,7.0,The user cloaks itself in fire and charges at thetarget. This may also leave the target with a burn.,Flame Wheel
m_a11ed83a,6.0,id-13,,25.0,,1.0,12,1,345,,,,,"This move can’t be used.It’s recommended that this move is forgotten.Once forgotten, this move can’t be remembered.",Ion Deluge
m_e2db62f9,6.0,id-1,,30.0,100.0,0.0,10,1,344,100.0,,,,"Letting out a noble roar, the user intimidates thetarget and lowers its Attack and Sp. Atk stats.",Noble Roar
m_e6c78aed,7.0,id-1,,30.0,,0.0,7,1,391,,,,,The user concentrates intensely. The attack on thenext turn always results in a critical hit.,Laser Focus
m_ce2fb09e,2.0,id-1,50.0,15.0,100.0,0.0,10,3,93,30.0,3.0,1.0,5.0,This attack can be used only if the user is asleep.The harsh noise may also make the target flinch.,Snore
m_5802bde4,6.0,id-7,50.0,25.0,100.0,0.0,10,2,342,,,,,"When the user knocks out a target with this move,the user’s Attack stat rises drastically.",Fell Stinger
m_709f302d,6.0,id-7,,20.0,,0.0,6,1,341,,,,,"The user weaves a sticky net around the opposingteam, which lowers their Speed stats upon switchinginto battle.",Sticky Web
m_04b46ee9,6.0,id-8,,20.0,100.0,0.0,10,1,343,,,,,The user takes the target trick-or-treating.This adds Ghost type to the target’s type.,Trick-or-Treat
m_e5f5fedc,6.0,id-8,90.0,10.0,100.0,0.0,10,2,273,,,,,"The user vanishes somewhere, then strikes thetarget on the next turn. This move hits even if thetarget protects itself.",Phantom Force
m_9b0c14cb,6.0,id-2,,10.0,,0.0,4,1,377,,,,,"Using a pulled-up mat as a shield, the user protectsitself and its allies from damaging moves. This doesnot stop status moves.",Mat Block
m_542a1fb4,2.0,id-1,,5.0,,0.0,10,1,95,,4.0,24.0,20.0,The user senses the target’s movements with itsmind to ensure its next attack does not missthe target.,Mind Reader
m_938d78af,6.0,id-5,,10.0,,0.0,14,1,340,100.0,,,,"This move can’t be used.It’s recommended that this move is forgotten.Once forgotten, this move can’t be remembered.",Rototiller
m_c9bffacb,6.0,id-4,120.0,10.0,90.0,0.0,10,3,339,,,,,The user lets out a damaging belch at the target.The user must eat a held Berry to use this move.,Belch
m_69316e37,4.0,id-14,,10.0,,0.0,10,1,245,,3.0,,16.0,The user employs its psychic power to switchchanges to its Defense and Sp. Def stats withthe target.,Guard Swap
m_6926dcbf,4.0,id-14,,10.0,,0.0,10,1,244,,2.0,,16.0,The user employs its psychic power to switchchanges to its Attack and Sp. Atk stats withthe target.,Power Swap
m_889296e2,2.0,id-17,40.0,20.0,100.0,0.0,10,2,129,,4.0,14.0,20.0,"This move can’t be used.It’s recommended that this move is forgotten.Once forgotten, this move can’t be remembered.",Pursuit
m_f2923d23,2.0,id-1,50.0,40.0,100.0,0.0,10,2,130,100.0,1.0,16.0,17.0,"A spin attack that can also eliminate such moves asBind, Wrap, and Leech Seed. This also raises the user’sSpeed stat.",Rapid Spin
m_5317aac1,4.0,id-1,,30.0,,0.0,4,1,241,,3.0,,13.0,"This move can’t be used.It’s recommended that this move is forgotten.Once forgotten, this move can’t be remembered.",Lucky Chant
m_591be08b,4.0,id-4,,10.0,100.0,0.0,10,1,240,,2.0,,13.0,The user hurls up its stomach acids on the target.The fluid eliminates the effect of the target’s Ability.,Gastro Acid
m_81a99197,4.0,id-1,,20.0,,0.0,7,1,243,,1.0,,12.0,The user mimics the move used immediately beforeit. The move fails if no other move has beenused yet.,Copycat
m_ccc05515,4.0,id-1,,20.0,,0.0,2,1,242,,3.0,,1.0,"This move can’t be used.It’s recommended that this move is forgotten.Once forgotten, this move can’t be remembered.",Me First
m_5a42fd12,2.0,id-5,,30.0,100.0,0.0,9,2,127,,5.0,11.0,18.0,"This move can’t be used.It’s recommended that this move is forgotten.Once forgotten, this move can’t be remembered.",Magnitude
m_76dc3d10,2.0,id-2,100.0,5.0,50.0,0.0,10,2,77,100.0,1.0,10.0,18.0,"The user punches the target with full, concentratedpower. This confuses the target if it hits.",Dynamic Punch
m_609a50ff,2.0,id-1,,20.0,,0.0,10,1,92,,4.0,4.0,10.0,"The user adds its HP to the target’s HP, then equallyshares the combined HP with the target.",Pain Split
m_78e1be2c,2.0,id-10,100.0,5.0,95.0,0.0,10,2,126,50.0,2.0,1.0,22.0,The target is razed with a mystical fire of greatintensity. This may also leave the target with a burn.,Sacred Fire
m_77ced336,2.0,id-1,,40.0,,0.0,7,1,128,,3.0,18.0,16.0,The user switches places with a party Pokémon inwaiting and passes along any stat changes.,Baton Pass
m_00ed3039,2.0,id-1,,5.0,100.0,0.0,10,1,91,,3.0,18.0,20.0,The user compels the target to keep using the moveit encored for three turns.,Encore
m_80ce94c8,2.0,id-7,120.0,10.0,85.0,0.0,10,2,1,,1.0,12.0,18.0,"Using its tough and impressive horn, the user ramsinto the target with no letup.",Megahorn
m_dcad69d9,2.0,id-16,60.0,20.0,100.0,0.0,10,3,7,30.0,1.0,5.0,17.0,The user exhales a mighty gust that inflicts damage.This may also leave the target with paralysis.,Dragon Breath
m_705fd8b3,8.0,id-9,140.0,5.0,95.0,0.0,10,3,420,,,,,The user fires a beam of steel that it collected from itsentire body. This also damages the user.,Steel Beam
m_26e1129e,5.0,id-14,60.0,25.0,100.0,0.0,10,2,32,30.0,,,,"This move can’t be used.It’s recommended that this move is forgotten.Once forgotten, this move can’t be remembered.",Heart Stamp
m_5412637c,8.0,id-4,,40.0,100.0,0.0,9,1,1,,,,,The user surrounds everything around it withhighly acidic gas and melts away items they hold.,Corrosive Gas
m_a8f44c0b,2.0,id-8,,10.0,,0.0,1,1,110,,5.0,31.0,21.0,A move that works differently for the Ghost typethan for all other types.,Curse
m_67ce53c9,8.0,id-9,140.0,5.0,95.0,0.0,10,3,420,,,,,The user fires a beam of steel that it collected from itsentire body. This also damages the user.,Steel Beam
m_6bd11dd6,7.0,id-18,120.0,5.0,85.0,0.0,10,3,1,,,,,"This move can’t be used.It’s recommended that this move is forgotten.Once forgotten, this move can’t be remembered.",Sparkly Swirl
m_7a91d9e1,2.0,id-1,,15.0,100.0,0.0,10,2,100,,3.0,26.0,15.0,"The user flails about aimlessly to attack. The less HPthe user has, the greater the move’s power.",Flail
m_6254f50e,6.0,id-13,65.0,20.0,100.0,0.0,9,3,346,,,,,The user attacks everything around it. The users HPis restored by half the damage taken by those hit.,Parabolic Charge
m_b9cc9559,4.0,id-7,70.0,20.0,,0.0,10,2,229,,3.0,,16.0,After making its attack the user rushes back toswitch places with a party Pokémon in waiting.,U-turn
m_cc83ce48,3.0,id-1,,10.0,,,7,1,33,,3.0,26.0,8.0,The user slacks off restoring its own HP by up tohalf of its max HP.,Slack Off
m_e0db99ce,8.0,id-2,,5.0,,0.0,7,1,425,100.0,,,,This move raises all the users stats but preventsthe user from switching out or fleeing.,No Retreat
m_af2efc24,7.0,id-10,,1.0,,0.0,10,2,1,,,,,This move cant be used.Its recommended that this move is forgotten.Once forgotten this move cant be remembered.,Inferno Overdrive
m_74ab0160,2.0,id-17,,10.0,100.0,0.0,10,2,155,,4.0,14.0,7.0,The user gets all party Pokémon to attack the target.The more party Pokémon the greater the numberof attacks.,Beat Up
m_50c6bbfe,6.0,id-2,100.0,10.0,95.0,0.0,10,2,338,,,,,The user dives down onto the target from the sky.This move is Fighting and Flying type simultaneously.,Flying Press
m_880577d1,7.0,id-6,40.0,20.0,100.0,1.0,10,2,104,,,,,The user smashes into the target at high speed.This move always goes first.,Accelerock
m_ceb9cf07,7.0,id-8,85.0,10.0,100.0,0.0,10,2,70,20.0,,,,The user attacks by beating the target with abone that contains a spirit. This may also lowerthe target’s Defense stat.,Shadow Bone
m_ae0457e1,6.0,id-9,,10.0,,4.0,7,1,356,,,,,The user takes a defensive stance while it protectsitself from damage. It also lowers the Attack stat of anyattacker that makes direct contact.,Kings Shield
m_8cadff29,6.0,id-9,,10.0,,4.0,7,1,356,,,,,The user takes a defensive stance while it protectsitself from damage. It also lowers the Attack stat of anyattacker that makes direct contact.,Kings Shield
m_fd0af3c1,2.0,id-17,60.0,20.0,,0.0,10,2,18,,4.0,27.0,18.0,This move cant be used.Its recommended that this move is forgotten.Once forgotten this move cant be remembered.,Feint Attack
m_88376cf5,3.0,id-7,60.0,5.0,100.0,0.0,10,3,141,10.0,2.0,32.0,4.0,"This move can’t be used.It’s recommended that this move is forgotten.Once forgotten, this move can’t be remembered.",Silver Wind
m_d618ae86,3.0,id-9,,40.0,85.0,0.0,10,1,63,,4.0,5.0,10.0,A horrible sound like scraping metal harshly lowersthe target’s Sp. Def stat.,Metal Sound
m_58ff92ff,3.0,id-1,,40.0,,0.0,10,1,114,,4.0,33.0,20.0,"This move can’t be used.It’s recommended that this move is forgotten.Once forgotten, this move can’t be remembered.",Odor Sleuth
m_d2b98d66,3.0,id-6,60.0,15.0,95.0,0.0,10,2,71,100.0,4.0,24.0,2.0,Boulders are hurled at the target. This also lowersthe target’s Speed stat by preventing its movement.,Rock Tomb
m_e38d0d47,3.0,id-3,60.0,25.0,95.0,0.0,11,3,44,,1.0,23.0,5.0,The user launches razor-like wind to slash opposingPokémon. Critical hits land more easily.,Air Cutter
m_e1c9f8c3,3.0,id-10,130.0,5.0,90.0,0.0,10,3,205,100.0,2.0,3.0,22.0,The user attacks the target at full power. The attack’srecoil harshly lowers the user’s Sp. Atk stat.,Overheat
m_4f9c3f34,3.0,id-12,,5.0,,0.0,13,1,103,,4.0,28.0,8.0,The user releases a soothing scent that heals allstatus conditions affecting the user’s party.,Aromatherapy
m_a5e68d24,3.0,id-17,,20.0,100.0,0.0,10,1,63,,4.0,28.0,19.0,"The user feigns crying to fluster the target, harshlylowering its Sp. Def stat.",Fake Tears
m_989fbd1e,3.0,id-8,30.0,15.0,100.0,0.0,10,2,32,30.0,4.0,9.0,5.0,The user attacks the target while shouting in astartling fashion. This may also make thetarget flinch.,Astonish
m_1e77a5e3,3.0,id-1,50.0,10.0,100.0,0.0,10,3,204,,4.0,1.0,4.0,This attack move varies in power and typedepending on the weather.,Weather Ball
m_93ef7141,1.0,id-2,130.0,10.0,90.0,0.0,10,2,46,,1.0,3.0,5.0,"The target is attacked with a knee kick from a jump.If it misses, the user is hurt instead.",High Jump Kick
m_0e2550d2,1.0,id-1,,30.0,100.0,0.0,10,1,68,,5.0,5.0,19.0,The user intimidates the target with the pattern onits belly to cause paralysis.,Glare
m_370f7a00,1.0,id-14,,15.0,80.0,0.0,10,1,24,,4.0,24.0,11.0,The user distracts the target by bending a spoon.This lowers the target’s accuracy.,Kinesis
m_8a9b92d7,1.0,id-1,,10.0,,0.0,7,1,33,,2.0,1.0,8.0,The user restores its own HP by up to half of itsmax HP.,Soft-Boiled
m_cc49212f,1.0,id-1,10.0,35.0,100.0,0.0,10,2,71,10.0,5.0,9.0,21.0,"This move can’t be used.It’s recommended that this move is forgotten.Once forgotten, this move can’t be remembered.",Constrict
m_36587d25,1.0,id-14,,20.0,,0.0,7,1,55,,3.0,32.0,11.0,The user temporarily empties its mind to forget itsconcerns. This sharply raises the user’s Sp. Def stat.,Amnesia
m_b3bc6456,1.0,id-1,130.0,10.0,100.0,0.0,10,2,146,100.0,5.0,4.0,6.0,"The user tucks in its head to raise its Defensestat on the first turn, then rams the target on thenext turn.",Skull Bash
m_78446cea,1.0,id-1,20.0,15.0,100.0,0.0,10,2,30,,1.0,10.0,7.0,"This move can’t be used.It’s recommended that this move is forgotten.Once forgotten, this move can’t be remembered.",Spike Cannon
m_9c128d34,8.0,id-16,100.0,5.0,,0.0,10,3,421,,,,,The user unleashes a strong beam from its core.This move deals twice the damage if the targetis Dynamaxed.,Dynamax Cannon
m_b165f896,1.0,id-1,55.0,30.0,100.0,,10,2,1,,5.0,1.0,5.0,The target is gripped and squeezed from both sidesto inflict damage.,Vise Grip
m_a95820d6,1.0,id-1,,10.0,,0.0,7,1,33,,4.0,23.0,8.0,"Restoring its own cells, the user restores its own HPby half of its max HP.",Recover
m_1ca894d5,4.0,id-1,140.0,5.0,100.0,0.0,10,2,247,,3.0,,21.0,This move can be used only after the user has usedall the other moves it knows in the battle.,Last Resort
m_70637afa,1.0,id-14,100.0,15.0,100.0,0.0,10,3,9,,4.0,8.0,20.0,The user eats the dreams of a sleeping target.The user’s HP is restored by half the damage taken bythe target.,Dream Eater
m_2650179e,1.0,id-4,,40.0,90.0,0.0,11,1,67,,4.0,33.0,5.0,"A cloud of poison gas is sprayed in the face ofopposing Pokémon, poisoning those it hits.",Poison Gas
m_4c5fdc5f,1.0,id-15,90.0,10.0,100.0,0.0,10,3,6,10.0,2.0,23.0,17.0,The target is struck with an icy-cold beam of energy.This may also leave the target frozen.,Ice Beam
m_476c59d7,1.0,id-15,110.0,5.0,70.0,0.0,11,3,261,10.0,2.0,1.0,17.0,A howling blizzard is summoned to strike opposingPokémon. This may also leave the opposingPokémon frozen.,Blizzard
m_5aabae74,1.0,id-10,40.0,25.0,100.0,0.0,10,3,5,10.0,2.0,1.0,5.0,The target is attacked with small flames. This mayalso leave the target with a burn.,Ember
m_e4c2ceba,1.0,id-10,90.0,15.0,100.0,0.0,10,3,5,10.0,2.0,1.0,17.0,The target is scorched with an intense blast of fire.This may also leave the target with a burn.,Flamethrower
m_c94fa9e4,1.0,id-1,,20.0,100.0,0.0,10,1,87,,4.0,18.0,19.0,"For four turns, this move prevents the target fromusing the move it last used.",Disable
m_3b0a4b6c,1.0,id-4,40.0,30.0,100.0,0.0,11,3,73,10.0,4.0,4.0,5.0,Opposing Pokémon are attacked with a spray of harshacid. This may also lower their Sp. Def stats.,Acid
m_6600f47a,1.0,id-11,110.0,5.0,80.0,0.0,10,3,1,,2.0,1.0,17.0,The target is blasted by a huge volume of waterlaunched under great pressure.,Hydro Pump
m_4c06b57b,1.0,id-11,90.0,15.0,100.0,0.0,9,3,258,,2.0,2.0,17.0,The user attacks everything around it by swampingits surroundings with a giant wave.,Surf
m_ca01ec4d,1.0,id-15,,30.0,,0.0,4,1,47,,2.0,15.0,13.0,The user cloaks itself and its allies in a white mistthat prevents any of their stats from being loweredfor five turns.,Mist
m_6dd04c3f,1.0,id-11,40.0,25.0,100.0,0.0,10,3,1,,3.0,1.0,5.0,The target is blasted with a forceful shot of water.,Water Gun
m_a95defd3,1.0,id-7,80.0,10.0,,0.0,10,2,4,,4.0,9.0,20.0,The user drains the targets blood. The users HP isrestored by half the damage taken by the target.,Leech Life
m_0a174de7,1.0,id-13,40.0,30.0,100.0,0.0,10,3,7,10.0,1.0,1.0,5.0,A jolt of electricity crashes down on the target toinflict damage. This may also leave the targetwith paralysis.,Thunder Shock
m_4318d2f7,1.0,id-1,,15.0,,0.0,7,1,17,,1.0,16.0,1.0,"By moving rapidly, the user makes illusory copies ofitself to raise its evasiveness.",Double Team
m_e454670e,7.0,id-7,90.0,10.0,100.0,2.0,10,2,383,,,,,"Although this move has great power, it only worksthe first turn each time the user enters battle.",First Impression
m_9e35e72f,8.0,id-11,,10.0,,0.0,13,1,441,,,,,The user scatters mysterious water around and restoresthe HP of itself and its ally Pokémon in the battle.,Life Dew
m_44114115,8.0,id-2,,15.0,100.0,0.0,10,1,430,,,,,The user locks the target in and prevents it fromfleeing. This move also lowers the targets Defenseand Sp. Def every turn.,Octolock
m_2f1c9e96,8.0,id-1,,10.0,,4.0,7,1,112,,,,,This move enables the user to protect itself fromall attacks. Its chance of failing rises if it is usedin succession.,Max Guard
m_a4a65b0f,1.0,id-3,140.0,5.0,90.0,0.0,10,2,76,30.0,1.0,2.0,6.0,A second-turn attack move where critical hits landmore easily. This may also make the target flinch.,Sky Attack
m_922e2831,1.0,id-1,,10.0,75.0,0.0,10,1,2,,2.0,5.0,19.0,"With a scary face, the user tries to force a kiss onthe target. If it succeeds, the target falls asleep.",Lovely Kiss
m_d9539dd8,1.0,id-7,80.0,10.0,100.0,0.0,10,2,4,,4.0,9.0,20.0,The user drains the target’s blood. The user’s HP isrestored by half the damage taken by the target.,Leech Life
m_d2fb507f,1.0,id-1,15.0,20.0,85.0,0.0,10,2,30,,5.0,12.0,7.0,"This move can’t be used.It’s recommended that this move is forgotten.Once forgotten, this move can’t be remembered.",Barrage
m_2d26cb3b,1.0,id-12,,15.0,100.0,0.0,10,1,2,,2.0,5.0,10.0,The user scatters bursts of spores thatinduce sleep.,Spore
m_79484b62,1.0,id-1,70.0,10.0,100.0,0.0,10,2,77,20.0,1.0,4.0,16.0,"This move can’t be used.It’s recommended that this move is forgotten.Once forgotten, this move can’t be remembered.",Dizzy Punch
m_d009968e,1.0,id-11,40.0,30.0,100.0,0.0,11,3,71,10.0,3.0,8.0,2.0,"This move can’t be used.It’s recommended that this move is forgotten.Once forgotten, this move can’t be remembered.",Bubble
m_0730957e,1.0,id-1,,10.0,,0.0,10,1,58,,4.0,17.0,23.0,The user transforms into a copy of the target rightdown to having the same move set.,Transform
m_a7a0c4bb,1.0,id-14,,15.0,100.0,0.0,10,3,89,,4.0,14.0,5.0,"This move can’t be used.It’s recommended that this move is forgotten.Once forgotten, this move can’t be remembered.",Psywave
m_ee2c48f3,1.0,id-1,,20.0,100.0,0.0,10,1,24,,2.0,22.0,10.0,"This move can’t be used.It’s recommended that this move is forgotten.Once forgotten, this move can’t be remembered.",Flash
m_fe38ff7a,7.0,id-9,,1.0,,0.0,10,3,1,,,,,"This move can’t be used.It’s recommended that this move is forgotten.Once forgotten, this move can’t be remembered.",Corkscrew Crash
m_c10e5254,7.0,id-9,,1.0,,0.0,10,2,1,,,,,"This move can’t be used.It’s recommended that this move is forgotten.Once forgotten, this move can’t be remembered.",Corkscrew Crash
m_51a4bc1a,8.0,id-10,120.0,5.0,90.0,0.0,10,2,5,10.0,,,,The user attacks by igniting a small stone and launchingit as a fiery ball at the target. This may also leave thetarget with a burn.,Pyro Ball
m_1db76106,7.0,id-4,,10.0,,4.0,7,1,384,,,,,"In addition to protecting the user from attacks, thismove also poisons any attacker that makesdirect contact.",Baneful Bunker
m_7ec28dcc,6.0,id-1,,20.0,,0.0,10,1,358,100.0,,,,"The user tells the target a secret, and the targetloses its ability to concentrate. This lowersthe target’s Sp. Atk stat.",Confide
m_5d8d6915,8.0,id-14,,20.0,,0.0,10,1,427,,,,,The user scatters a cloud of magic powder thatchanges the target to Psychic type.,Magic Powder
m_bf6dd5d6,1.0,id-1,,20.0,100.0,,10,1,87,,4.0,18.0,19.0,For four turns this move prevents the target fromusing the move it last used.,Disable
m_8fade87d,4.0,id-17,70.0,5.0,100.0,1.0,10,2,249,,4.0,,1.0,This move enables the user to attack first. This movefails if the target is not readying an attack.,Sucker Punch
m_1696d08a,7.0,id-9,60.0,5.0,100.0,0.0,10,2,45,30.0,,,,"The user rotates, centering the hex nut in its chest,and then strikes with its arms twice in a row. This mayalso make the target flinch.",Double Iron Bash
m_6e54478f,4.0,id-12,,10.0,100.0,0.0,10,1,248,,2.0,,19.0,A seed that causes worry is planted on the target.It prevents sleep by making the target’sAbility Insomnia.,Worry Seed
m_9e490ec7,1.0,id-1,80.0,15.0,100.0,0.0,10,2,1,,5.0,23.0,5.0,The target is slugged with a punch thrown atmaximum power.,Strength
m_484765f5,8.0,id-11,10.0,10.0,,0.0,2,2,1,,,,,This is a Water-type attack Dynamax Pokémon use.The user summons a heavy rain that falls forfive turns.,Max Geyser
m_9dc9ba13,8.0,id-11,10.0,10.0,,0.0,2,2,1,,,,,This is a Water-type attack Dynamax Pokémon use.The user summons a heavy rain that falls forfive turns.,Max Geyser
m_15a326cb,1.0,id-1,120.0,15.0,100.0,0.0,10,2,199,,5.0,3.0,9.0,A reckless life-risking tackle in which the user rushesthe target. This also damages the user quite a lot.,Double-Edge
m_6a703256,8.0,id-7,90.0,15.0,100.0,0.0,10,3,394,,,,,The user attacks the enemy with a pollen puff thatexplodes. If the target is an ally it gives the ally apollen puff that restores its HP instead.,Pollen Puff
m_c3c25830,6.0,id-10,,10.0,100.0,0.0,10,3,72,100.0,,,,The user attacks by breathing a special hot fire.This also lowers the targets Sp. Atk stat.,Mystical Fire
m_110238b9,1.0,id-2,80.0,,80.0,0.0,10,2,49,,1.0,3.0,5.0,The user grabs the target and recklessly dives forthe ground. This also damages the user a little.,Submission
m_974f79fe,1.0,id-1,20.0,,100.0,0.0,10,2,82,,1.0,17.0,11.0,This move cant be used.Its recommended that this move is forgotten.Once forgotten this move cant be remembered.,Rage
m_16961d84,1.0,id-1,,10.0,,0.0,10,1,83,,3.0,19.0,12.0,The user copies the target’s last move. The movecan be used during battle until the Pokémon isswitched out.,Mimic
m_0ecad2b7,1.0,id-1,,20.0,90.0,0.0,10,3,131,,1.0,12.0,5.0,This move cant be used.Its recommended that this move is forgotten.Once forgotten this move cant be remembered.,Sonic Boom
m_0cf84e4f,1.0,id-7,25.0,20.0,100.0,,10,2,78,20.0,1.0,9.0,7.0,This move cant be used.Its recommended that this move is forgotten.Once forgotten this move cant be remembered.,Twineedle
m_0e7a7dfe,1.0,id-7,25.0,20.0,100.0,0.0,10,2,78,20.0,1.0,9.0,7.0,This move cant be used.Its recommended that this move is forgotten.Once forgotten this move cant be remembered.,Twineedle
m_12662c59,8.0,id-2,150.0,,100.0,0.0,10,2,81,,,,,The user attacks wildly with its thick leek.The user cant move on the next turn because theforce of this move makes it stagger.,Meteor Assault
m_5683765a,8.0,id-2,150.0,5.0,100.0,0.0,10,2,81,,,,,The user attacks wildly with its thick leek.The user cant move on the next turn because theforce of this move makes it stagger.,Meteor Assault
m_c01c913a,5.0,id-12,,10.0,,0.0,7,1,329,,,,,"The user protects itself by wrapping its body in softcotton, which drastically raises the user’sDefense stat.",Cotton Guard
m_0955254a,4.0,id-6,100.0,5.0,80.0,,10,2,44,,5.0,,4.0,The user stabs the target from below withsharpened stones. Critical hits land more easily.,Stone Edge
m_dcbbd5ab,8.0,id-2,90.0,,100.0,0.0,10,2,1,100.0,,,,The user overwhelms the target with lightning-likemovement before delivering a kick. This also lowersthe targets Defense stat.,Thunderous Kick
m_e743005f,7.0,id-10,,1.0,,0.0,10,3,1,,,,,This move cant be used.Its recommended that this move is forgotten.Once forgotten this move cant be remembered.,Inferno Overdrive
m_bae6150c,7.0,id-10,,1.0,,0.0,10,3,1,,,,,This move cant be used.Its recommended that this move is forgotten.Once forgotten this move cant be remembered.,Inferno Overdrive
m_eaa1d11d,1.0,id-2,,20.0,100.0,0.0,10,2,88,,5.0,23.0,5.0,The target is thrown using the power of gravity.It inflicts damage equal to the users level.,Seismic Toss
m_0f5680d3,4.0,id-14,80.0,15.0,90.0,0.0,10,2,32,20.0,2.0,,18.0,The user focuses its willpower to its head andattacks the target. This may also make thetarget flinch.,Zen Headbutt
m_e785b263,4.0,id-14,,,,0.0,10,1,251,,1.0,,16.0,This move cant be used.Its recommended that this move is forgotten.Once forgotten this move cant be remembered.,Heart Swap
m_342c86fa,1.0,id-8,,15.0,100.0,0.0,10,3,88,,4.0,23.0,5.0,The user makes the target see a frightening mirage.It inflicts damage equal to the user’s level.,Night Shade
m_e684463d,4.0,id-5,65.0,10.0,85.0,0.0,10,3,74,30.0,4.0,,18.0,This move cant be used.Its recommended that this move is forgotten.Once forgotten this move cant be remembered.,Mud Bomb
m_656885e9,3.0,id-6,25.0,10.0,90.0,0.0,10,2,30,,5.0,12.0,7.0,The user hurls hard rocks at the target. Two to fiverocks are launched in a row.,Rock Blast
m_fdbfa006,5.0,id-3,110.0,10.0,,0.0,10,3,334,30.0,,,,The user attacks by wrapping its opponent in afierce wind that flies up into the sky. This may alsoconfuse the target.,Hurricane
m_13488df4,5.0,id-17,,,,0.0,7,1,278,,,,,The user sharpens its claws to boost its Attack statand accuracy.,Hone Claws
m_7a909501,5.0,id-3,60.0,10.0,,0.0,10,2,312,,,,,This move cant be used.Its recommended that this move is forgotten.Once forgotten this move cant be remembered.,Sky Drop
m_fa96adba,1.0,id-10,90.0,15.0,100.0,0.0,10,3,5,10.0,2.0,1.0,17.0,The target is scorched with an intense blast of fire.This may also leave the target with a burn.,Flamethrower
m_648c5144,7.0,id-9,60.0,5.0,100.0,0.0,10,2,45,30.0,,,,The user rotates centering the hex nut in its chestand then strikes with its arms twice in a row. This mayalso make the target flinch.,Double Iron Bash
m_f73b0053,3.0,id-17,90.0,10.0,100.0,0.0,11,3,1,20.0,,,,The user transforms its wrath into a fire-like aurato attack. This may also make opposing Pokémon flinch.,Fiery Wrath
m_38388829,6.0,id-17,90.0,10.0,100.0,0.0,11,3,1,20.0,,,,The user transforms its wrath into a fire-like aurato attack. This may also make opposing Pokémon flinch.,Fiery Wrath
m_7de7d71c,8.0,id-4,10.0,10.0,,0.0,2,2,1,,,,,This is a Poison-type attack Dynamax Pokémon use.This raises ally Pokémons Sp. Atk stats.,Max Ooze
m_c03350f3,6.0,id-5,,10.0,100.0,0.0,11,2,374,,,,,The user attacks with a wave that crawls alongthe ground. Those it hits cant flee from battle.,Thousand Waves
m_461c352d,1.0,id-14,,20.0,,-6.0,7,1,154,,1.0,15.0,1.0,"The user switches places with a party Pokémon inwaiting, if any. If a wild Pokémon uses this move,it flees.",Teleport
m_c6c5969e,8.0,id-4,10.0,10.0,,0.0,2,2,1,,,,,This is a Poison-type attack Dynamax Pokémon use.This raises ally Pokémons Sp. Atk stats.,Max Ooze
m_71b40e9d,2.0,id-2,100.0,5.0,50.0,0.0,10,2,77,100.0,1.0,10.0,18.0,The user punches the target with full concentratedpower. This confuses the target if it hits.,Dynamic Punch
m_74fadd96,5.0,id-13,70.0,20.0,100.0,0.0,10,3,229,,,,,"After making its attack, the user rushes back toswitch places with a party Pokémon in waiting.",Volt Switch
m_4e03428c,5.0,id-12,80.0,10.0,100.0,0.0,10,3,327,,,,,"A column of grass hits the target. When used withits water equivalent, its power increases and a vastswamp appears.",Grass Pledge
m_5fcbbe69,5.0,id-5,60.0,20.0,100.0,0.0,9,2,71,100.0,,,,The user strikes everything around it by stompingdown on the ground. This lowers the Speed stats ofthose hit.,Bulldoze
m_ea6373b3,5.0,id-7,50.0,20.0,100.0,0.0,11,3,72,100.0,,,,"While resisting, the user attacks opposing Pokémon.This lowers the Sp. Atk stats of those hit.",Struggle Bug
m_d8e516e5,5.0,id-16,60.0,10.0,90.0,-6.0,10,2,314,,,,,"The target is knocked away, and a different Pokémonis dragged out. In the wild, this ends a battle againsta single Pokémon.",Dragon Tail
m_9028620d,5.0,id-15,60.0,10.0,90.0,0.0,10,3,289,100.0,,,,The user blows its cold breath on the target. Thisattack always results in a critical hit.,Frost Breath
m_f85ccf49,5.0,id-13,55.0,15.0,95.0,0.0,11,3,21,100.0,,,,The user attacks and captures opposing Pokémonusing an electric net. This lowers their Speed stats.,Electroweb
m_3a89fdbb,5.0,id-1,,30.0,,0.0,7,1,328,,,,,"The user is roused, and its Attack and Sp. Atkstats increase.",Work Up
m_314f5161,5.0,id-5,80.0,10.0,95.0,0.0,10,2,44,,,,,The user crashes into its target while rotating itsbody like a drill. Critical hits land more easily.,Drill Run
m_cc7766fc,5.0,id-13,90.0,15.0,100.0,0.0,10,2,49,,,,,The user shrouds itself in electricity and smashesinto its target. This also damages the user a little.,Wild Charge
m_0f3cfadb,8.0,id-7,70.0,10.0,90.0,0.0,10,2,1,100.0,,,,The user skitters behind the target to attack. This alsolowers the target’s Sp. Atk stat.,Skitter Smack
m_76d3bc5d,4.0,id-7,,20.0,100.0,0.0,10,2,229,,3.0,,16.0,After making its attack the user rushes back toswitch places with a party Pokémon in waiting.,U-turn
m_8fabc910,2.0,id-9,70.0,25.0,90.0,0.0,10,2,139,10.0,1.0,12.0,5.0,The target is hit with wings of steel. This may alsoraise the users Defense stat.,Steel Wing
m_aa2fc39d,1.0,id-1,,5.0,30.0,0.0,10,2,39,,1.0,14.0,9.0,A vicious tearing attack with big pincers. The targetfaints instantly if this attack hits.,Guillotine
m_3e5a757c,4.0,id-5,,10.0,,0.0,7,1,382,,,,,The user regains up to half of its max HP. It restoresmore HP in a sandstorm.,Shore Up
m_abca1c74,8.0,id-14,,20.0,100.0,0.0,10,1,427,,,,,The user scatters a cloud of magic powder thatchanges the target to Psychic type.,Magic Powder
m_33b59df9,1.0,id-15,65.0,20.0,100.0,0.0,10,3,69,10.0,2.0,23.0,17.0,The target is hit with a rainbow-colored beam.This may also lower the targets Attack stat.,Aurora Beam
m_1cd7149a,8.0,id-12,80.0,10.0,100.0,0.0,10,2,71,100.0,,,,"The user plays its drum, controlling the drum’s rootsto attack the target. This also lowers the target’sSpeed stat.",Drum Beating
m_1b63d58c,5.0,id-10,100.0,5.0,100.0,0.0,9,3,5,30.0,,,,The user torches everything around it in an infernoof scarlet flames. This may also leave those it hitswith a burn.,Searing Shot
m_ebacce08,8.0,id-12,35.0,15.0,100.0,0.0,10,2,43,100.0,,,,The user snares the target in a snap trap for four tofive turns.,Snap Trap
m_42fcdda2,8.0,id-10,100.0,10.0,,,2,2,1,,,,,This is a Fire-type attack Dynamax Pokémon use.The user intensifies the sun for five turns.,Max Flare
m_0b0593ce,5.0,id-10,100.0,5.0,,0.0,9,3,5,30.0,,,,The user torches everything around it in an infernoof scarlet flames. This may also leave those it hitswith a burn.,Searing Shot
m_36f759a9,7.0,id-13,175.0,1.0,,0.0,10,3,7,100.0,,,,"This move can’t be used.It’s recommended that this move is forgotten.Once forgotten, this move can’t be remembered.",Stoked Sparksurfer
m_a99c695a,4.0,id-4,65.0,10.0,100.0,0.0,10,3,284,,,,,The user drenches the target in a special poisonousliquid. This moves power is doubled if the targetis poisoned.,Venoshock
m_db55c491,1.0,id-14,,15.0,80.0,0.0,10,1,24,,4.0,24.0,11.0,The user distracts the target by bending a spoon.This lowers the targets accuracy.,Kinesis
m_944df314,3.0,id-11,60.0,20.0,100.0,0.0,10,3,77,20.0,2.0,21.0,17.0,The user attacks the target with a pulsing blast ofwater. This may also confuse the target.,Water Pulse
m_775d0fe9,3.0,id-9,140.0,5.0,100.0,0.0,10,3,149,,1.0,24.0,17.0,"Two turns after this move is used, a concentratedbundle of light blasts the target.",Doom Desire
m_ca2c16c8,3.0,id-10,85.0,10.0,90.0,0.0,10,2,201,10.0,2.0,1.0,17.0,The user launches a kick that lands a critical hitmore easily. This may also leave the target witha burn.,Blaze Kick
m_bf6da746,3.0,id-1,,20.0,100.0,0.0,9,1,200,,3.0,6.0,14.0,The user performs a wobbly dance that confusesthe Pokémon around it.,Teeter Dance
m_b6fca09b,4.0,id-14,,5.0,,0.0,12,1,216,,2.0,,13.0,This move enables Flying-type Pokémon or Pokémonwith the Levitate Ability to be hit by Ground-typemoves. Moves that involve flying can’t be used.,Gravity
m_b0857aaf,4.0,id-14,,40.0,,0.0,10,1,217,,3.0,,20.0,"This move can’t be used.It’s recommended that this move is forgotten.Once forgotten, this move can’t be remembered.",Miracle Eye
m_48bd1847,3.0,id-14,140.0,5.0,90.0,0.0,10,3,205,100.0,4.0,3.0,22.0,"This move can’t be used.It’s recommended that this move is forgotten.Once forgotten, this move can’t be remembered.",Psycho Boost
m_ea0f2ea3,4.0,id-3,,10.0,,0.0,7,1,215,,1.0,,8.0,The user lands and rests its body. This move restoresthe user’s HP by up to half of its max HP.,Roost
m_a33a8572,3.0,id-1,,20.0,,0.0,7,1,214,,4.0,2.0,13.0,"This move can’t be used.It’s recommended that this move is forgotten.Once forgotten, this move can’t be remembered.",Camouflage
m_4988a1c4,3.0,id-2,15.0,20.0,100.0,0.0,10,2,30,,5.0,10.0,7.0,The user lets loose a flurry of open-palmed armthrusts that hit two to five times in a row.,Arm Thrust
m_45b92510,3.0,id-11,80.0,10.0,100.0,0.0,10,2,256,,2.0,16.0,6.0,"Diving on the first turn, the user floats up andattacks on the next turn.",Dive
m_bfad164e,3.0,id-1,70.0,20.0,100.0,0.0,10,2,198,30.0,4.0,29.0,14.0,"This move can’t be used.It’s recommended that this move is forgotten.Once forgotten, this move can’t be remembered.",Secret Power
m_ea296a4f,3.0,id-3,,15.0,100.0,0.0,10,1,59,,2.0,28.0,19.0,The user covers the target’s body with a mass ofdown that harshly lowers its Attack stat.,Feather Dance
m_a5b175ba,3.0,id-14,70.0,5.0,100.0,0.0,10,3,72,50.0,4.0,4.0,22.0,A mist-like flurry of down envelops and damages thetarget. This may also lower the target’s Sp. Atk stat.,Mist Ball
m_9344d335,3.0,id-14,70.0,5.0,100.0,0.0,10,3,73,50.0,4.0,9.0,22.0,The user lets loose a damaging burst of light. Thismay also lower the target’s Sp. Def stat.,Luster Purge
m_04f0cedb,3.0,id-7,,20.0,,0.0,7,1,322,,2.0,32.0,11.0,"This move can’t be used.It’s recommended that this move is forgotten.Once forgotten, this move can’t be remembered.",Tail Glow
m_25c7f7f0,6.0,id-11,15.0,20.0,100.0,1.0,10,3,361,,,,,The user hits the target with throwing stars two tofive times in a row. This move always goes first.,Water Shuriken
m_3cbdf8b6,6.0,id-10,75.0,10.0,100.0,0.0,10,3,72,100.0,,,,"The user attacks by breathing a special, hot fire.This also lowers the target’s Sp. Atk stat.",Mystical Fire
m_a859b89f,6.0,id-12,,10.0,,4.0,7,1,362,,,,,"In addition to protecting the user from attacks, thismove also damages any attacker that makesdirect contact.",Spiky Shield
m_fa9da9be,6.0,id-18,,20.0,,0.0,3,1,363,,,,,The user raises the Sp. Def stat of an ally Pokémonby using a mysterious aroma.,Aromatic Mist
m_f4874272,4.0,id-16,150.0,5.0,90.0,0.0,10,3,81,,1.0,,22.0,The user blasts the target with power that distortseven time. The user can’t move on the next turn.,Roar of Time
m_c0ff8a31,4.0,id-1,35.0,10.0,90.0,0.0,10,2,45,,4.0,,7.0,"The user slams the target with a long tail, vines, or atentacle. The target is hit twice in a row.",Double Hit
m_f4405f8b,6.0,id-11,110.0,5.0,95.0,0.0,10,3,5,30.0,,,,The user immerses the target in superheated steam.This may also leave the target with a burn.,Steam Eruption
m_02a0145d,6.0,id-14,80.0,5.0,,0.0,10,3,360,,,,,"Using a hyperspace hole, the user appears rightnext to the target and strikes. This also hits a targetusing a move such as Protect or Detect.",Hyperspace Hole
m_0545d874,4.0,id-7,,10.0,,0.0,7,1,207,,4.0,,11.0,"The user calls out its underlings to shield its body,raising its Defense and Sp. Def stats.",Defend Order
m_d906a042,4.0,id-7,90.0,15.0,100.0,0.0,10,2,44,,4.0,,4.0,The user calls out its underlings to pummel thetarget. Critical hits land more easily.,Attack Order
m_a4a05963,4.0,id-6,150.0,5.0,80.0,0.0,10,2,270,,5.0,,22.0,"The user attacks the target with a hazardous,full-power headbutt. This also damages theuser terribly.",Head Smash
m_2ff1dfe3,4.0,id-7,,10.0,,0.0,7,1,33,,4.0,,8.0,"This move can’t be used.It’s recommended that this move is forgotten.Once forgotten, this move can’t be remembered.",Heal Order
m_56f13700,4.0,id-13,50.0,10.0,90.0,0.0,10,3,277,70.0,2.0,,17.0,The user attacks the target with an electric charge. Theuser may use any remaining electricity to raise itsSp. Atk stat.,Charge Beam
m_eff19292,4.0,id-7,60.0,20.0,100.0,0.0,10,2,225,,5.0,,12.0,"The user bites the target. If the target is holding aBerry, the user eats it and gains its effect.",Bug Bite
m_af28bd27,4.0,id-11,40.0,20.0,100.0,1.0,10,2,104,,2.0,,1.0,The user lunges at the target at a speed that makesit almost invisible. This move always goes first.,Aqua Jet
m_791a94eb,4.0,id-12,120.0,15.0,100.0,0.0,10,2,199,,5.0,,18.0,The user slams its rugged body into the target toattack. This also damages the user quite a lot.,Wood Hammer
m_a8dd22e4,3.0,id-12,,20.0,,0.0,7,1,182,,4.0,15.0,21.0,"The user lays roots that restore its HP on every turn.Because it’s rooted, it can’t switch out.",Ingrain
m_4cca7e39,3.0,id-1,,20.0,,0.0,7,1,181,,3.0,25.0,14.0,"This move can’t be used.It’s recommended that this move is forgotten.Once forgotten, this move can’t be remembered.",Assist
m_a6f8291b,2.0,id-12,,40.0,100.0,0.0,11,1,61,,2.0,10.0,1.0,"The user releases cotton-like spores that cling toopposing Pokémon, which harshly lowers theirSpeed stats.",Cotton Spore
m_aedc7a52,2.0,id-2,,15.0,100.0,0.0,10,2,100,,1.0,28.0,15.0,An all-out attack that becomes more powerful theless HP the user has.,Reversal
m_a850f13d,3.0,id-14,,10.0,100.0,0.0,10,1,178,,4.0,12.0,12.0,The user catches the target off guard and swaps itsheld item with its own.,Trick
m_618be3f8,3.0,id-1,,20.0,,5.0,3,1,177,,4.0,18.0,20.0,The user assists an ally by boosting the power ofthat ally’s attack.,Helping Hand
m_3ecb05f2,1.0,id-1,40.0,30.0,100.0,1.0,10,2,104,,1.0,30.0,1.0,The user lunges at the target at a speed that makesit almost invisible. This move always goes first.,Quick Attack
m_5f3f21f5,1.0,id-1,20.0,20.0,100.0,0.0,10,2,82,,1.0,17.0,11.0,"This move can’t be used.It’s recommended that this move is forgotten.Once forgotten, this move can’t be remembered.",Rage
m_576636eb,1.0,id-14,,40.0,,0.0,7,1,11,,2.0,32.0,11.0,"This move can’t be used.It’s recommended that this move is forgotten.Once forgotten, this move can’t be remembered.",Meditate
m_fd0283c6,1.0,id-14,,30.0,,0.0,7,1,53,,1.0,30.0,1.0,The user relaxes and lightens its body to movefaster. This sharply raises the Speed stat.,Agility
m_7a20ba36,1.0,id-14,90.0,10.0,100.0,0.0,10,3,73,10.0,4.0,5.0,17.0,The target is hit by a strong telekinetic force.This may also lower the target’s Sp. Def stat.,Psychic
m_681cd0c1,1.0,id-14,,20.0,60.0,0.0,10,1,2,,4.0,5.0,19.0,The user employs hypnotic suggestion to make thetarget fall into a deep sleep.,Hypnosis
m_84ac873b,1.0,id-4,,10.0,90.0,0.0,10,1,34,,4.0,33.0,19.0,A move that leaves the target badly poisoned.Its poison damage worsens every turn.,Toxic
m_e6d6d933,1.0,id-14,50.0,25.0,100.0,0.0,10,3,77,10.0,4.0,9.0,5.0,The target is hit by a weak telekinetic force.This may also confuse the target.,Confusion
m_d525796e,1.0,id-5,,5.0,30.0,0.0,10,2,39,,5.0,14.0,9.0,The user opens up a fissure in the ground and dropsthe target in. The target faints instantly if thisattack hits.,Fissure
m_ae2ceb64,1.0,id-5,80.0,10.0,100.0,0.0,10,2,257,,4.0,15.0,6.0,"The user burrows into the ground, then attacks onthe next turn.",Dig
m_fb4ed71b,3.0,id-12,25.0,30.0,100.0,0.0,10,2,30,,1.0,14.0,7.0,The user forcefully shoots seeds at the target twoto five times in a row.,Bullet Seed
m_f12e6c81,6.0,id-17,75.0,5.0,100.0,0.0,10,2,1,,,,,The user lashes out to vent its frustration towardthe target. If the users stats were lowered during thisturn the power of this move is doubled.,Lash Out
m_19612897,4.0,id-17,75.0,5.0,100.0,0.0,10,2,1,,,,,The user lashes out to vent its frustration towardthe target. If the users stats were lowered during thisturn the power of this move is doubled.,Lash Out
m_1607d8e8,2.0,id-1,,10.0,,0.0,7,1,143,,3.0,32.0,11.0,The user maximizes its Attack stat in exchange forHP equal to half its max HP.,Belly Drum
m_c4308462,2.0,id-18,,10.0,75.0,0.0,10,1,50,,3.0,18.0,19.0,"The user kisses the target with a sweet, angeliccuteness that causes confusion.",Sweet Kiss
m_86fa8463,2.0,id-17,60.0,20.0,,0.0,10,2,18,,4.0,27.0,18.0,"This move can’t be used.It’s recommended that this move is forgotten.Once forgotten, this move can’t be remembered.",Feint Attack
m_f3342140,2.0,id-1,,10.0,100.0,0.0,10,1,61,,5.0,10.0,2.0,The user frightens the target with a scary face toharshly lower its Speed stat.,Scary Face
m_5f8efca1,2.0,id-2,40.0,30.0,100.0,1.0,10,2,104,,1.0,30.0,1.0,The user throws a punch at blinding speed. Thismove always goes first.,Mach Punch
m_bd563f0b,2.0,id-1,,10.0,,4.0,7,1,112,,3.0,15.0,16.0,This move enables the user to protect itself fromall attacks. Its chance of failing rises if it is usedin succession.,Protect
m_078c2127,2.0,id-15,40.0,25.0,100.0,0.0,11,3,6,10.0,2.0,1.0,5.0,The user attacks with a chilling gust of powdery snow.This may also freeze opposing Pokémon.,Powder Snow
m_9163f1c8,2.0,id-8,,10.0,100.0,0.0,10,1,101,,5.0,26.0,19.0,The user unleashes its grudge on the move last usedby the target by cutting 4 PP from it.,Spite
m_7282ac42,4.0,id-2,75.0,10.0,100.0,0.0,10,2,4,,2.0,,20.0,An energy-draining punch. The user’s HP is restoredby half the damage taken by the target.,Drain Punch
m_30a116dc,4.0,id-8,70.0,,100.0,0.0,10,2,44,,3.0,,17.0,The user slashes with a sharp claw made fromshadows. Critical hits land more easily.,Shadow Claw
m_dd4990ac,2.0,id-5,20.0,10.0,100.0,0.0,10,3,74,100.0,3.0,10.0,5.0,The user hurls mud in the target’s face to inflictdamage and lower its accuracy.,Mud-Slap
m_ada0e860,2.0,id-4,90.0,10.0,100.0,0.0,10,3,3,30.0,5.0,10.0,18.0,Unsanitary sludge is hurled at the target. This mayalso poison the target.,Sludge Bomb
m_cb8f3dcb,7.0,id-7,80.0,15.0,100.0,0.0,10,2,396,100.0,,,,"The user makes a lunge at the target, attacking withfull force. This also lowers the target’s Attack stat.",Lunge
m_7a534551,7.0,id-14,,10.0,,0.0,12,1,395,,,,,This protects Pokémon on the ground from prioritymoves and powers up Psychic-type moves forfive turns.,Psychic Terrain
m_67945036,8.0,id-17,10.0,10.0,,0.0,2,2,1,,,,,This is a Dark-type attack Dynamax Pokémon use.This lowers the target’s Sp. Def stat.,Max Darkness
m_89a36eaf,8.0,id-12,10.0,10.0,,0.0,2,2,1,,,,,This is a Grass-type attack Dynamax Pokémon use.The user turns the ground into Grassy Terrain forfive turns.,Max Overgrowth
m_e9505f68,8.0,id-9,10.0,10.0,,0.0,2,2,1,,,,,This is a Steel-type attack Dynamax Pokémon use.This raises ally Pokémon’s Defense stats.,Max Steelspike
m_3fd8d6b9,8.0,id-16,,5.0,100.0,0.0,7,1,433,100.0,,,,The user raises all its stats by using some of its HP.,Clangorous Soul
m_e95fc093,8.0,id-2,80.0,10.0,100.0,0.0,10,2,434,,,,,"The user attacks by slamming its body into the target.The higher the user’s Defense, the more damage it caninflict on the target.",Body Press
m_82e6a8b8,8.0,id-18,,15.0,,0.0,10,1,435,100.0,,,,The user sharply raises the target’s Attack and Sp. Atkstats by decorating the target.,Decorate
m_efea0efe,7.0,id-1,,15.0,,3.0,10,1,389,,,,,"This move can’t be used.It’s recommended that this move is forgotten.Once forgotten, this move can’t be remembered.",Spotlight
m_c7ef0ed2,7.0,id-12,40.0,40.0,100.0,0.0,10,2,1,,,,,The user attacks by pelting the target with leaves.,Leafage
m_5c7e21b5,7.0,id-1,,30.0,,0.0,7,1,391,,,,,The user concentrates intensely. The attack on thenext turn always results in a critical hit.,Laser Focus
m_f54390cc,7.0,id-4,,20.0,100.0,0.0,10,1,390,100.0,,,,The user shoots poisonous threads to poison thetarget and lower the target’s Speed stat.,Toxic Thread
m_284ef29a,7.0,id-17,80.0,15.0,100.0,0.0,10,2,393,100.0,,,,"The user attacks the target’s throat, and theresultant suffering prevents the target from usingmoves that emit sound for two turns.",Throat Chop
m_2fa7b75f,7.0,id-9,,20.0,,0.0,13,1,392,,,,,The user engages its gears to raise the Attack andSp. Atk stats of ally Pokémon with the Plus orMinus Ability.,Gear Up
m_4dfd7253,7.0,id-9,80.0,20.0,100.0,0.0,10,2,385,,,,,The user entangles the target with its anchor chainwhile attacking. The target becomes unable to flee.,Anchor Shot
m_23b1c985,7.0,id-7,90.0,15.0,100.0,0.0,10,3,394,,,,,"The user attacks the enemy with a pollen puff thatexplodes. If the target is an ally, it gives the ally apollen puff that restores its HP instead.",Pollen Puff
m_1a6e5aaa,1.0,id-1,85.0,,100.0,0.0,10,2,7,30.0,5.0,4.0,5.0,The user drops onto the target with its full bodyweight. This may also leave the target with paralysis.,Body Slam
m_f0e5b45a,4.0,id-17,,5.0,100.0,0.0,10,2,246,,4.0,,23.0,This move cant be used.Its recommended that this move is forgotten.Once forgotten this move cant be remembered.,Punishment
m_9f338d41,1.0,id-11,,40.0,,0.0,7,1,12,,3.0,15.0,13.0,"The user withdraws its body into its hard shell,raising its Defense stat.",Withdraw
m_8680da2f,2.0,id-1,,5.0,,,7,1,133,,2.0,25.0,8.0,The user restores its own HP. The amount of HPregained varies with the weather.,Morning Sun
m_3c700710,4.0,id-1,35.0,10.0,90.0,0.0,10,2,45,,4.0,,7.0,The user slams the target with a long tail vines or atentacle. The target is hit twice in a row.,Double Hit
m_476d1019,1.0,id-1,65.0,20.0,100.0,0.0,10,2,151,30.0,5.0,4.0,5.0,The target is stomped with a big foot. This may alsomake the target flinch.,Stomp
m_4ec1078b,1.0,id-12,45.0,25.0,100.0,0.0,10,2,1,,1.0,1.0,5.0,"The target is struck with slender, whiplike vines toinflict damage.",Vine Whip
m_1ca6f703,1.0,id-1,80.0,20.0,75.0,0.0,10,2,1,,5.0,23.0,5.0,"The target is slammed with a long tail, vines, or thelike to inflict damage.",Slam
m_a162cb22,1.0,id-1,15.0,20.0,85.0,0.0,10,2,43,100.0,5.0,24.0,21.0,Things such as long bodies or tentacles are used tobind and squeeze the target for four to five turns.,Bind
m_873d031c,1.0,id-2,60.0,15.0,85.0,0.0,10,2,32,30.0,1.0,5.0,5.0,"This move can’t be used.It’s recommended that this move is forgotten.Once forgotten, this move can’t be remembered.",Rolling Kick
m_f06a44a9,1.0,id-2,100.0,10.0,95.0,0.0,10,2,46,,1.0,3.0,5.0,"This move can’t be used.It’s recommended that this move is forgotten.Once forgotten, this move can’t be remembered.",Jump Kick
m_3b3211fe,1.0,id-1,120.0,5.0,75.0,0.0,10,2,1,,1.0,1.0,18.0,The target is attacked by a kick launched withmuscle-packed power.,Mega Kick
m_4693a6f4,1.0,id-2,30.0,30.0,100.0,0.0,10,2,45,,1.0,12.0,7.0,The target is quickly kicked twice in successionusing both feet.,Double Kick
m_129aae5c,8.0,id-11,,10.0,,0.0,13,1,441,,,,,The user scatters mysterious water around and restoresthe HP of itself and its ally Pokémon in the battle.,Life Dew
m_37d1b8c9,3.0,id-11,150.0,5.0,100.0,0.0,11,3,191,,2.0,26.0,22.0,"The user spouts water to damage opposingPokémon. The lower the user’s HP, the lower themove’s power.",Water Spout
m_87b8a268,1.0,id-1,70.0,15.0,100.0,0.0,10,2,32,30.0,5.0,9.0,5.0,The user sticks out its head and attacks by chargingstraight into the target. This may also make thetarget flinch.,Headbutt
m_2c05a467,1.0,id-5,,15.0,100.0,0.0,10,1,24,,3.0,10.0,19.0,"Sand is hurled in the target’s face, reducing thetarget’s accuracy.",Sand Attack
m_f56e8b19,8.0,id-16,50.0,10.0,100.0,0.0,10,2,428,,,,,"The user attacks twice using Dreepy. If there are twotargets, this move hits each target once.",Dragon Darts
m_bb0028c5,7.0,id-14,185.0,1.0,,0.0,10,3,415,,,,,"This move can’t be used.It’s recommended that this move is forgotten.Once forgotten, this move can’t be remembered.",Genesis Supernova
m_47eef119,3.0,id-14,,20.0,,0.0,7,1,207,,1.0,32.0,11.0,The user absorbs a mystical power from space toraise its Defense and Sp. Def stats.,Cosmic Power
m_0eb401a6,7.0,id-1,,1.0,,0.0,7,1,414,100.0,,,,"This move can’t be used.It’s recommended that this move is forgotten.Once forgotten, this move can’t be remembered.",Extreme Evoboost
m_f8dbcd8c,1.0,id-1,,40.0,,0.0,7,1,157,,3.0,16.0,13.0,The user curls up to conceal weak spots and raiseits Defense stat.,Defense Curl
m_3e8605c1,7.0,id-12,65.0,10.0,90.0,0.0,10,3,74,50.0,,,,The user attacks its target by encircling it in sharpleaves. This attack may also lower thetargets accuracy.,Leaf Tornado
m_b4fcac5b,3.0,id-1,60.0,25.0,100.0,0.0,10,2,106,,3.0,20.0,12.0,The user endearingly approaches the target thensteals the targets held item.,Covet
m_fa189db3,7.0,id-16,110.0,5.0,100.0,0.0,11,3,405,100.0,,,,The user rubs the scales on its entire body and makesa huge noise to attack opposing Pokémon.The users Defense stat goes down after the attack.,Clanging Scales
m_b59ff434,7.0,id-18,130.0,5.0,90.0,0.0,10,3,205,100.0,,,,The user unleashes a strong beam. The attack’srecoil harshly lowers the user’s Sp. Atk stat.,Fleur Cannon
m_e98e70d9,4.0,id-3,,15.0,,0.0,4,1,226,,4.0,,1.0,The user whips up a turbulent whirlwind that upsthe Speed stats of the user and its allies forfour turns.,Tailwind
m_980c7574,,id-1,,40.0,,0.0,7,1,370,,,,,The Pokémon congratulates you on your special day,Celebrate
m_701813f6,5.0,id-14,,10.0,,,12,1,282,,,,,The user creates a bizarre area in which PokémonsDefense and Sp. Def stats are swapped forfive turns.,Wonder Room
m_49e4ab9c,7.0,id-10,150.0,5.0,100.0,-3.0,11,3,408,,,,,"The user sets a shell trap. If the user is hit by aphysical move, the trap will explode and inflictdamage on opposing Pokémon.",Shell Trap
m_027805d9,4.0,id-2,100.0,10.0,90.0,0.0,10,2,219,100.0,1.0,,2.0,The user swings and hits with its strong heavy fist.It lowers the users Speed however.,Hammer Arm
m_ffc257ee,6.0,id-1,,40.0,,0.0,7,1,370,,,,,The Pokémon congratulates you on your special day,Celebrate
m_23b81361,7.0,id-5,75.0,10.0,100.0,0.0,10,2,409,,,,,"Driven by frustration, the user attacks the target.If the user’s previous move has failed, the power ofthis move doubles.",Stomping Tantrum
m_78ca0462,2.0,id-3,100.0,5.0,95.0,0.0,10,3,44,,1.0,2.0,22.0,A vortex of air is shot at the target to inflict damage.Critical hits land more easily.,Aeroblast
m_dd0aa195,,id-12,,10.0,,0.0,7,1,329,,,,,The user protects itself by wrapping its body in softcotton which drastically raises the usersDefense stat.,Cotton Guard
m_e33f7855,7.0,id-14,85.0,10.0,100.0,0.0,10,2,187,,,,,The user bites the target with its psychiccapabilities. This can also destroy Light Screenand Reflect.,Psychic Fangs
m_e161f4b5,7.0,id-2,60.0,10.0,100.0,-4.0,10,2,186,,5.0,31.0,15.0,This attack moves power is doubled if the user hasbeen hurt by the opponent in the same turn.,Revenge
m_b50fb0ed,3.0,id-2,60.0,10.0,100.0,-4.0,10,2,186,,5.0,31.0,15.0,This attack moves power is doubled if the user hasbeen hurt by the opponent in the same turn.,Revenge
m_989d5929,2.0,id-1,,40.0,,,10,1,114,,4.0,33.0,20.0,This move cant be used.Its recommended that this move is forgotten.Once forgotten this move cant be remembered.,Foresight
m_d486bc92,6.0,id-17,100.0,5.0,,0.0,10,2,360,100.0,,,,"Using its many arms, the user unleashes a barrage ofattacks that ignore the effects of moves like Protectand Detect. But the user’s Defense stat falls.",Hyperspace Fury
m_ecbb3804,3.0,id-17,,20.0,100.0,0.0,10,1,63,,4.0,28.0,19.0,The user feigns crying to fluster the target harshlylowering its Sp. Def stat.,Fake Tears
m_032b03ac,4.0,id-14,,10.0,,,7,1,271,,2.0,,8.0,The user faints. In return the Pokémon taking itsplace will have its status and HP fully restored.,Lunar Dance
m_1cb5e267,1.0,id-12,120.0,10.0,100.0,0.0,10,3,152,,1.0,1.0,6.0,In this two-turn attack the user gathers light thenblasts a bundled beam on the next turn.,Solar Beam
m_b0b892b2,5.0,id-10,,10.0,100.0,0.0,10,2,292,,,,,The user slams its target with its flame-coveredbody. The more the user outweighs the target thegreater the moves power.,Heat Crash
m_7807bcf9,7.0,id-7,,1.0,,0.0,10,3,1,,,,,This move cant be used.Its recommended that this move is forgotten.Once forgotten this move cant be remembered.,Savage Spin-Out
m_275031fc,1.0,id-1,15.0,20.0,85.0,0.0,10,2,30,,1.0,10.0,7.0,The target is jabbed repeatedly with a horn or beaktwo to five times in a row.,Fury Attack
m_8654bad7,1.0,id-12,120.0,10.0,100.0,0.0,10,3,152,,1.0,1.0,6.0,In this two-turn attack the user gathers light thenblasts a bundled beam on the next turn.,Solar Beam
m_bdd2c62e,3.0,id-17,65.0,20.0,100.0,0.0,10,2,189,,4.0,4.0,5.0,"The user slaps down the target’s held item, and thatitem can’t be used in that battle. The move doesmore damage if the target has a held item.",Knock Off
m_42eab06d,1.0,id-1,15.0,20.0,85.0,0.0,10,2,30,,1.0,10.0,7.0,The target is jabbed repeatedly with a horn or beaktwo to five times in a row.,Fury Attack
m_9da54ca4,3.0,id-5,35.0,15.0,85.0,0.0,10,2,43,100.0,4.0,24.0,21.0,The user traps the target inside a harshly ragingsandstorm for four to five turns.,Sand Tomb
m_b3eef395,3.0,id-1,50.0,10.0,,0.0,10,3,204,,4.0,1.0,4.0,This attack move varies in power and typedepending on the weather.,Weather Ball
m_3a2d26be,3.0,id-1,50.0,10.0,100.0,0.0,10,3,204,,4.0,1.0,4.0,This attack move varies in power and typedepending on the weather.,Weather Ball
m_57c6a4c0,3.0,id-5,,15.0,,0.0,12,1,202,,3.0,1.0,13.0,This move cant be used.Its recommended that this move is forgotten.Once forgotten this move cant be remembered.,Mud Sport
m_3c259f57,5.0,id-18,190.0,1.0,,0.0,10,2,417,,,,,This move cant be used.Its recommended that this move is forgotten.Once forgotten this move cant be remembered.,Lets Snuggle Forever
m_aa0f7389,4.0,id-10,70.0,5.0,100.0,0.0,11,3,1,100.0,,,,The user attacks with energy from jealousy. This leavesall opposing Pokémon that have had their stats boostedduring the turn with a burn.,Burning Jealousy
m_17f64377,8.0,id-10,70.0,5.0,100.0,,11,3,1,100.0,,,,The user attacks with energy from jealousy. This leavesall opposing Pokémon that have had their stats boostedduring the turn with a burn.,Burning Jealousy
m_51b3868c,7.0,id-18,190.0,,,0.0,10,2,417,,,,,This move cant be used.Its recommended that this move is forgotten.Once forgotten this move cant be remembered.,Lets Snuggle Forever
m_08d443c9,3.0,id-1,90.0,10.0,100.0,0.0,8,3,160,,3.0,21.0,10.0,The user attacks in an uproar for three turns.During that time no Pokémon can fall asleep.,Uproar
m_3898e5ae,1.0,id-11,100.0,10.0,90.0,0.0,10,2,44,,5.0,2.0,18.0,The target is hammered with a large pincer. Criticalhits land more easily.,Crabhammer
m_4d05163e,8.0,id-2,90.0,10.0,100.0,0.0,10,2,1,100.0,,,,The user overwhelms the target with lightning-likemovement before delivering a kick. This also lowersthe target’s Defense stat.,Thunderous Kick
m_23335e40,1.0,id-1,55.0,30.0,100.0,0.0,10,2,1,,5.0,1.0,5.0,The target is gripped and squeezed from both sidesto inflict damage.,Vise Grip
m_853db153,2.0,id-4,,10.0,100.0,0.0,10,3,3,30.0,5.0,10.0,18.0,Unsanitary sludge is hurled at the target. This mayalso poison the target.,Sludge Bomb
m_a134bbcc,5.0,id-14,,10.0,,0.0,12,1,282,,,,,The user creates a bizarre area in which PokémonsDefense and Sp. Def stats are swapped forfive turns.,Wonder Room
m_d0e980b7,2.0,id-2,,5.0,50.0,0.0,10,2,77,100.0,1.0,10.0,18.0,The user punches the target with full concentratedpower. This confuses the target if it hits.,Dynamic Punch
m_1e2d9624,3.0,id-15,,,30.0,0.0,10,3,39,,2.0,14.0,9.0,The target faints instantly. Its less likely to hit thetarget if its used by Pokémon other than Ice types.,Sheer Cold
m_160ccf9c,4.0,id-17,,15.0,100.0,0.0,10,1,233,,3.0,,13.0,This move cant be used.Its recommended that this move is forgotten.Once forgotten this move cant be remembered.,Embargo
m_e26bfb78,8.0,id-9,100.0,5.0,100.0,0.0,10,2,436,,,,,The user becomes a gigantic sword and cuts the target.This move deals twice the damage if the targetis Dynamaxed.,Behemoth Blade
m_805d4328,8.0,id-10,120.0,5.0,90.0,0.0,10,2,5,10.0,,,,The user attacks by igniting a small stone and launchingit as a fiery ball at the target. This may also leave thetarget with a burn.,Pyro Ball
m_66e02077,8.0,id-13,110.0,10.0,100.0,0.0,10,2,437,100.0,,,,Morpeko attacks and raises its Speed with the energystored in its cheeks. This move’s type changesdepending on the user’s form.,Aura Wheel
m_95e5ab8f,8.0,id-9,100.0,5.0,100.0,0.0,10,2,436,,,,,The user becomes a gigantic shield and slams intothe target. This move deals twice the damage if thetarget is Dynamaxed.,Behemoth Bash
m_b6139c36,8.0,id-12,40.0,40.0,100.0,0.0,10,2,1,,,,,The user attacks the target by poking it with a sharplypointed branch.,Branch Poke
m_5e99592f,8.0,id-16,60.0,15.0,100.0,0.0,11,2,396,100.0,,,,The user swings its tough tail wildly and attacksopposing Pokémon. This also lowers their Attack stats.,Breaking Swipe
m_bfdb79fe,8.0,id-12,80.0,10.0,100.0,0.0,10,3,440,100.0,,,,The user attacks the target with an acidic liquid createdfrom tart apples. This also lowers the target’sSp. Def stat.,Apple Acid
m_3c470cf0,8.0,id-13,80.0,10.0,100.0,0.0,11,3,439,,,,,"The user attacks opposing Pokémon by twanginga guitar or bass guitar, causing a huge echo andstrong vibration.",Overdrive
m_a5a3b92b,8.0,id-18,75.0,15.0,100.0,0.0,10,2,72,100.0,,,,The user attacks the target with so much force that itcould break the target’s spirit. This also lowers thetarget’s Sp. Atk stat.,Spirit Break
m_bd83d0ec,5.0,id-14,80.0,10.0,100.0,0.0,10,3,283,,,,,The user materializes an odd psychic wave to attackthe target. This attack does physical damage.,Psyshock
m_104fd5b2,4.0,id-17,,5.0,100.0,,10,2,246,,4.0,,23.0,This move cant be used.Its recommended that this move is forgotten.Once forgotten this move cant be remembered.,Punishment
m_6a41a480,7.0,id-13,175.0,1.0,,0.0,10,3,7,100.0,,,,This move cant be used.Its recommended that this move is forgotten.Once forgotten this move cant be remembered.,Stoked Sparksurfer
m_83c07503,3.0,id-10002,,,,,6,1,107,,,,,,Shadow Hold
m_7c3df919,5.0,id-14,,10.0,,0.0,12,1,282,,,,,The user creates a bizarre area in which Pokémon’sDefense and Sp. Def stats are swapped forfive turns.,Wonder Room
m_3cc9324b,4.0,id-2,120.0,5.0,70.0,0.0,10,3,73,10.0,1.0,,17.0,The user heightens its mental focus and unleashesits power. This may also lower the target’sSp. Def stat.,Focus Blast
m_6506a8a6,4.0,id-2,40.0,30.0,100.0,1.0,10,3,104,,4.0,,1.0,The user whirls its fists to send a wave of purevacuum at the target. This move always goes first.,Vacuum Wave
m_f92d1c23,4.0,id-3,120.0,15.0,100.0,0.0,10,2,199,,3.0,,18.0,The user tucks in its wings and charges from a lowaltitude. This also damages the user quite a lot.,Brave Bird
m_92339500,4.0,id-12,90.0,10.0,100.0,0.0,10,3,73,10.0,2.0,,17.0,The user draws power from nature and fires it at thetarget. This may also lower the target’s Sp. Def stat.,Energy Ball
m_97ccdb53,4.0,id-17,,10.0,100.0,0.0,10,1,178,,1.0,,12.0,The user trades held items with the target fasterthan the eye can follow.,Switcheroo
m_92753185,4.0,id-5,90.0,10.0,100.0,0.0,10,3,73,10.0,4.0,,18.0,The user makes the ground under the target eruptwith power. This may also lower the target’sSp. Def stat.,Earth Power
m_dd79583a,4.0,id-17,,20.0,,0.0,7,1,54,,3.0,,11.0,The user stimulates its brain by thinking badthoughts. This sharply raises the user’s Sp. Atk stat.,Nasty Plot
m_69452c14,4.0,id-1,150.0,5.0,90.0,0.0,10,2,81,,2.0,,22.0,The user charges at the target using every bit of itspower. The user can’t move on the next turn.,Giga Impact
m_325f7fd3,4.0,id-15,60.0,10.0,100.0,-4.0,10,2,186,,1.0,,15.0,The power of this attack move is doubled if the userhas been hurt by the target in the same turn.,Avalanche
m_2d0fa9dc,4.0,id-9,40.0,30.0,100.0,1.0,10,2,104,,4.0,,1.0,The user strikes the target with tough punches asfast as bullets. This move always goes first.,Bullet Punch
m_5f9dfbaa,8.0,id-17,90.0,10.0,100.0,0.0,11,3,1,20.0,,,,The user transforms its wrath into a fire-like aurato attack. This may also make opposing Pokémon flinch.,Fiery Wrath
m_b452115a,8.0,id-8,110.0,5.0,90.0,0.0,10,2,1,,,,,The user attacks the target by controlling the target’sitem. The move fails if the target doesn’t have an item.,Poltergeist
m_9a56b92a,8.0,id-15,130.0,5.0,100.0,0.0,11,2,1,,,,,The user attacks by hurling a blizzard-cloakedicicle lance at opposing Pokémon.,Glacial Lance
m_836bafa8,8.0,id-8,120.0,5.0,100.0,0.0,11,3,1,,,,,The user attacks by sending a frightful amount of smallghosts at opposing Pokémon.,Astral Barrage
m_c022aeaa,8.0,id-14,80.0,5.0,100.0,0.0,10,3,1,,,,,The user attacks with its tremendous psychic power.This also removes 3 PP from the target’s last move.,Eerie Spell
m_282d3f1c,7.0,id-11,90.0,10.0,100.0,0.0,9,3,386,,,,,The user bursts into song emitting many bubbles.Any Pokémon suffering from a burn will be healedby the touch of these bubbles.,Sparkling Aria
m_c7684273,5.0,id-10,100.0,5.0,100.0,0.0,10,3,336,,,,,The user brings down a giant flame. This move’spower is increased when influenced by an enormouslightning bolt.,Fusion Flare
m_d6cd5181,5.0,id-13,100.0,5.0,100.0,0.0,10,2,337,,,,,The user throws down a giant lightning bolt. Thismove’s power is increased when influenced by anenormous flame.,Fusion Bolt
m_b0811b96,4.0,id-3,65.0,20.0,,0.0,10,3,268,100.0,4.0,,23.0,The user attacks the target with sound waves ofdeafening chatter. This confuses the target.,Chatter
m_5354a57d,4.0,id-3,,20.0,100.0,0.0,10,3,268,100.0,4.0,,23.0,The user attacks the target with sound waves ofdeafening chatter. This confuses the target.,Chatter
m_0baf300b,8.0,id-10,70.0,5.0,100.0,0.0,11,3,1,100.0,,,,The user attacks with energy from jealousy. This leavesall opposing Pokémon that have had their stats boostedduring the turn with a burn.,Burning Jealousy
m_c0805843,5.0,id-13,130.0,5.0,85.0,0.0,10,2,7,20.0,,,,The user surrounds itself with a great amount ofelectricity and charges its target. This may alsoleave the target with paralysis.,Bolt Strike
m_6e3cbfa9,5.0,id-10,130.0,5.0,85.0,0.0,10,3,5,20.0,,,,"The user attacks by engulfing the target in anintense, yet beautiful, blue flame. This may also leavethe target with a burn.",Blue Flare
m_dfd86f6b,1.0,id-1,,30.0,,0.0,7,1,48,,1.0,5.0,11.0,The user takes a deep breath and focuses so thatcritical hits land more easily.,Focus Energy
m_df3478ba,5.0,id-15,140.0,5.0,90.0,0.0,10,2,332,30.0,,,,"On the second turn, the user hits the target withelectrically charged ice. This may also leave thetarget with paralysis.",Freeze Shock
m_dec97952,5.0,id-15,140.0,5.0,90.0,0.0,10,3,333,30.0,,,,"On the second turn, an ultracold, freezing windsurrounds the target. This may leave the target witha burn.",Ice Burn
m_0efa01d0,5.0,id-17,55.0,15.0,95.0,0.0,11,3,72,100.0,,,,"The user yells as if it’s ranting about something,which lowers the Sp. Atk stats of opposing Pokémon.",Snarl
m_ae8f79cc,5.0,id-15,85.0,10.0,90.0,0.0,10,2,32,30.0,,,,The user attacks by harshly dropping large iciclesonto the target. This may also make the target flinch.,Icicle Crash
m_73a2b38a,5.0,id-10,180.0,5.0,95.0,0.0,10,2,335,100.0,,,,"With a hot flame on its forehead, the user hurls itselfat its target. This lowers the user’s Defense, Sp. Def,and Speed stats.",V-create
m_c58e47ba,2.0,id-16,40.0,20.0,100.0,0.0,11,3,147,20.0,1.0,21.0,5.0,The user whips up a vicious tornado to tear at opposingPokémon. This may also make them flinch.,Twister
m_6ec997bc,2.0,id-2,100.0,5.0,80.0,0.0,10,2,44,,1.0,2.0,18.0,The user delivers a double chop with its forearmscrossed. Critical hits land more easily.,Cross Chop
m_6bf58ae8,8.0,id-1,50.0,10.0,100.0,0.0,10,3,1,,,,,The user utilizes the power of the terrain to attack.This move’s type and power changes depending onthe terrain when it’s used.,Terrain Pulse
m_fff67967,8.0,id-10,100.0,10.0,,0.0,2,2,1,,,,,This is a Fire-type attack Dynamax Pokémon use.The user intensifies the sun for five turns.,Max Flare
m_08fde4cb,5.0,id-11,80.0,10.0,100.0,0.0,10,3,325,,,,,A column of water hits the target. When used withits fire equivalent its power increases and arainbow appears.,Water Pledge
m_00b13478,2.0,id-9,100.0,15.0,75.0,0.0,10,2,70,30.0,1.0,4.0,18.0,The target is slammed with a steel-hard tail.This may also lower the target’s Defense stat.,Iron Tail
m_aa4b0aaf,2.0,id-1,,20.0,100.0,0.0,11,1,25,,3.0,5.0,19.0,A sweet scent that harshly lowers opposingPokémon’s evasiveness.,Sweet Scent
m_ff8b9871,2.0,id-2,70.0,10.0,,-1.0,10,2,79,,1.0,31.0,2.0,"The user attacks last. In return, this throw movenever misses.",Vital Throw
m_bfdc9aab,2.0,id-9,50.0,35.0,95.0,0.0,10,2,140,10.0,1.0,1.0,18.0,The target is raked with steel claws. This may alsoraise the user’s Attack stat.,Metal Claw
m_1f0d76e5,2.0,id-12,,5.0,,0.0,7,1,133,,4.0,25.0,8.0,The user restores its own HP. The amount of HPregained varies with the weather.,Synthesis
m_4344a110,2.0,id-1,,5.0,,0.0,7,1,133,,2.0,25.0,8.0,The user restores its own HP. The amount of HPregained varies with the weather.,Morning Sun
m_05487236,2.0,id-1,60.0,15.0,100.0,0.0,10,3,136,,4.0,17.0,23.0,"This move can’t be used.It’s recommended that this move is forgotten.Once forgotten, this move can’t be remembered.",Hidden Power
m_97b03f2c,2.0,id-18,,5.0,,0.0,7,1,133,,2.0,25.0,8.0,The user restores its own HP. The amount of HPregained varies with the weather.,Moonlight
m_849b235f,3.0,id-1,,,,5.0,3,1,177,,4.0,18.0,20.0,The user assists an ally by boosting the power ofthat allys attack.,Helping Hand
m_676acc06,5.0,id-6,50.0,15.0,100.0,0.0,10,2,288,100.0,,,,The user throws a stone or similar projectile toattack the target. A flying Pokémon will fall to theground when it’s hit.,Smack Down
m_848729e7,1.0,id-7,,40.0,,0.0,11,1,61,,4.0,9.0,19.0,Opposing Pokémon are bound with silk blown fromthe users mouth that harshly lowers the Speed stat.,String Shot
m_47aa006e,5.0,id-1,,15.0,,0.0,10,1,301,,,,,The user helps the target and makes it use its moveright after the user.,After You
m_99ca2650,3.0,id-17,,10.0,100.0,0.0,10,1,169,,5.0,7.0,9.0,"The user faints when using this move. In return, thisharshly lowers the target’s Attack and Sp. Atk stats.",Memento
m_80f30b2e,8.0,id-6,120.0,10.0,,0.0,10,3,1,100.0,,,,In this two-turn attack the user gathers space powerand boosts its Sp. Atk stat then attacks the targeton the next turn.,Meteor Beam
m_d9f6df42,5.0,id-14,,10.0,,0.0,12,1,287,,,,,The user creates a bizarre area in which Pokémon’sheld items lose their effects for five turns.,Magic Room
m_f27e268a,1.0,id-1,,10.0,,0.0,7,1,80,,4.0,16.0,23.0,The user creates a substitute for itself using some ofits HP. The substitute serves as the users decoy.,Substitute
m_e11fad49,4.0,id-5,65.0,10.0,85.0,,10,3,74,30.0,4.0,,18.0,This move cant be used.Its recommended that this move is forgotten.Once forgotten this move cant be remembered.,Mud Bomb
m_1d889f62,3.0,id-1,70.0,20.0,100.0,0.0,10,2,170,,3.0,28.0,15.0,"This attack move doubles its power if the user ispoisoned, burned, or paralyzed.",Facade
m_d18b7c8e,7.0,id-13,60.0,20.0,100.0,0.0,10,3,1,100.0,,,,"This move can’t be used.It’s recommended that this move is forgotten.Once forgotten, this move can’t be remembered.",Buzzy Buzz
m_149349e3,7.0,id-10,60.0,20.0,100.0,0.0,10,2,1,100.0,,,,"This move can’t be used.It’s recommended that this move is forgotten.Once forgotten, this move can’t be remembered.",Sizzly Slide
m_3ef0429f,7.0,id-14,80.0,15.0,95.0,0.0,10,3,1,,,,,"This move can’t be used.It’s recommended that this move is forgotten.Once forgotten, this move can’t be remembered.",Glitzy Glow
m_82c77c77,7.0,id-17,80.0,15.0,95.0,0.0,10,3,1,,,,,"This move can’t be used.It’s recommended that this move is forgotten.Once forgotten, this move can’t be remembered.",Baddy Bad
m_a7b97f08,7.0,id-11,90.0,15.0,100.0,0.0,11,3,1,30.0,,,,"This move can’t be used.It’s recommended that this move is forgotten.Once forgotten, this move can’t be remembered.",Splishy Splash
m_3e8daf50,3.0,id-17,,15.0,100.0,0.0,10,1,167,,4.0,18.0,19.0,"Flattery is used to confuse the target. However,this also raises the target’s Sp. Atk stat.",Flatter
m_e88cee77,7.0,id-13,,20.0,,0.0,10,3,1,,,,,"This move can’t be used.It’s recommended that this move is forgotten.Once forgotten, this move can’t be remembered.",Pika Papow
m_61dcc7f7,7.0,id-11,60.0,20.0,100.0,0.0,10,3,1,,,,,"This move can’t be used.It’s recommended that this move is forgotten.Once forgotten, this move can’t be remembered.",Bouncy Bubble
m_77e946ff,3.0,id-10,,15.0,85.0,0.0,10,1,168,,2.0,4.0,17.0,The user shoots a sinister flame at the target to inflicta burn.,Will-O-Wisp
m_33b937d8,7.0,id-12,100.0,10.0,90.0,0.0,10,2,1,100.0,,,,"This move can’t be used.It’s recommended that this move is forgotten.Once forgotten, this move can’t be remembered.",Sappy Seed
m_95453210,7.0,id-15,100.0,10.0,90.0,0.0,10,3,1,,,,,"This move can’t be used.It’s recommended that this move is forgotten.Once forgotten, this move can’t be remembered.",Freezy Frost
m_01ccb5b6,1.0,id-1,,10.0,,0.0,7,1,109,,3.0,16.0,13.0,"The user compresses its body to make itself looksmaller, which sharply raises its evasiveness.",Minimize
m_6fcb9c10,3.0,id-9,90.0,10.0,90.0,0.0,10,2,140,20.0,1.0,12.0,18.0,The target is hit with a hard punch fired like ameteor. This may also raise the user’s Attack stat.,Meteor Mash
m_dd3da359,3.0,id-11,150.0,5.0,90.0,0.0,10,3,81,,2.0,6.0,22.0,The target is hit with a watery blast. The user can’tmove on the next turn.,Hydro Cannon
m_f4418ee4,1.0,id-1,,30.0,,0.0,7,1,12,,5.0,16.0,13.0,The user stiffens all the muscles in its body to raiseits Defense stat.,Harden
m_a4847a83,3.0,id-4,50.0,15.0,100.0,0.0,10,2,203,50.0,4.0,33.0,4.0,The user bites the target with toxic fangs. This mayalso leave the target badly poisoned.,Poison Fang
m_f2eda103,3.0,id-1,90.0,10.0,100.0,0.0,11,3,1,,1.0,5.0,5.0,The user lets loose a horribly echoing shout withthe power to inflict damage.,Hyper Voice
m_35910a7d,3.0,id-10,150.0,5.0,90.0,0.0,10,3,81,,2.0,6.0,22.0,The target is razed by a fiery explosion. The usercan’t move on the next turn.,Blast Burn
m_108da676,3.0,id-1,75.0,10.0,95.0,0.0,10,2,70,50.0,1.0,4.0,5.0,The user slashes the target with hard and sharpclaws. This may also lower the target’s Defense stat.,Crush Claw
m_8b6a4863,3.0,id-15,30.0,20.0,90.0,0.0,10,2,118,,2.0,24.0,7.0,"This move can’t be used.It’s recommended that this move is forgotten.Once forgotten, this move can’t be remembered.",Ice Ball
m_16c8401d,3.0,id-5,,15.0,,0.0,12,1,202,,3.0,1.0,13.0,"This move can’t be used.It’s recommended that this move is forgotten.Once forgotten, this move can’t be remembered.",Mud Sport
m_f05c0f66,3.0,id-1,,10.0,,0.0,7,1,33,,3.0,26.0,8.0,"The user slacks off, restoring its own HP by up tohalf of its max HP.",Slack Off
m_c48a7dab,3.0,id-12,60.0,15.0,100.0,0.0,10,2,32,30.0,4.0,4.0,5.0,"This move can’t be used.It’s recommended that this move is forgotten.Once forgotten, this move can’t be remembered.",Needle Arm
m_8eece28e,1.0,id-5,65.0,20.0,85.0,0.0,10,2,32,10.0,5.0,10.0,5.0,"This move can’t be used.It’s recommended that this move is forgotten.Once forgotten, this move can’t be remembered.",Bone Club
m_5e1b9abf,1.0,id-4,65.0,20.0,100.0,0.0,10,3,3,30.0,5.0,4.0,18.0,Unsanitary sludge is hurled at the target. This mayalso poison the target.,Sludge
m_bc7eb89e,1.0,id-11,80.0,15.0,100.0,0.0,10,2,32,20.0,5.0,28.0,5.0,The user charges at the target and may makeit flinch.,Waterfall
m_c0bafc75,1.0,id-10,110.0,5.0,85.0,0.0,10,3,5,10.0,2.0,1.0,17.0,The target is attacked with an intense blast ofall-consuming fire. This may also leave the targetwith a burn.,Fire Blast
m_cd57b3b4,1.0,id-1,100.0,10.0,75.0,0.0,10,2,1,,5.0,1.0,5.0,"This move can’t be used.It’s recommended that this move is forgotten.Once forgotten, this move can’t be remembered.",Egg Bomb
m_cb5a9e1b,1.0,id-15,65.0,20.0,100.0,0.0,10,3,69,10.0,2.0,23.0,17.0,The target is hit with a rainbow-colored beam.This may also lower the target’s Attack stat.,Aurora Beam
m_b0e0daa1,1.0,id-4,30.0,20.0,70.0,0.0,10,3,3,40.0,5.0,5.0,5.0,The target is attacked with a discharge of filthygases. This may also poison the target.,Smog
m_71b95b7c,1.0,id-8,30.0,30.0,100.0,0.0,10,2,7,30.0,5.0,4.0,16.0,"The target is licked with a long tongue, causingdamage. This may also leave the targetwith paralysis.",Lick
m_c8af5b31,1.0,id-1,,40.0,85.0,0.0,10,1,60,,4.0,5.0,10.0,An earsplitting screech harshly lowers the target’sDefense stat.,Screech
m_6e1a491a,1.0,id-1,60.0,20.0,,0.0,11,3,18,,1.0,27.0,17.0,Star-shaped rays are shot at opposing Pokémon.This attack never misses.,Swift
m_2109d7f8,1.0,id-11,35.0,15.0,85.0,0.0,10,2,43,100.0,5.0,24.0,5.0,"This move can’t be used.It’s recommended that this move is forgotten.Once forgotten, this move can’t be remembered.",Clamp
m_412c037d,1.0,id-2,,20.0,100.0,0.0,10,2,88,,5.0,23.0,5.0,The target is thrown using the power of gravity.It inflicts damage equal to the user’s level.,Seismic Toss
m_bad7bb6f,1.0,id-2,,20.0,100.0,-5.0,1,2,90,,5.0,16.0,15.0,"A retaliation move that counters any physical attack,inflicting double the damage taken.",Counter
m_28e66cb9,8.0,id-6,,15.0,100.0,,10,1,426,100.0,,,,The user pours sticky tar over the target lowering thetargets Speed stat. The target becomes weaker toFire-type moves.,Tar Shot
m_195e4ec0,2.0,id-5,,20.0,,0.0,6,1,113,,4.0,18.0,13.0,The user lays a trap of spikes at the opposingteams feet. The trap hurts Pokémon that switchinto battle.,Spikes
m_a226a177,1.0,id-3,90.0,15.0,95.0,0.0,10,2,156,,4.0,15.0,6.0,The user flies up into the sky and then strikes its targeton the next turn.,Fly
m_69ad0018,1.0,id-3,90.0,15.0,,0.0,10,2,156,,4.0,15.0,6.0,The user flies up into the sky and then strikes its targeton the next turn.,Fly
m_98504e1d,6.0,id-13,,10.0,,0.0,12,1,369,,,,,The user electrifies the ground for five turnspowering up Electric-type moves. Pokémon on theground no longer fall asleep.,Electric Terrain
m_3faa6a72,3.0,id-13,,20.0,,0.0,7,1,175,,4.0,12.0,11.0,The user boosts the power of the Electric move ituses on the next turn. This also raises the user’sSp. Def stat.,Charge
m_294a98ef,5.0,id-1,120.0,15.0,100.0,0.0,10,2,49,,,,,"The user charges its head into its target, using itspowerful guard hair. This also damages the usera little.",Head Charge
m_1310d7e0,3.0,id-17,,20.0,100.0,0.0,10,1,176,,4.0,18.0,16.0,The target is taunted into a rage that allows it to useonly attack moves for three turns.,Taunt
m_6545edc0,7.0,id-12,,1.0,,0.0,10,3,1,,,,,This move cant be used.Its recommended that this move is forgotten.Once forgotten this move cant be remembered.,Bloom Doom
m_b42dcafa,2.0,id-1,,15.0,85.0,0.0,10,1,119,,3.0,27.0,19.0,The user enrages and confuses the target. Howeverthis also sharply raises the targets Attack stat.,Swagger
m_52d25fa3,3.0,id-14,140.0,5.0,90.0,,10,3,205,100.0,4.0,3.0,22.0,This move cant be used.Its recommended that this move is forgotten.Once forgotten this move cant be remembered.,Psycho Boost
m_2874cf36,5.0,id-17,85.0,10.0,95.0,0.0,10,3,74,40.0,,,,The user lets loose a pitch-black shock wave at itstarget. This may also lower the target’s accuracy.,Night Daze
m_8cba3dad,4.0,id-17,,,50.0,0.0,11,1,2,,4.0,,19.0,Opposing Pokémon are dragged into a world of totaldarkness that makes them sleep.,Dark Void
m_dce1151c,1.0,id-11,,15.0,100.0,0.0,9,3,258,,2.0,2.0,17.0,The user attacks everything around it by swampingits surroundings with a giant wave.,Surf
m_c9399a6d,5.0,id-4,90.0,10.0,100.0,0.0,10,3,1,20.0,,,,This move inflicts physical or special damagewhichever will be more effective. This may also poisonthe target.,Shell Side Arm
m_0d73cf59,2.0,id-2,,5.0,,4.0,7,1,112,,1.0,16.0,16.0,This move enables the user to protect itself fromall attacks. Its chance of failing rises if it is usedin succession.,Detect
m_6ecf9493,2.0,id-2,,5.0,,,7,1,112,,1.0,16.0,16.0,This move enables the user to protect itself fromall attacks. Its chance of failing rises if it is usedin succession.,Detect
m_e16b6cc5,2.0,id-12,,5.0,,0.0,7,1,133,,4.0,25.0,8.0,The user restores its own HP. The amount of HPregained varies with the weather.,Synthesis
m_691962f1,7.0,id-17,80.0,15.0,100.0,0.0,10,2,393,100.0,,,,The user attacks the targets throat and theresultant suffering prevents the target from usingmoves that emit sound for two turns.,Throat Chop
m_96eb6b36,6.0,id-7,,20.0,100.0,1.0,10,1,378,,,,,"The user covers the target in a combustible powder.If the target uses a Fire-type move, the powderexplodes and damages the target.",Powder
m_87e79861,6.0,id-18,,10.0,,0.0,7,1,366,,,,,"The user absorbs energy and sharply raises itsSp. Atk, Sp. Def, and Speed stats on the next turn.",Geomancy
m_94fd9d27,6.0,id-13,,20.0,,0.0,13,1,367,,,,,"The user manipulates magnetic fields, which raisesthe Defense and Sp. Def stats of ally Pokémon withthe Plus or Minus Ability.",Magnetic Flux
m_102a11b1,6.0,id-1,,30.0,,0.0,4,1,368,,,,,Using Happy Hour doubles the amount of prizemoney received after battle.,Happy Hour
m_160ffd62,6.0,id-13,,10.0,,0.0,12,1,369,,,,,"The user electrifies the ground for five turns,powering up Electric-type moves. Pokémon on theground no longer fall asleep.",Electric Terrain
m_d81f620b,6.0,id-18,80.0,10.0,100.0,0.0,11,3,1,,,,,The user damages opposing Pokémon by emitting apowerful flash.,Dazzling Gleam
m_df97f761,6.0,id-1,,40.0,,0.0,7,1,370,,,,,The Pokémon congratulates you on your special day!,Celebrate
m_f6a25cea,6.0,id-1,,40.0,,0.0,3,1,371,,,,,The user and an ally hold hands. This makes themvery happy.,Hold Hands
m_e99152dd,6.0,id-18,,30.0,100.0,1.0,10,1,365,,,,,"The user stares at the target with its baby-dolleyes, which lowers the target’s Attack stat. This movealways goes first.",Baby-Doll Eyes
m_8f5e32ab,6.0,id-13,20.0,20.0,100.0,0.0,10,2,372,100.0,,,,The user attacks by nuzzling its electrified cheeksagainst the target. This also leaves the targetwith paralysis.,Nuzzle
m_a5586688,3.0,id-10002,55.0,,100.0,0.0,10,2,10001,,,,,,Shadow Rush
m_fbc24a5a,8.0,id-2,,15.0,100.0,0.0,10,1,430,,,,,The user locks the target in and prevents it fromfleeing. This move also lowers the target’s Defenseand Sp. Def every turn.,Octolock
m_7f209d06,3.0,id-10,,10.0,100.0,0.0,10,2,292,,,,,The user slams its target with its flame-coveredbody. The more the user outweighs the target thegreater the moves power.,Heat Crash
m_e924f055,6.0,id-3,120.0,,100.0,0.0,10,2,230,100.0,,,,After soaring upward the user attacks its target bydropping out of the sky at high speeds. But it lowersits own Defense and Sp. Def stats in the process.,Dragon Ascent
m_a912cd9c,1.0,id-1,50.0,1.0,,,8,2,255,,1.0,1.0,5.0,This attack is used in desperation only if the userhas no PP. It also damages the user a little.,Struggle
m_baca596b,3.0,id-10002,75.0,,100.0,0.0,10,3,6,10.0,,,,,Shadow Chill
m_d07198ab,,id-10002,75.0,,100.0,0.0,10,3,6,10.0,,,,,Shadow Chill
m_b29a7e9c,2.0,id-16,120.0,10.0,100.0,0.0,8,2,28,,1.0,6.0,7.0,The user rampages and attacks for two to threeturns. The user then becomes confused.,Outrage
m_c8e2cffe,5.0,id-15,65.0,10.0,95.0,0.0,11,3,331,100.0,,,,The user attacks by blowing freezing cold air atopposing Pokémon. This lowers their Speed stats.,Glaciate
m_74d4a9ee,8.0,id-12,80.0,10.0,100.0,0.0,10,2,71,100.0,,,,The user plays its drum controlling the drums rootsto attack the target. This also lowers the targetsSpeed stat.,Drum Beating
m_c0a308a8,1.0,id-5,,15.0,100.0,0.0,10,1,24,,3.0,10.0,19.0,Sand is hurled in the targets face reducing thetargets accuracy.,Sand Attack
m_0a133794,5.0,id-2,85.0,10.0,100.0,0.0,10,3,283,,,,,The user cuts with its long horn. The odd powercontained in the horn does physical damage tothe target.,Secret Sword
m_0dfb1559,4.0,id-1,140.0,5.0,100.0,0.0,10,2,247,,3.0,,21.0,This move can be used only after the user has usedall the other moves it knows in the battle.,Last Resort
m_81567467,7.0,id-7,,1.0,,0.0,10,3,1,,,,,"This move can’t be used.It’s recommended that this move is forgotten.Once forgotten, this move can’t be remembered.",Savage Spin-Out
m_1810f452,4.0,id-7,,,,0.0,7,1,33,,4.0,,8.0,This move cant be used.Its recommended that this move is forgotten.Once forgotten this move cant be remembered.,Heal Order
m_d9ac5e52,4.0,id-4,,20.0,,0.0,6,1,250,,4.0,,13.0,The user lays a trap of poison spikes at the feet ofthe opposing team. The spikes will poison opposingPokémon that switch into battle.,Toxic Spikes
m_d39d50b3,8.0,id-11,85.0,10.0,,0.0,10,2,431,,,,,The user rends the target with its hard gills.If the user attacks before the target the power of thismove is doubled.,Fishious Rend
m_3f91b796,7.0,id-7,,1.0,,0.0,10,2,1,,,,,"This move can’t be used.It’s recommended that this move is forgotten.Once forgotten, this move can’t be remembered.",Savage Spin-Out
m_04e3fa7f,6.0,id-5,90.0,10.0,,0.0,11,2,1,,,,,The user gathers the energy of the land and focusesthat power on opposing Pokémon to damage them.,Lands Wrath
m_12090e6e,6.0,id-5,90.0,10.0,100.0,0.0,11,2,1,,,,,The user gathers the energy of the land and focusesthat power on opposing Pokémon to damage them.,Lands Wrath
m_22e2dd99,4.0,id-14,,10.0,,0.0,10,1,251,,1.0,,16.0,"This move can’t be used.It’s recommended that this move is forgotten.Once forgotten, this move can’t be remembered.",Heart Swap
m_5d949ac9,7.0,id-7,,1.0,,,10,3,1,,,,,This move cant be used.Its recommended that this move is forgotten.Once forgotten this move cant be remembered.,Savage Spin-Out
m_fc0afa34,7.0,id-8,,1.0,,0.0,10,3,1,,,,,"This move can’t be used.It’s recommended that this move is forgotten.Once forgotten, this move can’t be remembered.",Never-Ending Nightmare
m_ff978c8d,2.0,id-16,120.0,10.0,100.0,0.0,8,2,28,,1.0,6.0,7.0,The user rampages and attacks for two to threeturns. The user then becomes confused.,Outrage
m_7aa2b02f,8.0,id-2,,10.0,,,13,1,1,100.0,,,,The user properly coaches its ally Pokémonboosting their Attack and Defense stats.,Coaching
m_c2e444fe,7.0,id-8,,1.0,,0.0,10,2,1,,,,,"This move can’t be used.It’s recommended that this move is forgotten.Once forgotten, this move can’t be remembered.",Never-Ending Nightmare
m_7d4bd896,2.0,id-1,,20.0,100.0,,11,1,25,,3.0,5.0,19.0,A sweet scent that harshly lowers opposingPokémons evasiveness.,Sweet Scent
m_f6543013,7.0,id-5,,1.0,,0.0,10,3,1,,,,,"This move can’t be used.It’s recommended that this move is forgotten.Once forgotten, this move can’t be remembered.",Tectonic Rage
m_8763f80f,2.0,id-8,,10.0,,0.0,1,1,110,,5.0,31.0,21.0,A move that works differently for the Ghost typethan for all other types.,Curse
m_3e79c4d7,7.0,id-5,,1.0,,0.0,10,2,1,,,,,"This move can’t be used.It’s recommended that this move is forgotten.Once forgotten, this move can’t be remembered.",Tectonic Rage
m_8f8f5060,7.0,id-6,,1.0,,0.0,10,3,1,,,,,"This move can’t be used.It’s recommended that this move is forgotten.Once forgotten, this move can’t be remembered.",Continental Crush
m_e32315ce,5.0,id-10,100.0,5.0,50.0,0.0,10,3,5,100.0,,,,The user attacks by engulfing the target in anintense fire. This leaves the target with a burn.,Inferno
m_e5c33c98,5.0,id-10,100.0,5.0,50.0,0.0,10,3,5,100.0,,,,The user attacks by engulfing the target in anintense fire. This leaves the target with a burn.,Inferno
m_996d94c8,7.0,id-6,,1.0,,0.0,10,2,1,,,,,"This move can’t be used.It’s recommended that this move is forgotten.Once forgotten, this move can’t be remembered.",Continental Crush
m_7bb993df,4.0,id-4,80.0,20.0,100.0,0.0,10,2,3,30.0,4.0,,4.0,"The target is stabbed with a tentacle, arm, or the likesteeped in poison. This may also poison the target.",Poison Jab
m_ee52c63a,4.0,id-17,80.0,15.0,100.0,0.0,10,3,32,20.0,1.0,,17.0,The user releases a horrible aura imbued with darkthoughts. This may also make the target flinch.,Dark Pulse
m_e3992118,3.0,id-3,60.0,20.0,,,10,2,18,,1.0,27.0,17.0,The user confounds the target with speed thenslashes. This attack never misses.,Aerial Ace
m_192a3554,4.0,id-2,70.0,10.0,100.0,0.0,10,2,218,,4.0,,16.0,"This move can’t be used.It’s recommended that this move is forgotten.Once forgotten, this move can’t be remembered.",Wake-Up Slap
m_b1a19033,5.0,id-11,80.0,10.0,100.0,0.0,10,3,325,,,,,"A column of water hits the target. When used withits fire equivalent, its power increases and arainbow appears.",Water Pledge
m_9134976b,5.0,id-10,80.0,10.0,100.0,0.0,10,3,326,,,,,"A column of fire hits the target. When used with itsgrass equivalent, its power increases and a vast seaof fire appears.",Fire Pledge
m_97a5aa90,5.0,id-1,70.0,5.0,100.0,0.0,10,2,320,,,,,"The user gets revenge for a fainted ally. If an allyfainted in the previous turn, this move’s poweris increased.",Retaliate
m_bbeee16c,5.0,id-2,,5.0,100.0,0.0,10,3,321,,,,,The user risks everything to attack its target. Theuser faints but does damage equal to its HP.,Final Gambit
m_13ffac10,5.0,id-1,,15.0,,0.0,10,1,324,,,,,"This move can’t be used.It’s recommended that this move is forgotten.Once forgotten, this move can’t be remembered.",Bestow
m_983afb8a,5.0,id-10,100.0,5.0,50.0,0.0,10,3,5,100.0,,,,The user attacks by engulfing the target in anintense fire. This leaves the target with a burn.,Inferno
m_adb4e49c,5.0,id-10,60.0,15.0,100.0,0.0,11,3,315,,,,,"The user attacks opposing Pokémon with fire.If a Pokémon is holding a certain item, such as aBerry, the item becomes burned up and unusable.",Incinerate
m_31fc2624,5.0,id-17,,15.0,100.0,0.0,10,1,316,,,,,The user suppresses the target and makes its movego last.,Quash
m_866431cc,5.0,id-3,55.0,15.0,100.0,0.0,10,2,318,,,,,"The user nimbly strikes the target. If the user is notholding an item, this attack inflicts massive damage.",Acrobatics
m_5eaf2458,5.0,id-1,,15.0,,0.0,10,1,319,,,,,"The user reflects the target’s type, making the user thesame type as the target.",Reflect Type
m_af006577,2.0,id-17,60.0,20.0,,,10,2,18,,4.0,27.0,18.0,This move cant be used.Its recommended that this move is forgotten.Once forgotten this move cant be remembered.,Feint Attack
m_414a4fe0,8.0,id-17,80.0,10.0,100.0,0.0,10,2,423,,,,,This move prevents the user and the target fromswitching out until either of them faints. The effect goesaway if either of the Pokémon leaves the field.,Jaw Lock
m_c4ce55a5,4.0,id-6,80.0,20.0,100.0,0.0,10,3,1,,2.0,,5.0,The user attacks with a ray of light that sparkles asif it were made of gemstones.,Power Gem
m_d7951f82,4.0,id-6,80.0,20.0,100.0,0.0,10,3,1,,2.0,,5.0,The user attacks with a ray of light that sparkles asif it were made of gemstones.,Power Gem
m_346c27c7,4.0,id-17,,10.0,100.0,0.0,10,2,234,,5.0,,23.0,The user flings its held item at the target to attack.This moves power and effects depend on the item.,Fling
m_b16c7319,7.0,id-6,,1.0,,0.0,10,2,1,,,,,This move cant be used.Its recommended that this move is forgotten.Once forgotten this move cant be remembered.,Continental Crush
m_1544c89c,2.0,id-1,,25.0,,0.0,4,1,125,,2.0,15.0,13.0,The user creates a protective field that preventsstatus conditions for five turns.,Safeguard
m_d63c767f,1.0,id-1,80.0,10.0,100.0,0.0,11,3,40,,1.0,2.0,6.0,This move cant be used.Its recommended that this move is forgotten.Once forgotten this move cant be remembered.,Razor Wind
m_8886224f,2.0,id-1,,,,0.0,4,1,125,,2.0,15.0,13.0,The user creates a protective field that preventsstatus conditions for five turns.,Safeguard
m_09cc8553,1.0,id-10,35.0,15.0,85.0,0.0,10,3,43,100.0,2.0,24.0,21.0,The target becomes trapped within a fierce vortexof fire that rages for four to five turns.,Fire Spin
m_10d7179f,4.0,id-1,,10.0,100.0,0.0,10,3,269,,4.0,,14.0,The user releases countless shots of light at thetarget. This moves type varies depending on thekind of Plate the user is holding.,Judgment
m_9acaa6e9,5.0,id-2,85.0,10.0,100.0,0.0,10,3,283,,,,,The user cuts with its long horn. The odd powercontained in the horn does physical damage tothe target.,Secret Sword
m_ad35339b,8.0,id-15,10.0,10.0,,0.0,2,2,1,,,,,This is an Ice-type attack Dynamax Pokémon use.The user summons a hailstorm lasting five turns.,Max Hailstorm
m_5d1ca685,3.0,id-10002,70.0,,100.0,0.0,6,3,1,,,,,,Shadow Rave
m_27e5576d,2.0,id-1,,10.0,,,10,1,144,,4.0,12.0,11.0,The user hypnotizes itself into copying any statchange made by the target.,Psych Up
m_aa09a94b,5.0,id-14,,10.0,,,10,1,280,,,,,The user employs its psychic power to average itsDefense and Sp. Def stats with those of the target.,Guard Split
m_07fc82bf,5.0,id-14,,10.0,,0.0,10,1,280,,,,,The user employs its psychic power to average itsDefense and Sp. Def stats with those of the target.,Guard Split
m_63cc441a,3.0,id-14,,20.0,100.0,0.0,10,3,32,10.0,1.0,4.0,17.0,The user attacks with an odd unseeable power.This may also make the target flinch.,Extrasensory
m_5e007fdb,6.0,id-14,80.0,20.0,100.0,0.0,10,3,32,10.0,1.0,4.0,17.0,The user attacks with an odd unseeable power.This may also make the target flinch.,Extrasensory
m_f2f42ed4,7.0,id-4,,1.0,,0.0,10,2,1,,,,,This move cant be used.Its recommended that this move is forgotten.Once forgotten this move cant be remembered.,Acid Downpour
m_1a0784e2,5.0,id-16,,15.0,90.0,0.0,10,2,45,,,,,The user attacks its target by hitting it with brutalstrikes. The target is hit twice in a row.,Dual Chop
m_5cfc118c,5.0,id-16,40.0,15.0,90.0,0.0,10,2,45,,,,,The user attacks its target by hitting it with brutalstrikes. The target is hit twice in a row.,Dual Chop
m_4ff7e250,3.0,id-5,55.0,15.0,95.0,0.0,10,3,71,100.0,5.0,5.0,2.0,The user attacks by hurling a blob of mud at thetarget. This also lowers the target’s Speed stat.,Mud Shot
m_8308c342,2.0,id-1,,15.0,100.0,0.0,10,1,121,,3.0,18.0,19.0,"If it is the opposite gender of the user, the targetbecomes infatuated and less likely to attack.",Attract
m_57ce9d2b,3.0,id-1,60.0,25.0,100.0,0.0,10,2,106,,3.0,20.0,12.0,"The user endearingly approaches the target, thensteals the target’s held item.",Covet
m_69acab8c,3.0,id-4,50.0,25.0,100.0,0.0,10,2,210,10.0,4.0,33.0,4.0,The user hits the target with its tail. This may alsopoison the target. Critical hits land more easily.,Poison Tail
m_acca53f6,3.0,id-12,60.0,20.0,,0.0,10,3,18,,2.0,27.0,17.0,The user scatters curious leaves that chase thetarget. This attack never misses.,Magical Leaf
m_210b168c,3.0,id-13,120.0,15.0,100.0,0.0,10,2,263,10.0,1.0,3.0,22.0,The user electrifies itself and charges the target.This also damages the user quite a lot. This attackmay leave the target with paralysis.,Volt Tackle
m_ccff1c32,3.0,id-14,,20.0,,0.0,7,1,212,,4.0,16.0,11.0,The user quietly focuses its mind and calms itsspirit to raise its Sp. Atk and Sp. Def stats.,Calm Mind
m_423e6eef,2.0,id-1,,5.0,,0.0,10,1,107,,2.0,18.0,10.0,"The user pins the target with a dark, arresting look.The target becomes unable to flee.",Mean Look
m_5b278ddb,3.0,id-16,,20.0,,0.0,7,1,213,,1.0,32.0,11.0,"The user vigorously performs a mystic, powerfuldance that raises its Attack and Speed stats.",Dragon Dance
m_0168f222,3.0,id-12,90.0,15.0,100.0,0.0,10,2,44,,1.0,2.0,17.0,The user handles a sharp leaf like a sword andattacks by cutting its target. Critical hits landmore easily.,Leaf Blade
m_8fb4b118,3.0,id-10002,50.0,,100.0,0.0,6,3,1,,,,,,Shadow Wave
m_d16b5581,7.0,id-12,,10.0,100.0,0.0,10,1,388,100.0,,,,The user restores its HP by the same amount as thetarget’s Attack stat. It also lowers the target’sAttack stat.,Strength Sap
m_690e4acc,4.0,id-1,,15.0,100.0,,10,2,223,,1.0,,18.0,This move cant be used.Its recommended that this move is forgotten.Once forgotten this move cant be remembered.,Natural Gift
m_4040ad11,5.0,id-17,,15.0,,0.0,7,1,278,,,,,The user sharpens its claws to boost its Attack statand accuracy.,Hone Claws
m_b6fd3a69,5.0,id-6,,10.0,,3.0,4,1,279,,,,,The user and its allies are protected fromwide-ranging attacks for one turn.,Wide Guard
m_d02ca318,6.0,id-18,,10.0,,0.0,12,1,353,,,,,This protects Pokémon on the ground from statusconditions and halves damage from Dragon-typemoves for five turns.,Misty Terrain
m_b60c6760,6.0,id-12,,10.0,,0.0,12,1,352,,,,,The user turns the ground to grass for five turns.This restores the HP of Pokémon on the ground alittle every turn and powers up Grass-type moves.,Grassy Terrain
m_bbfee442,6.0,id-18,,10.0,,0.0,12,1,355,,,,,"By locking down the battlefield, the user keeps allPokémon from fleeing during the next turn.",Fairy Lock
m_396f2fc8,6.0,id-1,140.0,10.0,100.0,0.0,9,3,379,,,,,"The user attacks everything around it with thedestructive power of a terrible, explosive sound.",Boomburst
m_684f0c9c,6.0,id-18,95.0,15.0,100.0,0.0,10,3,72,30.0,,,,"Borrowing the power of the moon, the user attacksthe target. This may also lower the target’sSp. Atk stat.",Moonblast
m_3b161f03,6.0,id-18,40.0,30.0,100.0,0.0,10,3,1,,,,,The user stirs up a fairy wind and strikes the targetwith it.,Fairy Wind
m_caabd00b,4.0,id-16,100.0,5.0,95.0,0.0,10,3,44,,5.0,,4.0,The user tears the target along with the spacearound it. Critical hits land more easily.,Spacial Rend
m_cc468a3b,4.0,id-14,,10.0,,0.0,7,1,271,,2.0,,8.0,"The user faints. In return, the Pokémon taking itsplace will have its status and HP fully restored.",Lunar Dance
m_c06e3b8e,4.0,id-1,,5.0,100.0,0.0,10,2,238,,5.0,,15.0,"The target is crushed with great force. The more HPthe target has left, the greater this move’s power.",Crush Grip
m_127ac1a7,4.0,id-10,100.0,5.0,75.0,0.0,10,3,43,100.0,5.0,,7.0,The target becomes trapped within a maelstrom offire that rages for four to five turns.,Magma Storm
m_5d12caf6,4.0,id-17,,10.0,50.0,0.0,11,1,2,,4.0,,19.0,Opposing Pokémon are dragged into a world of totaldarkness that makes them sleep.,Dark Void
m_98cea7b3,4.0,id-12,120.0,5.0,85.0,0.0,10,3,272,40.0,1.0,,22.0,The user emits a shock wave from its body to attackits target. This may also harshly lower the target’sSp. Def stat.,Seed Flare
m_3f2fbc36,4.0,id-8,60.0,5.0,100.0,0.0,10,3,141,10.0,4.0,,11.0,"This move can’t be used.It’s recommended that this move is forgotten.Once forgotten, this move can’t be remembered.",Ominous Wind
m_23d7f51f,4.0,id-8,120.0,5.0,100.0,0.0,10,2,273,,4.0,,22.0,"The user disappears, then strikes the target on thenext turn. This move hits even if the targetprotects itself.",Shadow Force
m_1c358581,2.0,id-7,,10.0,,0.0,10,1,107,,4.0,18.0,13.0,"This move can’t be used.It’s recommended that this move is forgotten.Once forgotten, this move can’t be remembered.",Spider Web
m_91a4038a,2.0,id-10,,5.0,,0.0,12,1,138,,2.0,11.0,13.0,"The user intensifies the sun for five turns, poweringup Fire-type moves. It lowers the power ofWater-type moves.",Sunny Day
m_53ad3a60,2.0,id-17,80.0,15.0,100.0,0.0,10,2,70,20.0,5.0,4.0,18.0,The user crunches up the target with sharp fangs.This may also lower the target’s Defense stat.,Crunch
m_7302c07c,2.0,id-14,,20.0,100.0,-5.0,1,3,145,,2.0,16.0,15.0,"A retaliation move that counters any special attack,inflicting double the damage taken.",Mirror Coat
m_55464f1a,2.0,id-1,,10.0,,0.0,10,1,144,,4.0,12.0,11.0,The user hypnotizes itself into copying any statchange made by the target.,Psych Up
m_f14390e0,2.0,id-1,80.0,5.0,100.0,2.0,10,2,104,,1.0,30.0,1.0,The user charges the target at blinding speed.This move always goes first.,Extreme Speed
m_acdf380e,2.0,id-6,60.0,5.0,100.0,0.0,10,3,141,10.0,5.0,32.0,18.0,The user attacks with a prehistoric power.This may also raise all the user’s stats at once.,Ancient Power
m_760cc4f2,2.0,id-8,80.0,15.0,100.0,0.0,10,3,73,20.0,4.0,22.0,17.0,The user hurls a shadowy blob at the target.This may also lower the target’s Sp. Def stat.,Shadow Ball
m_89372b3c,2.0,id-14,120.0,10.0,100.0,0.0,10,3,149,,4.0,24.0,17.0,"Two turns after this move is used, a hunk of psychicenergy attacks the target.",Future Sight
m_9271a206,2.0,id-2,40.0,15.0,100.0,0.0,10,2,70,50.0,5.0,29.0,18.0,The user attacks with a punch. This may also lowerthe target’s Defense stat.,Rock Smash
m_4cce71d2,1.0,id-1,70.0,20.0,100.0,0.0,10,2,44,,1.0,2.0,5.0,The target is attacked with a slash of claws orblades. Critical hits land more easily.,Slash
m_9220316b,1.0,id-1,,10.0,90.0,0.0,10,2,41,,5.0,14.0,5.0,The user chomps hard on the target with its sharpfront fangs. This cuts the target’s HP in half.,Super Fang
m_98135f8e,1.0,id-1,50.0,1.0,,0.0,8,2,255,,1.0,1.0,5.0,This attack is used in desperation only if the userhas no PP. It also damages the user a little.,Struggle
m_b19993e6,1.0,id-1,,10.0,,0.0,7,1,80,,4.0,16.0,23.0,The user creates a substitute for itself using some ofits HP. The substitute serves as the user’s decoy.,Substitute
m_a4c7a169,2.0,id-2,10.0,10.0,90.0,0.0,10,2,105,,1.0,1.0,7.0,A consecutive three-kick attack that becomes morepowerful with each successful hit.,Triple Kick
m_84d666d1,2.0,id-1,,1.0,,0.0,10,1,96,,4.0,19.0,23.0,"It enables the user to permanently learn the movelast used by the target. Once used,Sketch disappears.",Sketch
m_b5135d36,7.0,id-8,80.0,10.0,100.0,0.0,10,2,385,,,,,The user attacks while simultaneously stitching thetarget’s shadow to the ground to prevent the targetfrom escaping.,Spirit Shackle
m_ba0e52ee,3.0,id-17,,20.0,100.0,0.0,10,1,347,100.0,,,,With a parting threat the user lowers the targetsAttack and Sp. Atk stats. Then it switches with aparty Pokémon.,Parting Shot
m_0f9376d5,4.0,id-10,,1.0,,0.0,10,2,1,,,,,This move cant be used.Its recommended that this move is forgotten.Once forgotten this move cant be remembered.,Inferno Overdrive
m_6e75edb9,7.0,id-17,85.0,10.0,100.0,0.0,10,2,304,,,,,The user swings both arms and hits the target.The target’s stat changes don’t affect thisattack’s damage.,Darkest Lariat
m_bfd3767c,3.0,id-13,120.0,15.0,100.0,0.0,10,2,263,10.0,1.0,3.0,22.0,The user electrifies itself and charges the target.This also damages the user quite a lot. This attackmay leave the target with paralysis.,Volt Tackle
m_a39a2da7,2.0,id-1,,25.0,,0.0,4,1,125,,2.0,15.0,13.0,The user creates a protective field that preventsstatus conditions for five turns.,Safeguard
m_e59ffcad,7.0,id-12,,1.0,,0.0,10,2,1,,,,,"This move can’t be used.It’s recommended that this move is forgotten.Once forgotten, this move can’t be remembered.",Bloom Doom
m_b94e256a,7.0,id-12,,1.0,,0.0,10,3,1,,,,,"This move can’t be used.It’s recommended that this move is forgotten.Once forgotten, this move can’t be remembered.",Bloom Doom
m_48835fe9,7.0,id-13,,1.0,,0.0,10,2,1,,,,,"This move can’t be used.It’s recommended that this move is forgotten.Once forgotten, this move can’t be remembered.",Gigavolt Havoc
m_872d27b5,2.0,id-1,,20.0,100.0,0.0,10,2,124,,3.0,13.0,18.0,"This move can’t be used.It’s recommended that this move is forgotten.Once forgotten, this move can’t be remembered.",Frustration
m_faac8211,7.0,id-10,,1.0,,0.0,10,2,1,,,,,"This move can’t be used.It’s recommended that this move is forgotten.Once forgotten, this move can’t be remembered.",Inferno Overdrive
m_c232b8a4,7.0,id-10,,1.0,,0.0,10,3,1,,,,,"This move can’t be used.It’s recommended that this move is forgotten.Once forgotten, this move can’t be remembered.",Inferno Overdrive
m_17386e80,7.0,id-11,,1.0,,0.0,10,2,1,,,,,"This move can’t be used.It’s recommended that this move is forgotten.Once forgotten, this move can’t be remembered.",Hydro Vortex
m_4c3d1206,7.0,id-11,,1.0,,0.0,10,3,1,,,,,"This move can’t be used.It’s recommended that this move is forgotten.Once forgotten, this move can’t be remembered.",Hydro Vortex
m_d2bd7475,1.0,id-15,65.0,20.0,100.0,0.0,10,3,69,10.0,2.0,23.0,17.0,The target is hit with a rainbow-colored beam.This may also lower the targets Attack stat.,Aurora Beam
m_8f1b8790,7.0,id-18,,10.0,,0.0,10,1,387,,,,,The user restores the target’s HP by up to half of itsmax HP. It restores more HP when the terrainis grass.,Floral Healing
m_6ce02b52,7.0,id-17,,1.0,,0.0,10,2,1,,,,,"This move can’t be used.It’s recommended that this move is forgotten.Once forgotten, this move can’t be remembered.",Black Hole Eclipse
m_c36d222b,7.0,id-14,,1.0,,0.0,10,2,1,,,,,"This move can’t be used.It’s recommended that this move is forgotten.Once forgotten, this move can’t be remembered.",Shattered Psyche
m_decfea2f,7.0,id-14,,1.0,,0.0,10,3,1,,,,,"This move can’t be used.It’s recommended that this move is forgotten.Once forgotten, this move can’t be remembered.",Shattered Psyche
m_d13ebc47,3.0,id-12,150.0,,90.0,0.0,10,3,81,,1.0,6.0,22.0,The user slams the target with the roots of anenormous tree. The user cant move on the next turn.,Frenzy Plant
m_01d532e7,7.0,id-5,95.0,10.0,95.0,0.0,10,2,1,,,,,The user fiercely attacks the target using itsentire body.,High Horsepower
m_f9339504,5.0,id-1,,30.0,,0.0,7,1,328,,,,,The user is roused and its Attack and Sp. Atkstats increase.,Work Up
m_1aae8145,8.0,id-11,60.0,20.0,100.0,0.0,10,2,1,,,,,"After making its attack, the user rushes back toswitch places with a party Pokémon in waiting.",Flip Turn
m_f264532c,7.0,id-11,90.0,10.0,100.0,0.0,9,3,386,,,,,"The user bursts into song, emitting many bubbles.Any Pokémon suffering from a burn will be healedby the touch of these bubbles.",Sparkling Aria
m_b62de5c3,8.0,id-14,10.0,10.0,,0.0,2,2,1,,,,,This is a Psychic-type attack Dynamax Pokémon use.The user turns the ground into Psychic Terrain forfive turns.,Max Mindstorm
m_5e9ecc6c,8.0,id-16,10.0,10.0,,0.0,2,2,1,,,,,This is a Dragon-type attack Dynamax Pokémon use.This lowers the target’s Attack stat.,Max Wyrmwind
m_22e871c1,8.0,id-18,10.0,10.0,,0.0,2,2,1,,,,,This is a Fairy-type attack Dynamax Pokémon use.The user turns the ground into Misty Terrain forfive turns.,Max Starfall
m_afc6aa17,8.0,id-3,10.0,10.0,,0.0,2,2,1,,,,,This is a Flying-type attack Dynamax Pokémon use.This raises ally Pokémon’s Speed stats.,Max Airstream
m_d45eab67,8.0,id-11,10.0,10.0,,0.0,2,2,1,,,,,This is a Water-type attack Dynamax Pokémon use.The user summons a heavy rain that falls forfive turns.,Max Geyser
m_b6314537,7.0,id-15,100.0,10.0,90.0,0.0,10,2,219,100.0,,,,"The user swings and hits with its strong, heavy fist.It lowers the user’s Speed, however.",Ice Hammer
m_431511ad,8.0,id-15,10.0,10.0,,0.0,2,2,1,,,,,This is an Ice-type attack Dynamax Pokémon use.The user summons a hailstorm lasting five turns.,Max Hailstorm
m_c4e5c2d3,8.0,id-8,10.0,10.0,,0.0,2,2,1,,,,,This is a Ghost-type attack Dynamax Pokémon use.This lowers the target’s Defense stat.,Max Phantasm
m_02f8a5ae,8.0,id-2,10.0,10.0,,0.0,2,2,1,,,,,This is a Fighting-type attack Dynamax Pokémon use.This raises ally Pokémon’s Attack stats.,Max Knuckle
m_e93edf59,8.0,id-1,10.0,10.0,,0.0,2,2,1,,,,,This is a Normal-type attack Dynamax Pokémon use.This lowers the target’s Speed stat.,Max Strike
m_f9ea19de,3.0,id-10002,,,,0.0,6,1,107,,,,,,Shadow Hold
m_c93378d1,6.0,id-2,100.0,10.0,90.0,0.0,10,2,219,100.0,1.0,,2.0,The user swings and hits with its strong heavy fist.It lowers the users Speed however.,Hammer Arm
m_799e8087,7.0,id-13,60.0,20.0,100.0,0.0,10,3,1,100.0,,,,This move cant be used.Its recommended that this move is forgotten.Once forgotten this move cant be remembered.,Buzzy Buzz
m_68512e1d,4.0,id-9,80.0,,100.0,0.0,10,2,32,30.0,5.0,,18.0,The user slams the target with its steel-hard head.This may also make the target flinch.,Iron Head
m_51eeadd1,8.0,id-7,10.0,10.0,,0.0,2,2,1,,,,,This is a Bug-type attack Dynamax Pokémon use.This lowers the target’s Sp. Atk stat.,Max Flutterby
m_5607a250,8.0,id-5,10.0,10.0,,0.0,2,2,1,,,,,This is a Ground-type attack Dynamax Pokémon use.This raises ally Pokémon’s Sp. Def stats.,Max Quake
m_d7c09c92,1.0,id-1,,20.0,,0.0,10,1,24,,4.0,22.0,10.0,The user releases an obscuring cloud of smoke orink. This lowers the targets accuracy.,Smokescreen
m_b9ecfbe6,4.0,id-9,80.0,15.0,100.0,0.0,10,2,32,30.0,5.0,,18.0,The user slams the target with its steel-hard head.This may also make the target flinch.,Iron Head
m_753f6589,1.0,id-1,120.0,15.0,100.0,0.0,10,2,199,,5.0,3.0,9.0,"A reckless, life-risking tackle in which the user rushesthe target. This also damages the user quite a lot.",Double-Edge
m_0722e7fc,1.0,id-1,,30.0,100.0,0.0,11,1,20,,3.0,28.0,19.0,"The user wags its tail cutely, making opposingPokémon less wary and lowering their Defense stats.",Tail Whip
m_88d671d7,7.0,id-15,,1.0,,0.0,10,2,1,,,,,This move cant be used.Its recommended that this move is forgotten.Once forgotten this move cant be remembered.,Subzero Slammer
m_a2098a6b,3.0,id-10002,75.0,,100.0,0.0,10,3,5,10.0,,,,,Shadow Fire
m_e204bc7f,1.0,id-1,85.0,15.0,100.0,0.0,10,2,7,30.0,5.0,4.0,5.0,The user drops onto the target with its full bodyweight. This may also leave the target with paralysis.,Body Slam
m_361d0549,1.0,id-1,15.0,20.0,90.0,0.0,10,2,43,100.0,5.0,24.0,21.0,"A long body, vines, or the like are used to wrap andsqueeze the target for four to five turns.",Wrap
m_926411a3,1.0,id-1,90.0,20.0,85.0,0.0,10,2,49,,5.0,3.0,5.0,"A reckless, full-body charge attack for slamming intothe target. This also damages the user a little.",Take Down
m_333d582c,1.0,id-1,120.0,10.0,100.0,0.0,8,2,28,,5.0,6.0,7.0,The user rampages and attacks for two to threeturns. The user then becomes confused.,Thrash
m_53664961,1.0,id-1,65.0,25.0,100.0,0.0,10,2,1,,1.0,1.0,5.0,The target is jabbed with a sharply pointed horn toinflict damage.,Horn Attack
m_f16b5355,1.0,id-1,15.0,20.0,85.0,0.0,10,2,30,,1.0,10.0,7.0,The target is jabbed repeatedly with a horn or beaktwo to five times in a row.,Fury Attack
m_e09a7a45,1.0,id-1,,5.0,30.0,0.0,10,2,39,,1.0,14.0,9.0,The user stabs the target with a horn that rotateslike a drill. The target faints instantly if thisattack hits.,Horn Drill
m_a8c09667,1.0,id-1,40.0,35.0,100.0,0.0,10,2,1,,5.0,1.0,5.0,A physical attack in which the user charges andslams into the target with its whole body.,Tackle
m_56fe061a,1.0,id-10,90.0,15.0,100.0,0.0,10,3,5,10.0,2.0,1.0,17.0,The target is scorched with an intense blast of fire.This may also leave the target with a burn.,Flamethrower
m_051deb46,7.0,id-2,,1.0,,0.0,10,2,1,,,,,"This move can’t be used.It’s recommended that this move is forgotten.Once forgotten, this move can’t be remembered.",All-Out Pummeling
m_bf54f6eb,5.0,id-2,85.0,10.0,100.0,0.0,10,3,283,,,,,The user cuts with its long horn. The odd powercontained in the horn does physical damage tothe target.,Secret Sword
m_871eb744,1.0,id-6,75.0,10.0,90.0,0.0,11,2,32,30.0,5.0,5.0,5.0,Large boulders are hurled at opposing Pokémon toinflict damage. This may also make the opposingPokémon flinch.,Rock Slide
m_da81784f,1.0,id-1,,30.0,100.0,0.0,11,1,20,,3.0,28.0,19.0,The user wags its tail cutely making opposingPokémon less wary and lowering their Defense stats.,Tail Whip
m_6b8eba71,5.0,id-16,40.0,15.0,90.0,0.0,10,2,45,,,,,The user attacks its target by hitting it with brutalstrikes. The target is hit twice in a row.,Dual Chop
m_ea44a696,2.0,id-3,100.0,5.0,95.0,0.0,10,3,44,,1.0,2.0,22.0,A vortex of air is shot at the target to inflict damage.Critical hits land more easily.,Aeroblast
m_c7f13a13,7.0,id-14,200.0,1.0,,0.0,10,3,416,,,,,"This move can’t be used.It’s recommended that this move is forgotten.Once forgotten, this move can’t be remembered.",Light That Burns the Sky
m_74a9c328,3.0,id-11,60.0,20.0,,0.0,10,3,77,20.0,2.0,21.0,17.0,The user attacks the target with a pulsing blast ofwater. This may also confuse the target.,Water Pulse
m_d0e14285,,id-11,60.0,20.0,100.0,0.0,10,3,77,20.0,2.0,21.0,17.0,The user attacks the target with a pulsing blast ofwater. This may also confuse the target.,Water Pulse
m_5e694721,7.0,id-10,150.0,5.0,100.0,-3.0,11,3,408,,,,,The user sets a shell trap. If the user is hit by aphysical move the trap will explode and inflictdamage on opposing Pokémon.,Shell Trap
m_8e785f69,7.0,id-14,100.0,5.0,100.0,0.0,10,3,1,,,,,The user attacks a target with a pillar of light. Thismove inflicts Attack or Sp. Atk damage—whicheverstat is higher for the user.,Photon Geyser
m_10b9e97d,1.0,id-1,80.0,15.0,90.0,0.0,10,2,32,10.0,1.0,4.0,18.0,The user bites hard on the target with its sharpfront fangs. This may also make the target flinch.,Hyper Fang
m_6bd654e6,1.0,id-1,80.0,15.0,90.0,0.0,10,2,32,10.0,1.0,4.0,18.0,The user bites hard on the target with its sharpfront fangs. This may also make the target flinch.,Hyper Fang
m_7e6cf63a,3.0,id-9,,15.0,,0.0,7,1,285,,,,,The user sheds part of its body to make itself lighterand sharply raise its Speed stat.,Autotomize
m_925910e1,5.0,id-9,,15.0,,,7,1,285,,,,,The user sheds part of its body to make itself lighterand sharply raise its Speed stat.,Autotomize
m_b457e59a,1.0,id-1,,15.0,,0.0,7,1,17,,1.0,16.0,1.0,By moving rapidly the user makes illusory copies ofitself to raise its evasiveness.,Double Team
m_63d57a5f,7.0,id-8,90.0,10.0,100.0,,10,2,410,,,,,The user hides in the targets shadow stealsthe targets stat boosts and then attacks.,Spectral Thief
m_0eb6d262,7.0,id-8,90.0,10.0,100.0,0.0,10,2,410,,,,,The user hides in the targets shadow stealsthe targets stat boosts and then attacks.,Spectral Thief
m_b5637ebe,1.0,id-15,,5.0,70.0,0.0,11,3,261,10.0,2.0,1.0,17.0,A howling blizzard is summoned to strike opposingPokémon. This may also leave the opposingPokémon frozen.,Blizzard
m_e7c362b6,2.0,id-5,,10.0,100.0,0.0,10,3,74,100.0,3.0,10.0,5.0,The user hurls mud in the targets face to inflictdamage and lower its accuracy.,Mud-Slap
m_4b366630,2.0,id-5,20.0,10.0,,0.0,10,3,74,100.0,3.0,10.0,5.0,The user hurls mud in the targets face to inflictdamage and lower its accuracy.,Mud-Slap
m_8fdb53a6,4.0,id-12,120.0,15.0,100.0,0.0,10,2,199,,5.0,,18.0,The user slams its rugged body into the target toattack. This also damages the user quite a lot.,Wood Hammer
m_48d54602,4.0,id-11,,,,0.0,7,1,252,,2.0,,8.0,The user envelops itself in a veil made of water.It regains some HP every turn.,Aqua Ring
m_06e61c5f,4.0,id-8,60.0,5.0,,0.0,10,3,141,10.0,4.0,,11.0,This move cant be used.Its recommended that this move is forgotten.Once forgotten this move cant be remembered.,Ominous Wind
m_3d26006b,4.0,id-12,120.0,15.0,100.0,0.0,10,2,199,,5.0,,18.0,The user slams its rugged body into the target toattack. This also damages the user quite a lot.,Wood Hammer
m_180fff2c,7.0,id-12,125.0,10.0,100.0,0.0,10,2,152,,,,,In this two-turn attack the user gathers light and fills ablade with the lights energy attacking the target on thenext turn.,Solar Blade
m_1cd1c4eb,8.0,id-4,10.0,10.0,,0.0,2,2,1,,,,,This is a Poison-type attack Dynamax Pokémon use.This raises ally Pokémon’s Sp. Atk stats.,Max Ooze
m_8fbb1a0b,1.0,id-1,,20.0,,0.0,7,1,317,,2.0,32.0,11.0,The users body grows all at once raising theAttack and Sp. Atk stats.,Growth
m_664a4a97,3.0,id-10,95.0,10.0,90.0,0.0,11,3,5,10.0,2.0,1.0,17.0,The user attacks by exhaling hot breath on opposingPokémon. This may also leave those Pokémon witha burn.,Heat Wave
m_ea0efb0c,3.0,id-10,95.0,10.0,90.0,0.0,11,3,5,10.0,2.0,1.0,17.0,The user attacks by exhaling hot breath on opposingPokémon. This may also leave those Pokémon witha burn.,Heat Wave
m_47d46115,3.0,id-3,,15.0,100.0,0.0,10,1,59,,2.0,28.0,19.0,The user covers the targets body with a mass ofdown that harshly lowers its Attack stat.,Feather Dance
m_8f9beedb,1.0,id-1,,20.0,,0.0,7,1,317,,2.0,32.0,11.0,The users body grows all at once raising theAttack and Sp. Atk stats.,Growth
m_85300566,7.0,id-9,60.0,5.0,100.0,0.0,10,2,45,30.0,,,,The user rotates centering the hex nut in its chestand then strikes with its arms twice in a row. This mayalso make the target flinch.,Double Iron Bash
m_f67cbf73,8.0,id-6,,15.0,100.0,0.0,10,1,426,100.0,,,,"The user pours sticky tar over the target, lowering thetarget’s Speed stat. The target becomes weaker toFire-type moves.",Tar Shot
m_0f1861de,8.0,id-11,25.0,5.0,100.0,0.0,10,2,1,,,,,"The user, having mastered the Water style, strikes thetarget with a flowing motion three times in a row. Thisattack always results in a critical hit.",Surging Strikes
m_801ae489,7.0,id-8,200.0,1.0,,0.0,10,3,411,,,,,This move cant be used.Its recommended that this move is forgotten.Once forgotten this move cant be remembered.,Menacing Moonraze Maelstrom
m_1659b9f8,1.0,id-1,,40.0,100.0,,11,1,19,,3.0,28.0,19.0,The user growls in an endearing way makingopposing Pokémon less wary. This lowers theirAttack stats.,Growl
m_19f5f6ac,6.0,id-5,,10.0,,0.0,14,1,340,100.0,,,,This move cant be used.Its recommended that this move is forgotten.Once forgotten this move cant be remembered.,Rototiller
m_35449e3f,7.0,id-13,80.0,10.0,100.0,2.0,10,2,1,100.0,,,,"This move can’t be used.It’s recommended that this move is forgotten.Once forgotten, this move can’t be remembered.",Zippy Zap
m_04cc76b9,7.0,id-8,80.0,,100.0,0.0,10,2,385,,,,,The user attacks while simultaneously stitching thetargets shadow to the ground to prevent the targetfrom escaping.,Spirit Shackle
m_a70850ed,7.0,id-14,,10.0,,0.0,10,1,399,,,,,The user exchanges Speed stats with the target.,Speed Swap
m_153a41fb,3.0,id-1,,40.0,,0.0,13,1,11,,1.0,32.0,11.0,The user howls loudly to raise the spirit of itself andallies. This raises their Attack stats.,Howl
m_a62965c0,7.0,id-18,,1.0,,0.0,10,3,1,,,,,This move cant be used.Its recommended that this move is forgotten.Once forgotten this move cant be remembered.,Twinkle Tackle
m_b61c70c2,7.0,id-18,,1.0,,0.0,10,3,1,,,,,This move cant be used.Its recommended that this move is forgotten.Once forgotten this move cant be remembered.,Twinkle Tackle
m_cabf4dd4,5.0,id-14,60.0,25.0,100.0,0.0,10,2,32,30.0,,,,This move cant be used.Its recommended that this move is forgotten.Once forgotten this move cant be remembered.,Heart Stamp
m_859a26c6,5.0,id-14,60.0,25.0,100.0,,10,2,32,30.0,,,,This move cant be used.Its recommended that this move is forgotten.Once forgotten this move cant be remembered.,Heart Stamp
m_d2b9d032,7.0,id-1,,30.0,,0.0,7,1,391,,,,,The user concentrates intensely. The attack on thenext turn always results in a critical hit.,Laser Focus
m_3f11b68a,3.0,id-14,140.0,5.0,90.0,0.0,10,3,205,100.0,4.0,3.0,22.0,This move cant be used.Its recommended that this move is forgotten.Once forgotten this move cant be remembered.,Psycho Boost
m_5ad2bfcf,1.0,id-7,,40.0,95.0,0.0,11,1,61,,4.0,9.0,19.0,Opposing Pokémon are bound with silk blown fromthe users mouth that harshly lowers the Speed stat.,String Shot
m_bcae46ae,5.0,id-3,110.0,10.0,70.0,0.0,10,3,334,30.0,,,,The user attacks by wrapping its opponent in afierce wind that flies up into the sky. This may alsoconfuse the target.,Hurricane
m_5a202e58,3.0,id-1,,40.0,,0.0,13,1,11,,1.0,32.0,11.0,The user howls loudly to raise the spirit of itself andallies. This raises their Attack stats.,Howl
m_d3f4a2cc,1.0,id-1,80.0,10.0,100.0,0.0,11,3,40,,1.0,2.0,6.0,This move cant be used.Its recommended that this move is forgotten.Once forgotten this move cant be remembered.,Razor Wind
m_2e13999a,5.0,id-1,75.0,10.0,100.0,0.0,11,3,330,10.0,,,,The user sings an ancient song and attacks byappealing to the hearts of the listening opposingPokémon. This may also induce sleep.,Relic Song
m_afe42be8,5.0,id-1,120.0,5.0,100.0,0.0,10,3,269,,,,,The user fires a beam of light at its target. Themove’s type changes depending on the Drive theuser holds.,Techno Blast
m_e454667e,5.0,id-10,100.0,5.0,100.0,0.0,9,3,5,30.0,,,,The user torches everything around it in an infernoof scarlet flames. This may also leave those it hitswith a burn.,Searing Shot
m_59125c51,5.0,id-9,50.0,15.0,85.0,0.0,10,2,45,,,,,The user attacks by throwing steel gears at itstarget twice.,Gear Grind
m_8e06e3e3,4.0,id-14,80.0,15.0,90.0,0.0,10,2,32,20.0,2.0,,18.0,The user focuses its willpower to its head andattacks the target. This may also make thetarget flinch.,Zen Headbutt
m_c41933fc,4.0,id-9,65.0,10.0,85.0,0.0,10,3,74,30.0,3.0,,17.0,"This move can’t be used.It’s recommended that this move is forgotten.Once forgotten, this move can’t be remembered.",Mirror Shot
m_45b5de5c,5.0,id-1,25.0,10.0,85.0,0.0,10,2,30,,,,,The user attacks by striking the target with its hardtail. It hits the target two to five times in a row.,Tail Slap
m_18a3a59b,5.0,id-14,100.0,10.0,100.0,0.0,10,3,283,,,,,The user materializes an odd psychic wave to attackthe target. This attack does physical damage.,Psystrike
m_1b0931a0,4.0,id-10,65.0,15.0,95.0,0.0,10,2,274,10.0,2.0,,5.0,The user bites with flame-cloaked fangs. This mayalso make the target flinch or leave it with a burn.,Fire Fang
m_dd5c23e3,4.0,id-8,40.0,30.0,100.0,1.0,10,2,104,,4.0,,1.0,The user extends its shadow and attacks the targetfrom behind. This move always goes first.,Shadow Sneak
m_63074821,4.0,id-5,65.0,10.0,85.0,0.0,10,3,74,30.0,4.0,,18.0,"This move can’t be used.It’s recommended that this move is forgotten.Once forgotten, this move can’t be remembered.",Mud Bomb
m_3ea832fd,4.0,id-14,70.0,20.0,100.0,0.0,10,2,44,,1.0,,17.0,The user tears at the target with blades formed bypsychic power. Critical hits land more easily.,Psycho Cut
m_ed1b8914,4.0,id-15,40.0,30.0,100.0,1.0,10,2,104,,2.0,,1.0,The user flash-freezes chunks of ice and hurls themat the target. This move always goes first.,Ice Shard
m_31f48176,4.0,id-8,70.0,15.0,100.0,0.0,10,2,44,,3.0,,17.0,The user slashes with a sharp claw made fromshadows. Critical hits land more easily.,Shadow Claw
m_d25b95e5,4.0,id-13,65.0,15.0,95.0,0.0,10,2,276,10.0,4.0,,5.0,The user bites with electrified fangs. This may alsomake the target flinch or leave it with paralysis.,Thunder Fang
m_33a27727,4.0,id-15,65.0,15.0,95.0,0.0,10,2,275,10.0,1.0,,5.0,The user bites with cold-infused fangs. This mayalso make the target flinch or leave it frozen.,Ice Fang
m_11564d32,6.0,id-13,65.0,,100.0,0.0,9,3,346,,,,,The user attacks everything around it. The users HPis restored by half the damage taken by those hit.,Parabolic Charge
m_430b044b,4.0,id-7,60.0,20.0,,0.0,10,2,225,,5.0,,12.0,The user bites the target. If the target is holding aBerry the user eats it and gains its effect.,Bug Bite
m_280bf34c,1.0,id-7,80.0,10.0,100.0,,10,2,4,,4.0,9.0,20.0,The user drains the targets blood. The users HP isrestored by half the damage taken by the target.,Leech Life
m_5d4163b3,3.0,id-10002,,,90.0,0.0,6,1,50,,,,,,Shadow Panic
m_63231b87,3.0,id-10002,,,,0.0,12,1,10005,,,,,,Shadow Shed
m_2080159e,3.0,id-10002,,,,0.0,6,1,107,,,,,,Shadow Hold
m_22c90c43,3.0,id-10002,,,100.0,0.0,6,1,10004,,,,,,Shadow Mist
m_59672c2b,3.0,id-10002,,,100.0,0.0,6,1,60,,,,,,Shadow Down
m_89253ee1,3.0,id-10002,,,100.0,0.0,12,3,10003,,,,,,Shadow Half
m_43b83fe0,3.0,id-10002,95.0,,100.0,0.0,6,3,1,,,,,,Shadow Storm
m_1d81f08a,3.0,id-3,85.0,5.0,85.0,0.0,10,2,264,30.0,3.0,15.0,6.0,"The user bounces up high, then drops on the targeton the second turn. This may also leave the targetwith paralysis.",Bounce
m_592ee793,1.0,id-1,200.0,5.0,100.0,0.0,9,2,8,,2.0,7.0,9.0,The user attacks everything around it by causing anexplosion. The user faints upon using this move.,Self-Destruct
m_a52ce8d4,5.0,id-1,,,,0.0,7,1,328,,,,,The user is roused and its Attack and Sp. Atkstats increase.,Work Up
m_9a314631,3.0,id-1,40.0,10.0,100.0,3.0,10,2,159,100.0,3.0,23.0,17.0,This attack hits first and makes the target flinch.It only works the first turn each time the userenters battle.,Fake Out
m_ab961bd2,3.0,id-10002,,,,0.0,12,1,10006,,,,,,Shadow Sky
m_b7ec158a,8.0,id-5,70.0,10.0,100.0,0.0,10,3,1,30.0,,,,The user throws scorching sand at the target to attack.This may also leave the target with a burn.,Scorching Sands
m_f40e4ea3,1.0,id-8,,30.0,100.0,0.0,10,2,7,30.0,5.0,4.0,16.0,The target is licked with a long tongue causingdamage. This may also leave the targetwith paralysis.,Lick
m_4e0b5653,1.0,id-8,30.0,30.0,100.0,0.0,10,2,7,30.0,5.0,4.0,16.0,The target is licked with a long tongue causingdamage. This may also leave the targetwith paralysis.,Lick
m_4913d1ed,6.0,id-7,,20.0,,0.0,6,1,341,,,,,The user weaves a sticky net around the opposingteam which lowers their Speed stats upon switchinginto battle.,Sticky Web
m_ad7f967b,1.0,id-1,,30.0,,0.0,11,1,20,,3.0,28.0,19.0,The user wags its tail cutely making opposingPokémon less wary and lowering their Defense stats.,Tail Whip
m_f172d8cf,1.0,id-4,,35.0,75.0,,10,1,67,,4.0,33.0,19.0,The user scatters a cloud of poisonous dust thatpoisons the target.,Poison Powder
m_bb7f4958,1.0,id-4,,,75.0,0.0,10,1,67,,4.0,33.0,19.0,The user scatters a cloud of poisonous dust thatpoisons the target.,Poison Powder
m_51bbe3eb,4.0,id-1,,,,0.0,7,1,243,,1.0,,12.0,The user mimics the move used immediately beforeit. The move fails if no other move has beenused yet.,Copycat
m_edd06c42,4.0,id-7,90.0,10.0,,0.0,10,3,73,10.0,3.0,,4.0,The user generates a damaging sound wave byvibration. This may also lower the targetsSp. Def stat.,Bug Buzz
m_3fd4b2be,1.0,id-6,75.0,10.0,,0.0,11,2,32,30.0,5.0,5.0,5.0,Large boulders are hurled at opposing Pokémon toinflict damage. This may also make the opposingPokémon flinch.,Rock Slide
m_f30fe624,7.0,id-12,70.0,15.0,100.0,0.0,10,2,396,100.0,,,,The user lands an intense kick of tropical origins onthe target. This also lowers the target’s Attack stat.,Trop Kick
m_4c10b3f5,7.0,id-14,,15.0,,0.0,10,1,403,,,,,The user instructs the target to use the target’s lastmove again.,Instruct
m_37c4c15f,7.0,id-13,100.0,15.0,100.0,0.0,10,2,1,,,,,The user attacks with electrically charged fists.This move changes Normal-type moves toElectric-type moves.,Plasma Fists
m_7b2e2d12,7.0,id-10,150.0,5.0,100.0,0.0,9,3,420,,,,,The user attacks everything around it by causing itsown head to explode. This also damages the user.,Mind Blown
m_e3541b27,7.0,id-6,190.0,1.0,,0.0,10,2,418,,,,,"This move can’t be used.It’s recommended that this move is forgotten.Once forgotten, this move can’t be remembered.",Splintered Stormshards
m_1df3ef2a,7.0,id-18,190.0,1.0,,0.0,10,2,417,,,,,"This move can’t be used.It’s recommended that this move is forgotten.Once forgotten, this move can’t be remembered.",Let’s Snuggle Forever
m_7d80157f,7.0,id-8,200.0,1.0,,0.0,10,3,411,,,,,"This move can’t be used.It’s recommended that this move is forgotten.Once forgotten, this move can’t be remembered.",Menacing Moonraze Maelstrom
m_9834eb0c,7.0,id-9,200.0,1.0,,0.0,10,2,411,,,,,"This move can’t be used.It’s recommended that this move is forgotten.Once forgotten, this move can’t be remembered.",Searing Sunraze Smash
m_06be7fca,7.0,id-10,80.0,15.0,100.0,0.0,10,2,397,100.0,,,,The user strikes the target with a burning lash. Thisalso lowers the target’s Defense stat.,Fire Lash
m_bbaca866,7.0,id-17,20.0,10.0,100.0,0.0,10,2,306,,,,,"The user boasts its strength and attacks the target.The more the user’s stats are raised, the greater themove’s power.",Power Trip
m_0667d5e1,7.0,id-10,130.0,5.0,100.0,0.0,10,3,398,,,,,"To inflict massive damage, the user burns itself out.After using this move, the user will no longer beFire type.",Burn Up
m_392aa60a,3.0,id-11,,15.0,,0.0,12,1,211,,3.0,1.0,13.0,"This move can’t be used.It’s recommended that this move is forgotten.Once forgotten, this move can’t be remembered.",Water Sport
m_a260f16c,7.0,id-9,70.0,10.0,,0.0,10,2,18,,,,,The user stabs the target with a sharp horn. Thisattack never misses.,Smart Strike
m_65bf0d14,7.0,id-4,,20.0,,0.0,10,1,400,,,,,"The user heals the target’s status condition. If themove succeeds, it also restores the user’s own HP.",Purify
m_bc2e71f5,7.0,id-1,90.0,15.0,100.0,0.0,10,3,401,,,,,The user attacks the target by dancing very hard.The user’s type determines the type of this move.,Revelation Dance
m_42d7d619,7.0,id-16,100.0,10.0,100.0,0.0,11,3,402,,,,,"If the Pokémon the user has inflicted damage onhave already used their moves, this move eliminatesthe effect of the target’s Ability.",Core Enforcer
m_85423a66,3.0,id-12,150.0,5.0,90.0,0.0,10,3,81,,1.0,6.0,22.0,The user slams the target with the roots of anenormous tree. The user can’t move on the next turn.,Frenzy Plant
m_5ec40efd,3.0,id-2,,20.0,,0.0,7,1,209,,2.0,32.0,11.0,"The user tenses its muscles to bulk up its body,raising both its Attack and Defense stats.",Bulk Up
m_bbf5ef3a,1.0,id-3,80.0,20.0,,0.0,10,2,1,,1.0,1.0,5.0,A corkscrewing attack that strikes the target with asharp beak acting as a drill.,Drill Peck
m_c7e2937f,1.0,id-3,80.0,20.0,100.0,0.0,10,2,1,,1.0,1.0,5.0,A corkscrewing attack that strikes the target with asharp beak acting as a drill.,Drill Peck
m_e5587c08,3.0,id-11,90.0,10.0,85.0,0.0,11,3,74,30.0,5.0,10.0,18.0,The user attacks by shooting muddy water at opposingPokémon. This may also lower their accuracy.,Muddy Water
m_1e75c3e8,3.0,id-12,25.0,30.0,100.0,0.0,10,2,30,,1.0,14.0,7.0,The user forcefully shoots seeds at the target twoto five times in a row.,Bullet Seed
m_51fb1354,3.0,id-3,60.0,20.0,,0.0,10,2,18,,1.0,27.0,17.0,"The user confounds the target with speed, thenslashes. This attack never misses.",Aerial Ace
m_70dec3c5,3.0,id-15,25.0,30.0,100.0,0.0,10,2,30,,2.0,23.0,7.0,The user launches sharp icicles at the target two tofive times in a row.,Icicle Spear
m_a2e8d77e,3.0,id-9,,15.0,,0.0,7,1,52,,5.0,15.0,13.0,"The user hardens its body’s surface like iron,sharply raising its Defense stat.",Iron Defense
m_19d5b36d,3.0,id-1,,5.0,,0.0,10,1,107,,3.0,18.0,13.0,The user blocks the target’s way with arms spreadwide to prevent escape.,Block
m_090e61ca,3.0,id-1,,40.0,,0.0,13,1,11,,1.0,32.0,11.0,The user howls loudly to raise the spirit of itself andallies. This raises their Attack stats.,Howl
m_9b409844,3.0,id-16,80.0,15.0,100.0,0.0,10,2,1,,1.0,23.0,17.0,The user slashes the target with huge sharp claws.,Dragon Claw
