pokemon,ability,is_hidden,slot
p_0a79f8ae,a_4b647701,0,1
p_0a79f8ae,a_56747035,1,3
p_e034cfd0,a_4b647701,0,1
p_e034cfd0,a_56747035,1,3
p_69a67bc8,a_4b647701,0,1
p_69a67bc8,a_56747035,1,3
p_dfeffeb3,a_34112778,0,1
p_dfeffeb3,a_a628d4fe,1,3
p_e36789c2,a_34112778,0,1
p_e36789c2,a_a628d4fe,1,3
p_1d9bb027,a_34112778,0,1
p_1d9bb027,a_a628d4fe,1,3
p_2c07b63c,a_b319852b,0,1
p_2c07b63c,a_64216c1d,1,3
p_58e9a2ae,a_b319852b,0,1
p_58e9a2ae,a_64216c1d,1,3
p_ec0d740a,a_b319852b,0,1
p_ec0d740a,a_64216c1d,1,3
p_003c41d5,a_fb761663,0,1
p_003c41d5,a_7fb884bb,1,3
p_34fa6cc5,a_72847a9c,0,1
p_d08069e0,a_b5a89028,0,1
p_d08069e0,a_24b89273,1,3
p_b91b256d,a_fb761663,0,1
p_b91b256d,a_7fb884bb,1,3
p_620911cb,a_72847a9c,0,1
p_07a26da8,a_1ea344d1,0,1
p_07a26da8,a_07082d17,1,3
p_969c71b4,a_bb58525f,0,1
p_969c71b4,a_5b424c56,0,2
p_969c71b4,a_b5a1613d,1,3
p_0cea8f24,a_bb58525f,0,1
p_0cea8f24,a_5b424c56,0,2
p_0cea8f24,a_b5a1613d,1,3
p_4096046a,a_bb58525f,0,1
p_4096046a,a_5b424c56,0,2
p_4096046a,a_b5a1613d,1,3
p_71fd0f13,a_7fb884bb,0,1
p_71fd0f13,a_7c125a84,0,2
p_71fd0f13,a_c62d688b,1,3
p_06480ee0,a_7fb884bb,0,1
p_06480ee0,a_7c125a84,0,2
p_06480ee0,a_c62d688b,1,3
p_4eed6011,a_bb58525f,0,1
p_4eed6011,a_07082d17,1,3
p_6edba5b2,a_bb58525f,0,1
p_6edba5b2,a_07082d17,1,3
p_f2da4b86,a_a56d16b3,0,1
p_f2da4b86,a_72847a9c,0,2
p_f2da4b86,a_4d998458,1,3
p_1db522c6,a_a56d16b3,0,1
p_1db522c6,a_72847a9c,0,2
p_1db522c6,a_4d998458,1,3
p_85eb5c4e,a_d6055983,0,1
p_85eb5c4e,a_d25ef48e,1,3
p_973d85a8,a_d6055983,0,1
p_973d85a8,a_d25ef48e,1,3
p_f0fe5ea9,a_731adbf7,0,1
p_f0fe5ea9,a_c71c1882,1,3
p_f2462e65,a_731adbf7,0,1
p_f2462e65,a_c71c1882,1,3
p_0d08a997,a_e00dbd35,0,1
p_0d08a997,a_93029957,0,2
p_0d08a997,a_c62d688b,1,3
p_65365a2f,a_e00dbd35,0,1
p_65365a2f,a_93029957,0,2
p_65365a2f,a_c62d688b,1,3
p_0408be73,a_e00dbd35,0,1
p_0408be73,a_93029957,0,2
p_0408be73,a_65d9ec6e,1,3
p_95f110c6,a_e00dbd35,0,1
p_95f110c6,a_93029957,0,2
p_95f110c6,a_c62d688b,1,3
p_79cde0d9,a_e00dbd35,0,1
p_79cde0d9,a_93029957,0,2
p_79cde0d9,a_c62d688b,1,3
p_280e640d,a_e00dbd35,0,1
p_280e640d,a_93029957,0,2
p_280e640d,a_65d9ec6e,1,3
p_a3ac8d64,a_b490189c,0,1
p_a3ac8d64,a_71d496fb,0,2
p_a3ac8d64,a_a7b3047d,1,3
p_c75480a7,a_b490189c,0,1
p_c75480a7,a_71d496fb,0,2
p_c75480a7,a_6a360997,1,3
p_1e45fe12,a_e4d1c84b,0,1
p_1e45fe12,a_8bd68dfb,1,3
p_29cd2c8f,a_e4d1c84b,0,1
p_29cd2c8f,a_8bd68dfb,1,3
p_8881251b,a_b490189c,0,1
p_8881251b,a_53a406ed,0,2
p_8881251b,a_a7b3047d,1,3
p_07312a32,a_b490189c,0,1
p_07312a32,a_53a406ed,0,2
p_07312a32,a_03a5ab58,1,3
p_d209396b,a_07dadac8,0,1
p_d209396b,a_d37ac899,1,3
p_701f6637,a_07dadac8,0,1
p_701f6637,a_d37ac899,1,3
p_8c93b6c5,a_56747035,0,1
p_8c93b6c5,a_7fb884bb,1,3
p_ca5eaeb9,a_56747035,0,1
p_ca5eaeb9,a_e6b409d0,1,3
p_ce8792ef,a_56747035,0,1
p_ce8792ef,a_b67d65c2,1,3
p_c6384c0e,a_b67d65c2,0,1
p_c6384c0e,a_36617626,0,2
p_c6384c0e,a_b06fa828,1,3
p_def41a20,a_b67d65c2,0,1
p_def41a20,a_36617626,0,2
p_def41a20,a_b06fa828,1,3
p_b8f28103,a_b5a89028,0,1
p_b8f28103,a_24b89273,0,2
p_b8f28103,a_7fb884bb,1,3
p_60ef50b4,a_fb761663,0,1
p_60ef50b4,a_24b89273,0,2
p_60ef50b4,a_efab29c1,1,3
p_0a753ba5,a_731adbf7,0,1
p_0a753ba5,a_fa459c39,0,2
p_0a753ba5,a_3c9859b5,1,3
p_2594b9b4,a_731adbf7,0,1
p_2594b9b4,a_fa459c39,0,2
p_2594b9b4,a_3c9859b5,1,3
p_b854cc2e,a_1c609243,0,1
p_b854cc2e,a_af9da1de,0,2
p_b854cc2e,a_4d998458,1,3
p_9641d857,a_3e6ac5f2,0,1
p_9641d857,a_af9da1de,0,2
p_9641d857,a_4d998458,1,3
p_6f795e76,a_b06fa828,0,1
p_6f795e76,a_45e057f0,0,2
p_6f795e76,a_229f5c57,1,3
p_ef35d918,a_b06fa828,0,1
p_ef35d918,a_45e057f0,0,2
p_ef35d918,a_229f5c57,1,3
p_058dd15a,a_b96e46b2,0,1
p_058dd15a,a_a6de238b,0,2
p_058dd15a,a_d53f6dec,1,3
p_3cc13e81,a_b96e46b2,0,1
p_3cc13e81,a_a6de238b,0,2
p_3cc13e81,a_d53f6dec,1,3
p_3c1ced89,a_a56d16b3,0,1
p_3c1ced89,a_e4d1c84b,0,2
p_3c1ced89,a_892a94dd,1,3
p_453d353c,a_a56d16b3,0,1
p_453d353c,a_e4d1c84b,0,2
p_453d353c,a_892a94dd,1,3
p_77e70836,a_1293f6dd,0,1
p_77e70836,a_b06fa828,0,2
p_77e70836,a_229f5c57,1,3
p_a4fd0c3e,a_1293f6dd,0,1
p_a4fd0c3e,a_b06fa828,0,2
p_a4fd0c3e,a_229f5c57,1,3
p_59218116,a_1293f6dd,0,1
p_59218116,a_b06fa828,0,2
p_59218116,a_229f5c57,1,3
p_51eb4fc7,a_0887a343,0,1
p_51eb4fc7,a_07dadac8,0,2
p_51eb4fc7,a_71d496fb,1,3
p_1dfce879,a_0887a343,0,1
p_1dfce879,a_07dadac8,0,2
p_1dfce879,a_71d496fb,1,3
p_bf079185,a_0887a343,0,1
p_bf079185,a_07dadac8,0,2
p_bf079185,a_71d496fb,1,3
p_11f60c38,a_7c125a84,0,1
p_11f60c38,a_f95e52f4,0,2
p_11f60c38,a_cfdfc529,1,3
p_4318586f,a_7c125a84,0,1
p_4318586f,a_f95e52f4,0,2
p_4318586f,a_cfdfc529,1,3
p_a55e2031,a_7c125a84,0,1
p_a55e2031,a_f95e52f4,0,2
p_a55e2031,a_cfdfc529,1,3
p_744e1884,a_56747035,0,1
p_744e1884,a_b2a0c953,1,3
p_f3a4c682,a_56747035,0,1
p_f3a4c682,a_b2a0c953,1,3
p_d2cd5a35,a_56747035,0,1
p_d2cd5a35,a_b2a0c953,1,3
p_7778b143,a_bdb0d5a5,0,1
p_7778b143,a_e4d8d336,0,2
p_7778b143,a_64216c1d,1,3
p_0dbf3bcb,a_bdb0d5a5,0,1
p_0dbf3bcb,a_e4d8d336,0,2
p_0dbf3bcb,a_64216c1d,1,3
p_d536b7c4,a_63decacf,0,1
p_d536b7c4,a_1b71dd1f,0,2
p_d536b7c4,a_731adbf7,1,3
p_04003ebb,a_63decacf,0,1
p_04003ebb,a_1b71dd1f,0,2
p_04003ebb,a_731adbf7,1,3
p_4c204b7b,a_63decacf,0,1
p_4c204b7b,a_1b71dd1f,0,2
p_4c204b7b,a_731adbf7,1,3
p_c6ccdd5a,a_7fb884bb,0,1
p_c6ccdd5a,a_e4d1c84b,0,2
p_c6ccdd5a,a_97c2e19b,1,3
p_df721367,a_7fb884bb,0,1
p_df721367,a_e4d1c84b,0,2
p_df721367,a_97c2e19b,1,3
p_3c3c8163,a_2aeaaf63,0,1
p_3c3c8163,a_6a9da394,0,2
p_3c3c8163,a_652b5f11,1,3
p_de82105f,a_2aeaaf63,0,1
p_de82105f,a_6a9da394,0,2
p_de82105f,a_652b5f11,1,3
p_d5df5acf,a_8685a719,0,1
p_d5df5acf,a_1b71dd1f,0,2
p_d5df5acf,a_bda23071,1,3
p_611b1c4d,a_8685a719,0,1
p_611b1c4d,a_1b71dd1f,0,2
p_611b1c4d,a_bda23071,1,3
p_735181e2,a_bb58525f,0,1
p_735181e2,a_07dadac8,0,2
p_735181e2,a_d53f6dec,1,3
p_e46df071,a_7fb884bb,0,1
p_e46df071,a_cbb1bad0,0,2
p_e46df071,a_5b424c56,1,3
p_90771f73,a_7fb884bb,0,1
p_90771f73,a_cbb1bad0,0,2
p_90771f73,a_5b424c56,1,3
p_bc6a749e,a_9f08fb19,0,1
p_bc6a749e,a_35d36244,0,2
p_bc6a749e,a_2d22d2bf,1,3
p_6478ec98,a_9f08fb19,0,1
p_6478ec98,a_35d36244,0,2
p_6478ec98,a_2d22d2bf,1,3
p_b7bd3e09,a_e6b409d0,0,1
p_b7bd3e09,a_4d29c929,0,2
p_b7bd3e09,a_947904ea,1,3
p_b0ee5bfc,a_e6b409d0,0,1
p_b0ee5bfc,a_4d29c929,0,2
p_b0ee5bfc,a_947904ea,1,3
p_45db8d04,a_74c13cf9,0,1
p_45db8d04,a_b73042c9,0,2
p_45db8d04,a_b99ab67a,1,3
p_8563e62e,a_74c13cf9,0,1
p_8563e62e,a_b73042c9,0,2
p_8563e62e,a_b99ab67a,1,3
p_26be0430,a_2c57410b,0,1
p_761d35b7,a_2c57410b,0,1
p_0e9a4d44,a_9ff71867,0,1
p_0de2d509,a_63decacf,0,1
p_0de2d509,a_1b71dd1f,0,2
p_0de2d509,a_42a15ba8,1,3
p_d7608ab1,a_a09b2481,0,1
p_d7608ab1,a_98b80711,0,2
p_d7608ab1,a_07dadac8,1,3
p_83af0c39,a_a09b2481,0,1
p_83af0c39,a_98b80711,0,2
p_83af0c39,a_07dadac8,1,3
p_61570bd4,a_82338785,0,1
p_61570bd4,a_74c13cf9,0,2
p_61570bd4,a_65d9ec6e,1,3
p_c7d74294,a_82338785,0,1
p_c7d74294,a_74c13cf9,0,2
p_c7d74294,a_65d9ec6e,1,3
p_c9bca29a,a_601c3b4c,0,1
p_c9bca29a,a_d6055983,0,2
p_c9bca29a,a_faaeb3e3,1,3
p_3782969e,a_601c3b4c,0,1
p_3782969e,a_d6055983,0,2
p_3782969e,a_faaeb3e3,1,3
p_26e17e9e,a_56747035,0,1
p_26e17e9e,a_9f64aedf,1,3
p_88544005,a_56747035,0,1
p_88544005,a_9f64aedf,1,3
p_59cad62a,a_63decacf,0,1
p_59cad62a,a_d25ef48e,0,2
p_59cad62a,a_0f834476,1,3
p_f7484f9e,a_63decacf,0,1
p_f7484f9e,a_d25ef48e,0,2
p_f7484f9e,a_0f834476,1,3
p_847ca8ef,a_3e6ac5f2,0,1
p_847ca8ef,a_0bfbda0f,0,2
p_847ca8ef,a_b948aa04,1,3
p_cfc84d7f,a_bb58525f,0,1
p_cfc84d7f,a_997b777b,0,2
p_cfc84d7f,a_07dadac8,1,3
p_3c826991,a_6a9da394,0,1
p_3c826991,a_2aeaaf63,0,2
p_3c826991,a_45e057f0,1,3
p_4e2ca503,a_2c57410b,0,1
p_4e2ca503,a_6597013d,0,2
p_4e2ca503,a_e6b409d0,1,3
p_8339ffa1,a_2c57410b,0,1
p_8339ffa1,a_6597013d,0,2
p_8339ffa1,a_e6b409d0,1,3
p_bf84fe5e,a_d25ef48e,0,1
p_bf84fe5e,a_63decacf,0,2
p_bf84fe5e,a_0bfbda0f,1,3
p_dc2abab7,a_d25ef48e,0,1
p_dc2abab7,a_63decacf,0,2
p_dc2abab7,a_0bfbda0f,1,3
p_53cc6d6e,a_57fd0ee4,0,1
p_53cc6d6e,a_fba851dd,0,2
p_53cc6d6e,a_50cd1977,1,3
p_57e9d3b2,a_56747035,0,1
p_57e9d3b2,a_896286fe,0,2
p_57e9d3b2,a_652b5f11,1,3
p_76515e91,a_cbb1bad0,0,1
p_76515e91,a_3a0c10c5,0,2
p_76515e91,a_07dadac8,1,3
p_43be2b0b,a_229f5c57,0,1
p_43be2b0b,a_07082d17,0,2
p_43be2b0b,a_b06fa828,1,3
p_78542d84,a_e00dbd35,0,1
p_78542d84,a_07082d17,0,2
p_78542d84,a_b06fa828,1,3
p_43144c89,a_229f5c57,0,1
p_43144c89,a_21abe252,0,2
p_43144c89,a_d25ef48e,1,3
p_1611715f,a_229f5c57,0,1
p_1611715f,a_21abe252,0,2
p_1611715f,a_d25ef48e,1,3
p_42ced350,a_8b57d71f,0,1
p_42ced350,a_57fd0ee4,0,2
p_42ced350,a_bda23071,1,3
p_4119727b,a_8b57d71f,0,1
p_4119727b,a_57fd0ee4,0,2
p_4119727b,a_bda23071,1,3
p_40551510,a_601c3b4c,0,1
p_40551510,a_738a7ea7,0,2
p_40551510,a_af9da1de,1,3
p_09b79c9e,a_1ea344d1,0,1
p_09b79c9e,a_af9da1de,0,2
p_09b79c9e,a_cfdfc529,1,3
p_e36f333a,a_2aeaaf63,0,1
p_e36f333a,a_98b80711,0,2
p_e36f333a,a_36617626,1,3
p_805fff30,a_d6055983,0,1
p_805fff30,a_b96e46b2,1,3
p_efc50f8e,a_97c2e19b,0,1
p_efc50f8e,a_b96e46b2,1,3
p_1b5bbabc,a_82338785,0,1
p_1b5bbabc,a_a496f747,0,2
p_1b5bbabc,a_a88153cd,1,3
p_0407d077,a_a56d16b3,0,1
p_0407d077,a_a6de238b,0,2
p_0407d077,a_65d9ec6e,1,3
p_2929c063,a_229f5c57,0,1
p_2929c063,a_ea1abf54,1,3
p_01437f1d,a_a56d16b3,0,1
p_01437f1d,a_a88153cd,1,3
p_ad806332,a_1293f6dd,0,1
p_ad806332,a_74c13cf9,0,2
p_ad806332,a_35d36244,1,3
p_605ef43c,a_3e6ac5f2,0,1
p_605ef43c,a_40f957a0,1,3
p_cfebe95d,a_7fb884bb,0,1
p_cfebe95d,a_567efb54,0,2
p_cfebe95d,a_cca79a5a,1,3
p_88e5df77,a_1293f6dd,0,1
p_88e5df77,a_35d36244,1,3
p_e831f4fe,a_b2e93c65,0,1
p_e831f4fe,a_f0c1322e,1,3
p_aacf7a04,a_e4d1c84b,0,1
p_aacf7a04,a_7c125a84,1,3
p_a4008890,a_5f2264a8,0,1
p_a4008890,a_418d8454,0,2
p_a4008890,a_bda23071,1,3
p_7fb751fe,a_229f5c57,0,1
p_7fb751fe,a_74c13cf9,0,2
p_7fb751fe,a_42a15ba8,1,3
p_4ddc720a,a_229f5c57,0,1
p_4ddc720a,a_74c13cf9,0,2
p_4ddc720a,a_42a15ba8,1,3
p_e980e7a8,a_229f5c57,0,1
p_e980e7a8,a_0f834476,0,2
p_e980e7a8,a_42a15ba8,1,3
p_82478fcc,a_229f5c57,0,1
p_82478fcc,a_0f834476,0,2
p_82478fcc,a_42a15ba8,1,3
p_4521e725,a_63decacf,0,1
p_4521e725,a_725cd6e2,0,2
p_4521e725,a_4d998458,1,3
p_bed6cce5,a_43354e29,0,1
p_bed6cce5,a_9f08fb19,0,2
p_bed6cce5,a_b2a0c953,1,3
p_865a1fff,a_725cd6e2,0,1
p_865a1fff,a_3d04f428,1,3
p_5fe9bb83,a_725cd6e2,0,1
p_5fe9bb83,a_d6055983,1,3
p_12a028ab,a_725cd6e2,0,1
p_12a028ab,a_97c2e19b,1,3
p_5a5c86ad,a_72847a9c,0,1
p_5a5c86ad,a_76522ade,1,3
p_8d219ba4,a_72847a9c,0,1
p_8d219ba4,a_76522ade,1,3
p_a4eb936e,a_07dadac8,0,1
p_a4eb936e,a_9706d8eb,1,3
p_2f4770ed,a_725cd6e2,0,1
p_2f4770ed,a_4d998458,1,3
p_d79908d6,a_0887a343,0,1
p_4d303174,a_4b647701,0,1
p_4d303174,a_896286fe,1,3
p_49c88e97,a_4b647701,0,1
p_49c88e97,a_896286fe,1,3
p_c09b60d7,a_4b647701,0,1
p_c09b60d7,a_896286fe,1,3
p_936faaaa,a_34112778,0,1
p_936faaaa,a_e4d1c84b,1,3
p_4abde213,a_34112778,0,1
p_4abde213,a_e4d1c84b,1,3
p_963beed1,a_34112778,0,1
p_963beed1,a_e4d1c84b,1,3
p_587ae95d,a_b319852b,0,1
p_587ae95d,a_65d9ec6e,1,3
p_cceb575e,a_b319852b,0,1
p_cceb575e,a_65d9ec6e,1,3
p_2399e75e,a_b319852b,0,1
p_2399e75e,a_65d9ec6e,1,3
p_cd4d35df,a_7fb884bb,0,1
p_cd4d35df,a_bb58525f,0,2
p_cd4d35df,a_03a5ab58,1,3
p_83ea2d3c,a_7fb884bb,0,1
p_83ea2d3c,a_bb58525f,0,2
p_83ea2d3c,a_03a5ab58,1,3
p_6dd89464,a_a09b2481,0,1
p_6dd89464,a_bb58525f,0,2
p_6dd89464,a_24b89273,1,3
p_f3f4a833,a_a09b2481,0,1
p_f3f4a833,a_bb58525f,0,2
p_f3f4a833,a_24b89273,1,3
p_4d877bdc,a_1ea344d1,0,1
p_4d877bdc,a_cbb1bad0,0,2
p_4d877bdc,a_ea1abf54,1,3
p_6f7ba8f9,a_1ea344d1,0,1
p_6f7ba8f9,a_cbb1bad0,0,2
p_6f7ba8f9,a_997b777b,1,3
p_e01233fd,a_1ea344d1,0,1
p_e01233fd,a_a09b2481,0,2
p_e01233fd,a_07082d17,1,3
p_906a2e32,a_1ea344d1,0,1
p_906a2e32,a_a09b2481,0,2
p_906a2e32,a_07082d17,1,3
p_91bda3c1,a_07dadac8,0,1
p_91bda3c1,a_d37ac899,1,3
p_a2a9d01a,a_b2e93c65,0,1
p_a2a9d01a,a_8b57d71f,0,2
p_a2a9d01a,a_1293f6dd,1,3
p_3c34c15d,a_b2e93c65,0,1
p_3c34c15d,a_8b57d71f,0,2
p_3c34c15d,a_1293f6dd,1,3
p_64a0e6a6,a_d6055983,0,1
p_64a0e6a6,a_d25ef48e,1,3
p_22ea1b7f,a_b490189c,0,1
p_22ea1b7f,a_71d496fb,0,2
p_22ea1b7f,a_a7b3047d,1,3
p_ecba48dd,a_b490189c,0,1
p_ecba48dd,a_53a406ed,0,2
p_ecba48dd,a_a7b3047d,1,3
p_afc8aeac,a_c62d688b,0,1
p_afc8aeac,a_fba851dd,0,2
p_afc8aeac,a_230a65e6,1,3
p_e4c212fd,a_c62d688b,0,1
p_e4c212fd,a_fba851dd,0,2
p_e4c212fd,a_230a65e6,1,3
p_7cba44c0,a_0887a343,0,1
p_7cba44c0,a_cbb1bad0,0,2
p_7cba44c0,a_3d05547e,1,3
p_77c3b77e,a_0887a343,0,1
p_77c3b77e,a_cbb1bad0,0,2
p_77c3b77e,a_3d05547e,1,3
p_f1ab1fcc,a_d6055983,0,1
p_f1ab1fcc,a_ff9e1d74,1,3
p_0251597a,a_d6055983,0,1
p_0251597a,a_ff9e1d74,1,3
p_7797b0fb,a_d6055983,0,1
p_7797b0fb,a_ff9e1d74,1,3
p_0bbc2d23,a_56747035,0,1
p_0bbc2d23,a_50cd1977,1,3
p_76c7544b,a_9f08fb19,0,1
p_76c7544b,a_491c37d2,0,2
p_76c7544b,a_99018537,1,3
p_6e9efc46,a_9f08fb19,0,1
p_6e9efc46,a_491c37d2,0,2
p_6e9efc46,a_99018537,1,3
p_3c10dd0d,a_1b71dd1f,0,1
p_3c10dd0d,a_63decacf,0,2
p_3c10dd0d,a_ea1abf54,1,3
p_1556a1fc,a_1293f6dd,0,1
p_1556a1fc,a_b06fa828,0,2
p_1556a1fc,a_c24f20b8,1,3
p_1bcb6686,a_56747035,0,1
p_1bcb6686,a_896286fe,0,2
p_1bcb6686,a_d37ac899,1,3
p_edef180e,a_56747035,0,1
p_edef180e,a_896286fe,0,2
p_edef180e,a_d37ac899,1,3
p_93219ad6,a_56747035,0,1
p_93219ad6,a_896286fe,0,2
p_93219ad6,a_d37ac899,1,3
p_db4e574f,a_7fb884bb,0,1
p_db4e574f,a_1c609243,0,2
p_db4e574f,a_b73042c9,1,3
p_082a3ac8,a_56747035,0,1
p_082a3ac8,a_a628d4fe,0,2
p_082a3ac8,a_cbb1bad0,1,3
p_f2cb1fb1,a_56747035,0,1
p_f2cb1fb1,a_a628d4fe,0,2
p_f2cb1fb1,a_cbb1bad0,1,3
p_4066f3c3,a_ad772062,0,1
p_4066f3c3,a_b5a89028,0,2
p_4066f3c3,a_03a5ab58,1,3
p_e3ba3e2d,a_b06fa828,0,1
p_e3ba3e2d,a_1293f6dd,0,2
p_e3ba3e2d,a_6a360997,1,3
p_20888121,a_b06fa828,0,1
p_20888121,a_1293f6dd,0,2
p_20888121,a_6a360997,1,3
p_9a670085,a_0887a343,0,1
p_9a670085,a_3d05547e,1,3
p_eaab2be7,a_0887a343,0,1
p_eaab2be7,a_07dadac8,1,3
p_a2512708,a_a09b2481,0,1
p_a2512708,a_230a65e6,0,2
p_a2512708,a_8d06b98e,1,3
p_4106f58a,a_2aeaaf63,0,1
p_4106f58a,a_6a9da394,0,2
p_4106f58a,a_652b5f11,1,3
p_8c64d6a5,a_2c57410b,0,1
p_05fa7ac3,a_2c57410b,0,1
p_bcd204b5,a_9e0b713e,0,1
p_bcd204b5,a_2cb30029,1,3
p_4865f04b,a_07dadac8,0,1
p_4865f04b,a_cbb1bad0,0,2
p_4865f04b,a_99018537,1,3
p_0f78fb62,a_1b71dd1f,0,1
p_0f78fb62,a_b99ab67a,1,3
p_8457b7b2,a_1b71dd1f,0,1
p_8457b7b2,a_b99ab67a,1,3
p_d6bc6e09,a_fba851dd,0,1
p_d6bc6e09,a_7fb884bb,0,2
p_d6bc6e09,a_ea1abf54,1,3
p_00332aca,a_82338785,0,1
p_00332aca,a_731adbf7,0,2
p_00332aca,a_43354e29,1,3
p_68a95005,a_63decacf,0,1
p_68a95005,a_1b71dd1f,0,2
p_68a95005,a_65d9ec6e,1,3
p_1c8f1690,a_a56d16b3,0,1
p_1c8f1690,a_7fb884bb,0,2
p_1c8f1690,a_ea1abf54,1,3
p_61eea931,a_a56d16b3,0,1
p_61eea931,a_f0c1322e,0,2
p_61eea931,a_ea1abf54,1,3
p_24b03bcb,a_e00dbd35,0,1
p_24b03bcb,a_229f5c57,0,2
p_24b03bcb,a_a56d16b3,1,3
p_c3e1fdc3,a_1ea344d1,0,1
p_c3e1fdc3,a_af9da1de,0,2
p_c3e1fdc3,a_b5724cba,1,3
p_7132156a,a_1b71dd1f,0,1
p_7132156a,a_b2a0c953,0,2
p_7132156a,a_80646835,1,3
p_6b7218c0,a_1ea344d1,0,1
p_6b7218c0,a_7c125a84,0,2
p_6b7218c0,a_a88153cd,1,3
p_fad53717,a_07dadac8,0,1
p_fad53717,a_bb58525f,0,2
p_fad53717,a_065f90d4,1,3
p_33795293,a_1c609243,0,1
p_33795293,a_f0c1322e,0,2
p_33795293,a_3acdb0b8,1,3
p_7cf1dc8a,a_7c125a84,0,1
p_7cf1dc8a,a_f0c1322e,0,2
p_7cf1dc8a,a_4d998458,1,3
p_175b3d59,a_a8c57099,0,1
p_175b3d59,a_97c2e19b,0,2
p_175b3d59,a_42a15ba8,1,3
p_eadda451,a_a8c57099,0,1
p_eadda451,a_97c2e19b,0,2
p_eadda451,a_42a15ba8,1,3
p_b8a38b86,a_2aeaaf63,0,1
p_b8a38b86,a_3d04f428,0,2
p_b8a38b86,a_9f08fb19,1,3
p_f5f5b29a,a_2aeaaf63,0,1
p_f5f5b29a,a_3d04f428,0,2
p_f5f5b29a,a_9f08fb19,1,3
p_52de4e99,a_c62d688b,0,1
p_52de4e99,a_57fd0ee4,0,2
p_52de4e99,a_652b5f11,1,3
p_5ac75991,a_c62d688b,0,1
p_5ac75991,a_07082d17,0,2
p_5ac75991,a_c3550482,1,3
p_9d4497e0,a_cf82dcae,0,1
p_9d4497e0,a_07082d17,0,2
p_9d4497e0,a_c3550482,1,3
p_91d7b50b,a_b96e46b2,0,1
p_91d7b50b,a_c62d688b,0,2
p_91d7b50b,a_a09b2481,1,3
p_8fec0fe1,a_229f5c57,0,1
p_8fec0fe1,a_1293f6dd,0,2
p_8fec0fe1,a_21abe252,1,3
p_8321c77e,a_bb58525f,0,1
p_8321c77e,a_1b71dd1f,0,2
p_8321c77e,a_42a15ba8,1,3
p_c6d2686d,a_cbb1bad0,0,1
p_c6d2686d,a_e4d1c84b,0,2
p_c6d2686d,a_4d998458,1,3
p_ceacafed,a_cbb1bad0,0,1
p_ceacafed,a_e4d1c84b,0,2
p_ceacafed,a_4d998458,1,3
p_c9728944,a_229f5c57,0,1
p_c9728944,a_07082d17,0,2
p_c9728944,a_b06fa828,1,3
p_546b622b,a_1c609243,0,1
p_546b622b,a_731adbf7,1,3
p_20e706e9,a_1b71dd1f,0,1
p_20e706e9,a_731adbf7,1,3
p_7d6c1222,a_5f2264a8,0,1
p_7d6c1222,a_418d8454,0,2
p_7d6c1222,a_bda23071,1,3
p_edf4421f,a_a56d16b3,0,1
p_edf4421f,a_03a5ab58,0,2
p_edf4421f,a_99018537,1,3
p_6a6da6bf,a_6a9da394,0,1
p_6a6da6bf,a_af9da1de,0,2
p_6a6da6bf,a_c3550482,1,3
p_79d62248,a_7c125a84,0,1
p_79d62248,a_cfdfc529,0,2
p_79d62248,a_b96e46b2,1,3
p_73f579f8,a_a56d16b3,0,1
p_73f579f8,a_af9da1de,0,2
p_73f579f8,a_cfdfc529,1,3
p_98bcf486,a_2aeaaf63,0,1
p_98bcf486,a_98b80711,0,2
p_98bcf486,a_35d36244,1,3
p_41c077fa,a_d6055983,0,1
p_41c077fa,a_b96e46b2,1,3
p_c1bbbb42,a_97c2e19b,0,1
p_c1bbbb42,a_b96e46b2,1,3
p_77ccac8c,a_9f08fb19,0,1
p_77ccac8c,a_3a0c10c5,0,2
p_77ccac8c,a_99018537,1,3
p_bdb77fba,a_57fd0ee4,0,1
p_bdb77fba,a_fba851dd,0,2
p_bdb77fba,a_50cd1977,1,3
p_7efa2ba3,a_725cd6e2,0,1
p_7efa2ba3,a_07dadac8,1,3
p_5be788d6,a_725cd6e2,0,1
p_5be788d6,a_07dadac8,1,3
p_0cd225f3,a_725cd6e2,0,1
p_0cd225f3,a_07dadac8,1,3
p_82918f0b,a_7c125a84,0,1
p_82918f0b,a_731adbf7,1,3
p_f9c75a11,a_72847a9c,0,1
p_538debc7,a_8791c681,0,1
p_538debc7,a_4d998458,1,3
p_dc7a6fa4,a_725cd6e2,0,1
p_dc7a6fa4,a_9706d8eb,1,3
p_bb536271,a_725cd6e2,0,1
p_bb536271,a_652b5f11,1,3
p_385eccba,a_57fd0ee4,0,1
p_a0a24cf7,a_4b647701,0,1
p_a0a24cf7,a_b948aa04,1,3
p_306db3bf,a_4b647701,0,1
p_306db3bf,a_b948aa04,1,3
p_a69e40b3,a_4b647701,0,1
p_a69e40b3,a_b948aa04,1,3
p_6e382039,a_34112778,0,1
p_6e382039,a_ad772062,1,3
p_51e46b03,a_34112778,0,1
p_51e46b03,a_ad772062,1,3
p_4718c422,a_34112778,0,1
p_4718c422,a_ad772062,1,3
p_e5737439,a_b319852b,0,1
p_e5737439,a_b06fa828,1,3
p_acd6f2ea,a_b319852b,0,1
p_acd6f2ea,a_b06fa828,1,3
p_85c1c4a0,a_b319852b,0,1
p_85c1c4a0,a_b06fa828,1,3
p_aa6a22f9,a_7fb884bb,0,1
p_aa6a22f9,a_f0c1322e,0,2
p_aa6a22f9,a_ea1abf54,1,3
p_24f77b9d,a_a56d16b3,0,1
p_24f77b9d,a_f0c1322e,0,2
p_24f77b9d,a_a88153cd,1,3
p_2e7897ff,a_1c609243,0,1
p_2e7897ff,a_b2a0c953,0,2
p_2e7897ff,a_f0c1322e,1,3
p_b67ba255,a_1c609243,0,1
p_b67ba255,a_b2a0c953,0,2
p_b67ba255,a_f0c1322e,1,3
p_2e4486ce,a_fb761663,0,1
p_2e4486ce,a_7fb884bb,1,3
p_6f5fa1da,a_72847a9c,0,1
p_8e66e422,a_1ea344d1,0,1
p_8e66e422,a_93029957,1,3
p_4c4fa499,a_72847a9c,0,1
p_c9f84eee,a_fb761663,0,1
p_c9f84eee,a_b5a89028,1,3
p_0f82a606,a_229f5c57,0,1
p_0f82a606,a_64216c1d,0,2
p_0f82a606,a_6a9da394,1,3
p_e8403e01,a_229f5c57,0,1
p_e8403e01,a_64216c1d,0,2
p_e8403e01,a_6a9da394,1,3
p_f636ec5f,a_229f5c57,0,1
p_f636ec5f,a_64216c1d,0,2
p_f636ec5f,a_6a9da394,1,3
p_96ddbd3e,a_56747035,0,1
p_96ddbd3e,a_cbb1bad0,0,2
p_96ddbd3e,a_065f90d4,1,3
p_646c471b,a_56747035,0,1
p_646c471b,a_cbb1bad0,0,2
p_646c471b,a_065f90d4,1,3
p_2721938f,a_56747035,0,1
p_2721938f,a_cbb1bad0,0,2
p_2721938f,a_065f90d4,1,3
p_0f6112b0,a_7c125a84,0,1
p_0f6112b0,a_3a0c10c5,1,3
p_f50aac19,a_7c125a84,0,1
p_f50aac19,a_3a0c10c5,1,3
p_10db75e9,a_bb58525f,0,1
p_10db75e9,a_35d36244,0,2
p_10db75e9,a_64216c1d,1,3
p_3636f88c,a_bb58525f,0,1
p_3636f88c,a_c24f20b8,0,2
p_3636f88c,a_64216c1d,1,3
p_ef29d877,a_0887a343,0,1
p_ef29d877,a_5f2264a8,0,2
p_ef29d877,a_2cb30029,1,3
p_3a2592f8,a_0887a343,0,1
p_3a2592f8,a_5f2264a8,0,2
p_3a2592f8,a_2cb30029,1,3
p_89667662,a_0887a343,0,1
p_89667662,a_5f2264a8,0,2
p_89667662,a_2cb30029,1,3
p_f888734b,a_229f5c57,0,1
p_f888734b,a_64216c1d,1,3
p_273e2d4c,a_a56d16b3,0,1
p_273e2d4c,a_4d998458,1,3
p_c44616f1,a_b67d65c2,0,1
p_c44616f1,a_34aedc30,0,2
p_c44616f1,a_f0c1322e,1,3
p_5312db94,a_b67d65c2,0,1
p_5312db94,a_34aedc30,0,2
p_5312db94,a_af9da1de,1,3
p_d7d78042,a_72a87329,0,1
p_0aca48dc,a_b96e46b2,0,1
p_8f5f4663,a_72a87329,0,1
p_abf4ea48,a_b5a89028,0,1
p_abf4ea48,a_7fb884bb,1,3
p_7c7e59d7,a_ad772062,0,1
p_7c7e59d7,a_d37ac899,1,3
p_f51d937a,a_d60513f8,0,1
p_62c2c145,a_601c3b4c,0,1
p_62c2c145,a_ea1abf54,1,3
p_e67b6392,a_601c3b4c,0,1
p_e67b6392,a_3a0c10c5,1,3
p_f6b8126c,a_601c3b4c,0,1
p_f6b8126c,a_3a0c10c5,1,3
p_4c8fa9a4,a_9f08fb19,0,1
p_4c8fa9a4,a_7c125a84,0,2
p_4c8fa9a4,a_65d9ec6e,1,3
p_b9c10e38,a_9f08fb19,0,1
p_b9c10e38,a_7c125a84,0,2
p_b9c10e38,a_65d9ec6e,1,3
p_c088c721,a_9f08fb19,0,1
p_c088c721,a_491c37d2,0,2
p_c088c721,a_99018537,1,3
p_492f61d1,a_1b71dd1f,0,1
p_492f61d1,a_8685a719,0,2
p_492f61d1,a_3c9859b5,1,3
p_5c5ad1c8,a_b490189c,0,1
p_5c5ad1c8,a_3a52e2d2,0,2
p_5c5ad1c8,a_efab29c1,1,3
p_79524aa5,a_b490189c,0,1
p_79524aa5,a_3a52e2d2,0,2
p_79524aa5,a_efab29c1,1,3
p_85758b11,a_bb58525f,0,1
p_85758b11,a_53b3daa5,0,2
p_85758b11,a_8d06b98e,1,3
p_8cb549cc,a_82338785,0,1
p_8cb549cc,a_a56d16b3,0,2
p_8cb549cc,a_65d9ec6e,1,3
p_97bdb32a,a_1b71dd1f,0,1
p_97bdb32a,a_63decacf,0,2
p_97bdb32a,a_0b23fb42,1,3
p_d7d44e26,a_1b71dd1f,0,1
p_d7d44e26,a_63decacf,0,2
p_d7d44e26,a_0b23fb42,1,3
p_2fcb886a,a_1b71dd1f,0,1
p_2fcb886a,a_63decacf,0,2
p_2fcb886a,a_0b23fb42,1,3
p_593bc054,a_4b597dfc,0,1
p_593bc054,a_2cb30029,1,3
p_05f31fc0,a_4b597dfc,0,1
p_05f31fc0,a_2cb30029,1,3
p_48285516,a_d6055983,0,1
p_48285516,a_d25ef48e,0,2
p_48285516,a_e7537330,1,3
p_8c338966,a_d6055983,0,1
p_8c338966,a_d25ef48e,0,2
p_8c338966,a_e7537330,1,3
p_58ff1531,a_ff9e1d74,0,1
p_58ff1531,a_d25ef48e,1,3
p_5ec2a6cf,a_e7537330,0,1
p_5ec2a6cf,a_b2e93c65,1,3
p_8b95902f,a_8b57d71f,0,1
p_8b95902f,a_1ea344d1,0,2
p_8b95902f,a_8d06b98e,1,3
p_1209a97f,a_2aeaaf63,0,1
p_1209a97f,a_24b89273,0,2
p_1209a97f,a_8d06b98e,1,3
p_519dbe3c,a_57fd0ee4,0,1
p_519dbe3c,a_e00dbd35,0,2
p_519dbe3c,a_896286fe,1,3
p_31555270,a_e4d8d336,0,1
p_31555270,a_4d29c929,0,2
p_31555270,a_b2a0c953,1,3
p_7a2cf64f,a_e4d8d336,0,1
p_7a2cf64f,a_4d29c929,0,2
p_7a2cf64f,a_b2a0c953,1,3
p_fed79c83,a_3fe0d2c1,0,1
p_fed79c83,a_ad772062,1,3
p_c1b58d82,a_3fe0d2c1,0,1
p_c1b58d82,a_ad772062,1,3
p_9456cc33,a_21abe252,0,1
p_9456cc33,a_2aeaaf63,0,2
p_9456cc33,a_725cd6e2,1,3
p_3c86d30b,a_21abe252,0,1
p_3c86d30b,a_2aeaaf63,0,2
p_3c86d30b,a_725cd6e2,1,3
p_cb8f4a17,a_2aeaaf63,0,1
p_cb8f4a17,a_d039d681,0,2
p_cb8f4a17,a_6a9da394,1,3
p_5c11ba36,a_a8c57099,0,1
p_5c11ba36,a_c68511c9,0,2
p_5c11ba36,a_a6de238b,1,3
p_98352e7e,a_e7fdba7e,0,1
p_98352e7e,a_8bd68dfb,0,2
p_98352e7e,a_74c13cf9,1,3
p_88c42afd,a_9f08fb19,0,1
p_88c42afd,a_6a9da394,0,2
p_88c42afd,a_b2a0c953,1,3
p_04a5b1de,a_9f08fb19,0,1
p_04a5b1de,a_6a9da394,0,2
p_04a5b1de,a_b2a0c953,1,3
p_e955ba4e,a_6a9da394,0,1
p_e955ba4e,a_5b424c56,0,2
p_e955ba4e,a_80646835,1,3
p_feeb7397,a_82338785,0,1
p_feeb7397,a_fa459c39,0,2
p_feeb7397,a_65d9ec6e,1,3
p_5ff70ec8,a_2c57410b,0,1
p_1db40e64,a_2c57410b,0,1
p_ed494e65,a_731adbf7,0,1
p_ed494e65,a_1293f6dd,1,3
p_71ed7ac4,a_731adbf7,0,1
p_71ed7ac4,a_1293f6dd,1,3
p_42317f4f,a_57fd0ee4,0,1
p_42317f4f,a_45e057f0,1,3
p_1430d2dc,a_57fd0ee4,0,1
p_1430d2dc,a_45e057f0,1,3
p_98b706f2,a_43354e29,0,1
p_98b706f2,a_63b9db3e,1,3
p_32759e0d,a_72847a9c,0,1
p_32759e0d,a_d37ac899,1,3
p_cdf5aa1a,a_2c57410b,0,1
p_17f40b54,a_2c57410b,0,1
p_91ba363e,a_2aeaaf63,0,1
p_91ba363e,a_cca79a5a,0,2
p_91ba363e,a_35d36244,1,3
p_fa3363c6,a_2aeaaf63,0,1
p_fa3363c6,a_cca79a5a,0,2
p_fa3363c6,a_35d36244,1,3
p_507c2ae9,a_82338785,0,1
p_507c2ae9,a_74c13cf9,0,2
p_507c2ae9,a_567efb54,1,3
p_ea130658,a_82338785,0,1
p_ea130658,a_74c13cf9,0,2
p_ea130658,a_567efb54,1,3
p_1223c81f,a_2c57410b,0,1
p_f87fd20a,a_2c57410b,0,1
p_3285d669,a_cf82dcae,0,1
p_3285d669,a_4c240133,1,3
p_1333a9b7,a_cf82dcae,0,1
p_1333a9b7,a_4c240133,1,3
p_90f0fa20,a_0f834476,0,1
p_90f0fa20,a_229f5c57,1,3
p_5751e647,a_0f834476,0,1
p_5751e647,a_229f5c57,1,3
p_159bc631,a_229f5c57,0,1
p_159bc631,a_2aeaaf63,0,2
p_159bc631,a_567efb54,1,3
p_1b189b60,a_76522ade,0,1
p_1b189b60,a_53a406ed,0,2
p_1b189b60,a_b490189c,1,3
p_f8169f06,a_e338c38e,0,1
p_7f09f90b,a_243c8559,0,1
p_7f09f90b,a_7215c9ea,1,3
p_a83bd130,a_a09b2481,0,1
p_a83bd130,a_03a5ab58,0,2
p_a83bd130,a_9ff71867,1,3
p_5afc5587,a_a09b2481,0,1
p_5afc5587,a_03a5ab58,0,2
p_5afc5587,a_9ff71867,1,3
p_7efb5031,a_2c57410b,0,1
p_7efb5031,a_03a5ab58,1,3
p_840c2dae,a_725cd6e2,0,1
p_840c2dae,a_03a5ab58,1,3
p_0d51e629,a_56747035,0,1
p_0d51e629,a_a628d4fe,0,2
p_0d51e629,a_9f64aedf,1,3
p_662dfea4,a_2c57410b,0,1
p_3141a2bf,a_725cd6e2,0,1
p_3141a2bf,a_230a65e6,0,2
p_3141a2bf,a_892a94dd,1,3
p_abaf6f48,a_9e0b713e,0,1
p_abaf6f48,a_2cb30029,1,3
p_24441f1a,a_07dadac8,0,1
p_24441f1a,a_2d22d2bf,0,2
p_24441f1a,a_c3550482,1,3
p_49979249,a_07dadac8,0,1
p_49979249,a_2d22d2bf,0,2
p_49979249,a_c3550482,1,3
p_87572f69,a_9f08fb19,0,1
p_87572f69,a_2d22d2bf,0,2
p_87572f69,a_2aeaaf63,1,3
p_6e74a1c6,a_9f08fb19,0,1
p_6e74a1c6,a_2d22d2bf,0,2
p_6e74a1c6,a_2aeaaf63,1,3
p_c153f899,a_9f08fb19,0,1
p_c153f899,a_2d22d2bf,0,2
p_c153f899,a_2aeaaf63,1,3
p_fda977aa,a_74c13cf9,0,1
p_fda977aa,a_ea1abf54,1,3
p_dfb59552,a_229f5c57,0,1
p_dfb59552,a_21abe252,1,3
p_0249651b,a_229f5c57,0,1
p_0249651b,a_35d36244,1,3
p_2c72f2eb,a_229f5c57,0,1
p_2c72f2eb,a_63decacf,0,2
p_2c72f2eb,a_1b71dd1f,1,3
p_28ec9002,a_229f5c57,0,1
p_28ec9002,a_35d36244,1,3
p_6051ecec,a_63decacf,0,1
p_6051ecec,a_65d9ec6e,1,3
p_b9bccedf,a_63decacf,0,1
p_b9bccedf,a_b99ab67a,1,3
p_ada7ab36,a_a56d16b3,0,1
p_ada7ab36,a_a88153cd,1,3
p_b11ce1a4,a_bdb0d5a5,0,1
p_b11ce1a4,a_b5724cba,1,3
p_0faa13ce,a_bdb0d5a5,0,1
p_0faa13ce,a_b5724cba,1,3
p_64e5c334,a_bdb0d5a5,0,1
p_64e5c334,a_b5724cba,1,3
p_6eb1b031,a_bdb0d5a5,0,1
p_6eb1b031,a_1b71dd1f,1,3
p_56b99934,a_bdb0d5a5,0,1
p_56b99934,a_2d22d2bf,1,3
p_afd8a72a,a_bdb0d5a5,0,1
p_afd8a72a,a_b5724cba,1,3
p_71f3299e,a_2c57410b,0,1
p_7905cfda,a_2c57410b,0,1
p_d7ed3c9e,a_c24f20b8,0,1
p_4a117d08,a_8bd68dfb,0,1
p_d1ba6da7,a_660ee062,0,1
p_9fa66810,a_fba851dd,0,1
p_722351a7,a_725cd6e2,0,1
p_1f0c3ead,a_4b647701,0,1
p_1f0c3ead,a_74c13cf9,1,3
p_36b645c7,a_4b647701,0,1
p_36b645c7,a_74c13cf9,1,3
p_30736fbc,a_4b647701,0,1
p_30736fbc,a_74c13cf9,1,3
p_c1d700d1,a_34112778,0,1
p_c1d700d1,a_997b777b,1,3
p_7e4f5e49,a_34112778,0,1
p_7e4f5e49,a_997b777b,1,3
p_04c4d843,a_34112778,0,1
p_04c4d843,a_997b777b,1,3
p_7c5975f6,a_b319852b,0,1
p_7c5975f6,a_d53f6dec,1,3
p_0edd726e,a_b319852b,0,1
p_0edd726e,a_d53f6dec,1,3
p_0bb5aa77,a_b319852b,0,1
p_0bb5aa77,a_d53f6dec,1,3
p_19dba4ec,a_bb58525f,0,1
p_19dba4ec,a_0bfbda0f,1,3
p_00eb812d,a_a56d16b3,0,1
p_00eb812d,a_0bfbda0f,1,3
p_150bb3c2,a_a56d16b3,0,1
p_150bb3c2,a_0bfbda0f,1,3
p_e85d495f,a_d039d681,0,1
p_e85d495f,a_6a360997,0,2
p_e85d495f,a_c3550482,1,3
p_be3fc5e5,a_d039d681,0,1
p_be3fc5e5,a_6a360997,0,2
p_be3fc5e5,a_c3550482,1,3
p_c05131a8,a_72847a9c,0,1
p_c05131a8,a_7fb884bb,1,3
p_f838f141,a_1ea344d1,0,1
p_f838f141,a_af9da1de,1,3
p_1f98e775,a_93029957,0,1
p_1f98e775,a_a56d16b3,0,2
p_1f98e775,a_7c125a84,1,3
p_fe345963,a_93029957,0,1
p_fe345963,a_a56d16b3,0,2
p_fe345963,a_7c125a84,1,3
p_98f45114,a_93029957,0,1
p_98f45114,a_a56d16b3,0,2
p_98f45114,a_7c125a84,1,3
p_ae142d13,a_57fd0ee4,0,1
p_ae142d13,a_e00dbd35,0,2
p_ae142d13,a_896286fe,1,3
p_75142d8c,a_57fd0ee4,0,1
p_75142d8c,a_e00dbd35,0,2
p_75142d8c,a_af9da1de,1,3
p_6fb62a10,a_a496f747,0,1
p_6fb62a10,a_65d9ec6e,1,3
p_640119b2,a_a496f747,0,1
p_640119b2,a_65d9ec6e,1,3
p_a28f89bb,a_1b71dd1f,0,1
p_a28f89bb,a_601c3b4c,1,3
p_73fe97cc,a_1b71dd1f,0,1
p_73fe97cc,a_601c3b4c,1,3
p_619d6e5a,a_72847a9c,0,1
p_619d6e5a,a_b99ab67a,1,3
p_15def612,a_cca79a5a,0,1
p_15def612,a_b99ab67a,1,3
p_8357f02c,a_1ea344d1,0,1
p_8357f02c,a_24b89273,1,3
p_a0f8647e,a_3acdb0b8,0,1
p_a0f8647e,a_c62d688b,1,3
p_3aa0638a,a_725cd6e2,0,1
p_3aa0638a,a_4d998458,1,3
p_b440568d,a_7fb884bb,0,1
p_b440568d,a_1c609243,0,2
p_b440568d,a_b2e93c65,1,3
p_f8521602,a_229f5c57,0,1
p_f8521602,a_21abe252,1,3
p_882215ab,a_229f5c57,0,1
p_882215ab,a_21abe252,1,3
p_a90698e9,a_56747035,0,1
p_1a51f525,a_ae253dd9,0,1
p_07dbc2ec,a_4d29c929,0,1
p_07dbc2ec,a_4c240133,0,2
p_07dbc2ec,a_3c9859b5,1,3
p_94a67b97,a_4d29c929,0,1
p_94a67b97,a_4c240133,0,2
p_94a67b97,a_3c9859b5,1,3
p_290cff8f,a_af9da1de,0,1
p_290cff8f,a_1c609243,0,2
p_290cff8f,a_b73042c9,1,3
p_a187f4c5,a_faaeb3e3,0,1
p_a187f4c5,a_b948aa04,0,2
p_a187f4c5,a_2b54ea98,1,3
p_525ad8a3,a_faaeb3e3,0,1
p_525ad8a3,a_b948aa04,0,2
p_525ad8a3,a_2b54ea98,1,3
p_33f3ea86,a_7fb884bb,0,1
p_33f3ea86,a_3def56fa,0,2
p_33f3ea86,a_3e6ac5f2,1,3
p_2ce2f5aa,a_b490189c,0,1
p_2ce2f5aa,a_3def56fa,0,2
p_2ce2f5aa,a_3e6ac5f2,1,3
p_7cb536a7,a_2c57410b,0,1
p_097f2d54,a_a09b2481,0,1
p_097f2d54,a_230a65e6,0,2
p_097f2d54,a_a88153cd,1,3
p_e678e55b,a_3e6ac5f2,0,1
p_e678e55b,a_6a9da394,0,2
p_e678e55b,a_bb58525f,1,3
p_9aa61ec7,a_9f08fb19,0,1
p_9aa61ec7,a_6a9da394,0,2
p_9aa61ec7,a_d53f6dec,1,3
p_9b4d9791,a_2c57410b,0,1
p_6367b73e,a_e6b409d0,0,1
p_6367b73e,a_faaeb3e3,0,2
p_6367b73e,a_bb58525f,1,3
p_d0755c89,a_e6b409d0,0,1
p_d0755c89,a_faaeb3e3,0,2
p_d0755c89,a_bb58525f,1,3
p_3753b7cf,a_2c57410b,0,1
p_3753b7cf,a_9f6196d0,0,2
p_3753b7cf,a_0b23fb42,1,3
p_1f507cce,a_2c57410b,0,1
p_1f507cce,a_9f6196d0,0,2
p_1f507cce,a_0b23fb42,1,3
p_071915c1,a_1b71dd1f,0,1
p_071915c1,a_63decacf,0,2
p_071915c1,a_ea1abf54,1,3
p_b32547b3,a_601c3b4c,0,1
p_b32547b3,a_738a7ea7,0,2
p_b32547b3,a_af9da1de,1,3
p_40ef56c0,a_57fd0ee4,0,1
p_40ef56c0,a_fba851dd,0,2
p_40ef56c0,a_a7b3047d,1,3
p_cc6c4e93,a_bb58525f,0,1
p_cc6c4e93,a_5b424c56,0,2
p_cc6c4e93,a_b5a1613d,1,3
p_5dfc29e2,a_725cd6e2,0,1
p_5dfc29e2,a_d37ac899,1,3
p_565f4e4f,a_731adbf7,0,1
p_565f4e4f,a_3fe0d2c1,1,3
p_36f75a00,a_731adbf7,0,1
p_36f75a00,a_3fe0d2c1,1,3
p_1f8b3b12,a_731adbf7,0,1
p_1f8b3b12,a_3fe0d2c1,1,3
p_e6f20e53,a_1c609243,0,1
p_e6f20e53,a_9f08fb19,0,2
p_e6f20e53,a_b2a0c953,1,3
p_083b23ee,a_cfdfc529,0,1
p_083b23ee,a_07dadac8,0,2
p_083b23ee,a_8d06b98e,1,3
p_cc28c80c,a_cfdfc529,0,1
p_cc28c80c,a_07dadac8,0,2
p_cc28c80c,a_892a94dd,1,3
p_ff4d1e4e,a_8791c681,0,1
p_ff4d1e4e,a_3c9859b5,1,3
p_f7e90316,a_8791c681,0,1
p_f7e90316,a_3c9859b5,1,3
p_1cc20b48,a_0f834476,0,1
p_1cc20b48,a_07082d17,0,2
p_1cc20b48,a_bb58525f,1,3
p_826bf6d6,a_0f834476,0,1
p_826bf6d6,a_07082d17,0,2
p_826bf6d6,a_bb58525f,1,3
p_96e505a9,a_cca79a5a,0,1
p_96e505a9,a_36617626,0,2
p_96e505a9,a_947904ea,1,3
p_10ea2cd6,a_cca79a5a,0,1
p_10ea2cd6,a_36617626,0,2
p_10ea2cd6,a_947904ea,1,3
p_3ad2b091,a_2c57410b,0,1
p_557a542a,a_229f5c57,0,1
p_557a542a,a_4c240133,0,2
p_557a542a,a_21abe252,1,3
p_df880bcb,a_229f5c57,0,1
p_df880bcb,a_4c240133,0,2
p_df880bcb,a_21abe252,1,3
p_017d6fd1,a_229f5c57,0,1
p_017d6fd1,a_1293f6dd,0,2
p_017d6fd1,a_21abe252,1,3
p_a924572d,a_47c9347e,0,1
p_a924572d,a_601c3b4c,1,3
p_7b7e4da3,a_47c9347e,0,1
p_7b7e4da3,a_601c3b4c,1,3
p_76c8ee3a,a_725cd6e2,0,1
p_76c8ee3a,a_065f90d4,1,3
p_1d082332,a_8685a719,0,1
p_1d082332,a_1b71dd1f,0,2
p_1d082332,a_bda23071,1,3
p_30643a25,a_6a9da394,0,1
p_30643a25,a_2aeaaf63,0,2
p_30643a25,a_45e057f0,1,3
p_178de45c,a_d25ef48e,0,1
p_178de45c,a_c68511c9,0,2
p_178de45c,a_0bfbda0f,1,3
p_509ebd6d,a_56747035,0,1
p_509ebd6d,a_896286fe,0,2
p_509ebd6d,a_652b5f11,1,3
p_694a7703,a_ba91099e,0,1
p_694a7703,a_b96e46b2,1,3
p_7999fb59,a_97c2e19b,0,1
p_7999fb59,a_b96e46b2,1,3
p_327b708e,a_c62d688b,0,1
p_327b708e,a_fba851dd,0,2
p_327b708e,a_230a65e6,1,3
p_bba44793,a_ad772062,0,1
p_bba44793,a_24b89273,0,2
p_bba44793,a_03a5ab58,1,3
p_b111e07a,a_896286fe,0,1
p_b111e07a,a_56747035,1,3
p_7401595b,a_3d04f428,0,1
p_7401595b,a_2d22d2bf,1,3
p_aa600ae0,a_82338785,0,1
p_aa600ae0,a_731adbf7,0,2
p_aa600ae0,a_34aedc30,1,3
p_932674c5,a_2aeaaf63,0,1
p_932674c5,a_3d04f428,0,2
p_932674c5,a_9f08fb19,1,3
p_7cb58f2c,a_567efb54,0,1
p_7cb58f2c,a_418d8454,0,2
p_7cb58f2c,a_bda23071,1,3
p_47f6872f,a_cfdfc529,0,1
p_47f6872f,a_892a94dd,1,3
p_d91f31d3,a_1b71dd1f,0,1
p_d91f31d3,a_8685a719,0,2
p_d91f31d3,a_3c9859b5,1,3
p_b2950114,a_725cd6e2,0,1
p_b2950114,a_03a5ab58,1,3
p_e80523c9,a_3d04f428,0,1
p_e80523c9,a_9ff71867,1,3
p_d2b1ef1b,a_2c57410b,0,1
p_0759d80f,a_2c57410b,0,1
p_763895c3,a_2c57410b,0,1
p_7d1aca35,a_2c57410b,0,1
p_7a75f7ef,a_725cd6e2,0,1
p_7a75f7ef,a_2cb30029,1,3
p_f33a81bc,a_725cd6e2,0,1
p_f33a81bc,a_2cb30029,1,3
p_17445a86,a_e4d1c84b,0,1
p_17445a86,a_97c2e19b,1,3
p_1b3a38ce,a_5cc0fd44,0,1
p_7377b67a,a_725cd6e2,0,1
p_7377b67a,a_2cb30029,1,3
p_c8f88dab,a_2c57410b,0,1
p_7254cb20,a_35d36244,0,1
p_bf8a51a9,a_35d36244,0,1
p_5e73b1a4,a_97554c05,0,1
p_1f98be64,a_57fd0ee4,0,1
p_1f4e0cd6,a_0fe2cd74,0,1
p_32febb4c,a_ba9d71e6,0,1
p_3afa3b1f,a_4b647701,0,1
p_3afa3b1f,a_80646835,1,3
p_dd2fedc0,a_4b647701,0,1
p_dd2fedc0,a_80646835,1,3
p_48c60354,a_4b647701,0,1
p_48c60354,a_80646835,1,3
p_c77e9ecb,a_34112778,0,1
p_c77e9ecb,a_9f08fb19,1,3
p_9e0025a5,a_34112778,0,1
p_9e0025a5,a_9f08fb19,1,3
p_3ad56faa,a_34112778,0,1
p_3ad56faa,a_0bfbda0f,1,3
p_ce84ba7d,a_b319852b,0,1
p_ce84ba7d,a_74c13cf9,1,3
p_6f29895f,a_b319852b,0,1
p_6f29895f,a_74c13cf9,1,3
p_5ee8115b,a_b319852b,0,1
p_5ee8115b,a_74c13cf9,1,3
p_9c93f5b8,a_7fb884bb,0,1
p_9c93f5b8,a_bb58525f,0,2
p_9c93f5b8,a_bda23071,1,3
p_97217573,a_8b57d71f,0,1
p_97217573,a_bb58525f,0,2
p_97217573,a_bda23071,1,3
p_00fdc688,a_b96e46b2,0,1
p_00fdc688,a_1c609243,0,2
p_00fdc688,a_7fb884bb,1,3
p_4016f070,a_a56d16b3,0,1
p_4016f070,a_c71c1882,0,2
p_4016f070,a_3a0c10c5,1,3
p_8bbbcbd2,a_a56d16b3,0,1
p_8bbbcbd2,a_c71c1882,0,2
p_8bbbcbd2,a_3a0c10c5,1,3
p_75bacc45,a_3e6ac5f2,0,1
p_75bacc45,a_b948aa04,0,2
p_75bacc45,a_8d06b98e,1,3
p_09a31d96,a_3e6ac5f2,0,1
p_09a31d96,a_b948aa04,0,2
p_09a31d96,a_8d06b98e,1,3
p_6bd4cb18,a_b2a0c953,0,1
p_6bd4cb18,a_4b647701,1,3
p_b09c5025,a_b2a0c953,0,1
p_b09c5025,a_4b647701,1,3
p_22308fcc,a_b2a0c953,0,1
p_22308fcc,a_34112778,1,3
p_db512e2e,a_b2a0c953,0,1
p_db512e2e,a_34112778,1,3
p_ee85c34a,a_b2a0c953,0,1
p_ee85c34a,a_b319852b,1,3
p_1a804c5b,a_b2a0c953,0,1
p_1a804c5b,a_b319852b,1,3
p_5f90d022,a_98b80711,0,1
p_5f90d022,a_0887a343,0,2
p_5f90d022,a_2cb30029,1,3
p_822cd7f5,a_98b80711,0,1
p_822cd7f5,a_0887a343,0,2
p_822cd7f5,a_2cb30029,1,3
p_688f8a9c,a_b5a1613d,0,1
p_688f8a9c,a_230a65e6,0,2
p_688f8a9c,a_93029957,1,3
p_a3c2abea,a_b5a1613d,0,1
p_a3c2abea,a_230a65e6,0,2
p_a3c2abea,a_93029957,1,3
p_1c5b97b2,a_b5a1613d,0,1
p_1c5b97b2,a_230a65e6,0,2
p_1c5b97b2,a_93029957,1,3
p_b3f1f2ca,a_d25ef48e,0,1
p_b3f1f2ca,a_ba91099e,0,2
p_b3f1f2ca,a_99018537,1,3
p_3ba2c866,a_d25ef48e,0,1
p_3ba2c866,a_ba91099e,0,2
p_3ba2c866,a_99018537,1,3
p_f62dc024,a_1b71dd1f,0,1
p_f62dc024,a_42a15ba8,0,2
p_f62dc024,a_3c9859b5,1,3
p_870be1ee,a_1b71dd1f,0,1
p_870be1ee,a_42a15ba8,0,2
p_870be1ee,a_3c9859b5,1,3
p_660bbb9e,a_1b71dd1f,0,1
p_660bbb9e,a_8791c681,0,2
p_660bbb9e,a_3c9859b5,1,3
p_33f48ea4,a_6a360997,0,1
p_33f48ea4,a_3def56fa,0,2
p_33f48ea4,a_d039d681,1,3
p_d9097c4c,a_6a360997,0,1
p_d9097c4c,a_3def56fa,0,2
p_d9097c4c,a_d039d681,1,3
p_cec76c79,a_c71c1882,0,1
p_cec76c79,a_3c9859b5,0,2
p_cec76c79,a_a496f747,1,3
p_2f87674d,a_c71c1882,0,1
p_2f87674d,a_3c9859b5,0,2
p_2f87674d,a_a496f747,1,3
p_c6f743a1,a_50cd1977,0,1
p_c6f743a1,a_652b5f11,0,2
p_c6f743a1,a_3def56fa,1,3
p_ed0eadfb,a_7c125a84,0,1
p_ed0eadfb,a_65d9ec6e,0,2
p_ed0eadfb,a_997b777b,1,3
p_a03b2eb3,a_7c125a84,0,1
p_a03b2eb3,a_65d9ec6e,0,2
p_a03b2eb3,a_997b777b,1,3
p_e19d803f,a_7c125a84,0,1
p_e19d803f,a_65d9ec6e,0,2
p_e19d803f,a_997b777b,1,3
p_91c09092,a_229f5c57,0,1
p_91c09092,a_35d36244,0,2
p_91c09092,a_1293f6dd,1,3
p_8c064eae,a_229f5c57,0,1
p_8c064eae,a_35d36244,0,2
p_8c064eae,a_1293f6dd,1,3
p_776419a4,a_229f5c57,0,1
p_776419a4,a_947904ea,0,2
p_776419a4,a_1293f6dd,1,3
p_88e9c5a8,a_7c125a84,0,1
p_88e9c5a8,a_07dadac8,0,2
p_88e9c5a8,a_a496f747,1,3
p_9f690a13,a_1b71dd1f,0,1
p_9f690a13,a_07dadac8,0,2
p_9f690a13,a_a496f747,1,3
p_99f869fa,a_1ea344d1,0,1
p_99f869fa,a_56747035,0,2
p_99f869fa,a_b99ab67a,1,3
p_92b03b56,a_896286fe,0,1
p_92b03b56,a_56747035,0,2
p_92b03b56,a_b99ab67a,1,3
p_73177b96,a_1ea344d1,0,1
p_73177b96,a_56747035,0,2
p_73177b96,a_b99ab67a,1,3
p_9227d3c3,a_e00dbd35,0,1
p_9227d3c3,a_1ea344d1,0,2
p_9227d3c3,a_ad772062,1,3
p_4dd233d9,a_e00dbd35,0,1
p_4dd233d9,a_1ea344d1,0,2
p_4dd233d9,a_ad772062,1,3
p_389067eb,a_e00dbd35,0,1
p_389067eb,a_1ea344d1,0,2
p_389067eb,a_ad772062,1,3
p_e440c697,a_8d06b98e,0,1
p_e440c697,a_d37ac899,0,2
p_e440c697,a_56747035,1,3
p_63646996,a_8d06b98e,0,1
p_63646996,a_d37ac899,0,2
p_63646996,a_56747035,1,3
p_72f099cc,a_56747035,0,1
p_72f099cc,a_6a9da394,0,2
p_72f099cc,a_896286fe,1,3
p_6e52d608,a_56747035,0,1
p_6e52d608,a_6a9da394,0,2
p_6e52d608,a_896286fe,1,3
p_e72a0f9a,a_0bfbda0f,0,1
p_e72a0f9a,a_567efb54,0,2
p_e72a0f9a,a_a496f747,1,3
p_5037c562,a_a56d16b3,0,1
p_5037c562,a_a88153cd,0,2
p_5037c562,a_a6de238b,1,3
p_ee4084ab,a_a56d16b3,0,1
p_ee4084ab,a_a88153cd,0,2
p_ee4084ab,a_a6de238b,1,3
p_259a9e14,a_a56d16b3,0,1
p_259a9e14,a_a88153cd,0,2
p_259a9e14,a_a6de238b,1,3
p_7aadb02a,a_c62d688b,0,1
p_7aadb02a,a_07dadac8,1,3
p_3fc31782,a_65d9ec6e,0,1
p_3fc31782,a_f465ea6d,1,3
p_a1af6156,a_1293f6dd,0,1
p_a1af6156,a_56747035,0,2
p_a1af6156,a_4c240133,1,3
p_a69c3214,a_1b71dd1f,0,1
p_a69c3214,a_74c13cf9,0,2
p_a69c3214,a_42a15ba8,1,3
p_cac2e83a,a_1b71dd1f,0,1
p_cac2e83a,a_74c13cf9,0,2
p_cac2e83a,a_42a15ba8,1,3
p_3e58e209,a_72847a9c,0,1
p_3e58e209,a_a88153cd,0,2
p_3e58e209,a_a56d16b3,1,3
p_a3f8a973,a_72847a9c,0,1
p_a3f8a973,a_a88153cd,0,2
p_a3f8a973,a_a56d16b3,1,3
p_c5595f41,a_efab29c1,0,1
p_c5595f41,a_71d496fb,0,2
p_c5595f41,a_24b89273,1,3
p_63cb0f79,a_263683e6,0,1
p_ce7164e7,a_263683e6,0,1
p_58aa512e,a_c68511c9,0,1
p_58aa512e,a_1b71dd1f,0,2
p_58aa512e,a_229f5c57,1,3
p_02df98a8,a_c68511c9,0,1
p_02df98a8,a_1b71dd1f,0,2
p_02df98a8,a_229f5c57,1,3
p_d2659a9e,a_a7ce3926,0,1
p_ee33a166,a_a7ce3926,0,1
p_2bebc7e1,a_e6b409d0,0,1
p_2bebc7e1,a_4d29c929,0,2
p_2bebc7e1,a_faaeb3e3,1,3
p_e5bb7429,a_e6b409d0,0,1
p_e5bb7429,a_42a15ba8,0,2
p_e5bb7429,a_faaeb3e3,1,3
p_db0b5811,a_13dc4688,0,1
p_75cc87a7,a_13dc4688,0,1
p_fdbeac1f,a_b490189c,0,1
p_fdbeac1f,a_af9da1de,0,2
p_fdbeac1f,a_b73042c9,1,3
p_89b621fa,a_b490189c,0,1
p_89b621fa,a_af9da1de,0,2
p_89b621fa,a_b73042c9,1,3
p_021d313d,a_03a5ab58,0,1
p_021d313d,a_53a406ed,0,2
p_021d313d,a_9e0b713e,1,3
p_6bc42b47,a_03a5ab58,0,1
p_6bc42b47,a_53a406ed,0,2
p_6bc42b47,a_9e0b713e,1,3
p_7741ec1c,a_03a5ab58,0,1
p_7741ec1c,a_53a406ed,0,2
p_7741ec1c,a_9e0b713e,1,3
p_ae38193d,a_b99ab67a,0,1
p_ae38193d,a_71d496fb,0,2
p_ae38193d,a_652b5f11,1,3
p_d2217a54,a_b99ab67a,0,1
p_d2217a54,a_71d496fb,0,2
p_d2217a54,a_652b5f11,1,3
p_c8b290a9,a_b99ab67a,0,1
p_c8b290a9,a_71d496fb,0,2
p_c8b290a9,a_652b5f11,1,3
p_b385bfaa,a_bb58525f,0,1
p_b385bfaa,a_b5a1613d,0,2
p_b385bfaa,a_35d36244,1,3
p_1d727182,a_bb58525f,0,1
p_1d727182,a_b5a1613d,0,2
p_1d727182,a_35d36244,1,3
p_ed24c802,a_2d22d2bf,0,1
p_ed24c802,a_3d04f428,0,2
p_ed24c802,a_42a15ba8,1,3
p_f480c792,a_2d22d2bf,0,1
p_f480c792,a_3d04f428,0,2
p_f480c792,a_42a15ba8,1,3
p_be6815fe,a_2d22d2bf,0,1
p_be6815fe,a_47c9347e,0,2
p_be6815fe,a_42a15ba8,1,3
p_ea25f732,a_56747035,0,1
p_ea25f732,a_99018537,0,2
p_ea25f732,a_fba851dd,1,3
p_b13834d1,a_56747035,0,1
p_b13834d1,a_99018537,0,2
p_b13834d1,a_fba851dd,1,3
p_601045a2,a_d6055983,0,1
p_601045a2,a_ba91099e,1,3
p_521a3310,a_1ea344d1,0,1
p_521a3310,a_72847a9c,0,2
p_521a3310,a_f95e52f4,1,3
p_696408ff,a_1ea344d1,0,1
p_696408ff,a_74c13cf9,0,2
p_696408ff,a_b99ab67a,1,3
p_9ae1627f,a_b67d65c2,0,1
p_9ae1627f,a_652b5f11,1,3
p_2b9ba017,a_b67d65c2,0,1
p_2b9ba017,a_652b5f11,1,3
p_7b5d896f,a_1293f6dd,0,1
p_7b5d896f,a_9ff71867,0,2
p_7b5d896f,a_b06fa828,1,3
p_ececb24d,a_1293f6dd,0,1
p_ececb24d,a_9ff71867,0,2
p_ececb24d,a_b06fa828,1,3
p_f4b05bf7,a_50cd1977,0,1
p_f4b05bf7,a_35d36244,0,2
p_f4b05bf7,a_652b5f11,1,3
p_a4ff2a11,a_b5a89028,0,1
p_a4ff2a11,a_4d998458,0,2
p_a4ff2a11,a_1ea344d1,1,3
p_428c92e5,a_b5a89028,0,1
p_428c92e5,a_4d998458,0,2
p_428c92e5,a_1ea344d1,1,3
p_287785eb,a_05357622,0,1
p_681bdcaf,a_05357622,0,1
p_681bdcaf,a_cca79a5a,1,3
p_7c32422d,a_ff9e1d74,0,1
p_7c32422d,a_e7537330,0,2
p_7c32422d,a_bdb0d5a5,1,3
p_8b5fa701,a_ff9e1d74,0,1
p_8b5fa701,a_e7537330,0,2
p_8b5fa701,a_bdb0d5a5,1,3
p_ac8c0316,a_ff9e1d74,0,1
p_ac8c0316,a_e7537330,0,2
p_ac8c0316,a_bdb0d5a5,1,3
p_63b1898c,a_2c57410b,0,1
p_10efd9b6,a_2c57410b,0,1
p_babeeff6,a_2c57410b,0,1
p_a7c1831e,a_2cb30029,0,1
p_a7c1831e,a_0887a343,0,2
p_a7c1831e,a_bda23071,1,3
p_b2a7b6f3,a_2cb30029,0,1
p_b2a7b6f3,a_0887a343,0,2
p_b2a7b6f3,a_bda23071,1,3
p_dead0b4e,a_e4d1c84b,0,1
p_dead0b4e,a_97c2e19b,0,2
p_dead0b4e,a_d37ac899,1,3
p_2f372431,a_e4d1c84b,0,1
p_2f372431,a_97c2e19b,0,2
p_2f372431,a_d37ac899,1,3
p_95672d72,a_e4d1c84b,0,1
p_95672d72,a_97c2e19b,0,2
p_95672d72,a_d37ac899,1,3
p_bf42f3ad,a_93029957,0,1
p_bf42f3ad,a_a496f747,0,2
p_bf42f3ad,a_4d998458,1,3
p_fd2ea492,a_93029957,0,1
p_fd2ea492,a_a496f747,0,2
p_fd2ea492,a_4d998458,1,3
p_a042c523,a_93029957,0,1
p_a042c523,a_a496f747,0,2
p_a042c523,a_4d998458,1,3
p_5d9504dd,a_3d04f428,0,1
p_5d9504dd,a_a88c001e,0,2
p_5d9504dd,a_ea1abf54,1,3
p_a3023f14,a_3d04f428,0,1
p_a3023f14,a_a88c001e,0,2
p_a3023f14,a_229f5c57,1,3
p_e57dd7af,a_2c57410b,0,1
p_8a8b8e9b,a_35d36244,0,1
p_8a8b8e9b,a_74c13cf9,0,2
p_8a8b8e9b,a_b99ab67a,1,3
p_0dfbf219,a_35d36244,0,1
p_0dfbf219,a_4d29c929,0,2
p_0dfbf219,a_b948aa04,1,3
p_10a8ace4,a_d6055983,0,1
p_10a8ace4,a_3e6ac5f2,0,2
p_10a8ace4,a_731adbf7,1,3
p_8fbeaf54,a_07dadac8,0,1
p_8fbeaf54,a_652b5f11,0,2
p_8fbeaf54,a_0bfbda0f,1,3
p_2ef7f6ba,a_07dadac8,0,1
p_2ef7f6ba,a_652b5f11,0,2
p_2ef7f6ba,a_0bfbda0f,1,3
p_b0b38613,a_3fe0d2c1,0,1
p_b0b38613,a_65d9ec6e,0,2
p_b0b38613,a_a496f747,1,3
p_df4ec9be,a_997b777b,0,1
p_df4ec9be,a_3def56fa,0,2
p_df4ec9be,a_f95e52f4,1,3
p_1b05691b,a_997b777b,0,1
p_1b05691b,a_3def56fa,0,2
p_1b05691b,a_f95e52f4,1,3
p_9f854bb9,a_d53f6dec,0,1
p_9f854bb9,a_07dadac8,0,2
p_9f854bb9,a_725cd6e2,1,3
p_f95a746e,a_d53f6dec,0,1
p_f95a746e,a_07dadac8,0,2
p_f95a746e,a_725cd6e2,1,3
p_80ee2fe3,a_0bfbda0f,0,1
p_80ee2fe3,a_99018537,0,2
p_80ee2fe3,a_601c3b4c,1,3
p_09963fb6,a_bb58525f,0,1
p_09963fb6,a_65d9ec6e,0,2
p_09963fb6,a_c62d688b,1,3
p_2fd541a7,a_bb58525f,0,1
p_2fd541a7,a_65d9ec6e,0,2
p_2fd541a7,a_d53f6dec,1,3
p_74341ded,a_b5a1613d,0,1
p_74341ded,a_b99ab67a,0,2
p_74341ded,a_42a15ba8,1,3
p_ff87456a,a_b5a1613d,0,1
p_ff87456a,a_b99ab67a,0,2
p_ff87456a,a_42a15ba8,1,3
p_4f88fce0,a_b2a0c953,0,1
p_4f88fce0,a_e4d1c84b,0,2
p_4f88fce0,a_e7fdba7e,1,3
p_5b035982,a_1ea344d1,0,1
p_5b035982,a_c62d688b,0,2
p_5b035982,a_72a87329,1,3
p_88a021a8,a_c62d688b,0,1
p_f4b3e1a7,a_c62d688b,0,1
p_4de7ad1c,a_2c57410b,0,1
p_935a984a,a_97c2e19b,0,1
p_935a984a,a_1ea344d1,1,3
p_adc36e6e,a_97c2e19b,0,1
p_adc36e6e,a_1ea344d1,1,3
p_8918dc2a,a_892a94dd,0,1
p_d078f9e5,a_892a94dd,0,1
p_0244e014,a_892a94dd,0,1
p_3191cd4b,a_8d06b98e,0,1
p_3191cd4b,a_d53f6dec,1,3
p_0f172982,a_8d06b98e,0,1
p_0f172982,a_d53f6dec,1,3
p_c50cca1f,a_62ae2e8e,0,1
p_7365569d,a_ebf44d3f,0,1
p_6f2d1ad0,a_3c9859b5,0,1
p_6f2d1ad0,a_65d9ec6e,1,3
p_1abdebcd,a_725cd6e2,0,1
p_9829b5b3,a_892a94dd,0,1
p_4c64f2e6,a_fba851dd,0,1
p_16b62d45,a_418d8454,0,1
p_bfea4c71,a_4b647701,0,1
p_bfea4c71,a_fa944206,1,3
p_fcffbcaf,a_4b647701,0,1
p_fcffbcaf,a_fa944206,1,3
p_b08174f7,a_4b647701,0,1
p_b08174f7,a_fa944206,1,3
p_50807741,a_34112778,0,1
p_50807741,a_2cf2dc07,1,3
p_54ba0b8f,a_34112778,0,1
p_54ba0b8f,a_2cf2dc07,1,3
p_461cdd49,a_34112778,0,1
p_461cdd49,a_2cf2dc07,1,3
p_151b27ad,a_b319852b,0,1
p_151b27ad,a_7215c9ea,1,3
p_1ad8e054,a_b319852b,0,1
p_1ad8e054,a_7215c9ea,1,3
p_87d6c5b9,a_b319852b,0,1
p_87d6c5b9,a_7215c9ea,1,3
p_545cc48b,a_1c609243,0,1
p_545cc48b,a_cecd362b,0,2
p_545cc48b,a_491c37d2,1,3
p_e26a87c6,a_1c609243,0,1
p_e26a87c6,a_cecd362b,0,2
p_e26a87c6,a_491c37d2,1,3
p_9fa10a80,a_b5a1613d,0,1
p_9fa10a80,a_f3f3ef64,1,3
p_6b28d38a,a_97c2e19b,0,1
p_6b28d38a,a_f3f3ef64,1,3
p_f171dc84,a_97c2e19b,0,1
p_f171dc84,a_f3f3ef64,1,3
p_196009f5,a_fb761663,0,1
p_196009f5,a_b5a89028,0,2
p_196009f5,a_a7b3047d,1,3
p_fab205e4,a_72847a9c,0,1
p_fab205e4,a_a7b3047d,1,3
p_b3fd3da9,a_fb761663,0,1
p_b3fd3da9,a_b5a89028,0,2
p_b3fd3da9,a_a7b3047d,1,3
p_cdae6e63,a_93029957,0,1
p_cdae6e63,a_4d998458,0,2
p_cdae6e63,a_a88153cd,1,3
p_491a5f93,a_93029957,0,1
p_491a5f93,a_4d998458,0,2
p_491a5f93,a_a88153cd,1,3
p_6a7eb5e8,a_3bc1b755,0,1
p_6a7eb5e8,a_06091c6b,1,3
p_9a496336,a_3bc1b755,0,1
p_9a496336,a_06091c6b,1,3
p_b1c6eab8,a_3bc1b755,0,1
p_b1c6eab8,a_06091c6b,1,3
p_f01160a9,a_99018537,0,1
p_f01160a9,a_bd1cb0f2,1,3
p_37264b34,a_99018537,0,1
p_37264b34,a_bd1cb0f2,1,3
p_13707f5d,a_997b777b,0,1
p_13707f5d,a_a496f747,0,2
p_13707f5d,a_3a0c10c5,1,3
p_c59e8747,a_997b777b,0,1
p_c59e8747,a_a496f747,0,2
p_c59e8747,a_3a0c10c5,1,3
p_038d4142,a_66631df8,0,1
p_0e075c16,a_bb58525f,0,1
p_0e075c16,a_d37ac899,0,2
p_0e075c16,a_6a9da394,1,3
p_94bba9df,a_bb58525f,0,1
p_94bba9df,a_d37ac899,0,2
p_94bba9df,a_8d06b98e,1,3
p_63acc066,a_f95e52f4,0,1
p_2ee25fd2,a_f95e52f4,0,1
p_8d9f7927,a_7a8b1757,0,1
p_f0983fce,a_50cd1977,0,1
p_f0983fce,a_b710f421,1,3
p_0d130cf3,a_50cd1977,0,1
p_0d130cf3,a_b710f421,1,3
p_d633c50e,a_a0bd1ee1,0,1
p_d633c50e,a_b948aa04,1,3
p_bac4f461,a_a0bd1ee1,0,1
p_bac4f461,a_b948aa04,1,3
p_30e52e67,a_80646835,0,1
p_30e52e67,a_cf82dcae,0,2
p_30e52e67,a_d37ac899,1,3
p_14c79c26,a_80646835,0,1
p_14c79c26,a_cf82dcae,0,2
p_14c79c26,a_d37ac899,1,3
p_da4bcd88,a_defe9b51,0,1
p_da4bcd88,a_07082d17,0,2
p_da4bcd88,a_065f90d4,1,3
p_9b8632fa,a_defe9b51,0,1
p_9b8632fa,a_07082d17,0,2
p_9b8632fa,a_065f90d4,1,3
p_b864792d,a_e00dbd35,0,1
p_b864792d,a_947904ea,0,2
p_b864792d,a_567efb54,1,3
p_a91fef02,a_e00dbd35,0,1
p_a91fef02,a_947904ea,0,2
p_a91fef02,a_567efb54,1,3
p_4b99b72d,a_cc5649d3,0,1
p_4a6f8770,a_cc5649d3,0,1
p_89c84b5f,a_36617626,0,1
p_89c84b5f,a_731adbf7,0,2
p_89c84b5f,a_a628d4fe,1,3
p_809ab63e,a_36617626,0,1
p_809ab63e,a_731adbf7,0,2
p_809ab63e,a_a628d4fe,1,3
p_bd3372de,a_52205b0b,0,1
p_bd3372de,a_1b71dd1f,1,3
p_2934b16a,a_52205b0b,0,1
p_2934b16a,a_63decacf,1,3
p_79ee0bca,a_b8d344db,0,1
p_79ee0bca,a_47c9347e,1,3
p_a58e726b,a_b8d344db,0,1
p_a58e726b,a_47c9347e,1,3
p_2e4599f4,a_b490189c,0,1
p_2e4599f4,a_57bf3120,1,3
p_9f4efaac,a_3e6ac5f2,0,1
p_9f4efaac,a_b948aa04,0,2
p_9f4efaac,a_a496f747,1,3
p_f0d74359,a_cecd362b,0,1
p_f0d74359,a_1c609243,0,2
p_f0d74359,a_ff9e1d74,1,3
p_2132aeab,a_bdb0d5a5,0,1
p_2132aeab,a_1b71dd1f,1,3
p_7af0dba6,a_99018537,0,1
p_7af0dba6,a_35d36244,0,2
p_7af0dba6,a_19fe5194,1,3
p_9820acaf,a_99018537,0,1
p_9820acaf,a_35d36244,0,2
p_9820acaf,a_19fe5194,1,3
p_f6187f1e,a_99018537,0,1
p_f6187f1e,a_35d36244,0,2
p_f6187f1e,a_19fe5194,1,3
p_330e2989,a_8d06b98e,0,1
p_330e2989,a_2cf2dc07,1,3
p_6b0a270e,a_57fd0ee4,0,1
p_6b0a270e,a_03a5ab58,0,2
p_6b0a270e,a_9f64aedf,1,3
p_53e62f55,a_57fd0ee4,0,1
p_53e62f55,a_03a5ab58,0,2
p_53e62f55,a_9f64aedf,1,3
p_5d4c6cc1,a_1c609243,0,1
p_5d4c6cc1,a_03a5ab58,0,2
p_5d4c6cc1,a_a09b2481,1,3
p_2458f020,a_1c609243,0,1
p_2458f020,a_03a5ab58,0,2
p_2458f020,a_a09b2481,1,3
p_759b076b,a_6a9da394,0,1
p_759b076b,a_2d22d2bf,0,2
p_759b076b,a_1b71dd1f,1,3
p_21a871ee,a_6a9da394,0,1
p_21a871ee,a_2d22d2bf,0,2
p_21a871ee,a_1b71dd1f,1,3
p_880906e2,a_03a5ab58,0,1
p_880906e2,a_d37ac899,0,2
p_880906e2,a_2cb30029,1,3
p_8bbd8a45,a_03a5ab58,0,1
p_8bbd8a45,a_d37ac899,0,2
p_8bbd8a45,a_2cb30029,1,3
p_93dc7e97,a_6123e01b,0,1
p_aad2103f,a_d5df8862,0,1
p_fc9860fa,a_9765fc9c,0,1
p_9919792a,a_bdb0d5a5,0,1
p_8a91119c,a_2cf2dc07,0,1
p_35b9da5e,a_1293f6dd,0,1
p_c1ffd7ef,a_4b647701,0,1
p_c1ffd7ef,a_519d7896,1,3
p_dd48bdde,a_4b647701,0,1
p_dd48bdde,a_519d7896,1,3
p_c0515915,a_4b647701,0,1
p_c0515915,a_519d7896,1,3
p_601905ef,a_34112778,0,1
p_601905ef,a_a56d16b3,1,3
p_18fdfece,a_34112778,0,1
p_18fdfece,a_a56d16b3,1,3
p_1fec2936,a_34112778,0,1
p_1fec2936,a_a56d16b3,1,3
p_cab87f9c,a_b319852b,0,1
p_cab87f9c,a_0e6755fe,1,3
p_a202cf46,a_b319852b,0,1
p_a202cf46,a_0e6755fe,1,3
p_71c7056b,a_b319852b,0,1
p_71c7056b,a_0e6755fe,1,3
p_97dcf870,a_bb58525f,0,1
p_97dcf870,a_b73042c9,0,2
p_97dcf870,a_1c609243,1,3
p_8d63bdcb,a_bb58525f,0,1
p_8d63bdcb,a_b73042c9,0,2
p_8d63bdcb,a_1c609243,1,3
p_0f0804e7,a_bb58525f,0,1
p_0f0804e7,a_b73042c9,0,2
p_0f0804e7,a_65d9ec6e,1,3
p_e9fde9f3,a_1b4b79d9,0,1
p_e9fde9f3,a_52205b0b,0,2
p_e9fde9f3,a_567efb54,1,3
p_2a18b3d9,a_1b4b79d9,0,1
p_2a18b3d9,a_52205b0b,0,2
p_2a18b3d9,a_567efb54,1,3
p_f9633c1c,a_1ea344d1,0,1
p_2740b16b,a_9f0c6ecf,0,1
p_d6753cdd,a_2c57410b,0,1
p_59ced13c,a_82338785,0,1
p_59ced13c,a_997b777b,0,2
p_59ced13c,a_a6de238b,1,3
p_8e60127b,a_82338785,0,1
p_8e60127b,a_997b777b,0,2
p_8e60127b,a_a6de238b,1,3
p_e9af0dc2,a_c73a9629,0,1
p_0e6cbfbf,a_3acdb0b8,0,1
p_0e6cbfbf,a_fb761663,0,2
p_0e6cbfbf,a_a0bd1ee1,1,3
p_717a40d2,a_3acdb0b8,0,1
p_717a40d2,a_fb761663,0,2
p_717a40d2,a_a0bd1ee1,1,3
p_b71807f8,a_bb58525f,0,1
p_b71807f8,a_b96e46b2,0,2
p_b71807f8,a_cfdfc529,1,3
p_94de8814,a_bb58525f,0,1
p_94de8814,a_c71c1882,0,2
p_94de8814,a_cfdfc529,1,3
p_b1c18330,a_5db640f1,0,1
p_9790f745,a_91eac760,0,1
p_9790f745,a_3e6ac5f2,0,2
p_9790f745,a_652b5f11,1,3
p_5d548d82,a_91eac760,0,1
p_5d548d82,a_3e6ac5f2,0,2
p_5d548d82,a_652b5f11,1,3
p_92b1a1b9,a_6a9da394,0,1
p_92b1a1b9,a_046c3d23,0,2
p_92b1a1b9,a_07dadac8,1,3
p_f494bed4,a_6a9da394,0,1
p_f494bed4,a_046c3d23,0,2
p_f494bed4,a_07dadac8,1,3
p_3333452d,a_e69f904a,0,1
p_3333452d,a_1293f6dd,1,3
p_26174be9,a_e69f904a,0,1
p_26174be9,a_1293f6dd,1,3
p_1d787a45,a_896286fe,0,1
p_1d787a45,a_80646835,1,3
p_d128f8d3,a_896286fe,0,1
p_d128f8d3,a_80646835,1,3
p_4729419d,a_8b57d71f,0,1
p_4729419d,a_b67d65c2,0,2
p_4729419d,a_64216c1d,1,3
p_d8082aaf,a_8b57d71f,0,1
p_d8082aaf,a_b67d65c2,0,2
p_d8082aaf,a_64216c1d,1,3
p_b7a3d22d,a_787b07b3,0,1
p_b7a3d22d,a_2aeaaf63,1,3
p_23326eea,a_787b07b3,0,1
p_23326eea,a_2aeaaf63,1,3
p_ca412bd1,a_10f76ae2,0,1
p_ca412bd1,a_3def56fa,0,2
p_ca412bd1,a_b490189c,1,3
p_9dd71ce3,a_10f76ae2,0,1
p_9dd71ce3,a_3def56fa,0,2
p_9dd71ce3,a_4d998458,1,3
p_234ab411,a_896286fe,0,1
p_234ab411,a_2aeaaf63,0,2
p_234ab411,a_a0bd1ee1,1,3
p_096f264d,a_896286fe,0,1
p_096f264d,a_2aeaaf63,0,2
p_096f264d,a_a0bd1ee1,1,3
p_8126f0ab,a_896286fe,0,1
p_8126f0ab,a_50a96bd1,0,2
p_8126f0ab,a_a0bd1ee1,1,3
p_43404e6a,a_3bc1b755,0,1
p_43404e6a,a_c9e0ba1c,0,2
p_43404e6a,a_57fd0ee4,1,3
p_e975e75e,a_07dadac8,0,1
p_e975e75e,a_2cb30029,0,2
p_e975e75e,a_06091c6b,1,3
p_7d10eaf1,a_50721e0a,0,1
p_7d10eaf1,a_d53f6dec,1,3
p_de0612c2,a_20bca705,0,1
p_bd40f304,a_1ed24eed,0,1
p_74cd351a,a_a80919df,0,1
p_74cd351a,a_731adbf7,1,3
p_add433ad,a_a80919df,0,1
p_add433ad,a_731adbf7,1,3
p_7f738698,a_4ea35598,0,1
p_7f738698,a_6a360997,1,3
p_091ce616,a_0f834476,0,1
p_acafbf2f,a_50d3f308,0,1
p_06a12b08,a_b22ae8ec,0,1
p_035dde54,a_365aedee,0,1
p_849b2991,a_74c13cf9,0,1
p_0182b726,a_05357622,0,1
p_0182b726,a_d25ef48e,0,2
p_0182b726,a_1b71dd1f,1,3
p_bac81a50,a_9d8d1e5c,0,1
p_b94c4a50,a_5b32e278,0,1
p_b94c4a50,a_52205b0b,0,2
p_b94c4a50,a_efab29c1,1,3
p_343780d2,a_a8a2e53c,0,1
p_343780d2,a_99018537,0,2
p_343780d2,a_45e057f0,1,3
p_b8689c72,a_22e2e02d,0,1
p_e57f84dd,a_fa944206,0,1
p_e57f84dd,a_601c3b4c,0,2
p_e57f84dd,a_b99ab67a,1,3
p_e89a7bbd,a_fa944206,0,1
p_e89a7bbd,a_601c3b4c,0,2
p_e89a7bbd,a_b99ab67a,1,3
p_5455442d,a_fa944206,0,1
p_5455442d,a_601c3b4c,0,2
p_5455442d,a_b99ab67a,1,3
p_6bfdf786,a_4ebde9b8,0,1
p_6bfdf786,a_2cb30029,1,3
p_500aa25b,a_7b2052ac,0,1
p_500aa25b,a_2cb30029,1,3
p_a205dd2f,a_147cce21,0,1
p_a205dd2f,a_2cb30029,1,3
p_ed532493,a_013edf89,0,1
p_ed532493,a_2cb30029,1,3
p_ef6c9e2d,a_6a360997,0,1
p_b27b461d,a_1b71dd1f,0,1
p_d13d36af,a_429364c2,0,1
p_e5d1e515,a_975bbed6,0,1
p_10a4b987,a_a5559f8d,0,1
p_3302abc5,a_a5559f8d,0,1
p_cf3c925a,a_a5559f8d,0,1
p_98f87550,a_a5559f8d,0,1
p_9123fbbb,a_a5559f8d,0,1
p_aedc64dc,a_a5559f8d,0,1
p_f39da835,a_a5559f8d,0,1
p_e97dfa42,a_094317c6,0,1
p_7ddf4ee2,a_0b317738,0,1
p_77df0ebd,a_af9da1de,0,1
p_e754a5e4,a_a5559f8d,0,1
p_87488d39,a_a5559f8d,0,1
p_b329e3e4,a_a5559f8d,0,1
p_ca20363b,a_a5559f8d,0,1
p_d8fb29ff,a_b2e93c65,0,1
p_ae2ba1f1,a_8685a719,0,1
p_c8d8cfbc,a_997b777b,0,1
p_685e6ec3,a_4b647701,0,1
p_685e6ec3,a_147cce21,1,3
p_ef70bd61,a_4b647701,0,1
p_ef70bd61,a_147cce21,1,3
p_c2946b78,a_4b647701,0,1
p_c2946b78,a_147cce21,1,3
p_294412cf,a_34112778,0,1
p_294412cf,a_13ccd39a,1,3
p_dde687c7,a_34112778,0,1
p_dde687c7,a_13ccd39a,1,3
p_4361bcd7,a_34112778,0,1
p_4361bcd7,a_13ccd39a,1,3
p_7d0e028d,a_b319852b,0,1
p_7d0e028d,a_07082d17,1,3
p_55a6d177,a_b319852b,0,1
p_55a6d177,a_07082d17,1,3
p_aa4ec858,a_b319852b,0,1
p_aa4ec858,a_07082d17,1,3
p_09f90587,a_cecd362b,0,1
p_09f90587,a_b2a0c953,1,3
p_2e0a4ae3,a_cecd362b,0,1
p_2e0a4ae3,a_b2a0c953,1,3
p_285038c2,a_bb58525f,0,1
p_285038c2,a_4d998458,0,2
p_285038c2,a_b5a1613d,1,3
p_16c44746,a_bb58525f,0,1
p_16c44746,a_4d998458,0,2
p_16c44746,a_b5a1613d,1,3
p_b2cef8b5,a_725cd6e2,0,1
p_b2cef8b5,a_4d998458,0,2
p_b2cef8b5,a_bc1178c4,1,3
p_3b9d1bb8,a_1ea344d1,0,1
p_3b9d1bb8,a_b5a89028,0,2
p_3b9d1bb8,a_2cb30029,1,3
p_b5319255,a_1ea344d1,0,1
p_b5319255,a_b5a89028,0,2
p_b5319255,a_2cb30029,1,3
p_0e9167e0,a_1ea344d1,0,1
p_0e9167e0,a_03a5ab58,0,2
p_0e9167e0,a_2cb30029,1,3
p_33278401,a_7fb884bb,0,1
p_33278401,a_b948aa04,0,2
p_33278401,a_1b4b79d9,1,3
p_d967f20b,a_7fb884bb,0,1
p_d967f20b,a_b948aa04,0,2
p_d967f20b,a_1b4b79d9,1,3
p_3f77527f,a_aff5aa3e,0,1
p_3f77527f,a_652b5f11,0,2
p_3f77527f,a_b67d65c2,1,3
p_38ef26e2,a_aff5aa3e,0,1
p_38ef26e2,a_652b5f11,0,2
p_38ef26e2,a_b67d65c2,1,3
p_f23c049b,a_10f76ae2,0,1
p_f23c049b,a_7fb884bb,0,2
p_f23c049b,a_fa944206,1,3
p_201fdc80,a_10f76ae2,0,1
p_201fdc80,a_cfdfc529,0,2
p_201fdc80,a_fa944206,1,3
p_484ce831,a_52205b0b,0,1
p_484ce831,a_74c13cf9,0,2
p_484ce831,a_229f5c57,1,3
p_188ab6a7,a_52205b0b,0,1
p_188ab6a7,a_74c13cf9,0,2
p_188ab6a7,a_229f5c57,1,3
p_ab176bcf,a_16915479,0,1
p_ab176bcf,a_ea1abf54,1,3
p_39bfe34e,a_52205b0b,0,1
p_39bfe34e,a_53a406ed,1,3
p_dd6a3fca,a_273d2636,0,1
p_dd6a3fca,a_9f6196d0,0,2
p_dd6a3fca,a_e4d1c84b,1,3
p_3e099db5,a_273d2636,0,1
p_3e099db5,a_97c2e19b,0,2
p_3e099db5,a_e4d1c84b,1,3
p_829a9937,a_273d2636,0,1
p_829a9937,a_97c2e19b,0,2
p_829a9937,a_e4d1c84b,1,3
p_8a4635d2,a_19229530,0,1
p_8a4635d2,a_b2a0c953,0,2
p_8a4635d2,a_fa944206,1,3
p_04018088,a_19229530,0,1
p_04018088,a_b2a0c953,0,2
p_04018088,a_c62d688b,1,3
p_006cbd58,a_19229530,0,1
p_006cbd58,a_b2a0c953,0,2
p_006cbd58,a_9f08fb19,1,3
p_50debd56,a_7949c046,0,1
p_50debd56,a_72847a9c,0,2
p_50debd56,a_731adbf7,1,3
p_6febeb23,a_7949c046,0,1
p_6febeb23,a_72847a9c,0,2
p_6febeb23,a_731adbf7,1,3
p_0e6ff850,a_49550b34,0,1
p_2d982552,a_229f5c57,0,1
p_2d982552,a_4696dd00,1,3
p_6b0eccff,a_229f5c57,0,1
p_6b0eccff,a_4696dd00,1,3
p_f94fdaf8,a_ea1abf54,0,1
p_f94fdaf8,a_d6055983,0,2
p_f94fdaf8,a_3def56fa,1,3
p_45135e39,a_3eef9664,0,1
p_45135e39,a_ff9e1d74,0,2
p_45135e39,a_af9da1de,1,3
p_d39fb82a,a_e4d1c84b,0,1
p_d39fb82a,a_e7fdba7e,0,2
p_d39fb82a,a_97c2e19b,1,3
p_b1bb230e,a_e4d1c84b,0,1
p_b1bb230e,a_e7fdba7e,0,2
p_b1bb230e,a_97c2e19b,1,3
p_f6b7668c,a_3e6ac5f2,0,1
p_f6b7668c,a_af9da1de,1,3
p_7759665e,a_3e6ac5f2,0,1
p_7759665e,a_af9da1de,1,3
p_a3bd5651,a_42a15ba8,0,1
p_a3bd5651,a_9ff71867,1,3
p_5d927e94,a_42a15ba8,0,1
p_5d927e94,a_9ff71867,1,3
p_b60c4745,a_50cd1977,0,1
p_b60c4745,a_cca79a5a,0,2
p_b60c4745,a_3d05547e,1,3
p_f04ca75c,a_50cd1977,0,1
p_f04ca75c,a_cca79a5a,0,2
p_f04ca75c,a_3d05547e,1,3
p_bbdf15eb,a_50cd1977,0,1
p_bbdf15eb,a_cca79a5a,0,2
p_bbdf15eb,a_3d05547e,1,3
p_9ad812a7,a_8d06b98e,0,1
p_9ad812a7,a_03a5ab58,0,2
p_9ad812a7,a_065f90d4,1,3
p_fe6e2ac2,a_8d06b98e,0,1
p_fe6e2ac2,a_03a5ab58,0,2
p_fe6e2ac2,a_065f90d4,1,3
p_a3da52c7,a_8d06b98e,0,1
p_a3da52c7,a_03a5ab58,0,2
p_a3da52c7,a_065f90d4,1,3
p_6617666d,a_0bfbda0f,0,1
p_6617666d,a_7c125a84,0,2
p_6617666d,a_d53f6dec,1,3
p_0a3c571b,a_0f834476,0,1
p_0a3c571b,a_defe9b51,0,2
p_0a3c571b,a_c989b4dc,1,3
p_044681a8,a_42a15ba8,0,1
p_044681a8,a_00534cdb,1,3
p_71ca9670,a_cfdfc529,0,1
p_71ca9670,a_3a0c10c5,1,3
p_686fc877,a_5b424c56,0,1
p_686fc877,a_2a3cd39d,0,2
p_686fc877,a_2d22d2bf,1,3
p_5d22a35c,a_843633f9,0,1
p_c6ec8f64,a_a0bd1ee1,0,1
p_c6ec8f64,a_b710f421,1,3
p_5e1a4e8b,a_a0bd1ee1,0,1
p_5e1a4e8b,a_b710f421,1,3
p_e355d359,a_0f834476,0,1
p_e355d359,a_d53f6dec,1,3
p_982be643,a_d25ef48e,0,1
p_982be643,a_4ebde9b8,1,3
p_c2e72210,a_fb761663,0,1
p_c2e72210,a_9f33f5a8,1,3
p_72a9ad6d,a_fb761663,0,1
p_72a9ad6d,a_9f33f5a8,1,3
p_c788530d,a_1f127da3,0,1
p_51a11bab,a_a8faaa13,0,1
p_8a08fe1f,a_07dadac8,0,1
p_8a08fe1f,a_0887a343,0,2
p_8a08fe1f,a_7b2052ac,1,3
p_2818acda,a_2fe4ca77,0,1
p_e42902eb,a_65d9ec6e,0,1
p_e42902eb,a_0b23fb42,1,3
p_6739ee20,a_65d9ec6e,0,1
p_6739ee20,a_0b23fb42,1,3
p_6cb4b3ee,a_b2e93c65,0,1
p_6cb4b3ee,a_c62d688b,0,2
p_6cb4b3ee,a_c71c1882,1,3
p_84c0a555,a_b2e93c65,0,1
p_84c0a555,a_d6055983,0,2
p_84c0a555,a_a88c001e,1,3
p_4261e120,a_1293f6dd,0,1
p_4261e120,a_52205b0b,0,2
p_4261e120,a_c71c1882,1,3
p_7cc9e687,a_1293f6dd,0,1
p_7cc9e687,a_2d22d2bf,0,2
p_7cc9e687,a_a88c001e,1,3
p_c83ff981,a_b5724cba,0,1
p_c83ff981,a_0b23fb42,0,2
p_c83ff981,a_454a06a6,1,3
p_f7f3b79f,a_bdb0d5a5,0,1
p_f7f3b79f,a_d37ac899,0,2
p_f7f3b79f,a_9ff71867,1,3
p_d73ef4d8,a_bdb0d5a5,0,1
p_d73ef4d8,a_d37ac899,0,2
p_d73ef4d8,a_9ff71867,1,3
p_bb404b90,a_bdb0d5a5,0,1
p_bb404b90,a_d37ac899,0,2
p_bb404b90,a_9ff71867,1,3
p_2f5efa16,a_35582f58,0,1
p_d36c951e,a_06994277,0,1
p_0df6fa47,a_725cd6e2,0,1
p_d0c78d1c,a_07dadac8,0,1
p_360bf891,a_eeb3e064,0,1
p_29c74197,a_896286fe,0,1
p_210faeab,a_d990cf7e,0,1
p_94aa3751,a_a8f733d3,0,1
p_b316cd1e,a_00d2220d,0,1
p_66eff00d,a_1a87ad1e,0,1
p_cfdb94d6,a_4d998458,0,1
p_c6fb5a97,a_725cd6e2,0,1
p_794653f4,a_725cd6e2,0,1
p_850f6d14,a_725cd6e2,0,1
p_b1f6f274,a_cca79a5a,0,1
p_b1f6f274,a_b99ab67a,1,3
p_c76b4167,a_cca79a5a,0,1
p_c76b4167,a_b99ab67a,1,3
p_4ced388a,a_fba851dd,0,1
p_ee320ccf,a_2c57410b,0,1
p_35f4a831,a_2c57410b,0,1
p_d78209af,a_2c57410b,0,1
p_b83fec82,a_2c57410b,0,1
p_131c69d9,a_2c57410b,0,1
p_abd8d6dc,a_2c57410b,0,1
p_aa4101ab,a_e338c38e,0,1
p_acd755ca,a_e338c38e,0,1
p_fe73762c,a_e338c38e,0,1
p_c011b32b,a_63decacf,0,1
p_c011b32b,a_567efb54,0,2
p_c011b32b,a_a496f747,1,3
p_14f36992,a_65d9ec6e,0,1
p_14f36992,a_f465ea6d,1,3
p_861265e9,a_fba851dd,0,1
p_3d36a67b,a_652b5f11,0,1
p_8f6a213f,a_b2e93c65,0,1
p_2246cc78,a_a56d16b3,0,1
p_55bfcd6d,a_ebf44d3f,0,1
p_dec7c4bc,a_62ae2e8e,0,1
p_91e46a43,a_892a94dd,0,1
p_dc066184,a_bb58525f,0,1
p_dc066184,a_d37ac899,0,2
p_dc066184,a_53a406ed,1,3
p_6f3869b5,a_7a8b1757,0,1
p_452982db,a_1c609243,0,1
p_452982db,a_03a5ab58,0,2
p_452982db,a_a09b2481,1,3
p_0bc3e295,a_1c609243,0,1
p_0bc3e295,a_03a5ab58,0,2
p_0bc3e295,a_a09b2481,1,3
p_34eb35b1,a_1c609243,0,1
p_34eb35b1,a_03a5ab58,0,2
p_34eb35b1,a_a09b2481,1,3
p_67419f50,a_1c609243,0,1
p_67419f50,a_03a5ab58,0,2
p_67419f50,a_a09b2481,1,3
p_6b5791ff,a_1c609243,0,1
p_6b5791ff,a_03a5ab58,0,2
p_6b5791ff,a_a09b2481,1,3
p_ed238d38,a_1c609243,0,1
p_ed238d38,a_03a5ab58,0,2
p_ed238d38,a_a09b2481,1,3
p_2eff5b16,a_9f08fb19,0,1
p_7fae587d,a_defe9b51,0,1
p_c444bf6a,a_8bd68dfb,0,1
p_55021023,a_cc5649d3,0,1
p_1911b151,a_5f2264a8,0,1
p_e262c488,a_9e0b713e,0,1
p_ce508a3e,a_3ec50b4c,0,1
p_e83f8be5,a_5e039a96,0,1
p_409ec8ef,a_a496f747,0,1
p_32e4efad,a_defe9b51,0,1
p_40107d44,a_cfdfc529,0,1
p_04aefda5,a_a09b2481,0,1
p_425b9571,a_a496f747,0,1
p_263617d9,a_af9da1de,0,1
p_5f65cdfe,a_b73042c9,0,1
p_23c8309b,a_a628d4fe,0,1
p_e188761a,a_8791c681,0,1
p_d2d65f8f,a_ad772062,0,1
p_6ba7451e,a_57bf3120,0,1
p_0f069a0b,a_491c37d2,0,1
p_0ad6ba17,a_738a7ea7,0,1
p_038e95d1,a_4b597dfc,0,1
p_74c47dc2,a_a56d16b3,0,1
p_a8f5f853,a_8d06b98e,0,1
p_38997265,a_3d05547e,0,1
p_99122174,a_3c9859b5,0,1
p_197a5393,a_567efb54,0,1
p_155e5fdc,a_47c9347e,0,1
p_bdafded7,a_3bc1b755,0,1
p_bdafded7,a_06091c6b,1,3
p_f1328d30,a_2c57410b,0,1
p_3bf01c93,a_2c57410b,0,1
p_cc66895d,a_229f5c57,0,1
p_ef76ca2f,a_d25ef48e,0,1
p_2d8284b7,a_3d05547e,0,1
p_95caf904,a_57bf3120,0,1
p_4ab43893,a_07dadac8,0,1
p_1c2b0efe,a_50cd1977,0,1
p_121d0304,a_52205b0b,0,1
p_01d0ee1d,a_74c13cf9,0,1
p_26a0ccd4,a_3c9859b5,0,1
p_5c025fbc,a_f95e52f4,0,1
p_71478efe,a_b8d344db,0,1
p_2d987943,a_3d05547e,0,1
p_f72682eb,a_defe9b51,0,1
p_6bacd4c8,a_1fdb5f3f,0,1
p_bcc71689,a_761e52bb,0,1
p_97585788,a_6d9e2f27,0,1
p_cc508049,a_d6055983,0,1
p_cc508049,a_d25ef48e,1,3
p_240dbe3f,a_d6055983,0,1
p_240dbe3f,a_d25ef48e,1,3
p_77e6af98,a_d6055983,0,1
p_77e6af98,a_d25ef48e,1,3
p_06a17f5b,a_d6055983,0,1
p_06a17f5b,a_d25ef48e,1,3
p_2483e2af,a_d6055983,0,1
p_2483e2af,a_d25ef48e,1,3
p_f2abfea9,a_d6055983,0,1
p_f2abfea9,a_d25ef48e,1,3
p_2b2e05a9,a_2cf2dc07,0,1
p_76ebb936,a_65d9ec6e,0,1
p_f4b4a84b,a_3a0c10c5,0,1
p_9c7d8f1c,a_5e039a96,0,1
p_6beb481a,a_567efb54,0,1
p_fbd17c82,a_b2a0c953,0,1
p_fbd17c82,a_c62d688b,0,2
p_fbd17c82,a_9f08fb19,1,3
p_3810560f,a_b2a0c953,0,1
p_3810560f,a_c62d688b,0,2
p_3810560f,a_9f08fb19,1,3
p_567194e1,a_b2a0c953,0,1
p_567194e1,a_c62d688b,0,2
p_567194e1,a_9f08fb19,1,3
p_c2b97f4d,a_d6055983,0,1
p_c2b97f4d,a_d25ef48e,1,3
p_4f7cf831,a_d6055983,0,1
p_4f7cf831,a_d25ef48e,1,3
p_72e15826,a_d6055983,0,1
p_72e15826,a_d25ef48e,1,3
p_084c68e1,a_d6055983,0,1
p_084c68e1,a_d25ef48e,1,3
p_c228043a,a_d6055983,0,1
p_c228043a,a_d25ef48e,1,3
p_b0f9a90a,a_d6055983,0,1
p_b0f9a90a,a_d25ef48e,1,3
p_7de09c8a,a_6b69640b,0,1
p_9697e07a,a_3d04f428,0,1
p_9697e07a,a_a88c001e,1,3
p_a1371d89,a_3d04f428,0,1
p_a1371d89,a_a88c001e,1,3
p_d80900af,a_3d04f428,0,1
p_d80900af,a_47c9347e,1,3
p_64ddc5cf,a_3d04f428,0,1
p_64ddc5cf,a_47c9347e,1,3
p_6ee65f80,a_731adbf7,0,1
p_6ee65f80,a_48b3460a,0,2
p_6ee65f80,a_3c9859b5,1,3
p_3e912778,a_731adbf7,0,1
p_3e912778,a_48b3460a,0,2
p_3e912778,a_3c9859b5,1,3
p_6de7b05a,a_1c609243,0,1
p_6de7b05a,a_af9da1de,0,2
p_6de7b05a,a_ea1abf54,1,3
p_80935eee,a_66631df8,0,1
p_80935eee,a_af9da1de,0,2
p_80935eee,a_ea1abf54,1,3
p_1e116de1,a_8685a719,0,1
p_1e116de1,a_1b71dd1f,0,2
p_1e116de1,a_5a40de1c,1,3
p_180abdd1,a_8685a719,0,1
p_180abdd1,a_1b71dd1f,0,2
p_180abdd1,a_5a40de1c,1,3
p_77f0fcf3,a_8685a719,0,1
p_77f0fcf3,a_1b71dd1f,0,2
p_77f0fcf3,a_5a40de1c,1,3
p_e3cc89d4,a_947904ea,0,1
p_e3cc89d4,a_b2a0c953,0,2
p_e3cc89d4,a_9be8fc0a,1,3
p_be001927,a_947904ea,0,1
p_be001927,a_b2a0c953,0,2
p_be001927,a_9be8fc0a,1,3
p_469038b4,a_03a5ab58,0,1
p_469038b4,a_9f64aedf,1,3
p_7c237b0a,a_9ff71867,0,1
p_7c237b0a,a_d25ef48e,0,2
p_7c237b0a,a_63decacf,1,3
p_705841a0,a_e0e2e944,0,1
p_6ad8b37f,a_e0e2e944,0,1
p_cd3af449,a_4d64eb56,0,1
p_d51aa578,a_4d64eb56,0,1
p_8055d81a,a_4d64eb56,0,1
p_7132c02f,a_1b4b79d9,0,1
p_7132c02f,a_52205b0b,0,2
p_7132c02f,a_567efb54,1,3
p_618bc2f8,a_2c57410b,0,1
p_c510c8dd,a_c73a9629,0,1
p_96090477,a_c73a9629,0,1
p_1fb302d0,a_c73a9629,0,1
p_ccf81d76,a_bb58525f,0,1
p_ccf81d76,a_b96e46b2,0,2
p_ccf81d76,a_f95e52f4,1,3
p_4c1c93cf,a_5db640f1,0,1
p_6bfe784b,a_896286fe,0,1
p_6bfe784b,a_80646835,1,3
p_19f2572f,a_787b07b3,0,1
p_19f2572f,a_2aeaaf63,1,3
p_13d01f9a,a_b22ae8ec,0,1
p_423b61dc,a_b22ae8ec,0,1
p_26da5dce,a_b22ae8ec,0,1
p_f909329c,a_b22ae8ec,0,1
p_6f0329bf,a_b22ae8ec,0,1
p_ce6adfe1,a_b22ae8ec,0,1
p_fd52e986,a_b22ae8ec,0,1
p_232d7dbf,a_b22ae8ec,0,1
p_44339eb1,a_b22ae8ec,0,1
p_7ec30e71,a_b22ae8ec,0,1
p_0b6d3984,a_b22ae8ec,0,1
p_e6d8a37a,a_b22ae8ec,0,1
p_7598b3c4,a_b22ae8ec,0,1
p_d32a8511,a_9d8d1e5c,0,1
p_9eda7881,a_9d8d1e5c,0,1
p_6d2547fc,a_9d8d1e5c,0,1
p_deb0abb8,a_fa944206,0,1
p_deb0abb8,a_601c3b4c,0,2
p_deb0abb8,a_b99ab67a,1,3
p_e6b9aa69,a_0b317738,0,1
p_317636e0,a_d6055983,0,1
p_317636e0,a_d25ef48e,1,3
p_ebfbfabd,a_9ff71867,0,1
p_ebfbfabd,a_d25ef48e,0,2
p_ebfbfabd,a_63decacf,1,3
p_499f8787,a_3acdb0b8,0,1
p_499f8787,a_fb761663,0,2
p_499f8787,a_a0bd1ee1,1,3
p_93bc2619,a_6a9da394,0,1
p_d497187a,a_defe9b51,0,1
p_c08f6152,a_e69f904a,0,1
p_c08f6152,a_1293f6dd,1,3
p_a66d86b2,a_05357622,0,1
p_a66d86b2,a_d25ef48e,0,2
p_a66d86b2,a_1b71dd1f,1,3
p_dedabc81,a_094317c6,0,1
p_1caf0a35,a_094317c6,0,1
p_1afff469,a_bdfdf6e5,0,1
p_fcc7dfd7,a_d6055983,0,1
p_fcc7dfd7,a_d25ef48e,1,3
p_daac84e1,a_7fb884bb,0,1
p_daac84e1,a_567efb54,0,2
p_daac84e1,a_cca79a5a,1,3
p_d1037b13,a_d6055983,0,1
p_d1037b13,a_d25ef48e,1,3
p_956806b2,a_1c609243,0,1
p_956806b2,a_defe9b51,0,2
p_956806b2,a_4d998458,1,3
p_bdc8a3d7,a_7fb884bb,0,1
p_bdc8a3d7,a_4c4136dc,0,2
p_bdc8a3d7,a_cca79a5a,1,3
p_1484a81b,a_7fb884bb,0,1
p_1484a81b,a_4c4136dc,0,2
p_1484a81b,a_cca79a5a,1,3
p_bc7c63ac,a_b2a0c953,0,1
p_bc7c63ac,a_6a9da394,0,2
p_bc7c63ac,a_652b5f11,1,3
p_b3bd6222,a_5f6f0b73,0,1
p_b3bd6222,a_6a9da394,0,2
p_b3bd6222,a_652b5f11,1,3
p_ac98fc65,a_cfdfc529,0,1
p_ac98fc65,a_3a0c10c5,1,3
p_6b6fb291,a_2c57410b,0,1
p_6b6fb291,a_6597013d,0,2
p_6b6fb291,a_013edf89,1,3
p_89721913,a_b96e46b2,0,1
p_89721913,a_2a3cd39d,0,2
p_89721913,a_2d22d2bf,1,3
p_a5c9b715,a_53a406ed,0,1
p_59188a72,a_d53f6dec,0,1
p_629abb38,a_a8a2e53c,0,1
p_a2d39e11,a_6aa99bd9,0,1
p_a2d39e11,a_6a9da394,0,2
p_a2d39e11,a_652b5f11,1,3
p_39daae0c,a_42a15ba8,0,1
p_39daae0c,a_9ff71867,1,3
p_ffda1da3,a_1c609243,0,1
p_ffda1da3,a_b2a0c953,0,2
p_ffda1da3,a_f0c1322e,1,3
p_4f9a92c7,a_1c609243,0,1
p_4f9a92c7,a_b2a0c953,0,2
p_4f9a92c7,a_f0c1322e,1,3
p_861bf7c8,a_c62d688b,0,1
p_861bf7c8,a_07dadac8,1,3
p_7052e755,a_00afa0ba,0,1
p_7052e755,a_f465ea6d,1,3
p_b1babd1d,a_00afa0ba,0,1
p_b1babd1d,a_f465ea6d,1,3
p_cbbafb8a,a_843633f9,0,1
p_8baedeab,a_79e035f7,0,1
p_454216cf,a_9765fc9c,0,1
p_09791791,a_49550b34,0,1
p_fbae352a,a_49550b34,0,1
p_843e2cac,a_3eef9664,0,1
p_843e2cac,a_e7537330,0,2
p_843e2cac,a_af9da1de,1,3
p_35ed34ec,a_a8faaa13,0,1
p_e43dfab0,a_6a9da394,0,1
p_e43dfab0,a_0887a343,0,2
p_e43dfab0,a_7b2052ac,1,3
p_bf469e28,a_2fe4ca77,0,1
p_1cecd7d3,a_35582f58,0,1
p_e2a76a4d,a_06994277,0,1
p_2c39f244,a_725cd6e2,0,1
p_095b14bb,a_eeb3e064,0,1
p_f3ff9cea,a_896286fe,0,1
p_519049e9,a_2030c067,0,1
p_9c1b40de,a_105a1d11,0,1
p_c203f43d,a_fa71c14d,0,1
p_49ba9f86,a_48f76a8e,0,2
p_909d9de8,a_c3abd698,1,3
p_07dbc2ec,a_59f52a18,0,2
p_8b331de2,a_d37ac899,0,2
p_208d1bfb,a_0bfbda0f,1,3
p_565f4e4f,a_90ef20e3,0,1
p_e72a0f9a,a_c3243fb1,0,2
p_957b9638,a_ca4b5517,0,2
p_dbd7cf07,a_0c0fa10b,0,2
p_42e8fbbb,a_7360df9c,0,1
p_90771f73,a_0f2182ef,0,1
p_db0695da,a_851bd6e7,0,1
p_77e6af98,a_383800f8,1,3
p_dbbac93f,a_d24a9895,1,3
p_82c7b207,a_aff5aa3e,0,1
p_792f3d33,a_3c9859b5,0,2
p_14b3f019,a_c62d688b,1,3
p_ae38193d,a_1edc8b53,1,3
p_c060b130,a_229f5c57,0,2
p_4f81ccee,a_df4faec7,1,3
p_7a661ede,a_4e48e3b2,0,2
p_9303066c,a_4d998458,1,3
p_757aa842,a_b2a0c953,0,1
p_90771f73,a_4e48e3b2,1,3
p_76c7544b,a_d36f5979,1,3
p_9cc7e0a1,a_454bf32c,0,1
p_a58f52d9,a_4d998458,1,3
p_de171419,a_0fe2cd74,0,1
p_f812aee4,a_1ea344d1,0,1
p_48285516,a_6c788564,0,1
p_33c16246,a_4d998458,0,2
p_7698f7ed,a_a496f747,1,3
p_4486ed4d,a_e6b409d0,0,1
p_1911b151,a_3c856807,0,1
p_14f36992,a_56e464cc,1,3
p_0182b726,a_8d9e293b,1,3
p_3937b865,a_851bd6e7,1,3
p_2fe6bba7,a_7c125a84,0,2
p_74c47dc2,a_df4faec7,0,1
p_3e9c4c96,a_a78f6a2b,1,3
p_a275f9c8,a_b490189c,0,1
p_b3fd3da9,a_80ed7956,1,3
p_48dd526d,a_42dc23e4,0,1
p_aedc64dc,a_17f67c52,0,1
p_e36f333a,a_4e03d45d,0,1
p_a0f8647e,a_27c63d6f,0,1
p_f13b10dc,a_2c57410b,0,1
p_bb70ca7d,a_ff9e1d74,0,1
p_50d5fbe8,a_229f5c57,1,3
p_4bb19edd,a_b96e46b2,0,1
p_09963fb6,a_7140f2c0,0,1
p_56495143,a_b99ab67a,0,1
p_53ca299a,a_1edc8b53,1,3
p_d2217a54,a_1edc8b53,1,3
p_18fdfece,a_df4faec7,1,3
p_9254b2cb,a_0f2182ef,0,2
p_1964999e,a_0f2182ef,0,1
p_09159dbf,a_53a406ed,1,3
p_e23b0b20,a_7140f2c0,0,2
p_1ac34160,a_2e1eba80,0,1
p_7cdd7095,a_4b647701,0,1
p_2a18b3d9,a_7ec37374,0,1
p_47e4cafe,a_7360df9c,0,1
p_223d7565,a_6f9835c2,1,3
p_6d2ecc60,a_0bfbda0f,1,3
p_809ab63e,a_3cbc03e6,0,2
p_53ca299a,a_1edc8b53,1,3
p_4c204b7b,a_3cbc03e6,1,3
p_1964999e,a_c62d688b,1,3
p_a2552e68,a_383800f8,1,3
p_b8d1b58f,a_cca79a5a,0,1
p_ed62803b,a_d36f5979,0,1
p_6ea5d789,a_64216c1d,1,3
p_cc476b7a,a_c3243fb1,1,3
p_3f5f50f1,a_8d9e293b,0,2
p_c2b97f4d,a_80ec435c,0,1
p_8270be12,a_90ef20e3,0,2
p_abaf6f48,a_923b361a,0,1
p_234ab411,a_4e03d45d,0,2
p_7f79b433,a_b5a1613d,0,1
p_c3e1fdc3,a_ca4b5517,0,2
p_b44e969c,a_9ceb7db6,0,1
p_cab4dc02,a_7f3ae59d,0,2
p_ff8b86e9,a_7140f2c0,0,1
p_abc5b04a,a_025ee16d,0,2
p_1df0dcdc,a_0f2182ef,0,1
p_bf84fe5e,a_383800f8,0,1
p_64ddc5cf,a_b24f84ad,0,1
p_50a86fd6,a_22065b1b,1,3
p_6e74a1c6,a_4e03d45d,1,3
p_8d7dfd5a,a_725cd6e2,0,1
p_33278401,a_0f2182ef,0,1
p_df40c1d3,a_42dc23e4,0,2
p_2b4e7412,a_22a921f5,0,1
p_51aa8b90,a_b06fa828,0,1
p_026cd7df,a_47d9751f,0,1
p_6bb0e03f,a_7140f2c0,0,1
p_cc9fff4e,a_7c125a84,0,1
p_1d4c53d3,a_e6abf1ef,0,1
p_eaa52b33,a_3f5e64e5,0,1
p_3a0f6976,a_80ec435c,0,2
p_8270be12,a_025ee16d,1,3
p_72f099cc,a_851bd6e7,0,2
p_223d7565,a_24b89273,0,2
p_86defa97,a_7360df9c,0,1
p_42e8fbbb,a_e6abf1ef,1,3
p_663ae284,a_19a020a9,0,2
p_d0635c2d,a_6c788564,0,1
p_80ee2fe3,a_d36f5979,0,2
p_b83b55f3,a_403ccf40,0,1
p_09461da7,a_601c3b4c,0,1
p_792f3d33,a_a496f747,1,3
p_513f6866,a_0c0fa10b,0,2
p_dfb5ad05,a_64216c1d,1,3
p_f2e7cb20,a_3f5e64e5,0,2
p_a648da81,a_7c125a84,0,1
p_11a8b705,a_ba91099e,0,2
p_8b660138,a_35d36244,1,3
p_f6539118,a_7140f2c0,0,1
p_809ab63e,a_90ef20e3,0,2
p_9790f745,a_ea16a844,0,1
p_a8394db2,a_1c609243,0,1
p_79ee0bca,a_47f228a9,0,1
p_957b9638,a_c3550482,1,3
p_2ef7f6ba,a_1edc8b53,0,2
p_294412cf,a_7360df9c,0,1
p_b49399da,a_56747035,0,1
p_9cc7e0a1,a_468c4e87,1,3
p_e5d1e515,a_3817dec8,0,1
p_32d6fe67,a_42cc9d36,0,1
p_74c75553,a_e6abf1ef,0,1
p_2ae3682d,a_7360df9c,0,1
p_58aa512e,a_8d9e293b,0,2
p_a85558da,a_1293f6dd,1,3
p_b49261ae,a_229f5c57,0,1
p_14f36992,a_bd19e6e3,1,3
p_278595f8,a_a496f747,0,2
p_1704892d,a_7215c9ea,1,3
p_4eab2c04,a_2e1eba80,1,3
p_1df0dcdc,a_4c4136dc,0,2
p_50a86fd6,a_0bfbda0f,0,1
p_7896fa05,a_b2a0c953,1,3
p_bf5d16c9,a_8d06b98e,0,1
p_a18f5c66,a_448f8e14,0,1
p_4718c422,a_7360df9c,0,1
p_7ec30e71,a_729cd6e1,0,1
p_93afe082,a_7140f2c0,0,2
p_660bbb9e,a_774e8b58,0,2
p_122d931d,a_9ff71867,1,3
p_9e0025a5,a_7360df9c,0,1
p_472bdf47,a_74c13cf9,0,2
p_021d313d,a_e1ad25aa,1,3
p_e8de4bad,a_7f3ae59d,1,3
p_c84eb7b2,a_7360df9c,0,1
p_36147e3e,a_383800f8,1,3
p_ff4d1e4e,a_774e8b58,0,1
p_f25bb647,a_2d22d2bf,0,1
p_26f6f1c5,a_7f3ae59d,1,3
p_f7484f9e,a_383800f8,0,2
p_2b4e7412,a_4e03d45d,1,3
p_67126bb8,a_418d8454,0,1
p_5ca0e957,a_d23eaf84,0,1
p_7a1ab96d,a_2d22d2bf,0,2
p_bb864036,a_b99ab67a,1,3
p_958d7898,a_509e5eec,0,2
p_83ea2d3c,a_7140f2c0,0,2
p_7f79b433,a_230a65e6,0,2
p_59a221f5,a_1edc8b53,0,2
p_80ee2fe3,a_85d40aea,0,2
p_a58e726b,a_a8a9209d,1,3
p_bcc71689,a_a4aa928f,0,1
p_cb8f4a17,a_851bd6e7,1,3
p_e955ba4e,a_3950986c,0,2
p_6fb052b6,a_89f1ba92,0,1
p_7d66243c,a_7360df9c,1,3
p_9990a3d1,a_ca4b5517,1,3
p_fa1185cb,a_acdadd70,1,3
p_84c0a555,a_80ec435c,0,2
p_fd5f2c7c,a_3cbc03e6,0,1
p_f494bed4,a_3f5e64e5,1,3
p_4f81ccee,a_df4faec7,1,3
p_490f5ed2,a_cbb1bad0,1,3
p_8d2adea1,a_cbb1bad0,0,2
p_9a636913,a_53a406ed,0,2
p_90e451d3,a_86085ce4,0,2
p_7797b0fb,a_80ec435c,0,1
p_df40c1d3,a_0887a343,0,1
p_e6f20e53,a_e6abf1ef,0,2
p_6ab97a34,a_fcbb3b39,0,2
p_84c0a555,a_6c788564,0,2
p_64ddc5cf,a_a8a9209d,1,3
p_6c26ef32,a_8d9e293b,0,1
p_ff8b86e9,a_7140f2c0,0,1
p_79524aa5,a_6f9835c2,1,3
p_be462dee,a_93029957,1,3
p_eb27f9f8,a_656aa282,1,3
p_98f87550,a_17f67c52,0,1
p_6e382039,a_7360df9c,0,1
p_90771f73,a_3950986c,1,3
p_59a221f5,a_3def56fa,1,3
p_d0864640,a_7140f2c0,0,2
p_88c56d20,a_454bf32c,0,1
p_be1bb38a,a_5ceb6d2c,0,1
p_e8de4bad,a_19a020a9,0,1
p_6ab97a34,a_2e1eba80,0,1
p_3bec042a,a_bdb0d5a5,0,1
p_317636e0,a_80ec435c,0,1
p_0f0804e7,a_7140f2c0,0,1
p_d1037b13,a_383800f8,1,3
p_40826764,a_3f5e64e5,0,2
p_14950a7e,a_851bd6e7,0,2
p_10a8ace4,a_3cbc03e6,1,3
p_da739ec5,a_19a020a9,0,1
p_22ea1b7f,a_822f359f,1,3
p_1f8b3b12,a_90ef20e3,0,1
p_00332aca,a_3cbc03e6,0,2
p_0f013717,a_509e5eec,1,3
p_3c1ced89,a_df4faec7,0,1
p_6e266805,a_e6abf1ef,0,1
p_3937b865,a_7140f2c0,0,1
p_ed62803b,a_85d40aea,0,1
p_f4b05bf7,a_49c22bf2,1,3
p_9439fb29,a_3cbc03e6,0,1
p_097f2d54,a_2e1eba80,0,1
p_e975e75e,a_3f5e64e5,0,1
p_1d901841,a_997b777b,1,3
p_aee2c923,a_3416907c,1,3
p_686fc877,a_3950986c,0,1
p_7072ae9e,a_2c57410b,0,1
p_a27eca99,a_1ea344d1,0,1
p_4c204b7b,a_8d9e293b,0,2
p_4b352a88,a_0f2182ef,0,1
p_5790eae5,a_1ea344d1,0,1
p_c84eb7b2,a_933ba180,1,3
p_b1babd1d,a_bd19e6e3,1,3
p_9254b2cb,a_fba851dd,0,1
p_4ad4cd92,a_7ec37374,0,1
p_79352fb5,a_8d9e293b,0,2
p_4cc0c12f,a_3def56fa,0,2
p_555af3aa,a_2e1eba80,1,3
p_abc602d1,a_229f5c57,0,1
p_472bdf47,a_19a020a9,0,1
p_50debd56,a_90ef20e3,1,3
p_059591c0,a_42a15ba8,0,1
p_3cff6d4d,a_ea1abf54,1,3
p_c642aea1,a_22065b1b,1,3
p_ad129141,a_dec36dbc,0,1
p_6a484dd8,a_1c609243,0,1
p_5790eae5,a_cbb1bad0,0,2
p_663ae284,a_403ccf40,0,2
p_660bbb9e,a_c6e75b45,0,2
p_d57c71c8,a_229f5c57,0,1
p_9ad812a7,a_81ba8af2,1,3
p_94ef28c9,a_81ba8af2,1,3
p_b4f86955,a_75b6e83f,0,2
p_5b982f45,a_1ea344d1,0,1
p_557a542a,a_ef0037e2,0,2
p_a3f8a973,a_454bf32c,1,3
p_458edca8,a_8d9e293b,0,1
p_dafea60d,a_8d06b98e,0,1
p_cab4dc02,a_383800f8,0,1
p_7132156a,a_962494a8,1,3
p_fcd2d011,a_56747035,0,1
p_b8613810,a_cfdfc529,0,1
p_b49399da,a_896286fe,0,2
p_9e22f958,a_b948aa04,1,3
p_82918f0b,a_3cbc03e6,1,3
p_c64bc4cb,a_00d2220d,0,1
p_223d7565,a_7b9e9d7b,1,3
p_a4eb936e,a_3f5e64e5,0,1
p_c9e34f72,a_22065b1b,0,1
p_cc508049,a_6c788564,0,1
p_79bd922d,a_7c125a84,0,1
p_20ddb1bb,a_5ceb6d2c,0,1
p_82636fe8,a_ad772062,0,1
p_20f5d7cb,a_93840a34,1,3
p_d9ca6889,a_2e1eba80,1,3
p_b8a38b86,a_4e03d45d,0,1
p_3c826991,a_4e03d45d,0,2
p_6ab97a34,a_81e950f8,0,2
p_dc87d119,a_3c9859b5,1,3
p_6478ec98,a_e6abf1ef,0,1
p_472bdf47,a_229f5c57,1,3
p_7a56476a,a_3f5e64e5,1,3
p_39bfe34e,a_403ccf40,0,1
p_dd2fedc0,a_656aa282,1,3
p_76573da7,a_0bfbda0f,1,3
p_f829df42,a_725cd6e2,0,1
p_47e4cafe,a_7360df9c,0,1
p_bdcd0b76,a_6f9835c2,0,1
p_773613a5,a_2e1eba80,1,3
p_01908ab0,a_f95e52f4,0,2
p_e7f7f842,a_7215c9ea,1,3
p_2d348fa8,a_10f76ae2,0,1
p_c2b97f4d,a_6c788564,0,1
p_ec8ef794,a_2cb30029,1,3
p_dfb5ad05,a_7140f2c0,0,1
p_3bec042a,a_e4d8d336,0,2
p_14950a7e,a_1edc8b53,1,3
p_7a661ede,a_b5a1613d,1,3
p_bf8b2db9,a_d5c9d20c,0,1
p_7ebeff64,a_72847a9c,0,1
p_dbd7cf07,a_42a15ba8,1,3
p_7741ec1c,a_e1ad25aa,1,3
p_fc796a8c,a_3f5e64e5,0,1
p_53ca299a,a_851bd6e7,0,2
p_f46ef00f,a_21abe252,1,3
p_1ac34160,a_fcbb3b39,0,2
p_89b621fa,a_509e5eec,1,3
p_ed24c802,a_b24f84ad,0,2
p_2d348fa8,a_3def56fa,0,2
p_1f98be64,a_86085ce4,0,1
p_94ef28c9,a_3f5e64e5,0,1
p_06c2ca60,a_cbb1bad0,0,2
p_48ed165a,a_851bd6e7,0,1
p_2c583ae9,a_8d9e293b,0,1
p_9697e07a,a_b24f84ad,0,1
p_3c3e6977,a_21abe252,0,1
p_5346c365,a_df4faec7,0,1
p_8acd609b,a_ea16a844,0,1
p_e2a6cec8,a_c62d688b,0,2
p_757aa842,a_c62d688b,0,2
p_7a661ede,a_7140f2c0,0,1
p_5b88f951,a_1ea344d1,1,3
p_0edd726e,a_22065b1b,1,3
p_5ca0e957,a_13715b39,0,1
p_8b660138,a_81e950f8,0,2
p_4106f58a,a_75b6e83f,0,1
p_2cde6180,a_45e057f0,0,2
p_d5df5acf,a_0c0fa10b,0,2
p_f6187f1e,a_d36f5979,0,1
p_f46ef00f,a_1293f6dd,0,2
p_fa8ee843,a_2c57410b,0,1
p_dc8c22f4,a_3e6ac5f2,0,1
p_92ef3a16,a_d23eaf84,0,1
p_b5f2291d,a_b5a1613d,0,1
p_f50aac19,a_468c4e87,1,3
p_fc984720,a_3f5e64e5,0,1
p_ff786ea7,a_229f5c57,0,1
p_d57c71c8,a_21abe252,1,3
p_3e284a6c,a_ca4b5517,0,2
p_88c56d20,a_a6de238b,1,3
p_310fcb68,a_725cd6e2,0,1
p_f6539118,a_4e48e3b2,0,2
p_4772c9e3,a_ca4b5517,0,2
p_b64a49f9,a_725cd6e2,1,3
p_87572f69,a_75b6e83f,1,3
p_ff786ea7,a_21abe252,0,2
p_b440568d,a_0f2182ef,0,1
p_ab3b4800,a_93029957,0,1
p_11a8b705,a_383800f8,0,1
p_d1d4fead,a_229f5c57,1,3
p_d0c78d1c,a_3f5e64e5,0,1
p_d959a43f,a_383800f8,0,2
p_3e284a6c,a_851bd6e7,0,1
p_82c7b207,a_1edc8b53,0,2
p_14950a7e,a_75b6e83f,0,1
p_cc9fff4e,a_997b777b,1,3
p_eeb3fb90,a_b710f421,1,3
p_82c7b207,a_1edc8b53,0,2
p_43e2d88c,a_7140f2c0,0,1
p_b7aecb4b,a_851bd6e7,0,2
p_4cc0c12f,a_f95e52f4,1,3
p_a18f5c66,a_b24f84ad,0,1
p_14950a7e,a_49c22bf2,1,3
p_c3d19dea,a_73c3c14c,0,1
p_096f264d,a_75b6e83f,0,2
p_e36f333a,a_fcbb3b39,0,2
p_546b622b,a_90ef20e3,1,3
p_327ee00f,a_8d9e293b,0,2
p_b7aecb4b,a_5f6f0b73,0,1
p_33d6d4b1,a_49c22bf2,1,3
p_be3fc5e5,a_d5c9d20c,0,2
p_bb864036,a_74c13cf9,0,2
p_43e2d88c,a_53a406ed,1,3
p_34a4ece6,a_72847a9c,0,1
p_6b0a270e,a_86085ce4,0,1
p_c642aea1,a_b96e46b2,0,1
p_d356555b,a_bda23071,1,3
p_2f558d42,a_4e48e3b2,0,2
p_ec7cf3ff,a_491c37d2,1,3
p_88a653a2,a_2cb30029,0,1
p_492f61d1,a_8d9e293b,0,1
p_963beed1,a_7360df9c,0,1
p_6c26ef32,a_3c9859b5,1,3
p_555af3aa,a_b96e46b2,0,1
p_ce6b15d7,a_80ec435c,0,1
p_e5d1e515,a_d5273ef5,0,1
p_2f558d42,a_b5a1613d,1,3
p_ec7cf3ff,a_cecd362b,0,2
p_99f14a48,a_b5a1613d,0,1
p_273e2d4c,a_454bf32c,0,1
p_b7f04058,a_263683e6,0,1
p_ce6adfe1,a_73c3c14c,0,1
p_8dcef4a2,a_c62d688b,1,3
p_ecde4383,a_4d998458,1,3
p_53658daf,a_b2a0c953,0,1
p_b3191ba7,a_35d36244,1,3
p_7a56476a,a_725cd6e2,0,1
p_94de8814,a_7140f2c0,0,1
p_a1371d89,a_b24f84ad,0,1
p_35699f73,a_c989b4dc,1,3
p_f1ab1fcc,a_80ec435c,0,1
p_0b6da2e2,a_3e6ac5f2,0,1
p_2be3d4b1,a_b99ab67a,1,3
p_e52e15a5,a_b99ab67a,1,3
p_759b076b,a_0c0fa10b,1,3
p_64091f25,a_cfdfc529,1,3
p_14950a7e,a_1edc8b53,1,3
p_c138ff94,a_2d22d2bf,1,3
p_54f2578f,a_454bf32c,0,1
p_8270be12,a_025ee16d,1,3
p_01908ab0,a_cfdfc529,1,3
p_4ad4cd92,a_c3243fb1,1,3
p_edb0f73f,a_43354e29,0,1
p_77caca15,a_19fe5194,1,3
p_d8129c9f,a_4e03d45d,0,1
p_861bf7c8,a_3f5e64e5,1,3
p_376a830e,a_b5724cba,1,3
p_3e912778,a_fc59c809,0,2
p_0f013717,a_1c609243,0,2
p_041b1951,a_2cb30029,1,3
p_b79f41b1,a_fa459c39,0,2
p_56495143,a_71d496fb,0,2
p_dbaa7864,a_6c788564,0,1
p_f0fe5ea9,a_3cbc03e6,0,1
p_e9c3d893,a_bdb0d5a5,1,3
p_5b41a4ca,a_74c13cf9,0,1
p_b33fff91,a_11417157,0,1
p_aea4c475,a_3f5e64e5,0,2
p_9a636913,a_b490189c,1,3
p_1209a97f,a_75b6e83f,0,1
p_1f98e775,a_df4faec7,0,2
p_3c3e6977,a_4e03d45d,0,2
p_e678e55b,a_851bd6e7,0,2
p_b7a53d3c,a_b319852b,0,1
p_9b31bd1f,a_35d36244,1,3
p_0bff6143,a_03a5ab58,0,2
p_fcc7dfd7,a_383800f8,1,3
p_ee7e1b87,a_725cd6e2,0,1
p_2f558d42,a_7140f2c0,0,1
p_c203f43d,a_fa71c14d,0,1
p_11106bb6,a_65d9ec6e,1,3
p_040498a4,a_2c57410b,0,1
p_10a4b987,a_6cb22f43,0,1
p_d83fa52e,a_ddb7d206,0,1
p_35e3e28c,a_fa944206,0,1
p_deb2713a,a_b2a0c953,1,3
p_73f579f8,a_df4faec7,0,1
p_f2abfea9,a_80ec435c,0,1
p_0ae3b98f,a_8d9e293b,0,2
p_3bfc6080,a_07082d17,0,2
p_f955620f,a_601c3b4c,0,2
p_dfeffeb3,a_7360df9c,0,1
p_2e93683e,a_5db640f1,0,1
p_6e9f397a,a_56747035,0,1
p_084c68e1,a_80ec435c,0,1
p_4f8b0122,a_7f3ae59d,0,2
p_60739100,a_7140f2c0,1,3
p_a91fef02,a_dec36dbc,0,2
p_8baedeab,a_5ba9dcf0,0,1
p_4bb19edd,a_c62d688b,0,2
p_1aafae5a,a_2d22d2bf,0,2
p_70957d4e,a_a88153cd,1,3
p_b1bb230e,a_3c152112,0,2
p_e8ce0640,a_ea1abf54,1,3
p_b27b461d,a_0c0fa10b,0,1
p_3fc28e0d,a_8d9e293b,0,2
p_8126f0ab,a_8a186233,0,2
p_3db511fb,a_74c13cf9,0,2
p_53ca299a,a_851bd6e7,0,2
p_cb23c445,a_892a94dd,0,1
p_9990a3d1,a_601c3b4c,0,1
p_9d07df1c,a_725cd6e2,0,1
p_d959a43f,a_7f3ae59d,0,1
p_d209396b,a_3f5e64e5,0,1
p_5b88f951,a_4d998458,0,2
p_d9ca6889,a_1c609243,0,1
p_e754a5e4,a_6cb22f43,0,1
p_aedc64dc,a_6cb22f43,0,1
p_dbaa7864,a_6c788564,0,1
p_f13b10dc,a_e3cfdb1e,1,3
p_8b660138,a_fcbb3b39,0,2
p_cc476b7a,a_42cc9d36,0,1
p_7488e723,a_1293f6dd,1,3
p_fd5f2c7c,a_90ef20e3,0,1
p_278595f8,a_93029957,0,1
p_34a4ece6,a_0f2182ef,1,3
p_9790f745,a_4ae71503,0,1
p_cab4dc02,a_383800f8,0,1
p_2c583ae9,a_7f3ae59d,0,2
p_1704892d,a_b319852b,0,1
p_cc476b7a,a_7ec37374,0,1
p_64091f25,a_7c125a84,0,1
p_513f6866,a_3cbc03e6,1,3
p_fc26e850,a_ddb7d206,0,1
p_8acd609b,a_ea16a844,0,1
p_01550fd1,a_d36f5979,0,1
p_513f6866,a_3cbc03e6,1,3
p_54f2578f,a_a88153cd,1,3
p_48285516,a_383800f8,0,2
p_23326eea,a_75b6e83f,1,3
p_1d4c53d3,a_851bd6e7,0,2
p_51dab86e,a_b06fa828,0,2
p_ab266131,a_cecd362b,0,1
p_0dbd359d,a_a44fab04,1,3
p_1484a81b,a_0f2182ef,0,1
p_f5f5b29a,a_448f8e14,0,2
p_26f6f1c5,a_7f3ae59d,1,3
p_27b6d215,a_27c63d6f,0,1
p_2eff5b16,a_e6abf1ef,0,1
p_acd755ca,a_d7a0b94c,0,1
p_c1d9b686,a_2e1eba80,0,1
p_b94c4a50,a_7b9e9d7b,1,3
p_b385bfaa,a_7140f2c0,0,1
p_1f25ed0b,a_3c152112,0,1
p_8457b7b2,a_8d9e293b,0,1
p_72e15826,a_80ec435c,0,1
p_8126f0ab,a_eba00ce9,0,2
p_19f2572f,a_22a921f5,0,1
p_1f87756c,a_bdb0d5a5,1,3
p_a72779e8,a_725cd6e2,0,1
p_20888121,a_d5c9d20c,1,3
p_4eab2c04,a_1c609243,0,1
p_d253b18b,a_47d9751f,0,1
p_59590110,a_448f8e14,0,1
p_7f738698,a_d5c9d20c,1,3
p_07dbc2ec,a_cae71156,0,1
p_06c2ca60,a_3d05547e,1,3
p_6d67fd73,a_0b317738,0,1
p_a26fbc55,a_faaeb3e3,0,1
p_2f558d42,a_7140f2c0,0,1
p_88c56d20,a_df4faec7,0,1
p_3a168976,a_a6de238b,0,2
p_77ccac8c,a_d36f5979,1,3
p_e85d495f,a_d5c9d20c,0,2
p_67102227,a_71d496fb,0,2
p_f6539118,a_4e48e3b2,0,2
p_33d6d4b1,a_b2a0c953,0,1
p_cfc84d7f,a_7140f2c0,0,1
p_e14630e9,a_ab96829b,0,1
p_88c56d20,a_df4faec7,0,1
p_0ae3b98f,a_8d9e293b,0,2
p_7132156a,a_8d9e293b,0,1
p_ed62803b,a_85d40aea,0,1
p_85eb5c4e,a_80ec435c,0,1
p_4485de56,a_ca4b5517,1,3
p_1ff8a267,a_230a65e6,1,3
p_0d5631ae,a_a8a2e53c,0,1
p_f25bb647,a_b24f84ad,0,2
p_cc28c80c,a_3f5e64e5,0,2
p_2604d858,a_49c22bf2,1,3
p_9c4bec01,a_2d22d2bf,0,1
p_5346c365,a_df4faec7,0,1
p_f2fc8049,a_383800f8,0,1
p_472bdf47,a_403ccf40,0,1
p_6b28d38a,a_3be79eec,1,3
p_26f6f1c5,a_383800f8,0,2
p_01550fd1,a_85d40aea,0,1
p_cfc84d7f,a_3f5e64e5,1,3
p_3fc31782,a_bd19e6e3,1,3
p_ca0bbeae,a_90ef20e3,0,1
p_27b6d215,a_fb761663,0,2
p_92ef3a16,a_13715b39,0,1
p_f5f5b29a,a_75b6e83f,0,1
p_fa1185cb,a_8685a719,0,1
p_b33fff91,a_11417157,0,1
p_f46ef00f,a_229f5c57,0,1
p_54f2578f,a_df4faec7,0,1
p_b64a49f9,a_22065b1b,0,1
p_472bdf47,a_19a020a9,0,1
p_bed61bd7,a_a0bd1ee1,0,1
p_a91fef02,a_ddb7d206,0,2
p_fd52e986,a_73c3c14c,0,1
p_0bb5aa77,a_22065b1b,1,3
p_3285d669,a_59f52a18,1,3
p_4772c9e3,a_4d998458,1,3
p_4c6e439c,a_9f64aedf,1,3
p_6317a992,a_c6e75b45,0,1
p_acc5c82e,a_80ec435c,0,1
p_126a2048,a_56747035,0,1
p_dc87d119,a_90ef20e3,0,1
p_24f77b9d,a_df4faec7,0,1
p_f6539118,a_7140f2c0,0,1
p_42e8fbbb,a_7360df9c,0,1
p_fe73762c,a_27b2d3fc,0,1
p_e1e72d49,a_a78f6a2b,0,2
p_24f77b9d,a_48f76a8e,0,2
p_48c60354,a_962494a8,1,3
p_6eaef924,a_2c57410b,0,1
p_42317f4f,a_86085ce4,0,1
p_17cd159d,a_d37ac899,0,2
p_1209a97f,a_4e03d45d,0,1
p_3f5f50f1,a_8685a719,0,1
p_ff8b86e9,a_4d998458,0,2
p_09791791,a_fa71c14d,0,1
p_5b42981f,a_df4faec7,0,1
p_a3f8a973,a_df4faec7,1,3
p_deb2713a,a_cae71156,0,2
p_ef6c9e2d,a_d5c9d20c,0,1
p_3e9c4c96,a_a8a9209d,1,3
p_20f5d7cb,a_4d998458,0,2
p_676d9427,a_2c57410b,0,1
p_70ae4590,a_bdb0d5a5,0,1
p_c988bbc3,a_454bf32c,0,1
p_f5f5b29a,a_e6abf1ef,1,3
p_a1371d89,a_448f8e14,0,1
p_53ca299a,a_75b6e83f,0,1
p_26f6f1c5,a_383800f8,0,2
p_180abdd1,a_8d9e293b,0,2
p_538debc7,a_774e8b58,0,1
p_ca0bbeae,a_90ef20e3,0,1
p_48dd526d,a_418d8454,0,2
p_c35dec28,a_3c856807,0,1
p_7b7e4da3,a_a8a9209d,0,1
p_fee0d597,a_42a15ba8,0,2
p_82c7b207,a_b67d65c2,1,3
p_4f8b0122,a_0c0fa10b,1,3
p_513f6866,a_0c0fa10b,0,2
p_b3f1f2ca,a_85d40aea,1,3
p_25bf0e69,a_e1ad25aa,1,3
p_3f77527f,a_1edc8b53,0,2
p_89fc21d5,a_6f9835c2,0,1
p_fc984720,a_0bfbda0f,1,3
p_d4c2ce7f,a_229f5c57,0,1
p_f1ab1fcc,a_6c788564,0,1
p_e1e72d49,a_42a15ba8,1,3
p_e188761a,a_774e8b58,0,1
p_6548a46c,a_e6abf1ef,0,1
p_6c26ef32,a_42a15ba8,0,2
p_7c03c49b,a_b319852b,0,1
p_52de4e99,a_1edc8b53,1,3
p_127d13c3,a_e4d8d336,0,2
p_a2a9d01a,a_e71592f1,0,2
p_22ea1b7f,a_80ed7956,1,3
p_0ae3b98f,a_7f3ae59d,0,1
p_cc476b7a,a_403ccf40,0,2
p_b0ee5bfc,a_dec36dbc,1,3
p_aea4c475,a_725cd6e2,1,3
p_4f81ccee,a_e00dbd35,0,1
p_11a8b705,a_85d40aea,1,3
p_d83fa52e,a_dec36dbc,0,1
p_e2a6cec8,a_e6abf1ef,1,3
p_6bb0e03f,a_3950986c,0,2
p_f2e7cb20,a_3f5e64e5,0,2
p_1ff8a267,a_c62d688b,0,1
p_0d5631ae,a_85d40aea,0,2
p_c1d9b686,a_2e1eba80,0,1
p_00332aca,a_90ef20e3,0,2
p_06ad6607,a_468c4e87,1,3
p_685e6ec3,a_08e016a1,1,3
p_f2da4b86,a_454bf32c,0,1
p_d7f251a7,a_1c609243,0,1
p_6548a46c,a_e6abf1ef,0,1
p_f0426e6b,a_7140f2c0,0,1
p_2fcb886a,a_0c0fa10b,0,1
p_9f854bb9,a_22065b1b,0,1
p_1c99d832,a_65d9ec6e,1,3
p_10a8ace4,a_90ef20e3,1,3
p_3f5f50f1,a_8d9e293b,0,2
p_b1423aa9,a_42a15ba8,0,1
p_9439fb29,a_90ef20e3,0,1
p_589c4f99,a_896286fe,0,2
p_b864792d,a_c3243fb1,1,3
p_88a653a2,a_bda23071,1,3
p_fcd2d011,a_81ba8af2,1,3
p_b8613810,a_3f5e64e5,0,2
p_70ae4590,a_9ff71867,1,3
p_89827269,a_a0bd1ee1,0,1
p_e0ae31bf,a_3f5e64e5,0,2
p_a26fbc55,a_c3abd698,1,3
p_f2845911,a_b96e46b2,1,3
p_30bdca02,a_7140f2c0,0,1
p_e23b0b20,a_24b89273,1,3
p_8b331de2,a_7140f2c0,0,1
p_8bb7bdd0,a_3f5e64e5,0,1
p_d08cce0d,a_e00dbd35,0,1
p_4f24813c,a_1ea344d1,0,1
p_33795293,a_48f76a8e,0,2
p_c203f43d,a_4a7d3105,0,1
p_57e6e494,a_c68511c9,0,2
p_20f5d7cb,a_2b614496,1,3
p_73944ff0,a_47f228a9,0,1
p_70dfad21,a_468c4e87,1,3
p_870be1ee,a_0c0fa10b,0,1
p_63340b47,a_729cd6e1,0,1
p_3f77527f,a_49c22bf2,0,2
p_aee2c923,a_62490cbe,1,3
p_b1babd1d,a_56e464cc,1,3
p_21a871ee,a_8d9e293b,1,3
p_46fdf18c,a_73c3c14c,0,1
p_db38ed2b,a_7f3ae59d,0,1
p_f0426e6b,a_7140f2c0,0,1
p_00fdc688,a_0f2182ef,1,3
p_2ef7f6ba,a_3f5e64e5,0,1
p_7b7e4da3,a_a78f6a2b,0,1
p_eea8d394,a_8d06b98e,0,1
p_77ccac8c,a_85d40aea,1,3
p_edf4421f,a_454bf32c,0,1
p_6a484dd8,a_4d998458,1,3
p_f9e6295e,a_64216c1d,1,3
p_932674c5,a_75b6e83f,0,1
p_b5f2291d,a_b99ab67a,0,2
p_ec8ef794,a_08e016a1,0,1
p_d7f251a7,a_cecd362b,0,2
p_4ad4cd92,a_42cc9d36,0,1
p_db38ed2b,a_725cd6e2,0,2
p_519dbe3c,a_86085ce4,0,1
p_773613a5,a_1c609243,0,1
p_f2da4b86,a_df4faec7,0,1
p_2b4e7412,a_22da9c7e,0,1
p_dbd7cf07,a_0c0fa10b,0,2
p_538debc7,a_c6e75b45,0,1
p_2b4e7412,a_75b6e83f,1,3
p_0b6da2e2,a_ca4b5517,1,3
p_d0864640,a_2e1eba80,0,1
p_56495143,a_49c22bf2,1,3
p_0bff6143,a_2e1eba80,1,3
p_77caca15,a_85d40aea,0,1
p_5cf18504,a_c71c1882,0,2
p_b67eeeed,a_c3243fb1,0,1
p_89fc21d5,a_7b9e9d7b,0,1
p_92abab29,a_8d9e293b,0,2
p_c7c3abe7,a_3f5e64e5,0,2
p_d58ec5f9,a_896286fe,0,1
p_79ee0bca,a_a78f6a2b,1,3
p_4e7ad9b3,a_fb761663,0,2
p_4261e120,a_403ccf40,0,2
p_ad9003ca,a_bdb0d5a5,1,3
p_b3c0d0a3,a_0c2e4c1a,0,1
p_77ccac8c,a_e6abf1ef,0,1
p_abc602d1,a_21abe252,1,3
p_acc5c82e,a_6c788564,0,1
p_48dd526d,a_42dc23e4,0,1
p_98f45114,a_df4faec7,0,2
p_3c1ced89,a_454bf32c,0,1
p_529822b7,a_729cd6e1,0,1
p_50a86fd6,a_7c125a84,0,2
p_a4d7527f,a_5e4bec3f,0,1
p_fc9860fa,a_18370397,0,1
p_fc47c039,a_b2e93c65,1,3
p_89c84b5f,a_3cbc03e6,0,2
p_7488e723,a_35d36244,0,2
p_c988bbc3,a_0f2182ef,0,2
p_48ed165a,a_3f5e64e5,1,3
p_b8a38b86,a_b24f84ad,0,2
p_93afe082,a_bda23071,1,3
p_bf84fe5e,a_7f3ae59d,0,2
p_1afff469,a_ac0e2f65,0,1
p_c088c721,a_85d40aea,1,3
p_32d6fe67,a_403ccf40,0,2
p_310fcb68,a_2cb30029,1,3
p_3a0f6976,a_faaeb3e3,1,3
p_85758b11,a_0efbf161,0,2
p_d8129c9f,a_75b6e83f,0,1
p_90e451d3,a_e71592f1,0,1
p_b3191ba7,a_74c13cf9,0,2
p_9b31bd1f,a_75b6e83f,0,1
p_4b352a88,a_b948aa04,0,2
p_d9ca6889,a_03a5ab58,0,2
p_5ca0e957,a_13715b39,0,1
p_188ab6a7,a_19a020a9,0,1
p_19dba4ec,a_7140f2c0,0,1
p_23804fbb,a_6cb22f43,0,1
p_c07cf29c,a_7c125a84,0,1
p_e3ba3e2d,a_d5c9d20c,1,3
p_d7ed3c9e,a_57940d6c,0,1
p_33c16246,a_7140f2c0,0,1
p_4ad4cd92,a_19a020a9,0,2
p_a91fef02,a_c3243fb1,1,3
p_87488d39,a_17f67c52,0,1
p_7698f7ed,a_b948aa04,0,2
p_2f3dce1b,a_2c57410b,0,1
p_5cf18504,a_468c4e87,1,3
p_5cf18504,a_df4faec7,0,1
p_4bb19edd,a_2e1eba80,1,3
p_e8ce0640,a_48f76a8e,0,2
p_fee0d597,a_0c0fa10b,0,1
p_2b4e7412,a_22da9c7e,0,1
p_6bb0e03f,a_b5a1613d,1,3
p_d253b18b,a_89f1ba92,0,1
p_f2fc8049,a_383800f8,0,1
p_d8129c9f,a_35d36244,1,3
p_10a8ace4,a_80ec435c,0,1
p_abc5b04a,a_ca4b5517,1,3
p_47518ea0,a_cae71156,0,2
p_836a291c,a_454bf32c,1,3
p_14c79c26,a_656aa282,0,1
p_0ef2a5ae,a_3e6ac5f2,1,3
p_3c3e6977,a_725cd6e2,1,3
p_b8d1b58f,a_ddb7d206,1,3
p_64a0e6a6,a_383800f8,1,3
p_3249f972,a_e6b409d0,0,1
p_67ed699e,a_729cd6e1,0,1
p_fc2d0ea8,a_73c3c14c,0,1
p_92abab29,a_229f5c57,1,3
p_1db522c6,a_454bf32c,0,1
p_a8394db2,a_2e1eba80,1,3
p_d2659a9e,a_929bd94d,0,1
p_7cc090f2,a_48f76a8e,0,2
p_4f8b0122,a_8d9e293b,1,3
p_f94fdaf8,a_6c788564,0,2
p_7401595b,a_448f8e14,0,1
p_6246e21e,a_90ef20e3,1,3
p_da739ec5,a_19a020a9,0,1
p_0ae3b98f,a_3cbc03e6,1,3
p_9e22f958,a_4b647701,0,1
p_fd52e986,a_729cd6e1,0,1
p_b3f1f2ca,a_d36f5979,1,3
p_14b3f019,a_7c125a84,0,2
p_ce6cfc8a,a_0f834476,0,1
p_9c93f5b8,a_0f2182ef,0,1
p_e5d60ad1,a_c62d688b,1,3
p_642c9e21,a_b5a1613d,1,3
p_92abab29,a_c68511c9,0,1
p_ae38193d,a_49c22bf2,1,3
p_bcd204b5,a_e1ad25aa,0,1
p_a275f9c8,a_3e6ac5f2,1,3
p_6a484dd8,a_ca4b5517,0,2
p_f7484f9e,a_7f3ae59d,0,1
p_f13b10dc,a_e3cfdb1e,1,3
p_e01233fd,a_2e1eba80,0,2
p_e78f02a1,a_aef450fd,0,1
p_2f558d42,a_3950986c,0,2
p_fcd2d011,a_81ba8af2,1,3
p_642c9e21,a_3950986c,0,2
p_8a5e1859,a_f95e52f4,0,1
p_4106f58a,a_49c22bf2,1,3
p_1430d2dc,a_86085ce4,0,1
p_ba87b459,a_2c57410b,0,1
p_273e2d4c,a_df4faec7,0,1
p_2c583ae9,a_ea1abf54,1,3
p_cbd72e9e,a_ba9d71e6,0,1
p_57f0ea0e,a_65d9ec6e,0,2
p_a638a22c,a_774e8b58,0,1
p_db0695da,a_3f5e64e5,1,3
p_c7c3abe7,a_71d496fb,1,3
p_b49261ae,a_35d36244,1,3
p_fedfa699,a_725cd6e2,0,1
p_b4d45787,a_27c63d6f,0,1
p_b7aecb4b,a_1edc8b53,1,3
p_f0426e6b,a_22065b1b,1,3
p_b44e969c,a_7215c9ea,1,3
p_c713d6d6,a_df4faec7,0,1
p_dbbfc728,a_2cb30029,1,3
p_701f6637,a_3f5e64e5,0,1
p_660bbb9e,a_8d9e293b,0,1
p_ed532493,a_e3cfdb1e,0,1
p_8c338966,a_6c788564,0,1
p_f6539118,a_b5a1613d,1,3
p_05c2c27e,a_c71c1882,0,1
p_68c8ccae,a_74c13cf9,0,1
p_3df8bef5,a_4b647701,0,1
p_5c923bca,a_49c22bf2,1,3
p_db0695da,a_046c3d23,0,2
p_6502af64,a_8d06b98e,0,1
p_d8082aaf,a_e71592f1,0,1
p_f9e6295e,a_b319852b,0,1
p_c060b130,a_e00dbd35,0,1
p_34eb35b1,a_2e1eba80,1,3
p_cd953b99,a_1edc8b53,0,1
p_0f82a606,a_851bd6e7,1,3
p_20f5d7cb,a_2b614496,1,3
p_76c7544b,a_85d40aea,1,3
p_cb8f4a17,a_4e03d45d,0,1
p_b3191ba7,a_1293f6dd,0,1
p_3a0f6976,a_80ec435c,0,2
p_d6935ca3,a_11417157,1,3
p_f2fc8049,a_0bfbda0f,1,3
p_85a6264e,a_11417157,1,3
p_6051ecec,a_7f3ae59d,0,1
p_d1037b13,a_6c788564,0,1
p_89c84b5f,a_933ba180,1,3
p_fa26a0a7,a_3eef9664,0,1
p_bd3372de,a_403ccf40,0,1
p_223d7565,a_fb761663,0,1
p_489c9249,a_4a7d3105,0,1
p_3bec042a,a_64216c1d,1,3
p_759b076b,a_8d9e293b,1,3
p_8270be12,a_3cbc03e6,0,2
p_73f579f8,a_454bf32c,0,1
p_1d4c53d3,a_e6abf1ef,0,1
p_edf4421f,a_85d40aea,1,3
p_d58ec5f9,a_656aa282,1,3
p_489c9249,a_4a7d3105,0,1
p_489c9249,a_fa71c14d,0,1
p_88c56d20,a_a88153cd,0,2
p_452982db,a_2e1eba80,1,3
p_53cc6d6e,a_86085ce4,0,1
p_3a9ca283,a_851bd6e7,0,2
p_4bb0d9fc,a_cbb1bad0,0,2
p_b8d1b58f,a_ddb7d206,1,3
p_09159dbf,a_7140f2c0,0,1
p_805fff30,a_80ec435c,0,1
p_89827269,a_b948aa04,1,3
p_3e9c4c96,a_b24f84ad,0,1
p_89fc21d5,a_6f9835c2,0,1
p_d0635c2d,a_383800f8,1,3
p_df40c1d3,a_3c856807,0,2
p_4f24813c,a_f95e52f4,1,3
p_e5d60ad1,a_7c125a84,0,2
p_57e6e494,a_0bfbda0f,1,3
p_0f013717,a_ca4b5517,0,1
p_10ea2cd6,a_ddb7d206,1,3
p_a18f5c66,a_448f8e14,0,1
p_a187f4c5,a_c3abd698,1,3
p_d215f036,a_ad772062,1,3
p_e955ba4e,a_4e48e3b2,0,2
p_2a18b3d9,a_403ccf40,0,2
p_1cc20b48,a_7140f2c0,1,3
p_500aa25b,a_d57ee3a5,0,1
p_11a8b705,a_d36f5979,1,3
p_f6187f1e,a_85d40aea,0,1
p_7338299f,a_4d998458,1,3
p_e355d359,a_22065b1b,1,3
p_ad129141,a_9be8fc0a,1,3
p_4e7ad9b3,a_27c63d6f,0,1
p_6e266805,a_7c125a84,0,2
p_89667662,a_3c856807,0,2
p_155e5fdc,a_a8a9209d,0,1
p_4c204b7b,a_7f3ae59d,0,1
p_f0426e6b,a_3f5e64e5,0,2
p_1796713e,a_403ccf40,0,1
p_4486ed4d,a_7140f2c0,1,3
p_06c2ca60,a_0887a343,0,1
p_df40c1d3,a_2cb30029,1,3
p_36147e3e,a_80ec435c,0,1
p_6246e21e,a_7f3ae59d,0,1
p_a72779e8,a_2cb30029,1,3
p_52de4e99,a_86085ce4,0,2
p_2721938f,a_81ba8af2,1,3
p_6982eafc,a_725cd6e2,0,1
p_1110504a,a_4ebde9b8,1,3
p_35699f73,a_0f834476,0,1
p_076ccf88,a_df4faec7,0,1
p_94a67b97,a_ef0037e2,0,2
p_909d9de8,a_b948aa04,0,2
p_3afa3b1f,a_962494a8,1,3
p_969c71b4,a_4e48e3b2,0,2
p_18c7d7e2,a_1edc8b53,1,3
p_042087fd,a_df4faec7,1,3
p_36147e3e,a_6c788564,0,1
p_663116d6,a_86085ce4,0,2
p_b469b677,a_22065b1b,1,3
p_9b31bd1f,a_4e03d45d,0,1
p_6bca8aa0,a_4d998458,0,2
p_d0a989de,a_cbb1bad0,0,2
p_327ee00f,a_7f3ae59d,0,1
p_f800bef3,a_49c22bf2,1,3
p_8e4b414e,a_73c3c14c,0,1
p_4842cf6d,a_ff9e1d74,0,1
p_79352fb5,a_0c0fa10b,0,2
p_7de09c8a,a_0b9566a3,0,1
p_1d901841,a_7360df9c,0,1
p_bc6a749e,a_e6abf1ef,0,1
p_23c3c22e,a_454bf32c,0,2
p_17a5935f,a_74c13cf9,0,2
p_507c2ae9,a_c3243fb1,1,3
p_4106f58a,a_4e03d45d,0,1
p_77caca15,a_35d36244,0,2
p_eaa52b33,a_3f5e64e5,0,1
p_24f77b9d,a_454bf32c,0,1
p_14950a7e,a_4e03d45d,0,1
p_0edfd1ef,a_0f2182ef,0,1
p_84604db4,a_b24f84ad,0,1
p_3dc2f292,a_9f64aedf,1,3
p_c108bae8,a_7f3ae59d,0,1
p_c088c721,a_d36f5979,1,3
p_5487ad06,a_2e1eba80,1,3
p_fee0d597,a_3c9859b5,1,3
p_6ea5d789,a_57940d6c,0,2
p_00332aca,a_0c2e4c1a,0,1
p_4f24813c,a_72847a9c,0,2
p_3ed40554,a_a0bd1ee1,0,1
p_3c10dd0d,a_8d9e293b,0,1
p_660bbb9e,a_0c0fa10b,0,1
p_8dcef4a2,a_93029957,0,2
p_759b076b,a_851bd6e7,0,1
p_99f14a48,a_230a65e6,0,2
p_d0a989de,a_3950986c,1,3
p_8563e62e,a_509e5eec,0,2
p_f829df42,a_3f5e64e5,1,3
p_8bb7bdd0,a_c3550482,1,3
p_240dbe3f,a_80ec435c,0,1
p_2fcb886a,a_8d9e293b,0,1
p_e765fddf,a_defe9b51,0,1
p_4485de56,a_738a7ea7,0,2
p_f2e7cb20,a_71d496fb,1,3
p_23c8309b,a_933ba180,0,1
p_8acd609b,a_49c22bf2,1,3
p_8d2adea1,a_3d05547e,1,3
p_71ca9670,a_468c4e87,1,3
p_f5f5b29a,a_4e03d45d,0,1
p_76c7544b,a_e6abf1ef,0,1
p_076ccf88,a_454bf32c,0,1
p_84604db4,a_448f8e14,0,1
p_33795293,a_27c63d6f,1,3
p_0ef2a5ae,a_0f2182ef,0,1
p_94ef28c9,a_7140f2c0,0,2
p_83ea2d3c,a_0f2182ef,0,1
p_e50540a3,a_e6abf1ef,0,1
p_fa26a0a7,a_e7537330,0,2
p_50a86fd6,a_22065b1b,1,3
p_92ef3a16,a_d23eaf84,0,1
p_c713d6d6,a_a88153cd,0,2
p_72e15826,a_6c788564,0,1
p_40826764,a_a496f747,1,3
p_6ab97a34,a_3f5e64e5,1,3
p_3af69738,a_c3243fb1,1,3
p_d215f036,a_1ea344d1,0,2
p_b7a53d3c,a_b06fa828,1,3
p_74c75553,a_e6abf1ef,0,1
p_b469b677,a_a6de238b,0,2
p_67102227,a_822f359f,1,3
p_b8a38b86,a_e6abf1ef,1,3
p_dc87d119,a_90ef20e3,0,1
p_317636e0,a_6c788564,0,1
p_ff786ea7,a_383800f8,1,3
p_2147dbe8,a_383800f8,1,3
p_b5f2291d,a_42a15ba8,1,3
p_23326eea,a_22da9c7e,0,1
p_e1e72d49,a_a8a9209d,0,2
p_0f013717,a_ca4b5517,0,1
p_23155a65,a_0887a343,0,1
p_89fc21d5,a_71d496fb,0,2
p_557a542a,a_59f52a18,0,2
p_782c5cf3,a_18370397,0,1
p_a4d7527f,a_5e4bec3f,0,1
p_44339eb1,a_73c3c14c,0,1
p_60739100,a_e6b409d0,0,1
p_5fe9bb83,a_6c788564,1,3
p_cd4d35df,a_7140f2c0,0,2
p_01437f1d,a_df4faec7,0,1
p_0ea73a6d,a_3c9859b5,0,1
p_555af3aa,a_c62d688b,0,2
p_6ee65f80,a_05276d90,0,2
p_6e52d608,a_851bd6e7,0,2
p_fc984720,a_49c22bf2,0,2
p_45135e39,a_ca4b5517,1,3
p_3e284a6c,a_c3550482,1,3
p_2147dbe8,a_80ec435c,0,1
p_a87adfcf,a_229f5c57,0,1
p_dbaa7864,a_383800f8,1,3
p_b469b677,a_22065b1b,1,3
p_611b1c4d,a_0c0fa10b,0,2
p_7f623259,a_725cd6e2,0,1
p_2604d858,a_49c22bf2,1,3
p_4486ed4d,a_7140f2c0,1,3
p_d58ec5f9,a_962494a8,1,3
p_2604d858,a_56747035,0,1
p_4bb19edd,a_2e1eba80,1,3
p_4361bcd7,a_7360df9c,0,1
p_ed62803b,a_bd1cb0f2,1,3
p_1d4c53d3,a_851bd6e7,0,2
p_870be1ee,a_8d9e293b,0,1
p_fe3fb65b,a_0e6755fe,1,3
p_2ae3682d,a_7360df9c,0,1
p_fbd17c82,a_e6abf1ef,1,3
p_e0ae31bf,a_8d06b98e,1,3
p_b1423aa9,a_9ff71867,1,3
p_9077d865,a_851bd6e7,0,1
p_fc796a8c,a_81ba8af2,1,3
p_e36f333a,a_81e950f8,0,2
p_936faaaa,a_7360df9c,0,1
p_3d4b2d83,a_c7201f44,0,1
p_83505ce3,a_0b23fb42,1,3
p_f5f5b29a,a_b24f84ad,0,2
p_44339eb1,a_729cd6e1,0,1
p_c2fe38c3,a_8bd68dfb,0,1
p_ec8ef794,a_08e016a1,0,1
p_f800bef3,a_b67d65c2,0,1
p_cdaac739,a_b2a0c953,1,3
p_e733a6e9,a_923b361a,0,1
p_76573da7,a_7360df9c,0,1
p_75142d8c,a_ca4b5517,1,3
p_60739100,a_faaeb3e3,0,2
p_67ed699e,a_73c3c14c,0,1
p_2b9356c2,a_2c57410b,0,1
p_2fe6bba7,a_0f2182ef,0,1
p_122d931d,a_2e1eba80,0,1
p_c4f35c50,a_7140f2c0,0,1
p_b64a49f9,a_3f5e64e5,0,2
p_70957d4e,a_93029957,0,1
p_27b6d215,a_a0bd1ee1,1,3
p_7fe3a274,a_59f52a18,1,3
p_3fc28e0d,a_8685a719,0,1
p_969c71b4,a_7140f2c0,0,1
p_9790f745,a_49c22bf2,1,3
p_021d313d,a_923b361a,1,3
p_a1f64968,a_7140f2c0,0,1
p_9478d6ce,a_725cd6e2,0,1
p_db0695da,a_3f5e64e5,1,3
p_4f8b0122,a_7f3ae59d,0,2
p_2e7897ff,a_48f76a8e,1,3
p_127d13c3,a_bdb0d5a5,0,1
p_94a67b97,a_cae71156,0,1
p_59a221f5,a_49c22bf2,0,2
p_41ce7fcc,a_ca4b5517,0,2
p_1964999e,a_0f2182ef,0,1
p_dbe93636,a_cecd362b,0,1
p_3a0f6976,a_601c3b4c,0,1
p_85eb5c4e,a_6c788564,0,1
p_d4c2ce7f,a_1293f6dd,0,2
p_16477544,a_3def56fa,0,2
p_52de4e99,a_49c22bf2,1,3
p_507c2ae9,a_0c2e4c1a,0,1
p_68c8ccae,a_b99ab67a,1,3
p_32d6fe67,a_c3243fb1,1,3
p_1ac34160,a_fcbb3b39,0,2
p_87ba7a50,a_57bf3120,0,1
p_4261e120,a_19a020a9,0,2
p_d0a989de,a_3950986c,1,3
p_b94c4a50,a_19a020a9,0,2
p_6bca8aa0,a_b5a89028,0,1
p_c2946b78,a_08e016a1,1,3
p_d128f8d3,a_962494a8,1,3
p_c713d6d6,a_454bf32c,0,1
p_7fe3a274,a_1293f6dd,0,1
p_e7ba808d,a_2e1eba80,0,1
p_41c077fa,a_80ec435c,0,1
p_ca0bbeae,a_1293f6dd,1,3
p_d959a43f,a_7f3ae59d,0,1
p_59590110,a_9ff71867,1,3
p_bac81a50,a_aef450fd,0,1
p_c988bbc3,a_df4faec7,0,1
p_ecde4383,a_725cd6e2,0,1
p_f829df42,a_3f5e64e5,1,3
p_453d353c,a_454bf32c,0,1
p_8e4b414e,a_729cd6e1,0,1
p_a3c867a8,a_448f8e14,1,3
p_c07cf29c,a_cfdfc529,1,3
p_89667662,a_42dc23e4,0,2
p_abaf6f48,a_e1ad25aa,0,1
p_5b982f45,a_b5a89028,0,2
p_b33fff91,a_b490189c,1,3
p_fdbeac1f,a_ca4b5517,0,2
p_39bfe34e,a_19a020a9,0,1
p_f2fc8049,a_c68511c9,0,2
p_492f61d1,a_0c0fa10b,0,1
p_1df0dcdc,a_cca79a5a,1,3
p_3db511fb,a_0c0fa10b,0,1
p_e8de4bad,a_403ccf40,0,1
p_b3c0d0a3,a_997b777b,0,2
p_eea8d394,a_81ba8af2,1,3
p_572b932b,a_06994277,0,1
p_fa26a0a7,a_ca4b5517,1,3
p_0182b726,a_383800f8,0,2
p_30643a25,a_4e03d45d,0,2
p_a8c1512b,a_229f5c57,1,3
p_5d3bbfa3,a_2c57410b,0,1
p_20ddb1bb,a_f96a8909,0,1
p_fcc7dfd7,a_80ec435c,0,1
p_4b352a88,a_0f2182ef,0,1
p_834149c3,a_85d40aea,0,2
p_082a3ac8,a_933ba180,0,2
p_3cff6d4d,a_1c609243,0,1
p_f13b10dc,a_6597013d,0,2
p_4fe263ea,a_ea1abf54,1,3
p_0dbd359d,a_4b647701,0,1
p_39272a14,a_66631df8,0,1
p_a3c867a8,a_b24f84ad,1,3
p_db38ed2b,a_4d998458,1,3
p_cdaac739,a_cae71156,0,2
p_fab205e4,a_80ed7956,1,3
p_94ef28c9,a_81ba8af2,1,3
p_e9c3d893,a_ff9e1d74,0,1
p_7488e723,a_229f5c57,0,1
p_8bc1f309,a_13715b39,0,1
p_5c923bca,a_851bd6e7,0,2
p_1f87756c,a_e7537330,0,2
p_3a168976,a_22065b1b,1,3
p_1fec2936,a_df4faec7,1,3
p_ce6b15d7,a_383800f8,1,3
p_89b621fa,a_ca4b5517,0,2
p_dc8c22f4,a_ca4b5517,1,3
p_7e7c7fc9,a_e6b409d0,0,1
p_2fccc3ea,a_49c22bf2,0,1
p_db4e574f,a_509e5eec,1,3
p_6317a992,a_774e8b58,0,1
p_ef29d877,a_42dc23e4,0,2
p_dc8c22f4,a_ca4b5517,1,3
p_3249f972,a_faaeb3e3,0,2
p_dfeffeb3,a_933ba180,1,3
p_6e9f397a,a_d37ac899,1,3
p_dbaa7864,a_383800f8,1,3
p_453d353c,a_df4faec7,0,1
p_9d07df1c,a_2cb30029,1,3
p_2cde6180,a_b06fa828,0,1
p_d6935ca3,a_72847a9c,0,1
p_7c03c49b,a_7215c9ea,1,3
p_9325707e,a_020e2c9d,0,1
p_a85558da,a_3cbc03e6,0,1
p_14b3f019,a_0f2182ef,0,1
p_c404d1e4,a_ef0037e2,1,3
p_376219a0,a_263683e6,0,1
p_a638a22c,a_c6e75b45,0,1
p_5b42981f,a_454bf32c,0,1
p_acc5c82e,a_ba91099e,1,3
p_2fd541a7,a_22065b1b,1,3
p_3c10dd0d,a_0c0fa10b,0,1
p_686fc877,a_4e48e3b2,0,1
p_5e73b1a4,a_046efe5d,0,1
p_e7ba808d,a_2e1eba80,0,1
p_14c79c26,a_962494a8,0,1
p_aee2c923,a_42a15ba8,0,1
p_fc984720,a_1edc8b53,0,2
p_6ea5d789,a_7140f2c0,0,1
p_6edba5b2,a_7140f2c0,0,1
p_9f854bb9,a_3f5e64e5,0,2
p_776419a4,a_ddb7d206,0,2
p_38f74fe5,a_8d9e293b,0,1
p_97bdb32a,a_7f3ae59d,0,2
p_daac84e1,a_c3243fb1,0,2
p_b27b461d,a_8d9e293b,0,1
p_77e6af98,a_6c788564,0,1
p_87488d39,a_6cb22f43,0,1
p_978e4acf,a_3fe0d2c1,0,1
p_c75ba952,a_5e039a96,0,1
p_1fec2936,a_454bf32c,1,3
p_159bc631,a_c3243fb1,1,3
p_7cdd7095,a_b948aa04,1,3
p_01550fd1,a_19fe5194,1,3
p_c988bbc3,a_0f2182ef,0,2
p_1f98e775,a_454bf32c,0,2
p_926e7fc0,a_b319852b,0,1
p_8d63bdcb,a_509e5eec,0,2
p_b87400a4,a_86085ce4,0,1
p_cc476b7a,a_7ec37374,0,1
p_663ae284,a_c3243fb1,1,3
p_026cd7df,a_47d9751f,0,1
p_b91b256d,a_0f2182ef,1,3
p_5e57b9bb,a_4b647701,0,1
p_9254b2cb,a_ea1abf54,1,3
p_f6ced86c,a_ab96829b,0,1
p_829a9937,a_17992874,0,1
p_ea25f732,a_d36f5979,0,2
p_0e6cbfbf,a_27c63d6f,0,1
p_54f2578f,a_df4faec7,0,1
p_1cb775df,a_ba9d71e6,0,1
p_3af69738,a_74c13cf9,0,2
p_6f0329bf,a_73c3c14c,0,1
p_0182b726,a_0c0fa10b,1,3
p_9391cec5,a_725cd6e2,0,1
p_5cf18504,a_df4faec7,0,1
p_e1e72d49,a_2d22d2bf,0,1
p_932674c5,a_b24f84ad,0,2
p_3e284a6c,a_851bd6e7,0,1
p_1aafae5a,a_3f5e64e5,0,1
p_23155a65,a_42dc23e4,0,2
p_611b1c4d,a_8d9e293b,0,2
p_5f65cdfe,a_509e5eec,0,1
p_c2b97f4d,a_383800f8,1,3
p_db38ed2b,a_7f3ae59d,0,1
p_c44616f1,a_025ee16d,0,2
p_4fe263ea,a_0c0fa10b,0,1
p_64ddc5cf,a_a78f6a2b,1,3
p_1d727182,a_7140f2c0,0,1
p_aba34775,a_729cd6e1,0,1
p_6e266805,a_65d9ec6e,1,3
p_cc508049,a_80ec435c,0,1
p_61926aed,a_896286fe,0,1
p_8c338966,a_80ec435c,0,1
p_09159dbf,a_7140f2c0,0,1
p_822cd7f5,a_fcbb3b39,0,1
p_fb41d29f,a_03a5ab58,1,3
p_41ce7fcc,a_ea1abf54,1,3
p_150bb3c2,a_454bf32c,0,1
p_30643a25,a_75b6e83f,0,2
p_d356555b,a_e71592f1,0,1
p_1110504a,a_383800f8,0,1
p_026cd7df,a_89f1ba92,0,1
p_9d4ec58d,a_53a406ed,0,2
p_ecba48dd,a_822f359f,1,3
p_9254b2cb,a_0f2182ef,0,2
p_327ee00f,a_0c0fa10b,0,2
p_ccf81d76,a_7140f2c0,0,1
p_edb0f73f,a_e6abf1ef,0,2
p_3c10dd0d,a_7f3ae59d,0,2
p_48489334,a_90ef20e3,0,1
p_0f091bb2,a_4d998458,1,3
p_932674c5,a_4e03d45d,0,1
p_b4f86955,a_21abe252,0,1
p_bac81a50,a_c7201f44,0,1
p_d1d4fead,a_0f834476,0,1
p_edb0f73f,a_b2a0c953,1,3
p_fb41d29f,a_2c57410b,0,1
p_a69c3214,a_8d9e293b,0,1
p_cd953b99,a_1edc8b53,0,1
p_40663eb0,a_81e950f8,0,1
p_836a291c,a_df4faec7,1,3
p_0251597a,a_6c788564,0,1
p_6b0eccff,a_d24a9895,1,3
p_10a8ace4,a_6c788564,0,1
p_fd5f2c7c,a_90ef20e3,0,1
p_9aa61ec7,a_851bd6e7,0,2
p_041b1951,a_a44fab04,0,1
p_b3c0d0a3,a_0c2e4c1a,0,1
p_0dbd359d,a_08e016a1,1,3
p_1911b151,a_42dc23e4,0,1
p_a3023f14,a_448f8e14,0,1
p_b4f86955,a_725cd6e2,1,3
p_daac84e1,a_0f2182ef,0,1
p_d356555b,a_86085ce4,0,2
p_37aad0d3,a_6c788564,0,1
p_3c826991,a_851bd6e7,0,1
p_8881251b,a_822f359f,1,3
p_4fe263ea,a_7f3ae59d,0,2
p_57e6e494,a_383800f8,0,1
p_6d2ecc60,a_454bf32c,0,1
p_3afa3b1f,a_656aa282,1,3
p_0ee0c7ef,a_2e1eba80,0,1
p_d4c2ce7f,a_21abe252,1,3
p_1f25ed0b,a_74c13cf9,1,3
p_f4b05bf7,a_1edc8b53,1,3
p_4842cf6d,a_e7537330,0,2
p_eb011a63,a_a80919df,0,1
p_3249f972,a_7140f2c0,1,3
p_150bb3c2,a_df4faec7,0,1
p_3fc31782,a_56e464cc,1,3
p_cc9fff4e,a_65d9ec6e,0,2
p_d8129c9f,a_4e03d45d,0,1
p_3db511fb,a_8d9e293b,0,1
p_b0f9a90a,a_383800f8,1,3
p_5825f4e1,a_b319852b,0,1
p_11106bb6,a_b319852b,0,1
p_32d6fe67,a_19a020a9,0,2
p_59a221f5,a_50cd1977,0,1
p_87258758,a_65d9ec6e,0,1
p_1aafae5a,a_c3550482,1,3
p_a31a7c8e,a_10f76ae2,0,1
p_fe73762c,a_d7a0b94c,0,1
p_6ab97a34,a_81e950f8,0,2
p_223d7565,a_6f9835c2,1,3
p_2a119796,a_93029957,0,1
p_9123fbbb,a_17f67c52,0,1
p_2810c77f,a_383800f8,0,1
p_a28f89bb,a_0c0fa10b,0,1
p_51dab86e,a_57940d6c,1,3
p_b329e3e4,a_17f67c52,0,1
p_4106f58a,a_851bd6e7,0,2
p_9a636913,a_11417157,0,1
p_7c5975f6,a_22065b1b,1,3
p_73944ff0,a_be62113f,0,1
p_dfb5ad05,a_7140f2c0,0,1
p_89fc21d5,a_24b89273,1,3
p_fc2d0ea8,a_729cd6e1,0,1
p_a4008890,a_3c856807,0,1
p_9123fbbb,a_6cb22f43,0,1
p_78dfb4bb,a_0f2182ef,0,1
p_ca20363b,a_17f67c52,0,1
p_d09efd48,a_56747035,0,1
p_9cc7e0a1,a_c71c1882,0,2
p_059591c0,a_9ff71867,1,3
p_06a12b08,a_729cd6e1,0,1
p_3937b865,a_d37ac899,0,2
p_a83bd130,a_2e1eba80,0,1
p_72e15826,a_383800f8,1,3
p_4865f04b,a_85d40aea,1,3
p_fa1185cb,a_0c0fa10b,0,2
p_5c923bca,a_1edc8b53,1,3
p_deb2713a,a_e4d8d336,0,1
p_ef29d877,a_3c856807,0,2
p_e7f7f842,a_b319852b,0,1
p_a5a50bda,a_2c57410b,0,1
p_a924572d,a_a8a9209d,0,1
p_8cb549cc,a_0c2e4c1a,0,1
p_1a371be7,a_90ef20e3,1,3
p_2a18b3d9,a_42cc9d36,0,1
p_53ca299a,a_49c22bf2,1,3
p_01550fd1,a_d36f5979,0,1
p_6febeb23,a_3cbc03e6,1,3
p_fcdc1fe7,a_b319852b,0,1
p_513f6866,a_90ef20e3,1,3
p_f25bb647,a_448f8e14,0,2
p_829a9937,a_eb23a010,0,1
p_1df0dcdc,a_0f2182ef,0,1
p_fa1185cb,a_acdadd70,1,3
p_2ae3682d,a_933ba180,1,3
p_c138ff94,a_2a3cd39d,0,2
p_53ca299a,a_4e03d45d,0,1
p_b7aecb4b,a_851bd6e7,0,2
p_40826764,a_8d9e293b,0,1
p_0ee0c7ef,a_2e1eba80,0,1
p_7c237b0a,a_7f3ae59d,1,3
p_1333a9b7,a_ef0037e2,1,3
p_61926aed,a_962494a8,1,3
p_6bca8aa0,a_1ea344d1,1,3
p_3937b865,a_851bd6e7,1,3
p_86defa97,a_2cf2dc07,1,3
p_8bb7bdd0,a_2d22d2bf,0,2
p_86defa97,a_7360df9c,0,1
p_4ab43893,a_3f5e64e5,0,1
p_e9b32add,a_fb761663,0,1
p_6246e21e,a_7f3ae59d,0,1
p_9aa61ec7,a_22065b1b,1,3
p_d3a501bb,a_3def56fa,0,2
p_01437f1d,a_454bf32c,0,1
p_19f2572f,a_4e03d45d,1,3
p_cf3c925a,a_17f67c52,0,1
p_c9bca29a,a_80ec435c,0,2
p_a648da81,a_4d998458,1,3
p_20ddb1bb,a_f96a8909,0,1
p_cd98c58e,a_729cd6e1,0,1
p_30e52e67,a_962494a8,0,1
p_3a9ca283,a_851bd6e7,0,2
p_f838f141,a_ca4b5517,1,3
p_dd6a3fca,a_eb23a010,0,1
p_b0ee5bfc,a_cae71156,0,2
p_32d6fe67,a_19a020a9,0,2
p_6791e219,a_57940d6c,1,3
p_e78f02a1,a_c7201f44,0,1
p_c35dec28,a_418d8454,0,2
p_dafea60d,a_22065b1b,1,3
p_9031b357,a_fb761663,0,1
p_05c2c27e,a_3c9859b5,0,2
p_e955ba4e,a_656aa282,1,3
p_ce508a3e,a_517e96bd,0,1
p_599f2eb5,a_519d7896,1,3
p_23326eea,a_4e03d45d,1,3
p_4772c9e3,a_3e6ac5f2,0,1
p_7d10eaf1,a_22065b1b,1,3
p_3cff6d4d,a_ca4b5517,0,2
p_0edfd1ef,a_e4d1c84b,0,2
p_d3a501bb,a_0f2182ef,0,1
p_98f87550,a_6cb22f43,0,1
p_47518ea0,a_e6b409d0,0,1
p_0407d077,a_454bf32c,0,1
p_f2e7cb20,a_0887a343,0,1
p_9cc7e0a1,a_468c4e87,1,3
p_3dc2f292,a_56747035,0,1
p_aba34775,a_73c3c14c,0,1
p_38f74fe5,a_0c0fa10b,0,1
p_9031b357,a_0f2182ef,1,3
p_006cbd58,a_e6abf1ef,1,3
p_0bc3e295,a_2e1eba80,1,3
p_de47a041,a_1a87ad1e,0,1
p_e52e15a5,a_74c13cf9,0,2
p_09b79c9e,a_ca4b5517,0,2
p_127d13c3,a_64216c1d,1,3
p_9fa10a80,a_3be79eec,1,3
p_0dbd359d,a_a44fab04,1,3
p_5487ad06,a_1c609243,0,1
p_85758b11,a_7140f2c0,0,1
p_17cd159d,a_7140f2c0,0,1
p_b4d45787,a_a0bd1ee1,1,3
p_e36f333a,a_75b6e83f,0,1
p_3af69738,a_0c2e4c1a,0,1
p_72234e60,a_22065b1b,0,1
p_0ef2a5ae,a_3def56fa,0,2
p_7741ec1c,a_923b361a,1,3
p_33278401,a_7ec37374,1,3
p_83505ce3,a_8d9e293b,0,1
p_8d7dfd5a,a_49c22bf2,1,3
p_abc5b04a,a_025ee16d,0,2
p_50d5fbe8,a_0f834476,0,1
p_2fccc3ea,a_49c22bf2,0,1
p_ec7cf3ff,a_1c609243,0,1
p_9456cc33,a_75b6e83f,0,2
p_589c4f99,a_1edc8b53,1,3
p_c59e8747,a_468c4e87,1,3
p_d57c71c8,a_59f52a18,0,2
p_70957d4e,a_4d998458,0,2
p_959c185c,a_229f5c57,0,1
p_11a8b705,a_383800f8,0,1
p_978e4acf,a_ad772062,1,3
p_a18f5c66,a_a88c001e,0,2
p_8d7dfd5a,a_1edc8b53,1,3
p_9cc7e0a1,a_454bf32c,0,1
p_c4b14bb7,a_90ef20e3,0,1
p_a8394db2,a_03a5ab58,0,2
p_53ca299a,a_75b6e83f,0,1
p_210faeab,a_468df4b5,0,1
p_a28f89bb,a_8d9e293b,0,1
p_c6ccdd5a,a_0f2182ef,0,1
p_782c5cf3,a_18370397,0,1
p_490f5ed2,a_933ba180,0,2
p_a3edadba,a_bdb0d5a5,0,1
p_73944ff0,a_47f228a9,0,1
p_642c9e21,a_7140f2c0,0,1
p_cb847e73,a_2c57410b,0,1
p_c75480a7,a_d5c9d20c,1,3
p_ad9003ca,a_e7537330,0,2
p_7182cf07,a_2c57410b,0,1
p_c07cf29c,a_f95e52f4,0,2
p_8b331de2,a_7140f2c0,0,1
p_78dfb4bb,a_cca79a5a,1,3
p_6246e21e,a_8d9e293b,0,2
p_8e4b414e,a_73c3c14c,0,1
p_958d7898,a_b99ab67a,1,3
p_6e9efc46,a_85d40aea,1,3
p_f6ad97b0,a_b2e93c65,0,1
p_4772c9e3,a_ca4b5517,0,2
p_76474bdd,a_2cf2dc07,1,3
p_084c68e1,a_383800f8,1,3
p_db4e574f,a_0f2182ef,0,1
p_7797b0fb,a_6c788564,0,1
p_e88399d1,a_0f2182ef,0,2
p_906a2e32,a_2e1eba80,0,2
p_d215f036,a_e00dbd35,0,1
p_6ee65f80,a_90ef20e3,0,1
p_dbbac93f,a_d24a9895,1,3
p_e188761a,a_c6e75b45,0,1
p_bf079185,a_3f5e64e5,0,2
p_0bff6143,a_1c609243,0,1
p_240dbe3f,a_383800f8,1,3
p_a2d39e11,a_1edc8b53,1,3
p_0f013717,a_509e5eec,1,3
p_328ddf0a,a_3c9859b5,1,3
p_5c5ad1c8,a_7b9e9d7b,1,3
p_ed24c802,a_448f8e14,0,2
p_18fdfece,a_454bf32c,1,3
p_a31a7c8e,a_cfdfc529,0,2
p_c1d700d1,a_7360df9c,0,1
p_b3f1f2ca,a_383800f8,0,1
p_bdb77fba,a_86085ce4,0,1
p_67c9d1c8,a_e6abf1ef,0,1
p_ad129141,a_b2a0c953,0,2
p_d39fb82a,a_3c152112,0,2
p_a18f5c66,a_ea1abf54,1,3
p_663116d6,a_bda23071,1,3
p_278595f8,a_4d998458,1,3
p_06ad6607,a_468c4e87,1,3
p_abc5b04a,a_ca4b5517,1,3
p_6d2ecc60,a_454bf32c,0,1
p_302df944,a_56747035,0,1
p_dfb5ad05,a_57940d6c,0,2
p_b33fff91,a_53a406ed,0,2
p_663116d6,a_e71592f1,0,1
p_3ee2d6f5,a_2c57410b,0,1
p_35e3e28c,a_b99ab67a,1,3
p_084c68e1,a_6c788564,0,1
p_240dbe3f,a_6c788564,0,1
p_2be3d4b1,a_cca79a5a,0,1
p_9d4ec58d,a_03a5ab58,0,1
p_1796713e,a_229f5c57,1,3
p_30dbcc09,a_2c57410b,0,1
p_3e9c4c96,a_a8a9209d,1,3
p_e23b0b20,a_2e1eba80,0,1
p_4486ed4d,a_faaeb3e3,0,2
p_cf3c925a,a_6cb22f43,0,1
p_5e57b9bb,a_56747035,1,3
p_690b11f7,a_c7201f44,0,1
p_43e2d88c,a_d37ac899,0,2
p_aea4c475,a_22065b1b,0,1
p_62c9391c,a_229f5c57,0,1
p_51dab86e,a_57940d6c,1,3
p_bb864036,a_1ea344d1,0,1
p_51e46b03,a_7360df9c,0,1
p_db512e2e,a_7360df9c,1,3
p_47518ea0,a_faaeb3e3,1,3
p_5cf18504,a_468c4e87,1,3
p_7fe3a274,a_56747035,0,2
p_79524aa5,a_7b9e9d7b,1,3
p_1333a9b7,a_59f52a18,1,3
p_ff4d1e4e,a_c6e75b45,0,1
p_68c8ccae,a_509e5eec,0,2
p_ecba48dd,a_80ed7956,1,3
p_6e74a1c6,a_e6abf1ef,0,1
p_92abab29,a_0c0fa10b,0,2
p_2a119796,a_4d998458,0,2
p_4b352a88,a_7ec37374,1,3
p_1a371be7,a_90ef20e3,1,3
p_317636e0,a_383800f8,1,3
p_423b61dc,a_729cd6e1,0,1
p_ad77eb11,a_a44fab04,1,3
p_56495143,a_1edc8b53,1,3
p_0c497dff,a_c62d688b,0,1
p_3e58e209,a_df4faec7,1,3
p_9439fb29,a_3fe0d2c1,1,3
p_773613a5,a_03a5ab58,0,2
p_3e912778,a_3cbc03e6,0,1
p_ad9003ca,a_ff9e1d74,0,1
p_edf4421f,a_d36f5979,1,3
p_30643a25,a_851bd6e7,0,1
p_e96d0e40,a_97c2e19b,0,2
p_7cc090f2,a_0f2182ef,0,1
p_5825f4e1,a_65d9ec6e,1,3
p_7f623259,a_2cb30029,1,3
p_c3d19dea,a_729cd6e1,0,1
p_1d4c53d3,a_b2a0c953,1,3
p_8cb549cc,a_454bf32c,0,2
p_2f3dce1b,a_0b23fb42,1,3
p_0f6112b0,a_468c4e87,1,3
p_834149c3,a_85d40aea,0,2
p_91ba363e,a_75b6e83f,0,1
p_a1f64968,a_42a15ba8,1,3
p_dde687c7,a_7360df9c,0,1
p_62c9391c,a_74c13cf9,0,2
p_d08cce0d,a_1ea344d1,0,2
p_1f25ed0b,a_8bd68dfb,0,2
p_5346c365,a_454bf32c,0,1
p_d91f31d3,a_8d9e293b,0,1
p_cdaac739,a_e4d8d336,0,1
p_23c3c22e,a_df4faec7,0,2
p_7c237b0a,a_383800f8,0,2
p_ce6adfe1,a_729cd6e1,0,1
p_41ce7fcc,a_1c609243,0,1
p_6859f497,a_defe9b51,0,1
p_b7aecb4b,a_49c22bf2,1,3
p_9303066c,a_defe9b51,0,2
p_0251597a,a_80ec435c,0,1
p_c4f35c50,a_07082d17,1,3
p_99f14a48,a_93029957,1,3
p_4e7ad9b3,a_a0bd1ee1,1,3
p_3ac396f6,a_263683e6,0,1
p_196009f5,a_80ed7956,1,3
p_ff8b86e9,a_b5a1613d,1,3
p_159bc631,a_75b6e83f,0,2
p_0407d077,a_df4faec7,0,1
p_40ef56c0,a_822f359f,1,3
p_979fa2e9,a_d60513f8,0,1
p_1796713e,a_74c13cf9,0,2
p_f01160a9,a_d36f5979,0,1
p_4c6e439c,a_86085ce4,0,1
p_40663eb0,a_fcbb3b39,0,1
p_bdd3af08,a_2c57410b,0,1
p_eeb3fb90,a_50cd1977,0,1
p_4f8b0122,a_229f5c57,0,1
p_d0864640,a_24b89273,1,3
p_b0f9a90a,a_6c788564,0,1
p_6ab97a34,a_3f5e64e5,1,3
p_b8f28103,a_0f2182ef,1,3
p_90e451d3,a_bda23071,1,3
p_3db511fb,a_8d9e293b,0,1
p_a638a22c,a_3c9859b5,1,3
p_bd3372de,a_8d9e293b,1,3
p_94ef28c9,a_7140f2c0,0,2
p_67102227,a_80ed7956,1,3
p_92abab29,a_0c0fa10b,0,2
p_0cd225f3,a_3f5e64e5,1,3
p_1ac34160,a_2e1eba80,0,1
p_0f0804e7,a_509e5eec,0,2
p_fc47c039,a_e7537330,0,1
p_aee2c923,a_3416907c,1,3
p_cd98c58e,a_73c3c14c,0,1
p_8a08fe1f,a_d57ee3a5,1,3
p_79ee0bca,a_be62113f,0,1
p_d58ec5f9,a_962494a8,1,3
p_ab266131,a_b2a0c953,1,3
p_85eb5c4e,a_383800f8,1,3
p_e96d0e40,a_eb23a010,0,1
p_7d66243c,a_7360df9c,1,3
p_5c923bca,a_b2a0c953,0,1
p_3285d669,a_ef0037e2,1,3
p_8270be12,a_0c2e4c1a,0,1
p_3fc28e0d,a_8d9e293b,0,2
p_a26fbc55,a_b948aa04,0,2
p_fa26a0a7,a_ca4b5517,1,3
p_33d6d4b1,a_851bd6e7,0,2
p_6f0329bf,a_729cd6e1,0,1
p_4f81ccee,a_454bf32c,1,3
p_8acd609b,a_49c22bf2,1,3
p_9077d865,a_851bd6e7,0,1
p_d0635c2d,a_383800f8,1,3
p_a26516bb,a_4d64eb56,0,1
p_2fd541a7,a_7140f2c0,0,1
p_958d7898,a_509e5eec,0,2
p_25bf0e69,a_53a406ed,0,2
p_77caca15,a_d36f5979,0,1
p_7e7c7fc9,a_cae71156,0,2
p_0ee0c7ef,a_24b89273,1,3
p_9ae1627f,a_49c22bf2,1,3
p_a2512708,a_2e1eba80,0,1
p_e43dfab0,a_851bd6e7,0,1
p_78dfb4bb,a_0f2182ef,0,1
p_3d9a6e9d,a_8685a719,0,1
p_f2462e65,a_90ef20e3,0,1
p_40663eb0,a_fcbb3b39,0,1
p_34a4ece6,a_0f2182ef,1,3
p_e8de4bad,a_19a020a9,0,1
p_50e81cfa,a_74c13cf9,1,3
p_d57c71c8,a_ef0037e2,0,2
p_40ef56c0,a_86085ce4,0,1
p_4ad4cd92,a_7ec37374,0,1
p_25bf0e69,a_03a5ab58,0,1
p_fd5f2c7c,a_3c9859b5,1,3
p_6b6bb0aa,a_ea1abf54,1,3
p_f8169f06,a_d7a0b94c,0,1
p_bf8b2db9,a_3def56fa,0,2
p_4c6e439c,a_03a5ab58,0,2
p_5ef9537b,a_365aedee,0,1
p_14c68c06,a_2c57410b,0,1
p_a66d86b2,a_0c0fa10b,1,3
p_67ed699e,a_73c3c14c,0,1
p_b4d45787,a_fb761663,0,2
p_e678e55b,a_7140f2c0,1,3
p_49ba9f86,a_48f76a8e,0,2
p_ad77eb11,a_4b647701,0,1
p_d3a501bb,a_0f2182ef,0,1
p_ffda1da3,a_48f76a8e,1,3
p_30bdca02,a_8d06b98e,1,3
p_690b11f7,a_aef450fd,0,1
p_88a653a2,a_0887a343,0,2
p_fd5f2c7c,a_fa459c39,0,2
p_fc26e850,a_ddb7d206,0,1
p_a87adfcf,a_21abe252,1,3
p_49ba9f86,a_4d998458,1,3
p_ee7e1b87,a_b24f84ad,1,3
p_6c26ef32,a_8d9e293b,0,1
p_0f172982,a_22065b1b,1,3
p_51aa8b90,a_45e057f0,0,2
p_ee33a166,a_929bd94d,0,1
p_48489334,a_90ef20e3,0,1
p_822cd7f5,a_81e950f8,0,1
p_64ddc5cf,a_448f8e14,0,1
p_bd3372de,a_0c0fa10b,1,3
p_1ac34160,a_81e950f8,0,2
p_589c4f99,a_49c22bf2,1,3
p_f6ad97b0,a_c62d688b,0,2
p_932674c5,a_e6abf1ef,1,3
p_befd539f,a_8d9e293b,0,2
p_16477544,a_b490189c,0,1
p_7ec30e71,a_73c3c14c,0,1
p_8d63bdcb,a_7140f2c0,0,1
p_2147dbe8,a_6c788564,0,1
p_362c6102,a_491c37d2,1,3
p_11a8b705,a_85d40aea,1,3
p_589c4f99,a_56747035,0,1
p_16477544,a_3e6ac5f2,1,3
p_37aad0d3,a_383800f8,1,3
p_d83fa52e,a_b2a0c953,0,2
p_2458f020,a_2e1eba80,1,3
p_70dfad21,a_cfdfc529,0,1
p_db73b692,a_4d998458,1,3
p_a58e726b,a_be62113f,0,1
p_47e4cafe,a_e4d1c84b,1,3
p_e831f4fe,a_48f76a8e,1,3
p_f0426e6b,a_22065b1b,1,3
p_c3d19dea,a_73c3c14c,0,1
p_d5df5acf,a_8d9e293b,0,2
p_88e9c5a8,a_3f5e64e5,0,2
p_e82620cc,a_3c9859b5,0,1
p_e733a6e9,a_e1ad25aa,0,1
p_9b8632fa,a_81ba8af2,1,3
p_8acd609b,a_3e6ac5f2,0,2
p_f6ad97b0,a_c71c1882,1,3
p_d1037b13,a_80ec435c,0,1
p_a8c1512b,a_0f834476,0,1
p_97dcf870,a_7140f2c0,0,1
p_957b9638,a_ca4b5517,0,2
p_1c99d832,a_e00dbd35,0,1
p_93afe082,a_e71592f1,0,1
p_362c6102,a_1c609243,0,1
p_9aa61ec7,a_e6abf1ef,0,1
p_9b31bd1f,a_4e03d45d,0,1
p_9b31bd1f,a_cca79a5a,0,2
p_3ed40554,a_b948aa04,1,3
p_dbbac93f,a_229f5c57,0,1
p_67c9d1c8,a_75b6e83f,1,3
p_7401595b,a_b24f84ad,0,1
p_e50540a3,a_75b6e83f,1,3
p_76515e91,a_468c4e87,0,2
p_e5d60ad1,a_0f2182ef,0,1
p_48ed165a,a_046c3d23,0,2
p_c83ff981,a_5b557625,1,3
p_e2a6cec8,a_b2a0c953,0,1
p_4b352a88,a_42cc9d36,1,3
p_c088c721,a_e6abf1ef,0,1
p_f171dc84,a_3be79eec,1,3
p_6d2ecc60,a_df4faec7,0,1
p_e88399d1,a_0f2182ef,0,2
p_a3edadba,a_9ff71867,1,3
p_e88399d1,a_fa944206,1,3
p_d0a989de,a_0f2182ef,0,1
p_210faeab,a_19b28cf8,0,1
p_5cf18504,a_454bf32c,0,1
p_77ccac8c,a_468c4e87,0,2
p_188ab6a7,a_403ccf40,0,1
p_041b1951,a_08e016a1,0,1
p_09461da7,a_468c4e87,1,3
p_642c9e21,a_4e48e3b2,0,2
p_b83b55f3,a_403ccf40,0,1
p_b7734e28,a_2c57410b,0,1
p_6b6bb0aa,a_74c13cf9,0,1
p_822ef31f,a_b06fa828,1,3
p_565f4e4f,a_3cbc03e6,0,1
p_ab3b4800,a_454bf32c,0,2
p_85a6264e,a_11417157,1,3
p_c35dec28,a_bda23071,1,3
p_87ada69f,a_2c57410b,0,1
p_a2552e68,a_6c788564,0,1
p_8d7dfd5a,a_1edc8b53,1,3
p_ad129141,a_dec36dbc,0,1
p_50e81cfa,a_b319852b,0,1
p_0ae3b98f,a_0c0fa10b,0,2
p_3db511fb,a_42a15ba8,1,3
p_33c16246,a_b5a1613d,1,3
p_e23b0b20,a_7140f2c0,0,2
p_d0a989de,a_0f2182ef,0,1
p_6e9f2d7e,a_0f2182ef,1,3
p_67c9d1c8,a_e6abf1ef,0,1
p_cc508049,a_383800f8,1,3
p_8b331de2,a_851bd6e7,1,3
p_1aafae5a,a_3f5e64e5,0,1
p_2e4486ce,a_0f2182ef,1,3
p_aa4101ab,a_d7a0b94c,0,1
p_c1d9b686,a_9ff71867,1,3
p_3cff6d4d,a_ca4b5517,0,2
p_0d51e629,a_933ba180,0,2
p_61926aed,a_656aa282,1,3
p_4106f58a,a_1edc8b53,1,3
p_1d901841,a_7360df9c,0,1
p_e8403e01,a_851bd6e7,1,3
p_932674c5,a_448f8e14,0,2
p_83505ce3,a_7f3ae59d,0,2
p_83505ce3,a_8d9e293b,0,1
p_6e9f397a,a_896286fe,0,2
p_6eb1b031,a_0c0fa10b,1,3
p_abf4ea48,a_0f2182ef,1,3
p_3c3e6977,a_4e03d45d,0,2
p_d2217a54,a_49c22bf2,1,3
p_4353a3b6,a_9f64aedf,1,3
p_59a221f5,a_49c22bf2,0,2
p_7132156a,a_656aa282,1,3
p_362c6102,a_cecd362b,0,2
p_23155a65,a_2cb30029,1,3
p_53658daf,a_7360df9c,1,3
p_14c68c06,a_6597013d,0,2
p_fe3fb65b,a_b319852b,0,1
p_76515e91,a_3f5e64e5,1,3
p_bb70ca7d,a_e7537330,0,2
p_17a5935f,a_1293f6dd,0,1
p_b9c10e38,a_e6abf1ef,0,1
p_89c84b5f,a_90ef20e3,0,2
p_f01160a9,a_85d40aea,0,1
p_834149c3,a_fba851dd,1,3
p_a2d39e11,a_49c22bf2,1,3
p_3fc28e0d,a_0c0fa10b,0,2
p_93afe082,a_7140f2c0,0,2
p_8acd609b,a_1edc8b53,1,3
p_c7c3abe7,a_3f5e64e5,0,2
p_18c7d7e2,a_56747035,0,1
p_a27eca99,a_24b89273,1,3
p_5e73b1a4,a_cfa4df63,0,1
p_a648da81,a_48f76a8e,0,2
p_59590110,a_b24f84ad,0,1
p_eb27f9f8,a_896286fe,0,1
p_180abdd1,a_0c0fa10b,0,2
p_b8a38b86,a_448f8e14,0,2
p_51aa8b90,a_229f5c57,1,3
p_f812aee4,a_56747035,0,2
p_38f74fe5,a_3cbc03e6,1,3
p_48285516,a_80ec435c,0,1
p_1db522c6,a_df4faec7,0,1
p_62c9391c,a_42a15ba8,1,3
p_8270be12,a_0c2e4c1a,0,1
p_35699f73,a_defe9b51,0,2
p_e754a5e4,a_17f67c52,0,1
p_0ae3b98f,a_90ef20e3,1,3
p_37aad0d3,a_6c788564,0,1
p_befd539f,a_0c0fa10b,0,2
p_8acd609b,a_4ae71503,0,1
p_23c3c22e,a_93029957,0,1
p_a2d39e11,a_c1be4efc,0,1
p_2c583ae9,a_8d9e293b,0,1
p_6fbdce7c,a_65d9ec6e,1,3
p_836a291c,a_7360df9c,0,1
p_826bf6d6,a_7140f2c0,1,3
p_7cc090f2,a_0f2182ef,0,1
p_b79f41b1,a_65d9ec6e,1,3
p_85a6264e,a_72847a9c,0,1
p_8270be12,a_3cbc03e6,0,2
p_36147e3e,a_80ec435c,0,1
p_33f48ea4,a_d5c9d20c,0,1
p_83505ce3,a_7f3ae59d,0,2
p_33d6d4b1,a_851bd6e7,0,2
p_9c93f5b8,a_7140f2c0,0,2
p_21a871ee,a_0c0fa10b,1,3
p_7052e755,a_bd19e6e3,1,3
p_3c34c15d,a_e71592f1,0,2
p_b864792d,a_ddb7d206,0,2
p_6bb0e03f,a_4e48e3b2,0,2
p_72234e60,a_22065b1b,0,1
p_bdcd0b76,a_24b89273,1,3
p_4eab2c04,a_2e1eba80,1,3
p_73fe97cc,a_0c0fa10b,0,1
p_73fe97cc,a_8d9e293b,0,1
p_3d4b2d83,a_aef450fd,0,1
p_3af69738,a_0c2e4c1a,0,1
p_17ee6a62,a_229f5c57,1,3
p_155e5fdc,a_a78f6a2b,0,1
p_e955ba4e,a_962494a8,1,3
p_17a5935f,a_35d36244,1,3
p_eea8d394,a_03a5ab58,0,2
p_0edfd1ef,a_97c2e19b,1,3
p_e88399d1,a_10f76ae2,0,1
p_eb011a63,a_3cbc03e6,1,3
p_208d1bfb,a_7360df9c,0,1
p_6fbdce7c,a_a496f747,0,1
p_943c6bb6,a_2c57410b,0,1
p_792f3d33,a_c71c1882,0,1
p_b64a49f9,a_3f5e64e5,0,2
p_49149cbf,a_a6de238b,1,3
p_77df0ebd,a_ca4b5517,0,1
p_4cc0c12f,a_997b777b,0,1
p_ce64ffcd,a_c989b4dc,1,3
p_2810c77f,a_383800f8,0,1
p_3a168976,a_22065b1b,1,3
p_1ff8a267,a_fba851dd,0,2
p_58ff1531,a_383800f8,1,3
p_30dbcc09,a_9f6196d0,0,2
p_0bfa82b5,a_2c57410b,0,1
p_cc476b7a,a_c3243fb1,1,3
p_a66d86b2,a_383800f8,0,2
p_a4bfb623,a_0c0fa10b,0,1
p_76474bdd,a_7360df9c,0,1
p_b8613810,a_8d06b98e,1,3
p_1a371be7,a_a80919df,0,1
p_042087fd,a_7360df9c,0,1
p_bcd204b5,a_923b361a,0,1
p_b8a38b86,a_75b6e83f,0,1
p_b79f41b1,a_0c2e4c1a,0,1
p_30ea1cb7,a_263683e6,0,1
p_c84eb7b2,a_933ba180,1,3
p_79524aa5,a_69d50424,0,2
p_4eab2c04,a_03a5ab58,0,2
p_ca20363b,a_6cb22f43,0,1
p_c47417b1,a_230a65e6,1,3
p_5b42981f,a_48f76a8e,0,2
p_5b88f951,a_b5a89028,0,1
p_b94c4a50,a_6f9835c2,1,3
p_dd6a3fca,a_17992874,0,1
p_b32547b3,a_ca4b5517,1,3
p_f812aee4,a_b99ab67a,1,3
p_23326eea,a_22a921f5,0,1
p_56495143,a_1edc8b53,1,3
p_be462dee,a_230a65e6,0,2
p_1fec2936,a_7360df9c,0,1
p_9eda7881,a_aef450fd,0,1
p_5487ad06,a_03a5ab58,0,2
p_d128f8d3,a_656aa282,1,3
p_61926aed,a_962494a8,1,3
p_14c68c06,a_e3cfdb1e,1,3
p_19f2572f,a_22da9c7e,0,1
p_79bd922d,a_997b777b,1,3
p_d09efd48,a_b2a0c953,1,3
p_e96d0e40,a_eb23a010,0,1
p_77acd965,a_b2e93c65,0,1
p_edb0f73f,a_e6abf1ef,0,2
p_83505ce3,a_0c0fa10b,0,1
p_c404d1e4,a_1293f6dd,0,1
p_07dbc2ec,a_ef0037e2,0,2
p_8c338966,a_383800f8,0,2
p_809ab63e,a_933ba180,1,3
p_f389ec4f,a_97c2e19b,0,1
p_208d1bfb,a_7360df9c,0,1
p_776419a4,a_dec36dbc,0,2
p_df40c1d3,a_3c856807,0,2
p_b864792d,a_dec36dbc,0,2
p_6ab97a34,a_2e1eba80,0,1
p_c108bae8,a_7f3ae59d,0,1
p_91ba363e,a_4e03d45d,0,1
p_d8129c9f,a_fcbb3b39,0,2
p_7132156a,a_0c0fa10b,0,1
p_64091f25,a_f95e52f4,0,2
p_c47417b1,a_c62d688b,0,1
p_7759665e,a_ca4b5517,1,3
p_c2eafac8,a_c62d688b,0,1
p_a3023f14,a_b24f84ad,0,1
p_97dcf870,a_509e5eec,0,2
p_6e9f2d7e,a_fb761663,0,1
p_e90a6754,a_468c4e87,1,3
p_8b660138,a_4e03d45d,0,1
p_c1d9b686,a_03a5ab58,0,2
p_7a2a8881,a_383800f8,0,1
p_3a9ca283,a_e6abf1ef,0,1
p_57f0ea0e,a_997b777b,1,3
p_6e9efc46,a_e6abf1ef,0,1
p_25bf0e69,a_e1ad25aa,1,3
p_40663eb0,a_2cb30029,1,3
p_327ee00f,a_0c0fa10b,0,2
p_97bdb32a,a_0c0fa10b,0,1
p_eb011a63,a_3cbc03e6,1,3
p_4485de56,a_601c3b4c,0,1
p_1611715f,a_383800f8,1,3
p_805fff30,a_6c788564,0,1
p_2132aeab,a_8d9e293b,1,3
p_e50540a3,a_4e03d45d,1,3
p_9325707e,a_020e2c9d,0,1
p_6317a992,a_3c9859b5,1,3
p_7a56476a,a_3f5e64e5,1,3
p_fc984720,a_49c22bf2,0,2
p_bd3372de,a_19a020a9,0,1
p_3e58e209,a_454bf32c,1,3
p_74c47dc2,a_454bf32c,0,1
p_3a0f6976,a_6c788564,0,2
p_b65d33a8,a_72847a9c,0,1
p_a4bfb623,a_8d9e293b,0,1
p_70dfad21,a_468c4e87,1,3
p_64a0e6a6,a_6c788564,0,1
p_b7869d51,a_2c57410b,0,1
p_a2552e68,a_383800f8,1,3
p_ce64ffcd,a_defe9b51,0,2
p_cab4dc02,a_0bfbda0f,1,3
p_befd539f,a_7f3ae59d,0,1
p_6ea5d789,a_57940d6c,0,2
p_acc5c82e,a_6c788564,0,1
p_6e9efc46,a_d36f5979,1,3
p_35e3e28c,a_601c3b4c,0,2
p_bdcd0b76,a_71d496fb,0,2
p_3249f972,a_7140f2c0,1,3
p_b8d1b58f,a_36617626,0,2
p_64a0e6a6,a_80ec435c,0,1
p_e1e72d49,a_a78f6a2b,0,2
p_fcd2d011,a_cbb1bad0,0,2
p_9456cc33,a_4e03d45d,0,2
p_6bb0e03f,a_7140f2c0,0,1
p_e90a6754,a_a496f747,0,2
p_c988bbc3,a_df4faec7,0,1
p_5d4c6cc1,a_2e1eba80,1,3
p_c011b32b,a_7f3ae59d,0,1
p_b7bd3e09,a_ddb7d206,1,3
p_e96d0e40,a_e4d1c84b,1,3
p_bf8b2db9,a_d039d681,1,3
p_befd539f,a_7f3ae59d,0,1
p_6c3b80c0,a_2d22d2bf,1,3
p_327ee00f,a_65d9ec6e,1,3
p_d0a989de,a_4e48e3b2,1,3
p_18fdfece,a_7360df9c,0,1
p_8d2adea1,a_0887a343,0,1
p_926e7fc0,a_65d9ec6e,1,3
p_0bff6143,a_2e1eba80,1,3
p_2fcb886a,a_7f3ae59d,0,2
p_834149c3,a_d36f5979,0,2
p_3e912778,a_05276d90,0,2
p_10ea2cd6,a_dec36dbc,1,3
p_836a291c,a_7360df9c,0,1
p_ce6cfc8a,a_229f5c57,1,3
p_33278401,a_42cc9d36,1,3
p_fcc7dfd7,a_6c788564,0,1
p_10a4b987,a_17f67c52,0,1
p_ef33364a,a_24b89273,1,3
p_14950a7e,a_75b6e83f,0,1
p_4865f04b,a_3f5e64e5,0,1
p_5c5ad1c8,a_69d50424,0,2
p_4f8b0122,a_0c0fa10b,1,3
p_9ae1627f,a_1edc8b53,1,3
p_6febeb23,a_90ef20e3,1,3
p_e36789c2,a_933ba180,1,3
p_3e912778,a_90ef20e3,0,1
p_f8346600,a_725cd6e2,0,1
p_f25bb647,a_b24f84ad,0,2
p_dbbfc728,a_725cd6e2,0,1
p_bf8b2db9,a_d5c9d20c,0,1
p_a2552e68,a_6c788564,0,1
p_cd4d35df,a_0f2182ef,0,1
p_6791e219,a_1293f6dd,0,1
p_eea8d394,a_81ba8af2,1,3
p_e96d0e40,a_17992874,0,1
p_50debd56,a_3cbc03e6,1,3
p_a3c867a8,a_725cd6e2,0,1
p_ee7e1b87,a_448f8e14,1,3
p_a58e726b,a_47f228a9,0,1
p_5b42981f,a_48f76a8e,0,2
p_e5d60ad1,a_0f2182ef,0,1
p_9e0025a5,a_e6abf1ef,1,3
p_f25bb647,a_42a15ba8,1,3
p_a924572d,a_a78f6a2b,0,1
p_1110504a,a_383800f8,0,1
p_e52e15a5,a_1ea344d1,0,1
p_773613a5,a_2e1eba80,1,3
p_4c204b7b,a_90ef20e3,1,3
p_9735c679,a_892a94dd,0,1
p_8a08fe1f,a_3f5e64e5,0,1
p_1c99d832,a_93029957,0,2
p_c642aea1,a_a6de238b,0,2
p_126a2048,a_0f2182ef,1,3
p_98f45114,a_454bf32c,0,2
p_84604db4,a_9ff71867,1,3
p_957b9638,a_851bd6e7,0,1
p_9439fb29,a_3cbc03e6,0,1
p_423b61dc,a_73c3c14c,0,1
p_6eb1b031,a_8d9e293b,1,3
p_6246e21e,a_8d9e293b,0,2
p_328ddf0a,a_3cbc03e6,0,1
p_49ba9f86,a_7c125a84,0,1
p_3f5f50f1,a_0c0fa10b,0,2
p_befd539f,a_42a15ba8,1,3
p_a4bfb623,a_b99ab67a,1,3
p_4bb0d9fc,a_0887a343,0,1
p_cabee6b0,a_35d36244,0,1
p_18c7d7e2,a_1edc8b53,1,3
p_126a2048,a_0f2182ef,1,3
p_3df8bef5,a_896286fe,1,3
p_4aa66a93,a_0fe2cd74,0,1
p_529822b7,a_73c3c14c,0,1
p_328ddf0a,a_fa459c39,0,2
p_38f74fe5,a_8d9e293b,0,1
p_d7463523,a_5db640f1,0,1
p_c9bca29a,a_6c788564,0,2
p_490f5ed2,a_933ba180,0,2
p_da4bcd88,a_81ba8af2,1,3
p_599f2eb5,a_4b647701,0,1
p_77caca15,a_85d40aea,0,1
p_0ee0c7ef,a_7140f2c0,0,2
p_48dd526d,a_3c856807,0,1
p_19f2572f,a_75b6e83f,1,3
p_b7aecb4b,a_1edc8b53,1,3
p_2a18b3d9,a_19a020a9,0,2
p_7896fa05,a_56747035,0,1
p_32d6fe67,a_c3243fb1,1,3
p_7ebeff64,a_0f2182ef,1,3
p_06a12b08,a_73c3c14c,0,1
p_e90a6754,a_997b777b,0,1
p_5b41a4ca,a_ea1abf54,1,3
p_20f5d7cb,a_725cd6e2,0,1
p_93afe082,a_e71592f1,0,1
p_a4bfb623,a_8d9e293b,0,1
p_5346c365,a_a88153cd,0,2
p_90e451d3,a_86085ce4,0,2
p_17cd159d,a_7140f2c0,0,1
p_1f25ed0b,a_3c152112,0,1
p_bed61bd7,a_b948aa04,1,3
p_50807741,a_7360df9c,0,1
p_23c3c22e,a_7c125a84,1,3
p_f494bed4,a_851bd6e7,0,1
p_1964999e,a_7c125a84,0,2
p_b8d1b58f,a_dec36dbc,1,3
p_3c826991,a_75b6e83f,0,2
p_67c9d1c8,a_2d22d2bf,0,2
p_e9c3d893,a_e7537330,0,2
p_2a119796,a_a88153cd,1,3
p_6548a46c,a_65d9ec6e,1,3
p_f2462e65,a_3cbc03e6,0,1
p_a31a7c8e,a_fa944206,1,3
p_01550fd1,a_35d36244,0,2
p_c6e7057d,a_2c57410b,0,1
p_8baedeab,a_d66fa9aa,0,1
p_234ab411,a_75b6e83f,0,2
p_ab3b4800,a_7c125a84,1,3
p_a2d39e11,a_851bd6e7,0,2
p_be462dee,a_b5a1613d,0,1
p_79352fb5,a_acdadd70,1,3
p_7a661ede,a_3950986c,0,2
p_48489334,a_1293f6dd,1,3
p_376a830e,a_bdb0d5a5,0,1
p_79352fb5,a_acdadd70,1,3
p_b67ba255,a_48f76a8e,1,3
p_a85558da,a_90ef20e3,0,1
p_a58f52d9,a_725cd6e2,0,1
p_76c8ee3a,a_81ba8af2,1,3
p_40ef56c0,a_80ed7956,1,3
p_d959a43f,a_383800f8,0,2
p_d959a43f,a_0f834476,1,3
p_eaab2be7,a_3f5e64e5,1,3
p_ab3b4800,a_df4faec7,0,2
p_17ee6a62,a_45e057f0,0,2
p_7a1ab96d,a_a88c001e,1,3
p_7d66243c,a_b2a0c953,0,1
p_4865f04b,a_d36f5979,1,3
p_38f7e8a8,a_2fe4ca77,0,1
p_73f579f8,a_ca4b5517,0,2
p_b16139bb,a_2c57410b,0,1
p_d8129c9f,a_fcbb3b39,0,2
p_e9b32add,a_b5a89028,1,3
p_771027c5,a_65d9ec6e,1,3
p_c988bbc3,a_ea1abf54,1,3
p_529822b7,a_73c3c14c,0,1
p_4f88fce0,a_3c152112,1,3
p_40663eb0,a_0887a343,0,2
p_e23b0b20,a_2e1eba80,0,1
p_9c4bec01,a_42a15ba8,1,3
p_1f8b3b12,a_3cbc03e6,0,1
p_fdbeac1f,a_509e5eec,1,3
p_9d4ec58d,a_e1ad25aa,1,3
p_c138ff94,a_b96e46b2,0,1
p_e50540a3,a_75b6e83f,1,3
p_c7d74294,a_0c2e4c1a,0,1
p_76ce92d1,a_3bc1b755,0,1
p_f636ec5f,a_851bd6e7,1,3
p_e36789c2,a_7360df9c,0,1
p_8881251b,a_80ed7956,1,3
p_dbd7cf07,a_8d9e293b,0,2
p_f94fdaf8,a_80ec435c,0,2
p_c4f35c50,a_7140f2c0,0,1
p_d59a3ae0,a_b2e93c65,0,1
p_f955620f,a_b99ab67a,1,3
p_9eda7881,a_c7201f44,0,1
p_811b1886,a_2e1eba80,0,1
p_0d5631ae,a_45e057f0,1,3
p_26f6f1c5,a_9ff71867,0,1
p_67102227,a_80ed7956,1,3
p_5fe9bb83,a_80ec435c,1,3
p_7a2cf64f,a_cae71156,0,2
p_e43dfab0,a_d57ee3a5,1,3
p_dafea60d,a_22065b1b,1,3
p_b329e3e4,a_6cb22f43,0,1
p_a58e726b,a_a78f6a2b,1,3
p_d91f31d3,a_0c0fa10b,0,1
p_9790f745,a_1edc8b53,1,3
p_7cb58f2c,a_c3243fb1,0,1
p_6ee65f80,a_3cbc03e6,0,1
p_abc5b04a,a_b67d65c2,0,1
p_909d9de8,a_faaeb3e3,0,1
p_74cd351a,a_3cbc03e6,1,3
p_9c4bec01,a_a8a9209d,0,2
p_dc87d119,a_fa459c39,0,2
p_9cc7e0a1,a_df4faec7,0,1
p_fe6e2ac2,a_81ba8af2,1,3
p_cc476b7a,a_19a020a9,0,2
p_e0ae31bf,a_3f5e64e5,0,2
p_f0fe5ea9,a_90ef20e3,0,1
p_f39da835,a_6cb22f43,0,1
p_46fdf18c,a_729cd6e1,0,1
p_57f0ea0e,a_7c125a84,0,1
p_e50540a3,a_2d22d2bf,0,2
p_7f79b433,a_93029957,1,3
p_9990a3d1,a_ca4b5517,1,3
p_0dfbf219,a_cae71156,0,2
p_b3c0d0a3,a_a6de238b,1,3
p_97bdb32a,a_8d9e293b,0,1
p_aa4101ab,a_27b2d3fc,0,1
p_cd98c58e,a_73c3c14c,0,1
p_79352fb5,a_8685a719,0,1
p_54cc7584,a_2c57410b,0,1
p_2604d858,a_896286fe,0,2
p_fc796a8c,a_7140f2c0,0,2
p_79352fb5,a_8d9e293b,0,2
p_1b5bbabc,a_0c2e4c1a,0,1
p_7f5f59c6,a_c62d688b,0,1
p_f8169f06,a_27b2d3fc,0,1
p_41c077fa,a_6c788564,0,1
p_f955620f,a_fa944206,0,1
p_b64a49f9,a_22065b1b,0,1
p_d08cce0d,a_ad772062,1,3
p_30dbcc09,a_0b23fb42,1,3
p_042087fd,a_df4faec7,1,3
p_40826764,a_8d9e293b,0,1
p_c4b14bb7,a_1293f6dd,1,3
p_6ee65f80,a_fc59c809,0,2
p_d0635c2d,a_80ec435c,0,1
p_3e9c4c96,a_448f8e14,0,1
p_4f81ccee,a_229f5c57,0,2
p_79ee0bca,a_a8a9209d,1,3
p_c4b14bb7,a_3cbc03e6,0,1
p_663ae284,a_7ec37374,0,1
p_10db75e9,a_7140f2c0,0,1
p_fc26e850,a_b2a0c953,0,2
p_a26fbc55,a_c3abd698,1,3
p_5c923bca,a_49c22bf2,1,3
p_a275f9c8,a_3def56fa,0,2
p_d3a501bb,a_3e6ac5f2,1,3
p_9990a3d1,a_738a7ea7,0,2
p_1ac34160,a_3f5e64e5,1,3
p_f0426e6b,a_3f5e64e5,0,2
p_bb70ca7d,a_bdb0d5a5,1,3
p_5b982f45,a_2cb30029,1,3
p_acd755ca,a_27b2d3fc,0,1
p_80935eee,a_ca4b5517,0,2
p_76474bdd,a_7360df9c,0,1
p_2f3dce1b,a_9f6196d0,0,2
p_ce508a3e,a_c8f04904,0,1
p_b7bd3e09,a_cae71156,0,2
p_f6ced86c,a_ab96829b,0,1
p_6791e219,a_b06fa828,0,2
p_9697e07a,a_448f8e14,0,1
p_befd539f,a_8d9e293b,0,2
p_7a1ab96d,a_1293f6dd,0,1
p_79bd922d,a_65d9ec6e,0,2
p_16c44746,a_7140f2c0,0,1
p_09159dbf,a_d37ac899,0,2
p_5d3bbfa3,a_03a5ab58,1,3
p_4b352a88,a_42cc9d36,1,3
p_f4b4a84b,a_468c4e87,0,1
p_61570bd4,a_0c2e4c1a,0,1
p_cdaac739,a_cae71156,0,2
p_2132aeab,a_0c0fa10b,1,3
p_09461da7,a_468c4e87,1,3
p_e0ae31bf,a_cfdfc529,0,1
p_e2a6cec8,a_e6abf1ef,1,3
p_eaa52b33,a_2d22d2bf,0,2
p_74c75553,a_2d22d2bf,0,2
p_685e6ec3,a_a44fab04,1,3
p_a4008890,a_42dc23e4,0,1
p_c060b130,a_454bf32c,1,3
p_70ae4590,a_d37ac899,0,2
p_c404d1e4,a_56747035,0,2
p_690b11f7,a_aef450fd,0,1
p_9d4ec58d,a_923b361a,1,3
p_fc26e850,a_9be8fc0a,1,3
p_513f6866,a_7f3ae59d,0,1
p_a1f64968,a_8d9e293b,0,2
p_42364427,a_418d8454,0,1
p_c108bae8,a_b99ab67a,1,3
p_a69c3214,a_0c0fa10b,0,1
p_dbe93636,a_b2a0c953,1,3
p_646c471b,a_81ba8af2,1,3
p_4729419d,a_e71592f1,0,1
p_c713d6d6,a_a6de238b,1,3
p_7e7c7fc9,a_faaeb3e3,1,3
p_3f5f50f1,a_acdadd70,1,3
p_0d5631ae,a_d36f5979,0,2
p_51dab86e,a_1293f6dd,0,1
p_180abdd1,a_acdadd70,1,3
p_6502af64,a_2cf2dc07,1,3
p_663116d6,a_e71592f1,0,1
p_6bb0e03f,a_4e48e3b2,0,2
p_f2abfea9,a_6c788564,0,1
p_546b622b,a_3cbc03e6,1,3
p_30bdca02,a_d37ac899,0,2
p_834149c3,a_56747035,0,1
p_42e8fbbb,a_e6abf1ef,1,3
p_5346c365,a_a6de238b,1,3
p_d253b18b,a_89f1ba92,0,1
p_302df944,a_896286fe,0,2
p_b79f41b1,a_0c2e4c1a,0,1
p_2fe6bba7,a_c62d688b,1,3
p_7aadb02a,a_3f5e64e5,1,3
p_7e4f5e49,a_7360df9c,0,1
p_43404e6a,a_86085ce4,1,3
p_48dd526d,a_bda23071,1,3
p_7698f7ed,a_3e6ac5f2,0,1
p_58aa512e,a_0c0fa10b,0,2
p_757aa842,a_e6abf1ef,1,3
p_ea25f732,a_85d40aea,0,2
p_67102227,a_b490189c,0,1
p_2604d858,a_1edc8b53,1,3
p_b87400a4,a_86085ce4,0,1
p_b3fd3da9,a_822f359f,1,3
p_ce6b15d7,a_6c788564,0,1
p_d6935ca3,a_11417157,1,3
p_49149cbf,a_0c2e4c1a,0,1
p_75142d8c,a_86085ce4,0,1
p_159bc631,a_4e03d45d,0,2
p_1f87756c,a_ff9e1d74,0,1
p_7338299f,a_1c609243,0,1
p_40826764,a_3f5e64e5,0,2
p_1ac34160,a_3f5e64e5,1,3
p_5790eae5,a_997b777b,1,3
p_e8ce0640,a_0f2182ef,0,1
p_0edfd1ef,a_0f2182ef,0,1
p_3fc28e0d,a_bda23071,1,3
p_f389ec4f,a_b96e46b2,1,3
p_6beb481a,a_c3243fb1,0,1
p_82918f0b,a_90ef20e3,1,3
p_17ee6a62,a_b06fa828,0,1
p_cab4dc02,a_7f3ae59d,0,2
p_9303066c,a_1c609243,0,1
p_dd2fedc0,a_962494a8,1,3
p_23804fbb,a_6cb22f43,0,1
p_74c75553,a_4e03d45d,1,3
p_f2845911,a_ba91099e,0,1
p_18c7d7e2,a_896286fe,0,2
p_76ce92d1,a_06091c6b,1,3
p_458edca8,a_3f5e64e5,0,2
p_0d5631ae,a_85d40aea,0,2
p_17cd159d,a_8d06b98e,1,3
p_0ae3b98f,a_7f3ae59d,0,1
p_d7f251a7,a_491c37d2,1,3
p_4e7ad9b3,a_27c63d6f,0,1
p_36147e3e,a_383800f8,1,3
p_4bfa46fd,a_725cd6e2,0,1
p_23804fbb,a_17f67c52,0,1
p_09791791,a_4a7d3105,0,1
p_ef33364a,a_1ea344d1,0,1
p_3a9ca283,a_e6abf1ef,0,1
p_b67eeeed,a_c3243fb1,0,1
p_4fe263ea,a_8d9e293b,0,1
p_4c6e439c,a_86085ce4,0,1
p_fc984720,a_3f5e64e5,0,1
p_263617d9,a_ca4b5517,0,1
p_076ccf88,a_df4faec7,0,1
p_d356555b,a_86085ce4,0,2
p_458edca8,a_a496f747,1,3
p_196009f5,a_822f359f,1,3
p_3a168976,a_b96e46b2,0,1
p_b0ee5bfc,a_ddb7d206,1,3
p_fee0d597,a_0c0fa10b,0,1
p_b4d45787,a_27c63d6f,0,1
p_2ef7f6ba,a_49c22bf2,0,2
p_3bfc6080,a_e00dbd35,0,1
p_40826764,a_0c0fa10b,0,1
p_c47417b1,a_fba851dd,0,2
p_61812295,a_2c57410b,0,1
p_a3edadba,a_d37ac899,0,2
p_a66d86b2,a_8d9e293b,1,3
p_fcdc1fe7,a_7215c9ea,1,3
p_fab205e4,a_822f359f,1,3
p_7052e755,a_56e464cc,1,3
p_e955ba4e,a_851bd6e7,0,1
p_db73b692,a_3def56fa,0,2
p_8840a4df,a_2c57410b,0,1
p_302df944,a_49c22bf2,1,3
p_b0f9a90a,a_80ec435c,0,1
p_2d348fa8,a_4d998458,1,3
p_f800bef3,a_49c22bf2,1,3
p_3a9ca283,a_b2a0c953,1,3
p_ae142d13,a_86085ce4,0,1
p_b94c4a50,a_403ccf40,0,2
p_771027c5,a_a496f747,0,1
p_959c185c,a_42a15ba8,1,3
p_38f74fe5,a_90ef20e3,1,3
p_46fdf18c,a_73c3c14c,0,1
p_c713d6d6,a_df4faec7,0,1
p_0ae3b98f,a_3cbc03e6,1,3
p_48ed165a,a_851bd6e7,0,1
p_4c204b7b,a_0c0fa10b,0,2
p_b469b677,a_b96e46b2,0,1
p_4bb0d9fc,a_3d05547e,1,3
p_6e9f2d7e,a_0f2182ef,1,3
p_db73b692,a_10f76ae2,0,1
p_01908ab0,a_7c125a84,0,1
p_dbd7cf07,a_7140f2c0,0,1
p_59ced13c,a_0c2e4c1a,0,1
p_8cb549cc,a_df4faec7,0,2
p_edf4421f,a_df4faec7,0,1
p_122d931d,a_03a5ab58,0,2
p_8dcef4a2,a_e00dbd35,0,1
p_e90a6754,a_468c4e87,1,3
p_c404d1e4,a_ef0037e2,1,3
p_8457b7b2,a_0c0fa10b,0,1
p_0ee0c7ef,a_7140f2c0,0,2
p_74cd351a,a_90ef20e3,1,3
p_30e52e67,a_656aa282,0,1
p_3bfc6080,a_b06fa828,1,3
p_7338299f,a_defe9b51,0,2
p_cb8f4a17,a_75b6e83f,0,1
p_b4f86955,a_75b6e83f,0,2
p_90e451d3,a_e71592f1,0,1
p_d83fa52e,a_ddb7d206,0,1
p_6548a46c,a_7c125a84,0,2
p_78dfb4bb,a_c3243fb1,0,2
p_eaa52b33,a_c3550482,1,3
p_d57c71c8,a_59f52a18,0,2
p_91bda3c1,a_3f5e64e5,0,1
p_5c5ad1c8,a_6f9835c2,1,3
p_2a18b3d9,a_c3243fb1,1,3
p_f8346600,a_4d998458,1,3
p_0f091bb2,a_725cd6e2,0,1
p_096f264d,a_4e03d45d,0,2
p_2c583ae9,a_7f3ae59d,0,2
p_969c71b4,a_3950986c,0,2
p_822ef31f,a_b319852b,0,1
p_06ad6607,a_601c3b4c,0,1
p_48c60354,a_656aa282,1,3
p_b7bd3e09,a_dec36dbc,1,3
p_757aa842,a_e6abf1ef,1,3
p_c011b32b,a_c3243fb1,0,2
p_fc796a8c,a_3f5e64e5,0,1
p_2b4e7412,a_4e03d45d,1,3
p_3af69738,a_c3243fb1,1,3
p_327ee00f,a_7f3ae59d,0,1
p_4842cf6d,a_bdb0d5a5,1,3
p_05c2c27e,a_a496f747,1,3
p_2cde6180,a_229f5c57,1,3
p_c44616f1,a_48f76a8e,1,3
p_490f5ed2,a_56747035,0,1
p_49149cbf,a_997b777b,0,2
p_6c3b80c0,a_bdb0d5a5,0,1
p_959c185c,a_74c13cf9,0,2
p_ff786ea7,a_383800f8,1,3
p_37aad0d3,a_80ec435c,0,1
p_4353a3b6,a_56747035,0,1
p_7cc090f2,a_ea1abf54,1,3
p_f510396e,a_b5a89028,1,3
p_dbd7cf07,a_7140f2c0,0,1
p_b49399da,a_d37ac899,1,3
p_c7c3abe7,a_0887a343,0,1
p_78dfb4bb,a_c3243fb1,0,2
p_7fe3a274,a_59f52a18,1,3
p_47518ea0,a_cae71156,0,2
p_5b42981f,a_ea1abf54,1,3
p_5b42981f,a_df4faec7,0,1
p_14950a7e,a_851bd6e7,0,2
p_94a67b97,a_59f52a18,0,2
p_21a871ee,a_851bd6e7,0,1
p_3e9c4c96,a_b24f84ad,0,1
p_e733a6e9,a_923b361a,0,1
p_37aad0d3,a_383800f8,1,3
p_f510396e,a_fb761663,0,1
p_d0635c2d,a_6c788564,0,1
p_958d7898,a_74c13cf9,0,1
p_f39da835,a_17f67c52,0,1
p_77e6af98,a_80ec435c,0,1
p_b71807f8,a_7140f2c0,0,1
p_38f74fe5,a_90ef20e3,1,3
p_4f9a92c7,a_48f76a8e,1,3
p_82c7b207,a_49c22bf2,0,2
p_e8de4bad,a_7f3ae59d,1,3
p_6a484dd8,a_ca4b5517,0,2
p_d83fa52e,a_9be8fc0a,1,3
p_e8ce0640,a_48f76a8e,0,2
p_ce64ffcd,a_0f834476,0,1
p_f2abfea9,a_383800f8,1,3
p_b44e969c,a_9ceb7db6,0,1
p_e3b10ae1,a_725cd6e2,0,1
p_328ddf0a,a_3cbc03e6,0,1
p_8b95902f,a_e71592f1,0,1
p_c2946b78,a_a44fab04,1,3
p_f800bef3,a_1edc8b53,1,3
p_b65d33a8,a_11417157,1,3
p_5a5af76f,a_65d9ec6e,0,1
p_6e74a1c6,a_75b6e83f,1,3
p_74c75553,a_75b6e83f,1,3
