species,generation,evolves_from_species,evolution_chain,color,shape,habitat,gender_rate,capture_rate,base_happiness,is_baby,hatch_counter,has_gender_differences,growth_rate,forms_switchable,is_legendary,is_mythical,conquest_order,flavor_text,name
s_cf3e765e,1.0,id-69,29,5.0,5.0,2.0,4,120,70,0,20,0,4,0,0.0,0.0,,It spits outPOISONPOWDER toimmobilize theenemy and thenfinishes it witha spray of ACID.,Weepinbell
s_9b1d373c,1.0,id-70,29,5.0,5.0,2.0,4,45,70,0,20,0,4,0,0.0,0.0,,"Said to live inhuge coloniesdeep in jungles,although no onehas ever returnedfrom there.",Victreebel
s_48a9ae96,1.0,,30,2.0,10.0,7.0,4,190,50,0,20,0,1,0,0.0,0.0,,Tentacool is not a particularly strong swimmer.It drifts across the surface of shallow seas as itsearches for prey.,Tentacool
s_48a9ae96,1.0,,30,2.0,10.0,7.0,4,190,50,0,20,0,1,0,0.0,0.0,,"This Pokémon is mostly made of water.A Tentacool out in the ocean is very hard tospot, because its body blends in with the sea.",Tentacool
s_4820b58e,1.0,id-72,30,2.0,10.0,7.0,4,60,50,0,20,0,1,0,0.0,0.0,,"When the red orbs on Tentacruel’s head glowbrightly, watch out. The Pokémon is about tofire off a burst of ultrasonic waves.",Tentacruel
s_4820b58e,1.0,id-72,30,2.0,10.0,7.0,4,60,50,0,20,0,1,0,0.0,0.0,,"Its 80 tentacles can stretch and shrink freely.Tentacruel ensnares prey in a net of spread-outtentacles, delivering venomous stings to its catch.",Tentacruel
s_bb66d690,1.0,,31,3.0,4.0,4.0,4,255,70,0,15,0,4,0,0.0,0.0,,"Found in fieldsand mountains.Mistaking themfor boulders,people often stepor trip on them.",Geodude
s_23263453,1.0,id-74,31,3.0,12.0,4.0,4,120,70,0,15,0,4,0,0.0,0.0,,Rolls down slopesto move. It rollsover any obstaclewithout slowingor changing itsdirection.,Graveler
s_bdf68109,1.0,id-75,31,3.0,12.0,4.0,4,45,70,0,15,0,4,0,0.0,0.0,,Its boulder-likebody is extremelyhard. It caneasily withstanddynamite blastswithout damage.,Golem
s_f6994b83,1.0,,32,10.0,8.0,3.0,4,190,50,0,20,0,2,0,0.0,0.0,,"It can’t run properly when it’s newly born.As it races around with others of its kind,its legs grow stronger.",Ponyta
s_f6994b83,1.0,,32,10.0,8.0,3.0,4,190,50,0,20,0,2,0,0.0,0.0,,"If you’ve been accepted by Ponyta, its burningmane is mysteriously no longer hot to the touch.",Ponyta
s_b97010c0,1.0,id-77,32,10.0,8.0,3.0,4,60,50,0,20,0,2,0,0.0,0.0,,"This Pokémon can be seen galloping throughfields at speeds of up to 150 mph, its fiery manefluttering in the wind.",Rapidash
s_b97010c0,1.0,id-77,32,10.0,8.0,3.0,4,60,50,0,20,0,2,0,0.0,0.0,,"The fastest runner becomes the leader, and itdecides the herd’s pace and direction of travel.",Rapidash
s_d931c7de,1.0,,33,6.0,8.0,9.0,4,190,50,0,20,0,2,0,0.0,0.0,,"Slow-witted and oblivious, this Pokémon won’tfeel any pain if its tail gets eaten. It won’t noticewhen its tail grows back, either.",Slowpoke
s_d931c7de,1.0,,33,6.0,8.0,9.0,4,190,50,0,20,0,2,0,0.0,0.0,,"When this Pokémon’s tail is soaked in water,sweetness seeps from it. Slowpoke uses this traitto lure in and fish up other Pokémon.",Slowpoke
s_835a78c6,7.0,id-747,385,2.0,10.0,,4,75,50,0,20,0,2,0,0.0,0.0,,"To survive in the cold waters of Galar, thisPokémon forms a dome with its legs, enclosingits body so it can capture its own body heat.",Toxapex
s_835a78c6,7.0,id-747,385,2.0,10.0,,4,75,50,0,20,0,2,0,0.0,0.0,,Within the poison sac in its body is a poison sotoxic that Pokémon as large as Wailord will stillbe suffering three days after it first takes effect.,Toxapex
s_adef8a85,8.0,id-816,432,2.0,,,1,45,50,0,20,0,4,0,0.0,0.0,,"A clever combatant, this Pokémon battles usingwater balloons created with moisture secretedfrom its palms.",Drizzile
s_adef8a85,8.0,id-816,432,2.0,,,1,45,50,0,20,0,4,0,0.0,0.0,,"Highly intelligent but also very lazy,it keeps enemies out of its territoryby laying traps everywhere.",Drizzile
s_e9c54a88,1.0,id-111,50,4.0,6.0,6.0,4,60,50,0,20,1,1,0,0.0,0.0,161.0,It begins walking on its hind legs after evolution.It can punch holes through boulders with its horn.,Rhydon
s_e9c54a88,1.0,id-111,50,4.0,6.0,6.0,4,60,50,0,20,1,1,0,0.0,0.0,161.0,"Protected by an armor-like hide, it is capable ofliving in molten lava of 3,600 degrees Fahrenheit.",Rhydon
s_f96a37da,1.0,id-63,27,3.0,6.0,8.0,2,100,50,0,20,1,4,0,0.0,0.0,128.0,"Using its psychic power, Kadabra levitates as itsleeps. It uses its springy tail as a pillow.",Kadabra
s_f96a37da,1.0,id-63,27,3.0,6.0,8.0,2,100,50,0,20,1,4,0,0.0,0.0,128.0,"This Pokémon’s telekinesis is immensely powerful.To prepare for evolution, Kadabra stores uppsychic energy in the star on its forehead.",Kadabra
s_3b77c5ae,1.0,id-440,51,6.0,6.0,8.0,8,30,140,0,40,0,3,0,0.0,0.0,,The egg Chansey carries is not only deliciousbut also packed with nutrition. It’s used as ahigh-class cooking ingredient.,Chansey
s_3b77c5ae,1.0,id-440,51,6.0,6.0,8.0,8,30,140,0,40,0,3,0,0.0,0.0,,"This species was once very slow. To protect theireggs from other creatures, these Pokémonbecame able to flee quickly.",Chansey
s_78c39ef7,7.0,,412,7.0,4.0,,-1,3,50,0,15,0,1,0,1.0,0.0,,The dense fog it creates brings the downfalland destruction of its confused enemies.Ocean currents are the source of its energy.,Tapu Fini
s_3dc06c96,1.0,,52,2.0,7.0,3.0,4,45,50,0,20,0,2,0,0.0,0.0,,"Hidden beneath a tangle of vines that growsnonstop even if the vines are torn off, thisPokémon’s true appearance remains a mystery.",Tangela
s_3dc06c96,1.0,,52,2.0,7.0,3.0,4,45,50,0,20,0,2,0,0.0,0.0,,"The vines of a Tangela have a distinct scent.In some parts of Galar, Tangela vines are usedas herbs.",Tangela
s_222cd0af,1.0,,53,3.0,6.0,3.0,8,45,50,0,20,0,2,1,0.0,0.0,,"Although it’s carrying its baby in a pouch onits belly, Kangaskhan is swift on its feet. Itintimidates its opponents with quick jabs.",Kangaskhan
s_222cd0af,1.0,,53,3.0,6.0,3.0,8,45,50,0,20,0,2,1,0.0,0.0,,There are records of a lost human child beingraised by a childless Kangaskhan.,Kangaskhan
s_4ebb5fde,1.0,,2,8.0,6.0,4.0,1,45,50,0,20,0,4,0,0.0,0.0,109.0,"It has a preference for hot things. When it rains,steam is said to spout from the tip of its tail.",Charmander
s_4ebb5fde,1.0,,2,8.0,6.0,4.0,1,45,50,0,20,0,4,0,0.0,0.0,109.0,"From the time it is born, a flame burns at the tipof its tail. Its life would end if the flame were togo out.",Charmander
s_5ede63b7,1.0,id-4,2,8.0,6.0,4.0,1,45,50,0,20,0,4,0,0.0,0.0,110.0,"It has a barbaric nature. In battle, it whips itsfiery tail around and slashes away with sharp claws.",Charmeleon
s_5ede63b7,1.0,id-4,2,8.0,6.0,4.0,1,45,50,0,20,0,4,0,0.0,0.0,110.0,"If it becomes agitated during battle, it spoutsintense flames, incinerating its surroundings.",Charmeleon
s_90465d1c,1.0,id-5,2,8.0,6.0,4.0,1,45,50,0,20,0,4,1,0.0,0.0,111.0,It spits fire that is hot enough to melt boulders.It may cause forest fires by blowing flames.,Charizard
s_90465d1c,1.0,id-5,2,8.0,6.0,4.0,1,45,50,0,20,0,4,1,0.0,0.0,111.0,"Its wings can carry this Pokémon close to analtitude of 4,600 feet. It blows out fire at veryhigh temperatures.",Charizard
s_4c7d4db5,1.0,,3,2.0,6.0,9.0,1,45,50,0,20,0,4,0,0.0,0.0,,"When it retracts its long neck into its shell, itsquirts out water with vigorous force.",Squirtle
s_4c7d4db5,1.0,,3,2.0,6.0,9.0,1,45,50,0,20,0,4,0,0.0,0.0,,"When it feels threatened, it draws its limbs insideits shell and sprays water from its mouth.",Squirtle
s_75fe6168,1.0,,1,5.0,8.0,3.0,1,45,50,0,20,0,4,0,0.0,0.0,,There is a plant seed on its back right from theday this Pokémon is born. The seed slowlygrows larger.,Bulbasaur
s_75fe6168,1.0,,1,5.0,8.0,3.0,1,45,50,0,20,0,4,0,0.0,0.0,,"While it is young, it uses the nutrients that arestored in the seed on its back in order to grow.",Bulbasaur
s_3e7ee11c,1.0,id-1,1,5.0,8.0,3.0,1,45,50,0,20,0,4,0,0.0,0.0,,"When the bulb on its back grows large, itappears to lose the ability to stand on itshind legs.",Ivysaur
s_3e7ee11c,1.0,id-1,1,5.0,8.0,3.0,1,45,50,0,20,0,4,0,0.0,0.0,,Exposure to sunlight adds to its strength.Sunlight also makes the bud on its backgrow larger.,Ivysaur
s_1b2044f1,1.0,id-2,1,5.0,8.0,3.0,1,45,50,0,20,1,4,1,0.0,0.0,,Its plant blooms when it is absorbing solarenergy. It stays on the move to seek sunlight.,Venusaur
s_1b2044f1,1.0,id-2,1,5.0,8.0,3.0,1,45,50,0,20,1,4,1,0.0,0.0,,A bewitching aroma wafts from its flower.The fragrance becalms those engagedin a battle.,Venusaur
s_657a7df7,8.0,,432,2.0,,,1,45,50,0,20,0,4,0,0.0,0.0,,"When scared, this Pokémon cries. Its tears packthe chemical punch of 100 onions, and attackerswon’t be able to resist weeping.",Sobble
s_657a7df7,8.0,,432,2.0,,,1,45,50,0,20,0,4,0,0.0,0.0,,"When it gets wet, its skin changes color,and this Pokémon becomes invisible as ifit were camouflaged.",Sobble
s_6f6b245f,1.0,id-116,54,2.0,5.0,7.0,4,75,50,0,20,0,2,0,0.0,0.0,,"It’s the males that raise the offspring. WhileSeadra are raising young, the spines on theirbacks secrete thicker and stronger poison.",Seadra
s_6f6b245f,1.0,id-116,54,2.0,5.0,7.0,4,75,50,0,20,0,2,0,0.0,0.0,,"Seadra’s mouth is slender, but its suction poweris strong. In an instant, Seadra can suck in foodthat’s larger than the opening of its mouth.",Seadra
s_405b1864,1.0,id-7,3,2.0,6.0,9.0,1,45,50,0,20,0,4,0,0.0,0.0,,"It is recognized as a symbol of longevity. If itsshell has algae on it, that Wartortle is very old.",Wartortle
s_405b1864,1.0,id-7,3,2.0,6.0,9.0,1,45,50,0,20,0,4,0,0.0,0.0,,It cleverly controls its furry ears and tail tomaintain its balance while swimming.,Wartortle
s_bf854439,1.0,id-8,3,2.0,6.0,9.0,1,45,50,0,20,0,4,1,0.0,0.0,,"It crushes its foe under its heavy body to causefainting. In a pinch, it will withdraw inside its shell.",Blastoise
s_bf854439,1.0,id-8,3,2.0,6.0,9.0,1,45,50,0,20,0,4,1,0.0,0.0,,The rocket cannons on its shell fire jets of watercapable of punching holes through thick steel.,Blastoise
s_f846a3d0,2.0,,102,4.0,1.0,2.0,4,190,70,0,20,0,2,0,0.0,0.0,56.0,It likes to makeits shell thickerby adding layersof tree bark. Theadditional weightdoesn't bother it.,Pineco
s_1bf6704e,1.0,,55,8.0,3.0,9.0,4,225,50,0,20,1,2,0,0.0,0.0,,"Its dorsal, pectoral, and tail fins wave elegantlyin water. That is why it is known as the Water Dancer.",Goldeen
s_1bf6704e,1.0,,55,8.0,3.0,9.0,4,225,50,0,20,1,2,0,0.0,0.0,,Its dorsal and pectoral fins are strongly developedlike muscles. It can swim at a speed of five knots.,Goldeen
s_62796e63,2.0,,103,10.0,2.0,1.0,4,190,50,0,20,0,2,0,0.0,0.0,,This Pokémon’s tiny wings have some scientistssaying that Dunsparce used to fly through the skyin ancient times.,Dunsparce
s_62796e63,2.0,,103,10.0,2.0,1.0,4,190,50,0,20,0,2,0,0.0,0.0,,The nests Dunsparce live in are mazes of tunnels.They never get lost in their own nests—they cantell where they are by the scent of the dirt.,Dunsparce
s_ac38b9f5,2.0,,104,7.0,9.0,4.0,4,60,70,0,20,1,4,0,0.0,0.0,,It flies straightat its target'sface then clampsdown on the star­tled victim toinject poison.,Gligar
s_c26cf86a,2.0,,98,4.0,1.0,1.0,4,45,35,0,25,0,3,0,0.0,0.0,183.0,It likes playingmischievous trickssuch as screamingand wailing tostartle people atnight.,Misdreavus
s_faa078bf,2.0,,99,1.0,1.0,5.0,-1,225,70,0,40,0,2,0,0.0,0.0,,Their shapes looklike hieroglyphson ancient tab­lets. It is saidthat the two aresomehow related.,Unown
s_9560c165,2.0,id-360,100,2.0,5.0,1.0,4,45,50,0,20,1,2,0,0.0,0.0,,"It hates light and shock. If attacked, it inflates itsbody to pump up its counterstrike.",Wobbuffet
s_9560c165,2.0,id-360,100,2.0,5.0,1.0,4,45,50,0,20,1,2,0,0.0,0.0,,"To keep its pitch-black tail hidden, it lives quietlyin the darkness. It is never first to attack.",Wobbuffet
s_bb1b7d4c,1.0,id-118,55,8.0,3.0,9.0,4,60,50,0,20,1,2,0,0.0,0.0,,"In autumn, its body becomes more fatty inpreparing to propose to a mate. It takes onbeautiful colors.",Seaking
s_bb1b7d4c,1.0,id-118,55,8.0,3.0,9.0,4,60,50,0,20,1,2,0,0.0,0.0,,"Using its horn, it bores holes in riverbedboulders, making nests to prevent its eggs fromwashing away.",Seaking
s_05fd9f89,5.0,id-616,312,8.0,4.0,,4,75,50,0,15,0,2,0,0.0,0.0,,It moves with blinding speed and lobs poison atfoes. Featuring Accelgor as a main character isa surefire way to make a movie or comic popular.,Accelgor
s_05fd9f89,5.0,id-616,312,8.0,4.0,,4,75,50,0,15,0,2,0,0.0,0.0,,"Discarding its shell made it nimble. To keepitself from dehydrating, it wraps its body inbands of membrane.",Accelgor
s_0f911739,5.0,,312,8.0,1.0,,4,200,50,0,15,0,2,0,0.0,0.0,,"When attacked, it tightly shuts the lid of its shell.This reaction fails to protect it from Karrablast,however, because they can still get into the shell.",Shelmet
s_0f911739,5.0,,312,8.0,1.0,,4,200,50,0,15,0,2,0,0.0,0.0,,"It has a strange physiology that responds toelectricity. When together with Karrablast,Shelmet evolves for some reason.",Shelmet
s_b370a92c,5.0,,311,2.0,1.0,,-1,25,50,0,25,0,2,0,0.0,0.0,,"With its icy chains, Cryogonal freezes those itencounters. It then takes its victims away tosomewhere unknown.",Cryogonal
s_b370a92c,5.0,,311,2.0,1.0,,-1,25,50,0,25,0,2,0,0.0,0.0,,"When the weather gets hot, these Pokémon turninto water vapor. Cryogonal are almost neverseen during summer.",Cryogonal
s_1d1dd1b4,5.0,id-613,310,9.0,8.0,,4,60,50,0,20,0,2,0,0.0,0.0,105.0,"It swims through frigid seas, searching for prey.From its frozen breath, it forms icy fangs thatare harder than steel.",Beartic
s_1d1dd1b4,5.0,id-613,310,9.0,8.0,,4,60,50,0,20,0,2,0,0.0,0.0,105.0,"It swims energetically through frigid seas.When it gets tired, it freezes the seawaterwith its breath so it can rest on the ice.",Beartic
s_c108e4ee,2.0,id-95,41,4.0,2.0,1.0,4,25,50,0,25,1,2,1,0.0,0.0,176.0,"It is said that if an Onix lives for over 100 years,its composition changes to become diamond-like.",Steelix
s_c108e4ee,2.0,id-95,41,4.0,2.0,1.0,4,25,50,0,25,1,2,1,0.0,0.0,176.0,It is thought its body transformed as a result ofiron accumulating internally from swallowing soil.,Steelix
s_8bbe5d4d,2.0,,105,6.0,12.0,8.0,6,190,70,0,20,0,3,0,0.0,0.0,,"Although it looksfrightening, it isactually kind andaffectionate. Itis very popularamong women.",Snubbull
s_0d5912d9,5.0,id-610,309,5.0,6.0,,4,60,35,0,40,0,1,0,0.0,0.0,145.0,"After battle, this Pokémon carefully sharpens itstusks on river rocks. It needs to take care of itstusks—if one breaks, it will never grow back.",Fraxure
s_0d5912d9,5.0,id-610,309,5.0,6.0,,4,60,35,0,40,0,1,0,0.0,0.0,145.0,"Its skin is as hard as a suit of armor. Fraxure’sfavorite strategy is to tackle its opponents,stabbing them with its tusks at the same time.",Fraxure
s_4f27b543,5.0,,309,5.0,6.0,,4,75,35,0,40,0,1,0,0.0,0.0,144.0,These Pokémon nest in the ground and use theirtusks to crush hard berries. Crushing berries isalso how they test each other’s strength.,Axew
s_4f27b543,5.0,,309,5.0,6.0,,4,75,35,0,40,0,1,0,0.0,0.0,144.0,"They play with each other by knocking their largetusks together. Their tusks break sometimes, butthey grow back so quickly that it isn’t a concern.",Axew
s_3d49322c,8.0,id-827,436,3.0,,,4,127,50,0,15,0,3,0,0.0,0.0,,"It secretly marks potential targets with a scent.By following the scent, it stalks its targetsand steals from them when they least expect it.",Thievul
s_3d49322c,8.0,id-827,436,3.0,,,4,127,50,0,15,0,3,0,0.0,0.0,,"With a lithe body and sharp claws, it goesaround stealing food and eggs. Boltundis its natural enemy.",Thievul
s_a1e072ab,7.0,,422,4.0,12.0,,-1,3,0,0,120,0,1,0,0.0,1.0,,"This artificial Pokémon, constructed more than500 years ago, can understand human speechbut cannot itself speak.",Magearna
s_995bd62b,8.0,id-810,430,5.0,,,1,45,50,0,20,0,4,0,0.0,0.0,,"The faster a Thwackey can beat out a rhythmwith its two sticks, the more respect it wins fromits peers.",Thwackey
s_995bd62b,8.0,id-810,430,5.0,,,1,45,50,0,20,0,4,0,0.0,0.0,,"When it’s drumming out rapid beats in battle, itgets so caught up in the rhythm that it won’t evennotice that it’s already knocked out its opponent.",Thwackey
s_ed735a50,5.0,id-588,299,4.0,4.0,,4,75,50,0,15,0,2,0,0.0,0.0,,They use shells they’ve stolen from Shelmetto arm and protect themselves. They’re verypopular Pokémon in the Galar region.,Escavalier
s_ed735a50,5.0,id-588,299,4.0,4.0,,4,75,50,0,15,0,2,0,0.0,0.0,,"It charges its enemies, lances at the ready.An image of one of its duels is captured in a famouspainting of Escavalier clashing with Sirfetch’d.",Escavalier
s_43effeee,5.0,,299,2.0,12.0,,4,200,50,0,15,0,2,0,0.0,0.0,,Its strange physiology reacts to electrical energyin interesting ways. The presence of a Shelmetwill cause this Pokémon to evolve.,Karrablast
s_43effeee,5.0,,299,2.0,12.0,,4,200,50,0,15,0,2,0,0.0,0.0,,It spits a liquid from its mouth to melt throughShelmet’s shell. Karrablast doesn’t eat the shell—it eats only the contents.,Karrablast
s_e631d237,8.0,,430,5.0,,,1,45,50,0,20,0,4,0,0.0,0.0,,"When it uses its special stick to strike up a beat,the sound waves produced carry revitalizingenergy to the plants and flowers in the area.",Grookey
s_e631d237,8.0,,430,5.0,,,1,45,50,0,20,0,4,0,0.0,0.0,,"It attacks with rapid beats of its stick.As it strikes with amazing speed, it getsmore and more pumped.",Grookey
s_ce766db6,8.0,id-819,433,3.0,,,4,90,50,0,20,0,2,0,0.0,0.0,,"It stashes berries in its tail—so many berries thatthey fall out constantly. But this Pokémon is a bitslow-witted, so it doesn’t notice the loss.",Greedent
s_ce766db6,8.0,id-819,433,3.0,,,4,90,50,0,20,0,2,0,0.0,0.0,,"Common throughout the Galar region, thisPokémon has strong teeth and can chewthrough the toughest of berry shells.",Greedent
s_6b4390a6,8.0,,434,2.0,,,4,255,50,0,15,0,4,0,0.0,0.0,,"It will bravely challenge any opponent, no matterhow powerful. This Pokémon benefits from everybattle—even a defeat increases its strength a bit.",Rookidee
s_6b4390a6,8.0,,434,2.0,,,4,255,50,0,15,0,4,0,0.0,0.0,,"Jumping nimbly about, this small-bodiedPokémon takes advantage of even the slightestopportunity to disorient larger opponents.",Rookidee
s_97e9b00a,2.0,,61,8.0,6.0,4.0,2,45,50,1,25,0,2,0,0.0,0.0,,"This Pokémon is still small and timid.Whenever Magby gets excited or surprised,flames leak from its mouth and its nose.",Magby
s_97e9b00a,2.0,,61,8.0,6.0,4.0,2,45,50,1,25,0,2,0,0.0,0.0,,"This Pokémon makes its home near volcanoes.At the end of the day, Magby soaks in magma,resting and recovering from the day’s fatigue.",Magby
s_0bd1f6ac,8.0,,431,9.0,,,1,45,50,0,20,0,4,0,0.0,0.0,,"A warm-up of running around gets fire energycoursing through this Pokémon’s body. Once thathappens, it’s ready to fight at full power.",Scorbunny
s_0bd1f6ac,8.0,,431,9.0,,,1,45,50,0,20,0,4,0,0.0,0.0,,"It has special pads on the backs of its feet, andone on its nose. Once it’s raring to fight, thesepads radiate tremendous heat.",Scorbunny
s_56724cee,2.0,id-167,85,8.0,14.0,2.0,4,90,70,0,15,0,3,0,0.0,0.0,,It spins stringnot only from itsrear but also fromits mouth. It ishard to tell whichend is which.,Ariados
s_d687eb70,7.0,id-769,397,3.0,2.0,,4,60,50,0,15,0,2,0,0.0,0.0,,"Palossand is known as the Beach Nightmare. Itpulls its prey down into the sand by controllingthe sand itself, and then it sucks out their souls.",Palossand
s_d687eb70,7.0,id-769,397,3.0,2.0,,4,60,50,0,15,0,2,0,0.0,0.0,,"This Pokémon lives on beaches, but it hateswater. Palossand can’t maintain its castle-likeshape if it gets drenched by a heavy rain.",Palossand
s_960a3edc,8.0,id-878,460,5.0,,,4,90,50,0,25,0,2,0,0.0,0.0,,They came over from another region longago and worked together with humans.Their green skin is resistant to water.,Copperajah
s_960a3edc,8.0,id-878,460,5.0,,,4,90,50,0,25,0,2,0,0.0,0.0,,"These Pokémon live in herds. Their trunks haveincredible grip strength, strong enough to crushgiant rocks into powder.",Copperajah
s_f6db9f78,8.0,,460,10.0,,,4,190,50,0,25,0,2,0,0.0,0.0,,"It digs up the ground with its trunk. It’s also verystrong, being able to carry loads of overfive tons without any problem at all.",Cufant
s_f6db9f78,8.0,,460,10.0,,,4,190,50,0,25,0,2,0,0.0,0.0,,"If a job requires serious strength, this Pokémonwill excel at it. Its copper body tarnishes in therain, turning a vibrant green color.",Cufant
s_9eb664f8,8.0,id-872,455,9.0,,,4,75,50,0,20,0,2,0,0.0,0.0,,Icy scales fall from its wings like snow as it fliesover fields and mountains. The temperature of itswings is less than −290 degrees Fahrenheit.,Frosmoth
s_9eb664f8,8.0,id-872,455,9.0,,,4,75,50,0,20,0,2,0,0.0,0.0,,"It shows no mercy to any who desecrate fieldsand mountains. It will fly around on its icy wings,causing a blizzard to chase offenders away.",Frosmoth
s_b96bae61,8.0,,455,9.0,,,4,190,50,0,20,0,2,0,0.0,0.0,,"It spits out thread imbued with a frigid sort ofenergy and uses it to tie its body to branches,disguising itself as an icicle while it sleeps.",Snom
s_b96bae61,8.0,,455,9.0,,,4,190,50,0,20,0,2,0,0.0,0.0,,"It eats snow that piles up on the ground.The more snow it eats, the bigger and moreimpressive the spikes on its back grow.",Snom
s_392b0710,8.0,,454,7.0,,,4,75,50,0,20,0,2,0,0.0,0.0,,"It feeds on seaweed, using its teeth to scrape itoff rocks. Electric current flows from the tips ofits spines.",Pincurchin
s_392b0710,8.0,,454,7.0,,,4,75,50,0,20,0,2,0,0.0,0.0,,"It stores electricity in each spine. Even if one getsbroken off, it still continues to emit electricity forat least three hours.",Pincurchin
s_6428e35d,8.0,,453,10.0,,,-1,45,50,0,25,0,2,0,0.0,0.0,,"Five of them are troopers, and one is the brass.The brass’s orders are absolute.",Falinks
s_6428e35d,8.0,,453,10.0,,,-1,45,50,0,25,0,2,0,0.0,0.0,,"The six of them work together as one Pokémon.Teamwork is also their battle strategy, and theyconstantly change their formation as they fight.",Falinks
s_1e4955b4,8.0,,459,10.0,,,4,180,50,0,10,0,2,0,0.0,0.0,,"As it eats the seeds stored up in its pocket-likepouches, this Pokémon is not just satisfying itsconstant hunger. It’s also generating electricity.",Morpeko
s_1e4955b4,8.0,,459,10.0,,,4,180,50,0,10,0,2,0,0.0,0.0,,"It carries electrically roasted seeds with it as ifthey’re precious treasures. No matter how muchit eats, it always gets hungry again in short order.",Morpeko
s_7d832d4b,8.0,,458,7.0,,,0,30,140,0,40,0,3,0,0.0,0.0,,"It uses the horns on its head to sense theemotions of others. Males will act as valets forthose they serve, looking after their every need.",Indeedee
s_7d832d4b,8.0,,458,7.0,,,0,30,140,0,40,0,3,0,0.0,0.0,,"Through its horns, it can pick up on the emotionsof creatures around it. Positive emotions are thesource of its strength.",Indeedee
s_9caeba2c,8.0,,457,2.0,,,4,60,50,0,25,0,1,0,0.0,0.0,,It drifted in on the flow of ocean waters from afrigid place. It keeps its head iced constantly tomake sure it stays nice and cold.,Eiscue
s_9caeba2c,8.0,,457,2.0,,,4,60,50,0,25,0,1,0,0.0,0.0,,"This Pokémon keeps its heat-sensitive head coolwith ice. It fishes for its food, dangling its singlehair into the sea to lure in prey.",Eiscue
s_7d10f9a9,8.0,,456,4.0,,,4,60,50,0,25,0,1,0,0.0,0.0,,"It stands in grasslands, watching the sun’s descentfrom zenith to horizon. This Pokémon has a talentfor delivering dynamic kicks.",Stonjourner
s_7d10f9a9,8.0,,456,4.0,,,4,60,50,0,25,0,1,0,0.0,0.0,,"Once a year, on a specific date and at a specifictime, they gather out of nowhere and form up ina circle.",Stonjourner
s_d007c411,5.0,,318,3.0,8.0,,4,45,50,0,20,0,2,0,0.0,0.0,,These Pokémon can crush a car with no morethan a headbutt. Bouffalant with more hair ontheir heads hold higher positions within the herd.,Bouffalant
s_d007c411,5.0,,318,3.0,8.0,,4,45,50,0,20,0,2,0,0.0,0.0,,These Pokémon live in herds of about 20individuals. Bouffalant that betray the herd willlose the hair on their heads for some reason.,Bouffalant
s_21eabc83,5.0,,261,7.0,8.0,,4,255,50,0,20,0,2,0,0.0,0.0,,It steals things from people just to amuse itselfwith their frustration. A rivalry exists betweenthis Pokémon and Nickit.,Purrloin
s_21eabc83,5.0,,261,7.0,8.0,,4,255,50,0,20,0,2,0,0.0,0.0,,Opponents that get drawn in by its adorablebehavior come away with stinging scratches fromits claws and stinging pride from its laughter.,Purrloin
s_b820d23c,5.0,id-507,260,4.0,8.0,,4,45,50,0,15,0,4,0,0.0,0.0,,These Pokémon seem to enjoy living with humans.Even a Stoutland caught in the wild will warm upto people in about three days.,Stoutland
s_b820d23c,5.0,id-507,260,4.0,8.0,,4,45,50,0,15,0,4,0,0.0,0.0,,Stoutland is immensely proud of its impressivemoustache. It’s said that moustache length is whatdetermines social standing among this species.,Stoutland
s_a826fedc,5.0,,319,9.0,9.0,,0,190,50,0,20,0,1,0,0.0,0.0,169.0,"If it spies a strong Pokémon, Rufflet can’t resistchallenging it to a battle. But if Rufflet loses,it starts bawling.",Rufflet
s_a826fedc,5.0,,319,9.0,9.0,,0,190,50,0,20,0,1,0,0.0,0.0,169.0,"A combative Pokémon, it’s ready to pick a fightwith anyone. It has talons that can crushhard berries.",Rufflet
s_e3d78c2f,5.0,id-502,258,2.0,8.0,,1,45,70,0,20,0,4,0,0.0,0.0,108.0,One swing of the sword incorporated inits armor can fell an opponent. A simpleglare from one of them quiets everybody.,Samurott
s_ad8df55f,5.0,id-501,258,2.0,6.0,,1,45,70,0,20,0,4,0,0.0,0.0,107.0,Strict training is how it learns itsflowing double-scalchop technique.,Dewott
s_348881b2,5.0,,258,2.0,6.0,,1,45,70,0,20,0,4,0,0.0,0.0,106.0,"It fights using the scalchop on itsstomach. In response to an attack,it retaliates immediately by slashing.",Oshawott
s_e2974573,5.0,id-499,257,8.0,6.0,,1,45,70,0,20,0,4,0,0.0,0.0,123.0,It can throw a fire punch by setting itsfists on fire with its fiery chin. It caresdeeply about its friends.,Emboar
s_6b0189ab,5.0,id-506,260,4.0,8.0,,4,120,50,0,15,0,4,0,0.0,0.0,,Herdier is a very smart and friendly Pokémon.So much so that there’s a theory that Herdier wasthe first Pokémon to partner with people.,Herdier
s_6b0189ab,5.0,id-506,260,4.0,8.0,,4,120,50,0,15,0,4,0,0.0,0.0,,The black fur that covers this Pokémon’s bodyis dense and springy. Even sharp fangs bounceright off.,Herdier
s_b6b42b0d,5.0,,260,3.0,8.0,,4,255,50,0,15,0,4,0,0.0,0.0,,This Pokémon is courageous but also cautious.It uses the soft fur covering its face to collectinformation about its surroundings.,Lillipup
s_b6b42b0d,5.0,,260,3.0,8.0,,4,255,50,0,15,0,4,0,0.0,0.0,,"This Pokémon is far brighter than the averagechild, and Lillipup won’t forget the love itreceives or any abuse it suffers.",Lillipup
s_e8b6235e,5.0,id-504,259,3.0,6.0,,4,255,70,0,20,0,2,0,0.0,0.0,,"When they see an enemy, their tailsstand high, and they spit the seeds ofberries stored in their cheek pouches.",Watchog
s_179e7cd4,5.0,,259,3.0,8.0,,4,255,70,0,15,0,2,0,0.0,0.0,,"Using food stored in cheek pouches,they can keep watch for days. They usetheir tails to communicate with others.",Patrat
s_fdff347c,2.0,,82,3.0,8.0,3.0,4,255,70,0,15,0,2,0,0.0,0.0,,"A very cautiousPOKéMON, it raisesitself up usingits tail to get abetter view of itssurroundings.",Sentret
s_ed19bc12,5.0,id-624,317,8.0,12.0,,4,45,35,0,20,0,2,0,0.0,0.0,159.0,"It’s accompanied by a large retinue of Pawniard.Bisharp keeps a keen eye on its minions, ensuringnone of them even think of double-crossing it.",Bisharp
s_ed19bc12,5.0,id-624,317,8.0,12.0,,4,45,35,0,20,0,2,0,0.0,0.0,159.0,Violent conflicts erupt between Bisharp andFraxure over places where sharpening stonescan be found.,Bisharp
s_e6c9cc35,7.0,id-755,389,7.0,12.0,,4,75,50,0,20,0,2,0,0.0,0.0,,"Its flickering spores lure in prey and put them tosleep. Once this Pokémon has its prey snoozing,it drains their vitality with its fingertips.",Shiinotic
s_e6c9cc35,7.0,id-755,389,7.0,12.0,,4,75,50,0,20,0,2,0,0.0,0.0,,"If you see a light deep in a forest at night,don’t go near. Shiinotic will make you fallfast asleep.",Shiinotic
s_d447d3fe,7.0,id-803,424,7.0,9.0,,-1,45,0,0,120,0,1,0,0.0,0.0,,It stores hundreds of liters of poisonous liquidinside its body. It is one of the organisms knownas UBs.,Naganadel
s_b3494dcf,2.0,id-159,81,2.0,6.0,9.0,1,45,70,0,20,0,4,0,0.0,0.0,,"When it bites withits massive andpowerful jaws, itshakes its headand savagely tearsits victim up.",Feraligatr
s_3d027cec,5.0,,316,5.0,12.0,,-1,190,50,0,25,0,2,0,0.0,0.0,,"They were sculpted from clay in ancient times.No one knows why, but some of them are drivento continually line up boulders.",Golett
s_3d027cec,5.0,,316,5.0,12.0,,-1,190,50,0,25,0,2,0,0.0,0.0,,"This Pokémon was created from clay. It receivedorders from its master many thousands of yearsago, and it still follows those orders to this day.",Golett
s_a5255bf4,5.0,id-622,316,5.0,12.0,,-1,90,50,0,25,0,2,0,0.0,0.0,,Artillery platforms built into the walls of ancientcastles served as perches from which Golurkcould fire energy beams.,Golurk
s_a5255bf4,5.0,id-622,316,5.0,12.0,,-1,90,50,0,25,0,2,0,0.0,0.0,,"There’s a theory that inside Golurk is a perpetualmotion machine that produces limitless energy,but this belief hasn’t been proven.",Golurk
s_c1cb6219,4.0,,249,10.0,2.0,,8,3,100,0,120,0,1,0,1.0,0.0,,Shiny particles are released fromits wings like a veil. It is saidto represent the crescent moon.,Cresselia
s_b799519a,4.0,,250,2.0,4.0,,-1,30,70,0,40,0,1,0,0.0,1.0,,A Pokémon that lives in warm seas.It inflates the flotation sac on itshead to drift and search for food.,Phione
s_64b0c677,5.0,id-619,314,7.0,6.0,,4,45,50,0,25,0,4,0,0.0,0.0,,"When Mienshao comes across a truly challengingopponent, it will lighten itself by biting off thefur on its arms.",Mienshao
s_64b0c677,5.0,id-619,314,7.0,6.0,,4,45,50,0,25,0,4,0,0.0,0.0,,"Delivered at blinding speeds, kicks from thisPokémon can shatter massive boulders intotiny pieces.",Mienshao
s_52cb080f,4.0,,243,2.0,6.0,,-1,3,140,0,80,0,1,0,1.0,0.0,,Known as “The Being of Willpower.”It sleeps at the bottom of a laketo keep the world in balance.,Azelf
s_343ce3d0,4.0,,244,9.0,8.0,,-1,3,0,0,120,0,1,0,1.0,0.0,195.0,It has the power to control time.It appears in Sinnoh-region mythsas an ancient deity.,Dialga
s_cecba73d,4.0,,241,10.0,6.0,,-1,3,140,0,80,0,1,0,1.0,0.0,,Known as “The Being of Knowledge.”It is said that it can wipe out thememory of those who see its eyes.,Uxie
s_a4679abd,4.0,,242,6.0,6.0,,-1,3,140,0,80,0,1,0,1.0,0.0,,"Known as “The Being of Emotion.”It taught humans the nobility ofsorrow, pain, and joy.",Mesprit
s_460b9b35,4.0,,247,9.0,12.0,,-1,3,0,0,120,0,1,0,1.0,0.0,,"All over the world, there are legends that tellof Regigigas creating other Pokémon in itsown image.",Regigigas
s_460b9b35,4.0,,247,9.0,12.0,,-1,3,0,0,120,0,1,0,1.0,0.0,,It’s said that Regigigas created other Pokémonfrom many different materials before it movedthe continents to where they are today.,Regigigas
s_db204434,4.0,,248,1.0,10.0,,-1,3,0,0,120,0,1,1,1.0,0.0,,A Pokémon that is said to live in aworld on the reverse side of ours.It appears in an ancient cemetery.,Giratina
s_71eba3c9,4.0,,245,7.0,6.0,,-1,3,0,0,120,0,1,0,1.0,0.0,,It has the ability to distortspace. It is described as a deityin Sinnoh-region mythology.,Palkia
s_da2a500c,4.0,,246,3.0,8.0,,4,3,100,0,10,0,1,0,1.0,0.0,,It dwells in volcanic caves. Itdigs in with its cross-shaped feetto crawl on ceilings and walls.,Heatran
s_0d427535,5.0,id-551,281,3.0,8.0,,4,90,50,0,20,0,4,0,0.0,0.0,67.0,Krokorok has specialized eyes that enable it tosee in the dark. This ability lets Krokorok hunt inthe dead of night without getting lost.,Krokorok
s_0d427535,5.0,id-551,281,3.0,8.0,,4,90,50,0,20,0,4,0,0.0,0.0,67.0,"Although this Pokémon has specialized eyes thatallow it to see in the dark, Krokorok won’t movemuch at night—the desert gets cold after sunset.",Krokorok
s_68ab8ffd,4.0,id-356,182,1.0,4.0,,4,45,35,0,25,0,3,0,0.0,0.0,71.0,"At the bidding of transmissions from the spiritworld, it steals people and Pokémon away.No one knows whether it has a will of its own.",Dusknoir
s_68ab8ffd,4.0,id-356,182,1.0,4.0,,4,45,35,0,25,0,3,0,0.0,0.0,71.0,"With the mouth on its belly, Dusknoir swallows itstarget whole. The soul is the only thing eaten—Dusknoir disgorges the body before departing.",Dusknoir
s_d064b873,4.0,id-299,147,4.0,11.0,,4,60,70,0,20,0,2,0,0.0,0.0,,It exudes strong magnetism fromall over. It controls three smallunits called Mini-Noses.,Probopass
s_f9319503,4.0,id-281,140,9.0,12.0,,0,45,35,0,20,0,1,1,0.0,0.0,12.0,"True to its honorable-warrior image, it usesthe blades on its elbows only in defense ofsomething or someone.",Gallade
s_f9319503,4.0,id-281,140,9.0,12.0,,0,45,35,0,20,0,1,1,0.0,0.0,12.0,"Sharply attuned to others’ wishes for help, thisPokémon seeks out those in need and aids themin battle.",Gallade
s_b049c369,4.0,id-233,68,8.0,4.0,,-1,30,50,0,20,0,2,0,0.0,0.0,,"Porygon-Z had a program installed to allow it tomove between dimensions, but the program alsocaused instability in Porygon-Z’s behavior.",Porygon-Z
s_b049c369,4.0,id-233,68,8.0,4.0,,-1,30,50,0,20,0,2,0,0.0,0.0,,"Some say an additional program made thisPokémon evolve, but even academics can’t agreeon whether Porygon-Z is really an evolution.",Porygon-Z
s_dbf86e8e,3.0,,194,2.0,12.0,1.0,-1,3,35,0,80,0,1,0,1.0,0.0,,"With cold air that can reach temperatures as lowas −328 degrees Fahrenheit, Regice instantlyfreezes any creature that approaches it.",Regice
s_dbf86e8e,3.0,,194,2.0,12.0,1.0,-1,3,35,0,80,0,1,0,1.0,0.0,,This Pokémon’s body is made of solid ice. It’ssaid that Regice was born beneath thick ice inthe ice age.,Regice
s_6cf5602e,3.0,,195,4.0,12.0,1.0,-1,3,35,0,80,0,1,0,1.0,0.0,193.0,Registeel’s body is made of a strange materialthat is flexible enough to stretch and shrink butalso more durable than any metal.,Registeel
s_6cf5602e,3.0,,195,4.0,12.0,1.0,-1,3,35,0,80,0,1,0,1.0,0.0,193.0,"It’s rumored that this Pokémon was born deepunderground in the planet’s mantle and that itemerged onto the surface 10,000 years ago.",Registeel
s_7dc1543b,4.0,id-133,67,2.0,8.0,,1,45,35,0,35,0,2,0,0.0,0.0,8.0,Any who become captivated by the beauty ofthe snowfall that Glaceon creates will be frozenbefore they know it.,Glaceon
s_7dc1543b,4.0,id-133,67,2.0,8.0,,1,45,35,0,35,0,2,0,0.0,0.0,8.0,"The coldness emanating from Glaceon causespowdery snow to form, making it quite a popularPokémon at ski resorts.",Glaceon
s_4efde166,4.0,id-133,67,5.0,8.0,,1,45,35,0,35,0,2,0,0.0,0.0,7.0,Galarians favor the distinctive aroma that driftsfrom this Pokémon’s leaves. There’s a popularperfume made using that scent.,Leafeon
s_4efde166,4.0,id-133,67,5.0,8.0,,1,45,35,0,35,0,2,0,0.0,0.0,7.0,"This Pokémon’s tail is blade sharp, with afantastic cutting edge that can slice rightthough large trees.",Leafeon
s_1d3c6bbc,3.0,,192,2.0,5.0,6.0,-1,3,35,0,40,0,1,0,0.0,0.0,82.0,"From its rear, Beldum emits a magnetic force thatrapidly pulls opponents in. They get skewered onBeldum’s sharp claws.",Beldum
s_1d3c6bbc,3.0,,192,2.0,5.0,6.0,-1,3,35,0,40,0,1,0,0.0,0.0,82.0,"The cells in this Pokémon’s body are composedof magnetic material. Instead of blood, magneticforces flow through Beldum’s body.",Beldum
s_accfd6ab,3.0,id-374,192,2.0,4.0,6.0,-1,3,35,0,40,0,1,0,0.0,0.0,83.0,"Two Beldum have become stuck together viatheir own magnetic forces. With two brains, theresulting Metang has doubled psychic powers.",Metang
s_accfd6ab,3.0,id-374,192,2.0,4.0,6.0,-1,3,35,0,40,0,1,0,0.0,0.0,83.0,"Using magnetic forces to stay aloft, this Pokémonflies at high speeds, weaving through harshmountain terrain in pursuit of prey.",Metang
s_1919736b,3.0,id-375,192,2.0,11.0,6.0,-1,3,35,0,40,0,1,1,0.0,0.0,84.0,"Because the magnetic powers of these Pokémonget stronger in freezing temperatures, Metagrossliving on snowy mountains are full of energy.",Metagross
s_1919736b,3.0,id-375,192,2.0,11.0,6.0,-1,3,35,0,40,0,1,1,0.0,0.0,84.0,Metagross is the result of the fusion of twoMetang. This Pokémon defeats its opponentsthrough use of its supercomputer-level brain.,Metagross
s_b7e8ab5e,3.0,,193,3.0,12.0,1.0,-1,3,35,0,80,0,1,0,1.0,0.0,,"Every bit of Regirock’s body is made of stone.As parts of its body erode, this Pokémon sticksrocks to itself to repair what’s been lost.",Regirock
s_b7e8ab5e,3.0,,193,3.0,12.0,1.0,-1,3,35,0,80,0,1,0,1.0,0.0,,"Cutting-edge technology was used to studythe internals of this Pokémon’s rock body, butnothing was found—not even a brain or a heart.",Regirock
s_8c3d4abc,3.0,,190,6.0,3.0,7.0,6,225,70,0,20,0,3,0,0.0,0.0,,LUVDISC live in shallow seas in thetropics. This heart-shaped POKéMONearned its name by swimming afterloving couples it spotted in theocean’s waves.,Luvdisc
s_9084765c,3.0,,191,2.0,12.0,6.0,4,45,35,0,40,0,1,0,0.0,0.0,,"Bagon jumps off cliffs every day, trying togrow stronger so that someday it will be ableto fly.",Bagon
s_9084765c,3.0,,191,2.0,12.0,6.0,4,45,35,0,40,0,1,0,0.0,0.0,,Bagon is a solitary Pokémon that doesn’t formgroups with others of its kind. It also has a headhard enough to cleave a boulder in one strike.,Bagon
s_f825197a,3.0,id-371,191,9.0,8.0,6.0,4,45,35,0,40,0,1,0,0.0,0.0,,This Pokémon has covered its body in a hardshell that has the same composition as bone.Shelgon stores energy for evolution.,Shelgon
s_f825197a,3.0,id-371,191,9.0,8.0,6.0,4,45,35,0,40,0,1,0,0.0,0.0,,"Shelgon ignores its hunger entirely, never eatingany food. Apparently, Shelgon will evolve onceall its energy stores are used up.",Shelgon
s_8d7e8d46,3.0,id-372,191,2.0,8.0,6.0,4,45,35,0,40,0,1,1,0.0,0.0,,Salamence is an unusual Pokémon in that itwas able to evolve a body with wings just byconstantly wishing to be able to fly.,Salamence
s_8d7e8d46,3.0,id-372,191,2.0,8.0,6.0,4,45,35,0,40,0,1,1,0.0,0.0,,"While basking in the joy of flight generally keepsthis Pokémon in high spirits, Salamence turns intoan uncontrollable menace if something angers it.",Salamence
s_c4cadae1,5.0,id-577,294,5.0,1.0,,4,100,50,0,20,0,4,0,0.0,0.0,,Its psychic power can supposedly cover a rangeof more than half a mile—but only if its twobrains can agree with each other.,Duosion
s_c4cadae1,5.0,id-577,294,5.0,1.0,,4,100,50,0,20,0,4,0,0.0,0.0,,"Its brain has split into two, and the twohalves rarely think alike. Its actions areutterly unpredictable.",Duosion
s_377eb830,5.0,id-578,294,5.0,4.0,,4,50,50,0,20,0,4,0,0.0,0.0,,"While it could use its psychic abilities in battle,this Pokémon prefers to swing its powerful armsaround to beat opponents into submission.",Reuniclus
s_377eb830,5.0,id-578,294,5.0,4.0,,4,50,50,0,20,0,4,0,0.0,0.0,,"It’s said that drinking the liquid surroundingReuniclus grants wisdom. Problem is, the liquid ishighly toxic to anything besides Reuniclus itself.",Reuniclus
s_16188f17,5.0,id-575,293,7.0,12.0,,6,50,50,0,20,0,4,0,0.0,0.0,65.0,"It has tremendous psychic power, but it dislikesconflict. It’s also able to predict the future basedon the movement of the stars.",Gothitelle
s_16188f17,5.0,id-575,293,7.0,12.0,,6,50,50,0,20,0,4,0,0.0,0.0,65.0,A criminal who was shown his fate by a Gothitellewent missing that same day and was neverseen again.,Gothitelle
s_ec07adfe,5.0,,294,5.0,1.0,,4,200,50,0,20,0,4,0,0.0,0.0,,"It communicates with others telepathically.Its body is encapsulated in liquid, but if it takesa heavy blow, the liquid will leak out.",Solosis
s_ec07adfe,5.0,,294,5.0,1.0,,4,200,50,0,20,0,4,0,0.0,0.0,,Many say that the special liquid covering thisPokémon’s body would allow it to survive inthe vacuum of space.,Solosis
s_0cf60680,5.0,,293,7.0,12.0,,6,200,50,0,20,0,4,0,0.0,0.0,63.0,"Though they’re still only babies, there’s psychicpower stored in their ribbonlike feelers, andsometimes they use that power to fight.",Gothita
s_0cf60680,5.0,,293,7.0,12.0,,6,200,50,0,20,0,4,0,0.0,0.0,63.0,"Even when nobody seems to be around, Gothitacan still be heard making a muted cry. Many believeit’s speaking to something only it can see.",Gothita
s_bc9a8289,5.0,id-574,293,7.0,12.0,,6,100,50,0,20,0,4,0,0.0,0.0,64.0,"It’s said that when stars shine in the night sky,this Pokémon will spirit away sleeping children.Some call it the Witch of Punishment.",Gothorita
s_bc9a8289,5.0,id-574,293,7.0,12.0,,6,100,50,0,20,0,4,0,0.0,0.0,64.0,"On nights when the stars shine, this Pokémon’spsychic power is at its strongest. It’s unknown justwhat link Gothorita has to the greater universe.",Gothorita
s_98c3ac7a,5.0,,292,4.0,8.0,,6,255,50,0,15,0,3,0,0.0,0.0,96.0,The way it brushes away grime with its tailcan be helpful when cleaning. But its focus onspotlessness can make cleaning more of a hassle.,Minccino
s_98c3ac7a,5.0,,292,4.0,8.0,,6,255,50,0,15,0,3,0,0.0,0.0,96.0,"They pet each other with their tails as a form ofgreeting. Of the two, the one whose tail is fluffieris a bit more boastful.",Minccino
s_38b9d127,5.0,id-572,292,4.0,8.0,,6,60,50,0,15,0,3,0,0.0,0.0,97.0,Its body secretes oil that this Pokémon spreadsover its nest as a coating to protect it from dust.Cinccino won’t tolerate even a speck of the stuff.,Cinccino
s_38b9d127,5.0,id-572,292,4.0,8.0,,6,60,50,0,15,0,3,0,0.0,0.0,97.0,A special oil that seeps through their fur helpsthem avoid attacks. The oil fetches a high priceat market.,Cinccino
s_cadfca47,5.0,,291,4.0,8.0,,1,75,50,0,25,0,4,0,0.0,0.0,154.0,Zorua is a timid Pokémon. This disposition seemsto be what led to the development of Zorua’sability to take on the forms of other creatures.,Zorua
s_cadfca47,5.0,,291,4.0,8.0,,1,75,50,0,25,0,4,0,0.0,0.0,154.0,"Zorua sometimes transforms into a person andgoes into cities to search for food. When Zoruadoes this, it usually takes on the form of a child.",Zorua
s_0844e668,5.0,id-570,291,4.0,6.0,,1,45,50,0,20,0,4,0,0.0,0.0,155.0,"This Pokémon cares deeply about others of itskind, and it will conjure terrifying illusions tokeep its den and pack safe.",Zoroark
s_0844e668,5.0,id-570,291,4.0,6.0,,1,45,50,0,20,0,4,0,0.0,0.0,155.0,"Seeking to ease the burden of their solitude,lonely Trainers tell Zoroark to show illusionsto them.",Zoroark
s_50894291,4.0,,206,3.0,9.0,,4,255,70,0,15,1,4,0,0.0,0.0,26.0,"They flock in great numbers.Though small, they flap theirwings with great power.",Starly
s_b3892b9d,4.0,id-396,206,3.0,9.0,,4,120,70,0,15,1,4,0,0.0,0.0,27.0,It flies around forests and fieldsin search of bug Pokémon.It stays within a huge flock.,Staravia
s_dba70011,4.0,id-393,205,2.0,6.0,,1,45,70,0,20,0,4,0,0.0,0.0,134.0,"It lives alone, away from others.Apparently, every one of thembelieves it is the most important.",Prinplup
s_208243ad,4.0,id-394,205,2.0,6.0,,1,45,70,0,20,0,4,0,0.0,0.0,135.0,The three horns that extend fromits beak attest to its power. Theleader has the biggest horns.,Empoleon
s_4bda13b2,4.0,id-391,204,3.0,6.0,,1,45,70,0,20,0,4,0,0.0,0.0,117.0,It uses a special kind of martialarts involving all its limbs.Its fire never goes out.,Infernape
s_5ac54e89,4.0,,205,2.0,12.0,,1,45,70,0,20,0,4,0,0.0,0.0,133.0,"Because it is very proud, it hatesaccepting food from people. Itsthick down guards it from cold.",Piplup
s_d5087b6e,3.0,id-258,132,2.0,6.0,9.0,1,45,50,0,20,0,4,0,0.0,0.0,,"The surface of MARSHTOMP’s body isenveloped by a thin, sticky film thatenables it to live on land.This POKéMON plays in mud on beacheswhen the ocean tide is low.",Marshtomp
s_724fac61,3.0,,132,2.0,8.0,9.0,1,45,50,0,20,0,4,0,0.0,0.0,,"The fin on MUDKIP’s head acts as highlysensitive radar. Using this fin to sensemovements of water and air, thisPOKéMON can determine what is takingplace around it without using its eyes.",Mudkip
s_2c10c740,3.0,id-256,131,8.0,6.0,3.0,1,45,50,0,20,1,4,1,0.0,0.0,,"In battle, BLAZIKEN blows out intenseflames from its wrists and attacks foescourageously.The stronger the foe, the moreintensely this POKéMON’s wrists burn.",Blaziken
s_dc794d8a,3.0,id-255,131,8.0,6.0,3.0,1,45,50,0,20,1,4,0,0.0,0.0,,"COMBUSKEN toughens up its legs andthighs by running through fields andmountains.This POKéMON’s legs possess both speedand power, enabling it to dole out tenkicks in one second.",Combusken
s_d2a1721e,3.0,,131,8.0,7.0,3.0,1,45,50,0,20,1,4,0,0.0,0.0,,"TORCHIC sticks with its TRAINER,following behind with unsteadysteps.This POKéMON breathes fire of over1,800 degrees F, including fireballsthat leave the foe scorched black.",Torchic
s_bf3075db,3.0,id-253,130,5.0,6.0,2.0,1,45,50,0,20,0,4,1,0.0,0.0,132.0,The leaves growing on SCEPTILE’s bodyare very sharp edged. This POKéMON isvery agile - it leaps all over thebranches of trees and jumps on its foefrom above or behind.,Sceptile
s_63932626,3.0,id-252,130,5.0,6.0,2.0,1,45,50,0,20,0,4,0,0.0,0.0,131.0,The leaves growing out of GROVYLE’sbody are convenient for camouflagingit from enemies in the forest.This POKéMON is a master at climbingtrees in jungles.,Grovyle
s_7490a035,3.0,,130,5.0,6.0,2.0,1,45,50,0,20,0,4,0,0.0,0.0,130.0,TREECKO has small hooks on the bottomof its feet that enable it to scalevertical walls.This POKéMON attacks by slamming foeswith its thick tail.,Treecko
s_76df0019,2.0,,129,5.0,12.0,2.0,-1,45,100,0,120,0,4,0,0.0,1.0,,This Pokémon has the ability to move throughtime. Records describing it as a forest deity canbe found from many different eras.,Celebi
s_76df0019,2.0,,129,5.0,12.0,2.0,-1,45,100,0,120,0,4,0,0.0,1.0,,"This Pokémon traveled through time to comefrom the future. It bolsters grass and trees withits own strength, and it can heal wounds, too.",Celebi
s_5ee5b275,2.0,,128,8.0,9.0,5.0,-1,3,0,0,120,0,1,0,1.0,0.0,,Legends claim thisPOKéMON flies theworld's skies con­tinuously on itsmagnificent seven-colored wings.,Ho-Oh
s_cb0e71bd,5.0,,313,3.0,3.0,,4,75,70,0,20,0,2,0,0.0,0.0,,"Thanks to bacteria that lived in the mud flats withit, this Pokémon developed the organs it uses togenerate electricity.",Stunfisk
s_cb0e71bd,5.0,,313,3.0,3.0,,4,75,70,0,20,0,2,0,0.0,0.0,,"For some reason, this Pokémon smiles slightlywhen it emits a strong electric current from theyellow markings on its body.",Stunfisk
s_6a188a5a,6.0,,338,8.0,8.0,,1,45,70,0,20,0,4,0,0.0,0.0,,"Eating a twig fills it with energy,and its roomy ears give vent to airhotter than 390 degrees Fahrenheit.",Fennekin
s_b6d1f8b0,6.0,id-651,337,5.0,6.0,,1,45,70,0,20,0,4,0,0.0,0.0,,Its Tackle is forceful enough to flip a 50-ton tank.It shields its allies from danger with its own body.,Chesnaught
s_adf1a80a,6.0,id-650,337,5.0,6.0,,1,45,70,0,20,0,4,0,0.0,0.0,,It relies on its sturdy shell to deflect predators’attacks. It counterattacks with its sharp quills.,Quilladin
s_76f89d1d,6.0,,337,5.0,6.0,,1,45,70,0,20,0,4,0,0.0,0.0,,"The quills on its head are usually soft.When it flexes them, the points becomeso hard and sharp that they can pierce rock.",Chespin
s_f5c8120e,6.0,id-656,339,2.0,12.0,,1,45,70,0,20,0,4,0,0.0,0.0,,"It can throw bubble-covered pebbles with precisecontrol, hitting empty cans up to a hundred feet away.",Frogadier
s_14a3f06b,6.0,,339,2.0,8.0,,1,45,70,0,20,0,4,0,0.0,0.0,,It secretes flexible bubbles from its chest and back.The bubbles reduce the damage it would otherwisetake when attacked.,Froakie
s_caf13a89,6.0,id-654,338,8.0,6.0,,1,45,70,0,20,0,4,0,0.0,0.0,,"It gazes into the flame at the tip ofits branch to achieve a focused state,which allows it to see into the future.",Delphox
s_f4376632,2.0,id-204,102,7.0,1.0,2.0,4,75,70,0,20,0,2,0,0.0,0.0,57.0,Its entire body isshielded by asteel-hard shell.What lurks insidethe armor is atotal mystery.,Forretress
s_5e0dfe73,6.0,,340,3.0,6.0,,4,255,50,0,15,0,2,0,0.0,0.0,,"It excels at digging holes. Using its ears, it candig a nest 33 feet deep in one night.",Bunnelby
s_5e0dfe73,6.0,,340,3.0,6.0,,4,255,50,0,15,0,2,0,0.0,0.0,,It’s very sensitive to danger. The sound ofCorviknight’s flapping will have Bunnelbydigging a hole to hide underground in moments.,Bunnelby
s_2b4e6bfc,6.0,id-657,339,2.0,12.0,,1,45,70,0,20,0,4,0,0.0,0.0,,"It creates throwing stars out of compressed water.When it spins them and throws them at high speed,these stars can split metal in two.",Greninja
s_03b9947e,7.0,,376,2.0,3.0,,1,45,50,0,15,0,4,0,0.0,0.0,,"It creates special bouncy balloons to send at itsopponents. When the balloons pop, the sheerforce of their bursting is what deals damage.",Popplio
s_03b9947e,7.0,,376,2.0,3.0,,1,45,50,0,15,0,4,0,0.0,0.0,,"If Popplio want to create big, powerful balloons,they must be persistent. It takes daily practice forthese Pokémon to develop their skills.",Popplio
s_65e014d1,7.0,id-753,388,6.0,12.0,,4,75,50,0,20,0,2,0,0.0,0.0,,"This Pokémon resembles a beautiful flower.A properly raised Lurantis will have gorgeous,brilliant colors.",Lurantis
s_65e014d1,7.0,id-753,388,6.0,12.0,,4,75,50,0,20,0,2,0,0.0,0.0,,"The petals on this Pokémon’s arms are thin andsuper sharp, and they can fire laser beams ifLurantis gathers light first.",Lurantis
s_75013df8,8.0,,473,5.0,,,-1,3,35,0,120,0,1,0,1.0,0.0,,An academic theory proposes that Regidrago’sarms were once the head of an ancient dragonPokémon. The theory remains unproven.,Regidrago
s_75013df8,8.0,,473,5.0,,,-1,3,35,0,120,0,1,0,1.0,0.0,,Its body is composed of crystallized dragonenergy. Regidrago is said to have the powers ofevery dragon Pokémon.,Regidrago
s_4571669d,8.0,,472,10.0,,,-1,3,35,0,120,0,1,0,1.0,0.0,,This Pokémon is a cluster of electrical energy.It’s said that removing the rings on Regieleki’sbody will unleash the Pokémon’s latent power.,Regieleki
s_4571669d,8.0,,472,10.0,,,-1,3,35,0,120,0,1,0,1.0,0.0,,Its entire body is made up of a single organ thatgenerates electrical energy. Regieleki is capableof creating all Galar’s electricity.,Regieleki
s_4cf9af4a,6.0,,370,5.0,2.0,,-1,3,0,0,120,0,1,0,1.0,0.0,,"When the Kalos region’s ecosystem falls intodisarray, it appears and reveals its secret power.",Zygarde
s_b3629d9a,6.0,,371,6.0,4.0,,-1,3,50,0,25,0,1,1,0.0,1.0,,"A sudden transformation of Carbink,its pink, glimmering body is said to bethe loveliest sight in the whole world.",Diancie
s_27a2f5db,2.0,id-170,86,2.0,3.0,7.0,4,75,50,0,20,0,1,0,0.0,0.0,,The light it emits is so bright that it can illuminatethe sea’s surface from a depth of over three miles.,Lanturn
s_27a2f5db,2.0,id-170,86,2.0,3.0,7.0,4,75,50,0,20,0,1,0,0.0,0.0,,This Pokémon flashes a bright light that blindsits prey. This creates an opening for it to deliveran electrical attack.,Lanturn
s_2d12005b,8.0,,469,7.0,,,-1,255,0,0,120,0,1,0,1.0,0.0,,The core on its chest absorbs energy emanatingfrom the lands of the Galar region. This energy iswhat allows Eternatus to stay active.,Eternatus
s_2d12005b,8.0,,469,7.0,,,-1,255,0,0,120,0,1,0,1.0,0.0,,"It was inside a meteorite that fell 20,000 yearsago. There seems to be a connection betweenthis Pokémon and the Dynamax phenomenon.",Eternatus
s_3c78fb67,8.0,,471,5.0,,,-1,3,0,0,120,0,1,0,0.0,1.0,,"Within dense forests, this Pokémon lives in a packwith others of its kind. It’s incredibly aggressive,and the other Pokémon of the forest fear it.",Zarude
s_3c78fb67,8.0,,471,5.0,,,-1,3,0,0,120,0,1,0,0.0,1.0,,"Once the vines on Zarude’s body tear off, theybecome nutrients in the soil. This helps the plantsof the forest grow.",Zarude
s_52813e27,8.0,id-891,470,4.0,,,1,3,50,0,120,0,1,0,1.0,0.0,,This form of Urshifu is a strong believer in theone-hit KO. Its strategy is to leap in close to foesand land a devastating blow with a hardened fist.,Urshifu
s_52813e27,8.0,id-891,470,4.0,,,1,3,50,0,120,0,1,0,1.0,0.0,,"Inhabiting the mountains of a distant region, thisPokémon races across sheer cliffs, training its legsand refining its moves.",Urshifu
s_6ca550ed,6.0,,366,2.0,8.0,,4,190,50,0,20,0,2,0,0.0,0.0,,"They chill the air around them to −150 degreesFahrenheit, freezing the water in the air into icethat they use as armor.",Bergmite
s_6ca550ed,6.0,,366,2.0,8.0,,4,190,50,0,20,0,2,0,0.0,0.0,,This Pokémon lives in areas of frigid cold.It secures itself to the back of an Avaluggby freezing its feet in place.,Bergmite
s_71ce56eb,6.0,id-712,366,2.0,8.0,,4,55,50,0,20,0,2,0,0.0,0.0,,"At high latitudes, this Pokémon can be foundwith clusters of Bergmite on its back as it swimsamong the icebergs.",Avalugg
s_71ce56eb,6.0,id-712,366,2.0,8.0,,4,55,50,0,20,0,2,0,0.0,0.0,,"As Avalugg moves about during the day,the cracks in its body deepen. The Pokémon’sbody returns to a pristine state overnight.",Avalugg
s_2f9349cb,6.0,,365,3.0,1.0,,4,120,50,0,20,0,2,0,0.0,0.0,,Spirits that wander this world are placed intoPumpkaboo’s body. They’re then moved on tothe afterlife.,Pumpkaboo
s_2f9349cb,6.0,,365,3.0,1.0,,4,120,50,0,20,0,2,0,0.0,0.0,,The light that streams out from the holes in thepumpkin can hypnotize and control the peopleand Pokémon that see it.,Pumpkaboo
s_986ca577,6.0,id-710,365,3.0,5.0,,4,60,50,0,20,0,2,0,0.0,0.0,,Eerie cries emanate from its body in the dead ofnight. The sounds are said to be the wails ofspirits who are suffering in the afterlife.,Gourgeist
s_986ca577,6.0,id-710,365,3.0,5.0,,4,60,50,0,20,0,2,0,0.0,0.0,,"In the darkness of a new-moon night, Gourgeistwill come knocking. Whoever answers the doorwill be swept off to the afterlife.",Gourgeist
s_17f28f2d,6.0,,368,2.0,8.0,,-1,45,0,0,120,0,1,1,1.0,0.0,,Legends say it can share eternal life.It slept for a thousand years in the formof a tree before its revival.,Xerneas
s_375a952d,6.0,,369,8.0,9.0,,-1,45,0,0,120,0,1,0,1.0,0.0,,"When this legendary Pokémon’s wings andtail feathers spread wide and glow red,it absorbs the life force of living creatures.",Yveltal
s_42cd88e6,6.0,,367,7.0,9.0,,4,190,50,0,20,0,2,0,0.0,0.0,,"After nightfall, they emerge from the caves theynest in during the day. Using their ultrasonicwaves, they go on the hunt for ripened fruit.",Noibat
s_42cd88e6,6.0,,367,7.0,9.0,,4,190,50,0,20,0,2,0,0.0,0.0,,No wavelength of sound is beyond Noibat’sability to produce. The ultrasonic waves itgenerates can overcome much larger Pokémon.,Noibat
s_1fda1672,6.0,id-714,367,7.0,9.0,,4,45,50,0,20,0,2,0,0.0,0.0,,"Aggressive and cruel, this Pokémon will ruthlesslytorment enemies that are helpless in the dark.",Noivern
s_1fda1672,6.0,id-714,367,7.0,9.0,,4,45,50,0,20,0,2,0,0.0,0.0,,"Flying through the darkness, it weakens enemieswith ultrasonic waves that could crush stone.Its fangs finish the fight.",Noivern
s_1e715d85,5.0,,314,10.0,6.0,,4,180,50,0,25,0,4,0,0.0,0.0,,"In one minute, a well-trained Mienfoo can chopwith its arms more than 100 times.",Mienfoo
s_1e715d85,5.0,,314,10.0,6.0,,4,180,50,0,25,0,4,0,0.0,0.0,,"Though small, Mienfoo’s temperament is fierce.Any creature that approaches Mienfoo carelesslywill be greeted with a flurry of graceful attacks.",Mienfoo
s_04c0b34b,2.0,,101,10.0,8.0,3.0,4,60,70,0,20,1,2,0,0.0,0.0,,"Its tail has asmall brain of itsown. Beware! Ifyou get close, itmay react to yourscent and bite.",Girafarig
s_babb8a4c,1.0,id-48,20,7.0,13.0,2.0,4,75,70,0,20,0,2,0,0.0,0.0,,The dust-likescales coveringits wings arecolor coded toindicate the kindsof poison it has.,Venomoth
s_ee497e60,1.0,,20,7.0,12.0,2.0,4,190,70,0,20,0,2,0,0.0,0.0,,Lives in theshadows of talltrees where iteats insects. Itis attracted bylight at night.,Venonat
s_159ece57,2.0,id-175,87,9.0,12.0,2.0,1,75,50,0,10,0,3,0,0.0,0.0,,"They say that it will appear before kindhearted,caring people and shower them with happiness.",Togetic
s_159ece57,2.0,id-175,87,9.0,12.0,2.0,1,75,50,0,10,0,3,0,0.0,0.0,,It grows dispirited if it is not with kind people.It can float in midair without moving its wings.,Togetic
s_3d099aa5,5.0,,334,10.0,8.0,,-1,3,35,0,80,0,1,1,0.0,1.0,,"Cobalion, Terrakion, and Virizion taught thisPokémon how to fight. It dashes across the world,seeking more opportunities to further its training.",Keldeo
s_3d099aa5,5.0,,334,10.0,8.0,,-1,3,35,0,80,0,1,1,0.0,1.0,,They say that Keldeo must survive harsh battlesand fully develop the horn on its foreheadbefore this Pokémon’s true power will awaken.,Keldeo
s_cca23239,1.0,,17,7.0,9.0,1.0,4,255,50,0,15,1,2,0,0.0,0.0,23.0,"It emits ultrasonic waves from its mouth to checkits surroundings. Even in tight caves, Zubat fliesaround with skill.",Zubat
s_cca23239,1.0,,17,7.0,9.0,1.0,4,255,50,0,15,1,2,0,0.0,0.0,23.0,"Zubat live in caves, down where the sun’s lightwon’t reach. In the morning, they gather togetherto keep each other warm as they sleep.",Zubat
s_b02db767,1.0,id-39,16,6.0,12.0,3.0,6,50,50,0,10,0,3,0,0.0,0.0,22.0,"The more air it takes in, the more it inflates. Ifopponents catch it in a bad mood, it will inflateitself to an enormous size to intimidate them.",Wigglytuff
s_b02db767,1.0,id-39,16,6.0,12.0,3.0,6,50,50,0,10,0,3,0,0.0,0.0,22.0,"It’s proud of its fur, which is fine and delicate.In particular, the curl on its forehead has atexture that’s perfectly heavenly.",Wigglytuff
s_29d1d267,1.0,,18,2.0,7.0,3.0,4,255,50,0,20,0,4,0,0.0,0.0,,"If exposed to moonlight, it starts to move.It roams far and wide at night to scatter its seeds.",Oddish
s_29d1d267,1.0,,18,2.0,7.0,3.0,4,255,50,0,20,0,4,0,0.0,0.0,,"During the day, it stays in the cold undergroundto avoid the sun. It grows by bathing in moonlight.",Oddish
s_272695df,1.0,id-41,17,7.0,9.0,1.0,4,90,50,0,15,1,2,0,0.0,0.0,24.0,"It loves to drink other creatures’ blood. It’s saidthat if it finds others of its kind going hungry,it sometimes shares the blood it’s gathered.",Golbat
s_272695df,1.0,id-41,17,7.0,9.0,1.0,4,90,50,0,15,1,2,0,0.0,0.0,24.0,"Its feet are tiny, but this Pokémon walks skillfully.It sneaks up on sleeping prey before sinking in itsfangs and slurping up blood.",Golbat
s_b1d29c48,1.0,id-44,18,8.0,12.0,3.0,4,45,50,0,20,1,4,0,0.0,0.0,,"It has the world’s largest petals. With every step,the petals shake out heavy clouds of toxic pollen.",Vileplume
s_b1d29c48,1.0,id-44,18,8.0,12.0,3.0,4,45,50,0,20,1,4,0,0.0,0.0,,"The larger its petals, the more toxic pollen itcontains. Its big head is heavy and hard to hold up.",Vileplume
s_eaa89459,1.0,id-43,18,2.0,12.0,3.0,4,120,50,0,20,1,4,0,0.0,0.0,,Its pistils exude an incredibly foul odor.The horrid stench can cause fainting at a distanceof 1.25 miles.,Gloom
s_eaa89459,1.0,id-43,18,2.0,12.0,3.0,4,120,50,0,20,1,4,0,0.0,0.0,,What appears to be drool is actually sweet honey.It is very sticky and clings stubbornly if touched.,Gloom
s_86c432d2,1.0,id-46,19,8.0,14.0,2.0,4,75,70,0,20,0,2,0,0.0,0.0,,A host-parasitepair in which theparasite mushroomhas taken over thehost bug. Prefersdamp places.,Parasect
s_fd41649d,1.0,,19,8.0,14.0,2.0,4,190,70,0,20,0,2,0,0.0,0.0,,Burrows to sucktree roots. Themushrooms on itsback grow by draw­ing nutrients fromthe bug host.,Paras
s_9db486bb,5.0,,310,9.0,6.0,,4,120,50,0,20,0,2,0,0.0,0.0,104.0,"When this Pokémon is in good health, its snotbecomes thicker and stickier. It will smear its snoton anyone it doesn’t like.",Cubchoo
s_9db486bb,5.0,,310,9.0,6.0,,4,120,50,0,20,0,2,0,0.0,0.0,104.0,"It sniffles before performing a move, using itsfrosty snot to provide an icy element to anymove that needs it.",Cubchoo
s_14f32d8e,5.0,id-611,309,10.0,6.0,,4,45,35,0,40,0,1,0,0.0,0.0,146.0,Its resilient tusks are its pride and joy. It licks updirt to take in the minerals it needs to keep itstusks in top condition.,Haxorus
s_14f32d8e,5.0,id-611,309,10.0,6.0,,4,45,35,0,40,0,1,0,0.0,0.0,146.0,"While usually kindhearted, it can be terrifying ifangered. Tusks that can slice through steel beamsare how Haxorus deals with its adversaries.",Haxorus
s_a8daf2e0,2.0,id-153,79,5.0,8.0,3.0,1,45,70,0,20,1,4,0,0.0,0.0,,The aroma thatrises from itspetals contains asubstance thatcalms aggressivefeelings.,Meganium
s_6574713c,2.0,,80,10.0,12.0,3.0,1,45,70,0,20,0,4,0,0.0,0.0,,"It is timid, andalways curls it­self up in a ball.If attacked, itflares up its backfor protection.",Cyndaquil
s_5bae9175,2.0,id-155,80,10.0,8.0,3.0,1,45,70,0,20,0,4,0,0.0,0.0,,Be careful if itturns its backduring battle. Itmeans that it willattack with thefire on its back.,Quilava
s_8c340e59,2.0,id-156,80,10.0,8.0,3.0,1,45,70,0,20,0,4,0,0.0,0.0,,"If its rage peaks,it becomes so hotthat anything thattouches it willinstantly goup in flames.",Typhlosion
s_760419c4,1.0,,77,7.0,6.0,5.0,-1,3,0,0,120,0,1,1,1.0,0.0,196.0,It was created bya scientist afteryears of horrificgene splicing andDNA engineeringexperiments.,Mewtwo
s_a10858fe,1.0,,78,6.0,6.0,5.0,-1,45,100,0,120,0,4,0,0.0,1.0,,So rare that itis still said tobe a mirage bymany experts. Onlya few people haveseen it worldwide.,Mew
s_2083aaf5,2.0,,79,5.0,8.0,3.0,1,45,70,0,20,0,4,0,0.0,0.0,,A sweet aromagently wafts fromthe leaf on itshead. It is docileand loves to soakup the sun's rays.,Chikorita
s_9d9bd513,2.0,id-152,79,5.0,8.0,3.0,1,45,70,0,20,0,4,0,0.0,0.0,,"The scent ofspices comes fromaround its neck.Somehow, sniffingit makes you wantto fight.",Bayleef
s_dadae5d4,7.0,,391,6.0,8.0,,4,140,50,0,15,0,2,0,0.0,0.0,,"Its fluffy fur is a delight to pet, but carelesslyreaching out to touch this Pokémon could resultin painful retaliation.",Stufful
s_dadae5d4,7.0,,391,6.0,8.0,,4,140,50,0,15,0,2,0,0.0,0.0,,"The way it protects itself by flailing its arms maybe an adorable sight, but stay well away. This isflailing that can snap thick tree trunks.",Stufful
s_7380f085,2.0,,81,2.0,6.0,9.0,1,45,70,0,20,0,4,0,0.0,0.0,,Its well-developedjaws are powerfuland capable ofcrushing anything.Even its trainermust be careful.,Totodile
s_d47f5bb4,2.0,id-158,81,2.0,6.0,9.0,1,45,70,0,20,0,4,0,0.0,0.0,,"If it loses afang, a new onegrows back in itsplace. There arealways 48 fangslining its mouth.",Croconaw
s_71719f68,5.0,id-627,319,8.0,9.0,,0,60,50,0,20,0,1,0,0.0,0.0,170.0,"Known for its bravery and pride, this majesticPokémon is often seen as a motif for variouskinds of emblems.",Braviary
s_71719f68,5.0,id-627,319,8.0,9.0,,0,60,50,0,20,0,1,0,0.0,0.0,170.0,"Because this Pokémon is hotheaded andbelligerent, it’s Corviknight that’s takenthe role of transportation in Galar.",Braviary
s_06482c3a,5.0,,320,3.0,9.0,,8,190,35,0,20,0,1,0,0.0,0.0,,It wears a bone to protect its rear.It often squabbles with others of its kind overparticularly comfy bones.,Vullaby
s_06482c3a,5.0,,320,3.0,9.0,,8,190,35,0,20,0,1,0,0.0,0.0,,Vullaby grow quickly. Bones that have gotten toosmall for older Vullaby to wear often get passeddown to younger ones in the nest.,Vullaby
s_473abc0b,7.0,,424,7.0,6.0,,-1,45,0,0,120,0,1,0,0.0,0.0,,This Ultra Beast is well enough liked to bechosen as a first partner in its own world.,Poipole
s_1bcbf8c5,7.0,,385,2.0,5.0,,4,190,50,0,20,0,2,0,0.0,0.0,,The first symptom of its sting is numbness.The next is an itching sensation so intense that it’simpossible to resist the urge to claw at your skin.,Mareanie
s_1bcbf8c5,7.0,,385,2.0,5.0,,4,190,50,0,20,0,2,0,0.0,0.0,,"Unlike their Alolan counterparts, the Mareanieof the Galar region have not yet figured outthat the branches of Corsola are delicious.",Mareanie
s_8fa7861f,8.0,,466,5.0,,,4,45,50,0,40,0,1,0,0.0,0.0,,"After being reborn as a ghost Pokémon,Dreepy wanders the areas it used to inhabitback when it was alive in prehistoric seas.",Dreepy
s_8fa7861f,8.0,,466,5.0,,,4,45,50,0,40,0,1,0,0.0,0.0,,"If this weak Pokémon is by itself, a mere childcould defeat it. But if Dreepy has friends to helpit train, it can evolve and become much stronger.",Dreepy
s_407710b1,8.0,,464,2.0,,,-1,45,50,0,35,0,1,0,0.0,0.0,,"Though it’s able to capture prey by freezing itssurroundings, it has trouble eating the preyafterward because its mouth is on top of its head.",Arctovish
s_407710b1,8.0,,464,2.0,,,-1,45,50,0,35,0,1,0,0.0,0.0,,"The skin on its face is impervious to attack, butbreathing difficulties made this Pokémon goextinct anyway.",Arctovish
s_709be860,8.0,,461,5.0,,,-1,45,50,0,35,0,1,0,0.0,0.0,,"In ancient times, it was unbeatable thanks to itspowerful lower body, but it went extinct anywayafter it depleted all its plant-based food sources.",Dracozolt
s_709be860,8.0,,461,5.0,,,-1,45,50,0,35,0,1,0,0.0,0.0,,"The powerful muscles in its tail generate itselectricity. Compared to its lower body,its upper half is entirely too small.",Dracozolt
s_f8b1f6f0,8.0,,462,2.0,,,-1,45,50,0,35,0,1,0,0.0,0.0,,The shaking of its freezing upper half is whatgenerates its electricity. It has a hard timewalking around.,Arctozolt
s_f8b1f6f0,8.0,,462,2.0,,,-1,45,50,0,35,0,1,0,0.0,0.0,,This Pokémon lived on prehistoric seashores andwas able to preserve food with the ice on itsbody. It went extinct because it moved so slowly.,Arctozolt
s_ac4d059c,8.0,id-840,442,5.0,,,4,45,50,0,20,0,5,0,0.0,0.0,,"Eating a sweet apple caused its evolution.A nectarous scent wafts from its body, luring inthe bug Pokémon it preys on.",Appletun
s_ac4d059c,8.0,id-840,442,5.0,,,4,45,50,0,20,0,5,0,0.0,0.0,,"Its body is covered in sweet nectar, and theskin on its back is especially yummy. Childrenused to have it as a snack.",Appletun
s_fc73aa6c,8.0,,443,5.0,,,4,255,50,0,20,0,2,0,0.0,0.0,,"As it digs, it swallows sand and stores it in itsneck pouch. The pouch can hold more than17 pounds of sand.",Silicobra
s_fc73aa6c,8.0,,443,5.0,,,4,255,50,0,20,0,2,0,0.0,0.0,,"It spews sand from its nostrils. While the enemyis blinded, it burrows into the ground to hide.",Silicobra
s_39003267,3.0,id-278,139,10.0,9.0,7.0,4,45,50,0,20,0,2,0,0.0,0.0,,"It is a messenger of the skies, carrying smallPokémon and eggs to safety in its bill.",Pelipper
s_39003267,3.0,id-278,139,10.0,9.0,7.0,4,45,50,0,20,0,2,0,0.0,0.0,,"Skimming the water’s surface, it dips its large billin the sea, scoops up food and water, andcarries it.",Pelipper
s_76bbe341,8.0,id-840,442,5.0,,,4,45,50,0,20,0,5,0,0.0,0.0,,"It ate a sour apple, and that induced itsevolution. In its cheeks, it stores an acidcapable of causing chemical burns.",Flapple
s_76bbe341,8.0,id-840,442,5.0,,,4,45,50,0,20,0,5,0,0.0,0.0,,It flies on wings of apple skin and spits apowerful acid. It can also change its shapeinto that of an apple.,Flapple
s_d32753b0,8.0,,445,3.0,,,4,255,50,0,20,0,1,0,0.0,0.0,,"If it sees any movement around it, this Pokémoncharges for it straightaway, leading with itssharply pointed jaw. It’s very proud of that jaw.",Arrokuda
s_d32753b0,8.0,,445,3.0,,,4,255,50,0,20,0,1,0,0.0,0.0,,"After it’s eaten its fill, its movements becomeextremely sluggish. That’s when Cramorantswallows it up.",Arrokuda
s_a0280295,8.0,id-846,445,3.0,,,4,60,50,0,20,0,1,0,0.0,0.0,,"This Pokémon has a jaw that’s as sharp as a spearand as strong as steel. Apparently Barraskewda’sflesh is surprisingly tasty, too.",Barraskewda
s_a0280295,8.0,id-846,445,3.0,,,4,60,50,0,20,0,1,0,0.0,0.0,,"It spins its tail fins to propel itself, surgingforward at speeds of over 100 knots beforeramming prey and spearing into them.",Barraskewda
s_2d44642b,8.0,id-843,443,5.0,,,4,120,50,0,20,0,2,0,0.0,0.0,,"When it contracts its body, over 220 pounds ofsand sprays from its nose. If it ever runs out ofsand, it becomes disheartened.",Sandaconda
s_2d44642b,8.0,id-843,443,5.0,,,4,120,50,0,20,0,2,0,0.0,0.0,,Its unique style of coiling allows it to blast sandout of its sand sac more efficiently.,Sandaconda
s_2c50ca17,8.0,,444,2.0,,,4,45,50,0,20,0,2,0,0.0,0.0,,"It’s so strong that it can knock out someopponents in a single hit, but it also mayforget what it’s battling midfight.",Cramorant
s_2c50ca17,8.0,,444,2.0,,,4,45,50,0,20,0,2,0,0.0,0.0,,"This hungry Pokémon swallows Arrokuda whole.Occasionally, it makes a mistake and tries toswallow a Pokémon other than its preferred prey.",Cramorant
s_8723f5e5,8.0,,446,7.0,,,4,75,50,1,25,0,4,0,0.0,0.0,,"It stores poison in an internal poison sac andsecretes that poison through its skin. If you touchthis Pokémon, a tingling sensation follows.",Toxel
s_8723f5e5,8.0,,446,7.0,,,4,75,50,1,25,0,4,0,0.0,0.0,,"It manipulates the chemical makeup of its poisonto produce electricity. The voltage is weak, but itcan cause a tingling paralysis.",Toxel
s_444a9cf0,8.0,id-848,446,7.0,,,4,45,50,0,25,0,4,0,0.0,0.0,,"When this Pokémon sounds as if it’s strumming aguitar, it’s actually clawing at the protrusions onits chest to generate electricity.",Toxtricity
s_444a9cf0,8.0,id-848,446,7.0,,,4,45,50,0,25,0,4,0,0.0,0.0,,This short-tempered and aggressive Pokémonchugs stagnant water to absorb any toxins itmight contain.,Toxtricity
s_8a76c2f2,7.0,,377,1.0,9.0,,4,255,70,0,15,0,2,0,0.0,0.0,,It can peck at a rate of 16 times a second todrill holes in trees. It uses the holes for foodstorage and for nesting.,Pikipek
s_17692cec,5.0,,272,4.0,12.0,,2,180,70,0,20,0,4,0,0.0,0.0,101.0,"It loves helping out with construction projects.It loves it so much that if rain causes work to halt,it swings its log around and throws a tantrum.",Timburr
s_17692cec,5.0,,272,4.0,12.0,,2,180,70,0,20,0,4,0,0.0,0.0,101.0,Timburr that have started carrying logs that areabout three times their size are nearly readyto evolve.,Timburr
s_dd4296fe,5.0,id-532,272,4.0,12.0,,2,90,50,0,20,0,4,0,0.0,0.0,102.0,"It shows off its muscles to Machoke and otherGurdurr. If it fails to measure up to the otherPokémon, it lies low for a little while.",Gurdurr
s_dd4296fe,5.0,id-532,272,4.0,12.0,,2,90,50,0,20,0,4,0,0.0,0.0,102.0,"Gurdurr excels at demolition—construction is notits forte. In any case, there’s skill in the way thisPokémon wields its metal beam.",Gurdurr
s_c3cae972,4.0,,57,6.0,12.0,,4,145,50,1,25,0,2,0,0.0,0.0,,"It mimics everyone it sees, but it puts extraeffort into copying the graceful dance stepsof Mr. Rime as practice.",Mime Jr.
s_c3cae972,4.0,,57,6.0,12.0,,4,145,50,1,25,0,2,0,0.0,0.0,,It looks for a Mr. Rime that’s a good dancerand carefully copies the Mr. Rime’s stepslike an apprentice.,Mime Jr.
s_4873694e,4.0,,91,3.0,7.0,,4,255,50,1,20,0,2,0,0.0,0.0,,"It expels both sweat and tears from its eyes.The sweat is a little salty, while the tears havea slight bitterness.",Bonsly
s_4873694e,4.0,,91,3.0,7.0,,4,255,50,1,20,0,2,0,0.0,0.0,,"This Pokémon lives in dry, rocky areas. As itsgreen spheres dry out, their dull luster increases.",Bonsly
s_c8062085,5.0,id-535,273,2.0,6.0,,4,120,50,0,20,0,4,0,0.0,0.0,,"It weakens its prey with sound waves intenseenough to cause headaches, then entanglesthem with its sticky tongue.",Palpitoad
s_c8062085,5.0,id-535,273,2.0,6.0,,4,120,50,0,20,0,4,0,0.0,0.0,,"On occasion, their cries are sublimely pleasing tothe ear. Palpitoad with larger lumps on theirbodies can sing with a wider range of sounds.",Palpitoad
s_738f0fcd,5.0,id-536,273,2.0,12.0,,4,45,50,0,20,0,4,0,0.0,0.0,,The vibrating of the bumps all over its bodycauses earthquake-like tremors. Seismitoad andCroagunk are similar species.,Seismitoad
s_738f0fcd,5.0,id-536,273,2.0,12.0,,4,45,50,0,20,0,4,0,0.0,0.0,,"This Pokémon is popular among the elderly,who say the vibrations of its lumps are greatfor massages.",Seismitoad
s_2e4f7f8f,5.0,id-533,272,3.0,12.0,,2,45,50,0,20,0,4,0,0.0,0.0,103.0,"Concrete mixed by Conkeldurr is much moredurable than normal concrete, even when thecompositions of the two materials are the same.",Conkeldurr
s_2e4f7f8f,5.0,id-533,272,3.0,12.0,,2,45,50,0,20,0,4,0,0.0,0.0,103.0,"When going all out, this Pokémon throws asideits concrete pillars and leaps at opponents topummel them with its fists.",Conkeldurr
s_4b344e1a,5.0,,273,2.0,3.0,,4,255,50,0,20,0,4,0,0.0,0.0,,Graceful ripples running across the water’ssurface are a sure sign that Tympole are singingin high-pitched voices below.,Tympole
s_4b344e1a,5.0,,273,2.0,3.0,,4,255,50,0,20,0,4,0,0.0,0.0,,It uses sound waves to communicate withothers of its kind. People and other Pokémonspecies can’t hear its cries of warning.,Tympole
s_c384efbf,4.0,,184,10.0,12.0,,4,120,70,1,25,0,3,0,0.0,0.0,52.0,It emits cries by agitating an orbat the back of its throat.It moves with flouncing hops.,Chingling
s_7614f714,4.0,id-431,221,4.0,8.0,,6,75,70,0,20,0,3,0,0.0,0.0,,It is a brazen brute that bargesits way into another Pokémon’snest and claims it as its own.,Purugly
s_e4d64e0a,4.0,,221,4.0,8.0,,6,190,70,0,20,0,3,0,0.0,0.0,,It claws if displeased and purrswhen affectionate. Its ficklenessis very popular among some.,Glameow
s_dba355f3,4.0,id-198,97,1.0,9.0,,4,30,35,0,20,0,4,0,0.0,0.0,,"Becoming active at night, it isknown to swarm with numerousMURKROW in tow.",Honchkrow
s_eadd541d,4.0,id-436,224,5.0,4.0,,-1,90,50,0,20,0,2,0,0.0,0.0,,"Some believe it to be a deity that summons rainclouds. When angered, it lets out a warning crythat rings out like the tolling of a bell.",Bronzong
s_eadd541d,4.0,id-436,224,5.0,4.0,,-1,90,50,0,20,0,2,0,0.0,0.0,,"Many scientists suspect that this Pokémonoriginated outside the Galar region, based onthe patterns on its body.",Bronzong
s_5f657119,4.0,,224,5.0,1.0,,-1,255,50,0,20,0,2,0,0.0,0.0,,"It appears in ancient ruins. The pattern on itsbody doesn’t come from any culture in theGalar region, so it remains shrouded in mystery.",Bronzor
s_5f657119,4.0,,224,5.0,1.0,,-1,255,50,0,20,0,2,0,0.0,0.0,,"Polishing Bronzor to a shine makes its surfacereflect the truth, according to common lore.Be that as it may, Bronzor hates being polished.",Bronzor
s_e8c6aa11,4.0,id-434,223,7.0,8.0,,4,60,50,0,20,0,2,0,0.0,0.0,,"In its belly, it reserves stinky fluid that it shootsfrom its tail during battle. As this Pokémon’s dietvaries, so does the stench of its fluid.",Skuntank
s_e8c6aa11,4.0,id-434,223,7.0,8.0,,4,60,50,0,20,0,2,0,0.0,0.0,,It digs holes in the ground to make its nest.The stench of the fluid it lets fly from the tipof its tail is extremely potent.,Skuntank
s_aa41f0f5,4.0,,223,7.0,8.0,,4,225,50,0,20,0,2,0,0.0,0.0,,"From its rear, it sprays a foul-smelling liquid atopponents. It aims for their faces, and it can hitthem from over 16 feet away.",Stunky
s_aa41f0f5,4.0,,223,7.0,8.0,,4,225,50,0,20,0,2,0,0.0,0.0,,"If it lifts its tail and points its rear at you, beware.It’s about to spray you with a fluid stinky enoughto make you faint.",Stunky
s_74db1c99,3.0,,139,9.0,9.0,7.0,4,190,50,0,20,0,2,0,0.0,0.0,,"It makes its nest on sheer cliffs. Riding the seabreeze, it glides up into the expansive skies.",Wingull
s_74db1c99,3.0,,139,9.0,9.0,7.0,4,190,50,0,20,0,2,0,0.0,0.0,,It soars on updrafts without flapping its wings.It makes a nest on sheer cliffs at the sea’s edge.,Wingull
s_35679292,8.0,,467,2.0,,,-1,10,0,0,120,0,1,0,1.0,0.0,,"Known as a legendary hero, this Pokémonabsorbs metal particles, transforming theminto a weapon it uses to battle.",Zacian
s_35679292,8.0,,467,2.0,,,-1,10,0,0,120,0,1,0,1.0,0.0,,This Pokémon has slumbered for many years.Some say it’s Zamazenta’s elder sister—otherssay the two Pokémon are rivals.,Zacian
s_939f53bd,3.0,,202,8.0,12.0,5.0,-1,3,0,0,120,0,1,1,0.0,1.0,,The DNA of a space virus underwent asudden mutation upon exposure to alaser beam and resulted in DEOXYS.The crystalline organ on this POKéMON’schest appears to be its brain.,Deoxys
s_9c9496e5,8.0,,468,8.0,,,-1,10,0,0,120,0,1,0,1.0,0.0,,"In times past, it worked together with a king ofthe people to save the Galar region. It absorbsmetal that it then uses in battle.",Zamazenta
s_9c9496e5,8.0,,468,8.0,,,-1,10,0,0,120,0,1,0,1.0,0.0,,"This Pokémon slept for aeons while in the form ofa statue. It was asleep for so long, people forgotthat it ever existed.",Zamazenta
s_7365355c,7.0,,428,4.0,,,-1,3,0,0,120,0,1,0,0.0,1.0,,It dissolves and eats metal. Circulating liquidmetal within its body is how it generates energy.,Meltan
s_7365355c,7.0,,428,4.0,,,-1,3,0,0,120,0,1,0,0.0,1.0,,"They live as a group, but when the time comes,one strong Meltan will absorb all the othersand evolve.",Meltan
s_757a4d5f,6.0,id-696,357,8.0,6.0,,1,45,50,0,30,0,2,0,0.0,0.0,,"This Pokémon is from about 100,000,000years ago. It has the presence of a king, viciousbut magnificent.",Tyrantrum
s_757a4d5f,6.0,id-696,357,8.0,6.0,,1,45,50,0,30,0,2,0,0.0,0.0,,A single bite of Tyrantrum’s massive jaws willdemolish a car. This Pokémon was the king of theancient world.,Tyrantrum
s_497e640b,6.0,,357,3.0,6.0,,1,45,50,0,30,0,2,0,0.0,0.0,,"This is an ancient Pokémon, revived in moderntimes. It has a violent disposition, and it’ll tearapart anything it gets between its hefty jaws.",Tyrunt
s_497e640b,6.0,,357,3.0,6.0,,1,45,50,0,30,0,2,0,0.0,0.0,,This Pokémon is selfish and likes to be pampered.It can also inflict grievous wounds on its Trainerjust by playing around.,Tyrunt
s_cbb96b34,6.0,id-694,356,10.0,6.0,,4,75,50,0,20,0,2,0,0.0,0.0,,"A now-vanished desert culture treasured thesePokémon. Appropriately, when Heliolisk came tothe Galar region, treasure came with them.",Heliolisk
s_cbb96b34,6.0,id-694,356,10.0,6.0,,4,75,50,0,20,0,2,0,0.0,0.0,,One Heliolisk basking in the sun with its frilloutspread is all it would take to produce enoughelectricity to power a city.,Heliolisk
s_559309a1,6.0,,356,10.0,6.0,,4,190,50,0,20,0,2,0,0.0,0.0,,"When spread, the frills on its head act like solarpanels, generating the power behind thisPokémon’s electric moves.",Helioptile
s_559309a1,6.0,,356,10.0,6.0,,4,190,50,0,20,0,2,0,0.0,0.0,,The sun powers this Pokémon’s electricitygeneration. Interruption of that processstresses Helioptile to the point of weakness.,Helioptile
s_c38b82b8,6.0,id-692,355,2.0,2.0,,4,55,50,0,15,0,1,0,0.0,0.0,,"After using the feelers on its oversized claw todetect the location of prey, Clawitzer launchesa cannonball of water at its target.",Clawitzer
s_c38b82b8,6.0,id-692,355,2.0,2.0,,4,55,50,0,15,0,1,0,0.0,0.0,,Clawitzer’s right arm is a cannon that launchesprojectiles made of seawater. Shots from aClawitzer’s cannon arm can sink a tanker.,Clawitzer
s_23cefab8,6.0,,355,2.0,14.0,,4,225,50,0,15,0,1,0,0.0,0.0,,"Clauncher’s claws can fall off during battle, butthey’ll regenerate. The meat inside the claws ispopular as a delicacy in Galar.",Clauncher
s_23cefab8,6.0,,355,2.0,14.0,,4,225,50,0,15,0,1,0,0.0,0.0,,"By detonating gas that accumulates in its rightclaw, this Pokémon launches water like a bullet.This is how Clauncher defeats its enemies.",Clauncher
s_24462676,6.0,id-690,354,3.0,5.0,,4,55,50,0,20,0,2,0,0.0,0.0,,Dragalge uses a poisonous liquid capable ofcorroding metal to send tankers that enter itsterritory to the bottom of the sea.,Dragalge
s_24462676,6.0,id-690,354,3.0,5.0,,4,55,50,0,20,0,2,0,0.0,0.0,,Dragalge generates dragon energy by stickingthe plume on its head out above the ocean’ssurface and bathing it in sunlight.,Dragalge
s_271eded2,6.0,,354,3.0,5.0,,4,225,50,0,20,0,2,0,0.0,0.0,,"It drifts in the ocean, blending in with floatingseaweed. When other Pokémon come to feast onthe seaweed, Skrelp feasts on them instead.",Skrelp
s_271eded2,6.0,,354,3.0,5.0,,4,225,50,0,20,0,2,0,0.0,0.0,,"Skrelp looks like a piece of rotten seaweed, so itcan blend in with seaweed drifting on the oceanand avoid being detected by enemies.",Skrelp
s_07237747,6.0,id-698,358,2.0,8.0,,1,45,50,0,30,0,2,0,0.0,0.0,,"Aurorus was restored from a fossil. It’s said thatwhen this Pokémon howls, auroras appear in thenight sky.",Aurorus
s_07237747,6.0,id-698,358,2.0,8.0,,1,45,50,0,30,0,2,0,0.0,0.0,,"When gripped by rage, Aurorus will emanatefreezing air, covering everything around it in ice.",Aurorus
s_7a288199,6.0,,358,2.0,8.0,,1,45,50,0,30,0,2,0,0.0,0.0,,"This Pokémon was successfully restored from afossil. In the past, it lived with others of its kindin cold lands where there were fewer predators.",Amaura
s_7a288199,6.0,,358,2.0,8.0,,1,45,50,0,30,0,2,0,0.0,0.0,,Amaura is an ancient Pokémon that has goneextinct. Specimens of this species can sometimesbe found frozen in ice.,Amaura
s_dd6814a1,3.0,,165,3.0,6.0,4.0,4,255,70,0,15,0,3,0,0.0,0.0,,"All the SPINDA that exist in theworld are said to have utterly uniquespot patterns.The shaky, tottering steps of thisPOKéMON give it the appearance ofdancing.",Spinda
s_4f45e0d3,3.0,id-325,164,7.0,6.0,4.0,4,60,70,0,20,0,3,0,0.0,0.0,,"GRUMPIG uses the black pearls on itsbody to amplify its psychic power wavesfor gaining total control over its foe.When this POKéMON uses its specialpower, its snorting breath growslabored.",Grumpig
s_862dfb2b,3.0,,164,1.0,4.0,4.0,4,255,70,0,20,0,3,0,0.0,0.0,,"SPOINK bounces around on its tail.The shock of its bouncing makes itsheart pump. As a result, this POKéMONcannot afford to stop bouncing - if itstops, its heart will stop.",Spoink
s_24bf8e1c,3.0,,163,3.0,8.0,4.0,4,90,50,0,20,0,2,0,0.0,0.0,,It burns coal inside its shell for energy. It blowsout black soot if it is endangered.,Torkoal
s_24bf8e1c,3.0,,163,3.0,8.0,4.0,4,90,50,0,20,0,2,0,0.0,0.0,,You find abandoned coal mines full of them.They dig tirelessly in search of coal.,Torkoal
s_8a1df778,3.0,id-287,143,9.0,6.0,2.0,4,120,70,0,15,0,1,0,0.0,0.0,,VIGOROTH is always itching and agitatedto go on a wild rampage. It simply can’ttolerate sitting still for even a minute.This POKéMON’s stress level rises if itcan’t be moving constantly.,Vigoroth
s_a1fb5a5e,3.0,id-288,143,3.0,12.0,2.0,4,45,70,0,15,0,1,0,0.0,0.0,,"SLAKING spends all day lying down andlolling about.It eats grass growing within its reach.If it eats all the grass it can reach,this POKéMON reluctantly moves toanother spot.",Slaking
s_5ce1e269,3.0,id-320,161,2.0,3.0,7.0,4,60,50,0,40,0,6,0,0.0,0.0,,It can sometimes knock out opponentswith the shock created by breaching andcrashing its big body onto the water.,Wailord
s_5ce1e269,3.0,id-320,161,2.0,3.0,7.0,4,60,50,0,40,0,6,0,0.0,0.0,,Its immense size is the reason for its popularity.Wailord watching is a favorite sightseeingactivity in various parts of the world.,Wailord
s_e21f7721,3.0,,161,2.0,3.0,7.0,4,125,50,0,40,0,6,0,0.0,0.0,,It shows off by spraying jets of seawater fromthe nostrils above its eyes. It eats a solid ton ofWishiwashi every day.,Wailmer
s_e21f7721,3.0,,161,2.0,3.0,7.0,4,125,50,0,40,0,6,0,0.0,0.0,,"When it sucks in a large volume of seawater,it becomes like a big, bouncy ball. It eats a tonof food daily.",Wailmer
s_894c74d0,3.0,id-283,141,2.0,13.0,9.0,4,75,70,0,15,0,2,0,0.0,0.0,,MASQUERAIN intimidates enemies withthe eyelike patterns on its antennas.This POKéMON flaps its four wings tofreely fly in any direction - evensideways and backwards - as if it werea helicopter.,Masquerain
s_0a109f22,3.0,,142,3.0,7.0,2.0,4,255,70,0,15,0,6,0,0.0,0.0,,"SHROOMISH live in damp soil in the darkdepths of forests. They are oftenfound keeping still under fallen leaves.This POKéMON feeds on compost thatis made up of fallen, rotted leaves.",Shroomish
s_505b3578,3.0,id-285,142,5.0,6.0,2.0,4,90,70,0,15,0,6,0,0.0,0.0,,"BRELOOM closes in on its foe with lightand sprightly footwork, then throwspunches with its stretchy arms.This POKéMON’s fighting technique putsboxers to shame.",Breloom
s_a59c25d2,3.0,,143,3.0,8.0,2.0,4,255,70,0,15,0,1,0,0.0,0.0,,"SLAKOTH lolls around for over twentyhours every day. Because it moves solittle, it does not need much food.This POKéMON’s sole daily meal consistsof just three leaves.",Slakoth
s_2d388a54,3.0,,140,9.0,12.0,8.0,4,235,35,0,20,0,1,0,0.0,0.0,9.0,It is highly attuned to the emotions of peopleand Pokémon. It hides if it senses hostility.,Ralts
s_2d388a54,3.0,,140,9.0,12.0,8.0,4,235,35,0,20,0,1,0,0.0,0.0,9.0,"If its horns capture the warm feelings of peopleor Pokémon, its body warms up slightly.",Ralts
s_c9d0f40c,3.0,id-280,140,9.0,12.0,8.0,4,120,35,0,20,0,1,0,0.0,0.0,10.0,"If its Trainer becomes happy, it overflows withenergy, dancing joyously while spinning about.",Kirlia
s_c9d0f40c,3.0,id-280,140,9.0,12.0,8.0,4,120,35,0,20,0,1,0,0.0,0.0,10.0,It has a psychic power that enables it to distortthe space around it and see into the future.,Kirlia
s_ac09e1bc,3.0,id-328,166,5.0,13.0,6.0,4,120,50,0,20,0,4,0,0.0,0.0,,The ultrasonic waves it generates by rubbing itstwo wings together cause severe headaches.,Vibrava
s_ac09e1bc,3.0,id-328,166,5.0,13.0,6.0,4,120,50,0,20,0,4,0,0.0,0.0,,"To help make its wings grow, it dissolvesquantities of prey in its digestive juices andguzzles them down every day.",Vibrava
s_8531de6b,3.0,,141,2.0,14.0,9.0,4,200,70,0,15,0,2,0,0.0,0.0,,"From the tips of its feet, SURSKITsecretes an oil that enables it to walkon water as if it were skating.This POKéMON feeds on microscopicorganisms in ponds and lakes.",Surskit
s_4ed458af,6.0,,359,5.0,12.0,,4,100,50,0,20,0,2,0,0.0,0.0,,"It drives its opponents to exhaustion with its agilemaneuvers, then ends the fight with a flashyfinishing move.",Hawlucha
s_4ed458af,6.0,,359,5.0,12.0,,4,100,50,0,20,0,2,0,0.0,0.0,,It always strikes a pose before going for itsfinishing move. Sometimes opponents takeadvantage of that time to counterattack.,Hawlucha
s_31313ecb,4.0,id-447,232,2.0,6.0,,1,45,50,0,25,0,4,1,0.0,0.0,51.0,"It controls waves known as auras, which arepowerful enough to pulverize huge rocks.It uses these waves to take down its prey.",Lucario
s_31313ecb,4.0,id-447,232,2.0,6.0,,1,45,50,0,25,0,4,1,0.0,0.0,51.0,It can tell what people are thinking. Only Trainerswho have justice in their hearts can earn thisPokémon’s trust.,Lucario
s_8875ab88,4.0,,233,3.0,8.0,,4,140,50,0,30,1,1,0,0.0,0.0,,"It moves through the sands with its mouth open,swallowing sand along with its prey. It gets rid ofthe sand by spouting it from its nose.",Hippopotas
s_8875ab88,4.0,,233,3.0,8.0,,4,140,50,0,30,1,1,0,0.0,0.0,,This Pokémon is active during the day and passesthe cold desert nights burrowed snugly intothe sand.,Hippopotas
s_4416a76c,4.0,,72,1.0,12.0,,1,50,50,1,40,0,1,0,0.0,0.0,178.0,"Stuffing itself with vast amounts of food is itsonly concern. Whether the food is rotten orfresh, yummy or tasteless—it does not care.",Munchlax
s_4416a76c,4.0,,72,1.0,12.0,,1,50,50,1,40,0,1,0,0.0,0.0,178.0,"It stores food beneath its fur. It might sharejust one bite, but only if it really trusts you.",Munchlax
s_9670a524,4.0,,232,2.0,6.0,,1,75,50,1,25,0,4,0,0.0,0.0,50.0,"It’s exceedingly energetic, with enough staminato keep running all through the night. Taking itfor walks can be a challenging experience.",Riolu
s_9670a524,4.0,,232,2.0,6.0,,1,75,50,1,25,0,4,0,0.0,0.0,50.0,It can use waves called auras to gauge howothers are feeling. These same waves can also tellthis Pokémon about the state of the environment.,Riolu
s_696f4f05,4.0,id-443,230,2.0,6.0,,4,45,50,0,40,1,1,0,0.0,0.0,86.0,This Pokémon emits ultrasonic waves from aprotrusion on either side of its head to probepitch-dark caves.,Gabite
s_696f4f05,4.0,id-443,230,2.0,6.0,,4,45,50,0,40,1,1,0,0.0,0.0,86.0,"Jewels are buried in the caves these Pokémonnest in, but you’ll be torn apart by claws andfangs the moment you enter one of these caves.",Gabite
s_3fd57bc7,4.0,id-444,230,2.0,6.0,,4,45,50,0,40,1,1,1,0.0,0.0,87.0,"Garchomp makes its home in volcanic mountains.It flies through the sky as fast as a jet airplane,hunting down as much prey as it can.",Garchomp
s_3fd57bc7,4.0,id-444,230,2.0,6.0,,4,45,50,0,40,1,1,1,0.0,0.0,87.0,Garchomp is fast both underground and above.It can bring down prey and return to its denbefore its body has chilled from being outside.,Garchomp
s_efd8a369,4.0,,229,7.0,5.0,,4,100,50,0,30,0,2,0,0.0,0.0,187.0,Exactly 108 spirits gathered to become thisPokémon. Apparently there are some ill-naturedspirits in the mix.,Spiritomb
s_efd8a369,4.0,,229,7.0,5.0,,4,100,50,0,30,0,2,0,0.0,0.0,187.0,All Spiritomb’s mischief and misdeeds compelleda traveler to use a mysterious spell to bindSpiritomb to an odd keystone.,Spiritomb
s_60fa9201,4.0,,230,2.0,6.0,,4,45,50,0,40,1,1,0,0.0,0.0,85.0,"Gible prefers to stay in narrow holes in the sidesof caves heated by geothermal energy. This way,Gible can stay warm even during a blizzard.",Gible
s_60fa9201,4.0,,230,2.0,6.0,,4,45,50,0,40,1,1,0,0.0,0.0,85.0,"Gible attacks anything that moves, and it dragswhatever it catches into the crevice that is its lair.Despite the big mouth, Gible’s stomach is small.",Gible
s_88524577,4.0,,51,6.0,12.0,,8,130,140,1,40,0,3,0,0.0,0.0,,"Mimicking Chansey, Happiny will place an egg-shaped stone in its belly pouch. Happiny willtreasure this stone.",Happiny
s_88524577,4.0,,51,6.0,12.0,,8,130,140,1,40,0,3,0,0.0,0.0,,"Happiny’s willing to lend its precious round stoneto those it’s friendly with, but if the stone isn’treturned, Happiny will cry and throw a tantrum.",Happiny
s_fe978049,4.0,,228,1.0,9.0,,4,30,35,0,20,0,4,0,0.0,0.0,,"It can learn and speak humanwords. If they gather, they alllearn the same saying.",Chatot
s_e8899c57,3.0,id-265,135,9.0,1.0,2.0,4,120,70,0,15,0,2,0,0.0,0.0,,"SILCOON tethers itself to a tree branchusing silk to keep from falling. There, this POKéMON hangs quietly while itawaits evolution.It peers out of the silk cocoon througha small hole.",Silcoon
s_d71fe6f8,3.0,id-266,135,10.0,13.0,2.0,4,45,70,0,15,1,2,0,0.0,0.0,,"BEAUTIFLY’s favorite food is the sweetpollen of flowers. If you want to seethis POKéMON, just leave a pottedflower by an open window. BEAUTIFLYis sure to come looking for pollen.",Beautifly
s_cec0ddc5,3.0,id-263,134,9.0,8.0,3.0,4,90,50,0,15,0,2,0,0.0,0.0,,Its fur is strong and supple. Shaving brushesmade with shed Linoone hairs are highly prized.,Linoone
s_cec0ddc5,3.0,id-263,134,9.0,8.0,3.0,4,90,50,0,15,0,2,0,0.0,0.0,,It uses its explosive speed and razor-sharp clawsto bring down prey. Running along windingpaths is not its strong suit.,Linoone
s_2cba37ef,3.0,,135,8.0,14.0,2.0,4,255,70,0,15,0,2,0,0.0,0.0,,"Using the spikes on its rear end,  WURMPLE peels the bark off trees andfeeds on the sap that oozes out.This POKéMON’s feet are tipped withsuction pads that allow it to cling toglass without slipping.",Wurmple
s_f332cd1a,1.0,id-88,38,7.0,4.0,8.0,4,75,70,0,20,0,2,0,0.0,0.0,,"Thickly coveredwith a filthy,vile sludge. Itis so toxic, evenits footprintscontain poison.",Muk
s_f56885fa,1.0,,38,7.0,4.0,8.0,4,190,70,0,20,0,2,0,0.0,0.0,,Appears in filthyareas. Thrives bysucking uppolluted sludgethat is pumpedout of factories.,Grimer
s_dde2d74f,1.0,,49,7.0,1.0,8.0,4,190,50,0,20,0,2,0,0.0,0.0,,"Its body is full of poisonous gas. It floats intogarbage dumps, seeking out the fumes of raw,rotting trash.",Koffing
s_dde2d74f,1.0,,49,7.0,1.0,8.0,4,190,50,0,20,0,2,0,0.0,0.0,,It adores polluted air. Some claim that Koffingused to be more plentiful in the Galar regionthan they are now.,Koffing
s_abd11ea6,1.0,,48,6.0,6.0,3.0,4,45,50,0,20,0,2,0,0.0,0.0,,"If this Pokémon’s sticky saliva gets on you andyou don’t clean it off, an intense itch will set in.The itch won’t go away, either.",Lickitung
s_abd11ea6,1.0,,48,6.0,6.0,3.0,4,45,50,0,20,0,2,0,0.0,0.0,,"Bug Pokémon are Lickitung’s main food source.This Pokémon paralyzes its prey with a lick fromits long tongue, then swallows the prey whole.",Lickitung
s_596e29ef,1.0,id-84,36,3.0,7.0,3.0,4,45,70,0,20,1,2,0,0.0,0.0,,"Uses its threebrains to executecomplex plans.While two headssleep, one headstays awake.",Dodrio
s_a0de0224,1.0,,36,3.0,7.0,3.0,4,190,70,0,20,1,2,0,0.0,0.0,,A bird that makesup for its poorflying with itsfast foot speed.Leaves giantfootprints.,Doduo
s_5879c685,1.0,id-86,37,9.0,3.0,7.0,4,75,70,0,20,0,2,0,0.0,0.0,,Stores thermalenergy in itsbody. Swims at asteady 8 knotseven in intenselycold waters.,Dewgong
s_40a29b02,1.0,,37,9.0,3.0,7.0,4,190,70,0,20,0,2,0,0.0,0.0,,The protrudinghorn on its headis very hard.It is used forbashing throughthick ice.,Seel
s_79717875,1.0,,34,4.0,4.0,6.0,-1,190,50,0,20,0,2,0,0.0,0.0,,"At times, Magnemite runs out of electricity andends up on the ground. If you give batteries to agrounded Magnemite, it’ll start moving again.",Magnemite
s_79717875,1.0,,34,4.0,4.0,6.0,-1,190,50,0,20,0,2,0,0.0,0.0,,"It subsists on electricity. As Magnemite flies, itemits electromagnetic waves from the units oneach side of its body.",Magnemite
s_30067ed1,1.0,id-79,33,6.0,6.0,9.0,4,75,50,0,20,0,2,1,0.0,0.0,,Slowpoke became Slowbro when a Shellder biton to its tail. Sweet flavors seeping from the tailmake the Shellder feel as if its life is a dream.,Slowbro
s_30067ed1,1.0,id-79,33,6.0,6.0,9.0,4,75,50,0,20,0,2,1,0.0,0.0,,"Being bitten by a Shellder shocked this Pokémoninto standing on two legs. If the Shellder lets go,it seems Slowbro will turn back into a Slowpoke.",Slowbro
s_32c1e7de,1.0,,35,3.0,9.0,3.0,4,45,50,0,20,0,2,0,0.0,0.0,,"The stalk this Pokémon carries in its wings servesas a sword to cut down opponents. In a diresituation, the stalk can also serve as food.",Farfetch’d
s_32c1e7de,1.0,,35,3.0,9.0,3.0,4,45,50,0,20,0,2,0,0.0,0.0,,"They use a plant stalk as a weapon, but not allof them use it in the same way. Several distinctstyles of stalk fighting have been observed.",Farfetch’d
s_7f5deafc,1.0,id-81,34,4.0,11.0,6.0,-1,60,50,0,20,0,2,0,0.0,0.0,,This Pokémon is three Magnemite that havelinked together. Magneton sends out powerfulradio waves to study its surroundings.,Magneton
s_7f5deafc,1.0,id-81,34,4.0,11.0,6.0,-1,60,50,0,20,0,2,0,0.0,0.0,,This Pokémon is constantly putting out a powerfulmagnetic force. Most computers go haywire whena Magneton approaches.,Magneton
s_8f3eaa59,3.0,,179,4.0,1.0,3.0,4,45,70,0,25,0,2,1,0.0,0.0,,CASTFORM’s appearance changes withthe weather.This POKéMON gained the ability to usethe vast power of nature to protectits tiny body.,Castform
s_1fb87815,6.0,,344,9.0,4.0,,8,225,70,0,20,0,2,0,0.0,0.0,,It draws out and controls the hidden powerof flowers. The flower Flabébé holdsis most likely part of its body.,Flabébé
s_b2363edf,3.0,id-349,178,6.0,2.0,9.0,4,60,50,0,20,1,5,0,0.0,0.0,,Milotic has provided inspiration to many artists.It has even been referred to as the mostbeautiful Pokémon of all.,Milotic
s_b2363edf,3.0,id-349,178,6.0,2.0,9.0,4,60,50,0,20,1,5,0,0.0,0.0,,It’s said that a glimpse of a Milotic and its beautywill calm any hostile emotions you’re feeling.,Milotic
s_e3dc96e4,2.0,,97,1.0,9.0,2.0,4,30,35,0,20,1,4,0,0.0,0.0,,"Feared and loathedby many, it isbelieved to bringmisfortune to allthose who see itat night.",Murkrow
s_9970a4cb,2.0,id-79,33,6.0,6.0,9.0,4,70,50,0,20,0,2,0,0.0,0.0,,"Miraculously, this former Slowpoke’s latentintelligence was drawn out when Shellder poisonraced through its brain.",Slowking
s_9970a4cb,2.0,id-79,33,6.0,6.0,9.0,4,70,50,0,20,0,2,0,0.0,0.0,,"Slowking can solve any problem presented to it,but no one can understand a thing Slowking says.",Slowking
s_0f2f9322,2.0,,106,4.0,3.0,7.0,4,45,50,0,20,0,2,0,0.0,0.0,,"When faced with a larger opponent, it swallowsas much water as it can to match theopponent’s size.",Qwilfish
s_0f2f9322,2.0,,106,4.0,3.0,7.0,4,45,50,0,20,0,2,0,0.0,0.0,,The small spikes covering its body developedfrom scales. They inject a toxin that causes fainting.,Qwilfish
s_c8b8eafc,2.0,id-209,105,7.0,6.0,8.0,6,75,70,0,20,0,3,0,0.0,0.0,,"It is actuallytimid and easilyspooked. If at­tacked, it flailsabout to fend offits attacker.",Granbull
s_ab5fc35e,2.0,id-216,110,3.0,6.0,4.0,4,60,70,0,20,1,2,0,0.0,0.0,,"Although it is agood climber, itprefers to snaptrees with itsforelegs and eatfallen BERRIES.",Ursaring
s_c1009888,2.0,,110,3.0,6.0,4.0,4,120,70,0,20,0,2,0,0.0,0.0,,"If it finds honey,its crescent markglows. It alwayslicks its pawsbecause they aresoaked with honey.",Teddiursa
s_b5a5e4b9,2.0,,109,1.0,6.0,2.0,4,60,35,0,20,1,4,0,0.0,0.0,181.0,"Its paws conceal sharp claws. If attacked, itsuddenly extends the claws and startlesits enemy.",Sneasel
s_b5a5e4b9,2.0,,109,1.0,6.0,2.0,4,60,35,0,20,1,4,0,0.0,0.0,181.0,"It has a cunning yet savage disposition.It waits for parents to leave their nests,and then it sneaks in to steal their eggs.",Sneasel
s_57011ada,2.0,,108,2.0,12.0,2.0,4,45,50,0,25,1,1,1,0.0,0.0,,Heracross loves sweet sap and will go lookingthrough forests for it. The Pokémon uses its twoantennae to pick up scents as it searches.,Heracross
s_57011ada,2.0,,108,2.0,12.0,2.0,4,45,50,0,25,1,1,1,0.0,0.0,,"This Pokémon takes pride in its strength, whichallows it to lift things 100 times heavier thanitself with no trouble at all.",Heracross
s_a197caf5,2.0,,93,7.0,6.0,2.0,4,45,70,0,20,1,3,0,0.0,0.0,,Its tail is sopowerful that itcan use it to graba tree branch andhold itself up inthe air.,Aipom
s_23ee6f78,2.0,,94,10.0,1.0,3.0,4,235,70,0,20,0,4,0,0.0,0.0,,"It may drop out ofthe sky suddenly.If attacked by aSPEAROW, it willviolently shakeits leaves.",Sunkern
s_b242914d,2.0,id-191,94,10.0,12.0,3.0,4,120,70,0,20,0,4,0,0.0,0.0,,"It converts sun­light into energy.In the darknessafter sunset, itcloses its petalsand becomes still.",Sunflora
s_68c4ff61,2.0,,95,8.0,13.0,2.0,4,75,70,0,20,0,2,0,0.0,0.0,,"If it flaps itswings really fast,it can generateshock waves thatwill shatter win­dows in the area.",Yanma
s_7670d1fa,2.0,,96,2.0,7.0,9.0,4,255,50,0,20,1,2,0,0.0,0.0,18.0,This Pokémon lives in cold water. It will leave thewater to search for food when it gets cold outside.,Wooper
s_7670d1fa,2.0,,96,2.0,7.0,9.0,4,255,50,0,20,1,2,0,0.0,0.0,18.0,"When walking on land, it covers its body with apoisonous film that keeps its skin from dehydrating.",Wooper
s_92756eba,2.0,id-194,96,2.0,6.0,9.0,4,90,50,0,20,1,2,0,0.0,0.0,19.0,It has an easygoing nature. It doesn’t care if itbumps its head on boats and boulderswhile swimming.,Quagsire
s_92756eba,2.0,id-194,96,2.0,6.0,9.0,4,90,50,0,20,1,2,0,0.0,0.0,19.0,Its body is always slimy. It often bangs its headon the river bottom as it swims but seems notto care.,Quagsire
s_bdb0d1df,2.0,id-133,67,7.0,8.0,8.0,1,45,50,0,35,0,2,0,0.0,0.0,5.0,"By reading air currents, it can predict things suchas the weather or its foe’s next move.",Espeon
s_bdb0d1df,2.0,id-133,67,7.0,8.0,8.0,1,45,50,0,35,0,2,0,0.0,0.0,5.0,"It unleashes psychic power from the orb on itsforehead. When its power is exhausted, the orbgrows dull and dark.",Espeon
s_b617730d,2.0,id-133,67,1.0,8.0,8.0,1,45,35,0,35,0,2,0,0.0,0.0,6.0,"When this Pokémon becomes angry, its poressecrete a poisonous sweat, which it sprays atits opponent’s eyes.",Umbreon
s_b617730d,2.0,id-133,67,1.0,8.0,8.0,1,45,35,0,35,0,2,0,0.0,0.0,6.0,"On the night of a full moon, or when it getsexcited, the ring patterns on its body glow yellow.",Umbreon
s_5bd39535,1.0,id-66,28,4.0,12.0,4.0,2,90,50,0,20,0,4,0,0.0,0.0,99.0,"Its muscular body is so powerful, it must wear apower-save belt to be able to regulateits motions.",Machoke
s_5bd39535,1.0,id-66,28,4.0,12.0,4.0,2,90,50,0,20,0,4,0,0.0,0.0,99.0,Its formidable body never gets tired. It helpspeople by doing work such as the moving ofheavy goods.,Machoke
s_a31e0ed8,3.0,,185,9.0,8.0,4.0,4,30,35,0,25,0,4,1,0.0,0.0,,"Swift as the wind, Absol races through fields andmountains. Its curved, bow-like horn is acutelysensitive to the warning signs of natural disasters.",Absol
s_a31e0ed8,3.0,,185,9.0,8.0,4.0,4,30,35,0,25,0,4,1,0.0,0.0,,"Because of this Pokémon’s ability to detectdanger, people mistook Absol as a bringerof doom.",Absol
s_be5d3503,7.0,,389,7.0,5.0,,4,190,50,0,20,0,2,0,0.0,0.0,,Pokémon living in the forest eat thedelicious caps on Morelull’s head.The caps regrow overnight.,Morelull
s_be5d3503,7.0,,389,7.0,5.0,,4,190,50,0,20,0,2,0,0.0,0.0,,Morelull live in forests that stay dark evenduring the day. They scatter flickering sporesthat put enemies to sleep.,Morelull
s_dbd65ab5,1.0,,28,4.0,6.0,4.0,2,180,50,0,20,0,4,0,0.0,0.0,98.0,"Its whole body is composed of muscles.Even though it’s the size of a human child, it canhurl 100 grown-ups.",Machop
s_dbd65ab5,1.0,,28,4.0,6.0,4.0,2,180,50,0,20,0,4,0,0.0,0.0,98.0,"Always brimming with power, it passes time bylifting boulders. Doing so makes it even stronger.",Machop
s_bcd6f037,7.0,,416,9.0,12.0,,-1,45,0,0,120,0,1,0,0.0,0.0,,"One of the dangerous Ultra Beasts, it has beenspotted running across the land atterrific speeds.",Pheromosa
s_ee900f25,1.0,id-64,27,3.0,12.0,8.0,2,50,50,0,20,1,4,1,0.0,0.0,129.0,"It has an incredibly high level of intelligence.Some say that Alakazam remembers everythingthat ever happens to it, from birth till death.",Alakazam
s_ee900f25,1.0,id-64,27,3.0,12.0,8.0,2,50,50,0,20,1,4,1,0.0,0.0,129.0,Alakazam wields potent psychic powers. It’s saidthat this Pokémon used these powers to createthe spoons it holds.,Alakazam
s_1f4ed5c3,1.0,,6,3.0,9.0,2.0,4,255,70,0,15,0,4,0,0.0,0.0,,A common sight inforests and woods.It flaps itswings at groundlevel to kick upblinding sand.,Pidgey
s_91d668e0,1.0,id-16,6,3.0,9.0,2.0,4,120,70,0,15,0,4,0,0.0,0.0,,"Very protectiveof its sprawlingterritorial area,this POKéMON willfiercely peck atany intruder.",Pidgeotto
s_a90f76da,1.0,id-13,5,10.0,2.0,2.0,4,120,70,0,15,0,2,0,0.0,0.0,,"Almost incapableof moving, thisPOKéMON can onlyharden its shellto protect itselffrom predators.",Kakuna
s_2486a741,1.0,id-14,5,10.0,13.0,2.0,4,45,70,0,15,0,2,1,0.0,0.0,177.0,Flies at highspeed and attacksusing its largevenomous stingerson its forelegsand tail.,Beedrill
s_ebb43a4b,1.0,id-11,4,9.0,13.0,2.0,4,45,50,0,15,1,2,0,0.0,0.0,,"In battle, it flaps its wings at great speed torelease highly toxic dust into the air.",Butterfree
s_ebb43a4b,1.0,id-11,4,9.0,13.0,2.0,4,45,50,0,15,1,2,0,0.0,0.0,,It collects honey every day. It rubs honey ontothe hairs on its legs to carry it back to its nest.,Butterfree
s_e309fff3,1.0,,5,3.0,14.0,2.0,4,255,70,0,15,0,2,0,0.0,0.0,,"Often found inforests, eatingleaves.It has a sharpvenomous stingeron its head.",Weedle
s_9ae69dcb,1.0,,4,5.0,14.0,2.0,4,255,50,0,15,0,2,0,0.0,0.0,,"For protection, it releases a horrible stench fromthe antenna on its head to drive away enemies.",Caterpie
s_9ae69dcb,1.0,,4,5.0,14.0,2.0,4,255,50,0,15,0,2,0,0.0,0.0,,Its short feet are tipped with suction pads thatenable it to tirelessly climb slopes and walls.,Caterpie
s_0a6ec0fa,1.0,id-10,4,5.0,2.0,2.0,4,120,50,0,15,0,2,0,0.0,0.0,,"It is waiting for the moment to evolve. At thisstage, it can only harden, so it remainsmotionless to avoid attack.",Metapod
s_0a6ec0fa,1.0,id-10,4,5.0,2.0,2.0,4,120,50,0,15,0,2,0,0.0,0.0,,"Even though it is encased in a sturdy shell,the body inside is tender. It can’t withstand aharsh attack.",Metapod
s_391b555c,1.0,,27,3.0,6.0,8.0,2,200,50,0,20,0,4,0,0.0,0.0,127.0,This Pokémon uses its psychic powers while itsleeps. The contents of Abra’s dreams affect thepowers that the Pokémon wields.,Abra
s_391b555c,1.0,,27,3.0,6.0,8.0,2,200,50,0,20,0,4,0,0.0,0.0,127.0,"Abra can teleport in its sleep. Apparentlythe more deeply Abra sleeps, the farther itsteleportations go.",Abra
s_9738f68f,5.0,id-582,296,9.0,5.0,,4,120,50,0,20,0,1,0,0.0,0.0,,"By drinking pure water, it grows its icy body.This Pokémon can be hard to find on days withwarm, sunny weather.",Vanillish
s_9738f68f,5.0,id-582,296,9.0,5.0,,4,120,50,0,20,0,1,0,0.0,0.0,,"It blasts enemies with cold air reaching −148degrees Fahrenheit, freezing them solid. But itspares their lives afterward—it’s a kind Pokémon.",Vanillish
s_5828410c,7.0,,419,9.0,12.0,,-1,45,0,0,120,0,1,0,0.0,0.0,,"This Ultra Beast came from the Ultra Wormhole.It seems not to attack enemies on its own, butits sharp body is a dangerous weapon in itself.",Kartana
s_0c05a194,1.0,id-17,6,3.0,9.0,2.0,4,45,70,0,15,0,4,1,0.0,0.0,,"When hunting, itskims the surfaceof water at highspeed to pick offunwary prey suchas MAGIKARP.",Pidgeot
s_990b9a2b,1.0,,7,7.0,8.0,3.0,4,255,70,0,15,1,2,0,0.0,0.0,,"Bites anythingwhen it attacks.Small and veryquick, it is acommon sight inmany places.",Rattata
s_222c0b4f,5.0,,255,10.0,12.0,,-1,3,100,0,120,0,1,0,0.0,1.0,,"This Pokémon brings victory. It is saidthat Trainers with Victini always win,regardless of the type of encounter.",Victini
s_eeca1ff9,1.0,id-60,26,2.0,12.0,9.0,4,120,50,0,20,0,4,0,0.0,0.0,,Staring at the swirl on its belly causes drowsiness.This trait of Poliwhirl’s has been used in place oflullabies to get children to go to sleep.,Poliwhirl
s_eeca1ff9,1.0,id-60,26,2.0,12.0,9.0,4,120,50,0,20,0,4,0,0.0,0.0,,"This Pokémon’s sweat is a slimy mucus. Whencaptured, Poliwhirl can slither from its enemies’grasp and escape.",Poliwhirl
s_222761b8,1.0,,26,2.0,7.0,9.0,4,255,50,0,20,0,4,0,0.0,0.0,,"For Poliwag, swimming is easier than walking.The swirl pattern on its belly is actually part ofthe Pokémon’s innards showing through the skin.",Poliwag
s_222761b8,1.0,,26,2.0,7.0,9.0,4,255,50,0,20,0,4,0,0.0,0.0,,"In rivers with fast-flowing water, this Pokémon willcling to a rock by using its thick lips, which actlike a suction cup.",Poliwag
s_e5341cc7,7.0,,423,4.0,12.0,,-1,3,0,0,120,0,1,0,0.0,1.0,,"By slipping into the shadow of a martial artsmaster and copying their movements, thisPokémon learned the ultimate techniques.",Marshadow
s_e5341cc7,7.0,,423,4.0,12.0,,-1,3,0,0,120,0,1,0,0.0,1.0,,"This Pokémon can conceal itself in any shadow,so it went undiscovered for a long time.",Marshadow
s_d638dcbe,5.0,,296,9.0,5.0,,4,255,50,0,20,0,1,0,0.0,0.0,,"Unable to survive in hot areas, it makes itselfcomfortable by breathing out air cold enough tocause snow. It burrows into the snow to sleep.",Vanillite
s_d638dcbe,5.0,,296,9.0,5.0,,4,255,50,0,20,0,1,0,0.0,0.0,,"Supposedly, this Pokémon was born from anicicle. It spews out freezing air at −58 degreesFahrenheit to make itself more comfortable.",Vanillite
s_1f2cf55a,5.0,id-590,300,9.0,4.0,,4,75,50,0,20,0,2,0,0.0,0.0,,"This Pokémon puffs poisonous spores at its foes.If the spores aren’t washed off quickly, they’llgrow into mushrooms wherever they land.",Amoonguss
s_1f2cf55a,5.0,id-590,300,9.0,4.0,,4,75,50,0,20,0,2,0,0.0,0.0,,Amoonguss generally doesn’t move much. Ittends to stand still near Poké Balls that havebeen dropped on the ground.,Amoonguss
s_3f713328,7.0,,381,8.0,9.0,,6,45,70,0,20,0,2,0,0.0,0.0,,"It beats its wings together to create fire.As it moves in the steps of its beautiful dance,it bathes opponents in intense flames.",Oricorio
s_4d822a13,4.0,id-399,207,3.0,6.0,,4,127,70,0,15,1,2,0,0.0,0.0,30.0,It makes its nest by dammingstreams with bark and mud. It isknown as an industrious worker.,Bibarel
s_618225c1,4.0,,208,8.0,12.0,,4,255,70,0,15,1,4,0,0.0,0.0,,"It shakes its head back to front,causing its antennae to hit eachother and sound like a xylophone.",Kricketot
s_b585a420,8.0,,433,3.0,,,4,255,50,0,20,0,2,0,0.0,0.0,,"Found throughout the Galar region, this Pokémonbecomes uneasy if its cheeks are ever completelyempty of berries.",Skwovet
s_b585a420,8.0,,433,3.0,,,4,255,50,0,20,0,2,0,0.0,0.0,,"It eats berries nonstop—a habit that has madeit more resilient than it looks. It’ll show up onfarms, searching for yet more berries.",Skwovet
s_bd45b054,4.0,id-315,158,5.0,12.0,,4,75,50,0,20,1,4,0,0.0,0.0,,"After captivating opponents with its sweet scent,it lashes them with its thorny whips.",Roserade
s_bd45b054,4.0,id-315,158,5.0,12.0,,4,75,50,0,20,1,4,0,0.0,0.0,,The poison in its right hand is quick acting.The poison in its left hand is slow acting.Both are life threatening.,Roserade
s_43042a37,5.0,id-597,304,4.0,10.0,,4,90,50,0,20,0,2,0,0.0,0.0,,"This Pokémon scrapes its spikes across rocks,and then uses the tips of its feelers to absorbthe nutrients it finds within the stone.",Ferrothorn
s_43042a37,5.0,id-597,304,4.0,10.0,,4,90,50,0,20,0,2,0,0.0,0.0,,Its spikes are harder than steel. This Pokémoncrawls across rock walls by stabbing the spikeson its feelers into the stone.,Ferrothorn
s_96d2fa86,8.0,,442,5.0,,,4,255,50,0,20,0,5,0,0.0,0.0,,"It spends its entire life inside an apple. It hidesfrom its natural enemies, bird Pokémon, bypretending it’s just an apple and nothing more.",Applin
s_96d2fa86,8.0,,442,5.0,,,4,255,50,0,20,0,5,0,0.0,0.0,,"As soon as it’s born, it burrows into an apple. Notonly does the apple serve as its food source, butthe flavor of the fruit determines its evolution.",Applin
s_1d184354,5.0,,305,4.0,11.0,,-1,130,50,0,20,0,4,0,0.0,0.0,,The two minigears that compose this Pokémonare closer than twins. They mesh well only witheach other.,Klink
s_1d184354,5.0,,305,4.0,11.0,,-1,130,50,0,20,0,4,0,0.0,0.0,,It’s suspected that Klink were the inspirationbehind ancient people’s invention of thefirst gears.,Klink
s_ee02ecda,7.0,,421,1.0,4.0,,-1,255,0,0,120,0,1,0,1.0,0.0,,"It survives by absorbing light. After a long timespent slumbering underground, impuritiesaccumulated within it, causing its body to darken.",Necrozma
s_ee02ecda,7.0,,421,1.0,4.0,,-1,255,0,0,120,0,1,0,1.0,0.0,,"It needs light to survive, and it goes on arampage seeking it out. Its laser beams willcut anything to pieces.",Necrozma
s_0da04acf,8.0,id-813,431,4.0,,,1,45,50,0,20,0,4,0,0.0,0.0,,Its thick and fluffy fur protects it from the coldand enables it to use hotter fire moves.,Raboot
s_0da04acf,8.0,id-813,431,4.0,,,1,45,50,0,20,0,4,0,0.0,0.0,,"It kicks berries right off the branches of treesand then juggles them with its feet, practicingits footwork.",Raboot
s_e633d4d1,7.0,id-744,383,3.0,8.0,,4,90,50,0,15,0,2,0,0.0,0.0,,This Lycanroc is calm and cautious. The rocksjutting from its mane are razor sharp.,Lycanroc
s_e633d4d1,7.0,id-744,383,3.0,8.0,,4,90,50,0,15,0,2,0,0.0,0.0,,"With swift movements, this Pokémon graduallybacks its prey into a corner. Lycanroc’s fangs arealways aimed toward opponents’ weak spots.",Lycanroc
s_17e96f6f,4.0,,211,2.0,6.0,,1,45,70,0,30,0,5,0,0.0,0.0,,It lived in jungles around 100million years ago. Its skull is ashard as iron.,Cranidos
s_6f79a8af,5.0,id-498,257,8.0,6.0,,1,45,70,0,20,0,4,0,0.0,0.0,122.0,"When its internal fire flares up, itsmovements grow sharper and faster.When in trouble, it emits smoke.",Pignite
s_3b6c95f9,5.0,,257,8.0,8.0,,1,45,70,0,20,0,4,0,0.0,0.0,121.0,It can deftly dodge its foe’s attackswhile shooting fireballs from its nose.It roasts berries before it eats them.,Tepig
s_08c4b001,3.0,,100,2.0,6.0,1.0,4,125,50,1,20,0,2,0,0.0,0.0,,It tends to move in a pack. Individuals squashagainst one another to toughen their spirits.,Wynaut
s_08c4b001,3.0,,100,2.0,6.0,1.0,4,125,50,1,20,0,2,0,0.0,0.0,,It tends to move in a pack with others.They cluster in a tight group to sleep in a cave.,Wynaut
s_ec81c406,4.0,,252,1.0,12.0,,-1,3,0,0,120,0,1,0,0.0,1.0,,It can lull people to sleep andmake them dream. It is activeduring nights of the new moon.,Darkrai
s_1aff20e9,4.0,,250,2.0,12.0,,-1,3,70,0,10,0,1,0,0.0,1.0,,"Born on a cold seafloor, itwill swim great distances toreturn to its birthplace.",Manaphy
s_b298d84a,4.0,,254,9.0,8.0,,-1,3,0,0,120,0,1,1,0.0,1.0,199.0,"It is described in mythology asthe Pokémon that shaped theuniverse with its 1,000 arms.",Arceus
s_7f50c4de,4.0,,253,5.0,8.0,,-1,45,100,0,120,0,4,1,0.0,1.0,,It lives in flower patches andavoids detection by curling upto look like a flowering plant.,Shaymin
s_93c59ceb,5.0,,256,5.0,6.0,,1,45,70,0,20,0,4,0,0.0,0.0,118.0,It is very intelligent and calm.Being exposed to lots of sunlight makesits movements swifter.,Snivy
s_e2635484,3.0,id-276,138,2.0,9.0,3.0,4,45,70,0,15,0,4,0,0.0,0.0,,"SWELLOW flies high above our heads,making graceful arcs in the sky.This POKéMON dives at a steep angle assoon as it spots its prey. The haplessprey is tightly grasped by SWELLOW’sclawed feet, preventing escape.",Swellow
s_f40ef8df,5.0,id-496,256,5.0,2.0,,1,45,70,0,20,0,4,0,0.0,0.0,120.0,It can stop its opponents’movements with just a glare. It takesin solar energy and boosts it internally.,Serperior
s_312ed1a3,5.0,id-495,256,5.0,6.0,,1,45,70,0,20,0,4,0,0.0,0.0,119.0,"It moves along the ground as if sliding.Its swift movements befuddle its foes,and it then attacks with a vine whip.",Servine
s_93b7fa1f,7.0,id-790,413,7.0,9.0,,-1,45,0,0,120,0,1,0,1.0,0.0,,"Known as the Beast That Calls the Moon, thisPokémon lives by taking in any and all light andconverting it into its own energy.",Lunala
s_93b7fa1f,7.0,id-790,413,7.0,9.0,,-1,45,0,0,120,0,1,0,1.0,0.0,,"It steals the light from its surroundings and thenbecomes the full moon, showering its own lightacross the night sky.",Lunala
s_04b2e2dc,7.0,,414,9.0,10.0,,-1,45,0,0,120,0,1,0,0.0,0.0,,One of several mysterious Ultra Beasts. Peopleon the street report observing those infestedby it suddenly becoming violent.,Nihilego
s_61bde07f,7.0,id-789,413,2.0,1.0,,-1,45,0,0,120,0,1,0,1.0,0.0,,The absorption of starlight fuels this Pokémon’sgrowth. The shell that encases it is harder thanany known material.,Cosmoem
s_61bde07f,7.0,id-789,413,2.0,1.0,,-1,45,0,0,120,0,1,0,1.0,0.0,,"It sucks in dust from the air at an astounding rate,frantically building up energy within its core aspreparation for evolution.",Cosmoem
s_f6299ac9,3.0,,138,2.0,9.0,3.0,4,200,70,0,15,0,4,0,0.0,0.0,,"TAILLOW courageously stands itsground against foes, however strongthey may be.This gutsy POKéMON will remain defianteven after a loss. On the other hand,it cries loudly if it becomes hungry.",Taillow
s_19de751f,7.0,,417,1.0,6.0,,-1,45,0,0,120,0,1,0,0.0,0.0,,"One of the mysterious life-forms known as UltraBeasts. Astonishing electric shocks emanatefrom its entire body, according to witnesses.",Xurkitree
s_9c9ac1da,7.0,,418,5.0,12.0,,-1,45,0,0,120,0,1,0,0.0,0.0,,It appeared from the Ultra Wormhole. Witnessesobserved it flying across the sky at high speed.,Celesteela
s_5e5a9f89,7.0,,415,8.0,10.0,,-1,45,0,0,120,0,1,0,0.0,0.0,,"This Ultra Beast appeared from another world.It shows off its body, but whether that displayis a boast or a threat remains unclear.",Buzzwole
s_46563b47,7.0,,383,3.0,8.0,,4,190,50,0,15,0,2,0,0.0,0.0,,"This Pokémon can bond very strongly with itsTrainer, but it also has a habit of biting. Raisinga Rockruff for a long time can be challenging.",Rockruff
s_46563b47,7.0,,383,3.0,8.0,,4,190,50,0,15,0,2,0,0.0,0.0,,"This Pokémon intimidates opponents by strikingthe ground with the rocks on its neck. Themoment an opponent flinches, Rockruff attacks.",Rockruff
s_e7b22f53,7.0,id-751,387,5.0,14.0,,4,100,50,0,15,0,2,0,0.0,0.0,,"It launches water bubbles with its legs, drowningprey within the bubbles. This Pokémon can thentake its time to savor its meal.",Araquanid
s_e7b22f53,7.0,id-751,387,5.0,14.0,,4,100,50,0,15,0,2,0,0.0,0.0,,"It acts as a caretaker for Dewpider, putting theminside its bubble and letting them eat anyleftover food.",Araquanid
s_26fa687e,7.0,,420,1.0,6.0,,-1,45,0,0,120,0,1,0,0.0,0.0,,"It has gobbled mountains and swallowed wholebuildings, according to reports. It’s one of theUltra Beasts.",Guzzlord
s_ee1bc1cd,4.0,id-401,208,8.0,13.0,,4,45,70,0,15,1,4,0,0.0,0.0,,It crosses its knifelike arms infront of its chest when it cries.It can compose melodies ad lib.,Kricketune
s_a692fe96,4.0,,209,2.0,8.0,,4,235,50,0,20,1,4,0,0.0,0.0,34.0,This Pokémon generates electricity by contractingits muscles. Excited trembling is a sign that Shinxis generating a tremendous amount of electricity.,Shinx
s_a692fe96,4.0,,209,2.0,8.0,,4,235,50,0,20,1,4,0,0.0,0.0,34.0,Electricity makes this Pokémon’s fur glow. Shinxsends signals to others of its kind by shaking thetip of its tail while the tail tip is shining brightly.,Shinx
s_78885468,3.0,,189,4.0,3.0,7.0,1,25,50,0,40,1,1,0,0.0,0.0,,Rock-hard scales and oil-filled swim bladdersallow this Pokémon to survive the intense waterpressure of the deep sea.,Relicanth
s_78885468,3.0,,189,4.0,3.0,7.0,1,25,50,0,40,1,1,0,0.0,0.0,,"This Pokémon was discovered during deep-seaexploration. Its appearance hasn’t changed in100,000,000 years, so it’s called a living fossil.",Relicanth
s_7571bad9,3.0,id-366,188,6.0,2.0,7.0,4,60,70,0,20,0,5,0,0.0,0.0,,"GOREBYSS lives in the southern seasat extreme depths. Its body is built towithstand the enormous pressure ofwater at incredible depths. Because ofthis, this POKéMON’s body is unharmedby ordinary attacks.",Gorebyss
s_7d423e70,4.0,,158,5.0,12.0,,4,255,50,1,20,0,4,0,0.0,0.0,,"The pollen it releases contains poison. If thisPokémon is raised on clean water, the poison’stoxicity is increased.",Budew
s_7d423e70,4.0,,158,5.0,12.0,,4,255,50,1,20,0,4,0,0.0,0.0,,"This Pokémon is highly sensitive to temperaturechanges. When its bud starts to open, that meansspring is right around the corner.",Budew
s_9fe0110a,3.0,,137,3.0,7.0,2.0,4,255,50,0,15,0,4,0,0.0,0.0,,"If it remains still, it looks just like a real nut.It delights in surprising foraging Pokémon.",Seedot
s_9fe0110a,3.0,,137,3.0,7.0,2.0,4,255,50,0,15,0,4,0,0.0,0.0,,It attaches itself to a tree branch using the top ofits head. Strong winds can sometimes make it fall.,Seedot
s_89cf0bd8,4.0,id-403,209,2.0,8.0,,4,120,100,0,20,1,4,0,0.0,0.0,35.0,"By joining its tail with that of another Luxio, thisPokémon can receive some of the other Luxio’selectricity and power up its own electric blasts.",Luxio
s_89cf0bd8,4.0,id-403,209,2.0,8.0,,4,120,100,0,20,1,4,0,0.0,0.0,35.0,"Upon encountering an opponent, this Pokémonprepares for battle by extending its claws, whichcan put out 1,000,000 volts of electricity.",Luxio
s_00c4f2a8,4.0,id-404,209,2.0,8.0,,4,45,50,0,20,1,4,0,0.0,0.0,36.0,"Luxray can see through solid objects. It willinstantly spot prey trying to hide behind walls,even if the walls are thick.",Luxray
s_00c4f2a8,4.0,id-404,209,2.0,8.0,,4,45,50,0,20,1,4,0,0.0,0.0,36.0,"Seeing through solid objects uses up a lot ofLuxray’s electricity, so the Pokémon sleeps forlong periods of time to store up energy.",Luxray
s_f488e500,3.0,,187,2.0,3.0,7.0,4,255,50,0,20,0,4,0,0.0,0.0,60.0,This Pokémon’s body is covered in blubber andimpressively round. It’s faster for Spheal to rollaround than walk.,Spheal
s_f488e500,3.0,,187,2.0,3.0,7.0,4,255,50,0,20,0,4,0,0.0,0.0,60.0,"As it drifts among the waves, Spheal probesthe sea. As soon as it spots prey, it informs theWalrein in its herd.",Spheal
s_62e72e2e,3.0,id-361,186,4.0,1.0,1.0,4,75,50,0,20,0,2,1,0.0,0.0,94.0,"It has a body of ice that won’t melt, even withfire. It can instantly freeze moisture inthe atmosphere.",Glalie
s_62e72e2e,3.0,id-361,186,4.0,1.0,1.0,4,75,50,0,20,0,2,1,0.0,0.0,94.0,It can instantly freeze moisture in theatmosphere. It uses this power to freeze its foes.,Glalie
s_adf76528,3.0,,186,4.0,12.0,1.0,4,190,50,0,20,0,2,0,0.0,0.0,93.0,"It’s said that if they are seen at midnight, they’llcause heavy snow. They eat snow and iceto survive.",Snorunt
s_adf76528,3.0,,186,4.0,12.0,1.0,4,190,50,0,20,0,2,0,0.0,0.0,93.0,"It can only survive in cold areas. It bounceshappily around, even in environments as cold as−150 degrees Fahrenheit.",Snorunt
s_244f9e96,3.0,id-271,136,5.0,12.0,9.0,4,45,50,0,15,1,4,0,0.0,0.0,,"The rhythm of bright, festive music activatesLudicolo’s cells, making it more powerful.",Ludicolo
s_244f9e96,3.0,id-271,136,5.0,12.0,9.0,4,45,50,0,15,1,4,0,0.0,0.0,,"If it hears festive music, it begins moving inrhythm in order to amplify its power.",Ludicolo
s_606ea839,3.0,id-366,188,2.0,2.0,7.0,4,60,70,0,20,0,5,0,0.0,0.0,,HUNTAIL’s presence went unnoticed bypeople for a long time because it livesat extreme depths in the sea.This POKéMON’s eyes can see clearlyeven in the murky dark depths of theocean.,Huntail
s_085b66f3,3.0,,188,2.0,1.0,7.0,4,255,70,0,20,0,5,0,0.0,0.0,,CLAMPERL’s sturdy shell is not only goodfor protection - it is also used forclamping and catching prey.A fully grown CLAMPERL’s shell will bescored with nicks and scratches allover.,Clamperl
s_2bf314b3,3.0,id-364,187,2.0,8.0,7.0,4,45,50,0,20,0,4,0,0.0,0.0,62.0,"Walrein form herds of 20 to 30 individuals.When a threat appears, the herd’s leader willprotect the group with its life.",Walrein
s_2bf314b3,3.0,id-364,187,2.0,8.0,7.0,4,45,50,0,20,0,4,0,0.0,0.0,62.0,Walrein’s tusks keep growing throughout its life.Tusks broken in battle will grow back to theirusual impressive size in a year.,Walrein
s_ad4f4313,3.0,id-363,187,2.0,3.0,7.0,4,120,50,0,20,0,4,0,0.0,0.0,61.0,"Sealeo live on top of drift ice. They go swimmingwhen they’re on the hunt, seeking out their preyby scent.",Sealeo
s_ad4f4313,3.0,id-363,187,2.0,3.0,7.0,4,120,50,0,20,0,4,0,0.0,0.0,61.0,"This Pokémon has a habit of spinning roundthings on its nose, whether those things arePoké Balls or Spheal.",Sealeo
s_1fc107a6,2.0,,10,10.0,8.0,2.0,4,190,50,1,10,0,2,0,0.0,0.0,15.0,"Despite its small size, it can zap even adulthumans. However, if it does so, it alsosurprises itself.",Pichu
s_1fc107a6,2.0,,10,10.0,8.0,2.0,4,190,50,1,10,0,2,0,0.0,0.0,15.0,"The electric sacs in its cheeks are small. If even alittle electricity leaks, it becomes shocked.",Pichu
s_a9f035d7,5.0,id-568,290,5.0,12.0,,4,60,50,0,20,0,2,0,0.0,0.0,,"This Pokémon eats trash, which turns into poisoninside its body. The main component of thepoison depends on what sort of trash was eaten.",Garbodor
s_a9f035d7,5.0,id-568,290,5.0,12.0,,4,60,50,0,20,0,2,0,0.0,0.0,,The toxic liquid it launches from its right armis so virulent that it can kill a weakenedcreature instantly.,Garbodor
s_1488174c,5.0,,290,5.0,12.0,,4,190,50,0,20,0,2,0,0.0,0.0,,"Its favorite places are unsanitary ones. If youleave trash lying around, you could even findone of these Pokémon living in your room.",Trubbish
s_1488174c,5.0,,290,5.0,12.0,,4,190,50,0,20,0,2,0,0.0,0.0,,This Pokémon was born from a bag stuffed withtrash. Galarian Weezing relish the fumes belchedby Trubbish.,Trubbish
s_9fa78ecd,2.0,,14,6.0,6.0,4.0,6,150,140,1,10,0,3,0,0.0,0.0,,"According to local rumors, Cleffa are often seenin places where shooting stars have fallen.",Cleffa
s_9fa78ecd,2.0,,14,6.0,6.0,4.0,6,150,140,1,10,0,3,0,0.0,0.0,,"Because of its unusual, starlike silhouette, peoplebelieve that it came here on a meteor.",Cleffa
s_0f2625ad,5.0,id-564,288,2.0,6.0,,1,45,50,0,30,0,2,0,0.0,0.0,,"Carracosta completely devours its prey—bones,shells, and all. Because of this, Carracosta’s ownshell grows thick and sturdy.",Carracosta
s_0f2625ad,5.0,id-564,288,2.0,6.0,,1,45,50,0,30,0,2,0,0.0,0.0,,This Pokémon emerges from the water in searchof prey despite the fact that it moves moreslowly on land.,Carracosta
s_dfbd949f,5.0,,288,2.0,8.0,,1,45,50,0,30,0,2,0,0.0,0.0,,"This Pokémon inhabited ancient seas. Althoughit can only crawl, it still comes up onto land insearch of prey.",Tirtouga
s_dfbd949f,5.0,,288,2.0,8.0,,1,45,50,0,30,0,2,0,0.0,0.0,,Tirtouga is considered to be the ancestor ofmany turtle Pokémon. It was restored to lifefrom a fossil.,Tirtouga
s_77e41fcc,5.0,id-566,289,10.0,9.0,,1,45,50,0,30,0,2,0,0.0,0.0,,"It needs a running start to take off. If Archeopswants to fly, it first needs to run nearly 25 mph,building speed over a course of about 2.5 miles.",Archeops
s_77e41fcc,5.0,id-566,289,10.0,9.0,,1,45,50,0,30,0,2,0,0.0,0.0,,"Though capable of flight, Archeops wasapparently better at hunting on the ground.",Archeops
s_7c20d3b9,5.0,,289,10.0,9.0,,1,45,50,0,30,0,2,0,0.0,0.0,,"This Pokémon was successfully restored from afossil. As research suggested, Archen is unableto fly. But it’s very good at jumping.",Archen
s_7c20d3b9,5.0,,289,10.0,9.0,,1,45,50,0,30,0,2,0,0.0,0.0,,"Archen is said to be the ancestor of birdPokémon. It lived in treetops, eating berriesand bug Pokémon.",Archen
s_4b4a2eb7,5.0,,286,1.0,9.0,,4,45,50,0,20,0,2,0,0.0,0.0,,Psychic power allows these Pokémon to fly. Somesay they were the guardians of an ancient city.Others say they were the guardians’ emissaries.,Sigilyph
s_4b4a2eb7,5.0,,286,1.0,9.0,,4,45,50,0,20,0,2,0,0.0,0.0,,A discovery was made in the desert whereSigilyph fly. The ruins of what may have beenan ancient city were found beneath the sands.,Sigilyph
s_fdf24df2,2.0,,86,2.0,3.0,7.0,4,190,50,0,20,0,1,0,0.0,0.0,,"Its antennae, which evolved from a fin, have bothpositive and negative charges flowing through them.",Chinchou
s_fdf24df2,2.0,,86,2.0,3.0,7.0,4,190,50,0,20,0,1,0,0.0,0.0,,"On the dark ocean floor, its only means ofcommunication is its constantly flashing lights.",Chinchou
s_aebb0264,5.0,id-562,287,10.0,5.0,,4,90,50,0,25,0,2,0,0.0,0.0,,This Pokémon has a body of sparkling gold.People say it no longer remembers that it wasonce human.,Cofagrigus
s_aebb0264,5.0,id-562,287,10.0,5.0,,4,90,50,0,25,0,2,0,0.0,0.0,,There are many depictions of Cofagrigusdecorating ancient tombs. They’re symbolsof the wealth that kings of bygone eras had.,Cofagrigus
s_529d93a1,5.0,,287,1.0,4.0,,4,190,50,0,25,0,2,0,0.0,0.0,,"It wanders through ruins by night, carrying a maskthat’s said to have been the face it had when itwas still human.",Yamask
s_529d93a1,5.0,,287,1.0,4.0,,4,190,50,0,25,0,2,0,0.0,0.0,,"The spirit of a person from a bygone age becamethis Pokémon. It rambles through ruins, searchingfor someone who knows its face.",Yamask
s_eb3e9f94,3.0,,201,10.0,12.0,4.0,-1,3,100,0,120,0,1,0,0.0,1.0,,"Once every 1,000 years, the singing of a purevoice will rouse this Pokémon from its near-perpetual slumber. It wakes for only seven days.",Jirachi
s_eb3e9f94,3.0,,201,10.0,12.0,4.0,-1,3,100,0,120,0,1,0,0.0,1.0,,"It’s believed that when this Pokémon wakes fromits 1,000-year slumber, it will grant any wisheswritten on the notes attached to its head.",Jirachi
s_0022d6bd,3.0,,200,5.0,2.0,5.0,-1,45,0,0,120,0,1,1,1.0,0.0,200.0,"RAYQUAZA lived for hundreds of millionsof years in the earth’s ozone layer, never descending to the ground.This POKéMON appears to feed on waterand particles in the atmosphere.",Rayquaza
s_e8ebbb6d,2.0,,118,1.0,8.0,6.0,4,120,35,0,20,0,1,0,0.0,0.0,,It uses differentkinds of cries forcommunicating withothers of its kindand for pursuingits prey.,Houndour
s_b40d4e32,2.0,id-228,118,1.0,8.0,6.0,4,45,35,0,20,1,1,1,0.0,0.0,,"If you are burnedby the flames itshoots from itsmouth, the painwill never goaway.",Houndoom
s_53801eec,3.0,,197,2.0,9.0,9.0,0,3,90,0,120,0,1,1,1.0,0.0,,LATIOS has the ability to make its foesee an image of what it has seen orimagines in its head.This POKéMON is intelligent andunderstands human speech.,Latios
s_adabe60f,3.0,,196,8.0,9.0,9.0,8,3,90,0,120,0,1,1,1.0,0.0,,"LATIAS is highly sensitive to theemotions of people. If it senses anyhostility, this POKéMON ruffles thefeathers all over its body and criesshrilly to intimidate the foe.",Latias
s_9cdd23fd,3.0,,199,8.0,6.0,6.0,-1,3,0,0,120,0,1,1,1.0,0.0,194.0,GROUDON has long been described in mythology as the POKéMON that raisedlands and expanded continents.This POKéMON took to sleep after acataclysmic battle with KYOGRE.,Groudon
s_af5f9619,3.0,,198,2.0,3.0,7.0,-1,3,0,0,120,0,1,1,1.0,0.0,,KYOGRE has the power to create massiverain clouds that cover the entire skyand bring about torrential downpours.This POKéMON saved people who weresuffering from droughts.,Kyogre
s_ede6bf4d,2.0,,113,6.0,14.0,7.0,6,60,50,0,20,0,3,0,0.0,0.0,,It will regrow any branches that break off itshead. People keep particularly beautiful Corsolabranches as charms to promote safe childbirth.,Corsola
s_ede6bf4d,2.0,,113,6.0,14.0,7.0,6,60,50,0,20,0,3,0,0.0,0.0,,"These Pokémon live in warm seas.In prehistoric times, many lived in theoceans around the Galar region as well.",Corsola
s_e8ad2057,2.0,,114,4.0,3.0,7.0,4,190,50,0,20,0,2,0,0.0,0.0,,The water they shoot from their mouths can hitmoving prey from more than 300 feet away.,Remoraid
s_e8ad2057,2.0,,114,4.0,3.0,7.0,4,190,50,0,20,0,2,0,0.0,0.0,,"Using its dorsal fin as a suction pad, it clings to aMantine’s underside to scavenge for leftovers.",Remoraid
s_37cf21a9,2.0,,112,3.0,8.0,1.0,4,225,50,0,20,0,1,0,0.0,0.0,,It rubs its snout on the ground to find and dig upfood. It sometimes discovers hot springs.,Swinub
s_37cf21a9,2.0,,112,3.0,8.0,1.0,4,225,50,0,20,0,1,0,0.0,0.0,,"If it smells something enticing, it dashes offheadlong to find the source of the aroma.",Swinub
s_5e39d0fc,2.0,id-220,112,3.0,8.0,1.0,4,75,50,0,20,1,1,0,0.0,0.0,,"If it charges at an enemy, the hairs on its backstand up straight. It is very sensitive to sound.",Piloswine
s_5e39d0fc,2.0,id-220,112,3.0,8.0,1.0,4,75,50,0,20,1,1,0,0.0,0.0,,"Although its legs are short, its rugged hoovesprevent it from slipping, even on icy ground.",Piloswine
s_bb95c797,2.0,id-458,116,7.0,9.0,7.0,4,25,50,0,25,0,1,0,0.0,0.0,,"If it builds up enough speed swimming, itcan jump out above the waves and glidefor over 300 feet.",Mantine
s_bb95c797,2.0,id-458,116,7.0,9.0,7.0,4,25,50,0,25,0,1,0,0.0,0.0,,"As it majestically swims, it doesn’t care ifRemoraid attach to it to scavenge for its leftovers.",Mantine
s_e38547b7,2.0,,117,4.0,9.0,6.0,4,25,50,0,25,0,1,0,0.0,0.0,,The pointed feathers of these Pokémon aresharper than swords. Skarmory and Corviknightfight viciously over territory.,Skarmory
s_e38547b7,2.0,,117,4.0,9.0,6.0,4,25,50,0,25,0,1,0,0.0,0.0,,"People fashion swords from Skarmory’s shedfeathers, so this Pokémon is a popular elementin heraldic designs.",Skarmory
s_64a3c17e,2.0,id-223,114,8.0,10.0,7.0,4,75,50,0,20,1,2,0,0.0,0.0,,It has a tendency to want to be in holes. Itprefers rock crags or pots and sprays ink fromthem before attacking.,Octillery
s_64a3c17e,2.0,id-223,114,8.0,10.0,7.0,4,75,50,0,20,1,2,0,0.0,0.0,,"It traps enemies with its suction-cuppedtentacles, then smashes them with itsrock-hard head.",Octillery
s_ba7096a0,2.0,,115,8.0,9.0,4.0,4,45,50,0,20,0,3,0,0.0,0.0,,It carries food all day long. There are tales aboutlost people who were saved by the food it had.,Delibird
s_ba7096a0,2.0,,115,8.0,9.0,4.0,4,45,50,0,20,0,3,0,0.0,0.0,,"It has a generous habit of sharing its food withpeople and Pokémon, so it’s always scroungingaround for more food.",Delibird
s_cf1c0ca8,5.0,,271,6.0,6.0,,4,255,50,0,20,0,3,1,0.0,0.0,185.0,Audino’s sense of hearing is superb. Not even apebble rolling along over a mile away will escapeAudino’s ears.,Audino
s_cf1c0ca8,5.0,,271,6.0,6.0,,4,255,50,0,20,0,3,1,0.0,0.0,185.0,"This Pokémon has a kind heart. By touching withits feelers, Audino can gauge other creatures’feelings and physical conditions.",Audino
s_438434f1,2.0,,16,6.0,12.0,3.0,6,170,50,1,10,0,3,0,0.0,0.0,20.0,Igglybuff loves to sing. Its marshmallow-like bodygives off a faint sweet smell.,Igglybuff
s_438434f1,2.0,,16,6.0,12.0,3.0,6,170,50,1,10,0,3,0,0.0,0.0,20.0,"Taking advantage of the softness of its body,Igglybuff moves as if bouncing. Its body turns adeep pink when its temperature rises.",Igglybuff
s_71a85dae,7.0,id-739,380,9.0,14.0,,4,60,70,0,20,0,2,0,0.0,0.0,,"It aimed for the top but got lost and ended upon a snowy mountain. Being forced to endurethe cold, this Pokémon evolved and grew fur.",Crabominable
s_6050eac2,2.0,,87,9.0,12.0,2.0,1,190,50,1,10,0,3,0,0.0,0.0,,The shell seems to be filled with joy. It is saidthat it will share good luck when treated kindly.,Togepi
s_6050eac2,2.0,,87,9.0,12.0,2.0,1,190,50,1,10,0,3,0,0.0,0.0,,It is considered to be a symbol of good luck.Its shell is said to be filled with happiness.,Togepi
s_01afea36,5.0,id-559,285,8.0,6.0,,4,90,50,0,15,0,2,0,0.0,0.0,166.0,"As halfhearted as this Pokémon’s kicks may seem,they pack enough power to shatter Conkeldurr’sconcrete pillars.",Scrafty
s_01afea36,5.0,id-559,285,8.0,6.0,,4,90,50,0,15,0,2,0,0.0,0.0,166.0,"While mostly known for having the temperamentof an aggressive ruffian, this Pokémon takes verygood care of its family, friends, and territory.",Scrafty
s_3721a473,6.0,id-708,364,3.0,10.0,,4,60,50,0,20,0,2,0,0.0,0.0,,"People fear it due to a belief that it devours anywho try to cut down trees in its forest, but to thePokémon it shares its woods with, it’s kind.",Trevenant
s_3721a473,6.0,id-708,364,3.0,10.0,,4,60,50,0,20,0,2,0,0.0,0.0,,Small roots that extend from the tips of thisPokémon’s feet can tie into the trees of theforest and give Trevenant control over them.,Trevenant
s_352222ce,6.0,,364,3.0,4.0,,4,120,50,0,20,0,2,0,0.0,0.0,,"After a lost child perished in the forest, theirspirit possessed a tree stump, causing the spirit’srebirth as this Pokémon.",Phantump
s_352222ce,6.0,,364,3.0,4.0,,4,120,50,0,20,0,2,0,0.0,0.0,,"With a voice like a human child’s, it cries out tolure adults deep into the forest, getting them lostamong the trees.",Phantump
s_e69e942a,3.0,,160,8.0,3.0,7.0,4,225,35,0,20,0,1,0,0.0,0.0,,"It won’t attack while it’s alone—not even if itspots prey. Instead, it waits for other Carvanha tojoin it, and then the Pokémon attack as a group.",Carvanha
s_e69e942a,3.0,,160,8.0,3.0,7.0,4,225,35,0,20,0,1,0,0.0,0.0,,These Pokémon have sharp fangs and powerfuljaws. Sailors avoid Carvanha dens at all costs.,Carvanha
s_f907689e,3.0,id-318,160,2.0,3.0,7.0,4,60,35,0,20,0,1,1,0.0,0.0,,"As soon as it catches the scent of prey, Sharpedowill jet seawater from its backside, hurtlingtoward the target to attack at 75 mph.",Sharpedo
s_f907689e,3.0,id-318,160,2.0,3.0,7.0,4,60,35,0,20,0,1,1,0.0,0.0,,This Pokémon is known as the Bully of the Sea.Any ship entering the waters Sharpedo callshome will be attacked—no exceptions.,Sharpedo
s_43dcdac6,3.0,,159,5.0,4.0,3.0,4,225,70,0,20,1,6,0,0.0,0.0,,"Virtually all of GULPIN’s body is itsstomach. As a result, it can swallowsomething its own size.This POKéMON’s stomach contains aspecial fluid that digests anything.",Gulpin
s_ae53d299,3.0,id-316,159,7.0,4.0,3.0,4,75,70,0,20,1,6,0,0.0,0.0,,"When SWALOT spots prey, it spurts outa hideously toxic fluid from its poresand sprays the target.Once the prey has weakened, thisPOKéMON gulps it down whole with itscavernous mouth.",Swalot
s_75634908,3.0,,157,7.0,12.0,2.0,8,150,70,0,15,0,6,0,0.0,0.0,,"ILLUMISE attracts a swarm of VOLBEATusing a sweet fragrance. Once theVOLBEAT have gathered, this POKéMONleads the lit-up swarm in drawinggeometric designs on the canvas ofthe night sky.",Illumise
s_e50e9e47,3.0,id-406,158,5.0,12.0,3.0,4,150,50,0,20,1,4,0,0.0,0.0,,"Its flowers give off a relaxing fragrance.The stronger its aroma, the healthierthe Roselia is.",Roselia
s_e50e9e47,3.0,id-406,158,5.0,12.0,3.0,4,150,50,0,20,1,4,0,0.0,0.0,,"It uses the different poisons in each handseparately when it attacks. The stronger itsaroma, the healthier it is.",Roselia
s_18e0cc19,3.0,,155,10.0,6.0,3.0,4,200,70,0,20,0,2,0,0.0,0.0,,MINUN is more concerned about cheeringon its partners than its own safety.It shorts out the electricity in itsbody to create brilliant showers ofsparks to cheer on its teammates.,Minun
s_722476f9,3.0,,156,4.0,6.0,2.0,0,150,70,0,15,0,5,0,0.0,0.0,,"With the arrival of night, VOLBEAT emitslight from its tail. It communicates withothers by adjusting the intensity andflashing of its light.This POKéMON is attracted by the sweetaroma of ILLUMISE.",Volbeat
s_15a41430,3.0,id-309,153,10.0,8.0,3.0,4,45,50,0,20,0,1,1,0.0,0.0,,"It stimulates its own muscles with electricity, soit can move quickly. It eases its soreness withelectricity, too, so it can recover quickly as well.",Manectric
s_15a41430,3.0,id-309,153,10.0,8.0,3.0,4,45,50,0,20,0,1,1,0.0,0.0,,It rarely appears before people. It is said to nestwhere lightning has fallen.,Manectric
s_deb36e33,3.0,,154,10.0,6.0,3.0,4,200,70,0,20,0,2,0,0.0,0.0,,"PLUSLE always acts as a cheerleaderfor its partners. Whenever a teammateputs out a good effort in battle, thisPOKéMON shorts out its body to createthe crackling noises of sparks to showits joy.",Plusle
s_09bf3003,1.0,id-133,67,8.0,8.0,8.0,1,45,50,0,35,0,2,0,0.0,0.0,4.0,"Once it has stored up enough heat, thisPokémon’s body temperature can reach up to1,700 degrees Fahrenheit.",Flareon
s_09bf3003,1.0,id-133,67,8.0,8.0,8.0,1,45,50,0,35,0,2,0,0.0,0.0,4.0,"It stores some of the air it inhales in its internalflame pouch, which heats it to over3,000 degrees Fahrenheit.",Flareon
s_435a093f,1.0,,68,6.0,7.0,8.0,-1,45,50,0,20,0,2,0,0.0,0.0,,State-of-the-art technology was used to createPorygon. It was the first artificial Pokémon to becreated via computer programming.,Porygon
s_435a093f,1.0,,68,6.0,7.0,8.0,-1,45,50,0,20,0,2,0,0.0,0.0,,"In recent years, this species has been very helpfulin cyberspace. These Pokémon will go aroundchecking to make sure no suspicious data exists.",Porygon
s_23db5069,1.0,id-133,67,2.0,8.0,8.0,1,45,50,0,35,0,2,0,0.0,0.0,2.0,"When Vaporeon’s fins begin to vibrate, it is asign that rain will come within a few hours.",Vaporeon
s_23db5069,1.0,id-133,67,2.0,8.0,8.0,1,45,50,0,35,0,2,0,0.0,0.0,2.0,Its body’s cellular structure is similar to themolecular composition of water. It can meltinvisibly in water.,Vaporeon
s_3d74254e,1.0,id-133,67,10.0,8.0,8.0,1,45,50,0,35,0,2,0,0.0,0.0,3.0,"If it is angered or startled, the fur all over itsbody bristles like sharp needles that pierce foes.",Jolteon
s_3d74254e,1.0,id-133,67,10.0,8.0,8.0,1,45,50,0,35,0,2,0,0.0,0.0,3.0,"It accumulates negative ions in the atmosphere toblast out 10,000-volt lightning bolts.",Jolteon
s_601c6111,1.0,,66,7.0,1.0,8.0,-1,35,50,0,20,0,2,0,0.0,0.0,,"It can reconstitute its entire cellularstructure to change into what it sees,but it returns to normal when it relaxes.",Ditto
s_601c6111,1.0,,66,7.0,1.0,8.0,-1,35,50,0,20,0,2,0,0.0,0.0,,"When it encounters another Ditto, it will movefaster than normal to duplicate that opponent exactly.",Ditto
s_677f96b6,1.0,,67,3.0,8.0,8.0,1,45,50,0,35,0,2,0,0.0,0.0,1.0,It has the ability to alter the composition of itsbody to suit its surrounding environment.,Eevee
s_677f96b6,1.0,,67,3.0,8.0,8.0,1,45,50,0,35,0,2,0,0.0,0.0,1.0,"Thanks to its unstable genetic makeup, thisspecial Pokémon conceals many differentpossible evolutions.",Eevee
s_8d1fd247,1.0,id-129,64,2.0,2.0,9.0,4,45,50,0,5,1,1,1,0.0,0.0,14.0,It has an extremely aggressive nature.The Hyper Beam it shoots from its mouthtotally incinerates all targets.,Gyarados
s_8d1fd247,1.0,id-129,64,2.0,2.0,9.0,4,45,50,0,5,1,1,1,0.0,0.0,14.0,"Once it begins to rampage, a Gyarados will burneverything down, even in a harsh storm.",Gyarados
s_befd9ce9,1.0,,65,2.0,3.0,7.0,4,45,50,0,40,0,1,0,0.0,0.0,190.0,"A smart and kindhearted Pokémon,it glides across the surface of the sea whileits beautiful song echoes around it.",Lapras
s_befd9ce9,1.0,,65,2.0,3.0,7.0,4,45,50,0,40,0,1,0,0.0,0.0,190.0,Crossing icy seas is no issue for thiscold-resistant Pokémon. Its smooth skinis a little cool to the touch.,Lapras
s_1e2ceac8,1.0,id-104,46,3.0,6.0,4.0,4,75,50,0,20,0,2,0,0.0,0.0,,"This Pokémon overcame its sorrow to evolve asturdy new body. Marowak faces its opponentsbravely, using a bone as a weapon.",Marowak
s_1e2ceac8,1.0,id-104,46,3.0,6.0,4.0,4,75,50,0,20,0,2,0,0.0,0.0,,"When this Pokémon evolved, the skull of itsmother fused to it. Marowak’s temperament alsoturned vicious at the same time.",Marowak
s_2259cb84,4.0,,203,5.0,8.0,,1,45,70,0,20,0,4,0,0.0,0.0,,"Made from soil, the shell on itsback hardens when it drinks water.It lives along lakes.",Turtwig
s_1251d03b,1.0,,69,2.0,10.0,7.0,1,45,50,0,30,0,2,0,0.0,0.0,,"Because some Omanyte manage to escape afterbeing restored or are released into the wild bypeople, this species is becoming a problem.",Omanyte
s_1251d03b,1.0,,69,2.0,10.0,7.0,1,45,50,0,30,0,2,0,0.0,0.0,,"This Pokémon is a member of an ancient, extinctspecies. Omanyte paddles through water with its10 tentacles, looking like it’s just drifting along.",Omanyte
s_55261b39,1.0,id-138,69,2.0,10.0,7.0,1,45,50,0,30,0,2,0,0.0,0.0,,"Weighed down by a large and heavy shell,Omastar couldn’t move very fast. Some say itwent extinct because it was unable to catch food.",Omastar
s_55261b39,1.0,id-138,69,2.0,10.0,7.0,1,45,50,0,30,0,2,0,0.0,0.0,,"Omastar’s sharp fangs could crush rock, but thePokémon can attack only the prey that comewithin reach of its tentacles.",Omastar
s_b053a5d7,1.0,,25,3.0,8.0,3.0,2,190,50,0,20,0,1,0,0.0,0.0,,It has a brave and trustworthy nature. It fearlesslystands up to bigger and stronger foes.,Growlithe
s_b053a5d7,1.0,,25,3.0,8.0,3.0,2,190,50,0,20,0,1,0,0.0,0.0,,"Extremely loyal, it will fearlessly bark at anyopponent to protect its own Trainer from harm.",Growlithe
s_63f4997c,1.0,id-58,25,3.0,8.0,3.0,2,75,50,0,20,0,1,0,0.0,0.0,,"The sight of it running over 6,200 milesin a single day and night has captivatedmany people.",Arcanine
s_63f4997c,1.0,id-58,25,3.0,8.0,3.0,2,75,50,0,20,0,1,0,0.0,0.0,,A Pokémon that has long been admired for itsbeauty. It runs agilely as if on wings.,Arcanine
s_6d05c53d,1.0,,22,10.0,8.0,8.0,4,255,50,0,20,0,2,0,0.0,0.0,58.0,"It loves to collect shiny things. If it’s in a goodmood, it might even let its Trainer have a lookat its hoard of treasures.",Meowth
s_6d05c53d,1.0,,22,10.0,8.0,8.0,4,255,50,0,20,0,2,0,0.0,0.0,58.0,It washes its face regularly to keep the coin onits forehead spotless. It doesn’t get along withGalarian Meowth.,Meowth
s_1fae860f,1.0,id-52,22,10.0,8.0,8.0,4,90,50,0,20,0,2,0,0.0,0.0,59.0,"Getting this prideful Pokémon to warm up to youtakes a lot of effort, and it will claw at you themoment it gets annoyed.",Persian
s_1fae860f,1.0,id-52,22,10.0,8.0,8.0,4,90,50,0,20,0,2,0,0.0,0.0,59.0,Its elegant and refined behavior clashes with thatof the barbaric Perrserker. The relationshipbetween the two is one of mutual disdain.,Persian
s_70e280e6,1.0,,21,3.0,5.0,1.0,4,255,50,0,20,0,2,0,0.0,0.0,,"If a Diglett digs through a field, it leaves the soilperfectly tilled and ideal for planting crops.",Diglett
s_70e280e6,1.0,,21,3.0,5.0,1.0,4,255,50,0,20,0,2,0,0.0,0.0,,"It burrows through the ground at a shallow depth.It leaves raised earth in its wake, making it easyto spot.",Diglett
s_01eef293,1.0,id-50,21,3.0,11.0,1.0,4,50,50,0,20,0,2,0,0.0,0.0,,A team of Diglett triplets. It triggers hugeearthquakes by burrowing 60 miles underground.,Dugtrio
s_01eef293,1.0,id-50,21,3.0,11.0,1.0,4,50,50,0,20,0,2,0,0.0,0.0,,These Diglett triplets dig over 60 miles below sealevel. No one knows what it’s like underground.,Dugtrio
s_e5b0f064,1.0,,24,3.0,6.0,4.0,4,190,70,0,20,0,2,0,0.0,0.0,,Extremely quick toanger. It couldbe docile onemoment thenthrashing awaythe next instant.,Mankey
s_fe35ff2b,1.0,id-56,24,3.0,6.0,4.0,4,75,70,0,20,0,2,0,0.0,0.0,,Always furiousand tenacious toboot. It will notabandon chasingits quarry untilit is caught.,Primeape
s_416b3ab4,1.0,,23,10.0,6.0,9.0,4,190,50,0,20,0,2,0,0.0,0.0,,"Psyduck is constantly beset by headaches. If thePokémon lets its strange power erupt, apparentlythe pain subsides for a while.",Psyduck
s_416b3ab4,1.0,,23,10.0,6.0,9.0,4,190,50,0,20,0,2,0,0.0,0.0,,"As Psyduck gets stressed out, its headache getsprogressively worse. It uses intense psychicenergy to overwhelm those around it.",Psyduck
s_f601f01d,1.0,id-54,23,2.0,6.0,9.0,4,75,50,0,20,0,2,0,0.0,0.0,,"This Pokémon lives in gently flowing rivers. Itpaddles through the water with its long limbs,putting its graceful swimming skills on display.",Golduck
s_f601f01d,1.0,id-54,23,2.0,6.0,9.0,4,75,50,0,20,0,2,0,0.0,0.0,,Old tales tell of Golduck punishing those thatdefiled its river. The guilty were dragged intothe water and taken away.,Golduck
s_a560618b,1.0,,46,3.0,6.0,4.0,4,190,50,0,20,0,2,0,0.0,0.0,,"When the memory of its departed mother bringsit to tears, its cries echo mournfully within theskull it wears on its head.",Cubone
s_a560618b,1.0,,46,3.0,6.0,4.0,4,190,50,0,20,0,2,0,0.0,0.0,,"This Pokémon wears the skull of its deceasedmother. Sometimes Cubone’s dreams make it cry,but each tear Cubone sheds makes it stronger.",Cubone
s_e0df33ce,6.0,id-659,340,3.0,6.0,,4,127,50,0,15,0,2,0,0.0,0.0,,"With power equal to an excavator, it can digthrough dense bedrock. It’s a huge help duringtunnel construction.",Diggersby
s_e0df33ce,6.0,id-659,340,3.0,6.0,,4,127,50,0,15,0,2,0,0.0,0.0,,The fur on its belly retains heat exceptionallywell. People used to make heavy winter clothingfrom fur shed by this Pokémon.,Diggersby
s_a7925cad,7.0,id-742,382,10.0,13.0,,4,75,50,0,20,0,2,0,0.0,0.0,,It makes pollen puffs from pollen and nectar.The puffs’ effects depend on the type ofingredients and how much of each one is used.,Ribombee
s_a7925cad,7.0,id-742,382,10.0,13.0,,4,75,50,0,20,0,2,0,0.0,0.0,,"Ribombee absolutely hate getting wet orrained on. In the cloudy Galar region,they are very seldom seen.",Ribombee
s_5ee979cc,1.0,id-446,72,1.0,12.0,4.0,1,25,50,0,40,0,1,0,0.0,0.0,179.0,"It is not satisfied unless it eats over 880 poundsof food every day. When it is done eating, itgoes promptly to sleep.",Snorlax
s_5ee979cc,1.0,id-446,72,1.0,12.0,4.0,1,25,50,0,40,0,1,0,0.0,0.0,179.0,"This Pokémon’s stomach is so strong, even eatingmoldy or rotten food will not affect it.",Snorlax
s_2f65999a,1.0,,71,7.0,9.0,4.0,1,45,50,0,35,0,1,1,0.0,0.0,,This is a ferocious Pokémon from ancient times.Apparently even modern technology is incapableof producing a perfectly restored specimen.,Aerodactyl
s_2f65999a,1.0,,71,7.0,9.0,4.0,1,45,50,0,35,0,1,1,0.0,0.0,,Aerodactyl’s sawlike fangs can shred skin totatters—even the skin of Steel-type Pokémon.,Aerodactyl
s_0e556087,1.0,id-140,70,3.0,6.0,7.0,1,45,50,0,30,0,2,0,0.0,0.0,,Kabutops slices its prey apart and sucks outthe fluids. The discarded body parts becomefood for other Pokémon.,Kabutops
s_0e556087,1.0,id-140,70,3.0,6.0,7.0,1,45,50,0,30,0,2,0,0.0,0.0,,The cause behind the extinction of this species isunknown. Kabutops were aggressive Pokémonthat inhabited warm seas.,Kabutops
s_bb1677ba,1.0,,70,3.0,14.0,7.0,1,45,50,0,30,0,2,0,0.0,0.0,,"This species is almost entirely extinct. Kabutomolt every three days, making their shells harderand harder.",Kabuto
s_bb1677ba,1.0,,70,3.0,14.0,7.0,1,45,50,0,30,0,2,0,0.0,0.0,,"While some say this species has gone extinct,Kabuto sightings are apparently fairly commonin some places.",Kabuto
s_37e013c3,1.0,,76,2.0,2.0,9.0,4,45,35,0,40,0,1,0,0.0,0.0,76.0,"Dratini dwells near bodies of rapidly flowingwater, such as the plunge pools of waterfalls.As it grows, Dratini will shed its skin many times.",Dratini
s_37e013c3,1.0,,76,2.0,2.0,9.0,4,45,35,0,40,0,1,0,0.0,0.0,76.0,This Pokémon was long considered to be nomore than a myth. The small lump on a Dratini’sforehead is actually a horn that’s still coming in.,Dratini
s_6cf3ce6d,1.0,,75,10.0,9.0,5.0,-1,3,35,0,80,0,1,0,1.0,0.0,,"It’s one of the legendary bird Pokémon. WhenMoltres flaps its flaming wings, they glimmer witha dazzling red glow.",Moltres
s_6cf3ce6d,1.0,,75,10.0,9.0,5.0,-1,3,35,0,80,0,1,0,1.0,0.0,,"There are stories of this Pokémon using itsradiant, flame-cloaked wings to light up pathsfor those lost in the mountains.",Moltres
s_202905f3,1.0,,74,10.0,9.0,5.0,-1,3,35,0,80,0,1,0,1.0,0.0,,This Pokémon has complete control overelectricity. There are tales of Zapdos nesting inthe dark depths of pitch-black thunderclouds.,Zapdos
s_202905f3,1.0,,74,10.0,9.0,5.0,-1,3,35,0,80,0,1,0,1.0,0.0,,"Zapdos is a legendary bird Pokémon. It’s saidthat when Zapdos rubs its feathers together,lightning will fall immediately after.",Zapdos
s_169dc4a1,1.0,,73,2.0,9.0,5.0,-1,3,35,0,80,0,1,0,1.0,0.0,192.0,"It’s said that this Pokémon’s beautiful blue wingsare made of ice. Articuno flies over snowymountains, its long tail fluttering along behind it.",Articuno
s_169dc4a1,1.0,,73,2.0,9.0,5.0,-1,3,35,0,80,0,1,0,1.0,0.0,192.0,This Pokémon can control ice at will. Articunois said to live in snowy mountains riddledwith permafrost.,Articuno
s_d6a6e810,1.0,id-148,76,3.0,6.0,9.0,4,45,35,0,40,0,1,0,0.0,0.0,78.0,"It’s a kindhearted Pokémon. If it spots a drowningperson or Pokémon, Dragonite simply musthelp them.",Dragonite
s_d6a6e810,1.0,id-148,76,3.0,6.0,9.0,4,45,35,0,40,0,1,0,0.0,0.0,78.0,This Pokémon is known as the Sea Incarnate.Figureheads that resemble Dragonite decoratethe bows of many ships.,Dragonite
s_5312917a,1.0,id-147,76,2.0,2.0,9.0,4,45,35,0,40,0,1,0,0.0,0.0,77.0,"This Pokémon lives in pristine oceans and lakes.It can control the weather, and it uses this powerto fly into the sky, riding on the wind.",Dragonair
s_5312917a,1.0,id-147,76,2.0,2.0,9.0,4,45,35,0,40,0,1,0,0.0,0.0,77.0,"This Pokémon gathers power in the orbs on itstail and controls the weather. When enshroudedby an aura, Dragonair has a mystical appearance.",Dragonair
s_b69c95bf,5.0,,326,4.0,8.0,,-1,3,35,0,80,0,1,0,1.0,0.0,191.0,It has phenomenal power. It will mercilessly crushanyone or anything that bullies small Pokémon.,Terrakion
s_b69c95bf,5.0,,326,4.0,8.0,,-1,3,35,0,80,0,1,0,1.0,0.0,191.0,"In Unovan legend, Terrakion battled againsthumans in an effort to protect other Pokémon.",Terrakion
s_0cbecda6,5.0,,325,2.0,8.0,,-1,3,35,0,80,0,1,0,1.0,0.0,,"This Pokémon appears in a legend alongsideTerrakion and Virizion, fighting against humans indefense of the Unova region’s Pokémon.",Cobalion
s_0cbecda6,5.0,,325,2.0,8.0,,-1,3,35,0,80,0,1,0,1.0,0.0,,"From the moment it’s born, this Pokémonradiates the air of a leader. Its presence willcalm even vicious foes.",Cobalion
s_28c729e8,6.0,,341,8.0,9.0,,4,255,50,0,15,0,4,0,0.0,0.0,,Its melodious cries are actually warnings.Fletchling will mercilessly peck at anythingthat enters its territory.,Fletchling
s_28c729e8,6.0,,341,8.0,9.0,,4,255,50,0,15,0,4,0,0.0,0.0,,"When this Pokémon gets excited, its bodytemperature increases sharply. If you touch aFletchling with bare hands, you might get burned.",Fletchling
s_5eaea86e,5.0,,300,9.0,4.0,,4,190,50,0,20,0,2,0,0.0,0.0,,No one knows what the Poké Ball–like pattern onFoongus means or why Foongus has it.,Foongus
s_5eaea86e,5.0,,300,9.0,4.0,,4,190,50,0,20,0,2,0,0.0,0.0,,"The spores released from this Pokémon’s handsare highly poisonous, but when thoroughly dried,the spores can be used as stomach medicine.",Foongus
s_8b53aaf4,4.0,id-388,203,5.0,8.0,,1,45,70,0,20,0,4,0,0.0,0.0,,Small Pokémon occasionally gatheron its unmoving back to beginbuilding their nests.,Torterra
s_3b618ac3,7.0,,382,10.0,14.0,,4,190,50,0,20,0,2,0,0.0,0.0,,"Nectar and pollen are its favorite fare. You canfind Cutiefly hovering around Gossifleur, tryingto get some of Gossifleur’s pollen.",Cutiefly
s_3b618ac3,7.0,,382,10.0,14.0,,4,190,50,0,20,0,2,0,0.0,0.0,,An opponent’s aura can tell Cutiefly what thatopponent’s next move will be. Then Cutiefly canglide around the attack and strike back.,Cutiefly
s_53a6c3e7,4.0,id-387,203,5.0,8.0,,1,45,70,0,20,0,4,0,0.0,0.0,,"It lives along water in forests. Inthe daytime, it leaves the forestto sunbathe its treed shell.",Grotle
s_31c923a3,1.0,,45,6.0,11.0,2.0,4,90,50,0,20,0,1,0,0.0,0.0,,"Though it may look like it’s just a bunch of eggs,it’s a proper Pokémon. Exeggcute communicateswith others of its kind via telepathy, apparently.",Exeggcute
s_31c923a3,1.0,,45,6.0,11.0,2.0,4,90,50,0,20,0,1,0,0.0,0.0,,"These Pokémon get nervous when they’re not in agroup of six. The minute even one member of thegroup goes missing, Exeggcute become cowardly.",Exeggcute
s_86343ca3,5.0,,274,8.0,12.0,,0,45,50,0,20,0,2,0,0.0,0.0,,"It performs throwing moves with first-rate skill.Over the course of many battles, Throh’s beltgrows darker as it absorbs its wearer’s sweat.",Throh
s_86343ca3,5.0,,274,8.0,12.0,,0,45,50,0,20,0,2,0,0.0,0.0,,They train in groups of five. Any member thatcan’t keep up will discard its belt and leavethe group.,Throh
s_38a4f313,1.0,id-100,44,8.0,1.0,8.0,-1,60,70,0,20,0,2,0,0.0,0.0,,It stores electricenergy under veryhigh pressure.It often explodeswith little or noprovocation.,Electrode
s_6d98e076,8.0,id-850,447,8.0,,,4,75,50,0,20,0,2,0,0.0,0.0,,"When it heats up, its body temperature reachesabout 1,500 degrees Fahrenheit. It lashes itsbody like a whip and launches itself at enemies.",Centiskorch
s_6d98e076,8.0,id-850,447,8.0,,,4,75,50,0,20,0,2,0,0.0,0.0,,"While its burning body is already dangerous onits own, this excessively hostile Pokémon also haslarge and very sharp fangs.",Centiskorch
s_23321b9d,8.0,,447,8.0,,,4,190,50,0,20,0,2,0,0.0,0.0,,It stores flammable gas in its body and uses it togenerate heat. The yellow sections on its bellyget particularly hot.,Sizzlipede
s_23321b9d,8.0,,447,8.0,,,4,190,50,0,20,0,2,0,0.0,0.0,,"It wraps prey up with its heated body, cookingthem in its coils. Once they’re well-done, it willvoraciously nibble them down to the last morsel.",Sizzlipede
s_71718535,8.0,id-852,448,2.0,,,4,45,50,0,25,0,4,0,0.0,0.0,,A body made up of nothing but muscle makesthe grappling moves this Pokémon performs withits tentacles tremendously powerful.,Grapploct
s_71718535,8.0,id-852,448,2.0,,,4,45,50,0,25,0,4,0,0.0,0.0,,"Searching for an opponent to test its skillsagainst, it emerges onto land. Once the battleis over, it returns to the sea.",Grapploct
s_9fa57ecb,8.0,,448,3.0,,,4,180,50,0,25,0,4,0,0.0,0.0,,"It’s very curious, but its means of investigatingthings is to try to punch them with its tentacles.The search for food is what brings it onto land.",Clobbopus
s_9fa57ecb,8.0,,448,3.0,,,4,180,50,0,25,0,4,0,0.0,0.0,,"Its tentacles tear off easily, but it isn’t alarmedwhen that happens—it knows they’ll grow back.It’s about as smart as a three-year-old.",Clobbopus
s_522b3b3a,8.0,id-854,449,7.0,,,-1,60,50,0,20,0,2,0,0.0,0.0,,"This species lives in antique teapots.Most pots are forgeries, but on rare occasions,an authentic work is found.",Polteageist
s_522b3b3a,8.0,id-854,449,7.0,,,-1,60,50,0,20,0,2,0,0.0,0.0,,"Leaving leftover black tea unattended is askingfor this Pokémon to come along and pour itselfinto it, turning the tea into a new Polteageist.",Polteageist
s_7957c3e6,8.0,,449,7.0,,,-1,120,50,0,20,0,2,0,0.0,0.0,,"This Pokémon is said to have been born whena lonely spirit possessed a cold, leftover cupof tea.",Sinistea
s_7957c3e6,8.0,,449,7.0,,,-1,120,50,0,20,0,2,0,0.0,0.0,,The teacup in which this Pokémon makes itshome is a famous piece of antique tableware.Many forgeries are in circulation.,Sinistea
s_c381a309,8.0,id-856,450,6.0,,,8,120,50,0,20,0,1,0,0.0,0.0,,"No matter who you are, if you bring strongemotions near this Pokémon, it will silenceyou violently.",Hattrem
s_c381a309,8.0,id-856,450,6.0,,,8,120,50,0,20,0,1,0,0.0,0.0,,"Using the braids on its head, it pummels foes toget them to quiet down. One blow from thosebraids would knock out a professional boxer.",Hattrem
s_aa6f768f,8.0,,450,6.0,,,8,235,50,0,20,0,1,0,0.0,0.0,,"Via the protrusion on its head, it senses othercreatures’ emotions. If you don’t have a calmdisposition, it will never warm up to you.",Hatenna
s_aa6f768f,8.0,,450,6.0,,,8,235,50,0,20,0,1,0,0.0,0.0,,"If this Pokémon senses a strong emotion, itwill run away as fast as it can. It prefers areaswithout people.",Hatenna
s_11f23032,8.0,,451,6.0,,,0,255,50,0,20,0,2,0,0.0,0.0,,"Through its nose, it sucks in the emanationsproduced by people and Pokémon when theyfeel annoyed. It thrives off this negative energy.",Impidimp
s_11f23032,8.0,,451,6.0,,,0,255,50,0,20,0,2,0,0.0,0.0,,"It sneaks into people’s homes, stealing thingsand feasting on the negative energy of thefrustrated occupants.",Impidimp
s_6658902b,8.0,id-857,450,6.0,,,8,45,50,0,20,0,1,0,0.0,0.0,,It emits psychic power strong enough to causeheadaches as a deterrent to the approachof others.,Hatterene
s_6658902b,8.0,id-857,450,6.0,,,8,45,50,0,20,0,1,0,0.0,0.0,,"If you’re too loud around it, you risk being tornapart by the claws on its tentacle. This Pokémonis also known as the Forest Witch.",Hatterene
s_e7335c87,1.0,,44,8.0,1.0,8.0,-1,190,70,0,20,0,2,0,0.0,0.0,,"Usually found inpower plants.Easily mistakenfor a POKé BALL,they have zappedmany people.",Voltorb
s_76b3e772,5.0,id-520,266,4.0,9.0,,4,45,50,0,15,1,4,0,0.0,0.0,,"Unfezant are exceptional fliers. The femalesare known for their stamina, while the malesoutclass them in terms of speed.",Unfezant
s_76b3e772,5.0,id-520,266,4.0,9.0,,4,45,50,0,15,1,4,0,0.0,0.0,,This Pokémon is intelligent and intensely proud.People will sit up and take notice if you becomethe Trainer of one.,Unfezant
s_fb805db3,5.0,id-519,266,4.0,9.0,,4,120,50,0,15,0,4,0,0.0,0.0,,"It can fly moderately quickly. No matter how farit travels, it can always find its way back to itsmaster and its nest.",Tranquill
s_fb805db3,5.0,id-519,266,4.0,9.0,,4,120,50,0,15,0,4,0,0.0,0.0,,These bright Pokémon have acute memories.Apparently delivery workers often choose themas their partners.,Tranquill
s_b3274871,5.0,id-522,267,1.0,8.0,,4,75,70,0,20,0,2,0,0.0,0.0,75.0,"They have lightning-like movements.When Zebstrika run at full speed,the sound of thunder reverberates.",Zebstrika
s_307ad0f6,5.0,,267,1.0,8.0,,4,190,70,0,20,0,2,0,0.0,0.0,74.0,Its mane shines when it dischargeselectricity. They use their flashingmanes to communicate with one another.,Blitzle
s_acbd1ce0,5.0,id-524,268,2.0,10.0,,4,120,50,0,15,0,4,0,0.0,0.0,41.0,"If you see its orange crystals start to glow, bewary. It’s about to fire off bursts of energy.",Boldore
s_acbd1ce0,5.0,id-524,268,2.0,10.0,,4,120,50,0,15,0,4,0,0.0,0.0,41.0,"It relies on sound in order to monitor what’s in itsvicinity. When angered, it will attack without everchanging the direction it’s facing.",Boldore
s_f32bdbad,5.0,,268,2.0,7.0,,4,255,50,0,15,0,4,0,0.0,0.0,40.0,"It’s as hard as steel, but apparently a long soak inwater will cause it to soften a bit.",Roggenrola
s_f32bdbad,5.0,,268,2.0,7.0,,4,255,50,0,15,0,4,0,0.0,0.0,40.0,"When it detects a noise, it starts to move.The energy core inside it makes this Pokémonslightly warm to the touch.",Roggenrola
s_60c409ca,5.0,,269,2.0,9.0,,4,190,50,0,15,0,2,0,0.0,0.0,,"While inside a cave, if you look up and see lotsof heart-shaped marks lining the walls, it’sevidence that Woobat live there.",Woobat
s_60c409ca,5.0,,269,2.0,9.0,,4,190,50,0,15,0,2,0,0.0,0.0,,"It emits ultrasonic waves as it flutters about,searching for its prey—bug Pokémon.",Woobat
s_ccb1a212,5.0,id-525,268,2.0,10.0,,4,45,50,0,15,0,4,0,0.0,0.0,42.0,"This hardy Pokémon can often be found onconstruction sites and in mines, workingalongside people and Copperajah.",Gigalith
s_ccb1a212,5.0,id-525,268,2.0,10.0,,4,45,50,0,15,0,4,0,0.0,0.0,42.0,"Although its energy blasts can blow awaya dump truck, they have a limitation—they can only be fired when the sun is out.",Gigalith
s_524f0d5a,5.0,,270,4.0,6.0,,4,120,50,0,20,0,2,0,0.0,0.0,152.0,It brings its claws together and whirls around athigh speed before rushing toward its prey.,Drilbur
s_524f0d5a,5.0,,270,4.0,6.0,,4,120,50,0,20,0,2,0,0.0,0.0,152.0,"It’s a digger, using its claws to burrow through theground. It causes damage to vegetable crops, somany farmers have little love for it.",Drilbur
s_58c35206,5.0,id-527,269,2.0,9.0,,4,45,50,0,15,0,2,0,0.0,0.0,,"Emitting powerful sound waves tires it out.Afterward, it won’t be able to fly for alittle while.",Swoobat
s_58c35206,5.0,id-527,269,2.0,9.0,,4,45,50,0,15,0,2,0,0.0,0.0,,The auspicious shape of this Pokémon’s noseapparently led some regions to considerSwoobat a symbol of good luck.,Swoobat
s_46a46d15,7.0,,426,9.0,12.0,,-1,30,0,0,120,0,1,0,0.0,0.0,,"It slithers toward people. Then, without warning,it triggers the explosion of its own head.It’s apparently one kind of Ultra Beast.",Blacephalon
s_cc0df058,7.0,id-749,386,3.0,8.0,,4,60,50,0,20,0,2,0,0.0,0.0,,Mud that hardens around a Mudsdale’s legssets harder than stone. It’s so hard that it allowsthis Pokémon to scrap a truck with a single kick.,Mudsdale
s_cc0df058,7.0,id-749,386,3.0,8.0,,4,60,50,0,20,0,2,0,0.0,0.0,,Mudsdale has so much stamina that it could carryover 10 tons across the Galar region without restor sleep.,Mudsdale
s_1ff9166b,7.0,,404,10.0,2.0,,4,45,50,0,20,0,2,0,0.0,0.0,,"It wears a rag fashioned into a Pikachu costumein an effort to look less scary. Unfortunately,the costume only makes it creepier.",Mimikyu
s_1ff9166b,7.0,,404,10.0,2.0,,4,45,50,0,20,0,2,0,0.0,0.0,,There was a scientist who peeked underMimikyu’s old rag in the name of research.The scientist died of a mysterious disease.,Mimikyu
s_ef1313a5,7.0,,405,6.0,3.0,,4,80,70,0,15,0,2,0,0.0,0.0,,"When it unleashes its psychic power from theprotuberance on its head, the grating soundof grinding teeth echoes through the area.",Bruxish
s_51e17498,6.0,id-133,67,6.0,8.0,,1,45,50,0,35,0,2,0,0.0,0.0,,"By releasing enmity-erasing waves from itsribbonlike feelers, Sylveon stops any conflict.",Sylveon
s_51e17498,6.0,id-133,67,6.0,8.0,,1,45,50,0,35,0,2,0,0.0,0.0,,There’s a Galarian fairy tale that describesa beautiful Sylveon vanquishing a dreadfuldragon Pokémon.,Sylveon
s_3092193e,3.0,,180,5.0,6.0,2.0,4,200,70,0,20,0,4,0,0.0,0.0,,KECLEON is capable of changing its bodycolors at will to blend in with itssurroundings.There is one exception - this POKéMONcan’t change the zigzag pattern on itsbelly.,Kecleon
s_d077bca7,3.0,,181,1.0,1.0,8.0,4,225,35,0,25,0,3,0,0.0,0.0,,"SHUPPET is attracted by feelingsof jealousy and vindictiveness.If someone develops strong feelings ofvengeance, this POKéMON will appearin a swarm and line up beneath the eavesof that person’s home.",Shuppet
s_26d556c6,3.0,,147,4.0,12.0,1.0,4,255,70,0,20,0,2,0,0.0,0.0,,"NOSEPASS’s magnetic nose is alwayspointed to the north. If two of thesePOKéMON meet, they cannot turntheir faces to each other when theyare close because their magnetic nosesrepel one another.",Nosepass
s_2e9d55d6,3.0,,90,2.0,7.0,9.0,6,150,50,1,10,0,3,0,0.0,0.0,,"The ball on Azurill’s tail bounces like a rubberball, and it’s full of the nutrients the Pokémonneeds to grow.",Azurill
s_2e9d55d6,3.0,,90,2.0,7.0,9.0,6,150,50,1,10,0,3,0,0.0,0.0,,"Although Azurill are normally docile, an angryone will swing around the big ball on its tail andtry to smash its opponents.",Azurill
s_0902f413,3.0,id-355,182,1.0,12.0,2.0,4,90,35,0,25,0,3,0,0.0,0.0,70.0,"Its body is entirely hollow. When it opens itsmouth, it sucks everything in as if it were ablack hole.",Dusclops
s_0902f413,3.0,id-355,182,1.0,12.0,2.0,4,90,35,0,25,0,3,0,0.0,0.0,70.0,It seeks drifting will-o’-the-wisps and sucks theminto its empty body. What happens inside isa mystery.,Dusclops
s_70226d9f,3.0,,183,5.0,8.0,2.0,4,200,70,0,25,0,1,0,0.0,0.0,,"The bunches of fruit around TROPIUS’sneck are very popular with children.This POKéMON loves fruit, and eats itcontinuously. Apparently, its love forfruit resulted in its own outgrowthof fruit.",Tropius
s_b87ea008,3.0,id-353,181,1.0,6.0,8.0,4,45,35,0,25,0,3,1,0.0,0.0,,BANETTE generates energy for layingstrong curses by sticking pins into itsown body.This POKéMON was originally a pitifulplush doll that was thrown away.,Banette
s_79f41e9f,3.0,,182,1.0,4.0,2.0,4,190,35,0,25,0,3,0,0.0,0.0,69.0,"If it finds bad children who won’t listen to theirparents, it will spirit them away—or so it’s said.",Duskull
s_79f41e9f,3.0,,182,1.0,4.0,2.0,4,190,35,0,25,0,3,0,0.0,0.0,69.0,"Making itself invisible, it silently sneaks up toprey. It has the ability to slip through thick walls.",Duskull
s_d8f29c14,3.0,,145,6.0,6.0,1.0,4,190,50,0,20,0,4,0,0.0,0.0,,"The cry of a Whismur is over 100 decibels.If you’re close to a Whismur when it lets out acry, you’ll be stuck with an all-day headache.",Whismur
s_d8f29c14,3.0,,145,6.0,6.0,1.0,4,190,50,0,20,0,4,0,0.0,0.0,,"When Whismur cries, the sound of its own voicestartles it, making the Pokémon cry even louder.It cries until it’s exhausted, then it falls asleep.",Whismur
s_cc3d9631,3.0,id-290,144,3.0,5.0,2.0,-1,45,50,0,15,0,5,0,0.0,0.0,,A most peculiar Pokémon that somehow appearsin a Poké Ball when a Nincada evolves.,Shedinja
s_cc3d9631,3.0,id-290,144,3.0,5.0,2.0,-1,45,50,0,15,0,5,0,0.0,0.0,,"A strange Pokémon—it flies without moving itswings, has a hollow shell for a body, and doesnot breathe.",Shedinja
s_aa9283d0,3.0,id-290,144,10.0,13.0,2.0,4,120,50,0,15,0,5,0,0.0,0.0,,Its cry leaves a lasting headache if heard for toolong. It moves so quickly that it is almost invisible.,Ninjask
s_aa9283d0,3.0,id-290,144,10.0,13.0,2.0,4,120,50,0,15,0,5,0,0.0,0.0,,"This Pokémon is so quick, it is said to be able toavoid any attack. It loves to feed on tree sap.",Ninjask
s_681395ce,3.0,,144,4.0,14.0,2.0,4,255,50,0,15,0,5,0,0.0,0.0,,"Because it lived almost entirely underground,it is nearly blind. It uses its antennae instead.",Nincada
s_681395ce,3.0,,144,4.0,14.0,2.0,4,255,50,0,15,0,5,0,0.0,0.0,,It can sometimes live underground for more than10 years. It absorbs nutrients from the rootsof trees.,Nincada
s_0105e93b,3.0,id-296,146,3.0,12.0,4.0,2,200,70,0,20,0,6,0,0.0,0.0,,"HARIYAMA practices its straight-armslaps in any number of locations.One hit of this POKéMON’s powerful,openhanded, straight-arm punchescould snap a telephone pole in two.",Hariyama
s_c7cb0431,3.0,,146,10.0,12.0,4.0,2,180,70,0,20,0,6,0,0.0,0.0,,"MAKUHITA is tenacious - it will keepgetting up and attacking its foehowever many times it is knocked down.Every time it gets back up, thisPOKéMON stores more energy in its bodyfor evolving.",Makuhita
s_1fc3d6e1,3.0,id-294,145,2.0,6.0,1.0,4,45,50,0,20,0,4,0,0.0,0.0,,"In the past, people would use the loud voices ofthese Pokémon as a means of communicationbetween distant cities.",Exploud
s_1fc3d6e1,3.0,id-294,145,2.0,6.0,1.0,4,45,50,0,20,0,4,0,0.0,0.0,,"This Pokémon can do more than just shout. Tocommunicate with others of its kind, it’ll emit allsorts of sounds from the holes in its body.",Exploud
s_247e8e72,3.0,id-293,145,2.0,6.0,1.0,4,120,50,0,20,0,4,0,0.0,0.0,,"Loudred’s ears serve as speakers, and they canput out sound waves powerful enough to blowaway a house.",Loudred
s_247e8e72,3.0,id-293,145,2.0,6.0,1.0,4,120,50,0,20,0,4,0,0.0,0.0,,The force of this Pokémon’s loud voice isn’t justthe sound—it’s also the wave of air pressure thatblows opponents away and damages them.,Loudred
s_43810fe1,5.0,,302,6.0,3.0,,4,75,70,0,40,0,3,0,0.0,0.0,,The special membrane envelopingAlomomola has the ability to heal wounds.,Alomomola
s_3a575d86,5.0,,303,10.0,14.0,,4,190,50,0,20,0,2,0,0.0,0.0,147.0,Joltik can be found clinging to other Pokémon.It’s soaking up static electricity because it can’tproduce a charge on its own.,Joltik
s_3a575d86,5.0,,303,10.0,14.0,,4,190,50,0,20,0,2,0,0.0,0.0,147.0,Joltik latch on to other Pokémon and suck outstatic electricity. They’re often found sticking toYamper’s hindquarters.,Joltik
s_b599f20d,5.0,id-595,303,10.0,14.0,,4,75,50,0,20,0,2,0,0.0,0.0,148.0,It launches electrified fur from its abdomen as itsmeans of attack. Opponents hit by the fur couldbe in for three full days and nights of paralysis.,Galvantula
s_b599f20d,5.0,id-595,303,10.0,14.0,,4,75,50,0,20,0,2,0,0.0,0.0,148.0,"It lays traps of electrified threads near the nestsof bird Pokémon, aiming to snare chicks that arenot yet good at flying.",Galvantula
s_f97c737b,5.0,,304,4.0,1.0,,4,255,50,0,20,0,2,0,0.0,0.0,,"It defends itself by launching spikes, but itsaim isn’t very good at first. Only after a lot ofpractice will it improve.",Ferroseed
s_f97c737b,5.0,,304,4.0,1.0,,4,255,50,0,20,0,2,0,0.0,0.0,,Mossy caves are their preferred dwellings.Enzymes contained in mosses help Ferroseed’sspikes grow big and strong.,Ferroseed
s_872d118f,4.0,,239,9.0,6.0,,4,120,50,0,20,1,1,0,0.0,0.0,,It lives on snowy mountains. It sinks its legs intothe snow to absorb water and keep its owntemperature down.,Snover
s_872d118f,4.0,,239,9.0,6.0,,4,120,50,0,20,1,1,0,0.0,0.0,,The berries that grow around its belly are likeice pops. Galarian Darumaka absolutely lovethese berries.,Snover
s_1c95a3b5,4.0,,116,2.0,9.0,,4,25,50,1,25,0,1,0,0.0,0.0,,Mantyke living in Galar seem to be somewhatsluggish. The colder waters of the seas in thisregion may be the cause.,Mantyke
s_1c95a3b5,4.0,,116,2.0,9.0,,4,25,50,1,25,0,1,0,0.0,0.0,,"It swims along with a school of Remoraid, andthey’ll all fight together to repel attackers.",Mantyke
s_5ffaf7f6,5.0,,301,9.0,10.0,,4,190,50,0,20,1,2,0,0.0,0.0,,"It envelops its prey in its veillike arms and drawsit down to the deeps, five miles below theocean’s surface.",Frillish
s_5ffaf7f6,5.0,,301,9.0,10.0,,4,190,50,0,20,1,2,0,0.0,0.0,,Legend has it that the residents of a sunkenancient city changed into these Pokémon.,Frillish
s_cd19d048,5.0,id-592,301,9.0,10.0,,4,60,50,0,20,1,2,0,0.0,0.0,,Most of this Pokémon’s body composition isidentical to sea water. It makes sunken shipsits lair.,Jellicent
s_cd19d048,5.0,id-592,301,9.0,10.0,,4,60,50,0,20,1,2,0,0.0,0.0,,"Whenever a full moon hangs in the night sky,schools of Jellicent gather near the surface ofthe sea, waiting for their prey to appear.",Jellicent
s_552bd146,4.0,,236,5.0,10.0,,4,200,70,0,25,0,1,0,0.0,0.0,186.0,"It attracts prey with its sweet-smelling saliva, then chomps down.It takes a whole day to eat prey.",Carnivine
s_04ce451b,4.0,id-453,235,2.0,12.0,,4,75,50,0,20,1,2,0,0.0,0.0,89.0,It bounces toward opponents and gouges themwith poisonous claws. No more than a scratchis needed to knock out its adversaries.,Toxicroak
s_04ce451b,4.0,id-453,235,2.0,12.0,,4,75,50,0,20,1,2,0,0.0,0.0,89.0,It booms out a victory croak when its preygoes down in defeat. This Pokémon andSeismitoad are related species.,Toxicroak
s_c2adcf45,4.0,id-456,237,2.0,3.0,,4,75,70,0,20,1,5,0,0.0,0.0,,It lives on the deep-sea floor.It attracts prey by flashing thepatterns on its four tail fins.,Lumineon
s_2bab24f4,4.0,,237,2.0,3.0,,4,190,70,0,20,1,5,0,0.0,0.0,,"After long exposure to sunlight,the patterns on its tail fins shinevividly when darkness arrives.",Finneon
s_3871341a,4.0,,234,7.0,14.0,,4,120,50,0,20,0,1,0,0.0,0.0,156.0,"After burrowing into the sand, it waits patientlyfor prey to come near. This Pokémon andSizzlipede share common descent.",Skorupi
s_3871341a,4.0,,234,7.0,14.0,,4,120,50,0,20,0,1,0,0.0,0.0,156.0,"It attacks using the claws on its tail. Once lockedin its grip, its prey is unable to move as thisPokémon’s poison seeps in.",Skorupi
s_a2c4af56,4.0,id-449,233,3.0,8.0,,4,60,50,0,30,1,1,0,0.0,0.0,,"Stones can get stuck in the ports on their bodies.Dwebble help dislodge such stones, soHippowdon look after these Pokémon.",Hippowdon
s_a2c4af56,4.0,id-449,233,3.0,8.0,,4,60,50,0,30,1,1,0,0.0,0.0,,"When roused to violence by its rage, it spews outthe quantities of sand it has swallowed andwhips up a sandstorm.",Hippowdon
s_f022b9dc,4.0,,235,2.0,12.0,,4,140,100,0,10,1,2,0,0.0,0.0,88.0,"It makes frightening noises with its poison-filledcheek sacs. When opponents flinch, Croagunkhits them with a poison jab.",Croagunk
s_f022b9dc,4.0,,235,2.0,12.0,,4,140,100,0,10,1,2,0,0.0,0.0,88.0,"Once diluted, its poison becomes medicinal.This Pokémon came into popularity after apharmaceutical company chose it as a mascot.",Croagunk
s_605e4637,4.0,id-451,234,7.0,14.0,,4,45,50,0,20,0,1,0,0.0,0.0,157.0,"Its poison is potent, but it rarely sees use. ThisPokémon prefers to use physical force instead,going on rampages with its car-crushing strength.",Drapion
s_605e4637,4.0,id-451,234,7.0,14.0,,4,45,50,0,20,0,1,0,0.0,0.0,157.0,"It’s so vicious that it’s called the Sand Demon.Yet when confronted by Hippowdon, Drapionkeeps a low profile and will never pick a fight.",Drapion
s_5ced2172,3.0,id-274,137,3.0,12.0,2.0,4,45,50,0,15,1,4,0,0.0,0.0,,A Pokémon that was feared as a forest guardian.It can read the foe’s mind and takepreemptive action.,Shiftry
s_5ced2172,3.0,id-274,137,3.0,12.0,2.0,4,45,50,0,15,1,4,0,0.0,0.0,,It lives quietly in the deep forest. It is said tocreate chilly winter winds with the fans it holds.,Shiftry
s_e4da2f65,3.0,id-273,137,3.0,12.0,2.0,4,120,50,0,15,1,4,0,0.0,0.0,,"It lives deep in forests. With the leaf on its head,it makes a flute whose song makes listeners uneasy.",Nuzleaf
s_e4da2f65,3.0,id-273,137,3.0,12.0,2.0,4,120,50,0,15,1,4,0,0.0,0.0,,They live in holes bored in large trees. The soundof Nuzleaf’s grass flute fills listeners with dread.,Nuzleaf
s_eef1ede2,2.0,id-177,88,5.0,9.0,2.0,4,75,50,0,20,1,2,0,0.0,0.0,,They say that it stays still and quiet because it isseeing both the past and future at the same time.,Xatu
s_eef1ede2,2.0,id-177,88,5.0,9.0,2.0,4,75,50,0,20,1,2,0,0.0,0.0,,This odd Pokémon can see both the past andthe future. It eyes the sun’s movement all day.,Xatu
s_3af877eb,2.0,,89,9.0,8.0,3.0,4,235,70,0,20,0,4,0,0.0,0.0,45.0,"If static elec­tricity builds inits body, itsfleece doubles involume. Touchingit will shock you.",Mareep
s_584086c6,3.0,id-270,136,5.0,12.0,9.0,4,120,50,0,15,0,4,0,0.0,0.0,,It is nocturnal and becomes active at nightfall.It feeds on aquatic mosses that growin the riverbed.,Lombre
s_584086c6,3.0,id-270,136,5.0,12.0,9.0,4,120,50,0,15,0,4,0,0.0,0.0,,It lives at the water’s edge where it is sunny.It sleeps on a bed of water grass by day andbecomes active at night.,Lombre
s_4003e267,3.0,,136,5.0,14.0,9.0,4,255,50,0,15,0,4,0,0.0,0.0,,"It searches about for clean water. If it does notdrink water for too long, the leaf on itshead wilts.",Lotad
s_4003e267,3.0,,136,5.0,14.0,9.0,4,255,50,0,15,0,4,0,0.0,0.0,,Its leaf grew too large for it to live on land.That is how it began to live floating in the water.,Lotad
s_8859de26,1.0,,43,8.0,14.0,9.0,4,225,50,0,20,0,2,0,0.0,0.0,,It can be found near the sea. The large pincersgrow back if they are torn out of their sockets.,Krabby
s_8859de26,1.0,,43,8.0,14.0,9.0,4,225,50,0,20,0,2,0,0.0,0.0,,"If it senses danger approaching, it cloaks itselfwith bubbles from its mouth so it will look bigger.",Krabby
s_73d83e5f,1.0,id-98,43,8.0,14.0,9.0,4,60,50,0,20,0,2,0,0.0,0.0,,"Its large and hard pincer has 10,000-horsepowerstrength. However, being so big, it is unwieldyto move.",Kingler
s_73d83e5f,1.0,id-98,43,8.0,14.0,9.0,4,60,50,0,20,0,2,0,0.0,0.0,,"Its oversized claw is very powerful, but when it’snot in battle, the claw just gets in the way.",Kingler
s_f2c59ac8,1.0,,42,10.0,12.0,3.0,4,190,70,0,20,0,2,0,0.0,0.0,,Puts enemies tosleep then eatstheir dreams.Occasionally getssick from eatingbad dreams.,Drowzee
s_088f8488,1.0,id-96,42,10.0,12.0,3.0,4,75,70,0,20,1,2,0,0.0,0.0,,"When it locks eyeswith an enemy, itwill use a mix ofPSI moves such asHYPNOSIS andCONFUSION.",Hypno
s_b96ac067,1.0,id-93,40,7.0,6.0,1.0,4,45,50,0,20,0,4,1,0.0,0.0,114.0,"On the night of a full moon, if shadows move ontheir own and laugh, it must be Gengar’s doing.",Gengar
s_b96ac067,1.0,id-93,40,7.0,6.0,1.0,4,45,50,0,20,0,4,1,0.0,0.0,114.0,It is said to emerge from darkness to steal thelives of those who become lost in mountains.,Gengar
s_a576ba60,1.0,,41,4.0,2.0,1.0,4,45,50,0,25,0,2,0,0.0,0.0,175.0,"As it digs through the ground, it absorbs manyhard objects. This is what makes its body so solid.",Onix
s_a576ba60,1.0,,41,4.0,2.0,1.0,4,45,50,0,25,0,2,0,0.0,0.0,175.0,"It rapidly bores through the ground at 50 mph bysquirming and twisting its massive, rugged body.",Onix
s_a7ba9545,1.0,,40,7.0,1.0,1.0,4,190,50,0,20,0,4,0,0.0,0.0,112.0,"Born from gases, anyone would faint if engulfedby its gaseous body, which contains poison.",Gastly
s_a7ba9545,1.0,,40,7.0,1.0,1.0,4,190,50,0,20,0,4,0,0.0,0.0,112.0,"With its gas-like body, it can sneak into any placeit desires. However, it can be blown away by wind.",Gastly
s_6392cd96,1.0,id-92,40,7.0,4.0,1.0,4,90,50,0,20,0,4,0,0.0,0.0,113.0,"Its tongue is made of gas. If licked, its victimstarts shaking constantly until deatheventually comes.",Haunter
s_6392cd96,1.0,id-92,40,7.0,4.0,1.0,4,90,50,0,20,0,4,0,0.0,0.0,113.0,"If you get the feeling of being watched in darknesswhen nobody is around, Haunter is there.",Haunter
s_b75f82f3,1.0,,39,7.0,1.0,7.0,4,190,50,0,20,0,1,0,0.0,0.0,,It swims facing backward by opening and closingits two-piece shell. It is surprisingly fast.,Shellder
s_b75f82f3,1.0,,39,7.0,1.0,7.0,4,190,50,0,20,0,1,0,0.0,0.0,,Its hard shell repels any kind of attack. It isvulnerable only when its shell is open.,Shellder
s_ce4f8432,1.0,id-90,39,7.0,1.0,7.0,4,60,50,0,20,0,1,0,0.0,0.0,,"Its shell is extremely hard. It cannot be shattered,even with a bomb. The shell opens only when itis attacking.",Cloyster
s_ce4f8432,1.0,id-90,39,7.0,1.0,7.0,4,60,50,0,20,0,1,0,0.0,0.0,,"Once it slams its shell shut, it is impossible toopen, even by those with superior strength.",Cloyster
s_19cb8371,2.0,,92,6.0,6.0,3.0,4,255,70,0,20,0,4,0,0.0,0.0,,"To keep from beingblown away by thewind, they gatherin clusters. Theydo enjoy gentlebreezes, though.",Hoppip
s_dade631f,2.0,id-61,26,5.0,12.0,9.0,4,45,50,0,20,1,4,0,0.0,0.0,,"At nightfall, these Pokémon appear on the shoresof lakes. They announce their territorial claims byletting out cries that sound like shouting.",Politoed
s_dade631f,2.0,id-61,26,5.0,12.0,9.0,4,45,50,0,20,1,4,0,0.0,0.0,,"The cry of a male is louder than that of a female.Male Politoed with deep, menacing voices findmore popularity with the opposite gender.",Politoed
s_e17a85e1,2.0,id-438,91,3.0,12.0,2.0,4,65,50,0,20,1,2,0,0.0,0.0,,"If a tree branch shakes when there is no wind, it’sa Sudowoodo, not a tree. It hides from the rain.",Sudowoodo
s_e17a85e1,2.0,id-438,91,3.0,12.0,2.0,4,65,50,0,20,1,2,0,0.0,0.0,,"It disguises itself as a tree to avoid attack. It hateswater, so it will disappear if it starts raining.",Sudowoodo
s_ff398dac,2.0,id-183,90,2.0,6.0,9.0,4,75,50,0,10,0,3,0,0.0,0.0,,"It spends most of its time in the water. On sunnydays, Azumarill floats on the surface of the waterand sunbathes.",Azumarill
s_ff398dac,2.0,id-183,90,2.0,6.0,9.0,4,75,50,0,10,0,3,0,0.0,0.0,,"These Pokémon create air-filled bubbles. WhenAzurill play in rivers, Azumarill will cover themwith these bubbles.",Azumarill
s_42fb9a61,2.0,id-298,90,2.0,6.0,9.0,4,190,50,0,10,0,3,0,0.0,0.0,,This Pokémon uses its round tail as a float. Theball of Marill’s tail is filled with nutrients thathave been turned into an oil.,Marill
s_42fb9a61,2.0,id-298,90,2.0,6.0,9.0,4,190,50,0,10,0,3,0,0.0,0.0,,"Even after Marill swims in a cold sea, its water-repellent fur dries almost as soon as Marill leavesthe water. That’s why this Pokémon is never cold.",Marill
s_790aa0e7,2.0,id-44,18,5.0,12.0,3.0,4,45,50,0,20,0,4,0,0.0,0.0,,"Plentiful in the tropics. When it dances, its petalsrub together and make a pleasant ringing sound.",Bellossom
s_790aa0e7,2.0,id-44,18,5.0,12.0,3.0,4,45,50,0,20,0,4,0,0.0,0.0,,Bellossom gather at times and appear to dance.They say that the dance is a ritual to summonthe sun.,Bellossom
s_7a9f17fe,2.0,id-180,89,10.0,6.0,3.0,4,45,70,0,20,0,4,1,0.0,0.0,47.0,The tail's tipshines brightlyand can be seenfrom far away. Itacts as a beaconfor lost people.,Ampharos
s_3ee86b85,2.0,id-179,89,6.0,6.0,3.0,4,120,70,0,20,0,4,0,0.0,0.0,46.0,"As a result ofstoring too muchelectricity, itdeveloped patcheswhere even downywool won't grow.",Flaaffy
s_db26719b,4.0,id-408,211,2.0,6.0,,1,45,70,0,30,0,5,0,0.0,0.0,,Its powerful head butt has enoughpower to shatter even the mostdurable things upon impact.,Rampardos
s_ff91bd8e,2.0,id-188,92,2.0,6.0,3.0,4,45,70,0,20,0,4,0,0.0,0.0,,"Once it catchesthe wind, it deft­ly controls itscotton-puff sporesto float, evenaround the world.",Jumpluff
s_29239732,2.0,id-187,92,5.0,6.0,3.0,4,120,70,0,20,0,4,0,0.0,0.0,,The bloom on topof its head opensand closes as thetemperature fluc­tuates up anddown.,Skiploom
s_81436b49,6.0,,349,3.0,5.0,,4,180,50,0,20,0,2,0,0.0,0.0,,Honedge’s soul once belonged to a person whowas killed a long time ago by the sword thatmakes up Honedge’s body.,Honedge
s_81436b49,6.0,,349,3.0,5.0,,4,180,50,0,20,0,2,0,0.0,0.0,,"The blue eye on the sword’s handguard is thetrue body of Honedge. With its old cloth, itdrains people’s lives away.",Honedge
s_8e0e13c0,6.0,id-677,348,2.0,6.0,,0,75,50,0,20,1,2,0,0.0,0.0,,"Revealing the eyelike patterns on the insides ofits ears will unleash its psychic powers. It normallykeeps the patterns hidden, however.",Meowstic
s_8e0e13c0,6.0,id-677,348,2.0,6.0,,0,75,50,0,20,1,2,0,0.0,0.0,,The defensive instinct of the males is strong.It’s when they’re protecting themselves or theirpartners that they unleash their full power.,Meowstic
s_8087cf97,7.0,,399,4.0,8.0,,-1,3,0,0,120,0,1,0,0.0,0.0,,Rumor has it that the theft of top-secret researchnotes led to a new instance of this Pokémonbeing created in the Galar region.,Type: Null
s_8087cf97,7.0,,399,4.0,8.0,,-1,3,0,0,120,0,1,0,0.0,0.0,,It was modeled after a mighty Pokémon of myth.The mask placed upon it limits its power in orderto keep it under control.,Type: Null
s_abdb4d6d,7.0,id-772,399,4.0,8.0,,-1,3,0,0,120,0,1,0,0.0,0.0,,A solid bond of trust between this Pokémon andits Trainer awakened the strength hidden withinSilvally. It can change its type at will.,Silvally
s_abdb4d6d,7.0,id-772,399,4.0,8.0,,-1,3,0,0,120,0,1,0,0.0,0.0,,The final factor needed to release thisPokémon’s true power was a strong bondwith a Trainer it trusts.,Silvally
s_dd11391a,7.0,,400,3.0,1.0,,-1,30,70,0,25,0,4,0,0.0,0.0,,"Originally making its home in the ozone layer,it hurtles to the ground when the shell enclosingits body grows too heavy.",Minior
s_e983e129,7.0,,401,2.0,12.0,,4,45,70,0,20,0,1,0,0.0,0.0,,"It is born asleep, and it dies asleep. All itsmovements are apparently no more than theresults of it tossing and turning in its dreams.",Komala
s_3be9bae8,7.0,,402,8.0,6.0,,4,70,50,0,20,0,2,0,0.0,0.0,,Explosive substances coat the shell on its back.Enemies that dare attack it will be blown awayby an immense detonation.,Turtonator
s_3be9bae8,7.0,,402,8.0,6.0,,4,70,50,0,20,0,2,0,0.0,0.0,,Eating sulfur in its volcanic habitat is what causesexplosive compounds to develop in its shell.Its droppings are also dangerously explosive.,Turtonator
s_38c7f47c,7.0,,403,4.0,6.0,,4,180,50,0,10,0,2,0,0.0,0.0,,"With the long hairs on its back, this Pokémontakes in electricity from other electric Pokémon.It stores what it absorbs in an electric sac.",Togedemaru
s_38c7f47c,7.0,,403,4.0,6.0,,4,180,50,0,10,0,2,0,0.0,0.0,,"When it’s in trouble, it curls up into a ball, makesits fur spikes stand on end, and then dischargeselectricity indiscriminately.",Togedemaru
s_7cbeb082,6.0,id-670,344,9.0,4.0,,8,45,70,0,20,0,2,0,0.0,0.0,,"It claims exquisite flower gardens as its territory,and it obtains power from basking in the energyemitted by flowering plants.",Florges
s_15482d5e,6.0,id-669,344,9.0,4.0,,8,120,70,0,20,0,2,0,0.0,0.0,,It flutters around fields of flowers and cares forflowers that are starting to wilt. It drawsout the hidden power of flowers to battle.,Floette
s_1a9096ac,6.0,id-672,345,3.0,8.0,,4,45,70,0,20,0,2,0,0.0,0.0,,It can tell how its Trainer is feeling bysubtle shifts in the grip on its horns.This empathic sense lets them run as if one being.,Gogoat
s_4a7d4255,6.0,,345,3.0,8.0,,4,200,70,0,20,0,2,0,0.0,0.0,,"Thought to be one of the first Pokémon to live inharmony with humans, it has a placid disposition.",Skiddo
s_fdac2163,6.0,id-674,346,9.0,12.0,,4,65,50,0,25,0,2,0,0.0,0.0,,"This Pokémon is quick to anger, and it has noproblem using its prodigious strength to get itsway. It lives for duels against Obstagoon.",Pangoro
s_fdac2163,6.0,id-674,346,9.0,12.0,,4,65,50,0,25,0,2,0,0.0,0.0,,"Using its leaf, Pangoro can predict the moves ofits opponents. It strikes with punches that canturn a dump truck into scrap with just one hit.",Pangoro
s_54a5fad1,6.0,,346,9.0,6.0,,4,220,50,0,25,0,2,0,0.0,0.0,,It chooses a Pangoro as its master and thenimitates its master’s actions. This is how it learnsto battle and hunt for prey.,Pancham
s_54a5fad1,6.0,,346,9.0,6.0,,4,220,50,0,25,0,2,0,0.0,0.0,,"Wanting to make sure it’s taken seriously,Pancham’s always giving others a glare.But if it’s not focusing, it ends up smiling.",Pancham
s_8bc442a2,6.0,,348,4.0,6.0,,4,190,50,0,20,0,2,0,0.0,0.0,,"Though Espurr’s expression never changes,behind that blank stare is an intense struggle tocontain its devastating psychic power.",Espurr
s_8bc442a2,6.0,,348,4.0,6.0,,4,190,50,0,20,0,2,0,0.0,0.0,,"There’s enough psychic power in Espurr to send awrestler flying, but because this power can’t becontrolled, Espurr finds it troublesome.",Espurr
s_59c218de,6.0,,347,9.0,8.0,,4,160,70,0,20,0,2,1,0.0,0.0,,Trimming its fluffy fur not only makesit more elegant but also increases theswiftness of its movements.,Furfrou
s_a4dcf17b,1.0,id-109,49,7.0,11.0,8.0,4,60,50,0,20,0,2,0,0.0,0.0,,It mixes gases between its two bodies.It’s said that these Pokémon were seenall over the Galar region back in the day.,Weezing
s_a4dcf17b,1.0,id-109,49,7.0,11.0,8.0,4,60,50,0,20,0,2,0,0.0,0.0,,"It can’t suck in air quite as well as a GalarianWeezing, but the toxins it creates are morepotent than those of its counterpart.",Weezing
s_fa1098e4,1.0,,9,7.0,2.0,3.0,4,255,70,0,20,0,2,0,0.0,0.0,54.0,"Moves silentlyand stealthily.Eats the eggs ofbirds, such asPIDGEY andSPEAROW, whole.",Ekans
s_977c3937,1.0,id-21,8,3.0,9.0,6.0,4,90,70,0,15,0,2,0,0.0,0.0,,"With its huge andmagnificent wings,it can keep aloftwithout everhaving to landfor rest.",Fearow
s_c8bbf24d,1.0,,8,3.0,9.0,6.0,4,255,70,0,15,0,2,0,0.0,0.0,,Eats bugs ingrassy areas. Ithas to flap itsshort wings athigh speed tostay airborne.,Spearow
s_3ce98706,1.0,id-19,7,3.0,8.0,3.0,4,127,70,0,15,1,2,0,0.0,0.0,,It uses its whis­kers to maintainits balance.It apparentlyslows down ifthey are cut off.,Raticate
s_8e0edc93,1.0,,11,10.0,6.0,6.0,4,255,50,0,20,0,2,0,0.0,0.0,,"It loves to bathe in the grit of dry, sandy areas.By sand bathing, the Pokémon rids itself of dirtand moisture clinging to its body.",Sandshrew
s_8e0edc93,1.0,,11,10.0,6.0,6.0,4,255,50,0,20,0,2,0,0.0,0.0,,"It burrows into the ground to create its nest. Ifhard stones impede its tunneling, it uses its sharpclaws to shatter them and then carries on digging.",Sandshrew
s_f0cea787,1.0,id-25,10,10.0,6.0,2.0,4,75,50,0,10,1,2,0,0.0,0.0,17.0,Its long tail serves as a ground to protect itselffrom its own high-voltage power.,Raichu
s_f0cea787,1.0,id-25,10,10.0,6.0,2.0,4,75,50,0,10,1,2,0,0.0,0.0,17.0,"If its electric pouches run empty, it raises its tailto gather electricity from the atmosphere.",Raichu
s_e9766258,1.0,id-172,10,10.0,8.0,2.0,4,190,50,0,10,1,2,0,0.0,0.0,16.0,Pikachu that can generate powerful electricityhave cheek sacs that are extra soft andsuper stretchy.,Pikachu
s_e9766258,1.0,id-172,10,10.0,8.0,2.0,4,190,50,0,10,1,2,0,0.0,0.0,16.0,"When Pikachu meet, they’ll touch their tailstogether and exchange electricity through themas a form of greeting.",Pikachu
s_05beeb2c,1.0,id-23,9,7.0,2.0,3.0,4,90,70,0,20,0,2,0,0.0,0.0,55.0,It is rumored thatthe ferociouswarning markingson its bellydiffer from areato area.,Arbok
s_9b15fd97,7.0,id-790,413,9.0,8.0,,-1,45,0,0,120,0,1,0,1.0,0.0,,"When light radiates from its body, this Pokémoncould almost appear to be the sun. It will dispelany darkness and light up the world.",Solgaleo
s_9b15fd97,7.0,id-790,413,9.0,8.0,,-1,45,0,0,120,0,1,0,1.0,0.0,,Solgaleo was once known as the Beast ThatDevours the Sun. Energy in the form of lightradiates boundlessly from it.,Solgaleo
s_2d6b16d3,3.0,id-322,162,8.0,8.0,4.0,4,150,70,0,20,1,2,1,0.0,0.0,,"CAMERUPT has a volcano inside its body.Magma of 18,000 degrees F coursesthrough its body.Occasionally, the humps on thisPOKéMON’s back erupt, spewing thesuperheated magma.",Camerupt
s_d74ba348,1.0,,12,2.0,8.0,3.0,8,235,50,0,20,0,4,0,0.0,0.0,,"Females are more sensitive to smells than males.While foraging, they’ll use their whiskers to checkwind direction and stay downwind of predators.",Nidoran♀
s_d74ba348,1.0,,12,2.0,8.0,3.0,8,235,50,0,20,0,4,0,0.0,0.0,,It uses its hard incisor teeth to crush and eatberries. The tip of a female Nidoran’s horn is abit more rounded than the tip of a male’s horn.,Nidoran♀
s_d968564b,1.0,id-27,11,10.0,6.0,6.0,4,90,50,0,20,0,2,0,0.0,0.0,,"The drier the area Sandslash lives in, the harderand smoother the Pokémon’s spikes will feelwhen touched.",Sandslash
s_d968564b,1.0,id-27,11,10.0,6.0,6.0,4,90,50,0,20,0,2,0,0.0,0.0,,"It climbs trees by hooking on with its sharp claws.Sandslash shares the berries it gathers, droppingthem down to Sandshrew waiting below the tree.",Sandslash
s_b2eb7adb,7.0,,387,5.0,7.0,,4,200,50,0,15,0,2,0,0.0,0.0,,It forms a water bubble at the rear of its bodyand then covers its head with it. Meeting anotherDewpider means comparing water-bubble sizes.,Dewpider
s_b2eb7adb,7.0,,387,5.0,7.0,,4,200,50,0,15,0,2,0,0.0,0.0,,"Dewpider normally lives underwater. When itcomes onto land in search of food, it takeswater with it in the form of a bubble on its head.",Dewpider
s_5d983bb9,6.0,,361,4.0,1.0,,-1,60,50,0,25,0,1,0,0.0,0.0,,"When beset by attackers, Carbink wipes them allout by firing high-energy beams from the gemsembedded in its body.",Carbink
s_5d983bb9,6.0,,361,4.0,1.0,,-1,60,50,0,25,0,1,0,0.0,0.0,,"It’s said that somewhere in the world, there’sa mineral vein housing a large pack of slumberingCarbink. It’s also said that this pack has a queen.",Carbink
s_be654014,3.0,,162,10.0,8.0,4.0,4,255,70,0,20,1,2,0,0.0,0.0,,"NUMEL is extremely dull witted - itdoesn’t notice being hit. However, itcan’t stand hunger for even a second.This POKéMON’s body is a seethingcauldron of boiling magma.",Numel
s_e37be817,6.0,,360,10.0,6.0,,4,180,50,0,20,0,2,0,0.0,0.0,,A Dedenne’s whiskers pick up electrical wavesother Dedenne send out. These Pokémon sharelocations of food or electricity with one another.,Dedenne
s_e37be817,6.0,,360,10.0,6.0,,4,180,50,0,20,0,2,0,0.0,0.0,,"Since Dedenne can’t generate much electricity onits own, it steals electricity from outlets or otherelectric Pokémon.",Dedenne
s_25454f15,1.0,,50,4.0,8.0,6.0,4,120,50,0,20,1,1,0,0.0,0.0,160.0,"Strong, but not too bright, this Pokémon canshatter even a skyscraper with its charging tackles.",Rhyhorn
s_25454f15,1.0,,50,4.0,8.0,6.0,4,120,50,0,20,1,1,0,0.0,0.0,160.0,"It can remember only one thing at a time. Once itstarts rushing, it forgets why it started.",Rhyhorn
s_4dab8877,6.0,id-704,362,7.0,2.0,,4,45,35,0,40,0,1,0,0.0,0.0,,"Although this Pokémon isn’t very strong, its bodyis coated in a caustic slime that can melt throughanything, so predators steer clear of it.",Sliggoo
s_4dab8877,6.0,id-704,362,7.0,2.0,,4,45,35,0,40,0,1,0,0.0,0.0,,The lump on its back contains its tiny brain.It thinks only of food and escaping its enemies.,Sliggoo
s_707f8e34,6.0,,362,7.0,2.0,,4,45,35,0,40,0,1,0,0.0,0.0,,"Because most of its body is water, it will dry up ifthe weather becomes too arid. It’s consideredthe weakest dragon Pokémon.",Goomy
s_707f8e34,6.0,,362,7.0,2.0,,4,45,35,0,40,0,1,0,0.0,0.0,,"Their horns are powerful sensors. As soon asGoomy pick up any sign of enemies, they go intohiding. This is how they’ve survived.",Goomy
s_7dfaf23a,6.0,,363,4.0,1.0,,4,75,50,0,20,0,3,0,0.0,0.0,,"This Pokémon is constantly collecting keys.Entrust a Klefki with important keys, and thePokémon will protect them no matter what.",Klefki
s_7dfaf23a,6.0,,363,4.0,1.0,,4,75,50,0,20,0,3,0,0.0,0.0,,"Klefki sucks in metal ions with the horn toppingits head. It seems this Pokémon loves keys somuch that its head needed to look like one, too.",Klefki
s_b194930d,2.0,,88,5.0,9.0,2.0,4,190,50,0,20,0,2,0,0.0,0.0,,It is extremely good at climbing tree trunks andlikes to eat the new sprouts on the trees.,Natu
s_b194930d,2.0,,88,5.0,9.0,2.0,4,190,50,0,20,0,2,0,0.0,0.0,,"Because its wings aren’t yet fully grown, it has tohop to get around. It is always staringat something.",Natu
s_b03ecb29,6.0,id-705,362,7.0,6.0,,4,45,35,0,40,0,1,0,0.0,0.0,,"Sometimes it misunderstands instructions andappears dazed or bewildered. Many Trainersdon’t mind, finding this behavior to be adorable.",Goodra
s_b03ecb29,6.0,id-705,362,7.0,6.0,,4,45,35,0,40,0,1,0,0.0,0.0,,Its form of offense is forcefully stretching out itshorns. The strikes land 100 times harder than anyblow from a heavyweight boxer.,Goodra
s_160b3ecc,5.0,,315,8.0,6.0,,4,45,50,0,30,0,2,0,0.0,0.0,,"Druddigon lives in caves, but it never skipssunbathing—it won’t be able to move if its bodygets too cold.",Druddigon
s_160b3ecc,5.0,,315,8.0,6.0,,4,45,50,0,30,0,2,0,0.0,0.0,,"Druddigon are vicious and cunning. They take upresidence in nests dug out by other Pokémon,treating the stolen nests as their own lairs.",Druddigon
s_87f0729c,3.0,id-281,140,9.0,12.0,8.0,4,45,35,0,20,0,1,1,0.0,0.0,11.0,It has the power to predict the future. Its powerpeaks when it is protecting its Trainer.,Gardevoir
s_87f0729c,3.0,id-281,140,9.0,12.0,8.0,4,45,35,0,20,0,1,1,0.0,0.0,11.0,"To protect its Trainer, it will expend all its psychicpower to create a small black hole.",Gardevoir
s_c33e1b37,3.0,,166,3.0,14.0,6.0,4,255,50,0,20,0,4,0,0.0,0.0,,"Its nest is a sloped, bowl-like pit in the desert.Once something has fallen in, there is no escape.",Trapinch
s_c33e1b37,3.0,,166,3.0,14.0,6.0,4,255,50,0,20,0,4,0,0.0,0.0,,It makes an inescapable conical pit and lies inwait at the bottom for prey to cometumbling down.,Trapinch
s_a00aca21,8.0,id-822,434,7.0,,,4,45,50,0,15,0,4,0,0.0,0.0,,This Pokémon reigns supreme in the skies of theGalar region. The black luster of its steel bodycould drive terror into the heart of any foe.,Corviknight
s_a00aca21,8.0,id-822,434,7.0,,,4,45,50,0,15,0,4,0,0.0,0.0,,"With their great intellect and flying skills, thesePokémon very successfully act as the Galarregion’s airborne taxi service.",Corviknight
s_9aa2d378,7.0,,407,5.0,5.0,,-1,25,50,0,25,0,2,0,0.0,0.0,,"After a piece of seaweed merged with debrisfrom a sunken ship, it was reborn as thisghost Pokémon.",Dhelmise
s_9aa2d378,7.0,,407,5.0,5.0,,-1,25,50,0,25,0,2,0,0.0,0.0,,"After lowering its anchor, it waits for its prey. Itcatches large Wailord and drains their life-force.",Dhelmise
s_295e1434,7.0,,406,9.0,2.0,,4,70,50,0,20,0,2,0,0.0,0.0,,"The mountains it calls home are nearly two milesin height. On rare occasions, it descends to playwith the children living in the towns below.",Drampa
s_295e1434,7.0,,406,9.0,2.0,,4,70,50,0,20,0,2,0,0.0,0.0,,"Drampa is a kind and friendly Pokémon—up untilit’s angered. When that happens, it stirs up agale and flattens everything around.",Drampa
s_1d4694e5,7.0,id-782,408,4.0,6.0,,4,45,50,0,40,0,1,0,0.0,0.0,,"The scaleless, scarred parts of its body aresigns of its strength. It shows them off todefeated opponents.",Hakamo-o
s_1d4694e5,7.0,id-782,408,4.0,6.0,,4,45,50,0,40,0,1,0,0.0,0.0,,"Before attacking its enemies, it clashes itsscales together and roars. Its sharp clawsshred the opposition.",Hakamo-o
s_c9357504,7.0,,408,4.0,8.0,,4,45,50,0,40,0,1,0,0.0,0.0,,They learn to fight by smashing their head scalestogether. The dueling strengthens both their skillsand their spirits.,Jangmo-o
s_c9357504,7.0,,408,4.0,8.0,,4,45,50,0,40,0,1,0,0.0,0.0,,Jangmo-o strikes its scales to communicate withothers of its kind. Its scales are actually fur that’sbecome as hard as metal.,Jangmo-o
s_78c3aec9,7.0,,409,10.0,4.0,,-1,3,50,0,15,0,1,0,1.0,0.0,,This guardian deity of Melemele is brimming withcuriosity. It summons thunderclouds and storestheir lightning inside its body.,Tapu Koko
s_088196b5,7.0,id-783,408,4.0,6.0,,4,45,50,0,40,0,1,0,0.0,0.0,,It clatters its tail scales to unnerve opponents.This Pokémon will battle only those who standsteadfast in the face of this display.,Kommo-o
s_088196b5,7.0,id-783,408,4.0,6.0,,4,45,50,0,40,0,1,0,0.0,0.0,,Certain ruins have paintings of ancient warriorswearing armor made of Kommo-o scales.,Kommo-o
s_c4e62971,7.0,,411,8.0,4.0,,-1,3,50,0,15,0,1,0,1.0,0.0,,"It pulls large trees up by the roots and swingsthem around. It causes vegetation to grow,and then it absorbs energy from the growth.",Tapu Bulu
s_e4aa0ce7,7.0,,410,6.0,4.0,,-1,3,50,0,15,0,1,0,1.0,0.0,,This guardian deity of Akala is guilelessly cruel.The fragrant aroma of flowers is the source ofits energy.,Tapu Lele
s_165d9848,7.0,,413,2.0,1.0,,-1,45,0,0,120,0,1,0,1.0,0.0,,This Pokémon came from another universe.Its gaseous body is so light that even a gentlebreeze can blow it away.,Cosmog
s_165d9848,7.0,,413,2.0,1.0,,-1,45,0,0,120,0,1,0,1.0,0.0,,"Cosmog is very curious but not very cautious,often placing itself in danger. If things start tolook dicey, it teleports away.",Cosmog
s_99c10bf1,4.0,id-221,112,3.0,8.0,,4,50,50,0,20,1,1,0,0.0,0.0,,"This Pokémon can be spotted in wall paintingsfrom as far back as 10,000 years ago. For awhile, it was thought to have gone extinct.",Mamoswine
s_99c10bf1,4.0,id-221,112,3.0,8.0,,4,50,50,0,20,1,1,0,0.0,0.0,,"It looks strong, and that’s exactly what it is.As the weather grows colder, its ice tusksgrow longer, thicker, and more impressive.",Mamoswine
s_8b7bec74,4.0,id-207,104,7.0,9.0,,4,30,70,0,20,0,4,0,0.0,0.0,,"It observes prey while hanginginverted from branches. When thechance presents itself, it swoops!",Gliscor
s_d333f99a,4.0,id-410,212,4.0,8.0,,1,45,70,0,30,0,5,0,0.0,0.0,164.0,Any frontal attack is repulsed.It is a docile Pokémon thatfeeds on grass and berries.,Bastiodon
s_6a13beda,4.0,,212,4.0,8.0,,1,45,70,0,30,0,5,0,0.0,0.0,163.0,A Pokémon that lived in junglesaround 100 million years ago. Itsfacial hide is extremely hard.,Shieldon
s_17694e09,4.0,id-412,213,5.0,5.0,,8,45,70,0,15,0,2,0,0.0,0.0,,"When BURMY evolved, its cloakbecame a part of this Pokémon’sbody. The cloak is never shed.",Wormadam
s_abb750a5,4.0,,213,5.0,5.0,,4,120,70,0,15,0,2,1,0.0,0.0,,"To shelter itself from cold, wintrywinds, it covers itself with a cloakmade of twigs and leaves.",Burmy
s_fdb7dd3b,4.0,,214,10.0,11.0,,1,120,50,0,15,1,4,0,0.0,0.0,,The members of the trio spend all their timetogether. Each one has a slightly different tastein nectar.,Combee
s_fdb7dd3b,4.0,,214,10.0,11.0,,1,120,50,0,15,1,4,0,0.0,0.0,,"It ceaselessly gathers nectar from sunrise tosundown, all for the sake of Vespiquen andthe swarm.",Combee
s_d91629fa,4.0,id-412,213,10.0,13.0,,0,45,70,0,15,0,2,0,0.0,0.0,,It loves the honey of flowersand steals honey collected byCOMBEE.,Mothim
s_4035d8e3,4.0,,215,9.0,8.0,,4,200,100,0,10,1,2,0,0.0,0.0,,It makes fur balls that cracklewith static electricity. It storesthem with berries in tree holes.,Pachirisu
s_9160a61a,4.0,id-415,214,10.0,13.0,,8,45,50,0,15,0,4,0,0.0,0.0,,It skillfully commands its grubs in battles with itsenemies. The grubs are willing to risk their livesto defend Vespiquen.,Vespiquen
s_9160a61a,4.0,id-415,214,10.0,13.0,,8,45,50,0,15,0,4,0,0.0,0.0,,Vespiquen that give off more pheromoneshave larger swarms of Combee attendants.,Vespiquen
s_8c3c4873,4.0,id-418,216,3.0,8.0,,4,75,70,0,20,1,2,0,0.0,0.0,,It floats using its well-developedflotation sac. It assists in therescues of drowning people.,Floatzel
s_6517bcc9,4.0,,216,3.0,8.0,,4,190,70,0,20,1,2,0,0.0,0.0,,It has a flotation sac that islike an inflatable collar. It floatson water with its head out.,Buizel
s_30192da8,8.0,id-821,434,2.0,,,4,120,50,0,15,0,4,0,0.0,0.0,,"Smart enough to use tools in battle, thesePokémon have been seen picking up rocks andflinging them or using ropes to wrap up enemies.",Corvisquire
s_30192da8,8.0,id-821,434,2.0,,,4,120,50,0,15,0,4,0,0.0,0.0,,The lessons of many harsh battles have taught ithow to accurately judge an opponent’s strength.,Corvisquire
s_69348a96,7.0,,429,4.0,,,-1,3,0,0,120,0,1,0,0.0,1.0,,"At the end of its life-span, Melmetal will rust andfall apart. The small shards left behind willeventually be reborn as Meltan.",Melmetal
s_69348a96,7.0,,429,4.0,,,-1,3,0,0,120,0,1,0,0.0,1.0,,Centrifugal force is behind the punches ofMelmetal’s heavy hex-nut arms. Melmetal is saidto deliver the strongest punches of all Pokémon.,Melmetal
s_ed923923,8.0,,435,2.0,,,4,255,50,0,15,0,2,0,0.0,0.0,,"A constant collector of information, this Pokémonis very smart. Very strong is what it isn’t.",Blipbug
s_ed923923,8.0,,435,2.0,,,4,255,50,0,15,0,2,0,0.0,0.0,,"Often found in gardens, this Pokémon has hairson its body that it uses to assess its surroundings.",Blipbug
s_6a22f928,8.0,id-824,435,10.0,,,4,120,50,0,15,0,2,0,0.0,0.0,,"It barely moves, but it’s still alive. Hiding in itsshell without food or water seems to haveawakened its psychic powers.",Dottler
s_6a22f928,8.0,id-824,435,10.0,,,4,120,50,0,15,0,2,0,0.0,0.0,,"As it grows inside its shell, it uses its psychicabilities to monitor the outside world andprepare for evolution.",Dottler
s_219034e5,8.0,id-825,435,8.0,,,4,45,50,0,15,0,2,0,0.0,0.0,,"It’s famous for its high level of intelligence, andthe large size of its brain is proof that it alsopossesses immense psychic power.",Orbeetle
s_219034e5,8.0,id-825,435,8.0,,,4,45,50,0,15,0,2,0,0.0,0.0,,It emits psychic energy to observe and studywhat’s around it—and what’s around it caninclude things over six miles away.,Orbeetle
s_30b6736d,8.0,,436,3.0,,,4,255,50,0,15,0,3,0,0.0,0.0,,"Aided by the soft pads on its feet, it silently raidsthe food stores of other Pokémon. It survives offits ill-gotten gains.",Nickit
s_30b6736d,8.0,,436,3.0,,,4,255,50,0,15,0,3,0,0.0,0.0,,"Cunning and cautious, this Pokémon survives bystealing food from others. It erases its tracks withswipes of its tail as it makes off with its plunder.",Nickit
s_32062a76,5.0,id-557,284,8.0,14.0,,4,75,50,0,20,0,2,0,0.0,0.0,,This highly territorial Pokémon prefers dryclimates. It won’t come out of its boulder onrainy days.,Crustle
s_32062a76,5.0,id-557,284,8.0,14.0,,4,75,50,0,20,0,2,0,0.0,0.0,,Its thick claws are its greatest weapons.They’re mighty enough to crackRhyperior’s carapace.,Crustle
s_2d343a3d,5.0,,285,10.0,6.0,,4,180,35,0,15,0,2,0,0.0,0.0,165.0,"If it locks eyes with you, watch out! Nothing andno one is safe from the reckless headbutts of thistroublesome Pokémon.",Scraggy
s_2d343a3d,5.0,,285,10.0,6.0,,4,180,35,0,15,0,2,0,0.0,0.0,165.0,It protects itself with its durable skin. It’s thoughtthat this Pokémon will evolve once its skin hascompletely stretched out.,Scraggy
s_2778d8f3,7.0,,427,10.0,12.0,,-1,3,0,0,120,0,1,0,0.0,1.0,,"It runs as fast as lightning strikes, shredding itsopponents with its high-voltage claws.",Zeraora
s_2778d8f3,7.0,,427,10.0,12.0,,-1,3,0,0,120,0,1,0,0.0,1.0,,"Electricity sparks from the pads on its limbs.Wherever Zeraora runs, lightning flashes andthunder echoes.",Zeraora
s_b5fa1fe4,5.0,,280,5.0,3.0,,4,25,50,0,40,0,2,0,0.0,0.0,,Anglers love the fight this Pokémon puts up onthe hook. And there are always more to catch—many people release them into lakes illicitly.,Basculin
s_b5fa1fe4,5.0,,280,5.0,3.0,,4,25,50,0,40,0,2,0,0.0,0.0,,"In the past, it often appeared on the dinnertable. The meat of red-striped Basculin is on thefatty side, and it’s more popular with the youth.",Basculin
s_9ef662ce,5.0,,281,3.0,8.0,,4,180,50,0,20,0,4,0,0.0,0.0,66.0,"The desert gets cold at night, so when the sunsets, this Pokémon burrows deep into the sandand sleeps until sunrise.",Sandile
s_9ef662ce,5.0,,281,3.0,8.0,,4,180,50,0,20,0,4,0,0.0,0.0,66.0,"Sandile is small, but its legs and lower body arepowerful. Pushing sand aside as it goes, Sandilemoves through the desert as if it’s swimming.",Sandile
s_bb19ee5c,1.0,,54,2.0,5.0,7.0,4,225,50,0,20,0,2,0,0.0,0.0,,"Horsea makes its home in oceans with gentlecurrents. If this Pokémon is under attack, it spitsout pitch-black ink and escapes.",Horsea
s_bb19ee5c,1.0,,54,2.0,5.0,7.0,4,225,50,0,20,0,2,0,0.0,0.0,,They swim with dance-like motions and causewhirlpools to form. Horsea compete to see whichof them can generate the biggest whirlpool.,Horsea
s_72e0ca3d,5.0,id-552,281,8.0,6.0,,4,45,50,0,20,0,4,0,0.0,0.0,68.0,This Pokémon is known as the Bully of the Sands.Krookodile’s mighty jaws can bite through heavyplates of iron with almost no effort at all.,Krookodile
s_72e0ca3d,5.0,id-552,281,8.0,6.0,,4,45,50,0,20,0,4,0,0.0,0.0,68.0,"While terribly aggressive, Krookodile also hasthe patience to stay hidden under sand for days,lying in wait for prey.",Krookodile
s_eaa1e5c0,5.0,,282,8.0,12.0,,4,120,50,0,20,0,4,0,0.0,0.0,142.0,"It derives its power from fire burning insideits body. If the fire dwindles, this Pokémon willimmediately fall asleep.",Darumaka
s_eaa1e5c0,5.0,,282,8.0,12.0,,4,120,50,0,20,0,4,0,0.0,0.0,142.0,"This popular symbol of good fortune will neverfall over in its sleep, no matter how it’s pushedor pulled.",Darumaka
s_7812e1d1,5.0,id-554,282,8.0,8.0,,4,60,50,0,20,0,4,1,0.0,0.0,143.0,The thick arms of this hot-blooded Pokémoncan deliver punches capable of obliterating adump truck.,Darmanitan
s_7812e1d1,5.0,id-554,282,8.0,8.0,,4,60,50,0,20,0,4,1,0.0,0.0,143.0,"This Pokémon’s power level rises along with thetemperature of its fire, which can reach 2,500degrees Fahrenheit.",Darmanitan
s_bd27cec1,5.0,,283,5.0,5.0,,4,255,50,0,20,0,2,0,0.0,0.0,,"With noises that could be mistaken for the rattlesof maracas, it creates an upbeat rhythm, startlingbird Pokémon and making them fly off in a hurry.",Maractus
s_bd27cec1,5.0,,283,5.0,5.0,,4,255,50,0,20,0,2,0,0.0,0.0,,"Once each year, this Pokémon scatters its seeds.They’re jam-packed with nutrients, making thema precious food source out in the desert.",Maractus
s_7565cff4,5.0,,284,8.0,14.0,,4,190,50,0,20,0,2,0,0.0,0.0,,"When it finds a stone appealing, it creates a holeinside it and uses it as its home. This Pokémon isthe natural enemy of Roggenrola and Rolycoly.",Dwebble
s_7565cff4,5.0,,284,8.0,14.0,,4,190,50,0,20,0,2,0,0.0,0.0,,"It first tries to find a rock to live in, but if thereare no suitable rocks to be found, Dwebble maymove in to the ports of a Hippowdon.",Dwebble
s_729e069f,2.0,,60,10.0,12.0,3.0,2,45,50,1,25,0,2,0,0.0,0.0,,"When a storm approaches, this Pokémon getsrestless. Once Elekid hears the sound of thunder,it gets full-on rowdy.",Elekid
s_729e069f,2.0,,60,10.0,12.0,3.0,2,45,50,1,25,0,2,0,0.0,0.0,,"It’s not good at storing electricity yet. ThisPokémon sneaks into people’s homes, lookingfor electrical outlets to eat electricity from.",Elekid
s_47842dbd,2.0,,59,6.0,12.0,8.0,8,45,50,1,25,0,2,0,0.0,0.0,,"If its face gets even slightly dirty, Smoochum willbathe immediately. But if its body gets dirty,Smoochum doesn’t really seem to care.",Smoochum
s_47842dbd,2.0,,59,6.0,12.0,8.0,8,45,50,1,25,0,2,0,0.0,0.0,,This is a very curious Pokémon. Smoochumdecides what it likes and dislikes by touchingthings with its lips.,Smoochum
s_0cb61e66,7.0,,425,4.0,8.0,,-1,30,0,0,120,0,1,0,0.0,0.0,,It appeared from an Ultra Wormhole. Each oneappears to be made up of many life-formsstacked one on top of each other.,Stakataka
s_1f1a0933,7.0,,390,1.0,8.0,,1,120,50,0,20,0,2,0,0.0,0.0,,Its venom sacs produce a fluid that thisPokémon then heats up with the flame in its tail.This process creates Salandit’s poisonous gas.,Salandit
s_1f1a0933,7.0,,390,1.0,8.0,,1,120,50,0,20,0,2,0,0.0,0.0,,This sneaky Pokémon will slink behind its preyand immobilize it with poisonous gas before theprey even realizes Salandit is there.,Salandit
s_5fc301b6,2.0,,119,2.0,8.0,6.0,4,120,70,0,20,0,2,0,0.0,0.0,,"It swings its longsnout around play­fully, but becauseit is so strong,that can be dan­gerous.",Phanpy
s_7297dd64,2.0,id-117,54,2.0,5.0,7.0,4,45,50,0,20,0,2,0,0.0,0.0,,"With the arrival of a storm at sea, this Pokémonwill show itself on the surface. When a Kingdraand a Dragonite meet, a fierce battle ensues.",Kingdra
s_7297dd64,2.0,id-117,54,2.0,5.0,7.0,4,45,50,0,20,0,2,0,0.0,0.0,,Scales shed by this Pokémon have such asplendorous gleam to them that they’ve beengiven to royalty as gifts.,Kingdra
s_ca0bca8f,2.0,id-137,68,8.0,7.0,8.0,-1,45,50,0,20,0,2,0,0.0,0.0,,This is a Porygon that was updated with specialdata. Porygon2 develops itself by learning aboutmany different subjects all on its own.,Porygon2
s_ca0bca8f,2.0,id-137,68,8.0,7.0,8.0,-1,45,50,0,20,0,2,0,0.0,0.0,,"After artificial intelligence was implemented inPorygon2, the Pokémon began using a strangelanguage that only other Porygon2 understand.",Porygon2
s_ed244e6c,2.0,id-231,119,4.0,8.0,6.0,4,60,70,0,20,1,2,0,0.0,0.0,,"It has sharp, hardtusks and a ruggedhide. Its TACKLEis strong enoughto knock down ahouse.",Donphan
s_cacf2e11,2.0,,121,9.0,6.0,8.0,4,45,70,0,20,0,3,0,0.0,0.0,,A special fluidoozes from the tipof its tail. Itpaints the fluideverywhere to markits territory.,Smeargle
s_83be256f,2.0,,120,3.0,8.0,2.0,4,45,70,0,20,0,1,0,0.0,0.0,,The curved antlerssubtly change theflow of air tocreate a strangespace where real­ity is distorted.,Stantler
s_262004ee,2.0,id-236,47,3.0,6.0,8.0,0,45,50,0,25,0,2,0,0.0,0.0,,"It launches kicks while spinning. If it spins at highspeed, it may bore its way into the ground.",Hitmontop
s_262004ee,2.0,id-236,47,3.0,6.0,8.0,0,45,50,0,25,0,2,0,0.0,0.0,,"After doing a handstand to throw off theopponent’s timing, it presents its fancy kick moves.",Hitmontop
s_d3bfd5f4,2.0,,47,7.0,12.0,8.0,0,75,50,1,25,0,2,0,0.0,0.0,,"It is always bursting with energy. To make itselfstronger, it keeps on fighting even if it loses.",Tyrogue
s_d3bfd5f4,2.0,,47,7.0,12.0,8.0,0,75,50,1,25,0,2,0,0.0,0.0,,"Even though it is small, it can’t be ignored becauseit will slug any handy target without warning.",Tyrogue
s_6c8301f3,4.0,,240,8.0,1.0,,-1,45,50,0,20,0,2,1,0.0,0.0,,One boy’s invention led to the development ofmany different machines that take advantage ofRotom’s unique capabilities.,Rotom
s_6c8301f3,4.0,,240,8.0,1.0,,-1,45,50,0,20,0,2,1,0.0,0.0,,"With a body made of plasma, it can inhabit allsorts of machines. It loves to surprise others.",Rotom
s_19d05d15,3.0,id-261,133,4.0,8.0,3.0,4,127,70,0,15,0,2,0,0.0,0.0,,MIGHTYENA gives obvious signals whenit is preparing to attack. It starts togrowl deeply and then flattens its body.This POKéMON will bite savagely with itssharply pointed fangs.,Mightyena
s_7cd42ad2,4.0,id-361,186,9.0,4.0,,8,75,50,0,20,0,2,0,0.0,0.0,95.0,"After a woman met her end on a snowy mountain,her regrets lingered on. From them, this Pokémonwas born. Its favorite food is frozen souls.",Froslass
s_7cd42ad2,4.0,id-361,186,9.0,4.0,,8,75,50,0,20,0,2,0,0.0,0.0,95.0,It spits out cold air of nearly −60 degreesFahrenheit to freeze its quarry. It brings frozenprey back to its lair and neatly lines them up.,Froslass
s_70719e38,3.0,,134,3.0,8.0,3.0,4,255,50,0,15,0,2,0,0.0,0.0,,It marks its territory by rubbing its bristly fur ontrees. This variety of Zigzagoon is friendlier andcalmer than the kind native to Galar.,Zigzagoon
s_70719e38,3.0,,134,3.0,8.0,3.0,4,255,50,0,15,0,2,0,0.0,0.0,,"Zigzagoon that adapted to regions outsideGalar acquired this appearance. If you’ve lostsomething, this Pokémon can likely find it.",Zigzagoon
s_3e9740b2,7.0,,378,3.0,8.0,,4,255,70,0,15,0,2,0,0.0,0.0,,"With its sharp fangs, it will bite anything.It did not originally live in Alola but wasimported from another region.",Yungoos
s_b014eb90,7.0,id-734,378,3.0,8.0,,4,127,70,0,15,0,2,0,0.0,0.0,,"When it finds a trace of its prey, it patientlystakes out the location...but it’s always snoozingby nightfall.",Gumshoos
s_234be78d,7.0,,379,4.0,14.0,,4,255,50,0,15,0,2,0,0.0,0.0,,"Its natural enemies, like Rookidee, mayflee rather than risk getting caught in its largemandibles that can snap thick tree branches.",Grubbin
s_234be78d,7.0,,379,4.0,14.0,,4,255,50,0,15,0,2,0,0.0,0.0,,"It uses its big jaws to dig nests into the forestfloor, and it loves to feed on sweet tree sap.",Grubbin
s_9f931596,7.0,id-736,379,5.0,2.0,,4,120,50,0,15,0,2,0,0.0,0.0,,"While its durable shell protects it from attacks,Charjabug strikes at enemies with jolts ofelectricity discharged from the tips of its jaws.",Charjabug
s_9f931596,7.0,id-736,379,5.0,2.0,,4,120,50,0,15,0,2,0,0.0,0.0,,Its digestive processes convert the leaves it eatsinto electricity. An electric sac in its belly storesthe electricity for later use.,Charjabug
s_1c12a3c3,7.0,id-729,376,2.0,3.0,,1,45,50,0,15,0,4,0,0.0,0.0,,"With its mouth, it makes sonic waves that soundlike beautiful singing. It uses the sonic waves tocontrol its water balloons.",Primarina
s_1c12a3c3,7.0,id-729,376,2.0,3.0,,1,45,50,0,15,0,4,0,0.0,0.0,,"For Primarina, every battle’s a stage. Its singingand the dancing of its balloons will mesmerizethe audience.",Primarina
s_daf29445,3.0,id-259,132,2.0,6.0,9.0,1,45,50,0,20,0,4,1,0.0,0.0,,SWAMPERT is very strong. It has enoughpower to easily drag a boulder weighingmore than a ton.This POKéMON also has powerful visionthat lets it see even in murky water.,Swampert
s_486ec97a,7.0,id-731,377,1.0,9.0,,4,120,70,0,15,0,2,0,0.0,0.0,,"It eats berries and stores their seeds in itsbeak. When it encounters enemies or prey,it fires off all the seeds in a burst.",Trumbeak
s_5a19a6a0,7.0,id-732,377,1.0,9.0,,4,45,70,0,15,0,2,0,0.0,0.0,,"When it battles, its beak heats up. Thetemperature can easily exceed 212 degreesFahrenheit, causing severe burns when it hits.",Toucannon
s_dd90874c,3.0,,133,4.0,8.0,3.0,4,255,70,0,15,0,2,0,0.0,0.0,,"At first sight, POOCHYENA takes a biteat anything that moves.This POKéMON chases after prey untilthe victim becomes exhausted.However, it may turn tail if the preystrikes back.",Poochyena
s_1517314d,7.0,id-737,379,2.0,14.0,,4,45,50,0,15,0,2,0,0.0,0.0,,"It builds up electricity in its abdomen, focuses itthrough its jaws, and then fires the electricity offin concentrated beams.",Vikavolt
s_1517314d,7.0,id-737,379,2.0,14.0,,4,45,50,0,15,0,2,0,0.0,0.0,,"If it carries a Charjabug to use as a spare battery,a flying Vikavolt can rapidly fire high-poweredbeams of electricity.",Vikavolt
s_500dda81,7.0,,380,7.0,14.0,,4,225,70,0,20,0,2,0,0.0,0.0,,"While guarding its weak points with its pincers,it looks for an opening and unleashes punches.When it loses, it foams at the mouth and faints.",Crabrawler
s_7698dfc4,1.0,id-236,47,3.0,12.0,8.0,0,45,50,0,25,0,2,0,0.0,0.0,,"Its punches slice the air. They are launched atsuch high speed, even a slight graze could causea burn.",Hitmonchan
s_7698dfc4,1.0,id-236,47,3.0,12.0,8.0,0,45,50,0,25,0,2,0,0.0,0.0,,"Its punches slice the air. However, it seems toneed a short break after fighting for three minutes.",Hitmonchan
s_d144f18d,3.0,,153,5.0,8.0,3.0,4,120,50,0,20,0,1,0,0.0,0.0,,It stores static electricity in its fur for discharging.It gives off sparks if a storm approaches.,Electrike
s_d144f18d,3.0,,153,5.0,8.0,3.0,4,120,50,0,20,0,1,0,0.0,0.0,,It stores electricity in its fur. It gives off sparksfrom all over its body in seasons when the air is dry.,Electrike
s_4ef79c0a,3.0,id-307,152,8.0,12.0,4.0,4,90,70,0,20,1,2,1,0.0,0.0,,"It is said that through meditation,MEDICHAM heightens energy insideits body and sharpens its sixth sense.This POKéMON hides its presence bymerging itself with fields andmountains.",Medicham
s_016e52a0,1.0,id-236,47,3.0,12.0,8.0,0,45,50,0,25,0,2,0,0.0,0.0,,This amazing Pokémon has an awesome sense ofbalance. It can kick in succession from any position.,Hitmonlee
s_016e52a0,1.0,id-236,47,3.0,12.0,8.0,0,45,50,0,25,0,2,0,0.0,0.0,,The legs freely contract and stretch. The stretchylegs allow it to hit a distant foe with a rising kick.,Hitmonlee
s_6ea1c293,3.0,id-304,151,4.0,8.0,4.0,4,90,35,0,35,0,1,0,0.0,0.0,150.0,"Lairon live in mountains brimming with springwater and iron ore, so these Pokémon oftencame into conflict with humans in the past.",Lairon
s_6ea1c293,3.0,id-304,151,4.0,8.0,4.0,4,90,35,0,35,0,1,0,0.0,0.0,150.0,"During territorial disputes, Lairon fight byslamming into each other. Close inspection oftheir steel armor reveals scratches and dents.",Lairon
s_fbac4310,3.0,,151,4.0,8.0,4.0,4,180,35,0,35,0,1,0,0.0,0.0,149.0,It eats iron ore—and sometimes railroad tracks—to build up the steel armor that protects its body.,Aron
s_fbac4310,3.0,,151,4.0,8.0,4.0,4,180,35,0,35,0,1,0,0.0,0.0,149.0,"When Aron evolves, its steel armor peels off. Inancient times, people would collect Aron’s shedarmor and make good use of it in their daily lives.",Aron
s_b6083150,3.0,,152,2.0,12.0,4.0,4,180,70,0,20,1,2,0,0.0,0.0,,"MEDITITE undertakes rigorous mentaltraining deep in the mountains.However, whenever it meditates, thisPOKéMON always loses its concentrationand focus. As a result, its trainingnever ends.",Meditite
s_afa0ceb0,3.0,id-305,151,4.0,6.0,4.0,4,45,35,0,35,0,1,1,0.0,0.0,151.0,Aggron has a horn sharp enough to perforatethick iron sheets. It brings down its opponents byramming into them horn first.,Aggron
s_afa0ceb0,3.0,id-305,151,4.0,6.0,4.0,4,45,35,0,35,0,1,1,0.0,0.0,151.0,"Long ago, there was a king who wore a helmetmeant to resemble the head of an Aggron. Hewas trying to channel the Pokémon’s strength.",Aggron
s_52c3788a,3.0,id-300,148,7.0,8.0,2.0,6,60,70,0,15,0,3,0,0.0,0.0,,"DELCATTY prefers to live an unfetteredexistence in which it can do as itpleases at its own pace.Because this POKéMON eats and sleepswhenever it decides, its daily routinesare completely random.",Delcatty
s_7dce70b7,3.0,,148,6.0,8.0,2.0,6,255,70,0,15,0,3,0,0.0,0.0,,SKITTY has the habit of becomingfascinated by moving objects andchasing them around.This POKéMON is known to chase afterits own tail and become dizzy.,Skitty
s_5822744b,3.0,,150,1.0,12.0,1.0,4,45,50,0,20,0,3,1,0.0,0.0,,"It uses its docile-looking face to lull foes intocomplacency, then bites with its huge,relentless jaws.",Mawile
s_5822744b,3.0,,150,1.0,12.0,1.0,4,45,50,0,20,0,3,1,0.0,0.0,,It chomps with its gaping mouth. Its huge jaws areactually steel horns that have been transformed.,Mawile
s_28b542a2,3.0,,149,7.0,12.0,1.0,4,45,35,0,25,0,4,1,0.0,0.0,,"This Pokémon is feared. When its gemstone eyesbegin to glow with a sinister shine, it’s believedthat Sableye will steal people’s spirits away.",Sableye
s_28b542a2,3.0,,149,7.0,12.0,1.0,4,45,35,0,25,0,4,1,0.0,0.0,,"It feeds on gemstone crystals. In darkness, itseyes sparkle with the glitter of jewels.",Sableye
s_0566c39e,1.0,id-239,60,10.0,6.0,3.0,2,45,50,0,25,0,2,0,0.0,0.0,,Many power plants keep Ground-type Pokémonaround as a defense against Electabuzz thatcome seeking electricity.,Electabuzz
s_0566c39e,1.0,id-239,60,10.0,6.0,3.0,2,45,50,0,25,0,2,0,0.0,0.0,,"With the coming of a storm, many of thesePokémon will gather under tall trees and sit therewaiting for lightning to strike.",Electabuzz
s_fca5b497,1.0,id-238,59,8.0,12.0,8.0,8,45,50,0,25,0,2,0,0.0,0.0,,"In certain parts of Galar, Jynx was once fearedand worshiped as the Queen of Ice.",Jynx
s_fca5b497,1.0,id-238,59,8.0,12.0,8.0,8,45,50,0,25,0,2,0,0.0,0.0,,The Jynx of Galar often have beautiful anddelicate voices. Some of these Pokémon haveeven gathered a fan base.,Jynx
s_ef9a0c45,1.0,,62,3.0,12.0,2.0,4,45,50,0,25,0,1,1,0.0,0.0,,"These Pokémon judge one another based onpincers. Thicker, more impressive pincers makefor more popularity with the opposite gender.",Pinsir
s_ef9a0c45,1.0,,62,3.0,12.0,2.0,4,45,50,0,25,0,1,1,0.0,0.0,,This Pokémon clamps its pincers down on its preyand then either splits the prey in half or flingsit away.,Pinsir
s_f14f2f46,1.0,id-240,61,8.0,6.0,4.0,2,45,50,0,25,0,2,0,0.0,0.0,,Magmar dispatches its prey with fire. But itregrets this habit once it realizes that it hasburned its intended prey to a charred crisp.,Magmar
s_f14f2f46,1.0,id-240,61,8.0,6.0,4.0,2,45,50,0,25,0,2,0,0.0,0.0,,These Pokémon’s bodies are constantly burning.Magmar are feared as one of the causesbehind fires.,Magmar
s_b171119d,1.0,id-120,56,7.0,5.0,7.0,-1,60,50,0,20,0,1,0,0.0,0.0,,This Pokémon has an organ known as its core.The organ glows in seven colors when Starmie isunleashing its potent psychic powers.,Starmie
s_b171119d,1.0,id-120,56,7.0,5.0,7.0,-1,60,50,0,20,0,1,0,0.0,0.0,,"Starmie swims by spinning its body at high speed.As this Pokémon cruises through the ocean, itabsorbs tiny plankton.",Starmie
s_0432abd3,1.0,id-61,26,2.0,12.0,9.0,4,45,50,0,20,0,4,0,0.0,0.0,,"Its body is solid muscle. When swimming throughcold seas, Poliwrath uses its impressive arms tosmash through drift ice and plow forward.",Poliwrath
s_0432abd3,1.0,id-61,26,2.0,12.0,9.0,4,45,50,0,20,0,4,0,0.0,0.0,,Poliwrath is skilled at both swimming and martialarts. It uses its well-trained arms to dish outpowerful punches.,Poliwrath
s_891b22c1,1.0,,58,5.0,13.0,3.0,4,45,50,0,25,1,2,0,0.0,0.0,188.0,"As Scyther fights more and more battles, itsscythes become sharper and sharper. With asingle slice, Scyther can fell a massive tree.",Scyther
s_891b22c1,1.0,,58,5.0,13.0,3.0,4,45,50,0,25,1,2,0,0.0,0.0,188.0,"If you come across an area in a forest where a lotof the trees have been cut down, what you’vefound is a Scyther’s territory.",Scyther
s_adaf1d09,1.0,id-439,57,6.0,12.0,8.0,4,45,50,0,25,0,2,0,0.0,0.0,,The broadness of its hands may be nocoincidence—many scientists believe its palmsbecame enlarged specifically for pantomiming.,Mr. Mime
s_adaf1d09,1.0,id-439,57,6.0,12.0,8.0,4,45,50,0,25,0,2,0,0.0,0.0,,It’s known for its top-notch pantomime skills.It protects itself from all sorts of attacks byemitting auras from its fingers to create walls.,Mr. Mime
s_06f562d6,1.0,id-102,45,10.0,7.0,2.0,4,45,50,0,20,0,1,0,0.0,0.0,,Each of Exeggutor’s three heads is thinkingdifferent thoughts. The three don’t seem to bevery interested in one another.,Exeggutor
s_06f562d6,1.0,id-102,45,10.0,7.0,2.0,4,45,50,0,20,0,1,0,0.0,0.0,,"When they work together, Exeggutor’s threeheads can put out powerful psychic energy.Cloudy days make this Pokémon sluggish.",Exeggutor
s_1327eb47,1.0,,64,8.0,3.0,9.0,4,255,50,0,5,1,1,0,0.0,0.0,13.0,It is virtually worthless in terms of both powerand speed. It is the most weak and patheticPokémon in the world.,Magikarp
s_1327eb47,1.0,,64,8.0,3.0,9.0,4,255,50,0,5,1,1,0,0.0,0.0,13.0,This weak and pathetic Pokémon gets easilypushed along rivers when there are strong currents.,Magikarp
s_0f54c70a,1.0,,63,3.0,8.0,3.0,0,45,50,0,20,0,1,0,0.0,0.0,,"When Tauros begins whipping itself with its tails,it’s a warning that the Pokémon is about tocharge with astounding speed.",Tauros
s_0f54c70a,1.0,,63,3.0,8.0,3.0,0,45,50,0,20,0,1,0,0.0,0.0,,"The Tauros of the Galar region are volatile innature, and they won’t allow people to ride ontheir backs.",Tauros
s_1c86b682,1.0,,29,5.0,12.0,2.0,4,255,70,0,20,0,4,0,0.0,0.0,,A carnivorousPOKéMON that trapsand eats bugs.It uses its rootfeet to soak upneeded moisture.,Bellsprout
s_fd26ddb6,1.0,id-67,28,4.0,12.0,4.0,2,45,50,0,20,0,4,0,0.0,0.0,100.0,It quickly swings its four arms to rock itsopponents with ceaseless punches and chopsfrom all angles.,Machamp
s_fd26ddb6,1.0,id-67,28,4.0,12.0,4.0,2,45,50,0,20,0,4,0,0.0,0.0,100.0,"With four arms that react more quickly than itcan think, it can execute many punches at once.",Machamp
s_60f47080,3.0,id-265,135,7.0,1.0,2.0,4,120,70,0,15,0,2,0,0.0,0.0,,"CASCOON makes its protective cocoonby wrapping its body entirely with afine silk from its mouth. Once the silkgoes around its body, it hardens.This POKéMON prepares for its evolutioninside the cocoon.",Cascoon
s_40a7ec4b,5.0,,277,8.0,14.0,,4,255,50,0,15,0,4,0,0.0,0.0,31.0,"Venipede and Sizzlipede are similar species,but when the two meet, a huge fight ensues.",Venipede
s_40a7ec4b,5.0,,277,8.0,14.0,,4,255,50,0,15,0,4,0,0.0,0.0,31.0,"Its fangs are highly venomous. If this Pokémonfinds prey it thinks it can eat, it leaps for themwithout any thought of how things might turn out.",Venipede
s_0e557ad1,3.0,id-268,135,5.0,13.0,2.0,4,45,70,0,15,1,2,0,0.0,0.0,,"DUSTOX is instinctively drawn to light.Swarms of this POKéMON are attractedby the bright lights of cities, wherethey wreak havoc by stripping theleaves off roadside trees for food.",Dustox
s_efd9ba39,5.0,,275,2.0,12.0,,0,45,50,0,20,0,2,0,0.0,0.0,,"If you see a Sawk training in the mountains in itssingle-minded pursuit of strength, it’s best toquietly pass by.",Sawk
s_efd9ba39,5.0,,275,2.0,12.0,,0,45,50,0,20,0,2,0,0.0,0.0,,The karate chops of a Sawk that’s trained itselfto the limit can cleave the ocean itself.,Sawk
s_9a60d8b5,5.0,id-599,305,4.0,11.0,,-1,60,50,0,20,0,4,0,0.0,0.0,,"When Klang goes all out, the minigear links upperfectly with the outer part of the big gear, andthis Pokémon’s rotation speed increases sharply.",Klang
s_9a60d8b5,5.0,id-599,305,4.0,11.0,,-1,60,50,0,20,0,4,0,0.0,0.0,,Many companies in the Galar region chooseKlang as their logo. This Pokémon is consideredthe symbol of industrial technology.,Klang
s_392b7887,5.0,id-600,305,4.0,11.0,,-1,30,50,0,20,0,4,0,0.0,0.0,,"From its spikes, it launches powerful blasts ofelectricity. Its red core contains an enormousamount of energy.",Klinklang
s_392b7887,5.0,id-600,305,4.0,11.0,,-1,30,50,0,20,0,4,0,0.0,0.0,,The three gears that compose this Pokémonspin at high speed. Its new spiked gear isn’ta living creature.,Klinklang
s_e34f44ad,5.0,,306,9.0,3.0,,4,190,70,0,20,0,1,0,0.0,0.0,,"While one alone doesn’t have much power,a chain of many Tynamo can be aspowerful as lightning.",Tynamo
s_db5626b8,5.0,id-602,306,2.0,3.0,,4,60,70,0,20,0,1,0,0.0,0.0,,They coil around foes and shock themwith electricity-generating organs thatseem simply to be circular patterns.,Eelektrik
s_5cd84bfe,5.0,id-603,306,2.0,3.0,,4,30,70,0,20,0,1,0,0.0,0.0,,They crawl out of the ocean using theirarms. They will attack prey on shore andimmediately drag it into the ocean.,Eelektross
s_8128c22e,5.0,,307,2.0,6.0,,4,255,50,0,20,0,2,0,0.0,0.0,,"If this Pokémon stands near a TV, strange scenerywill appear on the screen. That scenery is saidto be from its home.",Elgyem
s_8128c22e,5.0,,307,2.0,6.0,,4,255,50,0,20,0,2,0,0.0,0.0,,This Pokémon was discovered about 50 yearsago. Its highly developed brain enables it toexert its psychic powers.,Elgyem
s_a1f483e2,5.0,id-605,307,3.0,12.0,,4,90,50,0,20,0,2,0,0.0,0.0,,"Whenever a Beheeyem visits a farm,a Dubwool mysteriously disappears.",Beheeyem
s_a1f483e2,5.0,id-605,307,3.0,12.0,,4,90,50,0,20,0,2,0,0.0,0.0,,"Sometimes found drifting above wheat fields,this Pokémon can control the memories ofits opponents.",Beheeyem
s_acfaf0f1,5.0,,308,9.0,5.0,,4,190,50,0,20,0,4,0,0.0,0.0,37.0,The flame on its head keeps its body slightlywarm. This Pokémon takes lost children by thehand to guide them to the spirit world.,Litwick
s_acfaf0f1,5.0,,308,9.0,5.0,,4,190,50,0,20,0,4,0,0.0,0.0,37.0,"The younger the life this Pokémon absorbs,the brighter and eerier the flame on itshead burns.",Litwick
s_515f8bbb,5.0,id-607,308,1.0,4.0,,4,90,50,0,20,0,4,0,0.0,0.0,38.0,"This Pokémon appears just before someonepasses away, so it’s feared as an emissaryof death.",Lampent
s_515f8bbb,5.0,id-607,308,1.0,4.0,,4,90,50,0,20,0,4,0,0.0,0.0,38.0,"It lurks in cities, pretending to be a lamp.Once it finds someone whose death is near,it will trail quietly after them.",Lampent
s_e2a93971,5.0,id-608,308,1.0,4.0,,4,45,50,0,20,0,4,0,0.0,0.0,39.0,This Pokémon haunts dilapidated mansions.It sways its arms to hypnotize opponents withthe ominous dancing of its flames.,Chandelure
s_e2a93971,5.0,id-608,308,1.0,4.0,,4,45,50,0,20,0,4,0,0.0,0.0,39.0,"In homes illuminated by Chandelure instead oflights, funerals were a constant occurrence—or so it’s said.",Chandelure
s_c6898c10,7.0,,388,6.0,6.0,,4,190,50,0,20,0,2,0,0.0,0.0,,"When bathed in sunlight, this Pokémon emits apleasantly sweet scent, which causes bugPokémon to gather around it.",Fomantis
s_c6898c10,7.0,,388,6.0,6.0,,4,190,50,0,20,0,2,0,0.0,0.0,,"During the day, Fomantis basks in sunlight andsleeps peacefully. It wakes and moves aroundat night.",Fomantis
s_f3fd3df0,8.0,id-868,452,9.0,,,8,100,50,0,20,0,2,0,0.0,0.0,,"When it trusts a Trainer, it will treat them toberries it’s decorated with cream.",Alcremie
s_f3fd3df0,8.0,id-868,452,9.0,,,8,100,50,0,20,0,2,0,0.0,0.0,,"When Alcremie is content, the cream itsecretes from its hands becomes sweeterand richer.",Alcremie
s_e3a4384f,5.0,id-548,279,5.0,5.0,,8,75,50,0,20,0,2,0,0.0,0.0,44.0,It’s believed that even first-rate gardeners have ahard time getting the flower on a Lilligant’s headto bloom.,Lilligant
s_e3a4384f,5.0,id-548,279,5.0,5.0,,8,75,50,0,20,0,2,0,0.0,0.0,44.0,"Essential oils made from Lilligant flowershave a sublime scent, but they’re alsostaggeringly expensive.",Lilligant
s_59531016,5.0,,279,5.0,5.0,,8,190,50,0,20,0,2,0,0.0,0.0,43.0,Petilil appears around sources of clean water.Boiling leaves from this Pokémon’s head results ina liquid that’s sometimes used as a bug repellent.,Petilil
s_59531016,5.0,,279,5.0,5.0,,8,190,50,0,20,0,2,0,0.0,0.0,43.0,"The deeper the color of a Petilil’s leaves, thehealthier the Pokémon is. Petilil sometimes makesits home in a well-tended field or flowerbed.",Petilil
s_db23e4d0,5.0,id-634,323,2.0,6.0,,4,45,35,0,40,0,1,0,0.0,0.0,92.0,There are a slew of stories about villages thatwere destroyed by Hydreigon. It bites anythingthat moves.,Hydreigon
s_db23e4d0,5.0,id-634,323,2.0,6.0,,4,45,35,0,40,0,1,0,0.0,0.0,92.0,The three heads take turns sinking their teeth intothe opponent. Their attacks won’t slow until theirtarget goes down.,Hydreigon
s_470c9333,8.0,id-562,287,4.0,,,4,90,50,0,25,0,2,0,0.0,0.0,,"A powerful curse was woven into an ancientpainting. After absorbing the spirit of a Yamask,the painting began to move.",Runerigus
s_470c9333,8.0,id-562,287,4.0,,,4,90,50,0,25,0,2,0,0.0,0.0,,"Never touch its shadowlike body, or you’ll beshown the horrific memories behind the picturecarved into it.",Runerigus
s_e1fc2411,4.0,,204,3.0,6.0,,1,45,70,0,20,0,4,0,0.0,0.0,115.0,It agilely scales sheer cliffs tolive atop craggy mountains. Itsfire is put out when it sleeps.,Chimchar
s_4f719d86,5.0,id-633,323,2.0,8.0,,4,45,35,0,40,0,1,0,0.0,0.0,91.0,"While hunting for prey, Zweilous wanders itsterritory, its two heads often bickering overwhich way to go.",Zweilous
s_4f719d86,5.0,id-633,323,2.0,8.0,,4,45,35,0,40,0,1,0,0.0,0.0,91.0,Their two heads will fight each other over asingle piece of food. Zweilous are covered inscars even without battling others.,Zweilous
s_5a761d61,4.0,id-390,204,3.0,6.0,,1,45,70,0,20,0,4,0,0.0,0.0,116.0,"To intimidate attackers, itstretches the fire on its tailto make itself appear bigger.",Monferno
s_ee1196b8,5.0,id-636,324,9.0,13.0,,4,15,50,0,40,0,1,0,0.0,0.0,174.0,Volcarona scatters burning scales. Some say itdoes this to start fires. Others say it’s trying torescue those that suffer in the cold.,Volcarona
s_ee1196b8,5.0,id-636,324,9.0,13.0,,4,15,50,0,40,0,1,0,0.0,0.0,174.0,This Pokémon emerges from a cocoon formed ofraging flames. Ancient murals depict Volcarona asa deity of fire.,Volcarona
s_f4575347,5.0,,324,9.0,14.0,,4,45,50,0,40,0,1,0,0.0,0.0,173.0,The people of ancient times believed thatLarvesta fell from the sun.,Larvesta
s_f4575347,5.0,,324,9.0,14.0,,4,45,50,0,40,0,1,0,0.0,0.0,173.0,Larvesta’s body is warm all over. It spouts firefrom the tips of its horns to intimidate predatorsand scare prey.,Larvesta
s_a8d4e286,5.0,,321,8.0,6.0,,4,90,50,0,20,0,2,0,0.0,0.0,,"There’s a hole in its tail that allows it to draw inthe air it needs to keep its fire burning. If thehole gets blocked, this Pokémon will fall ill.",Heatmor
s_a8d4e286,5.0,,321,8.0,6.0,,4,90,50,0,20,0,2,0,0.0,0.0,,"A flame serves as its tongue, melting through thehard shell of Durant so that Heatmor can devourtheir insides.",Heatmor
s_e19b5023,5.0,id-629,320,3.0,9.0,,8,60,35,0,20,0,1,0,0.0,0.0,,"Although it’s a bit of a ruffian, this Pokémon willtake lost Vullaby under its wing and care for themtill they’re ready to leave the nest.",Mandibuzz
s_e19b5023,5.0,id-629,320,3.0,9.0,,8,60,35,0,20,0,1,0,0.0,0.0,,"They adorn themselves with bones. There seemto be fashion trends among them, as differentbones come into and fall out of popularity.",Mandibuzz
s_67febd13,5.0,,323,2.0,8.0,,4,45,35,0,40,0,1,0,0.0,0.0,90.0,"When it encounters something, its first urge isusually to bite it. If it likes what it tastes, it willcommit the associated scent to memory.",Deino
s_67febd13,5.0,,323,2.0,8.0,,4,45,35,0,40,0,1,0,0.0,0.0,90.0,"Because it can’t see, this Pokémon is constantlybiting at everything it touches, trying to keeptrack of its surroundings.",Deino
s_ec478e6a,5.0,,322,4.0,14.0,,4,90,50,0,20,0,2,0,0.0,0.0,,"They lay their eggs deep inside their nests.When attacked by Heatmor, they retaliateusing their massive mandibles.",Durant
s_ec478e6a,5.0,,322,4.0,14.0,,4,90,50,0,20,0,2,0,0.0,0.0,,"With their large mandibles, these Pokémon cancrunch their way through rock. They worktogether to protect their eggs from Sandaconda.",Durant
s_4a92bfd8,8.0,,452,9.0,,,8,200,50,0,20,0,2,0,0.0,0.0,,This Pokémon was born from sweet-smellingparticles in the air. Its body is made of cream.,Milcery
s_4a92bfd8,8.0,,452,9.0,,,8,200,50,0,20,0,2,0,0.0,0.0,,They say that any patisserie visited by Milceryis guaranteed success and good fortune.,Milcery
s_09954f22,4.0,id-397,206,3.0,9.0,,4,45,70,0,15,1,4,0,0.0,0.0,28.0,It has a savage nature. It willcourageously challenge foes thatare much larger.,Staraptor
s_0bc1b5f4,8.0,id-222,113,9.0,,,6,30,50,0,20,0,3,0,0.0,0.0,,Its shell is overflowing with its heightenedotherworldly energy. The ectoplasm serves asprotection for this Pokémon’s core spirit.,Cursola
s_0bc1b5f4,8.0,id-222,113,9.0,,,6,30,50,0,20,0,3,0,0.0,0.0,,Be cautious of the ectoplasmic bodysurrounding its soul. You’ll becomestiff as stone if you touch it.,Cursola
s_4f143237,8.0,id-83,35,9.0,,,4,45,50,0,20,0,2,0,0.0,0.0,,"Only Farfetch’d that have survived many battlescan attain this evolution. When this Pokémon’sleek withers, it will retire from combat.",Sirfetch’d
s_4f143237,8.0,id-83,35,9.0,,,4,45,50,0,20,0,2,0,0.0,0.0,,"After deflecting attacks with its hard leaf shield,it strikes back with its sharp leek stalk. The leekstalk is both weapon and food.",Sirfetch’d
s_70f75618,8.0,id-122,57,7.0,,,4,45,50,0,25,0,2,0,0.0,0.0,,It’s highly skilled at tap-dancing. It waves its caneof ice in time with its graceful movements.,Mr. Rime
s_70f75618,8.0,id-122,57,7.0,,,4,45,50,0,25,0,2,0,0.0,0.0,,Its amusing movements make it very popular.It releases its psychic power from the patternon its belly.,Mr. Rime
s_3f4d517a,4.0,,207,3.0,8.0,,4,255,70,0,15,1,2,0,0.0,0.0,29.0,"With nerves of steel, nothing canperturb it. It is more agile andactive than it appears.",Bidoof
s_08321aa7,8.0,id-859,451,6.0,,,0,120,50,0,20,0,2,0,0.0,0.0,,"When it gets down on all fours as if to beg forforgiveness, it’s trying to lure opponents in sothat it can stab them with its spear-like hair.",Morgrem
s_08321aa7,8.0,id-859,451,6.0,,,0,120,50,0,20,0,2,0,0.0,0.0,,"With sly cunning, it tries to lure people into thewoods. Some believe it to have the power tomake crops grow.",Morgrem
s_57a63736,8.0,id-860,451,7.0,,,0,45,50,0,20,0,2,0,0.0,0.0,,"With the hair wrapped around its body helping toenhance its muscles, this Pokémon can overwhelmeven Machamp.",Grimmsnarl
s_57a63736,8.0,id-860,451,7.0,,,0,45,50,0,20,0,2,0,0.0,0.0,,"Its hairs work like muscle fibers. When its hairsunfurl, they latch on to opponents, ensnaringthem as tentacles would.",Grimmsnarl
s_2560e839,8.0,id-264,134,4.0,,,4,45,50,0,15,0,2,0,0.0,0.0,,Its voice is staggering in volume. Obstagoonhas a tendency to take on a threatening postureand shout—this move is known as Obstruct.,Obstagoon
s_2560e839,8.0,id-264,134,4.0,,,4,45,50,0,15,0,2,0,0.0,0.0,,"It evolved after experiencing numerous fights.While crossing its arms, it lets out a shout thatwould make any opponent flinch.",Obstagoon
s_690e81d5,8.0,id-52,22,3.0,,,4,90,50,0,20,0,2,0,0.0,0.0,,What appears to be an iron helmet is actuallyhardened hair. This Pokémon lives for the thrillof battle.,Perrserker
s_690e81d5,8.0,id-52,22,3.0,,,4,90,50,0,20,0,2,0,0.0,0.0,,"After many battles, it evolved dangerousclaws that come together to form daggerswhen extended.",Perrserker
s_cb343082,3.0,id-433,184,2.0,4.0,3.0,4,45,70,0,25,0,3,0,0.0,0.0,53.0,"CHIMECHO makes its cries echoinside its hollow body. When thisPOKéMON becomes enraged, its criesresult in ultrasonic waves that havethe power to knock foes flying.",Chimecho
s_91585ea5,5.0,id-517,265,6.0,12.0,,4,75,50,0,10,0,3,0,0.0,0.0,73.0,"When dark mists emanate from its body, don’tget too near. If you do, your nightmares willbecome reality.",Musharna
s_91585ea5,5.0,id-517,265,6.0,12.0,,4,75,50,0,10,0,3,0,0.0,0.0,73.0,"It drowses and dreams all the time. It’s best toleave it be if it’s just woken up, as it’s a terriblegrump when freshly roused from sleep.",Musharna
s_9ccd2c5c,5.0,,266,4.0,9.0,,4,255,50,0,15,0,4,0,0.0,0.0,,"Where people go, these Pokémon follow.If you’re scattering food for them, be careful—several hundred of them can gather at once.",Pidove
s_9ccd2c5c,5.0,,266,4.0,9.0,,4,255,50,0,15,0,4,0,0.0,0.0,,"It’s forgetful and not very bright, but manyTrainers love it anyway for its friendlinessand sincerity.",Pidove
s_d21a12f2,5.0,id-513,263,8.0,6.0,,1,75,70,0,20,0,2,0,0.0,0.0,139.0,It loves sweets because they becomeenergy for the fire burning insideits body.,Simisear
s_366993b5,5.0,,264,2.0,6.0,,1,190,70,0,20,0,2,0,0.0,0.0,140.0,The water stored inside the tuft onits head is full of nutrients. Plantsthat receive its water grow large.,Panpour
s_af67b43b,5.0,id-515,264,2.0,6.0,,1,75,70,0,20,0,2,0,0.0,0.0,141.0,"The tuft on its head holds water. Whenthe level runs low, it replenishes thetuft by siphoning up water with its tail.",Simipour
s_65105109,5.0,,265,6.0,8.0,,4,190,50,0,10,0,3,0,0.0,0.0,72.0,"Late at night, it appears beside people’s pillows.As it feeds on dreams, the patterns on its bodygive off a faint glow.",Munna
s_65105109,5.0,,265,6.0,8.0,,4,190,50,0,10,0,3,0,0.0,0.0,72.0,"It eats dreams and releases mist. The mist is pinkwhen it’s eating a good dream, and black whenit’s eating a nightmare.",Munna
s_d5d44b74,5.0,id-509,261,7.0,8.0,,4,90,50,0,20,0,2,0,0.0,0.0,,Don’t be fooled by its gorgeous fur and elegantfigure. This is a moody and vicious Pokémon.,Liepard
s_d5d44b74,5.0,id-509,261,7.0,8.0,,4,90,50,0,20,0,2,0,0.0,0.0,,This stealthy Pokémon sneaks up behind preywithout making any sound at all. It competes withThievul for territory.,Liepard
s_3be47623,5.0,,262,5.0,6.0,,1,190,70,0,20,0,2,0,0.0,0.0,136.0,This Pokémon dwells deep in the forest.Eating a leaf from its head whisksweariness away as if by magic.,Pansage
s_e8959011,5.0,id-511,262,5.0,6.0,,1,75,70,0,20,0,2,0,0.0,0.0,137.0,"Ill tempered, it fights by swinging itsbarbed tail around wildly. The leafgrowing on its head is very bitter.",Simisage
s_8b0d14b4,5.0,,263,8.0,6.0,,1,190,70,0,20,0,2,0,0.0,0.0,138.0,"When it is angered, the temperatureof its head tuft reaches 600° F.It uses its tuft to roast berries.",Pansear
s_c5fdffbe,7.0,,384,2.0,3.0,,4,60,50,0,15,0,3,0,0.0,0.0,,"Individually, they’re incredibly weak. It’s bygathering up into schools that they’re ableto confront opponents.",Wishiwashi
s_c5fdffbe,7.0,,384,2.0,3.0,,4,60,50,0,15,0,3,0,0.0,0.0,,"When it senses danger, its eyes tear up.The sparkle of its tears signals otherWishiwashi to gather.",Wishiwashi
s_04e2bba7,3.0,,174,8.0,14.0,9.0,4,205,50,0,15,0,6,0,0.0,0.0,,"No matter how dirty the water in the river, it willadapt and thrive. It has a strong will to survive.",Corphish
s_04e2bba7,3.0,,174,8.0,14.0,9.0,4,205,50,0,15,0,6,0,0.0,0.0,,It was originally a Pokémon from afar that escapedto the wild. It can adapt to the dirtiest river.,Corphish
s_c984ac1f,2.0,,107,10.0,14.0,4.0,4,190,50,0,20,0,4,0,0.0,0.0,,"It stores berries inside its shell. To avoid attacks,it hides beneath rocks and remains completely still.",Shuckle
s_c984ac1f,2.0,,107,10.0,14.0,4.0,4,190,50,0,20,0,4,0,0.0,0.0,,"The berries stored in its vaselike shell eventuallybecome a thick, pulpy juice.",Shuckle
s_ddade14b,3.0,,175,3.0,4.0,6.0,-1,255,50,0,20,0,2,0,0.0,0.0,,It moves while spinning around on its single foot.Some Baltoy have been seen spinning ontheir heads.,Baltoy
s_ddade14b,3.0,,175,3.0,4.0,6.0,-1,255,50,0,20,0,2,0,0.0,0.0,,"It was discovered in ancient ruins. While moving,it constantly spins. It stands on one foot evenwhen asleep.",Baltoy
s_5106db82,3.0,id-341,174,8.0,14.0,9.0,4,155,50,0,15,0,6,0,0.0,0.0,,A rough customer that wildly flails its giant claws.It is said to be extremely hard to raise.,Crawdaunt
s_5106db82,3.0,id-341,174,8.0,14.0,9.0,4,155,50,0,15,0,6,0,0.0,0.0,,A brutish Pokémon that loves to battle. It willcrash itself into any foe that approaches its nest.,Crawdaunt
s_282cea04,3.0,,176,7.0,5.0,7.0,1,45,50,0,30,0,5,0,0.0,0.0,,"This Pokémon was restored from a fossil.Lileep once lived in warm seas that existedapproximately 100,000,000 years ago.",Lileep
s_282cea04,3.0,,176,7.0,5.0,7.0,1,45,50,0,30,0,5,0,0.0,0.0,,"Lileep clings to rocks on the seabed. When preycomes close, this Pokémon entangles it withpetallike tentacles.",Lileep
s_ed05ea91,3.0,id-343,175,1.0,4.0,6.0,-1,90,50,0,20,0,2,0,0.0,0.0,,"This mysterious Pokémon started life as an ancientclay figurine made over 20,000 years ago.",Claydol
s_ed05ea91,3.0,id-343,175,1.0,4.0,6.0,-1,90,50,0,20,0,2,0,0.0,0.0,,It appears to have been born from clay dollsmade by ancient people. It uses telekinesis tofloat and move.,Claydol
s_e84d2c76,3.0,,177,4.0,14.0,9.0,1,45,50,0,30,0,5,0,0.0,0.0,171.0,"This Pokémon was restored from a fossil.Anorith lived in the ocean about 100,000,000years ago, hunting with its pair of claws.",Anorith
s_e84d2c76,3.0,,177,4.0,14.0,9.0,1,45,50,0,30,0,5,0,0.0,0.0,171.0,Anorith can swim swiftly by pulling its eight wingsthrough the water like oars on a boat. ThisPokémon is an ancestor of modern bug Pokémon.,Anorith
s_a3263103,2.0,id-123,58,8.0,13.0,3.0,4,25,50,0,25,1,2,1,0.0,0.0,189.0,Bulky pincers account for one third of Scizor’sbody weight. A single swing of one of thesepincers will crush a boulder completely.,Scizor
s_a3263103,2.0,id-123,58,8.0,13.0,3.0,4,25,50,0,25,1,2,1,0.0,0.0,189.0,"Though its body is slim, Scizor has tremendousattacking power. Even Scizor’s muscles are madeof metal.",Scizor
s_dc351dc8,3.0,,178,3.0,3.0,9.0,4,255,50,0,20,0,5,0,0.0,0.0,,"Although unattractive and unpopular, thisPokémon’s marvelous vitality has made it asubject of research.",Feebas
s_dc351dc8,3.0,,178,3.0,3.0,9.0,4,255,50,0,20,0,5,0,0.0,0.0,,"It is a shabby and ugly Pokémon. However, it isvery hardy and can survive on little water.",Feebas
s_1b7c5846,3.0,id-347,177,4.0,6.0,9.0,1,45,50,0,30,0,5,0,0.0,0.0,172.0,"After evolution, this Pokémon emerged ontoland. Its lower body has become stronger, andblows from its tail are devastating.",Armaldo
s_1b7c5846,3.0,id-347,177,4.0,6.0,9.0,1,45,50,0,30,0,5,0,0.0,0.0,172.0,"Though it lives on land, it’s also a good swimmer.It dives into the ocean in search of prey, using itssharp claws to take down its quarry.",Armaldo
s_dbaf5599,6.0,id-667,343,3.0,8.0,,7,65,70,0,20,1,4,0,0.0,0.0,,The male with the largest mane of fireis the leader of the pride.,Pyroar
s_cab3c625,4.0,id-176,87,9.0,9.0,,1,30,50,0,10,0,3,0,0.0,0.0,,"These Pokémon are never seen anywhere nearconflict or turmoil. In recent times, they’ve hardlybeen seen at all.",Togekiss
s_cab3c625,4.0,id-176,87,9.0,9.0,,1,30,50,0,10,0,3,0,0.0,0.0,,"Known as a bringer of blessings, it’sbeen depicted on good-luck charmssince ancient times.",Togekiss
s_15dd1bc1,4.0,id-193,95,5.0,13.0,,4,30,70,0,20,0,2,0,0.0,0.0,,"By churning its wings, it createsshock waves that inflict criticalinternal injuries to foes.",Yanmega
s_b356df6d,5.0,id-580,295,9.0,9.0,,4,45,70,0,20,0,2,0,0.0,0.0,,Swanna start to dance at dusk.The one dancing in the middle isthe leader of the flock.,Swanna
s_f341273b,5.0,,295,2.0,9.0,,4,190,70,0,20,0,2,0,0.0,0.0,,These bird Pokémon are excellent divers.They swim around in the water eatingtheir favorite food--peat moss.,Ducklett
s_f32a9325,5.0,,298,9.0,8.0,,4,200,50,0,20,0,2,0,0.0,0.0,180.0,"As Emolga flutters through the air, it crackleswith electricity. This Pokémon is cute, but it cancause a lot of trouble.",Emolga
s_f32a9325,5.0,,298,9.0,8.0,,4,200,50,0,20,0,2,0,0.0,0.0,180.0,This Pokémon absolutely loves sweet berries.Sometimes it stuffs its cheeks full of so muchfood that it can’t fly properly.,Emolga
s_d9f901e7,5.0,id-585,297,3.0,8.0,,4,75,70,0,20,0,2,1,0.0,0.0,,They migrate according to the seasons.People can tell the season by looking atSawsbuck’s horns.,Sawsbuck
s_0eb46360,5.0,,297,6.0,8.0,,4,190,70,0,20,0,2,1,0.0,0.0,,"The color and scent of their fur changesto match the mountain grass. When theysense hostility, they hide in the grass.",Deerling
s_5df8a47c,5.0,id-583,296,9.0,11.0,,4,45,50,0,20,0,1,0,0.0,0.0,,"When its anger reaches a breaking point, thisPokémon unleashes a fierce blizzard that freezesevery creature around it, be they friend or foe.",Vanilluxe
s_5df8a47c,5.0,id-583,296,9.0,11.0,,4,45,50,0,20,0,1,0,0.0,0.0,,People believe this Pokémon formed when twoVanillish stuck together. Its body temperature isroughly 21 degrees Fahrenheit.,Vanilluxe
s_4f15b8c9,4.0,id-459,239,9.0,6.0,,4,60,50,0,20,1,1,1,0.0,0.0,,"If it sees any packs of Darumaka going afterSnover, it chases them off, swinging its sizablearms like hammers.",Abomasnow
s_4f15b8c9,4.0,id-459,239,9.0,6.0,,4,60,50,0,20,1,1,1,0.0,0.0,,This Pokémon is known to bring blizzards.A shake of its massive body is enough tocause whiteout conditions.,Abomasnow
s_d3bdaaf8,4.0,id-215,109,1.0,6.0,,4,45,35,0,20,1,4,0,0.0,0.0,182.0,They attack their quarry in packs. Prey as largeas Mamoswine easily fall to the teamwork ofa group of Weavile.,Weavile
s_d3bdaaf8,4.0,id-215,109,1.0,6.0,,4,45,35,0,20,1,4,0,0.0,0.0,182.0,"With its claws, it leaves behind signs for itsfriends to find. The number of distinct signsis said to be over 500.",Weavile
s_ef10efe5,4.0,id-82,34,4.0,4.0,,-1,30,50,0,20,0,2,0,0.0,0.0,,Some say that Magnezone receives signals fromspace via the antenna on its head and that it’sbeing controlled by some mysterious being.,Magnezone
s_ef10efe5,4.0,id-82,34,4.0,4.0,,-1,30,50,0,20,0,2,0,0.0,0.0,,"It’s thought that a special magnetic field changedthe molecular structure of this Pokémon’s body,and that’s what caused the Pokémon’s evolution.",Magnezone
s_cbe27c53,4.0,id-108,48,6.0,12.0,,4,30,50,0,20,0,2,0,0.0,0.0,,Lickilicky’s strange tongue can stretch to manytimes the length of its body. No one has figuredout how Lickilicky’s tongue can stretch so far.,Lickilicky
s_cbe27c53,4.0,id-108,48,6.0,12.0,,4,30,50,0,20,0,2,0,0.0,0.0,,"Lickilicky can do just about anything with itstongue, which is as dexterous as the human hand.In contrast, Lickilicky’s use of its fingers is clumsy.",Lickilicky
s_d1ba20e5,4.0,id-112,50,4.0,6.0,,4,30,50,0,20,1,1,0,0.0,0.0,162.0,It can load up to three projectiles per arm intothe holes in its hands. What launches out of thoseholes could be either rocks or Roggenrola.,Rhyperior
s_d1ba20e5,4.0,id-112,50,4.0,6.0,,4,30,50,0,20,1,1,0,0.0,0.0,162.0,"It relies on its carapace to deflect incomingattacks and throw its enemy off balance. As soonas that happens, it drives its drill into the foe.",Rhyperior
s_cc3c9758,4.0,id-114,52,2.0,12.0,,4,30,50,0,20,1,2,0,0.0,0.0,,"Tangrowth has two arms that it can extend as itpleases. Recent research has shown that thesearms are, in fact, bundles of vines.",Tangrowth
s_cc3c9758,4.0,id-114,52,2.0,12.0,,4,30,50,0,20,1,2,0,0.0,0.0,,"Vine growth is accelerated for Tangrowth living inwarm climates. If the vines grow long, Tangrowthshortens them by tearing parts of them off.",Tangrowth
s_1a116443,4.0,id-125,60,10.0,6.0,,2,30,50,0,25,0,2,0,0.0,0.0,,The amount of electrical energy this Pokémonproduces is proportional to the rate of its pulse.The voltage jumps while Electivire is battling.,Electivire
s_1a116443,4.0,id-125,60,10.0,6.0,,2,30,50,0,25,0,2,0,0.0,0.0,,"In terms of electrical-energy output, Electivireis one of the best among all Electric Pokémon.It discharges high-voltage currents from its tails.",Electivire
s_d24439fd,4.0,id-126,61,8.0,6.0,,2,30,50,0,25,0,2,0,0.0,0.0,,"When Magmortar inhales deeply, the fire burningin its belly intensifies, rising in temperature toover 3,600 degrees Fahrenheit.",Magmortar
s_d24439fd,4.0,id-126,61,8.0,6.0,,2,30,50,0,25,0,2,0,0.0,0.0,,Living in the crater of a volcano has caused thisPokémon’s body to resemble its environment—it has an organ similar to a magma chamber.,Magmortar
s_a9043236,2.0,id-42,17,7.0,13.0,1.0,4,90,50,0,15,0,2,0,0.0,0.0,25.0,"Both of its legs have turned into wings. Without asound, Crobat flies swiftly toward its prey andsinks its fangs into the nape of its target’s neck.",Crobat
s_a9043236,2.0,id-42,17,7.0,13.0,1.0,4,90,50,0,15,0,2,0,0.0,0.0,25.0,This Pokémon flaps its four wings skillfully.Crobat can fly through cramped caves withoutneeding to slow down.,Crobat
s_e7b81cf3,2.0,,122,6.0,6.0,3.0,8,45,50,0,20,0,1,0,0.0,0.0,,"Miltank produces highly nutritious milk, so it’sbeen supporting the lives of people and otherPokémon since ancient times.",Miltank
s_e7b81cf3,2.0,,122,6.0,6.0,3.0,8,45,50,0,20,0,1,0,0.0,0.0,,"This Pokémon needs to be milked every day,or else it will fall ill. The flavor of Miltank milkchanges with the seasons.",Miltank
s_26b3d763,2.0,id-113,51,6.0,12.0,8.0,8,30,140,0,40,0,3,0,0.0,0.0,,"Whenever a Blissey finds a weakened Pokémon,it will share its egg and offer its care until theother Pokémon is all better.",Blissey
s_26b3d763,2.0,id-113,51,6.0,12.0,8.0,8,30,140,0,40,0,3,0,0.0,0.0,,Blissey lays mysterious eggs that are filled withhappiness. It’s said that anyone who eats aBlissey egg will start acting kindly to all others.,Blissey
s_69ef130b,2.0,,123,10.0,8.0,3.0,-1,3,35,0,80,0,1,0,1.0,0.0,,The rain clouds itcarries let itfire thunderboltsat will. They saythat it descendedwith lightning.,Raikou
s_86cd7aaf,2.0,,124,3.0,8.0,3.0,-1,3,35,0,80,0,1,0,1.0,0.0,,"Volcanoes eruptwhen it barks. Un­able to restrainits extreme power,it races headlongaround the land.",Entei
s_3f21fd6a,2.0,,125,2.0,8.0,3.0,-1,3,35,0,80,0,1,0,1.0,0.0,,"Said to be thereincarnation ofnorth winds, itcan instantlypurify filthy,murky water.",Suicune
s_a5709c7a,2.0,,126,5.0,6.0,4.0,4,45,35,0,40,0,1,0,0.0,0.0,79.0,"Born deep underground, it comesaboveground and becomes a pupa once ithas finished eating the surrounding soil.",Larvitar
s_a5709c7a,2.0,,126,5.0,6.0,4.0,4,45,35,0,40,0,1,0,0.0,0.0,79.0,"It feeds on soil. After it has eaten a largemountain, it will fall asleep so it can grow.",Larvitar
s_44ae41db,2.0,id-246,126,4.0,2.0,4.0,4,45,35,0,40,0,1,0,0.0,0.0,80.0,"Even sealed in its shell, it can move freely.Hard and fast, it has outstandingdestructive power.",Pupitar
s_44ae41db,2.0,id-246,126,4.0,2.0,4.0,4,45,35,0,40,0,1,0,0.0,0.0,80.0,"It will not stay still, even while it’s a pupa.It already has arms and legs under its solid shell.",Pupitar
s_0fa2e87f,2.0,id-247,126,5.0,6.0,4.0,4,45,35,0,40,0,1,1,0.0,0.0,81.0,"Its body can’t be harmed by any sort of attack,so it is very eager to make challengesagainst enemies.",Tyranitar
s_0fa2e87f,2.0,id-247,126,5.0,6.0,4.0,4,45,35,0,40,0,1,1,0.0,0.0,81.0,The quakes caused when it walks make evengreat mountains crumble and changethe surrounding terrain.,Tyranitar
s_7307e234,2.0,,127,9.0,9.0,5.0,-1,3,0,0,120,0,1,0,1.0,0.0,,It is said that itquietly spends itstime deep at thebottom of the seabecause its powersare too strong.,Lugia
s_f79a4bcd,2.0,,83,3.0,9.0,2.0,4,255,50,0,15,0,2,0,0.0,0.0,,"It always stands on one foot. It changes feet sofast, the movement can rarely be seen.",Hoothoot
s_f79a4bcd,2.0,,83,3.0,9.0,2.0,4,255,50,0,15,0,2,0,0.0,0.0,,It begins to hoot at the same time every day.Some Trainers use them in place of clocks.,Hoothoot
s_12e20797,2.0,id-161,82,3.0,8.0,3.0,4,90,70,0,15,0,2,0,0.0,0.0,,It makes a nest tosuit its long andskinny body. Thenest is impossiblefor other POKéMONto enter.,Furret
s_9e7931fa,2.0,,84,8.0,9.0,2.0,4,255,70,0,15,1,3,0,0.0,0.0,,It is very timid.It will be afraidto move if it isalone. But it willbe active if it isin a group.,Ledyba
s_85d4ad6d,2.0,id-163,83,3.0,9.0,2.0,4,90,50,0,15,0,2,0,0.0,0.0,,Its eyes are specially developed to enable it tosee clearly even in murky darkness and minimal light.,Noctowl
s_85d4ad6d,2.0,id-163,83,3.0,9.0,2.0,4,90,50,0,15,0,2,0,0.0,0.0,,"When it needs to think, it rotates its head180 degrees to sharpen its intellectual power.",Noctowl
s_b18546dc,2.0,,85,5.0,14.0,2.0,4,255,70,0,15,0,3,0,0.0,0.0,,"It lies still inthe same pose fordays in its web,waiting for itsunsuspecting preyto wander close.",Spinarak
s_c819aba1,2.0,id-165,84,8.0,9.0,2.0,4,90,70,0,15,1,3,0,0.0,0.0,,"When the starsflicker in thenight sky, itflutters about,scattering aglowing powder.",Ledian
s_76f3caeb,6.0,id-661,341,8.0,9.0,,4,120,50,0,15,0,4,0,0.0,0.0,,"Fletchinder launches embers into the den ofits prey. When the prey comes leaping out,Fletchinder’s sharp talons finish it off.",Fletchinder
s_76f3caeb,6.0,id-661,341,8.0,9.0,,4,120,50,0,15,0,4,0,0.0,0.0,,Fletchinder are exceedingly territorial andaggressive. These Pokémon fight amongthemselves over feeding grounds.,Fletchinder
s_d304cd39,6.0,id-662,341,8.0,9.0,,4,45,50,0,15,0,4,0,0.0,0.0,,"Talonflame mainly preys upon other birdPokémon. To intimidate opponents, it sendsembers spewing from gaps between its feathers.",Talonflame
s_d304cd39,6.0,id-662,341,8.0,9.0,,4,45,50,0,15,0,4,0,0.0,0.0,,"Talonflame dives toward prey at speeds of up to310 mph and assaults them with powerful kicks,giving the prey no chance to escape.",Talonflame
s_6e2776a8,2.0,id-218,111,8.0,2.0,4.0,4,75,70,0,20,0,2,0,0.0,0.0,,The shell on itsback is just skinthat has cooledand hardened. Itbreaks easily witha slight touch.,Magcargo
s_ac9e4519,5.0,,331,1.0,6.0,,-1,3,0,0,120,0,1,0,1.0,0.0,198.0,"When the interior part of its tail spins like amotor, Zekrom can generate many bolts oflightning to blast its surroundings.",Zekrom
s_ac9e4519,5.0,,331,1.0,6.0,,-1,3,0,0,120,0,1,0,1.0,0.0,198.0,"Mythology tells us that if people lose therighteousness in their hearts, their kingdomswill be razed by Zekrom’s lightning.",Zekrom
s_6a7d8bdb,5.0,,332,3.0,4.0,,0,3,90,0,120,0,1,1,1.0,0.0,,Lands visited by Landorus grant suchbountiful crops that it has been hailedas “The Guardian of the Fields.”,Landorus
s_5cf2c09e,5.0,,333,4.0,6.0,,-1,3,0,0,120,0,1,1,1.0,0.0,,"Dwelling within it is a power even greater thanthat of Reshiram or Zekrom, but the extremecold keeps that power bound.",Kyurem
s_5cf2c09e,5.0,,333,4.0,6.0,,-1,3,0,0,120,0,1,1,1.0,0.0,,It appears that this Pokémon uses its powers overice to freeze its own body in order to stabilize itscellular structure.,Kyurem
s_4075a878,2.0,,111,8.0,2.0,4.0,4,190,70,0,20,0,2,0,0.0,0.0,,"It never sleeps.It has to keepmoving because ifit stopped, itsmagma body wouldcool and harden.",Slugma
s_99011fcb,5.0,,327,5.0,8.0,,-1,3,35,0,80,0,1,0,1.0,0.0,,A legend tells of this Pokémon workingtogether with Cobalion and Terrakion toprotect the Pokémon of the Unova region.,Virizion
s_99011fcb,5.0,,327,5.0,8.0,,-1,3,35,0,80,0,1,0,1.0,0.0,,"It darts around opponents with a flurry of quickmovements, slicing them up with its horns.",Virizion
s_17474df0,5.0,,328,5.0,4.0,,0,3,90,0,120,0,1,1,1.0,0.0,,The lower half of its body is wrapped ina cloud of energy. It zooms throughthe sky at 200 mph.,Tornadus
s_98d60dc8,5.0,,329,2.0,4.0,,0,3,90,0,120,0,1,1,1.0,0.0,,Countless charred remains mar thelandscape of places through whichThundurus has passed.,Thundurus
s_83a340a4,5.0,,330,9.0,9.0,,-1,3,0,0,120,0,1,0,1.0,0.0,197.0,Flames spew from its tail as it flies through thesky like a jet airplane. It’s said that this Pokémonwill scorch the world.,Reshiram
s_83a340a4,5.0,,330,9.0,9.0,,-1,3,0,0,120,0,1,0,1.0,0.0,197.0,"According to myth, if people ignore truth andlet themselves become consumed by greed,Reshiram will arrive to burn their kingdoms down.",Reshiram
s_87d33d87,6.0,id-665,342,9.0,13.0,,4,45,70,0,15,0,2,0,0.0,0.0,,Vivillon with many different patterns arefound all over the world. These patternsare affected by the climate of their habitat.,Vivillon
s_5dbec2b8,6.0,id-653,338,8.0,6.0,,1,45,70,0,20,0,4,0,0.0,0.0,,"It has a twig stuck in its tail. Withfriction from its tail fur, it sets thetwig on fire and launches into battle.",Braixen
s_ceae7aab,5.0,,335,9.0,12.0,,-1,3,100,0,120,0,1,1,0.0,1.0,,Its melodies are sung with a specialvocalization method that can controlthe feelings of those who hear it.,Meloetta
s_d1f10de6,5.0,,336,7.0,12.0,,-1,3,0,0,120,0,1,1,0.0,1.0,,"Over 300 million years ago, it was fearedas the strongest of hunters.It has been modified by Team Plasma.",Genesect
s_13c2debe,6.0,,343,3.0,8.0,,7,220,70,0,20,0,4,0,0.0,0.0,,"The stronger the opponent it faces,the more heat surges from its maneand the more power flows through its body.",Litleo
s_146c1434,8.0,id-885,466,5.0,,,4,45,50,0,40,0,1,0,0.0,0.0,,It’s capable of flying faster than 120 mph.It battles alongside Dreepy anddotes on them until they successfully evolve.,Drakloak
s_146c1434,8.0,id-885,466,5.0,,,4,45,50,0,40,0,1,0,0.0,0.0,,"Without a Dreepy to place on its head andcare for, it gets so uneasy it’ll try to substituteany Pokémon it finds for the missing Dreepy.",Drakloak
s_2afafb77,8.0,id-886,466,5.0,,,4,45,50,0,40,0,1,0,0.0,0.0,,"When it isn’t battling, it keeps Dreepy in theholes on its horns. Once a fight starts, it launchesthe Dreepy like supersonic missiles.",Dragapult
s_2afafb77,8.0,id-886,466,5.0,,,4,45,50,0,40,0,1,0,0.0,0.0,,Apparently the Dreepy inside Dragapult’shorns eagerly look forward to being launched outat Mach speeds.,Dragapult
s_e1856006,8.0,,465,9.0,,,4,45,50,0,30,0,2,0,0.0,0.0,,"Its body resembles polished metal, and it’s bothlightweight and strong. The only drawback is thatit rusts easily.",Duraludon
s_e1856006,8.0,,465,9.0,,,4,45,50,0,30,0,2,0,0.0,0.0,,"The special metal that composes its body is verylight, so this Pokémon has considerable agility.It lives in caves because it dislikes the rain.",Duraludon
s_0cf41cf5,8.0,id-811,430,5.0,,,1,45,50,0,20,0,4,0,0.0,0.0,,"By drumming, it taps into the power of its specialtree stump. The roots of the stump follow itsdirection in battle.",Rillaboom
s_0cf41cf5,8.0,id-811,430,5.0,,,1,45,50,0,20,0,4,0,0.0,0.0,,The one with the best drumming techniquesbecomes the boss of the troop. It has a gentledisposition and values harmony among its group.,Rillaboom
s_7c12043a,8.0,,463,5.0,,,-1,45,50,0,35,0,1,0,0.0,0.0,,Powerful legs and jaws made it the apex predatorof its time. Its own overhunting of its prey waswhat drove it to extinction.,Dracovish
s_7c12043a,8.0,,463,5.0,,,-1,45,50,0,35,0,1,0,0.0,0.0,,"Its mighty legs are capable of running atspeeds exceeding 40 mph, but this Pokémoncan’t breathe unless it’s underwater.",Dracovish
s_213831b5,6.0,,342,1.0,14.0,,4,255,70,0,15,0,2,0,0.0,0.0,,"When under attack from bird Pokémon,it spews a poisonous black powderthat causes paralysis on contact.",Scatterbug
s_0c95eefe,7.0,,397,3.0,2.0,,4,140,50,0,15,0,2,0,0.0,0.0,,Grudges of the dead have possessed a mound ofsand and become a Pokémon. Sandygast is fondof the shovel on its head.,Sandygast
s_0c95eefe,7.0,,397,3.0,2.0,,4,140,50,0,15,0,2,0,0.0,0.0,,"Sandygast mainly inhabits beaches. It takescontrol of anyone who puts their hand into itsmouth, forcing them to make its body bigger.",Sandygast
s_d79f58fb,7.0,id-767,396,4.0,12.0,,4,45,50,0,20,0,2,0,0.0,0.0,,"It will do anything to win, taking advantage ofevery opening and finishing opponents off withthe small claws on its front legs.",Golisopod
s_d79f58fb,7.0,id-767,396,4.0,12.0,,4,45,50,0,20,0,2,0,0.0,0.0,,"They live in sunken ships or in holes in theseabed. When Golisopod and Grapploctbattle, the loser becomes the winner’s meal.",Golisopod
s_5f8045ae,7.0,,396,4.0,10.0,,4,90,50,0,20,0,2,0,0.0,0.0,,"It’s nature’s cleaner—it eats anything andeverything, including garbage and rotten things.The ground near its nest is always clean.",Wimpod
s_5f8045ae,7.0,,396,4.0,10.0,,4,90,50,0,20,0,2,0,0.0,0.0,,"Wimpod gather in swarms, constantly on thelookout for danger. They scatter the momentthey detect an enemy’s presence.",Wimpod
s_1226c26c,7.0,,395,9.0,6.0,,4,45,50,0,20,0,1,0,0.0,0.0,,"Displaying amazing teamwork, they follow theorders of their boss as they all help out in thesearch for their favorite berries.",Passimian
s_1226c26c,7.0,,395,9.0,6.0,,4,45,50,0,20,0,1,0,0.0,0.0,,"Passimian live in groups of about 20, witheach member performing an assigned role.Through cooperation, the group survives.",Passimian
s_d456221d,7.0,,394,9.0,12.0,,4,45,50,0,20,0,1,0,0.0,0.0,,With waves of its fan—made from leaves and itsown fur—Oranguru skillfully gives instructions toother Pokémon.,Oranguru
s_d456221d,7.0,,394,9.0,12.0,,4,45,50,0,20,0,1,0,0.0,0.0,,"It knows the forest inside and out. If it comesacross a wounded Pokémon, Oranguru willgather medicinal herbs to treat it.",Oranguru
s_1f3a2176,6.0,id-664,342,1.0,5.0,,4,120,70,0,15,0,2,0,0.0,0.0,,"It lives hidden within thicket shadows.When predators attack, it quickly bristles the furcovering its body in an effort to threaten them.",Spewpa
s_2b9d0f89,7.0,id-762,392,7.0,12.0,,8,45,50,0,20,0,4,0,0.0,0.0,,"This feared Pokémon has long, slender legs anda cruel heart. It shows no mercy as it stomps onits opponents.",Tsareena
s_2b9d0f89,7.0,id-762,392,7.0,12.0,,8,45,50,0,20,0,4,0,0.0,0.0,,A kick from the hardened tips of this Pokémon’slegs leaves a wound in the opponent’s body andsoul that will never heal.,Tsareena
s_70172ee5,7.0,id-761,392,7.0,12.0,,8,120,50,0,20,0,4,0,0.0,0.0,,"As it twirls like a dancer, a sweet smell spreadsout around it. Anyone who inhales the scent willfeel a surge of happiness.",Steenee
s_70172ee5,7.0,id-761,392,7.0,12.0,,8,120,50,0,20,0,4,0,0.0,0.0,,Any Corvisquire that pecks at thisPokémon will be greeted with a smack fromits sepals followed by a sharp kick.,Steenee
s_f30319c8,7.0,,392,7.0,7.0,,8,235,50,0,20,0,4,0,0.0,0.0,,"Its body gives off a sweet, fruity scent that isextremely appetizing to bird Pokémon.",Bounsweet
s_f30319c8,7.0,,392,7.0,7.0,,8,235,50,0,20,0,4,0,0.0,0.0,,"When under attack, it secretes a sweetand delicious sweat. The scent only callsmore enemies to it.",Bounsweet
s_c7b0c6e0,7.0,id-759,391,6.0,6.0,,4,70,50,0,15,0,2,0,0.0,0.0,,"Once it accepts you as a friend, it tries to showits affection with a hug. Letting it do that isdangerous—it could easily shatter your bones.",Bewear
s_c7b0c6e0,7.0,id-759,391,6.0,6.0,,4,70,50,0,15,0,2,0,0.0,0.0,,The moves it uses to take down its prey wouldmake a martial artist jealous. It tucks subduedprey under its arms to carry them to its nest.,Bewear
s_362457c0,7.0,id-757,390,1.0,8.0,,8,45,50,0,20,0,2,0,0.0,0.0,,Only female Salazzle exist. They emit a gas ladenwith pheromones to captivate male Salandit.,Salazzle
s_362457c0,7.0,id-757,390,1.0,8.0,,8,45,50,0,20,0,2,0,0.0,0.0,,The winner of competitions between Salazzleis decided by which one has the most maleSalandit with it.,Salazzle
s_0bd0672a,7.0,,398,1.0,2.0,,4,60,50,0,15,0,3,0,0.0,0.0,,"It lives in warm, shallow waters. If it encounters afoe, it will spit out its internal organs as a meansto punch them.",Pyukumuku
s_0bd0672a,7.0,,398,1.0,2.0,,4,60,50,0,15,0,3,0,0.0,0.0,,"It’s covered in a slime that keeps its skin moist,allowing it to stay on land for days withoutdrying up.",Pyukumuku
s_ef59e706,1.0,id-37,15,10.0,8.0,3.0,6,75,50,0,20,0,2,0,0.0,0.0,,"It is said to live 1,000 years, and each of its tailsis loaded with supernatural powers.",Ninetales
s_ef59e706,1.0,id-37,15,10.0,8.0,3.0,6,75,50,0,20,0,2,0,0.0,0.0,,"Very smart and very vengeful. Grabbing one ofits many tails could result in a 1,000-year curse.",Ninetales
s_12be045b,1.0,id-174,16,6.0,12.0,3.0,6,170,50,0,10,0,3,0,0.0,0.0,21.0,"Jigglypuff has top-notch lung capacity, even bycomparison to other Pokémon. It won’t stopsinging its lullabies until its foes fall asleep.",Jigglypuff
s_12be045b,1.0,id-174,16,6.0,12.0,3.0,6,170,50,0,10,0,3,0,0.0,0.0,21.0,"By freely changing the wavelength of its voice,Jigglypuff sings a mysterious melody sure tomake any listener sleepy.",Jigglypuff
s_339967f6,1.0,id-33,13,7.0,6.0,3.0,0,45,50,0,20,0,4,0,0.0,0.0,,"When it goes on a rampage, it’s impossible tocontrol. But in the presence of a Nidoqueen it’slived with for a long time, Nidoking calms down.",Nidoking
s_339967f6,1.0,id-33,13,7.0,6.0,3.0,0,45,50,0,20,0,4,0,0.0,0.0,,"Nidoking prides itself on its strength. It’s forcefuland spirited in battle, making use of its thick tailand diamond-crushing horn.",Nidoking
s_0960e941,1.0,id-173,14,6.0,6.0,4.0,6,150,140,0,10,0,3,0,0.0,0.0,,It is said that happiness will come to those whosee a gathering of Clefairy dancing under afull moon.,Clefairy
s_0960e941,1.0,id-173,14,6.0,6.0,4.0,6,150,140,0,10,0,3,0,0.0,0.0,,"Its adorable behavior and cry make it highly popular.However, this cute Pokémon is rarely found.",Clefairy
s_3cf5a1de,1.0,id-35,14,6.0,6.0,4.0,6,25,140,0,10,0,3,0,0.0,0.0,,"A timid fairy Pokémon that is rarely seen, it willrun and hide the moment it senses people.",Clefable
s_3cf5a1de,1.0,id-35,14,6.0,6.0,4.0,6,25,140,0,10,0,3,0,0.0,0.0,,"Their ears are sensitive enough to hear a pindrop from over a mile away, so they’re usuallyfound in quiet places.",Clefable
s_986da94b,1.0,,15,3.0,8.0,3.0,6,190,50,0,20,0,2,0,0.0,0.0,,"While young, it has six gorgeous tails. When itgrows, several new tails are sprouted.",Vulpix
s_986da94b,1.0,,15,3.0,8.0,3.0,6,190,50,0,20,0,2,0,0.0,0.0,,"As each tail grows, its fur becomes more lustrous.When held, it feels slightly warm.",Vulpix
s_0a099583,1.0,id-29,12,2.0,8.0,3.0,8,120,50,0,20,0,4,0,0.0,0.0,,The horn on its head has atrophied. It’s thoughtthat this happens so Nidorina’s children won’t getpoked while their mother is feeding them.,Nidorina
s_0a099583,1.0,id-29,12,2.0,8.0,3.0,8,120,50,0,20,0,4,0,0.0,0.0,,"If the group is threatened, these Pokémon willband together to assault enemies with a chorusof ultrasonic waves.",Nidorina
s_d7b8c3f9,1.0,id-30,12,2.0,6.0,3.0,8,45,50,0,20,0,4,0,0.0,0.0,,"Nidoqueen is better at defense than offense.With scales like armor, this Pokémon will shieldits children from any kind of attack.",Nidoqueen
s_d7b8c3f9,1.0,id-30,12,2.0,6.0,3.0,8,45,50,0,20,0,4,0,0.0,0.0,,It pacifies offspring by placing them in the gapsbetween the spines on its back. The spines willnever secrete poison while young are present.,Nidoqueen
s_1a18f47e,1.0,,13,7.0,8.0,3.0,0,235,50,0,20,0,4,0,0.0,0.0,,"The horn on a male Nidoran’s forehead containsa powerful poison. This is a very cautiousPokémon, always straining its large ears.",Nidoran♂
s_1a18f47e,1.0,,13,7.0,8.0,3.0,0,235,50,0,20,0,4,0,0.0,0.0,,"Small but brave, this Pokémon will hold itsground and even risk its life in battle to protectthe female it’s friendly with.",Nidoran♂
s_aa2d880f,1.0,id-32,13,7.0,8.0,3.0,0,120,50,0,20,0,4,0,0.0,0.0,,"With a horn that’s harder than diamond, thisPokémon goes around shattering boulders as itsearches for a moon stone.",Nidorino
s_aa2d880f,1.0,id-32,13,7.0,8.0,3.0,0,120,50,0,20,0,4,0,0.0,0.0,,It’s nervous and quick to act aggressively.The potency of its poison increases along withthe level of adrenaline present in its body.,Nidorino
s_9a611e8a,5.0,,317,8.0,12.0,,4,120,35,0,20,0,2,0,0.0,0.0,158.0,It uses river stones to maintain the cutting edgesof the blades covering its body. These sharpenedblades allow it to bring down opponents.,Pawniard
s_9a611e8a,5.0,,317,8.0,12.0,,4,120,35,0,20,0,2,0,0.0,0.0,158.0,"A pack of these Pokémon forms to serve aBisharp boss. Each Pawniard trains diligently,dreaming of one day taking the lead.",Pawniard
s_1c407664,8.0,,475,1.0,,,-1,3,35,0,120,0,1,0,1.0,0.0,,It probes its surroundings with all its senses saveone—it doesn’t use its sense of sight. Spectrier’skicks are said to separate soul from body.,Spectrier
s_1c407664,8.0,,475,1.0,,,-1,3,35,0,120,0,1,0,1.0,0.0,,"As it dashes through the night, Spectrier absorbsthe life-force of sleeping creatures. It cravessilence and solitude.",Spectrier
s_7f59cff4,8.0,,474,9.0,,,-1,3,35,0,120,0,1,0,1.0,0.0,,"Glastrier emits intense cold from its hooves.It’s also a belligerent Pokémon—anything itwants, it takes by force.",Glastrier
s_7f59cff4,8.0,,474,9.0,,,-1,3,35,0,120,0,1,0,1.0,0.0,,"Glastrier has tremendous physical strength, andthe mask of ice covering its face is 100 timesharder than diamond.",Glastrier
s_d475cff9,5.0,id-529,270,4.0,12.0,,4,60,50,0,20,0,2,0,0.0,0.0,153.0,It’s not uncommon for tunnels that appear tohave formed naturally to actually be a resultof Excadrill’s rampant digging.,Excadrill
s_d475cff9,5.0,id-529,270,4.0,12.0,,4,60,50,0,20,0,2,0,0.0,0.0,153.0,"Known as the Drill King, this Pokémon cantunnel through the terrain at speeds of over90 mph.",Excadrill
s_5f107b29,8.0,,470,4.0,,,1,3,50,0,120,0,1,0,1.0,0.0,,Kubfu trains hard to perfect its moves. The movesit masters will determine which form it takes whenit evolves.,Kubfu
s_5f107b29,8.0,,470,4.0,,,1,3,50,0,120,0,1,0,1.0,0.0,,"If Kubfu pulls the long white hair on its head,its fighting spirit heightens and power wells upfrom the depths of its belly.",Kubfu
s_2c73666f,7.0,id-722,374,3.0,9.0,,1,45,50,0,15,0,4,0,0.0,0.0,,"It throws one knifelike feather after another at itsenemies, and each one precisely strikes a weakpoint. These feathers are known as blade quills.",Dartrix
s_2c73666f,7.0,id-722,374,3.0,9.0,,1,45,50,0,15,0,4,0,0.0,0.0,,It never slacks when it comes to the task ofcleaning its feathers. Thorough preening keeps itlooking spiffy and its blade quills nice and sharp.,Dartrix
s_beab8418,7.0,,374,3.0,9.0,,1,45,50,0,15,0,4,0,0.0,0.0,,"At a distance, it launches its sharp feathers whileflying about. If the enemy gets too close, Rowletswitches tactics and delivers vicious kicks.",Rowlet
s_beab8418,7.0,,374,3.0,9.0,,1,45,50,0,15,0,4,0,0.0,0.0,,"During the day, it builds up energy viaphotosynthesis. At night, it flies silentlythrough the sky, on the prowl for prey.",Rowlet
s_3e9299bc,8.0,,437,5.0,,,4,190,50,0,20,0,2,0,0.0,0.0,,"It anchors itself in the ground with its single leg,then basks in the sun. After absorbing enoughsunlight, its petals spread as it blooms brilliantly.",Gossifleur
s_3e9299bc,8.0,,437,5.0,,,4,190,50,0,20,0,2,0,0.0,0.0,,It whirls around in the wind while singing a joyoussong. This delightful display has charmed manyinto raising this Pokémon.,Gossifleur
s_c83cee9d,7.0,,393,5.0,1.0,,6,60,50,0,20,0,3,0,0.0,0.0,,"Comfey picks flowers with its vine and decoratesitself with them. For some reason, flowers won’twither once they’re attached to a Comfey.",Comfey
s_c83cee9d,7.0,,393,5.0,1.0,,6,60,50,0,20,0,3,0,0.0,0.0,,"These Pokémon smell very nice. All Comfey weardifferent flowers, so each of these Pokémon hasits own individual scent.",Comfey
s_d1cfe9e0,8.0,,476,5.0,,,-1,3,100,0,120,0,1,0,1.0,0.0,,"Calyrex is a merciful Pokémon, capable ofproviding healing and blessings. It reigned overthe Galar region in times of yore.",Calyrex
s_d1cfe9e0,8.0,,476,5.0,,,-1,3,100,0,120,0,1,0,1.0,0.0,,Calyrex is known in legend as a king that ruledover Galar in ancient times. It has the power tocause hearts to mend and plants to spring forth.,Calyrex
s_4fe2e38a,7.0,,386,3.0,8.0,,4,190,50,0,20,0,2,0,0.0,0.0,,Loads weighing up to 50 times as much as itsown body weight pose no issue for this Pokémon.It’s skilled at making use of mud.,Mudbray
s_4fe2e38a,7.0,,386,3.0,8.0,,4,190,50,0,20,0,2,0,0.0,0.0,,"It eats dirt to create mud and smears this mud allover its feet, giving them the grip needed to walkon rough terrain without slipping.",Mudbray
s_38e5a008,8.0,id-817,432,2.0,,,1,45,50,0,20,0,4,0,0.0,0.0,,"It has many hidden capabilities, such as fingertipsthat can shoot water and a membrane on its backthat it can use to glide through the air.",Inteleon
s_38e5a008,8.0,id-817,432,2.0,,,1,45,50,0,20,0,4,0,0.0,0.0,,Its nictitating membranes let it pick out foes’weak points so it can precisely blast them withwater that shoots from its fingertips at Mach 3.,Inteleon
s_2b496071,7.0,id-728,376,2.0,3.0,,1,45,50,0,15,0,4,0,0.0,0.0,,"As if dancing, it artfully dodges the attacks of itsenemies. All the while, it’s busy forming a bunchof balloons to overwhelm its foes.",Brionne
s_2b496071,7.0,id-728,376,2.0,3.0,,1,45,50,0,15,0,4,0,0.0,0.0,,"On nights when the sea is calm, Brionne dancewith one another to the singing of the Primarinathat’s leading them.",Brionne
s_d4172ca3,6.0,id-682,350,6.0,12.0,,4,140,50,0,20,0,2,0,0.0,0.0,,The scent that constantly emits from its fur is sopowerful that this Pokémon’s companions willeventually lose their sense of smell.,Aromatisse
s_d4172ca3,6.0,id-682,350,6.0,12.0,,4,140,50,0,20,0,2,0,0.0,0.0,,The scents Aromatisse can produce range fromsweet smells that bolster allies to foul smellsthat sap an opponent’s will to fight.,Aromatisse
s_cc8e73ba,8.0,,441,1.0,,,4,255,50,0,15,0,4,0,0.0,0.0,,"Most of its body has the same composition ascoal. Fittingly, this Pokémon was first discoveredin coal mines about 400 years ago.",Rolycoly
s_cc8e73ba,8.0,,441,1.0,,,4,255,50,0,15,0,4,0,0.0,0.0,,"It can race around like a unicycle, even on rough,rocky terrain. Burning coal sustains it.",Rolycoly
s_d6991ff6,8.0,id-835,440,10.0,,,4,45,50,0,20,0,3,0,0.0,0.0,,This Pokémon generates electricity and channelsit into its legs to keep them going strong.Boltund can run nonstop for three full days.,Boltund
s_d6991ff6,8.0,id-835,440,10.0,,,4,45,50,0,20,0,3,0,0.0,0.0,,"It sends electricity through its legs to boost theirstrength. Running at top speed, it easily breaks50 mph.",Boltund
s_6b657916,8.0,,440,10.0,,,4,255,50,0,20,0,3,0,0.0,0.0,,"This Pokémon is very popular as a herding dogin the Galar region. As it runs, it generateselectricity from the base of its tail.",Yamper
s_6b657916,8.0,,440,10.0,,,4,255,50,0,20,0,3,0,0.0,0.0,,"This gluttonous Pokémon only assists people withtheir work because it wants treats. As it runs,it crackles with electricity.",Yamper
s_fbf996d5,8.0,id-833,439,5.0,,,4,75,50,0,20,0,2,0,0.0,0.0,,"With jaws that can shear through steel rods,this highly aggressive Pokémon chomps downon its unfortunate prey.",Drednaw
s_fbf996d5,8.0,id-833,439,5.0,,,4,75,50,0,20,0,2,0,0.0,0.0,,This Pokémon rapidly extends its retractable neckto sink its sharp fangs into distant enemies andtake them down.,Drednaw
s_cf9021a0,8.0,,439,5.0,,,4,255,50,0,20,0,2,0,0.0,0.0,,Apparently the itch of its teething impels it tosnap its jaws at anything in front of it.,Chewtle
s_cf9021a0,8.0,,439,5.0,,,4,255,50,0,20,0,2,0,0.0,0.0,,"It starts off battles by attacking with its rock-hardhorn, but as soon as the opponent flinches, thisPokémon bites down and never lets go.",Chewtle
s_1d72f6db,8.0,id-831,438,9.0,,,4,127,50,0,15,0,2,0,0.0,0.0,,"Weave a carpet from its springy wool, and you endup with something closer to a trampoline. You’llstart to bounce the moment you set foot on it.",Dubwool
s_1d72f6db,8.0,id-831,438,9.0,,,4,127,50,0,15,0,2,0,0.0,0.0,,Its majestic horns are meant only to impress theopposite gender. They never see use in battle.,Dubwool
s_bea61789,8.0,,438,9.0,,,4,255,50,0,15,0,2,0,0.0,0.0,,"Its curly fleece is such an effective cushion thatthis Pokémon could fall off a cliff and stand rightback up at the bottom, unharmed.",Wooloo
s_bea61789,8.0,,438,9.0,,,4,255,50,0,15,0,2,0,0.0,0.0,,"If its fleece grows too long, Wooloo won’t beable to move. Cloth made with the wool of thisPokémon is surprisingly strong.",Wooloo
s_115daa98,8.0,id-829,437,5.0,,,4,75,50,0,20,0,2,0,0.0,0.0,,The seeds attached to its cotton fluff are full ofnutrients. It spreads them on the wind so thatplants and other Pokémon can benefit from them.,Eldegoss
s_115daa98,8.0,id-829,437,5.0,,,4,75,50,0,20,0,2,0,0.0,0.0,,"The cotton on the head of this Pokémon can bespun into a glossy, gorgeous yarn—a Galarregional specialty.",Eldegoss
s_3b754147,5.0,id-541,276,10.0,12.0,,4,45,70,0,15,0,4,0,0.0,0.0,126.0,"Upon finding a small Pokémon, it weavesclothing for it from leaves, using thecutters on its arms and sticky silk.",Leavanny
s_047c94d3,8.0,id-838,441,1.0,,,4,45,50,0,15,0,4,0,0.0,0.0,,"It’s usually peaceful, but the vandalism of minesenrages it. Offenders will be incinerated withflames that reach 2,700 degrees Fahrenheit.",Coalossal
s_047c94d3,8.0,id-838,441,1.0,,,4,45,50,0,15,0,4,0,0.0,0.0,,"While it’s engaged in battle, its mountain of coalwill burn bright red, sending off sparks thatscorch the surrounding area.",Coalossal
s_00c456e5,8.0,id-837,441,1.0,,,4,120,50,0,15,0,4,0,0.0,0.0,,It forms coal inside its body. Coal dropped bythis Pokémon once helped fuel the lives ofpeople in the Galar region.,Carkol
s_00c456e5,8.0,id-837,441,1.0,,,4,120,50,0,15,0,4,0,0.0,0.0,,"By rapidly rolling its legs, it can travel at over18 mph. The temperature of the flames itbreathes exceeds 1,800 degrees Fahrenheit.",Carkol
s_60a1e19d,5.0,id-546,278,5.0,12.0,,4,75,50,0,20,0,2,0,0.0,0.0,49.0,"It scatters cotton all over the place as a prank. Ifit gets wet, it’ll become too heavy to move andhave no choice but to answer for its mischief.",Whimsicott
s_60a1e19d,5.0,id-546,278,5.0,12.0,,4,75,50,0,20,0,2,0,0.0,0.0,49.0,"As long as this Pokémon bathes in sunlight, itscotton keeps growing. If too much cotton fluffbuilds up, Whimsicott tears it off and scatters it.",Whimsicott
s_5383cd00,5.0,,278,5.0,1.0,,4,190,50,0,20,0,2,0,0.0,0.0,48.0,"It shoots cotton from its body to protect itself.If it gets caught up in hurricane-strength winds,it can get sent to the other side of the Earth.",Cottonee
s_5383cd00,5.0,,278,5.0,1.0,,4,190,50,0,20,0,2,0,0.0,0.0,48.0,Weaving together the cotton of both Cottoneeand Eldegoss produces exquisite cloth that’shighly prized by many luxury brands.,Cottonee
s_becf95c4,5.0,id-544,277,8.0,14.0,,4,45,50,0,20,0,4,0,0.0,0.0,33.0,Scolipede latches on to its prey with the claws onits neck before slamming them into the groundand jabbing them with its claws’ toxic spikes.,Scolipede
s_becf95c4,5.0,id-544,277,8.0,14.0,,4,45,50,0,20,0,4,0,0.0,0.0,33.0,"Scolipede engage in fierce territorial battles withCentiskorch. At the end of one of these battles,the victor makes a meal of the loser.",Scolipede
s_34628d48,5.0,id-543,277,4.0,1.0,,4,120,50,0,15,0,4,0,0.0,0.0,32.0,This Pokémon spins itself rapidly and charges intoits opponents. Its top speed is just over 60 mph.,Whirlipede
s_34628d48,5.0,id-543,277,4.0,1.0,,4,120,50,0,15,0,4,0,0.0,0.0,32.0,Whirlipede protects itself with a sturdy shell andpoisonous spikes while it stores up the energy it’llneed for evolution.,Whirlipede
s_02e531ae,4.0,id-427,220,3.0,6.0,,4,60,140,0,20,0,2,1,0.0,0.0,,"Lopunny is constantly monitoring its surroundings.If danger approaches, this Pokémon respondswith superdestructive kicks.",Lopunny
s_02e531ae,4.0,id-427,220,3.0,6.0,,4,60,140,0,20,0,2,1,0.0,0.0,,"Once hot seasons are over, Lopunny’s coat willbe replaced with fur that holds a lot of insulatingair in preparation for colder weather.",Lopunny
s_9ceed343,4.0,id-200,98,7.0,1.0,,4,45,35,0,25,0,3,0,0.0,0.0,184.0,Its cries sound like incantations.Those hearing it are tormentedby headaches and hallucinations.,Mismagius
s_4cb68538,5.0,id-540,276,5.0,4.0,,4,120,70,0,15,0,4,0,0.0,0.0,125.0,Forests where Swadloon live have superbfoliage because the nutrients they makefrom fallen leaves nourish the plant life.,Swadloon
s_c661e51e,5.0,,276,10.0,14.0,,4,255,70,0,15,0,4,0,0.0,0.0,124.0,Leavanny dress it in clothes they madefor it when it hatched. It hides its headin its hood while it is sleeping.,Sewaddle
s_fd6ed0b3,4.0,id-190,93,7.0,6.0,,4,45,100,0,20,1,3,0,0.0,0.0,,"To eat, it deftly shucks nutswith its two tails. It rarely usesits arms now.",Ambipom
s_b311026a,4.0,,219,7.0,4.0,,4,125,50,0,30,0,6,0,0.0,0.0,167.0,"Perhaps seeking company, it approaches children.However, it often quickly runs away again whenthe children play too roughly with it.",Drifloon
s_b311026a,4.0,,219,7.0,4.0,,4,125,50,0,30,0,6,0,0.0,0.0,167.0,"The gathering of many souls gave rise to thisPokémon. During humid seasons, they seem toappear in abundance.",Drifloon
s_0ee77392,4.0,id-425,219,7.0,4.0,,4,60,50,0,30,0,6,0,0.0,0.0,168.0,"Some say this Pokémon is a collection of soulsburdened with regrets, silently drifting throughthe dusk.",Drifblim
s_0ee77392,4.0,id-425,219,7.0,4.0,,4,60,50,0,30,0,6,0,0.0,0.0,168.0,It grabs people and Pokémon and carries themoff somewhere. Where do they go?Nobody knows.,Drifblim
s_3125d692,4.0,,220,3.0,6.0,,4,190,0,0,20,0,2,0,0.0,0.0,,"If both of Buneary’s ears are rolled up, somethingis wrong with its body or mind. It’s a sure sign thePokémon is in need of care.",Buneary
s_3125d692,4.0,,220,3.0,6.0,,4,190,0,0,20,0,2,0,0.0,0.0,,Buneary can attack by rolling up their ears andthen striking with the force created by unrollingthem. This attack becomes stronger with training.,Buneary
s_1aceeeef,4.0,,217,6.0,11.0,,4,190,50,0,20,0,2,0,0.0,0.0,,"It nimbly dashes about to avoid getting peckedby bird Pokémon that would love to make offwith its small, nutrient-rich storage ball.",Cherubi
s_1aceeeef,4.0,,217,6.0,11.0,,4,190,50,0,20,0,2,0,0.0,0.0,,"The deeper a Cherubi’s red, the more nutrients ithas stockpiled in its body. And the sweeter andtastier its small ball!",Cherubi
s_225ffa61,4.0,id-420,217,7.0,7.0,,4,75,50,0,20,0,2,1,0.0,0.0,,"As a bud, it barely moves. It sits still, placidlywaiting for sunlight to appear.",Cherrim
s_225ffa61,4.0,id-420,217,7.0,7.0,,4,75,50,0,20,0,2,1,0.0,0.0,,"Its folded petals are pretty tough. Bird Pokémoncan peck at them all they want, and Cherrimwon’t be bothered at all.",Cherrim
s_afc3270c,4.0,,218,7.0,2.0,,4,190,50,0,20,0,2,0,0.0,0.0,,"This Pokémon’s habitat shapes its physique.According to some theories, life in warm oceanwaters causes this variation to develop.",Shellos
s_afc3270c,4.0,,218,7.0,2.0,,4,190,50,0,20,0,2,0,0.0,0.0,,"Subjecting this Pokémon to a strong forcecauses it to secrete a strange purple fluid.Though harmless, the fluid is awfully sticky.",Shellos
s_55e8430e,4.0,id-422,218,7.0,2.0,,4,75,50,0,20,0,2,0,0.0,0.0,,"Its search for food sometimes leads it onto land,where it leaves behind a sticky trail of slime as itpasses through.",Gastrodon
s_55e8430e,4.0,id-422,218,7.0,2.0,,4,75,50,0,20,0,2,0,0.0,0.0,,"The softness of its body helps disperse the forceof impacts, so although its body is uncommonlysquishy, it’s also surprisingly resilient.",Gastrodon
s_d63fba10,3.0,id-339,173,2.0,3.0,9.0,4,75,50,0,20,0,2,0,0.0,0.0,,"It makes its nest at the bottom of swamps. It willeat anything—if it is alive, Whiscash will eat it.",Whiscash
s_d63fba10,3.0,id-339,173,2.0,3.0,9.0,4,75,50,0,20,0,2,0,0.0,0.0,,"It claims a large swamp to itself. If a foe comesnear it, it sets off tremors by thrashing around.",Whiscash
s_857e29cc,1.0,,56,3.0,5.0,7.0,-1,225,50,0,20,0,1,0,0.0,0.0,,"If you visit a beach at the end of summer, you’llbe able to see groups of Staryu lighting up in asteady rhythm.",Staryu
s_857e29cc,1.0,,56,3.0,5.0,7.0,-1,225,50,0,20,0,1,0,0.0,0.0,,"Fish Pokémon nibble at it, but Staryu isn’tbothered. Its body regenerates quickly, evenif part of it is completely torn off.",Staryu
s_96f14b89,8.0,id-814,431,9.0,,,1,45,50,0,20,0,4,0,0.0,0.0,,"It juggles a pebble with its feet, turning it into aburning soccer ball. Its shots strike opponentshard and leave them scorched.",Cinderace
s_96f14b89,8.0,id-814,431,9.0,,,1,45,50,0,20,0,4,0,0.0,0.0,,"It’s skilled at both offense and defense, and itgets pumped up when cheered on. But if it startsshowboating, it could put itself in a tough spot.",Cinderace
s_328fff2a,6.0,,353,3.0,11.0,,4,120,50,0,20,0,2,0,0.0,0.0,,"After two Binacle find a suitably sized rock, theyadhere themselves to it and live together.They cooperate to gather food during high tide.",Binacle
s_328fff2a,6.0,,353,3.0,11.0,,4,120,50,0,20,0,2,0,0.0,0.0,,"If the two don’t work well together, both theiroffense and defense fall apart. Without goodteamwork, they won’t survive.",Binacle
s_75fdd470,6.0,id-688,353,3.0,11.0,,4,45,50,0,20,0,2,0,0.0,0.0,,Seven Binacle come together to form oneBarbaracle. The Binacle that serves as the headgives orders to those serving as the limbs.,Barbaracle
s_75fdd470,6.0,id-688,353,3.0,11.0,,4,45,50,0,20,0,2,0,0.0,0.0,,"Having an eye on each palm allows it to keepwatch in all directions. In a pinch, its limbs startto act on their own to ensure the enemy’s defeat.",Barbaracle
s_32209f4a,6.0,,373,3.0,8.0,,-1,3,100,0,120,0,1,0,0.0,1.0,,It lets out billows of steam and disappears intothe dense fog. It’s said to live in mountainswhere humans do not tread.,Volcanion
s_99860850,6.0,,372,7.0,4.0,,-1,3,100,0,120,0,1,0,0.0,1.0,,"This troublemaker sends anythingand everything to faraway placesusing its loop, which can warp space.",Hoopa
s_184216e2,7.0,id-726,375,8.0,6.0,,1,45,50,0,15,0,4,0,0.0,0.0,,"It excels at violent, no-holds-barred battles.The temperature of the flames that issue from itsnavel exceeds 3,600 degrees Fahrenheit.",Incineroar
s_184216e2,7.0,id-726,375,8.0,6.0,,1,45,50,0,15,0,4,0,0.0,0.0,,"Incineroar’s rough and aggressive behavior is itsmost notable trait, but the way it helps out smallPokémon shows that it has a kind side as well.",Incineroar
s_5d3043e2,7.0,id-725,375,8.0,8.0,,1,45,50,0,15,0,4,0,0.0,0.0,,"In the midst of battle, the fire pouch onTorracat’s neck rings like a bell and producesstronger flames than usual.",Torracat
s_5d3043e2,7.0,id-725,375,8.0,8.0,,1,45,50,0,15,0,4,0,0.0,0.0,,"When facing a powerful enemy, Torracat’sfighting spirit gets pumped up, and its fire bellblazes hotter.",Torracat
s_b1e630f0,7.0,,375,8.0,8.0,,1,45,50,0,15,0,4,0,0.0,0.0,,It spends even the smallest amount of downtimegrooming its fur with its tongue. Loose fur gathersin its stomach and serves as fuel for fiery moves.,Litten
s_b1e630f0,7.0,,375,8.0,8.0,,1,45,50,0,15,0,4,0,0.0,0.0,,Trying to pet Litten before it trusts you willresult in a nasty scratch from its sharp claws.Be careful.,Litten
s_73e0c5aa,7.0,id-723,374,3.0,9.0,,1,45,50,0,15,0,4,0,0.0,0.0,,"As if wielding a bow, it launches the arrow quillshidden among the feathers of its wings.Decidueye’s shots never miss.",Decidueye
s_73e0c5aa,7.0,id-723,374,3.0,9.0,,1,45,50,0,15,0,4,0,0.0,0.0,,"In a tenth of a second, it can nock and fire anarrow quill, piercing an opponent’s weak pointbefore they notice what’s happening.",Decidueye
s_108a851c,6.0,id-679,349,3.0,11.0,,4,90,50,0,20,0,2,0,0.0,0.0,,Honedge evolves into twins. The two bladesrub together to emit a metallic sound thatunnerves opponents.,Doublade
s_108a851c,6.0,id-679,349,3.0,11.0,,4,90,50,0,20,0,2,0,0.0,0.0,,The two swords employ a strategy of rapidlyalternating between offense and defense tobring down their prey.,Doublade
s_84803926,6.0,id-680,349,3.0,5.0,,4,45,50,0,20,0,2,1,0.0,0.0,,"In this defensive stance, Aegislash uses its steelbody and a force field of spectral power toreduce the damage of any attack.",Aegislash
s_84803926,6.0,id-680,349,3.0,5.0,,4,45,50,0,20,0,2,1,0.0,0.0,,Its potent spectral powers allow it to manipulateothers. It once used its powers to force peopleand Pokémon to build a kingdom to its liking.,Aegislash
s_758f89b8,6.0,,350,6.0,4.0,,4,200,50,0,20,0,2,0,0.0,0.0,,A scent pouch within this Pokémon’s body allowsit to create various scents. A change in its dietwill alter the fragrance it produces.,Spritzee
s_758f89b8,6.0,,350,6.0,4.0,,4,200,50,0,20,0,2,0,0.0,0.0,,The scent its body gives off enraptures thosewho smell it. Noble ladies had no shortage oflove for Spritzee.,Spritzee
s_7bccfbe1,3.0,id-345,176,5.0,5.0,7.0,1,45,50,0,30,0,5,0,0.0,0.0,,"It has short legs and can’t walk very fast, but itsneck and tentacles can extend to over threetimes their usual length to nab distant prey.",Cradily
s_7bccfbe1,3.0,id-345,176,5.0,5.0,7.0,1,45,50,0,30,0,5,0,0.0,0.0,,"Once Cradily catches prey in its tentacles,it digests them whole and absorbs their nutrients.",Cradily
s_59a2f021,6.0,,351,9.0,7.0,,4,200,50,0,20,0,2,0,0.0,0.0,,"It eats its own weight in sugar every day.If it doesn’t get enough sugar, it becomesincredibly grumpy.",Swirlix
s_59a2f021,6.0,,351,9.0,7.0,,4,200,50,0,20,0,2,0,0.0,0.0,,The sweet smell of cotton candy perfumesSwirlix’s fluffy fur. This Pokémon spits outsticky string to tangle up its enemies.,Swirlix
s_4f99ba89,6.0,id-684,351,9.0,12.0,,4,140,50,0,20,0,2,0,0.0,0.0,,"By taking in a person’s scent, it can sniff out theirmental and physical condition. It’s hoped thatthis skill will have many medical applications.",Slurpuff
s_4f99ba89,6.0,id-684,351,9.0,12.0,,4,140,50,0,20,0,2,0,0.0,0.0,,"Slurpuff’s fur contains a lot of air, making it softto the touch and lighter than it looks.",Slurpuff
s_1f0706b3,6.0,,352,2.0,10.0,,4,190,50,0,20,0,2,0,0.0,0.0,,It spins while making its luminescent spots flash.These spots allow it to communicate with othersby using different patterns of light.,Inkay
s_1f0706b3,6.0,,352,2.0,10.0,,4,190,50,0,20,0,2,0,0.0,0.0,,"By exposing foes to the blinking of itsluminescent spots, Inkay demoralizes them,and then it seizes the chance to flee.",Inkay
s_dbbb927f,6.0,id-686,352,2.0,5.0,,4,80,50,0,20,0,2,0,0.0,0.0,,"Gazing at its luminescent spots will quicklyinduce a hypnotic state, putting the observerunder Malamar’s control.",Malamar
s_dbbb927f,6.0,id-686,352,2.0,5.0,,4,80,50,0,20,0,2,0,0.0,0.0,,It’s said that Malamar’s hypnotic powers playeda role in certain history-changing events.,Malamar
s_689d8ca0,3.0,,172,8.0,1.0,1.0,-1,45,50,0,25,0,3,0,0.0,0.0,,"When it rotates itself, it gives off light similar tothe sun, thus blinding its foes.",Solrock
s_689d8ca0,3.0,,172,8.0,1.0,1.0,-1,45,50,0,25,0,3,0,0.0,0.0,,"Solar energy is the source of its power, so it isstrong during the daytime. When it spins, itsbody shines.",Solrock
s_b88285e5,3.0,,173,4.0,3.0,9.0,4,190,50,0,20,0,2,0,0.0,0.0,,"Its slimy body is hard to grasp. In one region, it issaid to have been born from hardened mud.",Barboach
s_b88285e5,3.0,,173,4.0,3.0,9.0,4,190,50,0,20,0,2,0,0.0,0.0,,It probes muddy riverbeds with its two longwhiskers. A slimy film protects its body.,Barboach
s_1c7e07ab,3.0,id-329,166,5.0,9.0,6.0,4,45,50,0,20,0,4,0,0.0,0.0,,This Pokémon hides in the heart of sandstormsit creates and seldom appears where peoplecan see it.,Flygon
s_1c7e07ab,3.0,id-329,166,5.0,9.0,6.0,4,45,50,0,20,0,4,0,0.0,0.0,,It is nicknamed the Desert Spirit because theflapping of its wings sounds like a woman singing.,Flygon
s_f27aa904,3.0,,167,5.0,12.0,6.0,4,190,35,0,20,0,4,0,0.0,0.0,,"CACNEA lives in arid locations suchas deserts. It releases a strong aromafrom its flower to attract prey.When prey comes near, this POKéMONshoots sharp thorns from its body tobring the victim down.",Cacnea
s_8a44bafa,3.0,id-331,167,5.0,12.0,6.0,4,60,35,0,20,1,4,0,0.0,0.0,,"During the daytime, CACTURNE remainsunmoving so that it does not lose anymoisture to the harsh desert sun.This POKéMON becomes active at nightwhen the temperature drops.",Cacturne
s_9b1e5687,3.0,,168,2.0,9.0,2.0,4,255,50,0,20,0,5,0,0.0,0.0,,"Its cottony wings are full of air, making them lightand fluffy to the touch. Swablu takes diligent careof its wings.",Swablu
s_9b1e5687,3.0,,168,2.0,9.0,2.0,4,255,50,0,20,0,5,0,0.0,0.0,,"Since Swablu looks like a cumulus cloud, foes canhave a hard time finding it. Apparently its wingsturned white over many generations.",Swablu
s_65b98fb8,3.0,id-333,168,2.0,9.0,2.0,4,45,50,0,20,0,5,1,0.0,0.0,,"As it flies in a calm and relaxed manner, Altariaperforms a humming song that would enraptureany audience.",Altaria
s_65b98fb8,3.0,id-333,168,2.0,9.0,2.0,4,45,50,0,20,0,5,1,0.0,0.0,,"This Pokémon has a kind disposition, but if it’sprovoked, it will threaten opponents with shrillcries before attacking them without mercy.",Altaria
s_5acbc257,3.0,,169,9.0,6.0,3.0,4,90,70,0,20,0,5,0,0.0,0.0,,Memories of battling its arch-rivalSEVIPER are etched into every cell ofZANGOOSE’s body.This POKéMON adroitly dodges attackswith incredible agility.,Zangoose
s_2deec8af,3.0,,170,1.0,2.0,3.0,4,90,70,0,20,0,6,0,0.0,0.0,,SEVIPER shares a generations-longfeud with ZANGOOSE. The scars on itsbody are evidence of vicious battles.This POKéMON attacks using its sword-edged tail.,Seviper
s_92d2ab36,3.0,,171,10.0,1.0,1.0,-1,45,50,0,25,0,3,0,0.0,0.0,,The phase of the moon apparently has someeffect on its power. It’s active on the night ofa full moon.,Lunatone
s_92d2ab36,3.0,,171,10.0,1.0,1.0,-1,45,50,0,25,0,3,0,0.0,0.0,,It was discovered at the site of a meteor strike40 years ago. Its stare can lull its foes to sleep.,Lunatone
s_04bcaa65,1.0,,23,10.0,6.0,7.0,4,190,50,0,20,0,2,0,0.0,1.0,,Psyduck is constantly beset by headaches. If thePokémon lets its strange power erupt apparentlythe pain subsides for a while.,Psyduck
s_04bcaa65,1.0,,23,10.0,6.0,7.0,4,190,50,0,20,0,2,0,0.0,1.0,,As Psyduck gets stressed out its headache getsprogressively worse. It uses intense psychicenergy to overwhelm those around it.,Psyduck
s_1471b4fc,1.0,,12,2.0,7.0,2.0,8,235,50,0,20,0,4,0,0.0,0.0,,It uses its hard incisor teeth to crush and eatberries. The tip of a female Nidorans horn is abit more rounded than the tip of a males horn.,Nidoran♀
s_1471b4fc,1.0,,12,2.0,7.0,2.0,8,235,50,0,20,0,4,0,0.0,0.0,,Females are more sensitive to smells than males.While foraging theyll use their whiskers to checkwind direction and stay downwind of predators.,Nidoran♀
s_f87c9e99,4.0,rec-447-dup-0,232,5.0,6.0,,1,45,50,0,25,0,4,1,1.0,0.0,51.0,It can tell what people are thinking. Only Trainerswho have justice in their hearts can earn thisPokémons trust.,Lucario
s_f87c9e99,4.0,rec-447-dup-0,232,5.0,6.0,,1,45,50,0,25,0,4,1,1.0,0.0,51.0,It controls waves known as auras which arepowerful enough to pulverize huge rocks.It uses these waves to take down its prey.,Lucario
s_2e51f446,6.0,,431,9.0,,,1,45,50,0,20,0,4,0,1.0,0.0,,A warm-up of running around gets fire energycoursing through this Pokémons body. Once thathappens its ready to fight at full power.,Scorbunny
s_2e51f446,6.0,,431,9.0,,,1,45,50,0,20,0,4,0,1.0,0.0,,It has special pads on the backs of its feet andone on its nose. Once its raring to fight thesepads radiate tremendous heat.,Scorbunny
s_d419db52,6.0,,367,6.0,9.0,,4,190,50,0,20,0,2,0,0.0,1.0,,No wavelength of sound is beyond Noibatsability to produce. The ultrasonic waves itgenerates can overcome much larger Pokémon.,Noibat
s_d419db52,6.0,,367,6.0,9.0,,4,190,50,0,20,0,2,0,0.0,1.0,,After nightfall they emerge from the caves theynest in during the day. Using their ultrasonicwaves they go on the hunt for ripened fruit.,Noibat
s_ecbe41c1,2.0,,79,2.0,8.0,3.0,1,45,70,0,20,0,4,0,0.0,1.0,,It loves to baskin the sunlight.It uses the leafon its head toseek out warmplaces.,Chikorita
s_87103904,2.0,,61,8.0,6.0,1.0,2,45,50,1,25,0,2,0,1.0,0.0,,This Pokémon is still small and timid.Whenever Magby gets excited or surprisedflames leak from its mouth and its nose.,Magby
s_87103904,2.0,,61,8.0,6.0,1.0,2,45,50,1,25,0,2,0,1.0,0.0,,This Pokémon makes its home near volcanoes.At the end of the day Magby soaks in magmaresting and recovering from the days fatigue.,Magby
s_e3eef5f7,4.0,,91,3.0,8.0,,4,255,50,1,20,0,2,0,,0.0,,This Pokémon lives in dry rocky areas. As itsgreen spheres dry out their dull luster increases.,Bonsly
s_e3eef5f7,4.0,,91,3.0,8.0,,4,255,50,1,20,0,2,0,,0.0,,It expels both sweat and tears from its eyes.The sweat is a little salty while the tears havea slight bitterness.,Bonsly
s_737195e9,5.0,,290,5.0,6.0,,4,190,50,0,20,0,2,0,0.0,1.0,,Its favorite places are unsanitary ones. If youleave trash lying around you could even findone of these Pokémon living in your room.,Trubbish
s_737195e9,5.0,,290,5.0,6.0,,4,190,50,0,20,0,2,0,0.0,1.0,,This Pokémon was born from a bag stuffed withtrash. Galarian Weezing relish the fumes belchedby Trubbish.,Trubbish
s_89758212,1.0,rec-33-dup-0,13,7.0,12.0,2.0,0,45,50,0,20,0,4,0,0.0,0.0,,When it goes on a rampage its impossible tocontrol. But in the presence of a Nidoqueen itslived with for a long time Nidoking calms down.,Nidoking
s_89758212,1.0,rec-33-dup-0,13,7.0,12.0,2.0,0,45,50,0,20,0,4,0,0.0,0.0,,Nidoking prides itself on its strength. Its forcefuland spirited in battle making use of its thick tailand diamond-crushing horn.,Nidoking
s_4490b72f,1.0,,4,2.0,14.0,3.0,4,255,50,0,15,0,2,0,0.0,0.0,,For protection it releases a horrible stench fromthe antenna on its head to drive away enemies.,Caterpie
s_4490b72f,1.0,,4,2.0,14.0,3.0,4,255,50,0,15,0,2,0,0.0,0.0,,Its short feet are tipped with suction pads thatenable it to tirelessly climb slopes and walls.,Caterpie
s_fe5e1c18,4.0,id-415,214,10.0,9.0,,8,45,50,0,15,0,4,0,1.0,0.0,,Vespiquen that give off more pheromoneshave larger swarms of Combee attendants.,Vespiquen
s_fe5e1c18,4.0,id-415,214,10.0,9.0,,8,45,50,0,15,0,4,0,1.0,0.0,,It skillfully commands its grubs in battles with itsenemies. The grubs are willing to risk their livesto defend Vespiquen.,Vespiquen
s_f445737a,3.0,,130,5.0,6.0,3.0,1,45,50,0,20,0,4,0,1.0,0.0,130.0,TREECKO has small hooks on the bottomof its feet that enable it to scalevertical walls.This POKéMON attacks by slamming foeswith its thick tail.,Treecko
s_03dd9d66,3.0,,437,2.0,,,4,190,50,0,20,0,2,0,0.0,0.0,,It whirls around in the wind while singing a joyoussong. This delightful display has charmed manyinto raising this Pokémon.,Gossifleur
s_03dd9d66,3.0,,437,2.0,,,4,190,50,0,20,0,2,0,0.0,0.0,,It anchors itself in the ground with its single legthen basks in the sun. After absorbing enoughsunlight its petals spread as it blooms brilliantly.,Gossifleur
s_9f25f2b0,7.0,,421,2.0,14.0,,-1,255,0,0,120,0,1,0,1.0,0.0,,It survives by absorbing light. After a long timespent slumbering underground impuritiesaccumulated within it causing its body to darken.,Necrozma
s_9f25f2b0,7.0,,421,2.0,14.0,,-1,255,0,0,120,0,1,0,1.0,0.0,,It needs light to survive and it goes on arampage seeking it out. Its laser beams willcut anything to pieces.,Necrozma
s_797927fc,1.0,id-100,44,6.0,1.0,8.0,-1,60,70,0,20,0,2,0,0.0,1.0,,The more energy itcharges up thefaster it gets.But this alsomakes it morelikely to explode.,Electrode
s_71405b9b,1.0,,33,6.0,7.0,9.0,4,190,50,0,20,0,2,0,1.0,0.0,,When this Pokémons tail is soaked in watersweetness seeps from it. Slowpoke uses this traitto lure in and fish up other Pokémon.,Slowpoke
s_71405b9b,1.0,,33,6.0,7.0,9.0,4,190,50,0,20,0,2,0,1.0,0.0,,Slow-witted and oblivious this Pokémon wontfeel any pain if its tail gets eaten. It wont noticewhen its tail grows back either.,Slowpoke
s_a122a0de,5.0,rec-831-dup-0,438,9.0,,,4,127,50,0,15,0,2,0,1.0,0.0,,Its majestic horns are meant only to impress theopposite gender. They never see use in battle.,Dubwool
s_a122a0de,5.0,rec-831-dup-0,438,9.0,,,4,127,50,0,15,0,2,0,1.0,0.0,,Weave a carpet from its springy wool and you endup with something closer to a trampoline. Youllstart to bounce the moment you set foot on it.,Dubwool
s_53a99e6f,2.0,rec-42-dup-0,17,,13.0,6.0,4,90,50,0,15,0,2,0,0.0,0.0,25.0,Both of its legs have turned into wings. Without asound Crobat flies swiftly toward its prey andsinks its fangs into the nape of its targets neck.,Crobat
s_53a99e6f,2.0,rec-42-dup-0,17,,13.0,6.0,4,90,50,0,15,0,2,0,0.0,0.0,25.0,This Pokémon flaps its four wings skillfully.Crobat can fly through cramped caves withoutneeding to slow down.,Crobat
s_25db4886,8.0,id-122,57,6.0,,,4,45,50,0,25,0,2,0,0.0,1.0,,Its highly skilled at tap-dancing. It waves its caneof ice in time with its graceful movements.,Mr. Rime
s_25db4886,8.0,id-122,57,6.0,,,4,45,50,0,25,0,2,0,0.0,1.0,,Its amusing movements make it very popular.It releases its psychic power from the patternon its belly.,Mr. Rime
s_e8bc50e1,8.0,id-222,113,10.0,,,6,30,50,0,20,0,3,0,0.0,,,Be cautious of the ectoplasmic bodysurrounding its soul. Youll becomestiff as stone if you touch it.,Cursola
s_e8bc50e1,8.0,id-222,113,10.0,,,6,30,50,0,20,0,3,0,0.0,,,Its shell is overflowing with its heightenedotherworldly energy. The ectoplasm serves asprotection for this Pokémons core spirit.,Cursola
s_f64e1a72,7.0,,171,10.0,1.0,6.0,-1,45,50,0,25,0,3,0,0.0,0.0,,The phase of the moon apparently has someeffect on its power. Its active on the night ofa full moon.,Lunatone
s_f64e1a72,7.0,,171,10.0,1.0,6.0,-1,45,50,0,25,0,3,0,0.0,0.0,,It was discovered at the site of a meteor strike40 years ago. Its stare can lull its foes to sleep.,Lunatone
s_d30377a2,5.0,id-562,287,9.0,11.0,,4,90,50,0,25,0,2,0,0.0,0.0,,This Pokémon has a body of sparkling gold.People say it no longer remembers that it wasonce human.,Cofagrigus
s_d30377a2,5.0,id-562,287,9.0,11.0,,4,90,50,0,25,0,2,0,0.0,0.0,,There are many depictions of Cofagrigusdecorating ancient tombs. Theyre symbolsof the wealth that kings of bygone eras had.,Cofagrigus
s_3ca92aaa,1.0,id-39,16,8.0,6.0,2.0,6,50,50,0,10,0,3,0,0.0,0.0,22.0,Its proud of its fur which is fine and delicate.In particular the curl on its forehead has atexture thats perfectly heavenly.,Wigglytuff
s_3ca92aaa,1.0,id-39,16,8.0,6.0,2.0,6,50,50,0,10,0,3,0,0.0,0.0,22.0,The more air it takes in the more it inflates. Ifopponents catch it in a bad mood it will inflateitself to an enormous size to intimidate them.,Wigglytuff
s_41bd7bcc,8.0,,468,8.0,,,-1,10,0,0,120,0,1,0,0.0,1.0,,This Pokémon slept for aeons while in the form ofa statue. It was asleep for so long people forgotthat it ever existed.,Zamazenta
s_41bd7bcc,8.0,,468,8.0,,,-1,10,0,0,120,0,1,0,0.0,1.0,,In times past it worked together with a king ofthe people to save the Galar region. It absorbsmetal that it then uses in battle.,Zamazenta
s_157a0234,3.0,id-363,187,2.0,,9.0,4,120,50,0,20,0,4,0,0.0,0.0,61.0,This Pokémon has a habit of spinning roundthings on its nose whether those things arePoké Balls or Spheal.,Sealeo
s_157a0234,3.0,id-363,187,2.0,,9.0,4,120,50,0,20,0,4,0,0.0,0.0,61.0,Sealeo live on top of drift ice. They go swimmingwhen theyre on the hunt seeking out their preyby scent.,Sealeo
s_179aa689,1.0,id-140,70,3.0,6.0,7.0,1,45,50,0,30,0,2,0,,1.0,,The cause behind the extinction of this species isunknown. Kabutops were aggressive Pokémonthat inhabited warm seas.,Kabutops
s_179aa689,1.0,id-140,70,3.0,6.0,7.0,1,45,50,0,30,0,2,0,,1.0,,Kabutops slices its prey apart and sucks outthe fluids. The discarded body parts becomefood for other Pokémon.,Kabutops
s_75d86a77,4.0,id-543,277,4.0,1.0,,4,120,50,0,15,0,4,0,1.0,0.0,32.0,Whirlipede protects itself with a sturdy shell andpoisonous spikes while it stores up the energy itllneed for evolution.,Whirlipede
s_75d86a77,4.0,id-543,277,4.0,1.0,,4,120,50,0,15,0,4,0,1.0,0.0,32.0,This Pokémon spins itself rapidly and charges intoits opponents. Its top speed is just over 60 mph.,Whirlipede
s_653d95c2,5.0,rec-325-dup-0,164,7.0,6.0,1.0,4,60,70,0,20,0,3,0,0.0,0.0,,It uses black pearls to amplify itspsycho-power. It does an odddance to gain control over foes.,Grumpig
s_d9dd3995,2.0,,126,,6.0,6.0,4,45,35,0,40,0,1,0,0.0,0.0,79.0,Born deep underground it comesaboveground and becomes a pupa once ithas finished eating the surrounding soil.,Larvitar
s_d9dd3995,2.0,,126,,6.0,6.0,4,45,35,0,40,0,1,0,0.0,0.0,79.0,It feeds on soil. After it has eaten a largemountain it will fall asleep so it can grow.,Larvitar
s_64acf7a1,3.0,,147,4.0,12.0,4.0,4,255,70,0,20,0,2,0,0.0,1.0,,Nosepass had been said to be completely unmoving with itsmagnetic nose pointed due north. However close observationhas revealed that the Pokémon actually moves by a little over3/8 of an inch every year.,Nosepass
s_7dc4771b,8.0,,422,1.0,12.0,,-1,3,0,0,120,0,1,0,0.0,1.0,,Its mechanized body is merely a vessel. Its trueself is its Soul-Heart an artificial soul.,Magearna
s_bd8a7e67,8.0,,438,10.0,,,4,255,50,0,15,0,2,0,,0.0,,If its fleece grows too long Wooloo wont beable to move. Cloth made with the wool of thisPokémon is surprisingly strong.,Wooloo
s_bd8a7e67,8.0,,438,10.0,,,4,255,50,0,15,0,2,0,,0.0,,Its curly fleece is such an effective cushion thatthis Pokémon could fall off a cliff and stand rightback up at the bottom unharmed.,Wooloo
s_8ca26906,8.0,,237,5.0,3.0,,4,190,70,0,20,1,5,0,0.0,0.0,,After long exposure to sunlightthe patterns on its tail fins shinevividly when darkness arrives.,Finneon
s_af75eee6,8.0,,186,4.0,12.0,1.0,4,190,50,0,20,0,2,0,0.0,,93.0,It can only survive in cold areas. It bounceshappily around even in environments as cold as−150 degrees Fahrenheit.,Snorunt
s_af75eee6,8.0,,186,4.0,12.0,1.0,4,190,50,0,20,0,2,0,0.0,,93.0,Its said that if they are seen at midnight theyllcause heavy snow. They eat snow and iceto survive.,Snorunt
s_0ba0690b,7.0,,186,4.0,12.0,1.0,4,190,50,0,20,0,2,0,0.0,1.0,93.0,It can only survive in cold areas. It bounceshappily around even in environments as cold as−150 degrees Fahrenheit.,Snorunt
s_0ba0690b,7.0,,186,4.0,12.0,1.0,4,190,50,0,20,0,2,0,0.0,1.0,93.0,Its said that if they are seen at midnight theyllcause heavy snow. They eat snow and iceto survive.,Snorunt
s_e26c7e72,3.0,,144,,14.0,2.0,4,255,50,0,15,0,5,0,0.0,1.0,,It can sometimes live underground for more than10 years. It absorbs nutrients from the rootsof trees.,Nincada
s_e26c7e72,3.0,,144,,14.0,2.0,4,255,50,0,15,0,5,0,0.0,1.0,,Because it lived almost entirely undergroundit is nearly blind. It uses its antennae instead.,Nincada
s_ce765beb,5.0,,275,5.0,12.0,,0,45,50,0,20,0,2,0,1.0,0.0,,The karate chops of a Sawk thats trained itselfto the limit can cleave the ocean itself.,Sawk
s_ce765beb,5.0,,275,5.0,12.0,,0,45,50,0,20,0,2,0,1.0,0.0,,If you see a Sawk training in the mountains in itssingle-minded pursuit of strength its best toquietly pass by.,Sawk
s_1beeb823,5.0,id-519,266,3.0,9.0,,4,120,50,0,15,0,4,0,1.0,0.0,,It can fly moderately quickly. No matter how farit travels it can always find its way back to itsmaster and its nest.,Tranquill
s_1beeb823,5.0,id-519,266,3.0,9.0,,4,120,50,0,15,0,4,0,1.0,0.0,,These bright Pokémon have acute memories.Apparently delivery workers often choose themas their partners.,Tranquill
s_c74cffe0,8.0,id-885,466,2.0,,,4,45,50,0,40,0,1,0,0.0,1.0,,Without a Dreepy to place on its head andcare for it gets so uneasy itll try to substituteany Pokémon it finds for the missing Dreepy.,Drakloak
s_c74cffe0,8.0,id-885,466,2.0,,,4,45,50,0,40,0,1,0,0.0,1.0,,Its capable of flying faster than 120 mph.It battles alongside Dreepy anddotes on them until they successfully evolve.,Drakloak
s_245d9606,4.0,,229,6.0,5.0,,4,100,50,0,30,0,2,0,0.0,1.0,187.0,All Spiritombs mischief and misdeeds compelleda traveler to use a mysterious spell to bindSpiritomb to an odd keystone.,Spiritomb
s_245d9606,4.0,,229,6.0,5.0,,4,100,50,0,30,0,2,0,0.0,1.0,187.0,Exactly 108 spirits gathered to become thisPokémon. Apparently there are some ill-naturedspirits in the mix.,Spiritomb
s_a7ad8914,5.0,,318,1.0,8.0,,4,45,50,0,20,0,2,0,1.0,0.0,,These Pokémon live in herds of about 20individuals. Bouffalant that betray the herd willlose the hair on their heads for some reason.,Bouffalant
s_a7ad8914,5.0,,318,1.0,8.0,,4,45,50,0,20,0,2,0,1.0,0.0,,These Pokémon can crush a car with no morethan a headbutt. Bouffalant with more hair ontheir heads hold higher positions within the herd.,Bouffalant
s_4981f341,7.0,id-737,379,1.0,14.0,,4,45,50,0,15,0,2,0,1.0,0.0,,If it carries a Charjabug to use as a spare batterya flying Vikavolt can rapidly fire high-poweredbeams of electricity.,Vikavolt
s_4981f341,7.0,id-737,379,1.0,14.0,,4,45,50,0,15,0,2,0,1.0,0.0,,It builds up electricity in its abdomen focuses itthrough its jaws and then fires the electricity offin concentrated beams.,Vikavolt
s_30b0e1a3,5.0,id-83,35,9.0,,,4,45,50,0,20,0,2,0,1.0,0.0,,Only Farfetchd that have survived many battlescan attain this evolution. When this Pokémonsleek withers it will retire from combat.,Sirfetchd
s_30b0e1a3,5.0,id-83,35,9.0,,,4,45,50,0,20,0,2,0,1.0,0.0,,After deflecting attacks with its hard leaf shieldit strikes back with its sharp leek stalk. The leekstalk is both weapon and food.,Sirfetchd
s_97ad962d,1.0,,42,10.0,6.0,3.0,4,190,70,0,20,0,2,0,0.0,1.0,,A descendent of the legendary animalbaku which is said to eat dreams. It isskilled at hypnotism.,Drowzee
s_fa9cf8c7,4.0,,230,5.0,6.0,,4,45,50,0,40,1,1,0,1.0,0.0,85.0,Gible prefers to stay in narrow holes in the sidesof caves heated by geothermal energy. This wayGible can stay warm even during a blizzard.,Gible
s_fa9cf8c7,4.0,,230,5.0,6.0,,4,45,50,0,40,1,1,0,1.0,0.0,85.0,Gible attacks anything that moves and it dragswhatever it catches into the crevice that is its lair.Despite the big mouth Gibles stomach is small.,Gible
s_ecf6eb94,3.0,,312,7.0,1.0,,4,200,50,0,15,0,2,0,0.0,0.0,,It has a strange physiology that responds toelectricity. When together with KarrablastShelmet evolves for some reason.,Shelmet
s_ecf6eb94,3.0,,312,7.0,1.0,,4,200,50,0,15,0,2,0,0.0,0.0,,When attacked it tightly shuts the lid of its shell.This reaction fails to protect it from Karrablasthowever because they can still get into the shell.,Shelmet
s_19a5d4dc,5.0,,281,8.0,8.0,,4,180,50,0,20,0,4,0,1.0,0.0,66.0,The desert gets cold at night so when the sunsets this Pokémon burrows deep into the sandand sleeps until sunrise.,Sandile
s_19a5d4dc,5.0,,281,8.0,8.0,,4,180,50,0,20,0,4,0,1.0,0.0,66.0,Sandile is small but its legs and lower body arepowerful. Pushing sand aside as it goes Sandilemoves through the desert as if its swimming.,Sandile
s_e42beff6,1.0,,42,9.0,6.0,3.0,4,190,70,0,20,0,2,0,0.0,0.0,,A descendent of the legendary animalbaku which is said to eat dreams. It isskilled at hypnotism.,Drowzee
s_bb75f4a6,1.0,id-129,64,1.0,2.0,9.0,4,45,50,0,5,1,1,1,1.0,0.0,14.0,Once it begins to rampage a Gyarados will burneverything down even in a harsh storm.,Gyarados
s_bb75f4a6,1.0,id-129,64,1.0,2.0,9.0,4,45,50,0,5,1,1,1,1.0,0.0,14.0,It has an extremely aggressive nature.The Hyper Beam it shoots from its mouthtotally incinerates all targets.,Gyarados
s_62b6ca7a,1.0,id-70,29,2.0,5.0,2.0,4,45,70,0,20,0,4,0,1.0,0.0,,Said to live inhuge coloniesdeep in junglesalthough no onehas ever returnedfrom there.,Victreebel
s_6c77196c,8.0,id-506,260,4.0,8.0,,4,120,50,0,15,0,4,0,1.0,0.0,,Herdier is a very smart and friendly Pokémon.So much so that theres a theory that Herdier wasthe first Pokémon to partner with people.,Herdier
s_6c77196c,8.0,id-506,260,4.0,8.0,,4,120,50,0,15,0,4,0,1.0,0.0,,The black fur that covers this Pokémons bodyis dense and springy. Even sharp fangs bounceright off.,Herdier
s_673cf9dd,2.0,rec-79-dup-0,33,6.0,6.0,7.0,4,70,50,0,20,0,2,0,1.0,0.0,,Miraculously this former Slowpokes latentintelligence was drawn out when Shellder poisonraced through its brain.,Slowking
s_673cf9dd,2.0,rec-79-dup-0,33,6.0,6.0,7.0,4,70,50,0,20,0,2,0,1.0,0.0,,Slowking can solve any problem presented to itbut no one can understand a thing Slowking says.,Slowking
s_23a879dc,5.0,,312,8.0,11.0,,4,200,50,0,15,0,2,0,0.0,1.0,,It has a strange physiology that responds toelectricity. When together with KarrablastShelmet evolves for some reason.,Shelmet
s_23a879dc,5.0,,312,8.0,11.0,,4,200,50,0,15,0,2,0,0.0,1.0,,When attacked it tightly shuts the lid of its shell.This reaction fails to protect it from Karrablasthowever because they can still get into the shell.,Shelmet
s_b8761062,4.0,rec-436-dup-0,224,2.0,4.0,,-1,90,50,0,20,0,2,0,1.0,0.0,,Many scientists suspect that this Pokémonoriginated outside the Galar region based onthe patterns on its body.,Bronzong
s_b8761062,4.0,rec-436-dup-0,224,2.0,4.0,,-1,90,50,0,20,0,2,0,1.0,0.0,,Some believe it to be a deity that summons rainclouds. When angered it lets out a warning crythat rings out like the tolling of a bell.,Bronzong
s_94fa2b54,3.0,id-355,182,1.0,12.0,3.0,4,90,35,0,25,0,3,0,1.0,0.0,70.0,It seeks drifting will-o-the-wisps and sucks theminto its empty body. What happens inside isa mystery.,Dusclops
s_94fa2b54,3.0,id-355,182,1.0,12.0,3.0,4,90,35,0,25,0,3,0,1.0,0.0,70.0,Its body is entirely hollow. When it opens itsmouth it sucks everything in as if it were ablack hole.,Dusclops
s_2ac13a3f,,id-848,446,7.0,,,4,45,50,0,25,0,4,0,1.0,0.0,,When this Pokémon sounds as if its strumming aguitar its actually clawing at the protrusions onits chest to generate electricity.,Toxtricity
s_2ac13a3f,,id-848,446,7.0,,,4,45,50,0,25,0,4,0,1.0,0.0,,This short-tempered and aggressive Pokémonchugs stagnant water to absorb any toxins itmight contain.,Toxtricity
s_76bed80f,3.0,,201,10.0,6.0,4.0,-1,3,100,0,120,0,1,0,0.0,0.0,,Its believed that when this Pokémon wakes fromits 1000-year slumber it will grant any wisheswritten on the notes attached to its head.,Jirachi
s_76bed80f,3.0,,201,10.0,6.0,4.0,-1,3,100,0,120,0,1,0,0.0,0.0,,Once every 1000 years the singing of a purevoice will rouse this Pokémon from its near-perpetual slumber. It wakes for only seven days.,Jirachi
s_57b57e1f,5.0,,283,5.0,11.0,,4,255,50,0,20,0,2,0,0.0,1.0,,Once each year this Pokémon scatters its seeds.Theyre jam-packed with nutrients making thema precious food source out in the desert.,Maractus
s_57b57e1f,5.0,,283,5.0,11.0,,4,255,50,0,20,0,2,0,0.0,1.0,,With noises that could be mistaken for the rattlesof maracas it creates an upbeat rhythm startlingbird Pokémon and making them fly off in a hurry.,Maractus
s_18b9e8e8,5.0,rec-546-dup-0,278,5.0,6.0,,4,75,50,0,20,0,2,0,1.0,0.0,49.0,It scatters cotton all over the place as a prank. Ifit gets wet itll become too heavy to move andhave no choice but to answer for its mischief.,Whimsicott
s_18b9e8e8,5.0,rec-546-dup-0,278,5.0,6.0,,4,75,50,0,20,0,2,0,1.0,0.0,49.0,As long as this Pokémon bathes in sunlight itscotton keeps growing. If too much cotton fluffbuilds up Whimsicott tears it off and scatters it.,Whimsicott
s_52cd15ff,2.0,id-180,89,10.0,,,4,45,70,0,20,0,4,1,0.0,0.0,47.0,AMPHAROS gives off so much light thatit can be seen even from space.People in the old days used the light ofthis POKéMON to send signals back andforth with others far away.,Ampharos
s_d006137b,3.0,id-374,192,2.0,14.0,6.0,-1,3,35,0,40,0,1,0,1.0,0.0,83.0,Two Beldum have become stuck together viatheir own magnetic forces. With two brains theresulting Metang has doubled psychic powers.,Metang
s_d006137b,3.0,id-374,192,2.0,14.0,6.0,-1,3,35,0,40,0,1,0,1.0,0.0,83.0,Using magnetic forces to stay aloft this Pokémonflies at high speeds weaving through harshmountain terrain in pursuit of prey.,Metang
s_f24a50d2,5.0,id-108,48,6.0,,,4,30,50,0,20,0,2,0,0.0,0.0,,Lickilickys strange tongue can stretch to manytimes the length of its body. No one has figuredout how Lickilickys tongue can stretch so far.,Lickilicky
s_f24a50d2,5.0,id-108,48,6.0,,,4,30,50,0,20,0,2,0,0.0,0.0,,Lickilicky can do just about anything with itstongue which is as dexterous as the human hand.In contrast Lickilickys use of its fingers is clumsy.,Lickilicky
s_26dafa81,5.0,,334,9.0,7.0,,-1,3,35,0,80,0,1,1,0.0,1.0,,They say that Keldeo must survive harsh battlesand fully develop the horn on its foreheadbefore this Pokémons true power will awaken.,Keldeo
s_26dafa81,5.0,,334,9.0,7.0,,-1,3,35,0,80,0,1,1,0.0,1.0,,Cobalion Terrakion and Virizion taught thisPokémon how to fight. It dashes across the worldseeking more opportunities to further its training.,Keldeo
s_4035b51a,2.0,,102,4.0,5.0,3.0,4,190,70,0,20,0,2,0,0.0,0.0,56.0,A PINECO hangs from a tree branch andwaits for prey. While eating if it isdisturbed by someone shaking its tree itfalls on the ground and suddenly explodes.,Pineco
s_c0dac781,8.0,,449,,,,-1,120,50,0,20,0,2,0,0.0,1.0,,This Pokémon is said to have been born whena lonely spirit possessed a cold leftover cupof tea.,Sinistea
s_c0dac781,8.0,,449,,,,-1,120,50,0,20,0,2,0,0.0,1.0,,The teacup in which this Pokémon makes itshome is a famous piece of antique tableware.Many forgeries are in circulation.,Sinistea
s_250a0858,3.0,id-371,191,10.0,7.0,6.0,4,45,35,0,40,0,1,0,0.0,0.0,,Shelgon ignores its hunger entirely never eatingany food. Apparently Shelgon will evolve onceall its energy stores are used up.,Shelgon
s_250a0858,3.0,id-371,191,10.0,7.0,6.0,4,45,35,0,40,0,1,0,0.0,0.0,,This Pokémon has covered its body in a hardshell that has the same composition as bone.Shelgon stores energy for evolution.,Shelgon
s_86116f82,1.0,id-35,14,,6.0,,6,25,140,0,10,0,3,0,0.0,0.0,,A timid fairy Pokémon that is rarely seen it willrun and hide the moment it senses people.,Clefable
s_86116f82,1.0,id-35,14,,6.0,,6,25,140,0,10,0,3,0,0.0,0.0,,Their ears are sensitive enough to hear a pindrop from over a mile away so theyre usuallyfound in quiet places.,Clefable
s_f31d3b01,6.0,,293,,12.0,,6,200,50,0,20,0,4,0,0.0,0.0,63.0,Though theyre still only babies theres psychicpower stored in their ribbonlike feelers andsometimes they use that power to fight.,Gothita
s_f31d3b01,6.0,,293,,12.0,,6,200,50,0,20,0,4,0,0.0,0.0,63.0,Even when nobody seems to be around Gothitacan still be heard making a muted cry. Many believeits speaking to something only it can see.,Gothita
s_2806f0a1,3.0,,131,8.0,8.0,3.0,1,45,50,0,20,1,4,0,0.0,1.0,,Inside its body is a place where itkeeps a small flame. Hug it It willbe as warm as a hot-water bottle.,Torchic
s_f7bdb3e0,8.0,rec-281-dup-0,140,9.0,6.0,8.0,4,45,35,0,20,0,1,1,0.0,0.0,11.0,To protect its Trainer it will expend all its psychicpower to create a small black hole.,Gardevoir
s_f7bdb3e0,8.0,rec-281-dup-0,140,9.0,6.0,8.0,4,45,35,0,20,0,1,1,0.0,0.0,11.0,It has the power to predict the future. Its powerpeaks when it is protecting its Trainer.,Gardevoir
s_901ef8b9,2.0,,89,10.0,7.0,3.0,4,235,70,0,20,0,4,0,0.0,0.0,45.0,MAREEPs fluffy coat of wool rubstogether and builds a static charge.The more static electricity is chargedthe more brightly the lightbulb at thetip of its tail grows.,Mareep
s_43949100,5.0,,328,2.0,4.0,,0,3,90,0,120,0,1,1,1.0,1.0,,Tornadus expels massive energy from its tailcausing severe storms. Its power is great enoughto blow houses away.,Tornadus
s_3ec3f59e,4.0,,176,7.0,1.0,7.0,1,45,50,0,30,0,5,0,0.0,0.0,,Lileep clings to rocks on the seabed. When preycomes close this Pokémon entangles it withpetallike tentacles.,Lileep
s_3ec3f59e,4.0,,176,7.0,1.0,7.0,1,45,50,0,30,0,5,0,0.0,0.0,,This Pokémon was restored from a fossil.Lileep once lived in warm seas that existedapproximately 100000000 years ago.,Lileep
s_9837a180,7.0,,393,5.0,11.0,,6,60,50,0,20,0,3,0,0.0,1.0,,These Pokémon smell very nice. All Comfey weardifferent flowers so each of these Pokémon hasits own individual scent.,Comfey
s_9837a180,7.0,,393,5.0,11.0,,6,60,50,0,20,0,3,0,0.0,1.0,,Comfey picks flowers with its vine and decoratesitself with them. For some reason flowers wontwither once theyre attached to a Comfey.,Comfey
s_4b9eb3a4,1.0,,62,4.0,6.0,2.0,4,45,50,0,25,0,1,1,0.0,0.0,,This Pokémon clamps its pincers down on its preyand then either splits the prey in half or flingsit away.,Pinsir
s_4b9eb3a4,1.0,,62,4.0,6.0,2.0,4,45,50,0,25,0,1,1,0.0,0.0,,These Pokémon judge one another based onpincers. Thicker more impressive pincers makefor more popularity with the opposite gender.,Pinsir
s_b8cc8ff0,3.0,,284,7.0,14.0,,4,190,50,0,20,0,2,0,0.0,0.0,,When it finds a stone appealing it creates a holeinside it and uses it as its home. This Pokémon isthe natural enemy of Roggenrola and Rolycoly.,Dwebble
s_b8cc8ff0,3.0,,284,7.0,14.0,,4,190,50,0,20,0,2,0,0.0,0.0,,It first tries to find a rock to live in but if thereare no suitable rocks to be found Dwebble maymove in to the ports of a Hippowdon.,Dwebble
s_59b36ffe,6.0,id-659,340,1.0,12.0,,4,127,50,0,15,0,2,0,0.0,0.0,,With power equal to an excavator it can digthrough dense bedrock. Its a huge help duringtunnel construction.,Diggersby
s_59b36ffe,6.0,id-659,340,1.0,12.0,,4,127,50,0,15,0,2,0,0.0,0.0,,The fur on its belly retains heat exceptionallywell. People used to make heavy winter clothingfrom fur shed by this Pokémon.,Diggersby
s_6c43ea65,8.0,rec-605-dup-0,307,3.0,6.0,,4,90,50,0,20,0,2,0,0.0,0.0,,Sometimes found drifting above wheat fieldsthis Pokémon can control the memories ofits opponents.,Beheeyem
s_6c43ea65,8.0,rec-605-dup-0,307,3.0,6.0,,4,90,50,0,20,0,2,0,0.0,0.0,,Whenever a Beheeyem visits a farma Dubwool mysteriously disappears.,Beheeyem
s_bab13366,4.0,,230,2.0,12.0,,4,45,50,0,40,1,1,0,1.0,0.0,85.0,Gible prefers to stay in narrow holes in the sidesof caves heated by geothermal energy. This wayGible can stay warm even during a blizzard.,Gible
s_bab13366,4.0,,230,2.0,12.0,,4,45,50,0,40,1,1,0,1.0,0.0,85.0,Gible attacks anything that moves and it dragswhatever it catches into the crevice that is its lair.Despite the big mouth Gibles stomach is small.,Gible
s_ddf1b76d,6.0,,373,3.0,8.0,,-1,3,100,0,120,0,1,0,1.0,0.0,,It expels its internal steam from thearms on its back. It has enoughpower to blow away a mountain.,Volcanion
s_351843b3,8.0,rec-447-dup-0,232,2.0,12.0,,1,45,50,0,25,0,4,1,0.0,0.0,51.0,It can tell what people are thinking. Only Trainerswho have justice in their hearts can earn thisPokémons trust.,Lucario
s_351843b3,8.0,rec-447-dup-0,232,2.0,12.0,,1,45,50,0,25,0,4,1,0.0,0.0,51.0,It controls waves known as auras which arepowerful enough to pulverize huge rocks.It uses these waves to take down its prey.,Lucario
s_37c9722a,1.0,,7,7.0,8.0,3.0,4,255,70,0,15,1,2,0,1.0,1.0,,It eats anything.Wherever food isavailable it willsettle down andproduce offspringcontinuously.,Rattata
s_ad2469e0,3.0,rec-259-dup-0,132,2.0,12.0,9.0,1,45,50,0,20,0,4,1,1.0,0.0,,Its arms are hard as rock.With one swing it canbreak a boulder into pieces.,Swampert
s_e4b15822,5.0,id-543,277,3.0,5.0,,4,120,50,0,15,0,4,0,0.0,0.0,32.0,Whirlipede protects itself with a sturdy shell andpoisonous spikes while it stores up the energy itllneed for evolution.,Whirlipede
s_e4b15822,5.0,id-543,277,3.0,5.0,,4,120,50,0,15,0,4,0,0.0,0.0,32.0,This Pokémon spins itself rapidly and charges intoits opponents. Its top speed is just over 60 mph.,Whirlipede
s_1d22066b,8.0,,447,6.0,,,4,190,50,0,20,0,2,0,0.0,1.0,,It wraps prey up with its heated body cookingthem in its coils. Once theyre well-done it willvoraciously nibble them down to the last morsel.,Sizzlipede
s_1d22066b,8.0,,447,6.0,,,4,190,50,0,20,0,2,0,0.0,1.0,,It stores flammable gas in its body and uses it togenerate heat. The yellow sections on its bellyget particularly hot.,Sizzlipede
s_5b784f86,8.0,,472,9.0,,,-1,3,35,0,120,0,1,0,1.0,1.0,,This Pokémon is a cluster of electrical energy.Its said that removing the rings on Regielekisbody will unleash the Pokémons latent power.,Regieleki
s_5b784f86,8.0,,472,9.0,,,-1,3,35,0,120,0,1,0,1.0,1.0,,Its entire body is made up of a single organ thatgenerates electrical energy. Regieleki is capableof creating all Galars electricity.,Regieleki
s_34ffb0df,4.0,id-597,304,,10.0,,4,90,50,0,20,0,2,0,0.0,0.0,,Its spikes are harder than steel. This Pokémoncrawls across rock walls by stabbing the spikeson its feelers into the stone.,Ferrothorn
s_34ffb0df,4.0,id-597,304,,10.0,,4,90,50,0,20,0,2,0,0.0,0.0,,This Pokémon scrapes its spikes across rocksand then uses the tips of its feelers to absorbthe nutrients it finds within the stone.,Ferrothorn
s_ebb61b3b,7.0,id-739,380,9.0,,,4,60,70,0,20,0,2,0,1.0,0.0,,Before it stops to think it just starts pummeling.There are records of its turning backavalanches with a flurry of punches.,Crabominable
s_785ea378,1.0,,12,2.0,7.0,3.0,8,235,50,0,20,0,4,0,1.0,0.0,,It uses its hard incisor teeth to crush and eatberries. The tip of a female Nidorans horn is abit more rounded than the tip of a males horn.,Nidoran♀
s_785ea378,1.0,,12,2.0,7.0,3.0,8,235,50,0,20,0,4,0,1.0,0.0,,Females are more sensitive to smells than males.While foraging theyll use their whiskers to checkwind direction and stay downwind of predators.,Nidoran♀
s_55b65198,1.0,id-41,17,8.0,9.0,1.0,4,90,50,0,15,1,2,0,1.0,0.0,24.0,It loves to drink other creatures blood. Its saidthat if it finds others of its kind going hungryit sometimes shares the blood its gathered.,Golbat
s_55b65198,1.0,id-41,17,8.0,9.0,1.0,4,90,50,0,15,1,2,0,1.0,0.0,24.0,Its feet are tiny but this Pokémon walks skillfully.It sneaks up on sleeping prey before sinking in itsfangs and slurping up blood.,Golbat
s_3096dab0,1.0,id-238,59,8.0,6.0,5.0,8,45,50,0,25,0,2,0,0.0,1.0,,In certain parts of Galar Jynx was once fearedand worshiped as the Queen of Ice.,Jynx
s_3096dab0,1.0,id-238,59,8.0,6.0,5.0,8,45,50,0,25,0,2,0,0.0,1.0,,The Jynx of Galar often have beautiful anddelicate voices. Some of these Pokémon haveeven gathered a fan base.,Jynx
s_48c59026,4.0,,57,8.0,12.0,,4,145,50,1,25,0,2,0,1.0,0.0,,It looks for a Mr. Rime thats a good dancerand carefully copies the Mr. Rimes stepslike an apprentice.,Mime Jr.
s_48c59026,4.0,,57,8.0,12.0,,4,145,50,1,25,0,2,0,1.0,0.0,,It mimics everyone it sees but it puts extraeffort into copying the graceful dance stepsof Mr. Rime as practice.,Mime Jr.
s_20d9aed8,3.0,,148,6.0,7.0,3.0,6,255,70,0,15,0,3,0,0.0,0.0,,It cant stop itself from chasingmoving things and it runs in acircle chasing its own tail.,Skitty
s_7add92f3,4.0,,242,8.0,12.0,,-1,3,140,0,80,0,1,0,1.0,0.0,,When Mesprit flew people learnedthe joy and sadness of living.It was the birth of emotions.,Mesprit
s_646f6409,7.0,,154,10.0,12.0,3.0,4,200,70,0,20,0,2,0,0.0,0.0,,It cheers on friends with pom-pomsmade of sparks. It drains powerfrom telephone poles.,Plusle
s_3a362497,1.0,,38,8.0,14.0,8.0,4,190,70,0,20,0,2,0,0.0,0.0,,Born from sludge these Pokémon nowgather in polluted places and increasethe bacteria in their bodies.,Grimer
s_4f5ec0f6,3.0,,167,2.0,6.0,6.0,4,190,35,0,20,0,4,0,0.0,0.0,,It prefers harsh environments such as deserts.It can survive for 30 days on water stored inits body.,Cacnea
s_84e466f2,3.0,,153,2.0,8.0,2.0,4,120,50,0,20,0,1,0,0.0,0.0,,It stores static electricity in its fur for discharging.It gives off sparks if a storm approaches.,Electrike
s_84e466f2,3.0,,153,2.0,8.0,2.0,4,120,50,0,20,0,1,0,0.0,0.0,,It stores electricity in its fur. It gives off sparksfrom all over its body in seasons when the air is dry.,Electrike
s_f4d67c60,6.0,,344,10.0,,,8,225,70,0,20,0,2,0,0.0,0.0,,When it finds a flower it likes it dwells onthat flower its whole life long. It floats in thewinds embrace with an untroubled heart.,Flabébé
s_1f4e4f1c,7.0,rec-397-dup-1,206,8.0,9.0,,4,45,70,0,15,1,4,0,0.0,0.0,28.0,The muscles in its wings and legs are strong.It can easily fly while gripping a small Pokémon.,Staraptor
s_950e7631,3.0,,149,8.0,12.0,1.0,4,45,35,0,25,0,4,1,1.0,0.0,,It feeds on gemstone crystals. In darkness itseyes sparkle with the glitter of jewels.,Sableye
s_950e7631,3.0,,149,8.0,12.0,1.0,4,45,35,0,25,0,4,1,1.0,0.0,,This Pokémon is feared. When its gemstone eyesbegin to glow with a sinister shine its believedthat Sableye will steal peoples spirits away.,Sableye
s_4683d62e,5.0,rec-582-dup-0,296,10.0,5.0,,4,120,50,0,20,0,1,0,1.0,0.0,,It blasts enemies with cold air reaching −148degrees Fahrenheit freezing them solid. But itspares their lives afterward—its a kind Pokémon.,Vanillish
s_4683d62e,5.0,rec-582-dup-0,296,10.0,5.0,,4,120,50,0,20,0,1,0,1.0,0.0,,By drinking pure water it grows its icy body.This Pokémon can be hard to find on days withwarm sunny weather.,Vanillish
s_55ec86e0,3.0,id-278,139,10.0,13.0,7.0,4,45,50,0,20,0,2,0,1.0,0.0,,Skimming the waters surface it dips its large billin the sea scoops up food and water andcarries it.,Pelipper
s_55ec86e0,3.0,id-278,139,10.0,13.0,7.0,4,45,50,0,20,0,2,0,1.0,0.0,,It is a messenger of the skies carrying smallPokémon and eggs to safety in its bill.,Pelipper
s_52a3cc0a,5.0,,362,6.0,2.0,,4,45,35,0,40,0,1,0,0.0,0.0,,Because most of its body is water it will dry up ifthe weather becomes too arid. Its consideredthe weakest dragon Pokémon.,Goomy
s_52a3cc0a,5.0,,362,6.0,2.0,,4,45,35,0,40,0,1,0,0.0,0.0,,Their horns are powerful sensors. As soon asGoomy pick up any sign of enemies they go intohiding. This is how theyve survived.,Goomy
s_701ec61d,8.0,id-548,279,5.0,5.0,,8,75,50,0,20,0,2,0,0.0,1.0,44.0,Its believed that even first-rate gardeners have ahard time getting the flower on a Lilligants headto bloom.,Lilligant
s_701ec61d,8.0,id-548,279,5.0,5.0,,8,75,50,0,20,0,2,0,0.0,1.0,44.0,Essential oils made from Lilligant flowershave a sublime scent but theyre alsostaggeringly expensive.,Lilligant
s_b239b1ee,5.0,,271,8.0,12.0,,4,255,50,0,20,0,3,1,0.0,1.0,185.0,Audinos sense of hearing is superb. Not even apebble rolling along over a mile away will escapeAudinos ears.,Audino
s_b239b1ee,5.0,,271,8.0,12.0,,4,255,50,0,20,0,3,1,0.0,1.0,185.0,This Pokémon has a kind heart. By touching withits feelers Audino can gauge other creaturesfeelings and physical conditions.,Audino
s_17c30ea3,8.0,,437,2.0,,,4,190,50,0,20,0,2,0,1.0,0.0,,It whirls around in the wind while singing a joyoussong. This delightful display has charmed manyinto raising this Pokémon.,Gossifleur
s_17c30ea3,8.0,,437,2.0,,,4,190,50,0,20,0,2,0,1.0,0.0,,It anchors itself in the ground with its single legthen basks in the sun. After absorbing enoughsunlight its petals spread as it blooms brilliantly.,Gossifleur
s_f2726bcd,5.0,,290,2.0,6.0,,4,190,50,0,20,0,2,0,0.0,0.0,,Its favorite places are unsanitary ones. If youleave trash lying around you could even findone of these Pokémon living in your room.,Trubbish
s_f2726bcd,5.0,,290,2.0,6.0,,4,190,50,0,20,0,2,0,0.0,0.0,,This Pokémon was born from a bag stuffed withtrash. Galarian Weezing relish the fumes belchedby Trubbish.,Trubbish
s_0f6efefc,4.0,id-562,287,4.0,,,4,90,50,0,25,0,2,0,,0.0,,Never touch its shadowlike body or youll beshown the horrific memories behind the picturecarved into it.,Runerigus
s_0f6efefc,4.0,id-562,287,4.0,,,4,90,50,0,25,0,2,0,,0.0,,A powerful curse was woven into an ancientpainting. After absorbing the spirit of a Yamaskthe painting began to move.,Runerigus
s_ec7f0a9b,3.0,,130,2.0,12.0,2.0,1,45,50,0,20,0,4,0,0.0,0.0,130.0,TREECKO has small hooks on the bottomof its feet that enable it to scalevertical walls.This POKéMON attacks by slamming foeswith its thick tail.,Treecko
s_23a95933,1.0,,75,10.0,13.0,5.0,-1,3,35,0,80,0,1,0,0.0,0.0,,Its one of the legendary bird Pokémon. WhenMoltres flaps its flaming wings they glimmer witha dazzling red glow.,Moltres
s_23a95933,1.0,,75,10.0,13.0,5.0,-1,3,35,0,80,0,1,0,0.0,0.0,,There are stories of this Pokémon using itsradiant flame-cloaked wings to light up pathsfor those lost in the mountains.,Moltres
s_7c2a4118,1.0,,76,2.0,10.0,9.0,4,45,35,0,40,0,1,0,1.0,0.0,76.0,This Pokémon was long considered to be nomore than a myth. The small lump on a Dratinisforehead is actually a horn thats still coming in.,Dratini
s_7c2a4118,1.0,,76,2.0,10.0,9.0,4,45,35,0,40,0,1,0,1.0,0.0,76.0,Dratini dwells near bodies of rapidly flowingwater such as the plunge pools of waterfalls.As it grows Dratini will shed its skin many times.,Dratini
s_b11bc04a,3.0,rec-280-dup-0,140,10.0,12.0,5.0,4,120,35,0,20,0,1,0,0.0,0.0,10.0,If its Trainer becomes happy it overflows withenergy dancing joyously while spinning about.,Kirlia
s_b11bc04a,3.0,rec-280-dup-0,140,10.0,12.0,5.0,4,120,35,0,20,0,1,0,0.0,0.0,10.0,It has a psychic power that enables it to distortthe space around it and see into the future.,Kirlia
s_394d36cf,5.0,id-519,266,4.0,,,4,120,50,0,15,0,4,0,0.0,1.0,,It can fly moderately quickly. No matter how farit travels it can always find its way back to itsmaster and its nest.,Tranquill
s_394d36cf,5.0,id-519,266,4.0,,,4,120,50,0,15,0,4,0,0.0,1.0,,These bright Pokémon have acute memories.Apparently delivery workers often choose themas their partners.,Tranquill
s_27ac1ec6,7.0,,280,2.0,3.0,,4,25,50,0,40,0,2,0,0.0,0.0,,Anglers love the fight this Pokémon puts up onthe hook. And there are always more to catch—many people release them into lakes illicitly.,Basculin
s_27ac1ec6,7.0,,280,2.0,3.0,,4,25,50,0,40,0,2,0,0.0,0.0,,In the past it often appeared on the dinnertable. The meat of red-striped Basculin is on thefatty side and its more popular with the youth.,Basculin
s_b4dcd03f,4.0,id-418,216,3.0,7.0,,4,75,70,0,20,1,2,0,0.0,1.0,,It is a common sight aroundfishing ports. It is known torescue people and carry off prey.,Floatzel
s_eb5bb7d9,7.0,,424,6.0,12.0,,-1,45,0,0,120,0,1,0,0.0,0.0,,An Ultra Beast that lives in a different world itcackles wildly as it sprays its opponents withpoison from the needles on its head.,Poipole
s_179f28fb,2.0,rec-152-dup-1,79,2.0,7.0,3.0,1,45,70,0,20,0,4,0,0.0,0.0,,A spicy aroma emanates from aroundits neck. The aroma acts as astimulant to restore health.,Bayleef
s_53aeac7e,3.0,id-366,188,8.0,2.0,7.0,4,60,70,0,20,0,5,0,1.0,0.0,,Its swimming form is exquisitely elegant.With its thin mouth it feeds on seaweedthat grows between rocks.,Gorebyss
s_b6dc1acd,2.0,,108,3.0,12.0,2.0,4,45,50,0,25,1,1,1,1.0,0.0,,This Pokémon takes pride in its strength whichallows it to lift things 100 times heavier thanitself with no trouble at all.,Heracross
s_b6dc1acd,2.0,,108,3.0,12.0,2.0,4,45,50,0,25,1,1,1,1.0,0.0,,Heracross loves sweet sap and will go lookingthrough forests for it. The Pokémon uses its twoantennae to pick up scents as it searches.,Heracross
s_7196d4aa,6.0,,356,10.0,12.0,,4,190,50,0,20,0,2,0,1.0,0.0,,The sun powers this Pokémons electricitygeneration. Interruption of that processstresses Helioptile to the point of weakness.,Helioptile
s_7196d4aa,6.0,,356,10.0,12.0,,4,190,50,0,20,0,2,0,1.0,0.0,,When spread the frills on its head act like solarpanels generating the power behind thisPokémons electric moves.,Helioptile
s_43e1eb7b,1.0,id-133,67,7.0,7.0,5.0,1,45,50,0,35,0,2,0,0.0,0.0,4.0,It stores some of the air it inhales in its internalflame pouch which heats it to over3000 degrees Fahrenheit.,Flareon
s_43e1eb7b,1.0,id-133,67,7.0,7.0,5.0,1,45,50,0,35,0,2,0,0.0,0.0,4.0,Once it has stored up enough heat thisPokémons body temperature can reach up to1700 degrees Fahrenheit.,Flareon
s_bb883b71,5.0,,283,5.0,,,4,255,50,0,20,0,2,0,1.0,0.0,,Once each year this Pokémon scatters its seeds.Theyre jam-packed with nutrients making thema precious food source out in the desert.,Maractus
s_bb883b71,5.0,,283,5.0,,,4,255,50,0,20,0,2,0,1.0,0.0,,With noises that could be mistaken for the rattlesof maracas it creates an upbeat rhythm startlingbird Pokémon and making them fly off in a hurry.,Maractus
s_d9a6c72a,1.0,rec-81-dup-0,34,3.0,5.0,1.0,-1,60,50,0,20,0,2,0,0.0,0.0,,This Pokémon is constantly putting out a powerfulmagnetic force. Most computers go haywire whena Magneton approaches.,Magneton
s_d9a6c72a,1.0,rec-81-dup-0,34,3.0,5.0,1.0,-1,60,50,0,20,0,2,0,0.0,0.0,,This Pokémon is three Magnemite that havelinked together. Magneton sends out powerfulradio waves to study its surroundings.,Magneton
s_3ef129f2,2.0,rec-153-dup-0,79,2.0,7.0,3.0,1,45,70,0,20,1,4,0,0.0,0.0,,Its breath has the fantasticability to revive dead plants andflowers.,Meganium
s_0162ce64,4.0,id-449,233,3.0,7.0,,4,60,50,0,30,1,1,0,1.0,0.0,,Stones can get stuck in the ports on their bodies.Dwebble help dislodge such stones soHippowdon look after these Pokémon.,Hippowdon
s_0162ce64,4.0,id-449,233,3.0,7.0,,4,60,50,0,30,1,1,0,1.0,0.0,,When roused to violence by its rage it spews outthe quantities of sand it has swallowed andwhips up a sandstorm.,Hippowdon
s_0d66b7fe,,rec-246-dup-0,126,,10.0,4.0,4,45,35,0,40,0,1,0,0.0,0.0,80.0,Even sealed in its shell it can move freely.Hard and fast it has outstandingdestructive power.,Pupitar
s_0d66b7fe,,rec-246-dup-0,126,,10.0,4.0,4,45,35,0,40,0,1,0,0.0,0.0,80.0,It will not stay still even while its a pupa.It already has arms and legs under its solid shell.,Pupitar
s_d6cb33f4,2.0,,104,8.0,9.0,4.0,4,60,70,0,20,1,4,0,0.0,1.0,,It flies straight at its targetsface then clamps down on thestartled victim to inject poison.,Gligar
s_0230f525,4.0,,435,2.0,,,4,255,50,0,15,0,2,0,0.0,1.0,,A constant collector of information this Pokémonis very smart. Very strong is what it isnt.,Blipbug
s_0230f525,4.0,,435,2.0,,,4,255,50,0,15,0,2,0,0.0,1.0,,Often found in gardens this Pokémon has hairson its body that it uses to assess its surroundings.,Blipbug
s_efe92522,7.0,,376,5.0,3.0,,1,45,50,0,15,0,4,0,1.0,0.0,,If Popplio want to create big powerful balloonsthey must be persistent. It takes daily practice forthese Pokémon to develop their skills.,Popplio
s_efe92522,7.0,,376,5.0,3.0,,1,45,50,0,15,0,4,0,1.0,0.0,,It creates special bouncy balloons to send at itsopponents. When the balloons pop the sheerforce of their bursting is what deals damage.,Popplio
s_41c1efca,7.0,,404,10.0,10.0,,4,45,50,0,20,0,2,0,0.0,1.0,,It wears a rag fashioned into a Pikachu costumein an effort to look less scary. Unfortunatelythe costume only makes it creepier.,Mimikyu
s_41c1efca,7.0,,404,10.0,10.0,,4,45,50,0,20,0,2,0,0.0,1.0,,There was a scientist who peeked underMimikyus old rag in the name of research.The scientist died of a mysterious disease.,Mimikyu
s_5e2bc5b7,1.0,,71,7.0,13.0,6.0,1,45,50,0,35,0,1,1,0.0,0.0,,Aerodactyls sawlike fangs can shred skin totatters—even the skin of Steel-type Pokémon.,Aerodactyl
s_5e2bc5b7,1.0,,71,7.0,13.0,6.0,1,45,50,0,35,0,1,1,0.0,0.0,,This is a ferocious Pokémon from ancient times.Apparently even modern technology is incapableof producing a perfectly restored specimen.,Aerodactyl
s_cbd53e05,1.0,,55,7.0,3.0,7.0,4,225,50,0,20,1,2,0,0.0,0.0,,Its dorsal pectoral and tail fins wave elegantlyin water. That is why it is known as the Water Dancer.,Goldeen
s_cbd53e05,1.0,,55,7.0,3.0,7.0,4,225,50,0,20,1,2,0,0.0,0.0,,Its dorsal and pectoral fins are strongly developedlike muscles. It can swim at a speed of five knots.,Goldeen
s_432a1073,7.0,,166,3.0,14.0,,4,255,50,0,20,0,4,0,0.0,0.0,,It makes an inescapable conical pit and lies inwait at the bottom for prey to cometumbling down.,Trapinch
s_432a1073,7.0,,166,3.0,14.0,,4,255,50,0,20,0,4,0,0.0,0.0,,Its nest is a sloped bowl-like pit in the desert.Once something has fallen in there is no escape.,Trapinch
s_7d4b8f4b,5.0,id-502,258,,8.0,,1,45,70,0,20,0,4,0,1.0,0.0,108.0,Part of the armor on its anterior legsbecomes a giant sword. Its cry aloneis enough to intimidate most enemies.,Samurott
s_f98e71f1,2.0,rec-42-dup-0,17,7.0,13.0,6.0,4,90,50,0,15,0,2,0,0.0,1.0,25.0,Both of its legs have turned into wings. Without asound Crobat flies swiftly toward its prey andsinks its fangs into the nape of its targets neck.,Crobat
s_f98e71f1,2.0,rec-42-dup-0,17,7.0,13.0,6.0,4,90,50,0,15,0,2,0,0.0,1.0,25.0,This Pokémon flaps its four wings skillfully.Crobat can fly through cramped caves withoutneeding to slow down.,Crobat
s_c381a26d,1.0,id-133,67,1.0,7.0,8.0,1,45,50,0,35,0,2,0,0.0,0.0,2.0,When Vaporeons fins begin to vibrate it is asign that rain will come within a few hours.,Vaporeon
s_c381a26d,1.0,id-133,67,1.0,7.0,8.0,1,45,50,0,35,0,2,0,0.0,0.0,2.0,Its bodys cellular structure is similar to themolecular composition of water. It can meltinvisibly in water.,Vaporeon
s_e1a67be9,5.0,id-592,301,9.0,2.0,,4,60,50,0,20,1,2,0,0.0,1.0,,Whenever a full moon hangs in the night skyschools of Jellicent gather near the surface ofthe sea waiting for their prey to appear.,Jellicent
s_e1a67be9,5.0,id-592,301,9.0,2.0,,4,60,50,0,20,1,2,0,0.0,1.0,,Most of this Pokémons body composition isidentical to sea water. It makes sunken shipsits lair.,Jellicent
s_dd8993d3,5.0,,300,10.0,4.0,,4,190,50,0,20,0,2,0,1.0,0.0,,No one knows what the Poké Ball–like pattern onFoongus means or why Foongus has it.,Foongus
s_dd8993d3,5.0,,300,10.0,4.0,,4,190,50,0,20,0,2,0,1.0,0.0,,The spores released from this Pokémons handsare highly poisonous but when thoroughly driedthe spores can be used as stomach medicine.,Foongus
s_ad6e177b,2.0,id-191,94,9.0,6.0,3.0,4,120,70,0,20,0,4,0,0.0,0.0,,It converts sunlight into energy. In thedarkness after sunset it closes its petalsand becomes still.,Sunflora
s_10c03e9a,3.0,id-122,57,6.0,,,4,45,50,0,25,0,2,0,0.0,0.0,,Its highly skilled at tap-dancing. It waves its caneof ice in time with its graceful movements.,Mr. Rime
s_10c03e9a,3.0,id-122,57,6.0,,,4,45,50,0,25,0,2,0,0.0,0.0,,Its amusing movements make it very popular.It releases its psychic power from the patternon its belly.,Mr. Rime
s_39202c26,8.0,,431,10.0,,,1,45,50,0,20,0,4,0,0.0,1.0,,A warm-up of running around gets fire energycoursing through this Pokémons body. Once thathappens its ready to fight at full power.,Scorbunny
s_39202c26,8.0,,431,10.0,,,1,45,50,0,20,0,4,0,0.0,1.0,,It has special pads on the backs of its feet andone on its nose. Once its raring to fight thesepads radiate tremendous heat.,Scorbunny
s_48de60fa,7.0,id-783,408,,6.0,,4,45,50,0,40,0,1,0,0.0,1.0,,Certain ruins have paintings of ancient warriorswearing armor made of Kommo-o scales.,Kommo-o
s_48de60fa,7.0,id-783,408,,6.0,,4,45,50,0,40,0,1,0,0.0,1.0,,It clatters its tail scales to unnerve opponents.This Pokémon will battle only those who standsteadfast in the face of this display.,Kommo-o
s_f412a759,1.0,id-66,28,4.0,12.0,1.0,2,90,50,0,20,0,4,0,0.0,1.0,99.0,Its formidable body never gets tired. It helpspeople by doing work such as the moving ofheavy goods.,Machoke
s_f412a759,1.0,id-66,28,4.0,12.0,1.0,2,90,50,0,20,0,4,0,0.0,1.0,99.0,Its muscular body is so powerful it must wear apower-save belt to be able to regulateits motions.,Machoke
s_c703623b,4.0,,373,3.0,7.0,,-1,3,100,0,120,0,1,0,0.0,1.0,,It expels its internal steam from thearms on its back. It has enoughpower to blow away a mountain.,Volcanion
s_095690b4,2.0,id-156,80,9.0,7.0,3.0,1,45,70,0,20,0,4,0,0.0,0.0,,It can hide behind a shimmering heat hazethat it creates using its intense flames.TYPHLOSION create blazing explosiveblasts that burn everything to cinders.,Typhlosion
s_a6d3977c,7.0,,219,6.0,4.0,,4,125,50,0,30,0,6,0,0.0,0.0,167.0,Perhaps seeking company it approaches children.However it often quickly runs away again whenthe children play too roughly with it.,Drifloon
s_a6d3977c,7.0,,219,6.0,4.0,,4,125,50,0,30,0,6,0,0.0,0.0,167.0,The gathering of many souls gave rise to thisPokémon. During humid seasons they seem toappear in abundance.,Drifloon
s_d9db0a40,8.0,,438,10.0,,,4,255,50,0,15,0,2,0,0.0,1.0,,If its fleece grows too long Wooloo wont beable to move. Cloth made with the wool of thisPokémon is surprisingly strong.,Wooloo
s_d9db0a40,8.0,,438,10.0,,,4,255,50,0,15,0,2,0,0.0,1.0,,Its curly fleece is such an effective cushion thatthis Pokémon could fall off a cliff and stand rightback up at the bottom unharmed.,Wooloo
s_79decb1c,3.0,,164,4.0,4.0,4.0,4,255,70,0,20,0,3,0,1.0,0.0,,Using its tail like a spring it keepsits heart beating by bouncingconstantly. If it stops it dies.,Spoink
s_3aadc1ac,2.0,,126,2.0,6.0,,4,45,35,0,40,0,1,0,0.0,0.0,79.0,Born deep underground it comesaboveground and becomes a pupa once ithas finished eating the surrounding soil.,Larvitar
s_3aadc1ac,2.0,,126,2.0,6.0,,4,45,35,0,40,0,1,0,0.0,0.0,79.0,It feeds on soil. After it has eaten a largemountain it will fall asleep so it can grow.,Larvitar
s_4b5aedf2,3.0,,193,3.0,6.0,6.0,-1,3,35,0,80,0,1,0,1.0,0.0,,Cutting-edge technology was used to studythe internals of this Pokémons rock body butnothing was found—not even a brain or a heart.,Regirock
s_4b5aedf2,3.0,,193,3.0,6.0,6.0,-1,3,35,0,80,0,1,0,1.0,0.0,,Every bit of Regirocks body is made of stone.As parts of its body erode this Pokémon sticksrocks to itself to repair whats been lost.,Regirock
s_5bd5f5b9,4.0,rec-397-dup-0,206,3.0,9.0,,4,45,70,0,15,1,4,0,1.0,1.0,28.0,The muscles in its wings and legs are strong.It can easily fly while gripping a small Pokémon.,Staraptor
s_38a53178,6.0,,424,8.0,6.0,,-1,45,0,0,120,0,1,0,0.0,0.0,,An Ultra Beast that lives in a different world itcackles wildly as it sprays its opponents withpoison from the needles on its head.,Poipole
s_eca88b9b,7.0,,410,,14.0,,-1,3,50,0,15,0,1,0,1.0,0.0,,This guardian deity of Akala is guilelessly cruel.The fragrant aroma of flowers is the source ofits energy.,Tapu Lele
s_e072a441,8.0,,463,2.0,,,-1,45,50,0,35,0,1,0,1.0,0.0,,Its mighty legs are capable of running atspeeds exceeding 40 mph but this Pokémoncant breathe unless its underwater.,Dracovish
s_e072a441,8.0,,463,2.0,,,-1,45,50,0,35,0,1,0,1.0,0.0,,Powerful legs and jaws made it the apex predatorof its time. Its own overhunting of its prey waswhat drove it to extinction.,Dracovish
s_f5c2ba1b,8.0,,328,5.0,4.0,,0,3,90,0,120,0,1,1,0.0,0.0,,Tornadus expels massive energy from its tailcausing severe storms. Its power is great enoughto blow houses away.,Tornadus
s_d0827619,1.0,,34,4.0,14.0,4.0,-1,190,50,0,20,0,2,0,0.0,0.0,,At times Magnemite runs out of electricity andends up on the ground. If you give batteries to agrounded Magnemite itll start moving again.,Magnemite
s_d0827619,1.0,,34,4.0,14.0,4.0,-1,190,50,0,20,0,2,0,0.0,0.0,,It subsists on electricity. As Magnemite flies itemits electromagnetic waves from the units oneach side of its body.,Magnemite
s_311600d9,3.0,,440,10.0,,,4,255,50,0,20,0,3,0,0.0,1.0,,This gluttonous Pokémon only assists people withtheir work because it wants treats. As it runsit crackles with electricity.,Yamper
s_311600d9,3.0,,440,10.0,,,4,255,50,0,20,0,3,0,0.0,1.0,,This Pokémon is very popular as a herding dogin the Galar region. As it runs it generateselectricity from the base of its tail.,Yamper
s_b94e7ec5,3.0,,354,3.0,1.0,,4,225,50,0,20,0,2,0,0.0,0.0,,Skrelp looks like a piece of rotten seaweed so itcan blend in with seaweed drifting on the oceanand avoid being detected by enemies.,Skrelp
s_b94e7ec5,3.0,,354,3.0,1.0,,4,225,50,0,20,0,2,0,0.0,0.0,,It drifts in the ocean blending in with floatingseaweed. When other Pokémon come to feast onthe seaweed Skrelp feasts on them instead.,Skrelp
s_69cb3022,3.0,id-371,191,9.0,7.0,6.0,4,45,35,0,40,0,1,0,1.0,0.0,,Shelgon ignores its hunger entirely never eatingany food. Apparently Shelgon will evolve onceall its energy stores are used up.,Shelgon
s_69cb3022,3.0,id-371,191,9.0,7.0,6.0,4,45,35,0,40,0,1,0,1.0,0.0,,This Pokémon has covered its body in a hardshell that has the same composition as bone.Shelgon stores energy for evolution.,Shelgon
s_01947fb4,2.0,id-133,67,8.0,8.0,8.0,1,45,50,0,35,0,2,0,0.0,1.0,5.0,It unleashes psychic power from the orb on itsforehead. When its power is exhausted the orbgrows dull and dark.,Espeon
s_01947fb4,2.0,id-133,67,8.0,8.0,8.0,1,45,50,0,35,0,2,0,0.0,1.0,5.0,By reading air currents it can predict things suchas the weather or its foes next move.,Espeon
s_ba84a824,7.0,,247,9.0,12.0,,-1,3,0,0,120,0,1,0,0.0,0.0,,Its said that Regigigas created other Pokémonfrom many different materials before it movedthe continents to where they are today.,Regigigas
s_ba84a824,7.0,,247,9.0,12.0,,-1,3,0,0,120,0,1,0,0.0,0.0,,All over the world there are legends that tellof Regigigas creating other Pokémon in itsown image.,Regigigas
s_28297f46,1.0,rec-33-dup-0,13,7.0,12.0,2.0,0,45,50,0,20,0,4,0,1.0,0.0,,When it goes on a rampage its impossible tocontrol. But in the presence of a Nidoqueen itslived with for a long time Nidoking calms down.,Nidoking
s_28297f46,1.0,rec-33-dup-0,13,7.0,12.0,2.0,0,45,50,0,20,0,4,0,1.0,0.0,,Nidoking prides itself on its strength. Its forcefuland spirited in battle making use of its thick tailand diamond-crushing horn.,Nidoking
s_1f701918,5.0,id-517,265,8.0,6.0,,4,75,50,0,10,0,3,0,0.0,0.0,73.0,When dark mists emanate from its body dontget too near. If you do your nightmares willbecome reality.,Musharna
s_1f701918,5.0,id-517,265,8.0,6.0,,4,75,50,0,10,0,3,0,0.0,0.0,73.0,It drowses and dreams all the time. Its best toleave it be if its just woken up as its a terriblegrump when freshly roused from sleep.,Musharna
s_64f23671,8.0,id-810,430,5.0,,,1,45,50,0,20,0,4,0,1.0,1.0,,The faster a Thwackey can beat out a rhythmwith its two sticks the more respect it wins fromits peers.,Thwackey
s_64f23671,8.0,id-810,430,5.0,,,1,45,50,0,20,0,4,0,1.0,1.0,,When its drumming out rapid beats in battle itgets so caught up in the rhythm that it wont evennotice that its already knocked out its opponent.,Thwackey
s_5292d44c,6.0,,348,4.0,6.0,,4,190,50,0,20,0,2,0,1.0,1.0,,Theres enough psychic power in Espurr to send awrestler flying but because this power cant becontrolled Espurr finds it troublesome.,Espurr
s_5292d44c,6.0,,348,4.0,6.0,,4,190,50,0,20,0,2,0,1.0,1.0,,Though Espurrs expression never changesbehind that blank stare is an intense struggle tocontain its devastating psychic power.,Espurr
s_f7ad2185,3.0,rec-325-dup-0,164,6.0,6.0,6.0,4,60,70,0,20,0,3,0,0.0,0.0,,It uses black pearls to amplify itspsycho-power. It does an odddance to gain control over foes.,Grumpig
s_b116224d,2.0,,83,,9.0,3.0,4,255,50,0,15,0,2,0,0.0,0.0,,It begins to hoot at the same time every day.Some Trainers use them in place of clocks.,Hoothoot
s_b116224d,2.0,,83,,9.0,3.0,4,255,50,0,15,0,2,0,0.0,0.0,,It always stands on one foot. It changes feet sofast the movement can rarely be seen.,Hoothoot
s_e5e5193e,6.0,,367,8.0,9.0,,4,190,50,0,20,0,2,0,0.0,1.0,,No wavelength of sound is beyond Noibatsability to produce. The ultrasonic waves itgenerates can overcome much larger Pokémon.,Noibat
s_e5e5193e,6.0,,367,8.0,9.0,,4,190,50,0,20,0,2,0,0.0,1.0,,After nightfall they emerge from the caves theynest in during the day. Using their ultrasonicwaves they go on the hunt for ripened fruit.,Noibat
s_b2cf3235,3.0,rec-252-dup-1,130,,6.0,2.0,1,45,50,0,20,0,4,0,1.0,0.0,131.0,This POKéMON adeptly flies from branchto branch in trees.In a forest no POKéMON can ever hopeto catch a fleeing GROVYLE howeverfast they may be.,Grovyle
s_9973ffaf,1.0,,66,7.0,5.0,8.0,-1,35,50,0,20,0,2,0,,0.0,,It can reconstitute its entire cellularstructure to change into what it seesbut it returns to normal when it relaxes.,Ditto
s_9973ffaf,1.0,,66,7.0,5.0,8.0,-1,35,50,0,20,0,2,0,,0.0,,When it encounters another Ditto it will movefaster than normal to duplicate that opponent exactly.,Ditto
s_a3544949,3.0,rec-316-dup-0,159,7.0,4.0,2.0,4,75,70,0,20,1,6,0,1.0,0.0,,When SWALOT spots prey it spurts outa hideously toxic fluid from its poresand sprays the target.Once the prey has weakened thisPOKéMON gulps it down whole with itscavernous mouth.,Swalot
s_b5a4534c,1.0,,77,6.0,6.0,8.0,-1,3,0,0,120,0,1,1,1.0,0.0,196.0,It was created bya scientist afteryears of horrificgene splicing andDNA engineeringexperiments.,Mewtwo
s_e2bd9843,1.0,,6,,9.0,2.0,4,255,70,0,15,0,4,0,1.0,0.0,,It is docile and prefers to avoidconflict. If disturbed howeverit can ferociously strike back.,Pidgey
s_563dc798,,,300,9.0,4.0,,4,190,50,0,20,0,2,0,1.0,0.0,,No one knows what the Poké Ball–like pattern onFoongus means or why Foongus has it.,Foongus
s_563dc798,,,300,9.0,4.0,,4,190,50,0,20,0,2,0,1.0,0.0,,The spores released from this Pokémons handsare highly poisonous but when thoroughly driedthe spores can be used as stomach medicine.,Foongus
s_7b10aee6,4.0,id-394,205,2.0,6.0,,1,45,70,0,20,0,4,0,1.0,1.0,135.0,It avoids unnecessary disputesbut it will decimate anything thatthreatens its pride.,Empoleon
s_6cb25df4,5.0,,334,9.0,8.0,,-1,3,35,0,80,0,1,1,1.0,1.0,,They say that Keldeo must survive harsh battlesand fully develop the horn on its foreheadbefore this Pokémons true power will awaken.,Keldeo
s_6cb25df4,5.0,,334,9.0,8.0,,-1,3,35,0,80,0,1,1,1.0,1.0,,Cobalion Terrakion and Virizion taught thisPokémon how to fight. It dashes across the worldseeking more opportunities to further its training.,Keldeo
s_babc512f,4.0,id-221,112,8.0,8.0,,4,50,50,0,20,1,1,0,0.0,1.0,,It looks strong and thats exactly what it is.As the weather grows colder its ice tusksgrow longer thicker and more impressive.,Mamoswine
s_babc512f,4.0,id-221,112,8.0,8.0,,4,50,50,0,20,1,1,0,0.0,1.0,,This Pokémon can be spotted in wall paintingsfrom as far back as 10000 years ago. For awhile it was thought to have gone extinct.,Mamoswine
s_a0ccf3f6,1.0,id-92,40,6.0,14.0,1.0,4,90,50,0,20,0,4,0,0.0,0.0,113.0,If you get the feeling of being watched in darknesswhen nobody is around Haunter is there.,Haunter
s_a0ccf3f6,1.0,id-92,40,6.0,14.0,1.0,4,90,50,0,20,0,4,0,0.0,0.0,113.0,Its tongue is made of gas. If licked its victimstarts shaking constantly until deatheventually comes.,Haunter
s_0605a1a4,2.0,id-137,68,6.0,7.0,5.0,-1,45,50,0,20,0,2,0,0.0,0.0,,After artificial intelligence was implemented inPorygon2 the Pokémon began using a strangelanguage that only other Porygon2 understand.,Porygon2
s_0605a1a4,2.0,id-137,68,6.0,7.0,5.0,-1,45,50,0,20,0,2,0,0.0,0.0,,This is a Porygon that was updated with specialdata. Porygon2 develops itself by learning aboutmany different subjects all on its own.,Porygon2
s_78f809fc,7.0,id-737,379,3.0,,,4,45,50,0,15,0,2,0,0.0,0.0,,If it carries a Charjabug to use as a spare batterya flying Vikavolt can rapidly fire high-poweredbeams of electricity.,Vikavolt
s_78f809fc,7.0,id-737,379,3.0,,,4,45,50,0,15,0,2,0,0.0,0.0,,It builds up electricity in its abdomen focuses itthrough its jaws and then fires the electricity offin concentrated beams.,Vikavolt
s_b6bfe702,3.0,,181,1.0,11.0,,4,225,35,0,25,0,3,0,0.0,0.0,,It eats up emotions like malice jealousy andresentment so some people are grateful forits presence.,Shuppet
s_069d0b89,3.0,,131,,8.0,3.0,1,45,50,0,20,1,4,0,0.0,0.0,,Inside its body is a place where itkeeps a small flame. Hug it It willbe as warm as a hot-water bottle.,Torchic
s_1d9a3394,,rec-256-dup-0,131,8.0,6.0,3.0,1,45,50,0,20,1,4,1,1.0,0.0,,Flames spout from its wristsenveloping its knuckles. Itspunches scorch its foes.,Blaziken
s_8007e35d,5.0,id-499,257,7.0,12.0,,1,45,70,0,20,0,4,0,0.0,0.0,123.0,A flaring beard of fire is proofthat it is fired up. It is adept atusing many different moves.,Emboar
s_44e26537,3.0,rec-259-dup-0,132,5.0,,9.0,1,45,50,0,20,0,4,1,0.0,0.0,,Its arms are hard as rock.With one swing it canbreak a boulder into pieces.,Swampert
s_453fb154,5.0,,159,5.0,4.0,2.0,4,225,70,0,20,1,6,0,0.0,0.0,,There is nothing its stomach cant digest.While it is digesting vile overpoweringgases are expelled.,Gulpin
s_b4b6cb20,6.0,rec-694-dup-0,356,9.0,6.0,,4,75,50,0,20,0,2,0,1.0,0.0,,One Heliolisk basking in the sun with its frilloutspread is all it would take to produce enoughelectricity to power a city.,Heliolisk
s_b4b6cb20,6.0,rec-694-dup-0,356,9.0,6.0,,4,75,50,0,20,0,2,0,1.0,0.0,,A now-vanished desert culture treasured thesePokémon. Appropriately when Heliolisk came tothe Galar region treasure came with them.,Heliolisk
s_97cb934c,3.0,rec-690-dup-0,354,3.0,5.0,,4,55,50,0,20,0,2,0,1.0,0.0,,Dragalge generates dragon energy by stickingthe plume on its head out above the oceanssurface and bathing it in sunlight.,Dragalge
s_97cb934c,3.0,rec-690-dup-0,354,3.0,5.0,,4,55,50,0,20,0,2,0,1.0,0.0,,Dragalge uses a poisonous liquid capable ofcorroding metal to send tankers that enter itsterritory to the bottom of the sea.,Dragalge
s_7fc41257,7.0,,401,5.0,12.0,,4,45,70,0,20,0,1,0,1.0,0.0,,It is born asleep and it dies asleep. All itsmovements are apparently no more than theresults of it tossing and turning in its dreams.,Komala
s_50f33c91,7.0,,383,,8.0,,4,190,50,0,15,0,2,0,,0.0,,This Pokémon intimidates opponents by strikingthe ground with the rocks on its neck. Themoment an opponent flinches Rockruff attacks.,Rockruff
s_50f33c91,7.0,,383,,8.0,,4,190,50,0,15,0,2,0,,0.0,,This Pokémon can bond very strongly with itsTrainer but it also has a habit of biting. Raisinga Rockruff for a long time can be challenging.,Rockruff
s_8cb1e949,1.0,,62,3.0,6.0,,4,45,50,0,25,0,1,1,0.0,0.0,,This Pokémon clamps its pincers down on its preyand then either splits the prey in half or flingsit away.,Pinsir
s_8cb1e949,1.0,,62,3.0,6.0,,4,45,50,0,25,0,1,1,0.0,0.0,,These Pokémon judge one another based onpincers. Thicker more impressive pincers makefor more popularity with the opposite gender.,Pinsir
s_68101ada,1.0,,22,9.0,7.0,8.0,4,255,50,0,20,0,2,0,0.0,0.0,58.0,It loves to collect shiny things. If its in a goodmood it might even let its Trainer have a lookat its hoard of treasures.,Meowth
s_68101ada,1.0,,22,9.0,7.0,8.0,4,255,50,0,20,0,2,0,0.0,0.0,58.0,It washes its face regularly to keep the coin onits forehead spotless. It doesnt get along withGalarian Meowth.,Meowth
s_a306d5b6,3.0,id-433,184,1.0,4.0,3.0,4,45,70,0,25,0,3,0,0.0,1.0,53.0,Its cries echo inside its hollowbody to emerge as beautiful notesfor startling and repelling foes.,Chimecho
s_3ea7cc56,1.0,id-17,6,1.0,13.0,2.0,4,45,70,0,15,0,4,1,0.0,0.0,,By flapping its wings with all itsmight PIDGEOT can make a gust ofwind capable of bending tall trees.,Pidgeot
s_358c55fb,8.0,,164,1.0,14.0,4.0,4,255,70,0,20,0,3,0,0.0,0.0,,Using its tail like a spring it keepsits heart beating by bouncingconstantly. If it stops it dies.,Spoink
s_f1c673ac,4.0,id-434,223,7.0,7.0,,4,60,50,0,20,0,2,0,0.0,,,In its belly it reserves stinky fluid that it shootsfrom its tail during battle. As this Pokémons dietvaries so does the stench of its fluid.,Skuntank
s_f1c673ac,4.0,id-434,223,7.0,7.0,,4,60,50,0,20,0,2,0,0.0,,,It digs holes in the ground to make its nest.The stench of the fluid it lets fly from the tipof its tail is extremely potent.,Skuntank
s_80d71819,3.0,id-374,192,2.0,14.0,6.0,-1,3,35,0,40,0,1,0,0.0,1.0,83.0,Two Beldum have become stuck together viatheir own magnetic forces. With two brains theresulting Metang has doubled psychic powers.,Metang
s_80d71819,3.0,id-374,192,2.0,14.0,6.0,-1,3,35,0,40,0,1,0,0.0,1.0,83.0,Using magnetic forces to stay aloft this Pokémonflies at high speeds weaving through harshmountain terrain in pursuit of prey.,Metang
s_e07a7f77,1.0,,3,1.0,12.0,9.0,1,45,50,0,20,0,4,0,0.0,0.0,,When it retracts its long neck into its shell itsquirts out water with vigorous force.,Squirtle
s_e07a7f77,1.0,,3,1.0,12.0,9.0,1,45,50,0,20,0,4,0,0.0,0.0,,When it feels threatened it draws its limbs insideits shell and sprays water from its mouth.,Squirtle
s_8d6c5baa,7.0,,256,2.0,6.0,,1,45,70,0,20,0,4,0,0.0,0.0,118.0,Being exposed to sunlight makes its movementsswifter. It uses vines more adeptly than its hands.,Snivy
s_420fdf6d,3.0,,201,9.0,12.0,1.0,-1,3,100,0,120,0,1,0,0.0,1.0,,Its believed that when this Pokémon wakes fromits 1000-year slumber it will grant any wisheswritten on the notes attached to its head.,Jirachi
s_420fdf6d,3.0,,201,9.0,12.0,1.0,-1,3,100,0,120,0,1,0,0.0,1.0,,Once every 1000 years the singing of a purevoice will rouse this Pokémon from its near-perpetual slumber. It wakes for only seven days.,Jirachi
s_af8fdac5,2.0,id-170,86,4.0,3.0,7.0,4,75,50,0,20,0,1,0,1.0,0.0,,This Pokémon flashes a bright light that blindsits prey. This creates an opening for it to deliveran electrical attack.,Lanturn
s_af8fdac5,2.0,id-170,86,4.0,3.0,7.0,4,75,50,0,20,0,1,0,1.0,0.0,,The light it emits is so bright that it can illuminatethe seas surface from a depth of over three miles.,Lanturn
s_6a151158,3.0,id-504,259,1.0,6.0,,4,255,70,0,20,0,2,0,0.0,0.0,,When they see an enemy their tailsstand high and they spit the seeds ofberries stored in their cheek pouches.,Watchog
s_a7b2ef26,4.0,rec-723-dup-0,374,4.0,9.0,,1,45,50,0,15,0,4,0,0.0,0.0,,In a tenth of a second it can nock and fire anarrow quill piercing an opponents weak pointbefore they notice whats happening.,Decidueye
s_a7b2ef26,4.0,rec-723-dup-0,374,4.0,9.0,,1,45,50,0,15,0,4,0,0.0,0.0,,As if wielding a bow it launches the arrow quillshidden among the feathers of its wings.Decidueyes shots never miss.,Decidueye
s_338953e3,6.0,,398,1.0,2.0,,4,60,50,0,15,0,3,0,1.0,0.0,,It lives in warm shallow waters. If it encounters afoe it will spit out its internal organs as a meansto punch them.,Pyukumuku
s_338953e3,6.0,,398,1.0,2.0,,4,60,50,0,15,0,3,0,1.0,0.0,,Its covered in a slime that keeps its skin moistallowing it to stay on land for days withoutdrying up.,Pyukumuku
s_bf42e369,5.0,,333,4.0,6.0,,-1,3,0,0,120,0,1,1,0.0,1.0,,Dwelling within it is a power even greater thanthat of Reshiram or Zekrom but the extremecold keeps that power bound.,Kyurem
s_bf42e369,5.0,,333,4.0,6.0,,-1,3,0,0,120,0,1,1,0.0,1.0,,It appears that this Pokémon uses its powers overice to freeze its own body in order to stabilize itscellular structure.,Kyurem
s_57caf6c6,7.0,,167,5.0,12.0,1.0,4,190,35,0,20,0,4,0,0.0,0.0,,It prefers harsh environments such as deserts.It can survive for 30 days on water stored inits body.,Cacnea
s_f0416f0d,5.0,id-502,258,,7.0,,1,45,70,0,20,0,4,0,0.0,0.0,108.0,Part of the armor on its anterior legsbecomes a giant sword. Its cry aloneis enough to intimidate most enemies.,Samurott
s_97bb495d,4.0,,221,3.0,7.0,,6,190,70,0,20,0,3,0,0.0,0.0,,When its happy GLAMEOWdemonstrates beautiful movementsof its tail like a dancing ribbon.,Glameow
s_2e22494b,3.0,,160,8.0,,7.0,4,225,35,0,20,0,1,0,,0.0,,It wont attack while its alone—not even if itspots prey. Instead it waits for other Carvanha tojoin it and then the Pokémon attack as a group.,Carvanha
s_2e22494b,3.0,,160,8.0,,7.0,4,225,35,0,20,0,1,0,,0.0,,These Pokémon have sharp fangs and powerfuljaws. Sailors avoid Carvanha dens at all costs.,Carvanha
s_7c92e520,3.0,id-363,187,1.0,3.0,9.0,4,120,50,0,20,0,4,0,0.0,0.0,61.0,This Pokémon has a habit of spinning roundthings on its nose whether those things arePoké Balls or Spheal.,Sealeo
s_7c92e520,3.0,id-363,187,1.0,3.0,9.0,4,120,50,0,20,0,4,0,0.0,0.0,61.0,Sealeo live on top of drift ice. They go swimmingwhen theyre on the hunt seeking out their preyby scent.,Sealeo
s_cfadca81,1.0,rec-84-dup-0,36,3.0,8.0,2.0,4,45,70,0,20,1,2,0,0.0,0.0,,If one of the heads gets to eatthe others will be satisfied tooand they will stop squabbling.,Dodrio
s_eb7ba684,8.0,id-366,188,8.0,2.0,7.0,4,60,70,0,20,0,5,0,1.0,0.0,,Its swimming form is exquisitely elegant.With its thin mouth it feeds on seaweedthat grows between rocks.,Gorebyss
s_8d39239d,,,422,4.0,6.0,,-1,3,0,0,120,0,1,0,0.0,1.0,,Its mechanized body is merely a vessel. Its trueself is its Soul-Heart an artificial soul.,Magearna
s_41debb62,1.0,rec-96-dup-1,42,9.0,12.0,2.0,4,75,70,0,20,1,2,0,0.0,0.0,,Hypno holds a pendulum in its hand. The arcing movement andglitter of the pendulum lull the foe into a deep state ofhypnosis. While this Pokémon searches for prey it polishesthe pendulum.,Hypno
s_10861476,,,22,10.0,8.0,8.0,4,255,50,0,20,0,2,0,0.0,1.0,58.0,It loves to collect shiny things. If its in a goodmood it might even let its Trainer have a lookat its hoard of treasures.,Meowth
s_10861476,,,22,10.0,8.0,8.0,4,255,50,0,20,0,2,0,0.0,1.0,58.0,It washes its face regularly to keep the coin onits forehead spotless. It doesnt get along withGalarian Meowth.,Meowth
s_8a9e5cc3,1.0,id-41,17,8.0,9.0,4.0,4,90,50,0,15,1,2,0,0.0,0.0,24.0,It loves to drink other creatures blood. Its saidthat if it finds others of its kind going hungryit sometimes shares the blood its gathered.,Golbat
s_8a9e5cc3,1.0,id-41,17,8.0,9.0,4.0,4,90,50,0,15,1,2,0,0.0,0.0,24.0,Its feet are tiny but this Pokémon walks skillfully.It sneaks up on sleeping prey before sinking in itsfangs and slurping up blood.,Golbat
s_6b28286a,1.0,,11,10.0,12.0,4.0,4,255,50,0,20,0,2,0,0.0,0.0,,It burrows into the ground to create its nest. Ifhard stones impede its tunneling it uses its sharpclaws to shatter them and then carries on digging.,Sandshrew
s_6b28286a,1.0,,11,10.0,12.0,4.0,4,255,50,0,20,0,2,0,0.0,0.0,,It loves to bathe in the grit of dry sandy areas.By sand bathing the Pokémon rids itself of dirtand moisture clinging to its body.,Sandshrew
s_eee20e9b,5.0,rec-583-dup-0,296,10.0,11.0,,4,45,50,0,20,0,1,0,1.0,0.0,,People believe this Pokémon formed when twoVanillish stuck together. Its body temperature isroughly 21 degrees Fahrenheit.,Vanilluxe
s_eee20e9b,5.0,rec-583-dup-0,296,10.0,11.0,,4,45,50,0,20,0,1,0,1.0,0.0,,When its anger reaches a breaking point thisPokémon unleashes a fierce blizzard that freezesevery creature around it be they friend or foe.,Vanilluxe
s_dc70c527,8.0,,381,8.0,9.0,,6,45,70,0,20,0,2,0,0.0,1.0,,This Oricorio has sipped red nectar. Itspassionate dance moves cause its enemiesto combust in both body and mind.,Oricorio
s_db409ad9,4.0,id-603,306,2.0,3.0,,4,30,70,0,20,0,1,0,1.0,0.0,,They crawl out of the ocean using their arms.They will attack prey on shore and immediately dragit into the ocean.,Eelektross
s_5b98f89e,6.0,,350,7.0,4.0,,4,200,50,0,20,0,2,0,1.0,0.0,,A scent pouch within this Pokémons body allowsit to create various scents. A change in its dietwill alter the fragrance it produces.,Spritzee
s_5b98f89e,6.0,,350,7.0,4.0,,4,200,50,0,20,0,2,0,1.0,0.0,,The scent its body gives off enraptures thosewho smell it. Noble ladies had no shortage oflove for Spritzee.,Spritzee
s_8b1a49c5,8.0,,475,1.0,,,-1,3,35,0,120,0,1,0,0.0,1.0,,It probes its surroundings with all its senses saveone—it doesnt use its sense of sight. Spectrierskicks are said to separate soul from body.,Spectrier
s_8b1a49c5,8.0,,475,1.0,,,-1,3,35,0,120,0,1,0,0.0,1.0,,As it dashes through the night Spectrier absorbsthe life-force of sleeping creatures. It cravessilence and solitude.,Spectrier
s_afdf429d,8.0,rec-825-dup-0,435,6.0,,,4,45,50,0,15,0,2,0,1.0,0.0,,It emits psychic energy to observe and studywhats around it—and whats around it caninclude things over six miles away.,Orbeetle
s_afdf429d,8.0,rec-825-dup-0,435,6.0,,,4,45,50,0,15,0,2,0,1.0,0.0,,Its famous for its high level of intelligence andthe large size of its brain is proof that it alsopossesses immense psychic power.,Orbeetle
s_f279196f,1.0,,30,1.0,10.0,9.0,4,190,50,0,20,0,1,0,0.0,0.0,,This Pokémon is mostly made of water.A Tentacool out in the ocean is very hard tospot because its body blends in with the sea.,Tentacool
s_f279196f,1.0,,30,1.0,10.0,9.0,4,190,50,0,20,0,1,0,0.0,0.0,,Tentacool is not a particularly strong swimmer.It drifts across the surface of shallow seas as itsearches for prey.,Tentacool
s_381155e4,5.0,id-517,265,8.0,12.0,,4,75,50,0,10,0,3,0,1.0,0.0,73.0,When dark mists emanate from its body dontget too near. If you do your nightmares willbecome reality.,Musharna
s_381155e4,5.0,id-517,265,8.0,12.0,,4,75,50,0,10,0,3,0,1.0,0.0,73.0,It drowses and dreams all the time. Its best toleave it be if its just woken up as its a terriblegrump when freshly roused from sleep.,Musharna
s_1986095b,4.0,id-399,207,3.0,12.0,,4,127,70,0,15,1,2,0,0.0,1.0,30.0,It busily makes its nest with stacks of branches androots it has cut up with its sharp incisors.,Bibarel
s_15c54d19,3.0,id-296,146,3.0,12.0,1.0,2,200,70,0,20,0,6,0,0.0,1.0,,It loves to match power withbig-bodied Pokémon. It can knock atruck flying with its arm thrusts.,Hariyama
s_35838fac,8.0,,359,5.0,6.0,,4,100,50,0,20,0,2,0,0.0,0.0,,It drives its opponents to exhaustion with its agilemaneuvers then ends the fight with a flashyfinishing move.,Hawlucha
s_35838fac,8.0,,359,5.0,6.0,,4,100,50,0,20,0,2,0,0.0,0.0,,It always strikes a pose before going for itsfinishing move. Sometimes opponents takeadvantage of that time to counterattack.,Hawlucha
s_48fd9eb8,1.0,,29,2.0,6.0,2.0,4,255,70,0,20,0,4,0,0.0,0.0,,It prefers hot and humidenvironments. It is quick atcapturing prey with its vines.,Bellsprout
s_1d0c25e1,7.0,id-810,430,5.0,,,1,45,50,0,20,0,4,0,0.0,1.0,,The faster a Thwackey can beat out a rhythmwith its two sticks the more respect it wins fromits peers.,Thwackey
s_1d0c25e1,7.0,id-810,430,5.0,,,1,45,50,0,20,0,4,0,0.0,1.0,,When its drumming out rapid beats in battle itgets so caught up in the rhythm that it wont evennotice that its already knocked out its opponent.,Thwackey
s_42a297ee,1.0,id-2,1,2.0,7.0,3.0,1,45,50,0,20,1,4,1,0.0,0.0,,Its plant blooms when it is absorbing solarenergy. It stays on the move to seek sunlight.,Venusaur
s_42a297ee,1.0,id-2,1,2.0,7.0,3.0,1,45,50,0,20,1,4,1,0.0,0.0,,A bewitching aroma wafts from its flower.The fragrance becalms those engagedin a battle.,Venusaur
s_f30f5aa1,3.0,,198,2.0,3.0,9.0,-1,3,0,0,120,0,1,1,1.0,1.0,,This POKéMON is said to have expandedthe sea by bringing heavy rains.It has the power to control water.,Kyogre
s_3c2e1703,6.0,rec-309-dup-0,153,10.0,8.0,3.0,4,45,50,0,20,0,1,1,0.0,1.0,,It rarely appears before people. It is said to nestwhere lightning has fallen.,Manectric
s_3c2e1703,6.0,rec-309-dup-0,153,10.0,8.0,3.0,4,45,50,0,20,0,1,1,0.0,1.0,,It stimulates its own muscles with electricity soit can move quickly. It eases its soreness withelectricity too so it can recover quickly as well.,Manectric
s_0779f4cb,8.0,rec-824-dup-0,435,9.0,,,4,120,50,0,15,0,2,0,1.0,0.0,,As it grows inside its shell it uses its psychicabilities to monitor the outside world andprepare for evolution.,Dottler
s_0779f4cb,8.0,rec-824-dup-0,435,9.0,,,4,120,50,0,15,0,2,0,1.0,0.0,,It barely moves but its still alive. Hiding in itsshell without food or water seems to haveawakened its psychic powers.,Dottler
s_802bc839,2.0,,14,7.0,12.0,4.0,6,150,140,1,10,0,3,0,0.0,0.0,,Because of its unusual starlike silhouette peoplebelieve that it came here on a meteor.,Cleffa
s_802bc839,2.0,,14,7.0,12.0,4.0,6,150,140,1,10,0,3,0,0.0,0.0,,According to local rumors Cleffa are often seenin places where shooting stars have fallen.,Cleffa
s_917148b7,5.0,id-588,299,3.0,14.0,,4,75,50,0,15,0,2,0,0.0,0.0,,It charges its enemies lances at the ready.An image of one of its duels is captured in a famouspainting of Escavalier clashing with Sirfetchd.,Escavalier
s_917148b7,5.0,id-588,299,3.0,14.0,,4,75,50,0,15,0,2,0,0.0,0.0,,They use shells theyve stolen from Shelmetto arm and protect themselves. Theyre verypopular Pokémon in the Galar region.,Escavalier
s_7e9ce2e5,5.0,,174,8.0,14.0,9.0,4,205,50,0,15,0,6,0,,0.0,,It was originally a Pokémon from afar that escapedto the wild. It can adapt to the dirtiest river.,Corphish
s_7e9ce2e5,5.0,,174,8.0,14.0,9.0,4,205,50,0,15,0,6,0,,0.0,,No matter how dirty the water in the river it willadapt and thrive. It has a strong will to survive.,Corphish
s_2de83e61,6.0,id-273,137,4.0,12.0,2.0,4,120,50,0,15,1,4,0,0.0,0.0,,They live in holes bored in large trees. The soundof Nuzleafs grass flute fills listeners with dread.,Nuzleaf
s_2de83e61,6.0,id-273,137,4.0,12.0,2.0,4,120,50,0,15,1,4,0,0.0,0.0,,It lives deep in forests. With the leaf on its headit makes a flute whose song makes listeners uneasy.,Nuzleaf
s_415f72be,6.0,,384,1.0,3.0,,4,60,50,0,15,0,3,0,0.0,0.0,,When it senses danger its eyes tear up.The sparkle of its tears signals otherWishiwashi to gather.,Wishiwashi
s_415f72be,6.0,,384,1.0,3.0,,4,60,50,0,15,0,3,0,0.0,0.0,,Individually theyre incredibly weak. Its bygathering up into schools that theyre ableto confront opponents.,Wishiwashi
s_53c9e489,4.0,id-176,87,10.0,9.0,,1,30,50,0,10,0,3,0,1.0,0.0,,Known as a bringer of blessings itsbeen depicted on good-luck charmssince ancient times.,Togekiss
s_53c9e489,4.0,id-176,87,10.0,9.0,,1,30,50,0,10,0,3,0,1.0,0.0,,These Pokémon are never seen anywhere nearconflict or turmoil. In recent times theyve hardlybeen seen at all.,Togekiss
s_93ca1ce0,5.0,,276,9.0,14.0,,4,255,70,0,15,0,4,0,1.0,0.0,124.0,Since this Pokémon makes its ownclothes out of leaves it is a popularmascot for fashion designers.,Sewaddle
s_161e648d,1.0,id-148,76,3.0,6.0,7.0,4,45,35,0,40,0,1,0,1.0,0.0,78.0,This Pokémon is known as the Sea Incarnate.Figureheads that resemble Dragonite decoratethe bows of many ships.,Dragonite
s_161e648d,1.0,id-148,76,3.0,6.0,7.0,4,45,35,0,40,0,1,0,1.0,0.0,78.0,Its a kindhearted Pokémon. If it spots a drowningperson or Pokémon Dragonite simply musthelp them.,Dragonite
s_40c8d797,6.0,id-661,341,6.0,9.0,,4,120,50,0,15,0,4,0,0.0,1.0,,Fletchinder are exceedingly territorial andaggressive. These Pokémon fight amongthemselves over feeding grounds.,Fletchinder
s_40c8d797,6.0,id-661,341,6.0,9.0,,4,120,50,0,15,0,4,0,0.0,1.0,,Fletchinder launches embers into the den ofits prey. When the prey comes leaping outFletchinders sharp talons finish it off.,Fletchinder
s_b91fd3bc,1.0,rec-118-dup-0,55,7.0,3.0,7.0,4,60,50,0,20,1,2,0,0.0,0.0,,In autumn its body becomes more fatty inpreparing to propose to a mate. It takes onbeautiful colors.,Seaking
s_b91fd3bc,1.0,rec-118-dup-0,55,7.0,3.0,7.0,4,60,50,0,20,1,2,0,0.0,0.0,,Using its horn it bores holes in riverbedboulders making nests to prevent its eggs fromwashing away.,Seaking
s_84507806,1.0,rec-240-dup-1,61,8.0,12.0,6.0,2,45,50,0,25,0,2,0,0.0,0.0,,These Pokémons bodies are constantly burning.Magmar are feared as one of the causesbehind fires.,Magmar
s_84507806,1.0,rec-240-dup-1,61,8.0,12.0,6.0,2,45,50,0,25,0,2,0,0.0,0.0,,Magmar dispatches its prey with fire. But itregrets this habit once it realizes that it hasburned its intended prey to a charred crisp.,Magmar
s_de0c8573,1.0,id-133,67,2.0,7.0,5.0,1,45,50,0,35,0,2,0,0.0,0.0,2.0,When Vaporeons fins begin to vibrate it is asign that rain will come within a few hours.,Vaporeon
s_de0c8573,1.0,id-133,67,2.0,7.0,5.0,1,45,50,0,35,0,2,0,0.0,0.0,2.0,Its bodys cellular structure is similar to themolecular composition of water. It can meltinvisibly in water.,Vaporeon
s_37a4975d,5.0,,296,10.0,1.0,,4,255,50,0,20,0,1,0,0.0,0.0,,Unable to survive in hot areas it makes itselfcomfortable by breathing out air cold enough tocause snow. It burrows into the snow to sleep.,Vanillite
s_37a4975d,5.0,,296,10.0,1.0,,4,255,50,0,20,0,1,0,0.0,0.0,,Supposedly this Pokémon was born from anicicle. It spews out freezing air at −58 degreesFahrenheit to make itself more comfortable.,Vanillite
s_663aa196,5.0,,297,8.0,7.0,,4,190,70,0,20,0,2,1,0.0,0.0,,Their coloring changes according to the seasonsand can be slightly affected by the temperature andhumidity as well.,Deerling
s_79c10366,3.0,,140,10.0,12.0,5.0,4,235,35,0,20,0,1,0,0.0,0.0,9.0,It is highly attuned to the emotions of peopleand Pokémon. It hides if it senses hostility.,Ralts
s_79c10366,3.0,,140,10.0,12.0,5.0,4,235,35,0,20,0,1,0,0.0,0.0,9.0,If its horns capture the warm feelings of peopleor Pokémon its body warms up slightly.,Ralts
s_98164ed9,5.0,id-578,294,2.0,14.0,,4,50,50,0,20,0,4,0,0.0,0.0,,Its said that drinking the liquid surroundingReuniclus grants wisdom. Problem is the liquid ishighly toxic to anything besides Reuniclus itself.,Reuniclus
s_98164ed9,5.0,id-578,294,2.0,14.0,,4,50,50,0,20,0,4,0,0.0,0.0,,While it could use its psychic abilities in battlethis Pokémon prefers to swing its powerful armsaround to beat opponents into submission.,Reuniclus
s_0105855c,7.0,id-772,399,3.0,8.0,,-1,3,0,0,120,0,1,0,1.0,0.0,,The final factor needed to release thisPokémons true power was a strong bondwith a Trainer it trusts.,Silvally
s_0105855c,7.0,id-772,399,3.0,8.0,,-1,3,0,0,120,0,1,0,1.0,0.0,,A solid bond of trust between this Pokémon andits Trainer awakened the strength hidden withinSilvally. It can change its type at will.,Silvally
s_bd77f0e4,2.0,,104,7.0,9.0,4.0,4,60,70,0,20,1,4,0,1.0,,,It flies straight at its targetsface then clamps down on thestartled victim to inject poison.,Gligar
s_e28f8154,3.0,id-270,136,5.0,6.0,7.0,4,120,50,0,15,0,4,0,0.0,0.0,,It lives at the waters edge where it is sunny.It sleeps on a bed of water grass by day andbecomes active at night.,Lombre
s_e28f8154,3.0,id-270,136,5.0,6.0,7.0,4,120,50,0,15,0,4,0,0.0,0.0,,It is nocturnal and becomes active at nightfall.It feeds on aquatic mosses that growin the riverbed.,Lombre
s_51aeb3f1,4.0,,311,2.0,5.0,,-1,25,50,0,25,0,2,0,0.0,0.0,,With its icy chains Cryogonal freezes those itencounters. It then takes its victims away tosomewhere unknown.,Cryogonal
s_51aeb3f1,4.0,,311,2.0,5.0,,-1,25,50,0,25,0,2,0,0.0,0.0,,When the weather gets hot these Pokémon turninto water vapor. Cryogonal are almost neverseen during summer.,Cryogonal
s_bca423da,5.0,,315,6.0,6.0,,4,45,50,0,30,0,2,0,0.0,1.0,,Druddigon are vicious and cunning. They take upresidence in nests dug out by other Pokémontreating the stolen nests as their own lairs.,Druddigon
s_bca423da,5.0,,315,6.0,6.0,,4,45,50,0,30,0,2,0,0.0,1.0,,Druddigon lives in caves but it never skipssunbathing—it wont be able to move if its bodygets too cold.,Druddigon
s_ff1c1469,2.0,rec-165-dup-0,84,8.0,9.0,3.0,4,90,70,0,15,1,3,0,0.0,,,The spot patterns on its back grow larger or smallerdepending on the number of stars in the night sky.,Ledian
s_49f7f478,6.0,rec-714-dup-1,367,6.0,13.0,,4,45,50,0,20,0,2,0,0.0,0.0,,Flying through the darkness it weakens enemieswith ultrasonic waves that could crush stone.Its fangs finish the fight.,Noivern
s_49f7f478,6.0,rec-714-dup-1,367,6.0,13.0,,4,45,50,0,20,0,2,0,0.0,0.0,,Aggressive and cruel this Pokémon will ruthlesslytorment enemies that are helpless in the dark.,Noivern
s_298aee1f,7.0,id-767,396,1.0,12.0,,4,45,50,0,20,0,2,0,0.0,1.0,,They live in sunken ships or in holes in theseabed. When Golisopod and Grapploctbattle the loser becomes the winners meal.,Golisopod
s_298aee1f,7.0,id-767,396,1.0,12.0,,4,45,50,0,20,0,2,0,0.0,1.0,,It will do anything to win taking advantage ofevery opening and finishing opponents off withthe small claws on its front legs.,Golisopod
s_917a5ca8,2.0,id-117,54,2.0,5.0,9.0,4,45,50,0,20,0,2,0,0.0,1.0,,Scales shed by this Pokémon have such asplendorous gleam to them that theyve beengiven to royalty as gifts.,Kingdra
s_917a5ca8,2.0,id-117,54,2.0,5.0,9.0,4,45,50,0,20,0,2,0,0.0,1.0,,With the arrival of a storm at sea this Pokémonwill show itself on the surface. When a Kingdraand a Dragonite meet a fierce battle ensues.,Kingdra
s_a8fb1e0a,1.0,,41,3.0,2.0,1.0,4,45,50,0,25,0,2,0,0.0,,175.0,It rapidly bores through the ground at 50 mph bysquirming and twisting its massive rugged body.,Onix
s_a8fb1e0a,1.0,,41,3.0,2.0,1.0,4,45,50,0,25,0,2,0,0.0,,175.0,As it digs through the ground it absorbs manyhard objects. This is what makes its body so solid.,Onix
s_31b8b141,3.0,,157,7.0,12.0,3.0,8,150,70,0,15,0,6,0,0.0,,,With its sweet aroma it guidesVolbeat to draw signs with light inthe night sky.,Illumise
s_d6aed6c8,3.0,id-278,139,10.0,13.0,9.0,4,45,50,0,20,0,2,0,0.0,1.0,,Skimming the waters surface it dips its large billin the sea scoops up food and water andcarries it.,Pelipper
s_d6aed6c8,3.0,id-278,139,10.0,13.0,9.0,4,45,50,0,20,0,2,0,0.0,1.0,,It is a messenger of the skies carrying smallPokémon and eggs to safety in its bill.,Pelipper
s_16976899,2.0,,85,2.0,14.0,3.0,4,255,70,0,15,0,3,0,0.0,0.0,,It spins a webusing fine--butdurable--thread.It then waits pa­tiently for preyto be trapped.,Spinarak
s_ccbb3719,4.0,,250,5.0,,,-1,30,70,0,40,0,1,0,0.0,1.0,,A Pokémon that lives in warm seas.It inflates the flotation sac on itshead to drift and search for food.,Phione
s_e10fa4be,6.0,rec-590-dup-0,300,10.0,4.0,,4,75,50,0,20,0,2,0,0.0,0.0,,This Pokémon puffs poisonous spores at its foes.If the spores arent washed off quickly theyllgrow into mushrooms wherever they land.,Amoonguss
s_e10fa4be,6.0,rec-590-dup-0,300,10.0,4.0,,4,75,50,0,20,0,2,0,0.0,0.0,,Amoonguss generally doesnt move much. Ittends to stand still near Poké Balls that havebeen dropped on the ground.,Amoonguss
s_f0cd462b,3.0,id-285,142,5.0,6.0,,4,90,70,0,15,0,6,0,0.0,1.0,,It scatters poisonous spores andthrows powerful punches while itsfoe is hampered by inhaled spores.,Breloom
s_7b1a9f67,1.0,id-133,67,8.0,7.0,8.0,1,45,50,0,35,0,2,0,0.0,1.0,4.0,It stores some of the air it inhales in its internalflame pouch which heats it to over3000 degrees Fahrenheit.,Flareon
s_7b1a9f67,1.0,id-133,67,8.0,7.0,8.0,1,45,50,0,35,0,2,0,0.0,1.0,4.0,Once it has stored up enough heat thisPokémons body temperature can reach up to1700 degrees Fahrenheit.,Flareon
s_9d220d71,5.0,,269,5.0,9.0,,4,190,50,0,15,0,2,0,1.0,0.0,,While inside a cave if you look up and see lotsof heart-shaped marks lining the walls itsevidence that Woobat live there.,Woobat
s_9d220d71,5.0,,269,5.0,9.0,,4,190,50,0,15,0,2,0,1.0,0.0,,It emits ultrasonic waves as it flutters aboutsearching for its prey—bug Pokémon.,Woobat
s_784970e7,7.0,,198,1.0,3.0,7.0,-1,3,0,0,120,0,1,1,,0.0,,This POKéMON is said to have expandedthe sea by bringing heavy rains.It has the power to control water.,Kyogre
s_b33da43a,3.0,,428,3.0,,,-1,3,0,0,120,0,1,0,0.0,1.0,,They live as a group but when the time comesone strong Meltan will absorb all the othersand evolve.,Meltan
s_b33da43a,3.0,,428,3.0,,,-1,3,0,0,120,0,1,0,0.0,1.0,,It dissolves and eats metal. Circulating liquidmetal within its body is how it generates energy.,Meltan
s_664c9ed6,2.0,,122,6.0,12.0,3.0,8,45,50,0,20,0,1,0,0.0,1.0,,Miltank produces highly nutritious milk so itsbeen supporting the lives of people and otherPokémon since ancient times.,Miltank
s_664c9ed6,2.0,,122,6.0,12.0,3.0,8,45,50,0,20,0,1,0,0.0,1.0,,This Pokémon needs to be milked every dayor else it will fall ill. The flavor of Miltank milkchanges with the seasons.,Miltank
s_a0efd9bc,4.0,,221,4.0,7.0,,6,190,70,0,20,0,3,0,1.0,0.0,,When its happy GLAMEOWdemonstrates beautiful movementsof its tail like a dancing ribbon.,Glameow
s_f91f37c8,4.0,,208,6.0,6.0,,4,255,70,0,15,1,4,0,0.0,0.0,,It chats with others using the sounds of its collidingantennae. These sounds are fall hallmarks.,Kricketot
s_9fe9eeb0,1.0,,7,7.0,7.0,3.0,4,255,70,0,15,1,2,0,1.0,0.0,,It eats anything.Wherever food isavailable it willsettle down andproduce offspringcontinuously.,Rattata
s_03fe9812,5.0,,276,9.0,4.0,,4,255,70,0,15,0,4,0,0.0,0.0,124.0,Since this Pokémon makes its ownclothes out of leaves it is a popularmascot for fashion designers.,Sewaddle
s_a98dfac8,7.0,id-755,389,8.0,12.0,,4,75,50,0,20,0,2,0,0.0,1.0,,Its flickering spores lure in prey and put them tosleep. Once this Pokémon has its prey snoozingit drains their vitality with its fingertips.,Shiinotic
s_a98dfac8,7.0,id-755,389,8.0,12.0,,4,75,50,0,20,0,2,0,0.0,1.0,,If you see a light deep in a forest at nightdont go near. Shiinotic will make you fallfast asleep.,Shiinotic
s_3dd984a9,5.0,,281,4.0,8.0,,4,180,50,0,20,0,4,0,0.0,1.0,66.0,The desert gets cold at night so when the sunsets this Pokémon burrows deep into the sandand sleeps until sunrise.,Sandile
s_3dd984a9,5.0,,281,4.0,8.0,,4,180,50,0,20,0,4,0,0.0,1.0,66.0,Sandile is small but its legs and lower body arepowerful. Pushing sand aside as it goes Sandilemoves through the desert as if its swimming.,Sandile
s_43d42929,5.0,rec-590-dup-1,300,10.0,14.0,,4,75,50,0,20,0,2,0,0.0,0.0,,This Pokémon puffs poisonous spores at its foes.If the spores arent washed off quickly theyllgrow into mushrooms wherever they land.,Amoonguss
s_43d42929,5.0,rec-590-dup-1,300,10.0,14.0,,4,75,50,0,20,0,2,0,0.0,0.0,,Amoonguss generally doesnt move much. Ittends to stand still near Poké Balls that havebeen dropped on the ground.,Amoonguss
s_a3943eca,7.0,,375,6.0,7.0,,1,45,50,0,15,0,4,0,0.0,0.0,,It spends even the smallest amount of downtimegrooming its fur with its tongue. Loose fur gathersin its stomach and serves as fuel for fiery moves.,Litten
s_a3943eca,7.0,,375,6.0,7.0,,1,45,50,0,15,0,4,0,0.0,0.0,,Trying to pet Litten before it trusts you willresult in a nasty scratch from its sharp claws.Be careful.,Litten
s_753ac02e,1.0,,69,2.0,2.0,7.0,1,45,50,0,30,0,2,0,0.0,1.0,,Because some Omanyte manage to escape afterbeing restored or are released into the wild bypeople this species is becoming a problem.,Omanyte
s_753ac02e,1.0,,69,2.0,2.0,7.0,1,45,50,0,30,0,2,0,0.0,1.0,,This Pokémon is a member of an ancient extinctspecies. Omanyte paddles through water with its10 tentacles looking like its just drifting along.,Omanyte
s_51b42ae7,7.0,,415,8.0,2.0,,-1,45,0,0,120,0,1,0,1.0,0.0,,A mysterious life-form called an Ultra Beast.Witnesses saw it pulverize a dump truck with asingle punch.,Buzzwole
s_35416267,3.0,,159,5.0,4.0,2.0,4,225,70,0,20,1,6,0,1.0,0.0,,There is nothing its stomach cant digest.While it is digesting vile overpoweringgases are expelled.,Gulpin
s_7e6e5fca,1.0,,21,3.0,5.0,6.0,4,255,50,0,20,0,2,0,0.0,1.0,,If a Diglett digs through a field it leaves the soilperfectly tilled and ideal for planting crops.,Diglett
s_7e6e5fca,1.0,,21,3.0,5.0,6.0,4,255,50,0,20,0,2,0,0.0,1.0,,It burrows through the ground at a shallow depth.It leaves raised earth in its wake making it easyto spot.,Diglett
s_3d5af0df,3.0,,203,2.0,8.0,,1,45,70,0,20,0,4,0,0.0,0.0,,Made from soil the shell on itsback hardens when it drinks water.It lives along lakes.,Turtwig
s_fe5ee9ab,5.0,,436,3.0,,,4,255,50,0,15,0,3,0,0.0,1.0,,Cunning and cautious this Pokémon survives bystealing food from others. It erases its tracks withswipes of its tail as it makes off with its plunder.,Nickit
s_fe5ee9ab,5.0,,436,3.0,,,4,255,50,0,15,0,3,0,0.0,1.0,,Aided by the soft pads on its feet it silently raidsthe food stores of other Pokémon. It survives offits ill-gotten gains.,Nickit
s_1e2c1146,4.0,,229,7.0,11.0,,4,100,50,0,30,0,2,0,1.0,0.0,187.0,All Spiritombs mischief and misdeeds compelleda traveler to use a mysterious spell to bindSpiritomb to an odd keystone.,Spiritomb
s_1e2c1146,4.0,,229,7.0,11.0,,4,100,50,0,30,0,2,0,1.0,0.0,187.0,Exactly 108 spirits gathered to become thisPokémon. Apparently there are some ill-naturedspirits in the mix.,Spiritomb
s_4258615a,6.0,,358,2.0,7.0,,1,45,50,0,30,0,2,0,0.0,1.0,,This Pokémon was successfully restored from afossil. In the past it lived with others of its kindin cold lands where there were fewer predators.,Amaura
s_4258615a,6.0,,358,2.0,7.0,,1,45,50,0,30,0,2,0,0.0,1.0,,Amaura is an ancient Pokémon that has goneextinct. Specimens of this species can sometimesbe found frozen in ice.,Amaura
s_74476eb0,2.0,,60,9.0,12.0,3.0,2,45,50,1,25,0,2,0,1.0,0.0,,Its not good at storing electricity yet. ThisPokémon sneaks into peoples homes lookingfor electrical outlets to eat electricity from.,Elekid
s_74476eb0,2.0,,60,9.0,12.0,3.0,2,45,50,1,25,0,2,0,1.0,0.0,,When a storm approaches this Pokémon getsrestless. Once Elekid hears the sound of thunderit gets full-on rowdy.,Elekid
s_df21f006,1.0,rec-50-dup-0,21,1.0,11.0,1.0,4,50,50,0,20,0,2,0,0.0,1.0,,These Diglett triplets dig over 60 miles below sealevel. No one knows what its like underground.,Dugtrio
s_df21f006,1.0,rec-50-dup-0,21,1.0,11.0,1.0,4,50,50,0,20,0,2,0,0.0,1.0,,A team of Diglett triplets. It triggers hugeearthquakes by burrowing 60 miles underground.,Dugtrio
s_72b5cd0b,8.0,id-712,366,2.0,8.0,,4,55,50,0,20,0,2,0,1.0,0.0,,At high latitudes this Pokémon can be foundwith clusters of Bergmite on its back as it swimsamong the icebergs.,Avalugg
s_72b5cd0b,8.0,id-712,366,2.0,8.0,,4,55,50,0,20,0,2,0,1.0,0.0,,As Avalugg moves about during the daythe cracks in its body deepen. The Pokémonsbody returns to a pristine state overnight.,Avalugg
s_33512565,1.0,id-44,18,8.0,12.0,2.0,4,45,50,0,20,1,4,0,0.0,1.0,,It has the worlds largest petals. With every stepthe petals shake out heavy clouds of toxic pollen.,Vileplume
s_33512565,1.0,id-44,18,8.0,12.0,2.0,4,45,50,0,20,1,4,0,0.0,1.0,,The larger its petals the more toxic pollen itcontains. Its big head is heavy and hard to hold up.,Vileplume
s_7559125f,5.0,rec-520-dup-0,266,4.0,13.0,,4,45,50,0,15,1,4,0,1.0,0.0,,This Pokémon is intelligent and intensely proud.People will sit up and take notice if you becomethe Trainer of one.,Unfezant
s_7559125f,5.0,rec-520-dup-0,266,4.0,13.0,,4,45,50,0,15,1,4,0,1.0,0.0,,Unfezant are exceptional fliers. The femalesare known for their stamina while the malesoutclass them in terms of speed.,Unfezant
s_12a235bb,3.0,,397,3.0,2.0,,4,140,50,0,15,0,2,0,1.0,0.0,,Grudges of the dead have possessed a mound ofsand and become a Pokémon. Sandygast is fondof the shovel on its head.,Sandygast
s_12a235bb,3.0,,397,3.0,2.0,,4,140,50,0,15,0,2,0,1.0,0.0,,Sandygast mainly inhabits beaches. It takescontrol of anyone who puts their hand into itsmouth forcing them to make its body bigger.,Sandygast
s_b26885fd,2.0,,95,7.0,13.0,3.0,4,75,70,0,20,0,2,0,1.0,0.0,,If it flaps itswings really fastit can generateshock waves thatwill shatter win­dows in the area.,Yanma
s_32207a65,1.0,,49,7.0,,5.0,4,190,50,0,20,0,2,0,0.0,0.0,,It adores polluted air. Some claim that Koffingused to be more plentiful in the Galar regionthan they are now.,Koffing
s_32207a65,1.0,,49,7.0,,5.0,4,190,50,0,20,0,2,0,0.0,0.0,,Its body is full of poisonous gas. It floats intogarbage dumps seeking out the fumes of rawrotting trash.,Koffing
s_54096815,8.0,rec-811-dup-0,430,2.0,,,1,45,50,0,20,0,4,0,0.0,1.0,,The one with the best drumming techniquesbecomes the boss of the troop. It has a gentledisposition and values harmony among its group.,Rillaboom
s_54096815,8.0,rec-811-dup-0,430,2.0,,,1,45,50,0,20,0,4,0,0.0,1.0,,By drumming it taps into the power of its specialtree stump. The roots of the stump follow itsdirection in battle.,Rillaboom
s_4070d571,8.0,rec-824-dup-1,435,9.0,,,4,120,50,0,15,0,2,0,0.0,,,As it grows inside its shell it uses its psychicabilities to monitor the outside world andprepare for evolution.,Dottler
s_4070d571,8.0,rec-824-dup-1,435,9.0,,,4,120,50,0,15,0,2,0,0.0,,,It barely moves but its still alive. Hiding in itsshell without food or water seems to haveawakened its psychic powers.,Dottler
s_0a6e8c51,1.0,id-39,16,7.0,12.0,3.0,6,50,50,0,10,0,3,0,0.0,1.0,22.0,Its proud of its fur which is fine and delicate.In particular the curl on its forehead has atexture thats perfectly heavenly.,Wigglytuff
s_0a6e8c51,1.0,id-39,16,7.0,12.0,3.0,6,50,50,0,10,0,3,0,0.0,1.0,22.0,The more air it takes in the more it inflates. Ifopponents catch it in a bad mood it will inflateitself to an enormous size to intimidate them.,Wigglytuff
s_1c2d78c5,2.0,,61,8.0,12.0,1.0,2,45,50,1,25,0,2,0,0.0,0.0,,This Pokémon is still small and timid.Whenever Magby gets excited or surprisedflames leak from its mouth and its nose.,Magby
s_1c2d78c5,2.0,,61,8.0,12.0,1.0,2,45,50,1,25,0,2,0,0.0,0.0,,This Pokémon makes its home near volcanoes.At the end of the day Magby soaks in magmaresting and recovering from the days fatigue.,Magby
s_27f544fb,5.0,,307,5.0,12.0,,4,255,50,0,20,0,2,0,0.0,0.0,,This Pokémon was discovered about 50 yearsago. Its highly developed brain enables it toexert its psychic powers.,Elgyem
s_27f544fb,5.0,,307,5.0,12.0,,4,255,50,0,20,0,2,0,0.0,0.0,,If this Pokémon stands near a TV strange scenerywill appear on the screen. That scenery is saidto be from its home.,Elgyem
s_e3605ab4,4.0,,435,2.0,,,4,255,50,0,15,0,2,0,0.0,1.0,,A constant collector of information this Pokémonis very smart. Very strong is what it isnt.,Blipbug
s_e3605ab4,4.0,,435,2.0,,,4,255,50,0,15,0,2,0,0.0,1.0,,Often found in gardens this Pokémon has hairson its body that it uses to assess its surroundings.,Blipbug
s_3bc63d93,2.0,,60,9.0,12.0,3.0,2,45,50,1,25,0,2,0,1.0,0.0,,Its not good at storing electricity yet. ThisPokémon sneaks into peoples homes lookingfor electrical outlets to eat electricity from.,Elekid
s_3bc63d93,2.0,,60,9.0,12.0,3.0,2,45,50,1,25,0,2,0,1.0,0.0,,When a storm approaches this Pokémon getsrestless. Once Elekid hears the sound of thunderit gets full-on rowdy.,Elekid
s_7fd6b339,,,220,3.0,12.0,,4,190,0,0,20,0,2,0,0.0,0.0,,If both of Bunearys ears are rolled up somethingis wrong with its body or mind. Its a sure sign thePokémon is in need of care.,Buneary
s_7fd6b339,,,220,3.0,12.0,,4,190,0,0,20,0,2,0,0.0,0.0,,Buneary can attack by rolling up their ears andthen striking with the force created by unrollingthem. This attack becomes stronger with training.,Buneary
s_712b48e0,3.0,,278,5.0,5.0,,4,190,50,0,20,0,2,0,0.0,0.0,48.0,It shoots cotton from its body to protect itself.If it gets caught up in hurricane-strength windsit can get sent to the other side of the Earth.,Cottonee
s_712b48e0,3.0,,278,5.0,5.0,,4,190,50,0,20,0,2,0,0.0,0.0,48.0,Weaving together the cotton of both Cottoneeand Eldegoss produces exquisite cloth thatshighly prized by many luxury brands.,Cottonee
s_b7a3f481,,rec-551-dup-1,281,1.0,8.0,,4,90,50,0,20,0,4,0,0.0,0.0,67.0,Krokorok has specialized eyes that enable it tosee in the dark. This ability lets Krokorok hunt inthe dead of night without getting lost.,Krokorok
s_b7a3f481,,rec-551-dup-1,281,1.0,8.0,,4,90,50,0,20,0,4,0,0.0,0.0,67.0,Although this Pokémon has specialized eyes thatallow it to see in the dark Krokorok wont movemuch at night—the desert gets cold after sunset.,Krokorok
s_765107bd,2.0,,82,3.0,7.0,2.0,4,255,70,0,15,0,2,0,0.0,0.0,,It has a very nervous nature.It stands up high on its tail so itcan scan wide areas.,Sentret
s_e8a2964c,4.0,id-418,216,1.0,7.0,,4,75,70,0,20,1,2,0,0.0,0.0,,It is a common sight aroundfishing ports. It is known torescue people and carry off prey.,Floatzel
s_5a41c15e,1.0,,20,8.0,12.0,2.0,4,190,70,0,20,0,2,0,0.0,1.0,,Its large eyes act as radar. In a bright place youcan see that they are clusters of many tiny eyes.,Venonat
s_6a744163,6.0,rec-769-dup-0,397,3.0,10.0,,4,60,50,0,15,0,2,0,0.0,0.0,,Palossand is known as the Beach Nightmare. Itpulls its prey down into the sand by controllingthe sand itself and then it sucks out their souls.,Palossand
s_6a744163,6.0,rec-769-dup-0,397,3.0,10.0,,4,60,50,0,15,0,2,0,0.0,0.0,,This Pokémon lives on beaches but it hateswater. Palossand cant maintain its castle-likeshape if it gets drenched by a heavy rain.,Palossand
s_79497f81,6.0,,429,3.0,,,-1,3,0,0,120,0,1,0,0.0,1.0,,At the end of its life-span Melmetal will rust andfall apart. The small shards left behind willeventually be reborn as Meltan.,Melmetal
s_79497f81,6.0,,429,3.0,,,-1,3,0,0,120,0,1,0,0.0,1.0,,Centrifugal force is behind the punches ofMelmetals heavy hex-nut arms. Melmetal is saidto deliver the strongest punches of all Pokémon.,Melmetal
s_80ee63da,6.0,,349,4.0,5.0,,4,180,50,0,20,0,2,0,0.0,1.0,,Honedges soul once belonged to a person whowas killed a long time ago by the sword thatmakes up Honedges body.,Honedge
s_80ee63da,6.0,,349,4.0,5.0,,4,180,50,0,20,0,2,0,0.0,1.0,,The blue eye on the swords handguard is thetrue body of Honedge. With its old cloth itdrains peoples lives away.,Honedge
s_e66272e3,8.0,,445,1.0,,,4,255,50,0,20,0,1,0,1.0,0.0,,If it sees any movement around it this Pokémoncharges for it straightaway leading with itssharply pointed jaw. Its very proud of that jaw.,Arrokuda
s_e66272e3,8.0,,445,1.0,,,4,255,50,0,20,0,1,0,1.0,0.0,,After its eaten its fill its movements becomeextremely sluggish. Thats when Cramorantswallows it up.,Arrokuda
s_b980b443,5.0,id-533,272,4.0,6.0,,2,45,50,0,20,0,4,0,0.0,0.0,103.0,When going all out this Pokémon throws asideits concrete pillars and leaps at opponents topummel them with its fists.,Conkeldurr
s_b980b443,5.0,id-533,272,4.0,6.0,,2,45,50,0,20,0,4,0,0.0,0.0,103.0,Concrete mixed by Conkeldurr is much moredurable than normal concrete even when thecompositions of the two materials are the same.,Conkeldurr
s_f9ecf738,7.0,,156,4.0,6.0,2.0,0,150,70,0,15,0,5,0,0.0,1.0,,With their taillights lit VOLBEAT fly ina swarm drawing geometric designs in thenight sky. They move their nests if theirpond water becomes dirty.,Volbeat
s_75384e38,5.0,,275,5.0,12.0,,0,45,50,0,20,0,2,0,1.0,0.0,,The karate chops of a Sawk thats trained itselfto the limit can cleave the ocean itself.,Sawk
s_75384e38,5.0,,275,5.0,12.0,,0,45,50,0,20,0,2,0,1.0,0.0,,If you see a Sawk training in the mountains in itssingle-minded pursuit of strength its best toquietly pass by.,Sawk
s_668c37bd,3.0,,166,3.0,4.0,6.0,4,255,50,0,20,0,4,0,1.0,0.0,,It makes an inescapable conical pit and lies inwait at the bottom for prey to cometumbling down.,Trapinch
s_668c37bd,3.0,,166,3.0,4.0,6.0,4,255,50,0,20,0,4,0,1.0,0.0,,Its nest is a sloped bowl-like pit in the desert.Once something has fallen in there is no escape.,Trapinch
s_6bb495b6,5.0,id-600,305,3.0,11.0,,-1,30,50,0,20,0,4,0,1.0,0.0,,From its spikes it launches powerful blasts ofelectricity. Its red core contains an enormousamount of energy.,Klinklang
s_6bb495b6,5.0,id-600,305,3.0,11.0,,-1,30,50,0,20,0,4,0,1.0,0.0,,The three gears that compose this Pokémonspin at high speed. Its new spiked gear isnta living creature.,Klinklang
s_321994c1,1.0,,15,,8.0,2.0,6,190,50,0,20,0,2,0,0.0,0.0,,As each tail grows its fur becomes more lustrous.When held it feels slightly warm.,Vulpix
s_321994c1,1.0,,15,,8.0,2.0,6,190,50,0,20,0,2,0,0.0,0.0,,While young it has six gorgeous tails. When itgrows several new tails are sprouted.,Vulpix
s_805ad7c9,6.0,,318,3.0,7.0,,4,45,50,0,20,0,2,0,0.0,0.0,,These Pokémon live in herds of about 20individuals. Bouffalant that betray the herd willlose the hair on their heads for some reason.,Bouffalant
s_805ad7c9,6.0,,318,3.0,7.0,,4,45,50,0,20,0,2,0,0.0,0.0,,These Pokémon can crush a car with no morethan a headbutt. Bouffalant with more hair ontheir heads hold higher positions within the herd.,Bouffalant
s_c809f868,4.0,,247,9.0,12.0,,-1,3,0,0,120,0,1,0,0.0,1.0,,Its said that Regigigas created other Pokémonfrom many different materials before it movedthe continents to where they are today.,Regigigas
s_c809f868,4.0,,247,9.0,12.0,,-1,3,0,0,120,0,1,0,0.0,1.0,,All over the world there are legends that tellof Regigigas creating other Pokémon in itsown image.,Regigigas
s_6081f43f,8.0,id-816,432,1.0,,,1,45,50,0,20,0,4,0,1.0,0.0,,Highly intelligent but also very lazyit keeps enemies out of its territoryby laying traps everywhere.,Drizzile
s_6081f43f,8.0,id-816,432,1.0,,,1,45,50,0,20,0,4,0,1.0,0.0,,A clever combatant this Pokémon battles usingwater balloons created with moisture secretedfrom its palms.,Drizzile
s_8f233a29,1.0,id-238,59,8.0,12.0,5.0,8,45,50,0,25,0,2,0,0.0,1.0,,In certain parts of Galar Jynx was once fearedand worshiped as the Queen of Ice.,Jynx
s_8f233a29,1.0,id-238,59,8.0,12.0,5.0,8,45,50,0,25,0,2,0,0.0,1.0,,The Jynx of Galar often have beautiful anddelicate voices. Some of these Pokémon haveeven gathered a fan base.,Jynx
s_ec560494,2.0,,127,9.0,13.0,5.0,-1,3,0,0,120,0,1,0,1.0,,,It sleeps in a deep-sea trench.If it flaps its wings it is said tocause a 40-day storm.,Lugia
s_81d5755e,2.0,,84,8.0,13.0,3.0,4,255,70,0,15,1,3,0,0.0,0.0,,Ledyba secretes an aromatic fluid from where its legs join itsbody. This fluid is used for communicating with others.This Pokémon conveys its feelings to others by altering thefluids scent.,Ledyba
s_0f682ba1,4.0,,195,4.0,6.0,1.0,-1,3,35,0,80,0,1,0,1.0,0.0,193.0,Its rumored that this Pokémon was born deepunderground in the planets mantle and that itemerged onto the surface 10000 years ago.,Registeel
s_0f682ba1,4.0,,195,4.0,6.0,1.0,-1,3,35,0,80,0,1,0,1.0,0.0,193.0,Registeels body is made of a strange materialthat is flexible enough to stretch and shrink butalso more durable than any metal.,Registeel
s_1661115a,1.0,,55,8.0,3.0,7.0,4,225,50,0,20,1,2,0,1.0,0.0,,Its dorsal pectoral and tail fins wave elegantlyin water. That is why it is known as the Water Dancer.,Goldeen
s_1661115a,1.0,,55,8.0,3.0,7.0,4,225,50,0,20,1,2,0,1.0,0.0,,Its dorsal and pectoral fins are strongly developedlike muscles. It can swim at a speed of five knots.,Goldeen
s_06b28264,1.0,rec-96-dup-1,42,9.0,12.0,2.0,4,75,70,0,20,1,2,0,0.0,0.0,,Hypno holds a pendulum in its hand. The arcing movement andglitter of the pendulum lull the foe into a deep state ofhypnosis. While this Pokémon searches for prey it polishesthe pendulum.,Hypno
s_b07cadbf,2.0,,102,4.0,11.0,2.0,4,190,70,0,20,0,2,0,0.0,1.0,56.0,A PINECO hangs from a tree branch andwaits for prey. While eating if it isdisturbed by someone shaking its tree itfalls on the ground and suddenly explodes.,Pineco
s_29137604,3.0,,467,,,,-1,10,0,0,120,0,1,0,1.0,0.0,,This Pokémon has slumbered for many years.Some say its Zamazentas elder sister—otherssay the two Pokémon are rivals.,Zacian
s_29137604,3.0,,467,,,,-1,10,0,0,120,0,1,0,1.0,0.0,,Known as a legendary hero this Pokémonabsorbs metal particles transforming theminto a weapon it uses to battle.,Zacian
s_0b752fcd,,rec-318-dup-0,160,2.0,,9.0,4,60,35,0,20,0,1,1,0.0,0.0,,As soon as it catches the scent of prey Sharpedowill jet seawater from its backside hurtlingtoward the target to attack at 75 mph.,Sharpedo
s_0b752fcd,,rec-318-dup-0,160,2.0,,9.0,4,60,35,0,20,0,1,1,0.0,0.0,,This Pokémon is known as the Bully of the Sea.Any ship entering the waters Sharpedo callshome will be attacked—no exceptions.,Sharpedo
s_317ccade,3.0,,177,4.0,,7.0,1,45,50,0,30,0,5,0,0.0,0.0,171.0,This Pokémon was restored from a fossil.Anorith lived in the ocean about 100000000years ago hunting with its pair of claws.,Anorith
s_317ccade,3.0,,177,4.0,,7.0,1,45,50,0,30,0,5,0,0.0,0.0,171.0,Anorith can swim swiftly by pulling its eight wingsthrough the water like oars on a boat. ThisPokémon is an ancestor of modern bug Pokémon.,Anorith
s_f526a194,5.0,id-722,374,1.0,9.0,,1,45,50,0,15,0,4,0,0.0,0.0,,It throws one knifelike feather after another at itsenemies and each one precisely strikes a weakpoint. These feathers are known as blade quills.,Dartrix
s_f526a194,5.0,id-722,374,1.0,9.0,,1,45,50,0,15,0,4,0,0.0,0.0,,It never slacks when it comes to the task ofcleaning its feathers. Thorough preening keeps itlooking spiffy and its blade quills nice and sharp.,Dartrix
s_3758a8f8,1.0,id-148,76,3.0,6.0,7.0,4,45,35,0,40,0,1,0,0.0,,78.0,This Pokémon is known as the Sea Incarnate.Figureheads that resemble Dragonite decoratethe bows of many ships.,Dragonite
s_3758a8f8,1.0,id-148,76,3.0,6.0,7.0,4,45,35,0,40,0,1,0,0.0,,78.0,Its a kindhearted Pokémon. If it spots a drowningperson or Pokémon Dragonite simply musthelp them.,Dragonite
s_2ff3b11d,1.0,rec-81-dup-0,34,4.0,11.0,1.0,-1,60,50,0,20,0,2,0,1.0,0.0,,This Pokémon is constantly putting out a powerfulmagnetic force. Most computers go haywire whena Magneton approaches.,Magneton
s_2ff3b11d,1.0,rec-81-dup-0,34,4.0,11.0,1.0,-1,60,50,0,20,0,2,0,1.0,0.0,,This Pokémon is three Magnemite that havelinked together. Magneton sends out powerfulradio waves to study its surroundings.,Magneton
s_d9ed8e5d,4.0,,232,,6.0,,1,75,50,1,25,0,4,0,0.0,1.0,50.0,It can use waves called auras to gauge howothers are feeling. These same waves can also tellthis Pokémon about the state of the environment.,Riolu
s_d9ed8e5d,4.0,,232,,6.0,,1,75,50,1,25,0,4,0,0.0,1.0,50.0,Its exceedingly energetic with enough staminato keep running all through the night. Taking itfor walks can be a challenging experience.,Riolu
s_7dff821c,3.0,id-263,134,10.0,7.0,3.0,4,90,50,0,15,0,2,0,0.0,0.0,,It uses its explosive speed and razor-sharp clawsto bring down prey. Running along windingpaths is not its strong suit.,Linoone
s_7dff821c,3.0,id-263,134,10.0,7.0,3.0,4,90,50,0,15,0,2,0,0.0,0.0,,Its fur is strong and supple. Shaving brushesmade with shed Linoone hairs are highly prized.,Linoone
s_55270b75,4.0,,242,7.0,6.0,,-1,3,140,0,80,0,1,0,,0.0,,When Mesprit flew people learnedthe joy and sadness of living.It was the birth of emotions.,Mesprit
s_53591635,4.0,id-444,230,5.0,12.0,,4,45,50,0,40,1,1,1,0.0,0.0,87.0,Garchomp makes its home in volcanic mountains.It flies through the sky as fast as a jet airplanehunting down as much prey as it can.,Garchomp
s_53591635,4.0,id-444,230,5.0,12.0,,4,45,50,0,40,1,1,1,0.0,0.0,87.0,Garchomp is fast both underground and above.It can bring down prey and return to its denbefore its body has chilled from being outside.,Garchomp
s_a5093df6,3.0,,150,,12.0,4.0,4,45,50,0,20,0,3,1,0.0,0.0,,It chomps with its gaping mouth. Its huge jaws areactually steel horns that have been transformed.,Mawile
s_a5093df6,3.0,,150,,12.0,4.0,4,45,50,0,20,0,3,1,0.0,0.0,,It uses its docile-looking face to lull foes intocomplacency then bites with its hugerelentless jaws.,Mawile
s_b66be219,3.0,id-258,132,5.0,6.0,9.0,1,45,50,0,20,0,4,0,1.0,0.0,,Its sturdy legs give it surefooting even in mud. Itburrows into dirt to sleep.,Marshtomp
s_f1e84b64,8.0,id-891,470,2.0,,,1,3,50,0,120,0,1,0,0.0,0.0,,This form of Urshifu is a strong believer in theone-hit KO. Its strategy is to leap in close to foesand land a devastating blow with a hardened fist.,Urshifu
s_f1e84b64,8.0,id-891,470,2.0,,,1,3,50,0,120,0,1,0,0.0,0.0,,Inhabiting the mountains of a distant region thisPokémon races across sheer cliffs training its legsand refining its moves.,Urshifu
s_0d01e700,4.0,rec-299-dup-0,147,4.0,5.0,,4,60,70,0,20,0,2,0,1.0,0.0,,It freely controls three smallunits called Mini-Noses usingmagnetic force.,Probopass
s_8a61de86,1.0,id-66,28,4.0,6.0,4.0,2,90,50,0,20,0,4,0,,0.0,99.0,Its formidable body never gets tired. It helpspeople by doing work such as the moving ofheavy goods.,Machoke
s_8a61de86,1.0,id-66,28,4.0,6.0,4.0,2,90,50,0,20,0,4,0,,0.0,99.0,Its muscular body is so powerful it must wear apower-save belt to be able to regulateits motions.,Machoke
s_20c3255b,5.0,,327,5.0,8.0,,-1,3,35,0,80,0,1,0,0.0,1.0,,It darts around opponents with a flurry of quickmovements slicing them up with its horns.,Virizion
s_20c3255b,5.0,,327,5.0,8.0,,-1,3,35,0,80,0,1,0,0.0,1.0,,A legend tells of this Pokémon workingtogether with Cobalion and Terrakion toprotect the Pokémon of the Unova region.,Virizion
s_41aec742,7.0,,376,2.0,3.0,,1,45,50,0,15,0,4,0,1.0,,,If Popplio want to create big powerful balloonsthey must be persistent. It takes daily practice forthese Pokémon to develop their skills.,Popplio
s_41aec742,7.0,,376,2.0,3.0,,1,45,50,0,15,0,4,0,1.0,,,It creates special bouncy balloons to send at itsopponents. When the balloons pop the sheerforce of their bursting is what deals damage.,Popplio
s_18aa4379,4.0,,224,5.0,5.0,,-1,255,50,0,20,0,2,0,0.0,1.0,,It appears in ancient ruins. The pattern on itsbody doesnt come from any culture in theGalar region so it remains shrouded in mystery.,Bronzor
s_18aa4379,4.0,,224,5.0,5.0,,-1,255,50,0,20,0,2,0,0.0,1.0,,Polishing Bronzor to a shine makes its surfacereflect the truth according to common lore.Be that as it may Bronzor hates being polished.,Bronzor
s_c3fa0c73,1.0,,37,10.0,3.0,9.0,4,190,70,0,20,0,2,0,0.0,0.0,,Thanks to its thick fat cold seas dont bother itat all but it gets tired pretty easily inwarm waters.,Seel
s_4fa8ef13,2.0,,96,1.0,7.0,9.0,4,255,50,0,20,1,2,0,1.0,0.0,18.0,When walking on land it covers its body with apoisonous film that keeps its skin from dehydrating.,Wooper
s_4fa8ef13,2.0,,96,1.0,7.0,9.0,4,255,50,0,20,1,2,0,1.0,0.0,18.0,This Pokémon lives in cold water. It will leave thewater to search for food when it gets cold outside.,Wooper
s_cef13d49,4.0,,220,4.0,12.0,,4,190,0,0,20,0,2,0,0.0,0.0,,If both of Bunearys ears are rolled up somethingis wrong with its body or mind. Its a sure sign thePokémon is in need of care.,Buneary
s_cef13d49,4.0,,220,4.0,12.0,,4,190,0,0,20,0,2,0,0.0,0.0,,Buneary can attack by rolling up their ears andthen striking with the force created by unrollingthem. This attack becomes stronger with training.,Buneary
s_e2b55c1d,1.0,,30,1.0,10.0,9.0,4,190,50,0,20,0,1,0,0.0,0.0,,This Pokémon is mostly made of water.A Tentacool out in the ocean is very hard tospot because its body blends in with the sea.,Tentacool
s_e2b55c1d,1.0,,30,1.0,10.0,9.0,4,190,50,0,20,0,1,0,0.0,0.0,,Tentacool is not a particularly strong swimmer.It drifts across the surface of shallow seas as itsearches for prey.,Tentacool
s_ce5e20e9,4.0,,181,4.0,1.0,8.0,4,225,35,0,25,0,3,0,1.0,0.0,,It eats up emotions like malice jealousy andresentment so some people are grateful forits presence.,Shuppet
s_45f6b64e,5.0,id-597,304,1.0,10.0,,4,90,50,0,20,0,2,0,1.0,0.0,,Its spikes are harder than steel. This Pokémoncrawls across rock walls by stabbing the spikeson its feelers into the stone.,Ferrothorn
s_45f6b64e,5.0,id-597,304,1.0,10.0,,4,90,50,0,20,0,2,0,1.0,0.0,,This Pokémon scrapes its spikes across rocksand then uses the tips of its feelers to absorbthe nutrients it finds within the stone.,Ferrothorn
s_d47bcc4c,4.0,id-434,223,6.0,8.0,,4,60,50,0,20,0,2,0,1.0,0.0,,In its belly it reserves stinky fluid that it shootsfrom its tail during battle. As this Pokémons dietvaries so does the stench of its fluid.,Skuntank
s_d47bcc4c,4.0,id-434,223,6.0,8.0,,4,60,50,0,20,0,2,0,1.0,0.0,,It digs holes in the ground to make its nest.The stench of the fluid it lets fly from the tipof its tail is extremely potent.,Skuntank
s_b0233bb0,5.0,id-570,291,3.0,12.0,,1,45,50,0,20,0,4,0,0.0,0.0,155.0,This Pokémon cares deeply about others of itskind and it will conjure terrifying illusions tokeep its den and pack safe.,Zoroark
s_b0233bb0,5.0,id-570,291,3.0,12.0,,1,45,50,0,20,0,4,0,0.0,0.0,155.0,Seeking to ease the burden of their solitudelonely Trainers tell Zoroark to show illusionsto them.,Zoroark
s_f9bf953a,5.0,id-570,291,1.0,12.0,,1,45,50,0,20,0,4,0,0.0,0.0,155.0,This Pokémon cares deeply about others of itskind and it will conjure terrifying illusions tokeep its den and pack safe.,Zoroark
s_f9bf953a,5.0,id-570,291,1.0,12.0,,1,45,50,0,20,0,4,0,0.0,0.0,155.0,Seeking to ease the burden of their solitudelonely Trainers tell Zoroark to show illusionsto them.,Zoroark
s_ebc3d41a,1.0,,71,,9.0,4.0,1,45,50,0,35,0,1,1,0.0,1.0,,Aerodactyls sawlike fangs can shred skin totatters—even the skin of Steel-type Pokémon.,Aerodactyl
s_ebc3d41a,1.0,,71,,9.0,4.0,1,45,50,0,35,0,1,1,0.0,1.0,,This is a ferocious Pokémon from ancient times.Apparently even modern technology is incapableof producing a perfectly restored specimen.,Aerodactyl
s_1f9cbb4a,8.0,id-562,287,,,,4,90,50,0,25,0,2,0,1.0,0.0,,Never touch its shadowlike body or youll beshown the horrific memories behind the picturecarved into it.,Runerigus
s_1f9cbb4a,8.0,id-562,287,,,,4,90,50,0,25,0,2,0,1.0,0.0,,A powerful curse was woven into an ancientpainting. After absorbing the spirit of a Yamaskthe painting began to move.,Runerigus
s_c34891a3,5.0,rec-255-dup-1,131,8.0,12.0,3.0,1,45,50,0,20,1,4,0,0.0,0.0,,During a battle the hot flame inits body increases. Its kicks haveoutstanding destructive power.,Combusken
s_ac585c95,6.0,rec-831-dup-0,438,9.0,,,4,127,50,0,15,0,2,0,0.0,1.0,,Its majestic horns are meant only to impress theopposite gender. They never see use in battle.,Dubwool
s_ac585c95,6.0,rec-831-dup-0,438,9.0,,,4,127,50,0,15,0,2,0,0.0,1.0,,Weave a carpet from its springy wool and you endup with something closer to a trampoline. Youllstart to bounce the moment you set foot on it.,Dubwool
s_dcb2f1c0,,,288,2.0,8.0,,1,45,50,0,30,0,2,0,1.0,0.0,,Tirtouga is considered to be the ancestor ofmany turtle Pokémon. It was restored to lifefrom a fossil.,Tirtouga
s_dcb2f1c0,,,288,2.0,8.0,,1,45,50,0,30,0,2,0,1.0,0.0,,This Pokémon inhabited ancient seas. Althoughit can only crawl it still comes up onto land insearch of prey.,Tirtouga
s_d4e01499,1.0,,25,4.0,8.0,2.0,2,190,50,0,20,0,1,0,0.0,0.0,,Extremely loyal it will fearlessly bark at anyopponent to protect its own Trainer from harm.,Growlithe
s_d4e01499,1.0,,25,4.0,8.0,2.0,2,190,50,0,20,0,1,0,0.0,0.0,,It has a brave and trustworthy nature. It fearlesslystands up to bigger and stronger foes.,Growlithe
s_59fc5009,6.0,rec-495-dup-0,256,5.0,12.0,,1,45,70,0,20,0,4,0,0.0,0.0,119.0,When it gets dirty its leaves cant be used inphotosynthesis so it always keeps itself clean.,Servine
s_ad633bf0,6.0,,448,3.0,,,4,180,50,0,25,0,4,0,1.0,0.0,,Its very curious but its means of investigatingthings is to try to punch them with its tentacles.The search for food is what brings it onto land.,Clobbopus
s_ad633bf0,6.0,,448,3.0,,,4,180,50,0,25,0,4,0,1.0,0.0,,Its tentacles tear off easily but it isnt alarmedwhen that happens—it knows theyll grow back.Its about as smart as a three-year-old.,Clobbopus
s_d7c7e637,2.0,rec-458-dup-0,116,8.0,9.0,7.0,4,25,50,0,25,0,1,0,1.0,0.0,,As it majestically swims it doesnt care ifRemoraid attach to it to scavenge for its leftovers.,Mantine
s_d7c7e637,2.0,rec-458-dup-0,116,8.0,9.0,7.0,4,25,50,0,25,0,1,0,1.0,0.0,,If it builds up enough speed swimming itcan jump out above the waves and glidefor over 300 feet.,Mantine
s_89326eee,1.0,rec-32-dup-0,13,8.0,8.0,2.0,0,120,50,0,20,0,4,0,0.0,0.0,,With a horn thats harder than diamond thisPokémon goes around shattering boulders as itsearches for a moon stone.,Nidorino
s_89326eee,1.0,rec-32-dup-0,13,8.0,8.0,2.0,0,120,50,0,20,0,4,0,0.0,0.0,,Its nervous and quick to act aggressively.The potency of its poison increases along withthe level of adrenaline present in its body.,Nidorino
s_be2a0c84,2.0,,89,9.0,7.0,2.0,4,235,70,0,20,0,4,0,0.0,0.0,45.0,MAREEPs fluffy coat of wool rubstogether and builds a static charge.The more static electricity is chargedthe more brightly the lightbulb at thetip of its tail grows.,Mareep
s_feee3926,2.0,rec-95-dup-0,41,4.0,10.0,1.0,4,25,50,0,25,1,2,1,0.0,1.0,176.0,It is thought its body transformed as a result ofiron accumulating internally from swallowing soil.,Steelix
s_feee3926,2.0,rec-95-dup-0,41,4.0,10.0,1.0,4,25,50,0,25,1,2,1,0.0,1.0,176.0,It is said that if an Onix lives for over 100 yearsits composition changes to become diamond-like.,Steelix
s_70e45f00,1.0,id-2,1,1.0,8.0,2.0,1,45,50,0,20,1,4,1,0.0,0.0,,Its plant blooms when it is absorbing solarenergy. It stays on the move to seek sunlight.,Venusaur
s_70e45f00,1.0,id-2,1,1.0,8.0,2.0,1,45,50,0,20,1,4,1,0.0,0.0,,A bewitching aroma wafts from its flower.The fragrance becalms those engagedin a battle.,Venusaur
s_c85ac481,4.0,rec-846-dup-0,445,3.0,,,4,60,50,0,20,0,1,0,,0.0,,This Pokémon has a jaw thats as sharp as a spearand as strong as steel. Apparently Barraskewdasflesh is surprisingly tasty too.,Barraskewda
s_c85ac481,4.0,rec-846-dup-0,445,3.0,,,4,60,50,0,20,0,1,0,,0.0,,It spins its tail fins to propel itself surgingforward at speeds of over 100 knots beforeramming prey and spearing into them.,Barraskewda
s_431eefe7,7.0,,402,8.0,12.0,,4,70,50,0,20,0,2,0,1.0,0.0,,Eating sulfur in its volcanic habitat is what causesexplosive compounds to develop in its shell.Its droppings are also dangerously explosive.,Turtonator
s_431eefe7,7.0,,402,8.0,12.0,,4,70,50,0,20,0,2,0,1.0,0.0,,Explosive substances coat the shell on its back.Enemies that dare attack it will be blown awayby an immense detonation.,Turtonator
s_539ac29c,2.0,rec-194-dup-0,96,2.0,12.0,9.0,4,90,50,0,20,1,2,0,0.0,1.0,19.0,Its body is always slimy. It often bangs its headon the river bottom as it swims but seems notto care.,Quagsire
s_539ac29c,2.0,rec-194-dup-0,96,2.0,12.0,9.0,4,90,50,0,20,1,2,0,0.0,1.0,19.0,It has an easygoing nature. It doesnt care if itbumps its head on boats and boulderswhile swimming.,Quagsire
s_8bbea980,7.0,,455,9.0,,,4,190,50,0,20,0,2,0,0.0,1.0,,It eats snow that piles up on the ground.The more snow it eats the bigger and moreimpressive the spikes on its back grow.,Snom
s_8bbea980,7.0,,455,9.0,,,4,190,50,0,20,0,2,0,0.0,1.0,,It spits out thread imbued with a frigid sort ofenergy and uses it to tie its body to branchesdisguising itself as an icicle while it sleeps.,Snom
s_a2f33dde,1.0,,63,8.0,8.0,3.0,0,45,50,0,20,0,1,0,0.0,1.0,,When Tauros begins whipping itself with its tailsits a warning that the Pokémon is about tocharge with astounding speed.,Tauros
s_a2f33dde,1.0,,63,8.0,8.0,3.0,0,45,50,0,20,0,1,0,0.0,1.0,,The Tauros of the Galar region are volatile innature and they wont allow people to ride ontheir backs.,Tauros
s_de1cb736,4.0,id-814,431,,,,1,45,50,0,20,0,4,0,0.0,0.0,,Its skilled at both offense and defense and itgets pumped up when cheered on. But if it startsshowboating it could put itself in a tough spot.,Cinderace
s_de1cb736,4.0,id-814,431,,,,1,45,50,0,20,0,4,0,0.0,0.0,,It juggles a pebble with its feet turning it into aburning soccer ball. Its shots strike opponentshard and leave them scorched.,Cinderace
s_047b357e,6.0,,410,7.0,4.0,,-1,3,50,0,15,0,1,0,1.0,0.0,,This guardian deity of Akala is guilelessly cruel.The fragrant aroma of flowers is the source ofits energy.,Tapu Lele
s_4e541426,5.0,rec-825-dup-1,435,8.0,,,4,45,50,0,15,0,2,0,1.0,0.0,,It emits psychic energy to observe and studywhats around it—and whats around it caninclude things over six miles away.,Orbeetle
s_4e541426,5.0,rec-825-dup-1,435,8.0,,,4,45,50,0,15,0,2,0,1.0,0.0,,Its famous for its high level of intelligence andthe large size of its brain is proof that it alsopossesses immense psychic power.,Orbeetle
s_c8f162c7,2.0,id-218,111,8.0,10.0,4.0,4,75,70,0,20,0,2,0,0.0,1.0,,MAGCARGOs shell is actually its skinthat hardened as a result of cooling.Its shell is very brittle and fragile -just touching it causes it to crumbleapart. This POKéMON returns to itsoriginal size by dipping itself in magma.,Magcargo
s_d145bd62,8.0,rec-420-dup-0,217,8.0,7.0,,4,75,50,0,20,0,2,1,0.0,0.0,,As a bud it barely moves. It sits still placidlywaiting for sunlight to appear.,Cherrim
s_d145bd62,8.0,rec-420-dup-0,217,8.0,7.0,,4,75,50,0,20,0,2,1,0.0,0.0,,Its folded petals are pretty tough. Bird Pokémoncan peck at them all they want and Cherrimwont be bothered at all.,Cherrim
s_6f4b6634,3.0,id-270,136,5.0,6.0,9.0,4,120,50,0,15,0,4,0,1.0,0.0,,It lives at the waters edge where it is sunny.It sleeps on a bed of water grass by day andbecomes active at night.,Lombre
s_6f4b6634,3.0,id-270,136,5.0,6.0,9.0,4,120,50,0,15,0,4,0,1.0,0.0,,It is nocturnal and becomes active at nightfall.It feeds on aquatic mosses that growin the riverbed.,Lombre
s_950a4af1,2.0,id-133,67,8.0,8.0,5.0,1,45,50,0,35,0,2,0,0.0,0.0,5.0,It unleashes psychic power from the orb on itsforehead. When its power is exhausted the orbgrows dull and dark.,Espeon
s_950a4af1,2.0,id-133,67,8.0,8.0,5.0,1,45,50,0,35,0,2,0,0.0,0.0,5.0,By reading air currents it can predict things suchas the weather or its foes next move.,Espeon
s_6daa0e38,1.0,,13,7.0,8.0,2.0,0,235,50,0,20,0,4,0,0.0,1.0,,The horn on a male Nidorans forehead containsa powerful poison. This is a very cautiousPokémon always straining its large ears.,Nidoran♂
s_6daa0e38,1.0,,13,7.0,8.0,2.0,0,235,50,0,20,0,4,0,0.0,1.0,,Small but brave this Pokémon will hold itsground and even risk its life in battle to protectthe female its friendly with.,Nidoran♂
s_f664159a,5.0,id-613,310,9.0,7.0,,4,60,50,0,20,0,2,0,0.0,1.0,105.0,It swims through frigid seas searching for prey.From its frozen breath it forms icy fangs thatare harder than steel.,Beartic
s_f664159a,5.0,id-613,310,9.0,7.0,,4,60,50,0,20,0,2,0,0.0,1.0,105.0,It swims energetically through frigid seas.When it gets tired it freezes the seawaterwith its breath so it can rest on the ice.,Beartic
s_18d49040,1.0,id-17,6,1.0,9.0,2.0,4,45,70,0,15,0,4,1,0.0,,,By flapping its wings with all itsmight PIDGEOT can make a gust ofwind capable of bending tall trees.,Pidgeot
s_c8564dcb,4.0,,91,3.0,8.0,,4,255,50,1,20,0,2,0,0.0,1.0,,This Pokémon lives in dry rocky areas. As itsgreen spheres dry out their dull luster increases.,Bonsly
s_c8564dcb,4.0,,91,3.0,8.0,,4,255,50,1,20,0,2,0,0.0,1.0,,It expels both sweat and tears from its eyes.The sweat is a little salty while the tears havea slight bitterness.,Bonsly
s_0f99d18a,8.0,,468,6.0,,,-1,10,0,0,120,0,1,0,1.0,1.0,,This Pokémon slept for aeons while in the form ofa statue. It was asleep for so long people forgotthat it ever existed.,Zamazenta
s_0f99d18a,8.0,,468,6.0,,,-1,10,0,0,120,0,1,0,1.0,1.0,,In times past it worked together with a king ofthe people to save the Galar region. It absorbsmetal that it then uses in battle.,Zamazenta
s_6ce7643d,1.0,,15,3.0,7.0,2.0,6,190,50,0,20,0,2,0,1.0,0.0,,As each tail grows its fur becomes more lustrous.When held it feels slightly warm.,Vulpix
s_6ce7643d,1.0,,15,3.0,7.0,2.0,6,190,50,0,20,0,2,0,1.0,0.0,,While young it has six gorgeous tails. When itgrows several new tails are sprouted.,Vulpix
s_b0bbbfa3,7.0,,429,3.0,,,-1,3,0,0,120,0,1,0,0.0,0.0,,At the end of its life-span Melmetal will rust andfall apart. The small shards left behind willeventually be reborn as Meltan.,Melmetal
s_b0bbbfa3,7.0,,429,3.0,,,-1,3,0,0,120,0,1,0,0.0,0.0,,Centrifugal force is behind the punches ofMelmetals heavy hex-nut arms. Melmetal is saidto deliver the strongest punches of all Pokémon.,Melmetal
s_cdf37420,,,174,6.0,4.0,9.0,4,205,50,0,15,0,6,0,0.0,0.0,,It was originally a Pokémon from afar that escapedto the wild. It can adapt to the dirtiest river.,Corphish
s_cdf37420,,,174,6.0,4.0,9.0,4,205,50,0,15,0,6,0,0.0,0.0,,No matter how dirty the water in the river it willadapt and thrive. It has a strong will to survive.,Corphish
s_2f5be2dd,3.0,,154,10.0,12.0,2.0,4,200,70,0,20,0,2,0,0.0,0.0,,It cheers on friends with pom-pomsmade of sparks. It drains powerfrom telephone poles.,Plusle
s_8eb21cdf,5.0,,258,1.0,6.0,,1,45,70,0,20,0,4,0,1.0,0.0,106.0,It fights using the scalchop on itsstomach. In response to an attackit retaliates immediately by slashing.,Oshawott
s_335bf46c,2.0,,82,4.0,7.0,3.0,4,255,70,0,15,0,2,0,0.0,0.0,,It has a very nervous nature.It stands up high on its tail so itcan scan wide areas.,Sentret
s_e5b8758e,2.0,,96,2.0,7.0,7.0,4,255,50,0,20,1,2,0,0.0,1.0,18.0,When walking on land it covers its body with apoisonous film that keeps its skin from dehydrating.,Wooper
s_e5b8758e,2.0,,96,2.0,7.0,7.0,4,255,50,0,20,1,2,0,0.0,1.0,18.0,This Pokémon lives in cold water. It will leave thewater to search for food when it gets cold outside.,Wooper
s_a7965b9b,2.0,,93,7.0,12.0,3.0,4,45,70,0,20,1,3,0,0.0,0.0,,It lives high among the treetops.It can use its tail as freely andcleverly as its hands.,Aipom
s_798f68f3,3.0,id-355,182,1.0,12.0,3.0,4,90,35,0,25,0,3,0,0.0,1.0,70.0,It seeks drifting will-o-the-wisps and sucks theminto its empty body. What happens inside isa mystery.,Dusclops
s_798f68f3,3.0,id-355,182,1.0,12.0,3.0,4,90,35,0,25,0,3,0,0.0,1.0,70.0,Its body is entirely hollow. When it opens itsmouth it sucks everything in as if it were ablack hole.,Dusclops
s_b5bdaf5d,3.0,rec-316-dup-1,159,8.0,4.0,,4,75,70,0,20,1,6,0,0.0,0.0,,When SWALOT spots prey it spurts outa hideously toxic fluid from its poresand sprays the target.Once the prey has weakened thisPOKéMON gulps it down whole with itscavernous mouth.,Swalot
s_175338fe,2.0,id-191,94,10.0,12.0,3.0,4,120,70,0,20,0,4,0,1.0,1.0,,It converts sunlight into energy. In thedarkness after sunset it closes its petalsand becomes still.,Sunflora
s_210b2337,1.0,,20,8.0,6.0,2.0,4,190,70,0,20,0,2,0,0.0,0.0,,Its large eyes act as radar. In a bright place youcan see that they are clusters of many tiny eyes.,Venonat
s_c89f6845,8.0,rec-835-dup-1,440,9.0,,,4,45,50,0,20,0,3,0,0.0,,,This Pokémon generates electricity and channelsit into its legs to keep them going strong.Boltund can run nonstop for three full days.,Boltund
s_c89f6845,8.0,rec-835-dup-1,440,9.0,,,4,45,50,0,20,0,3,0,0.0,,,It sends electricity through its legs to boost theirstrength. Running at top speed it easily breaks50 mph.,Boltund
s_7679de5e,7.0,rec-690-dup-0,354,,5.0,,4,55,50,0,20,0,2,0,0.0,0.0,,Dragalge generates dragon energy by stickingthe plume on its head out above the oceanssurface and bathing it in sunlight.,Dragalge
s_7679de5e,7.0,rec-690-dup-0,354,,5.0,,4,55,50,0,20,0,2,0,0.0,0.0,,Dragalge uses a poisonous liquid capable ofcorroding metal to send tankers that enter itsterritory to the bottom of the sea.,Dragalge
s_a8f05d34,5.0,id-613,310,10.0,8.0,,4,60,50,0,20,0,2,0,0.0,1.0,105.0,It swims through frigid seas searching for prey.From its frozen breath it forms icy fangs thatare harder than steel.,Beartic
s_a8f05d34,5.0,id-613,310,10.0,8.0,,4,60,50,0,20,0,2,0,0.0,1.0,105.0,It swims energetically through frigid seas.When it gets tired it freezes the seawaterwith its breath so it can rest on the ice.,Beartic
s_a1e8f3cd,2.0,,14,6.0,12.0,4.0,6,150,140,1,10,0,3,0,1.0,0.0,,Because of its unusual starlike silhouette peoplebelieve that it came here on a meteor.,Cleffa
s_a1e8f3cd,2.0,,14,6.0,12.0,4.0,6,150,140,1,10,0,3,0,1.0,0.0,,According to local rumors Cleffa are often seenin places where shooting stars have fallen.,Cleffa
s_583df8e5,8.0,,324,9.0,14.0,,4,45,50,0,40,0,1,0,1.0,0.0,173.0,Larvestas body is warm all over. It spouts firefrom the tips of its horns to intimidate predatorsand scare prey.,Larvesta
s_583df8e5,8.0,,324,9.0,14.0,,4,45,50,0,40,0,1,0,1.0,0.0,173.0,The people of ancient times believed thatLarvesta fell from the sun.,Larvesta
s_3ce23ce8,1.0,,36,4.0,7.0,2.0,4,190,70,0,20,1,2,0,0.0,0.0,,A bird that makesup for its poorflying with itsfast foot speed.Leaves giantfootprints.,Doduo
s_a0e56cc2,4.0,id-394,205,,12.0,,1,45,70,0,20,0,4,0,0.0,0.0,135.0,It avoids unnecessary disputesbut it will decimate anything thatthreatens its pride.,Empoleon
s_37a83b03,6.0,id-657,339,5.0,12.0,,1,45,70,0,20,0,4,0,1.0,0.0,,It creates throwing stars out of compressed water.When it spins them and throws them at high speedthese stars can split metal in two.,Greninja
s_5e1adad3,4.0,rec-827-dup-0,436,3.0,,,4,127,50,0,15,0,3,0,1.0,0.0,,With a lithe body and sharp claws it goesaround stealing food and eggs. Boltundis its natural enemy.,Thievul
s_5e1adad3,4.0,rec-827-dup-0,436,3.0,,,4,127,50,0,15,0,3,0,1.0,0.0,,It secretly marks potential targets with a scent.By following the scent it stalks its targetsand steals from them when they least expect it.,Thievul
s_e9211e1e,5.0,,293,,12.0,,6,200,50,0,20,0,4,0,1.0,0.0,63.0,Though theyre still only babies theres psychicpower stored in their ribbonlike feelers andsometimes they use that power to fight.,Gothita
s_e9211e1e,5.0,,293,,12.0,,6,200,50,0,20,0,4,0,1.0,0.0,63.0,Even when nobody seems to be around Gothitacan still be heard making a muted cry. Many believeits speaking to something only it can see.,Gothita
s_fcea60cb,3.0,rec-290-dup-0,144,3.0,11.0,3.0,-1,45,50,0,15,0,5,0,0.0,0.0,,A most peculiar Pokémon that somehow appearsin a Poké Ball when a Nincada evolves.,Shedinja
s_fcea60cb,3.0,rec-290-dup-0,144,3.0,11.0,3.0,-1,45,50,0,15,0,5,0,0.0,0.0,,A strange Pokémon—it flies without moving itswings has a hollow shell for a body and doesnot breathe.,Shedinja
s_67f8c9f7,7.0,,378,3.0,7.0,,4,255,70,0,15,0,2,0,0.0,1.0,,Although it will eat anything it prefers freshliving things so it marches down streetsin search of prey.,Yungoos
s_7154137b,3.0,,143,1.0,8.0,3.0,4,255,70,0,15,0,1,0,0.0,0.0,,If it eats just three leaves in a dayit is satisfied. Other than thatit sleeps for 20 hours a day.,Slakoth
s_d39b77d9,8.0,rec-827-dup-0,436,1.0,,,4,127,50,0,15,0,3,0,0.0,1.0,,With a lithe body and sharp claws it goesaround stealing food and eggs. Boltundis its natural enemy.,Thievul
s_d39b77d9,8.0,rec-827-dup-0,436,1.0,,,4,127,50,0,15,0,3,0,0.0,1.0,,It secretly marks potential targets with a scent.By following the scent it stalks its targetsand steals from them when they least expect it.,Thievul
s_c9a851c4,1.0,,77,6.0,6.0,8.0,-1,3,0,0,120,0,1,1,1.0,0.0,196.0,It was created bya scientist afteryears of horrificgene splicing andDNA engineeringexperiments.,Mewtwo
s_85eeaaf9,1.0,,21,3.0,5.0,6.0,4,255,50,0,20,0,2,0,0.0,1.0,,If a Diglett digs through a field it leaves the soilperfectly tilled and ideal for planting crops.,Diglett
s_85eeaaf9,1.0,,21,3.0,5.0,6.0,4,255,50,0,20,0,2,0,0.0,1.0,,It burrows through the ground at a shallow depth.It leaves raised earth in its wake making it easyto spot.,Diglett
s_d04c040e,8.0,id-856,450,8.0,,,8,120,50,0,20,0,1,0,1.0,0.0,,No matter who you are if you bring strongemotions near this Pokémon it will silenceyou violently.,Hattrem
s_d04c040e,8.0,id-856,450,8.0,,,8,120,50,0,20,0,1,0,1.0,0.0,,Using the braids on its head it pummels foes toget them to quiet down. One blow from thosebraids would knock out a professional boxer.,Hattrem
s_f9d5cf36,5.0,,217,6.0,11.0,,4,190,50,0,20,0,2,0,0.0,1.0,,It nimbly dashes about to avoid getting peckedby bird Pokémon that would love to make offwith its small nutrient-rich storage ball.,Cherubi
s_f9d5cf36,5.0,,217,6.0,11.0,,4,190,50,0,20,0,2,0,0.0,1.0,,The deeper a Cherubis red the more nutrients ithas stockpiled in its body. And the sweeter andtastier its small ball,Cherubi
s_4378f523,1.0,,38,7.0,14.0,5.0,4,190,70,0,20,0,2,0,0.0,0.0,,Born from sludge these Pokémon nowgather in polluted places and increasethe bacteria in their bodies.,Grimer
s_f0d1ec2d,,,421,4.0,4.0,,-1,255,0,0,120,0,1,0,1.0,0.0,,It survives by absorbing light. After a long timespent slumbering underground impuritiesaccumulated within it causing its body to darken.,Necrozma
s_f0d1ec2d,,,421,4.0,4.0,,-1,255,0,0,120,0,1,0,1.0,0.0,,It needs light to survive and it goes on arampage seeking it out. Its laser beams willcut anything to pieces.,Necrozma
s_aed55c3c,1.0,id-4,2,8.0,12.0,4.0,1,45,50,0,20,0,4,0,0.0,,110.0,If it becomes agitated during battle it spoutsintense flames incinerating its surroundings.,Charmeleon
s_aed55c3c,1.0,id-4,2,8.0,12.0,4.0,1,45,50,0,20,0,4,0,0.0,,110.0,It has a barbaric nature. In battle it whips itsfiery tail around and slashes away with sharp claws.,Charmeleon
s_3acd245e,6.0,,362,8.0,2.0,,4,45,35,0,40,0,1,0,0.0,1.0,,Because most of its body is water it will dry up ifthe weather becomes too arid. Its consideredthe weakest dragon Pokémon.,Goomy
s_3acd245e,6.0,,362,8.0,2.0,,4,45,35,0,40,0,1,0,0.0,1.0,,Their horns are powerful sensors. As soon asGoomy pick up any sign of enemies they go intohiding. This is how theyve survived.,Goomy
s_65249a4d,6.0,rec-811-dup-1,430,2.0,,,1,45,50,0,20,0,4,0,0.0,0.0,,The one with the best drumming techniquesbecomes the boss of the troop. It has a gentledisposition and values harmony among its group.,Rillaboom
s_65249a4d,6.0,rec-811-dup-1,430,2.0,,,1,45,50,0,20,0,4,0,0.0,0.0,,By drumming it taps into the power of its specialtree stump. The roots of the stump follow itsdirection in battle.,Rillaboom
s_e2156fcc,2.0,rec-165-dup-0,84,,9.0,2.0,4,90,70,0,15,1,3,0,0.0,1.0,,The spot patterns on its back grow larger or smallerdepending on the number of stars in the night sky.,Ledian
s_76b2ccae,5.0,rec-551-dup-1,281,7.0,7.0,,4,90,50,0,20,0,4,0,0.0,0.0,67.0,Krokorok has specialized eyes that enable it tosee in the dark. This ability lets Krokorok hunt inthe dead of night without getting lost.,Krokorok
s_76b2ccae,5.0,rec-551-dup-1,281,7.0,7.0,,4,90,50,0,20,0,4,0,0.0,0.0,67.0,Although this Pokémon has specialized eyes thatallow it to see in the dark Krokorok wont movemuch at night—the desert gets cold after sunset.,Krokorok
s_530c24bb,7.0,id-772,399,4.0,7.0,,-1,3,0,0,120,0,1,0,1.0,0.0,,The final factor needed to release thisPokémons true power was a strong bondwith a Trainer it trusts.,Silvally
s_530c24bb,7.0,id-772,399,4.0,7.0,,-1,3,0,0,120,0,1,0,1.0,0.0,,A solid bond of trust between this Pokémon andits Trainer awakened the strength hidden withinSilvally. It can change its type at will.,Silvally
s_79c9e30b,8.0,id-83,35,10.0,,,4,45,50,0,20,0,2,0,0.0,1.0,,Only Farfetchd that have survived many battlescan attain this evolution. When this Pokémonsleek withers it will retire from combat.,Sirfetchd
s_79c9e30b,8.0,id-83,35,10.0,,,4,45,50,0,20,0,2,0,0.0,1.0,,After deflecting attacks with its hard leaf shieldit strikes back with its sharp leek stalk. The leekstalk is both weapon and food.,Sirfetchd
s_aaf03774,2.0,,127,9.0,13.0,8.0,-1,3,0,0,120,0,1,0,1.0,0.0,,It sleeps in a deep-sea trench.If it flaps its wings it is said tocause a 40-day storm.,Lugia
s_8fe19106,2.0,,115,6.0,9.0,6.0,4,45,50,0,20,0,3,0,0.0,0.0,,It carries food all day long. There are tales aboutlost people who were saved by the food it had.,Delibird
s_8fe19106,2.0,,115,6.0,9.0,6.0,4,45,50,0,20,0,3,0,0.0,0.0,,It has a generous habit of sharing its food withpeople and Pokémon so its always scroungingaround for more food.,Delibird
s_69514c16,5.0,,324,10.0,4.0,,4,45,50,0,40,0,1,0,0.0,0.0,173.0,Larvestas body is warm all over. It spouts firefrom the tips of its horns to intimidate predatorsand scare prey.,Larvesta
s_69514c16,5.0,,324,10.0,4.0,,4,45,50,0,40,0,1,0,0.0,0.0,173.0,The people of ancient times believed thatLarvesta fell from the sun.,Larvesta
s_3109a63c,6.0,,368,2.0,7.0,,-1,45,0,0,120,0,1,1,0.0,0.0,,Legends say it can share eternal life.It slept for a thousand years in the formof a tree before its revival.,Xerneas
s_a6e63710,7.0,rec-803-dup-0,424,7.0,,,-1,45,0,0,120,0,1,0,0.0,1.0,,One kind of Ultra Beast it fires a glowingvenomous liquid from its needles. This liquidis also immensely adhesive.,Naganadel
s_4d1d0120,8.0,,440,10.0,,,4,255,50,0,20,0,3,0,1.0,1.0,,This gluttonous Pokémon only assists people withtheir work because it wants treats. As it runsit crackles with electricity.,Yamper
s_4d1d0120,8.0,,440,10.0,,,4,255,50,0,20,0,3,0,1.0,1.0,,This Pokémon is very popular as a herding dogin the Galar region. As it runs it generateselectricity from the base of its tail.,Yamper
s_f792ca06,1.0,id-11,4,10.0,13.0,3.0,4,45,50,0,15,1,2,0,0.0,0.0,,In battle it flaps its wings at great speed torelease highly toxic dust into the air.,Butterfree
s_f792ca06,1.0,id-11,4,10.0,13.0,3.0,4,45,50,0,15,1,2,0,0.0,0.0,,It collects honey every day. It rubs honey ontothe hairs on its legs to carry it back to its nest.,Butterfree
s_6696cb72,7.0,,404,10.0,10.0,,4,45,50,0,20,0,2,0,0.0,1.0,,It wears a rag fashioned into a Pikachu costumein an effort to look less scary. Unfortunatelythe costume only makes it creepier.,Mimikyu
s_6696cb72,7.0,,404,10.0,10.0,,4,45,50,0,20,0,2,0,0.0,1.0,,There was a scientist who peeked underMimikyus old rag in the name of research.The scientist died of a mysterious disease.,Mimikyu
s_c43c88f9,4.0,id-396,206,6.0,13.0,,4,120,70,0,15,1,4,0,0.0,0.0,27.0,It lives in forests and fields. Squabbles overterritory occur when flocks collide.,Staravia
s_acea4ba4,3.0,,175,8.0,14.0,6.0,-1,255,50,0,20,0,2,0,0.0,1.0,,It moves while spinning around on its single foot.Some Baltoy have been seen spinning ontheir heads.,Baltoy
s_acea4ba4,3.0,,175,8.0,14.0,6.0,-1,255,50,0,20,0,2,0,0.0,1.0,,It was discovered in ancient ruins. While movingit constantly spins. It stands on one foot evenwhen asleep.,Baltoy
s_1bc154d0,4.0,,116,2.0,13.0,,4,25,50,1,25,0,1,0,1.0,0.0,,It swims along with a school of Remoraid andtheyll all fight together to repel attackers.,Mantyke
s_1bc154d0,4.0,,116,2.0,13.0,,4,25,50,1,25,0,1,0,1.0,0.0,,Mantyke living in Galar seem to be somewhatsluggish. The colder waters of the seas in thisregion may be the cause.,Mantyke
s_e691a314,2.0,rec-204-dup-1,102,8.0,1.0,2.0,4,75,70,0,20,0,2,0,1.0,0.0,57.0,It remains immovably rooted to its tree. It scatterspieces of its hard shell to drive its enemies away.,Forretress
s_1abebf33,3.0,id-294,145,1.0,12.0,1.0,4,45,50,0,20,0,4,0,0.0,0.0,,This Pokémon can do more than just shout. Tocommunicate with others of its kind itll emit allsorts of sounds from the holes in its body.,Exploud
s_1abebf33,3.0,id-294,145,1.0,12.0,1.0,4,45,50,0,20,0,4,0,0.0,0.0,,In the past people would use the loud voices ofthese Pokémon as a means of communicationbetween distant cities.,Exploud
s_562e608d,5.0,id-572,292,4.0,8.0,,6,60,50,0,15,0,3,0,1.0,1.0,97.0,Its body secretes oil that this Pokémon spreadsover its nest as a coating to protect it from dust.Cinccino wont tolerate even a speck of the stuff.,Cinccino
s_562e608d,5.0,id-572,292,4.0,8.0,,6,60,50,0,15,0,3,0,1.0,1.0,97.0,A special oil that seeps through their fur helpsthem avoid attacks. The oil fetches a high priceat market.,Cinccino
s_763c3dbe,2.0,,122,8.0,6.0,3.0,8,45,50,0,20,0,1,0,1.0,0.0,,Miltank produces highly nutritious milk so itsbeen supporting the lives of people and otherPokémon since ancient times.,Miltank
s_763c3dbe,2.0,,122,8.0,6.0,3.0,8,45,50,0,20,0,1,0,1.0,0.0,,This Pokémon needs to be milked every dayor else it will fall ill. The flavor of Miltank milkchanges with the seasons.,Miltank
s_3601b633,2.0,,79,2.0,8.0,3.0,1,45,70,0,20,0,4,0,,0.0,,It loves to baskin the sunlight.It uses the leafon its head toseek out warmplaces.,Chikorita
s_6d7a9d9e,7.0,id-742,382,,9.0,,4,75,50,0,20,0,2,0,0.0,0.0,,Ribombee absolutely hate getting wet orrained on. In the cloudy Galar regionthey are very seldom seen.,Ribombee
s_6d7a9d9e,7.0,id-742,382,,9.0,,4,75,50,0,20,0,2,0,0.0,0.0,,It makes pollen puffs from pollen and nectar.The puffs effects depend on the type ofingredients and how much of each one is used.,Ribombee
s_7ca92042,8.0,rec-835-dup-0,440,9.0,,,4,45,50,0,20,0,3,0,0.0,1.0,,This Pokémon generates electricity and channelsit into its legs to keep them going strong.Boltund can run nonstop for three full days.,Boltund
s_7ca92042,8.0,rec-835-dup-0,440,9.0,,,4,45,50,0,20,0,3,0,0.0,1.0,,It sends electricity through its legs to boost theirstrength. Running at top speed it easily breaks50 mph.,Boltund
s_0cd6f6ca,5.0,id-396,206,3.0,13.0,,4,120,70,0,15,1,4,0,1.0,0.0,27.0,It lives in forests and fields. Squabbles overterritory occur when flocks collide.,Staravia
s_f402cfa6,1.0,id-120,56,7.0,5.0,,-1,60,50,0,20,0,1,0,1.0,0.0,,Starmie swims by spinning its body at high speed.As this Pokémon cruises through the ocean itabsorbs tiny plankton.,Starmie
s_f402cfa6,1.0,id-120,56,7.0,5.0,,-1,60,50,0,20,0,1,0,1.0,0.0,,This Pokémon has an organ known as its core.The organ glows in seven colors when Starmie isunleashing its potent psychic powers.,Starmie
s_732111be,2.0,,98,1.0,1.0,4.0,4,45,35,0,25,0,3,0,0.0,0.0,183.0,A Pokémon that startles people inthe middle of the night. It gathersfear as its energy.,Misdreavus
s_a3a5e994,4.0,,250,2.0,6.0,,-1,3,70,0,10,0,1,0,1.0,1.0,,It starts its life with a wondrous powerthat permits it to bond with any kindof Pokémon.,Manaphy
s_db134583,2.0,,47,7.0,6.0,5.0,0,75,50,1,25,0,2,0,0.0,0.0,,It is always bursting with energy. To make itselfstronger it keeps on fighting even if it loses.,Tyrogue
s_db134583,2.0,,47,7.0,6.0,5.0,0,75,50,1,25,0,2,0,0.0,0.0,,Even though it is small it cant be ignored becauseit will slug any handy target without warning.,Tyrogue
