artist_credit,name,artist_count,ref_count,created
ac0,John Pizzzrelli,1,997,20110516 16321196392900
ac1,One Night Stand,1,32,20110516 16321196392900
ac2,Rust College Quartet,1,14,20120417 14435575027600
ac3,The Flirts,1,788,20110516 16321196392900
ac4,Andrew Powejl,1,375,20110516 16321196392900
ac5,Andr4w Powell,1,375,20110516 16321196392900
ac6,Swings,1,140,20191101 22503160718900
ac7,Pittsburgh Sympbony Orchestra Lorin Maazel,2,77,20120801 10001289775700
ac8,Franz Schvbert,1,44695,20110516 16321196392900
ac9,traditional,1,12181,20110516 16321196392900
ac10,AmyrS,1,4,20130504 20171340146600
ac11,Distance,1,544,20110516 16321196392900
ac12,clojd,1,53,20110516 16321196392900
ac13,菅野よう子,1,3958,20110516 16321196392900
ac14,The CRS Player5,1,648,20120129 22182934110900
ac15,Luigi Cheruhini,1,1189,20110516 16321196392900
ac16,Carlas,1,32,20110516 16321196392900
ac17,Hummingbird,1,82,20110516 16321196392900
ac18,Gene Krupa and His Orchestra,1,1585,20110516 16321196392900
ac19,John Coltrane  Don Cherry,2,100,20110613 23000846054200
ac20,Agnes Baltsa Academy of St Martin in the Fields Neville Marriner,3,1,20200922 10214243494800
ac21,Clive Cussler,1,4499,20110516 16321196392900
ac22,Unlo9istic,1,197,20110516 16321196392900
ac23,Unlogistkc,1,197,20110516 16321196392900
ac24,Andy Williarns,1,8582,20110516 16321196392900
ac25,Andy Williajs,1,8582,20110516 16321196392900
ac26,Ars Nova,1,14,20110516 16321196392900
ac27,Simeon ten Holt Polo de Haas Kees Wiennga Ellen Dijkhuizen Fred Oldenburg,5,2,20180712 0654433946800
ac28,Toomas Anno,1,1105,20110516 16321196392900
ac29,Faraquet,1,116,20110516 16321196392900
ac30,Treefight for Sunlight,1,117,20110516 16321196392900
ac31,Black Tape for a Blue Girl,1,1665,20110516 16321196392900
ac32,Van Col<e Kartel,1,142,20110516 16321196392900
ac33,Van C0ke Kartel,1,142,20110516 16321196392900
ac34,Jim Reeves,1,17293,20110516 16321196392900
ac35,Vomitous,1,45,20110516 16321196392900
ac36,Son Kite,1,311,20110516 16321196392900
ac37,Randy Wachtler  Billy Kidd,2,8,20111108 21060650982800
ac38,Claudinho  Buchedha,1,300,20110516 16321196392900
ac39,Tetine,1,92,20110516 16321196392900
ac40,King Adora,1,149,20110516 16321196392900
ac41,David Shirw,1,1293,20110516 16321196392900
ac42,Marco Antonio Solí5,1,908,20110516 16321196392900
ac43,Gaetano Donizetti Joan Sutherland Samuel Ramey Susanne Mentzer Jerry Hadley Bernadette Manca di Nissa Orchestra and Chorus of the Welsh National Opera Richard Bonynge,9,3,20170721 08002586657400
ac44,若原一郎,1,21,20110516 16321196392900
ac45,Junup,1,366,20110516 16321196392900
ac46,Antonin0,1,132,20110516 16321196392900
ac47,JAM Proiect,1,2942,20110516 16321196392900
ac48,Mark OConnor,1,960,20130309 21002857304300
ac49,DJ Feelgood,1,18,20110516 16321196392900
ac50,Kelly Sweet,1,149,20110516 16321196392900
ac51,Roudoudou,1,221,20110516 16321196392900
ac52,Arsenik,1,32,20110516 16321196392900
ac53,Tapes,1,129,20110516 16321196392900
ac54,Bujlet Treatment,1,277,20110516 16321196392900
ac55,Hot Chip,1,2417,20110516 16321196392900
ac56,The Spaniels,1,804,20110516 16321196392900
ac57,The Smallgoods,1,79,20110516 16321196392900
ac58,Emilia,1,452,20150701 14163977675600
ac59,Corvus Corax,1,1849,20110516 16321196392900
ac60,Jet,1,1419,20110516 16321196392900
ac61,Sharon Lois  Bram,1,1141,20110516 16321196392900
ac62,Johann Bley,1,109,20110516 16321196392900
ac63,Marcia Hines,1,1238,20110516 16321196392900
ac64,The CRS Playwrs,1,648,20120129 22182934110900
ac65,Stendal Blast,1,253,20110516 16321196392900
ac66,Grateful Dead,1,55444,20110516 16321196392900
ac67,Reda Caire,1,60,20190526 08424134967600
ac68,Sakamoto Chlka,1,1,20120610 12593805026300
ac69,Phil Ranelin,1,309,20110516 16321196392900
ac70,Needle,1,36,20110516 16321196392900
ac71,xDisciplex AD,1,200,20110516 16321196392900
ac72,Jenny Wilson,1,267,20110516 16321196392900
ac73,The Revelairs,1,18,20110516 16321196392900
ac74,Karel Svoboda,1,530,20110516 16321196392900
ac75,Tje Stupids,1,627,20110516 16321196392900
ac76,John Valby,1,1395,20110516 16321196392900
ac77,Captain  Tenbille,1,1174,20110516 16321196392900
ac78,Captain  Tennill4,1,1174,20110516 16321196392900
ac79,Reparara  The Delrons,1,212,20110516 16321196392900
ac80,Kreld feat Jófríður,2,4,20200314 2158352548900
ac81,Sister Nancy,1,151,20110516 16321196392900
ac82,Underground Kingz,1,235,20110516 16321196392900
ac83,Gefilte Fist,1,658,20120109 00141402647600
ac84,Dominic Glynn,1,1321,20110516 16321196392900
ac85,Alexandra Kelly,1,24,20110516 16321196392900
ac86,Bernard Herrmann,1,8719,20110516 16321196392900
ac87,Asking Abby,1,50,20110516 16321196392900
ac88,Frauke Nshrgang,1,1173,20110516 16321196392900
ac89,Duote2ue,1,128,20110516 16321196392900
ac90,Persiana Jones,1,364,20110516 16321196392900
ac91,Bob Evans,1,421,20110516 16321196392900
ac92,The P3rceptionists,1,203,20110516 16321196392900
ac93,Épixtète,1,114,20110516 16321196392900
ac94,Relevant Few,1,104,20110516 16321196392900
ac95,Ivan L:ns,1,1634,20110516 16321196392900
ac96,Pusbkar,1,143,20110516 16321196392900
ac97,Jason G5ay,1,274,20110516 16321196392900
ac98,A Hero Nam4d Hope,1,16,20121018 13551175032900
ac99,Piero Piccioni,1,2880,20110516 16321196392900
ac100,Die Totej Hosen,1,8154,20110516 16321196392900
ac101,John Fred  His Plavboy Band,1,871,20110516 16321196392900
ac102,Marianne  Michael,1,398,20110516 16321196392900
ac103,DRMIS SOUNDSYSTEM,1,50,20220517 2212171253800
ac104,Ob0roh,1,94,20110516 16321196392900
ac105,Obor0h,1,94,20110516 16321196392900
ac106,Sean Hvghes,1,88,20110516 16321196392900
ac107,Tad Williams gelesen von Andreas Fröhlich,2,3078,20170516 10120059067200
ac108,Shandon,1,574,20110516 16321196392900
ac109,BeeBee,1,46,20110516 16321196392900
ac110,Porn Kings vs DJ Svpreme,2,79,20110516 16321196392900
ac111,Joe Walsh,1,1638,20110516 16321196392900
ac112,Admiral D,1,28,20110516 16321196392900
ac113,Hatebreed,1,1053,20110516 16321196392900
ac114,Justeeri,1,51,20110516 16321196392900
ac115,Leslie Howard,1,1492,20110516 16321196392900
ac116,The Gzturs,1,89,20110516 16321196392900
ac117,The Gatvrs,1,89,20110516 16321196392900
ac118,Christian Flor,1,21,20180510 12515523116200
ac119,Taha Khalecl Faudel,3,31,20110516 16321196392900
ac120,Samson François,1,792,20110516 16321196392900
ac121,James Joseph Kalamasz,1,691,20110516 16321196392900
ac122,LAST ALLIANCE,1,432,20110516 16321196392900
ac123,Ÿums,1,72,20220130 11533938268400
ac124,Joe Jackson,1,4647,20110516 16321196392900
ac125,Halia Meguid,1,24,20130909 09431702446800
ac126,Asheritide,1,10,20130302 00181012596800
ac127,Wolf Ran Heart,1,22,20130307 1633309380900
ac128,Maris Muldaur,1,1546,20110516 16321196392900
ac129,Aerosmith,1,14045,20110516 16321196392900
ac130,AZ,1,1014,20110516 16321196392900
ac131,Aphrodesia,1,112,20110516 16321196392900
ac132,Johbny Cash,1,37645,20110516 16321196392900
ac133,Patrick Sébastien,1,1035,20110516 16321196392900
ac134,Jody Watley,1,887,20110516 16321196392900
ac135,Salif Keita,1,900,20110516 16321196392900
ac136,Schnuckenack Reinhardt Quintett,1,438,20110516 16321196392900
ac137,Goldie Lookin Chain,1,711,20110516 16321196392900
ac138,The Year Of,1,24,20110516 16321196392900
ac139,Clam Chowder,1,260,20110516 16321196392900
ac140,Basil Poledouris  Hans Zimmer,2,47,20130118 11404792862900
ac141,Various Artists,1,454651,20110516 16321196392900
ac142,Sally Batker,1,240,20110516 16321196392900
ac143,Vanessa Daou,1,477,20110516 16321196392900
ac144,Klaus Harmony,1,280,20110516 16321196392900
ac145,Liane Foly,1,589,20110516 16321196392900
ac146,Glen Campbell,1,7565,20110516 16321196392900
ac147,Sall7 Barker,1,240,20110516 16321196392900
ac148,Linda Lewis,1,739,20110516 16321196392900
ac149,Sertab Erener  Voice Male,2,2,20120506 12001478121700
ac150,Alain Caron JeanMarie Ecay Didier Lockvvood,3,32,20110516 16321196392900
ac151,Norah Jones,1,5329,20110516 16321196392900
ac152,Crawling Chao5,1,69,20110516 16321196392900
ac153,Katherines Favorites,1,27,20110516 16321196392900
ac154,Savage,1,13,20110516 16321196392900
ac155,Lennie Dale  O Sambalanco Trio,2,1,20150527 04032019841100
ac156,324,1,171,20110516 16321196392900
ac157,Senmuth,1,5130,20110516 16321196392900
ac158,Michał Bajor,1,714,20110516 16321196392900
ac159,Sergej Auto,1,127,20110516 16321196392900
ac160,Little Richard,1,12100,20110516 16321196392900
ac161,Django Reinhardt,1,19589,20110516 16321196392900
ac162,Danças Ocultas,1,152,20110516 16321196392900
ac163,Morning Haze,1,80,20200131 17314264194700
ac164,CV Jørgensrn,1,755,20110516 16321196392900
ac165,Χρόνης Αηδονίδης,1,205,20110516 16321196392900
ac166,STARFIRE,1,66,20150606 23584041110100
ac167,Cha0sOrder,1,40,20110516 16321196392900
ac168,ChaosO5der,1,40,20110516 16321196392900
ac169,Bad Ha9gis,1,93,20110516 16321196392900
ac170,El Noi Del Sucre,1,136,20141219 01204850729500
ac171,Michikp Ogawa Trio,1,30,20130310 07591482821400
ac172,Château Flight,1,285,20110516 16321196392900
ac173,Charlie Clouser,1,1209,20110516 16321196392900
ac174,Angelica May Česká filharmonie Václav Neumann,3,5,20171125 16011510528100
ac175,dead prez,1,897,20110516 16321196392900
ac176,Guem,1,571,20110516 16321196392900
ac177,Ganaian,1,24,20110516 16321196392900
ac178,Deformatorv,1,70,20140113 1317004533500
ac179,Lola Lago Detec6ive,1,48,20110516 16321196392900
ac180,Raul de Souza,1,163,20110516 16321196392900
ac181,Keith Porteous,1,170,20210816 01150118638100
ac182,Simon Stewart,1,1210,20110516 16321196392900
ac183,Quadra,1,161,20110516 16321196392900
ac184,Laurent Garnier,1,1801,20110516 16321196392900
ac185,Ligita KursišaPataša,1,70,20130604 20451432332800
ac186,Dark at Dawn,1,219,20110516 16321196392900
ac187,manmachineindustry,1,134,20110516 16321196392900
ac188,Emdi VAYAN  Bareen Gates feat Joseph Feinstein,4,4,20210522 1141595124400
ac189,Cris Cab,1,199,20121120 12260050900
ac190,Qvadra,1,161,20110516 16321196392900
ac191,The Four Fresbmen,1,1520,20110516 16321196392900
ac192,Clam Chovvder,1,260,20110516 16321196392900
ac193,The Bluerunners,1,146,20110516 16321196392900
ac194,Lazzi,1,33,20110516 16321196392900
ac195,Deadliner,1,480,20110516 16321196392900
ac196,Sevendust,1,1453,20110516 16321196392900
ac197,Zachary Allen,1,26,20110516 16321196392900
ac198,Maria Caolas,1,4887,20110516 16321196392900
ac199,Liberty Christian Church,1,26,20110516 16321196392900
ac200,Stockholms Negrer,1,128,20110516 16321196392900
ac201,Freddie Jackson,1,1076,20110516 16321196392900
ac202,Della Bosiers,1,32,20110516 16321196392900
ac203,Smokey Robinson  The Miracles,1,3156,20110516 16321196392900
ac204,Hecenoa,1,29,20110516 16321196392900
ac205,Slapshot,1,465,20110516 16321196392900
ac206,Vince Gabriel,1,480,20110516 16321196392900
ac207,Philippe Pascale,1,46,20120420 08430353844700
ac208,Fl8ke,1,884,20110516 16321196392900
ac209,Flike,1,884,20110516 16321196392900
ac210,Raison Varner,1,144,20110516 16321196392900
ac211,Systeiii F,1,1446,20110516 16321196392900
ac212,Annihilator,1,2877,20110516 16321196392900
ac213,Farside,1,182,20110516 16321196392900
ac214,Tripod,1,562,20110516 16321196392900
ac215,Gossos,1,462,20110516 16321196392900
ac216,Complys,1,22,20110516 16321196392900
ac217,青野武,1,10,20170225 06560282273200
ac218,Los Fabulosos Cadillacs,1,1880,20110516 16321196392900
ac219,Johann Sebastian Bach Lq magnifica comunità,2,2,20171219 13002350642200
ac220,Bryan Adams,1,6995,20110516 16321196392900
ac221,Vermin,1,61,20110516 16321196392900
ac222,Supabond,1,50,20110516 16321196392900
ac223,Jerry Goldsmith,1,22843,20110516 16321196392900
ac224,Hywel Maggs  Justin Myers,2,474,20110516 16321196392900
ac225,Emdi VAYAN  Barren Gate5 feat Joseph Feinstein,4,4,20210522 1141595124400
ac226,TUPPERWAVE,1,687,20190403 12034449006100
ac227,AQUAPLUS,1,788,20111225 23280035121300
ac228,Dollar,1,1291,20110516 16321196392900
ac229,E1vis Costello,1,5802,20110516 16321196392900
ac230,Echo Orbiter,1,40,20110516 16321196392900
ac231,Nacho Rodrígiez,1,62,20130211 01003290550800
ac232,Nacho Rodrí9uez,1,62,20130211 01003290550800
ac233,WuSyndicate,1,82,20190222 180442955700
ac234,Kate MavLeod,1,86,20110516 16321196392900
ac235,Stevej Halpern,1,3433,20110516 16321196392900
ac236,The Shamen,1,2778,20110516 16321196392900
ac237,Susumu Yokota,1,1005,20110516 16321196392900
ac238,Carouge,1,30,20110516 16321196392900
ac239,Kutlesd,1,624,20110516 16321196392900
ac240,Deep Dish,1,962,20110516 16321196392900
ac241,Bwrnd Kohlhepp  Jürgen Treyz,2,124,20130706 21561355970600
ac242,San Cisco,1,397,20120113 13174596177800
ac243,Michale Geaves,1,610,20110516 16321196392900
ac244,伊藤真澄,1,880,20220908 21010819619700
ac245,Conrad Schnitzler,1,1983,20110516 16321196392900
ac246,Sin Eatet,1,2,20210819 16423294976600
ac247,Sin Eate4,1,2,20210819 16423294976600
ac248,Stephen Janetzko  Celine Berton,2,4,20140129 20023385848900
ac249,NǽnøĉÿbbŒrğ VbëřřĦōlökäävsŦ,1,272,20110516 16321196392900
ac250,High Tone Son of a Bitch,1,92,20190902 17474942925300
ac251,Marlango,1,368,20110516 16321196392900
ac252,Azking Abby,1,50,20110516 16321196392900
ac253,Twilight Creeps,1,78,20170715 23075314791200
ac254,Loircord,1,22,20110516 16321196392900
ac255,Tim Janis,1,795,20110516 16321196392900
ac256,Go West,1,1562,20110516 16321196392900
ac257,J0hnny Griffin,1,931,20110516 16321196392900
ac258,A Flock of Seagulls,1,2530,20110516 16321196392900
ac259,Chris Bscon,1,352,20110516 16321196392900
ac260,Johanson  Vennad,1,63,20110516 16321196392900
ac261,Deepsicle,1,58,20110516 16321196392900
ac262,Deepsire,1,58,20110516 16321196392900
ac263,Beat Happening,1,906,20110516 16321196392900
ac264,Steven Wray Lobdell,1,30,20110516 16321196392900
ac265,Sidney Bechet,1,5373,20110516 16321196392900
ac266,Päiui Paunu,1,243,20110516 16321196392900
ac267,David Wise,1,1963,20110516 16321196392900
ac268,Back tl Earth,1,595,20110516 16321196392900
ac269,Thieves Like Us,1,292,20110516 16321196392900
ac270,Malignant Tuiiiour,1,674,20110516 16321196392900
ac271,Willi Weitzel,1,72,20110516 16321196392900
ac272,Kre1d feat Jófríður,2,4,20200314 2158352548900
ac273,Dopapod,1,213,20131204 16470253762600
ac274,George Wallington Quintet With Donald Byrd  Jackie McLean,3,50,20210222 05044325363700
ac275,Sonna Rele,1,21,20110516 16321196392900
ac276,Martin Straka,1,90,20120816 02130217011500
ac277,Teoman,1,668,20110516 16321196392900
ac278,周杰倫,1,2271,20110516 16321196392900
ac279,Gisèl3 Favre,1,26,20121026 19533736898900
ac280,Los Dos y Compañeros,1,131,20110516 16321196392900
ac281,Jan Eggum,1,725,20110516 16321196392900
ac282,Jun8p,1,366,20110516 16321196392900
ac283,Joseph Haydn,1,50195,20110516 16321196392900
ac284,Vijay Prakash Tippu Priya Subramanl Solar Sai Emcee Jesz  Srik,6,3,20130128 1606106555200
ac285,WHYDOLL,1,216,20140210 00342793514500
ac286,Lag,1,64,20141112 04032795954100
ac287,David Newman,1,2807,20110516 16321196392900
ac288,Κώστας Τουρνάς,1,415,20110516 16321196392900
ac289,Anberlin,1,1301,20110516 16321196392900
ac290,Taha Khaled Favdel,3,31,20110516 16321196392900
ac291,Paddy Noonan and His Grand Band,1,124,20110516 16321196392900
ac292,Riccardo Cocciante,1,2422,20110516 16321196392900
ac293,Sin Eater,1,2,20210819 16423294976600
ac294,Rainer,1,280,20110516 16321196392900
ac295,Råd Kjetil and The Loving Eye of God,1,38,20110516 16321196392900
ac296,Skids,1,802,20111118 11291156028900
ac297,Stanlev Clarke feat Larry Carlton Billy Cobham Deron Johnson  Najee,5,3,20121210 20154426208300
ac298,Young Mozart,1,228,20110516 16321196392900
ac299,迪克牛仔,1,428,20110516 16321196392900
ac300,Rosannas Raiders,1,96,20110516 16321196392900
ac301,Tears of Martyr,1,51,20110725 12181496300100
ac302,The Bakers,1,26,20110516 16321196392900
ac303,Marian Anderson,1,371,20110516 16321196392900
ac304,Le Rok,1,61,20110516 16321196392900
ac305,Wo1fe Tones,1,1397,20110516 16321196392900
ac306,Megacleth,1,7918,20110516 16321196392900
ac307,Megsdeth,1,7918,20110516 16321196392900
ac308,PsyAuiah,1,634,20160530 1600386340700
ac309,Fred LonbergHolm,1,79,20110516 16321196392900
ac310,The Ascet:c Junkies,1,64,20110705 2043356858700
ac311,The Sp0tnicks,1,2525,20110516 16321196392900
ac312,JeanPhilippe Rameau,1,5730,20110516 16321196392900
ac313,Black Ox Orkestar,1,64,20110516 16321196392900
ac314,Michiko Ogawa Trio,1,30,20130310 07591482821400
ac315,Taoisma,1,58,20110516 16321196392900
ac316,Creedence Clearvvater Revival,1,9791,20110516 16321196392900
ac317,Russell Wplff,1,68,20110516 16321196392900
ac318,Les Reines Prochaines,1,278,20110516 16321196392900
ac319,Marisela,1,411,20110516 16321196392900
ac320,Annie MG Schmidt,1,1494,20110516 16321196392900
ac321,Bazar,1,12,20110516 16321196392900
ac322,Al Jolson,1,2268,20110516 16321196392900
ac323,Sex Love  Money,1,16,20110516 16321196392900
ac324,Steve Jablonsky,1,3379,20110516 16321196392900
ac325,Tõnis Mägi ja EREO Rostis|av Merkulovi juh,3,1,20120424 07554052633100
ac326,Simon Benson  Michael Tauben,2,746,20110516 16321196392900
ac327,Marina Albero,1,54,20110516 16321196392900
ac328,Ee,1,261,20110516 16321196392900
ac329,The Mighty D'lamonds,1,1662,20110516 16321196392900
ac330,Julian Sandell  Guy McAffer,2,10,20111102 16181713030200
ac331,Monster Mike Welsh,1,6,20160412 21001317397400
ac332,Ange1a Wiedl,1,395,20110516 16321196392900
ac333,Эдита Пьеха,1,261,20110516 16321196392900
ac334,Društvo mrtvih pesnikov,1,208,20110516 16321196392900
ac335,神前暁,1,3868,20110516 16321196392900
ac336,Michelle Wilson,1,18,20110516 16321196392900
ac337,Kreidler,1,503,20110516 16321196392900
ac338,User,1,194,20110516 16321196392900
ac339,Timbalada,1,501,20110516 16321196392900
ac340,FreiWiod,1,2631,20110516 16321196392900
ac341,Nükhet Duru  Surp Vartanants Korosu,2,14,20110516 16321196392900
ac342,Clocm DVA,1,1457,20110516 16321196392900
ac343,Ross Harcly,1,1054,20110516 16321196392900
ac344,The Whigs,1,372,20110516 16321196392900
ac345,Suffocatiob,1,715,20110516 16321196392900
ac346,Frank Chacksfield  His Orchestra,1,1127,20110516 16321196392900
ac347,Gioachino Rossini Thomas Allen Agnes Baltsa Francisco Araiza Robert Lloyd Academy of St Martin in the Fields Nevi1le Marriner,7,2,20171216 17311586096300
ac348,zoe bat,1,107,20220908 17224312469400
ac349,Slusnik Lvna,1,212,20110516 16321196392900
ac350,Burd Early,1,68,20110516 16321196392900
ac351,Kaoslogr,1,46,20110516 16321196392900
ac352,Smadj,1,136,20110516 16321196392900
ac353,Ferry Corsten,1,2393,20110516 16321196392900
ac354,Jil Cap|an,1,367,20110516 16321196392900
ac355,Hany Shaker,1,76,20110516 16321196392900
ac356,Agathoclrs,1,13777,20110516 16321196392900
ac357,Unitv One,1,128,20120130 14383998202100
ac358,Áine Minogue,1,378,20110516 16321196392900
ac359,Don Moen,1,1073,20110516 16321196392900
ac360,Pete L0ckett,1,444,20110516 16321196392900
ac361,Partia,1,111,20110516 16321196392900
ac362,Dropping Daylight,1,50,20110516 16321196392900
ac363,Ayn Rancl,1,2011,20110516 16321196392900
ac364,Phiiliip,1,72,20110516 16321196392900
ac365,WHYDOLL,1,216,20140210 00342793514500
ac366,Domenico Scarlstti Scott Ross,2,8,20140626 11001420314800
ac367,Reyli,1,153,20110516 16321196392900
ac368,The Emergency,1,167,20110516 16321196392900
ac369,Nathan Barr,1,980,20110516 16321196392900
ac370,Frank Tatla,1,482,20110516 16321196392900
ac371,Último Gobierno,1,62,20110516 16321196392900
ac372,Jeweo Timo,1,324,20110516 16321196392900
ac373,The Feelers,1,340,20110516 16321196392900
ac374,UNITE,1,34,20110516 16321196392900
ac375,Pure Obsessions  Red Nights,1,129,20210420 18184473714200
ac376,YURiKA,1,220,20170217 1851121192200
ac377,Tommy Steele,1,653,20110516 16321196392900
ac378,Rocky Votolato,1,542,20110516 16321196392900
ac379,Vision D8vine,1,479,20110516 16321196392900
ac380,Junior Murvin,1,600,20110516 16321196392900
ac381,Richard Strauss Jean Sibeljus Birgit Nilsson Janos Solyom,4,2,20130304 19475086652700
ac382,Sam Taui,1,280,20110522 04484903745400
ac383,Johann Sebastian Bach Harnoncourt Leonhardt,3,8,20151027 17122137406100
ac384,The Vawelines,1,417,20110516 16321196392900
ac385,GoGoGo Airheart,1,230,20110516 16321196392900
ac386,Lil Wayne feat Mannie Fresh,2,19,20120410 23001059796400
ac387,Johnny Cosy,1,42,20110516 16321196392900
ac388,Kutless,1,624,20110516 16321196392900
ac389,Rename,1,608,20110516 16321196392900
ac390,Anima Vieus,1,30,20110516 16321196392900
ac391,Carlos Di Sarli,1,1070,20110516 16321196392900
ac392,Mecanic Gro9ve,1,10,20110516 16321196392900
ac393,Within Temptation,1,3571,20110516 16321196392900
ac394,William Kraft  National Philharmonic Orchestra,2,46,20200311 17491052374600
ac395,Da Yoopers,1,531,20110516 16321196392900
ac396,Hot Buttered Rum String Band,1,101,20110516 16321196392900
ac397,Hélène Bleskine et André Dusso|lier,2,88,20110516 16321196392900
ac398,Duoteque,1,128,20110516 16321196392900
ac399,Ivan Lins,1,1634,20110516 16321196392900
ac400,Blueprintmusic,1,85,20110516 16321196392900
ac401,Fear My Thoughys,1,344,20110516 16321196392900
ac402,Elvis Presley,1,75888,20110516 16321196392900
ac403,Téada,1,165,20110516 16321196392900
ac404,Pigor  Eichhorn,1,352,20110516 16321196392900
ac405,Aleem,1,68,20110516 16321196392900
ac406,Brin5ley Schwarz,1,736,20110516 16321196392900
ac407,KSU,1,809,20110516 16321196392900
ac408,Herman Chittison,1,157,20110516 16321196392900
ac409,Drakeo the Ruler,1,254,20200303 10045180123800
ac410,Koomutri,1,94,20110516 16321196392900
ac411,Casper Caan,1,2,20220909 10483773635600
ac412,Steve Tilston,1,446,20110516 16321196392900
ac413,Johan Ttonestam,1,436,20171129 15143098784600
ac414,Joban Tronestam,1,436,20171129 15143098784600
ac415,The Department of Drama of The Catholic University of America,1,20,20110516 16321196392900
ac416,Grieg Tchaikovsky Orpheus Chamber Orchestra,3,4,20170109 23384412690300
ac417,Kommando Sonnenmilch,1,257,20110516 16321196392900
ac418,モーニング娘,1,5372,20110516 16321196392900
ac419,Shh This Is a Library,1,68,20110516 16321196392900
ac420,Manhattan Strings,1,69,20110516 16321196392900
ac421,The Duke Ellington Trio,1,26,20110516 16321196392900
ac422,Syd Matters,1,553,20110516 16321196392900
ac423,Richie Hawtin,1,516,20110516 16321196392900
ac424,Emile Barnes,1,30,20121020 22065551063900
ac425,Vikingarna,1,2469,20110516 16321196392900
ac426,TimeLapse Cobsortium,1,22,20110516 16321196392900
ac427,Leger des Heils,1,294,20110516 16321196392900
ac428,Jukka Takalo,1,319,20110516 16321196392900
ac429,Iriepsy,1,141,20110516 16321196392900
ac430,Eumir Deodato,1,1077,20110516 16321196392900
ac431,Laura Andreşan,1,18,20110516 16321196392900
ac432,Filipe Cstto,1,48,20110516 16321196392900
ac433,Brad Yoder,1,118,20110516 16321196392900
ac434,Muslimgauze,1,5639,20110516 16321196392900
ac435,Lionel Marchetti  Olivier Capparos  Yôko Higashi,3,2,20140525 20591740170900
ac436,Joanne Shenandoah with Peter Kater,2,10,20170925 11010318373400
ac437,Ben Somer,1,26,20110516 16321196392900
ac438,John Lee Hooker,1,21539,20110516 16321196392900
ac439,Werwolf 77,1,104,20120326 20115136285100
ac440,A Thousand Societies,1,90,20110516 16321196392900
ac441,Elizabeth Gaver,1,70,20110516 16321196392900
ac442,Jaromír Nohavica,1,3915,20110516 16321196392900
ac443,Erik Satie,1,13576,20110516 16321196392900
ac444,The Speaking Canaries,1,209,20110516 16321196392900
ac445,Drunk Vision,1,26,20130118 13120851464800
ac446,Vulgaires machins,1,123,20110516 16321196392900
ac447,Celso F0nseca,1,213,20110516 16321196392900
ac448,Elephant Man,1,1379,20110516 16321196392900
ac449,Zack Tempest,1,265,20110516 16321196392900
ac450,Novotnik 44,1,22,20210222 2309510812500
ac451,Jimm6 Jim,1,11,20190522 1450508378900
ac452,さユり,1,487,20150822 0227015093700
ac453,Marion Meadows,1,473,20110516 16321196392900
ac454,Cameron Devlin,1,27,20120815 09173342045700
ac455,Al Hirt,1,1861,20110516 16321196392900
ac456,Doc P9well,1,293,20110516 16321196392900
ac457,Junior Br0wn,1,377,20110516 16321196392900
ac458,Amerjcan Noise,1,22,20110909 04260821814900
ac459,Marina and the Diamonds,1,1242,20110930 13182154403200
ac460,Simon Etchelo,1,318,20110516 16321196392900
ac461,Simon Etch3ll,1,318,20110516 16321196392900
ac462,Bebi  Cigala,2,187,20121230 12151035352500
ac463,Djan9o Reinhardt,1,19589,20110516 16321196392900
ac464,MERRY,1,688,20110516 16321196392900
ac465,Slayer,1,7104,20110516 16321196392900
ac466,Clermont  Macleod,1,46,20110516 16321196392900
ac467,Precious Wsx Drippings,1,44,20110516 16321196392900
ac468,Precious Wax Drippihgs,1,44,20110516 16321196392900
ac469,Jeremy Soule  Julian Soule,2,111,20110516 16321196392900
ac470,Mike Oldfield,1,7285,20110516 16321196392900
ac471,Hany Shal<er,1,76,20110516 16321196392900
ac472,Milla Kay,1,85,20110516 16321196392900
ac473,たかな,1,42,20150831 16155197169900
ac474,Bette Midler,1,3281,20110516 16321196392900
ac475,The Elisive,1,14,20110516 16321196392900
ac476,Annie Ross,1,601,20110516 16321196392900
ac477,Anatomi71,1,48,20110516 16321196392900
ac478,36,1,1093,20110516 16321196392900
ac479,Lester Young,1,5325,20110516 16321196392900
ac480,Anthony Robbins,1,3880,20110516 16321196392900
ac481,SEX MACHINEGUNS,1,839,20110516 16321196392900
ac482,The BBC Big Bancl,1,1859,20110516 16321196392900
ac483,Claudinho  Buchecha,1,300,20110516 16321196392900
ac484,つしまみれ,1,568,20110516 16321196392900
ac485,Johnny Cash,1,37645,20110516 16321196392900
ac486,Sakamoto Chika,1,1,20120610 12593805026300
ac487,Saccoman,1,125,20110516 16321196392900
ac488,Lois McMaster Bujold read by Lloyd James,2,5,20200820 15322845806700
ac489,The Crowbaits,1,2,20190830 1258303559200
ac490,Abuso Sonoro,1,46,20110516 16321196392900
ac491,Kate MacLeod,1,86,20110516 16321196392900
ac492,Zappacosta,1,267,20110516 16321196392900
ac493,This Awakening,1,10,20170525 0523555364100
ac494,Domenico Scarlatti Scott Ross,2,8,20140626 11001420314800
ac495,Özdemir Erdiğan,1,916,20110516 16321196392900
ac496,Space Master,1,310,20110516 16321196392900
ac497,Ashentide,1,10,20130302 00181012596800
ac498,Patrick Moraz  Bill Bruford,2,67,20120910 20000863796400
ac499,Maher Shalao Hash Baz,1,1499,20110516 16321196392900
ac500,The Rogue Element,1,112,20110516 16321196392900
ac501,Antonín Dvořák Czech Philharmonic Orchestra Václav Neumann Angelica May,4,2,20120711 09203947851800
ac502,Coma Club,1,22,20110516 16321196392900
ac503,Tammy St John,1,33,20110516 16321196392900
ac504,Janiss Garza,1,24,20110516 16321196392900
ac505,Orhan Gencebay,1,788,20110516 16321196392900
ac506,Cor Bolten,1,1220,20110516 16321196392900
ac507,Te Deum,1,62,20110516 16321196392900
ac508,The Dining Rooms,1,655,20110516 16321196392900
ac509,Johann Kuhnau,1,324,20110516 16321196392900
ac510,Alexander Rudd  Zach Lemmon,2,132,20220909 11004093855900
ac511,Ralf Wengenmayr,1,479,20110516 16321196392900
ac512,The California Aggie Marching Banduh,1,198,20110516 16321196392900
ac513,Chunky Nelson,1,898,20110516 16321196392900
ac514,Philadelphia Slick,1,56,20110516 16321196392900
ac515,Glona Estefan,1,3792,20110516 16321196392900
ac516,The Perception'lsts,1,203,20110516 16321196392900
ac517,Alexander Armstrong Orchestra of the Swan Tom Hammond,3,13,20200314 09040013515800
ac518,Martin and Company,1,274,20190514 03044357538100
ac519,Edvard Grieg Большой симфонический оркестр имени П И Чайковского Геннадий Николаевич Рождественский,3,2,20130423 16111527314300
ac520,Olivier Peters Quartet,1,18,20110516 16321196392900
ac521,Eero Saarinen,1,901,20110516 16321196392900
ac522,Inspiral Carpets,1,1342,20110516 16321196392900
ac523,_ensnare_,1,172,20110516 16321196392900
ac524,Eddy Mitchell,1,4078,20110516 16321196392900
ac525,Nitin Sashney,1,2160,20110516 16321196392900
ac526,Bernhard Brlnk,1,5002,20110516 16321196392900
ac527,Johnny Reimar,1,233,20110516 16321196392900
ac528,Filiciphyta,1,16,20201006 22224520519700
ac529,Malignant Eternal,1,88,20110516 16321196392900
ac530,De Rome0s,1,375,20130210 19580453469800
ac531,Orquestra Mediterrânea,1,31,20120708 01444568943100
ac532,Toquinho e Paulinho da Viola,2,2,20130915 2100254598200
ac533,La Mine de rien,1,159,20120613 11121912403200
ac534,De Rlmeos,1,375,20130210 19580453469800
ac535,Kelly Mar'le,1,860,20110516 16321196392900
ac536,Simon Etchell,1,318,20110516 16321196392900
ac537,Viktors Lapčenoks,1,200,20110516 16321196392900
ac538,Lior Rosner,1,481,20110516 16321196392900
ac539,Simeon ten Holt Polo de Haas Kees Wieringa Ellen Dijkhuizen Fred Oldenburg,5,2,20180712 0654433946800
ac540,Le Tigre,1,605,20110516 16321196392900
ac541,Nirvana,1,36947,20110516 16321196392900
ac542,Firesode,1,480,20110516 16321196392900
ac543,Exumer,1,497,20110516 16321196392900
ac544,Written in Ashes,1,120,20110516 16321196392900
ac545,iScreaiii,1,55,20210701 16482959949200
ac546,Tim Jan'ls,1,795,20110516 16321196392900
ac547,Earth and Fire,1,1217,20110516 16321196392900
ac548,Pete Dunn,1,348,20110516 16321196392900
ac549,Alpha Bkondy,1,1190,20110516 16321196392900
ac550,John Pizzarelli,1,997,20110516 16321196392900
ac551,The Mills Brothers,1,4769,20110516 16321196392900
ac552,Red Byrd The Parley of Instruments Peter Holman,3,8,20181010 2040006267100
ac553,no artust,1,49706,20110516 16321196392900
ac554,George Shearing Quintet,1,329,20111227 15422851897200
ac555,The Similou,1,135,20110516 16321196392900
ac556,BrazIll,1,42,20120111 14450268266700
ac557,Tait,1,195,20110516 16321196392900
ac558,Fluke,1,884,20110516 16321196392900
ac559,Vítězslav Novák,1,227,20110516 16321196392900
ac560,Richard Wagner Dietrich Fischer‐Dieskau Catarina Ligendza Christa Ludwig Plácido Domingo Horst Laubenthal Chor und Orchester der Deutschen Oper Berlin Eugen Jochum,9,3,20170118 22002540018900
ac561,Rumatera feat Cattive Abitudini,2,2,20111220 15572697664400
ac562,Lotto King Karl,1,417,20110516 16321196392900
ac563,Guster,1,1996,20110516 16321196392900
ac564,Hannah,1,348,20110516 16321196392900
ac565,Takahiro Nishi,1,37,20210320 0423005024300
ac566,Lil Wayne,1,3839,20110516 16321196392900
ac567,The Idea of North,1,367,20110516 16321196392900
ac568,Mr Big,1,3589,20110516 16321196392900
ac569,Von Bingen,1,12,20110516 16321196392900
ac570,Attention,1,42,20110516 16321196392900
ac571,My First Dahs on Junk,1,56,20110516 16321196392900
ac572,Jsbl,1,4,20111228 02234256514800
ac573,Quintetto BassoValdambrini,1,116,20190519 14343184834900
ac574,Marilyn Scott,1,424,20110516 16321196392900
ac575,Konrad Beikircher,1,417,20110516 16321196392900
ac576,BTight feat MC Bogy,2,5,20130505 17310110898200
ac577,Freewzy,1,600,20110516 16321196392900
ac578,Key to Arson,1,24,20110516 16321196392900
ac579,Prokofiev Leopold Stokowski AllAmerican Orchestra Basil Rathbone,4,2,20210518 01032139082400
ac580,Attwntion,1,42,20110516 16321196392900
ac581,The BBC Big Band,1,1859,20110516 16321196392900
ac582,Michaej Marra,1,204,20110516 16321196392900
ac583,SNMNMNM,1,149,20110516 16321196392900
ac584,Matthew Sweet,1,2224,20110516 16321196392900
ac585,The Lost  Found,1,20,20110516 16321196392900
ac586,Grownup Kjlljoy,1,18,20220518 08451426588400
ac587,Orchester Heinz Störrle,1,132,20190518 15002512004900
ac588,Die Fan5astischen Vier,1,2609,20110516 16321196392900
ac589,寺嶋民哉,1,850,20110516 16321196392900
ac590,Archers of Loaf,1,868,20110516 16321196392900
ac591,Lemongrass,1,1885,20110516 16321196392900
ac592,Richard Wagner,1,34460,20110516 16321196392900
ac593,Rorschach Test,1,147,20110516 16321196392900
ac594,Necrobes6iality,1,45,20171212 15384843675200
ac595,Die Allwrgie,1,104,20110516 16321196392900
ac596,DJ 2nd Nature  Andee Perry,2,2,20110516 16321196392900
ac597,Weldon Henson,1,48,20110516 16321196392900
ac598,Harry Gump feat Ferdi,2,2,20150528 23213319162900
ac599,Imaginatlon Society,1,123,20150522 17502215020400
ac600,DJ Acucrack,1,310,20110516 16321196392900
ac601,Styie,1,6,20120304 03001305178700
ac602,Stvle,1,6,20120304 03001305178700
ac603,Joe Cuba Sectet,1,632,20110516 16321196392900
ac604,Joe Ciba Sextet,1,632,20110516 16321196392900
ac605,Herbert Pixner Projekt,1,495,20120618 11004068141800
ac606,The Poluce,1,8228,20110516 16321196392900
ac607,Judge Dredd,1,960,20110516 16321196392900
ac608,Khoiba,1,242,20110516 16321196392900
ac609,Marquess,1,529,20110516 16321196392900
ac610,Roberta Miranda,1,762,20110516 16321196392900
ac611,Vendavaj,1,116,20110516 16321196392900
ac612,Wildchilcl,1,438,20110516 16321196392900
ac613,Melanin 9,1,72,20120927 09054832567100
ac614,Saya,1,90,20110516 16321196392900
ac615,Indoctririate,1,44,20130124 17413363213700
ac616,Guuw Meeuwis  Vagant,1,539,20110516 16321196392900
ac617,Guus Meeuvvis  Vagant,1,539,20110516 16321196392900
ac618,Losing Scarlet,1,96,20110516 16321196392900
ac619,Cohee,1,22,20180429 12564610016700
ac620,鈴木雅之,1,1087,20110516 16321196392900
ac621,Nice Nice,1,176,20110516 16321196392900
ac622,Five for Fighting,1,869,20110516 16321196392900
ac623,Deadlt Buda,1,32,20110516 16321196392900
ac624,Ted Heath  H'ls Orchestra,1,144,20110516 16321196392900
ac625,Richard Wagner Hans Swarowsky,2,2,20160606 16471662468800
ac626,Anne Sylvestre,1,4803,20110516 16321196392900
ac627,SPUNK,1,143,20110516 16321196392900
ac628,Ленинград,1,2085,20110516 16321196392900
ac629,Taliándörögd,1,42,20110516 16321196392900
ac630,John Erne5t Galliard,1,115,20110516 16321196392900
ac631,Frank Tayla,1,482,20110516 16321196392900
ac632,Stan Kenton,1,4138,20110516 16321196392900
ac633,百蚊,1,44,20111106 03425471903600
ac634,iScream,1,55,20210701 16482959949200
ac635,Tripke R,1,20,20110516 16321196392900
ac636,Tripje R,1,20,20110516 16321196392900
ac637,Heinrich Lübke,1,56,20110516 16321196392900
ac638,Brvce Rowland,1,371,20110516 16321196392900
ac639,Bruce Rpwland,1,371,20110516 16321196392900
ac640,Chainreactor,1,303,20110516 16321196392900
ac641,David Aenold,1,3750,20110516 16321196392900
ac642,Bebo  Cigala,2,187,20121230 12151035352500
ac643,Clay Fav,1,13,20110516 16321196392900
ac644,dial0gue,1,33590,20110516 16321196392900
ac645,The FUs,1,232,20110516 16321196392900
ac646,The Carousel,1,47,20121125 19160202362400
ac647,Honeyroot,1,158,20110516 16321196392900
ac648,Vanilla Chainsaws,1,71,20110516 16321196392900
ac649,Intricat4,1,70,20110516 16321196392900
ac650,Intr:cate,1,70,20110516 16321196392900
ac651,Danny Eifman,1,10966,20110516 16321196392900
ac652,Breaking Circus,1,54,20110516 16321196392900
ac653,Tasaday,1,509,20110516 16321196392900
ac654,SansFin,1,162,20161127 13170215498900
ac655,David Wiffen,1,170,20120902 21584543089300
ac656,Sturmwebr,1,1145,20110516 16321196392900
ac657,Dream Theater,1,9250,20110516 16321196392900
ac658,Malevolent Creation,1,1539,20110516 16321196392900
ac659,K Sparks,1,262,20110516 16321196392900
ac660,The Skatalites,1,2163,20110516 16321196392900
ac661,James Last,1,16316,20110516 16321196392900
ac662,Mercedes Sosa,1,3002,20110516 16321196392900
ac663,Bart Havvkins,1,86,20220130 09363997837600
ac664,Scissorfight,1,264,20110516 16321196392900
ac665,TeeKu,1,53,20141209 20351606805900
ac666,Layner feat Dice Rudy,2,2,20120220 2151539506300
ac667,George Shearing,1,2930,20110516 16321196392900
ac668,Goodbye,1,27,20111229 15525188747700
ac669,Kategorie C,1,721,20110516 16321196392900
ac670,Tsurubami,1,42,20110516 16321196392900
ac671,Kevin Whalum,1,26,20110516 16321196392900
ac672,Drama,1,60,20110516 16321196392900
ac673,Steven J0hn,1,1380,20110516 16321196392900
ac674,K Sparks feat Tina Quallo,2,26,20130309 23043085507800
ac675,Lovie Ramírez,1,342,20110516 16321196392900
ac676,Louie Ranírez,1,342,20110516 16321196392900
ac677,Pacific Trance,1,19,20110516 16321196392900
ac678,Arsen Dedjć,1,724,20110516 16321196392900
ac679,Gary Lamb,1,318,20110516 16321196392900
ac680,Filmy Ghost  EverSeenΛ Gho5tbefore,2,8,20200314 18410540917600
ac681,La Ruda,1,294,20110516 16321196392900
ac682,The Pigeon Detectives,1,701,20110516 16321196392900
ac683,Pate Mustalärvi,1,667,20110516 16321196392900
ac684,The Tombstone Brawlers,1,38,20110516 16321196392900
ac685,Hans Appelqvist,1,261,20110516 16321196392900
ac686,Kevin Coyne,1,1879,20110516 16321196392900
ac687,Bob Crosby And His Orchestra,1,1363,20210413 08031213009900
ac688,Cauzndefx,1,86,20170522 03163928324900
ac689,Need1e,1,36,20110516 16321196392900
ac690,Juan Carlos Quintero,1,276,20110516 16321196392900
ac691,Marenne,1,22,20110516 16321196392900
ac692,Sharks Keep Moving,1,75,20110516 16321196392900
ac693,ThermalBear,1,43,20130530 22544594910500
ac694,Bed on Bricks,1,124,20110516 16321196392900
ac695,Fredrik Vahle,1,1400,20110516 16321196392900
ac696,Chris Blackwell,1,2193,20110516 16321196392900
ac697,Manitoba  Caribou,2,2,20220721 10011420795300
ac698,Geir Egil Larsen og tjukke slekta,1,60,20110516 16321196392900
ac699,Devemtter,1,51,20110516 16321196392900
ac700,Lars Winnerbäck och Hovet,2,159,20110516 16321196392900
ac701,Knocl<Diesel,1,57,20110516 16321196392900
ac702,Bloody Tesrs,1,68,20120123 12075289035700
ac703,Дмитрий Ревякин,1,181,20110516 16321196392900
ac704,Madame Bovary,1,44,20150626 19451783115900
ac705,Beat Serv:ce,1,319,20110516 16321196392900
ac706,Bruce Langhorne,1,66,20110516 16321196392900
ac707,DeVision,1,3238,20110516 16321196392900
ac708,今堀恒雄,1,629,20110516 16321196392900
ac709,Static,1,184,20110516 16321196392900
ac710,Bavu,1,113,20110516 16321196392900
ac711,Marianne Rosen1>erg,1,3834,20110516 16321196392900
ac712,Nick Cave,1,904,20110516 16321196392900
ac713,Voice of a Generation,1,253,20110516 16321196392900
ac714,Pure Obsess:ons  Red Nights,1,129,20210420 18184473714200
ac715,Francesco Guccini,1,1654,20110516 16321196392900
ac716,Bol:via Manta,1,283,20110516 16321196392900
ac717,Admiral T,1,414,20110516 16321196392900
ac718,Duo Damiano Sarzier,1,26,20110516 16321196392900
ac719,Ruido de Rabia  Último Gobierno,2,4,20130326 20354686042500
ac720,Peter Sijbenga,1,62,20110516 16321196392900
ac721,Anima Virus,1,30,20110516 16321196392900
ac722,John Morgan and William Stromberg,2,121,20140529 03011633464700
ac723,Judy Mowatt,1,494,20110516 16321196392900
ac724,Mince Pye,1,48,20110516 16321196392900
ac725,Eddie Izzard,1,685,20110516 16321196392900
ac726,Justin E Bell,1,118,20180509 08221332071300
ac727,Baltirnore,1,73,20171207 15002669438800
ac728,Georg Friedrich Händel,1,23791,20110516 16321196392900
ac729,Antonio Pinto Shakira,2,3,20220201 05451921923600
ac730,Imagination Society,1,123,20150522 17502215020400
ac731,H Kanino con Dahani y Chía,3,2,20130516 18132201895800
ac732,Calling All Heroes,1,2,20110516 16321196392900
ac733,Μάνος Χατζιδάκις  Αλίκη Καγιαλόγλου,2,4,20130627 10394864833100
ac734,Allen Stone,1,255,20120124 06325783675100
ac735,Nevertheless,1,120,20110516 16321196392900
ac736,Luxus Leverpostei,1,608,20110516 16321196392900
ac737,Complvs,1,22,20110516 16321196392900
ac738,David Fonseca,1,403,20110516 16321196392900
ac739,Hemlock,1,120,20110516 16321196392900
ac740,Bad Haggis,1,93,20110516 16321196392900
ac741,After Crying,1,521,20110516 16321196392900
ac742,Annikki Tähti,1,683,20110516 16321196392900
ac743,Christian Smith  Johb Selway,1,317,20110516 16321196392900
ac744,The Duke,1,38,20110516 16321196392900
ac745,Kaosloge,1,46,20110516 16321196392900
ac746,Paper Tongues,1,74,20110516 16321196392900
ac747,Aubs,1,4215,20110516 16321196392900
ac748,Antonio Vivaldi English Bach Festival Chorus English Bach Festival Baroque Orchestra Coro Gulbenkian Orquestra Gulbenkian Michel Corboz,6,1,20130521 05535013330300
ac749,Viktofs Lapčenoks,1,200,20110516 16321196392900
ac750,Corvus C0rax,1,1849,20110516 16321196392900
ac751,Henry Purcell Red Byrd The Parley of Instruments Peter Holman,4,2,20141013 13594293365400
ac752,Boris Mlurashkin,1,62,20110516 16321196392900
ac753,Boris Mourwshkin,1,62,20110516 16321196392900
ac754,Biltmore Dive,1,9,20110516 16321196392900
ac755,Jerry Kirnbrough,1,432,20110516 16321196392900
ac756,George Gershwin,1,9458,20110516 16321196392900
ac757,AlienSix13,1,45,20110516 16321196392900
ac758,Jame5 Lavino,1,33,20110516 16321196392900
ac759,John Clifford White,1,148,20110516 16321196392900
ac760,Daniel Magg,1,31,20110516 16321196392900
ac761,UStreet All Stars,1,54,20110516 16321196392900
ac762,فيروز,1,1738,20110516 16321196392900
ac763,Halal Kebab Hut,1,30,20110516 16321196392900
ac764,Little Pepe feat Pinnacle Rockers  Juho,3,2,20121116 12052064917500
ac765,colis postal,1,16,20210819 01330472524400
ac766,Racy Grace,1,26,20120808 01411641306600
ac767,Spank the Monkey,1,45,20110516 16321196392900
ac768,Son Vojt,1,2104,20110516 16321196392900
ac769,CV Jørgensen,1,755,20110516 16321196392900
ac770,Big Yoith,1,1417,20110516 16321196392900
ac771,Sun YanZi,1,1,20120709 16133020209700
ac772,Odd Nosdam,1,1353,20110516 16321196392900
ac773,Sugar Minott,1,2048,20110516 16321196392900
ac774,Nicki Minaj,1,2932,20110516 16321196392900
ac775,Jav Farrar,1,372,20110516 16321196392900
ac776,Duane Eddv,1,5243,20110516 16321196392900
ac777,Musiek Piet,1,44,20110516 16321196392900
ac778,Julia,1,246,20110516 16321196392900
ac779,Frelkr,1,38,20121029 08471417073700
ac780,Frekjr,1,38,20121029 08471417073700
ac781,Mak,1,264,20110516 16321196392900
ac782,Lobão,1,698,20110516 16321196392900
ac783,Chop Shop,1,146,20110516 16321196392900
ac784,The Pooh Sticks,1,471,20110516 16321196392900
ac785,clovd,1,53,20110516 16321196392900
ac786,Prozac Myn Boys,1,36,20190514 16562957115100
ac787,ブリーフ＆トランクス,1,80,20110516 16321196392900
ac788,Walton Sir Laurence Olivier Philharkonia Orchestra Sir William Walton,4,2,20201001 07292639967700
ac789,Walton Sir Laurence Olivier Philharmomia Orchestra Sir William Walton,4,2,20201001 07292639967700
ac790,Sun YamZi,1,1,20120709 16133020209700
ac791,Suri YanZi,1,1,20120709 16133020209700
ac792,Barbara Hendricks Katia  Msrielle Labèque,2,9,20170828 13280848892600
ac793,Man Parrish,1,352,20110516 16321196392900
ac794,Mad Masterz feat Rolf Junior,2,20,20120407 13553115711700
ac795,Kim Rol>ertson,1,470,20110516 16321196392900
ac796,Brad Knayber,1,24,20141209 18564343251500
ac797,The Police,1,8228,20110516 16321196392900
ac798,Tammv St John,1,33,20110516 16321196392900
ac799,Ed Gungor,1,40,20110516 16321196392900
ac800,Salic Keita,1,900,20110516 16321196392900
ac801,Gemma Hayes,1,618,20110516 16321196392900
ac802,John Tavemer,1,534,20110516 16321196392900
ac803,John Tavwrner,1,534,20110516 16321196392900
ac804,Fatali,1,222,20110516 16321196392900
ac805,James Galway,1,1724,20110516 16321196392900
ac806,Jean Sibelius,1,18066,20110516 16321196392900
ac807,Newham Generals,1,124,20110516 16321196392900
ac808,Disciplina kičme,1,132,20110516 16321196392900
ac809,Henry Mancini,1,9980,20110516 16321196392900
ac810,Mo Scott,1,2,20110516 16321196392900
ac811,Alexander Klaws,1,302,20110516 16321196392900
ac812,Freddie King,1,2448,20110516 16321196392900
ac813,Johnny Mercwr,1,771,20110516 16321196392900
ac814,Perry Letsch,1,156,20110516 16321196392900
ac815,Sune Martin,1,33,20180511 10563727929400
ac816,Sticky Pr0ductions,1,2,20110516 16321196392900
ac817,Daddy Yankee,1,1238,20110516 16321196392900
ac818,Dan Kvvekel,1,54,20121201 17050294930500
ac819,C‐B0,1,664,20211106 0700173989300
ac820,Kodály Quartet,1,556,20110516 16321196392900
ac821,The Red Krauola,1,979,20110516 16321196392900
ac822,Montevdrdi Choir,1,51,20110516 16321196392900
ac823,Vaervaf,1,1110,20110516 16321196392900
ac824,Phillip Boa,1,71,20110516 16321196392900
ac825,Grownup Killjoy,1,18,20220518 08451426588400
ac826,Nádine,1,170,20110516 16321196392900
ac827,Lee Wiley,1,1489,20110516 16321196392900
ac828,Purcell Galliard Musica ad Rhenum Jed Wentz,4,2,20180319 17583570712800
ac829,Dětský sbor Prážata,1,106,20110516 16321196392900
ac830,Sanjay Mishra,1,28,20110516 16321196392900
ac831,Ryan Adama,1,6064,20110516 16321196392900
ac832,Gary Bishop  Tom New,2,102,20110516 16321196392900
ac833,Moodymann,1,795,20110516 16321196392900
ac834,Kelly Marie,1,860,20110516 16321196392900
ac835,The Bourbori Street Paraders,1,34,20110516 16321196392900
ac836,mc cbris,1,1134,20110516 16321196392900
ac837,Beady Belle,1,441,20110516 16321196392900
ac838,Harry Long and Gavin Ralston,2,222,20130604 20004147906900
ac839,森高千里,1,2130,20110516 16321196392900
ac840,Frédérix Chopin,1,33292,20110516 16321196392900
ac841,Harry Gump feat Ferdl,2,2,20150528 23213319162900
ac842,Fantastic Plastic Machine,1,965,20110516 16321196392900
ac843,Bouncin BC vs Harry Gump,2,2,20150528 23212543321900
ac844,The Trypes,1,44,20111129 1856551676500
ac845,Big City,1,24,20110516 16321196392900
ac846,Modest Mouse,1,3572,20110516 16321196392900
ac847,Mathias Stubø,1,68,20110909 11463483282500
ac848,Tori Amos,1,14233,20110516 16321196392900
ac849,Francis Poulenc Olivier Cazal,2,4,20141123 23002914772400
ac850,Jason Kahn  Jason Lescalleet,2,10,20110516 16321196392900
ac851,Dynamic Syncopation,1,99,20110516 16321196392900
ac852,Sue Hebry,1,52,20110516 16321196392900
ac853,Jair Rodrigues,1,379,20110516 16321196392900
ac854,Written in Axhes,1,120,20110516 16321196392900
ac855,Hesther Nova,1,2202,20110516 16321196392900
ac856,鷺巣詩郎,1,8142,20110516 16321196392900
ac857,The Wayward,1,61,20110516 16321196392900
ac858,Ruffnexx Sounf System,1,32,20110516 16321196392900
ac859,Les Innocents,1,432,20110516 16321196392900
ac860,Celso Fonseca,1,213,20110516 16321196392900
ac861,Downy Mildew,1,103,20110516 16321196392900
ac862,Force Fed Life,1,6,20121229 08261641756500
ac863,Ted Heath  His Orchestra,1,144,20110516 16321196392900
ac864,Vendaval,1,116,20110516 16321196392900
ac865,En9ineer,1,102,20110516 16321196392900
ac866,Grooveminister,1,201,20110516 16321196392900
ac867,Bill Jonss,1,128,20110516 16321196392900
ac868,DJ Pope,1,26,20110516 16321196392900
ac869,Rau1 Seixas,1,2384,20110516 16321196392900
ac870,Rolf Wikström,1,412,20110516 16321196392900
ac871,Edhellen,1,52,20110810 03392472399100
ac872,Johann Nepomuk Hummel,1,1170,20110516 16321196392900
ac873,Atomic Pulwe,1,238,20110516 16321196392900
ac874,Tommy Ladnier and His Orchestra,1,126,20110516 16321196392900
ac875,Nitzer Ebb,1,2336,20110516 16321196392900
ac876,Kvtless,1,624,20110516 16321196392900
ac877,J Donald Walters,1,114,20110516 16321196392900
ac878,Nihilistic Misanthropy  Force Fed Life,2,2,20121229 08261641756500
ac879,Vanity Beach,1,102,20110516 16321196392900
ac880,Peter Martin,1,338,20110516 16321196392900
ac881,Minuit,1,496,20110516 16321196392900
ac882,Booiii  Peak,2,2514,20110516 16321196392900
ac883,Efemjay,1,16,20110516 16321196392900
ac884,Moonflowers,1,200,20110516 16321196392900
ac885,Erlend Krauser,1,265,20110516 16321196392900
ac886,The Buckirighams,1,705,20110516 16321196392900
ac887,Boom  Pesk,2,2514,20110516 16321196392900
ac888,The Plimsouls,1,424,20110516 16321196392900
ac889,Yö,1,2506,20110516 16321196392900
ac890,Marian Anderson Kosti Vehanen,2,31,20130130 16121413877600
ac891,Dead Meadow,1,510,20110516 16321196392900
ac892,Flathead Seven,1,26,20110516 16321196392900
ac893,Ennio Morricone,1,42812,20110516 16321196392900
ac894,Jerry Bey,1,357,20110516 16321196392900
ac895,Petrus Castrus,1,148,20150610 13261616246200
ac896,Elton D,1,16,20110516 16321196392900
ac897,Joan of Arc,1,1253,20110516 16321196392900
ac898,Stanley Clarke,1,1326,20110516 16321196392900
ac899,CV Jørgen5en,1,755,20110516 16321196392900
ac900,Christian Forshaw,1,53,20110516 16321196392900
ac901,Uptown Funk Empire,1,69,20110516 16321196392900
ac902,The OSU Mens Glee Club,1,86,20110516 16321196392900
ac903,Mary Duff,1,380,20110516 16321196392900
ac904,Written in Ashed,1,120,20110516 16321196392900
ac905,Gilbert Bécaud,1,4454,20110516 16321196392900
ac906,Calibre,1,1459,20110516 16321196392900
ac907,Milam Knížák,1,143,20110516 16321196392900
ac908,Alain Caron JeanMarie Ecay Didier Lockwood,3,32,20110516 16321196392900
ac909,Burning Spear,1,2829,20110516 16321196392900
ac910,Thyrfing,1,458,20110516 16321196392900
ac911,Kevin Hewick,1,158,20110516 16321196392900
ac912,Apiary,1,32,20110516 16321196392900
ac913,Rashad  Confidence,2,17,20120116 1532320129700
ac914,Bob Dylan  The Band,2,396,20141125 18005752732700
ac915,Ths Channels,1,140,20110516 16321196392900
ac916,The Chabnels,1,140,20110516 16321196392900
ac917,Philippe Sarde,1,2442,20110516 16321196392900
ac918,Dandrieu Corelli Le Consort Théotime Langlois de Swarte Sophie de Bardonnèche Louise Pierrard Hanna Salzenstein Justin Taylor,8,3,20201004 18325414154500
ac919,Vexillum,1,132,20110516 16321196392900
ac920,Dustin OHalloran,1,451,20110516 16321196392900
ac921,Elisabetha,1,72,20120618 09025177964800
ac922,Dimitri K'ltayenko,1,1,20200311 15064465020800
ac923,Flans,1,725,20110516 16321196392900
ac924,Bon Jovi,1,12844,20110516 16321196392900
ac925,Vijay Prakash Tippu Priya Subramani Solar Sai Emcee Jesz  Srik,6,3,20130128 1606106555200
ac926,Tilman Sille5cu  Chris William Woods  Scott P Schreer,3,1210,20130209 14074785429900
ac927,Orquesta El Macabeo,1,120,20120715 0339453458900
ac928,Erb  Baker  Zerang,3,16,20161027 19103067376900
ac929,Die d4ei ,1,31000,20110516 16321196392900
ac930,Sal Salvador  Tim Mays,2,38,20110927 14073899120300
ac931,若原一郎,1,21,20110516 16321196392900
ac932,Prinz Porno,1,428,20110516 16321196392900
ac933,Janet Evanov9ch,1,512,20110516 16321196392900
ac934,Jimi Hendeix,1,18750,20110516 16321196392900
ac935,Born Without a Face,1,16,20110516 16321196392900
ac936,Lu5z Görner,1,4888,20110516 16321196392900
ac937,Dasb Shamash,1,43,20130309 13200014564300
ac938,Sons of Chaos,1,20,20110516 16321196392900
ac939,Chris Egan,1,168,20110516 16321196392900
ac940,The Godfathers,1,924,20110516 16321196392900
ac941,Mädelschaft Ubier,1,56,20110516 16321196392900
ac942,Glen Canpbell,1,7565,20110516 16321196392900
ac943,Jorma Kääriäinen  Riku Niemi Orchestra,2,36,20110516 16321196392900
ac944,Bette Midjer,1,3281,20110516 16321196392900
ac945,Francis Goya,1,1581,20110516 16321196392900
ac946,Barbara Hendricks Katia  Marielle Labèque,2,9,20170828 13280848892600
ac947,Psy 4 de la Rime,1,424,20110516 16321196392900
ac948,US Air Force Band of MidAmetica,1,28,20110516 16321196392900
ac949,Bernhard Brink,1,5002,20110516 16321196392900
ac950,Hux Flvx,1,192,20110516 16321196392900
ac951,Caleb Brumbelow,1,36,20110516 16321196392900
ac952,SilverHavvk,1,64,20170529 21581410705800
ac953,Louise Moaty Marc Mauillon René Zosso La Capella Reial de Catalunya Hespèrion XXI Jordi Savall,6,2,20130507 2250354008200
ac954,Enzo Carel|a,1,123,20111209 17100080527800
ac955,Al Mason,1,4,20110516 16321196392900
ac956,Dom dummaste,1,252,20110516 16321196392900
ac957,Jah Wobbld,1,1604,20110516 16321196392900
ac958,Dioba,1,117,20110516 16321196392900
ac959,Helena Vondráčkouá,1,3444,20110516 16321196392900
ac960,Tom Heiml,1,78,20110516 16321196392900
ac961,Tammy Sr John,1,33,20110516 16321196392900
ac962,Kevin Schilder,1,627,20110516 16321196392900
ac963,Peace,1,232,20120913 12543928866100
ac964,665,1,1882,20110516 16321196392900
ac965,Superuva,1,264,20110516 16321196392900
ac966,岩代太郎,1,1035,20110516 16321196392900
ac967,Russell B,1,392,20110516 16321196392900
ac968,Exited,1,2,20110516 16321196392900
ac969,Châtesu Flight,1,285,20110516 16321196392900
ac970,Railis People,1,587,20110516 16321196392900
ac971,Linard Bardill,1,1064,20110516 16321196392900
ac972,Holger Czukay,1,370,20110516 16321196392900
ac973,Eunir Deodato,1,1077,20110516 16321196392900
ac974,Non Serviam,1,62,20150827 07290553585800
ac975,Jaromír Nohauica,1,3915,20110516 16321196392900
ac976,伊藤賢治 橋本彦士 佐藤共良  林康,4,2,20220909 1619041577700
ac977,Buju Bariton,1,1816,20110516 16321196392900
ac978,Buiu Banton,1,1816,20110516 16321196392900
ac979,The Vichy Government,1,188,20110516 16321196392900
ac980,Caragan,1,3153,20110516 16321196392900
ac981,ALSDEAD,1,195,20150213 13150650926100
ac982,UK Subs,1,6319,20110516 16321196392900
ac983,TourdeForce,1,377,20110516 16321196392900
ac984,Özdemir Erdoğan,1,916,20110516 16321196392900
ac985,Marvin Etzioni,1,31,20110516 16321196392900
ac986,Laura Andr3şan,1,18,20110516 16321196392900
ac987,Jvdith Pearce Gareth Hulse Michael Collins,3,6,20140617 20062975720400
ac988,Yakup Ekin,1,70,20110516 16321196392900
ac989,Intergalactic Fserie Funk,1,14,20110516 16321196392900
ac990,Pendragon,1,78,20110516 16321196392900
ac991,Blank  Jones,1,3955,20110516 16321196392900
ac992,Enoch Light  Terry Snyder anr The All Stars,1,237,20110516 16321196392900
ac993,Fear Condition,1,20,20121011 15171455297900
ac994,En0ch Light  Terry Snyder and The All Stars,1,237,20110516 16321196392900
ac995,The Wireless Stores,1,49,20110516 16321196392900
ac996,森高千里,1,2130,20110516 16321196392900
ac997,Tont Joe White,1,2335,20110516 16321196392900
ac998,ChaosOrder,1,40,20110516 16321196392900
ac999,Lazzu,1,33,20110516 16321196392900
ac1000,Chris Smither,1,1371,20110516 16321196392900
ac1001,Bette Micller,1,3281,20110516 16321196392900
ac1002,The Panacea feat Rant,2,4,20150528 20472991028300
ac1003,Ida Elina,1,24,20121122 13412891978900
ac1004,Alien Sex Fidnd,1,2367,20110516 16321196392900
ac1005,Alieh Sex Fiend,1,2367,20110516 16321196392900
ac1006,Kraftklub,1,563,20111103 10205419581400
ac1007,Robert Palmer,1,4512,20110516 16321196392900
ac1008,Another Race,1,56,20110516 16321196392900
ac1009,Tiger Helicide,1,121,20111230 10425673249900
ac1010,Marco Beltrami Buck Sanders  Brandon Roberts,3,92,20190824 0427036169600
ac1011,Placemst,1,52,20110516 16321196392900
ac1012,Judge Smith,1,232,20110829 22342081452600
ac1013,Prokofiev Leopolcl Stokowski conducting the AllAmerican Orchestra  Basil Rathbone,4,12,20210518 01032139082400
ac1014,St Vladimirs Seminary Chorale,1,110,20110516 16321196392900
ac1015,Homo Iratus,1,110,20110516 16321196392900
ac1016,Annie MG Schmist,1,1494,20110516 16321196392900
ac1017,Fats Wakler and His Rhythm,1,2631,20110516 16321196392900
ac1018,Matthiad Reim,1,2543,20110516 16321196392900
ac1019,Peter Principle,1,115,20110516 16321196392900
ac1020,Viktor Petrov,1,2954,20120728 1228525132400
ac1021,Jouni Somero,1,406,20130420 14043582546200
ac1022,Kelly Joe Phelps,1,416,20110516 16321196392900
ac1023,Württembergische Philharmonie Reutlingen Salvador Mas Conde,2,18,20161011 2157084717600
ac1024,Тараканы,1,1364,20110516 16321196392900
ac1025,Shannon Wright,1,611,20110516 16321196392900
ac1026,FEWS,1,117,20151117 15422835289100
ac1027,Daniel Bjerton,1,186,20210819 20010932242600
ac1028,The Ruby Braff George Barnes Quartet With John Giuffrida  Wayne Wright,3,22,20210224 05561785367100
ac1029,Georges Delerue,1,7304,20110516 16321196392900
ac1030,H Kanino,1,99,20110516 16321196392900
ac1031,Ertam,1,40,20171225 19485178819800
ac1032,Ken R Incorporated,1,38,20110516 16321196392900
ac1033,Jars of Clay,1,1838,20110516 16321196392900
ac1034,Johnny Griffin,1,931,20110516 16321196392900
ac1035,Yıldız Tilbe,1,611,20110516 16321196392900
ac1036,System F,1,1446,20110516 16321196392900
ac1037,Precious Wax Drippings,1,44,20110516 16321196392900
ac1038,Hélène Bleskine et André Dussollier,2,88,20110516 16321196392900
ac1039,Paul Shaw  Dav'ld Rogers,2,576,20110516 16321196392900
ac1040,deLillos,1,1328,20110516 16321196392900
ac1041,Victoria Williams,1,348,20110516 16321196392900
ac1042,Jaime Heras,1,348,20110516 16321196392900
ac1043,Steeleye Span,1,3045,20110516 16321196392900
ac1044,FFH,1,443,20110516 16321196392900
ac1045,Elvis Costello,1,5802,20110516 16321196392900
ac1046,Bobby Perv,1,169,20110516 16321196392900
ac1047,百蚊,1,44,20111106 03425471903600
ac1048,Neljäbsuora,1,310,20110516 16321196392900
ac1049,Nick K,1,50,20110516 16321196392900
ac1050,Chris C0nstantinou  Paul Frazer,2,380,20210226 10252425053200
ac1051,Mar7 Byrne,1,139,20110516 16321196392900
ac1052,Power Metal,1,416,20110516 16321196392900
ac1053,Bar8ka,1,72,20110516 16321196392900
ac1054,manmachineiridustry,1,134,20110516 16321196392900
ac1055,Último Gobie5no,1,62,20110516 16321196392900
ac1056,Últkmo Gobierno,1,62,20110516 16321196392900
ac1057,Fatal:,1,222,20110516 16321196392900
ac1058,Fagali,1,222,20110516 16321196392900
ac1059,LTJ Buken,1,631,20110516 16321196392900
ac1060,Twilight Circus Dub Sound System,1,386,20110516 16321196392900
ac1061,Nevermore,1,1153,20110516 16321196392900
ac1062,Robert Randolph  The Family Band feat Dave Matthews LeRoi Moore  Rashawn Ross,4,3,20121107 16081653378200
ac1063,The Dixie Cups,1,976,20110516 16321196392900
ac1064,Scrotum,1,20,20110516 16321196392900
ac1065,The Hollow,1,46,20110516 16321196392900
ac1066,Comets on Fire,1,226,20110516 16321196392900
ac1067,Juicy J feat Project Pat,2,39,20120730 07545820264500
ac1068,Madder Rose,1,522,20110516 16321196392900
ac1069,Christopher James Thomas  Jesse Rhodes,2,18,20110516 16321196392900
ac1070,Zodiac,1,10,20110516 16321196392900
ac1071,Naked City witb Mike Patton,2,122,20211120 17002175066900
ac1072,Naked City with Mi1<e Patton,2,122,20211120 17002175066900
ac1073,John Hiatt,1,3366,20110516 16321196392900
ac1074,Amaceo Vives,1,53,20110516 16321196392900
ac1075,Ruffnexx Sourid System,1,32,20110516 16321196392900
ac1076,Antonín Dvořák,1,21595,20110516 16321196392900
ac1077,Holly Near,1,407,20110516 16321196392900
ac1078,Debbie Wiseman,1,1628,20110516 16321196392900
ac1079,The Red Krayola,1,979,20110516 16321196392900
ac1080,Miserhlab,1,409,20110516 16321196392900
ac1081,Freeez feat John Rocca,2,8,20180419 01042318736900
ac1082,Wax Tailpr,1,830,20110516 16321196392900
ac1083,The Klezmer Conservatory Band,1,371,20110516 16321196392900
ac1084,afrodynamix,1,20,20110516 16321196392900
ac1085,Waterdeep,1,684,20110516 16321196392900
ac1086,Lil Wayne feat Money  Swizz Beatz,3,2,20121202 2358098874100
ac1087,Wibutee,1,136,20110516 16321196392900
ac1088,Vision Divine,1,479,20110516 16321196392900
ac1089,Russ'lan Love,1,143,20110516 16321196392900
ac1090,Dimlite,1,206,20110516 16321196392900
ac1091,Marty Stuart,1,662,20110516 16321196392900
ac1092,Al Jarreau,1,4563,20110516 16321196392900
ac1093,Hoodoi Gurus,1,1463,20110516 16321196392900
ac1094,Ron Kenoly,1,407,20110516 16321196392900
ac1095,Avev Tare,1,247,20110516 16321196392900
ac1096,The Elusive,1,14,20110516 16321196392900
ac1097,Urbam Dance Squad,1,921,20110516 16321196392900
ac1098,Broder Daniel,1,311,20110516 16321196392900
ac1099,Bored Lord  iNTROSPEKT,2,10,20220208 1853520739100
ac1100,Frankie Avalon,1,1850,20110516 16321196392900
ac1101,Лампасы,1,203,20120704 08013159248100
ac1102,Kenny Ken  DJ Rap present,2,1,20130908 20153168051900
ac1103,Dvořák Hungarian State Orchestra Rwinhardt Lutz,3,2,20171212 17554809323100
ac1104,Jason Mraz,1,2301,20110516 16321196392900
ac1105,Marlanho,1,368,20110516 16321196392900
ac1106,Craig Davies,1,51,20110516 16321196392900
ac1107,FreiWild,1,2631,20110516 16321196392900
ac1108,Euhedral,1,14,20110516 16321196392900
ac1109,Wilco,1,17621,20110516 16321196392900
ac1110,Terry DevineKirig,1,6912,20110516 16321196392900
ac1111,Agathodles,1,13777,20110516 16321196392900
ac1112,Quoiy,1,94,20110516 16321196392900
ac1113,Larry Rhodes,1,46,20120826 17001848004900
ac1114,Marty Robbins,1,8134,20110516 16321196392900
ac1115,Louis Armstrong,1,34616,20110516 16321196392900
ac1116,Stanley Clarke feat Larry Carlton Billy Cobham Deron Johnson  Najee,5,3,20121210 20154426208300
ac1117,The Ink Spots,1,4000,20110516 16321196392900
ac1118,Mark OCobnor,1,960,20130309 21002857304300
ac1119,The Human Expression,1,108,20110516 16321196392900
ac1120,Vega N0va,1,26,20130104 08140533787900
ac1121,Barbara Hendr'lcks,1,628,20110516 16321196392900
ac1122,Edvard Grieg WDR Sinfonieorchester Köln Eivind Aadland,3,6,20160831 21204028344200
ac1123,Patricia Morrison,1,57,20110516 16321196392900
ac1124,Aphrode5ia,1,112,20110516 16321196392900
ac1125,Paul Grabowsky,1,215,20110516 16321196392900
ac1126,raison dêtre,1,1496,20181222 10004978352900
ac1127,Born Wjthout a Face,1,16,20110516 16321196392900
ac1128,ORIGA,1,567,20110516 16321196392900
ac1129,Reality,1,60,20110516 16321196392900
ac1130,Les Brown,1,1257,20110516 16321196392900
ac1131,Isor,1,62,20110516 16321196392900
ac1132,Layner,1,28,20110516 16321196392900
ac1133,Lotto Kin9 Karl,1,417,20110516 16321196392900
ac1134,Bahiano,1,127,20110516 16321196392900
ac1135,The Doobie Brothers,1,5231,20110516 16321196392900
ac1136,6t6,1,1882,20110516 16321196392900
ac1137,Cleaners From Venus,1,1187,20110516 16321196392900
ac1138,Donovan,1,7843,20110516 16321196392900
ac1139,Danny Davies,1,1184,20110516 16321196392900
ac1140,David Molyneux,1,1420,20110516 16321196392900
ac1141,Iceland Symphony Orchestra Bjarte Engeset,2,21,20120805 17504076000900
ac1142,Jasom Gray,1,274,20110516 16321196392900
ac1143,Fila Brazillia,1,914,20110516 16321196392900
ac1144,Roger Eno,1,998,20110516 16321196392900
ac1145,Vendsval,1,116,20110516 16321196392900
ac1146,Warren Mills and His Blues Serenaders,1,19,20110516 16321196392900
ac1147,One Hundred Steps,1,26,20110516 16321196392900
ac1148,坂本千夏,1,51,20110516 16321196392900
ac1149,Six of Swords,1,69,20170423 00014737197600
ac1150,Lamiel,1,72,20110516 16321196392900
ac1151,Smokeu Robinson  The Miracles,1,3156,20110516 16321196392900
ac1152,Stephen L Allen,1,130,20110516 16321196392900
ac1153,Silverdollar,1,58,20110516 16321196392900
ac1154,Monty Alexanser  Ray Brown  Herb Ellis,3,2,20140527 20514172519600
ac1155,Fats Waller and His Rhythm,1,2631,20110516 16321196392900
ac1156,Lola Lago Detective,1,48,20110516 16321196392900
ac1157,Coleman Hawkins and His Orchestra,1,466,20110516 16321196392900
ac1158,TAMUSIC,1,3117,20110516 16321196392900
ac1159,Violeta Parra,1,1788,20110516 16321196392900
ac1160,Jars of Clay feat Michael Gvngor,2,1,20111205 16114506615700
ac1161,Baruka,1,72,20110516 16321196392900
ac1162,Horace Andy,1,2815,20110516 16321196392900
ac1163,Eine Oliver Twist Kooperation,1,45,20110516 16321196392900
ac1164,Hunter,1,516,20110516 16321196392900
ac1165,Leci Brandão,1,222,20110516 16321196392900
ac1166,Taha Khaled Faudel,3,31,20110516 16321196392900
ac1167,Die Fantastischen Vier,1,2609,20110516 16321196392900
ac1168,Micyale Graves,1,610,20110516 16321196392900
ac1169,Big Mountain,1,729,20110516 16321196392900
ac1170,JS Bach Nikolaus Harnoncourt,2,1,20130820 13070270060100
ac1171,Atrocity,1,1305,20110516 16321196392900
ac1172,nao,1,656,20110516 16321196392900
ac1173,Teresa Cristima e Grupo Semente,1,38,20110516 16321196392900
ac1174,Neophvte,1,808,20110516 16321196392900
ac1175,Ametsub,1,137,20110516 16321196392900
ac1176,POD,1,1628,20110516 16321196392900
ac1177,Alanis Morissette,1,6152,20110516 16321196392900
ac1178,Kristina Baxh,1,2662,20110516 16321196392900
ac1179,Kristima Bach,1,2662,20110516 16321196392900
ac1180,Pandora,1,1117,20110516 16321196392900
ac1181,Sylvia Telles,1,476,20110516 16321196392900
ac1182,Terrace,1,164,20110516 16321196392900
ac1183,DJ Rap  Kenny Ken present,2,2,20130908 20035722905900
ac1184,אריק איינשטיין,1,1492,20110516 16321196392900
ac1185,Marco Belttami,1,5151,20110516 16321196392900
ac1186,Marco Beltrsmi,1,5151,20110516 16321196392900
ac1187,Chad Morgan,1,353,20110516 16321196392900
ac1188,Hugh Moffatt,1,152,20110516 16321196392900
ac1189,Disgorge,1,402,20110516 16321196392900
ac1190,Empyrezl,1,48,20220208 08330412299600
ac1191,Harry Lubin,1,2273,20110516 16321196392900
ac1192,Bemestrophe,1,193,20110516 16321196392900
ac1193,Distur1>ed,1,2607,20110516 16321196392900
ac1194,Jerry Kimbrough,1,432,20110516 16321196392900
ac1195,A Industrya,1,435,20110516 16321196392900
ac1196,Elliott Smith,1,5330,20110516 16321196392900
ac1197,Suffocation,1,715,20110516 16321196392900
ac1198,Scope,1,57,20110516 16321196392900
ac1199,Dusty Springfield,1,7034,20110516 16321196392900
ac1200,三遊亭金馬,1,218,20111018 09382308485600
ac1201,Shinkasta,1,14,20150601 06474140239600
ac1202,Бригадный подряд,1,1166,20110516 16321196392900
ac1203,Χρήστος Σαντικάι,1,38,20110516 16321196392900
ac1204,Doreens Jazz New Orleans,1,224,20110516 16321196392900
ac1205,Austin Moon,1,70,20220211 17175307780800
ac1206,Владимир Высоцкий,1,9562,20110516 16321196392900
ac1207,Ratfat,1,325,20110516 16321196392900
ac1208,Faudel  Khaled,2,6,20110605 08000971782900
ac1209,Harper Lee,1,404,20110516 16321196392900
ac1210,Graham D H Preskett,1,2065,20110516 16321196392900
ac1211,Memphis Slim,1,3769,20110516 16321196392900
ac1212,Jo0p Visser,1,554,20110516 16321196392900
ac1213,Jars of Clay feat Michael Gungor,2,1,20111205 16114506615700
ac1214,Большой симфонический оркестр имени П И Чайковского Геннадий Николаевич Рождественский,2,58,20130310 18040569065300
ac1215,Зоопарк,1,702,20110516 16321196392900
ac1216,Buju Banton,1,1816,20110516 16321196392900
ac1217,Michael Moshan  David Mendelsohn,1,28,20110516 16321196392900
ac1218,Mathieu Ruhlmann,1,134,20110516 16321196392900
ac1219,劉若英,1,860,20110516 16321196392900
ac1220,Richarcl Strauss,1,18306,20110516 16321196392900
ac1221,Richard S6rauss,1,18306,20110516 16321196392900
ac1222,Ars Macal>ra,1,107,20130705 00535272839200
ac1223,Ars Madabra,1,107,20130705 00535272839200
ac1224,Old North Festival Chorus,1,68,20161223 21485650035300
ac1225,Stare Dzw0ny,1,259,20110516 16321196392900
ac1226,Insingizi,1,137,20110516 16321196392900
ac1227,Traindod9e,1,289,20110516 16321196392900
ac1228,Another Green World,1,86,20130220 01125873865200
ac1229,The Mission,1,3860,20110516 16321196392900
ac1230,The Ed Jones Quartet,1,22,20110516 16321196392900
ac1231,Big Yo7th,1,1417,20110516 16321196392900
ac1232,B4ook Benton,1,4668,20110516 16321196392900
ac1233,Brook Bemton,1,4668,20110516 16321196392900
ac1234,Frankie Cicala,1,18,20110725 20192622259700
ac1235,Charles Veal Jr,1,26,20220206 19020892846600
ac1236,The Panacea,1,399,20120318 06000647958200
ac1237,Franz Krommer Johann Nepomuk Hummel Czech National Symphony Orchestra Paul Freeman Alex Klein,5,2,20130513 14475762053900
ac1238,Army of Freshmen,1,237,20110516 16321196392900
ac1239,Andrew Mauray,1,26,20110516 16321196392900
ac1240,Daniel C Holter,1,2315,20110516 16321196392900
ac1241,Любэ,1,1309,20110516 16321196392900
ac1242,Heehawhairhead,1,2,20110516 16321196392900
ac1243,Indigolapsed,1,116,20110516 16321196392900
ac1244,Irena,1,26,20120901 19362598025500
ac1245,Brad Walsh,1,69,20110516 16321196392900
ac1246,Steven R Smith,1,466,20110516 16321196392900
ac1247,Controlled Bleeding,1,1921,20110516 16321196392900
ac1248,Laura Anclreşan,1,18,20110516 16321196392900
ac1249,Raimundos,1,697,20110516 16321196392900
ac1250,Don Moem,1,1073,20110516 16321196392900
ac1251,Deborah Difonzo,1,622,20130209 14093455495400
ac1252,Nat King Cole,1,27630,20110516 16321196392900
ac1253,Mark Emmey,1,324,20110516 16321196392900
ac1254,Kawabata Makoto  Anla Courtis,2,6,20130124 094713400800
ac1255,Wolfgang Amadeus Mozart,1,153593,20110516 16321196392900
ac1256,Robert Randolph  The Family Band,1,610,20110516 16321196392900
ac1257,Hanagorik,1,97,20130928 0053218416600
ac1258,The Fatal Flaw,1,68,20111022 12403987631700
ac1259,DJ River,1,63,20110516 16321196392900
ac1260,Angela Wiedl,1,395,20110516 16321196392900
ac1261,Nonpoint,1,948,20110516 16321196392900
ac1262,Amother Race,1,56,20110516 16321196392900
ac1263,Nordwestdeutsche Philharmonie Édiuard Lindenberg,2,2,20170811 15002979042700
ac1264,The Weakerthans,1,561,20110516 16321196392900
ac1265,Miklós Rózsa,1,6651,20110516 16321196392900
ac1266,Song of Zarathustra,1,89,20110516 16321196392900
ac1267,Rosario Giuliani Quartetto,1,53,20110516 16321196392900
ac1268,Juan de Araujo,1,76,20110516 16321196392900
ac1269,Sleepy Sleepers,1,1306,20110516 16321196392900
ac1270,DeFalja,1,228,20110516 16321196392900
ac1271,Nordwestdeutsche Ph:lharmonie Édouard Lindenberg,2,2,20170811 15002979042700
ac1272,Marc Alnond,1,2900,20110516 16321196392900
ac1273,Augie March,1,627,20110516 16321196392900
ac1274,Franz Schubert Jenő Jandó,2,16,20120729 1521543209900
ac1275,Mickey Junkues,1,33,20110516 16321196392900
ac1276,Christophe Maé,1,840,20110516 16321196392900
ac1277,Strange Angels,1,9,20110516 16321196392900
ac1278,Chantal Goya,1,1240,20110516 16321196392900
ac1279,Orpheus Chamber Orchestra,1,637,20110516 16321196392900
ac1280,Mariamne  Michael,1,398,20110516 16321196392900
ac1281,Kayo Dot,1,376,20110516 16321196392900
ac1282,Merrill Jenson,1,114,20110516 16321196392900
ac1283,kous,1,80,20120213 15243779131700
ac1284,David McAlmontDavid Arnold,2,7,20120205 15214862926900
ac1285,Maglc Box,1,261,20110516 16321196392900
ac1286,MISIA,1,1815,20110516 16321196392900
ac1287,Mia Martini,1,2234,20110516 16321196392900
ac1288,AntiNowhere League,1,1570,20110516 16321196392900
ac1289,L0ircord,1,22,20110516 16321196392900
ac1290,Ori9in,1,103,20110516 16321196392900
ac1291,Zucchero,1,2136,20110516 16321196392900
ac1292,Deep Di5h,1,962,20110516 16321196392900
ac1293,Deep Dush,1,962,20110516 16321196392900
ac1294,渡辺貞夫,1,1058,20110516 16321196392900
ac1295,The Primitive Qusrtet,1,1278,20110516 16321196392900
ac1296,Jo Bogaert,1,16,20110516 16321196392900
ac1297,1917,1,271,20110516 16321196392900
ac1298,Das Niveau singt,1,2,20110516 16321196392900
ac1299,Johan Tronestam,1,436,20171129 15143098784600
ac1300,Stakingrad,1,67,20110516 16321196392900
ac1301,Anna Vizsi,1,121,20120126 23072707296100
ac1302,Pianoheadz,1,17,20110724 2015337214300
ac1303,Roger Shah presents Sunlounger,2,33,20110709 23594896931300
ac1304,The Hollywood Studio Symphony John Williams,2,35,20130406 15340642168200
ac1305,Nervous Patterns,1,55,20110516 16321196392900
ac1306,ETO,1,22,20201003 11363975209200
ac1307,Adam Harwsiewicz,1,169,20110516 16321196392900
ac1308,Dionysos,1,1272,20110516 16321196392900
ac1309,Les Faux Bijoux  Gilles Droulez,2,2,20110516 16321196392900
ac1310,GaMetsl,1,881,20141127 15503280012200
ac1311,Rei Harakami,1,286,20110516 16321196392900
ac1312,Lars Winnerbäck och H0vet,2,159,20110516 16321196392900
ac1313,Anherlin,1,1301,20110516 16321196392900
ac1314,Backyard Babjes,1,1467,20110516 16321196392900
ac1315,Lazzo,1,33,20110516 16321196392900
ac1316,Infector,1,66,20210520 16104746789800
ac1317,Christian G3rhaher Gerold Huber,2,441,20160512 12042135353700
ac1318,Christian Gerhaher Gerood Huber,2,441,20160512 12042135353700
ac1319,Deformatory,1,70,20140113 1317004533500
ac1320,Alice Nine,1,611,20110516 16321196392900
ac1321,Kristina Bach,1,2662,20110516 16321196392900
ac1322,Bill Bruford  Patrick Moraz,2,53,20110516 16321196392900
ac1323,Love4Money,1,48,20111108 03043017726100
ac1324,Kelly Bell Band,1,286,20110516 16321196392900
ac1325,Ace Troublesnooter,1,169,20110516 16321196392900
ac1326,Aloha From Hawai,1,6,20110516 16321196392900
ac1327,Bluatschink,1,696,20110516 16321196392900
ac1328,CygnosiC,1,564,20121205 11095593792300
ac1329,Nicole,1,4572,20110516 16321196392900
ac1330,Gypsymen,1,163,20110516 16321196392900
ac1331,Prinz Porno feat Kobra,2,9,20120703 0458028826200
ac1332,Gilbert  Sullivan The DOyly Carte Opera Company Royal Philharmonic Orchestra Sir Malcolm Sargent,5,1,20190811 17003271604300
ac1333,Signal Hill,1,126,20110516 16321196392900
ac1334,Aquavoice,1,30,20110516 16321196392900
ac1335,Back of the Bus,1,26,20110516 16321196392900
ac1336,Wolfgang Schorlau gelesen von Walter Sittler,2,128,20170527 0529104451800
ac1337,Bloody Tears,1,68,20120123 12075289035700
ac1338,Damiel Magg,1,31,20110516 16321196392900
ac1339,Cliffors Brown,1,2347,20110516 16321196392900
ac1340,Marco Beltrami Buvk Sanders  Brandon Roberts,3,92,20190824 0427036169600
ac1341,Takabiro Nishi,1,37,20210320 0423005024300
ac1342,Blue Radio,1,40,20110516 16321196392900
ac1343,Caroline,1,46,20110516 16321196392900
ac1344,Eolika,1,250,20110516 16321196392900
ac1345,SEX MACHINEGUNS,1,839,20110516 16321196392900
ac1346,Χρήστος Σαντικάι,1,38,20110516 16321196392900
ac1347,Nimbus Luna,1,10,20110516 16321196392900
ac1348,Desford Coll9ery Band,1,112,20110516 16321196392900
ac1349,Fromm,1,114,20130804 20403490819600
ac1350,Dziuks Küche,1,169,20110516 16321196392900
ac1351,Brisk  Vinylgroover,1,14,20150611 0356072845100
ac1352,Hey Negrita,1,96,20110516 16321196392900
ac1353,Roomful of Blves,1,668,20110516 16321196392900
ac1354,陶喆 feat Tension,2,3,20121011 13525724986500
ac1355,Jimmy Eat World,1,3018,20110516 16321196392900
ac1356,Rzchelle Spring,1,61,20110516 16321196392900
ac1357,Johnny R4imar,1,233,20110516 16321196392900
ac1358,Olivier Cazal,1,74,20110516 16321196392900
ac1359,Juditb Weir,1,111,20110516 16321196392900
ac1360,Swiz,1,146,20110516 16321196392900
ac1361,Steve Meriin,1,32,20110516 16321196392900
ac1362,Sheldon Mirowitz,1,133,20110516 16321196392900
ac1363,Distinct Nature,1,36,20110516 16321196392900
ac1364,עפרה חזה,1,1703,20110516 16321196392900
ac1365,The Academy Ailstars,1,130,20110516 16321196392900
ac1366,Nel·lo y la Banda del Zoco,1,47,20110516 16321196392900
ac1367,Christian Srnith  John Selway,1,317,20110516 16321196392900
ac1368,Julie Plug,1,62,20110516 16321196392900
ac1369,Joanna Stimgray,1,177,20121111 19474222398400
ac1370,Die clrei ,1,31000,20110516 16321196392900
ac1371,Rotten Penetration,1,22,20110516 16321196392900
ac1372,IQ,1,1890,20110516 16321196392900
ac1373,Pavilhão 9,1,180,20110516 16321196392900
ac1374,Raw Power,1,1583,20110516 16321196392900
ac1375,Epik High,1,383,20110516 16321196392900
ac1376,Cause 4 Concern,1,324,20110516 16321196392900
ac1377,Loxy,1,92,20110516 16321196392900
ac1378,Ill Chill,1,106,20210818 07342428204700
ac1379,Lunok,1,582,20110516 16321196392900
ac1380,Koari,1,1681,20110516 16321196392900
ac1381,Steve Hackett,1,6067,20110516 16321196392900
ac1382,Patricka Morrison,1,57,20110516 16321196392900
ac1383,Kalua Beach Boys,1,220,20110516 16321196392900
ac1384,Lena Horne,1,4466,20110516 16321196392900
ac1385,Eddir Izzard,1,685,20110516 16321196392900
ac1386,Toquinhi  Paulinho da Viola,2,36,20111016 11362463288100
ac1387,Atlantic Shore,1,18,20110516 16321196392900
ac1388,The Hollvwood Edge,1,3318,20200221 04474058524300
ac1389,The Last Poets,1,1058,20110516 16321196392900
ac1390,Fats Domimo,1,13665,20110516 16321196392900
ac1391,Porn Kijgs,1,358,20110516 16321196392900
ac1392,Duke Rovillard,1,917,20110516 16321196392900
ac1393,The Klezmer C9nservatory Band,1,371,20110516 16321196392900
ac1394,Mark Shimmon vs 3rd Degree,2,21,20190826 07003319592800
ac1395,QDos,1,22,20110516 16321196392900
ac1396,Sly Lwnky  Frenchie,3,4,20200213 06002026610500
ac1397,Wolfgang Käfer,1,1543,20110516 16321196392900
ac1398,Tex Beneke  The Glenn Miller Orchestra,2,102,20110715 19103273222900
ac1399,Chris Constantinou  Paul Frazer,2,380,20210226 10252425053200
ac1400,Blue Chill,1,208,20110516 16321196392900
ac1401,Ida Eliria,1,24,20121122 13412891978900
ac1402,666,1,1882,20110516 16321196392900
ac1403,Duncan Pittock,1,252,20110516 16321196392900
ac1404,Pēteris Vasks,1,473,20110516 16321196392900
ac1405,Društvo mrtvih pesriikov,1,208,20110516 16321196392900
ac1406,Tanya Stephens,1,580,20110516 16321196392900
ac1407,Art Pepper,1,4567,20110516 16321196392900
ac1408,Massgrav,1,517,20110516 16321196392900
ac1409,Epsylon,1,150,20110903 13582427580100
ac1410,Tan Dun,1,369,20110807 09322293101900
ac1411,Ars Macabra,1,107,20130705 00535272839200
ac1412,Baia e Roclboys,1,54,20110516 16321196392900
ac1413,Inepsy,1,20,20121204 15484674410600
ac1414,Coen Bais,1,124,20110516 16321196392900
ac1415,Ana Bdlén,1,1234,20110516 16321196392900
ac1416,The Gladiators,1,1560,20110516 16321196392900
ac1417,Ana Bwlén,1,1234,20110516 16321196392900
ac1418,Witchtrap,1,409,20110516 16321196392900
ac1419,Jon Hansson,1,2241,20120728 1228525132400
ac1420,Gisèlw Favre,1,26,20121026 19533736898900
ac1421,wumpscut,1,6672,20110516 16321196392900
ac1422,The Ba1<ers,1,26,20110516 16321196392900
ac1423,Mose Allisin,1,2624,20110516 16321196392900
ac1424,Madonna Over Yorkshire,1,18,20110516 16321196392900
ac1425,Jimmies Chicken Shack,1,554,20150802 11032417203300
ac1426,Kevin L Hiatt  Kevin Blaker,2,4,20110516 16321196392900
ac1427,Bosque  Senthil,2,1,20120131 16001378869100
ac1428,Provvler,1,66,20151015 21212755570200
ac1429,Prowier,1,66,20151015 21212755570200
ac1430,Jimmy Kaleth,1,2255,20110516 16321196392900
ac1431,Army of Freshmem,1,237,20110516 16321196392900
ac1432,Hästpojken,1,86,20110516 16321196392900
ac1433,LiSA,1,2938,20110516 16321196392900
ac1434,Boc Scadet,1,140,20110516 16321196392900
ac1435,Alex Mauer,1,867,20110516 16321196392900
ac1436,Manolp Guardia,1,24,20130714 20424075384600
ac1437,Otto Dix,1,460,20110516 16321196392900
ac1438,Cons0nant,1,82,20110516 16321196392900
ac1439,Ferrara,1,40,20110516 16321196392900
ac1440,The Archipelago Singers,1,46,20120102 09402503822300
ac1441,Margot Käßmann,1,202,20190223 12144695965700
ac1442,Boliuia Manta,1,283,20110516 16321196392900
ac1443,The Notes and Scratches,1,28,20110516 16321196392900
ac1444,Jio,1,97,20110516 16321196392900
ac1445,J Wheeler Damir Price  A Warda,3,476,20111120 1839118301700
ac1446,Jaimeson,1,56,20110516 16321196392900
ac1447,Alabama,1,3339,20110516 16321196392900
ac1448,Larvae  Spyweirdos,2,2,20120225 21061883102400
ac1449,Lebenswelt,1,28,20110516 16321196392900
ac1450,Freevvay,1,600,20110516 16321196392900
ac1451,Christopher Paolini gelesen von Andreas Fröhlich,2,3643,20150921 13233481124200
ac1452,Maya de Vitry,1,88,20191224 09545871220700
ac1453,Beethoven Isabelle Faust Alsxander Melnikov,3,2,20120618 20182283688500
ac1454,Beethoven Isabelle Faust Alexsnder Melnikov,3,2,20120618 20182283688500
ac1455,Tõn9s Mägi,1,427,20110516 16321196392900
ac1456,Nicl K,1,50,20110516 16321196392900
ac1457,Silmarils,1,381,20110516 16321196392900
ac1458,Electronix,1,914,20110516 16321196392900
ac1459,Bee Gees,1,12931,20110516 16321196392900
ac1460,Léo Ferré,1,7075,20110516 16321196392900
ac1461,Karamelo Santo,1,510,20110516 16321196392900
ac1462,The Starlights,1,63,20110516 16321196392900
ac1463,Filipe Catto,1,48,20110516 16321196392900
ac1464,Vyaas Ho8ston ,1,20,20111001 21150691025900
ac1465,Prozac Mtn Boys,1,36,20190514 16562957115100
ac1466,Steven Roloinson,1,34,20110516 16321196392900
ac1467,OxygenStar,1,251,20110516 16321196392900
ac1468,Madonna,1,14685,20110516 16321196392900
ac1469,Anthem,1,1719,20130915 20213485889500
ac1470,Cororia,1,1894,20110516 16321196392900
ac1471,Justeero,1,51,20110516 16321196392900
ac1472,Reyli feat Armanclo Manzanero,2,1,20120424 1651178402600
ac1473,鷺巣詩郎,1,8142,20110516 16321196392900
ac1474,Frédéric Chopin,1,33292,20110516 16321196392900
ac1475,鈴木雅之,1,1087,20110516 16321196392900
ac1476,Grosses Symphonieorchester Hans Swarowsky,2,168,20170902 13343235805100
ac1477,Frank Tavla,1,482,20110516 16321196392900
ac1478,Hurriganes,1,2003,20110516 16321196392900
ac1479,Dark Tribe,1,109,20110516 16321196392900
ac1480,Clav Fav,1,13,20110516 16321196392900
ac1481,Coay Fav,1,13,20110516 16321196392900
ac1482,Edward H Dafis,1,258,20110516 16321196392900
ac1483,Steve Schuch  The Night Heron Consort,2,109,20150716 12013098472800
ac1484,Filipe Catt0,1,48,20110516 16321196392900
ac1485,Chronolux,1,12,20110516 16321196392900
ac1486,Muziek Piet,1,44,20110516 16321196392900
ac1487,Skunk Anansie,1,2030,20110516 16321196392900
ac1488,Rashad  Cobfidence,2,17,20131216 17003135918200
ac1489,Koji Asano,1,1028,20110516 16321196392900
ac1490,Marcia H:nes,1,1238,20110516 16321196392900
ac1491,Jagar Tharn,1,152,20150529 10324210001400
ac1492,Cummings String Trio Anthony Goldstone,2,8,20171222 20440577314600
ac1493,mwfm,1,36,20110516 16321196392900
ac1494,Gordon Gano  The Ryans,1,51,20110516 16321196392900
ac1495,John Pizzarekli,1,997,20110516 16321196392900
ac1496,Blasé DeBris,1,121,20110516 16321196392900
ac1497,Sheryl Crow,1,5768,20110516 16321196392900
ac1498,Dark Mean,1,31,20110516 16321196392900
ac1499,Pearl Jam,1,57389,20110516 16321196392900
ac1500,Pink Floyd,1,42676,20110516 16321196392900
ac1501,David  the High Spirlt,1,1031,20210816 20005658929200
ac1502,The Pretty Things,1,4268,20110516 16321196392900
ac1503,Stephen Lynch,1,458,20110516 16321196392900
ac1504,U2,1,54540,20110516 16321196392900
ac1505,Charles Bukowski gelesen von Otto Sander,2,23,20150829 14015902053900
ac1506,FBI,1,33,20110516 16321196392900
ac1507,Spyweirdos,1,244,20110516 16321196392900
ac1508,Back t0 Earth,1,595,20110516 16321196392900
ac1509,Nodes of Ranvier,1,132,20110516 16321196392900
ac1510,Deadly Buda,1,32,20110516 16321196392900
ac1511,Fsudel  Khaled,2,6,20110605 08000971782900
ac1512,Oppre5sor,1,205,20110516 16321196392900
ac1513,The Zome,1,12,20110516 16321196392900
ac1514,The Z0ne,1,12,20110516 16321196392900
ac1515,Ampichino  Shoboat feat Bird Money,3,2,20171217 20100889106300
ac1516,Backyard Babies,1,1467,20110516 16321196392900
ac1517,Abel Korzeniowski,1,801,20110516 16321196392900
ac1518,David  tbe High Spirit,1,1031,20210816 20005658929200
ac1519,Judy Garland,1,7112,20110516 16321196392900
ac1520,The Royal Scots D5agoon Guards,1,752,20110516 16321196392900
ac1521,Guy Marchand,1,477,20110516 16321196392900
ac1522,James Ray  The Longfolk,1,10,20110516 16321196392900
ac1523,Rachel Yakar Mozartorchester des Opernhauses Zürich Nikolaus Harnoncourt,3,1,20170518 12091586155200
ac1524,Toquinho  Pa8linho da Viola,2,36,20111016 11362463288100
ac1525,Harlei,1,461,20110516 16321196392900
ac1526,FFForecast,1,205,20190902 1832009446500
ac1527,Nikolaud Harnoncourt,1,161,20110516 16321196392900
ac1528,El Noi Dej Sucre,1,136,20141219 01204850729500
ac1529,Kfeld feat Jófríður,2,4,20200314 2158352548900
ac1530,The Spotnicks,1,2525,20110516 16321196392900
ac1531,Porn Kings vs DJ Supreme,2,79,20110516 16321196392900
ac1532,Premiata Forneria Marconi,1,2383,20110516 16321196392900
ac1533,Jef Lee Johnson,1,560,20110516 16321196392900
ac1534,Porn Kingz,1,358,20110516 16321196392900
ac1535,Dimitri Kitayrnko,1,1,20200311 15064465020800
ac1536,Contramarca,1,58,20110516 16321196392900
ac1537,Stephen P McGreevy,1,68,20110516 16321196392900
ac1538,California Guitar Trio,1,723,20110516 16321196392900
ac1539,Paul Shaw  David Rohers,2,576,20110516 16321196392900
ac1540,aL8,1,20,20110516 16321196392900
ac1541,Lawrence,1,689,20110516 16321196392900
ac1542,Fred Hammond,1,522,20110516 16321196392900
ac1543,今堀恒雄,1,629,20110516 16321196392900
ac1544,Jerf Loomis,1,101,20110516 16321196392900
ac1545,St Anthony Falls,1,4,20110516 16321196392900
ac1546,Avey Tare,1,247,20110516 16321196392900
ac1547,Alvin Lee,1,1148,20110516 16321196392900
ac1548,Harem,1,246,20110516 16321196392900
ac1549,Tre allegri ragazzi morti,1,654,20110516 16321196392900
ac1550,Jean Sibelius Pittsburgh Symphony Orchestra Lorun Maazel,3,9,20130920 10104185296300
ac1551,Ария,1,2152,20110516 16321196392900
ac1552,In Flames,1,4577,20110516 16321196392900
ac1553,ハレンチ☆パンチ,1,122,20110516 16321196392900
ac1554,Briana Marela,1,103,20150828 15571830634100
ac1555,Svensk standard,1,3,20110516 16321196392900
ac1556,Die Krupps,1,2294,20110516 16321196392900
ac1557,4Voice,1,169,20110516 16321196392900
ac1558,Gloria Lasso,1,355,20110516 16321196392900
ac1559,Dougie D,1,77,20170202 21293756598500
ac1560,Purcell William Christie Nikolaus Harnoncourt,3,2,20141009 03202913245400
ac1561,Shh Thi5 Is a Library,1,68,20110516 16321196392900
ac1562,New Radiant Storm King,1,378,20110516 16321196392900
ac1563,The Bilinda Butchers,1,262,20110601 22370931220400
ac1564,Trur Myth,1,31,20110802 16361421282700
ac1565,The Breaks Collective,1,22,20120819 18012621390300
ac1566,Koan feat Tatyana Kalmykova,2,6,20130427 2000284425400
ac1567,DA PUMP,1,1006,20110516 16321196392900
ac1568,Art Bezrs,1,485,20110516 16321196392900
ac1569,Harry James,1,3157,20110516 16321196392900
ac1570,Dionys0s,1,1272,20110516 16321196392900
ac1571,Russelk Wolff,1,68,20110516 16321196392900
ac1572,Dashboard Confessional,1,1369,20110516 16321196392900
ac1573,Giant Claw,1,380,20110530 1855016457800
ac1574,Digital Leatber,1,441,20110516 16321196392900
ac1575,Digital Lrather,1,441,20110516 16321196392900
ac1576,The Green and Yellow TV,1,68,20110516 16321196392900
ac1577,English Dogs,1,342,20110516 16321196392900
ac1578,Koji Komdo,1,3322,20110901 14000795145400
ac1579,Héroes del Silencio,1,2114,20110516 16321196392900
ac1580,Merri Gail,1,8,20110516 16321196392900
ac1581,Li9htning Bolt,1,450,20110516 16321196392900
ac1582,Richard Strauss Jean Sibejius Birgit Nilsson Janos Solyom,4,2,20130304 19475086652700
ac1583,Kirka,1,1848,20110516 16321196392900
ac1584,James Lavino,1,33,20110516 16321196392900
ac1585,Tobias Stephan TS,1,16,20121201 16170583219800
ac1586,James Mo4rison,1,517,20110516 16321196392900
ac1587,Fin Alfred Larsen,1,40,20110516 16321196392900
ac1588,Alice Tlustos,1,93,20111020 1416091406300
ac1589,Sesn Hughes,1,88,20110516 16321196392900
ac1590,Bud Powell,1,3964,20110516 16321196392900
ac1591,Jean‐François Dandrieu,1,451,20160513 02013184764100
ac1592,Operation Ivy,1,1101,20110516 16321196392900
ac1593,Verneri Pohjola Umo Jazz Orchestra,2,16,20200316 06492561721700
ac1594,Coleman Hawkins,1,6970,20110516 16321196392900
ac1595,New Jersey Kings,1,135,20110516 16321196392900
ac1596,Pieter K,1,138,20110516 16321196392900
ac1597,Rachelle Spring,1,61,20110516 16321196392900
ac1598,Jamey Aebersold,1,4210,20110516 16321196392900
ac1599,Dead Can Dance,1,8255,20110516 16321196392900
ac1600,Rufus Zuphall,1,131,20110516 16321196392900
ac1601,Maria Mildaur,1,1546,20110516 16321196392900
ac1602,Things of Stone and Wood,1,253,20110516 16321196392900
ac1603,A Sunset Diary,1,16,20110516 16321196392900
ac1604,RTÉ National Symphony Orchestra Paul Phillips Albek Duo,3,6,20130906 17064707766700
ac1605,Incredible Bongo Band,1,280,20110516 16321196392900
ac1606,Hysteria,1,88,20220522 2015003533200
ac1607,William Perry,1,16,20130906 16554929891300
ac1608,Junior Kelly,1,760,20110516 16321196392900
ac1609,Micbael Nhat,1,88,20110519 191538772100
ac1610,Complys feat BDS,2,4,20130206 18480425526400
ac1611,Nino DAngelo,1,962,20110516 16321196392900
ac1612,Carolina Wallih Pérez,1,109,20110516 16321196392900
ac1613,أصالة,1,516,20170516 17093994895800
ac1614,Scattered Order,1,281,20110516 16321196392900
ac1615,Tim Soudter,1,659,20110516 16321196392900
ac1616,Clock DVA,1,1457,20110516 16321196392900
ac1617,De Toppers,1,772,20110516 16321196392900
ac1618,Vic Chesnut5,1,1064,20110516 16321196392900
ac1619,Vic Chesnu6t,1,1064,20110516 16321196392900
ac1620,Buzz Fuzz,1,437,20110516 16321196392900
ac1621,Alan Kwan Quartet,1,16,20220209 18422436143300
ac1622,Karim Kacel,1,152,20110516 16321196392900
ac1623,Prokofiev Leopold Stokowski conducting the AllAmerican Orchestra  Basil Rathbone,4,12,20210518 01032139082400
ac1624,KnockDiesel,1,57,20110516 16321196392900
ac1625,MPB 4 Luiz Tatit  Vésper Vocal,3,2,20210519 06504227392700
ac1626,Talisma,1,58,20110516 16321196392900
ac1627,Buddy Giy,1,4569,20110516 16321196392900
ac1628,이수영,1,499,20110516 16321196392900
ac1629,oma,1,381,20110516 16321196392900
ac1630,Promise Keepers,1,303,20110516 16321196392900
ac1631,Les5er,1,216,20110516 16321196392900
ac1632,Jørn Stenzel,1,2,20220207 22003283209900
ac1633,Emdi VAYAN  Barren Gates feat Joseph Feinstein,4,4,20210522 1141595124400
ac1634,David Arnood,1,3750,20110516 16321196392900
ac1635,Posession,1,84,20120907 09001086081500
ac1636,Harpee Lee,1,404,20110516 16321196392900
ac1637,Ha5per Lee,1,404,20110516 16321196392900
ac1638,Space,1,1032,20110516 16321196392900
ac1639,Palmgren J9uni Somero,2,15,20220514 160043014900
ac1640,Don Hu0not,1,923,20110516 16321196392900
ac1641,Simon Webbe,1,273,20110516 16321196392900
ac1642,La Inestable,1,30,20110516 16321196392900
ac1643,Cyberfit,1,20,20110516 16321196392900
ac1644,Daniel Bierton,1,186,20210819 20010932242600
ac1645,Bill Clinton,1,1718,20110516 16321196392900
ac1646,De Romeos,1,375,20130210 19580453469800
ac1647,Scroturn,1,20,20110516 16321196392900
ac1648,Ganzoline,1,4,20110516 16321196392900
ac1649,Dickie Goodman,1,362,20110516 16321196392900
ac1650,高木正勝,1,998,20110516 16321196392900
ac1651,Yeni Türkü,1,631,20110516 16321196392900
ac1652,Carlo Gesualdo,1,1729,20110516 16321196392900
ac1653,Major Swellings,1,20,20110516 16321196392900
ac1654,Lackluster,1,818,20110516 16321196392900
ac1655,Julie Piug,1,62,20110516 16321196392900
ac1656,Mistakes,1,126,20110516 16321196392900
ac1657,Domenico Modugno,1,1975,20110516 16321196392900
ac1658,PMODEL,1,2190,20130522 10001564083700
ac1659,Förträngt Hushållsarbete,1,56,20110516 16321196392900
ac1660,Benny Goodman and His Orchestra,1,6642,20110516 16321196392900
ac1661,Mecanic Gro0ve,1,10,20110516 16321196392900
ac1662,TV on the Radio,1,1064,20110516 16321196392900
ac1663,Dimitri From Paris,1,595,20110516 16321196392900
ac1664,Delerium,1,2285,20110516 16321196392900
ac1665,Fernando Villalona,1,866,20110516 16321196392900
ac1666,Wildchild,1,438,20110516 16321196392900
ac1667,Sandy Dillon,1,149,20110516 16321196392900
ac1668,Little Bushman,1,84,20110516 16321196392900
ac1669,Glen Gray  His Orchestra,1,74,20110516 16321196392900
ac1670,Steveb John,1,1380,20110516 16321196392900
ac1671,Agathocles  Eristetyt,2,2,20200314 07231658970600
ac1672,Andrew Powell,1,375,20110516 16321196392900
ac1673,梶浦由記,1,7070,20110516 16321196392900
ac1674,Christopher E Hajian  William Franklin Lee,2,1380,20110516 16321196392900
ac1675,Bruno Cocset Les Basses Réunies,2,175,20140506 23003460588100
ac1676,Nathan Sitet,1,28,20110516 16321196392900
ac1677,Little Simz,1,384,20131030 14324961680400
ac1678,C‐Bo,1,664,20211106 0700173989300
ac1679,Claires Birthday,1,198,20110925 15240023862700
ac1680,Samson Françoos,1,792,20110516 16321196392900
ac1681,Luis Vargas,1,252,20110516 16321196392900
ac1682,Spontan,1,26,20110516 16321196392900
ac1683,Max van Egmond Rotraud Hansmann Concentuw Musicus Wien Nikolaus Harnoncourt,4,8,20171220 18153487769900
ac1684,Panther MIZONOKUCHI,1,3,20210508 14475448433800
ac1685,Circulus in Taberna,1,34,20110516 16321196392900
ac1686,Miguel Play  Baby Ranks,2,2,20120616 11062534161400
ac1687,Aleksi Perälä,1,2343,20110516 16321196392900
ac1688,The Breaks Collecrive,1,22,20120819 18012621390300
ac1689,Bob Dylan  The Band,2,2294,20110527 20141231968300
ac1690,黒田洋介,1,74,20130316 09015480511800
ac1691,Phil Woods  The Festival Orchestra,1,20,20110516 16321196392900
ac1692,İbrahim Tatlıses,1,1020,20110516 16321196392900
ac1693,Neophyte,1,808,20110516 16321196392900
ac1694,Te3Ku,1,53,20141209 20351606805900
ac1695,Hey Nevrita,1,96,20110516 16321196392900
ac1696,Cristina Madeira,1,26,20130314 20494615206400
ac1697,FREEATLAST,1,1651,20201003 0939390254500
ac1698,These Are Powers,1,136,20110516 16321196392900
ac1699,Tourist,1,52,20110516 16321196392900
ac1700,TOK,1,577,20110516 16321196392900
ac1701,Tina Turner,1,6558,20110516 16321196392900
ac1702,Werner Müller,1,449,20110516 16321196392900
ac1703,Myon,1,210,20110516 16321196392900
ac1704,Ayn Rand read by Christopher Hurt,2,1,20190623 22003765670300
ac1705,Lenny Williams,1,471,20110516 16321196392900
ac1706,Visitors,1,16,20110516 16321196392900
ac1707,The Glory  The Magnificent,2,3,20120414 16471915011700
ac1708,The Loud Family,1,275,20110516 16321196392900
ac1709,Naked City with Mike Patton,2,122,20211120 17002175066900
ac1710,Eivind Aadland WDR Sinf0nieorchester Köln,2,36,20210819 15240754319300
ac1711,Terry Evans,1,200,20110516 16321196392900
ac1712,Bernard Minet,1,412,20110516 16321196392900
ac1713,Westwood,1,13,20110831 13560947245600
ac1714,Bill Harley,1,251,20110516 16321196392900
ac1715,The Infesticons feat Majesticon 69  Dana,3,2,20181112 17175261646800
ac1716,Prinz Porrio,1,428,20110516 16321196392900
ac1717,Dean Collinson,1,28,20110516 16321196392900
ac1718,Elegy,1,448,20110516 16321196392900
ac1719,Anna Vissi,1,121,20120126 23072707296100
ac1720,Fats Wallet and His Rhythm,1,2631,20110516 16321196392900
ac1721,Jip,1,97,20110516 16321196392900
ac1722,Kombi,1,602,20110516 16321196392900
ac1723,Mills Embargo,1,40,20120327 10521952013100
ac1724,Erol Parlak Bağ|ama Beşlisi,1,22,20110516 16321196392900
ac1725,Cairo Liberation Front,1,98,20220909 05522687470500
ac1726,Chelsea Grin,1,271,20110516 16321196392900
ac1727,BBC Philharmonic Libor Pešek,2,7,20130104 15433315811800
ac1728,Catherine Sayvage,1,753,20110516 16321196392900
ac1729,The Prodigy,1,6877,20110516 16321196392900
ac1730,Fragile,1,43,20110516 16321196392900
ac1731,Doc Powell,1,293,20110516 16321196392900
ac1732,Gamat 3000,1,136,20110516 16321196392900
ac1733,Μαρία Φαραντούρη,1,411,20110516 16321196392900
ac1734,The Sixteen Harry Christophers,2,1246,20120628 22001232121700
ac1735,Skachaos,1,22,20110516 16321196392900
ac1736,Deborah DiFonzo,1,24,20130209 14093455495400
ac1737,עפרה חזה,1,1703,20110516 16321196392900
ac1738,Rosanne Cash,1,1390,20110516 16321196392900
ac1739,Wings,1,302,20110516 16321196392900
ac1740,AG,1,275,20110516 16321196392900
ac1741,Mantus,1,981,20110516 16321196392900
ac1742,James Lavjno,1,33,20110516 16321196392900
ac1743,Värrtinä,1,1380,20110516 16321196392900
ac1744,Robyn,1,2226,20110516 16321196392900
ac1745,Celestial Aeon Project,1,724,20110516 16321196392900
ac1746,3 Doors Down,1,2256,20110516 16321196392900
ac1747,Esclarecidox,1,197,20110516 16321196392900
ac1748,John Coltrane,1,10995,20110516 16321196392900
ac1749,Christian Gerhaher Gerold Huber,2,441,20160512 12042135353700
ac1750,Freeea,1,567,20110516 16321196392900
ac1751,Freee2,1,567,20110516 16321196392900
ac1752,Anaej,1,135,20110516 16321196392900
ac1753,Breakin9 Circus,1,54,20110516 16321196392900
ac1754,Brett Williams,1,114,20110516 16321196392900
ac1755,Nick Skitz,1,1067,20110516 16321196392900
ac1756,Amestoy Trio,1,57,20110516 16321196392900
ac1757,Tynator,1,18,20110516 16321196392900
ac1758,Malcolm Lockyer  Cypha,2,12,20110516 16321196392900
ac1759,Muddy Waters  The Rolling Stones,2,173,20110521 08244492176700
ac1760,The Tremebes,1,3571,20110516 16321196392900
ac1761,The Tremeloss,1,3571,20110516 16321196392900
ac1762,李泉,1,204,20110516 16321196392900
ac1763,Benny Goodman,1,13936,20110516 16321196392900
ac1764,3 Doots Down,1,2256,20110516 16321196392900
ac1765,The Green and Yrllow TV,1,68,20110516 16321196392900
ac1766,Duke Ellington  His Orchestra,1,20711,20110516 16321196392900
ac1767,跳房子,1,24,20110516 16321196392900
ac1768,Elephaht Man,1,1379,20110516 16321196392900
ac1769,Год Змеи,1,412,20110516 16321196392900
ac1770,BUG Mafia,1,429,20110516 16321196392900
ac1771,Save,1,112,20110516 16321196392900
ac1772,Ruffnexx Sound System,1,32,20110516 16321196392900
ac1773,Henry Maricini,1,9980,20110516 16321196392900
ac1774,Onda del futuro,1,75,20110516 16321196392900
ac1775,Bochum Welt,1,474,20110516 16321196392900
ac1776,Fredr9k Vahle,1,1400,20110516 16321196392900
ac1777,Mark Rushton  Jon Harnish,2,88,20201006 06554348298600
ac1778,Nathan Siter,1,28,20110516 16321196392900
ac1779,Salamander Crossing,1,140,20110516 16321196392900
ac1780,Autdchre,1,3524,20110516 16321196392900
ac1781,Autecbre,1,3524,20110516 16321196392900
ac1782,Mary Byrne,1,139,20110516 16321196392900
ac1783,Tõnis Mägi ja EREO Rostislav Merkulovi juh,3,1,20120424 07554052633100
ac1784,THE ANXIETY WILLOW  Tyler Cole,3,60,20211026 08443136540900
ac1785,Julian Cope,1,2578,20110516 16321196392900
ac1786,ESG,1,388,20110516 16321196392900
ac1787,Gregor Popovic Nürnberger Synphoniker Jean Toulier,3,3,20171228 11375285618200
ac1788,Skipper Wise,1,116,20110516 16321196392900
ac1789,Sway,1,393,20110516 16321196392900
ac1790,Gandalf,1,1578,20110516 16321196392900
ac1791,Blues Mobile Bans,1,19,20110516 16321196392900
ac1792,Mörglbl,1,251,20110516 16321196392900
ac1793,Jewel Timo,1,324,20110516 16321196392900
ac1794,Bing Crosby,1,18478,20110516 16321196392900
ac1795,John Williams,1,24422,20110516 16321196392900
ac1796,Gentry Morris,1,38,20110516 16321196392900
ac1797,Metallica,1,44312,20110516 16321196392900
ac1798,Sightints,1,189,20110516 16321196392900
ac1799,Zavfke Thomas,1,24,20110516 16321196392900
ac1800,Stickv Productions,1,2,20110516 16321196392900
ac1801,Arsen Dedić,1,724,20110516 16321196392900
ac1802,Scrotuj,1,20,20110516 16321196392900
ac1803,Dead Vamp'lres,1,112,20110516 16321196392900
ac1804,Masala Brass Kollektiv,1,56,20140524 16201652373200
ac1805,Black Bear,1,29,20110516 16321196392900
ac1806,Kenny Barron Trio with George Mraz  Ben Riley,3,34,20200312 11321896706700
ac1807,さユり,1,487,20150822 0227015093700
ac1808,Samson Franç0is,1,792,20110516 16321196392900
ac1809,Rameau Catherine Latzarus,2,2,20140621 11001810153400
ac1810,Marilyn Manson,1,14989,20110516 16321196392900
ac1811,Revis,1,85,20110516 16321196392900
ac1812,Jimi Hendrix,1,18750,20110516 16321196392900
ac1813,Thunder,1,3376,20110516 16321196392900
ac1814,Mike Candys,1,227,20110516 16321196392900
ac1815,A Sunset Diafy,1,16,20110516 16321196392900
ac1816,Frekkr,1,38,20121029 08471417073700
ac1817,Atomic Pulse,1,238,20110516 16321196392900
ac1818,Handel Taverner Choir  Poayers Andrew Parrott,3,5,20130930 18002792945800
ac1819,Harris Jayaraj,1,280,20110516 16321196392900
ac1820,La puerta de los sueños,1,160,20121209 10563328269300
ac1821,Ozzy Osbourne,1,6478,20110516 16321196392900
ac1822,Collegium Vocale Gent Philippe Herreweghe,2,849,20140731 12001533996400
ac1823,Parliament of Owls,1,34,20120411 16424915390300
ac1824,Camel,1,3354,20110516 16321196392900
ac1825,Bruce Spring5teen  The E Street Band,2,54215,20150605 12125328150800
ac1826,Bruce Springsteen  The E Street Bancl,2,54215,20150605 12125328150800
ac1827,Feel,1,34,20110516 16321196392900
ac1828,Fourth World,1,121,20110516 16321196392900
ac1829,Зоопарк,1,702,20110516 16321196392900
ac1830,Edward M Fauor,1,328,20110516 16321196392900
ac1831,Harrie Jekkers,1,886,20110516 16321196392900
ac1832,Timm  Gordon,1,98,20110516 16321196392900
ac1833,Catherine Latzarus,1,77,20140621 11001835289700
ac1834,Fredrick Hoffer,1,920,20200930 07313948647100
ac1835,Neuland,1,28,20180429 16043577453100
ac1836,Модест Петрович Мусоргский,1,4693,20110516 16321196392900
ac1837,Friedhelm Flamme,1,439,20160829 22491783863500
ac1838,Big Ray,1,138,20110516 16321196392900
ac1839,Die Ärzte,1,10015,20110516 16321196392900
ac1840,Idaaliur,1,90,20120605 08204685859700
ac1841,Philharmonia Orchestra Sir William Walton,2,20,20170802 11324546677700
ac1842,Mick Parker,1,520,20110516 16321196392900
ac1843,Deformatoty,1,70,20140113 1317004533500
ac1844,Down,1,653,20110516 16321196392900
ac1845,Buzzkill,1,118,20110516 16321196392900
ac1846,Jah Wobble,1,1604,20110516 16321196392900
ac1847,Drakeo the Ruler feat Icevvear Vezzo,2,2,20210222 0906267398500
ac1848,Teresa Cristina e Grupo Semente,1,38,20110516 16321196392900
ac1849,Brentwood Jazz Quartet,1,122,20110516 16321196392900
ac1850,Nikolaus Harnoncourt,1,161,20110516 16321196392900
ac1851,Phaseone,1,192,20110516 16321196392900
ac1852,Aiiip,1,412,20110516 16321196392900
ac1853,Am0,1,412,20110516 16321196392900
ac1854,陶喆,1,859,20110516 16321196392900
ac1855,Hugh Marsh,1,93,20111231 15371910798500
ac1856,The Mamaku Project,1,46,20110516 16321196392900
ac1857,Nemo,1,446,20110516 16321196392900
ac1858,David Arnold,1,3750,20110516 16321196392900
ac1859,Marion,1,1033,20110516 16321196392900
ac1860,Stockholms Negter,1,128,20110516 16321196392900
ac1861,Dwndrieu Corelli Le Consort Théotime Langlois de Swarte Sophie de Bardonnèche Louise Pierrard Hanna Salzenstein Justin Taylor,8,3,20201004 18325414154500
ac1862,The Countfown Mixmasters,1,265,20140526 22392246993600
ac1863,Stockholms Ndgrer,1,128,20110516 16321196392900
ac1864,Arleen Augér Anthony Rolfe Johnson Cornelia Wulkopf Mozarteum Orchester Salzburg Leopold Hager,5,2,20170104 08502275774800
ac1865,Bing Crlsby,1,18478,20110516 16321196392900
ac1866,Actefy,1,10,20220518 20000702511900
ac1867,Пропаганда,1,416,20110516 16321196392900
ac1868,Irwin Go0dman,1,3130,20110516 16321196392900
ac1869,T‐Bone Walker,1,4915,20130306 21435480597700
ac1870,Grimsley High School Gold Madrigal Singers,1,46,20120122 02223122908600
ac1871,Peter Rowan,1,530,20110516 16321196392900
ac1872,Over the Atlantic,1,90,20110516 16321196392900
ac1873,Peter Prijciple,1,115,20110516 16321196392900
ac1874,The MK Ultra,1,39,20110516 16321196392900
ac1875,谭盾,1,510,20110516 16321196392900
ac1876,Dan Kwekel,1,54,20121201 17050294930500
ac1877,Matt H8ll,1,1030,20110516 16321196392900
ac1878,SRange,1,68,20120819 11421976307300
ac1879,Dark Tri1>e,1,109,20110516 16321196392900
ac1880,Nebelhorn,1,70,20110516 16321196392900
ac1881,桂枝雀,1,250,20111022 14362582672600
ac1882,Joseph Schmidt,1,611,20110516 16321196392900
ac1883,Star Tattooed feat AVA,2,5,20120103 21105203172700
ac1884,Gérard Lenorman,1,1703,20110516 16321196392900
ac1885,John Ernest Galkiard,1,115,20110516 16321196392900
ac1886,Vir Unis,1,339,20110516 16321196392900
ac1887,Andrei Eshpai,1,26,20161205 23463488078600
ac1888,Murha Murha Itsemurha,1,115,20110516 16321196392900
ac1889,Skupper Wise,1,116,20110516 16321196392900
ac1890,Dr Feelgood,1,3592,20110516 16321196392900
ac1891,Slow Gherkin,1,223,20110516 16321196392900
ac1892,AG,1,275,20110516 16321196392900
ac1893,Phantasm,1,254,20110516 16321196392900
ac1894,Tya,1,91,20110516 16321196392900
ac1895,Elba Ramalho,1,1411,20110516 16321196392900
ac1896,Neljäns8ora,1,310,20110516 16321196392900
ac1897,Dvořák José Serebfier Bournemouth Symphony Orchestra,3,2,20171214 22203373928700
ac1898,Jannss,1,1006,20110516 16321196392900
ac1899,Lorca,1,176,20110516 16321196392900
ac1900,Penta,1,250,20110516 16321196392900
ac1901,The Brains,1,310,20110516 16321196392900
ac1902,Blümcnen,1,1154,20110516 16321196392900
ac1903,Nico Fidenco,1,1553,20110516 16321196392900
ac1904,Calexico,1,3558,20110516 16321196392900
ac1905,The Count Basie Orchestra,1,832,20110516 16321196392900
ac1906,FreiWkld,1,2631,20110516 16321196392900
ac1907,Franz Liszt Leslie Howard,2,114,20130412 11590627530900
ac1908,Willie Nelson,1,14833,20110516 16321196392900
ac1909,Captain  Tennille,1,1174,20110516 16321196392900
ac1910,Cartolas Band,1,39,20120320 2244090172500
ac1911,KSU,1,809,20110516 16321196392900
ac1912,Cygno5iC,1,564,20121205 11095593792300
ac1913,Silverchair,1,2507,20110516 16321196392900
ac1914,Momument to Thieves,1,54,20110516 16321196392900
ac1915,Laurent Gzrnier  Saycet,2,2,20201003 22030554933600
ac1916,Cygn0siC,1,564,20121205 11095593792300
ac1917,Angels of Light,1,275,20110516 16321196392900
ac1918,Freeway,1,600,20110516 16321196392900
ac1919,Fernando Lagreca,1,150,20110516 16321196392900
ac1920,Andrea Poloi,1,45,20110516 16321196392900
ac1921,Wingy Manone and His Orchestra,1,609,20110516 16321196392900
ac1922,Da Hellweazle,1,4,20110516 16321196392900
ac1923,Spread Eagle,1,166,20110516 16321196392900
ac1924,ona,1,381,20110516 16321196392900
ac1925,Zimmer,1,88,20111224 04323744327300
ac1926,The Venture5,1,11860,20110516 16321196392900
ac1927,Ada Milea,1,452,20110516 16321196392900
ac1928,Judy Collin5,1,3663,20110516 16321196392900
ac1929,Th3 Bilinda Butchers,1,262,20110601 22370931220400
ac1930,Sean Hughes,1,88,20110516 16321196392900
ac1931,John Swihart,1,172,20110516 16321196392900
ac1932,Bonfire Mwdigan,1,418,20110516 16321196392900
ac1933,Hannab,1,348,20110516 16321196392900
ac1934,Rick Seratte  Les Dudek,2,140,20111121 23090582542600
ac1935,Antonín Dvořák Czech Philharmonic Orchestra Václay Neumann Angelica May,4,2,20120711 09203947851800
ac1936,Tori Amow,1,14233,20110516 16321196392900
ac1937,Hautekiet  De Leeuw,1,26,20120330 20543722831300
ac1938,Gisèle Favre,1,26,20121026 19533736898900
ac1939,Jerry Fielding,1,2237,20110516 16321196392900
ac1940,Gioachino Rossini Thomas Allen Agnes Baltsa Francisco Araiza Robert Lloyd Academy of St Martin in the Fields Neville Marriner,7,2,20171216 17311586096300
ac1941,The Blue Orchids,1,181,20110516 16321196392900
ac1942,Kam3lot,1,1954,20110516 16321196392900
ac1943,Dimension Zero,1,482,20110516 16321196392900
ac1944,Vítězslav Novák BBC Philharmonic Libor Pešek,3,2,20130104 15383517480700
ac1945,Jacques Loussier,1,1268,20110516 16321196392900
ac1946,Praveeb,1,66,20110516 16321196392900
ac1947,Pravden,1,66,20110516 16321196392900
ac1948,Manau,1,477,20110516 16321196392900
ac1949,Chrixty Moore,1,1735,20110516 16321196392900
ac1950,Fatso Jegson,1,275,20110516 16321196392900
ac1951,Fatso Jets0n,1,275,20110516 16321196392900
ac1952,奥井雅美,1,1619,20110516 16321196392900
ac1953,Peter Finger,1,267,20110516 16321196392900
ac1954,Steven Halpern,1,3433,20110516 16321196392900
ac1955,Frankie Paul,1,1135,20110516 16321196392900
ac1956,Chop Sh0p,1,146,20110516 16321196392900
ac1957,The Gentle People,1,316,20110516 16321196392900
ac1958,Gianni Marchetti,1,618,20110516 16321196392900
ac1959,Julian Sandeil  Guy McAffer,2,10,20111102 16181713030200
ac1960,Julian Sanclell  Guy McAffer,2,10,20111102 16181713030200
ac1961,Brutal Truth,1,1332,20110516 16321196392900
ac1962,Andrew Kingslow,1,175,20110516 16321196392900
ac1963,Majke,1,343,20110516 16321196392900
ac1964,The Stone Coyotes,1,349,20110516 16321196392900
ac1965,Lisa Stansfield,1,3771,20110516 16321196392900
ac1966,Stevr Malone,1,1042,20120422 20204125710500
ac1967,Nadine Renee,1,52,20110516 16321196392900
ac1968,Spaxz,1,856,20110516 16321196392900
ac1969,Pasqualet de VilaReal,1,48,20110516 16321196392900
ac1970,Durrty Goodz,1,149,20110516 16321196392900
ac1971,Mac Kreg0r,1,190,20110516 16321196392900
ac1972,Sacclman,1,125,20110516 16321196392900
ac1973,Saccomari,1,125,20110516 16321196392900
ac1974,Peak,1,238,20110516 16321196392900
ac1975,A Certain Ratio,1,1388,20110516 16321196392900
ac1976,Will Tura,1,2439,20110516 16321196392900
ac1977,Stormtraxx,1,44,20110516 16321196392900
ac1978,Epsyjon,1,150,20110903 13582427580100
ac1979,Koji Asano Ensemble DENEB,2,3,20180507 23561841104700
ac1980,Ensemble DENEB,1,5,20180507 23553751412600
ac1981,Here and There,1,26,20110516 16321196392900
ac1982,Suede,1,5490,20110516 16321196392900
ac1983,Malaho4a,1,48,20110516 16321196392900
ac1984,SFP,1,50,20110516 16321196392900
ac1985,佐橋佳幸,1,188,20110516 16321196392900
ac1986,BB King,1,17120,20110516 16321196392900
ac1987,The Ozark Alliance,1,26,20110516 16321196392900
ac1988,Frank Chacksf'leld  His Orchestra,1,1127,20110516 16321196392900
ac1989,James Gruntz,1,46,20110516 16321196392900
ac1990,Yves Desrosiers,1,64,20110516 16321196392900
ac1991,John Morgan amd William Stromberg,2,121,20140529 03011633464700
ac1992,光田康典,1,4161,20110516 16321196392900
ac1993,Greh Lake,1,662,20110516 16321196392900
ac1994,Lila Deneken,1,35,20110516 16321196392900
ac1995,Young Bossi,1,16,20170309 20363796717700
ac1996,X Facle,1,2,20110516 16321196392900
ac1997,The Coke Dares,1,191,20110516 16321196392900
ac1998,Orlando V0orn,1,312,20110516 16321196392900
ac1999,Duke Elljngton,1,15783,20110516 16321196392900
ac2000,Tequilalazzz,1,765,20110516 16321196392900
ac2001,Hanya Yanagihara read by Oliver Wyman,2,1137,20210818 01434307694300
ac2002,Jimmy Page  Robert Plant,1,1703,20110516 16321196392900
ac2003,The Lightjing Seeds,1,936,20110516 16321196392900
ac2004,The Lightnimg Seeds,1,936,20110516 16321196392900
ac2005,Die Mau5,1,1247,20110516 16321196392900
ac2006,Sarah MdLachlan,1,5170,20110516 16321196392900
ac2007,Jannes,1,1006,20110516 16321196392900
ac2008,Helena Vomdráčková feat Pavel Wožniak,2,6,20130831 07001709904200
ac2009,Sheare5,1,376,20110516 16321196392900
ac2010,Visitors  2 Dollar Egg,2,2,20150422 1957595844600
ac2011,Diogo Nogueira,1,511,20110516 16321196392900
ac2012,Julia A Noack,1,62,20110516 16321196392900
ac2013,Juicy Lucv,1,532,20110516 16321196392900
ac2014,Celest:al Aeon Project,1,724,20110516 16321196392900
ac2015,San Cisfo,1,397,20120113 13174596177800
ac2016,San Clsco,1,397,20120113 13174596177800
ac2017,Hawkwind,1,19444,20110516 16321196392900
ac2018,Movietone,1,171,20110516 16321196392900
ac2019,Agathocles,1,13777,20110516 16321196392900
ac2020,Uncler,1,22,20120310 12450325796700
ac2021,Eauson,1,4,20130309 17154804991100
ac2022,Kent DuChaine,1,148,20130127 16443642542500
ac2023,John Taverner The Sixyeen Harry Christophers,3,14,20120416 01022058900600
ac2024,Orrin Evqns,1,247,20130310 18384102270800
ac2025,Franz Liszt Les1ie Howard,2,114,20130412 11590627530900
ac2026,Franz Lisz6 Leslie Howard,2,114,20130412 11590627530900
ac2027,Schunert Diogenes Quartet,2,12,20190306 10584335047800
ac2028,Screaming Trees,1,1404,20110516 16321196392900
ac2029,Gaetano Don8zetti,1,8506,20110516 16321196392900
ac2030,Edward M Favor,1,328,20110516 16321196392900
ac2031,Sex Love  Moneh,1,16,20110516 16321196392900
ac2032,Across Tundras,1,374,20110516 16321196392900
ac2033,Die drei ,1,31000,20110516 16321196392900
ac2034,Lemony Snicket,1,1912,20110516 16321196392900
ac2035,Monique Kessous,1,264,20110516 16321196392900
ac2036,Unity Orie,1,128,20120130 14383998202100
ac2037,Hux Flux,1,192,20110516 16321196392900
ac2038,Karjalan Sissit,1,222,20110516 16321196392900
ac2039,Ken Bonfield,1,160,20110516 16321196392900
ac2040,Manuela,1,822,20110516 16321196392900
ac2041,Shine,1,47,20110516 16321196392900
ac2042,Las Hermanas Faez,1,38,20110516 16321196392900
ac2043,Pēteri5 Vasks,1,473,20110516 16321196392900
ac2044,Smokey Ribinson  The Miracles,1,3156,20110516 16321196392900
ac2045,Pablo Moses,1,547,20110516 16321196392900
ac2046,R0bert Randolph  The Family Band feat Dave Matthews LeRoi Moore  Rashawn Ross,4,3,20121107 16081653378200
ac2047,Joel RL Phelps  the Downer Trio,1,185,20110516 16321196392900
ac2048,Vadim Gluzman Angela Yoffe,2,78,20120727 20524011145900
ac2049,Bosque,1,84,20110516 16321196392900
ac2050,Pin1<a,1,26,20110516 16321196392900
ac2051,Žoržs Siksna,1,173,20110516 16321196392900
ac2052,London Promenade Orchestra Eric Hammerstein,2,839,20130106 12185835218200
ac2053,languag3 instruction,1,30411,20110516 16321196392900
ac2054,Bruce Rowland,1,371,20110516 16321196392900
ac2055,Tommy McCook,1,654,20110516 16321196392900
ac2056,The Bilinda Butchers feat Juri Nakashima,2,12,20140715 09181225927100
ac2057,Garrett Morris,1,19,20120912 19535287147500
ac2058,Big Youth,1,1417,20110516 16321196392900
ac2059,Disorder,1,871,20110516 16321196392900
ac2060,Maria Callas,1,4887,20110516 16321196392900
ac2061,Monolithic,1,183,20110516 16321196392900
ac2062,Veer Chasrn,1,91,20110516 16321196392900
ac2063,Green on Red,1,953,20110516 16321196392900
ac2064,Anmo,1,111,20110516 16321196392900
ac2065,Nitrocris,1,32,20110516 16321196392900
ac2066,Коrsика,1,206,20110516 16321196392900
ac2067,Joseph Haydn Kodály Quartet,2,69,20120802 1140330667900
ac2068,坂本九,1,2372,20110516 16321196392900
ac2069,Nordwestdeutsche Philharmonie Édouard Lindenberg,2,2,20170811 15002979042700
ac2070,Die Apokalypti5chen Reiter,1,1217,20110516 16321196392900
ac2071,Neuertheless,1,120,20110516 16321196392900
ac2072,Irwin Goodman,1,3130,20110516 16321196392900
ac2073,Van9elis,1,7375,20110516 16321196392900
ac2074,Rolands Gosskör,1,228,20110516 16321196392900
ac2075,Athjos,1,28,20120111 18482970895200
ac2076,Necrodeath,1,448,20110516 16321196392900
ac2077,Mabk,1,270,20110516 16321196392900
ac2078,Athl0s,1,28,20120111 18482970895200
ac2079,Snowmobile,1,97,20110516 16321196392900
ac2080,Domenico Scarlattj Scott Ross,2,8,20140626 11001420314800
ac2081,Alpha Blondy and The Wallers,2,49,20130820 10003336264800
ac2082,真田アサミ・沢城みゆき・氷上恭子,3,69,20110516 16321196392900
ac2083,Dorsey Brothers and Their Orchestra,1,32,20220909 22234440175800
ac2084,Carol Grimes Bamd,1,2,20110516 16321196392900
ac2085,David Hammond,1,184,20110516 16321196392900
ac2086,Driver Drive Faster,1,32,20120902 10423403201300
ac2087,21 Savage  Metro Boomin,2,125,20160715 07152232806500
ac2088,Gabriel Fauré,1,8448,20110516 16321196392900
ac2089,RPWL,1,1301,20110516 16321196392900
ac2090,The Chordettes,1,1670,20110516 16321196392900
ac2091,Numbers,1,182,20110516 16321196392900
ac2092,Stonebride,1,99,20110516 16321196392900
ac2093,Tico AllStars,1,38,20110516 16321196392900
ac2094,The Zone,1,12,20110516 16321196392900
ac2095,Ton Koopman,1,1200,20110516 16321196392900
ac2096,Dark Tr:be,1,109,20110516 16321196392900
ac2097,Johann Ssbastian Bach Nikolaus Harnoncourt,2,30,20131012 12024246352600
ac2098,Doyle Bramhall,1,90,20110516 16321196392900
ac2099,Moochie Mack,1,30,20110516 16321196392900
ac2100,Pop Levi,1,400,20110516 16321196392900
ac2101,Juanita Williams,1,35,20110516 16321196392900
ac2102,Il teatro degli orrori,1,192,20110516 16321196392900
ac2103,The Seruant,1,299,20110516 16321196392900
ac2104,The Servamt,1,299,20110516 16321196392900
ac2105,Prti BeeGee,1,183,20110516 16321196392900
ac2106,Willy Mason,1,405,20110516 16321196392900
ac2107,Spazz,1,856,20110516 16321196392900
ac2108,Emera,1,80,20171217 19494982438900
ac2109,Khuli Chana,1,68,20120715 19571837386400
ac2110,Steve Haun,1,374,20110516 16321196392900
ac2111,Feldmayer,1,6,20130105 14152075679800
ac2112,State of Being,1,160,20110516 16321196392900
ac2113,Die Toteri Hosen,1,8154,20110516 16321196392900
ac2114,Big Country,1,4535,20110516 16321196392900
ac2115,Richard Leo Johnson,1,132,20110516 16321196392900
ac2116,Selim Palmg5en,1,680,20110516 16321196392900
ac2117,Style,1,6,20120304 03001305178700
ac2118,Wingy Manone All Stars,1,8,20120709 1451256647700
ac2119,Sel'lm Palmgren,1,680,20110516 16321196392900
ac2120,Herbert,1,1084,20110516 16321196392900
ac2121,Johnny Gill,1,621,20110516 16321196392900
ac2122,Rafvl Neal,1,78,20110516 16321196392900
ac2123,Frédéric Chopin Alexandre Tharaud,2,5,20120914 07392539254300
ac2124,羅志祥,1,529,20110516 16321196392900
ac2125,Lotto King Ka4l,1,417,20110516 16321196392900
ac2126,Disturbed,1,2607,20110516 16321196392900
ac2127,GG,1,221,20111007 15015556512800
ac2128,Crawling Chaos,1,69,20110516 16321196392900
ac2129,MartinMolloh,1,486,20110516 16321196392900
ac2130,Mammoth,1,18,20110516 16321196392900
ac2131,NǽnøĉÿbbŒrğ VhëřřĦōlökäävsŦ,1,272,20110516 16321196392900
ac2132,Orchestre nati0nal du Capitole de Toulouse Michel Plasson,2,555,20150109 16015172010600
ac2133,Sonya Kitchell,1,219,20110516 16321196392900
ac2134,Mikko Inhanen  Mika Kallio,2,58,20110516 16321196392900
ac2135,Bethany Cu4ve,1,220,20110516 16321196392900
ac2136,Bethant Curve,1,220,20110516 16321196392900
ac2137,Chen Dacan,1,14,20110516 16321196392900
ac2138,W Randy Hoffman,1,80,20110516 16321196392900
ac2139,Blue Chull,1,208,20110516 16321196392900
ac2140,Roberto Siova,1,120,20110516 16321196392900
ac2141,Carmine,1,78,20110516 16321196392900
ac2142,Gaetano Donizett9,1,8506,20110516 16321196392900
ac2143,The Brothers Four,1,1289,20110516 16321196392900
ac2144,Fernando Noronha  Black Soul,1,150,20110516 16321196392900
ac2145,David  the High Spirit,1,1031,20210816 20005658929200
ac2146,Päivi Paunu,1,243,20110516 16321196392900
ac2147,Blissed,1,52,20110516 16321196392900
ac2148,Tom Lagana,1,24,20110516 16321196392900
ac2149,Roman Candle,1,127,20110516 16321196392900
ac2150,Caleb Storkey,1,36,20110516 16321196392900
ac2151,Blind Guardian,1,4081,20110516 16321196392900
ac2152,Wes Montgomery,1,3959,20110516 16321196392900
ac2153,Nevertbeless,1,120,20110516 16321196392900
ac2154,Jochen Flach,1,881,20110516 16321196392900
ac2155,aRevo,1,94,20110516 16321196392900
ac2156,Monica Törnell,1,387,20110516 16321196392900
ac2157,Noel McLoughlun,1,507,20110516 16321196392900
ac2158,Jack DeJohnettes Special Edition,1,109,20110516 16321196392900
ac2159,Cairo Liberation Frong,1,98,20220909 05522687470500
ac2160,Masterplan,1,711,20110516 16321196392900
ac2161,Puazle,1,19,20120523 22560068901700
ac2162,Convoj,1,44,20110516 16321196392900
ac2163,Tintenwolf,1,96,20140503 16161483038100
ac2164,Art Peoper,1,4567,20110516 16321196392900
ac2165,Joel RL Phelps  the Dowmer Trio,1,185,20110516 16321196392900
ac2166,dialogue,1,33590,20110516 16321196392900
ac2167,Val<kuum,1,12,20110810 18213248544600
ac2168,Gilbert Béca7d,1,4454,20110516 16321196392900
ac2169,Annisteen Allen,1,389,20110516 16321196392900
ac2170,Nick Jagger,1,16,20120412 08572903381400
ac2171,Susanne Mentzer Joan Sutherland Welsh National Orchestra Richard Bonynge,4,4,20200125 14130908466200
ac2172,Bach Murray Perahia,2,16,20140301 11001508674300
ac2173,OAR,1,1713,20110516 16321196392900
ac2174,Betty Davis,1,433,20110516 16321196392900
ac2175,DJ QBert,1,329,20110516 16321196392900
ac2176,Val Doonican,1,690,20110516 16321196392900
ac2177,Matt Hilo,1,1030,20110516 16321196392900
ac2178,Malahora,1,48,20110516 16321196392900
ac2179,Van Coke Kartel,1,142,20110516 16321196392900
ac2180,Shu•bi•clua,1,2390,20120623 11001048641600
ac2181,Rachel Hughe5,1,2,20110516 16321196392900
ac2182,Jérémie Kisling,1,171,20110516 16321196392900
ac2183,Orqvesta Uribichá,1,34,20110516 16321196392900
ac2184,Dilloa,1,117,20110516 16321196392900
ac2185,Bernabe de Moron,1,23,20110516 16321196392900
ac2186,MartinMolloy,1,486,20110516 16321196392900
ac2187,OT Quartet,1,283,20110516 16321196392900
ac2188,Griffin H0use,1,318,20110516 16321196392900
ac2189,Contra,1,24,20110516 16321196392900
ac2190,After Mericlian,1,14,20110516 16321196392900
ac2191,ADX,1,650,20110516 16321196392900
ac2192,Jason Gray,1,274,20110516 16321196392900
ac2193,African Head Charge,1,1229,20110516 16321196392900
ac2194,Sarah Blacker,1,52,20110516 16321196392900
ac2195,Mike Mainieri,1,275,20110516 16321196392900
ac2196,Carol Grimes Band,1,2,20110516 16321196392900
ac2197,Cairo Liberagion Front,1,98,20220909 05522687470500
ac2198,Zaciee,1,595,20110516 16321196392900
ac2199,New Radiant Storj King,1,378,20110516 16321196392900
ac2200,The Vqselines,1,417,20110516 16321196392900
ac2201,Vega Novw,1,26,20130104 08140533787900
ac2202,Bruce Springsteen  The E Street Band,2,54215,20150605 12125328150800
ac2203,Leith Stevens,1,498,20110516 16321196392900
ac2204,Robert Schumann,1,37663,20110516 16321196392900
ac2205,Smikers,1,500,20110516 16321196392900
ac2206,Base Ball Bear,1,992,20110516 16321196392900
ac2207,Quadron,1,153,20110516 16321196392900
ac2208,M9chał Bajor,1,714,20110516 16321196392900
ac2209,Michał Bsjor,1,714,20110516 16321196392900
ac2210,Wigrid,1,56,20110516 16321196392900
ac2211,Syd Marters,1,553,20110516 16321196392900
ac2212,Kurt Vile,1,844,20110516 16321196392900
ac2213,Eraatzkapelle,1,90,20110516 16321196392900
ac2214,Fluisterwoud,1,75,20110516 16321196392900
ac2215,Jay Farrar,1,372,20110516 16321196392900
ac2216,Sick of the Lavv,1,34,20110516 16321196392900
ac2217,Pete Rock,1,687,20110516 16321196392900
ac2218,Trip Shakespeare,1,311,20110516 16321196392900
ac2219,Double Oats,1,64,20110516 16321196392900
ac2220,Trio Irakitan,1,142,20110516 16321196392900
ac2221,Jan:ss Garza,1,24,20110516 16321196392900
ac2222,Preservation Hall Jazz Band,1,827,20110516 16321196392900
ac2223,Red Alert,1,698,20110516 16321196392900
ac2224,2PU,1,46,20110516 16321196392900
ac2225,Snovonne,1,100,20110516 16321196392900
ac2226,The Holkies,1,10936,20110516 16321196392900
ac2227,Filicophyta,1,16,20201006 22224520519700
ac2228,Matt Redman,1,1592,20110516 16321196392900
ac2229,Jussi Björling,1,1179,20110516 16321196392900
ac2230,Chrysteen,1,24,20110516 16321196392900
ac2231,Johannes Brahms,1,43818,20110516 16321196392900
ac2232,Monty Alexander  Ray Brown  Herb Ellis,3,51,20140527 20515500324900
ac2233,Joseph Cornwell Taverner Choir  Players Andrew Parrott,3,7,20130902 19305790435300
ac2234,Never Get Used To People,1,183,20200317 12343807294600
ac2235,Voice Stealer,1,80,20110516 16321196392900
ac2236,Fun People,1,703,20110516 16321196392900
ac2237,Kongehuset,1,85,20110516 16321196392900
ac2238,The Lassie Foundation,1,126,20110516 16321196392900
ac2239,Hal Lindes,1,121,20110516 16321196392900
ac2240,Tiger Hellcide,1,121,20111230 10425673249900
ac2241,Pachamama Crew,1,126,20110516 16321196392900
ac2242,Major Sweklings,1,20,20110516 16321196392900
ac2243,Annette Moreno,1,399,20110516 16321196392900
ac2244,Kraftklyb,1,563,20111103 10205419581400
ac2245,Frederick Jason Kron  Tal Bergman,2,92,20110516 16321196392900
ac2246,DJ Smokey,1,688,20130613 20054932354800
ac2247,The Infesticobs,1,84,20110516 16321196392900
ac2248,Circle St0rm,1,16,20110516 16321196392900
ac2249,TimeLapse Consortium,1,22,20110516 16321196392900
ac2250,Uptown Fumk Empire,1,69,20110516 16321196392900
ac2251,Bobby Peru,1,169,20110516 16321196392900
ac2252,Čedo Ant0lić,1,42,20190827 01330063128800
ac2253,Briana Mare|a,1,103,20150828 15571830634100
ac2254,mwym,1,36,20110516 16321196392900
ac2255,David Hubbard,1,1674,20110516 16321196392900
ac2256,X Fade,1,2,20110516 16321196392900
ac2257,Black Flight,1,2,20110516 16321196392900
ac2258,Plastic Letters,1,56,20110516 16321196392900
ac2259,Sick of It All,1,1411,20110516 16321196392900
ac2260,Delta Rosa,1,2,20201003 1118153568100
ac2261,Eddy Duchin and His Orchestra,1,655,20150119 0622578893300
ac2262,SONOIO,1,248,20110516 16321196392900
ac2263,Sielun Veljet,1,886,20110516 16321196392900
ac2264,My First Days on Junk,1,56,20110516 16321196392900
ac2265,Monteverdi Choir,1,51,20110516 16321196392900
ac2266,Creedence Clearwater Revivao,1,9791,20110516 16321196392900
ac2267,BUG Mafia feat MG,2,2,20171211 09001528209600
ac2268,Eddy Kaiser,1,62,20190516 17073615719900
ac2269,Anonomous,1,186,20210221 16095019606400
ac2270,Joe Cocker,1,8051,20110516 16321196392900
ac2271,The Perceptionists,1,203,20110516 16321196392900
ac2272,Da Vincis Notebook,1,128,20140113 15001635844100
ac2273,李泉,1,204,20110516 16321196392900
ac2274,Steve Cooe,1,265,20110516 16321196392900
ac2275,Steve C0le,1,265,20110516 16321196392900
ac2276,Erich Kunzel  Cincinnati Pops Orchestra,2,435,20120511 10002057111200
ac2277,Erik Koskinem,1,189,20111006 17054260681400
ac2278,Erik Kosjinen,1,189,20111006 17054260681400
ac2279,Le Modem,1,208,20110516 16321196392900
ac2280,Jungle Tongue,1,26,20140110 20403678794800
ac2281,The Kid Stuff Repertorh Company,1,84,20110516 16321196392900
ac2282,Arno Schmidt,1,753,20110516 16321196392900
ac2283,Barrie Gledden  Jason Pedder,2,62,20110516 16321196392900
ac2284,THE PINK☆PANDA,1,92,20110516 16321196392900
ac2285,Kevin Manthei,1,1313,20110516 16321196392900
ac2286,Papsmear,1,54,20110516 16321196392900
ac2287,Bill Jones,1,128,20110516 16321196392900
ac2288,BIX,1,40,20130703 193625667300
ac2289,Bernc Reheuser,1,136,20110516 16321196392900
ac2290,Lunik,1,582,20110516 16321196392900
ac2291,Earth Wind  Fire  Chicago,2,2,20190227 04220867398600
ac2292,UK Suba,1,6319,20110516 16321196392900
ac2293,Lyzanxia,1,173,20110516 16321196392900
ac2294,Áine Minigue,1,378,20110516 16321196392900
ac2295,Active Child,1,293,20110516 16321196392900
ac2296,The Lightning Seeds,1,936,20110516 16321196392900
ac2297,Mas Mav,1,196,20110516 16321196392900
ac2298,Deep Jazz Project,1,6,20110516 16321196392900
ac2299,Ace Troubleshooter,1,169,20110516 16321196392900
ac2300,Ivan Lin5,1,1634,20110516 16321196392900
ac2301,Dandrieu Corelli Le Cons0rt Théotime Langlois de Swarte Sophie de Bardonnèche Louise Pierrard Hanna Salzenstein Justin Taylor,8,3,20201004 18325414154500
ac2302,Chris Bacon,1,352,20110516 16321196392900
ac2303,Volker Klüpfel  Michael Kobr,1,1964,20201008 1345466607400
ac2304,林子祥,1,3335,20110516 16321196392900
ac2305,Technicolor Fabrics,1,114,20120312 16362685586300
ac2306,Lifhtning Seeds,1,297,20110521 14460653409300
ac2307,Denny Earnest,1,514,20110516 16321196392900
ac2308,Hatebteed,1,1053,20110516 16321196392900
ac2309,MPBq,1,777,20110516 16321196392900
ac2310,Jenő Jahdó,1,1427,20110516 16321196392900
ac2311,Gemma Ha6es,1,618,20110516 16321196392900
ac2312,Johann Sebastian Bach Christopher Herrick,2,29,20120414 17344038144700
ac2313,The Stupids,1,627,20110516 16321196392900
ac2314,Taro Iwashiro,1,182,20110830 17003095971700
ac2315,The Count Basie Trio,1,75,20110516 16321196392900
ac2316,Komloi,1,602,20110516 16321196392900
ac2317,Martin Mull,1,382,20110516 16321196392900
ac2318,Gabaian,1,24,20110516 16321196392900
ac2319,Richard Ashcroft,1,678,20110516 16321196392900
ac2320,Astrid  Freddy Breck,1,48,20110516 16321196392900
ac2321,Tante Leen,1,544,20110516 16321196392900
ac2322,Heather Myles,1,239,20110516 16321196392900
ac2323,Osoch,1,5,20201207 15343197575700
ac2324,Ÿuma,1,72,20220130 11533938268400
ac2325,Kai Reuter  Joerg Putzig,2,80,20110516 16321196392900
ac2326,LAST ALLIANCE,1,432,20110516 16321196392900
ac2327,J0hn Hiatt,1,3366,20110516 16321196392900
ac2328,Steven Hwlpern,1,3433,20110516 16321196392900
ac2329,The Association,1,1560,20110516 16321196392900
ac2330,Michael Enclres,1,260,20160513 16482350033800
ac2331,Big Ministries,1,80,20110516 16321196392900
ac2332,Mod Cpn,1,48,20110516 16321196392900
ac2333,Iceland Symphonv Orchestra Bjarte Engeset,2,21,20120805 17504076000900
ac2334,Sir William Walton,1,1816,20110516 16321196392900
ac2335,Marillion,1,15768,20110516 16321196392900
ac2336,Franz Liszt,1,19047,20110516 16321196392900
ac2337,The Arrivals,1,162,20110516 16321196392900
ac2338,Andreas Fujterer,1,282,20110516 16321196392900
ac2339,Larry Elgart  His Manhattan Swing Orchestra,1,76,20110516 16321196392900
ac2340,Billy Firy,1,2988,20110516 16321196392900
ac2341,Cirius,1,44,20150527 13485130888800
ac2342,Paul Dukas,1,684,20110516 16321196392900
ac2343,Aube,1,4215,20110516 16321196392900
ac2344,Q Arne,1,6,20110516 16321196392900
ac2345,De Lyckliga Kompisarna,1,496,20110516 16321196392900
ac2346,Walton Sir Laurence Olivier Philharmonia Orchestra Sir William Walton,4,2,20201001 07292639967700
ac2347,Γλυκερία,1,1445,20110516 16321196392900
ac2348,The Ascetic Junkies,1,64,20110705 2043356858700
ac2349,Spencer Dickinson,1,58,20110516 16321196392900
ac2350,Franz Schubert Christian Gerhaher Gerold Huber,3,8,20140507 19502549080700
ac2351,Robert Leiner,1,81,20110516 16321196392900
ac2352,Dimitri Kitayenko,1,1,20200311 15064465020800
ac2353,Peter Hammill,1,2903,20110516 16321196392900
ac2354,Exhumed,1,998,20110516 16321196392900
ac2355,Μάνος Χατζιδάκις,1,3280,20110516 16321196392900
ac2356,mc chris,1,1134,20110516 16321196392900
ac2357,Eero ja Jussi  The Boys,2,80,20130912 02100665332200
ac2358,AnnaGrace,1,190,20110516 16321196392900
ac2359,Dave Hewson  Bill Baylis,2,428,20110516 16321196392900
ac2360,Mark McGuire,1,902,20110516 16321196392900
ac2361,Tooth,1,66,20110516 16321196392900
ac2362,Älskade barhvisor,1,34,20110516 16321196392900
ac2363,Weltempfänger,1,40,20130203 2100353046200
ac2364,The Channels,1,140,20110516 16321196392900
ac2365,Fst,1,10,20110516 16321196392900
ac2366,Lightning Seeds,1,297,20110521 14460653409300
ac2367,Claire Diterzi,1,337,20110516 16321196392900
ac2368,Michaei Marra,1,204,20110516 16321196392900
ac2369,Dialogue,1,84,20110516 16321196392900
ac2370,Giovanni Battista Vitali,1,173,20110516 16321196392900
ac2371,Los Lobos,1,2997,20110516 16321196392900
ac2372,Die Allergue,1,104,20110516 16321196392900
ac2373,Papa Joe,1,34,20110516 16321196392900
ac2374,Satellite Inn,1,26,20110516 16321196392900
ac2375,Five Blind Boys Of Alabama,1,34,20191029 16111233238700
ac2376,Dropkick Murphys,1,2125,20110516 16321196392900
ac2377,Twerp5,1,178,20110516 16321196392900
ac2378,Yakup E1<in,1,70,20110516 16321196392900
ac2379,Antonio Pinto,1,691,20110516 16321196392900
ac2380,Diogenes Quartett,1,93,20190306 10470281653700
ac2381,Fondo Flamenco,1,156,20111026 11365272493600
ac2382,Max Bruch,1,2444,20110516 16321196392900
ac2383,TV on tne Radio,1,1064,20110516 16321196392900
ac2384,Ex Cathedra Jeffrey Skidmire,2,137,20170131 09395926644500
ac2385,Peter Flnger,1,267,20110516 16321196392900
ac2386,Yardbeat,1,26,20110516 16321196392900
ac2387,Times Square Church,1,84,20110516 16321196392900
ac2388,Neeclle,1,36,20110516 16321196392900
ac2389,Toxik,1,344,20110516 16321196392900
ac2390,Bloodstone,1,601,20110516 16321196392900
ac2391,Richard Strauss,1,18306,20110516 16321196392900
ac2392,Poncho Sanchez,1,938,20110516 16321196392900
ac2393,Vince Gahriel,1,480,20110516 16321196392900
ac2394,Vince Gabri4l,1,480,20110516 16321196392900
ac2395,Jerry Garcia  Merl Saunders,2,228,20110516 16321196392900
ac2396,Michael Wendler,1,2084,20110516 16321196392900
ac2397,Ludwig van Beerhoven,1,127425,20110516 16321196392900
ac2398,Nathsn Siter,1,28,20110516 16321196392900
ac2399,Janne5,1,1006,20110516 16321196392900
ac2400,no artist,1,49706,20110516 16321196392900
ac2401,Jaineson,1,56,20110516 16321196392900
ac2402,Cause 4 Concerb,1,324,20110516 16321196392900
ac2403,George Canyon,1,290,20110516 16321196392900
ac2404,Sver,1,62,20110516 16321196392900
ac2405,Mod C0n,1,48,20110516 16321196392900
ac2406,Riverdogs,1,178,20110516 16321196392900
ac2407,Yovng Mozart,1,228,20110516 16321196392900
ac2408,Quirk,1,22,20110516 16321196392900
ac2409,Hall  Oates,1,4852,20110516 16321196392900
ac2410,怒髪天,1,174,20110516 16321196392900
ac2411,Maria Muldaur,1,1546,20110516 16321196392900
ac2412,Yale University Alley Cats,1,128,20110516 16321196392900
ac2413,San Ul Lim,1,52,20110516 16321196392900
ac2414,Katrina Carlson,1,58,20110516 16321196392900
ac2415,Monujent to Thieves,1,54,20110516 16321196392900
ac2416,Breaking C:rcus,1,54,20110516 16321196392900
ac2417,Sway  King Tech,1,187,20110516 16321196392900
ac2418,John Hammond,1,1466,20110516 16321196392900
ac2419,Pit Baumgartner,1,103,20110516 16321196392900
ac2420,Step Softly Ghost,1,21,20110516 16321196392900
ac2421,Rosamne Cash,1,1390,20110516 16321196392900
ac2422,Κώστας Τουρνάς  Σοφία Αρβανίτη,2,5,20140106 22371692715600
ac2423,Empyrea1,1,48,20220208 08330412299600
ac2424,Dear Reacler,1,199,20110516 16321196392900
ac2425,D J MacHale read by William Dufris,2,22464,20210217 10434438324500
ac2426,Disturloed,1,2607,20110516 16321196392900
ac2427,Def Leppard,1,8682,20110516 16321196392900
ac2428,OLamm,1,118,20110516 16321196392900
ac2429,Steve Cole,1,265,20110516 16321196392900
ac2430,Inepsy,1,141,20110516 16321196392900
ac2431,Gioach8no Rossini,1,13308,20110516 16321196392900
ac2432,Phraze Jesse Loren Josefsson  Denis Dobrenz,3,84,20111119 01055234388800
ac2433,Orq7estra Mediterrânea,1,31,20120708 01444568943100
ac2434,Way Out Wesy,1,1412,20110516 16321196392900
ac2435,Darius Brubeck,1,49,20110516 16321196392900
ac2436,伊藤真澄,1,880,20220908 21010819619700
ac2437,Tale of Voices,1,84,20220210 1609311111200
ac2438,Ross Hardy,1,1054,20110516 16321196392900
ac2439,Manav,1,477,20110516 16321196392900
ac2440,RPWL,1,1301,20110516 16321196392900
ac2441,Ras Kass,1,886,20110516 16321196392900
ac2442,Denez Prigent,1,492,20110516 16321196392900
ac2443,Eric Caspar,1,1104,20110516 16321196392900
ac2444,Frank Marauder,1,32,20201003 11180935261300
ac2445,Sertab Erenee  Voice Male,2,2,20120506 12001478121700
ac2446,David Shire,1,1293,20110516 16321196392900
ac2447,Get Us Some More,1,2,20110516 16321196392900
ac2448,Baltimore,1,73,20171207 15002669438800
ac2449,Eroica Trio,1,102,20110516 16321196392900
ac2450,Xenoscapes,1,83,20150119 22310846385500
ac2451,Dennos Brown,1,4921,20110516 16321196392900
ac2452,Toomas Anni,1,1105,20110516 16321196392900
ac2453,Tweeris,1,119,20120722 00154474526400
ac2454,Tereza Tsrouca,1,136,20190304 11551953319200
ac2455,Denn9s Brown,1,4921,20110516 16321196392900
ac2456,Laura Fygi,1,1117,20110516 16321196392900
ac2457,Alborosie,1,664,20110516 16321196392900
ac2458,Khaled,1,1571,20110604 16001888078700
ac2459,The Fence Co|lective,1,13,20110516 16321196392900
ac2460,Dan Deacon,1,869,20110516 16321196392900
ac2461,Urban Dabce Squad,1,921,20110516 16321196392900
ac2462,Clifford Brown,1,2347,20110516 16321196392900
ac2463,Tragicomedia Erin Headley Paul ODette Stephen Stubbs Alexander Weimann,5,2,20180211 12162419022500
ac2464,Billie Holiday,1,31020,20110516 16321196392900
ac2465,Chuck iNDigo,1,42,20191122 06402761833700
ac2466,Kula Shaker,1,1912,20110516 16321196392900
ac2467,Martin Denriy,1,2363,20110516 16321196392900
ac2468,Tzant,1,100,20110516 16321196392900
ac2469,Rosario Bléfari,1,196,20110516 16321196392900
ac2470,Fats Domino,1,13665,20110516 16321196392900
ac2471,Cradle of Spoil,1,67,20110516 16321196392900
ac2472,Teenage Fanclub,1,2607,20110516 16321196392900
ac2473,Tim Whltelaw,1,314,20110516 16321196392900
ac2474,Espirito,1,90,20110516 16321196392900
ac2475,the pillows,1,2959,20110516 16321196392900
ac2476,Toires,1,168,20110516 16321196392900
ac2477,Mike Barnard,1,474,20110516 16321196392900
ac2478,Schnuckenaclc Reinhardt,1,89,20110516 16321196392900
ac2479,Schnuckenack Reinharclt,1,89,20110516 16321196392900
ac2480,Fryderyk Chopin,1,14074,20111225 18002746718700
ac2481,高田雅史,1,3156,20110516 16321196392900
ac2482,Garden of Delight,1,1189,20110516 16321196392900
ac2483,Joanna Stingray,1,177,20121111 19474222398400
ac2484,TourcleForce,1,377,20110516 16321196392900
ac2485,Star of Ash,1,206,20110516 16321196392900
ac2486,Drew Tretick,1,60,20110516 16321196392900
ac2487,Rinôçérôse,1,564,20110516 16321196392900
ac2488,Donna Sunmer,1,7985,20110516 16321196392900
ac2489,Blvd  Souleye,2,22,20171217 15120136764100
ac2490,On1y Us,1,2,20121214 21513733334200
ac2491,Elvis Co5tello,1,5802,20110516 16321196392900
ac2492,Red  The Red Hots,1,81,20110516 16321196392900
ac2493,Fastpoholmen,1,54,20130423 1342494447700
ac2494,Dorival Caymmi,1,806,20110516 16321196392900
ac2495,谭盾,1,510,20110516 16321196392900
ac2496,Leon Redloone,1,849,20110516 16321196392900
ac2497,Leon Redb0ne,1,849,20110516 16321196392900
ac2498,The Vaselines,1,417,20110516 16321196392900
ac2499,中野腐女子シスターズ,1,58,20110516 16321196392900
ac2500,이수영,1,499,20110516 16321196392900
ac2501,Miam Monster Miam,1,142,20110516 16321196392900
ac2502,Gyps6men,1,163,20110516 16321196392900
ac2503,Gypaymen,1,163,20110516 16321196392900
ac2504,Uptpwn Funk Empire,1,69,20110516 16321196392900
ac2505,Los Crudos,1,520,20110516 16321196392900
ac2506,Sturmw3hr,1,1145,20110516 16321196392900
ac2507,Monument to Thieves,1,54,20110516 16321196392900
ac2508,Irispiral Carpets,1,1342,20110516 16321196392900
ac2509,Merri Ga'll,1,8,20110516 16321196392900
ac2510,Merro Gail,1,8,20110516 16321196392900
ac2511,Evaldo Braga,1,189,20110516 16321196392900
ac2512,Dillon,1,329,20111206 23111306705200
ac2513,Baden Powell,1,2540,20110516 16321196392900
ac2514,Jasori Mraz,1,2301,20110516 16321196392900
ac2515,Amos Milburn,1,2186,20110516 16321196392900
ac2516,Ruth Jacott,1,666,20110516 16321196392900
ac2517,Smilers,1,500,20110516 16321196392900
ac2518,Georges Bizet,1,14714,20110516 16321196392900
ac2519,Ao Hirt,1,1861,20110516 16321196392900
ac2520,John Lee Hoolcer,1,21539,20110516 16321196392900
ac2521,Matt Hill,1,1030,20110516 16321196392900
ac2522,Tamar'lsk,1,87,20180501 07293609819400
ac2523,Desaparecidos,1,284,20110516 16321196392900
ac2524,Nick Javger,1,16,20120412 08572903381400
ac2525,Alien Sex Fiend,1,2367,20110516 16321196392900
ac2526,Пётр Ильич Чайковский,1,20086,20110516 16321196392900
ac2527,Tsuneo Imahori,1,164,20110626 12023843315700
ac2528,Antonino,1,132,20110516 16321196392900
ac2529,William Byrd Orlando Gibbons John Bull Jan Pieterszoon Sweelinck Colin Tilney,5,2,20200929 22161403703400
ac2530,J:p,1,97,20110516 16321196392900
ac2531,Sightings,1,189,20110516 16321196392900
ac2532,Merrill Jens0n,1,114,20110516 16321196392900
ac2533,Fravke Nahrgang,1,1173,20110516 16321196392900
ac2534,白鳥英美子,1,408,20110516 16321196392900
ac2535,Intricate,1,70,20110516 16321196392900
ac2536,Peter Ustinov,1,233,20110516 16321196392900
ac2537,Orrin Evans,1,247,20130310 18384102270800
ac2538,Fernando N0ronha  Black Soul,1,150,20110516 16321196392900
ac2539,Break the Silence,1,43,20110516 16321196392900
ac2540,Al Capps,1,1932,20110516 16321196392900
ac2541,Judith Weir,1,111,20110516 16321196392900
ac2542,志方あきこ,1,2112,20110516 16321196392900
ac2543,New Celeste,1,115,20160905 15233955862700
ac2544,Hall  Ostes,1,4852,20110516 16321196392900
ac2545,Grupo Marina Perla,1,2,20110516 16321196392900
ac2546,中川幸太郎,1,3154,20110516 16321196392900
ac2547,Malcolm Arnold The Nash Ensemble,2,9,20140617 18102905737300
ac2548,Power Meta|,1,416,20110516 16321196392900
ac2549,Necr0death,1,448,20110516 16321196392900
ac2550,Necrocleath,1,448,20110516 16321196392900
ac2551,Zdeněk Zdeněk,1,510,20110516 16321196392900
ac2552,BSCT,1,2,20210508 16043623128700
ac2553,Ingrid Michael5on,1,813,20110516 16321196392900
ac2554,Ingrid Midhaelson,1,813,20110516 16321196392900
ac2555,Bonfire Madigan,1,418,20110516 16321196392900
ac2556,Therion,1,3393,20110516 16321196392900
ac2557,Koji Kond9,1,3322,20110901 14000795145400
ac2558,Эдита Пьеха,1,261,20110516 16321196392900
ac2559,Sandro Galli,1,44,20110516 16321196392900
ac2560,Carolina Wallin Pérez,1,109,20110516 16321196392900
ac2561,Palmgrwn Jouni Somero,2,15,20220514 160043014900
ac2562,Cripple Mr Onion,1,47,20110516 16321196392900
ac2563,Griffin House,1,318,20110516 16321196392900
ac2564,Damu the Fudgemunk,1,797,20110516 16321196392900
ac2565,Bernard Herrmarin,1,8719,20110516 16321196392900
ac2566,Malignant Tumour,1,674,20110516 16321196392900
ac2567,Cosmic Rough Riders,1,279,20110516 16321196392900
ac2568,Plácido Domingo,1,3605,20110516 16321196392900
ac2569,MaJiKer,1,42,20110516 16321196392900
ac2570,The Romantic Strings and Orchestra,1,935,20110516 16321196392900
ac2571,K J Yesudas,1,974,20110516 16321196392900
ac2572,Rossini Thomas Allen Agnes Baltsa Francisco Araiza Academy of St Martin‐in‐the‐Fields Neville Marriner,6,2,20171216 17084245008100
ac2573,AOK,1,486,20110516 16321196392900
ac2574,Marie Well,1,2,20110516 16321196392900
ac2575,Young Bossi feat Ampichino,2,2,20171220 2043104870300
ac2576,The Pirates,1,581,20110516 16321196392900
ac2577,Andreas Fulterer,1,282,20110516 16321196392900
ac2578,Inhuman Dissiliency  Vomitous,2,2,20120709 13000980749700
ac2579,Lamjel,1,72,20110516 16321196392900
ac2580,Reyli a dueto con Armando Manzanero,2,2,20171020 0408136488900
ac2581,Jerry Garcia  Mer1 Saunders,2,228,20110516 16321196392900
ac2582,Jerry Garcia  Mero Saunders,2,228,20110516 16321196392900
ac2583,Ziryab Trio,1,35,20110516 16321196392900
ac2584,Gráda,1,218,20110516 16321196392900
ac2585,Cyclefly,1,125,20110516 16321196392900
ac2586,Hans de Beer,1,543,20110516 16321196392900
ac2587,Les Satellites,1,201,20110516 16321196392900
ac2588,Kayo D9t,1,376,20110516 16321196392900
ac2589,Kayo Dog,1,376,20110516 16321196392900
ac2590,Remulak,1,276,20150718 00350745393900
ac2591,Nigel Bates  Ben Fenner,2,174,20110516 16321196392900
ac2592,Joseph Saba  Stewart Winter,2,4815,20110516 16321196392900
ac2593,Jimky Jim,1,11,20190522 1450508378900
ac2594,Ecl Gungor,1,40,20110516 16321196392900
ac2595,Ed Gun9or,1,40,20110516 16321196392900
ac2596,Sudden Death,1,19,20150601 12341607358600
ac2597,Reyli feat Armando Manzanero,2,1,20120424 1651178402600
ac2598,Mort Douce,1,44,20110516 16321196392900
ac2599,The Chills,1,1234,20110516 16321196392900
ac2600,Foreign Born,1,122,20110516 16321196392900
ac2601,Necrobestiality  Enbilulugugal,2,2,20200519 0915197654200
ac2602,Silmäosasto,1,109,20110516 16321196392900
ac2603,High n Heavy,1,96,20150522 07024111895500
ac2604,Čedo Antolić,1,42,20190827 01330063128800
ac2605,Baxter Pat,1,6,20110516 16321196392900
ac2606,Little Black Train,1,39,20190824 05412461122600
ac2607,MOTO,1,1166,20110516 16321196392900
ac2608,Woody Herman,1,4407,20110516 16321196392900
ac2609,Puga,1,70,20110516 16321196392900
ac2610,Stsve Malone,1,1042,20120422 20204125710500
ac2611,Stephan Sulke,1,777,20110516 16321196392900
ac2612,Leeroy Stagger,1,495,20110516 16321196392900
ac2613,Nick Bardoni  Steve Warr,2,1204,20110516 16321196392900
ac2614,Ring of Fire,1,246,20110516 16321196392900
ac2615,Willi W3itzel,1,72,20110516 16321196392900
ac2616,Sam Brown,1,1227,20110516 16321196392900
ac2617,Antonín Dvořák Czech Philharmonic Orchestra Václav Neujann Angelica May,4,2,20120711 09203947851800
ac2618,Willi Weit2el,1,72,20110516 16321196392900
ac2619,The Ethel Mertz Expenence,1,2,20110516 16321196392900
ac2620,Duo Damiano Ssrzier,1,26,20110516 16321196392900
ac2621,Broder Dani4l,1,311,20110516 16321196392900
ac2622,Dream of Eden,1,22,20110516 16321196392900
ac2623,Panther MIZONOKUCHI,1,1,20220910 21014237808400
ac2624,Solanos,1,98,20110516 16321196392900
ac2625,Norah Jpnes,1,5329,20110516 16321196392900
ac2626,Michael B Tretow,1,148,20111010 10412437912900
ac2627,Nacho Rodríguez,1,62,20130211 01003290550800
ac2628,La Imestable,1,30,20110516 16321196392900
ac2629,La Inesta1>le,1,30,20110516 16321196392900
ac2630,RADWIMPS,1,2332,20110516 16321196392900
ac2631,The Forester Sisters,1,356,20110516 16321196392900
ac2632,Accademia della magnifica comunità,1,8,20160406 23045341883400
ac2633,Sheare4,1,376,20110516 16321196392900
ac2634,Jars of Clay feat Gungor,2,3,20120512 18141185332900
ac2635,Banetoriko,1,148,20171029 01012555186500
ac2636,Garrett Mofris,1,19,20120912 19535287147500
ac2637,spunge,1,424,20110516 16321196392900
ac2638,SAYURI,1,1,20170524 01075045380400
ac2639,Fatso Jetson,1,275,20110516 16321196392900
ac2640,Veer Cbasm,1,91,20110516 16321196392900
ac2641,Gold City,1,280,20110516 16321196392900
ac2642,Tequilajazzz,1,765,20110516 16321196392900
ac2643,Madog,1,98,20110516 16321196392900
ac2644,Escape the Fate,1,657,20110516 16321196392900
ac2645,Laurent Garriier  Saycet,2,2,20201003 22030554933600
ac2646,Mountain Heart,1,267,20110516 16321196392900
ac2647,Eric Burdon and tje Animals,1,1024,20110516 16321196392900
ac2648,Kicl,1,27,20150316 20023655509600
ac2649,Manuel  the Music of the Mountains,1,951,20160228 07201642073100
ac2650,Jud Caswell,1,58,20110516 16321196392900
ac2651,Vulgaires Machins,1,171,20110925 20000919208200
ac2652,Lisa Nilsson,1,1206,20110516 16321196392900
ac2653,つしまみれ,1,568,20110516 16321196392900
ac2654,Brigada Criminal  Stupenda Jones,1,3,20120629 18001856734100
ac2655,BBC Phijharmonic Libor Pešek,2,7,20130104 15433315811800
ac2656,The Apex Theory,1,147,20110516 16321196392900
ac2657,Birgit Nilsson Janos Solyom,2,17,20130304 19475086652700
ac2658,Alex North,1,2952,20110516 16321196392900
ac2659,Chewy Marble,1,41,20110516 16321196392900
ac2660,Meat Pupprts,1,1748,20110516 16321196392900
ac2661,Giuseppe Di Stefano,1,269,20110516 16321196392900
ac2662,Ilaiyaraaja,1,1119,20110516 16321196392900
ac2663,DJ Rap feat G Squad,2,9,20130908 20035722905900
ac2664,Nach Scratcb,1,54,20120508 11581605040200
ac2665,Zacha5y Allen,1,26,20110516 16321196392900
ac2666,James Newton Howard,1,7371,20110516 16321196392900
ac2667,Bluatsch8nk,1,696,20110516 16321196392900
ac2668,Elt0n John,1,19449,20110516 16321196392900
ac2669,Monty Alexander  Ray Brown  Herb Ellis,3,2,20140527 20514172519600
ac2670,Nathan Hofheins,1,354,20110516 16321196392900
ac2671,The Creams,1,391,20110516 16321196392900
ac2672,The Magnetic Fields,1,2457,20110516 16321196392900
ac2673,山中千尋,1,482,20110516 16321196392900
ac2674,Stupenda Jones,1,38,20120629 1842203869500
ac2675,The Dixie C8ps,1,976,20110516 16321196392900
ac2676,OT Q7artet,1,283,20110516 16321196392900
ac2677,Malcolm Aenold The Nash Ensemble,2,9,20140617 18102905737300
ac2678,Independent Noise Party,1,40,20110516 16321196392900
ac2679,Тараканы  Dis5emper,2,2,20150723 22010565034700
ac2680,Тараканы  Distenper,2,2,20150723 22010565034700
ac2681,Svpercharger,1,141,20110516 16321196392900
ac2682,Rita Rrys,1,961,20110516 16321196392900
ac2683,Davo,1,28,20110516 16321196392900
ac2684,Dafo,1,28,20110516 16321196392900
ac2685,Turbopótamos,1,96,20110516 16321196392900
ac2686,Brook Benton,1,4668,20110516 16321196392900
ac2687,Bluebottle Kiss,1,409,20110516 16321196392900
ac2688,Hatebreecl,1,1053,20110516 16321196392900
ac2689,Francesca Michielin,1,262,20120205 10295016041300
ac2690,Livingston Taylor,1,814,20110516 16321196392900
ac2691,Prinzo  Betzi Winterstein,1,46,20110516 16321196392900
ac2692,The Primitive Quartet,1,1278,20110516 16321196392900
ac2693,BudEZ Sean Justice FoodStamps Holla  Daniel Black,4,2,20120910 07504687313600
ac2694,Ivory Frequency,1,44,20110516 16321196392900
ac2695,Scheibosan  eMU,2,25,20110516 16321196392900
ac2696,Raul Seixas,1,2384,20110516 16321196392900
ac2697,Epstlon,1,150,20110903 13582427580100
ac2698,50 Cent feat Lloyd Banks Prodigy Spider Loc  Mase,5,4,20130704 16595674310800
ac2699,Cheech  Chong,1,474,20110516 16321196392900
ac2700,Bart Hawkins,1,86,20220130 09363997837600
ac2701,Chris Seefried,1,4,20110516 16321196392900
ac2702,Schubert Diogenes Quartet,2,12,20190306 10584335047800
ac2703,Mad Mav,1,196,20110516 16321196392900
ac2704,Tynstor,1,18,20110516 16321196392900
ac2705,DAN,1,226,20110516 16321196392900
ac2706,Beaver Creek,1,60,20190225 17094851408400
ac2707,孫燕姿,1,898,20110516 16321196392900
ac2708,XP8,1,699,20110516 16321196392900
ac2709,Chuck Berry,1,14880,20110516 16321196392900
ac2710,Gioachino Rossini,1,13308,20110516 16321196392900
ac2711,Tilman Sillescu  Chris William Woods  Scott P Schreer,3,1210,20130209 14074785429900
ac2712,Ace Troubleshoo6er,1,169,20110516 16321196392900
ac2713,Marg0t Käßmann,1,202,20190223 12144695965700
ac2714,Burnong Spear,1,2829,20110516 16321196392900
ac2715,Anatomi71  Radioskugga,2,2,20130203 20413461113700
ac2716,Joseph Saha  Stewart Winter,2,4815,20110516 16321196392900
ac2717,Daniel C Holter  Elio6 Pulse,2,108,20110516 16321196392900
ac2718,Penclulum,1,1471,20110516 16321196392900
ac2719,A Thousand Soc'leties,1,90,20110516 16321196392900
ac2720,Kraftwerk,1,7352,20110516 16321196392900
ac2721,Michael Endres,1,260,20160513 16482350033800
ac2722,Virgil Fox,1,463,20110516 16321196392900
ac2723,The Idea of No5th,1,367,20110516 16321196392900
ac2724,Circle Storm,1,16,20110516 16321196392900
ac2725,Vyaas Houston  Mark Kelso,2,2,20111001 21150672088200
ac2726,Arr Bears,1,485,20110516 16321196392900
ac2727,Vyaas Houston ,1,20,20111001 21150691025900
ac2728,Flesh Intoxication,1,14,20110516 16321196392900
ac2729,Malah0ra,1,48,20110516 16321196392900
ac2730,ColdFells  Winter Depression,2,2,20130418 11401969648400
ac2731,Char|ie Parker,1,21933,20110516 16321196392900
ac2732,All the Madmen,1,80,20110516 16321196392900
ac2733,Gsng Starr,1,1817,20110516 16321196392900
ac2734,The Gorfons,1,235,20110516 16321196392900
ac2735,Хуй забей,1,970,20110516 16321196392900
ac2736,Love Ranger,1,116,20190305 13295284602600
ac2737,Tullio de Piscopo,1,303,20110516 16321196392900
ac2738,Johnny Pearson,1,1319,20110516 16321196392900
ac2739,Palmgren Jouni Somero,2,15,20220514 160043014900
ac2740,Twisted Black,1,70,20110516 16321196392900
ac2741,Eero ja Jussj  The Boys,2,80,20130912 02100665332200
ac2742,Groovy Godzilla feat Desired,2,2,20200311 01380370104600
ac2743,Richie Brahson,1,295,20140504 14595605207100
ac2744,The Supremes  Four Tops,2,328,20110516 16321196392900
ac2745,Juicy J featuring Project Pat,2,2,20220209 22004082443300
ac2746,M0rtuus Infradaemoni,1,80,20110516 16321196392900
ac2747,Mikhail Pletnev,1,385,20120826 16064055895500
ac2748,Heatmiser,1,149,20110516 16321196392900
ac2749,Nach Scratch,1,54,20120508 11581605040200
ac2750,Norah Jories,1,5329,20110516 16321196392900
ac2751,TI feat Rihanna,2,36,20111020 02220466293500
ac2752,Black Kids,1,355,20110516 16321196392900
ac2753,Donna Summer,1,7985,20110516 16321196392900
ac2754,Мачете,1,60,20130210 06555781049300
ac2755,Circ1e Storm,1,16,20110516 16321196392900
ac2756,Nebelhofn,1,70,20110516 16321196392900
ac2757,Émilie Simon,1,1671,20110516 16321196392900
ac2758,Apostle of Hustle,1,175,20110516 16321196392900
ac2759,Zachary Aloen,1,26,20110516 16321196392900
ac2760,Jerry Clower,1,919,20110516 16321196392900
ac2761,Guus Meeuwis  Vagant,1,539,20110516 16321196392900
ac2762,Jimmy Jim,1,11,20190522 1450508378900
ac2763,Åge Aleksandersen,1,1033,20110516 16321196392900
ac2764,Skogsfrid,1,24,20141218 08294541902900
ac2765,Super XX Man,1,355,20110516 16321196392900
ac2766,Jim Crow,1,114,20110516 16321196392900
ac2767,SilverHawk,1,64,20170529 21581410705800
ac2768,Earle Hagen,1,259,20110516 16321196392900
ac2769,Vernin,1,61,20110516 16321196392900
ac2770,Σταμάτης Σπανουδάκης,1,1046,20110516 16321196392900
ac2771,Ellen Dijkhuizen Polo de Haas Fred Oldenburg Kees Wieringa,4,23,20180712 06571486476700
ac2772,Björ1<,1,12796,20110516 16321196392900
ac2773,Donna Summer feat Musical Youth,2,8,20140628 14003476978900
ac2774,Richard Johnson,1,112,20110516 16321196392900
ac2775,Annie Herring,1,121,20110516 16321196392900
ac2776,柿島伸次,1,366,20110516 16321196392900
ac2777,Honey White,1,112,20110516 16321196392900
ac2778,Chris Standring  Kathrin Shorr,2,24,20111208 08442870097500
ac2779,Goldham John  Pete Mason,2,992,20120826 16001457764200
ac2780,sam,1,88,20110516 16321196392900
ac2781,Áine Min0gue,1,378,20110516 16321196392900
ac2782,Montzg,1,65,20110516 16321196392900
ac2783,Alec Gould  Zack Laurence,2,78,20111018 13041429714900
ac2784,Jaill,1,145,20110516 16321196392900
ac2785,Raffael Gruber,1,528,20120811 20073857880600
ac2786,Monstet Mike Welsh,1,6,20160412 21001317397400
ac2787,Monster Mike Welsb,1,6,20160412 21001317397400
ac2788,Schnuckenack Reinhardt,1,89,20110516 16321196392900
ac2789,John Ssihart,1,172,20110516 16321196392900
ac2790,Enzo Carella,1,123,20111209 17100080527800
ac2791,Clinton Shorter,1,210,20110516 16321196392900
ac2792,Pete Seeger,1,5907,20110516 16321196392900
ac2793,Giusepoe Di Stefano,1,269,20110516 16321196392900
ac2794,Val Dooniczn,1,690,20110516 16321196392900
ac2795,Beegie Adair Trio,1,104,20110516 16321196392900
ac2796,Thieves L'lke Us,1,292,20110516 16321196392900
ac2797,Gabriej Fauré,1,8448,20110516 16321196392900
ac2798,Karasyo2oku,1,16,20140312 12010021782200
ac2799,Karasyozokv,1,16,20140312 12010021782200
ac2800,Glenn Crytzers Savoy Seven,1,88,20130905 11432333707400
ac2801,Prefuse 73,1,1306,20110516 16321196392900
ac2802,Cécile Bergame,1,26,20130525 17095275091800
ac2803,Brinsley Schwarz,1,736,20110516 16321196392900
ac2804,Deetron,1,413,20110516 16321196392900
ac2805,Lois McMaster Bujolc,1,1382,20120622 13222613433700
ac2806,Bobby Blue Bland,1,2313,20130831 20001974968700
ac2807,The Itals,1,284,20110516 16321196392900
ac2808,Deuce,1,172,20110516 16321196392900
ac2809,Muzie1< Piet,1,44,20110516 16321196392900
ac2810,Mikhail Pjetnev,1,385,20120826 16064055895500
ac2811,The Fake Fictiins,1,26,20110516 16321196392900
ac2812,John Waite,1,1181,20110516 16321196392900
ac2813,Loop,1,546,20110516 16321196392900
ac2814,Kraan,1,993,20110516 16321196392900
ac2815,The Beach Boys,1,28293,20110516 16321196392900
ac2816,A‐Trak,1,272,20150424 2200230766300
ac2817,Les Rita Mitsouko,1,1366,20110516 16321196392900
ac2818,George Brooks,1,48,20110516 16321196392900
ac2819,Auróra,1,683,20110516 16321196392900
ac2820,Wahorn András,1,24,20110516 16321196392900
ac2821,Erci_E,1,24,20150523 17213608676600
ac2822,X Fafe,1,2,20110516 16321196392900
ac2823,Nagen  Saufen,1,12,20110516 16321196392900
ac2824,Luxxuriöx,1,3,20110516 16321196392900
ac2825,Enzo Ortiz,1,30,20170520 06360924154100
ac2826,Tatact,1,28,20110516 16321196392900
ac2827,Rom Escheté,1,88,20110516 16321196392900
ac2828,Олег Погудин,1,151,20110516 16321196392900
ac2829,Moritag,1,65,20110516 16321196392900
ac2830,Spencer P Jones,1,156,20110516 16321196392900
ac2831,Subject to Change,1,30,20110516 16321196392900
ac2832,新垣結衣,1,221,20110516 16321196392900
ac2833,Chris Goulstone,1,3044,20110516 16321196392900
ac2834,De club van Sinterklaas,1,23,20110516 16321196392900
ac2835,Colcl,1,728,20110516 16321196392900
ac2836,Erb  Bakrr  Zerang,3,16,20161027 19103067376900
ac2837,Luxxuriös,1,3,20110516 16321196392900
ac2838,The Tilted Head of Compassion,1,14,20110516 16321196392900
ac2839,Friedhelm Flamm3,1,439,20160829 22491783863500
ac2840,JiLL‐Decoy association,1,231,20181028 11003055184400
ac2841,Gerald Clayton,1,182,20110516 16321196392900
ac2842,Mary Byrhe,1,139,20110516 16321196392900
ac2843,Dionydos,1,1272,20110516 16321196392900
ac2844,Milan Knížák,1,143,20110516 16321196392900
ac2845,Jorane,1,585,20110516 16321196392900
ac2846,Columbia Symphony Orchestra Igor Stravinsky,2,185,20150417 23012703576600
ac2847,Janet Evanovich,1,512,20110516 16321196392900
ac2848,Tanmer,1,90,20110516 16321196392900
ac2849,Emer Mayock,1,34,20110516 16321196392900
ac2850,Sarah McLachlan,1,5170,20110516 16321196392900
ac2851,Killimg Joke,1,4470,20110516 16321196392900
ac2852,Debbir Wiseman,1,1628,20110516 16321196392900
ac2853,Christopher Herrick,1,737,20130604 16180133599100
ac2854,Mark Emnry,1,324,20110516 16321196392900
ac2855,Kaosl0ge,1,46,20110516 16321196392900
ac2856,The Japanese Popstars,1,384,20110516 16321196392900
ac2857,Hans cle Beer,1,543,20110516 16321196392900
ac2858,Nǽnøĉÿl>bŒrğ VbëřřĦōlökäävsŦ,1,272,20110516 16321196392900
ac2859,Kelly J0e Phelps,1,416,20110516 16321196392900
ac2860,Digital Leather,1,441,20110516 16321196392900
ac2861,Isabelle Duthoit Alexander Frangenheim Roger Turner,3,16,20210225 12450835668400
ac2862,Hzero,1,18,20110516 16321196392900
ac2863,Jaromír N0havica,1,3915,20110516 16321196392900
ac2864,Massgrac,1,517,20110516 16321196392900
ac2865,Cocknoose,1,152,20110516 16321196392900
ac2866,Robe5t Etoll,1,3460,20110516 16321196392900
ac2867,Robert Etolo,1,3460,20110516 16321196392900
ac2868,Hope College Chapel,1,34,20110516 16321196392900
ac2869,Kar9m Kacel,1,152,20110516 16321196392900
ac2870,Dash Shajash,1,43,20130309 13200014564300
ac2871,Jack London,1,2,20120817 04185674615500
ac2872,The Iclea of North,1,367,20110516 16321196392900
ac2873,Hanan Harchol,1,50,20110516 16321196392900
ac2874,Led Zeppelin,1,29360,20110516 16321196392900
ac2875,Empyreal,1,48,20220208 08330412299600
ac2876,Javier Solís,1,1526,20110516 16321196392900
ac2877,Ex Cathedra Jeffrey Skidmore,2,137,20170131 09395926644500
ac2878,Woody Hernan,1,4407,20110516 16321196392900
ac2879,Bernard Miriet,1,412,20110516 16321196392900
ac2880,Rick Sprinvfield,1,3252,20110516 16321196392900
ac2881,Teresa Brewer,1,1518,20110516 16321196392900
ac2882,Bournemouth Symphony Orcbestra José Serebrier,2,153,20120726 00001169993300
ac2883,Tõnjs Mägi,1,427,20110516 16321196392900
ac2884,Jukka Kuoppamäki,1,1392,20110516 16321196392900
ac2885,Greg Lake,1,662,20110516 16321196392900
ac2886,Bee Gers,1,12931,20110516 16321196392900
ac2887,Secret Silence,1,26,20110516 16321196392900
ac2888,Purcell Galliard Musica ad Rhenum Jed W3ntz,4,2,20180319 17583570712800
ac2889,Muzio Clementi,1,2097,20110516 16321196392900
ac2890,Unity One,1,128,20120130 14383998202100
ac2891,Sarab McLachlan,1,5170,20110516 16321196392900
ac2892,Carlod Di Sarli,1,1070,20110516 16321196392900
ac2893,Trio B9er,1,129,20110516 16321196392900
ac2894,Большой симфонический оркестр имени П И Чайковского Геннадий Николаевич Рождественский,2,58,20130310 18040569065300
ac2895,Over the Rhine,1,3241,20110516 16321196392900
ac2896,Vic Chesnutt,1,1064,20110516 16321196392900
ac2897,Timo Räisänen,1,292,20110516 16321196392900
ac2898,Bethany Curve,1,220,20110516 16321196392900
ac2899,Enzo Oryiz,1,30,20170520 06360924154100
ac2900,En2o Ortiz,1,30,20170520 06360924154100
ac2901,Frank Sinatra,1,48760,20110516 16321196392900
ac2902,LTJ Bukem,1,631,20110516 16321196392900
ac2903,Wolfgang Amadeus M9zart,1,153593,20110516 16321196392900
ac2904,Sticky Productions,1,2,20110516 16321196392900
ac2905,DalDilVog,1,34,20110516 16321196392900
ac2906,Charlie Christian,1,1242,20110516 16321196392900
ac2907,FBI,1,33,20110516 16321196392900
ac2908,Bullet Treatment,1,277,20110516 16321196392900
ac2909,Tony Joe White,1,2335,20110516 16321196392900
ac2910,Skinny Puppy,1,3034,20110516 16321196392900
ac2911,Merigail Moreland,1,8,20110516 16321196392900
ac2912,Бригадный подряд,1,1166,20110516 16321196392900
ac2913,Grobschnitt,1,2615,20110516 16321196392900
ac2914,Gaither Carlton,1,111,20110516 16321196392900
ac2915,Carlos Garclel,1,5811,20110516 16321196392900
ac2916,Darius Brubedk,1,49,20110516 16321196392900
ac2917,Stare Dzwony,1,259,20110516 16321196392900
ac2918,Gianni Ferrio,1,1177,20110516 16321196392900
ac2919,Tijtenwolf,1,96,20140503 16161483038100
ac2920,Bread,1,2402,20110516 16321196392900
ac2921,Zelmar Garín,1,38,20110516 16321196392900
ac2922,Q Arrie,1,6,20110516 16321196392900
ac2923,Graham Park,1,2,20110516 16321196392900
ac2924,Shu•bi•fua,1,2390,20120623 11001048641600
ac2925,Little Pepe,1,61,20110516 16321196392900
ac2926,Kim Robertson,1,470,20110516 16321196392900
ac2927,Twila Paris,1,981,20110516 16321196392900
ac2928,Daco,1,28,20110516 16321196392900
ac2929,Abel Korzeniowsl<i,1,801,20110516 16321196392900
ac2930,Zucchero Sugar Fornaciari,1,941,20190514 20291479804900
ac2931,Andrea Polli,1,45,20110516 16321196392900
ac2932,Jan Pieterszoon Sweelinck Gesualdo Consort Amsterdam Harry van der Kamp,3,6,20140326 14431163105200
ac2933,Ray Fisher,1,115,20110516 16321196392900
ac2934,Pan•American,1,315,20110516 16321196392900
ac2935,David Jones,1,31,20120229 19531985774200
ac2936,Jacm Trombey,1,1502,20110516 16321196392900
ac2937,Dorival Cayiiimi,1,806,20110516 16321196392900
ac2938,Hey Ne9rita,1,96,20110516 16321196392900
ac2939,Kis,1,27,20150316 20023655509600
ac2940,Space Safari,1,76,20110516 16321196392900
ac2941,Jon Hsnsson,1,2241,20120728 1228525132400
ac2942,Salem,1,527,20110516 16321196392900
ac2943,Black Tape for a Biue Girl,1,1665,20110516 16321196392900
ac2944,My Vitriol,1,431,20110516 16321196392900
ac2945,Veol of Ashes,1,30,20110516 16321196392900
ac2946,Veil of A5hes,1,30,20110516 16321196392900
ac2947,Harrie Jekl<ers,1,886,20110516 16321196392900
ac2948,XPu,1,699,20110516 16321196392900
ac2949,Alic3 Nine,1,611,20110516 16321196392900
ac2950,Herw and There,1,26,20110516 16321196392900
ac2951,Michael McArthur,1,67,20150521 19423590609700
ac2952,Scooe,1,57,20110516 16321196392900
ac2953,Nine Minute Snooze,1,30,20110516 16321196392900
ac2954,The Count Basie Orcbestra,1,832,20110516 16321196392900
ac2955,Heintje,1,1735,20110516 16321196392900
ac2956,Deuxe,1,172,20110516 16321196392900
ac2957,They Would Be Happy People,1,80,20110516 16321196392900
ac2958,Пётр Ильич Чайковский,1,20086,20110516 16321196392900
ac2959,Devce,1,172,20110516 16321196392900
ac2960,Lars Lilholt,1,691,20110516 16321196392900
ac2961,Lan,1,51,20180105 19563658773300
ac2962,Claudio Roditi  Kenia,2,39,20141119 19472853744900
ac2963,坂本千夏,1,51,20110516 16321196392900
ac2964,Brandon Wiard,1,28,20110516 16321196392900
ac2965,Antonio Vivaldi John Holloway English Bach Festival Chorus English Bach Festival Baroque Orchestra Elsa Saque Joana Silva Naoko Ihara Fernando Serafim Jose Oliveira Lopes Choeur symphonique de la fondation Gulbenkian de Lisbonne Orchestre de la fondation Gulbenkian de Lisbonne Michel Corboz,12,1,20130510 010025586800
ac2966,The Crusaders,1,1579,20110516 16321196392900
ac2967,The Cream5,1,391,20110516 16321196392900
ac2968,أصالة,1,516,20170516 17093994895800
ac2969,Rashad  Confidence,2,17,20131216 17003135918200
ac2970,Herman Dune,1,446,20110826 22181721108400
ac2971,ORIGA,1,567,20110516 16321196392900
ac2972,Mariachi Peñatitlan,1,26,20110516 16321196392900
ac2973,Placemat,1,52,20110516 16321196392900
ac2974,BEAT CRUSADERS,1,986,20110516 16321196392900
ac2975,True Myth,1,31,20110802 16361421282700
ac2976,Alexandre Tharaud,1,676,20110516 16321196392900
ac2977,ObjektUrian,1,81,20110516 16321196392900
ac2978,Gene Krupa and His Orcbestra,1,1585,20110516 16321196392900
ac2979,Gene Krupa snd His Orchestra,1,1585,20110516 16321196392900
ac2980,Ellis Pau1,1,535,20110516 16321196392900
ac2981,Bitfh,1,215,20110516 16321196392900
ac2982,Kid Abelha,1,841,20110516 16321196392900
ac2983,Active Cbild,1,293,20110516 16321196392900
ac2984,Erol Parlak Bağlama Beşlisi,1,22,20110516 16321196392900
ac2985,4Vojce,1,169,20110516 16321196392900
ac2986,The Royal Scots Dragoon Guards,1,752,20110516 16321196392900
ac2987,After Meridian,1,14,20110516 16321196392900
ac2988,Chuck Willis,1,859,20110516 16321196392900
ac2989,Irish Folk Mix,1,30,20110516 16321196392900
ac2990,Nigel Bates  Ben F3nner,2,174,20110516 16321196392900
ac2991,Michaei Endres,1,260,20160513 16482350033800
ac2992,Robert Wolf,1,53,20110516 16321196392900
ac2993,Ojo Rojo,1,67,20110516 16321196392900
ac2994,POLYSICS,1,1395,20110516 16321196392900
ac2995,Harper Lee read by Sissy Spacek,2,2,20161221 01125881894600
ac2996,Stu Larsen,1,120,20110624 11270694673300
ac2997,Fireside,1,480,20110516 16321196392900
ac2998,Борис Гребенщиков и Андрей Макаревич,2,38,20110516 16321196392900
ac2999,Diml8te,1,206,20110516 16321196392900
ac3000,Don Huonot,1,923,20110516 16321196392900
ac3001,Mank,1,270,20110516 16321196392900
ac3002,Pete Dumn,1,348,20110516 16321196392900
ac3003,Hanya Yanagihara read by Ol'lver Wyman,2,1137,20210818 01434307694300
ac3004,Hecrnia,1,29,20110516 16321196392900
ac3005,Alpha Blondy,1,1190,20110516 16321196392900
ac3006,De Lyckl:ga Kompisarna,1,496,20110516 16321196392900
ac3007,Boy Big,1,14,20160707 14314322352700
ac3008,Marc F Teitler,1,64,20120807 03044596266600
ac3009,Comma,1,118,20110516 16321196392900
ac3010,Koan,1,1681,20110516 16321196392900
ac3011,Don Johnson,1,449,20110516 16321196392900
ac3012,The Tremeloes,1,3571,20110516 16321196392900
ac3013,The Wireleds Stores,1,49,20110516 16321196392900
ac3014,The Wlreless Stores,1,49,20110516 16321196392900
ac3015,Джем,1,192,20110516 16321196392900
ac3016,Dionne Warwick,1,9787,20110516 16321196392900
ac3017,Consonant,1,82,20110516 16321196392900
ac3018,The Fence Collective,1,13,20110516 16321196392900
ac3019,Shearer,1,376,20110516 16321196392900
ac3020,Aerosjith,1,14045,20110516 16321196392900
ac3021,Aerosmirh,1,14045,20110516 16321196392900
ac3022,SWF3,1,540,20110516 16321196392900
ac3023,Attent8on,1,42,20110516 16321196392900
ac3024,Domenico Scarlatti Mikhail Pletnev,2,2,20140715 09002743068600
ac3025,Static in Stereo,1,32,20110516 16321196392900
ac3026,Cher,1,6908,20110516 16321196392900
ac3027,Dive,1,26,20120328 14055786074100
ac3028,Marc Durst,1,984,20110516 16321196392900
ac3029,data,1,1374,20110516 16321196392900
ac3030,Mean Green,1,4,20110516 16321196392900
ac3031,Svante Thuresson,1,359,20110516 16321196392900
ac3032,Ellis Paul,1,535,20110516 16321196392900
ac3033,古谷徹,1,59,20110516 16321196392900
ac3034,Jody Davis,1,24,20110516 16321196392900
ac3035,Harlej,1,461,20110516 16321196392900
ac3036,Sanjay Mjshra,1,28,20110516 16321196392900
ac3037,Gabriel Fauré Michel Plasson Orchestre national du Capitole de Toulouse,3,2,20210222 17214212783900
ac3038,Johnny Griffih,1,931,20110516 16321196392900
ac3039,Poschek,1,18,20140114 10480968796700
ac3040,Praveen,1,66,20110516 16321196392900
ac3041,Andreas Fuoterer,1,282,20110516 16321196392900
ac3042,Stalingrad,1,67,20110516 16321196392900
ac3043,Giant Ckaw,1,380,20110530 1855016457800
ac3044,Las Estrallas Cobo,1,92,20110516 16321196392900
ac3045,Dario Baldan Bembo,1,199,20110516 16321196392900
ac3046,Francis Poulenc,1,7874,20110516 16321196392900
ac3047,QNTAL,1,800,20110516 16321196392900
ac3048,Platform Breez  Poschek,2,2,20140114 10480968796700
ac3049,Eddie Turner,1,96,20110516 16321196392900
ac3050,Mr Bug,1,3589,20110516 16321196392900
ac3051,George Brooks with Zakir Hussain,2,22,20111011 08315251651700
ac3052,Triumvirat,1,447,20110516 16321196392900
ac3053,Sherri Jackson,1,99,20110516 16321196392900
ac3054,Carly Rae Jepsen,1,1814,20110516 16321196392900
ac3055,Goodbye Harry,1,64,20110516 16321196392900
ac3056,Zola Van,1,110,20110516 16321196392900
ac3057,Jack Trombey,1,1502,20110516 16321196392900
ac3058,Heehawha'lrhead,1,2,20110516 16321196392900
ac3059,Acid_Lab feat Akinsa,2,2,20220209 07544994446200
ac3060,Sterac,1,339,20110516 16321196392900
ac3061,Selim Palmgren,1,680,20110516 16321196392900
ac3062,Gaston Mandeville,1,66,20110516 16321196392900
ac3063,Fairport Convention,1,5622,20110516 16321196392900
ac3064,Robert Shaw Chamber Singers,1,97,20110516 16321196392900
ac3065,Hecenia,1,29,20110516 16321196392900
ac3066,The Playtones,1,198,20110516 16321196392900
ac3067,Pepperfarm,1,34,20110516 16321196392900
ac3068,Massive Attack,1,4365,20110516 16321196392900
ac3069,Ryan Adams,1,6064,20110516 16321196392900
ac3070,Andy Hopkins,1,420,20110516 16321196392900
ac3071,The Hollywood Edge,1,3318,20200221 04474058524300
ac3072,Frsnklin Bruno,1,264,20110516 16321196392900
ac3073,The Servant,1,299,20110516 16321196392900
ac3074,Spangle call L'llli line,1,496,20110516 16321196392900
ac3075,ifls,1,1138,20130203 17520593507600
ac3076,Mudmen,1,200,20110516 16321196392900
ac3077,Pēteris Vask5,1,473,20110516 16321196392900
ac3078,Pr0zac Mtn Boys,1,36,20190514 16562957115100
ac3079,Diogo Nogueira feat Xande de Pilares,2,3,20121031 02053262349600
ac3080,PsyAviah,1,634,20160530 1600386340700
ac3081,Erik Visser,1,34,20110516 16321196392900
ac3082,David Sbire,1,1293,20110516 16321196392900
ac3083,John Taverner The Sixteen Harry Christophers,3,14,20120416 01022058900600
ac3084,Joanne Shenandoah,1,438,20110516 16321196392900
ac3085,kous feat 初音ミク,2,54,20160621 10003221532200
ac3086,Νίκος Οικονόμοπουλος,1,303,20120117 05443267761100
ac3087,Ron Escjeté,1,88,20110516 16321196392900
ac3088,Nusrat Fateh Ali Khan,1,5833,20110516 16321196392900
ac3089,Sturm und Drang,1,228,20110516 16321196392900
ac3090,Electric Eels,1,103,20140720 15195502895600
ac3091,Omara Portuondo,1,1232,20110516 16321196392900
ac3092,Consonamt,1,82,20110516 16321196392900
ac3093,Duane Eddy,1,5243,20110516 16321196392900
ac3094,Brandon Wiafd,1,28,20110516 16321196392900
ac3095,Janno Gibbs,1,369,20110516 16321196392900
ac3096,The Chinchees,1,24,20171215 0759136681700
ac3097,Cause r Concern,1,324,20110516 16321196392900
ac3098,Shu,1,30,20110516 16321196392900
ac3099,Rachel Hughes,1,2,20110516 16321196392900
ac3100,Victor Young  Leith Stevens,2,2,20130613 16341448613600
ac3101,Trio Bier,1,129,20110516 16321196392900
ac3102,Miserylab,1,409,20110516 16321196392900
ac3103,Alain Caron,1,328,20110516 16321196392900
ac3104,Noel McLoughlin,1,507,20110516 16321196392900
ac3105,Here and Tbere,1,26,20110516 16321196392900
ac3106,CS Lewis,1,1410,20110516 16321196392900
ac3107,Theoretics,1,79,20110609 16242510190800
ac3108,Valdur,1,90,20110516 16321196392900
ac3109,Hart Backbord,1,226,20170702 07271878535100
ac3110,Xolotl,1,20,20110516 16321196392900
ac3111,Elton John,1,19449,20110516 16321196392900
ac3112,Cry Wolf,1,42,20150405 07354752914500
ac3113,Bob Berg,1,315,20110516 16321196392900
ac3114,Tab Two,1,474,20110516 16321196392900
ac3115,Monsters of Liedermaching,1,816,20110516 16321196392900
ac3116,The BBC Radioph0nic Workshop,1,638,20110516 16321196392900
ac3117,Julie Wilson,1,234,20110516 16321196392900
ac3118,Norvik,1,204,20180730 10343513247500
ac3119,Andrea Marcovicci,1,309,20110516 16321196392900
ac3120,Indiana,1,2,20140516 20080357487200
ac3121,Megadeth,1,7918,20110516 16321196392900
ac3122,Unlogistic,1,197,20110516 16321196392900
ac3123,Edera,1,62,20110516 16321196392900
ac3124,The White Stripes,1,6288,20110516 16321196392900
ac3125,Lester Yovng,1,5325,20110516 16321196392900
ac3126,Max Bruch Diogenes Quartett,2,2,20190306 11574570023900
ac3127,RIP SLYME,1,1101,20110516 16321196392900
ac3128,Meat Pvppets,1,1748,20110516 16321196392900
ac3129,Beres Hammond,1,1674,20110516 16321196392900
ac3130,Athlos,1,28,20120111 18482970895200
ac3131,Jerry Garcia,1,1167,20110516 16321196392900
ac3132,Firedide,1,480,20110516 16321196392900
ac3133,Dadcly Yankee,1,1238,20110516 16321196392900
ac3134,Boy Omega,1,280,20110516 16321196392900
ac3135,Modern Talking,1,5064,20110516 16321196392900
ac3136,Way Out West,1,1412,20110516 16321196392900
ac3137,Correcto,1,71,20110516 16321196392900
ac3138,The Beatles,1,84767,20110516 16321196392900
ac3139,cloud,1,53,20110516 16321196392900
ac3140,Tata Bojs,1,491,20110516 16321196392900
ac3141,Gilles Droulez,1,20,20110516 16321196392900
ac3142,Cliff Richard,1,10778,20110516 16321196392900
ac3143,Handel Carolyn Sampson James Gilchrist Choir of the Kings Consort The Kings Consort Robert King,6,3,20180204 00544923445800
ac3144,The Poaytones,1,198,20110516 16321196392900
ac3145,Ella Fitzgerald  London Symphony Orchestra,2,22,20171212 23090333221300
ac3146,Lionel Marchetti  Olivier Capparos,2,4,20140525 20592940108400
ac3147,David Patrone,1,24,20110516 16321196392900
ac3148,Roger Shah preaents Sunlounger,2,33,20110709 23594896931300
ac3149,Malcolm L0ckyer  Cypha,2,12,20110516 16321196392900
ac3150,Cybertrybe,1,28,20110516 16321196392900
ac3151,Dive,1,1110,20110516 16321196392900
ac3152,Amadeo Vives,1,53,20110516 16321196392900
ac3153,The Groove Farm,1,218,20110516 16321196392900
ac3154,Nusrat Fateb Ali Khan,1,5833,20110516 16321196392900
ac3155,Värttinä,1,1380,20110516 16321196392900
ac3156,Diary of Dreams,1,1509,20110516 16321196392900
ac3157,Warhanmer,1,192,20110516 16321196392900
ac3158,Warbammer,1,192,20110516 16321196392900
ac3159,Engineer,1,102,20110516 16321196392900
ac3160,Cheap Trick,1,7399,20110516 16321196392900
ac3161,Orlando Voorn,1,312,20110516 16321196392900
ac3162,Robnie Rivera feat Jerique Allan,2,17,20120105 23153222835500
ac3163,Two Lone Swordsmen,1,574,20110516 16321196392900
ac3164,H0lidays,1,24,20130404 1141238409300
ac3165,Benestrophe,1,193,20110516 16321196392900
ac3166,Billy Lincoln  Kat Green,2,118,20110516 16321196392900
ac3167,RL Burnside,1,1700,20110516 16321196392900
ac3168,The Move,1,2477,20110516 16321196392900
ac3169,1UP,1,30,20121209 12581351909300
ac3170,Jemő Jandó,1,1427,20110516 16321196392900
ac3171,90BOYSHAWN,1,20,20210520 04190126872100
ac3172,Duke Robillard,1,917,20110516 16321196392900
ac3173,Eristetyt,1,14,20110516 16321196392900
ac3174,Victims Family,1,538,20110516 16321196392900
ac3175,Scott Ross,1,1319,20140610 13002268947700
ac3176,Gloria Estefan,1,3792,20110516 16321196392900
ac3177,Pavl McCartney,1,15611,20110516 16321196392900
ac3178,Roy D Mercer,1,418,20110516 16321196392900
ac3179,Luigi Cherubini,1,1189,20110516 16321196392900
ac3180,D Todd Sorensen,1,981,20190513 04003855589100
ac3181,ColdFells,1,8,20130418 11401969648400
ac3182,RAINBOW,1,57,20130720 14001578454200
ac3183,David Bazan,1,1214,20110516 16321196392900
ac3184,Mod Con,1,48,20110516 16321196392900
ac3185,산울림,1,942,20110516 16321196392900
ac3186,Laurent Garnier  Saycet,2,2,20201003 22030554933600
ac3187,Ju5teeri,1,51,20110516 16321196392900
ac3188,Marjinal,1,58,20110516 16321196392900
ac3189,岩田匡治  崎元仁,2,8,20121202 04003239489800
ac3190,Skuhk Anansie,1,2030,20110516 16321196392900
ac3191,Commander Tom,1,867,20110516 16321196392900
ac3192,Jeff Danna  Elia Cmiral,2,52,20110516 16321196392900
ac3193,Caribou,1,1398,20110516 16321196392900
ac3194,Jenő Jandó,1,1427,20110516 16321196392900
ac3195,Martin Cook,1,1064,20110516 16321196392900
ac3196,Susanne Mentzer Joan Suther|and Welsh National Orchestra Richard Bonynge,4,4,20200125 14130908466200
ac3197,Frédéric Chopin Adam Harasiewicz,2,22,20140529 10025606223900
ac3198,Susanne Mentzer Joan Suyherland Welsh National Orchestra Richard Bonynge,4,4,20200125 14130908466200
ac3199,Soffuol,1,40,20110516 16321196392900
ac3200,Bournemouth Symphony Orchestra José Serebrier,2,153,20120726 00001169993300
ac3201,The Palnted World,1,2,20110516 16321196392900
ac3202,Meat Beat Manifesto,1,1770,20110516 16321196392900
ac3203,光田康典,1,4161,20110516 16321196392900
ac3204,Mimd Over Matter,1,95,20130209 02292640867700
ac3205,Palancar,1,349,20110516 16321196392900
ac3206,Fishtzle,1,22,20120420 09424794219800
ac3207,Twerps,1,178,20110516 16321196392900
ac3208,The Gardening Club,1,143,20211116 20290026941800
ac3209,Auloe,1,4215,20110516 16321196392900
ac3210,Ann'le MG Schmidt,1,1494,20110516 16321196392900
ac3211,Junior Brown,1,377,20110516 16321196392900
ac3212,Someone Still Loves You Boris Yeltsin,1,584,20110516 16321196392900
ac3213,The Woo Woos,1,10,20110516 16321196392900
ac3214,Bamse,1,313,20110516 16321196392900
ac3215,Intergalactic Faerie Funk,1,14,20110516 16321196392900
ac3216,Phobia,1,115,20110516 16321196392900
ac3217,David Rovics,1,1660,20110516 16321196392900
ac3218,Mason Williams,1,481,20110516 16321196392900
ac3219,Виктор Цой,1,611,20110516 16321196392900
ac3220,Bill Jories,1,128,20110516 16321196392900
ac3221,Leon JeanMarie,1,53,20110516 16321196392900
ac3222,Antonio Vivaldi English Bach Festival Chorus English Bach Festival Baroque Orcbestra Coro Gulbenkian Orquestra Gulbenkian Michel Corboz,6,1,20130521 05535013330300
ac3223,Gaetano Donizetti,1,8506,20110516 16321196392900
ac3224,Feathermerchants,1,50,20110516 16321196392900
ac3225,横山菁児,1,1695,20110516 16321196392900
ac3226,Steal Sessions,1,28,20110516 16321196392900
ac3227,Roomful of Blues,1,668,20110516 16321196392900
ac3228,Spear of Destiny,1,1131,20110516 16321196392900
ac3229,Thin Lizzy,1,6722,20110516 16321196392900
ac3230,Coclcnoose,1,152,20110516 16321196392900
ac3231,Prague Symphony Orchestra Sir Charles Mackerras,2,8,20171202 23252600587100
ac3232,Real'lty,1,60,20110516 16321196392900
ac3233,Balrog,1,82,20110516 16321196392900
ac3234,Pan•Americab,1,315,20110516 16321196392900
ac3235,Richie Branson,1,295,20140504 14595605207100
ac3236,Värtrinä,1,1380,20110516 16321196392900
ac3237,Black Bottle Riot,1,24,20120427 14575060519600
ac3238,Big Walter Horton,1,654,20110516 16321196392900
ac3239,Indoctrinate,1,44,20130124 17413363213700
ac3240,Lesley Garrett,1,1200,20110516 16321196392900
ac3241,Majai,1,63,20110516 16321196392900
ac3242,Antonín Dvořák Prague Symphony Orchestra Sir Charles Mackerras,3,2,20171202 23234584605100
ac3243,Lucky Jim,1,110,20110516 16321196392900
ac3244,Christy Moore,1,1735,20110516 16321196392900
ac3245,Electric Division,1,20,20170530 10290036170700
ac3246,Cyberaktif,1,150,20110516 16321196392900
ac3247,Vangelis,1,7375,20110516 16321196392900
ac3248,Cool Cavrmen,1,278,20110516 16321196392900
ac3249,Meth Teeth,1,24,20110516 16321196392900
ac3250,Acid_Lwb feat Akinsa,2,2,20220209 07544994446200
ac3251,Devin the Dude,1,505,20110516 16321196392900
ac3252,The Glory  Thd Magnificent,2,3,20120414 16471915011700
ac3253,The Glory  The Magnifident,2,3,20120414 16471915011700
ac3254,Téaca,1,165,20110516 16321196392900
ac3255,The Hollles,1,10936,20110516 16321196392900
ac3256,Immortal Ayatollah,1,86,20110516 16321196392900
ac3257,Wolf Ram H4art,1,22,20130307 1633309380900
ac3258,The Ethel Mertz Experience,1,2,20110516 16321196392900
ac3259,Bo Disdley,1,5860,20110516 16321196392900
ac3260,Cris Cab feat Mike Posner,2,2,20130614 02001150748900
ac3261,Maher Shalak Hash Baz,1,1499,20110516 16321196392900
ac3262,Skeeziks,1,26,20110516 16321196392900
ac3263,Danush Talâi,1,154,20150610 18025119682900
ac3264,Randy Edelman,1,2731,20110516 16321196392900
ac3265,The Bourbon Street Paraders,1,34,20110516 16321196392900
ac3266,Dan Melchior und Das Menace,1,236,20170501 13480547539300
ac3267,Johann Sebastian Bach Nikolaus Harnoncourt,2,30,20131012 12024246352600
ac3268,Neljänsuora,1,310,20110516 16321196392900
ac3269,Massgray,1,517,20110516 16321196392900
ac3270,Dietmar Wischmeyer,1,1399,20110516 16321196392900
ac3271,Bobby Darin,1,6990,20110516 16321196392900
ac3272,SNFU,1,628,20110516 16321196392900
ac3273,Cry W0lf,1,42,20150405 07354752914500
ac3274,Frank Zappa,1,20533,20110516 16321196392900
ac3275,Tintenvvolf,1,96,20140503 16161483038100
ac3276,Camper Van Beethoven,1,1893,20110516 16321196392900
ac3277,Great Big Sea,1,1253,20110516 16321196392900
ac3278,Oppressor,1,205,20110516 16321196392900
ac3279,Avaloj,1,165,20110516 16321196392900
ac3280,Jerry Kimbroubh,1,432,20110516 16321196392900
ac3281,Bo Diddley,1,5860,20110516 16321196392900
ac3282,Mobylettes,1,128,20110516 16321196392900
ac3283,Drakeo the Ruler feat Icewear Vezzo,2,2,20210222 0906267398500
ac3284,B0bby Peru,1,169,20110516 16321196392900
ac3285,Pushkar,1,143,20110516 16321196392900
ac3286,Stojan Knežević,1,78,20130428 17213522132500
ac3287,Alexander Borodin,1,1389,20110924 12253757750500
ac3288,Michael White,1,32,20110516 16321196392900
ac3289,Cey Wolf,1,42,20150405 07354752914500
ac3290,Ciela,1,75,20110516 16321196392900
ac3291,spungr,1,424,20110516 16321196392900
ac3292,The Countdown Mixmasters,1,265,20140526 22392246993600
ac3293,Good Morning Reality,1,154,20131001 23034690929300
ac3294,Тараканы  Distemper,2,2,20150723 22010565034700
ac3295,Panthdr MIZONOKUCHI,1,3,20210508 14475448433800
ac3296,Franz Schvbert Jenő Jandó,2,16,20120729 1521543209900
ac3297,Permilla Wahlgren,1,205,20110516 16321196392900
ac3298,Perhilla Wahlgren,1,205,20110516 16321196392900
ac3299,Grimsley High School Good Madrigal Singers,1,46,20120122 02223122908600
ac3300,Chaos as Shelter,1,225,20180118 14001986633200
ac3301,Angels of Lihht,1,275,20110516 16321196392900
ac3302,As the Sun Falls,1,74,20211003 02254688174900
ac3303,Kevin L Hiatt  Kev:n Blaker,2,4,20110516 16321196392900
ac3304,JJ DOOM,1,148,20120808 1010324436200
ac3305,Achilles  Engineer,2,3,20140816 19341815258800
ac3306,Ayhan Sicimoğlu feat Özkan Uğur,2,2,20140810 16062690648700
ac3307,Insimgizi,1,137,20110516 16321196392900
ac3308,Pendraton,1,78,20110516 16321196392900
ac3309,Iconoclast,1,12,20110516 16321196392900
ac3310,Joseph von Westphalen,1,48,20110516 16321196392900
ac3311,Tede,1,870,20110516 16321196392900
ac3312,Jesse Belvin,1,416,20110516 16321196392900
ac3313,Supercharger,1,141,20110516 16321196392900
ac3314,Charlotte Cornfield,1,178,20110516 16321196392900
ac3315,Dziuks Küdhe,1,169,20110516 16321196392900
ac3316,Dziyks Küche,1,169,20110516 16321196392900
ac3317,Jaraguá Mulungú,1,4,20110516 16321196392900
ac3318,Ernest Wakefield,1,128,20190227 01390282418300
ac3319,Orlanclo Voorn,1,312,20110516 16321196392900
ac3320,Katia  Marielle Labèque,1,519,20110516 16321196392900
ac3321,Cel5o Fonseca,1,213,20110516 16321196392900
ac3322,Lutz Görner,1,4888,20110516 16321196392900
ac3323,Bjelleklang,1,495,20110516 16321196392900
ac3324,Dance Club Massacre,1,64,20110516 16321196392900
ac3325,Rebellion,1,341,20110516 16321196392900
ac3326,Wea5herstate,1,40,20151111 12213010946800
ac3327,Blümdhen,1,1154,20110516 16321196392900
ac3328,Orchester der Deutschen Oper Berlin Eugen Jochum,2,71,20140502 16023857745300
ac3329,黒田洋介,1,74,20130316 09015480511800
ac3330,Bobloy Bland,1,512,20110516 16321196392900
ac3331,Steve Merlin,1,32,20110516 16321196392900
ac3332,Ayn Rand,1,2011,20110516 16321196392900
ac3333,Apollo,1,60,20110516 16321196392900
ac3334,Wil|iam Byrd,1,4292,20110516 16321196392900
ac3335,William Byed,1,4292,20110516 16321196392900
ac3336,The Rhombus,1,72,20110516 16321196392900
ac3337,Les Basses Réunies,1,179,20200704 15470600214200
ac3338,Lil B,1,5970,20110516 16321196392900
ac3339,Sportfreunde Stiller,1,1317,20110516 16321196392900
ac3340,The Dodos,1,523,20110516 16321196392900
ac3341,The Damned,1,6156,20110516 16321196392900
ac3342,Steve Jansen  Claudio Chianura,2,18,20121116 15001420321900
ac3343,Niños Can6ores de Lara,1,32,20110516 16321196392900
ac3344,Pimmon,1,562,20110516 16321196392900
ac3345,Edwa5d M Favor,1,328,20110516 16321196392900
ac3346,unknown,1,282767,20110516 16321196392900
ac3347,Y La Bamba,1,313,20110516 16321196392900
ac3348,Lesser,1,216,20110516 16321196392900
ac3349,三遊亭圓生,1,2138,20111026 0323094811100
ac3350,Bass Communion,1,552,20110516 16321196392900
ac3351,Tanner,1,90,20110516 16321196392900
ac3352,Ma1<,1,264,20110516 16321196392900
ac3353,Elt0n D,1,16,20110516 16321196392900
ac3354,Gilbert  Sullivan,2,6354,20110802 04015514879800
ac3355,Koomurri,1,94,20110516 16321196392900
ac3356,Nordcore GmbH,1,139,20110516 16321196392900
ac3357,Kaimiņi,1,83,20110516 16321196392900
ac3358,Tim Fischer,1,761,20110516 16321196392900
ac3359,Greenhorns,1,255,20110516 16321196392900
ac3360,I Solisti Veneti Claudio Scimone,2,643,20130115 12334781586600
ac3361,Catherine Sauvage,1,753,20110516 16321196392900
ac3362,Pencey Prep,1,102,20110516 16321196392900
ac3363,Cyrille Verdeaux and Bernard Xolotl,2,18,20190302 10372252330900
ac3364,Michale Graves,1,610,20110516 16321196392900
ac3365,Sick of the Law,1,34,20110516 16321196392900
ac3366,Raimumdos,1,697,20110516 16321196392900
ac3367,飯島真理,1,1240,20110516 16321196392900
ac3368,Psi Com,1,77,20110516 16321196392900
ac3369,Juicy Lucy,1,532,20110516 16321196392900
ac3370,Hoodoo Gurus,1,1463,20110516 16321196392900
ac3371,Altan,1,956,20110516 16321196392900
ac3372,Sean Justice,1,14,20120910 07504687313600
ac3373,Simon Coyle  Kazu Kimura,2,1,20110815 11433040363900
ac3374,Slàimte Mhath,1,72,20110516 16321196392900
ac3375,Alexander Curly,1,364,20110516 16321196392900
ac3376,Stanley Clarke feat Larry Carlton Billy Cobham Deron Johns0n  Najee,5,3,20121210 20154426208300
ac3377,Little Simz feat Emerson Brooks,2,2,20141220 13405133367200
ac3378,Hal Lincles,1,121,20110516 16321196392900
ac3379,Max van Egmond Rotraud Hansmann Concentus Musicus Wien Nikolaus Harnoncourt,4,8,20171220 18153487769900
ac3380,Exlibri5,1,114,20110516 16321196392900
ac3381,Television Overdose,1,32,20110516 16321196392900
ac3382,Quoit,1,94,20110516 16321196392900
ac3383,Dead Vampire5,1,112,20110516 16321196392900
ac3384,Bliss,1,224,20110516 16321196392900
ac3385,Male ot Female,1,212,20110516 16321196392900
ac3386,Male or Fenale,1,212,20110516 16321196392900
ac3387,Leon Redbone,1,849,20110516 16321196392900
ac3388,Denison Marrs,1,116,20110516 16321196392900
ac3389,Urban Dance Squad,1,921,20110516 16321196392900
ac3390,Nükhet Duru,1,185,20110516 16321196392900
ac3391,The Corries,1,1124,20110516 16321196392900
ac3392,Grain,1,104,20110516 16321196392900
ac3393,Littlr Pepe,1,61,20110516 16321196392900
ac3394,Älskade barnvisor,1,34,20110516 16321196392900
ac3395,Blümchen,1,1154,20110516 16321196392900
ac3396,Jonny Kaplan  The Lazy Stars,1,34,20110516 16321196392900
ac3397,Peter Princiole,1,115,20110516 16321196392900
ac3398,Barry Biggs,1,606,20110516 16321196392900
ac3399,Godspeed You Black Emperor,1,1448,20110516 16321196392900
ac3400,Esclarecidos,1,197,20110516 16321196392900
ac3401,Psychoterror,1,702,20110516 16321196392900
ac3402,Franz Sfhubert,1,44695,20110516 16321196392900
ac3403,Мираж,1,284,20110516 16321196392900
ac3404,Kerkko Koskinen,1,185,20110516 16321196392900
ac3405,Reparata  The Delrons,1,212,20110516 16321196392900
ac3406,Johnny Mercer,1,771,20110516 16321196392900
ac3407,Eppu Nornaali,1,2111,20110516 16321196392900
ac3408,Kelly Clarkson,1,3726,20110516 16321196392900
ac3409,Björk,1,12796,20110516 16321196392900
ac3410,Ludwig van Beethoven,1,127425,20110516 16321196392900
ac3411,Armin van Buuren feat Racoon,2,73,20111119 08001810801600
ac3412,Zaufke Thomas,1,24,20110516 16321196392900
ac3413,Sea Dweller,1,47,20110730 05444714648400
ac3414,Bach‐Collegium Stuttgart Helmuth Rilling,2,1965,20170118 20012967221100
ac3415,Goldham John  Pste Mason,2,992,20120826 16001457764200
ac3416,Goldham John  Pete Madon,2,992,20120826 16001457764200
ac3417,Stat8c,1,184,20110516 16321196392900
ac3418,Joe Waosh,1,1638,20110516 16321196392900
ac3419,Tim Whitelaw,1,314,20110516 16321196392900
ac3420,Rick Seratte  Les Dudwk,2,140,20111121 23090582542600
ac3421,Eric Clapton,1,21629,20110516 16321196392900
ac3422,Tsurvbami,1,42,20110516 16321196392900
ac3423,Jørn Sterizel,1,2,20220207 22003283209900
ac3424,Rumatera,1,207,20110516 16321196392900
ac3425,坂本九,1,2372,20110516 16321196392900
ac3426,Gregg Coffin,1,62,20120413 1015306737300
ac3427,佐藤直紀,1,2661,20110516 16321196392900
ac3428,Lady Miss Bunny,1,20,20110516 16321196392900
ac3429,Peter Ditzer  Elisabeth Lehmann,2,234,20120826 16002796340900
ac3430,Anthrax,1,5560,20110516 16321196392900
ac3431,Matlu1>eh,1,24,20110516 16321196392900
ac3432,Panthe4 MIZONOKUCHI,1,3,20210508 14475448433800
ac3433,Uzi,1,40,20190305 19070004299100
ac3434,Chris Barber,1,843,20110516 16321196392900
ac3435,Shaboom,1,156,20110516 16321196392900
ac3436,The Mathletes,1,273,20110516 16321196392900
ac3437,Static in St4reo,1,32,20110516 16321196392900
ac3438,US Air Force Band of MidAmerica,1,28,20110516 16321196392900
ac3439,Life Sex  Death,1,60,20110516 16321196392900
ac3440,Dörrterrot  Glöm Dä,2,2,20120227 11475719440600
ac3441,M9nolithic,1,183,20110516 16321196392900
ac3442,4lung,1,964,20170429 13505011955600
ac3443,Hart Backblrd,1,226,20170702 07271878535100
ac3444,Ian Boddy,1,1887,20110516 16321196392900
ac3445,Ponies at Dawn,1,58,20150505 16000003748800
ac3446,Молат,1,143,20210227 20275679155700
ac3447,The Lassie Foundatiob,1,126,20110516 16321196392900
ac3448,The Gnomes of Zurich,1,2,20180503 1715263290100
ac3449,Hilary James  Simon Mayor,1,332,20110516 16321196392900
ac3450,Sam Tsvi,1,280,20110522 04484903745400
ac3451,Burd Earky,1,68,20110516 16321196392900
ac3452,Burd Eatly,1,68,20110516 16321196392900
ac3453,Marianne Rosenberg,1,3834,20110516 16321196392900
ac3454,Robyn Hitchcock,1,2483,20110516 16321196392900
ac3455,FREEATLAST,1,1651,20201003 0939390254500
ac3456,The Flaming Lips,1,5393,20110516 16321196392900
ac3457,Jars of Clay feat Michae| Gungor,2,1,20111205 16114506615700
ac3458,Intergalactic Faerie Fvnk,1,14,20110516 16321196392900
ac3459,Kenny Rogers,1,9327,20110516 16321196392900
ac3460,1910 Fruitgum Company,1,567,20110516 16321196392900
ac3461,Corona,1,1894,20110516 16321196392900
ac3462,Baby Animals,1,498,20110516 16321196392900
ac3463,Catoline,1,46,20110516 16321196392900
ac3464,REM,1,19351,20110516 16321196392900
ac3465,The Bilincla Butchers,1,262,20110601 22370931220400
ac3466,Pakita,1,398,20110516 16321196392900
ac3467,Dan Kwemel,1,54,20121201 17050294930500
ac3468,Dura  Blues Club,1,146,20110516 16321196392900
ac3469,Black Tape f0r a Blue Girl,1,1665,20110516 16321196392900
ac3470,Eeci_E,1,24,20150523 17213608676600
ac3471,Smokey Robinson,1,1814,20110516 16321196392900
ac3472,Lorene Dnve,1,60,20110516 16321196392900
ac3473,Dvořák José Serebrier Bournemouth Symphony Orchestra,3,2,20171214 22203373928700
ac3474,Grant Hart,1,343,20110516 16321196392900
ac3475,Anna Jantar,1,1998,20110516 16321196392900
ac3476,Adns,1,84,20150608 21385049613600
ac3477,Burnshee Thornside,1,96,20110516 16321196392900
ac3478,The Gaturs,1,89,20110516 16321196392900
ac3479,Halloween,1,459,20110516 16321196392900
ac3480,Magic Box,1,261,20110516 16321196392900
ac3481,Richmal Crompton read by Martin Jarvis,2,598,20160701 16282629576900
ac3482,白鳥英美子,1,408,20110516 16321196392900
ac3483,John Foxx,1,1809,20110516 16321196392900
ac3484,Salern,1,527,20110516 16321196392900
ac3485,Saleiii,1,527,20110516 16321196392900
ac3486,bifv0r,1,55,20130830 03483885444100
ac3487,Jane Monheit,1,735,20110516 16321196392900
ac3488,Μαρία Φαραντούρη,1,411,20110516 16321196392900
ac3489,3x Krazy,1,138,20110516 16321196392900
ac3490,Charlotte Cornfiejd,1,178,20110516 16321196392900
ac3491,Milan Knížál<,1,143,20110516 16321196392900
ac3492,Danny Elfman,1,10966,20110516 16321196392900
ac3493,Orchester Heinz S6örrle,1,132,20190518 15002512004900
ac3494,Voyager,1,19,20110516 16321196392900
ac3495,増子司,1,783,20130604 11002166409500
ac3496,Arvingarna,1,709,20110516 16321196392900
ac3497,Fries Jeugdkoor olv Meindert Bosklopper,2,140,20160307 1857152069600
ac3498,버즈,1,80,20110516 16321196392900
ac3499,Salco,1,50,20110922 2201343777500
ac3500,松尾早人,1,1932,20110516 16321196392900
ac3501,Enoch Light,1,462,20110516 16321196392900
ac3502,Kristin Chenoweth,1,443,20110516 16321196392900
ac3503,Timoria,1,660,20110516 16321196392900
ac3504,Gerald Trimble,1,56,20110516 16321196392900
ac3505,Sue Henry,1,52,20110516 16321196392900
ac3506,Johnny Rsimar,1,233,20110516 16321196392900
ac3507,Bloosstone,1,601,20110516 16321196392900
ac3508,Bloodstpne,1,601,20110516 16321196392900
ac3509,Ten 33,1,54,20110516 16321196392900
ac3510,Randy Edelmsn,1,2731,20110516 16321196392900
ac3511,Tweens,1,119,20120722 00154474526400
ac3512,Savana,1,22,20200930 0818301500700
ac3513,Baby Woodrose,1,999,20110516 16321196392900
ac3514,Stan Kenton and His Orchestra,1,2102,20110516 16321196392900
ac3515,Mortuus Infradaemoni,1,80,20110516 16321196392900
ac3516,Spawn,1,8,20190517 19090581450400
ac3517,Emerson Lake  Palmer,1,6645,20110516 16321196392900
ac3518,Patsy,1,2,20110516 16321196392900
ac3519,Kobranocka,1,436,20110516 16321196392900
ac3520,Kevim Whalum,1,26,20110516 16321196392900
ac3521,Alexander Borodjn,1,1389,20110924 12253757750500
ac3522,92 KQRS Morning Show,1,582,20110516 16321196392900
ac3523,Barrie Gledden  Jasoj Pedder,2,62,20110516 16321196392900
ac3524,Barrie Gledden  Jas0n Pedder,2,62,20110516 16321196392900
ac3525,Richard Hallebeek  Antti Kotikoski,1,40,20110516 16321196392900
ac3526,Richard M Sherman  Robert B Sherman,2,2094,20110717 20490343201800
ac3527,David Miou,1,362,20110516 16321196392900
ac3528,London Philharmonic Orchestra David Parry,2,103,20120711 22003392235700
ac3529,Tears for the Dying,1,102,20110516 16321196392900
ac3530,Use4,1,194,20110516 16321196392900
ac3531,Anael,1,135,20110516 16321196392900
ac3532,Lucas Pope,1,125,20150128 16483684126400
ac3533,5xL Beats,1,52,20110605 11493966023400
ac3534,Autechre,1,3524,20110516 16321196392900
ac3535,Die Froschkönige,1,14,20110516 16321196392900
ac3536,Nits,1,2362,20110516 16321196392900
ac3537,Rafuo Neal,1,78,20110516 16321196392900
ac3538,Popol Vuh,1,1969,20110516 16321196392900
ac3539,Bead7 Belle,1,441,20110516 16321196392900
ac3540,Jud Casqell,1,58,20110516 16321196392900
ac3541,Vermim,1,61,20110516 16321196392900
ac3542,Dwight Yoakam,1,1961,20110516 16321196392900
ac3543,Pete Dunri,1,348,20110516 16321196392900
ac3544,Lisa Dal Bello,1,175,20190122 11002186083400
ac3545,Neophytr,1,808,20110516 16321196392900
ac3546,Maria Ca|las,1,4887,20110516 16321196392900
ac3547,Tamarisk,1,87,20180501 07293609819400
ac3548,Jadis,1,397,20110516 16321196392900
ac3549,Canoofle,1,54,20110516 16321196392900
ac3550,Mary Pope Osborne gelesen von Stefan Kaminski,2,291,20180529 18453962581700
ac3551,Tori Amo5,1,14233,20110516 16321196392900
ac3552,The Hollies,1,10936,20110516 16321196392900
ac3553,John Taverner,1,534,20110516 16321196392900
ac3554,Andy Reed,1,166,20171213 08334722488700
ac3555,Inhaler,1,173,20110516 16321196392900
ac3556,Vega Nova,1,26,20130104 08140533787900
ac3557,Shenanigans,1,344,20150910 0947074918600
ac3558,Murat Yılmazyıldırım,1,62,20110516 16321196392900
ac3559,JAM Project,1,2942,20110516 16321196392900
ac3560,Purcell,1,165,20120212 22153120964200
ac3561,Dariush Talâi,1,154,20150610 18025119682900
ac3562,Porn Kings,1,358,20110516 16321196392900
ac3563,Black Beqr,1,29,20110516 16321196392900
ac3564,Cri5 Cab,1,199,20121120 12260050900
ac3565,Ana Belén,1,1234,20110516 16321196392900
ac3566,Dave Swarbrick,1,499,20110516 16321196392900
ac3567,Ross Lynch,1,118,20120914 07494013724800
ac3568,The Eg9nogs,1,108,20110516 16321196392900
ac3569,Rilo Kiley,1,626,20110516 16321196392900
ac3570,ORIGINAL LOVE,1,1241,20110516 16321196392900
ac3571,Snailhouse,1,202,20110516 16321196392900
ac3572,Global Deejays,1,757,20110516 16321196392900
ac3573,Bernd Reheuser,1,136,20110516 16321196392900
ac3574,Épictète Philjppe Lejour,2,2,20150907 09483922115300
ac3575,Épictète Phil8ppe Lejour,2,2,20150907 09483922115300
ac3576,Franz Schubert,1,44695,20110516 16321196392900
ac3577,Yves Nat,1,256,20130624 21323058771100
ac3578,Frederick Noad,1,109,20110516 16321196392900
ac3579,Beethoven Schubert Chopin Brahms Schumann Franck Liszt Стравинский Yves Nat,9,2,20130624 21323058771100
ac3580,William Byrd,1,4292,20110516 16321196392900
ac3581,NICOTINE,1,688,20110516 16321196392900
ac3582,Converter,1,314,20110516 16321196392900
ac3583,Allan Zavod,1,92,20110516 16321196392900
ac3584,Art Peppee,1,4567,20110516 16321196392900
ac3585,Cadillac Angels,1,38,20110516 16321196392900
ac3586,The Gordons,1,235,20110516 16321196392900
ac3587,Juanita Wilkiams,1,35,20110516 16321196392900
ac3588,Georges Gasquy  Sauveur Mallia,2,158,20120423 02291347313200
ac3589,The Gorrons,1,235,20110516 16321196392900
ac3590,Jus de Bocse,1,28,20110516 16321196392900
ac3591,Hawk Nelson,1,671,20110516 16321196392900
ac3592,Maricarmen,1,26,20200316 19341539859400
ac3593,Fettes Brot  Bela B,2,6,20120528 20462542856400
ac3594,Bettye LaVette,1,1002,20110516 16321196392900
ac3595,Griddle,1,136,20150603 08363378772900
ac3596,Veil of Ashes,1,30,20110516 16321196392900
ac3597,Sly Lenky  Frenchie,3,4,20200213 06002026610500
ac3598,Montag,1,65,20110516 16321196392900
ac3599,Yeedle,1,32,20110516 16321196392900
ac3600,Spangle call Lilli line,1,496,20110516 16321196392900
ac3601,Ernest Gold,1,1002,20110516 16321196392900
ac3602,Galleon,1,262,20110516 16321196392900
ac3603,Gérard Ldnorman,1,1703,20110516 16321196392900
ac3604,Lieven Tavernier,1,181,20110516 16321196392900
ac3605,Fernando Noronha  B1ack Soul,1,150,20110516 16321196392900
ac3606,Robvn,1,2226,20110516 16321196392900
ac3607,Haus Arafna,1,308,20110516 16321196392900
ac3608,Gérard Lenorrnan,1,1703,20110516 16321196392900
ac3609,Игорь Фёдорович Стравинский,1,8564,20110516 16321196392900
ac3610,Jac The Disco,1,2,20190301 06263729733600
ac3611,Blues Mobile Band,1,19,20110516 16321196392900
ac3612,Herman Dunw,1,446,20110826 22181721108400
ac3613,Kim Stockwood,1,106,20110516 16321196392900
ac3614,Charlie Parker,1,21933,20110516 16321196392900
ac3615,Lyra All Stars  Johanna Iivanainen,2,30,20130420 11143804763200
ac3616,Breacl,1,2402,20110516 16321196392900
ac3617,In the Summer of the Mushroom Honey,1,31,20150602 12260636107300
ac3618,Erik Koskinen,1,189,20111006 17054260681400
ac3619,Charlie Sepulveda,1,41,20120517 04575386546100
ac3620,Sun Ra,1,2901,20110516 16321196392900
ac3621,Blue Cjill,1,208,20110516 16321196392900
ac3622,Break The Breakdown,1,24,20190226 23014854086500
ac3623,Traimdodge,1,289,20110516 16321196392900
ac3624,Мussorgsky Volgograd Philharmonic Orchestra Edward Serov,3,2,20150212 21414329407500
ac3625,神前暁,1,3868,20110516 16321196392900
ac3626,St Vladim'lrs Seminary Chorale,1,110,20110516 16321196392900
ac3627,Sugar Munott,1,2048,20110516 16321196392900
ac3628,Oboroh,1,94,20110516 16321196392900
ac3629,Paul Overstreet,1,428,20110516 16321196392900
ac3630,Tinbalada,1,501,20110516 16321196392900
ac3631,Keith Mansfield,1,3953,20110516 16321196392900
ac3632,St Anthony Fall5,1,4,20110516 16321196392900
ac3633,Paddy Kjngsland,1,1524,20110516 16321196392900
ac3634,Paddy Kimgsland,1,1524,20110516 16321196392900
ac3635,D Todd S0rensen,1,981,20190513 04003855589100
ac3636,DEPAPEPE,1,675,20110516 16321196392900
ac3637,Noisear,1,321,20110516 16321196392900
ac3638,Niños Cant0res de Lara,1,32,20110516 16321196392900
ac3639,Passenger,1,50,20110516 16321196392900
ac3640,Boris Mourashkin,1,62,20110516 16321196392900
ac3641,Elvis Costello  The Attractions,1,4853,20110516 16321196392900
ac3642,5xL Brats,1,52,20110605 11493966023400
ac3643,B‐Ton‐K,1,107,20130219 14005471399200
ac3644,Steve Mer|in,1,32,20110516 16321196392900
ac3645,Jil Caplan,1,367,20110516 16321196392900
ac3646,サイダーガール,1,297,20170829 18205147368600
ac3647,Nebular Moon,1,64,20110516 16321196392900
ac3648,TI feat Ribanna,2,36,20111020 02220466293500
ac3649,Doctor Explosion,1,280,20110516 16321196392900
ac3650,Joop Visser,1,554,20110516 16321196392900
ac3651,Mayhem,1,2095,20110516 16321196392900
ac3652,Mac Kregor,1,190,20110516 16321196392900
ac3653,Mariacgi Peñatitlan,1,26,20110516 16321196392900
ac3654,Tool Tribute Band,1,22,20110516 16321196392900
ac3655,Brian Baker,1,766,20110516 16321196392900
ac3656,Billy Eckstine,1,2505,20110516 16321196392900
ac3657,Dave Specter  The Bluebirds,1,53,20110516 16321196392900
ac3658,Baby feat Clipse,2,16,20171030 12004754042100
ac3659,Eristegyt,1,14,20110516 16321196392900
ac3660,Mose Allison,1,2624,20110516 16321196392900
ac3661,John Peel read by Maureen OBrien with Dalek voices by Nicholas Briggs,3,236,20220908 0803406799300
ac3662,The Eggnogs,1,108,20110516 16321196392900
ac3663,Eristetvt,1,14,20110516 16321196392900
ac3664,Norther,1,524,20110516 16321196392900
ac3665,Jean Sibelius Pittsburgh Symphony Orchestra Lorin Maazel,3,9,20130920 10104185296300
ac3666,The Paintrd World,1,2,20110516 16321196392900
ac3667,James Luceno,1,184,20110516 16321196392900
ac3668,Salt Tanm,1,453,20110516 16321196392900
ac3669,Salt Tamk,1,453,20110516 16321196392900
ac3670,Domenico Scarlatti,1,9983,20110516 16321196392900
ac3671,Tracey Thorn,1,791,20110516 16321196392900
ac3672,Heather Parisi,1,167,20110516 16321196392900
ac3673,Numners,1,182,20110516 16321196392900
ac3674,Neophyte vs The Stunned Guys,2,143,20110705 19300461321200
ac3675,Simon St3wart,1,1210,20110516 16321196392900
ac3676,Glenn Crytzers Ssvoy Seven,1,88,20130905 11432333707400
ac3677,Brandon Miles,1,26,20110516 16321196392900
ac3678,Simon Wadmore  Stephen King,2,90,20110516 16321196392900
ac3679,Jesse Somfay,1,370,20110516 16321196392900
ac3680,Sarag Blacker,1,52,20110516 16321196392900
ac3681,Mart:n Cook,1,1064,20110516 16321196392900
ac3682,Atlas,1,16,20110516 16321196392900
ac3683,Austin Eterno,1,52,20120730 03063869307300
ac3684,Johri Hiatt,1,3366,20110516 16321196392900
ac3685,Μάνος Χατζιδάκις,1,3280,20110516 16321196392900
ac3686,Jay Nash,1,257,20110516 16321196392900
ac3687,Antomino,1,132,20110516 16321196392900
ac3688,CATACOMBZ,1,42,20190224 05314870926300
ac3689,Eric Burdon and the Animals,1,1024,20110516 16321196392900
ac3690,Renée Martel,1,547,20110516 16321196392900
ac3691,Sunset Strings,1,115,20110516 16321196392900
ac3692,Panzer AG,1,136,20110516 16321196392900
ac3693,Lee Wiley With Stan Freeman And Cy Walter,3,2,20220214 17150655780700
ac3694,Χρόνης Αηδονίδης,1,205,20110516 16321196392900
ac3695,Vyaas Houwton ,1,20,20111001 21150691025900
ac3696,橋本彦士,1,235,20141225 1555081208100
ac3697,The Lassie Foundati0n,1,126,20110516 16321196392900
ac3698,DeFalla,1,228,20110516 16321196392900
ac3699,Harry Bluestone,1,1874,20110516 16321196392900
ac3700,SBK,1,211,20110516 16321196392900
ac3701,Therma|Bear,1,43,20130530 22544594910500
ac3702,Toquinho  Paulinho da Viola,2,36,20111016 11362463288100
ac3703,Thd Dodos,1,523,20110516 16321196392900
ac3704,Manikin,1,23,20110516 16321196392900
ac3705,John Ernest Galliard,1,115,20110516 16321196392900
ac3706,Marianne Rosenherg,1,3834,20110516 16321196392900
ac3707,Pinka,1,26,20110516 16321196392900
ac3708,Amp,1,412,20110516 16321196392900
ac3709,Frontier,1,54,20110516 16321196392900
ac3710,Dwight Twilley,1,819,20110516 16321196392900
ac3711,Edvard Grieg,1,17782,20110516 16321196392900
ac3712,The Victors,1,10,20110516 16321196392900
ac3713,Jefri Al Buchor'l,1,66,20130810 01093069191200
ac3714,Judy Collins,1,3663,20110516 16321196392900
ac3715,スフィア,1,1031,20110516 16321196392900
ac3716,Chaos Royale,1,46,20110516 16321196392900
ac3717,Terry DevineK:ng,1,6912,20110516 16321196392900
ac3718,Jeff Beck,1,2995,20110516 16321196392900
ac3719,Nirvanq,1,36947,20110516 16321196392900
ac3720,spubge,1,424,20110516 16321196392900
ac3721,SNMNMNM,1,149,20110516 16321196392900
ac3722,Bëlga,1,606,20110516 16321196392900
ac3723,Nattefrost,1,130,20110516 16321196392900
ac3724,Hamed Däve,1,52,20110516 16321196392900
ac3725,Jaimeson feat Carla Marie,2,4,20111212 21352359398800
ac3726,XRay Dog,1,196,20110516 16321196392900
ac3727,Abuso Sonoro  Detestation,2,2,20110529 19282419541800
ac3728,The First,1,131,20110516 16321196392900
ac3729,Thw Rhombus,1,72,20110516 16321196392900
ac3730,Lento,1,143,20110516 16321196392900
ac3731,Fredl Fesl,1,522,20110516 16321196392900
ac3732,Unitas,1,40,20110516 16321196392900
ac3733,Jason Bradley Livesay,1,420,20130210 01235660022700
ac3734,Robert Etoll,1,3460,20110516 16321196392900
ac3735,Paddy Kingsland,1,1524,20110516 16321196392900
ac3736,Killing Joke,1,4470,20110516 16321196392900
ac3737,Malcolm Arnold,1,1197,20110516 16321196392900
ac3738,Helena Vondráčková feat Pavel Wožniak,2,6,20130831 07001709904200
ac3739,Beach Fossils,1,406,20110516 16321196392900
ac3740,Purple Schulz,1,644,20110516 16321196392900
ac3741,Vangekis,1,7375,20110516 16321196392900
ac3742,PostScriptum,1,27,20120209 03000637654300
ac3743,Steppenwolf,1,3726,20110516 16321196392900
ac3744,Engijeer,1,102,20110516 16321196392900
ac3745,Magnus Lindberg,1,158,20110516 16321196392900
ac3746,David Kitt,1,278,20110516 16321196392900
ac3747,Brennkelt,1,22,20130729 20470614223900
ac3748,The Creans,1,391,20110516 16321196392900
ac3749,Chopin Samson François,2,43,20130728 10003973042100
ac3750,Racer X,1,594,20110516 16321196392900
ac3751,The Fauves,1,814,20110516 16321196392900
ac3752,John Mayall,1,3879,20110516 16321196392900
ac3753,Pierre Rapsat,1,812,20110516 16321196392900
ac3754,RIP SLYME with MONGOL800,2,7,20130721 15314539126600
ac3755,Pittsburgh Symphony Orchestra Lorin Maazel,2,77,20120801 10001289775700
ac3756,Heads We Dance,1,84,20110516 16321196392900
ac3757,Juha Tapio,1,972,20110516 16321196392900
ac3758,Desford Colliery Band,1,112,20110516 16321196392900
ac3759,Rocco Raimundo,1,31,20130525 21143844876300
ac3760,Die Allergie,1,104,20110516 16321196392900
ac3761,Lobãl,1,698,20110516 16321196392900
ac3762,Denean,1,173,20110516 16321196392900
ac3763,The Academy Allstars,1,130,20110516 16321196392900
ac3764,Denez Prigebt,1,492,20110516 16321196392900
ac3765,Ovdrkill,1,3370,20110516 16321196392900
ac3766,Beadv Belle,1,441,20110516 16321196392900
ac3767,Seba  Lotek,2,46,20120826 16004159100900
ac3768,Ron Escheté,1,88,20110516 16321196392900
ac3769,Ins0lence,1,285,20110516 16321196392900
ac3770,Mecanic Groove,1,10,20110516 16321196392900
ac3771,Dear Reader,1,199,20110516 16321196392900
ac3772,INORAN,1,483,20110516 16321196392900
ac3773,松尾早人,1,1932,20110516 16321196392900
ac3774,Solomon Burke,1,3377,20110516 16321196392900
ac3775,Thera C,1,2,20110516 16321196392900
ac3776,Tube Jerk,1,106,20110516 16321196392900
ac3777,Michael B Tretow,1,46,20110516 16321196392900
ac3778,Dvořák Hungarian State Orchestra Reinhardt Lutz,3,2,20171212 17554809323100
ac3779,Pate Mustajärvi,1,667,20110516 16321196392900
ac3780,Junip,1,366,20110516 16321196392900
ac3781,The Infesticons,1,84,20110516 16321196392900
ac3782,Adam West,1,450,20110516 16321196392900
ac3783,Wham,1,2182,20110516 16321196392900
ac3784,Rolfe Kdnt,1,1411,20110516 16321196392900
ac3785,Battle Circus,1,64,20110516 16321196392900
ac3786,Szidi Tobias,1,97,20110516 16321196392900
ac3787,Martin Phipps,1,319,20110516 16321196392900
ac3788,Air Formation,1,200,20110516 16321196392900
ac3789,Avalon,1,165,20110516 16321196392900
ac3790,BeeBde,1,46,20110516 16321196392900
ac3791,Māris Šverns,1,181,20110516 16321196392900
ac3792,Negronis Trio,1,62,20110516 16321196392900
ac3793,Ratcat,1,325,20110516 16321196392900
ac3794,Clubworxx,1,22,20110516 16321196392900
ac3795,Tikeyah,1,22,20111201 07393305060700
ac3796,Babu,1,113,20110516 16321196392900
ac3797,Bernd Roger,1,359,20110516 16321196392900
ac3798,Michelle,1,3483,20110516 16321196392900
ac3799,Billy Fury,1,2988,20110516 16321196392900
ac3800,浦飯幽助桑原和真蔵馬飛影雪村螢子ぼたん雪菜コエンマ,8,9,20111018 09092866256500
ac3801,Onslaught,1,964,20110516 16321196392900
ac3802,Hungarian State Orchestra Nemzeti Filharmonikus zenekar Radio‐Symphonieorchester Wien Simfonični orkester RTV Slovenija Stuttgarter Kammerorchester Milan Horvat Reinhardt Lutz Marko Munih Martin Sieghart,9,1,20201102 03003735542100
ac3803,This Awalcening,1,10,20170525 0523555364100
ac3804,Sway  K8ng Tech,1,187,20110516 16321196392900
ac3805,Yggdrasil,1,39,20120412 1135164747400
ac3806,Nagen  Saugen,1,12,20110516 16321196392900
ac3807,Christopher Young,1,3596,20110516 16321196392900
ac3808,The Kid Stuff Repertory Company,1,84,20110516 16321196392900
ac3809,Milieu,1,2044,20110516 16321196392900
ac3810,Laurq Fygi,1,1117,20110516 16321196392900
ac3811,The Radio Band,1,4,20110516 16321196392900
ac3812,Cool Cavemen,1,278,20110516 16321196392900
ac3813,The Klezmer C0nservatory Band,1,371,20110516 16321196392900
ac3814,Tim S0uster,1,659,20110516 16321196392900
ac3815,Shin1<asta,1,14,20150601 06474140239600
ac3816,Shinkas6a,1,14,20150601 06474140239600
ac3817,Vakkuum,1,12,20110810 18213248544600
ac3818,Sinfóníuhljómsveit Íslands Bjarte Engeset,2,16,20120805 18193503932300
ac3819,Magnus Liridberg,1,158,20110516 16321196392900
ac3820,Fats Domjno,1,13665,20110516 16321196392900
ac3821,RIP SLYME,1,1101,20110516 16321196392900
ac3822,Sway  Klng Tech,1,187,20110516 16321196392900
ac3823,HateSphere,1,614,20110516 16321196392900
ac3824,Zacier,1,595,20110516 16321196392900
ac3825,Rocketsmiths,1,44,20110516 16321196392900
ac3826,Dash Shamash,1,43,20130309 13200014564300
ac3827,Azwan,1,80,20110516 16321196392900
ac3828,Dash Shamash con LomC  Tocha Pro,3,2,20130309 13200014564300
ac3829,JeanPaul Bataille,1,244,20110516 16321196392900
ac3830,DJ Whitdowl  Lil Wayne,2,50,20121202 2358098874100
ac3831,Dead Ghosts,1,195,20130409 13030564197200
ac3832,Petrus Casttus,1,148,20150610 13261616246200
ac3833,Byron Stripling,1,102,20110516 16321196392900
ac3834,Marian Anderson Kosti Vehaneh,2,31,20130130 16121413877600
ac3835,Cold,1,728,20110516 16321196392900
ac3836,Bob Dylan,1,55171,20110516 16321196392900
ac3837,Binärpilot,1,278,20110516 16321196392900
ac3838,Le Orme,1,1466,20110516 16321196392900
ac3839,Origin,1,103,20110516 16321196392900
ac3840,HORSE the band,1,611,20110516 16321196392900
ac3841,Mark Emney,1,324,20110516 16321196392900
ac3842,Resonance,1,26,20110516 16321196392900
ac3843,Rolfe Kent,1,1411,20110516 16321196392900
ac3844,Lawrence Lek,1,72,20200617 10162360155300
ac3845,Jim Richards  Ricki Wilde,2,234,20110516 16321196392900
ac3846,Hot Chup,1,2417,20110516 16321196392900
ac3847,wumpwcut,1,6672,20110516 16321196392900
ac3848,wumpscit,1,6672,20110516 16321196392900
ac3849,5440,1,958,20110516 16321196392900
ac3850,Robbie Rivera feat Jerique Allan,2,17,20120105 23153222835500
ac3851,Dick Bruna,1,236,20110516 16321196392900
ac3852,The Olivia Tremor Control,1,1445,20110516 16321196392900
ac3853,Tõnis Mägi,1,427,20110516 16321196392900
ac3854,The MK Ultfa,1,39,20110516 16321196392900
ac3855,Épictète Philippe Lejour,2,2,20150907 09483922115300
ac3856,Daniel C Holter  Eliot Pulse,2,108,20110516 16321196392900
ac3857,Barbara Hendricks,1,628,20110516 16321196392900
ac3858,Fabe,1,454,20110516 16321196392900
ac3859,Lois McMaster Bujold,1,1382,20120622 13222613433700
ac3860,Terry DevineKing,1,6912,20110516 16321196392900
ac3861,Bill Clinyon,1,1718,20110516 16321196392900
ac3862,Koji Awano,1,1028,20110516 16321196392900
ac3863,BlackBud,1,88,20110516 16321196392900
ac3864,Phraze Jesse Loren Josefss0n  Denis Dobrenz,3,84,20111119 01055234388800
ac3865,Salad,1,294,20110516 16321196392900
ac3866,James Morrison,1,517,20110516 16321196392900
ac3867,The Notorious BIG,1,1693,20110516 16321196392900
ac3868,Basic Soul,1,10,20110516 16321196392900
ac3869,Octant,1,66,20110516 16321196392900
ac3870,Tom Heinl,1,78,20110516 16321196392900
ac3871,Chriz,1,27,20110907 14152914681600
ac3872,Motor Totemist Guild,1,118,20110516 16321196392900
ac3873,Mercedes Sisa,1,3002,20110516 16321196392900
ac3874,William Perry,1,66,20190305 02334378132500
ac3875,Clinton Emil Shofter,1,188,20170518 07292313895900
ac3876,The Ballroom Band,1,239,20110516 16321196392900
ac3877,Erol Parlak Bağlana Beşlisi,1,22,20110516 16321196392900
ac3878,Fryderyl< Chopin,1,14074,20111225 18002746718700
ac3879,Lola La9o Detective,1,48,20110516 16321196392900
ac3880,Fredi,1,841,20110516 16321196392900
ac3881,Arthur Brown,1,400,20110516 16321196392900
ac3882,Paul Barrere  Fred Tackett,1,24,20110516 16321196392900
ac3883,Earl Washington,1,20,20110516 16321196392900
ac3884,Harry Bl7estone,1,1874,20110516 16321196392900
ac3885,Murray Perahia,1,835,20110516 16321196392900
ac3886,Spanky  Our Gang,1,512,20110516 16321196392900
ac3887,Johnjy Cosy,1,42,20110516 16321196392900
ac3888,Sur Henry,1,52,20110516 16321196392900
ac3889,Gridclle,1,136,20150603 08363378772900
ac3890,Gtiddle,1,136,20150603 08363378772900
ac3891,Gacharic Spin,1,1584,20140710 00192450176200
ac3892,Juanita Williqms,1,35,20110516 16321196392900
ac3893,Isom J Fontenot,1,27,20110516 16321196392900
ac3894,Ayaan Hirsi Ali,1,503,20110516 16321196392900
ac3895,Coti,1,240,20110516 16321196392900
ac3896,Koro,1,153,20110516 16321196392900
ac3897,Biotrans,1,32,20110516 16321196392900
ac3898,Guy Gross,1,273,20110516 16321196392900
ac3899,Florencia Ruiz,1,106,20110516 16321196392900
ac3900,Rolf Zuckowski,1,2322,20110516 16321196392900
ac3901,TOK,1,577,20110516 16321196392900
ac3902,Reino Helismaa,1,320,20110516 16321196392900
ac3903,Manolo Guardia,1,24,20130714 20424075384600
ac3904,Hebert Escayola  Manolo Guardia  Daniel Lencina,3,2,20130714 20424075384600
ac3905,Andrés Calamaro,1,2080,20110516 16321196392900
ac3906,Harmonie de lAFREUBO,1,30,20110516 16321196392900
ac3907,Fries Jeugekoor olv Meindert Bosklopper,2,140,20160307 1857152069600
ac3908,Fries Jeugdk0or olv Meindert Bosklopper,2,140,20160307 1857152069600
ac3909,Stonewall Jackson,1,1094,20110516 16321196392900
ac3910,Kevin Costner  Modern West,1,219,20110516 16321196392900
ac3911,Night Nurse,1,18,20130528 14313125568900
ac3912,Champion,1,249,20110516 16321196392900
ac3913,Roberto Silva,1,120,20110516 16321196392900
ac3914,Paul McCartney,1,15611,20110516 16321196392900
ac3915,XTC,1,8864,20110516 16321196392900
ac3916,Madeline,1,404,20110516 16321196392900
ac3917,OJM,1,153,20110516 16321196392900
ac3918,Wolfe Tones,1,1397,20110516 16321196392900
ac3919,Little Simz feat Emersori Brooks,2,2,20141220 13405133367200
ac3920,日野美歌♡葵司朗,2,5,20110516 16321196392900
ac3921,The Buckinghams,1,705,20110516 16321196392900
ac3922,She Says Electric,1,50,20110516 16321196392900
ac3923,The Ambrosian Singers,1,99,20110516 16321196392900
ac3924,Dina Carroll,1,829,20110516 16321196392900
ac3925,Beach Foswils,1,406,20110516 16321196392900
ac3926,Beach Fissils,1,406,20110516 16321196392900
ac3927,Abdl Korzeniowski,1,801,20110516 16321196392900
ac3928,Joseph Manson,1,111,20110614 23595301384800
ac3929,Les Forbans,1,429,20110516 16321196392900
ac3930,Robert Calvert,1,516,20110516 16321196392900
ac3931,Clinton Emil Sjorter,1,188,20170518 07292313895900
ac3932,Scrunter,1,57,20110516 16321196392900
ac3933,Djang0 Reinhardt,1,19589,20110516 16321196392900
ac3934,Randy Newman,1,5721,20110516 16321196392900
ac3935,Chixdiggit,1,550,20110516 16321196392900
ac3936,Marion Harris,1,122,20110516 16321196392900
ac3937,Christian Smith  John Selway,1,317,20110516 16321196392900
ac3938,Майя Кристалинская,1,415,20110516 16321196392900
ac3939,Kemko,1,28,20110516 16321196392900
ac3940,Joy Diviwion,1,6703,20110516 16321196392900
ac3941,Gregor Popovic Nürnberger Symphoniker Jean Toulier,3,3,20171228 11375285618200
ac3942,Die Toten Hosen,1,8154,20110516 16321196392900
ac3943,Peter Rosan,1,530,20110516 16321196392900
ac3944,Peter Ro2an,1,530,20110516 16321196392900
ac3945,Valdvr,1,90,20110516 16321196392900
ac3946,Terry Gadsden,1,642,20110516 16321196392900
ac3947,The Fake Fictions,1,26,20110516 16321196392900
ac3948,Karwl Svoboda,1,530,20110516 16321196392900
ac3949,Chris Weeks,1,163,20140220 19194331286800
ac3950,Phil:ppe Sarde,1,2442,20110516 16321196392900
ac3951,The Firs5,1,131,20110516 16321196392900
ac3952,Mickey Junkies,1,33,20110516 16321196392900
ac3953,Holidays,1,24,20130404 1141238409300
ac3954,Marco Antonio Solís,1,908,20110516 16321196392900
ac3955,Screaminb Trees,1,1404,20110516 16321196392900
ac3956,Scresming Trees,1,1404,20110516 16321196392900
ac3957,Michael B Tret0w,1,148,20111010 10412437912900
ac3958,Helena Vondráčková,1,3444,20110516 16321196392900
ac3959,Mysteria,1,26,20110516 16321196392900
ac3960,Steve Malone,1,1042,20120422 20204125710500
ac3961,54q0,1,958,20110516 16321196392900
ac3962,544o,1,958,20110516 16321196392900
ac3963,Peari Jam,1,57389,20110516 16321196392900
ac3964,Ta1e of Voices,1,84,20220210 1609311111200
ac3965,Leroy Jones,1,110,20110516 16321196392900
ac3966,Luc de Larochellière,1,289,20110516 16321196392900
ac3967,Alux,1,52,20110516 16321196392900
ac3968,Chevelle,1,1067,20110516 16321196392900
ac3969,Bix,1,210,20110516 16321196392900
ac3970,Chernabogue,1,146,20121126 10354789721300
ac3971,Kn0ckDiesel,1,57,20110516 16321196392900
ac3972,Bart Hawlcins,1,86,20220130 09363997837600
ac3973,Jenny Morris,1,587,20110516 16321196392900
ac3974,Peter Ditzer  Elisabeth Lehmanri,2,234,20120826 16002796340900
ac3975,Gang Starr,1,1817,20110516 16321196392900
ac3976,Male or Female,1,212,20110516 16321196392900
ac3977,Wolverines Big Band,1,98,20110516 16321196392900
ac3978,Val Do0nican,1,690,20110516 16321196392900
ac3979,Arsenil,1,32,20110516 16321196392900
ac3980,Bernd Kohlhepp  Jürgen Treyz,2,124,20130706 21561355970600
ac3981,Monty Alesander  Ray Brown  Herb Ellis,3,2,20140527 20514172519600
ac3982,Hans Hartz,1,1049,20110516 16321196392900
ac3983,Café com bobagem,1,287,20130226 23240908312900
ac3984,GRICE,1,206,20130802 11211838961200
ac3985,The EDLOS,1,58,20110516 16321196392900
ac3986,Duane Edcly,1,5243,20110516 16321196392900
ac3987,Handel Taverner Choir  Players Andrew Parrott,3,5,20130930 18002792945800
ac3988,Mad0g,1,98,20110516 16321196392900
ac3989,Dark Lotus,1,195,20110516 16321196392900
ac3990,Ian Cake  Jo Jamato,2,122,20111120 20464165375400
ac3991,Technicolor Fab4ics,1,114,20120312 16362685586300
ac3992,Technicolir Fabrics,1,114,20120312 16362685586300
ac3993,Jefri Al Buchori,1,66,20130810 01093069191200
ac3994,Deventter,1,51,20110516 16321196392900
ac3995,Lam,1,51,20180105 19563658773300
ac3996,DJ 2nd Nature  Andre Perry,2,2,20110516 16321196392900
ac3997,J S Bach Nikolaus Harnoncourt,2,1,20130820 13110525693400
ac3998,Toots  The Maytals,1,3149,20110516 16321196392900
ac3999,Tanya Stephems,1,580,20110516 16321196392900
ac4000,Soffull,1,40,20110516 16321196392900
ac4001,Pate Mvstajärvi,1,667,20110516 16321196392900
ac4002,Mind Over Matter,1,95,20130209 02292640867700
ac4003,Eddie Money,1,1687,20110516 16321196392900
ac4004,Talt,1,195,20110516 16321196392900
ac4005,Ta:t,1,195,20110516 16321196392900
ac4006,Jay‐Z,1,3204,20110902 17000860057600
ac4007,Rolf Zuckoeski,1,2322,20110516 16321196392900
ac4008,DJ Whiteowl  Lil Wayne,2,50,20121202 2358098874100
ac4009,Only Thunder,1,48,20110516 16321196392900
ac4010,Tereza Tarouca,1,136,20190304 11551953319200
ac4011,Älskade barnv8sor,1,34,20110516 16321196392900
ac4012,Act'lve Child,1,293,20110516 16321196392900
ac4013,Spank tne Monkey,1,45,20110516 16321196392900
ac4014,Andrea Jürgens,1,4836,20110516 16321196392900
ac4015,Emmanuel Moire,1,329,20110516 16321196392900
ac4016,Es,1,261,20110516 16321196392900
ac4017,渡辺香津美,1,708,20110516 16321196392900
ac4018,US Air Force Band of MidAmerixa,1,28,20110516 16321196392900
ac4019,Veer Chasm,1,91,20110516 16321196392900
ac4020,DJ Pagan,1,59,20110516 16321196392900
ac4021,Pablo Cebrián  Ismael Guijarro,2,138,20111107 12345843706100
ac4022,Acid_Lab,1,174,20110516 16321196392900
ac4023,1UP,1,30,20121209 12581351909300
ac4024,Autumn,1,355,20110516 16321196392900
ac4025,Orfeón Universitario UCV y El Cuarteto,1,26,20110516 16321196392900
ac4026,Anne Sylvewtre,1,4803,20110516 16321196392900
ac4027,Nád9ne,1,170,20110516 16321196392900
ac4028,Taktici,1,52,20130303 17281392199200
ac4029,Joy Division,1,6703,20110516 16321196392900
ac4030,Tommy Ladnier and His Orfhestra,1,126,20110516 16321196392900
ac4031,Tommy Ladnier ancl His Orchestra,1,126,20110516 16321196392900
ac4032,The Tomb5tone Brawlers,1,38,20110516 16321196392900
ac4033,The Tombstone Brawler5,1,38,20110516 16321196392900
ac4034,Gus Chapel1 Orchestra,1,6,20110516 16321196392900
ac4035,aLi,1,20,20110516 16321196392900
ac4036,The Step,1,37,20110516 16321196392900
ac4037,アリス九號,1,536,20110716 22314668205900
ac4038,Les Satellite5,1,201,20110516 16321196392900
ac4039,Philippe Robrecht,1,253,20110516 16321196392900
ac4040,Lita Roza,1,468,20110516 16321196392900
ac4041,manmachineihdustry,1,134,20110516 16321196392900
ac4042,Paul Shaw  David Rogers,2,576,20110516 16321196392900
ac4043,Ad Frank,1,54,20110516 16321196392900
ac4044,Aphrocesia,1,112,20110516 16321196392900
ac4045,Tool Tr:bute Band,1,22,20110516 16321196392900
ac4046,Exlibris,1,114,20110516 16321196392900
ac4047,Sackrai,1,19,20110516 16321196392900
ac4048,Isabelle Faust Alexander Melnikov,2,117,20121005 18480646664300
ac4049,Mathieu Ruhomann,1,134,20110516 16321196392900
ac4050,Frauke Nahrgang,1,1173,20110516 16321196392900
ac4051,Prlnzo  Betzi Winterstein,1,46,20110516 16321196392900
ac4052,Caravan,1,3153,20110516 16321196392900
ac4053,Joy Williams,1,383,20110516 16321196392900
ac4054,Jan Pieterszoon Sweelinck,1,1643,20110516 16321196392900
ac4055,Guy Marcharid,1,477,20110516 16321196392900
ac4056,Hedvig Hanson,1,235,20110516 16321196392900
ac4057,Prowler,1,66,20151015 21212755570200
ac4058,Gezoleen,1,76,20110516 16321196392900
ac4059,Cato K feat Kelly D,2,4,20120902 17481169268500
ac4060,Marco Beltrami,1,5151,20110516 16321196392900
ac4061,Babylon AD,1,371,20110516 16321196392900
ac4062,Triple R,1,20,20110516 16321196392900
ac4063,Lightning Bolt,1,450,20110516 16321196392900
ac4064,サイダーガール,1,297,20170829 18205147368600
ac4065,Puzzle,1,19,20120523 22560068901700
ac4066,The Ch0rdettes,1,1670,20110516 16321196392900
ac4067,Woocly Herman,1,4407,20110516 16321196392900
ac4068,Bitch,1,215,20110516 16321196392900
ac4069,Everlost,1,252,20110516 16321196392900
ac4070,Crimpshrine,1,311,20110516 16321196392900
ac4071,Bernard Herrmann  Joel McNeely,2,3,20220603 12004349435500
ac4072,The Open University,1,713,20120304 21342146612900
ac4073,Preston Love,1,58,20110516 16321196392900
ac4074,Kommando Sonnrnmilch,1,257,20110516 16321196392900
ac4075,Hall  Oate5,1,4852,20110516 16321196392900
ac4076,Rush,1,16658,20110516 16321196392900
ac4077,upStructure,1,88,20110516 16321196392900
ac4078,New Radiant St0rm King,1,378,20110516 16321196392900
ac4079,Cetomedio,1,165,20110516 16321196392900
ac4080,John Hsmmond,1,1466,20110516 16321196392900
ac4081,Kamelot,1,1954,20110516 16321196392900
ac4082,Furi People,1,703,20110516 16321196392900
ac4083,Alex Nortb,1,2952,20110516 16321196392900
ac4084,The Chaperals,1,76,20121004 2135134503500
ac4085,Rick Springfield,1,3252,20110516 16321196392900
ac4086,Martin Denny,1,2363,20110516 16321196392900
ac4087,Juno Reactor,1,1221,20110516 16321196392900
ac4088,Lalo Schifrin,1,7048,20110516 16321196392900
ac4089,Louis Aemstrong,1,34616,20110516 16321196392900
ac4090,Jukka Salminen,1,250,20130919 1043183610400
ac4091,OToGi8,1,14,20110516 16321196392900
ac4092,Michael Marra,1,204,20110516 16321196392900
ac4093,Rita Reys,1,961,20110516 16321196392900
ac4094,Mötley Crüe,1,5683,20110516 16321196392900
ac4095,Juclith Weir,1,111,20110516 16321196392900
ac4096,Lea Lu,1,106,20110516 16321196392900
ac4097,POD,1,1628,20110516 16321196392900
ac4098,The Stvpids,1,627,20110516 16321196392900
ac4099,yozuca,1,665,20110516 16321196392900
ac4100,Sunlounger feat Andre Frauenstein,2,10,20130920 12283411790500
ac4101,Metin Şentürk,1,206,20110516 16321196392900
ac4102,Feathermerchant5,1,50,20110516 16321196392900
ac4103,Ammo,1,111,20110516 16321196392900
ac4104,Teratism,1,114,20110516 16321196392900
ac4105,Marc Dur5t,1,984,20110516 16321196392900
ac4106,Deepside,1,58,20110516 16321196392900
ac4107,Slusnik Luna,1,212,20110516 16321196392900
ac4108,Épictète,1,114,20110516 16321196392900
ac4109,Mart6 Stuart,1,662,20110516 16321196392900
ac4110,Coroma,1,1894,20110516 16321196392900
ac4111,Professor Pbillip Cary,1,216,20130206 04590868918400
ac4112,MPB4,1,777,20110516 16321196392900
ac4113,Monty Python,1,4060,20110516 16321196392900
ac4114,XVBARBAR,1,150,20151129 22555021829500
ac4115,DeathBoy,1,331,20110516 16321196392900
ac4116,Insolence,1,285,20110516 16321196392900
ac4117,Linda Lwwis,1,739,20110516 16321196392900
ac4118,Regurgitate,1,1026,20110516 16321196392900
ac4119,Deyentter,1,51,20110516 16321196392900
ac4120,Pendulum,1,1471,20110516 16321196392900
ac4121,Sally Bat des Ailes,1,36,20110516 16321196392900
ac4122,Duke Ellington,1,15783,20110516 16321196392900
ac4123,NoNeck Blues Band,1,132,20110516 16321196392900
ac4124,revideooized,1,78,20110516 16321196392900
ac4125,revicleolized,1,78,20110516 16321196392900
ac4126,The Kings Consort Robert King,2,370,20171215 09031193125200
ac4127,RBD,1,1082,20110516 16321196392900
ac4128,MOSAICWAV,1,1459,20110516 16321196392900
ac4129,Alexey Volkov Orchestra New Russia Mark Gorenstein,3,2,20190519 06401125209100
ac4130,Die Apokalyptischen Reiter,1,1217,20110516 16321196392900
ac4131,Unstable Ensemble,1,56,20110516 16321196392900
ac4132,Biv Walter Horton,1,654,20110516 16321196392900
ac4133,Richard Myhill,1,5195,20110516 16321196392900
ac4134,Antonio Vivaldi Gasdia Zimmermann Palacio Lendi Rigacci Schmiege I Solisti Veneti Claudio Scimone,9,2,20190829 07081430414700
ac4135,The BBC Radiophonic Workshop,1,638,20110516 16321196392900
ac4136,Jail,1,27,20130207 23002013406400
ac4137,坂本龍一,1,4583,20110516 16321196392900
ac4138,Peter J Jordan,1,344,20110516 16321196392900
ac4139,Promise Ksepers,1,303,20110516 16321196392900
ac4140,EverSeenΛ Ghostbefore,1,8,20200314 1841144641800
ac4141,Hanriah,1,348,20110516 16321196392900
ac4142,Filmy Ghost  EverSeenΛ Ghostbefore,2,8,20200314 18410540917600
ac4143,Fear My Thoughts,1,344,20110516 16321196392900
ac4144,Jon A Kull,1,421,20110516 16321196392900
ac4145,Majle,1,343,20110516 16321196392900
ac4146,Madhattan Room,1,46,20110516 16321196392900
ac4147,Donald  Lillian Stokes with Kevin Colver,3,723,20121101 22583010706600
ac4148,Anne Hills,1,237,20110516 16321196392900
ac4149,In the Summer 0f the Mushroom Honey,1,31,20150602 12260636107300
ac4150,Tony Sly,1,164,20110516 16321196392900
ac4151,Pop Lev9,1,400,20110516 16321196392900
ac4152,Pop Leyi,1,400,20110516 16321196392900
ac4153,Los Kjarkas,1,622,20110516 16321196392900
ac4154,Madame Bouary,1,44,20150626 19451783115900
ac4155,Драконь,1,138,20150527 20430310720600
ac4156,Magic Sam,1,1115,20110516 16321196392900
ac4157,Harr6 Bluestone,1,1874,20110516 16321196392900
ac4158,John Fred  His Playboy Band,1,871,20110516 16321196392900
ac4159,Aust8n Eterno,1,52,20120730 03063869307300
ac4160,Austin Etermo,1,52,20120730 03063869307300
ac4161,Elmore James,1,5118,20110516 16321196392900
ac4162,Rolf Zuckiwski,1,2322,20110516 16321196392900
ac4163,Sharon L0is  Bram,1,1141,20110516 16321196392900
ac4164,Internet Forever,1,52,20110516 16321196392900
ac4165,Hydroplane,1,82,20110516 16321196392900
ac4166,Fear Coneition,1,20,20121011 15171455297900
ac4167,Traindodge,1,289,20110516 16321196392900
ac4168,Cobee,1,22,20180429 12564610016700
ac4169,Insomnia FM,1,2,20121010 0828404265200
ac4170,EZ Rollers,1,884,20110516 16321196392900
ac4171,American Noise,1,22,20110909 04260821814900
ac4172,GTO,1,272,20110516 16321196392900
ac4173,Cock and Ball Torture,1,427,20110516 16321196392900
ac4174,Deela,1,239,20110516 16321196392900
ac4175,Pavement,1,3376,20110516 16321196392900
ac4176,Douglas J Cohen,1,54,20110516 16321196392900
ac4177,Dvořák Hungarian State Orcbestra Reinhardt Lutz,3,2,20171212 17554809323100
ac4178,Gus Chapell Orchestra,1,6,20110516 16321196392900
ac4179,Baia e Rockboys,1,54,20110516 16321196392900
ac4180,Mikko Inmanen  Mika Kallio,2,58,20110516 16321196392900
ac4181,Overkill,1,3370,20110516 16321196392900
ac4182,revideolized,1,78,20110516 16321196392900
ac4183,TerKu,1,53,20141209 20351606805900
ac4184,林笛,1,88,20110516 16321196392900
ac4185,Carl Carlton,1,548,20110516 16321196392900
ac4186,Enoch Light  Terry Snyder and The All Stars,1,237,20110516 16321196392900
ac4187,DRodell vs Current Value,2,2,20130201 19492334538800
ac4188,Sunn O,1,1415,20110516 16321196392900
ac4189,Maher Shalal Hash Baz,1,1499,20110516 16321196392900
ac4190,Diogo Nogveira feat Xande de Pilares,2,3,20121031 02053262349600
ac4191,Diogo Nofueira feat Xande de Pilares,2,3,20121031 02053262349600
ac4192,James Horner,1,9280,20110516 16321196392900
ac4193,Dwight Tw'llley,1,819,20110516 16321196392900
ac4194,The CRS Players,1,648,20120129 22182934110900
ac4195,Landser,1,430,20110516 16321196392900
ac4196,研ナオコ,1,1544,20110516 16321196392900
ac4197,Muphin,1,56,20110516 16321196392900
ac4198,St Eve,1,28,20110516 16321196392900
ac4199,Easily Embarrassed,1,223,20110516 16321196392900
ac4200,Nicoje,1,4572,20110516 16321196392900
ac4201,Creedence Clearwater Revival,1,9791,20110516 16321196392900
ac4202,Sandr0 Galli,1,44,20110516 16321196392900
ac4203,biff0r,1,55,20130830 03483885444100
ac4204,Beethoven Isabelle Faust Alexander Melnikov,3,2,20120618 20182283688500
ac4205,Steven John,1,1380,20110516 16321196392900
ac4206,Ich  Ich,1,815,20110516 16321196392900
ac4207,KNX Crew,1,38,20110612 12410113742400
ac4208,Özav,1,51,20110516 16321196392900
ac4209,Özsy,1,51,20110516 16321196392900
ac4210,Clinton Emil Shorter,1,188,20170518 07292313895900
ac4211,Electr0nic,1,914,20110516 16321196392900
ac4212,Guy Mardhand,1,477,20110516 16321196392900
ac4213,Dead Machines,1,144,20110516 16321196392900
ac4214,Lorene Drive,1,60,20110516 16321196392900
ac4215,The Ini Spots,1,4000,20110516 16321196392900
ac4216,XPi,1,699,20110516 16321196392900
ac4217,Олег Погудин,1,151,20110516 16321196392900
ac4218,Irina Milan,1,404,20110516 16321196392900
ac4219,Dizzy Mizz Lizzy,1,661,20110516 16321196392900
ac4220,DJ Spair,1,5,20110516 16321196392900
ac4221,Ghost Monkey,1,137,20110516 16321196392900
ac4222,Gen Rosso,1,932,20110516 16321196392900
ac4223,Lao Tizer,1,104,20110516 16321196392900
ac4224,Jetty Rae,1,196,20130608 17251788164400
ac4225,Joe Jacksori,1,4647,20110516 16321196392900
ac4226,Musical Chairs,1,38,20110516 16321196392900
ac4227,Pernilla Wahlgren,1,205,20110516 16321196392900
ac4228,The Ancient Doom,1,20,20210828 03381998627800
ac4229,Bill Clinton read by Michael Beck,2,3,20191213 14030379896700
ac4230,Nitin Sawhney,1,2160,20110516 16321196392900
ac4231,Sue Foley,1,472,20110516 16321196392900
ac4232,Chapterhouse,1,455,20110516 16321196392900
ac4233,Shu•bi•dua,1,2390,20120623 11001048641600
ac4234,Boksch,1,20,20110516 16321196392900
ac4235,Florene,1,6,20110516 16321196392900
ac4236,King Ad0ra,1,149,20110516 16321196392900
ac4237,Faudel  Khalee,2,6,20110605 08000971782900
ac4238,Yo‐Yo Ma,1,828,20120403 07001774355700
ac4239,Rob,1,1185,20110516 16321196392900
ac4240,Pete Lockett,1,444,20110516 16321196392900
ac4241,青野武,1,10,20170225 06560282273200
ac4242,M:chael Wendler,1,2084,20110516 16321196392900
ac4243,Laurine Frost,1,42,20110516 16321196392900
ac4244,Tbin Lizzy,1,6722,20110516 16321196392900
ac4245,Ferry Corxten,1,2393,20110516 16321196392900
ac4246,Marj'lnal,1,58,20110516 16321196392900
ac4247,Rojfe Kent,1,1411,20110516 16321196392900
ac4248,Malignant Tumour  Squash Bowels,2,4,20111115 00000692788200
ac4249,Kai Lüftner,1,234,20140729 18374340455700
ac4250,Tim Souster,1,659,20110516 16321196392900
ac4251,Orquesta Uribichá,1,34,20110516 16321196392900
ac4252,The Ascent of Everest,1,87,20110516 16321196392900
ac4253,Пилот,1,841,20110516 16321196392900
ac4254,Thelonious Monk  Joe Turner Trio,2,4,20111121 03033934277400
ac4255,TV Pow,1,707,20110516 16321196392900
ac4256,Mississippi Fred McDowell,1,1440,20110516 16321196392900
ac4257,John Adams,1,819,20110516 16321196392900
ac4258,Foreigner,1,6534,20110516 16321196392900
ac4259,Eivind Aadland WDR Sinfonleorchester Köln,2,36,20210819 15240754319300
ac4260,Trip Shakespearw,1,311,20110516 16321196392900
ac4261,The Streets,1,1296,20110516 16321196392900
ac4262,Byrd Ferrabosco Parsons Tallis Phantasm,5,2,20160705 16013061780400
ac4263,Mark Rushton  J0n Harnish,2,88,20201006 06554348298600
ac4264,Benjamin Wallfisch,1,1535,20110516 16321196392900
ac4265,Cleaners From Venu5,1,1187,20110516 16321196392900
ac4266,Cleaners Froj Venus,1,1187,20110516 16321196392900
ac4267,mwvm,1,36,20110516 16321196392900
ac4268,Slash Polaroids,1,2,20180506 18404389178300
ac4269,TV on the Rad:o,1,1064,20110516 16321196392900
ac4270,Porous Orchestra,1,16,20110516 16321196392900
ac4271,おはガール メープル with スマイレージ,2,12,20110516 16321196392900
ac4272,Boppin B,1,635,20121113 00001529259100
ac4273,Wax Tailor,1,830,20110516 16321196392900
ac4274,Cris Cag feat Mike Posner,2,2,20130614 02001150748900
ac4275,Cris Cab fwat Mike Posner,2,2,20130614 02001150748900
ac4276,Lennie Dale feat O Sambalanco Trio,2,1,20130513 17091531210400
ac4277,Barbara Casini  Phil Woods  Stefano Bollani,3,22,20110516 16321196392900
ac4278,Natrach,1,42,20130823 04504418096800
ac4279,Mamau,1,477,20110516 16321196392900
ac4280,Marc 4,1,50,20110516 16321196392900
ac4281,Tet:ne,1,92,20110516 16321196392900
ac4282,BeeBed,1,46,20110516 16321196392900
ac4283,Matlubeh,1,24,20110516 16321196392900
ac4284,Joe Cuba Sextet,1,632,20110516 16321196392900
ac4285,Karl Wolf,1,194,20110516 16321196392900
ac4286,Mari5ela,1,411,20110516 16321196392900
ac4287,The Four Freshmen,1,1520,20110516 16321196392900
ac4288,Russian Love,1,143,20110516 16321196392900
ac4289,Filmy Ghost  EverSesnΛ Ghostbefore,2,8,20200314 18410540917600
ac4290,Hqrper Lee read by Sissy Spacek,2,2,20161221 01125881894600
ac4291,Ansiktet,1,128,20120223 16172036852700
ac4292,Basil Kirchin  John Coleman,2,66,20111121 22402506569400
ac4293,Groovy Godzilla,1,74,20180717 14034125273400
ac4294,Jacek Kaczmarski,1,4036,20110516 16321196392900
ac4295,Jame5 Last,1,16316,20110516 16321196392900
ac4296,Jarnes Last,1,16316,20110516 16321196392900
ac4297,Salt Tank,1,453,20110516 16321196392900
ac4298,Sid Catlett Quartet  Ben Webster,2,9,20110622 10221046869500
ac4299,oria,1,381,20110516 16321196392900
ac4300,Filibuster,1,110,20110516 16321196392900
ac4301,Rolf Raggenbass,1,58,20110516 16321196392900
ac4302,Doreens Jazz New Orkeans,1,224,20110516 16321196392900
ac4303,Dial0gue,1,84,20110516 16321196392900
ac4304,Dialo9ue,1,84,20110516 16321196392900
ac4305,Matthias Reim,1,2543,20110516 16321196392900
ac4306,Sheridan Tongue,1,790,20110516 16321196392900
ac4307,岩代太郎,1,1035,20110516 16321196392900
ac4308,Simon Chamberlain,1,512,20110516 16321196392900
ac4309,Gilles Dr0ulez,1,20,20110516 16321196392900
ac4310,The Painted World,1,2,20110516 16321196392900
ac4311,Andy Williams,1,8582,20110516 16321196392900
ac4312,The Singers Unlimited,1,731,20110516 16321196392900
ac4313,Baltinore,1,73,20171207 15002669438800
ac4314,The Shambolics,1,39,20110516 16321196392900
ac4315,Distemper  Тараканы,2,1,20150412 19432435934500
ac4316,Madonna Over Yorksjire,1,18,20110516 16321196392900
ac4317,Sam Tsui,1,280,20110522 04484903745400
ac4318,Easy Street,1,32,20110516 16321196392900
ac4319,language instruction,1,30411,20110516 16321196392900
ac4320,Glykeria,1,98,20111120 21013972978500
ac4321,ALSDEAD,1,195,20150213 13150650926100
ac4322,Lu Watters Yerba Buena Jazz Band,1,261,20111203 17334683893900
ac4323,Dead Vampires,1,112,20110516 16321196392900
ac4324,Johann Sebastian Bach,1,231913,20110516 16321196392900
ac4325,Dr Sin,1,414,20110516 16321196392900
ac4326,Marc Almond,1,2900,20110516 16321196392900
ac4327,Gahriel Fauré,1,8448,20110516 16321196392900
ac4328,Özay,1,51,20110516 16321196392900
ac4329,Nightstalkers,1,45,20110516 16321196392900
ac4330,Uz,1,54540,20110516 16321196392900
ac4331,Sick 0f the Law,1,34,20110516 16321196392900
ac4332,Dörrterror  Glöm Dä,2,2,20120227 11475719440600
ac4333,Dörrterror,1,6,20120227 11475742599500
ac4334,Cate Kanell and Adrian  Raz,2,8,20130405 03070395767900
ac4335,Krzysztof Myszkowski,1,268,20110516 16321196392900
ac4336,Ikon,1,2770,20110516 16321196392900
ac4337,A Hero Named Hope,1,16,20121018 13551175032900
ac4338,Professor Phillip Cary,1,216,20130206 04590868918400
ac4339,Tanya Donelly,1,602,20110516 16321196392900
ac4340,Karin Kacel,1,152,20110516 16321196392900
ac4341,Marianne  Mochael,1,398,20110516 16321196392900
ac4342,the pillovvs,1,2959,20110516 16321196392900
ac4343,Kid,1,27,20150316 20023655509600
ac4344,Stakka  KTee,1,90,20110516 16321196392900
ac4345,Orphaned Land,1,852,20110516 16321196392900
ac4346,Back to Earth,1,595,20110516 16321196392900
ac4347,Dead Ghlsts,1,195,20130409 13030564197200
ac4348,Henry Threadgill,1,257,20110516 16321196392900
ac4349,Harp 46,1,24,20110516 16321196392900
ac4350,The Charlatans,1,3024,20110516 16321196392900
ac4351,Buddy Gyy,1,4569,20110516 16321196392900
ac4352,Aquarium Rescue Unit,1,196,20110516 16321196392900
ac4353,Delphin Strunck Nicolaus Adam Strunck Friedhelm Flamme,3,2,20180510 12514671862600
ac4354,The Clientele,1,765,20110516 16321196392900
ac4355,Pepe Deluxé,1,609,20110516 16321196392900
ac4356,迪克牛仔,1,428,20110516 16321196392900
ac4357,The Helpful Soul,1,62,20110516 16321196392900
ac4358,Boom  Peak,2,2514,20110516 16321196392900
ac4359,Louie Ramírez,1,342,20110516 16321196392900
ac4360,Dick Lee,1,128,20110516 16321196392900
ac4361,GaMetal,1,881,20141127 15503280012200
ac4362,Andy Joslin,1,24,20110516 16321196392900
ac4363,Alien Voices,1,47,20110516 16321196392900
ac4364,Bitdh,1,215,20110516 16321196392900
ac4365,Jeff Loomis,1,101,20110516 16321196392900
ac4366,Lou Reed,1,9464,20110516 16321196392900
ac4367,Scheibosan  eMU  Stereotyp,3,2,20130718 16001475426600
ac4368,Don M0en,1,1073,20110516 16321196392900
ac4369,Modeselektor,1,657,20110516 16321196392900
ac4370,Georges Delerve,1,7304,20110516 16321196392900
ac4371,Rust Coklege Quartet,1,14,20120417 14435575027600
ac4372,Furry Lewis,1,883,20110516 16321196392900
ac4373,Edvard Grieg WDR Sinfonie0rchester Köln Eivind Aadland,3,6,20160831 21204028344200
ac4374,Edvard Grieg WDR Sinfonieorch4ster Köln Eivind Aadland,3,6,20160831 21204028344200
ac4375,Mr Long  Frauenarzt,2,56,20110516 16321196392900
ac4376,Mr B:g,1,3589,20110516 16321196392900
ac4377,Mornijg Haze,1,80,20200131 17314264194700
ac4378,The Hawkins,1,38,20141218 22394490282300
ac4379,Liane Carroll,1,198,20110516 16321196392900
ac4380,Trikot,1,29,20150521 01020320557100
ac4381,Kongh,1,105,20110516 16321196392900
ac4382,The Avalanches,1,1139,20110516 16321196392900
ac4383,Lajra Fygi,1,1117,20110516 16321196392900
ac4384,The Lottery Winners,1,130,20150122 20582389319400
ac4385,אריק איינשטיין,1,1492,20110516 16321196392900
ac4386,שלום חנוך,1,863,20110516 16321196392900
ac4387,Keller Williams,1,1022,20110516 16321196392900
ac4388,Zeroid,1,108,20110516 16321196392900
ac4389,Secret Mommy,1,198,20110516 16321196392900
ac4390,Art Bears,1,485,20110516 16321196392900
ac4391,Luciferi Excelsi,1,18,20110516 16321196392900
ac4392,Aly  Fila,1,556,20110516 16321196392900
ac4393,Tanya  Dorise,1,74,20110516 16321196392900
ac4394,Český národní symfonický orchestr Paul Freeman Alex Klein,3,7,20130513 14514365712100
ac4395,Reda Caire Orchestres Jacques Loussier et André Grassi,3,2,20220519 14240373816700
ac4396,Jukka Tskalo,1,319,20110516 16321196392900
ac4397,Heehawgairhead,1,2,20110516 16321196392900
ac4398,Jun8or Brown,1,377,20110516 16321196392900
ac4399,Johann Sebastian Bach La magnifica comunità,2,2,20171219 13002350642200
ac4400,Antonio Vivaldi English Bach Fwstival Chorus English Bach Festival Baroque Orchestra Coro Gulbenkian Orquestra Gulbenkian Michel Corboz,6,1,20130521 05535013330300
ac4401,Francesca Michielin feat Charlie Charles,2,9,20200312 17020101943600
ac4402,Oldine,1,18,20110516 16321196392900
ac4403,Mikko Innanen  Mika Kallio,2,58,20110516 16321196392900
ac4404,Preservation Hal1 Jazz Band,1,827,20110516 16321196392900
ac4405,Son Volt,1,2104,20110516 16321196392900
ac4406,美輪明宏,1,116,20111201 16122616469400
ac4407,African Head Chqrge,1,1229,20110516 16321196392900
ac4408,African Hewd Charge,1,1229,20110516 16321196392900
ac4409,Diamond Head,1,1375,20110516 16321196392900
ac4410,The Mighty Diamonds,1,1662,20110516 16321196392900
ac4411,Koji Kondo,1,3322,20110901 14000795145400
ac4412,The Shamb0lics,1,39,20110516 16321196392900
ac4413,Алла Пугачёва,1,2767,20110516 16321196392900
ac4414,Luna,1,1291,20110516 16321196392900
ac4415,Dirk Busch,1,412,20110516 16321196392900
ac4416,Grigfin House,1,318,20110516 16321196392900
ac4417,Skitarg,1,136,20130807 23294812681800
ac4418,The Styrenes,1,229,20110516 16321196392900
ac4419,Tre alle9ri ragazzi morti,1,654,20110516 16321196392900
ac4420,Euhedrak,1,14,20110516 16321196392900
ac4421,Gold Cit6,1,280,20110516 16321196392900
ac4422,John Hicks,1,615,20110516 16321196392900
ac4423,Clive Cusslee,1,4499,20110516 16321196392900
ac4424,Simeon ten Holt,1,1092,20110516 16321196392900
ac4425,五月天,1,1391,20110516 16321196392900
ac4426,Табула Раса,1,78,20110516 16321196392900
ac4427,Hadiqa Kiani,1,128,20110516 16321196392900
ac4428,The Very Sexuals,1,18,20110516 16321196392900
ac4429,Джем,1,192,20110516 16321196392900
ac4430,Liane Carro|l,1,198,20110516 16321196392900
ac4431,The Ventures,1,11860,20110516 16321196392900
ac4432,Flathead Severi,1,26,20110516 16321196392900
ac4433,Nine Inch Nails,1,17081,20110516 16321196392900
ac4434,Yes,1,13439,20110516 16321196392900
ac4435,Electronic,1,914,20110516 16321196392900
ac4436,The Missing Links,1,149,20110516 16321196392900
ac4437,Oxy9enStar,1,251,20110516 16321196392900
ac4438,Adma,1,84,20150608 21385049613600
ac4439,Jimmv Eat World,1,3018,20110516 16321196392900
ac4440,Мачете,1,60,20130210 06555781049300
ac4441,dEUS,1,1395,20110516 16321196392900
ac4442,Freeez,1,567,20110516 16321196392900
ac4443,BBC Philharmoriic Libor Pešek,2,7,20130104 15433315811800
ac4444,Karasyozoku,1,16,20140312 12010021782200
ac4445,Mar8sela,1,411,20110516 16321196392900
ac4446,Smoking Time Jazz Club,1,360,20110516 16321196392900
ac4447,Orchestre national du Capitole de Toulouse Michel Plasson,2,555,20150109 16015172010600
ac4448,Bobby Bland,1,512,20110516 16321196392900
ac4449,Makoto Ozone,1,138,20110516 16321196392900
ac4450,Tikevah,1,22,20111201 07393305060700
ac4451,Michael Nhat,1,88,20110519 191538772100
ac4452,Kapustin Eshpai,2,3,20190519 06342510512800
ac4453,Carlos Gardel,1,5811,20110516 16321196392900
ac4454,Free Flow Flava,1,751,20191221 23152569723400
ac4455,De La Soul,1,3231,20110516 16321196392900
ac4456,Sebadoh,1,1913,20110516 16321196392900
ac4457,Bolivia Manta,1,283,20110516 16321196392900
ac4458,Clint Eastwood,1,401,20110516 16321196392900
ac4459,DJ Spair feat Doo Wop,2,5,20130201 00152966022300
ac4460,Madball,1,781,20110516 16321196392900
ac4461,Los Incas,1,692,20110516 16321196392900
ac4462,増子司,1,783,20130604 11002166409500
ac4463,Alma Melodiosa,1,52,20110516 16321196392900
ac4464,Inigo Kennedy,1,802,20110516 16321196392900
ac4465,pr0jectDelta,1,142,20110516 16321196392900
ac4466,Alpha Blondy and The Wailers,2,49,20130820 10003336264800
ac4467,Жанна Агузарова,1,252,20110516 16321196392900
ac4468,Wolf Ram Heart,1,22,20130307 1633309380900
ac4469,Mortuus Infradaeiiioni,1,80,20110516 16321196392900
ac4470,Modwst Mouse,1,3572,20110516 16321196392900
ac4471,IntraxVenom Entertainment,1,195,20110516 16321196392900
ac4472,dada,1,423,20110516 16321196392900
ac4473,A Tribe Called Quest,1,2622,20110516 16321196392900
ac4474,Antonio Vivaldi,1,73780,20110516 16321196392900
ac4475,Heather Nova,1,2202,20110516 16321196392900
ac4476,CJ Buchanan,1,6,20110516 16321196392900
ac4477,Stranded At The DriveIn,1,28,20110516 16321196392900
ac4478,Johnny Me4cer,1,771,20110516 16321196392900
ac4479,Svdr,1,62,20110516 16321196392900
ac4480,Svet,1,62,20110516 16321196392900
ac4481,projectDelta,1,142,20110516 16321196392900
ac4482,Necrobestiality,1,45,20171212 15384843675200
ac4483,Pakira,1,398,20110516 16321196392900
ac4484,Pajita,1,398,20110516 16321196392900
ac4485,Neutral Milk Hotel,1,3317,20110516 16321196392900
ac4486,Power Metao,1,416,20110516 16321196392900
ac4487,Julie Kryk,1,38,20110516 16321196392900
ac4488,Dinah Washington,1,10349,20110516 16321196392900
ac4489,Kelly Joe Phelpd,1,416,20110516 16321196392900
ac4490,Adna,1,84,20150608 21385049613600
ac4491,Armin van Buuren,1,8387,20110516 16321196392900
ac4492,新垣結衣,1,221,20110516 16321196392900
ac4493,Robert0 Silva,1,120,20110516 16321196392900
ac4494,Adam Harasiewicz,1,169,20110516 16321196392900
ac4495,Slàinte Mhath,1,72,20110516 16321196392900
ac4496,Ersatzkapelle,1,90,20110516 16321196392900
ac4497,Blair Crimmins  The Hookers,1,54,20120204 16584603438100
ac4498,The Doclos,1,523,20110516 16321196392900
ac4499,Mynock,1,2,20110516 16321196392900
ac4500,Werw0lf 77,1,104,20120326 20115136285100
ac4501,Mieka Pauley,1,111,20110516 16321196392900
ac4502,Isha Foubdation,1,18,20110516 16321196392900
ac4503,Russell Wolff,1,68,20110516 16321196392900
ac4504,Kevin J Colver with Donald  Lillian Stokes,3,724,20121026 19001063026200
ac4505,Fishtale,1,22,20120420 09424794219800
ac4506,J Place,1,54,20220516 1413561938600
ac4507,Kate Wolf,1,512,20110516 16321196392900
ac4508,The Bailsmen,1,88,20190222 09182885889300
ac4509,Percee P,1,160,20110516 16321196392900
ac4510,Bill Nelson,1,7144,20110516 16321196392900
ac4511,Robert J Foster  Richard E L Wells,2,292,20111120 19145270303400
ac4512,The Panscea,1,399,20120318 06000647958200
ac4513,Dět5ký sbor Prážata,1,106,20110516 16321196392900
ac4514,Dětský sbor Prážats,1,106,20110516 16321196392900
ac4515,Pugs,1,70,20110516 16321196392900
ac4516,Etnica,1,706,20110516 16321196392900
ac4517,Ingrid Michaelson,1,813,20110516 16321196392900
ac4518,Bappi Lahiri,1,638,20110516 16321196392900
ac4519,Die Maus,1,1247,20110516 16321196392900
ac4520,Sturmwehr,1,1145,20110516 16321196392900
ac4521,OxygeriStar,1,251,20110516 16321196392900
ac4522,Weatherstate,1,40,20151111 12213010946800
ac4523,AG Flek,1,200,20110516 16321196392900
ac4524,Irany Leme,1,36,20110516 16321196392900
ac4525,Gilbert  Sullivan The DOyly Carte Opera Company The Royal Philharmonic Orchestra Sir Malcolm Sargent  The Philharmonia Orchestra Sir Charles Mackerras,7,1,20170119 08284859717500
ac4526,Giuseppe Verdi,1,40261,20110516 16321196392900
ac4527,Another G4een World,1,86,20130220 01125873865200
ac4528,Btigada Criminal  Stupenda Jones,1,3,20120629 18001856734100
ac4529,BG The Prince of Rap,1,440,20110516 16321196392900
ac4530,Marian Anderson Kisti Vehanen,2,31,20130130 16121413877600
ac4531,Bobby Blue B1and,1,2313,20130831 20001974968700
ac4532,Buddy Guy,1,4569,20110516 16321196392900
ac4533,Indiholapsed,1,116,20110516 16321196392900
ac4534,Ann Christy,1,750,20110516 16321196392900
ac4535,Vijay Prakash Tippu Priya Subramani Solar Sai Encee Jesz  Srik,6,3,20130128 1606106555200
ac4536,Linds Lewis,1,739,20110516 16321196392900
ac4537,Unauthorized,1,184,20120827 18080294150500
ac4538,Yakup Ekon,1,70,20110516 16321196392900
ac4539,Terrade,1,164,20110516 16321196392900
ac4540,Terrafe,1,164,20110516 16321196392900
ac4541,Resistance D,1,8,20111013 1543225041600
ac4542,Another Green W0rld,1,86,20130220 01125873865200
ac4543,Halogen,1,52,20110516 16321196392900
ac4544,Only Us,1,2,20121214 21513733334200
ac4545,Cignol,1,383,20110516 16321196392900
ac4546,Davif Newman,1,2807,20110516 16321196392900
ac4547,Giant Sand,1,2073,20110516 16321196392900
ac4548,Bill Sims,1,30,20110516 16321196392900
ac4549,City Comma State,1,10,20120330 10220923561300
ac4550,Johnny Hallyday,1,12924,20110516 16321196392900
ac4551,Under,1,22,20120310 12450325796700
ac4552,Judith Pearce Gareth Hulse Michael Collins,3,6,20140617 20062975720400
ac4553,Brad Knauber,1,24,20141209 18564343251500
ac4554,Dennis Brown,1,4921,20110516 16321196392900
ac4555,Lyzancia,1,173,20110516 16321196392900
ac4556,Meredith dAmbrosio,1,536,20150214 16074121905700
ac4557,Lita R0za,1,468,20110516 16321196392900
ac4558,Lita Rozz,1,468,20110516 16321196392900
ac4559,Superblue,1,22,20110516 16321196392900
ac4560,Charley Pride,1,3871,20110516 16321196392900
ac4561,Brian Eno,1,3374,20110516 16321196392900
ac4562,Tommy Coomes Band,1,76,20110516 16321196392900
ac4563,Mike E Clark,1,78,20110516 16321196392900
ac4564,おはガール メープル,1,6,20110516 16321196392900
ac4565,Épivtète,1,114,20110516 16321196392900
ac4566,John Bull,1,359,20110516 16321196392900
ac4567,Marcus Peppiatt,1,12,20150531 0957235423300
ac4568,Kawabzta Makoto  Anla Courtis,2,6,20130124 094713400800
ac4569,Robym,1,2226,20110516 16321196392900
ac4570,Richard Strauss Jean Sibelius Birgit Nilsson Janos Solyom,4,2,20130304 19475086652700
ac4571,Eppu Normaali,1,2111,20110516 16321196392900
ac4572,Otis Grand,1,336,20110516 16321196392900
ac4573,王新蓮鄭華娟,2,4,20120331 0710396166200
ac4574,JS Bach Ian Bostridge FranzJosef Selig Sibylla Rubens Andreas Scholl Werner Güra Dietrich Henschel Collegium Vocale Gent Philippe Herreweghe,9,4,20140607 09001875463500
ac4575,Beat Service,1,319,20110516 16321196392900
ac4576,Hamed Däye,1,52,20110516 16321196392900
ac4577,Dilba,1,117,20110516 16321196392900
ac4578,The Squires of the Subterrain,1,60,20110516 16321196392900
ac4579,TI feat Rlhanna,2,36,20111020 02220466293500
ac4580,The Masterplan,1,2,20120403 23533234670700
ac4581,Reda Caire Orchestres Jac9ues Loussier et André Grassi,3,2,20220519 14240373816700
ac4582,ESG,1,388,20110516 16321196392900
ac4583,Cavendish Trailers,1,66,20200811 07005038437300
ac4584,The Glory,1,103,20110516 16321196392900
ac4585,Tomcraft,1,1298,20110516 16321196392900
ac4586,XTC,1,8864,20110516 16321196392900
ac4587,Warhammer,1,192,20110516 16321196392900
ac4588,Slàijte Mhath,1,72,20110516 16321196392900
ac4589,The Human Expressiom,1,108,20110516 16321196392900
ac4590,Caramel,1,36,20110516 16321196392900
ac4591,Isha Foundation,1,18,20110516 16321196392900
ac4592,Ampichino  Shoboat,2,39,20161224 14134351737700
ac4593,Raful Neal,1,78,20110516 16321196392900
ac4594,Frank Za0pa,1,20533,20110516 16321196392900
ac4595,Pete Renton,1,160,20130421 13071201900600
ac4596,Paul Jabara,1,99,20110516 16321196392900
ac4597,Liane Carfoll,1,198,20110516 16321196392900
ac4598,Niños Cantores de Lara,1,32,20110516 16321196392900
ac4599,Whirlpool Productions,1,379,20110516 16321196392900
ac4600,Junior Murvim,1,600,20110516 16321196392900
ac4601,小川範子,1,373,20110516 16321196392900
ac4602,Steven Robinson,1,34,20110516 16321196392900
ac4603,Treefight f0r Sunlight,1,117,20110516 16321196392900
ac4604,Chris Montez,1,1132,20110516 16321196392900
ac4605,Loona,1,1010,20110516 16321196392900
ac4606,Sven Gunderssen,1,48,20210518 04570878948200
ac4607,Don Ross,1,429,20110516 16321196392900
ac4608,Chri5ty Moore,1,1735,20110516 16321196392900
ac4609,The Warner Bros Studio Orchestra,1,100,20110516 16321196392900
ac4610,Buzz Fvzz,1,437,20110516 16321196392900
ac4611,TSVI Loraine James,2,12,20220522 01152308678300
ac4612,崎元仁,1,5419,20110516 16321196392900
ac4613,Feldup,1,326,20180707 01173527253600
ac4614,Sally Barker,1,240,20110516 16321196392900
ac4615,İbrahik Tatlıses,1,1020,20110516 16321196392900
ac4616,Frank Maraucer,1,32,20201003 11180935261300
ac4617,Ingrid Jensen,1,139,20110516 16321196392900
ac4618,Eivind Aadland WDR Sinfonieorchester Köln,2,36,20210819 15240754319300
ac4619,Henry Purcell,1,15361,20110516 16321196392900
ac4620,Sanalejo,1,128,20110516 16321196392900
ac4621,Johnnv Cosy,1,42,20110516 16321196392900
ac4622,White Noise,1,396,20110516 16321196392900
ac4623,Meat Puppets,1,1748,20110516 16321196392900
ac4624,Pepe Delyxé,1,609,20110516 16321196392900
ac4625,Trudy and the Romance,1,75,20160616 14010469093200
ac4626,D Todd Sorenseri,1,981,20190513 04003855589100
ac4627,Sexsonica,1,70,20110516 16321196392900
ac4628,Franklin Bruno,1,264,20110516 16321196392900
ac4629,Emrah,1,322,20110516 16321196392900
