artist_credit,position,artist,name
ac_cf34e906,0,a_03615122,Hunter
ac_a88e326a,0,a_a81d3224,AG
ac_4ba3841e,0,a_1b5673fb,Danças Ocultas
ac_be131c25,0,a_64db4348,Табула Раса
ac_f04c78f9,0,a_2583120c,_ensnare_
ac_0d4cbed9,0,a_e72e0199,Nico Fidenco
ac_cd8c0fbc,0,a_c4e6a7e3,Bettye LaVette
ac_91dd8a33,1,a_842004c6,André Dussollier
ac_91dd8a33,0,a_6f272ac2,Hélène Bleskine
ac_0cda4226,0,a_c31b5e57,Christian Flor
ac_0bd4969e,0,a_e5e1c25c,PostScriptum
ac_db0ec87d,0,a_7b49ca8e,The Ink Spots
ac_9eb7754e,0,a_8e1d8ac6,Téada
ac_29d97bdf,0,a_88a65404,Glen Campbell
ac_a9fd6153,0,a_1f56beed,Metallica
ac_41cbf988,0,a_e1d2e977,Andrei Eshpai
ac_0ef56bd3,0,a_e7a4cc3a,Pete Renton
ac_2ed79acb,0,a_bbad3538,Pēteris Vasks
ac_c26cb749,0,a_65cd9ebb,Deela
ac_80295681,0,a_24086649,Sun YanZi
ac_d1c0ae4e,0,a_6c3a0e57,Miserylab
ac_14574550,0,a_65c88ce3,The Lightning Seeds
ac_3268d14e,0,a_16e1d4c1,William Perry
ac_34a8d2ac,0,a_c81154fb,Sanalejo
ac_78c51b82,0,a_34c86c38,Myon
ac_8d664a05,0,a_8631cb47,王新蓮
ac_8d664a05,1,a_6b53eadf,鄭華娟
ac_4880537d,1,a_b64e955d,The Night Heron Consort
ac_4880537d,0,a_73057e91,Steve Schuch
ac_719dbfb7,0,a_4e027a5a,Milla Kay
ac_ea499980,0,a_72625bee,The Step
ac_5e33890b,0,a_024a8316,Franklin Bruno
ac_f87a0b0e,0,a_67bfa047,Marenne
ac_d13f5e56,0,a_66c22d0a,Tamarisk
ac_4e50b6d9,0,a_798a0329,Voice of a Generation
ac_29388932,0,a_d967a0c1,Μαρία Φαραντούρη
ac_16fe9aa2,0,a_df8a322d,Zack Tempest
ac_008f472e,0,a_45088f21,Rosanne Cash
ac_e5f06033,0,a_04e8aa2c,John Ernest Galliard
ac_b49a3900,0,a_c51bd324,Maya de Vitry
ac_3c211a98,0,a_094a7b59,The Beach Boys
ac_3255e1bf,0,a_c30e8ead,Pete Lockett
ac_04b81679,0,a_6569ec0b,Ted Heath  His Orchestra
ac_63fbd8b0,0,a_70280e34,Κώστας Τουρνάς
ac_63fbd8b0,1,a_41c733c0,Σοφία Αρβανίτη
ac_b7762ab7,0,a_b63a0bfa,US Air Force Band of MidAmerica
ac_9033cb70,0,a_4d8bd0d6,Jochen Flach
ac_de84dabb,0,a_99163568,Ojo Rojo
ac_7e1a5a04,0,a_0ebda7a2,Hal Lindes
ac_63341424,0,a_07ec3317,Drama
ac_6edc7876,0,a_937c3fb7,林笛
ac_a3283c45,0,a_65696db5,Brad Knauber
ac_3aba85f0,0,a_d648bd9a,Léo Ferré
ac_0ab2e942,0,a_d5b94e0f,Diary of Dreams
ac_1a933b43,0,a_90156b57,Apollo
ac_ae6bdea4,0,a_e4846e9c,Oboroh
ac_29b60f2d,0,a_331609a6,Loop
ac_ac1202ff,0,a_40074649,Jesse Belvin
ac_2ae1fe58,0,a_74bb6683,NoNeck Blues Band
ac_135a9b61,0,a_026430e8,Marquess
ac_ab8bb9e7,0,a_0d8787b8,美輪明宏
ac_a92b6012,0,a_5b292b18,Georg Friedrich Händel
ac_56a982bf,0,a_fb1fb659,Skinny Puppy
ac_2d18df34,0,a_546fc7ad,Alan Kwan Quartet
ac_68372cec,0,a_47d5d05a,Magic Box
ac_d7416265,0,a_78684df6,Railis People
ac_42aff99e,0,a_c0d7a60a,The Clientele
ac_0bda2ac1,0,a_ce772177,Volker Klüpfel  Michael Kobr
ac_dfeb5914,0,a_999fd4f0,Manau
ac_28dc632e,0,a_7893ed42,Galleon
ac_47d38b90,0,a_8a26fa89,Virgil Fox
ac_1230727d,0,a_7ebd4c29,Dr Sin
ac_7107f248,0,a_0fa0e109,Lea Lu
ac_b91d99f2,2,a_4e0b5949,Brandon Roberts
ac_b91d99f2,0,a_4f7cffa0,Marco Beltrami
ac_b91d99f2,1,a_956527c7,Buck Sanders
ac_3bfbb592,0,a_f363c36a,ハレンチ☆パンチ
ac_4f3faa71,0,a_c8a03e60,Minuit
ac_43bd0dfb,0,a_cd0450cc,David Hubbard
ac_438c69d6,0,a_f7381889,The Channels
ac_a3578d63,0,a_b7cab9d6,Scrunter
ac_256199ae,0,a_cfca1a62,Drunk Vision
ac_1c20d92a,0,a_1fddb13b,Willi Weitzel
ac_68800587,0,a_4845c29b,Charles Veal Jr
ac_5c1ebfff,0,a_30a022ec,中川幸太郎
ac_7fef5786,0,a_84a2aa82,Poschek
ac_195674ff,0,a_ce2c257f,Dina Carroll
ac_72ee3275,0,a_7cee09f6,Denean
ac_e7bd70bb,0,a_69b48df6,Brian Eno
ac_605701d0,0,a_5a3e9d72,Mercedes Sosa
ac_4d4cef7e,0,a_3c22f14b,Donna Summer
ac_07d42c0a,0,a_90d1a811,Krzysztof Myszkowski
ac_ec4ce404,0,a_e5cf91ac,Skunk Anansie
ac_bd4a10a3,0,a_a330ac5f,Babu
ac_3c3a159c,0,a_eb155af5,Dickie Goodman
ac_0790b710,0,a_a892b3bc,Vision Divine
ac_7c575f69,0,a_38704fdb,Kid
ac_3c872636,0,a_aee4acce,Les Satellites
ac_bf381d02,0,a_ba681839,The Eggnogs
ac_6ee09151,0,a_9801ab8a,Broder Daniel
ac_5ef30eda,0,a_f6d1d486,QNTAL
ac_4e5f54aa,0,a_ff3aa881,Sielun Veljet
ac_1c177ad3,0,a_70b54ad0,The Servant
ac_9b8d6ffb,0,a_ee2f9a0a,Andrea Marcovicci
ac_3d07205a,0,a_b9eb729c,Молат
ac_b605e7a0,0,a_86517b93,Disgorge
ac_32ed7cbb,0,a_b8e9d463,Juan de Araujo
ac_12ac0bfd,0,a_9895416c,スフィア
ac_54964930,0,a_effcbef3,The Mamaku Project
ac_18411251,0,a_8adc713a,Marilyn Manson
ac_bd676edc,0,a_ed3e7a6d,Lisa Dal Bello
ac_e4e4e045,0,a_1c6ce6f2,Losing Scarlet
ac_e519497b,0,a_25b1f61c,Chris Goulstone
ac_903cd73d,0,a_76024bb0,Weldon Henson
ac_0b366788,0,a_c4bf43c7,George Gershwin
ac_059beada,0,a_8e4d063c,Static
ac_0fdd57e7,0,a_b6cb4775,St Vladimirs Seminary Chorale
ac_3f39ae50,0,a_922887d5,Rolf Raggenbass
ac_deee855f,0,a_f66c6bc0,Jerry Bey
ac_918e893b,0,a_716dfc49,Leci Brandão
ac_734cd401,0,a_5efe5f7f,Sir William Walton
ac_6a7f353d,0,a_6bf7107e,Драконь
ac_6b66bf15,0,a_f9c019e5,Dustin OHalloran
ac_2563a785,0,a_25a90b00,Bon Jovi
ac_942b6e85,0,a_24307f37,Lila Deneken
ac_1955a11c,0,a_2b50fe02,Dive
ac_3d1a3317,0,a_7df54b98,St Anthony Falls
ac_1f793086,0,a_706bfd2b,Neutral Milk Hotel
ac_de9821ed,0,a_7aa559c3,坂本九
ac_85b09eff,0,a_6be0e992,Euhedral
ac_1a11631b,0,a_13e17a32,Michael White
ac_66d1f825,0,a_cff16c04,Slow Gherkin
ac_6e49a80c,0,a_68cbd237,The Tremeloes
ac_ad085a7c,0,a_b6042775,Novotnik 44
ac_352fec07,0,a_2ec528c9,Tommy Steele
ac_44d07009,0,a_08e59612,Auróra
ac_29a59668,0,a_aa384aa6,Dura  Blues Club
ac_8c1b759f,0,a_12e80c1f,nao
ac_5b390040,0,a_bc6b35f9,Carl Carlton
ac_a648f3c1,0,a_48d942d2,Marina and the Diamonds
ac_92e43e48,0,a_e429f64b,Snailhouse
ac_03fa4d76,0,a_a441d2ca,Kraftklub
ac_2dfb1f46,0,a_51b98bb9,The Brothers Four
ac_76f3c1ed,0,a_05488bd3,The Mighty Diamonds
ac_80d8d902,0,a_733a0433,unknown
ac_b8122605,0,a_c46715ab,Domenico Scarlatti
ac_2086997a,0,a_457832d1,The Loud Family
ac_bc8dc4dc,0,a_e3feee39,Blümchen
ac_d949a113,0,a_6e8347a9,2PU
ac_4a6737b8,0,a_aa3f2377,Over the Rhine
ac_2f39bd93,0,a_b568521c,Amestoy Trio
ac_eac8b762,0,a_9204d47f,Alien Voices
ac_22f38aaa,0,a_46a4ea0e,DeathBoy
ac_6468faea,0,a_711b628a,Claudinho  Buchecha
ac_ee6d68bb,0,a_2a1f037f,Christy Moore
ac_a1239da7,0,a_6c4bb169,Pavement
ac_6075abb3,0,a_10e31f9b,Kraan
ac_3d3f602b,0,a_3c7c912e,Nebelhorn
ac_adae9de1,2,a_41cad9f9,Dana
ac_adae9de1,0,a_4e084437,The Infesticons
ac_adae9de1,1,a_9e662a65,Majesticon 69
ac_9602c077,0,a_a6fdc17b,Intricate
ac_502f37a0,0,a_ae9920a1,Nitin Sawhney
ac_f8521a55,0,a_a3a9346c,Aloha From Hawai
ac_fafc9acf,0,a_0eaa5eb7,Porn Kings
ac_1dba4c3c,0,a_0f987fdb,Sheridan Tongue
ac_78fa67d8,0,a_70af5e23,Elephant Man
ac_fb508152,0,a_ca42e06b,aLi
ac_ffb254b1,0,a_48b28323,The Missing Links
ac_9da05512,0,a_c252504e,Zappacosta
ac_de732f6d,0,a_83d6fd66,Lyzanxia
ac_00f89db3,0,a_7b0c5f67,Herman Chittison
ac_1056db5b,0,a_cede504e,Il teatro degli orrori
ac_7d42853b,0,a_05ef4faa,Bing Crosby
ac_438ff6d0,0,a_57c15213,Technicolor Fabrics
ac_e2fe92fb,0,a_90779398,UNITE
ac_af21c6cb,0,a_945a1285,Heehawhairhead
ac_779b1ca2,0,a_f0a543f7,Mortuus Infradaemoni
ac_49ffdc33,0,a_73033183,Greenhorns
ac_ac0b1ddc,0,a_4497585e,Jaraguá Mulungú
ac_feb2ff52,0,a_f19fc37e,David Hammond
ac_c7084c4b,0,a_15a530b0,Daniel C Holter
ac_c7084c4b,1,a_d843a0e4,Eliot Pulse
ac_2490d425,0,a_9f7e2506,Bob Dylan
ac_5261a1fe,0,a_44f6cda4,Baia e Rockboys
ac_31112f15,0,a_69826185,Duane Eddy
ac_4c131a71,0,a_edb85135,The Shamen
ac_b3e57cd3,0,a_af22f132,Lorene Drive
ac_81559428,1,a_368b78ea,Zack Laurence
ac_81559428,0,a_5150c581,Alec Gould
ac_24a19ccb,0,a_72286cff,De Toppers
ac_d1fa25e1,0,a_3300e07a,Chris Bacon
ac_b9468663,0,a_cca42c99,Ruth Jacott
ac_bc944f62,0,a_60e2c3e9,Savana
ac_5aa10043,0,a_a1be1ddb,OAR
ac_710eef8b,0,a_3769c821,Domenico Modugno
ac_1d75e15f,0,a_3fea1b8f,Tommy McCook
ac_7a23fb0d,0,a_3a7102bd,QDos
ac_9b134101,0,a_74086a74,Style
ac_0ee839aa,0,a_dc5712a8,Bette Midler
ac_8016542d,0,a_dc8db64b,Disturbed
ac_39d92635,0,a_6749c5aa,Elvis Costello
ac_a75f3f8d,0,a_58cdeab6,さユり
ac_bd43bc5e,0,a_cae0397a,Patsy
ac_f05b59f5,0,a_60744740,Harper Lee
ac_c4e4e008,0,a_b46be0f5,Edera
ac_ce630104,0,a_68603b6f,Carouge
ac_947b9e85,0,a_0368ad67,William Perry
ac_97344684,0,a_060bd681,Anima Virus
ac_9c437c6f,0,a_02c51a4d,Helena Vondráčková
ac_9e9de625,0,a_e3615305,Gilbert Bécaud
ac_0d50f301,0,a_aeadc06c,System F
ac_3ed57db4,0,a_3034c1ac,Grownup Killjoy
ac_d8d4a4d4,0,a_cf6ac4a5,The Count Basie Orchestra
ac_b53a74f5,0,a_90110258,Scrotum
ac_bd05ae55,0,a_5e8931c9,Masterplan
ac_8df29c59,0,a_237144fd,Intergalactic Faerie Funk
ac_1a817741,0,a_2fff2b75,Lightning Bolt
ac_9fa32f79,0,a_a7eded09,Jukka Salminen
ac_4f742368,0,a_0f0cead6,U2
ac_c2873344,0,a_6c581118,21 Savage
ac_c2873344,1,a_35f8f1da,Metro Boomin
ac_11bd284c,0,a_f941a3d7,Force Fed Life
ac_1a34f394,0,a_178d4ab3,Mark Rushton
ac_1a34f394,1,a_09af4941,Jon Harnish
ac_834764fc,0,a_9df4ae01,Anne Sylvestre
ac_ac2f7552,0,a_2e976fd1,Frekkr
ac_51982790,0,a_5372ff29,Les Rita Mitsouko
ac_9565a612,0,a_d4fa9dd1,ona
ac_a5215f5c,0,a_610f8219,Azwan
ac_37befc8e,0,a_d9f99ff8,Engineer
ac_1f40cc8d,0,a_c87d1f30,Marion Harris
ac_fb71b38d,0,a_aa7fe95c,志方あきこ
ac_01871ca9,0,a_2117678a,Anonomous
ac_693abde6,0,a_25359be2,Burning Spear
ac_b77be004,0,a_1907585b,Def Leppard
ac_87d8e11b,0,a_a62bafe0,The Beatles
ac_0cc53a6f,0,a_de100519,Koji Asano
ac_291180c5,0,a_fc305af6,Reality
ac_cf3c6676,0,a_2f8594e0,Pernilla Wahlgren
ac_ca339c1f,0,a_27d776ba,Bernd Kohlhepp
ac_ca339c1f,1,a_3d86ab88,Jürgen Treyz
ac_3b257edb,0,a_75cd22e8,Doyle Bramhall
ac_898f77b6,0,a_fe589c9f,Complys
ac_898f77b6,1,a_f23a42ab,BDS
ac_d5ac057e,0,a_52909f72,Épictète
ac_0a6d6b7a,0,a_03853b1c,Murat Yılmazyıldırım
ac_1a6b43e6,0,a_59a3aeee,Michael Moshan  David Mendelsohn
ac_612eb206,0,a_54b0df4e,John Hicks
ac_ceb8c8e5,0,a_a6df1577,The Olivia Tremor Control
ac_877ad107,0,a_9295712c,Monolithic
ac_71024d98,0,a_484fccfb,Petrus Castrus
ac_110f9413,0,a_1d26f8e1,Eine Oliver Twist Kooperation
ac_2072ba72,0,a_0cc48c10,Dave Specter  The Bluebirds
ac_a53f500d,0,a_89f29e9f,Two Lone Swordsmen
ac_85799360,0,a_8d0c6da3,Claire Diterzi
ac_7708a83f,0,a_3cad29b3,Neljänsuora
ac_a5ee4d4d,0,a_549e6f8d,Raimundos
ac_74b4fb00,0,a_9e680d34,Wigrid
ac_a1be8f74,1,a_67a297dc,William Dufris
ac_a1be8f74,0,a_9b47c07e,D J MacHale
ac_76cec6a6,0,a_71ff0015,Dead Meadow
ac_ea449574,0,a_dfab6835,Tede
ac_f175eed5,0,a_4a0fb607,Jay Farrar
ac_8f6abd9e,0,a_bf646061,The Starlights
ac_ef8d3603,0,a_3850d9c2,Elvis Costello  The Attractions
ac_450d1cb3,0,a_7c7ea9d7,Tammy St John
ac_bf484783,0,a_f5b2b094,Philippe Sarde
ac_489ad1e7,0,a_72477028,Ammo
ac_68f8b703,0,a_a11d75d0,Jimmy Page  Robert Plant
ac_5a9be50e,0,a_c212b49e,Eero Saarinen
ac_9245c696,0,a_9c0b9736,Richie Branson
ac_e6c4a775,0,a_db4077e8,Indiana
ac_ed9a5335,0,a_4c9c5165,Delerium
ac_ad504ca3,0,a_7b3adddd,Flans
ac_cf684f59,1,a_21e76cb9,Gavin Ralston
ac_cf684f59,0,a_a4696359,Harry Long
ac_74dbf87b,0,a_be8aa378,Tapes
ac_ab28a71d,0,a_28db469e,Modern Talking
ac_d3e676d7,0,a_ee17150f,Baby
ac_d3e676d7,1,a_86e7b81b,Clipse
ac_3e5429b2,0,a_2ab35fdc,モーニング娘
ac_aa4a4401,0,a_5e8d4fc7,Bobby Bland
ac_eed41f96,0,a_725a3a6f,Ansiktet
ac_54333d84,0,a_a8fc895e,Bass Communion
ac_32632ff4,0,a_a6179373,Gráda
ac_81356147,0,a_ef92acef,American Noise
ac_61d51e80,0,a_04ea523f,Warhammer
ac_425aff7d,0,a_95929fcb,Big Youth
ac_f63cd931,0,a_236c87d1,Terry DevineKing
ac_92b951f7,0,a_7e852543,ChaosOrder
ac_d7db0fae,0,a_f7a7645a,Jars of Clay
ac_d7db0fae,1,a_8ab51b2e,Gungor
ac_42f831fa,0,a_6742fc15,Astrid  Freddy Breck
ac_f2f5eb07,0,a_83dc2310,Over the Atlantic
ac_4decf384,0,a_2810ca23,Hydroplane
ac_5c843343,0,a_4fc41c4d,Tanya Donelly
ac_69f6b90b,1,a_7e815bae,Zakir Hussain
ac_69f6b90b,0,a_3a2fde99,George Brooks
ac_1f07bb5e,0,a_18ecf91e,Back of the Bus
ac_e6e701ca,0,a_2fd14454,Ee
ac_b18989d9,0,a_bb3e636d,DJ Spair
ac_b18989d9,1,a_9106cbe0,Doo Wop
ac_f8776d3f,0,a_0c7b4ec9,Evaldo Braga
ac_6c37c739,0,a_504477c9,Kutless
ac_023caa5c,0,a_02c72d00,Skogsfrid
ac_a7e1d3cc,0,a_3547942a,ORIGA
ac_c3f10b13,0,a_61fef67c,John Mayall
ac_fe05bc26,0,a_03fdff82,manmachineindustry
ac_a95d386e,0,a_e2610a61,Super XX Man
ac_cdca396f,0,a_f6edc280,Praveen
ac_ea43258f,0,a_7dfdb1c7,Magic Sam
ac_f5b23426,0,a_4365aae5,Yeni Türkü
ac_27494530,0,a_949f782e,Jorane
ac_e5dda5d7,0,a_181c6a8a,Mank
ac_f3f497c4,0,a_b974fe65,Luis Vargas
ac_e20c5ffe,0,a_fc9fb057,Kent DuChaine
ac_05766282,0,a_19b5a7ec,Beres Hammond
ac_670faeda,0,a_30569037,Jody Davis
ac_ef22d2dd,0,a_4ac316cd,Autumn
ac_d1409f35,0,a_90925d22,D Todd Sorensen
ac_35bd6d55,0,a_cb3a85aa,Khoiba
ac_cde7d872,0,a_e7da9737,Gemma Hayes
ac_ba6276aa,0,a_cb5f8365,Backyard Babies
ac_412ef0d8,0,a_4ecb57fd,Ellis Paul
ac_6467ebb0,0,a_d3bc6235,Robyn Hitchcock
ac_e013ed81,0,a_0edcff97,Stanley Clarke
ac_f1ff7083,0,a_a001633f,James Horner
ac_50116458,0,a_fd992b51,Agathocles
ac_6d605753,0,a_b670c0c9,mwvm
ac_409bca97,0,a_2c86669d,Spank the Monkey
ac_dbb5554d,0,a_e8668aff,Danny Davies
ac_328a3915,0,a_67fbb6d0,Vyaas Houston 
ac_177ef857,0,a_ce6f3978,Niños Cantores de Lara
ac_ba6f676d,0,a_d92c9b54,Nirvana
ac_4bf7e196,0,a_d8d68c0b,Wolfgang Amadeus Mozart
ac_9400fd8b,0,a_9ea6cced,Chapterhouse
ac_e03d5766,0,a_a19cc44c,Ana Belén
ac_f7a54687,0,a_e7452703,Peter Finger
ac_af353f45,0,a_dba46a52,Peter Hammill
ac_5137e743,0,a_4c4fe5e5,Active Child
ac_060488e9,0,a_762e484d,revideolized
ac_c096c4c3,0,a_0c49d72c,Shearer
ac_02d6ebea,1,a_ce5dcc4b,Cigala
ac_02d6ebea,0,a_c401b838,Bebo
ac_8b0c8f57,0,a_ff697d19,Mad Masterz
ac_8b0c8f57,1,a_b4cdffdc,Rolf Junior
ac_1e91280e,0,a_7d1309ce,Big City
ac_65c11b36,0,a_0a22bbdf,이수영
ac_81462ff1,0,a_4b4d4f07,After Crying
ac_4085815c,0,a_2d6be79d,The Royal Scots Dragoon Guards
ac_ddf9c80c,0,a_b3c49540,Steven R Smith
ac_55654a18,0,a_af7a2fe8,Joseph Manson
ac_6ddacfa2,0,a_99434b3a,Pushkar
ac_1f1cd102,0,a_0b1d355e,Heintje
ac_95f6d2d0,0,a_dd43e748,Lemony Snicket
ac_e5fefa64,0,a_35b5f622,Jerry Clower
ac_57a9b77c,0,a_03d538af,Enoch Light  Terry Snyder and The All Stars
ac_fd5697dd,0,a_0a37f8dd,Sudden Death
ac_4b4c6d72,0,a_ba06641a,Lorca
ac_4fc040ab,0,a_5f087bcb,Laurine Frost
ac_28b56079,0,a_c0d494b2,James Morrison
ac_3222b59d,0,a_3d7da643,The CRS Players
ac_abc14d4e,0,a_d677bc24,Mickey Junkies
ac_37788a18,0,a_150e28cb,Madball
ac_875b49e8,0,a_cbebc2c1,Irany Leme
ac_ad50e217,0,a_cf499759,Tatact
ac_542f314b,1,a_2774afc9,LomC
ac_542f314b,2,a_c5f2764c,Tocha Pro
ac_542f314b,0,a_6f027a1d,Dash Shamash
ac_4c7170d8,0,a_62ceb01c,Bill Clinton
ac_563b919f,0,a_14e50ca2,A Hero Named Hope
ac_62649d72,0,a_015539ab,Love4Money
ac_2f769089,0,a_ad9b4acb,Sun Ra
ac_17846816,0,a_cbb64030,UStreet All Stars
ac_fdf5a4c0,0,a_f0f9d83a,Zacier
ac_c940f9fc,0,a_4a59572a,Harry Lubin
ac_e1a57dd3,0,a_3b93b8bf,Victoria Williams
ac_d5928836,0,a_e959fb6c,Orquestra Mediterrânea
ac_19a91cb7,1,a_5ad55f4f,Cattive Abitudini
ac_19a91cb7,0,a_0604e857,Rumatera
ac_627065a7,0,a_e0319ec8,Fastpoholmen
ac_73da3ea5,0,a_ab218208,Kenny Rogers
ac_8a656127,0,a_e1b5adf5,Grooveminister
ac_10b9598f,0,a_639466fc,崎元仁
ac_938a2a41,0,a_fb1b66b0,Frédéric Chopin
ac_89b587fb,0,a_14b10a0a,The Streets
ac_9e5e2813,0,a_6bc81726,Mr Big
ac_4f63432b,0,a_6fc39158,Lunik
ac_1d701e9b,0,a_29e32f29,Tourist
ac_837fec62,0,a_27c90563,Los Kjarkas
ac_9ec270ae,0,a_daadc27f,XP8
ac_09facfb3,0,a_f789b950,OJM
ac_da30e81e,0,a_2e106334,Jeff Loomis
ac_744b112d,0,a_a7ecd504,Lola Lago Detective
ac_d7616a55,0,a_a2a49079,Cool Cavemen
ac_0b8e97ab,0,a_5c4e6534,Teoman
ac_ebaae393,0,a_f20994cf,Die Allergie
ac_795c06fb,0,a_1bab6c27,Pendragon
ac_3b4eecf1,0,a_a54d5e04,Step Softly Ghost
ac_3f43264e,0,a_ecd39e35,Nick Cave
ac_bb205564,0,a_0bf5c1b0,Spanky  Our Gang
ac_a76585b2,0,a_1c62d6ce,Heatmiser
ac_e6167cc1,0,a_7ad551bd,Bruce Springsteen
ac_e6167cc1,1,a_ebbe7299,The E Street Band
ac_1ac0ead2,0,a_ca4959f2,Пилот
ac_dcce9b93,0,a_d5c0a3dd,Erik Satie
ac_2f3aba7b,0,a_1749c916,Nebular Moon
ac_5225c4eb,0,a_e48f4b31,In the Summer of the Mushroom Honey
ac_3076a3e3,0,a_9cade063,Robert Schumann
ac_6eff130a,0,a_46f93422,Downy Mildew
ac_60e04d73,0,a_d9fdf749,SRange
ac_681a0681,0,a_e804ad3d,Born Without a Face
ac_b56428fc,0,a_0ed3af0f,The Idea of North
ac_f1f19612,0,a_5a4ba4b4,Natrach
ac_ba35c1ab,0,a_a4abf318,Montag
ac_60708fdb,0,a_47340b70,Koan
ac_60708fdb,1,a_0a444c87,Tatyana Kalmykova
ac_91e34d38,0,a_55dd11d6,Ennio Morricone
ac_9ce7d680,0,a_3f4299b1,TI
ac_9ce7d680,1,a_38d91e6d,Rihanna
ac_d1af8ae6,0,a_ea043a61,אריק איינשטיין
ac_d2ffc1ff,0,a_cab53f82,Maria Muldaur
ac_a0d3495d,0,a_61f5b3ea,The Avalanches
ac_c5b6785b,0,a_c891b16a,Annie Ross
ac_d3d86601,0,a_37dc5d97,Annisteen Allen
ac_1dab15ec,0,a_ae7689f0,飯島真理
ac_48d3feed,0,a_758ca819,David Shire
ac_22c1ce9b,0,a_b47ba903,Nathan Hofheins
ac_f26e31fb,0,a_72f4755a,Shinkasta
ac_4c3b94fd,0,a_3da2550e,Hecenia
ac_f528a39c,0,a_b5151c12,Nordcore GmbH
ac_5268cb38,0,a_b045b3dc,La puerta de los sueños
ac_41bf6694,0,a_118de80b,Ida Elina
ac_5d629c8f,0,a_f530b4ec,The Duke Ellington Trio
ac_545ef0f0,0,a_9b2f108e,Six of Swords
ac_8874ff8b,0,a_57715f36,Bernard Minet
ac_107ea098,0,a_b1b7c67f,Kim Stockwood
ac_eab6f046,0,a_17f10048,Zaufke Thomas
ac_ad8a73ef,0,a_aa472db3,Tsuneo Imahori
ac_31250df3,1,a_b74926b0,Tina Quallo
ac_31250df3,0,a_4cb5e294,K Sparks
ac_b9c717a4,0,a_62da8288,Saccoman
ac_0aa67278,0,a_e88b69ab,Модест Петрович Мусоргский
ac_2bfc787b,0,a_326b7db7,Ligita KursišaPataša
ac_59508fc1,0,a_978751a8,Juanita Williams
ac_486f0f08,0,a_647c8131,Marilyn Scott
ac_6045130e,0,a_c48df647,Gerald Clayton
ac_bdcd09b8,0,a_abfaee88,Lyra All Stars
ac_bdcd09b8,1,a_7938853e,Johanna Iivanainen
ac_48da2be2,0,a_d9623b95,Benny Goodman and His Orchestra
ac_50c0d2a8,0,a_7f3bb556,Ruffnexx Sound System
ac_d625a813,0,a_e2d4cfa2,David  the High Spirit
ac_b4f21ccc,0,a_d79b9b72,Furry Lewis
ac_24de08e9,0,a_8e16eec8,A‐Trak
ac_b4a0ac51,0,a_d2055352,The Helpful Soul
ac_9137bdf4,0,a_3bfe9623,Eppu Normaali
ac_b1f5606e,0,a_ca717dbf,Freddie King
ac_c93736be,0,a_eae42a41,Henry Purcell
ac_57e58d3d,0,a_6602c997,James Lavino
ac_5a35d841,1,a_9724fd61,Tim Mays
ac_5a35d841,0,a_c6193f7f,Sal Salvador
ac_4aebb734,0,a_13c69927,4Voice
ac_c531cf85,0,a_7ddf1bac,Wilco
ac_88b89c96,0,a_c28f448e,Massive Attack
ac_2f4622ca,0,a_f656eee2,Everlost
ac_3aa93bd9,0,a_b8f28be9,Monique Kessous
ac_ace1a715,0,a_ca7abb08,THE PINK☆PANDA
ac_5c6db4f0,0,a_980f95d3,Ivan Lins
ac_36459106,0,a_cf1d401d,Baxter Pat
ac_ffa7ba81,1,a_44a8ec7c,Souleye
ac_ffa7ba81,0,a_2c933a4a,Blvd
ac_294e5790,0,a_e0efaf4b,Don Ross
ac_e8718918,0,a_6319a153,Landser
ac_8184311d,0,a_6b2f517b,Beegie Adair Trio
ac_df8253a3,0,a_83aec0da,Robert Wolf
ac_ee00bb7e,0,a_4ae15ecd,Gilles Droulez
ac_20328f8e,0,a_a6ad2557,Memphis Slim
ac_a2d2e58c,0,a_1aca05ee,Susumu Yokota
ac_dbe3c3bb,0,a_28dc41b0,Annette Moreno
ac_a75ca881,0,a_abeebbe4,The Green and Yellow TV
ac_47c5df34,0,a_4e67c54b,The Breaks Collective
ac_eb1ed17a,0,a_6945dace,Controlled Bleeding
ac_40e86b86,2,a_19428e58,Herb Ellis
ac_40e86b86,0,a_82f32b90,Monty Alexander
ac_40e86b86,1,a_420bdeaa,Ray Brown
ac_7b1786fb,0,a_b45bd78d,Randy Newman
ac_dc2f018d,0,a_15dcea5b,Christopher Young
ac_001c8f08,0,a_059dc72a,The Chaperals
ac_a4d09cfa,0,a_be882474,Son Kite
ac_f1e9459d,0,a_2b40f223,Pimmon
ac_8a27f81c,0,a_f0c4eee1,Ross Lynch
ac_618cb09a,0,a_d6a03ca7,Cliff Richard
ac_104ce7cc,0,a_10d2c415,Kim Robertson
ac_ca61569c,1,a_db459692,Jesse Loren Josefsson
ac_ca61569c,2,a_c5f20f0e,Denis Dobrenz
ac_ca61569c,0,a_6d4d64ef,Phraze
ac_e96714ee,0,a_399190f5,山中千尋
ac_07481b93,0,a_d0b051af,Lawrence
ac_9a1279f1,0,a_bb812bf9,Wes Montgomery
ac_c6769664,0,a_67cf4b7e,Blissed
ac_4f1f21c5,0,a_7179fe2a,Johnny Cosy
ac_6b39878b,0,a_fa825562,Vomitous
ac_8335510a,0,a_201c958b,GoGoGo Airheart
ac_0348f1d8,0,a_c8a77123,TAMUSIC
ac_d4796df5,0,a_b04c74d4,Wildchild
ac_82886dba,0,a_aa8a468c,Le Modem
ac_44af4d4c,0,a_2731340d,Jason Mraz
ac_8da842a6,0,a_c3c484f8,Freddie Jackson
ac_6d6574e2,0,a_d3091e42,Sean Justice
ac_00b5eabe,0,a_21583556,サイダーガール
ac_5c59f43e,0,a_285a101d,Riccardo Cocciante
ac_b27a4bd6,0,a_ba5bb29a,Robert Etoll
ac_352a2b2a,0,a_cf686054,Easy Street
ac_c3c99fe1,0,a_dadf927d,La Ruda
ac_c8464efb,0,a_76d90c22,Holger Czukay
ac_fb0e096d,0,a_0d71b260,Олег Погудин
ac_51d9ab60,0,a_df1fba98,KSU
ac_2896436e,0,a_acc4c466,John Fred  His Playboy Band
ac_fcca6259,0,a_815c4d4c,Five for Fighting
ac_0946aaa5,0,a_261a030b,Stu Larsen
ac_5b30f407,0,a_9a5b60d9,X Fade
ac_aa61f4ad,0,a_83d2e58e,Malignant Eternal
ac_dead4ff6,0,a_49e999fe,Bernabe de Moron
ac_7803e5ac,0,a_377551d4,Guy Gross
ac_d59d81a4,0,a_8cb76e6c,Jsbl
ac_089a7212,0,a_07d42096,KNX Crew
ac_74cdf88d,0,a_fb64f3b0,Imagination Society
ac_352985b3,0,a_0cc7b09e,Insingizi
ac_94ad0c56,0,a_09efd19b,Ann Christy
ac_1364dbda,0,a_f8a4944b,Apiary
ac_1623c7e6,0,a_489fc74b,RL Burnside
ac_f6c2cc28,0,a_cd210a56,AOK
ac_a1654f40,0,a_15219373,Solanos
ac_c630599f,0,a_98f855df,Fries Jeugdkoor
ac_c630599f,1,a_8400b7fe,Meindert Bosklopper
ac_6354a79a,0,a_0b53aeb4,林子祥
ac_2f78afcd,0,a_2798b430,Basil Kirchin
ac_2f78afcd,1,a_d0b3b3fc,John Coleman
ac_09ab26e4,0,a_8399a72b,The Painted World
ac_ca48ce07,0,a_19a95da2,Älskade barnvisor
ac_56c942c6,0,a_96aa500b,Kalua Beach Boys
ac_daa32b0a,0,a_321d549e,TOK
ac_4fb3460d,0,a_9898dd55,Salad
ac_045ecc3d,0,a_5ba99ae5,Tori Amos
ac_136fc802,0,a_7b9c7ad0,Randy Edelman
ac_f2174b9b,0,a_34c22415,高木正勝
ac_5f12a62d,0,a_a400b630,biff0r
ac_ea8a2ab4,0,a_e4f642dc,Wings
ac_4fc142ef,0,a_3ff8ac81,Empyreal
ac_c4e88b98,0,a_f8a8e65b,Mark McGuire
ac_f6e35dc0,0,a_01512cbb,Giovanni Battista Vitali
ac_134e8cd7,0,a_65763a07,Space
ac_b298a1a7,0,a_9419ebb8,Jon A Kull
ac_63c1fbd4,0,a_01c78496,Bill Nelson
ac_4a16fc2b,0,a_70919e10,DJ Pope
ac_137ac00a,0,a_d5dfb41d,RAINBOW
ac_de7869ee,0,a_50d463f1,Yggdrasil
ac_813e00ce,0,a_21b904c7,Clive Cussler
ac_6a2ed63b,0,a_e636f27a,Mieka Pauley
ac_76b26298,0,a_3cec4498,Marion
ac_4a2a12c5,0,a_df2b9f73,The Year Of
ac_02a169af,0,a_46de2cb7,Simon Etchell
ac_05cf5668,0,a_02564577,deLillos
ac_a70c9d70,0,a_ad34e309,Kaimiņi
ac_a4b661c7,0,a_b0190559,Sam Brown
ac_2938149d,0,a_2a96f18a,Juicy J
ac_2938149d,1,a_f99a6861,Project Pat
ac_b87192f2,0,a_21a48986,百蚊
ac_c820dd6e,0,a_86ae8637,Nigel Bates
ac_c820dd6e,1,a_70941aa7,Ben Fenner
ac_e043652a,0,a_066383b4,Liane Carroll
ac_d6fae711,0,a_3dd4efe2,Jimi Hendrix
ac_88ff526b,0,a_9f6a4b6b,Martin and Company
ac_934a4ecf,0,a_cf70d7b5,Hedvig Hanson
ac_b8423588,0,a_08df952a,Ten 33
ac_fce4e518,0,a_3c85ddc3,The Prodigy
ac_dbabd3dd,0,a_fa6b1454,つしまみれ
ac_20e30819,0,a_7c5ff58b,Inspiral Carpets
ac_814b588b,0,a_bf71365e,Nine Inch Nails
ac_e5039305,0,a_15000c43,Edward H Dafis
ac_07b9240d,0,a_46a267af,Manolo Guardia
ac_b9259257,0,a_4dac1608,The Brains
ac_ea6da1c5,0,a_0cc801df,The Human Expression
ac_2d8867c7,0,a_6e4f923c,Любэ
ac_06f852e8,0,a_fa4615ca,Mick Parker
ac_22c89941,0,a_79503424,Disciplina kičme
ac_c84d923e,0,a_25fb2287,Black Flight
ac_e8fe3c02,0,a_b042b288,They Would Be Happy People
ac_41d6d886,0,a_78ac465f,Mudmen
ac_9d93d422,0,a_b29cd16e,Ben Somer
ac_edbdef3e,0,a_ee6384a8,Unlogistic
ac_084c6762,0,a_b60e5f73,Erik Koskinen
ac_98e19568,0,a_551d092b,AZ
ac_cd632066,0,a_f1c4ce38,Mose Allison
ac_38506015,0,a_aa459a84,Basic Soul
ac_6c45c230,0,a_d546b07b,Gaither Carlton
ac_bf7557c4,0,a_32486ec9,Resistance D
ac_35915968,0,a_86cbf2ad,Mistakes
ac_c4421c9d,0,a_a8c2cb65,Army of Freshmen
ac_e5c17425,0,a_067874e3,Hope College Chapel
ac_c6cc05b1,0,a_414f74e1,Modest Mouse
ac_7aaa434e,0,a_1342063b,Night Nurse
ac_e7b5052a,0,a_817d5d36,OxygenStar
ac_af62939a,0,a_764356c4,Ken R Incorporated
ac_8d832dcf,0,a_f287f2f0,High n Heavy
ac_a7ab308c,0,a_a1328b41,Ludwig van Beethoven
ac_f91ed367,0,a_f9e4590e,Lotto King Karl
ac_3eb87eda,0,a_8bc13fcc,Janet Evanovich
ac_badf115a,0,a_da9cf7ec,Salif Keita
ac_8d035d08,0,a_87c0e03b,Heather Nova
ac_6bef43f0,0,a_369dabe1,Clay Fav
ac_ae5624fc,0,a_639537aa,The Count Basie Trio
ac_f4a1cb96,0,a_e8f2fd9a,The Plimsouls
ac_5bc03e20,0,a_da5418fa,Johnny Pearson
ac_fdea1f2f,0,a_c66a8dc1,Plácido Domingo
ac_507f6d94,0,a_b3a6f6c8,Go West
ac_e1478809,0,a_fdabd5a5,Negronis Trio
ac_88e8acee,0,a_3b7f01e1,Kristin Chenoweth
ac_1eac1733,0,a_ab8c667b,Lalo Schifrin
ac_e21a0158,0,a_f8ac8a02,GTO
ac_9b63b1a4,0,a_ca9c1847,Panzer AG
ac_cbbff235,0,a_4c63746c,Geir Egil Larsen og tjukke slekta
ac_61cced09,0,a_efb9a11c,Therion
ac_38cf6c6a,0,a_f205f5c1,The Romantic Strings and Orchestra
ac_27e8407b,0,a_b7fd48cf,The Bourbon Street Paraders
ac_e6c676c4,0,a_e98b024b,Spawn
ac_e6313409,0,a_501376f5,Papsmear
ac_4d14aa54,0,a_c5090fae,Jerry Goldsmith
ac_929267f2,0,a_84c0c55a,Les Reines Prochaines
ac_dab58005,0,a_42b0b886,SFP
ac_6bf20493,0,a_effff695,Crimpshrine
ac_ff48282f,1,a_086d6f50,Otto Sander
ac_ff48282f,0,a_ab4686a3,Charles Bukowski
ac_4063e308,0,a_65d608f3,Värttinä
ac_8a7bb541,0,a_552be2b4,Betty Davis
ac_9cef8b64,0,a_80aa1f63,Luigi Cherubini
ac_de57effa,0,a_94810427,Blind Guardian
ac_f12c5a1a,0,a_14778afe,Frankie Cicala
ac_257f65ca,0,a_6ed949ed,Ace Troubleshooter
ac_d509d53d,0,a_3f03dbf8,FREEATLAST
ac_287713d4,0,a_6841efc1,Glykeria
ac_7155a4f0,0,a_b89f9dec,Hugh Marsh
ac_405323d0,0,a_5177ff05,Fila Brazillia
ac_85d0863e,0,a_b2d61d59,Pasqualet de VilaReal
ac_d1b07940,0,a_787884c3,Frankie Paul
ac_8ddd1c24,0,a_89e31f23,Steve Cole
ac_175afc90,0,a_55daed2f,Steve Jansen
ac_175afc90,1,a_d3a0e23c,Claudio Chianura
ac_584a7698,0,a_08b783f9,Gentry Morris
ac_4028fe7c,0,a_e62cf4fb,Jukka Kuoppamäki
ac_a13f10ea,0,a_f31cd1f9,Spencer P Jones
ac_20ca2d00,0,a_0c8660f1,Andrés Calamaro
ac_9bd9cbc6,0,a_30be2c82,Slusnik Luna
ac_3ab6cb44,0,a_45718325,Meat Puppets
ac_5781c347,0,a_3e8b6547,Prowler
ac_8f3dd5cc,0,a_47260612,Randy Wachtler
ac_8f3dd5cc,1,a_85cb3b7a,Billy Kidd
ac_a3b79d18,0,a_7a473133,Kirka
ac_2f92e3ce,0,a_1158a838,The EDLOS
ac_fdf5fcbb,0,a_8a4f9761,Bryan Adams
ac_749bb3bc,0,a_a517cf64,Merrill Jenson
ac_cdb45477,0,a_1cce8065,Naked City
ac_cdb45477,1,a_76b9c119,Mike Patton
ac_d8248ab4,0,a_977d1b38,Lobão
ac_4ff318af,0,a_05d73ebd,Stephen L Allen
ac_ab779e61,0,a_547a7e35,Cignol
ac_8c1b672e,0,a_03edbf2b,Hannah
ac_47422598,0,a_5e8e143c,Cosmic Rough Riders
ac_5f8eb3ec,0,a_94c4c0fb,Resonance
ac_27058d6f,1,a_efe0bb11,Lillian Stokes
ac_27058d6f,0,a_7c98e0d5,Donald
ac_27058d6f,2,a_5cdc714e,Kevin Colver
ac_e99b503e,0,a_cf3866c0,AlienSix13
ac_3954cdcf,0,a_3cb4b4ac,Tommy Coomes Band
ac_c39e7436,0,a_40538190,Sea Dweller
ac_630aed77,0,a_a55127e6,Precious Wax Drippings
ac_aaba285b,0,a_b110c335,Nicole
ac_dbf33fb7,1,a_397346e5,Walter Sittler
ac_dbf33fb7,0,a_dde24cf8,Wolfgang Schorlau
ac_0455e163,0,a_f7d8e387,Ernest Gold
ac_0357e3a1,0,a_a70328d0,Mod Con
ac_d8e2a2d7,0,a_547c39c1,Paul Dukas
ac_a4fb3381,0,a_ceb255be,Dětský sbor Prážata
ac_9b62bf89,0,a_3174761a,Mobylettes
ac_32ab2da1,0,a_e455b428,Cyberfit
ac_91348837,0,a_20838243,In Flames
ac_7a132614,0,a_b36a17ab,Matthew Sweet
ac_f88b6ac5,0,a_de99e923,Jan Pieterszoon Sweelinck
ac_77f6e3d0,0,a_edc1cb04,Lenny Williams
ac_69f7d1ac,0,a_c76060b4,Stockholms Negrer
ac_874267c4,0,a_794bd1da,Stendal Blast
ac_333fee9d,0,a_41c22429,Amp
ac_d0d6db37,0,a_6a03799e,Nimbus Luna
ac_ca82c3b9,0,a_0e8fbf28,Sver
ac_a5f83c11,0,a_6799b7d2,Farside
ac_bdac6417,0,a_31391e24,Goodbye
ac_c0a08f85,0,a_3dce5230,Da Hellweazle
ac_63f707fd,0,a_813eb697,Antonín Dvořák
ac_fa6c185d,0,a_68f583cc,Los Crudos
ac_aeba2471,0,a_a1105830,Coleman Hawkins
ac_a48f8857,0,a_a2fc6df5,Murha Murha Itsemurha
ac_44f9e737,0,a_66837521,CJ Buchanan
ac_5e99a818,0,a_cdc4dce9,Boksch
ac_b0f9a662,0,a_48b44f1d,Noisear
ac_8ea8d546,0,a_db880b17,Karel Svoboda
ac_fd3fa30f,0,a_e24dead3,Allen Stone
ac_e29094df,1,a_5bc665da,Andreas Fröhlich
ac_e29094df,0,a_cea4f68e,Christopher Paolini
ac_6a39b692,0,a_888b2950,Eddie Money
ac_1e3cf336,0,a_947e282f,Cate Kanell
ac_1e3cf336,1,a_d4f6d989,Adrian  Raz
ac_65972115,0,a_1fbd0121,Grobschnitt
ac_95415011,0,a_b05ac9f0,John Hammond
ac_d2649893,0,a_c40fa8a7,James Joseph Kalamasz
ac_c9529c6c,0,a_6ebd6674,Noel McLoughlin
ac_e742ba0f,1,a_99443bdc,Bill Baylis
ac_e742ba0f,0,a_4f892f36,Dave Hewson
ac_f30a86c4,0,a_1aac4321,Here and There
ac_cbed0454,0,a_6a5b9ef9,Groovy Godzilla
ac_cbed0454,1,a_137a7421,Desired
ac_771b9c4a,0,a_239912e6,Philippe Pascale
ac_8fc3dd3d,0,a_061fa943,Elmore James
ac_4f7ecb6b,0,a_76ca5639,Von Bingen
ac_32a37280,0,a_d893adb7,Bahiano
ac_ab2d666d,0,a_c53c409a,Deepside
ac_b418c104,0,a_a12cd6a6,Seba
ac_b418c104,1,a_e36361a2,Lotek
ac_6a879857,0,a_79568d04,Odd Nosdam
ac_3bcfbc9c,0,a_b4c8b92f,Needle
ac_ca985e29,0,a_2994cf3e,Eauson
ac_809c5fa4,1,a_5bc665da,Andreas Fröhlich
ac_809c5fa4,0,a_6be61f9e,Tad Williams
ac_8dbf8050,0,a_5be7cbe5,Georges Gasquy
ac_8dbf8050,1,a_ac8ef31b,Sauveur Mallia
ac_9f8355bf,0,a_bcf53ef9,Raul Seixas
ac_f52a8ad0,0,a_dcb7b307,Roy D Mercer
ac_1157c792,0,a_a2f8826e,五月天
ac_b5793de6,0,a_81c4a0be,Jacques Loussier
ac_a6c1d2f3,0,a_46f3c624,שלום חנוך
ac_782e9a67,0,a_6d7cbef1,Malignant Tumour
ac_0f7b1da9,0,a_51db458b,Майя Кристалинская
ac_bd2b0f4d,0,a_414da7e2,Babylon AD
ac_b0e5008c,0,a_16ff6154,Michale Graves
ac_a31149c1,0,a_b67028bb,Prozac Mtn Boys
ac_479daaef,0,a_6fd3e3bb,Dan Deacon
ac_384f05c2,0,a_7a73abfe,Circle Storm
ac_afc8333a,0,a_8d675b28,Clam Chowder
ac_0f79d879,0,a_19b4f506,Jef Lee Johnson
ac_bf69fc14,0,a_63165f5c,dEUS
ac_0e6e8ffc,0,a_06727f41,Jesse Somfay
ac_5c0076bb,0,a_ea7e3bf9,3x Krazy
ac_3ca91045,0,a_b00e96c4,Bee Gees
ac_91f476be,0,a_3fed641a,Y La Bamba
ac_f2d595d5,0,a_d0fce3e2,Hzero
ac_36baa5df,0,a_43bbe950,Dwight Twilley
ac_8598ac99,0,a_e00cf369,666
ac_d04aa0ee,0,a_8ec86683,4lung
ac_c81d68cb,0,a_38478461,Exhumed
ac_667608d5,0,a_27330e10,Danny Elfman
ac_5680f11a,0,a_e0e7e24d,MartinMolloy
ac_625e3a27,0,a_50c5bae0,Theoretics
ac_dd45b703,0,a_8e1ab8a1,Sarah Blacker
ac_cb69254a,0,a_57b44fd6,Barry Biggs
ac_62d2c5f8,0,a_edc1ba71,Tsurubami
ac_00cc2925,0,a_fcf731c5,RIP SLYME
ac_00cc2925,1,a_e4935854,MONGOL800
ac_03143d3a,0,a_9f0d79f3,Al Hirt
ac_1abc2e4e,0,a_d430d1d0,Prti BeeGee
ac_a3caf5cf,0,a_1d419d67,Drew Tretick
ac_62e6335d,0,a_a5e2aabc,Harlej
ac_157931db,0,a_95351bc2,Johann Sebastian Bach
ac_77bc8df6,0,a_19c30169,Erlend Krauser
ac_ad96e033,0,a_dc0a43e9,Kelly Sweet
ac_45a9fd95,0,a_bd035048,POD
ac_8b995dff,0,a_0d32f1bc,Peace
ac_187fac5f,1,a_75e0e43d,MC Bogy
ac_187fac5f,0,a_b71b3588,BTight
ac_5dcffcda,0,a_20519095,Hot Chip
ac_59b25ecc,0,a_39254926,Ars Macabra
ac_a4fa4947,0,a_c967ef5b,Origin
ac_3e803070,0,a_348d32bc,Simon Wadmore
ac_3e803070,1,a_25467a19,Stephen King
ac_ba26692c,0,a_8d96653a,Los Incas
ac_4b13a602,0,a_93796256,Twilight Creeps
ac_4056fb81,0,a_4339faba,Cameron Devlin
ac_83d06f42,0,a_f25e1071,Jack DeJohnettes Special Edition
ac_e0e6d1bd,0,a_f7d0c871,Dom dummaste
ac_e40528e2,0,a_9c3741b9,Peter J Jordan
ac_7a85e006,0,a_a26dab92,Elton John
ac_c8775e53,0,a_3afd397c,Gaston Mandeville
ac_00e88aa6,0,a_6bafb824,The White Stripes
ac_6a8ae820,0,a_0e5dad23,The Woo Woos
ac_452eb56e,0,a_21a72416,Trip Shakespeare
ac_5f217d97,0,a_7dd4bc8b,ifls
ac_088e9f71,0,a_d16b5857,Immortal Ayatollah
ac_feb7f80b,0,a_9fdd91fd,Aphrodesia
ac_71ff8ae3,0,a_81b49d4d,Mathias Stubø
ac_b02703a8,0,a_d72e3f56,Hey Negrita
ac_2a8165d6,0,a_d92be7e3,Garrett Morris
ac_937f1689,0,a_b4dcae47,Carol Grimes Band
ac_a3ce3cd4,0,a_d506f763,Fredrik Vahle
ac_b553ae73,0,a_ee7319f0,研ナオコ
ac_00c07ae2,0,a_55c54a0d,Good Morning Reality
ac_c3bc297b,0,a_f164b118,Tilman Sillescu
ac_c3bc297b,2,a_9b826b51,Scott P Schreer
ac_c3bc297b,1,a_50e0a7d2,Chris William Woods
ac_34d3c851,0,a_c9261800,Guus Meeuwis  Vagant
ac_13896119,0,a_1c750e6d,中野腐女子シスターズ
ac_1cdf67b7,0,a_9b0fe2c8,Monty Python
ac_620b2847,0,a_342125da,Gamat 3000
ac_a576e62e,0,a_31e908f9,Die Krupps
ac_c4eaa1c4,0,a_9cb14f04,Pete Rock
ac_818857dd,0,a_5a5bd608,黒田洋介
ac_41f83f52,0,a_a8c56544,language instruction
ac_6c8984e8,0,a_5131f54e,Tool Tribute Band
ac_b6cea46d,0,a_52b03154,Sue Henry
ac_01a9cbff,0,a_74387636,Bamse
ac_c2c16308,0,a_72db04bd,Ars Nova
ac_3cb6d38c,0,a_e7d622ab,Jan Eggum
ac_8bfed90b,2,a_ebc10f08,Chía
ac_8bfed90b,0,a_d2467950,H Kanino
ac_8bfed90b,1,a_d60284d7,Dahani
ac_b0040405,0,a_27474c65,Comets on Fire
ac_e2efc10c,0,a_aa5546fa,Pigor  Eichhorn
ac_1a9975e9,0,a_d015bc54,Mayhem
ac_a3f60694,0,a_547737ff,Faudel
ac_a3f60694,1,a_941b7321,Khaled
ac_d46d3d33,0,a_033ff21e,Jac The Disco
ac_6b5ed757,0,a_dd54f3c2,The Creams
ac_6fdfdfd1,0,a_741a1a8e,Phillip Boa
ac_eebc21b3,0,a_73bbff51,Sergej Auto
ac_fd494bb0,0,a_1d5aaaea,Stonewall Jackson
ac_baba92dd,0,a_d17c808f,Archers of Loaf
ac_0d34f9fb,0,a_efe71af4,Klaus Harmony
ac_0bdce6e5,0,a_c8a0d554,Weltempfänger
ac_87f60f70,0,a_820d6a81,Bloodstone
ac_20d21f83,0,a_80bdc555,Double Oats
ac_269afd07,0,a_3f6c2386,Andrew Mauray
ac_de7edafb,0,a_c497c04d,The Gnomes of Zurich
ac_33993818,0,a_335653ce,Jah Wobble
ac_9cc00e52,0,a_24d45c3e,Sleepy Sleepers
ac_775d9956,0,a_21241f52,John Lee Hooker
ac_074d7c81,0,a_1c5bfdad,Smokey Robinson
ac_ed506a93,0,a_1fe5dbfa,Jorma Kääriäinen
ac_ed506a93,1,a_005ca30b,Riku Niemi Orchestra
ac_af0fdf45,0,a_7551626f,Homo Iratus
ac_8b4ec06a,0,a_140888f4,Billy Lincoln
ac_8b4ec06a,1,a_118fd566,Kat Green
ac_657c7f70,0,a_816c0c70,Salco
ac_573ca5eb,0,a_6a4f2eb1,Pencey Prep
ac_26c5086f,0,a_8a0b4d57,Leon Redbone
ac_bd42140b,0,a_3d9893d8,Sven Gunderssen
ac_d2ebae84,0,a_bbaaff7b,These Are Powers
ac_0dbf6d21,0,a_f17e95c0,Gene Krupa and His Orchestra
ac_83067557,0,a_a866aa7a,Julie Wilson
ac_08e437ec,0,a_336f182b,Exumer
ac_c3afbb37,0,a_66e39d65,JeanPhilippe Rameau
ac_486ed330,0,a_5a2a62a3,Layner
ac_486ed330,1,a_4959e5e4,Dice Rudy
ac_3ef35304,0,a_cd581d79,Ring of Fire
ac_87ee67aa,0,a_5cd4dd3a,Earl Washington
ac_41b80cb9,0,a_86288a0c,Fun People
ac_46f14b6b,0,a_aab3d004,Billie Holiday
ac_37d9a89c,0,a_c3f65233,Grain
ac_fef45c46,0,a_5838ba8e,Judy Garland
ac_e28310f2,0,a_fc6f2c03,Neuland
ac_2712770e,0,a_871dff51,Jack London
ac_3287b923,0,a_badafd01,Echo Orbiter
ac_ddf9d27b,0,a_c34bace9,Le Tigre
ac_679f368c,0,a_a114f562,Dionysos
ac_a6911025,0,a_3a03002e,Cris Cab
ac_a6911025,1,a_fa64bfc1,Mike Posner
ac_b57e42f2,0,a_97ec588d,Mac Kregor
ac_0b00fdd4,0,a_f6102c40,Percee P
ac_e8c5a0fc,0,a_737dd189,AnnaGrace
ac_054beddc,0,a_ea1f0af8,aRevo
ac_bf06750a,0,a_54fd15c0,Bëlga
ac_87c6e974,0,a_892853ec,Spontan
ac_c959adfa,0,a_af597581,Hautekiet  De Leeuw
ac_00712939,0,a_87d92d5e,Steven John
ac_62be8a3f,0,a_3673c55e,Honeyroot
ac_ea8f88f5,0,a_67854ac8,RPWL
ac_e149626e,0,a_1a97b7b4,The Pooh Sticks
ac_4690ebfb,0,a_909fe88a,Shaboom
ac_5f2b0f69,0,a_6592f95c,1910 Fruitgum Company
ac_150adf13,0,a_5082d03c,Marlango
ac_eab30e3f,0,a_e7f3130a,Зоопарк
ac_5110d5f9,0,a_5e2d6dc1,David Fonseca
ac_d4ba7d2e,0,a_4dc0ccf3,Daniel Bierton
ac_2d6859be,0,a_f0435d39,Emerson Lake  Palmer
ac_8d2c86d4,0,a_1256914e,Richard Leo Johnson
ac_312ad8e0,0,a_45f2c9f5,Joe Jackson
ac_95ceaf9c,0,a_3825e7cb,Peak
ac_28980d99,0,a_3ce2a925,Harrie Jekkers
ac_d3e47367,0,a_c8019281,Burnshee Thornside
ac_fa8fdc0a,0,a_23e9ab22,RBD
ac_7fc3252f,0,a_bfedeabc,The Mathletes
ac_a8ca80be,0,a_f531de66,Milan Knížák
ac_f5b286fd,0,a_6c3333bb,Get Us Some More
ac_b76216a9,0,a_a6554dc5,FFForecast
ac_fa8a24b4,0,a_97206b6a,Air Formation
ac_a37b84e6,0,a_2e2d22aa,Halloween
ac_d974078b,0,a_26db411e,Jungle Tongue
ac_325235f1,0,a_75d43c34,Dirk Busch
ac_ea5d7701,0,a_97ce3bed,5xL Beats
ac_986bb457,0,a_b8045cbd,Johnny Reimar
ac_4d64b734,0,a_a2f7e33b,Efemjay
ac_4eefe04d,0,a_05fa761d,Isha Foundation
ac_1f67435f,0,a_ba2b3568,Preservation Hall Jazz Band
ac_c81f7a95,0,a_e6cf9401,Ernest Wakefield
ac_81aef85d,0,a_5a68360b,Dinah Washington
ac_fb00eeef,0,a_2de3f820,BUG Mafia
ac_fb00eeef,1,a_7d68c824,MG
ac_9ce6b72c,0,a_76c53f44,Benny Goodman
ac_58c5c0f3,0,a_1d260976,Jo Bogaert
ac_2a9972f2,0,a_ec0553de,Matt Redman
ac_3d9c9d0e,0,a_b7faa038,Wahorn András
ac_1bfc6c1d,0,a_cdf952f1,Unauthorized
ac_4a719293,0,a_2d3eff3c,Slapshot
ac_ccf55b12,0,a_11ce1398,Orrin Evans
ac_4c76ae34,0,a_90d009ea,Major Swellings
ac_e2627baf,0,a_9eaef21a,92 KQRS Morning Show
ac_143612f4,0,a_4dccbd4f,Overkill
ac_7d47a189,0,a_4352f83e,Marty Stuart
ac_7da46911,0,a_06662c3d,Norvik
ac_e18c6532,0,a_69043542,FBI
ac_f600885c,0,a_a423399d,Sandro Galli
ac_f05bba5c,0,a_1ec74a44,Freeway
ac_10990883,0,a_b3a6e2a4,CV Jørgensen
ac_ffd1412a,0,a_a37e8400,Chriz
ac_1706901c,0,a_3cf6347d,Sticky Productions
ac_c7a7e03c,0,a_90ec9775,Patricia Morrison
ac_5f44f3fc,0,a_073114d9,Florene
ac_9709cabf,0,a_48606561,Lutz Görner
ac_49e1cada,0,a_461e190e,Independent Noise Party
ac_3cc3c340,0,a_eb206e63,Nathan Barr
ac_d1c08835,0,a_28ff4517,Billy Eckstine
ac_96b4efff,0,a_a48c7cc9,Marc F Teitler
ac_96bc71ad,0,a_76d17017,The Fatal Flaw
ac_cba235dc,0,a_27cea327,Ÿuma
ac_3db01260,0,a_9d806622,Paul Barrere  Fred Tackett
ac_282a323e,1,a_7ffd7a5b,Olivier Capparos
ac_282a323e,0,a_f3924511,Lionel Marchetti
ac_96a6885c,0,a_5cfaa8e9,Жанна Агузарова
ac_61754f64,0,a_25f0e141,Mary Byrne
ac_50782172,0,a_717a2fef,Tomcraft
ac_fe4826a3,0,a_a170e08d,Across Tundras
ac_c379437b,0,a_32ae948b,TimeLapse Consortium
ac_74d0b8ac,0,a_903f6edc,Filibuster
ac_af082ff3,0,a_16b358f5,Alma Melodiosa
ac_2a607124,0,a_38e354d8,Smoking Time Jazz Club
ac_e29f2513,0,a_1ff913c7,B‐Ton‐K
ac_ee58a06d,1,a_89433bd5,Stewart Winter
ac_ee58a06d,0,a_bc938884,Joseph Saba
ac_cb59d836,0,a_df76b8ee,Bruce Rowland
ac_b3b6cdbf,0,a_f4530db1,Coti
ac_c5717621,0,a_43331fe5,EverSeenΛ Ghostbefore
ac_0636cc7d,0,a_bea598a0,Sonna Rele
ac_7bc3bf53,0,a_b1885358,YURiKA
ac_9125889e,0,a_706322b1,Lao Tizer
ac_8d825399,0,a_368a01a8,Beaver Creek
ac_e7b8d94b,0,a_abc71884,Stranded At The DriveIn
ac_e0b969f4,0,a_3eabc4ee,Kommando Sonnenmilch
ac_3e59fb82,0,a_5dfb9f4d,おはガール メープル
ac_f204b3cc,0,a_fa6580f6,Henry Mancini
ac_e3e32c00,0,a_6bf9fb13,Dynamic Syncopation
ac_21823453,0,a_1e1688cd,Мачете
ac_1e952f65,0,a_92858d70,Dominic Glynn
ac_baf82a72,0,a_da18f0fd,Sally Bat des Ailes
ac_9d64293f,0,a_51be970a,Chrysteen
ac_1b0a8a46,0,a_9585dc03,The Chills
ac_fde983a7,0,a_8de589f9,Blue Chill
ac_507438cb,0,a_14f33a77,Admiral T
ac_3b10918d,0,a_21b6ce54,Killing Joke
ac_a1c83c8d,0,a_75f1e068,Bob Crosby And His Orchestra
ac_7075bd98,0,a_66378cd7,Nonpoint
ac_64ea14ad,0,a_9d264c10,Chris Constantinou
ac_64ea14ad,1,a_504ca8d0,Paul Frazer
ac_5c9c5734,0,a_e0451ca9,Mathieu Ruhlmann
ac_36de4ac2,0,a_f018b25e,Insolence
ac_5516b5fa,0,a_83fba708,J Donald Walters
ac_a3f2bf63,0,a_244e389f,Shu
ac_177260e8,0,a_d38e81c5,Dorival Caymmi
ac_fc4198f1,0,a_dc6445b7,Will Tura
ac_17dce7f3,0,a_696989e7,The Ballroom Band
ac_9bc01c79,0,a_9e790ff9,Sune Martin
ac_978a656b,0,a_7ad4d30b,Philadelphia Slick
ac_fe1da764,0,a_5474af30,Elisabetha
ac_f3a45659,0,a_f8a196b0,Gandalf
ac_ec4c5956,1,a_8c443550,Justin Myers
ac_ec4c5956,0,a_35cd156c,Hywel Maggs
ac_0b514ad0,0,a_ba956d72,Dilba
ac_8c2dc72d,0,a_d5876d39,Kelly Joe Phelps
ac_72a4043e,0,a_70a8bad6,Rotten Penetration
ac_7cb9eabc,0,a_3225407e,Doctor Explosion
ac_c5a937e3,0,a_2bae21c1,Chris Montez
ac_6013984f,0,a_32c79ef3,Brandon Wiard
ac_6cbe2845,0,a_5eaa4c74,Avalon
ac_4ecf7515,0,a_bc3cf971,Florencia Ruiz
ac_826ce92a,0,a_bee55db1,Gilbert
ac_826ce92a,1,a_e295835f,Sullivan
ac_a877a364,0,a_f84126af,Binärpilot
ac_2d00e805,0,a_7d8d8154,Sons of Chaos
ac_e16de66a,0,a_65ab8822,The Notorious BIG
ac_ea619396,0,a_cdf10df0,Willy Mason
ac_958bf395,0,a_ec0f5fd4,Goodbye Harry
ac_a0f2d5d0,0,a_90ec634d,Michael B Tretow
ac_697620f9,0,a_8a3cd492,Lebenswelt
ac_93f9ecd7,0,a_bc68a8a4,Gary Bishop
ac_93f9ecd7,1,a_847f0ae7,Tom New
ac_d8be804b,0,a_5480eb09,Jerry Garcia
ac_78dc97f7,0,a_12bd38c8,Monteverdi Choir
ac_a481ee8e,0,a_a19c901d,Meat Beat Manifesto
ac_2146b65e,0,a_05d3e0a3,Beat Happening
ac_4b8b7333,0,a_3cbc9ac2,Sheryl Crow
ac_8341c6da,0,a_62e6691d,Ametsub
ac_ff56cf02,0,a_c985698f,Koro
ac_f8464281,0,a_a513a798,Holidays
ac_ede1584a,0,a_7101c456,Thera C
ac_5d9da0fb,0,a_f65c2cd1,Gus Chapell Orchestra
ac_6f38551c,0,a_949a326d,Jean Sibelius
ac_4b8fe941,0,a_1bdea094,Heads We Dance
ac_17e29e39,0,a_ea212055,Vic Chesnutt
ac_3770531e,0,a_296c92aa,Plastic Letters
ac_45c0b28d,0,a_a6c8b77f,ALSDEAD
ac_0e3399a7,0,a_26730b3e,Muphin
ac_16005f80,0,a_18bb1ff9,John Adams
ac_66eaba1e,0,a_0cfab1ba,Gregg Coffin
ac_e50872c8,1,a_30199512,O Sambalanco Trio
ac_e50872c8,0,a_cdc9ff92,Lennie Dale
ac_22f36680,0,a_9c9c9871,Keller Williams
ac_7e94c7c3,0,a_0693462f,Loircord
ac_49c6d2bd,0,a_407e364f,Lisa Stansfield
ac_6975e192,0,a_501eb538,Relevant Few
ac_0be09c38,0,a_d540cc08,Brook Benton
ac_efe38015,0,a_d627f11d,Espirito
ac_5d71347b,0,a_086a3a82,Converter
ac_acc3b453,0,a_3744fd7e,Tanner
ac_b4ecb47e,0,a_168fc536,John Swihart
ac_39589be0,0,a_15a530b0,Daniel C Holter
ac_235aecfc,0,a_be040cb3,Big Walter Horton
ac_078fe9a8,0,a_4ccc0ad5,Exlibris
ac_2ad79690,0,a_c1687587,Oppressor
ac_93df23e4,0,a_63983821,The Apex Theory
ac_886b5427,0,a_531ad2f5,Roman Candle
ac_eb328ef3,0,a_f47bc148,Ertam
ac_28ee9cf7,0,a_d57662f7,Willie Nelson
ac_0bfd255b,0,a_d3f8c41a,FFH
ac_105b4021,0,a_87414258,Musical Chairs
ac_36764ad6,0,a_801f3e6f,Waterdeep
ac_2b766338,0,a_64571ee4,Kevin Schilder
ac_3faf2532,0,a_2d78fbb9,The Crusaders
ac_b2af2c89,0,a_7d61ee5d,Little Richard
ac_62159379,0,a_4b556da8,Val Doonican
ac_a33d5ed4,0,a_be11ef9f,Peter Martin
ac_bef8f8e0,0,a_9ce94848,Jimmy Kaleth
ac_5d1edf72,0,a_cf9951c5,Nathan Siter
ac_d58784c3,0,a_69604c5c,The Gardening Club
ac_481ca841,0,a_81881952,Özdemir Erdoğan
ac_652ac57a,0,a_adb53ac3,Lawrence Lek
ac_227e6e48,0,a_f0d51608,Garden of Delight
ac_4bd98153,0,a_51683540,Teratism
ac_ba7b0baa,0,a_1a9b87ac,Justin E Bell
ac_648a70e2,0,a_7a76f821,Sylvia Telles
ac_afdd49ba,0,a_ac31c6ce,Pandora
ac_335c24c6,0,a_0c756959,Max Bruch
ac_9991754f,0,a_d7cf6031,Aquavoice
ac_59c3b2aa,0,a_87545ca6,Lag
ac_e90e904c,0,a_e9d4ea82,Annihilator
ac_2ab7234c,0,a_3afbd16b,Muslimgauze
ac_c95bf164,1,a_7f0bc74d,Paulinho da Viola
ac_c95bf164,0,a_b4799f4f,Toquinho
ac_8dc8d56d,0,a_e475392f,Tico AllStars
ac_6b24612a,0,a_22c978c8,Tya
ac_f9c205d6,0,a_ded382ed,Νίκος Οικονόμοπουλος
ac_03c8b999,0,a_3d5585a2,Margot Käßmann
ac_76722df2,0,a_ef84b1c6,Idaaliur
ac_36634b50,0,a_08bcb1af,Alux
ac_6673f556,0,a_9ef394c5,The Styrenes
ac_f28f13c9,0,a_82357d81,SPUNK
ac_bfd81981,0,a_478388f1,Joseph Schmidt
ac_cb159c95,0,a_675ea141,Senmuth
ac_5b181f81,0,a_37555696,Steve Haun
ac_16e7b1c3,0,a_ae4b7905,Gianni Marchetti
ac_17805819,0,a_91384b5a,The Carousel
ac_4482205e,0,a_5b9bbb34,Griddle
ac_ac0dbff3,0,a_57ddbbc5,Carlo Gesualdo
ac_303263d1,0,a_3d185aec,Marianne Rosenberg
ac_fdeb01d5,0,a_188b16a4,Austin Eterno
ac_7fee63a7,0,a_343e0219,Angela Wiedl
ac_41d1a702,0,a_8e207bc1,Duke Ellington  His Orchestra
ac_3c759193,0,a_66cef6e6,David Patrone
ac_28df9995,0,a_6f92a167,Placemat
ac_5541c0ba,0,a_dba041ce,OToGi8
ac_85f9a2cc,0,a_435a999c,Burd Early
ac_435c6bbf,0,a_34e4b478,Paddy Kingsland
ac_a476c500,0,a_c53c4997,John Morgan
ac_a476c500,1,a_782c28b0,William Stromberg
ac_b588a474,0,a_b4cd3735,A Thousand Societies
ac_eb748ae5,0,a_19b6e857,Clint Eastwood
ac_1725dde5,0,a_6b3f9177,Wax Tailor
ac_1991ef80,0,a_675e720a,data
ac_9a823925,0,a_7c9a3551,Jimmy Eat World
ac_50eaf436,0,a_58f23f3d,Dark at Dawn
ac_59887726,0,a_82df1968,Tata Bojs
ac_4529390e,0,a_fa11d114,Duo Damiano Sarzier
ac_50004def,2,a_c390a4ed,Frenchie
ac_50004def,0,a_786272f3,Sly
ac_50004def,1,a_7e06384d,Lenky
ac_bb72779a,0,a_5e5eabd3,Robbie Rivera
ac_bb72779a,1,a_3d75075d,Jerique Allan
ac_6983770b,0,a_31e94825,Andy Williams
ac_586cf6eb,0,a_32fda482,Peter Ditzer
ac_586cf6eb,1,a_4163e050,Elisabeth Lehmann
ac_b6721e2d,0,a_9ec384e5,Hummingbird
ac_7e616fe4,0,a_de66184a,Anberlin
ac_ad066f8d,0,a_b8a37092,Tommy Ladnier and His Orchestra
ac_ba710e48,0,a_88a65d56,Cartolas Band
ac_2908f74a,0,a_5d5e8273,Buju Banton
ac_5cf3d82e,0,a_13c21eb0,Reyli
ac_5cf3d82e,1,a_f8d29860,Armando Manzanero
ac_ca34d45e,0,a_0f3c393a,Piero Piccioni
ac_d498b7e6,0,a_35f9b954,Michiko Ogawa Trio
ac_21804bc5,0,a_217cb898,ColdFells
ac_61af4424,0,a_339a4e01,Atrocity
ac_2d664392,0,a_e5d08521,Eristetyt
ac_bc9c4f6b,0,a_306b8279,The Vaselines
ac_e8f195b5,0,a_f0e876bd,Boy Omega
ac_4c4b103c,0,a_2c5a02bc,Brett Williams
ac_07d1f8e4,0,a_32ef5ba6,Tasaday
ac_2f322db8,0,a_761372e8,Sway  King Tech
ac_0ae392da,0,a_5a28a61c,Ras Kass
ac_bb6a8460,0,a_a49afe53,Junip
ac_8871fa1f,0,a_988a09ae,David McAlmont
ac_8871fa1f,1,a_10b8ca69,David Arnold
ac_17655f4a,0,a_ec947e44,David Miou
ac_ba4ddf82,0,a_6ed453dc,Lemongrass
ac_b1034db8,0,a_a1ecc333,Förträngt Hushållsarbete
ac_06e32ba9,0,a_18797531,Alexandra Kelly
ac_aa4896b0,0,a_572f356f,Skitarg
ac_c4069d82,0,a_76907644,Henry Threadgill
ac_39a757c0,0,a_179b0fb5,Herbert Pixner Projekt
ac_ed2d1a98,0,a_3995e6e4,Hamed Däye
ac_18b80634,0,a_143c0879,Fourth World
ac_3964cf17,0,a_43a2cdfe,The Charlatans
ac_ec852ae0,0,a_913033c2,Motor Totemist Guild
ac_3ca917a1,0,a_acb27755,Filicophyta
ac_6ab1318f,0,a_1ef308ea,Pendulum
ac_8427be83,1,a_1dc0a64f,Andre Perry
ac_8427be83,0,a_209d7399,DJ 2nd Nature
ac_c2770d7f,0,a_6396f6dd,Judge Dredd
ac_929ee9c0,1,a_2c505998,JeanMarie Ecay
ac_929ee9c0,2,a_47cb39b5,Didier Lockwood
ac_929ee9c0,0,a_9e7fb333,Alain Caron
ac_ce73ff4b,0,a_6814aec9,Snovonne
ac_b1e6269f,0,a_4cbb9ef8,Dörrterror
ac_17d5fbc6,0,a_84d7b2b8,Pepperfarm
ac_cfab5de2,0,a_f2c8f410,State of Being
ac_8559302f,0,a_c7cdffc4,Cry Wolf
ac_6fcf7c9f,0,a_757159e1,EZ Rollers
ac_28c4ebbd,0,a_e21baf66,Mort Douce
ac_454b4163,0,a_c15df88d,Al Mason
ac_7fd43875,0,a_f560870d,Rebellion
ac_483bbdd8,0,a_a8f2708b,WuSyndicate
ac_9ac59e32,0,a_b16cad75,Prinzo  Betzi Winterstein
ac_568d3281,0,a_a625aa33,Arsen Dedić
ac_e797a1a4,0,a_a7477d15,Taro Iwashiro
ac_9d714c65,0,a_a3f3aa13,MPB4
ac_ac5f71e9,0,a_b836e823,Dariush Talâi
ac_63a97276,0,a_c0fdcc5a,Mary Pope Osborne
ac_63a97276,1,a_6c1ef338,Stefan Kaminski
ac_617307fd,0,a_443baab2,LiSA
ac_acf607d6,0,a_d79bf6c9,Tina Turner
ac_3dd0e585,0,a_b14a626b,Monument to Thieves
ac_629ed74e,0,a_48fa306b,渡辺貞夫
ac_a6f69e34,0,a_a17adb2d,Bed on Bricks
ac_e606c261,0,a_a06ecfc9,Kelly Clarkson
ac_d05c4661,0,a_8cabb9f2,Fats Waller and His Rhythm
ac_fdfb6c81,0,a_1f2b3afb,Fredrick Hoffer
ac_14dc0620,0,a_bab5363d,Robyn
ac_e59d3e36,0,a_2b9a05bb,Ersatzkapelle
ac_b76fbe3f,0,a_c0baae4d,Marc Durst
ac_1c9de97c,0,a_73cfdd2d,Allan Zavod
ac_00ab5295,0,a_e01f9a20,Love Ranger
ac_3b09d745,0,a_a8ec1951,Slash Polaroids
ac_41db5d89,0,a_e5889f47,Gloria Lasso
ac_248b58bf,0,a_5b111fb4,Ikon
ac_120a3fc2,0,a_e06a56bd,Nádine
ac_6686e6b2,0,a_c626811a,Fernando Lagreca
ac_934d3e49,0,a_660ff430,TV Pow
ac_ad28a132,0,a_24be3827,Keith Mansfield
ac_bb479cb4,0,a_243fdc79,Steve Jablonsky
ac_98d379eb,0,a_4445c61d,REM
ac_d1398038,0,a_6bb402ab,Antonino
ac_90a40147,0,a_7ca0b730,Coleman Hawkins and His Orchestra
ac_d56a8a69,0,a_3b43e34f,Nino DAngelo
ac_fd8e62ca,0,a_d5472074,Konrad Beikircher
ac_74815683,0,a_3e858222,Steeleye Span
ac_ea9ea21e,0,a_add7d244,Judith Weir
ac_8ad25c55,0,a_072a728b,Bullet Treatment
ac_17b19caf,0,a_2710d98a,DJ QBert
ac_a49a7325,0,a_4ba3b737,Kelly Bell Band
ac_4ffeb662,0,a_26b78c1b,渡辺香津美
ac_84921ac3,0,a_3f93b37d,Alabama
ac_ae375080,0,a_121f7e4e,Eric Caspar
ac_aafdb74a,0,a_670ae35d,St Eve
ac_d35f6cea,0,a_e0c8a26c,Martin Cook
ac_849b47ae,0,a_22f84345,The Four Freshmen
ac_bf19dd2f,0,a_08d98730,Masala Brass Kollektiv
ac_574585d4,0,a_10bc9635,Jaime Heras
ac_41506c54,0,a_58b6b342,The Police
ac_117ca310,0,a_ad0fac43,Hawk Nelson
ac_1c51d687,0,a_6ebf7e34,ブリーフ＆トランクス
ac_832d1916,0,a_64bb7632,Digital Leather
ac_0a01caf5,0,a_0ae4e7b4,Ciela
ac_4126ac75,0,a_15a1ed19,Feldup
ac_8db76bf3,0,a_ac378450,The Ventures
ac_cc1b5529,0,a_d1e49b49,Hatebreed
ac_c30c8228,0,a_098d3801,zoe bat
ac_e371d458,0,a_7cedd9b9,Balrog
ac_4a37a43d,0,a_c843b845,Michael Nhat
ac_b79b5333,0,a_d553d770,Uptown Funk Empire
ac_35b957b7,0,a_574a60c5,Carlas
ac_808370c9,0,a_fa1d0da8,Ganzoline
ac_a213c72d,0,a_a36d3760,A Tribe Called Quest
ac_c9e49855,0,a_c61408d7,Baby Woodrose
ac_2f799daa,0,a_5be796fc,spunge
ac_a4905157,0,a_66e8584e,Underground Kingz
ac_2ae01ce0,0,a_ed7fbb86,Lucas Pope
ac_7902973c,0,a_16e49a3d,Pate Mustajärvi
ac_495e72ae,0,a_df99323a,Jip
ac_aff1335f,0,a_6af78628,Easily Embarrassed
ac_48fb5696,0,a_75b12d9a,Ray Fisher
ac_e10d3933,0,a_7e5fba64,Prokofiev
ac_e10d3933,1,a_8bf003d0,Leopold Stokowski
ac_e10d3933,2,a_d76f9a41,AllAmerican Orchestra
ac_e10d3933,3,a_9d3c6541,Basil Rathbone
ac_9b6503bd,0,a_b1b9157b,Greg Lake
ac_81066039,0,a_c28b1007,Otto Dix
ac_b13251bd,0,a_36436390,Chuck Willis
ac_4dc4303e,0,a_062fa38d,Eric Clapton
ac_7ff142ec,0,a_39d923a4,Isor
ac_3f9e73e5,0,a_9c78f010,Marina Albero
ac_a49b6405,0,a_6400cb7b,Renée Martel
ac_94464d50,0,a_0b53aeb4,Lam
ac_b85ea4eb,0,a_5bd2b01d,Laura Andreşan
ac_dd8f6ce6,1,a_9d342d7d,Ampichino
ac_dd8f6ce6,0,a_9ade1c81,Young Bossi
ac_28011c79,0,a_ce6dab3e,Karamelo Santo
ac_02f01755,0,a_2c45b764,Frauke Nahrgang
ac_9e42c934,0,a_b3fb1588,Quintetto BassoValdambrini
ac_bbfbc01a,0,a_b0b8d488,Dave Swarbrick
ac_e55fcaa8,0,a_6fda3124,Brennkelt
ac_adacfc81,0,a_9b2a01ee,Marie Well
ac_b3d56a85,0,a_f29bbd14,Эдита Пьеха
ac_76776d19,0,a_653b9088,Selim Palmgren
ac_e530b855,0,a_545f999c,Žoržs Siksna
ac_db19acdb,0,a_a7492270,The Groove Farm
ac_20172b89,0,a_bbef573e,Russell Wolff
ac_a6542e3b,0,a_2e0eebd1,Fettes Brot
ac_a6542e3b,1,a_8fe948d6,Bela B
ac_8ea57c00,0,a_9eeb8e4f,Stalingrad
ac_6bbef381,0,a_aaac9da2,Blair Crimmins  The Hookers
ac_a30354a1,0,a_4ae573f0,佐藤直紀
ac_4ebc37d5,0,a_3213cc32,Ken Bonfield
ac_174aef7e,0,a_407980e3,Toots  The Maytals
ac_303f11e5,0,a_8d70cb4b,Steal Sessions
ac_8b2cd42f,0,a_71469b35,Stakka  KTee
ac_a72e48c5,0,a_0fb93e70,Written in Ashes
ac_bd9e4bbe,0,a_2ed76807,伊藤真澄
ac_38e4d4e7,0,a_63d64b45,Cocknoose
ac_74257f71,0,a_38849eb9,Franz Schubert
ac_bfc8577c,0,a_63a21999,DEPAPEPE
ac_ddc69b9b,0,a_fff7a531,Lou Reed
ac_7ee53f40,0,a_7a4aa66e,The Crowbaits
ac_742b2cb7,0,a_a110e82e,Arsenik
ac_03bc22e7,0,a_77f3dac8,Violeta Parra
ac_30eb6cb3,0,a_2e33de26,Dick Bruna
ac_f8286b77,0,a_9e7fb333,Alain Caron
ac_1e4d4910,0,a_7f34f051,Yeedle
ac_e98fb9ec,0,a_632ba9f0,Judy Mowatt
ac_2b765aa8,0,a_75a91f51,Eddy Duchin and His Orchestra
ac_a6230869,0,a_4813d628,青野武
ac_2cff72fc,0,a_deb5f223,Irina Milan
ac_7e99a886,0,a_f367957b,Mecanic Groove
ac_dfd2d810,0,a_cb5e1ddf,Shenanigans
ac_6e2015e3,0,a_2abfe000,Die Ärzte
ac_0d2d3c99,1,a_6c197d59,Pavel Wožniak
ac_0d2d3c99,0,a_02c51a4d,Helena Vondráčková
ac_4725da8b,0,a_99277e27,George Wallington Quintet
ac_4725da8b,2,a_ba4c1f9c,Jackie McLean
ac_4725da8b,1,a_175ed738,Donald Byrd
ac_2f997c06,0,a_aed2a2d3,三遊亭圓生
ac_39bfff49,0,a_f8aeb750,kous
ac_39bfff49,1,a_bfb3f362,初音ミク
ac_7d4e6369,0,a_e3d847cf,Emilia
ac_da09584a,0,a_92948c30,Orchester Heinz Störrle
ac_c62629a1,0,a_6d070cd9,The Blue Orchids
ac_6693d6a0,0,a_8d2b0e9e,Stephen P McGreevy
ac_bdbe09cf,0,a_2113f4b1,Bernd Reheuser
ac_d85a801a,0,a_0cd30f96,Andreas Fulterer
ac_2e2406b3,0,a_a9b1dbda,Popol Vuh
ac_56b68d61,0,a_f7a7645a,Jars of Clay
ac_7d610e95,0,a_9cf656e7,MOSAICWAV
ac_4dd31ffb,0,a_ee733188,Donovan
ac_53784e17,0,a_8ad2d9af,Silmäosasto
ac_4cba2de9,0,a_0f7793fa,John Taverner
ac_ce7f896b,0,a_b8d73045,Regurgitate
ac_e2b0f77a,0,a_a67a7b8f,Rust College Quartet
ac_437c1d89,0,a_30ac8038,The Stone Coyotes
ac_1c1dc4e4,0,a_5616c6ac,Cetomedio
ac_96e6367c,0,a_4fc38e8a,Richmal Crompton
ac_96e6367c,1,a_7cd847fc,Martin Jarvis
ac_fa9fc694,0,a_1671ccc9,Distance
ac_34c5faa2,0,a_93700114,Fatso Jetson
ac_f6244197,0,a_b0dfc613,Mantus
ac_4d6955bf,0,a_2e52957d,Charlie Sepulveda
ac_f5f714af,0,a_c3d1962d,Johanson  Vennad
ac_c539b093,0,a_d0963f79,IQ
ac_c3e6bff5,0,a_c234c673,Peter Ustinov
ac_89e89e68,0,a_20236e21,Mädelschaft Ubier
ac_34b3063e,0,a_7f3bf2b3,DRodell
ac_34b3063e,1,a_17557c98,Current Value
ac_bb5fc3bf,0,a_9d414755,Bluebottle Kiss
ac_c83ac7b9,0,a_e8117445,Raffael Gruber
ac_c5e88ae9,0,a_cf9984ce,Frank Tayla
ac_c71603e9,0,a_b949f967,Ian Cake
ac_c71603e9,1,a_c8531b39,Jo Jamato
ac_13c8dbff,0,a_3d8ffc24,Toxik
ac_521e7fa2,0,a_d851b7bb,Chad Morgan
ac_09e6b929,0,a_c892634b,Massgrav
ac_19af031c,0,a_f847acd6,Caramel
ac_3bb8eeb1,0,a_a8a0b18c,The Victors
ac_e06e3c75,0,a_1f6cfc50,Zimmer
ac_abdda332,0,a_162dcacc,Gérard Lenorman
ac_6783c753,1,a_1d8ef55e,Richard E L Wells
ac_6783c753,0,a_a6fccce9,Robert J Foster
ac_25137247,0,a_2a2f7846,James Gruntz
ac_6d14f059,0,a_3cd5d9e2,Deetron
ac_348108e8,0,a_dcc79d40,The Flaming Lips
ac_fbbb843c,0,a_84c9676b,Roomful of Blues
ac_c43728da,0,a_d03fdc60,Herman Dune
ac_2fbadca2,0,a_84a63e58,Abuso Sonoro
ac_6b0bd3c2,0,a_6fc84069,Sue Foley
ac_6a4c398f,0,a_481bb8b1,The Bailsmen
ac_cd164cee,0,a_e0a294ab,Scope
ac_2e457e83,0,a_65263c79,Gioachino Rossini
ac_db56cef0,0,a_462772d4,5440
ac_1cf33f9a,0,a_16e18f10,JeanPaul Bataille
ac_e5e7879b,0,a_aef43bc4,Blue Radio
ac_51d1d35d,0,a_2321f2d2,Pete Dunn
ac_21a37735,0,a_1c48a9cf,Johnny Cash
ac_131042d0,0,a_e3c1fd5b,Conrad Schnitzler
ac_110cdc9c,0,a_d6c9d64e,Kreidler
ac_db6cb5eb,0,a_777e3473,Michelle Wilson
ac_0ee45225,0,a_801eb348,Electric Division
ac_4bd8ca11,0,a_fa777ab7,Vaervaf
ac_6e27e51a,0,a_ad9bc995,Deadly Buda
ac_a04e4fdf,0,a_2d0a702e,Little Simz
ac_a04e4fdf,1,a_b79c5ca9,Emerson Brooks
ac_5906062b,0,a_ebb643f0,TV on the Radio
ac_f4659b44,0,a_369f5b6d,Antonio Pinto
ac_a75b6e86,0,a_33964642,Dan Kwekel
ac_8adb82e3,0,a_cb26dd6e,Mississippi Fred McDowell
ac_c1c6b0b1,0,a_b59e1268,Sunset Strings
ac_4d63d496,0,a_3e51548b,The Ed Jones Quartet
ac_5794b35f,0,a_ddfccd57,Nagen  Saugen
ac_357086b4,0,a_56e724aa,Janiss Garza
ac_0f27b9fa,0,a_c32d2bee,Puzzle
ac_99760006,0,a_026a0550,Gianni Ferrio
ac_7de1df90,0,a_c0761a60,Graham D H Preskett
ac_fd21ae2a,0,a_4d9acfe2,Byron Stripling
ac_e744d9c7,0,a_f1d794f8,Warren Mills and His Blues Serenaders
ac_17847ba9,0,a_c834f6bf,Base Ball Bear
ac_79035ae8,0,a_097f9785,Penta
ac_13afeef6,0,a_71a0a1fe,Paul McCartney
ac_a2a9090e,0,a_66e92355,Jewel Timo
ac_b548900d,0,a_3743cada,Beach Fossils
ac_f7215abf,0,a_a3a0477f,Martin Phipps
ac_c653c256,0,a_ae788860,Teresa Brewer
ac_c6531a91,0,a_74f8e8f5,Boris Mourashkin
ac_7173194f,0,a_63f05298,Yes
ac_0b4e4b08,0,a_2fadae55,Skipper Wise
ac_d50b7264,0,a_4ce772ed,Tooth
ac_8580bf1a,0,a_3b3513d4,Break the Silence
ac_dfde626a,0,a_ee0a2fc3,Duke Robillard
ac_eb43274d,0,a_a0adfc79,Jimmies Chicken Shack
ac_bb3e24fa,0,a_d698aa59,Тараканы
ac_619a2a46,0,a_7132b170,Francesco Guccini
ac_f297fca1,0,a_02ad520d,Karl Wolf
ac_864b1062,0,a_8dd6ad60,Jil Caplan
ac_12c41317,0,a_ee2c768a,yozuca
ac_3c4b44d6,0,a_afded8a8,Miguel Play
ac_3c4b44d6,1,a_d4781bbb,Baby Ranks
ac_ee8d9bc5,0,a_061f44d1,Los Dos y Compañeros
ac_4e367698,0,a_a507a0c3,Skachaos
ac_b9240981,0,a_26dff70c,Cairo Liberation Front
ac_4a445a53,0,a_cef3ea7b,Steve Merlin
ac_2ba611b6,0,a_b459c48f,Fear My Thoughts
ac_133ce11c,0,a_a4e5fab4,El Noi Del Sucre
ac_badfd8b7,0,a_f6f484c9,ORIGINAL LOVE
ac_3d628c34,0,a_77d3abd4,Briana Marela
ac_597635aa,0,a_093bb2cc,Phil Ranelin
ac_8b465ad2,0,a_7ab3cc8c,She Says Electric
ac_2d8da017,0,a_5d72aaee,User
ac_797b29b3,0,a_2cec2cf4,Battle Circus
ac_cb2f03d6,0,a_31f83b34,As the Sun Falls
ac_8fa76b73,0,a_5a85cdaa,Electric Eels
ac_4cb86358,0,a_08ffa036,Wolfgang Käfer
ac_93ba9157,0,a_1074f8e1,Adam West
ac_9efd9eb6,0,a_227c103e,The Lost  Found
ac_65968255,0,a_099fc442,Pearl Jam
ac_9c85c29e,0,a_f115eb0e,Vijay Prakash
ac_9c85c29e,3,a_96375da9,Solar Sai
ac_9c85c29e,1,a_832f0d65,Tippu
ac_9c85c29e,4,a_6ba7c98b,Emcee Jesz
ac_9c85c29e,5,a_ff56a1ae,Srik
ac_9c85c29e,2,a_f5b2e281,Priya Subramani
ac_a5d60cfb,0,a_e8d8f8fc,BEAT CRUSADERS
ac_78099893,0,a_33d4298c,Superblue
ac_98610be2,0,a_84862f9c,PMODEL
ac_21cd8421,0,a_ad864554,Jason Gray
ac_0e55ff5a,0,a_e2f3c8c9,Ozzy Osbourne
ac_bf884341,0,a_3c28d3c3,Frank Chacksfield  His Orchestra
ac_bf36da88,0,a_68abb09d,Unity One
ac_9d70ecb9,0,a_631fe685,Shine
ac_8c94e287,0,a_034a31fd,Louie Ramírez
ac_2c8b0b62,0,a_c9c8ca44,Necrobestiality
ac_6dc4862c,0,a_a4a0f306,Katrina Carlson
ac_43d17e82,0,a_cfce5b12,Sackrai
ac_3a812ac7,0,a_e27ac77f,The Ascetic Junkies
ac_9417528e,0,a_b5110908,Little Black Train
ac_ade31444,0,a_6a2c503b,Laura Fygi
ac_b3705409,0,a_fd1984d7,Vanessa Daou
ac_1d47442a,0,a_0721f70c,Aube
ac_d848ea46,1,a_22fe27f8,Jófríður
ac_d848ea46,0,a_f49084e3,Kreld
ac_dbc3beac,0,a_5c39ae6d,Fred LonbergHolm
ac_e65c8405,0,a_e3881963,Pacific Trance
ac_787326db,0,a_edc6eaba,Christian Forshaw
ac_251d9257,0,a_719693cf,Steven Robinson
ac_d653ea55,0,a_51b12290,Maher Shalal Hash Baz
ac_1835b57c,0,a_8a36af1f,TourdeForce
ac_1394fbd7,0,a_674c0d19,Sugar Minott
ac_8d95d286,0,a_33958e09,Raw Power
ac_aee7d71f,0,a_e0503c3b,Marty Robbins
ac_78fa786f,0,a_a07c8d39,Tim Whitelaw
ac_e9798ea1,0,a_c0b046e0,The Revelairs
ac_db2fe0aa,0,a_c039e28e,Frank Zappa
ac_82507fc3,0,a_26751a5b,Simon Stewart
ac_d55fe2f4,0,a_870e7915,Gang Starr
ac_3a84965b,0,a_c3b56bf9,The Hollywood Edge
ac_6f173ab6,0,a_036776c4,Quoit
ac_d97ab461,0,a_04ae5cac,Tetine
ac_4b8b5715,0,a_2d13d68d,Melanin 9
ac_bc5ce9cb,0,a_a29aaadf,Captain  Tennille
ac_2d1b5c5e,0,a_c63577f8,Robert Shaw Chamber Singers
ac_c14586f4,0,a_02a31949,Gordon Gano  The Ryans
ac_dc0f11b0,0,a_92487609,Wham
ac_eefa8b22,0,a_6cb5900b,Crawling Chaos
ac_49ec85a7,0,a_7d4ba43d,Monica Törnell
ac_b9d20ca3,0,a_f71608da,Cybertrybe
ac_b03d1b7a,0,a_5e2b74f3,The Hollow
ac_873d46ec,0,a_e4c718d1,Vítězslav Novák
ac_26fa2c86,0,a_75313746,Free Flow Flava
ac_e662b2ec,0,a_ca8d28a6,Dimitri From Paris
ac_2cdb02ae,0,a_cadf72ad,Alpha Blondy
ac_28a0f4d8,0,a_0f0e5c54,The FUs
ac_df04ad8b,0,a_9d0e30bc,Inhaler
ac_f96f9124,0,a_477c88ed,Kurt Vile
ac_aa7b01fc,0,a_f897d2e4,Fluke
ac_73f699c9,0,a_738f0874,FreiWild
ac_d4ccc581,0,a_5ae77934,The Dixie Cups
ac_af25b05c,0,a_6a405618,Carly Rae Jepsen
ac_3be68c10,0,a_57cb02fa,POLYSICS
ac_b690a304,0,a_36cb4032,Kristina Bach
ac_f10ce0d9,0,a_79d6abac,Toomas Anni
ac_befe3282,0,a_391dfff8,Лампасы
ac_e5396602,0,a_3f959bbc,Château Flight
ac_bda81df4,0,a_85ef5e95,Jay‐Z
ac_bf3d5f00,0,a_d479ffa1,Brutal Truth
ac_bbbd008d,0,a_e4bd6059,Bochum Welt
ac_4a86a8b1,0,a_ffca5a9b,Lois McMaster Bujold
ac_7f4c7f4a,0,a_1aaf9975,dialogue
ac_95b1eb22,0,a_5633939b,Stephen Janetzko
ac_95b1eb22,1,a_1cfc8157,Celine Berton
ac_c28c57f9,0,a_47f33c36,Stojan Knežević
ac_03355251,0,a_e4f4d58f,John Bull
ac_856f4154,0,a_b5acc95d,The Dodos
ac_fe508c9c,0,a_295f355f,Atlantic Shore
ac_d966262c,0,a_3fd282e2,DJ Smokey
ac_1e636365,0,a_81f030e3,Karim Kacel
ac_c29c3e5e,0,a_cb6463b7,Giuseppe Di Stefano
ac_f6f5f7d1,0,a_3a34c79b,Pablo Cebrián
ac_f6f5f7d1,1,a_e4419719,Ismael Guijarro
ac_00c87dd8,0,a_aa81056d,TeeKu
ac_ac2fe96b,0,a_582fd82f,Skeeziks
ac_4d23746f,0,a_32264b5f,Non Serviam
ac_539a8ae0,0,a_30dee44c,Ayhan Sicimoğlu
ac_539a8ae0,1,a_80761832,Özkan Uğur
ac_b7b53e9f,0,a_e0ed84ef,Timoria
ac_f447463a,0,a_5fb4e24a,Hart Backbord
ac_ed4de58d,0,a_12975fb5,Quadra
ac_395d1e72,0,a_39a01351,Cato K
ac_395d1e72,1,a_145f985d,Kelly D
ac_c99ed29f,0,a_37a0239b,George Shearing Quintet
ac_9c8baf02,0,a_5d19c8bb,Pinka
ac_c71b8df3,0,a_44075dd6,Octant
ac_c132ae7e,0,a_8ea4b667,Tony Joe White
ac_56101f5f,0,a_24884040,Satellite Inn
ac_247b4384,0,a_03897587,Screaming Trees
ac_c96e7d41,0,a_812075a5,W Randy Hoffman
ac_0fc1289f,0,a_bdd528cd,Joseph Haydn
ac_dc4df81c,0,a_64643644,Prefuse 73
ac_2a5a3a26,0,a_a6f8c252,Static in Stereo
ac_7932c132,0,a_b3ca56f2,Sarah McLachlan
ac_5caf0a13,0,a_3a2247c7,Vendaval
ac_41127a1d,0,a_2dbb3a5b,Nightstalkers
ac_5bb1906c,0,a_29e55633,Алла Пугачёва
ac_ef1c5498,0,a_8a4d9e1f,Nervous Patterns
ac_321c7729,0,a_4d93cff8,Bjelleklang
ac_1671f0db,0,a_807585d1,Johan Tronestam
ac_3d0b17ab,0,a_4cad15c5,The Glory
ac_b9b0beec,0,a_38883344,Bernd Roger
ac_24fe3a39,0,a_0512457c,Altan
ac_773313bc,0,a_c6be5736,CS Lewis
ac_ac398cd6,0,a_2f525547,Χρόνης Αηδονίδης
ac_6b53d071,0,a_b56f3aec,Johnny Gill
ac_70947b40,0,a_8d10e5cb,Svante Thuresson
ac_b119207a,0,a_36978a47,Van Coke Kartel
ac_d34777cb,0,a_4392efc1,Anna Vissi
ac_cf72bf6f,0,a_409e2565,Dark Mean
ac_bdd141b9,0,a_d0dc026e,Nadine Renee
ac_08406c12,0,a_611dca85,Phiiliip
ac_a92bbf95,0,a_0b2e4501,Esclarecidos
ac_dce8a108,0,a_1425ced2,Johannes Brahms
ac_e115bdbf,0,a_aca74168,The Department of Drama of The Catholic University of America
ac_c17e56f9,0,a_16ed04f0,My Vitriol
ac_58f160d0,0,a_91015bb7,Áine Minogue
ac_c45c96e6,0,a_5ce02c3e,The Bilinda Butchers
ac_27e06777,0,a_de4edd50,Szidi Tobias
ac_641d0a4c,0,a_a7d5f9d1,Manuel  the Music of the Mountains
ac_240883b5,0,a_cd732383,Ingrid Michaelson
ac_de8435ed,0,a_bceb376d,Terry Evans
ac_4cc622e1,0,a_a763e3f1,Los Lobos
ac_7ab4ebf1,0,a_ad8989bf,Deep Jazz Project
ac_7b6efcc8,0,a_0d9c3e1d,Jaromír Nohavica
ac_8a8fb2a7,0,a_a2e80e05,Tweens
ac_0c6e7edf,0,a_29455878,Chuck Berry
ac_bb250220,0,a_921a03d0,Augie March
ac_a3d1104b,0,a_805f6ee1,Maricarmen
ac_b52b77cd,0,a_50c3cc24,Edhellen
ac_718ee7a6,0,a_e9aaa979,Actefy
ac_b386c68d,0,a_928ca74e,New Celeste
ac_42898c87,0,a_2f2ae438,Frankie Avalon
ac_b5258ad2,0,a_fce3a2e4,Amos Milburn
ac_9f02ef7c,0,a_b0b61dad,Les Innocents
ac_066bc0ba,0,a_9faa8d37,Wolfe Tones
ac_e86f9c04,0,a_64957853,Michelle
ac_04a6ee25,0,a_69208a75,Chelsea Grin
ac_1e7c3889,0,a_743d3c1a,Delta Rosa
ac_f53e2d56,0,a_c735ef66,the pillows
ac_6f1b8855,0,a_3cb2cc34,Год Змеи
ac_0e06d733,0,a_ae3ec11c,Alexander Borodin
ac_d91f3416,0,a_62376346,Jukka Takalo
ac_755dbdc1,0,a_4c8c5949,The Lassie Foundation
ac_6aa01050,0,a_3b80e612,小川範子
ac_c6997afc,0,a_38852766,The Pigeon Detectives
ac_88baff67,0,a_df7e11e8,Herbert
ac_f5b3d547,0,a_4a292bb1,The Mills Brothers
ac_20543fdc,0,a_c798ce76,True Myth
ac_76cadcf1,0,a_cbf6dbbc,Alex North
ac_572a5d10,0,a_dab0867b,Sick of It All
ac_1d1f0ffc,0,a_f9fda71a,George Canyon
ac_03c85450,0,a_b29937b1,A Industrya
ac_d49c2a3f,0,a_28c68a76,Richard Wagner
ac_a89ab98d,0,a_365cedbc,ThermalBear
ac_6642b33a,0,a_304d072a,Muzio Clementi
ac_562a873b,0,a_21d61a49,Al Jarreau
ac_a7b93876,0,a_4f4a2f05,The Red Krayola
ac_162bc830,0,a_017edf5a,Wibutee
ac_2f09d8ab,0,a_acdc2046,Deformatory
ac_2c7f8ee0,0,a_c6616b2a,Tom Heinl
ac_b92f1ec9,0,a_3455b075,HORSE the band
ac_8732600d,0,a_97806242,Woody Herman
ac_096c78cf,0,a_4ecb544e,Voice Stealer
ac_032dacc9,0,a_614788df,Creedence Clearwater Revival
ac_bff2a688,0,a_9402ccfc,Carolina Wallin Pérez
ac_2a212e95,0,a_eef0f643,Duncan Pittock
ac_844d2439,0,a_c6eee9ca,The Corries
ac_bae8113a,0,a_1f70e251,Simeon ten Holt
ac_1501c9f4,0,a_fa07ebbe,Steve Malone
ac_6f178a05,0,a_05388c0e,Yale University Alley Cats
ac_acd90470,0,a_f25dfd5b,Teenage Fanclub
ac_862a7d52,0,a_3d5e348e,Black Tape for a Blue Girl
ac_423451f2,0,a_b4b75bdb,Nick Skitz
ac_67821600,0,a_3e12d69d,The Rogue Element
ac_3ebba9c5,0,a_ad234d1a,Chop Shop
ac_dd9261bb,0,a_2bb09f00,Luxxuriös
ac_a9f0b810,0,a_c54eaf38,Black Kids
ac_6b1ff1e7,0,a_92c24235,Orfeón Universitario UCV y El Cuarteto
ac_6903765d,0,a_7b5544cf,George Shearing
ac_7ca0d552,0,a_799e499c,Le Rok
ac_f030582f,0,a_29891440,Lior Rosner
ac_df8752dd,0,a_7d058117,Leith Stevens
ac_b766e53f,0,a_46f07464,Kamelot
ac_bf316661,0,a_ad89aea3,LAST ALLIANCE
ac_95c99420,0,a_072f41c0,Phobia
ac_479b0c1d,0,a_3bd25cfd,Dougie D
ac_ec7f0d0b,0,a_30fd9b3e,Judy Collins
ac_817d77da,0,a_680c7f1d,James Newton Howard
ac_731eeaed,0,a_4cd851e0,324
ac_37bae00e,0,a_f0c47ba2,Red Alert
ac_3eac69e5,0,a_745b619d,Bart Hawkins
ac_1f221924,0,a_9e6d02a2,Nat King Cole
ac_b7311c54,0,a_8e232416,Jonny Kaplan  The Lazy Stars
ac_f344140e,0,a_92f7b65b,mc chris
ac_aefe0ffd,0,a_8b05c9bb,no artist
ac_11a46f54,0,a_e2fe9b82,David Jones
ac_f49178a3,0,a_500c7a64,One Night Stand
ac_80009b09,0,a_3599043b,Cher
ac_44722adf,0,a_9ed281c3,Raful Neal
ac_36b7cf45,0,a_3ebf37b8,Treefight for Sunlight
ac_cb08a382,0,a_513eab6a,Annie MG Schmidt
ac_08cd10e7,0,a_24c68512,1UP
ac_33d12d55,0,a_c9fb2ed7,Phaseone
ac_faa79e9c,0,a_9baaf5e6,Gypsymen
ac_7883a077,0,a_2ea90b18,Sebadoh
ac_181d7c44,0,a_a513ce09,The Academy Allstars
ac_fccf3b97,0,a_d217769f,DeFalla
ac_c56da144,0,a_3a093299,SWF3
ac_c929a1e1,0,a_496af192,Sister Nancy
ac_0e6273bd,0,a_737eb7e3,Ill Chill
ac_cc581f08,0,a_eee3eff6,Rocky Votolato
ac_3c57d7c3,0,a_44402ebd,Kongh
ac_1cc3476d,0,a_eca25604,La Mine de rien
ac_3d83b29c,0,a_1c8134aa,William Byrd
ac_bbc1d1a0,0,a_4f7cffa0,Marco Beltrami
ac_41b9c828,0,a_388d50ac,Bill Sims
ac_997ed304,0,a_1937f477,Franz Liszt
ac_af47e54c,0,a_d94d00c8,Russell B
ac_bdcd7397,0,a_e3150ec2,Earth Wind  Fire
ac_bdcd7397,1,a_a578eb2b,Chicago
ac_c748d6f3,0,a_c92cd604,Nicki Minaj
ac_4c0b26c0,0,a_b58a8e1c,The Chinchees
ac_4ef6dafc,0,a_dbf80f75,New Jersey Kings
ac_b6b315fc,0,a_5986a835,Liane Foly
ac_5de3bb1c,0,a_ab16015f,Cristina Madeira
ac_07fa1470,0,a_e23f00ad,Biotrans
ac_2afcd86b,0,a_794742f8,1917
ac_7c119825,0,a_5995ebcb,Desaparecidos
ac_5c13af2a,0,a_87478235,Onslaught
ac_66abea77,0,a_38b0a88d,Diamond Head
ac_3026d22b,0,a_cdc1e804,Majke
ac_c16f579c,0,a_e74016ae,dead prez
ac_b6dea215,0,a_73e66d87,Sturmwehr
ac_6237fcaa,0,a_afdfdd74,Ayaan Hirsi Ali
ac_9a082092,1,a_665ad960,Andre Frauenstein
ac_9a082092,0,a_0dcd1b64,Sunlounger
ac_65965dcf,0,a_9ba5ca3e,The Duke
ac_391ec8da,0,a_768c918d,Mike Oldfield
ac_b3cdc238,0,a_cd355260,Emer Mayock
ac_3c566e7b,0,a_34ed1b1d,Bruce Langhorne
ac_5acc6fde,0,a_788aa924,Metin Şentürk
ac_69280ee5,0,a_2a0a5536,Chen Dacan
ac_4c82c8a5,0,a_247bbb4b,Koomurri
ac_bc073c42,0,a_6a9bd524,أصالة
ac_4c5afeef,0,a_9c589996,Sex Love  Money
ac_ea4f5e4c,0,a_d949fdd8,San Cisco
ac_955863b9,0,a_9326c866,Horace Andy
ac_5c51b0a4,0,a_62d890c4,Vermin
ac_94c20920,0,a_527bbf62,Владимир Высоцкий
ac_4c242469,0,a_bf3b8116,Kombi
ac_c861847a,0,a_7956c1a6,Norther
ac_460b7491,0,a_8eb70c9b,PsyAviah
ac_d8e17c7f,0,a_8e4f75fb,İbrahim Tatlıses
ac_9d829a77,0,a_a3817478,陶喆
ac_9d829a77,1,a_b1b270d7,Tension
ac_fce094b8,0,a_efb7abe9,Tanya  Dorise
ac_79d4e758,0,a_6005da91,Mynock
ac_e6d8da21,0,a_293e7890,Joel RL Phelps  the Downer Trio
ac_199068b2,0,a_e6b32c4b,Only Us
ac_f5907b41,0,a_1b14ed93,The Tombstone Brawlers
ac_6f52964a,0,a_92925cad,Kevin L Hiatt
ac_6f52964a,1,a_c6ae5cb5,Kevin Blaker
ac_6b45c797,0,a_aaba3bc9,Baltimore
ac_3c800a27,0,a_147d1427,Caribou
ac_6f288a8b,0,a_27ad8e2f,Dick Lee
ac_dac9fe52,0,a_880e022e,Down
ac_172ec4e8,0,a_aba08402,Sportfreunde Stiller
ac_2d4db924,0,a_7f51e1d9,Orquesta El Macabeo
ac_bfc9f938,0,a_635b2b8e,Loona
ac_95311b21,0,a_32814081,Dopapod
ac_4dea6de0,0,a_96bc0aec,Global Deejays
ac_762df6f4,0,a_79783143,Incredible Bongo Band
ac_df70cc63,0,a_fca3669c,Коrsика
ac_f0e47b5f,0,a_80b59de3,Werner Müller
ac_08ba79c5,1,a_c8fe92d0,Kenia
ac_08ba79c5,0,a_e3c0a6fa,Claudio Roditi
ac_a3c172e7,0,a_7998b1cb,raison dêtre
ac_d24e2239,0,a_54b055c8,Valdur
ac_e0ae7ef4,0,a_c653cfb3,King Adora
ac_45a41064,0,a_84e8ddb1,The Bluerunners
ac_13d6ad05,0,a_3c7eda5d,Elba Ramalho
ac_3b339a8f,0,a_50ae77c9,Moochie Mack
ac_8db83553,0,a_6b2b9bce,The Lottery Winners
ac_f4780be7,0,a_e849439c,3 Doors Down
ac_b54a7461,0,a_fceffff2,Spazz
ac_8be7e5f7,0,a_ca4e8a4b,Tikeyah
ac_6227e978,0,a_56892323,James Galway
ac_4857d183,0,a_76a77d41,Pan•American
ac_fe566775,0,a_01035c19,Alice Nine
ac_fc4f25d3,0,a_a1456e6c,Passenger
ac_f782aa59,0,a_acbdb5f6,wumpscut
ac_8a05f27a,0,a_c0aec1bd,Silverchair
ac_7cd6c0c7,1,a_f319c251,The Glenn Miller Orchestra
ac_7cd6c0c7,0,a_43bbba97,Tex Beneke
ac_b94b6f82,0,a_e1a08025,Claires Birthday
ac_b378531d,0,a_18c6991c,AG Flek
ac_e1db5813,0,a_5e1ee635,Jim Crow
ac_ae20e29d,1,a_12c09482,Charlie Charles
ac_ae20e29d,0,a_9aa43676,Francesca Michielin
ac_0898eecb,0,a_c707e0c7,버즈
ac_9aa3f20d,0,a_81500938,The MK Ultra
ac_9023c5fc,0,a_aeb42222,David Wise
ac_f375abdc,0,a_3589f083,Madame Bovary
ac_8d24567c,0,a_4f1230b1,Zodiac
ac_878747f3,0,a_9c75802c,The Feelers
ac_5adbfe09,0,a_7c99bcf8,Liberty Christian Church
ac_8e96e25d,0,a_d577d085,David Rovics
ac_0b07e812,0,a_701b7dff,Andrew Powell
ac_0a1bf85a,0,a_8093c678,Eric Burdon and the Animals
ac_a8ca0fd5,0,a_17a02184,Ryan Adams
ac_6f3bfe7f,0,a_fe0c96e5,Lazzi
ac_971d943a,0,a_01554e09,Edvard Grieg
ac_922f337a,0,a_f7c94796,Monsters of Liedermaching
ac_6f4e622d,0,a_f190216f,Deadliner
ac_e2aaef3c,0,a_746fcd43,DRMIS SOUNDSYSTEM
ac_aeb7e4bb,0,a_b26c193a,Sonya Kitchell
ac_9d815103,0,a_5fcfd4d1,Clermont  Macleod
ac_0a101a4a,0,a_19c514b0,Ziryab Trio
ac_9edcde40,0,a_3e14eb7c,Fredl Fesl
ac_79553509,0,a_e9e245f9,Nel·lo y la Banda del Zoco
ac_baf3cc41,0,a_0c26ec57,Martin Denny
ac_21141d14,0,a_e28f61ed,Chaos as Shelter
ac_52af36e2,0,a_82f3257b,Sherri Jackson
ac_2280b4cb,0,a_75d2df88,BB King
ac_1fedbf1d,0,a_7c66c396,Dead Machines
ac_8af20b75,0,a_02333e5e,Rolands Gosskör
ac_b078c5f2,0,a_882e33c1,Julia
ac_1f7da3de,0,a_b9b46e8d,Viktors Lapčenoks
ac_4e9a9a86,0,a_fdb037a6,Lucky Jim
ac_b1da829f,0,a_83700500,Power Metal
ac_5e601db5,0,a_bc2a05a2,Craig Davies
ac_0dedb26b,0,a_344f4a51,Dizzy Mizz Lizzy
ac_f0376c3a,0,a_2b58d97f,Corvus Corax
ac_acde898c,0,a_e020f02e,Silmarils
ac_56efb030,0,a_b9a5aad2,Zeroid
ac_39889283,0,a_d3313f96,Twilight Circus Dub Sound System
ac_7f3b07a3,0,a_2ca41a71,Timo Räisänen
ac_7c722694,0,a_507e0dc4,The Damned
ac_b8b3ec59,0,a_d3534f14,cloud
ac_09937e53,0,a_7e870124,Čedo Antolić
ac_269a3f79,0,a_0dc9aac9,The Shambolics
ac_10dd8151,1,a_f4e35212,VAYAN
ac_10dd8151,2,a_ed23b917,Barren Gates
ac_10dd8151,3,a_4234bf9e,Joseph Feinstein
ac_10dd8151,0,a_e2bbc501,Emdi
ac_e24d9c98,0,a_c4e1c380,The Doobie Brothers
ac_38b0c486,0,a_fe766041,Åge Aleksandersen
ac_0133195a,0,a_cecf26ef,Mark Emney
ac_13d3bf07,0,a_a384f697,San Ul Lim
ac_555cdec9,0,a_855ad2c5,Tan Dun
ac_c646a344,0,a_0682af55,Leeroy Stagger
ac_8dd2e044,0,a_a812f377,Infector
ac_c16ad6e7,0,a_74329a83,Great Big Sea
ac_55fcc812,0,a_40a7bef7,Pure Obsessions  Red Nights
ac_3b2f3f1a,0,a_668a96b1,Rick Springfield
ac_5365a021,0,a_7a60a17d,Marillion
ac_614d97c9,0,a_ca3b935f,Jerry Fielding
ac_a5fbea6f,0,a_63e74aef,Chixdiggit
ac_b717bdfc,0,a_f4e121c5,Julie Plug
ac_0ac583a5,0,a_cdc8ddb0,Eumir Deodato
ac_9860d164,0,a_dd7afa7a,Professor Phillip Cary
ac_68bfe4cf,0,a_94f3b992,柿島伸次
ac_a4f59390,0,a_c46c6953,The Fauves
ac_f9e92057,0,a_7167eaf0,Isom J Fontenot
ac_ffc5940f,0,a_8afd5b07,Promise Keepers
ac_885a8c42,0,a_03663ea4,Pink Floyd
ac_2c18093d,0,a_60e5c76a,dada
ac_ff4ba842,0,a_53533ee6,Özay
ac_6b47ed6c,0,a_718ff83f,増子司
ac_eca8a5b6,0,a_52a3d535,Le Orme
ac_09525bdc,0,a_766b8087,David Molyneux
ac_f2d57ff9,0,a_202d536d,Viktor Petrov
ac_8ab40c41,0,a_eaf5ac03,Tim Fischer
ac_7a9bfae9,0,a_037ded23,Big Ministries
ac_70e18a2e,0,a_eb0eb276,Sick of the Law
ac_d61b1573,0,a_1633e845,Snowmobile
ac_c5d0b50a,0,a_b8547081,Stan Kenton
ac_1e89ff96,0,a_fe9f17dc,Da Yoopers
ac_db374146,0,a_3b48b038,古谷徹
ac_337df0df,0,a_cb25c487,Bolivia Manta
ac_2ec113a0,0,a_c813e2da,Olivier Peters Quartet
ac_2a9209e5,0,a_0b34b896,Swings
ac_6c075716,0,a_60a8767b,JiLL‐Decoy association
ac_df4a404d,0,a_d834a225,Пётр Ильич Чайковский
ac_436580ae,0,a_72a6260c,Peter Rowan
ac_a3014bcb,0,a_80098f29,Buzzkill
ac_c41e987f,0,a_c5bea751,Mak
ac_03fdefbe,0,a_56618c48,Robert Calvert
ac_499c8ba9,0,a_c2310178,Joe Walsh
ac_dc1fed20,0,a_077eea30,Moodymann
ac_2732454e,0,a_82b80ba6,Talisma
ac_d3655ab4,0,a_69d657f9,Baden Powell
ac_58216601,0,a_739292b5,Stupenda Jones
ac_bf334149,0,a_91c8cb4f,Cold
ac_a2c9009d,0,a_e9b0a71c,桂枝雀
ac_0e314bbe,1,a_0316cc9d,Cincinnati Pops Orchestra
ac_0e314bbe,0,a_a71f8141,Erich Kunzel
ac_326e2cdf,0,a_84a95aa3,Consonant
ac_5a341855,0,a_a8d34820,Guem
ac_20e0feb2,0,a_bcd0b39a,Pablo Moses
ac_a12e0ab7,0,a_eb2ebae3,Ivory Frequency
ac_f99996de,0,a_1100b666,Kevin Whalum
ac_644d62bc,0,a_5a7e44d4,Michael Marra
ac_361dd651,0,a_408474e9,Madonna
ac_c8973d58,0,a_0e2a2b96,AQUAPLUS
ac_51e2ac0e,0,a_e7c00a8f,Art Bears
ac_d388a5f0,0,a_ce333f3e,Sturm und Drang
ac_7997baa8,0,a_c06bbfee,Bread
ac_e294a3b2,0,a_36e56c3d,Heather Parisi
ac_f3dfafda,0,a_2e0d93b7,Faraquet
ac_5cdf076e,0,a_d9935a37,Andy Reed
ac_92f936ba,0,a_94e78896,Jefri Al Buchori
ac_5127f23f,0,a_3f8d76d2,Break The Breakdown
ac_ea6841ec,2,a_8d2737c1,Roger Turner
ac_ea6841ec,1,a_d7765d93,Alexander Frangenheim
ac_ea6841ec,0,a_9ff2d296,Isabelle Duthoit
ac_27087ec4,1,a_6c060f65,Peter Kater
ac_27087ec4,0,a_00dc4f23,Joanne Shenandoah
ac_b5cfec8e,0,a_bbfa1fc7,Pakita
ac_378641e1,0,a_e282dc11,OT Quartet
ac_f1ee3e67,0,a_30c3afbb,Karjalan Sissit
ac_91592db5,0,a_0dd44727,Ghost Monkey
ac_4f84e2f5,0,a_9c66057e,Vince Gabriel
ac_2c0af2dc,0,a_17c51690,Jeff Beck
ac_50676833,0,a_f9a1b4ec,Jair Rodrigues
ac_49d53696,0,a_86812da3,Erik Visser
ac_545c6e78,0,a_9426cc3d,Miklós Rózsa
ac_78949efe,0,a_1387e638,Justeeri
ac_6b9576bd,0,a_fe20c39a,Purple Schulz
ac_5fe25249,0,a_df632e4a,Feldmayer
ac_aa8ce255,0,a_c4ac9e1a,Trio Bier
ac_202ebbcb,0,a_676ea14c,Laurent Garnier
ac_a2e16936,0,a_f96bf0f1,Sightings
ac_cb0d844f,0,a_7504abd5,Zelmar Garín
ac_a65e6074,1,a_aa2aa866,沢城みゆき
ac_a65e6074,2,a_39f1fa4b,氷上恭子
ac_a65e6074,0,a_05844840,真田アサミ
ac_7b424479,0,a_ed224bc7,Mind Over Matter
ac_76993fee,0,a_0de18b09,Eddy Mitchell
ac_3155a4f8,0,a_81574cf6,Tube Jerk
ac_b0d8ebb1,0,a_fae33e2b,Zucchero
ac_22751677,0,a_e9c5cf5d,Dorsey Brothers and Their Orchestra
ac_8cf08b19,0,a_417014b0,Julie Kryk
ac_f1376f99,0,a_45b4eb23,Zola Van
ac_455193c1,0,a_92a5c157,Numbers
ac_69aa8236,1,a_bf9f52b8,Icewear Vezzo
ac_69aa8236,0,a_47d7dd8e,Drakeo the Ruler
ac_a5cc3b8e,0,a_66a75f0b,Stonebride
ac_0821d141,0,a_31c11f41,Quadron
ac_a208cb90,0,a_82183cc5,Francis Goya
ac_2caf374d,0,a_9eb301d4,Spread Eagle
ac_ce643fc8,0,a_66afe230,Martin Straka
ac_f0ed1877,0,a_cb97765a,Paul Jabara
ac_1f04be2d,0,a_a34cba41,Don Johnson
ac_5707d694,0,a_02b5780a,Enzo Ortiz
ac_746b30b0,0,a_72d9ba40,John Foxx
ac_73002ba3,0,a_7982c999,Lee Wiley
ac_013e2ba0,0,a_49af7a21,فيروز
ac_6464e92a,0,a_a3ce73ae,Bob Berg
ac_764b2114,0,a_3a669650,Tanya Stephens
ac_1d20d6fb,0,a_fe645fff,DeVision
ac_64a1aa33,0,a_6c3377cf,Unstable Ensemble
ac_bd4bce5d,0,a_30829c65,Robert Randolph  The Family Band
ac_bd4bce5d,3,a_e51a67bd,Rashawn Ross
ac_bd4bce5d,1,a_277b955f,Dave Matthews
ac_bd4bce5d,2,a_ff6a230b,LeRoi Moore
ac_318bb4c6,0,a_777d5853,Freeez
ac_831c4fed,0,a_e0984d4f,Halal Kebab Hut
ac_cfcd3aae,0,a_a44cefec,Dialogue
ac_5f861607,0,a_09c8d6fd,Richard Johnson
ac_4d6c2edd,0,a_a2ac3927,Dietmar Wischmeyer
ac_02a77dd7,0,a_90974164,Joop Visser
ac_ab7f5cdf,0,a_bc8c8d75,Johnny Hallyday
ac_7ef15577,0,a_5b4d8a60,Rush
ac_22a6b492,0,a_781120ad,Onda del futuro
ac_5a9d6b59,1,a_2f8526ca,The Band
ac_5a9d6b59,0,a_9f7e2506,Bob Dylan
ac_1d113f49,0,a_64dfea26,Anna Jantar
ac_953a3dcd,0,a_af2f5cc4,Terry Gadsden
ac_2fb9cb95,0,a_ef853e18,Lu Watters Yerba Buena Jazz Band
ac_66cae767,0,a_db8449a0,Bo Diddley
ac_85aecd46,0,a_bed03674,Te Deum
ac_3bf5113e,0,a_51aabc35,The Elusive
ac_a871f24a,0,a_6d0928c5,Casper Caan
ac_6877f4a2,0,a_d3c7d6cf,Fromm
ac_df6ad464,0,a_36e34255,Marjinal
ac_058828cc,0,a_21f0eb05,SONOIO
ac_90e5918d,0,a_9ccad1cf,Anthem
ac_5e97f9b3,0,a_0755ca5a,Hans Hartz
ac_b3406cff,0,a_26d230e9,A Flock of Seagulls
ac_44d20cc3,0,a_e62df32d,xDisciplex AD
ac_3df4cdb3,2,a_0a4f5fa5,Juho
ac_3df4cdb3,0,a_98db5c34,Little Pepe
ac_3df4cdb3,1,a_2c7ec35d,Pinnacle Rockers
ac_6f3a62cf,0,a_395d461d,The Primitive Quartet
ac_ae395750,0,a_910774cd,Bappi Lahiri
ac_9a280487,0,a_71aecd8e,Lena Horne
ac_6f11272c,0,a_e7c781b3,Dan Melchior und Das Menace
ac_32fad9c3,0,a_d9b16c95,Robert Palmer
ac_ad11bc33,0,a_86e63166,The Wayward
ac_3f87a503,0,a_cc2f4556,UK Subs
ac_59082426,0,a_6ce8f7a7,David Newman
ac_c18a040f,0,a_c2c8112a,Richard Strauss
ac_5b5c8f7a,0,a_a91f299b,Perry Letsch
ac_d4228f58,0,a_ba37db44,Terrace
ac_b37e6712,0,a_0cebfd92,English Dogs
ac_8495f13a,0,a_b55d23e3,Hall  Oates
ac_33ca9e38,0,a_e35ae47a,Breaking Circus
ac_1991cb89,0,a_f54ca7d3,Irish Folk Mix
ac_a71e2b17,0,a_2d0f795c,Ralf Wengenmayr
ac_0bcdf9e0,0,a_ecaf3f82,Cyrille Verdeaux
ac_0bcdf9e0,1,a_04c37226,Bernard Xolotl
ac_3c848a2e,0,a_bf2cda36,Things of Stone and Wood
ac_e2de211e,0,a_b2f21610,Cleaners From Venus
ac_b3b0e922,0,a_d2c421ce,Kevin Manthei
ac_9b9fac26,0,a_40e3a076,Vikingarna
ac_bae5ad38,0,a_e3ca543d,Jadis
ac_ef4336dc,0,a_24213c08,Hawkwind
ac_260f2ab7,1,a_be453612,Ricki Wilde
ac_260f2ab7,0,a_f8c48ede,Jim Richards
ac_e3503a73,0,a_72b3ad5b,Richard Myhill
ac_e6b08378,0,a_d8cf8758,Anthony Robbins
ac_bdf2410f,0,a_11761fba,The Weakerthans
ac_b48101cb,0,a_5e8b4e0f,Caleb Storkey
ac_f8de40d0,0,a_864a091e,Paul Grabowsky
ac_bf9323e3,0,a_2fe2a59a,周杰倫
ac_c1ff019b,0,a_a117a1d8,Rick Seratte
ac_c1ff019b,1,a_bf5a9e7e,Les Dudek
ac_145b6eb4,0,a_c3cd1220,Annie Herring
ac_7fbbc48a,0,a_30a00ca7,Hemlock
ac_8b9c7243,0,a_ef2a1bd7,Calling All Heroes
ac_22122b84,0,a_e2612e12,Cheap Trick
ac_0d5156be,0,a_4e2be62f,Anne Hills
ac_09af3eb5,0,a_c0983a88,The Spaniels
ac_0e9405b7,0,a_f7d31d6e,Frederick Jason Kron
ac_0e9405b7,1,a_21d40312,Tal Bergman
ac_488eb760,0,a_0e6ccfbe,Twila Paris
ac_4e0e2904,0,a_22ae0be3,Eddie Izzard
ac_eab6f4c8,0,a_2017b319,Shannon Wright
ac_7b37fd85,0,a_91ef53d6,Harry Bluestone
ac_562852c2,0,a_c758de44,GG
ac_61252f68,0,a_44866050,Never Get Used To People
ac_6243e5a4,0,a_9284011e,A Sunset Diary
ac_1727a72a,0,a_c22fd2cf,Lesley Garrett
ac_cfbb5413,0,a_00041c23,AmyrS
ac_f06787ac,0,a_68b63aff,Les Brown
ac_796a980d,0,a_4ecda2e7,Unitas
ac_cff8f715,0,a_1175c6b5,Mörglbl
ac_a58b4c39,0,a_a04c75de,J Place
ac_61623a7a,0,a_1b47772f,Madder Rose
ac_4ad961df,0,a_63ed568f,Marion Meadows
ac_23a2dd3b,1,a_4accd450,Cypha
ac_23a2dd3b,0,a_833b4509,Malcolm Lockyer
ac_de68c1ef,0,a_6d13cb13,Vakkuum
ac_5f83c30f,1,a_b758b788,iNTROSPEKT
ac_5f83c30f,0,a_280aa50a,Bored Lord
ac_b8234278,0,a_d164dc27,Insomnia FM
ac_bfcda8ed,0,a_1dd6b364,Nitrocris
ac_cfc23433,0,a_1f9d5015,Kayo Dot
ac_7e37e835,0,a_6585fff0,Judge Smith
ac_c821d938,0,a_3f3fbec2,Juicy Lucy
ac_069ba86d,0,a_12f269bd,Frank Sinatra
ac_68aaf8f3,0,a_ac728a37,Red  The Red Hots
ac_d8089c55,0,a_c434d617,STARFIRE
ac_0530f3d9,0,a_a36da45c,JJ DOOM
ac_c5df70cb,0,a_f0500a6c,Tiger Helicide
ac_9c4ac9cd,0,a_04abd38d,Sid Catlett Quartet
ac_9c4ac9cd,1,a_f05a6aa9,Ben Webster
ac_90baf500,0,a_ff72141a,Cause 4 Concern
ac_8e706c4f,0,a_42640809,Gaetano Donizetti
ac_2c78f4d9,0,a_b64debf3,Ian Boddy
ac_efd56687,0,a_0e6e0520,Key to Arson
ac_03f71518,0,a_48d307d6,New Radiant Storm King
ac_16272f9e,0,a_e87630a5,Biltmore Dive
ac_55fb0366,0,a_ca67576e,Caroline
ac_289f2404,0,a_c4af3b18,Cécile Bergame
ac_ddcdcd26,0,a_2718233a,Café com bobagem
ac_23fb20f1,0,a_03277211,Kevin Costner  Modern West
ac_9904ad83,0,a_7aa2cbde,Charlotte Cornfield
ac_33405146,0,a_f346d61f,Rocco Raimundo
ac_3f7cc3ee,0,a_0640e21d,Giuseppe Verdi
ac_3b874446,0,a_82035f16,Camper Van Beethoven
ac_a75c878c,0,a_16019ccc,Marc 4
ac_e8845126,0,a_a47c31db,Bobby Peru
ac_f05384db,1,a_2327570b,Eric Hammerstein
ac_f05384db,0,a_6933c04a,London Promenade Orchestra
ac_ab78581b,0,a_26386326,Milieu
ac_8e3ad61b,0,a_c3d8540d,Yö
ac_b3e65ece,0,a_97e2a6c7,SansFin
ac_54746eeb,0,a_8beb438d,Space Master
ac_017b6b83,0,a_c14d645a,Paddy Noonan and His Grand Band
ac_ffa2f30e,0,a_21fab1d7,The Gentle People
ac_cdb609d8,0,a_e73c3297,Pit Baumgartner
ac_c6bbe4a1,0,a_3c90b850,Gossos
ac_3c5ca591,0,a_3be67775,Hurriganes
ac_71b685aa,0,a_9f463436,Heinrich Lübke
ac_68ee871a,0,a_44633691,The Flirts
ac_e9509dc9,0,a_28fe9c1a,Irwin Goodman
ac_be8e4a32,0,a_67c618a5,Roberta Miranda
ac_510b8219,0,a_c4625f9e,Philippe Robrecht
ac_59721a47,0,a_a799166d,GRICE
ac_8a39403f,0,a_f4875dab,John Valby
ac_ed30d3bb,0,a_77ed3697,Dead Ghosts
ac_eb63b7b5,0,a_e80e6015,Russian Love
ac_6c316000,0,a_facbd9d0,Cock and Ball Torture
ac_eb1947c2,0,a_0e0e1a37,The Whigs
ac_bc63ae2d,0,a_65ec0e74,Rob
ac_ea8284c7,0,a_9dce39d0,Hugh Moffatt
ac_a146d460,0,a_a0a44724,Xenoscapes
ac_5935bccf,0,a_cb8d323f,Indigolapsed
ac_963ca327,0,a_d06ddf6e,Игорь Фёдорович Стравинский
ac_6470da1d,0,a_eb37a28d,The Speaking Canaries
ac_db65334d,0,a_dcef8c59,Psy 4 de la Rime
ac_8b1dd275,0,a_3a539af3,Gen Rosso
ac_5a5cd420,0,a_768ecf63,Johann Nepomuk Hummel
ac_243f6778,0,a_2ad36366,Back to Earth
ac_c30c5faf,0,a_98167130,Hilary James  Simon Mayor
ac_7f86b600,0,a_cf456714,Die drei 
ac_86a30234,0,a_74be6d85,Pianoheadz
ac_7a45df76,0,a_4dabe504,The Similou
ac_b9eecc92,0,a_299ae57a,Yardbeat
ac_3ad73bb7,0,a_cdcca659,Tom Lagana
ac_d5863638,0,a_b472a872,Remulak
ac_01484ef2,0,a_f2938a4e,Brad Walsh
ac_fcdeccec,0,a_a776bf1d,Hanagorik
ac_fd9f4244,0,a_e6660cf2,Swiz
ac_f84ab6fa,0,a_98548e16,BrazIll
ac_444e5f65,0,a_1601600e,Blasé DeBris
ac_048c028b,0,a_16ba3609,Halogen
ac_e4840b3c,0,a_a5379eb8,Junior Brown
ac_f2e18c38,0,a_0e87072f,Tobias Stephan TS
ac_0d8715e7,0,a_8c93cced,K J Yesudas
ac_997516b1,0,a_599334eb,The Notes and Scratches
ac_3d3c21c8,0,a_14a7b9e1,Kula Shaker
ac_b4604d54,0,a_49cf4215,Rosario Bléfari
ac_96271402,0,a_1d113770,Sertab Erener
ac_96271402,1,a_4a8fb825,Voice Male
ac_47634329,0,a_eb3d4985,Secret Silence
ac_1b9f0609,0,a_4bbdc8f0,Necrodeath
ac_da09d219,0,a_8f363c86,Jack Trombey
ac_95f829ac,0,a_c4b97d85,Пропаганда
ac_59d1cbf7,0,a_f081e34f,Annikki Tähti
ac_3bf48313,0,a_863a25c8,Kaosloge
ac_3cdf0d59,0,a_7ffdfcb1,MaJiKer
ac_440cf3d0,0,a_d91bd503,Joy Division
ac_234c9685,0,a_feadfd5f,Hany Shaker
ac_ad120977,0,a_1a31e6f1,Chantal Goya
ac_3deaea1c,0,a_c8d6d673,Stare Dzwony
ac_2af6a226,0,a_09d2cd8c,Al Capps
ac_f6336b52,0,a_e72021b9,African Head Charge
ac_ee464556,0,a_f9dddabe,Alexander Curly
ac_387b577d,0,a_3c89884e,City Comma State
ac_052874cc,0,a_e505bd92,Wingy Manone All Stars
ac_e1c791cc,0,a_67d7be8a,Trikot
ac_5e32f620,0,a_47c7f7da,Juno Reactor
ac_6dc41183,0,a_031084b4,XTC
ac_7e908c43,0,a_04ec3d9f,光田康典
ac_0a18de86,0,a_5357f89d,Gefilte Fist
ac_a15fded0,0,a_674f73e9,Junior Kelly
ac_aa9625b1,0,a_723325bc,Chuck iNDigo
ac_41876c42,0,a_6927d43f,Taktici
ac_b0e7f846,0,a_6c940e2a,Christian Smith  John Selway
ac_69c98743,0,a_91473e65,CATACOMBZ
ac_a43b836b,0,a_66c37659,Athlos
ac_82afe5c0,0,a_93279281,Rainer
ac_3dd271a6,0,a_67f3ad0e,Antonio Vivaldi
ac_481f1275,0,a_2ad7b998,David Bazan
ac_087089b6,0,a_95cdb897,Steven Wray Lobdell
ac_891d804e,1,a_3b6bde06,National Philharmonic Orchestra
ac_891d804e,0,a_75612e92,William Kraft
ac_22609131,0,a_94d60a9e,Triumvirat
ac_3c018926,0,a_27e444ec,Cyberaktif
ac_4ace1f7f,0,a_7076c023,projectDelta
ac_7747be66,0,a_3dbd7633,迪克牛仔
ac_19611d27,0,a_b0e96060,Barbara Casini
ac_19611d27,1,a_cc0d182d,Phil Woods
ac_19611d27,2,a_9cb67ddd,Stefano Bollani
ac_74cfb51e,0,a_f7fe0795,Mikko Innanen
ac_74cfb51e,1,a_776a9a83,Mika Kallio
ac_987443a2,0,a_c618cdbe,The First
ac_784f6b87,0,a_2ca5f91d,Nine Minute Snooze
ac_8fc8a79e,0,a_b52ee899,Sway
ac_aa105632,0,a_11fee470,The Forester Sisters
ac_e73f339a,1,a_72bffb5a,Xande de Pilares
ac_e73f339a,0,a_967a308a,Diogo Nogueira
ac_413685fa,0,a_c3f86f45,佐橋佳幸
ac_66dcb100,0,a_9a696178,Sin Eater
ac_734bf028,0,a_0b717e60,Muddy Waters
ac_734bf028,1,a_5cf2e865,The Rolling Stones
ac_3bcb6585,0,a_ce467cc8,Pop Levi
ac_87bff406,0,a_33a8d281,Simon Webbe
ac_b9e80615,0,a_1075829b,Rachelle Spring
ac_c7619a8e,0,a_ab0710fc,Taliándörögd
ac_a0e5dad3,0,a_2e7b54b6,Robert Leiner
ac_eb5166c4,0,a_90fc79d2,Bluatschink
ac_4a273c15,0,a_b4b25b56,Nick K
ac_ac2ee0e7,0,a_0aa8ad46,三遊亭金馬
ac_7b50f1e9,0,a_0735450a,Ingrid Jensen
ac_e6f36904,0,a_9b0463ca,Gary Lamb
ac_8b0cc423,0,a_71988176,Fairport Convention
ac_66a6f90a,0,a_841226b3,The Magnetic Fields
ac_a3c5eb50,0,a_81ca2a7c,Fst
ac_c501eb57,0,a_b0745958,Dear Reader
ac_5fcb2d7a,0,a_739624af,Erci_E
ac_2e72f381,0,a_7d974da7,The Smallgoods
ac_76a4bad9,0,a_c79efbfd,Khuli Chana
ac_ca8c3c4f,0,a_70d41f8e,Acid_Lab
ac_ca8c3c4f,1,a_562613aa,Akinsa
ac_fc2ce505,0,a_d5acdfb0,Joan of Arc
ac_9baddbb3,0,a_8c2fcc15,Salamander Crossing
ac_7bad993e,1,a_36b77c8b,Jason Lescalleet
ac_7bad993e,0,a_6878d50f,Jason Kahn
ac_942502e9,0,a_c6bcefb6,Mo Scott
ac_6d92ebfa,0,a_7db54b4c,Only Thunder
ac_953c60d7,0,a_284d351d,Ferrara
ac_2dfb04cf,0,a_47b0b2cb,The Radio Band
ac_29f34915,0,a_9ff42d3e,Vulgaires Machins
ac_d2424641,0,a_6a4ae6f2,Christopher E Hajian
ac_d2424641,1,a_30b38d43,William Franklin Lee
ac_813dffb5,0,a_2719ba2a,Spencer Dickinson
ac_9086d3fe,0,a_47f21f71,Hux Flux
ac_0fdc85d0,0,a_65ad08b9,Muziek Piet
ac_bafde72c,0,a_fea1d8ec,The Klezmer Conservatory Band
ac_9f02d047,0,a_7a01e395,James Last
ac_345615cb,0,a_3b314747,Mia Martini
ac_6cb29a5b,0,a_38953073,Black Ox Orkestar
ac_f7af1b82,0,a_8b5f68c0,Damu the Fudgemunk
ac_731e3ef9,0,a_62e5317e,Harem
ac_82295188,0,a_466dcbca,Anael
ac_3913573c,0,a_73377af0,Mountain Heart
ac_f597542b,0,a_2ba32fc7,Psychoterror
ac_6f5740d2,0,a_e931183b,DJ Rap
ac_6f5740d2,1,a_32f079b4,G Squad
ac_b4943718,0,a_e04d95fb,Alex Mauer
ac_5214751f,0,a_26f30740,Big Country
ac_4c1092d6,0,a_a218202d,Marcus Peppiatt
ac_019c2d51,0,a_ff1fcc0a,The Japanese Popstars
ac_b87eb951,0,a_4337fc87,Calexico
ac_c5a23a9f,0,a_4512e368,Hot Buttered Rum String Band
ac_6efbbbbd,0,a_59b8a9c2,Harmonie de lAFREUBO
ac_c011efb0,0,a_9c291653,Don Moen
ac_a5238526,0,a_8c492d8d,Francis Poulenc
ac_ae4e15b2,0,a_d5b23792,Arvingarna
ac_925069a1,0,a_2eaf2960,Persiana Jones
ac_1fc1709c,0,a_3ac857ba,Chris Weeks
ac_0e071a9f,0,a_f6ef5009,Toires
ac_2b4c0bb5,0,a_52f78583,Les Basses Réunies
ac_4d554757,0,a_46ced014,Bethany Curve
ac_52a1ee62,0,a_ddfc004b,Meth Teeth
ac_09b55704,0,a_f9dde261,Jacek Kaczmarski
ac_d562e4b0,0,a_40e89708,Suffocation
ac_5112e020,0,a_abd4f501,Thin Lizzy
ac_a60d23fc,0,a_edf7ea9f,The Squires of the Subterrain
ac_f57a87f1,0,a_0b469329,Irena
ac_e8d2d352,0,a_6eaf4bfe,A Certain Ratio
ac_02303fd1,0,a_cdd0c5e4,My First Days on Junk
ac_cab1ad35,0,a_9ec025ea,ESG
ac_3417cd41,0,a_c9cb74b0,Thieves Like Us
ac_ddcdc139,0,a_786fab6b,Jenny Wilson
ac_b6e7dfad,0,a_28cf57f0,Rorschach Test
ac_4d593b7c,0,a_c9947d30,Iconoclast
ac_529b8529,0,a_41d64f2b,Alien Sex Fiend
ac_cd365edb,0,a_ae79bfa5,Voyager
ac_97964f82,0,a_2cf7b630,Earle Hagen
ac_066d04f0,0,a_f051373d,Majai
ac_f697278b,0,a_418df346,Beat Service
ac_43867fc0,0,a_e1820081,Los Fabulosos Cadillacs
ac_820ca009,0,a_28fb01ad,NICOTINE
ac_eabdcfdb,0,a_57eb46d1,Sterac
ac_a9396ee6,0,a_02b082b2,Indoctrinate
ac_1f2b14e3,0,a_3b03fda5,The BBC Big Band
ac_03a3e1e6,0,a_93e7594e,The Gladiators
ac_0c45fba9,0,a_f7b92a18,Orhan Gencebay
ac_c46d7714,0,a_c58e1a79,Mince Pye
ac_9b79c68b,0,a_97bc77ba,Chernabogue
ac_7fc16e86,1,a_9ee9013f,Elia Cmiral
ac_7fc16e86,0,a_7426d754,Jeff Danna
ac_6c8b94f3,0,a_1e05b24c,Turbopótamos
ac_aa648c8c,0,a_1bd0d017,Bloody Tears
ac_2063d653,0,a_fc01281c,Alice Tlustos
ac_3d50b42e,0,a_7f0935f0,Devin the Dude
ac_64c99ec0,0,a_a9fc3bff,Debbie Wiseman
ac_4b1286e1,0,a_d839ce1b,Eero ja Jussi
ac_4b1286e1,1,a_6157636c,The Boys
ac_7dfef639,1,a_2a597b66,Shoboat
ac_7dfef639,0,a_9d342d7d,Ampichino
ac_7dfef639,2,a_d60ac8e1,Bird Money
ac_aba6703a,0,a_936ac23f,Lars Lilholt
ac_19b8cf8c,0,a_d3565dfd,Halia Meguid
ac_f9dadf3e,0,a_94ed71c2,Wolf Ram Heart
ac_0e00f0c2,0,a_440c2bcc,Dance Club Massacre
ac_65cbeaa5,0,a_f2141434,Johann Bley
ac_277c4f73,0,a_a4fc109d,Junior Murvin
ac_3693591d,0,a_2be9fba8,sam
ac_02fa54c7,0,a_2825176e,Orquesta Uribichá
ac_cfe8a0b7,0,a_c0be9945,Boom
ac_cfe8a0b7,1,a_3825e7cb,Peak
ac_193569ee,0,a_9c18002b,Under
ac_2133ed67,0,a_66ece48d,Ayn Rand
ac_a7b7e8fe,0,a_f5c1ce92,Gold City
ac_f0d708e7,0,a_66f28578,若原一郎
ac_657ba73d,0,a_ee138727,Martin Mull
ac_6fa7d323,1,a_fb39caca,eMU
ac_6fa7d323,0,a_4eeafa8d,Scheibosan
ac_6fa7d323,2,a_2067b18f,Stereotyp
ac_cd29ab66,0,a_9bc3d980,Jason Bradley Livesay
ac_589f5ad6,0,a_64134e07,Matthias Reim
ac_ffde473e,0,a_ce99d82c,One Hundred Steps
ac_0495acd6,0,a_2f69617f,Fear Condition
ac_a7ce39aa,0,a_c4b27488,Feathermerchants
ac_ab4b81b0,0,a_a0615cb4,BeeBee
ac_44acfad0,0,a_c10d4fba,李泉
ac_a8c8a694,0,a_fa3a94f1,Porous Orchestra
ac_768ef90a,0,a_eec6f084,עפרה חזה
ac_d4613953,0,a_83136b34,Aquarium Rescue Unit
ac_3688f70a,0,a_056df612,Bill Jones
ac_58db75fc,0,a_2804e75c,Gisèle Favre
ac_d387356d,0,a_c61213e2,CygnosiC
ac_0d9c8a55,0,a_4a139cf8,怒髪天
ac_0f7af149,0,a_d16c2c9a,BlackBud
ac_7253b846,0,a_6a6a61dd,Foreigner
ac_d5cb979d,0,a_bb96fd97,OLamm
ac_a3885a8b,0,a_515fcc10,Young Mozart
ac_5bcdf5ed,0,a_34baecfa,Cirius
ac_189f3533,0,a_52abfd02,James Luceno
ac_5e4d7003,0,a_74197a3a,Deuce
ac_c19ca1d5,0,a_27ff9fdf,Denison Marrs
ac_10c2585d,0,a_77933bda,Benjamin Wallfisch
ac_a710f77d,0,a_d80e6719,John Waite
ac_4dde70d5,0,a_deda0d29,The Hollies
ac_1cfeee23,0,a_df22fab4,白鳥英美子
ac_764c8a69,0,a_6c17ebc9,Blues Mobile Band
ac_07a399d3,0,a_913f3172,Xolotl
ac_d66b3a06,0,a_033fb291,Elegy
ac_d1100a4f,0,a_74f07647,Tracey Thorn
ac_bcdbf4d0,0,a_1a7d7015,Timm  Gordon
ac_e8915883,0,a_3175da76,Dwight Yoakam
ac_c3b7fc18,0,a_1752007c,Cyclefly
ac_740c2b5c,0,a_8bce38e7,Richard Ashcroft
ac_084eba13,0,a_ea0245c9,Jamey Aebersold
ac_d09b61ca,0,a_32cadd6f,Die Apokalyptischen Reiter
ac_02e227d1,0,a_37b22051,The Countdown Mixmasters
ac_fa3afabc,0,a_073d1a93,劉若英
ac_2b82bd1c,0,a_b4ded617,Trio Irakitan
ac_869c3091,0,a_4d916eb8,J Wheeler
ac_869c3091,2,a_0c035a9f,A Warda
ac_869c3091,1,a_da6ad745,Damir Price
ac_05b276ac,0,a_2668cd8f,Rashad
ac_05b276ac,1,a_ba6787a0,Confidence
ac_eada0093,0,a_f7feb102,Marco Antonio Solís
ac_a8370555,0,a_e731f6c7,upStructure
ac_6b919bf2,0,a_a2b7486f,Päivi Paunu
ac_3cba556f,0,a_4f037807,John Peel
ac_3cba556f,1,a_4467f752,Maureen OBrien
ac_3cba556f,2,a_3b28e2e1,Nicholas Briggs
ac_2a55203f,0,a_c4fd46e8,Avey Tare
ac_0a926003,0,a_aa1c809c,FEWS
ac_be694e7e,0,a_5c50fa18,Mammoth
ac_cb3ba91f,0,a_02018f2f,Male or Female
ac_a4d04f09,0,a_e233a292,Deventter
ac_0356351d,0,a_87f63abf,Anatomi71
ac_13a263ac,0,a_a578ca32,Megadeth
ac_502fced6,0,a_dd996133,Shu•bi•dua
ac_9674a141,0,a_84a87cab,Celestial Aeon Project
ac_4b1d0077,0,a_069fa687,After Meridian
ac_ab7c6a64,0,a_cc4cec30,Strange Angels
ac_cedfd330,0,a_dc28f6d3,Way Out West
ac_49e8bafa,0,a_1a89598a,Nacho Rodríguez
ac_bc05be85,1,a_71aadc31,Pete Mason
ac_bc05be85,0,a_336c8f1e,Goldham John
ac_a8115cdb,0,a_68be0d34,Smilers
ac_2c44496c,0,a_e1d5da1a,Tynator
ac_770c4dc6,0,a_d54bdc1a,The Skatalites
ac_7854a96b,0,a_19ab2415,Coen Bais
ac_0d137589,0,a_70939c4a,Brandon Miles
ac_de4345ad,0,a_25982a6c,たかな
ac_2a40c437,0,a_5ab83cee,traditional
ac_df6f6c01,0,a_ee76d8ed,Mysteria
ac_00040ede,0,a_eea4ce4e,Dream Theater
ac_00c30f23,0,a_3a2fde99,George Brooks
ac_1a24074c,0,a_7e0eded4,Manikin
ac_3d02fc48,0,a_db1ba141,The Itals
ac_4c4c04a9,0,a_b48f3d7a,Malcolm Arnold
ac_d046c138,0,a_2047f390,Boppin B
ac_d881b782,0,a_65a374a7,Shandon
ac_3214d4f0,0,a_5d28bbcf,Jean‐François Dandrieu
ac_066160f1,0,a_6841efc1,Γλυκερία
ac_efd907d5,0,a_d21b715b,Nick Jagger
ac_06cefc46,0,a_e2442219,Daco
ac_41e2e2e2,0,a_b6c20a0a,Frontier
ac_6c5f3aa7,0,a_b2a5e744,Sharon Lois  Bram
ac_00d8e8c5,0,a_a7a24a56,Tim Janis
ac_9c289afa,0,a_3b6b48f1,Deep Dish
ac_3f62d2d6,0,a_4df9e8ff,Marvin Etzioni
ac_db7e5f82,0,a_fb1b66b0,Fryderyk Chopin
ac_b69b7ce6,0,a_8b0e8bd8,Paul Shaw
ac_b69b7ce6,1,a_ee897308,David Rogers
ac_6dbdfce5,0,a_3ccebafc,Lesser
ac_09f01647,0,a_e966c99c,Fishtale
ac_94b39545,0,a_f0ef54e0,Andrea Polli
ac_4d3267cf,0,a_f7e217f5,Thyrfing
ac_cd1cd044,0,a_231f540f,Luxus Leverpostei
ac_a5a5a6a0,0,a_8bb3b1e9,Mad Mav
ac_b0c48c2c,0,a_a1dfb622,Rolfe Kent
ac_81c849de,0,a_275208ab,Bitch
ac_d66f79e2,0,a_b50c18a9,Green on Red
ac_76f282a1,0,a_8b026464,Son Volt
ac_05ae4b0f,0,a_0691a833,Caravan
ac_a095a478,0,a_028098af,Slayer
ac_1b996612,0,a_81eb2086,Društvo mrtvih pesnikov
ac_a8b5e2f5,0,a_b31675f8,Sean Hughes
ac_a1bcd13d,0,a_29b402cd,Svensk standard
ac_e8a3dd27,0,a_0d014aa8,Suede
ac_1de794c2,0,a_3c6788b7,Electronic
ac_4faccd6b,0,a_c86a47f5,Livingston Taylor
ac_6ed37687,0,a_db342071,Stephan Sulke
ac_6ce72590,0,a_bc608ffe,Борис Гребенщиков
ac_6ce72590,1,a_03bd40ef,Андрей Макаревич
ac_395ff6a3,0,a_62f3a15d,The Open University
ac_2f3c1c66,0,a_cba144b0,Andrea Jürgens
ac_0106035a,0,a_787c3af9,Secret Mommy
ac_a0dc67b4,0,a_66e4433f,Lento
ac_e5d45483,0,a_47c7790a,Fats Domino
ac_6713c42b,0,a_7eb855cb,Carlos Di Sarli
ac_a8b9d6af,0,a_749e2eea,Erol Parlak Bağlama Beşlisi
ac_9d52a5fa,0,a_df6fa5a2,Uzi
ac_154b621e,0,a_fc4a1a76,Fondo Flamenco
ac_0d30489b,0,a_9185bd45,Clubworxx
ac_b3ae52cc,0,a_b8f13fea,Kate MacLeod
ac_38828790,0,a_bc63a30d,新垣結衣
ac_1c436a85,0,a_13d50323,Gabriel Fauré
ac_68b73110,0,a_a59f3c9a,The Vichy Government
ac_60ee9dea,0,a_72cbdc1a,Ada Milea
ac_e9300724,0,a_9da0b7d2,Tre allegri ragazzi morti
ac_fa15717f,0,a_0af46605,Yakup Ekin
ac_9fc2663f,0,a_1ae372aa,Blueprintmusic
ac_7d55bac3,0,a_362afe93,Cadillac Angels
ac_9b163a3f,0,a_3b75adfb,Dennis Brown
ac_b1b90c6c,0,a_09233903,Dream of Eden
ac_3bd96d89,0,a_7a91691c,Tripod
ac_48ea1d5c,0,a_3f5ffae3,Denez Prigent
ac_791e6c83,0,a_b5ba4089,Kai Lüftner
ac_865f4e33,0,a_5fa2ecbf,Calibre
ac_2f534eaa,0,a_d6412b8b,Бригадный подряд
ac_328be3d1,0,a_6525f7d6,Hanan Harchol
ac_a218eb7e,0,a_7ce6f871,DJ Pagan
ac_b5b148ce,0,a_5e5ea3dd,Dashboard Confessional
ac_2f172dcd,0,a_74b83466,Racy Grace
ac_8cfcf232,1,a_ba255fc8,Rant
ac_8cfcf232,0,a_8aff519e,The Panacea
ac_99e51e9f,0,a_e49caf81,All the Madmen
ac_52e7fc61,0,a_b6653b1b,Darius Brubeck
ac_f706c931,0,a_83fbd05d,Spangle call Lilli line
ac_71b291c3,0,a_c2833a52,John Pizzarelli
ac_9786318c,0,a_c44c9f9f,Movietone
ac_3d499aef,0,a_f884bc38,Julian Cope
ac_56ec8ad6,0,a_c0efb407,Inepsy
ac_f8fbcbc3,0,a_75ad0c96,Råd Kjetil and The Loving Eye of God
ac_aa6205c9,0,a_ee5b7c63,Ed Gungor
ac_2d653f3f,0,a_82c4f8cf,Mike E Clark
ac_2c8096d7,0,a_9f9832b3,Savage
ac_c9dbc833,0,a_5e955034,Cradle of Spoil
ac_f7a4f09e,0,a_bd9cbde8,Cauzndefx
ac_ae048f34,0,a_e4e36e7d,Rachel Hughes
ac_1a619060,0,a_f8e344a3,The Supremes
ac_1a619060,1,a_33991372,Four Tops
ac_b084fc26,0,a_15e54314,Cripple Mr Onion
ac_77b19bab,0,a_202e8f1c,Internet Forever
ac_9fdaf001,0,a_a37020f8,The Godfathers
ac_a898e756,0,a_6430a90b,Carlos Gardel
ac_279a2daf,1,a_aeddaafa,George Mraz
ac_279a2daf,0,a_54c9c7c2,Kenny Barron Trio
ac_279a2daf,2,a_ee9e7d2b,Ben Riley
ac_57cc4a35,1,a_8fba10af,3rd Degree
ac_57cc4a35,0,a_8ac8598b,Mark Shimmon
ac_390b5a24,0,a_f8ef874e,Billy Fury
ac_3b53ffa7,0,a_36c011db,Makoto Ozone
ac_b64a02dc,0,a_fc5b819f,Daniel Magg
ac_c58ad0e3,0,a_a2fe1df4,Verneri Pohjola
ac_c58ad0e3,1,a_093ce162,Umo Jazz Orchestra
ac_b234f4be,0,a_632da065,Veil of Ashes
ac_48d6b5c0,0,a_0bbf391c,Tim Souster
ac_c9a7be80,0,a_97500c05,Comma
ac_01579631,0,a_53df58f0,Deborah Difonzo
ac_244d810a,0,a_d5126397,Tullio de Piscopo
ac_8b35eeac,0,a_28da707c,Caleb Brumbelow
ac_6e1ff5fc,0,a_415930c2,ObjektUrian
ac_a6cafc66,0,a_7fdfaa27,Fluisterwoud
ac_61fc100a,0,a_44426a04,Lil B
ac_5c6316d1,0,a_0af1f592,Roudoudou
ac_9b0b07be,0,a_8bfe0bb6,Hans de Beer
ac_037b9337,0,a_c767cfc7,Harry James
ac_4ee856c1,0,a_9ca3f24a,Dr Feelgood
ac_37d806c9,0,a_0023701b,Paper Tongues
ac_784ac5e4,0,a_f2a41442,The Buckinghams
ac_87a8649b,0,a_05579cd9,Doreens Jazz New Orleans
ac_4f87d832,0,a_2f88ae6c,Holly Near
ac_b64abb7e,0,a_0b8bfb65,Papa Joe
ac_3c1636f0,0,a_70f02c89,Skids
ac_71257ec9,0,a_ba019b43,Camel
ac_656d8253,0,a_3a402b73,Admiral D
ac_7537da25,0,a_8e0297e9,Nick Bardoni
ac_7537da25,1,a_4b44b4c2,Steve Warr
ac_5cf17fe4,0,a_51c59b95,Elton D
ac_fb6432fa,0,a_0441d2d0,Michael Wendler
ac_f2144738,0,a_43069dd5,Preston Love
ac_b736751a,0,a_d19eb81d,Bobby Darin
ac_ea0ea3d3,0,a_0c2e7d15,iScream
ac_50a8c736,0,a_38aa1cec,森高千里
ac_073507fe,0,a_d0dce664,Omara Portuondo
ac_d1e44484,0,a_abb5dda5,Μάνος Χατζιδάκις
ac_ec8b903c,0,a_7bfee3fb,Twerps
ac_98233896,0,a_41a81ac0,Grateful Dead
ac_27b41e4c,0,a_81318aec,Brentwood Jazz Quartet
ac_10923f45,0,a_6f952af8,日野美歌
ac_10923f45,1,a_3343df1d,葵司朗
ac_203fc470,0,a_82fac9b6,Syd Matters
ac_c7360bab,0,a_25f3cb24,Gerald Trimble
ac_f33eee61,1,a_29b5412e,Jason Pedder
ac_f33eee61,0,a_c5f9dce9,Barrie Gledden
ac_01f54545,0,a_b7f262a7,Escape the Fate
ac_caf24427,0,a_11973bdf,Christophe Maé
ac_0a35a66b,0,a_8af60bfc,Werwolf 77
ac_11e12b8a,0,a_6a5e704f,Michał Bajor
ac_bc2a4909,0,a_a62b4623,Miam Monster Miam
ac_57ca2025,0,a_09ce2502,Bernhard Brink
ac_37f765ac,0,a_8ab108e8,Cheech  Chong
ac_e9bc654d,0,a_0c38373b,Witchtrap
ac_899e4030,0,a_61c779de,Aleksi Perälä
ac_3af4ea63,0,a_77834380,Amadeo Vives
ac_2111f68f,0,a_8c443986,Die Maus
ac_c12fa5b5,0,a_d37f09d6,Jail
ac_52a5fbde,0,a_ede1dc6e,Edward M Favor
ac_f86229eb,0,a_e70ee307,Merri Gail
ac_a0a99353,0,a_139f0340,Jim Reeves
ac_79d44474,0,a_f72487bf,Denny Earnest
ac_c3609d50,0,a_3a54e406,Led Zeppelin
ac_a923fec0,0,a_532c97f5,SEX MACHINEGUNS
ac_fdffc628,0,a_c76be705,Dive
ac_7fe027ea,0,a_beee9b09,Māris Šverns
ac_506ed2af,0,a_dd32759d,Ron Escheté
ac_d26df141,0,a_d43c4637,Sidney Bechet
ac_d3c0b384,0,a_db85700c,Виктор Цой
ac_7bac3432,0,a_d1e81ff1,Beady Belle
ac_a19ec317,0,a_7e58ec50,John Hiatt
ac_d103b658,0,a_077646be,Weatherstate
ac_7c4b0cc3,0,a_f2c7d5c3,Kate Wolf
ac_5d41b40f,0,a_5713432a,Hysteria
ac_d911c884,0,a_e1ab7f66,The Gaturs
ac_87ef0796,0,a_129d0d04,DA PUMP
ac_72721e88,0,a_4378a52f,Dropkick Murphys
ac_95d69f3f,0,a_a11ef8c8,Griffin House
ac_4e8ece67,0,a_23e031e7,The Pretty Things
ac_ca75054e,0,a_cc21f9c6,Cor Bolten
ac_196a5a58,0,a_362e042f,Carmine
ac_be433309,0,a_eb6b6201,Hans Appelqvist
ac_16729f10,0,a_8a8dded3,Clifford Brown
ac_31745ca8,0,a_5f16523d,Big Mountain
ac_85552807,0,a_f3723729,The Wireless Stores
ac_607cd00d,0,a_ece99230,TUPPERWAVE
ac_73d3c570,0,a_f2298e7f,Armin van Buuren
ac_73d3c570,1,a_6a957dc1,Racoon
ac_4122d850,0,a_05bebb1f,David Kitt
ac_cc2ae0f9,0,a_0e9dfdc3,Jerry Kimbrough
ac_51c70857,0,a_06cd4d40,Buddy Guy
ac_0a726018,0,a_e332594c,羅志祥
ac_8b3b87b4,0,a_84f7a428,Psi Com
ac_6580721c,0,a_d0d92715,Χρήστος Σαντικάι
ac_2c120072,0,a_96cd76ec,Marisela
ac_764c996e,0,a_f078f89f,Blank  Jones
ac_6852c0df,0,a_a1ce3892,Chris Barber
ac_f49a35a3,0,a_2ad27148,Jeremy Soule
ac_f49a35a3,1,a_2c57d36c,Julian Soule
ac_62c188f6,0,a_3ede46f2,Leon JeanMarie
ac_f6cc179a,0,a_67f07cd3,Vega Nova
ac_9ac6865e,0,a_7a29d476,SilverHawk
ac_d98fa675,0,a_3be57cac,Σταμάτης Σπανουδάκης
ac_851042bf,1,a_f9011115,Baker
ac_851042bf,0,a_5f087f4b,Erb
ac_851042bf,2,a_c47e903f,Zerang
ac_c3026ea3,0,a_65e86e59,Clock DVA
ac_69c46167,0,a_9672d22a,Honey White
ac_9d47cf65,0,a_b739a00d,奥井雅美
ac_21e5c5b9,0,a_16d6144a,The Emergency
ac_5e4588a7,0,a_727ad4ca,Guy Marchand
ac_72cbdeb6,0,a_941b7321,Khaled
ac_27c6ef98,0,a_04744e49,Correcto
ac_d65c057f,0,a_b683c3b1,BG The Prince of Rap
ac_d684f64a,0,a_96fafdfb,Salt Tank
ac_97586c9d,0,a_392933d4,Solomon Burke
ac_1ae8a8a1,0,a_a5f3e28d,Raison Varner
ac_c1abf313,0,a_be855f96,Mary Duff
ac_072fbdbd,0,a_4d492cab,Celso Fonseca
ac_bcf17039,0,a_5b87d23c,XVBARBAR
ac_80122a88,0,a_9afd05b7,Dario Baldan Bembo
ac_028af36e,0,a_731977f8,Abel Korzeniowski
ac_1ea7ae6d,0,a_ade225c3,Posession
ac_ceec773f,0,a_858124b2,Boy Big
ac_0e7361aa,0,a_3434276c,Paul Overstreet
ac_44f0f2e9,0,a_3105deb2,Die Fantastischen Vier
ac_281ce95e,0,a_00493a1a,Kemko
ac_71a047f7,0,a_22195b60,The Archipelago Singers
ac_f51870f1,0,a_b5a7cb4e,Television Overdose
ac_e645ce74,0,a_3ae654e4,神前暁
ac_09c5c737,0,a_be49881a,橋本彦士
ac_f116bef3,0,a_5e4adaba,Brian Baker
ac_0315976e,0,a_04e44f5f,Tears for the Dying
ac_3b5b988f,0,a_a4bbb51a,WHYDOLL
ac_161bdcb9,0,a_85ff74c3,Bad Haggis
ac_77db617b,0,a_f4d7d398,Elvis Presley
ac_e9777d4e,0,a_80b222da,Juan Carlos Quintero
ac_2cd18f26,0,a_92f8109f,Otis Grand
ac_9f1be467,0,a_569f9836,Zachary Allen
ac_ee3119b3,0,a_10c40843,Dimlite
ac_66283007,0,a_b3b49ed6,Madhattan Room
ac_48e1fea9,0,a_9f7e2506,Bob Dylan
ac_48e1fea9,1,a_2f8526ca,The Band
ac_10af9fd7,0,a_2c270418,Nice Nice
ac_ec1f6d77,0,a_40c92387,Georges Bizet
ac_6c7dd6b5,0,a_cf3dc51a,MISIA
ac_4cc40328,0,a_91d8891c,Ganaian
ac_a2986641,0,a_932d1bb4,The Chordettes
ac_bfac4eb3,0,a_54679cb4,Die Toten Hosen
ac_b39daf92,0,a_c7053a29,松尾早人
ac_333263a6,1,a_c36448bd,EREO
ac_333263a6,2,a_8fdd1d44,Rostislav Merkulov
ac_333263a6,0,a_24a2c6bb,Tõnis Mägi
ac_4cac65fc,0,a_f712038b,Bliss
ac_1f06378a,0,a_fca24777,Foreign Born
ac_41921216,0,a_354dfbc1,Lil Wayne
ac_41921216,1,a_7bef7dc1,Money
ac_41921216,2,a_3977a919,Swizz Beatz
ac_62a78624,0,a_74d41438,Ron Kenoly
ac_df9bfb06,0,a_d730b342,Sheldon Mirowitz
ac_2c40f1a7,0,a_55bdd0ef,DJ Acucrack
ac_ccb0c893,0,a_0aee26fd,Keith Porteous
ac_48c17ffa,0,a_7cf019e6,Eolika
ac_200c2b3d,0,a_14a434a8,Baby Animals
ac_1b264516,0,a_8f5d7dd2,Grimsley High School Gold Madrigal Singers
ac_20d5da19,0,a_4a2c0ed3,Tab Two
ac_9a1c3284,0,a_8b396b87,Rosario Giuliani Quartetto
ac_d0071905,0,a_83db4c83,Oldine
ac_c9697e5c,0,a_f33241bb,Dimension Zero
ac_639b91c3,0,a_eba89e75,The Ambrosian Singers
ac_7c3a4db2,0,a_e0a22623,Dean Collinson
ac_31bd9ef4,0,a_6da01faf,Fragile
ac_87e337a2,0,a_d35103f6,Save
ac_78076cd2,0,a_1c7919b1,Brisk  Vinylgroover
ac_7f743703,0,a_0a457256,Dillon
ac_76d7461d,0,a_6c31f90a,Joe Cocker
ac_f46ddff5,0,a_260629af,Roger Eno
ac_39d06573,0,a_a54ed298,John Williams
ac_aab4923b,0,a_f41f8964,Old North Festival Chorus
ac_9102c720,0,a_f4a3e229,Sakamoto Chika
ac_8ed22387,0,a_b3795a78,Eddie Turner
ac_6ceaefa3,0,a_03f7a6a9,Dead Can Dance
ac_93f88c77,0,a_041d7c69,Dusty Springfield
ac_d8983864,0,a_049bc0a6,Twisted Black
ac_094de5d8,0,a_0096548e,Sally Barker
ac_fd5a3392,0,a_3365fe57,Poncho Sanchez
ac_32b6888f,0,a_38890e1e,The Spotnicks
ac_ecf941b4,0,a_61978eca,坂本龍一
ac_0b1456e0,0,a_4ee11956,Björk
ac_39e0dd57,0,a_1abacc53,Reda Caire
ac_76b7e780,0,a_f19e3719,Marc Almond
ac_e9f77418,0,a_56ff26b6,The Last Poets
ac_22342a4a,0,a_a510e4f7,Silverdollar
ac_47220ed3,0,a_d638593c,Panther MIZONOKUCHI
ac_73f198e5,0,a_c3d8e003,Ария
ac_d0d65276,0,a_3eed1e2f,Aleem
ac_e81db2f2,0,a_036755c5,Leroy Jones
ac_86941760,0,a_e7ced2b6,Хуй забей
ac_87402cdf,0,a_dce7afc6,Guster
ac_8cc45c01,1,a_cb9ff592,WILLOW
ac_8cc45c01,2,a_8000d46f,Tyler Cole
ac_8cc45c01,0,a_7784677e,THE ANXIETY
ac_2fb27850,0,a_b49ea4c4,Patrick Sébastien
ac_a918d26b,0,a_231d9658,TSVI
ac_a918d26b,1,a_df3d4490,Loraine James
ac_69a6b120,3,a_7c90aa43,Spider Loc
ac_69a6b120,1,a_3ebcbc74,Lloyd Banks
ac_69a6b120,2,a_5c8bc6b5,Prodigy
ac_69a6b120,0,a_7d2d98fc,50 Cent
ac_69a6b120,4,a_f411c5e6,Mase
ac_cdea007e,0,a_5be971cb,Ratcat
ac_45ec3ce3,0,a_9ba102fd,INORAN
ac_93870a8d,0,a_391fba84,Emera
ac_4b11bdbd,0,a_227b6ed9,Timbalada
ac_5109b5b9,0,a_0089b935,Chronolux
ac_bd646a14,0,a_4ff305c6,Salem
ac_9c3bca49,0,a_6fd87808,Angels of Light
ac_0767d257,0,a_0e15736d,Pugs
ac_76fe4296,0,a_a2667768,Life Sex  Death
ac_236f89be,0,a_5bf93a41,Karasyozoku
ac_b421371e,0,a_793b1f7e,Héroes del Silencio
ac_83dbdacf,0,a_209e689f,浦飯幽助
ac_83dbdacf,1,a_05ec738a,桑原和真
ac_83dbdacf,3,a_7600ec06,飛影
ac_83dbdacf,2,a_85b9d26e,蔵馬
ac_83dbdacf,4,a_5be2e05c,雪村螢子
ac_83dbdacf,5,a_9c2f5a08,ぼたん
ac_83dbdacf,7,a_391da820,コエンマ
ac_83dbdacf,6,a_c5e8c9d6,雪菜
ac_5ab6bee9,0,a_150736f1,Jus de Bocse
ac_082b76a0,0,a_1b78fd75,跳房子
ac_e1489f44,0,a_0fea7706,Inepsy
ac_23202758,0,a_7694a44c,James Ray  The Longfolk
ac_3d1b7971,0,a_e52de663,Magnus Lindberg
ac_ab0af497,0,a_30df7114,Signal Hill
ac_b503fb5a,0,a_e128f77f,Spyweirdos
ac_bde7076c,0,a_506b50b7,The Very Sexuals
ac_6a8d4178,0,a_d8b14f11,Leger des Heils
ac_c892525c,0,a_b2ade14d,Vexillum
ac_ed97c889,0,a_fbe8a4ac,Disorder
ac_5477054a,0,a_1c1dd32b,Ленинград
ac_71be4db8,0,a_cfd3e257,Morning Haze
ac_117f1684,0,a_8a76ae4d,Fred Hammond
ac_a01f6fb8,0,a_ea5f89f3,Steven Halpern
ac_b27d6009,0,a_5cc15a92,Smokey Robinson  The Miracles
ac_3832e28e,0,a_39245267,Kobranocka
ac_429e8b96,0,a_62a1c2bb,Banetoriko
ac_525e6320,0,a_31bb4419,Arthur Brown
ac_61a606cd,0,a_0f562a25,Das Niveau singt
ac_bc9ea6eb,0,a_2fd0ee2d,Mills Embargo
ac_dab7e536,0,a_04c745d8,Cobee
ac_0b0f5d07,0,a_4672ac7f,Vanilla Chainsaws
ac_414c1ffa,0,a_6b8a86e3,DAN
ac_b9c9aaa9,0,a_375be672,Fredi
ac_2767f41e,0,a_c79325f3,Commander Tom
ac_fff879d8,0,a_ced57fec,Flathead Seven
ac_790d821c,0,a_b3849e41,MOTO
ac_4e4145e6,0,a_d4e2cadf,Jet
ac_4af6edb4,0,a_bf1ef186,The Kid Stuff Repertory Company
ac_e6c9a163,0,a_b08e9bf4,Operation Ivy
ac_16656df1,0,a_6a2c5796,Pete Seeger
ac_0455c833,0,a_8d254441,Boc Scadet
ac_79b6b969,0,a_ce96635d,ADX
ac_ca4427ef,1,a_996bfa4f,Frauenarzt
ac_ca4427ef,0,a_93aaeb89,Mr Long
ac_81e35d76,0,a_103790c7,Jagar Tharn
ac_09fea38c,0,a_ac7a842b,Hadiqa Kiani
ac_91f548a6,0,a_c87b2e4d,Matlubeh
ac_31982b9a,0,a_b135a13e,Peter Principle
ac_44fd786b,0,a_096a5d3a,Rilo Kiley
ac_0232671e,0,a_770351a8,Madog
ac_2ac0952f,0,a_bc7898f5,Último Gobierno
ac_5982206f,1,a_95738cb1,John Giuffrida
ac_5982206f,2,a_49a5dbdc,Wayne Wright
ac_5982206f,0,a_5188c624,The Ruby Braff George Barnes Quartet
ac_f21ae1d6,0,a_cb7570c8,Dionne Warwick
ac_cf0681fe,0,a_501c9b71,Mark OConnor
ac_2e73b47e,0,a_2e4b960f,Clinton Shorter
ac_56bced19,0,a_94370142,Atlas
ac_149cea15,0,a_1d88a0a9,Джем
ac_9733a1be,0,a_9f030cff,Jane Monheit
ac_f20e8bc5,0,a_52582603,The Gordons
ac_4af7b99d,0,a_dbf40357,Chewy Marble
ac_86c91d20,0,a_71f549a7,Mason Williams
ac_14bc735f,0,a_9c2b2bf2,Alborosie
ac_d923c301,0,a_a5fce6b4,Elliott Smith
ac_3177d302,0,a_e459ff80,Gacharic Spin
ac_84b839c7,0,a_2768b28a,Pierre Rapsat
ac_321de8f5,1,a_e97cfb45,London Symphony Orchestra
ac_321de8f5,0,a_70252d5d,Ella Fitzgerald
ac_f98b769b,0,a_3175f7da,La Inestable
ac_bb27c1e0,0,a_1b6ed864,Fin Alfred Larsen
ac_427cc8f0,0,a_53cece58,Duoteque
ac_bf0a3c61,0,a_c0e028b7,Prinz Porno
ac_bf0a3c61,1,a_0737d42a,Kobra
ac_f4a7945d,0,a_219cd61d,Zdeněk Zdeněk
ac_0049e4c9,0,a_e9f86de5,White Noise
ac_c68f27b4,0,a_39244bb1,Nach Scratch
ac_8fe5a79f,0,a_a458f4f1,This Awakening
ac_8f658e36,0,a_eae42a41,Purcell
ac_eb728449,0,a_952a401b,Smadj
ac_3378cbdc,0,a_386234c9,The Ozark Alliance
ac_bcbcfdb1,0,a_5b2ffe9b,Richard Hallebeek  Antti Kotikoski
ac_e6f8ee16,0,a_22c8013c,Yves Desrosiers
ac_08307252,0,a_5c783287,Slàinte Mhath
ac_a7046cdd,0,a_963e0d69,Big Ray
ac_a74188a5,0,a_c73c24a7,Visitors
ac_3313548a,0,a_03ae5ed7,Roberto Silva
ac_d9b11411,0,a_4479c9ca,Hanya Yanagihara
ac_d9b11411,1,a_bcb41a4b,Oliver Wyman
ac_c6ebd422,0,a_f6d44cde,Johann Kuhnau
ac_02126932,0,a_5fa4e202,Yıldız Tilbe
ac_8ff18de3,0,a_bec6eb8a,Janno Gibbs
ac_b99b3784,0,a_9306f346,Da Vincis Notebook
ac_cd0f7dbf,0,a_435aa9b2,Within Temptation
ac_ba56213c,0,a_6cd2d1b0,Aerosmith
ac_f466071f,0,a_cdb170ef,Sevendust
ac_249966a5,0,a_1d2b7f4e,Pieter K
ac_a64a4c74,0,a_9418ca2c,Inigo Kennedy
ac_c9ee8711,0,a_72310f9c,Jannes
ac_7b906ebe,0,a_0d370e5d,Larry Rhodes
ac_3d37e9db,0,a_063e18da,The California Aggie Marching Banduh
ac_d05bc0da,0,a_48e2e21f,Bernard Herrmann
ac_0ec208a9,0,a_5d20b3cb,Superuva
ac_1b09fc38,0,a_c3f5f730,Earth and Fire
ac_15e1d229,0,a_0ff6cbdf,Buzz Fuzz
ac_5db86bcb,0,a_3a18cb6a,Chainreactor
ac_5a70637d,0,a_71f24a59,The Mission
ac_13b06e71,0,a_09d444b2,Subject to Change
ac_6f0adb0b,0,a_5b735911,Reparata  The Delrons
ac_5f0ee50a,0,a_63812e54,Phil Woods  The Festival Orchestra
ac_ab08b9e7,0,a_67c09a03,Sanjay Mishra
ac_9693cac8,0,a_89555cb9,Teresa Cristina e Grupo Semente
ac_47d6320a,0,a_fe5c8f4b,Manhattan Strings
ac_2cfff270,0,a_288f46b2,Orphaned Land
ac_adfee0e1,0,a_5a742341,Steve Tilston
ac_f7c238b7,0,a_e071ca37,Veer Chasm
ac_4514a41a,0,a_15370384,Chaos Royale
ac_8b3320ad,1,a_eeffe454,Anla Courtis
ac_8b3320ad,0,a_8aecabfc,Kawabata Makoto
ac_42c1a473,0,a_ca54c65a,Autechre
ac_bc63d1e0,0,a_ccdf045f,Django Reinhardt
ac_20896873,0,a_5e150907,Lieven Tavernier
ac_03ce2c1c,0,a_9193ebbf,Nevermore
ac_0ac243e8,0,a_f86b8aa2,Chris Egan
ac_4849474d,0,a_bf71bf81,Kevin Hewick
ac_531a2c38,0,a_1de5900d,Scattered Order
ac_9cded999,0,a_bd3ee4bd,Ich  Ich
ac_3c4c17d3,0,a_b9281262,Five Blind Boys Of Alabama
ac_9946752a,0,a_d80dd795,Rolf Zuckowski
ac_dd5a67a2,0,a_e507f136,KnockDiesel
ac_b4e7d1e7,0,a_6d2544d4,Newham Generals
ac_b5cff3e7,0,a_153f40ca,JAM Project
ac_d04753e5,0,a_86991e7e,Epik High
ac_37f2b515,0,a_5b625837,Corona
ac_91a2cd1d,0,a_41c5f2f7,Steve Hackett
ac_acd2f873,0,a_198b5511,John Clifford White
ac_8413098e,0,a_a9c3fbd1,Mike Candys
ac_c7f93530,0,a_09fae129,Bonfire Madigan
ac_1fbd362d,0,a_6c0ce056,The Hawkins
ac_5c1b9a4b,0,a_d596d75c,Luc de Larochellière
ac_c04f8efa,0,a_fc10a45d,SBK
ac_114c0b1f,0,a_6fa35d56,Malevolent Creation
ac_afbe02c4,0,a_feb113e5,Koji Kondo
ac_70a23262,0,a_40c09875,Katherines Favorites
ac_37c655c0,0,a_be634f5a,Peter Sijbenga
ac_d2375cde,0,a_d1f3882d,Tereza Tarouca
ac_04abb707,0,a_2317c869,Marianne  Michael
ac_f729b012,0,a_72c82082,Nattefrost
ac_4126a5cf,1,a_7f580f83,Bill Bruford
ac_4126a5cf,0,a_cc3cf780,Patrick Moraz
ac_615b59c4,0,a_b1f214f0,Contramarca
ac_78d45c37,0,a_a4c45f18,Andy Joslin
ac_b3f36646,0,a_0cb23f68,Gloria Estefan
ac_eaa1cc1d,0,a_465a715e,Whirlpool Productions
ac_1d9d5cd7,0,a_fab05817,Dark Lotus
ac_f74b5b4c,0,a_5cfb832d,Victims Family
ac_d70cfb4e,0,a_e04a8e83,Simon Chamberlain
ac_d2f8570d,0,a_e8cdd29d,Meredith dAmbrosio
ac_3046e286,0,a_c517e380,Spear of Destiny
ac_7ff13651,0,a_a04df4d6,Norah Jones
ac_04c1ebd0,0,a_08e9e6f0,Dark Tribe
ac_3496439e,0,a_3eae5a48,Nevertheless
ac_23410bce,0,a_c63c70d8,Fireside
ac_1f13edfb,0,a_58c63fb5,Eddy Kaiser
ac_229ca3f3,0,a_02805274,Black Bottle Riot
ac_a8c23896,0,a_a96a817d,Filipe Catto
ac_626a5ed2,0,a_f70a51f2,Charlie Christian
ac_f41e8c62,0,a_f0f43d67,Kelly Marie
ac_e3b08822,0,a_28859a6f,Alexander Klaws
ac_f5d83841,0,a_b466c9c5,The Bakers
ac_9f5ed967,0,a_23229c60,Glen Gray  His Orchestra
ac_1a05b5f3,0,a_28c362e3,Monster Mike Welsh
ac_9b0a79af,1,a_5a6496b7,Ferdl
ac_9b0a79af,0,a_7f407589,Harry Gump
ac_d51c1e37,0,a_eb5cfad0,Art Pepper
ac_49524e64,0,a_fd53b2a3,Benestrophe
ac_20083b91,0,a_003bc831,Giant Claw
ac_634cf469,0,a_23ce070d,Champion
ac_c76ff2ce,0,a_ccf56466,Manuela
ac_996d5580,0,a_cd463c36,The Masterplan
ac_3d7fe952,0,a_641f807b,Malahora
ac_a0cf4b98,0,a_f46ce86a,Driver Drive Faster
ac_29542fce,0,a_0a5a4626,De Romeos
ac_90c0e671,0,a_596a321c,Sandy Dillon
ac_2c7000dc,0,a_a2467a80,BIX
ac_e1c606ce,0,a_8c5482c1,Sunn O
ac_ac5564d4,0,a_fb14a604,Chevelle
ac_bd538e8b,0,a_cb561b03,Harp 46
ac_ee227dca,0,a_3e66e1fd,Fernando Villalona
ac_71091e1f,0,a_826b71ed,Partia
ac_3b1a5f8a,0,a_946b4f25,California Guitar Trio
ac_243ff24e,0,a_36feafed,Kraftwerk
ac_73e1e3f4,0,a_e1733f37,Emrah
ac_48d4ff08,0,a_f05dbe32,RADWIMPS
ac_476b2f18,0,a_1e8a76ca,Lester Young
ac_0991d2a4,0,a_e6c5fbc8,Madonna Over Yorkshire
ac_73318a17,0,a_f050343c,Steppenwolf
ac_21b38c7a,0,a_135e1c1f,90BOYSHAWN
ac_b1a9fc94,0,a_30a6b217,Feel
ac_9a6a4b4b,0,a_6df14bb5,afrodynamix
ac_25e3374c,0,a_1f6d6393,Catherine Sauvage
ac_91eadf61,0,a_6c46e919,Etnica
ac_1cb3d221,0,a_afca053f,Tequilajazzz
ac_841753c1,0,a_feffa9f7,Grant Hart
ac_a7721a36,0,a_354dfbc1,Lil Wayne
ac_a7721a36,1,a_8e13043e,Mannie Fresh
ac_053ba589,0,a_a3beeffc,Charlie Parker
ac_b7d2fc4a,0,a_22e591c9,Les Forbans
ac_fe0438e8,0,a_a4dbb4ad,The Pirates
ac_fdd194ec,0,a_951a9b47,The Arrivals
ac_e37c310b,0,a_1253c4cb,Apostle of Hustle
ac_2319b0ba,0,a_9c377619,Louis Armstrong
ac_c03f5134,0,a_1d2a1ceb,Haus Arafna
ac_d1ebba65,0,a_eafef497,Sexsonica
ac_04e994ac,0,a_4d98d684,Contra
ac_1d88a442,0,a_1a43d784,Durrty Goodz
ac_45743626,0,a_b0e28dac,Raul de Souza
ac_fe993618,0,a_1cdd06a9,Circulus in Taberna
ac_3df7e3ef,0,a_b3dcedca,Canoofle
ac_ad66fd40,0,a_04771c70,Attention
ac_94fbacd8,0,a_6034c5c7,Joy Williams
ac_9f440b62,0,a_eb04ef02,Мираж
ac_fd989fd1,0,a_e57d33f2,Jody Watley
ac_a64093c2,0,a_e714a42f,Rinôçérôse
ac_3a835b1c,0,a_076602fc,SNMNMNM
ac_26d1544a,0,a_0f2ff7b5,Dollar
ac_3dc95c46,0,a_168242cc,Della Bosiers
ac_610f13f8,0,a_eec18c12,Epsylon
ac_77eaeae3,0,a_f042230c,The Tilted Head of Compassion
ac_587299a5,0,a_dfccb059,Jud Caswell
ac_209b60b7,0,a_3320a65d,ETO
ac_5def2168,0,a_2c4bfcd2,Little Bushman
ac_84133079,0,a_c921ef02,Дмитрий Ревякин
ac_ad57022a,0,a_3413c10b,Another Race
ac_6a71b51c,0,a_e363921a,Sharks Keep Moving
ac_dbda47cd,0,a_026dcae4,Joe Cuba Sextet
ac_6023c1ec,0,a_380380fc,Enzo Carella
ac_36f5984a,0,a_6eb91a03,Tante Leen
ac_17a8f6c8,0,a_366349e6,Émilie Simon
ac_e85bacb3,0,a_23db0746,Someone Still Loves You Boris Yeltsin
ac_c46bf326,0,a_6e98895c,Anthrax
ac_1e877919,0,a_5c29ce08,The Association
ac_e8c41846,0,a_f23b05eb,Kongehuset
ac_9f42a36c,0,a_3deec2be,Baruka
ac_81e2006f,0,a_d16b14c6,Matt Hill
ac_49773e07,0,a_a8a30d5f,The Ascent of Everest
ac_380bdfbd,0,a_9d0f4fe7,De La Soul
ac_24c76f15,1,a_c7471a28,Zach Lemmon
ac_24c76f15,0,a_a41a6477,Alexander Rudd
ac_056d93cd,0,a_8b2e4a85,Stormtraxx
ac_5d425d65,0,a_208add95,Arno Schmidt
ac_8d1263ab,0,a_d919a180,Wolverines Big Band
ac_8f45deff,0,a_350af35e,Nemo
ac_d80a8267,0,a_0365e98a,Saya
ac_2e106bc5,0,a_1ef4a4d1,Fabe
ac_3cb46754,0,a_efe9206d,Space Safari
ac_e9d5291c,0,a_9e4b7d8c,Adna
ac_1e581447,0,a_62e30f91,Richard M Sherman
ac_1e581447,1,a_c89dfcc7,Robert B Sherman
ac_f1aba6ba,0,a_537b9b42,Rei Harakami
ac_d3b1eedc,0,a_9f209d76,Goldie Lookin Chain
ac_6dd5868f,0,a_8f282ace,Kevin Coyne
ac_a12814f9,0,a_608da016,Bazar
ac_bad51142,0,a_dc67d606,Chris Seefried
ac_71076848,0,a_46f5c3d0,Convoj
ac_34e30527,0,a_478a9bbf,Dropping Daylight
ac_8bbc38ab,0,a_5efd2d9f,The Fake Fictions
ac_886585af,0,a_85f06b90,Racer X
ac_8af17772,0,a_7078e2a0,Nits
ac_b2cb0889,0,a_76a2ff30,Jimmy Jim
ac_73f41315,0,a_4bc1c99a,Pavilhão 9
ac_46f2c937,0,a_29ba04e2,Juha Tapio
ac_e4af6d49,0,a_d219204c,Christopher James Thomas
ac_e4af6d49,1,a_4ffeb298,Jesse Rhodes
ac_398de1c3,0,a_30ead27b,Brinsley Schwarz
ac_362829ee,0,a_f2410b64,John Coltrane
ac_50ae245d,0,a_05e28c3b,Exited
ac_d0fb5d7d,0,a_cf309dc3,Jon Hansson
ac_76f44c21,0,a_0135f805,The Dining Rooms
ac_38573122,0,a_3f964c94,Flesh Intoxication
ac_549ee2ab,0,a_daa5c351,Scissorfight
ac_17234561,0,a_f2b489b8,The Playtones
ac_10afe79e,0,a_da8e575d,Palancar
ac_0f164fd7,0,a_eddf5a14,Al Jolson
ac_66e72292,0,a_9aff3135,Jenny Morris
ac_342dfce4,0,a_bdc818ab,Julian Sandell
ac_342dfce4,1,a_3cee5f9f,Guy McAffer
ac_95c61b3b,0,a_456bbe02,The Move
ac_8b413829,0,a_53cb4407,Mike Barnard
ac_491a7b0f,0,a_16ebf9bb,The OSU Mens Glee Club
ac_29cccdef,0,a_cf657ab9,Star Tattooed
ac_29cccdef,1,a_27cd972c,AVA
ac_c9b5e5b3,0,a_401aedfa,Larry Elgart  His Manhattan Swing Orchestra
ac_f4809308,0,a_be3eda00,The Perceptionists
ac_ce082f9f,0,a_5e990bfe,横山菁児
ac_fa8b2bb0,0,a_14622eed,Lady Miss Bunny
ac_05d1ce70,0,a_5831fb1a,Lars Winnerbäck
ac_05d1ce70,1,a_a41ac2b5,Hovet
ac_4f6ddbeb,0,a_6a35a8fa,Rufus Zuphall
ac_11854091,0,a_91997a8d,Javier Solís
ac_960b6a50,0,a_45cc59ac,Quirk
ac_9c82c563,0,a_fb893b9e,Chris Blackwell
ac_4b308b94,0,a_c49cf83f,Georges Delerue
ac_acba64b4,0,a_a380f59e,Simon Benson
ac_acba64b4,1,a_74786f33,Michael Tauben
ac_d0657439,0,a_d6fca440,Andrew Kingslow
ac_a0ef7852,0,a_28c1a789,Joanna Stingray
ac_b21081e1,0,a_61c2c5f3,Lackluster
ac_34dbc2b1,0,a_e1db606b,Giant Sand
ac_5f82564f,0,a_463e442f,寺嶋民哉
ac_f5ef31f0,0,a_36448f47,Nusrat Fateh Ali Khan
ac_8616ff1d,0,a_cd71d130,Riverdogs
ac_0cf7f7b5,0,a_389cef73,Kai Reuter
ac_0cf7f7b5,1,a_6cc0b6a8,Joerg Putzig
ac_6d837efa,0,a_c3e46057,Barbara Hendricks
ac_14459fae,0,a_775de9f7,Bosque
ac_9ed6094a,0,a_5c72ee62,Times Square Church
ac_e75cf729,0,a_fe98ceef,Glenn Crytzers Savoy Seven
ac_c763d589,0,a_1f5e7d6a,IntraxVenom Entertainment
ac_c35c8c5b,0,a_839f39b7,Luna
ac_0161ed03,0,a_6fdd7395,Revis
ac_a7841641,0,a_c18be625,The Coke Dares
ac_9012c268,0,a_f57962ba,Osoch
ac_8d9c099d,0,a_b27af517,Urban Dance Squad
ac_f9a443e5,0,a_9304b779,Nodes of Ranvier
ac_c5de6129,0,a_3ba00523,Fernando Noronha  Black Soul
ac_e5a21fcb,0,a_e43f7c74,Traindodge
ac_90908891,0,a_1da297b4,Lita Roza
ac_64622f5c,0,a_d423f8f3,Mötley Crüe
ac_37f5bb4d,0,a_e24048e7,Linard Bardill
ac_ab6fcb54,0,a_8fc3918d,Ashentide
ac_bec1d4a4,0,a_fc65a004,Soffull
ac_5c79656b,0,a_3f00e045,Grupo Marina Perla
ac_75823199,0,a_41984aac,Die Froschkönige
ac_26a11a21,0,a_70ee3c16,Michael McArthur
ac_60652d1e,0,a_d81dd9bf,Rosannas Raiders
ac_2e69e9e8,0,a_14ddf6f7,Chris Smither
ac_186f80b2,0,a_97fd4457,Another Green World
ac_90f2ee86,0,a_391ba72f,Marcia Hines
ac_41a7888a,0,a_e4851b5c,Kategorie C
ac_719f6dfe,0,a_0c5c0e37,Don Huonot
ac_070f1e11,0,a_20e24c71,Alanis Morissette
ac_2b514577,0,a_061a27ef,Dead Vampires
ac_7896537a,0,a_c610f589,Thunder
ac_705a5042,0,a_0a1c8890,Fatali
ac_c3a05370,0,a_a3db4a5c,鷺巣詩郎
ac_1bdd3d0b,0,a_6cb64550,The Rhombus
ac_6b2ebd2b,0,a_b462840e,Johnny Mercer
ac_cf30c07d,0,a_73e50d48,Stephen Lynch
ac_a0923458,0,a_d254bff7,Doc Powell
ac_a3064fee,0,a_36311b02,Bud Powell
ac_6e150636,0,a_79507a6c,Chunky Nelson
ac_0db5a9d0,0,a_15da47bc,Rename
ac_d53132ac,0,a_c6ec8ce9,Black Bear
ac_1ecce3f2,0,a_c14a99fa,Asking Abby
ac_ea36d89a,1,a_84b6fd7e,The Stunned Guys
ac_ea36d89a,0,a_f6ef43b6,Neophyte
ac_30ec8dc9,0,a_01efb5d4,Vir Unis
ac_81507192,0,a_d60a096a,Tears of Martyr
ac_dad2389b,0,a_b2d8b014,Nükhet Duru
ac_6bbd281c,0,a_c2cfe8d7,Coma Club
ac_eb3ed5ba,0,a_d410aaaf,NǽnøĉÿbbŒrğ VbëřřĦōlökäävsŦ
ac_fed56251,0,a_329efc5e,Andy Hopkins
ac_2cabb38c,0,a_607b73b4,Song of Zarathustra
ac_20a5fdf0,0,a_972f79c4,Alvin Lee
ac_b9778e45,0,a_9a447c94,Tintenwolf
ac_7ea4f862,0,a_97bb2751,SNFU
ac_5825b5bc,0,a_10b4af9d,Elizabeth Gaver
ac_6e63268c,0,a_d3917771,Ross Hardy
ac_5a0e3507,0,a_3976ffd4,Vanity Beach
ac_bb131286,0,a_3e955828,Heather Myles
ac_ad31783f,0,a_6bc15c4d,Premiata Forneria Marconi
ac_9ea8a443,0,a_8e82f926,C‐Bo
ac_77e8fc13,0,a_70e3244e,Supabond
ac_591c25b8,0,a_cb385081,The Trypes
ac_103c392c,0,a_bba9b99b,高田雅史
ac_2f29d1f5,0,a_a96f7a28,Luciferi Excelsi
ac_35cfc2ef,1,a_8e29f9e3,Carla Marie
ac_35cfc2ef,0,a_d753c831,Jaimeson
ac_24bd180c,0,a_2739a472,Rocketsmiths
ac_9569091f,0,a_d8aad24c,David Wiffen
ac_35996ff9,0,a_294d712d,Rolf Wikström
ac_dbadb014,0,a_01976012,GaMetal
ac_39e6e246,0,a_7377a87e,Linda Lewis
ac_d0c95a1f,0,a_40fa2412,Jérémie Kisling
ac_25aa279d,0,a_98b46abb,Pepe Deluxé
ac_ff603801,0,a_8cc13f82,Man Parrish
ac_e6fc8dca,0,a_919213f2,Hästpojken
ac_2bf5b318,0,a_31e9e312,HateSphere
ac_be83b68d,0,a_96782e14,Douglas J Cohen
ac_6daec76d,0,a_7cf81351,Madeline
ac_01a88e57,0,a_b4fb85be,De Lyckliga Kompisarna
ac_c3c98c7d,0,a_b532831a,Moonflowers
ac_9ecefe36,0,a_2f9358e3,Supercharger
ac_ddab22ff,0,a_7e0399d1,Ad Frank
ac_7b7bfbdc,0,a_e2875f55,MERRY
ac_f01b9c60,0,a_03c8b89a,The Ethel Mertz Experience
ac_2d47abef,0,a_affef9a3,Tale of Voices
ac_25e1de2b,0,a_3c1d4096,Pachamama Crew
ac_625aeba5,0,a_59b83dc4,Emile Barnes
ac_7273fedf,0,a_6c69c80b,Godspeed You Black Emperor
ac_1b7a4488,0,a_c5b9942e,Dziuks Küche
ac_ba6ffd7c,0,a_35a8065a,The Zone
ac_741335d1,0,a_1bb87554,Lisa Nilsson
ac_3ef184f3,0,a_e381b997,梶浦由記
ac_a80670ea,0,a_79413549,Rita Reys
ac_6bf24b2a,0,a_dcef6430,Jetty Rae
ac_662e12da,0,a_e7a301e6,The Singers Unlimited
ac_34bc0c8d,0,a_db852a66,Tait
ac_346b6c0e,0,a_486f9d77,鈴木雅之
ac_c9495b73,0,a_3403fd0b,Las Hermanas Faez
ac_69a7aad3,0,a_bc7a415e,Johnny Griffin
ac_486e32e2,0,a_77b4df17,Lamiel
ac_64361360,0,a_f3ec36fe,Bill Harley
ac_a55a8208,0,a_286928d1,DalDilVog
ac_a67bcff5,0,a_83e2e448,Brad Yoder
ac_8bbcea6f,0,a_8de2f338,The Ancient Doom
ac_b6213ca2,0,a_d4ae5b5e,AntiNowhere League
ac_74808046,0,a_45e86221,Charley Pride
ac_77a93ea5,0,a_3a8812a5,The Stupids
ac_3503eb9a,0,a_cb5a18f4,Tony Sly
ac_cc7942f7,0,a_fc389d62,Tzant
ac_7959a0f2,0,a_3754f9c0,Gezoleen
ac_8a8054e0,0,a_77b3561c,Bob Evans
ac_f17211a9,0,a_f6dffa3b,Julia A Noack
ac_6ba5f1fd,0,a_b997530a,Star of Ash
ac_334545bf,0,a_969b0661,Las Estrallas Cobo
ac_0690ceaf,0,a_972199a9,Distinct Nature
ac_cfdfc9a6,0,a_b221ab21,Mariachi Peñatitlan
ac_4a977bae,0,a_60f919e7,Shh This Is a Library
ac_4b81a83f,0,a_2a9439d8,Nitzer Ebb
ac_3696f809,0,a_dce2523a,Sam Tsui
ac_80d10198,0,a_4d78a23f,Hoodoo Gurus
ac_90f54134,0,a_93417211,Chris Standring
ac_90f54134,1,a_feb56a35,Kathrin Shorr
ac_1c374825,0,a_a7446d09,High Tone Son of a Bitch
ac_293beff7,0,a_4c03b51f,Trudy and the Romance
ac_4cbd644e,0,a_bc98ee0a,Emmanuel Moire
ac_b507252b,0,a_439fc1e7,T‐Bone Walker
ac_927bf84c,0,a_694d179b,Mike Mainieri
ac_8d113e16,0,a_0413347a,Friedhelm Flamme
ac_7ac941f7,0,a_cda2b7f3,Alexey Volkov
ac_7ac941f7,2,a_fdd79fcd,Mark Gorenstein
ac_7ac941f7,1,a_78471235,Orchestra New Russia
ac_b63df5b5,0,a_51a7e0f4,Vadim Gluzman
ac_b63df5b5,1,a_c2787d3c,Angela Yoffe
ac_040ea3bc,0,a_24086649,孫燕姿
ac_6eaadbc9,0,a_fff5c2b0,Joseph Cornwell
ac_6eaadbc9,2,a_ab1abe6d,Andrew Parrott
ac_6eaadbc9,1,a_a3dab015,Taverner Choir  Players
ac_062b6797,1,a_31a3cc04,Musical Youth
ac_062b6797,0,a_3c22f14b,Donna Summer
ac_e241921f,0,a_38704fdb,Kid Abelha
ac_387b464c,0,a_98468b6f,Ex Cathedra
ac_387b464c,1,a_e72aa2b9,Jeffrey Skidmore
ac_56f8b610,1,a_c220f3ae,Katia  Marielle Labèque
ac_56f8b610,0,a_c3e46057,Barbara Hendricks
ac_96581834,0,a_63dc2782,Philharmonia Orchestra
ac_96581834,1,a_5efe5f7f,Sir William Walton
ac_1911026a,0,a_af2d19de,Scott Ross
ac_366f07fc,1,a_c245e15f,DJ Supreme
ac_366f07fc,0,a_0eaa5eb7,Porn Kings
ac_a355efa0,2,a_722bd10c,Albek Duo
ac_a355efa0,0,a_bdba3c63,RTÉ National Symphony Orchestra
ac_a355efa0,1,a_2e4e3033,Paul Phillips
ac_eef6e496,0,a_385644ac,Ensemble DENEB
ac_695883e8,0,a_5e8d4fc7,Bobby Blue Bland
ac_bb4dcf06,1,a_dee7432f,Michael Gungor
ac_bb4dcf06,0,a_f7a7645a,Jars of Clay
ac_5b1edb6e,2,a_dca199d9,Nikolaus Harnoncourt
ac_5b1edb6e,0,a_6ee8e3c2,Rachel Yakar
ac_5b1edb6e,1,a_fab4e1a8,Mozartorchester des Opernhauses Zürich
ac_fab186a5,0,a_73a721f4,Samson François
ac_ba03d8b9,0,a_bbc45713,Yves Nat
ac_08d987c7,0,a_4ea4f3a6,Duke Ellington
ac_a177b0f6,0,a_aa472db3,今堀恒雄
ac_e6a2af12,2,a_2545b852,Peter Holman
ac_e6a2af12,0,a_2b875856,Red Byrd
ac_e6a2af12,1,a_59dd96ee,The Parley of Instruments
ac_bc9ba4f9,0,a_85b5b13f,Austin Moon
ac_c7142866,1,a_b9dc17bf,Anthony Goldstone
ac_c7142866,0,a_90b0f959,Cummings String Trio
ac_949a9d58,0,a_f94a7bb1,Maria Callas
ac_64105e4b,0,a_5cdc714e,Kevin J Colver
ac_64105e4b,2,a_efe0bb11,Lillian Stokes
ac_64105e4b,1,a_7c98e0d5,Donald
ac_2b717264,0,a_e0ff2e11,Dimitri Kitayenko
ac_f48a99ab,1,a_250d87b6,Sir Charles Mackerras
ac_f48a99ab,0,a_71625e66,Prague Symphony Orchestra
ac_f21334fb,0,a_14529585,Ton Koopman
ac_d52b738e,1,a_5ee9c5fd,Anthony Rolfe Johnson
ac_d52b738e,0,a_9a071166,Arleen Augér
ac_d52b738e,3,a_595f870d,Mozarteum Orchester Salzburg
ac_d52b738e,4,a_72626765,Leopold Hager
ac_d52b738e,2,a_fb4e9344,Cornelia Wulkopf
ac_e40405f2,2,a_74557779,Václav Neumann
ac_e40405f2,1,a_145b071f,Česká filharmonie
ac_e40405f2,0,a_8a45e8f7,Angelica May
ac_c4ad429d,0,a_90ec634d,Michael B Tretow
ac_9d6b10c3,0,a_2ec5a38e,Pittsburgh Symphony Orchestra
ac_9d6b10c3,1,a_79419c4a,Lorin Maazel
ac_1c4d6ffe,1,a_30199512,O Sambalanco Trio
ac_1c4d6ffe,0,a_cdc9ff92,Lennie Dale
ac_4827a833,0,a_6d4b7cff,Adam Harasiewicz
ac_d0b99913,0,a_f4c2544c,Diogenes Quartett
ac_83d30039,1,a_5725768a,Janos Solyom
ac_83d30039,0,a_28c1783d,Birgit Nilsson
ac_1666e86e,0,a_13c21eb0,Reyli
ac_1666e86e,1,a_f8d29860,Armando Manzanero
ac_3a43d6ff,0,a_a7477d15,岩代太郎
ac_bef06611,0,a_c25962cb,Alexander Armstrong
ac_bef06611,1,a_8a1d610a,Orchestra of the Swan
ac_bef06611,2,a_9a5c891b,Tom Hammond
ac_303a3ca9,0,a_5bf004b1,Jouni Somero
ac_c2ecf6f0,0,a_f057ac5b,Gregor Popovic
ac_c2ecf6f0,2,a_f6d48598,Jean Toulier
ac_c2ecf6f0,1,a_a1fd3063,Nürnberger Symphoniker
ac_2b01cb01,0,a_660b15a6,The Sixteen
ac_2b01cb01,1,a_352daf87,Harry Christophers
ac_adb1025a,1,a_55640cb7,Academy of St Martin in the Fields
ac_adb1025a,0,a_20eb8143,Agnes Baltsa
ac_adb1025a,2,a_8e345d40,Neville Marriner
ac_f751a4fc,0,a_c1618873,Catherine Latzarus
ac_30032418,1,a_55997ff8,Libor Pešek
ac_30032418,0,a_12eb2070,BBC Philharmonic
ac_1353585b,0,a_cadf72ad,Alpha Blondy
ac_1353585b,1,a_23eadca0,The Wailers
ac_af7ba7dc,0,a_08656834,Kodály Quartet
ac_e01131d5,1,a_26b5035d,Édouard Lindenberg
ac_e01131d5,0,a_484905be,Nordwestdeutsche Philharmonie
ac_f0f63dbf,1,a_3539fd4a,Juri Nakashima
ac_f0f63dbf,0,a_5ce02c3e,The Bilinda Butchers
ac_25ec9d2f,0,a_df9a7713,Desford Colliery Band
ac_455ab836,1,a_f991d1ce,Hans Swarowsky
ac_455ab836,0,a_71625e66,Grosses Symphonieorchester
ac_b9d28381,0,a_a8ea8fc4,Ellen Dijkhuizen
ac_b9d28381,3,a_594298a2,Kees Wieringa
ac_b9d28381,2,a_423c1996,Fred Oldenburg
ac_b9d28381,1,a_202dea05,Polo de Haas
ac_3139a33d,0,a_23fa9e1e,Phantasm
ac_6bb7526a,0,a_3a758c7c,Leslie Howard
ac_2de0c850,1,a_2393cd21,Kosti Vehanen
ac_2de0c850,0,a_acb1a0c8,Marian Anderson
ac_efc4a1af,0,a_01035c19,アリス九號
ac_5693976f,0,a_bf8a569b,Orpheus Chamber Orchestra
ac_21cadcac,0,a_a384f697,산울림
ac_a59395c0,0,a_855ad2c5,谭盾
ac_7c087a10,2,a_7297dd7f,Concentus Musicus Wien
ac_7c087a10,3,a_dca199d9,Nikolaus Harnoncourt
ac_7c087a10,1,a_e2de4b6e,Rotraud Hansmann
ac_7c087a10,0,a_b697fdbf,Max van Egmond
ac_c23df926,0,a_3d067f9e,Stan Kenton and His Orchestra
ac_9ce1c7ed,0,a_00dc4f23,Joanne Shenandoah
ac_532f4a07,0,a_69a54124,London Philharmonic Orchestra
ac_532f4a07,1,a_9ba9cd86,David Parry
ac_1b1b1b27,1,a_94686f4f,Joan Sutherland
ac_1b1b1b27,3,a_a8bcb86d,Richard Bonynge
ac_1b1b1b27,2,a_040444cf,Welsh National Orchestra
ac_1b1b1b27,0,a_ae3fbc8a,Susanne Mentzer
ac_4b8feba1,0,a_a90645f2,Jussi Björling
ac_be7cc531,1,a_d06ddf6e,Igor Stravinsky
ac_be7cc531,0,a_d95c62d9,Columbia Symphony Orchestra
ac_7f50a408,1,a_e2d13aca,Paul Freeman
ac_7f50a408,2,a_6a3b022d,Alex Klein
ac_7f50a408,0,a_56cecaff,Český národní symfonický orchestr
ac_c34d50f2,0,a_d3960a9d,Christian Gerhaher
ac_c34d50f2,1,a_d332ecae,Gerold Huber
ac_34b332c0,1,a_49943b3c,Alexander Melnikov
ac_34b332c0,0,a_a4ee0909,Isabelle Faust
ac_61e731cd,6,a_2db2d828,Reinhardt Lutz
ac_61e731cd,2,a_29db45cf,Radio‐Symphonieorchester Wien
ac_61e731cd,5,a_1d0aaaaa,Milan Horvat
ac_61e731cd,4,a_f8b28c5d,Stuttgarter Kammerorchester
ac_61e731cd,3,a_bd13dc9e,Simfonični orkester RTV Slovenija
ac_61e731cd,7,a_b331bb65,Marko Munih
ac_61e731cd,1,a_5c43ebcf,Nemzeti Filharmonikus zenekar
ac_61e731cd,0,a_1e3aaa1b,Hungarian State Orchestra
ac_61e731cd,8,a_501b3be2,Martin Sieghart
ac_c0fe62b9,1,a_1d899b73,Philippe Herreweghe
ac_c0fe62b9,0,a_6e2862e0,Collegium Vocale Gent
ac_c53633a9,0,a_9ff42d3e,Vulgaires machins
ac_fc5383b5,0,a_5f15d166,Olivier Cazal
ac_728e1cb6,0,a_dca199d9,Nikolaus Harnoncourt
ac_7cad02ed,0,a_a9d9c9c9,Accademia della magnifica comunità
ac_daa27480,0,a_62655624,Rashad
ac_daa27480,1,a_ba6787a0,Confidence
ac_addf49bb,0,a_325f2b2d,Eivind Aadland
ac_addf49bb,1,a_f4f790ce,WDR Sinfonieorchester Köln
ac_07872eac,0,a_2c19d2fd,Alexandre Tharaud
ac_e178fa69,2,a_9ef466a8,Michael Collins
ac_e178fa69,0,a_58d3fbb3,Judith Pearce
ac_e178fa69,1,a_0c21895f,Gareth Hulse
ac_361d848b,0,a_3fd2e339,Murray Perahia
ac_4e3fea9c,1,a_9e66c1b8,Michel Plasson
ac_4e3fea9c,0,a_76de40aa,Orchestre national du Capitole de Toulouse
ac_5674b903,0,a_372e7699,Bach‐Collegium Stuttgart
ac_5674b903,1,a_3786bcd7,Helmuth Rilling
ac_6c2825b0,0,a_abb5dda5,Μάνος Χατζιδάκις
ac_6c2825b0,1,a_f9c44fd4,Αλίκη Καγιαλόγλου
ac_912ac461,0,a_4e75c71e,Sinfóníuhljómsveit Íslands
ac_912ac461,1,a_19bb90ee,Bjarte Engeset
ac_834b6a45,1,a_aabc8d32,Salvador Mas Conde
ac_834b6a45,0,a_e535e993,Württembergische Philharmonie Reutlingen
ac_12958f5e,0,a_d37f09d6,Jaill
ac_83d9398a,1,a_79e73f5f,Eugen Jochum
ac_83d9398a,0,a_174fa6d0,Orchester der Deutschen Oper Berlin
ac_51c7a16c,0,a_362a4819,Christopher Herrick
ac_83e35077,1,a_be15705a,José Serebrier
ac_83e35077,0,a_6659bad9,Bournemouth Symphony Orchestra
ac_1e7019ed,0,a_24a2c6bb,Tõnis Mägi
ac_94bf2680,0,a_9e90185f,The Hollywood Studio Symphony
ac_94bf2680,1,a_a54ed298,John Williams
ac_2885c577,0,a_f4a3e229,坂本千夏
ac_e6802173,0,a_596d4c8d,Panther MIZONOKUCHI
ac_c612b97f,0,a_81bfb17f,Jenő Jandó
ac_a661b2c3,1,a_d42a085d,Robert King
ac_a661b2c3,0,a_56cabc02,The Kings Consort
ac_364c6c8a,0,a_ff1adbfa,Frederick Noad
ac_50ecc7e6,0,a_f2410b64,John Coltrane
ac_50ecc7e6,1,a_03adfcf8,Don Cherry
ac_47304e68,1,a_d781131d,Claudio Scimone
ac_47304e68,0,a_6b9b5cbe,I Solisti Veneti
ac_b201fbb7,0,a_18be5741,Michael Endres
ac_25fa4b0d,1,a_9a4af79f,Геннадий Николаевич Рождественский
ac_25fa4b0d,0,a_e0240fa0,Большой симфонический оркестр имени П И Чайковского
ac_c2c9ed7a,0,a_21fd272f,Mikhail Pletnev
ac_e8d4abdc,1,a_72165ece,Nicolaus Adam Strunck
ac_e8d4abdc,2,a_0413347a,Friedhelm Flamme
ac_e8d4abdc,0,a_c1321acd,Delphin Strunck
ac_211838d7,0,a_0a5028b9,Various Artists
ac_1e61961b,1,a_e1d2e977,Eshpai
ac_1e61961b,0,a_0372cf7d,Kapustin
ac_23259532,2,a_66bad226,Musica ad Rhenum
ac_23259532,0,a_eae42a41,Purcell
ac_23259532,3,a_565bcf94,Jed Wentz
ac_23259532,1,a_04e8aa2c,Galliard
ac_1f49539a,0,a_70280e34,Κώστας Τουρνάς
ac_90249b38,1,a_a3dab015,Taverner Choir  Players
ac_90249b38,0,a_5b292b18,Handel
ac_90249b38,2,a_ab1abe6d,Andrew Parrott
ac_c7b55d62,0,a_6c348184,Platform Breez
ac_c7b55d62,1,a_84a2aa82,Poschek
ac_2009123d,0,a_c220f3ae,Katia  Marielle Labèque
ac_daa3862f,0,a_5efe5f7f,Walton
ac_daa3862f,3,a_5efe5f7f,Sir William Walton
ac_daa3862f,2,a_63dc2782,Philharmonia Orchestra
ac_daa3862f,1,a_48f90479,Sir Laurence Olivier
ac_260738bf,0,a_c46715ab,Domenico Scarlatti
ac_260738bf,1,a_af2d19de,Scott Ross
ac_44abcf52,0,a_4e084437,The Infesticons
ac_9196c71d,0,a_58cdeab6,SAYURI
ac_cd2f767b,1,a_c7a1f38c,Sissy Spacek
ac_cd2f767b,0,a_60744740,Harper Lee
ac_5f329895,1,a_f941a3d7,Force Fed Life
ac_5f329895,0,a_c64aeb39,Nihilistic Misanthropy
ac_54885b4d,0,a_c1696e86,Achilles
ac_54885b4d,1,a_d9f99ff8,Engineer
ac_cc898822,1,a_385644ac,Ensemble DENEB
ac_cc898822,0,a_de100519,Koji Asano
ac_e75c24e4,0,a_fe589c9f,Complys
ac_9f39c3e3,0,a_52909f72,Épictète
ac_9f39c3e3,1,a_f15d695d,Philippe Lejour
ac_15371e45,0,a_a02bfe43,Westwood
ac_85a0344f,0,a_ca5f30d3,36
ac_a4fb1b00,0,a_86d2c9e6,菅野よう子
ac_fcfab0cb,2,a_3efdcbca,Billy Cobham
ac_fcfab0cb,0,a_0edcff97,Stanley Clarke
ac_fcfab0cb,3,a_e5233c78,Deron Johnson
ac_fcfab0cb,4,a_80890658,Najee
ac_fcfab0cb,1,a_38a3a73e,Larry Carlton
ac_0983aecf,0,a_ef97beb8,Vyaas Houston
ac_0983aecf,1,a_1e704815,Mark Kelso
ac_07a6f1e8,0,a_5f0a2f38,Enoch Light
ac_3b4a3752,0,a_6f027a1d,Dash Shamash
ac_2191a1e4,1,a_3532016e,Michael Beck
ac_2191a1e4,0,a_62ceb01c,Bill Clinton
ac_88090e38,0,a_0604e857,Rumatera
ac_caa15453,1,a_639466fc,崎元仁
ac_caa15453,0,a_13a957d0,岩田匡治
ac_d2a1708f,1,a_73a721f4,Samson François
ac_d2a1708f,0,a_fb1b66b0,Chopin
ac_ef6bcda5,4,a_9cade063,Schumann
ac_ef6bcda5,7,a_d06ddf6e,Стравинский
ac_ef6bcda5,3,a_1425ced2,Brahms
ac_ef6bcda5,0,a_a1328b41,Beethoven
ac_ef6bcda5,6,a_1937f477,Liszt
ac_ef6bcda5,1,a_38849eb9,Schubert
ac_ef6bcda5,8,a_bbc45713,Yves Nat
ac_ef6bcda5,5,a_7198d864,Franck
ac_ef6bcda5,2,a_fb1b66b0,Chopin
ac_f018c9ee,0,a_47340b70,Koan
ac_5a8f00cb,0,a_4cb5e294,K Sparks
ac_43e433b8,0,a_eae42a41,Henry Purcell
ac_43e433b8,1,a_2b875856,Red Byrd
ac_43e433b8,3,a_2545b852,Peter Holman
ac_43e433b8,2,a_59dd96ee,The Parley of Instruments
ac_6d5f4656,1,a_4ae15ecd,Gilles Droulez
ac_6d5f4656,0,a_1483a140,Les Faux Bijoux
ac_5c1636f0,0,a_82f32b90,Monty Alexander
ac_5c1636f0,1,a_420bdeaa,Ray Brown
ac_5c1636f0,2,a_19428e58,Herb Ellis
ac_664dff1c,0,a_1f7a73f8,Inhuman Dissiliency
ac_664dff1c,1,a_fa825562,Vomitous
ac_d1c62eff,2,a_f4533793,FoodStamps Holla
ac_d1c62eff,1,a_d3091e42,Sean Justice
ac_d1c62eff,3,a_f35e36e2,Daniel Black
ac_d1c62eff,0,a_701eab9f,BudEZ
ac_639f3281,2,a_22ddb420,Paul ODette
ac_639f3281,4,a_55b0c7fb,Alexander Weimann
ac_639f3281,3,a_6955f655,Stephen Stubbs
ac_639f3281,1,a_b9fa5d42,Erin Headley
ac_639f3281,0,a_16788674,Tragicomedia
ac_f44047ff,0,a_2a96f18a,Juicy J
ac_f44047ff,1,a_f99a6861,Project Pat
ac_f8e87af2,0,a_8ba297f2,Hebert Escayola
ac_f8e87af2,1,a_46a267af,Manolo Guardia
ac_f8e87af2,2,a_dc70c8dd,Daniel Lencina
ac_a75bb70b,0,a_0a1e5df2,Jørn Stenzel
ac_e0d7d375,0,a_bf61afd2,Parliament of Owls
ac_c778cfd5,0,a_de99e923,Jan Pieterszoon Sweelinck
ac_c778cfd5,2,a_2e607bc1,Harry van der Kamp
ac_c778cfd5,1,a_cb2b0cfe,Gesualdo Consort Amsterdam
ac_ffe62882,0,a_813eb697,Antonín Dvořák
ac_ffe62882,1,a_71625e66,Prague Symphony Orchestra
ac_ffe62882,2,a_250d87b6,Sir Charles Mackerras
ac_0d8fad56,0,a_6a5b9ef9,Groovy Godzilla
ac_7a4966db,0,a_540df2f7,LTJ Bukem
ac_ca0649c3,1,a_534b8c10,Squash Bowels
ac_ca0649c3,0,a_6d7cbef1,Malignant Tumour
ac_c1418071,0,a_620bbffa,Aly  Fila
ac_7ccc248e,0,a_fcf731c5,RIP SLYME
ac_c3a98871,0,a_d2467950,H Kanino
ac_d58c3801,2,a_547737ff,Faudel
ac_d58c3801,0,a_eb8d4bf2,Taha
ac_d58c3801,1,a_941b7321,Khaled
ac_febe6617,0,a_5a2a62a3,Layner
ac_8b22de91,0,a_b392a467,Richie Hawtin
ac_8ab836d3,0,a_3a03002e,Cris Cab
ac_b7e5b078,0,a_9dade593,DJ Feelgood
ac_5ba1e4f3,0,a_2de3f820,BUG Mafia
ac_067dc530,1,a_7ffd7a5b,Olivier Capparos
ac_067dc530,2,a_372d7565,Yôko Higashi
ac_067dc530,0,a_f3924511,Lionel Marchetti
ac_30c92b56,0,a_88006dd1,Filmy Ghost
ac_30c92b56,1,a_43331fe5,EverSeenΛ Ghostbefore
ac_c21cec43,1,a_5cfab346,スマイレージ
ac_c21cec43,0,a_5dfb9f4d,おはガール メープル
ac_3070b753,1,a_145b071f,Czech Philharmonic Orchestra
ac_3070b753,3,a_8a45e8f7,Angelica May
ac_3070b753,0,a_813eb697,Antonín Dvořák
ac_3070b753,2,a_74557779,Václav Neumann
ac_d5b1f56a,2,a_d6d7db42,The DOyly Carte Opera Company
ac_d5b1f56a,3,a_f608fcc8,Royal Philharmonic Orchestra
ac_d5b1f56a,0,a_bee55db1,Gilbert
ac_d5b1f56a,4,a_15d9c5b8,Sir Malcolm Sargent
ac_d5b1f56a,1,a_e295835f,Sullivan
ac_b49d0452,0,a_5480eb09,Jerry Garcia
ac_b49d0452,1,a_202df2d2,Merl Saunders
ac_404706a2,0,a_949a326d,Jean Sibelius
ac_404706a2,2,a_79419c4a,Lorin Maazel
ac_404706a2,1,a_2ec5a38e,Pittsburgh Symphony Orchestra
ac_428d41e3,0,a_dbbb7e29,Charlie Clouser
ac_9c77b7f8,1,a_6d4b7cff,Adam Harasiewicz
ac_9c77b7f8,0,a_fb1b66b0,Frédéric Chopin
ac_f5dc8c17,1,a_f4c2544c,Diogenes Quartett
ac_f5dc8c17,0,a_0c756959,Max Bruch
ac_fca4dd90,2,a_3eea8534,René Zosso
ac_fca4dd90,0,a_5e2ecb4a,Louise Moaty
ac_fca4dd90,4,a_33c20442,Hespèrion XXI
ac_fca4dd90,1,a_66acfeba,Marc Mauillon
ac_fca4dd90,5,a_031393b6,Jordi Savall
ac_fca4dd90,3,a_54b5d78c,La Capella Reial de Catalunya
ac_176eeafa,2,a_28c1783d,Birgit Nilsson
ac_176eeafa,1,a_949a326d,Jean Sibelius
ac_176eeafa,0,a_c2c8112a,Richard Strauss
ac_176eeafa,3,a_5725768a,Janos Solyom
ac_0a31e847,0,a_31a3bf1a,The BBC Radiophonic Workshop
ac_1c4d12a3,0,a_13c21eb0,Reyli
ac_47a6998c,0,a_217cb898,ColdFells
ac_47a6998c,1,a_e4f83b8f,Winter Depression
ac_79b80034,1,a_e5d08521,Eristetyt
ac_79b80034,0,a_fd992b51,Agathocles
ac_0b0da441,0,a_10b8ca69,David Arnold
ac_6ac53fdd,0,a_4cbb9ef8,Dörrterror
ac_6ac53fdd,1,a_1544d494,Glöm Dä
ac_dac43649,0,a_2e13e638,Schnuckenack Reinhardt
ac_4bab2f7c,1,a_6ca65a2e,Luiz Tatit
ac_4bab2f7c,2,a_35e87da5,Vésper Vocal
ac_4bab2f7c,0,a_a3f3aa13,MPB 4
ac_9729573e,0,a_a8281c78,Mean Green
ac_7522e6a1,3,a_9d3c6541,Basil Rathbone
ac_7522e6a1,1,a_8bf003d0,Leopold Stokowski
ac_7522e6a1,0,a_7e5fba64,Prokofiev
ac_7522e6a1,2,a_d76f9a41,AllAmerican Orchestra
ac_d849dac7,0,a_9ade1c81,Young Bossi
ac_9b72257a,1,a_5bf004b1,Jouni Somero
ac_9b72257a,0,a_653b9088,Palmgren
ac_4f69eafc,1,a_f4c2544c,Diogenes Quartet
ac_4f69eafc,0,a_38849eb9,Schubert
ac_79acb026,0,a_f8aeb750,kous
ac_169c00b7,2,a_352daf87,Harry Christophers
ac_169c00b7,1,a_660b15a6,The Sixteen
ac_169c00b7,0,a_0f7793fa,John Taverner
ac_95b0ce54,0,a_84a63e58,Abuso Sonoro
ac_95b0ce54,1,a_53f66750,Detestation
ac_31cf4fa6,5,a_8e345d40,Neville Marriner
ac_31cf4fa6,2,a_20eb8143,Agnes Baltsa
ac_31cf4fa6,3,a_b7f102b6,Francisco Araiza
ac_31cf4fa6,1,a_b44e8b94,Thomas Allen
ac_31cf4fa6,4,a_55640cb7,Academy of St Martin‐in‐the‐Fields
ac_31cf4fa6,0,a_65263c79,Rossini
ac_329e927f,0,a_2d0a702e,Little Simz
ac_5526e6ca,1,a_04fa7b84,Shakira
ac_5526e6ca,0,a_369f5b6d,Antonio Pinto
ac_0c33840c,1,a_a4a39aff,Kazu Kimura
ac_0c33840c,0,a_9ff01b99,Simon Coyle
ac_1fced2af,1,a_d698aa59,Тараканы
ac_1fced2af,0,a_9f96df24,Distemper
ac_d50978e1,1,a_c1618873,Catherine Latzarus
ac_d50978e1,0,a_66e39d65,Rameau
ac_3e225e27,0,a_1007404c,Daddy Yankee
ac_6e29ed39,0,a_32eb657a,Fantastic Plastic Machine
ac_1caabaa1,0,a_4feffd3c,Harris Jayaraj
ac_8eec2310,0,a_c9c8ca44,Necrobestiality
ac_8eec2310,1,a_1f3ed1ad,Enbilulugugal
ac_4342ccc2,2,a_55997ff8,Libor Pešek
ac_4342ccc2,1,a_12eb2070,BBC Philharmonic
ac_4342ccc2,0,a_e4c718d1,Vítězslav Novák
ac_9bba721b,1,a_8c9de69f,Lloyd James
ac_9bba721b,0,a_ffca5a9b,Lois McMaster Bujold
ac_641b260f,4,a_ab022eb2,Colin Tilney
ac_641b260f,3,a_de99e923,Jan Pieterszoon Sweelinck
ac_641b260f,2,a_e4f4d58f,John Bull
ac_641b260f,1,a_9a80cfcf,Orlando Gibbons
ac_641b260f,0,a_1c8134aa,William Byrd
ac_00a89cf4,1,a_08656834,Kodály Quartet
ac_00a89cf4,0,a_bdd528cd,Joseph Haydn
ac_8e309cf9,0,a_a435628e,Modeselektor
ac_7e59fabf,2,a_82b87fcc,Leonhardt
ac_7e59fabf,1,a_dca199d9,Harnoncourt
ac_7e59fabf,0,a_95351bc2,Johann Sebastian Bach
ac_8c937029,0,a_c0f633f7,Frank Marauder
ac_3815456e,0,a_28c68a76,Richard Wagner
ac_3815456e,1,a_f991d1ce,Hans Swarowsky
ac_29bef9b3,2,a_594298a2,Kees Wieringa
ac_29bef9b3,4,a_423c1996,Fred Oldenburg
ac_29bef9b3,1,a_202dea05,Polo de Haas
ac_29bef9b3,0,a_1f70e251,Simeon ten Holt
ac_29bef9b3,3,a_a8ea8fc4,Ellen Dijkhuizen
ac_b0daca61,0,a_bd4af498,XRay Dog
ac_6f050586,0,a_b51aaf72,Victor Young
ac_6f050586,1,a_7d058117,Leith Stevens
ac_22f80fec,0,a_8048041c,Loxy
ac_87643108,0,a_1ad127f8,The Warner Bros Studio Orchestra
ac_8f0484f5,2,a_ed049d7a,Parsons
ac_8f0484f5,0,a_1c8134aa,Byrd
ac_8f0484f5,1,a_64f4f003,Ferrabosco
ac_8f0484f5,3,a_8ec01c86,Tallis
ac_8f0484f5,4,a_23fa9e1e,Phantasm
ac_4539af62,1,a_3a758c7c,Leslie Howard
ac_4539af62,0,a_1937f477,Franz Liszt
ac_e0d187cf,1,a_0dcd1b64,Sunlounger
ac_e0d187cf,0,a_007f780f,Roger Shah
ac_3064998b,0,a_a3817478,陶喆
ac_9410eada,0,a_acb1a0c8,Marian Anderson
ac_498dfb2c,0,a_9aa43676,Francesca Michielin
ac_086c3461,1,a_d834a225,Tchaikovsky
ac_086c3461,2,a_bf8a569b,Orpheus Chamber Orchestra
ac_086c3461,0,a_01554e09,Grieg
ac_466a40c1,0,a_99c2e7c5,Yo‐Yo Ma
ac_7b3169ab,0,a_95351bc2,Johann Sebastian Bach
ac_7b3169ab,1,a_dca199d9,Nikolaus Harnoncourt
ac_29cf23ac,0,a_dbab537f,Brigada Criminal  Stupenda Jones
ac_a5e8c088,0,a_80f4a3d3,Reino Helismaa
ac_992376a3,0,a_676ea14c,Laurent Garnier
ac_992376a3,1,a_d4cb5ae3,Saycet
ac_4af60638,0,a_47d7dd8e,Drakeo the Ruler
ac_8320489d,1,a_c96a5987,Stan Freeman
ac_8320489d,0,a_7982c999,Lee Wiley
ac_8320489d,2,a_5413dcf1,Cy Walter
ac_9abfeba3,0,a_30829c65,Robert Randolph  The Family Band
ac_dedd642b,0,a_33ab8273,Triple R
ac_b5c73040,0,a_98db5c34,Little Pepe
ac_0b61cb5d,0,a_2825b0a8,Ferry Corsten
ac_b7d466f3,0,a_09f84aa4,Joseph von Westphalen
ac_ddff6a4f,8,a_a8bcb86d,Richard Bonynge
ac_ddff6a4f,5,a_659520ec,Bernadette Manca di Nissa
ac_ddff6a4f,6,a_6d8378f6,Orchestra
ac_ddff6a4f,4,a_222f4fdd,Jerry Hadley
ac_ddff6a4f,3,a_ae3fbc8a,Susanne Mentzer
ac_ddff6a4f,1,a_94686f4f,Joan Sutherland
ac_ddff6a4f,7,a_25dd1a33,Chorus of the Welsh National Opera
ac_ddff6a4f,2,a_44b5776c,Samuel Ramey
ac_ddff6a4f,0,a_42640809,Gaetano Donizetti
ac_610aebfd,0,a_df1a56df,Thelonious Monk
ac_610aebfd,1,a_f8a66836,Joe Turner Trio
ac_adba133b,1,a_768ecf63,Johann Nepomuk Hummel
ac_adba133b,4,a_6a3b022d,Alex Klein
ac_adba133b,0,a_0d599417,Franz Krommer
ac_adba133b,3,a_e2d13aca,Paul Freeman
ac_adba133b,2,a_56cecaff,Czech National Symphony Orchestra
ac_f61e23e2,2,a_d332ecae,Gerold Huber
ac_f61e23e2,0,a_38849eb9,Franz Schubert
ac_f61e23e2,1,a_d3960a9d,Christian Gerhaher
ac_1dd84d0b,0,a_fe442dcb,Ilaiyaraaja
ac_f9d1fd11,2,a_49943b3c,Alexander Melnikov
ac_f9d1fd11,1,a_a4ee0909,Isabelle Faust
ac_f9d1fd11,0,a_a1328b41,Beethoven
ac_a7234fff,0,a_fcb01417,Wingy Manone and His Orchestra
ac_938dff92,8,a_772ecdba,Jose Oliveira Lopes
ac_938dff92,7,a_697be884,Fernando Serafim
ac_938dff92,6,a_1e596003,Naoko Ihara
ac_938dff92,3,a_af05b5eb,English Bach Festival Baroque Orchestra
ac_938dff92,11,a_a5eab5a6,Michel Corboz
ac_938dff92,1,a_b7f9e5c6,John Holloway
ac_938dff92,2,a_a344455b,English Bach Festival Chorus
ac_938dff92,5,a_32a429c6,Joana Silva
ac_938dff92,10,a_06ea33da,Orchestre de la fondation Gulbenkian de Lisbonne
ac_938dff92,4,a_469e2adc,Elsa Saque
ac_938dff92,9,a_3f06e569,Choeur symphonique de la fondation Gulbenkian de Lisbonne
ac_938dff92,0,a_67f3ad0e,Antonio Vivaldi
ac_ff54a8d6,0,a_813eb697,Dvořák
ac_ff54a8d6,2,a_2db2d828,Reinhardt Lutz
ac_ff54a8d6,1,a_1e3aaa1b,Hungarian State Orchestra
ac_7cc4dcd9,4,a_9f1765af,Andreas Scholl
ac_7cc4dcd9,6,a_b3359024,Dietrich Henschel
ac_7cc4dcd9,1,a_1dacc8e7,Ian Bostridge
ac_7cc4dcd9,0,a_95351bc2,JS Bach
ac_7cc4dcd9,5,a_53fc1416,Werner Güra
ac_7cc4dcd9,2,a_cdecbb0a,FranzJosef Selig
ac_7cc4dcd9,3,a_a5a6993e,Sibylla Rubens
ac_7cc4dcd9,7,a_6e2862e0,Collegium Vocale Gent
ac_7cc4dcd9,8,a_1d899b73,Philippe Herreweghe
ac_2ab8766e,0,a_967a308a,Diogo Nogueira
ac_e02f6526,0,a_70d41f8e,Acid_Lab
ac_84afc9cc,0,a_06569e75,De club van Sinterklaas
ac_10ff232f,0,a_af740be1,Kenny Ken
ac_10ff232f,1,a_e931183b,DJ Rap
ac_b83742d7,0,a_8c492d8d,Francis Poulenc
ac_b83742d7,1,a_5f15d166,Olivier Cazal
ac_81adce4e,1,a_52f78583,Les Basses Réunies
ac_81adce4e,0,a_fcfbd876,Bruno Cocset
ac_58ce6192,0,a_f2298e7f,Armin van Buuren
ac_94d11935,0,a_9d342d7d,Ampichino
ac_94d11935,1,a_2a597b66,Shoboat
ac_6e72c61d,0,a_95351bc2,JS Bach
ac_6e72c61d,1,a_dca199d9,Nikolaus Harnoncourt
ac_3126d043,0,a_66ece48d,Ayn Rand
ac_3126d043,1,a_48f94f92,Christopher Hurt
ac_a620c215,1,a_fb39caca,eMU
ac_a620c215,0,a_4eeafa8d,Scheibosan
ac_2440d092,1,a_a9d9c9c9,La magnifica comunità
ac_2440d092,0,a_95351bc2,Johann Sebastian Bach
ac_65009e4f,0,a_01554e09,Edvard Grieg
ac_65009e4f,1,a_f4f790ce,WDR Sinfonieorchester Köln
ac_65009e4f,2,a_325f2b2d,Eivind Aadland
ac_e8397a20,0,a_fb1b66b0,Frédéric Chopin
ac_e8397a20,1,a_2c19d2fd,Alexandre Tharaud
ac_42170aaf,1,a_c865c0d0,Radioskugga
ac_42170aaf,0,a_87f63abf,Anatomi71
ac_f03d04d6,0,a_e742adf9,colis postal
ac_e44890cd,0,a_b48f3d7a,Malcolm Arnold
ac_e44890cd,1,a_3f189877,The Nash Ensemble
ac_71703a64,6,a_59894a71,Hanna Salzenstein
ac_71703a64,4,a_89008d68,Sophie de Bardonnèche
ac_71703a64,1,a_605e2cd0,Corelli
ac_71703a64,5,a_7d8f02e1,Louise Pierrard
ac_71703a64,0,a_5d28bbcf,Dandrieu
ac_71703a64,2,a_93ac4e50,Le Consort
ac_71703a64,3,a_f7f98ef2,Théotime Langlois de Swarte
ac_71703a64,7,a_2c2b8037,Justin Taylor
ac_e45e59ab,0,a_95351bc2,Bach
ac_e45e59ab,1,a_3fd2e339,Murray Perahia
ac_aa0bcde8,0,a_9c36d32e,Q Arne
ac_6e676a54,0,a_13d50323,Gabriel Fauré
ac_6e676a54,1,a_9e66c1b8,Michel Plasson
ac_6e676a54,2,a_76de40aa,Orchestre national du Capitole de Toulouse
ac_fa84185e,0,a_8aff519e,The Panacea
ac_dd77292b,0,a_cbcdbd90,Kerkko Koskinen
ac_df31eab4,0,a_53df58f0,Deborah DiFonzo
ac_9f41514c,0,a_eae42a41,Purcell
ac_9f41514c,1,a_ec458002,William Christie
ac_9f41514c,2,a_dca199d9,Nikolaus Harnoncourt
ac_4780b710,1,a_19bb90ee,Bjarte Engeset
ac_4780b710,0,a_4e75c71e,Iceland Symphony Orchestra
ac_b005867b,0,a_265a7930,Merigail Moreland
ac_9024325b,7,a_174fa6d0,Orchester der Deutschen Oper Berlin
ac_9024325b,5,a_6e520cc8,Horst Laubenthal
ac_9024325b,1,a_6ce2c4f5,Dietrich Fischer‐Dieskau
ac_9024325b,4,a_c66a8dc1,Plácido Domingo
ac_9024325b,0,a_28c68a76,Richard Wagner
ac_9024325b,2,a_a1f3180b,Catarina Ligendza
ac_9024325b,3,a_e5c75ae7,Christa Ludwig
ac_9024325b,8,a_79e73f5f,Eugen Jochum
ac_9024325b,6,a_e914dd3f,Chor
ac_cf93abc8,0,a_95351bc2,Johann Sebastian Bach
ac_cf93abc8,1,a_362a4819,Christopher Herrick
ac_2cedad18,0,a_a79728c8,DJ River
ac_7a639cdb,0,a_813eb697,Dvořák
ac_7a639cdb,1,a_be15705a,José Serebrier
ac_7a639cdb,2,a_6659bad9,Bournemouth Symphony Orchestra
ac_708d20d1,1,a_be49881a,橋本彦士
ac_708d20d1,3,a_05dabc66,林康
ac_708d20d1,2,a_ccf8eefc,佐藤共良
ac_708d20d1,0,a_3752fdc6,伊藤賢治
ac_03ce9cfe,1,a_354dfbc1,Lil Wayne
ac_03ce9cfe,0,a_e56f7703,DJ Whiteowl
ac_3d88d1c5,0,a_d82ec4c5,Vangelis
ac_e370e4fc,2,a_c3dff18e,André Grassi
ac_e370e4fc,1,a_73a28f5d,Jacques Loussier
ac_e370e4fc,0,a_1abacc53,Reda Caire
ac_cd3b381d,0,a_d638593c,BSCT
ac_d4e4d8e9,0,a_dba8254d,Larvae
ac_d4e4d8e9,1,a_e128f77f,Spyweirdos
ac_0fcb7ec5,1,a_81bfb17f,Jenő Jandó
ac_0fcb7ec5,0,a_38849eb9,Franz Schubert
ac_7ccc6b1e,0,a_ae3b037a,Ruido de Rabia
ac_7ccc6b1e,1,a_bc7898f5,Último Gobierno
ac_f594e6a8,0,a_8711f69d,Eroica Trio
ac_9d9f14fb,0,a_2e4b960f,Clinton Emil Shorter
ac_4076217f,5,a_d42a085d,Robert King
ac_4076217f,2,a_6547cfcf,James Gilchrist
ac_4076217f,0,a_5b292b18,Handel
ac_4076217f,3,a_64e916ec,Choir of the Kings Consort
ac_4076217f,1,a_96cea742,Carolyn Sampson
ac_4076217f,4,a_56cabc02,The Kings Consort
ac_d5082cbf,0,a_c0e028b7,Prinz Porno
ac_3923414e,1,a_81a5cda2,2 Dollar Egg
ac_3923414e,0,a_c73c24a7,Visitors
ac_ad506831,0,a_70331fe2,Takahiro Nishi
ac_bd7839b9,0,a_e88b69ab,Мussorgsky
ac_bd7839b9,1,a_88c86a56,Volgograd Philharmonic Orchestra
ac_bd7839b9,2,a_b43bad64,Edward Serov
ac_26d61083,0,a_7f580f83,Bill Bruford
ac_26d61083,1,a_cc3cf780,Patrick Moraz
ac_6f1ac4d2,1,a_7f407589,Harry Gump
ac_6f1ac4d2,0,a_3cf7824e,Bouncin BC
ac_4053496c,0,a_a2467a80,Bix
ac_86f2594e,0,a_354dfbc1,Lil Wayne
ac_1dc3eab9,0,a_35547ac4,Orlando Voorn
ac_a826673f,0,a_f3be2bf3,Basil Poledouris
ac_a826673f,1,a_8a63c65e,Hans Zimmer
ac_d31c31cc,0,a_32c0ce31,Jay Nash
ac_1619b1de,1,a_25f2ef4f,Gasdia
ac_1619b1de,6,a_4861ac21,Schmiege
ac_1619b1de,2,a_487430c0,Zimmermann
ac_1619b1de,4,a_f53387c7,Lendi
ac_1619b1de,7,a_6b9b5cbe,I Solisti Veneti
ac_1619b1de,0,a_67f3ad0e,Antonio Vivaldi
ac_1619b1de,3,a_c3ea0a28,Palacio
ac_1619b1de,5,a_cb23c264,Rigacci
ac_1619b1de,8,a_d781131d,Claudio Scimone
ac_73f2b6ac,0,a_775de9f7,Bosque
ac_73f2b6ac,1,a_ec1c4bab,Senthil
ac_be604cb1,0,a_7d0c1399,Ponies at Dawn
ac_8b0baf02,0,a_05c9a69d,Atomic Pulse
ac_ba42954e,0,a_f6ef43b6,Neophyte
ac_3a4b26b5,0,a_b2d8b014,Nükhet Duru
ac_3a4b26b5,1,a_983b6ef4,Surp Vartanants Korosu
ac_3a4c84e7,1,a_07eadf33,Joel McNeely
ac_3a4c84e7,0,a_48e2e21f,Bernard Herrmann
ac_5ef084dd,0,a_d753c831,Jaimeson
ac_335a37e2,0,a_67fd510c,Graham Park
ac_d7ab57a1,0,a_01554e09,Edvard Grieg
ac_d7ab57a1,1,a_e0240fa0,Большой симфонический оркестр имени П И Чайковского
ac_d7ab57a1,2,a_9a4af79f,Геннадий Николаевич Рождественский
ac_e2d7bdb6,0,a_c46715ab,Domenico Scarlatti
ac_e2d7bdb6,1,a_21fd272f,Mikhail Pletnev
ac_0bf113b1,0,a_65c88ce3,Lightning Seeds
ac_8148a80c,0,a_e7a187dc,Cavendish Trailers
ac_79db25a7,0,a_671ac474,The Fence Collective
ac_290cac70,0,a_bb3e636d,DJ Spair
ac_eb804697,2,a_d6d7db42,The DOyly Carte Opera Company
ac_eb804697,5,a_63dc2782,The Philharmonia Orchestra
ac_eb804697,4,a_15d9c5b8,Sir Malcolm Sargent
ac_eb804697,0,a_bee55db1,Gilbert
ac_eb804697,3,a_f608fcc8,The Royal Philharmonic Orchestra
ac_eb804697,6,a_250d87b6,Sir Charles Mackerras
ac_eb804697,1,a_e295835f,Sullivan
ac_7fe9bc6a,1,a_7f0bc74d,Paulinho da Viola
ac_7fe9bc6a,0,a_b4799f4f,Toquinho
ac_9759ff10,0,a_3fce5ab6,Schnuckenack Reinhardt Quintett
ac_fd05183e,4,a_76f18c9c,Robert Lloyd
ac_fd05183e,5,a_55640cb7,Academy of St Martin in the Fields
ac_fd05183e,1,a_b44e8b94,Thomas Allen
ac_fd05183e,0,a_65263c79,Gioachino Rossini
ac_fd05183e,2,a_20eb8143,Agnes Baltsa
ac_fd05183e,6,a_8e345d40,Neville Marriner
ac_fd05183e,3,a_b7f102b6,Francisco Araiza
ac_b426eebe,1,a_9f96df24,Distemper
ac_b426eebe,0,a_d698aa59,Тараканы
ac_e241c9c8,0,a_4cad15c5,The Glory
ac_e241c9c8,1,a_1e6a81d9,The Magnificent
ac_de20540a,1,a_147d1427,Caribou
ac_de20540a,0,a_147d1427,Manitoba
ac_cb333494,0,a_fae33e2b,Zucchero Sugar Fornaciari
ac_aafb6ac8,0,a_777d5853,Freeez
ac_aafb6ac8,1,a_3e8f4650,John Rocca
ac_b8b95f25,0,a_67f3ad0e,Antonio Vivaldi
ac_b8b95f25,4,a_06ea33da,Orquestra Gulbenkian
ac_b8b95f25,3,a_3f06e569,Coro Gulbenkian
ac_b8b95f25,2,a_af05b5eb,English Bach Festival Baroque Orchestra
ac_b8b95f25,5,a_a5eab5a6,Michel Corboz
ac_b8b95f25,1,a_a344455b,English Bach Festival Chorus
ac_8f7e42f5,0,a_e931183b,DJ Rap
ac_8f7e42f5,1,a_af740be1,Kenny Ken
ac_bbb4b084,1,a_dca199d9,Nikolaus Harnoncourt
ac_bbb4b084,0,a_95351bc2,J S Bach
ac_f0f63dbf,1,a_9c38cf73,Juri Nakashima
ac_5d5a8d06,0,a_fc0350a1,TeeKu
ac_8b9659b0,0,a_8ab9b6bd,Mortuus Infradaemoni
ac_22847ea0,1,a_c28c6eba,Taverner Choir  Players
ac_72cbdeb6,0,a_265b4e91,Khaled
ac_a2610d63,0,a_5bf70260,Palmgren
ac_4ad587fa,0,a_ccdf045f,Django Reinhardt
ac_6075abb3,0,a_7d94d17d,Kraan
ac_9ed55c43,1,a_949a326d,Jean Sibelius
ac_fa7cd7ea,0,a_15dea18a,Denez Prigent
ac_a4e22360,0,a_549e6f8d,Raimundos
ac_d1c818e7,0,a_30829c65,Robert Randolph  The Family Band
ac_7ac941f7,1,a_64a4c38b,Orchestra New Russia
ac_69a6b120,1,a_16b64f19,Lloyd Banks
ac_145e64b8,0,a_de66184a,Anberlin
ac_3a4c84e7,1,a_81e2ca4c,Joel McNeely
ac_6e676a54,1,a_a11f6e8d,Michel Plasson
ac_339e2142,0,a_c58d046f,Daniel Bierton
ac_cbed0454,0,a_e0d48f81,Groovy Godzilla
ac_110e687e,1,a_603b4a27,Ray Brown
ac_1d765762,0,a_1c48a9cf,Johnny Cash
ac_03fdefbe,0,a_f04723d6,Robert Calvert
ac_8b9659b0,0,a_d3373ae9,Mortuus Infradaemoni
ac_938dff92,4,a_76ef8891,Elsa Saque
ac_69995cf5,0,a_8a61b05d,Mark OConnor
ac_fbed2d5b,0,a_18be5741,Michael Endres
ac_4d3267cf,0,a_d6894409,Thyrfing
ac_68326412,0,a_2f69617f,Fear Condition
ac_3dde9637,0,a_b6cb4775,St Vladimirs Seminary Chorale
ac_96fa81b1,0,a_24a2c6bb,Tõnis Mägi
ac_3467f67f,0,a_cc9a1fc8,伊藤真澄
ac_82886dba,0,a_26749ed9,Le Modem
ac_cd1cfb92,0,a_e56f7703,DJ Whiteowl
ac_b5b976ef,1,a_a8caaadd,Icewear Vezzo
ac_bc9ea6eb,0,a_8c1228c8,Mills Embargo
ac_b696b94d,0,a_becfa1d9,Big Walter Horton
ac_c83959af,0,a_4d78a23f,Hoodoo Gurus
ac_07872eac,0,a_cbce1799,Alexandre Tharaud
ac_d1c818e7,2,a_ff6a230b,LeRoi Moore
ac_ea1d759d,0,a_8d02305f,John Pizzarelli
ac_b9d20ca3,0,a_e8860480,Cybertrybe
ac_94fe2cc8,0,a_da554332,Frank Chacksfield  His Orchestra
ac_73da3ea5,0,a_7685de1e,Kenny Rogers
ac_adfee0e1,0,a_fa570a0a,Steve Tilston
ac_f74b5b4c,0,a_25436758,Victims Family
ac_b436ade1,2,a_2db2d828,Reinhardt Lutz
ac_086bd64b,1,a_38d91e6d,Rihanna
ac_fdffc628,0,a_878337a4,Dive
ac_b3406cff,0,a_c4a43b4c,A Flock of Seagulls
ac_f97e74a8,0,a_306b8279,The Vaselines
ac_e99b503e,0,a_1ebaa0ce,AlienSix13
ac_a88bf746,0,a_58f4f62c,RIP SLYME
ac_4e9bc3a0,0,a_a7477d15,岩代太郎
ac_d9d7af71,0,a_bd31543e,wumpscut
ac_28d2481c,0,a_99df6ad2,Engineer
ac_978a2676,0,a_b7368977,Bloodstone
ac_037a5491,0,a_9145286a,biff0r
ac_b0ca5d81,1,a_f2f8a3ca,Cigala
ac_2b039d27,0,a_0184886c,Alex North
ac_bc63ae2d,0,a_b57af711,Rob
ac_5b353613,0,a_515fcc10,Young Mozart
ac_738605e2,0,a_16787f94,Judith Pearce
ac_32ab2da1,0,a_08d45ed7,Cyberfit
ac_c4ee4d93,2,a_cafe18e5,Herb Ellis
ac_7a416b3b,0,a_8b0e8bd8,Paul Shaw
ac_6ba5f1fd,0,a_764e0904,Star of Ash
ac_5b1fc3f3,0,a_ba37db44,Terrace
ac_f74a92bd,0,a_2d90b538,Diogo Nogueira
ac_74d0b8ac,0,a_05fed015,Filibuster
ac_5c6d03b6,1,a_70a74035,José Serebrier
ac_6f050586,1,a_16e4c541,Leith Stevens
ac_0cbc2496,0,a_9284011e,A Sunset Diary
ac_8ef63c61,0,a_182c728b,Grownup Killjoy
ac_334545bf,0,a_b41a5cf6,Las Estrallas Cobo
ac_003b2a88,0,a_03ae5ed7,Roberto Silva
ac_eb9a3fad,0,a_ced57fec,Flathead Seven
ac_1bfc6e1f,0,a_7e5fba64,Prokofiev
ac_716bc85e,0,a_cef3ea7b,Steve Merlin
ac_05766282,0,a_54d02c02,Beres Hammond
ac_d26df141,0,a_0ba3f26a,Sidney Bechet
ac_e0045b9a,0,a_6cb5900b,Crawling Chaos
ac_a47f84b8,0,a_e27ac77f,The Ascetic Junkies
ac_f8df797b,0,a_a0615cb4,BeeBee
ac_31cf4fa6,4,a_8f9090ec,Academy of St Martin‐in‐the‐Fields
ac_050e384f,0,a_21583556,サイダーガール
ac_958a5e7c,0,a_61d09f4b,Stalingrad
ac_80d30e98,0,a_0ebda7a2,Hal Lindes
ac_7a9bfae9,0,a_19fc0002,Big Ministries
ac_6eb4fb13,0,a_851de102,Antonino
ac_dfd2d810,0,a_e8356584,Shenanigans
ac_52536709,1,a_f0185e7e,Tippu
ac_942b6e85,0,a_1df5a669,Lila Deneken
ac_2b1dcc0e,0,a_02018f2f,Male or Female
ac_1bfc6e1f,1,a_4f4fe01a,Leopold Stokowski
ac_f89c5d7d,0,a_2804e75c,Gisèle Favre
ac_85c8bf64,0,a_62da8288,Saccoman
ac_8ff18de3,0,a_f189a812,Janno Gibbs
ac_ad69450d,0,a_74197a3a,Deuce
ac_85553245,1,a_8c136a83,Ben Fenner
ac_79b9a1d4,0,a_9832c8c1,Power Metal
ac_b2406be1,0,a_5d5e8273,Buju Banton
ac_f8776d3f,0,a_fcdffe76,Evaldo Braga
ac_4f2f1925,1,a_c8c6a08a,Les Dudek
ac_71a047f7,0,a_f23a1a84,The Archipelago Singers
ac_ab4bc279,2,a_2db2d828,Reinhardt Lutz
ac_df27a434,0,a_6602c997,James Lavino
ac_ce082f9f,0,a_28ae240d,横山菁児
ac_4c0e47fe,0,a_c6ec8ce9,Black Bear
ac_c3b7fc18,0,a_f3b89bee,Cyclefly
ac_2009123d,0,a_c1466d7f,Katia  Marielle Labèque
ac_2d00e805,0,a_fa02702b,Sons of Chaos
ac_3038617e,1,a_3eab6231,Геннадий Николаевич Рождественский
ac_3238f089,1,a_ee897308,David Rogers
ac_c4e88b98,0,a_609e6875,Mark McGuire
ac_ee827980,0,a_abeebbe4,The Green and Yellow TV
ac_ecd4560e,0,a_f68334a1,Hart Backbord
ac_342563c5,0,a_33c53152,Ellis Paul
ac_938dff92,2,a_699eec3d,English Bach Festival Chorus
ac_86edc9ff,0,a_fc5b819f,Daniel Magg
ac_49f563fc,0,a_671ac474,The Fence Collective
ac_fb16b6d2,1,a_d843a0e4,Eliot Pulse
ac_d1b6b24c,0,a_13c21eb0,Reyli
ac_77bdd0c3,1,a_a4ee0909,Isabelle Faust
ac_0fe228aa,0,a_ccdf045f,Django Reinhardt
ac_e4b9e210,0,a_44097675,Malahora
ac_8fc8a79e,0,a_b7f39490,Sway
ac_7617458b,0,a_b1b055bb,Deadly Buda
ac_95c2c024,0,a_825c8a77,Feathermerchants
ac_b6e9f44b,1,a_26b5035d,Édouard Lindenberg
ac_9635652a,0,a_0cc7b09e,Insingizi
ac_a74188a5,0,a_1ff06ace,Visitors
ac_b5656b07,0,a_65d608f3,Värttinä
ac_2f78afcd,1,a_2be7b00d,John Coleman
ac_b883be11,0,a_1abacc53,Reda Caire
ac_f2d57ff9,0,a_00d87cf7,Viktor Petrov
ac_84404dea,0,a_e5cf91ac,Skunk Anansie
ac_eaa96515,0,a_a47c31db,Bobby Peru
ac_7a45df76,0,a_b7b39f87,The Similou
ac_7e18bb25,0,a_e6b32c4b,Only Us
ac_9d1a2dbd,0,a_614788df,Creedence Clearwater Revival
ac_e54d2aef,0,a_a2e80e05,Tweens
ac_e0171b40,0,a_7aa559c3,坂本九
ac_837d7c84,0,a_c0e028b7,Prinz Porno
ac_b64d27ab,0,a_e70ee307,Merri Gail
ac_4b8b5715,0,a_5efb5da3,Melanin 9
ac_b5b976ef,0,a_5f97a72e,Drakeo the Ruler
ac_de336fa1,0,a_b135a13e,Peter Principle
ac_7155a4f0,0,a_e9235c87,Hugh Marsh
ac_3986e8a3,0,a_c06bbfee,Bread
ac_26cc81ec,0,a_7a73abfe,Circle Storm
ac_7f3b07a3,0,a_8f5a4aba,Timo Räisänen
ac_c19ca1d5,0,a_2d8fabe1,Denison Marrs
ac_a1654f40,0,a_a7e0b391,Solanos
ac_4b8fe941,0,a_ea2e91ed,Heads We Dance
ac_3af07ccf,2,a_d468b492,Didier Lockwood
ac_4bf706ad,1,a_71aadc31,Pete Mason
ac_adae9de1,2,a_cf5774cf,Dana
ac_2c18093d,0,a_35ff763e,dada
ac_76d8ec0f,0,a_c967ef5b,Origin
ac_3d50b42e,0,a_b40855cb,Devin the Dude
ac_24199b21,0,a_188b16a4,Austin Eterno
ac_24bd180c,0,a_018a4382,Rocketsmiths
ac_55654a18,0,a_a15e54f5,Joseph Manson
ac_adb1025a,1,a_8f9090ec,Academy of St Martin in the Fields
ac_c03584fb,0,a_f55c37b8,Numbers
ac_f2d57ff9,0,a_da819e5d,Viktor Petrov
ac_83dbdacf,0,a_a9a0108b,浦飯幽助
ac_22609131,0,a_b09c9359,Triumvirat
ac_7959a0f2,0,a_731b0da9,Gezoleen
ac_c83bddb8,1,a_c245e15f,DJ Supreme
ac_7af6d965,0,a_13af2097,The Idea of North
ac_5f68ab69,0,a_0eaa5eb7,Porn Kings
ac_4c50f7ec,0,a_db1d3cc6,Vakkuum
ac_f5b3d547,0,a_4fde6eb6,The Mills Brothers
ac_a63cc6df,0,a_62376346,Jukka Takalo
ac_8cfff6b3,0,a_462772d4,5440
ac_fa18a22e,0,a_90974164,Joop Visser
ac_9000aeda,3,a_81bb1262,Richard Bonynge
ac_88b89c96,0,a_ed182a64,Massive Attack
ac_0c8e38b4,0,a_33ab8273,Triple R
ac_9c8d97ad,1,a_a9d9c9c9,La magnifica comunità
ac_7b906ebe,0,a_4d136c66,Larry Rhodes
ac_440da9d0,0,a_21a72416,Trip Shakespeare
ac_c18f52ca,0,a_b6653b1b,Darius Brubeck
ac_e371d458,0,a_acfb837f,Balrog
ac_9faba0f2,0,a_70af5e23,Elephant Man
ac_b52a80a3,0,a_10d2c415,Kim Robertson
ac_bcc02849,0,a_a5503d98,Pendragon
ac_a40a53f1,1,a_2ec5a38e,Pittsburgh Symphony Orchestra
ac_2aecf6c1,0,a_94e78896,Jefri Al Buchori
ac_63a97276,0,a_941c34cf,Mary Pope Osborne
ac_70f32a67,0,a_57c2d531,Fear My Thoughts
ac_4fb3460d,0,a_c36bd6d8,Salad
ac_8de40dc2,2,a_dfff3e4d,Concentus Musicus Wien
ac_0bc65895,0,a_a114f562,Dionysos
ac_e0c4628b,0,a_53cece58,Duoteque
ac_aa421997,0,a_76712ad4,Tim Whitelaw
ac_53784e17,0,a_ca25df94,Silmäosasto
ac_279588f8,3,a_bcb771f2,Théotime Langlois de Swarte
ac_12ac0bfd,0,a_4cc5083d,スフィア
ac_ecde568a,0,a_a0168f1d,Nagen  Saugen
ac_a6fca19e,0,a_e1d5da1a,Tynator
ac_0fc1289f,0,a_9af1286e,Joseph Haydn
ac_cead7d1e,0,a_dc5712a8,Bette Midler
ac_24d0b255,0,a_48606561,Lutz Görner
ac_bc18650d,0,a_b5acc95d,The Dodos
ac_8039f6d9,0,a_b97046ad,Megadeth
ac_bece4f0e,0,a_13e08339,Twerps
ac_544ffed9,0,a_3eabc4ee,Kommando Sonnenmilch
ac_43e433b8,2,a_81637e26,The Parley of Instruments
ac_9eed769f,0,a_d1e49b49,Hatebreed
ac_8e2cd7a8,0,a_96a76e0c,Asking Abby
ac_07c2984c,0,a_9baaf5e6,Gypsymen
ac_509d0980,0,a_b67028bb,Prozac Mtn Boys
ac_05cca439,0,a_8eb70c9b,PsyAviah
ac_b9468663,0,a_a995ca9d,Ruth Jacott
ac_a2610d63,0,a_5bf70260,Palmgren
ac_f1bfa4d6,0,a_98468b6f,Ex Cathedra
ac_555cdec9,0,a_e87d7aa6,Tan Dun
ac_5bb1906c,0,a_eae192b0,Алла Пугачёва
ac_ce5cd459,1,a_dee7432f,Michael Gungor
ac_2e1bd3f6,0,a_1bd0d017,Bloody Tears
ac_9754330e,0,a_3cf6347d,Sticky Productions
ac_d6641561,0,a_992296a0,Fluke
ac_16ce3c3e,0,a_25f0e141,Mary Byrne
ac_2c3dcac4,0,a_32512182,Manolo Guardia
ac_6c02449a,1,a_0afb2c20,William Stromberg
ac_49ec85a7,0,a_f9e94315,Monica Törnell
ac_df70cc63,0,a_72646e91,Коrsика
ac_9e83821c,0,a_bde51ad3,Sick of the Law
ac_d2db0176,0,a_81f030e3,Karim Kacel
ac_73e1e3f4,0,a_1353a517,Emrah
ac_a4fb1b00,0,a_6573ada1,菅野よう子
ac_30caf16e,1,a_1e6a81d9,The Magnificent
ac_ab4bc279,0,a_b488ff16,Dvořák
ac_64879e72,0,a_6be0e992,Euhedral
ac_a586b976,0,a_977d1b38,Lobão
ac_21cadcac,0,a_1c9d1a19,산울림
ac_c64fc0a2,0,a_fea1d8ec,The Klezmer Conservatory Band
ac_d1b4aa65,0,a_77bdc919,Μάνος Χατζιδάκις
ac_d7db0fae,0,a_3577e245,Jars of Clay
ac_e1b96540,0,a_4db67b4f,Brinsley Schwarz
ac_e9ab2b6d,0,a_f14f4eba,Michael B Tretow
ac_61252f68,0,a_5a613589,Never Get Used To People
ac_e013ed81,0,a_60ed257d,Stanley Clarke
ac_52536709,3,a_96375da9,Solar Sai
ac_87dce567,0,a_07f02008,Van Coke Kartel
ac_1a882a47,1,a_adeb7e13,Leslie Howard
ac_9a05f585,0,a_c251ccf3,Kate MacLeod
ac_ce06b3f8,0,a_25f0e141,Mary Byrne
ac_c7e5140c,3,a_b25077fd,Joseph Feinstein
ac_b696b94d,0,a_4deb7acd,Big Walter Horton
ac_738605e2,2,a_9ef466a8,Michael Collins
ac_b6e7dfad,0,a_f9210921,Rorschach Test
ac_5aafe7f5,0,a_5d5e8273,Buju Banton
ac_c4ee4d93,1,a_06f80f24,Ray Brown
ac_1d6d4d89,0,a_aa11b471,Malcolm Arnold
ac_d7ab57a1,2,a_ab1bac5e,Геннадий Николаевич Рождественский
ac_8e9fa5c7,0,a_ca67576e,Caroline
ac_b9468663,0,a_8af9ab09,Ruth Jacott
ac_803252a6,0,a_0e9dfdc3,Jerry Kimbrough
ac_1d46eb88,2,a_325f2b2d,Eivind Aadland
ac_dd90f646,1,a_f4f790ce,WDR Sinfonieorchester Köln
ac_3b31cfda,0,a_0d9c3e1d,Jaromír Nohavica
ac_cb3a1fc5,0,a_3fb7a4e1,Louis Armstrong
ac_fc5d62bf,0,a_57c15213,Technicolor Fabrics
ac_c30c8228,0,a_22afdd88,zoe bat
ac_c1418071,0,a_5d81849a,Aly  Fila
ac_79fa84e5,0,a_932d1bb4,The Chordettes
ac_806d6fa7,4,a_b56f2499,Sophie de Bardonnèche
ac_f3f2d2bf,0,a_2f1086a0,Áine Minogue
ac_5d5a8d06,0,a_dfc66958,TeeKu
ac_adfee0e1,0,a_c4e0f4ff,Steve Tilston
ac_f57a87f1,0,a_b468cb51,Irena
ac_806d6fa7,7,a_2c2b8037,Justin Taylor
ac_7416ec62,0,a_9291eaf7,新垣結衣
ac_73da3ea5,0,a_2f2a3f2a,Kenny Rogers
ac_b875ec09,2,a_fed57703,Priya Subramani
ac_76a4bad9,0,a_a7aca824,Khuli Chana
ac_29b7c820,0,a_e54c1b4f,Тараканы
ac_806d6fa7,0,a_5345b64b,Dandrieu
ac_339e2142,0,a_32ff06e6,Daniel Bierton
ac_8d56f1fd,0,a_770351a8,Madog
ac_4c131a71,0,a_06851c46,The Shamen
ac_22751677,0,a_5be2e3f3,Dorsey Brothers and Their Orchestra
ac_b378531d,0,a_66b13edc,AG Flek
ac_c197e345,0,a_e72021b9,African Head Charge
ac_3967c2d5,0,a_73a721f4,Samson François
ac_6bbef381,0,a_a6794b66,Blair Crimmins  The Hookers
ac_0972b6d2,0,a_5d0a1470,Hecenia
ac_93206e2e,0,a_b6cf3bce,My First Days on Junk
ac_6d33b75f,0,a_e6c5fbc8,Madonna Over Yorkshire
ac_5637fb02,0,a_5d71b9af,The Gaturs
ac_d5b712d4,0,a_4f7cffa0,Marco Beltrami
ac_b3af926c,0,a_fd992b51,Agathocles
ac_bc63ae2d,0,a_44d9e01d,Rob
ac_84caa30e,0,a_50957d7b,Nebelhorn
ac_cab1e65f,0,a_8a0b4d57,Leon Redbone
ac_94bf2680,1,a_7263902e,John Williams
ac_d50b7264,0,a_afd9e6fb,Tooth
ac_98d379eb,0,a_a6da6fa8,REM
ac_f09f3b1f,0,a_237144fd,Intergalactic Faerie Funk
ac_ecabf20c,0,a_cb25c487,Bolivia Manta
ac_8c333438,0,a_df99323a,Jip
ac_cc4f8bcf,0,a_e66cef4e,Lesser
ac_f1b2de2f,0,a_5480eb09,Jerry Garcia
ac_8b0c8f57,1,a_7aec9cd8,Rolf Junior
ac_4925d959,1,a_6c197d59,Pavel Wožniak
ac_8ef63c61,0,a_c59767a7,Grownup Killjoy
ac_fe642c72,0,a_0693462f,Loircord
ac_fa9fc694,0,a_f5c1c89d,Distance
ac_71018ff7,2,a_3efdcbca,Billy Cobham
ac_4d859465,0,a_1387e638,Justeeri
ac_8b0c8f57,0,a_e3bb32d1,Mad Masterz
ac_dc0cffb8,0,a_b31675f8,Sean Hughes
ac_98c0f12e,0,a_a8cb29f7,Jeff Loomis
ac_0bcdf9e0,1,a_dfbff58a,Bernard Xolotl
ac_76836b65,0,a_16e49a3d,Pate Mustajärvi
ac_279a2daf,2,a_380ad8eb,Ben Riley
ac_96e0b3d2,0,a_6c3a0e57,Miserylab
ac_19dc4446,0,a_dd6b9f1c,Mac Kregor
ac_733b6c78,0,a_5d0a1470,Hecenia
ac_345f08c1,0,a_8399a72b,The Painted World
ac_9b5cf876,0,a_8b78794c,Sanjay Mishra
ac_ac0bbe28,0,a_cecf26ef,Mark Emney
ac_d0b5c9a9,0,a_d3534f14,cloud
ac_26ef164f,0,a_ef24ff12,Harry Bluestone
ac_260f2ab7,1,a_63205e1a,Ricki Wilde
ac_2a40c437,0,a_cbdcb9e8,traditional
ac_e93650a0,1,a_c9daba79,Nikolaus Harnoncourt
ac_080ff620,0,a_7d2cb326,Norah Jones
ac_509409ba,0,a_9c589996,Sex Love  Money
ac_7c5c6c29,0,a_c76060b4,Stockholms Negrer
ac_2212a7a3,0,a_2fff2b75,Lightning Bolt
ac_0ac243e8,0,a_6f2af34d,Chris Egan
ac_bc9ea6eb,0,a_3ed1c11f,Mills Embargo
ac_22847ea0,2,a_ab1abe6d,Andrew Parrott
ac_3a08ede0,0,a_31a3bf1a,The BBC Radiophonic Workshop
ac_a845b049,0,a_02b5780a,Enzo Ortiz
ac_93e46eb8,0,a_3577e245,Jars of Clay
ac_25b2b1cd,0,a_dd996133,Shu•bi•dua
ac_ee177e76,0,a_05579cd9,Doreens Jazz New Orleans
ac_efa5f925,0,a_b46ee5b7,Faudel
ac_f6d579fd,0,a_738f0874,FreiWild
ac_73704b0d,3,a_a9d9e074,Joseph Feinstein
ac_d97c245a,1,a_22fe27f8,Jófríður
ac_3358b756,0,a_c62ab2e6,Anne Sylvestre
ac_59862912,0,a_a3f3aa13,MPB4
ac_fb81e3e6,2,a_3267c2e4,Birgit Nilsson
ac_57cc4a35,1,a_95f3c185,3rd Degree
ac_1a68a47d,0,a_3ae654e4,神前暁
ac_e1553df0,0,a_738f0874,FreiWild
ac_7c337037,0,a_0dc9aac9,The Shambolics
ac_81507192,0,a_266160b8,Tears of Martyr
ac_23a1b756,0,a_39254926,Ars Macabra
ac_5b1edb6e,1,a_d3f802d7,Mozartorchester des Opernhauses Zürich
ac_65226517,0,a_8d4fd531,Louie Ramírez
ac_f06787ac,0,a_e6cb9f6f,Les Brown
ac_0898eecb,0,a_d4433434,버즈
ac_1e581447,0,a_18e4002d,Richard M Sherman
ac_2fb9cb95,0,a_b0fac678,Lu Watters Yerba Buena Jazz Band
ac_52536709,5,a_ff56a1ae,Srik
ac_3af07ccf,0,a_8a1112bf,Alain Caron
ac_8a9d94f5,0,a_08ea1ab9,Cleaners From Venus
ac_dc08f402,0,a_1a4a468d,Laura Andreşan
ac_c9b2bab4,0,a_42ee8a9f,Captain  Tennille
ac_ae7fafc9,1,a_e3e037a3,Leslie Howard
ac_63a94fe7,0,a_3c6788b7,Electronic
ac_1d591c71,0,a_978751a8,Juanita Williams
ac_a66f6f77,0,a_84a87cab,Celestial Aeon Project
ac_44e66692,0,a_afbbcb59,Dead Vampires
ac_76a4bad9,0,a_0f3087bf,Khuli Chana
ac_e91854c5,0,a_1d825a83,Aube
ac_e6a2af12,1,a_7eb85615,The Parley of Instruments
ac_70f32a67,0,a_90e06d1c,Fear My Thoughts
ac_61133b1a,0,a_ee2df951,David Arnold
ac_74cf6b7c,0,a_c63c70d8,Fireside
ac_de53dddd,0,a_a49afe53,Junip
ac_bef8f8e0,0,a_7002fbb2,Jimmy Kaleth
ac_4399c710,0,a_3b4e0962,Marco Antonio Solís
ac_76fe4296,0,a_b4db1a78,Life Sex  Death
ac_214d8631,0,a_0eaa5eb7,Porn Kings
ac_de7869ee,0,a_d140cb77,Yggdrasil
ac_f6ced4d6,0,a_fb64f3b0,Imagination Society
ac_a146d460,0,a_b3e7e197,Xenoscapes
ac_8282f4c7,0,a_3413c10b,Another Race
ac_3fb70224,0,a_b63ec441,Van Coke Kartel
ac_329e927f,0,a_48a6245a,Little Simz
ac_fde306b1,1,a_202dea05,Polo de Haas
ac_707acc87,1,a_0dcd1b64,Sunlounger
ac_0230f9c2,0,a_499b59a5,Dětský sbor Prážata
ac_2ae1fe58,0,a_851b652c,NoNeck Blues Band
ac_2afcd86b,0,a_fdad6f96,1917
ac_e4e4e045,0,a_7b0fbd82,Losing Scarlet
ac_279588f8,2,a_93ac4e50,Le Consort
ac_9bd9f9d0,0,a_8a0b4d57,Leon Redbone
ac_0c37e5c9,0,a_236c87d1,Terry DevineKing
ac_c653c256,0,a_aa22d158,Teresa Brewer
ac_510e5ddd,0,a_3175f7da,La Inestable
ac_b1849c50,0,a_3cad29b3,Neljänsuora
ac_4c47a950,1,a_660b15a6,The Sixteen
ac_c6a6c4ca,0,a_5bf70260,Palmgren
ac_2d6d06e8,0,a_33f8c348,Engineer
ac_83d30039,0,a_3267c2e4,Birgit Nilsson
ac_bc944f62,0,a_0667b026,Savana
ac_d5612102,0,a_9a696178,Sin Eater
ac_7883a077,0,a_89bfba72,Sebadoh
ac_173672ae,0,a_a3db4a5c,鷺巣詩郎
ac_056ef8af,2,a_7033fa75,Denis Dobrenz
ac_9024325b,4,a_5176324c,Plácido Domingo
ac_c749d1e9,0,a_980f95d3,Ivan Lins
ac_bb3e24fa,0,a_b0715eca,Тараканы
ac_a281b71c,0,a_4f4a2f05,The Red Krayola
ac_fce094b8,0,a_eb074e05,Tanya  Dorise
ac_fe79c95c,0,a_e071ca37,Veer Chasm
ac_0f7b1da9,0,a_8fd502c4,Майя Кристалинская
ac_c4ee4d93,2,a_46d3de00,Herb Ellis
ac_abc62c15,0,a_7f3bb556,Ruffnexx Sound System
ac_d04aa0ee,0,a_431e790b,4lung
ac_ef5c923e,0,a_a67a7b8f,Rust College Quartet
ac_41d6d886,0,a_b7e11943,Mudmen
ac_b9d28381,2,a_b8f8aae5,Fred Oldenburg
ac_9c32442f,0,a_8ea29f37,Schnuckenack Reinhardt
ac_acba64b4,1,a_e77c9843,Michael Tauben
ac_2419ec21,0,a_04ea523f,Warhammer
ac_adcb487d,0,a_f20994cf,Die Allergie
ac_0f7c27fd,0,a_ea5f89f3,Steven Halpern
ac_fe255137,0,a_39fa8bc6,Ee
ac_2693d1dc,0,a_a44cefec,Dialogue
ac_7416ec62,0,a_b480a2ae,新垣結衣
ac_2044711f,0,a_14e50ca2,A Hero Named Hope
ac_ce8704d8,0,a_70b54ad0,The Servant
ac_061f5ccd,0,a_a70328d0,Mod Con
ac_bddbada4,0,a_0efbd918,Dvořák
ac_02783336,0,a_d3917771,Ross Hardy
ac_d29bec41,0,a_08e9e6f0,Dark Tribe
ac_1d701e9b,0,a_c6e8358c,Tourist
ac_f8fbcbc3,0,a_70c8abfa,Råd Kjetil and The Loving Eye of God
ac_8e3ad61b,0,a_2071615d,Yö
ac_cd1cd044,0,a_7a0d666e,Luxus Leverpostei
ac_43fbe679,5,a_ddf0621d,Academy of St Martin in the Fields
ac_47882204,0,a_4d492cab,Celso Fonseca
ac_ef6bcda5,4,a_391e0b9f,Schumann
ac_6501762f,0,a_ff0b6441,The Bakers
ac_e2dbeb7b,0,a_6ce0558b,Little Simz
ac_942b6e85,0,a_5c929978,Lila Deneken
ac_3d37e9db,0,a_fcec2ed9,The California Aggie Marching Banduh
ac_0ca4ba72,0,a_dce2523a,Sam Tsui
ac_6fa7d323,0,a_2dbebb95,Scheibosan
ac_6029f60d,0,a_77ed3697,Dead Ghosts
ac_8702ea4f,0,a_5b8b9852,TV on the Radio
ac_c9b5e5b3,0,a_f7cf8659,Larry Elgart  His Manhattan Swing Orchestra
ac_f6a3c547,0,a_e071ca37,Veer Chasm
ac_84caa30e,0,a_dea312d2,Nebelhorn
ac_8413098e,0,a_232b7849,Mike Candys
ac_037a5491,0,a_cfc722bd,biff0r
ac_ce5cd459,0,a_3577e245,Jars of Clay
ac_797b29b3,0,a_018fa57c,Battle Circus
ac_4ba3841e,0,a_be402e8a,Danças Ocultas
ac_aba6703a,0,a_f89d62e9,Lars Lilholt
ac_fde306b1,2,a_28922e63,Kees Wieringa
ac_b5b976ef,0,a_5f97a72e,Drakeo the Ruler
ac_58bfcba9,0,a_04ae5cac,Tetine
ac_8e2cd7a8,0,a_6a0b7ed6,Asking Abby
ac_4c5d3b8c,0,a_745b619d,Bart Hawkins
ac_f72cd4e0,0,a_999fd4f0,Manau
ac_98d379eb,0,a_e0114697,REM
ac_e9a1ada1,0,a_ef5305cb,666
ac_9a05f585,0,a_c251ccf3,Kate MacLeod
ac_30caf16e,0,a_8934f089,The Glory
ac_4d1a598c,0,a_b4b25b56,Nick K
ac_b19cc936,0,a_ae3fbc8a,Susanne Mentzer
ac_b418c104,1,a_91a0a871,Lotek
ac_72ee3275,0,a_1277fb65,Denean
ac_94b79828,0,a_c30e8ead,Pete Lockett
ac_e31e315b,0,a_da13a1a4,James Last
ac_3832e28e,0,a_a06d41e1,Kobranocka
ac_2afcd86b,0,a_e9e67de4,1917
ac_6bb7526a,0,a_adeb7e13,Leslie Howard
ac_696491f9,0,a_bbad3538,Pēteris Vasks
ac_440a99da,0,a_7c112452,Vendaval
ac_9f5ed967,0,a_5e3d7c17,Glen Gray  His Orchestra
ac_30caf16e,0,a_8e34904e,The Glory
ac_1c51d687,0,a_1c2a1542,ブリーフ＆トランクス
ac_0f1d4995,0,a_03fdff82,manmachineindustry
ac_bf14f9a7,0,a_26751a5b,Simon Stewart
ac_13d3bf07,0,a_abd70ef5,San Ul Lim
ac_6e250b92,0,a_65c88ce3,The Lightning Seeds
ac_7d53476e,0,a_de244de2,Thieves Like Us
ac_afa35b2e,0,a_b135a13e,Peter Principle
ac_4d97a310,0,a_13d50323,Gabriel Fauré
ac_fb5aac2e,0,a_756e3c15,Cry Wolf
ac_75ab3acf,0,a_3d185aec,Marianne Rosenberg
ac_4399c710,0,a_8c2bb2fc,Marco Antonio Solís
ac_ef8d3603,0,a_7ca4aa08,Elvis Costello  The Attractions
ac_8580bf1a,0,a_d886ff10,Break the Silence
ac_6b33b67f,0,a_7ceb84ac,Michale Graves
ac_e910ba90,0,a_4d90cad0,Die drei 
ac_b19cc936,2,a_040444cf,Welsh National Orchestra
ac_457f3334,0,a_8ca20346,1UP
ac_4d3267cf,0,a_5896757f,Thyrfing
ac_94adafe1,0,a_e7452703,Peter Finger
ac_c4069d82,0,a_7173f2ad,Henry Threadgill
ac_59675ce6,0,a_4b556da8,Val Doonican
ac_38bb3abc,1,a_3290abff,The Wailers
ac_27e06777,0,a_242bf849,Szidi Tobias
ac_88b89c96,0,a_fcc1095b,Massive Attack
ac_65a0ca8d,0,a_e0451ca9,Mathieu Ruhlmann
ac_06e75943,0,a_eec18c12,Epsylon
ac_e7bd70bb,0,a_95276229,Brian Eno
ac_61e5e4d9,0,a_462772d4,5440
ac_c03f5134,0,a_fb1af5a0,Haus Arafna
ac_3ed219b2,1,a_af2d19de,Scott Ross
ac_9c32442f,0,a_8ea29f37,Schnuckenack Reinhardt
ac_68f60ebe,0,a_80be45f1,The Countdown Mixmasters
ac_bef06611,0,a_3f9c0f3e,Alexander Armstrong
ac_37788a18,0,a_40b8dd31,Madball
ac_02bf3730,0,a_8e1d8ac6,Téada
ac_65821d98,0,a_caf2dfc6,Alien Sex Fiend
ac_7522e6a1,1,a_4f4fe01a,Leopold Stokowski
ac_2fa8a095,1,a_121dbc7f,Jon Harnish
ac_69995cf5,0,a_8a61b05d,Mark OConnor
ac_3174ad22,0,a_669c115e,Bernd Reheuser
ac_83a9a6bb,0,a_1007404c,Daddy Yankee
ac_b6209ec0,0,a_2ec5a38e,Pittsburgh Symphony Orchestra
ac_2d1b5c5e,0,a_4e32923e,Robert Shaw Chamber Singers
ac_38bb3abc,0,a_cadf72ad,Alpha Blondy
ac_f27e015d,1,a_1dc0a64f,Andre Perry
ac_43fbe679,6,a_c12268b6,Neville Marriner
ac_2c40f1a7,0,a_1d6732c4,DJ Acucrack
ac_6e676a54,1,a_757bd664,Michel Plasson
ac_b418c104,0,a_99c2d4cd,Seba
ac_8cc45c01,1,a_da936db5,WILLOW
ac_ba345c38,0,a_03edbf2b,Hannah
ac_18d6cfa0,0,a_5d6aa638,KnockDiesel
ac_8b890c42,0,a_c4553db6,LTJ Bukem
ac_ba7b2d40,0,a_13af2097,The Idea of North
ac_b8234278,0,a_34ff2201,Insomnia FM
ac_4f2f1925,1,a_c8c6a08a,Les Dudek
ac_08406c12,0,a_e448fab4,Phiiliip
ac_6c4c0b39,0,a_d6c27391,Fluke
ac_9745feb2,0,a_c653cfb3,King Adora
ac_efa5f925,1,a_77e70511,Khaled
ac_e2d1b13c,0,a_b67028bb,Prozac Mtn Boys
ac_bd538e8b,0,a_05494f3d,Harp 46
ac_be604cb1,0,a_582f87a7,Ponies at Dawn
ac_e996c33d,0,a_1cce8065,Naked City
ac_0dbd6dc9,0,a_f94a7bb1,Maria Callas
ac_14aae6b5,0,a_838ebcef,Arsen Dedić
ac_958bf395,0,a_f10ce1f5,Goodbye Harry
ac_83dbdacf,0,a_9e8eedba,浦飯幽助
ac_ebfbffc0,0,a_19a95da2,Älskade barnvisor
ac_67a9fffb,1,a_ebbe7299,The E Street Band
ac_8cfe69b1,0,a_701b7dff,Andrew Powell
ac_fe302359,0,a_43bbe950,Dwight Twilley
ac_5ab6bee9,0,a_12856622,Jus de Bocse
ac_70a23262,0,a_ef432a9f,Katherines Favorites
ac_6281f86a,0,a_219aa8b1,Annie MG Schmidt
ac_aba6703a,0,a_2622d9fe,Lars Lilholt
ac_9a05f585,0,a_d498c373,Kate MacLeod
ac_7a9d66c8,0,a_fb9a30b2,Robert Etoll
ac_2086997a,0,a_a1d11370,The Loud Family
ac_7e59fabf,2,a_1c06dc67,Leonhardt
ac_43d17e82,0,a_a4b40371,Sackrai
ac_9badf0de,1,a_c1466d7f,Katia  Marielle Labèque
ac_4f1c879d,0,a_2787b023,Kevin Whalum
ac_6d4f47cf,0,a_d967a0c1,Μαρία Φαραντούρη
ac_40e86b86,2,a_325d6d65,Herb Ellis
ac_ba710e48,0,a_b492fb7a,Cartolas Band
ac_37b7e7a0,0,a_29071605,Alice Nine
ac_dc6b3826,0,a_2d90b538,Diogo Nogueira
ac_6e72c61d,1,a_987ceece,Nikolaus Harnoncourt
ac_96581834,1,a_5b103e6a,Sir William Walton
ac_1c51d687,0,a_c5f2daf9,ブリーフ＆トランクス
ac_6bf20493,0,a_f789501e,Crimpshrine
ac_e7bd70bb,0,a_5ad18bb4,Brian Eno
ac_a4bd6a36,0,a_67f3ad0e,Antonio Vivaldi
ac_9efd9eb6,0,a_657d5c68,The Lost  Found
ac_bd538e8b,0,a_dd4ef50b,Harp 46
ac_40e86b86,1,a_603b4a27,Ray Brown
ac_248b58bf,0,a_3c703868,Ikon
ac_137ac00a,0,a_6a3c9d5f,RAINBOW
ac_0b5dee5b,0,a_036776c4,Quoit
ac_19609511,0,a_c0d494b2,James Morrison
ac_bc8dc80d,0,a_3b6b48f1,Deep Dish
ac_76d7461d,0,a_d0af4046,Joe Cocker
ac_41d1a702,0,a_672dcabf,Duke Ellington  His Orchestra
ac_631bb130,0,a_bcf53ef9,Raul Seixas
ac_95ceaf9c,0,a_8b713665,Peak
ac_1dfc384a,2,a_c47e903f,Zerang
ac_a620c215,0,a_2dbebb95,Scheibosan
ac_492a378b,4,a_80890658,Najee
ac_bece4f0e,0,a_13e08339,Twerps
ac_76ea6edb,0,a_dfe493b2,Georges Delerue
ac_69e5e4e6,0,a_6558527c,Christian Gerhaher
ac_380bdfbd,0,a_2b732b31,De La Soul
ac_648a70e2,0,a_8412daef,Sylvia Telles
ac_61e731cd,8,a_5439624a,Martin Sieghart
ac_3ebf026a,0,a_0d9c3e1d,Jaromír Nohavica
ac_21f797c8,0,a_e4e36e7d,Rachel Hughes
ac_0a901c30,0,a_98db5c34,Little Pepe
ac_18bcd88d,0,a_2e976fd1,Frekkr
ac_b875ec09,4,a_fa59e81a,Emcee Jesz
ac_26c49875,0,a_4f7cffa0,Marco Beltrami
ac_010dfef9,0,a_9bda3a0e,İbrahim Tatlıses
ac_f58f9380,0,a_e43f7c74,Traindodge
ac_54af525a,0,a_1387e638,Justeeri
ac_24bccb31,0,a_68cbd237,The Tremeloes
ac_db094877,1,a_7e06384d,Lenky
ac_c19ca1d5,0,a_1fb0c536,Denison Marrs
ac_a90ae735,0,a_003bc831,Giant Claw
ac_1dfc384a,0,a_5f087f4b,Erb
ac_9ed55c43,0,a_c2c8112a,Richard Strauss
ac_2333924e,0,a_6fc39158,Lunik
ac_c17e56f9,0,a_d8b2a8d3,My Vitriol
ac_925b5344,0,a_0c49d72c,Shearer
ac_87e337a2,0,a_f093231e,Save
ac_935ffdbb,0,a_a114f562,Dionysos
ac_40ef38f8,0,a_84a95aa3,Consonant
ac_f8cf2b16,0,a_a8c56544,language instruction
ac_91ff5a36,0,a_87d92d5e,Steven John
ac_4b8feba1,0,a_d5e165de,Jussi Björling
ac_d7a2db12,0,a_056df612,Bill Jones
ac_2d1b5c5e,0,a_3344cebb,Robert Shaw Chamber Singers
ac_cee5d2df,0,a_577c42a3,Lazzi
ac_50bf37cf,0,a_87d92d5e,Steven John
ac_24c07d7c,0,a_1a34c10c,The Playtones
ac_2ccc30de,0,a_c504a410,The Academy Allstars
ac_3ed219b2,0,a_c46715ab,Domenico Scarlatti
ac_42aff99e,0,a_8c05c93d,The Clientele
ac_4631dd11,0,a_3eae5a48,Nevertheless
ac_da4af348,0,a_484fccfb,Petrus Castrus
ac_60268d1b,0,a_74f8e8f5,Boris Mourashkin
ac_8cc45c01,1,a_90141928,WILLOW
ac_9bba721b,0,a_66d5d486,Lois McMaster Bujold
ac_b6811e69,0,a_add7d244,Judith Weir
ac_3214d4f0,0,a_4e5fff84,Jean‐François Dandrieu
ac_2c5a9978,0,a_6d0a4e57,Heather Nova
ac_6e1d9c63,0,a_97fd4457,Another Green World
ac_54885b4d,1,a_00eec322,Engineer
ac_2a21835b,0,a_2a1f037f,Christy Moore
ac_729969fe,0,a_65d608f3,Värttinä
ac_b4a64118,0,a_affef9a3,Tale of Voices
ac_c9b5e5b3,0,a_10fa4f4b,Larry Elgart  His Manhattan Swing Orchestra
ac_8d24567c,0,a_bb464bdc,Zodiac
ac_db19acdb,0,a_31e1e6c9,The Groove Farm
ac_9ddfe195,0,a_7780ced8,Marcia Hines
ac_5271bc2f,0,a_e0ff2e11,Dimitri Kitayenko
ac_a9408d66,0,a_5ce02c3e,The Bilinda Butchers
ac_6b24612a,0,a_ed682b2b,Tya
ac_410dc469,0,a_dce2523a,Sam Tsui
ac_e8fe3c02,0,a_6f8d01b6,They Would Be Happy People
ac_b9468663,0,a_30cf2c36,Ruth Jacott
ac_613397b4,0,a_62453f22,Barrie Gledden
ac_04ab4a8e,5,a_a5eab5a6,Michel Corboz
ac_e6c676c4,0,a_8dd79c68,Spawn
ac_fde306b1,4,a_40392d1c,Fred Oldenburg
ac_3a4c84e7,1,a_b77dd5e0,Joel McNeely
ac_9d829a77,0,a_ed2a8591,陶喆
ac_3da1c09f,1,a_202df2d2,Merl Saunders
ac_c03a6451,0,a_b83cd4df,Eumir Deodato
ac_b436ade1,0,a_b488ff16,Dvořák
ac_739ac940,0,a_7e2dcd0b,Veil of Ashes
ac_43fbe679,5,a_8f9090ec,Academy of St Martin in the Fields
ac_74d0b8ac,0,a_c568606b,Filibuster
ac_43c6763a,0,a_c4fd46e8,Avey Tare
ac_d3d86601,0,a_f05954b0,Annisteen Allen
ac_1504d740,0,a_76a77d41,Pan•American
ac_d8e2a2d7,0,a_6704fe55,Paul Dukas
ac_13e8d349,1,a_67805ae3,Sir Laurence Olivier
ac_a0769afa,0,a_3589f083,Madame Bovary
ac_4925d959,0,a_02c51a4d,Helena Vondráčková
ac_d6242d2c,0,a_dd54f3c2,The Creams
ac_3923414e,0,a_1ff06ace,Visitors
ac_2caf374d,0,a_4c44407f,Spread Eagle
ac_30573624,0,a_6cb64550,The Rhombus
ac_b7d2fc4a,0,a_9a943a16,Les Forbans
ac_cb3a1fc5,0,a_99b244aa,Louis Armstrong
ac_9b502c8c,0,a_28079d5c,Praveen
ac_5365a021,0,a_c1ea692a,Marillion
ac_1fced2af,1,a_b0715eca,Тараканы
ac_89d3685e,1,a_71aadc31,Pete Mason
ac_fde306b1,2,a_51e75c7f,Kees Wieringa
ac_c83bddb8,0,a_0eaa5eb7,Porn Kings
ac_a1008d41,0,a_e2442219,Daco
ac_ed7da769,0,a_b6018cd9,Wolf Ram Heart
ac_0b8e97ab,0,a_7fa2b3a7,Teoman
ac_719cd7df,0,a_2320dcb3,Unity One
ac_50ae245d,0,a_0e49565f,Exited
ac_efc4a1af,0,a_29071605,アリス九號
ac_b507252b,0,a_c44a8c71,T‐Bone Walker
ac_fed0a661,0,a_1e8a76ca,Lester Young
ac_c0fd25cc,0,a_36cb4032,Kristina Bach
ac_1b0a8a46,0,a_ca97fed6,The Chills
ac_f44047ff,1,a_92fe54a2,Project Pat
ac_a4bd6a36,1,a_79b0cb5d,English Bach Festival Chorus
ac_9ed55c43,3,a_5725768a,Janos Solyom
ac_bb3e24fa,0,a_2ae326a2,Тараканы
ac_baba92dd,0,a_63ddeacc,Archers of Loaf
ac_581606a0,1,a_f15d695d,Philippe Lejour
ac_df8752dd,0,a_16e4c541,Leith Stevens
ac_3d4686dd,0,a_f3723729,The Wireless Stores
ac_617307fd,0,a_d3d2dea2,LiSA
ac_1bfc6e1f,1,a_fa0c0d41,Leopold Stokowski
ac_19a91cb7,0,a_364facbd,Rumatera
ac_a7321265,0,a_6567011e,Rachelle Spring
ac_4cb86358,0,a_4ff58ff6,Wolfgang Käfer
ac_0898eecb,0,a_4b827410,버즈
ac_13e8d349,1,a_3c182171,Sir Laurence Olivier
ac_4dd31ffb,0,a_b3e16c68,Donovan
ac_790d821c,0,a_e5e0a843,MOTO
ac_62649d72,0,a_1a378dec,Love4Money
ac_04ab4a8e,3,a_3f06e569,Coro Gulbenkian
ac_3038617e,1,a_08ae9130,Геннадий Николаевич Рождественский
ac_69c0c681,0,a_2321f2d2,Pete Dunn
ac_4e5f54aa,0,a_83a964eb,Sielun Veljet
ac_c35c8c5b,0,a_a375989b,Luna
ac_ca6423d3,0,a_cb8d323f,Indigolapsed
ac_2fa443d9,1,a_af2d19de,Scott Ross
ac_73318a17,0,a_39e2ac41,Steppenwolf
ac_0f2ffe91,0,a_6cad6d59,Claudinho  Buchecha
ac_99f676fe,0,a_839de01d,Hany Shaker
ac_be4f8b12,0,a_85fa8141,Cry Wolf
ac_4e5f54aa,0,a_e11d8a05,Sielun Veljet
ac_fb6a04fa,0,a_026dcae4,Joe Cuba Sextet
ac_735d8eed,0,a_7f75a077,The Primitive Quartet
ac_806d6fa7,3,a_bcb771f2,Théotime Langlois de Swarte
ac_78abc5a1,0,a_18abc2c2,Зоопарк
ac_73704b0d,1,a_f4e35212,VAYAN
ac_6a7f4103,0,a_c0be9945,Boom
ac_182efc0d,0,a_04ea523f,Warhammer
ac_3b257edb,0,a_1b50e421,Doyle Bramhall
ac_6d14f059,0,a_360e14c1,Deetron
ac_04e679ef,0,a_7ad551bd,Bruce Springsteen
ac_5b5c8f7a,0,a_57ed3450,Perry Letsch
ac_1dfc384a,1,a_f9011115,Baker
ac_bb5eb6a1,0,a_64bb7632,Digital Leather
ac_6b33b67f,0,a_7ceb84ac,Michale Graves
ac_3f7cc3ee,0,a_70706ed6,Giuseppe Verdi
ac_b90ccf69,0,a_275208ab,Bitch
ac_b46e80c4,0,a_a110e82e,Arsenik
ac_6b1ff1e7,0,a_49512d36,Orfeón Universitario UCV y El Cuarteto
ac_aa8c2f5f,0,a_8ea29f37,Schnuckenack Reinhardt
ac_55d9a4a1,0,a_b4799f4f,Toquinho
ac_b19cc936,1,a_94686f4f,Joan Sutherland
ac_9bdff317,0,a_4f674dbb,Frank Tayla
ac_3cdf0d59,0,a_db210b7a,MaJiKer
ac_48d28bf1,0,a_4813d628,青野武
ac_4f6a8801,0,a_cb25c487,Bolivia Manta
ac_43489e51,0,a_f2a41442,The Buckinghams
ac_ceb8c8e5,0,a_14e91da2,The Olivia Tremor Control
ac_c539b093,0,a_0108f756,IQ
ac_febad48b,0,a_c843b845,Michael Nhat
ac_19005b34,0,a_188b16a4,Austin Eterno
ac_63f707fd,0,a_0efbd918,Antonín Dvořák
ac_00b89d83,0,a_76de40aa,Orchestre national du Capitole de Toulouse
ac_8ef63c61,0,a_c59767a7,Grownup Killjoy
ac_69fb1976,0,a_65766f90,Megadeth
ac_43d17e82,0,a_0be6688d,Sackrai
ac_2599d175,0,a_f8ef874e,Billy Fury
ac_a64a4c74,0,a_28de7eed,Inigo Kennedy
ac_bea80bce,0,a_dd996133,Shu•bi•dua
ac_bddbada4,1,a_70a74035,José Serebrier
ac_7c3a4db2,0,a_3c1aff36,Dean Collinson
ac_ffe62882,0,a_b488ff16,Antonín Dvořák
ac_6a7f4103,1,a_8b713665,Peak
ac_929267f2,0,a_5f888219,Les Reines Prochaines
ac_9d815103,0,a_75c6cc11,Clermont  Macleod
ac_3be68c10,0,a_fc5e4bdf,POLYSICS
ac_f8e87af2,1,a_48635210,Manolo Guardia
ac_2ab8766e,0,a_2d90b538,Diogo Nogueira
ac_08406c12,0,a_8e5f8a16,Phiiliip
ac_573132f6,0,a_4bbdc8f0,Necrodeath
ac_19611d27,2,a_5af08eb4,Stefano Bollani
ac_6237fcaa,0,a_a36efc4b,Ayaan Hirsi Ali
ac_3467f67f,0,a_37f7d1f3,伊藤真澄
ac_ae7fafc9,1,a_e3e037a3,Leslie Howard
ac_aa421997,0,a_1f079878,Tim Whitelaw
ac_ba710e48,0,a_4ed6babd,Cartolas Band
ac_aeccbbaf,0,a_acdc2046,Deformatory
ac_19dc4446,0,a_d3cd0459,Mac Kregor
ac_3fb70224,0,a_07f02008,Van Coke Kartel
ac_b378531d,0,a_7d941fa2,AG Flek
ac_0b98ac48,0,a_31e94825,Andy Williams
ac_023caa5c,0,a_e6a6032d,Skogsfrid
ac_4b5efc11,0,a_6430a90b,Carlos Gardel
ac_c0cbbfcf,0,a_9402ccfc,Carolina Wallin Pérez
ac_1bfc6e1f,1,a_994dde18,Leopold Stokowski
ac_656ee261,0,a_a1dfb622,Rolfe Kent
ac_922f337a,0,a_235d9c63,Monsters of Liedermaching
ac_8871fa1f,1,a_ee2df951,David Arnold
ac_04e994ac,0,a_50015ee7,Contra
ac_86097769,0,a_b34d0975,Stare Dzwony
ac_80736f3c,0,a_25083adb,Luigi Cherubini
ac_06f2633b,0,a_19a95da2,Älskade barnvisor
ac_4ff318af,0,a_27dbbca5,Stephen L Allen
ac_1d6d4d89,1,a_7a8c1fb5,The Nash Ensemble
ac_eabdcfdb,0,a_04af81fe,Sterac
ac_cbc8ee9c,0,a_607700c1,David Newman
ac_73eda300,0,a_4ee11956,Björk
ac_58dcd7d2,0,a_f16f65ea,Treefight for Sunlight
ac_43fbe679,5,a_8f9090ec,Academy of St Martin in the Fields
ac_7b906ebe,0,a_402342e7,Larry Rhodes
ac_ae7b9a98,0,a_026dcae4,Joe Cuba Sextet
ac_df70cc63,0,a_c559da02,Коrsика
ac_2ae01ce0,0,a_34a73901,Lucas Pope
ac_12e1ddfd,1,a_8400b7fe,Meindert Bosklopper
ac_6ec9688d,0,a_5be796fc,spunge
ac_55722565,0,a_1c8134aa,William Byrd
ac_806d6fa7,4,a_b56f2499,Sophie de Bardonnèche
ac_e6a83d18,0,a_5b103e6a,Walton
ac_fb81e3e6,1,a_949a326d,Jean Sibelius
ac_844f60a3,0,a_6b1445bb,Cris Cab
ac_d671a83a,0,a_569f9836,Zachary Allen
ac_7f552e74,0,a_db880b17,Karel Svoboda
ac_050667b0,0,a_41e5b0e8,Beady Belle
ac_0f33d87b,0,a_33f47729,Power Metal
ac_3d0fd71f,0,a_3b6b48f1,Deep Dish
ac_0d4824f4,0,a_7ed12092,wumpscut
ac_996d5580,0,a_b67e5e01,The Masterplan
ac_82670cf3,0,a_32c79ef3,Brandon Wiard
ac_1d8a2a6e,0,a_cb6463b7,Giuseppe Di Stefano
ac_a64093c2,0,a_1c699233,Rinôçérôse
ac_973aef29,1,a_a41ac2b5,Hovet
ac_735d8eed,0,a_761c2f4d,The Primitive Quartet
ac_5e1c15c8,0,a_066383b4,Liane Carroll
ac_844f60a3,0,a_6b1445bb,Cris Cab
ac_58dcd7d2,0,a_f16f65ea,Treefight for Sunlight
ac_78abc5a1,0,a_18abc2c2,Зоопарк
ac_9c779d65,1,a_77e70511,Khaled
ac_93206e2e,0,a_25922f85,My First Days on Junk
ac_baf82a72,0,a_8c998f40,Sally Bat des Ailes
ac_71018ff7,0,a_f679df6b,Stanley Clarke
ac_1a24074c,0,a_820817f0,Manikin
ac_2a40c437,0,a_70bfb7ca,traditional
ac_ce4adea6,0,a_b31675f8,Sean Hughes
ac_80122a88,0,a_7693dfa6,Dario Baldan Bembo
ac_249966a5,0,a_7e3295f5,Pieter K
ac_1f221924,0,a_6e75ed8f,Nat King Cole
ac_2d6d06e8,0,a_00eec322,Engineer
ac_9bba721b,0,a_9a03b47f,Lois McMaster Bujold
ac_819e10a6,0,a_01554e09,Edvard Grieg
ac_912ac461,0,a_f0160fdb,Sinfóníuhljómsveit Íslands
ac_8a656127,0,a_1f224fea,Grooveminister
ac_5d7f551d,1,a_79c83a09,Nürnberger Symphoniker
ac_c03f5134,0,a_382c8f34,Haus Arafna
ac_973aef29,0,a_5831fb1a,Lars Winnerbäck
ac_22122b84,0,a_62d4a546,Cheap Trick
ac_4cb86358,0,a_f52e106f,Wolfgang Käfer
ac_f27f1c3e,0,a_83730cf5,BBC Philharmonic
ac_b37b4746,0,a_96fafdfb,Salt Tank
ac_ba7b2d40,0,a_13af2097,The Idea of North
ac_1619b1de,1,a_877e2195,Gasdia
ac_c7f128eb,0,a_1b14ed93,The Tombstone Brawlers
ac_d779d8f6,0,a_b8045cbd,Johnny Reimar
ac_9963a20b,0,a_30fd9b3e,Judy Collins
ac_367fe9be,0,a_9a447c94,Tintenwolf
ac_db094877,0,a_786272f3,Sly
ac_c7142866,0,a_1fbc1c52,Cummings String Trio
ac_6f186770,0,a_8d138681,百蚊
ac_c1872571,0,a_f17e95c0,Gene Krupa and His Orchestra
ac_ce082f9f,0,a_c312eb7a,横山菁児
ac_2d1f9121,0,a_2f8594e0,Pernilla Wahlgren
ac_660f7994,0,a_2668cd8f,Rashad
ac_31250df3,0,a_6bbb1f8c,K Sparks
ac_7d45686e,0,a_9a5b60d9,X Fade
ac_466effe4,0,a_48d307d6,New Radiant Storm King
ac_13e8d349,3,a_5b103e6a,Sir William Walton
ac_0a3d6b95,0,a_d80dd795,Rolf Zuckowski
ac_8341c6da,0,a_5edc5e6c,Ametsub
ac_ae71a631,0,a_aee4acce,Les Satellites
ac_d9d7af71,0,a_135fef82,wumpscut
ac_7c119825,0,a_8fee9113,Desaparecidos
ac_fadcaa65,0,a_3ed1a426,Hey Negrita
ac_19474dfc,0,a_2048086e,Corvus Corax
ac_43fbe679,6,a_c12268b6,Neville Marriner
ac_34f805bb,0,a_dad27983,Fredrik Vahle
ac_84e6088d,0,a_c3e46057,Barbara Hendricks
ac_3238f089,0,a_8b0e8bd8,Paul Shaw
ac_3cc3c340,0,a_c1baafcb,Nathan Barr
ac_2b039d27,0,a_0184886c,Alex North
ac_37b2e266,0,a_c0511397,Ashentide
ac_b6e9f44b,0,a_a34296a2,Nordwestdeutsche Philharmonie
ac_b875ec09,1,a_48d0fe2f,Tippu
ac_57d05709,0,a_aeadc06c,System F
ac_41d6d886,0,a_2eb53dad,Mudmen
ac_2c544122,0,a_6a2c503b,Laura Fygi
ac_7c4b0cc3,0,a_3ee002b0,Kate Wolf
ac_59887726,0,a_5c459486,Tata Bojs
ac_739e81aa,0,a_e024c6a5,The Breaks Collective
ac_e875d53f,0,a_e35ae47a,Breaking Circus
ac_216c9190,0,a_e06a56bd,Nádine
ac_badfd8b7,0,a_0ae7e730,ORIGINAL LOVE
ac_a213c72d,0,a_21c1116f,A Tribe Called Quest
ac_f27f1c3e,0,a_83730cf5,BBC Philharmonic
ac_90359131,0,a_e87d7aa6,谭盾
ac_b7833dce,0,a_cb5f8365,Backyard Babies
ac_9319b67a,0,a_6c940e2a,Christian Smith  John Selway
ac_ae7fafc9,0,a_1937f477,Franz Liszt
ac_6167051b,0,a_cfd3e257,Morning Haze
ac_b5374f65,0,a_ce462354,Bad Haggis
ac_57cc4a35,1,a_a75cae3d,3rd Degree
ac_4c47a950,0,a_0f7793fa,John Taverner
ac_d7866be5,0,a_a49afe53,Junip
ac_d59d81a4,0,a_957cdcb6,Jsbl
ac_342563c5,0,a_7636c6c7,Ellis Paul
ac_0200c542,0,a_8ea21b5f,Werwolf 77
ac_6c02449a,1,a_0afb2c20,William Stromberg
ac_253a0d70,1,a_19bb90ee,Bjarte Engeset
ac_6f0ed475,0,a_f4a3e229,Sakamoto Chika
ac_249f1ad9,0,a_041c5153,Mikhail Pletnev
ac_8b890c42,0,a_c4553db6,LTJ Bukem
ac_36889926,1,a_8400b7fe,Meindert Bosklopper
ac_2938149d,1,a_800789c9,Project Pat
ac_84b839c7,0,a_96a8eb1f,Pierre Rapsat
ac_5cda931a,0,a_f164b118,Tilman Sillescu
ac_f1b2de2f,1,a_202df2d2,Merl Saunders
ac_8732da3f,0,a_abc4cc5a,Black Tape for a Blue Girl
ac_bef06611,1,a_5fc3f969,Orchestra of the Swan
ac_1f221924,0,a_f224dcc1,Nat King Cole
ac_1364dbda,0,a_ff4b3a82,Apiary
ac_bc63ae2d,0,a_ff263fb8,Rob
ac_6a636d3a,0,a_1e531dd1,Die Toten Hosen
ac_0f2ffe91,0,a_5df62fad,Claudinho  Buchecha
ac_1f07bb5e,0,a_8a0d283b,Back of the Bus
ac_0262d74f,0,a_8f5d7dd2,Grimsley High School Gold Madrigal Singers
ac_a88bf746,0,a_9ad2b951,RIP SLYME
ac_ec60ab1b,0,a_95f7e0d2,John Pizzarelli
ac_521665f7,0,a_6b1445bb,Cris Cab
ac_12ac0bfd,0,a_fc578789,スフィア
ac_a5215f5c,0,a_44ff621d,Azwan
ac_2a4c725f,0,a_b3315a3b,Spank the Monkey
ac_e6c4a775,0,a_9b351c60,Indiana
ac_a2422896,0,a_c9c90ef1,Carlos Di Sarli
ac_806d6fa7,0,a_4e5fff84,Dandrieu
ac_cb63df48,0,a_2ae326a2,Тараканы
ac_3d0b17ab,0,a_8934f089,The Glory
ac_a08f0ccb,0,a_ad89aea3,LAST ALLIANCE
ac_0bcdf9e0,1,a_e6dc4b1a,Bernard Xolotl
ac_e24f4404,0,a_52909f72,Épictète
ac_dc590fe2,0,a_33633efa,Tre allegri ragazzi morti
ac_1fced2af,1,a_e54c1b4f,Тараканы
ac_260f2ab7,1,a_21b642a9,Ricki Wilde
ac_3315dca4,0,a_b4799f4f,Toquinho
ac_a67bcff5,0,a_4ab7d328,Brad Yoder
ac_efdeeeb4,0,a_03fdff82,manmachineindustry
ac_37b7e7a0,0,a_8b768552,Alice Nine
ac_270a1da5,0,a_6f027a1d,Dash Shamash
ac_68e28c3d,0,a_e67c1cea,Simon Etchell
ac_9b1daf30,0,a_b7fd48cf,The Bourbon Street Paraders
ac_542f314b,2,a_f3c73132,Tocha Pro
ac_76cec6a6,0,a_b224cb9a,Dead Meadow
ac_9bba721b,0,a_06d4dbd9,Lois McMaster Bujold
ac_a2610d63,1,a_5bf004b1,Jouni Somero
ac_69fb1976,0,a_b97046ad,Megadeth
ac_a4bd6a36,5,a_a5eab5a6,Michel Corboz
ac_3e3f7ec5,0,a_5bf70260,Selim Palmgren
ac_77b19bab,0,a_8cfff50a,Internet Forever
ac_04e994ac,0,a_42d87515,Contra
ac_492a378b,3,a_4eba3c89,Deron Johnson
ac_83cf2228,0,a_8b026464,Son Volt
ac_9000aeda,0,a_ae3fbc8a,Susanne Mentzer
ac_43e433b8,2,a_7eb85615,The Parley of Instruments
ac_a1654f40,0,a_8cc21fc5,Solanos
ac_1e7cf5bb,0,a_a96a817d,Filipe Catto
ac_35fef49c,0,a_05ef4faa,Bing Crosby
ac_94709a2b,0,a_dc675b25,Don Moen
ac_5f44f3fc,0,a_d989999b,Florene
ac_45371eb3,0,a_1ec74a44,Freeway
ac_ae20e29d,0,a_89263f65,Francesca Michielin
ac_9c739120,0,a_306b8279,The Vaselines
ac_b7264f5c,1,a_3d86ab88,Jürgen Treyz
ac_dedc7ad0,0,a_4c4fe5e5,Active Child
ac_a208cb90,0,a_88713d67,Francis Goya
ac_1819283a,0,a_1a89598a,Nacho Rodríguez
ac_7d9ebdee,0,a_577c42a3,Lazzi
ac_942b6e85,0,a_8d35f8bf,Lila Deneken
ac_c3687c4d,0,a_fb9a30b2,Robert Etoll
ac_38d83954,0,a_0a5a4626,De Romeos
ac_3dac8b98,0,a_a55127e6,Precious Wax Drippings
ac_4864e2a4,0,a_0bbf391c,Tim Souster
ac_ffd1412a,0,a_8e191a26,Chriz
ac_9d93d422,0,a_9d4d9d5c,Ben Somer
ac_532f4a07,0,a_4ae0d557,London Philharmonic Orchestra
ac_55d9a4a1,1,a_7f0bc74d,Paulinho da Viola
ac_71eda697,0,a_8a36af1f,TourdeForce
ac_68b4544b,0,a_749e2eea,Erol Parlak Bağlama Beşlisi
ac_f8d93bc5,0,a_74197a3a,Deuce
ac_29000b0c,0,a_26dff70c,Cairo Liberation Front
ac_d2ea9142,0,a_8c111e26,Harry Bluestone
ac_87402cdf,0,a_d7348bf3,Guster
ac_7331d424,2,a_74557779,Václav Neumann
ac_0ac243e8,0,a_0acdc0e5,Chris Egan
ac_ecde568a,0,a_a0168f1d,Nagen  Saugen
ac_fea8dec3,0,a_62da8288,Saccoman
ac_b9744ccd,0,a_e80e6015,Russian Love
ac_78abc5a1,0,a_ccdcd668,Зоопарк
ac_ee29c5f3,0,a_4e83bba4,Paul McCartney
ac_9be8c94c,0,a_ed7ffd48,SilverHawk
ac_f9beff77,0,a_762e484d,revideolized
ac_b9eecc92,0,a_5d9a5e61,Yardbeat
ac_d4781f25,0,a_d410aaaf,NǽnøĉÿbbŒrğ VbëřřĦōlökäävsŦ
ac_beb9ad29,0,a_7e852543,ChaosOrder
ac_58dcd7d2,0,a_2104034e,Treefight for Sunlight
ac_f64c80e0,0,a_c0be9945,Boom
ac_29a79957,0,a_4479c9ca,Hanya Yanagihara
ac_959e267a,1,a_4a8fb825,Voice Male
ac_aa105632,0,a_b6b8d8f2,The Forester Sisters
ac_19611d27,0,a_0f92afc9,Barbara Casini
ac_321de8f5,0,a_f2a7f66d,Ella Fitzgerald
ac_79cc7c71,0,a_1cce8065,Naked City
ac_978a2676,0,a_6c359f1d,Bloodstone
ac_9822b388,0,a_c735ef66,the pillows
ac_430d902b,1,a_d4cb5ae3,Saycet
ac_88cabade,0,a_33964642,Dan Kwekel
ac_8131e09d,2,a_c7c35c72,Musica ad Rhenum
ac_4c0b26c0,0,a_1afdc349,The Chinchees
ac_2480fd94,0,a_c5b9942e,Dziuks Küche
ac_5c4a3cf9,0,a_ccf94e49,Praveen
ac_93206e2e,0,a_b6cf3bce,My First Days on Junk
ac_77db617b,0,a_7811cd12,Elvis Presley
ac_a29013a3,1,a_73d46f41,The Boys
ac_405cb117,0,a_ff72141a,Cause 4 Concern
ac_2ab7234c,0,a_4f9821de,Muslimgauze
ac_08ddc0eb,0,a_ea212055,Vic Chesnutt
ac_1adef552,0,a_b9b46e8d,Viktors Lapčenoks
ac_22609131,0,a_ef6b04d1,Triumvirat
ac_cad96888,0,a_20ee065d,Aube
ac_66283007,0,a_8e7eb441,Madhattan Room
ac_5637fb02,0,a_5d71b9af,The Gaturs
ac_8cc45c01,1,a_866185d8,WILLOW
ac_05912fc0,0,a_227b6ed9,Timbalada
ac_94fe2cc8,0,a_ca42a06e,Frank Chacksfield  His Orchestra
ac_8f17b2e7,0,a_c798ce76,True Myth
ac_26f902b0,0,a_caf2dfc6,Alien Sex Fiend
ac_c367826e,1,a_3d75075d,Jerique Allan
ac_1f221924,0,a_750ccc72,Nat King Cole
ac_453dbb0b,1,a_2393cd21,Kosti Vehanen
ac_73704b0d,3,a_b25077fd,Joseph Feinstein
ac_ca637ceb,0,a_65e86e59,Clock DVA
ac_1d4b685c,0,a_395d8ac9,The MK Ultra
ac_d782dc91,0,a_c1687587,Oppressor
ac_f3f2d2bf,0,a_04664321,Áine Minogue
ac_c2770d7f,0,a_c706385a,Judge Dredd
ac_bddbada4,1,a_70a74035,José Serebrier
ac_ef22d2dd,0,a_796a23eb,Autumn
ac_54885b4d,0,a_beeab0c6,Achilles
ac_7dc52dff,0,a_dc28f6d3,Way Out West
ac_8f0484f5,4,a_7f87008f,Phantasm
ac_31af4fc8,0,a_21b904c7,Clive Cussler
ac_734cd401,0,a_b46359b3,Sir William Walton
ac_1f7d4cb6,0,a_ff7d1ff2,Joanna Stingray
ac_9c779d65,0,a_eb8d4bf2,Taha
ac_560cb530,0,a_2804e75c,Gisèle Favre
ac_b436ade1,0,a_0efbd918,Dvořák
ac_252030b6,0,a_acb1a0c8,Marian Anderson
ac_f61e23e2,1,a_6558527c,Christian Gerhaher
ac_6a7f353d,0,a_1f4235c5,Драконь
ac_05766282,0,a_07c36f77,Beres Hammond
ac_1a11631b,0,a_c3c2909d,Michael White
ac_f61e23e2,1,a_0ce6ac40,Christian Gerhaher
ac_c7ada1bf,0,a_3300e07a,Chris Bacon
ac_958bf395,0,a_79e94a30,Goodbye Harry
ac_2d00e805,0,a_6b313cbf,Sons of Chaos
ac_9024325b,3,a_098c3e08,Christa Ludwig
ac_b9a9eb5d,0,a_fe89dc1a,Jimi Hendrix
ac_99104af3,0,a_47c7790a,Fats Domino
ac_91348837,0,a_0884b3d3,In Flames
ac_6f2032d7,0,a_7a73abfe,Circle Storm
ac_d9f63037,0,a_d8d68c0b,Wolfgang Amadeus Mozart
ac_e007c775,0,a_da9cf7ec,Salif Keita
ac_5fb8d3fc,0,a_8dd6ad60,Jil Caplan
ac_0e11de4d,0,a_219aa8b1,Annie MG Schmidt
ac_23cb27eb,0,a_e52de663,Magnus Lindberg
ac_844d2439,0,a_090adced,The Corries
ac_41cbf988,0,a_02a4f561,Andrei Eshpai
ac_6b1ff1e7,0,a_62256969,Orfeón Universitario UCV y El Cuarteto
ac_4e5a40fc,0,a_701b7dff,Andrew Powell
ac_fce98dc8,0,a_d6412b8b,Бригадный подряд
ac_4dd6c369,0,a_1f9d5015,Kayo Dot
ac_4ecc6677,0,a_e35ae47a,Breaking Circus
ac_63ffc4e8,0,a_b488ff16,Antonín Dvořák
ac_c1a58d2f,0,a_d4fa9dd1,ona
ac_40bb5f6f,0,a_e7c00a8f,Art Bears
ac_1a11631b,0,a_93e41263,Michael White
ac_14a8a011,0,a_3b357622,CygnosiC
ac_4342ccc2,1,a_83730cf5,BBC Philharmonic
ac_b53f3b71,0,a_8b0af99b,Joseph Saba
ac_9d815103,0,a_41e33529,Clermont  Macleod
ac_47581185,0,a_74921d87,Mose Allison
ac_6188bd19,0,a_0cb23f68,Gloria Estefan
ac_b9a9eb5d,0,a_624133b2,Jimi Hendrix
ac_764c996e,0,a_dfe21eda,Blank  Jones
ac_0d34f9fb,0,a_466af3c2,Klaus Harmony
ac_6e320c50,0,a_e4846e9c,Oboroh
ac_c62f081f,0,a_97ce3bed,5xL Beats
ac_44a48d33,0,a_79cbd2ab,Beady Belle
ac_8f2abc12,0,a_2e976fd1,Frekkr
ac_cad96888,0,a_20ee065d,Aube
ac_4298a73d,0,a_89555cb9,Teresa Cristina e Grupo Semente
ac_52536709,1,a_7006cce9,Tippu
ac_417eabbb,0,a_82b80ba6,Talisma
ac_c17c5fb4,0,a_b3a6e2a4,CV Jørgensen
ac_067dc530,2,a_9b90aebc,Yôko Higashi
ac_c40b5858,0,a_2317c869,Marianne  Michael
ac_7e046947,0,a_9f0d79f3,Al Hirt
ac_3038617e,1,a_ab1bac5e,Геннадий Николаевич Рождественский
ac_13770408,0,a_04e8aa2c,John Ernest Galliard
ac_4e48e1b2,0,a_c6616b2a,Tom Heinl
ac_644ec161,0,a_35f9b954,Michiko Ogawa Trio
ac_22b35f12,0,a_47147965,鈴木雅之
ac_28dc632e,0,a_1fb42ef7,Galleon
ac_b8b8888e,0,a_7b49ca8e,The Ink Spots
ac_9b4bdaa0,0,a_0c49d72c,Shearer
ac_1f8204af,0,a_5bf93a41,Karasyozoku
ac_be131c25,0,a_0c45b87e,Табула Раса
ac_afb5e3ed,0,a_add7d244,Judith Weir
ac_f40b990f,0,a_a8b3cfa0,Kraftklub
ac_9f0f0d42,0,a_ae33b4f8,Pearl Jam
ac_0dedb26b,0,a_9040ab1a,Dizzy Mizz Lizzy
ac_e6a2af12,1,a_81637e26,The Parley of Instruments
ac_c539b093,0,a_ac4ca2fd,IQ
ac_492a378b,2,a_3efdcbca,Billy Cobham
ac_9282e3f5,1,a_5717a769,Mika Kallio
ac_82f24ec4,0,a_d540cc08,Brook Benton
ac_cf93abc8,1,a_78161e1e,Christopher Herrick
ac_07450d9f,0,a_7b9c7ad0,Randy Edelman
ac_ea9521c4,0,a_9c18002b,Under
ac_96e6367c,1,a_24980c7e,Martin Jarvis
ac_b298a1a7,0,a_7fdc75f4,Jon A Kull
ac_8a656127,0,a_1a61cbfe,Grooveminister
ac_0dedb26b,0,a_91030de4,Dizzy Mizz Lizzy
ac_34f805bb,0,a_ae81553e,Fredrik Vahle
ac_6b1ff1e7,0,a_7f6f08b6,Orfeón Universitario UCV y El Cuarteto
ac_7a45df76,0,a_0ac23486,The Similou
ac_e6c676c4,0,a_30d2c2d5,Spawn
ac_5c1b9a4b,0,a_c1081623,Luc de Larochellière
ac_3d0b17ab,0,a_96b747be,The Glory
ac_4d916603,0,a_03f88991,Tanya Stephens
ac_31cf4fa6,5,a_103290f6,Neville Marriner
ac_f53914c8,0,a_8b05c9bb,no artist
ac_3e947daf,0,a_d1cc444d,Ace Troubleshooter
ac_334545bf,0,a_e8c329bc,Las Estrallas Cobo
ac_57ac4319,0,a_53533ee6,Özay
ac_4399c710,0,a_d98f728c,Marco Antonio Solís
ac_c4a626f6,0,a_29bcd75a,Hot Chip
ac_a06ecbc8,0,a_ac5daff3,FBI
ac_1ae8a8a1,0,a_5efca8d0,Raison Varner
ac_71018ff7,0,a_60ed257d,Stanley Clarke
ac_fb16b6d2,0,a_15a530b0,Daniel C Holter
ac_fcf11bd0,0,a_726bb690,Duo Damiano Sarzier
ac_1d6d4d89,1,a_4ebcdfef,The Nash Ensemble
ac_6601c274,0,a_e3c345d7,dialogue
ac_b9a9eb5d,0,a_624133b2,Jimi Hendrix
ac_7e0e8f35,1,a_265b4e91,Khaled
ac_c64c81e4,0,a_b04c74d4,Wildchild
ac_b436ade1,1,a_0d5c0378,Hungarian State Orchestra
ac_43fbe679,3,a_b7f102b6,Francisco Araiza
ac_7e37e835,0,a_c33c506d,Judge Smith
ac_1e8af84e,0,a_e804ad3d,Born Without a Face
ac_a67bcff5,0,a_d4df5376,Brad Yoder
ac_486ed330,0,a_4ce81628,Layner
ac_04ab4a8e,1,a_79b0cb5d,English Bach Festival Chorus
ac_f825db71,0,a_e70ee307,Merri Gail
ac_4c21a586,0,a_4ea4f3a6,Duke Ellington
ac_7331d424,0,a_0efbd918,Antonín Dvořák
ac_83dbdacf,4,a_0b40fce2,雪村螢子
ac_9a34bea7,0,a_468d556f,Erci_E
ac_fe0438e8,0,a_c73cc020,The Pirates
ac_7d610e95,0,a_c6148660,MOSAICWAV
ac_572a5d10,0,a_ba1cdc7d,Sick of It All
ac_d6a34eed,0,a_d217769f,DeFalla
ac_47cbe26e,0,a_e233a292,Deventter
ac_6852c0df,0,a_856f61ee,Chris Barber
ac_6bdfbbbd,0,a_7c7ea9d7,Tammy St John
ac_a4fb1b00,0,a_0509b530,菅野よう子
ac_54b143a0,0,a_758ca819,David Shire
ac_1e89ff96,0,a_70dd9678,Da Yoopers
ac_3923414e,0,a_2d78c07e,Visitors
ac_81507192,0,a_34cad876,Tears of Martyr
ac_6d539f98,0,a_b4c8b92f,Needle
ac_97dbbfa5,0,a_f49084e3,Kreld
ac_b8d7d155,0,a_ead9eb6c,Tsurubami
ac_6ecbc5bd,0,a_83730cf5,BBC Philharmonic
ac_cb63df48,0,a_b0715eca,Тараканы
ac_27e06777,0,a_fa75c835,Szidi Tobias
ac_3fb70224,0,a_b63ec441,Van Coke Kartel
ac_cfc5372c,0,a_88006dd1,Filmy Ghost
ac_dc08f402,0,a_fcb3c724,Laura Andreşan
ac_539a8ae0,1,a_0b3136f1,Özkan Uğur
ac_cc04d9fd,0,a_8d4fd531,Louie Ramírez
ac_3d50b42e,0,a_e71246d4,Devin the Dude
ac_2c3dcac4,0,a_32512182,Manolo Guardia
ac_a7272ae7,0,a_ce19af2a,The Human Expression
ac_72a4043e,0,a_d6f47067,Rotten Penetration
ac_82886dba,0,a_ac9fb483,Le Modem
ac_c748d6f3,0,a_8b592708,Nicki Minaj
ac_c9f9e46d,0,a_7c112452,Vendaval
ac_c4176341,0,a_803308c1,Guus Meeuwis  Vagant
ac_a7272ae7,0,a_ce19af2a,The Human Expression
ac_ba4ddf82,0,a_7a165f18,Lemongrass
ac_7a9d66c8,0,a_67bed624,Robert Etoll
ac_dfbfdaa2,0,a_668a96b1,Rick Springfield
ac_d1c818e7,3,a_e51a67bd,Rashawn Ross
ac_ce4908f3,0,a_4ccc0ad5,Exlibris
ac_71018ff7,1,a_38a3a73e,Larry Carlton
ac_806d6fa7,1,a_605e2cd0,Corelli
ac_be6af4fb,0,a_7d2cb326,Norah Jones
ac_e996c33d,1,a_76b9c119,Mike Patton
ac_cbae5cb9,1,a_5717a769,Mika Kallio
ac_fadcaa65,0,a_8e28319f,Hey Negrita
ac_a7321265,0,a_6567011e,Rachelle Spring
ac_1a9975e9,0,a_2a8dcef1,Mayhem
ac_c4ad429d,0,a_75096e85,Michael B Tretow
ac_47581185,0,a_ea3d750e,Mose Allison
ac_806d6fa7,3,a_bcb771f2,Théotime Langlois de Swarte
ac_a5215f5c,0,a_2b56b5d9,Azwan
ac_bef06611,1,a_94c8e893,Orchestra of the Swan
ac_bcc02849,0,a_3a3ab8a0,Pendragon
ac_69642d51,0,a_76a2ff30,Jimmy Jim
ac_eb1947c2,0,a_acdde1fb,The Whigs
ac_c68e234e,0,a_93700114,Fatso Jetson
ac_69a7ae88,0,a_b6018cd9,Wolf Ram Heart
ac_7f3b07a3,0,a_442e2f9b,Timo Räisänen
ac_44d7b6d7,0,a_33964642,Dan Kwekel
ac_9a34bea7,0,a_a551ab91,Erci_E
ac_2d18df34,0,a_bc4422d7,Alan Kwan Quartet
ac_2cfd316e,0,a_38890e1e,The Spotnicks
ac_4285927b,0,a_cdc1e804,Majke
ac_fde306b1,3,a_a8ea8fc4,Ellen Dijkhuizen
ac_1b36591f,0,a_046c43dd,Spangle call Lilli line
ac_cd1cd044,0,a_1075f021,Luxus Leverpostei
ac_fe255137,0,a_39fa8bc6,Ee
ac_e4b9e210,0,a_44097675,Malahora
ac_be4f8b12,0,a_756e3c15,Cry Wolf
ac_39bfff49,0,a_224e8e35,kous
ac_bed73ec6,0,a_8cabb9f2,Fats Waller and His Rhythm
ac_0f33d87b,0,a_33f47729,Power Metal
ac_a095a478,0,a_2151de1c,Slayer
ac_e7b8d94b,0,a_f4d61137,Stranded At The DriveIn
ac_3332b31a,0,a_be3eda00,The Perceptionists
ac_9baddbb3,0,a_a0dc5f78,Salamander Crossing
ac_bc6c859f,0,a_ee6384a8,Unlogistic
ac_f74a92bd,1,a_72bffb5a,Xande de Pilares
ac_50715929,0,a_69826185,Duane Eddy
ac_a60d23fc,0,a_db5da743,The Squires of the Subterrain
ac_721d09c5,0,a_aaba3bc9,Baltimore
ac_4592335a,1,a_29b5412e,Jason Pedder
ac_674e84e3,0,a_e959fb6c,Orquestra Mediterrânea
ac_a6e1071b,0,a_f7ee8169,増子司
ac_93f9ecd7,1,a_db252abc,Tom New
ac_d97c245a,0,a_f49084e3,Kreld
ac_679eb49d,0,a_9fdd91fd,Aphrodesia
ac_efa5f925,0,a_b46ee5b7,Faudel
ac_f06787ac,0,a_eecf96ef,Les Brown
ac_a0cf4b98,0,a_a3784309,Driver Drive Faster
ac_88090e38,0,a_364facbd,Rumatera
ac_5982206f,1,a_fd994c57,John Giuffrida
ac_2d57dc5e,0,a_72f4755a,Shinkasta
ac_4bab2f7c,2,a_18a8bf47,Vésper Vocal
ac_fd05526c,0,a_12bd38c8,Monteverdi Choir
ac_15266abe,0,a_28c362e3,Monster Mike Welsh
ac_eca3a675,0,a_2f1086a0,Áine Minogue
ac_9163953e,0,a_e8d331b8,TV on the Radio
ac_b9d20ca3,0,a_f019a3cd,Cybertrybe
ac_d7dfb2f6,0,a_80aaf6f8,Die Toten Hosen
ac_77db617b,0,a_f74ea12d,Elvis Presley
ac_87e1b17e,0,a_0a5a4626,De Romeos
ac_d0a45294,0,a_91d8891c,Ganaian
ac_3e3f7ec5,0,a_5bf70260,Selim Palmgren
ac_16656df1,0,a_baee07ac,Pete Seeger
ac_43ec1f21,0,a_fc33b5ff,TOK
ac_f6e311d4,0,a_11ce1398,Orrin Evans
ac_e8a3dd27,0,a_211ba7ab,Suede
ac_80b794cb,0,a_82fac9b6,Syd Matters
ac_ac61d72a,0,a_6b3f9177,Wax Tailor
ac_73ab0282,0,a_86ea7789,Rosanne Cash
ac_229ee415,0,a_58b6b342,The Police
ac_761d4418,0,a_9a03b47f,Lois McMaster Bujold
ac_935ceaa1,0,a_0e493f5f,Peter Rowan
ac_76cec6a6,0,a_f4108e06,Dead Meadow
ac_45b8b5eb,0,a_28fe9c1a,Irwin Goodman
ac_8d24567c,0,a_d2f2438a,Zodiac
ac_50e3628e,0,a_a3beeffc,Charlie Parker
ac_ca34d45e,0,a_a2cc08cb,Piero Piccioni
ac_33405146,0,a_8d3ee458,Rocco Raimundo
ac_7643aad0,0,a_a513a798,Holidays
ac_ecd4560e,0,a_f721a658,Hart Backbord
ac_3508997c,0,a_8934f089,The Glory
ac_dff2c163,0,a_2f525547,Χρόνης Αηδονίδης
ac_ee29c5f3,0,a_e5c75383,Paul McCartney
ac_6eaadbc9,1,a_ee9a3872,Taverner Choir  Players
ac_7c3a4db2,0,a_3db9608d,Dean Collinson
ac_6bb7526a,0,a_1cebd900,Leslie Howard
ac_f8e87af2,1,a_32512182,Manolo Guardia
ac_ae49ffec,1,a_956527c7,Buck Sanders
ac_0cc2ed71,0,a_2825b0a8,Ferry Corsten
ac_48325330,0,a_343e0219,Angela Wiedl
ac_819e10a6,1,a_f4f790ce,WDR Sinfonieorchester Köln
ac_69f6b90b,1,a_d0e22baf,Zakir Hussain
ac_98c0f12e,0,a_a8cb29f7,Jeff Loomis
ac_245e08bb,0,a_8e82f926,C‐Bo
ac_e2585bad,0,a_fe56d69c,Koji Kondo
ac_0f7b1da9,0,a_635671ad,Майя Кристалинская
ac_c9b2bab4,0,a_42ee8a9f,Captain  Tennille
ac_9b752378,0,a_33da09b6,D Todd Sorensen
ac_4b4955e8,0,a_0f7793fa,John Taverner
ac_7a9d66c8,0,a_67bed624,Robert Etoll
ac_f1ee3e67,0,a_d0de1c39,Karjalan Sissit
ac_3e65a9a3,0,a_16e49a3d,Pate Mustajärvi
ac_9000aeda,1,a_94686f4f,Joan Sutherland
ac_60708fdb,1,a_18fac5a8,Tatyana Kalmykova
ac_ab7f5cdf,0,a_d514c815,Johnny Hallyday
ac_20e0feb2,0,a_069bf209,Pablo Moses
ac_a3c1b6a2,0,a_cab53f82,Maria Muldaur
ac_8b4ec06a,0,a_37267ab8,Billy Lincoln
ac_1312d5f2,0,a_bdc818ab,Julian Sandell
ac_07e5c914,0,a_bf1ef186,The Kid Stuff Repertory Company
ac_55654a18,0,a_c567c114,Joseph Manson
ac_bf444d0b,0,a_210611ce,Inepsy
ac_20ca2d00,0,a_7aec6ceb,Andrés Calamaro
ac_3508997c,1,a_1e6a81d9,The Magnificent
ac_7e37e835,0,a_a8d70c10,Judge Smith
ac_e93650a0,1,a_c9daba79,Nikolaus Harnoncourt
ac_660f7994,1,a_ba6787a0,Confidence
ac_6d0f3f4e,1,a_3cee5f9f,Guy McAffer
ac_6852c0df,0,a_6749ec60,Chris Barber
ac_1dc375b1,0,a_81bfb17f,Jenő Jandó
ac_7883a077,0,a_d9a99623,Sebadoh
ac_c4a626f6,0,a_29bcd75a,Hot Chip
ac_f0e47b5f,0,a_f52bb101,Werner Müller
ac_68e28c3d,0,a_38b58e1f,Simon Etchell
ac_617d6605,0,a_cdd5b55b,SNMNMNM
ac_5007664a,0,a_56e724aa,Janiss Garza
ac_e6c7b6ba,0,a_4cbb9ef8,Dörrterror
ac_73ab0282,0,a_475199e6,Rosanne Cash
ac_4e5f54aa,0,a_10c1d73a,Sielun Veljet
ac_f6fc3059,0,a_a7a24a56,Tim Janis
ac_f03d04d6,0,a_f7d76481,colis postal
ac_fadcaa65,0,a_8e28319f,Hey Negrita
ac_2f01a6a3,0,a_25359be2,Burning Spear
ac_e9a1ada1,0,a_ef5305cb,666
ac_813dffb5,0,a_81c7f726,Spencer Dickinson
ac_619a2a46,0,a_6f13dcc5,Francesco Guccini
ac_5a8f00cb,0,a_6bbb1f8c,K Sparks
ac_d09df830,0,a_4ff305c6,Salem
ac_e1c391de,0,a_499b59a5,Dětský sbor Prážata
ac_13b06e71,0,a_9c177337,Subject to Change
ac_2085f857,0,a_4d492cab,Celso Fonseca
ac_7522e6a1,1,a_994dde18,Leopold Stokowski
ac_95c2c024,0,a_825c8a77,Feathermerchants
ac_3df7e3ef,0,a_979ad2bf,Canoofle
ac_9bcff091,1,a_fa64bfc1,Mike Posner
ac_29e4d40d,0,a_38704fdb,Kid
ac_27440fa1,0,a_d99dff33,Ÿuma
ac_a8d55745,0,a_e72021b9,African Head Charge
ac_0d4824f4,0,a_bd31543e,wumpscut
ac_a91aaeb6,0,a_88006dd1,Filmy Ghost
ac_8e6ac074,0,a_b60e5f73,Erik Koskinen
ac_4b8feba1,0,a_c9413fc9,Jussi Björling
ac_321de8f5,0,a_f4eba580,Ella Fitzgerald
ac_b875ec09,3,a_96375da9,Solar Sai
ac_62291a25,0,a_5ce02c3e,The Bilinda Butchers
ac_5ae43d41,0,a_7e58ec50,John Hiatt
ac_d049c9ac,0,a_0096548e,Sally Barker
ac_a1c03c7c,0,a_17f10048,Zaufke Thomas
ac_a4bd6a36,1,a_699eec3d,English Bach Festival Chorus
ac_a2a916fb,0,a_dd32759d,Ron Escheté
ac_53f727e4,0,a_c10d4fba,李泉
ac_8b6721b3,0,a_d38c6c1e,Tony Joe White
ac_1d6d4d89,0,a_aa11b471,Malcolm Arnold
ac_87402cdf,0,a_25a87009,Guster
ac_64105e4b,2,a_da3193aa,Lillian Stokes
ac_056d93cd,0,a_b0900f8b,Stormtraxx
ac_764c996e,0,a_081ffc77,Blank  Jones
ac_5971d313,0,a_3f4299b1,TI
ac_f8776d3f,0,a_33dd2a78,Evaldo Braga
ac_4ad388f9,1,a_a368653e,Akinsa
ac_1b7d0138,0,a_b60e5f73,Erik Koskinen
ac_8f47684f,0,a_807585d1,Johan Tronestam
ac_55db3438,0,a_f9e4590e,Lotto King Karl
ac_b8192798,0,a_5131f54e,Tool Tribute Band
ac_8f0484f5,3,a_15950d4d,Tallis
ac_e8c41846,0,a_f42a16f1,Kongehuset
ac_8de40dc2,2,a_7f72e76d,Concentus Musicus Wien
ac_b5025bd0,0,a_221b6c26,Matlubeh
ac_75c946f8,0,a_7e9c34b3,Lyzanxia
ac_ae72316c,0,a_d5876d39,Kelly Joe Phelps
ac_6eaadbc9,1,a_865b9fb8,Taverner Choir  Players
ac_ec852ae0,0,a_7b3c2c0a,Motor Totemist Guild
ac_428e4ea2,0,a_acc4c466,John Fred  His Playboy Band
ac_674b58f5,0,a_42ee8a9f,Captain  Tennille
ac_5b9b5502,0,a_74ccf039,Nusrat Fateh Ali Khan
ac_806d6fa7,5,a_7d8f02e1,Louise Pierrard
ac_86a30234,0,a_fb2fa571,Pianoheadz
ac_4399c710,0,a_d98f728c,Marco Antonio Solís
ac_0ddb5564,0,a_99a91b54,U2
ac_3214d4f0,0,a_5345b64b,Jean‐François Dandrieu
ac_b696b94d,0,a_0f785e01,Big Walter Horton
ac_b696b94d,0,a_4deb7acd,Big Walter Horton
ac_e866685c,0,a_eec6f084,עפרה חזה
ac_e93650a0,0,a_95351bc2,Johann Sebastian Bach
ac_f5c1bafd,0,a_86288a0c,Fun People
ac_cc4f8bcf,0,a_e66cef4e,Lesser
ac_4b29aaaa,0,a_6c17ebc9,Blues Mobile Band
ac_738605e2,1,a_0c21895f,Gareth Hulse
ac_1368cd42,0,a_5082d03c,Marlango
ac_6501762f,0,a_ff0b6441,The Bakers
ac_c17e56f9,0,a_5e094b9a,My Vitriol
ac_19611d27,0,a_01575014,Barbara Casini
ac_986e81e5,0,a_68cbd237,The Tremeloes
ac_0639ffae,0,a_bc7a415e,Johnny Griffin
ac_5acfe210,0,a_eb5cfad0,Art Pepper
ac_71fb089f,0,a_c76060b4,Stockholms Negrer
ac_6e676a54,1,a_05a1b1db,Michel Plasson
ac_6281f86a,0,a_219aa8b1,Annie MG Schmidt
ac_65f95975,0,a_b1b9157b,Greg Lake
ac_b883be11,2,a_c3dff18e,André Grassi
ac_eabdcfdb,0,a_bf884874,Sterac
ac_814d4827,0,a_118de80b,Ida Elina
ac_3df7e3ef,0,a_47c59f80,Canoofle
ac_56a982bf,0,a_d5a53c18,Skinny Puppy
ac_e3b08822,0,a_46612734,Alexander Klaws
ac_7959a0f2,0,a_6c713ddf,Gezoleen
ac_4ba3841e,0,a_11b0607d,Danças Ocultas
ac_fde306b1,0,a_d5715e7a,Simeon ten Holt
ac_8008ead8,0,a_fa07ebbe,Steve Malone
ac_141620ae,1,a_c6ae5cb5,Kevin Blaker
ac_b4bcaf0c,0,a_03897587,Screaming Trees
ac_5c6d03b6,1,a_70a74035,José Serebrier
ac_4592335a,0,a_62453f22,Barrie Gledden
ac_91c3e53f,0,a_92f7b65b,mc chris
ac_59c5347e,0,a_0a22bbdf,이수영
ac_85c1b463,0,a_980f95d3,Ivan Lins
ac_b5025bd0,0,a_221b6c26,Matlubeh
ac_bcde2106,0,a_65c88ce3,The Lightning Seeds
ac_bd2b0f4d,0,a_9231dcde,Babylon AD
ac_78152ea1,1,a_81bfb17f,Jenő Jandó
ac_ec852ae0,0,a_a4c5da16,Motor Totemist Guild
ac_8b6721b3,0,a_064493a4,Tony Joe White
ac_4b81a83f,0,a_ee495659,Nitzer Ebb
ac_5516b5fa,0,a_cd24bf5c,J Donald Walters
ac_e76b4895,0,a_81f030e3,Karim Kacel
ac_208275db,0,a_0e8fbf28,Sver
ac_8b3a0b81,0,a_a892b3bc,Vision Divine
ac_5cdf076e,0,a_80cd1aa8,Andy Reed
ac_45543c23,0,a_8e1ab8a1,Sarah Blacker
ac_6c262c85,0,a_7b5757ce,Montag
ac_2a4c725f,0,a_ae2441e2,Spank the Monkey
ac_efa5f925,1,a_265b4e91,Khaled
ac_45b69636,0,a_08ea1ab9,Cleaners From Venus
ac_83f9ab49,0,a_90fc79d2,Bluatschink
ac_a41cdc35,0,a_8399a72b,The Painted World
ac_fde306b1,4,a_40392d1c,Fred Oldenburg
ac_6601c274,0,a_2454985c,dialogue
ac_380bdfbd,0,a_1699ca41,De La Soul
ac_f6c51fdf,0,a_731977f8,Abel Korzeniowski
ac_4af7b99d,0,a_a9e2e311,Chewy Marble
ac_1e2b71ff,0,a_06cd4d40,Buddy Guy
ac_61b81c6b,0,a_f367957b,Mecanic Groove
ac_00cc2925,0,a_9ad2b951,RIP SLYME
ac_cb69254a,0,a_5c89a00d,Barry Biggs
ac_e105c28a,0,a_d91bd503,Joy Division
ac_7d53476e,0,a_de244de2,Thieves Like Us
ac_adac2a14,0,a_4ff305c6,Salem
ac_f1bfa4d6,1,a_e72aa2b9,Jeffrey Skidmore
ac_75dfcf51,0,a_02b5780a,Enzo Ortiz
ac_9024325b,3,a_b0e99eeb,Christa Ludwig
ac_4d6955bf,0,a_650ede07,Charlie Sepulveda
ac_b2af2c89,0,a_af505838,Little Richard
ac_2dd45553,0,a_daadc27f,XP8
ac_dbfcd4ce,0,a_af22f132,Lorene Drive
ac_5c655382,0,a_97b6334b,Montag
ac_60345f7f,0,a_95929fcb,Big Youth
ac_935ceaa1,0,a_f45f1e41,Peter Rowan
ac_9c4ac9cd,1,a_95edb17c,Ben Webster
ac_f0f63dbf,1,a_cbc1d609,Juri Nakashima
ac_12e1ddfd,0,a_c195ec18,Fries Jeugdkoor
ac_0c45fba9,0,a_b4ebf21e,Orhan Gencebay
ac_4cb86358,0,a_d6ca438c,Wolfgang Käfer
ac_d775fcf3,0,a_c5b9942e,Dziuks Küche
ac_04ab4a8e,0,a_67f3ad0e,Antonio Vivaldi
ac_f8fbcbc3,0,a_ec09363a,Råd Kjetil and The Loving Eye of God
ac_6de54304,0,a_ce467cc8,Pop Levi
ac_22609131,0,a_3ffc98a5,Triumvirat
ac_056ef8af,2,a_df803711,Denis Dobrenz
ac_320b2b9d,0,a_1aac4321,Here and There
ac_fcf82d75,0,a_3deec2be,Baruka
ac_a55a8208,0,a_233701eb,DalDilVog
ac_b76216a9,0,a_07851fe3,FFForecast
ac_14793e40,0,a_7f407589,Harry Gump
ac_1e61961b,1,a_02a4f561,Eshpai
ac_5b1edb6e,2,a_c9daba79,Nikolaus Harnoncourt
ac_4d916603,0,a_f07f34ed,Tanya Stephens
ac_22b35f12,0,a_5810645c,鈴木雅之
ac_9479e8fe,0,a_5d19c8bb,Pinka
ac_3f7cc3ee,0,a_7cdf8fa1,Giuseppe Verdi
ac_10f083f2,0,a_3eae5a48,Nevertheless
ac_8b9659b0,0,a_06ae786e,Mortuus Infradaemoni
ac_adb1025a,2,a_c12268b6,Neville Marriner
ac_752f4ea4,0,a_5cb2c6a5,Frank Tayla
ac_d80d38ef,0,a_60744740,Harper Lee
ac_80736f3c,0,a_25083adb,Luigi Cherubini
ac_03bfe911,0,a_8beed0e2,Overkill
ac_8d565282,0,a_f4e121c5,Julie Plug
ac_97dbbfa5,1,a_22fe27f8,Jófríður
ac_bf7557c4,0,a_26b6328b,Resistance D
ac_17a0e168,0,a_2317c869,Marianne  Michael
ac_47e28995,0,a_7179fe2a,Johnny Cosy
ac_cb63df48,1,a_9f96df24,Distemper
ac_baf82a72,0,a_45266da9,Sally Bat des Ailes
ac_517b50f1,0,a_727ad4ca,Guy Marchand
ac_44a48d33,0,a_79cbd2ab,Beady Belle
ac_9cd79ad6,0,a_67fbb6d0,Vyaas Houston 
ac_8b6bdb47,0,a_2320dcb3,Unity One
ac_f40b990f,0,a_3e68bb28,Kraftklub
ac_dc590fe2,0,a_33633efa,Tre allegri ragazzi morti
ac_bf444d0b,0,a_c96f9e2b,Inepsy
ac_7e58bedf,0,a_31e94825,Andy Williams
ac_20a5fdf0,0,a_beaadab2,Alvin Lee
ac_60ee9dea,0,a_9ba4ea8f,Ada Milea
ac_95c61b3b,0,a_d20fc83f,The Move
ac_04e679ef,1,a_ebbe7299,The E Street Band
ac_ec4c481b,0,a_f4a3e229,坂本千夏
ac_bf444d0b,0,a_5fea6f66,Inepsy
ac_c12a52f7,0,a_5efd2d9f,The Fake Fictions
ac_f57a87f1,0,a_d4fbf31d,Irena
ac_b1961a9b,0,a_153f40ca,JAM Project
ac_14aae6b5,0,a_00c38813,Arsen Dedić
ac_158849cc,0,a_91c8cb4f,Cold
ac_eabdcfdb,0,a_f3420d1c,Sterac
ac_52536709,0,a_f115eb0e,Vijay Prakash
ac_39f060de,0,a_a5379eb8,Junior Brown
ac_e6a83d18,2,a_63dc2782,Philharmonia Orchestra
ac_2335fe9f,0,a_d553d770,Uptown Funk Empire
ac_37b7e7a0,0,a_29071605,Alice Nine
ac_d5f71ce1,0,a_96cd76ec,Marisela
ac_40e86b86,2,a_46d3de00,Herb Ellis
ac_13b06e71,0,a_a5b3fa34,Subject to Change
ac_25d387cd,0,a_ef432950,Valdur
ac_b0b95d2c,0,a_8afd5b07,Promise Keepers
ac_110e687e,0,a_82f32b90,Monty Alexander
ac_7fc01879,0,a_42da900b,Gérard Lenorman
ac_13e8d349,1,a_4a520213,Sir Laurence Olivier
ac_d2ea9142,0,a_ef24ff12,Harry Bluestone
ac_dc08f402,0,a_efa24318,Laura Andreşan
ac_00b89d83,1,a_05a1b1db,Michel Plasson
ac_959e267a,0,a_1d113770,Sertab Erener
ac_8b4ec06a,0,a_d5babf35,Billy Lincoln
ac_2e106bc5,0,a_e290db39,Fabe
ac_b316d600,0,a_c69369e6,Scrotum
ac_922f337a,0,a_50dad67a,Monsters of Liedermaching
ac_25d387cd,0,a_c11611af,Valdur
ac_4ed71d33,0,a_62ceb01c,Bill Clinton
ac_33405146,0,a_72e743fc,Rocco Raimundo
ac_b9d28381,2,a_40392d1c,Fred Oldenburg
ac_903cd73d,0,a_59619664,Weldon Henson
ac_71018ff7,4,a_80890658,Najee
ac_0972b6d2,0,a_5d0a1470,Hecenia
ac_a9a674ff,0,a_f531de66,Milan Knížák
ac_13ef0fe7,0,a_d254bff7,Doc Powell
ac_b9bca6e0,0,a_b8a37092,Tommy Ladnier and His Orchestra
ac_6c65b5ac,0,a_fa07ebbe,Steve Malone
ac_95b1eb22,0,a_40040f6d,Stephen Janetzko
ac_868be9f7,0,a_7c86c7f0,De Lyckliga Kompisarna
ac_e6a83d18,3,a_b46359b3,Sir William Walton
ac_e3b08822,0,a_1baef18f,Alexander Klaws
ac_5541c0ba,0,a_e799f86c,OToGi8
ac_313f4a4e,0,a_24a2c6bb,Tõnis Mägi
ac_c2ff83a5,0,a_9a5b60d9,X Fade
ac_f12c5a1a,0,a_7e18874e,Frankie Cicala
ac_0ec6dd3f,0,a_36e34255,Marjinal
ac_4d14aa54,0,a_f8ac333b,Jerry Goldsmith
ac_2f3c1c66,0,a_6fb73e09,Andrea Jürgens
ac_4d700b0a,0,a_3b357622,CygnosiC
ac_b5374f65,0,a_b64426d2,Bad Haggis
ac_e5b95861,0,a_63d64b45,Cocknoose
ac_2ab7234c,0,a_878c3470,Muslimgauze
ac_2a070347,0,a_b4cd3735,A Thousand Societies
ac_8a27f81c,0,a_876a767b,Ross Lynch
ac_a1ec14b2,0,a_cf309dc3,Jon Hansson
ac_d82a1588,0,a_8e28319f,Hey Negrita
ac_813dffb5,0,a_5399e660,Spencer Dickinson
ac_60708fdb,1,a_b0a338b0,Tatyana Kalmykova
ac_bcdbf4d0,0,a_10863a40,Timm  Gordon
ac_7306856d,0,a_d92c9b54,Nirvana
ac_617d6605,0,a_cdd5b55b,SNMNMNM
ac_707acc87,0,a_3af4ba10,Roger Shah
ac_be4f8b12,0,a_756e3c15,Cry Wolf
ac_9733a1be,0,a_c4fd25b3,Jane Monheit
ac_c28f00a4,0,a_1d88a0a9,Джем
ac_87402cdf,0,a_b59b560b,Guster
ac_73704b0d,0,a_e2bbc501,Emdi
ac_ed9a5335,0,a_0c68645d,Delerium
ac_7cb9eabc,0,a_496138a9,Doctor Explosion
ac_aeb4d34a,0,a_afbbcb59,Dead Vampires
ac_9badf0de,0,a_c3e46057,Barbara Hendricks
ac_ef6bcda5,5,a_e7ef63d3,Franck
ac_b507252b,0,a_96211819,T‐Bone Walker
ac_037a5491,0,a_d24a2723,biff0r
ac_c5fc0546,0,a_b3ca56f2,Sarah McLachlan
ac_51c7a16c,0,a_78161e1e,Christopher Herrick
ac_e2fe92fb,0,a_1f91ffac,UNITE
ac_1f0e7799,0,a_a5e2aabc,Harlej
ac_ef8a7be4,0,a_67f07cd3,Vega Nova
ac_e910ba90,0,a_aeba968f,Die drei 
ac_ee3d27f3,0,a_13c69927,4Voice
ac_0f79d879,0,a_75a1641e,Jef Lee Johnson
ac_37b2e266,0,a_2dce36e1,Ashentide
ac_e17c9a0a,0,a_51c59b95,Elton D
ac_b3560cb4,0,a_1ef308ea,Pendulum
ac_50ae245d,0,a_688d65bb,Exited
ac_f9302dd3,0,a_ba37db44,Terrace
ac_c03584fb,0,a_bc44e988,Numbers
ac_5982206f,1,a_d12532ce,John Giuffrida
ac_c7e5140c,1,a_f4e35212,VAYAN
ac_8dbb582f,0,a_f6ef43b6,Neophyte
ac_0d34f9fb,0,a_110134e2,Klaus Harmony
ac_a50f5d75,0,a_67fbb6d0,Vyaas Houston 
ac_4c50f7ec,0,a_10a14af9,Vakkuum
ac_65972115,0,a_642d2c8a,Grobschnitt
ac_479b0c1d,0,a_586fbf27,Dougie D
ac_fa9fc694,0,a_db6f4a14,Distance
ac_a91aaeb6,1,a_4e6356c1,EverSeenΛ Ghostbefore
ac_bdbc3cef,0,a_e2d4cfa2,David  the High Spirit
ac_bddbada4,0,a_b488ff16,Dvořák
ac_6673f556,0,a_5fcbf927,The Styrenes
ac_fb53b469,0,a_761372e8,Sway  King Tech
ac_a40a53f1,2,a_79419c4a,Lorin Maazel
ac_34bf83f5,0,a_35a8065a,The Zone
ac_2efc78ed,0,a_f531de66,Milan Knížák
ac_b0daca61,0,a_7a11cc0e,XRay Dog
ac_8b6721b3,0,a_dca7c7ca,Tony Joe White
ac_0d8715e7,0,a_9377a5e3,K J Yesudas
ac_fcf11bd0,0,a_726bb690,Duo Damiano Sarzier
ac_8b5521a8,0,a_ab8b693d,Chop Shop
ac_55efb957,0,a_de100519,Koji Asano
ac_9f41514c,2,a_987ceece,Nikolaus Harnoncourt
ac_ab427f3a,0,a_b4c8b92f,Needle
ac_96e2c573,0,a_5d6aa638,KnockDiesel
ac_8e96e25d,0,a_3682d711,David Rovics
ac_4c131a71,0,a_4341d04f,The Shamen
ac_73e1e3f4,0,a_8d0cbba5,Emrah
ac_2ab7234c,0,a_7f5683bd,Muslimgauze
ac_2ba578ea,0,a_3d185aec,Marianne Rosenberg
ac_64bf3204,0,a_4bbdc8f0,Necrodeath
ac_a56e2a3a,0,a_0096548e,Sally Barker
ac_cb3a1fc5,0,a_99b244aa,Louis Armstrong
ac_93ec532f,0,a_ba681839,The Eggnogs
ac_b02eb741,0,a_05488bd3,The Mighty Diamonds
ac_00ab5295,0,a_43d86111,Love Ranger
ac_8de40dc2,0,a_26bcd8d8,Max van Egmond
ac_ea421f40,0,a_2f8594e0,Pernilla Wahlgren
ac_8a656127,0,a_7c3de6ff,Grooveminister
ac_be433309,0,a_18ba4406,Hans Appelqvist
ac_b2183d8f,0,a_c7053a29,松尾早人
ac_b553ae73,0,a_1aea44ea,研ナオコ
ac_5b181f81,0,a_47275b1e,Steve Haun
ac_648a70e2,0,a_069e7d20,Sylvia Telles
ac_708d20d1,0,a_cb385bfd,伊藤賢治
ac_b5dc2c50,0,a_c01bf11b,Soffull
ac_104e7d96,0,a_52582603,The Gordons
ac_4f2f1925,0,a_a117a1d8,Rick Seratte
ac_114c0b1f,0,a_7e6654a2,Malevolent Creation
ac_9578cb57,0,a_a1328b41,Ludwig van Beethoven
ac_7cc02f84,0,a_851de102,Antonino
ac_6a636d3a,0,a_80aaf6f8,Die Toten Hosen
ac_9be8c94c,0,a_c93ecc38,SilverHawk
ac_9282e3f5,1,a_3451a1c1,Mika Kallio
ac_b1d2a5f1,0,a_b0f60ef2,Χρήστος Σαντικάι
ac_41d1a702,0,a_503adebe,Duke Ellington  His Orchestra
ac_196a5a58,0,a_0cbc03af,Carmine
ac_4bf706ad,0,a_293b85cd,Goldham John
ac_9ffa31cb,0,a_04e8aa2c,John Ernest Galliard
ac_355d7a2e,0,a_ea5f89f3,Steven Halpern
ac_6f381dcd,0,a_749e2eea,Erol Parlak Bağlama Beşlisi
ac_d5cba984,0,a_a55127e6,Precious Wax Drippings
ac_81aef85d,0,a_4c953b85,Dinah Washington
ac_9badf0de,1,a_c1466d7f,Katia  Marielle Labèque
ac_b99b3784,0,a_162a85c8,Da Vincis Notebook
ac_52536709,2,a_b4a44d32,Priya Subramani
ac_22b35f12,0,a_3599a431,鈴木雅之
ac_9c0b1b59,0,a_9c0b9736,Richie Branson
ac_2b765aa8,0,a_c23c3e71,Eddy Duchin and His Orchestra
ac_1dbbe773,0,a_3b75adfb,Dennis Brown
ac_010dfef9,0,a_0c61aaee,İbrahim Tatlıses
ac_2938149d,1,a_92fe54a2,Project Pat
ac_82afe5c0,0,a_bff3613a,Rainer
ac_20479a51,0,a_870e7915,Gang Starr
ac_68f60ebe,0,a_80be45f1,The Countdown Mixmasters
ac_bf2552a6,0,a_be3eda00,The Perceptionists
ac_139cf62c,0,a_0691a833,Caravan
ac_f1ff7083,0,a_b5ec2d92,James Horner
ac_cbae5cb9,1,a_3451a1c1,Mika Kallio
ac_69e5e4e6,1,a_d332ecae,Gerold Huber
ac_af353f45,0,a_ad00cc01,Peter Hammill
ac_721e3eb2,0,a_b7368977,Bloodstone
ac_b9e9403c,0,a_2d030e2c,黒田洋介
ac_c17e56f9,0,a_65f7c808,My Vitriol
ac_056ef8af,2,a_7033fa75,Denis Dobrenz
ac_0268f54d,0,a_5a3e9d72,Mercedes Sosa
ac_63ffc4e8,2,a_74557779,Václav Neumann
ac_5c18f626,0,a_90ec9775,Patricia Morrison
ac_20487306,0,a_24a2c6bb,Tõnis Mägi
ac_4c50f7ec,0,a_10a14af9,Vakkuum
ac_c5d77d62,0,a_dd54f3c2,The Creams
ac_1496e354,0,a_31240a2c,Gemma Hayes
ac_ecd4560e,0,a_f68334a1,Hart Backbord
ac_755cac86,0,a_bde51ad3,Sick of the Law
ac_f44047ff,1,a_800789c9,Project Pat
ac_9a34bea7,0,a_468d556f,Erci_E
ac_6852c0df,0,a_a2985ccc,Chris Barber
ac_3a2bfeac,0,a_a4fc109d,Junior Murvin
ac_adae9de1,2,a_dda2563c,Dana
ac_cf3bde70,0,a_38849eb9,Franz Schubert
ac_797b29b3,0,a_fb0fd8a1,Battle Circus
ac_d58784c3,0,a_d2d3a355,The Gardening Club
ac_708d20d1,0,a_72a853a5,伊藤賢治
ac_64ed4c4a,0,a_5be971cb,Ratcat
ac_00cc2925,0,a_58f4f62c,RIP SLYME
ac_8ef5a632,0,a_05fa761d,Isha Foundation
ac_f06787ac,0,a_c007e107,Les Brown
ac_8f6abd9e,0,a_a9bc761f,The Starlights
ac_7e440334,0,a_435a999c,Burd Early
ac_735d8eed,0,a_7f75a077,The Primitive Quartet
ac_c4ad429d,0,a_f14f4eba,Michael B Tretow
ac_7f1ba363,0,a_d1e49b49,Hatebreed
ac_41e2e2e2,0,a_294ac723,Frontier
ac_4c1c1418,0,a_88a65404,Glen Campbell
ac_42170aaf,1,a_d7670d45,Radioskugga
ac_960b6a50,0,a_22947239,Quirk
ac_e7b8d94b,0,a_4adcafc8,Stranded At The DriveIn
ac_1a6334d1,0,a_81881952,Özdemir Erdoğan
ac_86a30234,0,a_8a60bf07,Pianoheadz
ac_27440fa1,0,a_2bf52f45,Ÿuma
ac_22c89941,0,a_c2f9df57,Disciplina kičme
ac_42996b2c,0,a_05c9a69d,Atomic Pulse
ac_38bb3abc,1,a_a8a28eb7,The Wailers
ac_0200c542,0,a_8ea21b5f,Werwolf 77
ac_5d7f551d,1,a_e999b20b,Nürnberger Symphoniker
ac_10de24e7,0,a_fb1b66b0,Fryderyk Chopin
ac_453dbb0b,0,a_acb1a0c8,Marian Anderson
ac_2fc6c455,0,a_5e8d4fc7,Bobby Blue Bland
ac_db3c3016,0,a_ea043a61,אריק איינשטיין
ac_8f6abd9e,0,a_823d7307,The Starlights
ac_c5717621,0,a_4e6356c1,EverSeenΛ Ghostbefore
ac_a88bf746,0,a_9ad2b951,RIP SLYME
ac_5e6f5425,0,a_2825176e,Orquesta Uribichá
ac_bef06611,1,a_cc994294,Orchestra of the Swan
ac_01dedcf1,0,a_40a7bef7,Pure Obsessions  Red Nights
ac_7de90171,0,a_ef92acef,American Noise
ac_9282e3f5,0,a_f7fe0795,Mikko Innanen
ac_d03103fc,0,a_93700114,Fatso Jetson
ac_42170aaf,1,a_9a2c1c00,Radioskugga
ac_4ff1399b,0,a_0a12c2e5,Veil of Ashes
ac_4683d1eb,0,a_9a696178,Sin Eater
ac_000eb16d,0,a_35547ac4,Orlando Voorn
ac_e0e4e316,0,a_3743cada,Beach Fossils
ac_9d93d422,0,a_bc148400,Ben Somer
ac_e9a1ada1,0,a_24ce637c,666
ac_cf28569a,0,a_0ce6ac40,Christian Gerhaher
ac_583db52e,0,a_a0615cb4,BeeBee
ac_14aae6b5,0,a_c5d9167b,Arsen Dedić
ac_6bf20493,0,a_3d2dc549,Crimpshrine
ac_7331d424,0,a_b488ff16,Antonín Dvořák
ac_68cdc582,1,a_f94d0c4f,Cypha
ac_5541c0ba,0,a_8006d24b,OToGi8
ac_e6a83d18,1,a_67805ae3,Sir Laurence Olivier
ac_fb39e8b7,0,a_e5d08521,Eristetyt
ac_86b9c6a8,0,a_7076c023,projectDelta
ac_d0078e04,0,a_bc7a415e,Johnny Griffin
ac_fd21ae2a,0,a_ff010f60,Byron Stripling
ac_2d1b5c5e,0,a_8b9f80c5,Robert Shaw Chamber Singers
ac_4c144540,0,a_c892634b,Massgrav
ac_929267f2,0,a_0d28a05f,Les Reines Prochaines
ac_a7457a43,0,a_52b03154,Sue Henry
ac_7c4b0cc3,0,a_8457be6a,Kate Wolf
ac_83dbdacf,4,a_40356cd3,雪村螢子
ac_bdac6417,0,a_2438a8f8,Goodbye
ac_3f7cc3ee,0,a_c483e2b7,Giuseppe Verdi
ac_d7ab57a1,2,a_08ae9130,Геннадий Николаевич Рождественский
ac_ffd1412a,0,a_e9806837,Chriz
ac_253a0d70,0,a_f0160fdb,Iceland Symphony Orchestra
ac_eed41f96,0,a_5c8133a4,Ansiktet
ac_dc6b3826,1,a_72bffb5a,Xande de Pilares
ac_77ef3fa6,0,a_cef3ea7b,Steve Merlin
ac_bae5ad38,0,a_a30f284c,Jadis
ac_b0daca61,0,a_081a7ac1,XRay Dog
ac_7a232bdf,0,a_47c7790a,Fats Domino
ac_dec79c30,0,a_b2a5e744,Sharon Lois  Bram
ac_b58cab1e,0,a_64134e07,Matthias Reim
ac_5ef6985f,0,a_c4ac9e1a,Trio Bier
ac_a2422896,0,a_5460ccd6,Carlos Di Sarli
ac_d8b5271d,0,a_66c37659,Athlos
ac_e740bdcc,0,a_afca053f,Tequilajazzz
ac_8791b795,0,a_9c66057e,Vince Gabriel
ac_54885b4d,1,a_99df6ad2,Engineer
ac_5d5a8d06,0,a_fc0350a1,TeeKu
ac_3954cdcf,0,a_caa866df,Tommy Coomes Band
ac_44c125c0,0,a_a8a20483,Simon Etchell
ac_d74504e2,0,a_b27af517,Urban Dance Squad
ac_da1ed990,0,a_66c37659,Athlos
ac_52536709,1,a_f0185e7e,Tippu
ac_3c0b4a9e,0,a_7e852543,ChaosOrder
ac_6c2825b0,0,a_77bdc919,Μάνος Χατζιδάκις
ac_695c4b5d,0,a_ee5b7c63,Ed Gungor
ac_7bc190f8,0,a_f7381889,The Channels
ac_707acc87,0,a_ecd309f3,Roger Shah
ac_88ff7cde,0,a_e2442219,Daco
ac_31cf4fa6,4,a_ddf0621d,Academy of St Martin‐in‐the‐Fields
ac_3cef3764,0,a_f0ef54e0,Andrea Polli
ac_13e8d349,0,a_5b103e6a,Walton
ac_870df031,1,a_504ca8d0,Paul Frazer
ac_0983aecf,0,a_0bb600b1,Vyaas Houston
ac_c21a749a,0,a_e2d4cfa2,David  the High Spirit
ac_52536709,2,a_b4a44d32,Priya Subramani
ac_5d98ac53,0,a_22f84345,The Four Freshmen
ac_279588f8,1,a_605e2cd0,Corelli
ac_a54adb58,0,a_32fda482,Peter Ditzer
ac_bbb4b084,1,a_c9daba79,Nikolaus Harnoncourt
ac_55c3b3e5,0,a_4170b599,Griffin House
ac_e31e315b,0,a_e6ebf0f9,James Last
ac_6cbec516,0,a_0fab9420,Mariachi Peñatitlan
ac_79b8da3e,0,a_f45f1e41,Peter Rowan
ac_c0268883,0,a_acb27755,Filicophyta
ac_fa9fc694,0,a_514fbe01,Distance
ac_78595c1f,0,a_0e15736d,Pugs
ac_19174de6,0,a_03c8b89a,The Ethel Mertz Experience
ac_3a24db46,0,a_bf3b8116,Kombi
ac_e57f3675,0,a_c69369e6,Scrotum
ac_233c141a,0,a_26dff70c,Cairo Liberation Front
ac_58c5c0f3,0,a_23321b26,Jo Bogaert
ac_acba64b4,1,a_0e5bbae1,Michael Tauben
ac_fb0e282f,0,a_0cd30f96,Andreas Fulterer
ac_9d829a77,0,a_6d181787,陶喆
ac_67da2b38,0,a_ce6f3978,Niños Cantores de Lara
ac_7cd063b5,0,a_a6fdc17b,Intricate
ac_d3368198,0,a_8aff519e,The Panacea
ac_8b55c095,0,a_807585d1,Johan Tronestam
ac_335a37e2,0,a_1220a9f7,Graham Park
ac_ae5624fc,0,a_3206f6e4,The Count Basie Trio
ac_ee1a0eae,0,a_2731340d,Jason Mraz
ac_752f4ea4,0,a_bf007d8f,Frank Tayla
ac_f1ff7083,0,a_ebc1ce19,James Horner
ac_c4a626f6,0,a_4d2eae3d,Hot Chip
ac_9e83821c,0,a_bde51ad3,Sick of the Law
ac_2a78654c,0,a_066383b4,Liane Carroll
ac_2ad0abca,0,a_8ab9b6bd,Mortuus Infradaemoni
ac_334545bf,0,a_8d9354b9,Las Estrallas Cobo
ac_4e9a9a86,0,a_77085f0f,Lucky Jim
ac_acd6fd20,0,a_47340b70,Koan
ac_9c779d65,1,a_6a534265,Khaled
ac_22751677,0,a_f33cf80b,Dorsey Brothers and Their Orchestra
ac_ef6bcda5,4,a_24a5c0d7,Schumann
ac_63ef8db2,0,a_dd32759d,Ron Escheté
ac_670b0982,0,a_ca54c65a,Autechre
ac_2072ba72,0,a_285f9d21,Dave Specter  The Bluebirds
ac_8e787390,0,a_803308c1,Guus Meeuwis  Vagant
ac_f5f714af,0,a_9c3d9374,Johanson  Vennad
ac_c4ee4d93,2,a_cafe18e5,Herb Ellis
ac_c6653725,0,a_c32d2bee,Puzzle
ac_9a6a4b4b,0,a_d11545ce,afrodynamix
ac_154b621e,0,a_62e28322,Fondo Flamenco
ac_13e8d349,2,a_63dc2782,Philharmonia Orchestra
ac_21e51a0b,0,a_1b14ed93,The Tombstone Brawlers
ac_4c50f7ec,0,a_fff55da4,Vakkuum
ac_6501762f,0,a_03740be4,The Bakers
ac_18919e07,0,a_d4fa9dd1,ona
ac_89d3685e,0,a_293b85cd,Goldham John
ac_61e731cd,0,a_0d5c0378,Hungarian State Orchestra
ac_57be2655,0,a_c2c8112a,Richard Strauss
ac_a2144b0f,0,a_6a5e704f,Michał Bajor
ac_79d4e758,0,a_8763affd,Mynock
ac_1664018d,0,a_69826185,Duane Eddy
ac_6f186770,0,a_8d138681,百蚊
ac_6ba5f1fd,0,a_4413f785,Star of Ash
ac_b418c104,0,a_9364e20a,Seba
ac_0404b6f1,0,a_060bd681,Anima Virus
ac_d309ac19,0,a_569f9836,Zachary Allen
ac_6fe6302e,0,a_12975fb5,Quadra
ac_3508997c,0,a_8e34904e,The Glory
ac_2c10a4e6,0,a_62d890c4,Vermin
ac_d2854230,0,a_79d6abac,Toomas Anni
ac_a5fe049c,0,a_d5876d39,Kelly Joe Phelps
ac_31cf4fa6,5,a_c12268b6,Neville Marriner
ac_159fca4d,0,a_a26dab92,Elton John
ac_0983aecf,0,a_ddfdb6d0,Vyaas Houston
ac_41fe2f5b,0,a_b55d23e3,Hall  Oates
ac_c4b7d359,0,a_c892634b,Massgrav
ac_fd21ae2a,0,a_3517cf54,Byron Stripling
ac_136a027d,0,a_7df54b98,St Anthony Falls
ac_282a323e,0,a_0490f6a5,Lionel Marchetti
ac_b53f3b71,1,a_89433bd5,Stewart Winter
ac_2180d07a,0,a_7dfff25b,Modest Mouse
ac_ab4bc279,1,a_24428f72,Hungarian State Orchestra
ac_bae5ad38,0,a_388f7d57,Jadis
ac_868be9f7,0,a_2c5646f3,De Lyckliga Kompisarna
ac_9301278d,0,a_33ab8273,Triple R
ac_9024325b,5,a_6ef53040,Horst Laubenthal
ac_43d7b549,0,a_3175f7da,La Inestable
ac_d1b4aa65,0,a_77bdc919,Μάνος Χατζιδάκις
ac_5a657bd0,0,a_e9c32c6f,Эдита Пьеха
ac_36889926,0,a_78e7551c,Fries Jeugdkoor
ac_1312d5f2,1,a_3cee5f9f,Guy McAffer
ac_e730d9e7,0,a_d410aaaf,NǽnøĉÿbbŒrğ VbëřřĦōlökäävsŦ
ac_42f831fa,0,a_b7d937ed,Astrid  Freddy Breck
ac_c4a626f6,0,a_f38ccc70,Hot Chip
ac_3e3ef0b5,0,a_65263c79,Gioachino Rossini
ac_4b8fe941,0,a_f50d8c01,Heads We Dance
ac_b18989d9,0,a_557484b9,DJ Spair
ac_37ec8b2b,0,a_fea1d8ec,The Klezmer Conservatory Band
ac_279a2daf,2,a_31f094ff,Ben Riley
ac_41db3ce7,0,a_8c443986,Die Maus
ac_b1c93821,0,a_ee2df951,David Arnold
ac_be131c25,0,a_e7fc718d,Табула Раса
ac_29a79957,1,a_bcb41a4b,Oliver Wyman
ac_c35c8c5b,0,a_882a1f7d,Luna
ac_f5b3d547,0,a_3d2c73a2,The Mills Brothers
ac_525cb6a1,0,a_4ae15ecd,Gilles Droulez
ac_20328f8e,0,a_adfad7f5,Memphis Slim
ac_5def2168,0,a_c5fecc2e,Little Bushman
ac_28d2481c,0,a_00eec322,Engineer
ac_3832e28e,0,a_c1e93a73,Kobranocka
ac_4bab2f7c,2,a_17e2e916,Vésper Vocal
ac_3038617e,1,a_ab1bac5e,Геннадий Николаевич Рождественский
ac_69c46167,0,a_a49bf3b6,Honey White
ac_eb1ed17a,0,a_ed021f02,Controlled Bleeding
ac_ac3a69d0,0,a_3ce2a925,Harrie Jekkers
ac_88ff526b,0,a_3a782c8e,Martin and Company
ac_c58c1018,0,a_2bb09f00,Luxxuriös
ac_5e7cca96,0,a_95929fcb,Big Youth
ac_cbae5cb9,0,a_f7fe0795,Mikko Innanen
ac_0d4824f4,0,a_bd31543e,wumpscut
ac_361dd651,0,a_ffdb9e2e,Madonna
ac_7617458b,0,a_b1b055bb,Deadly Buda
ac_844f60a3,1,a_fa64bfc1,Mike Posner
ac_ff48282f,0,a_4a9fd818,Charles Bukowski
ac_413685fa,0,a_3d956fad,佐橋佳幸
ac_999c86c9,0,a_21241f52,John Lee Hooker
ac_593d02fa,0,a_09ce2502,Bernhard Brink
ac_380bdfbd,0,a_3f728c95,De La Soul
ac_11dd967c,0,a_e5d08521,Eristetyt
ac_e3431392,0,a_f367957b,Mecanic Groove
ac_91358239,0,a_3ff8ac81,Empyreal
ac_c03a6451,0,a_92ae5ace,Eumir Deodato
ac_7e215403,0,a_3743cada,Beach Fossils
ac_09af3eb5,0,a_1a20d8e2,The Spaniels
ac_99f676fe,0,a_839de01d,Hany Shaker
ac_94e21400,0,a_dbab537f,Brigada Criminal  Stupenda Jones
ac_1ae8a8a1,0,a_d39de597,Raison Varner
ac_98610be2,0,a_f1570630,PMODEL
ac_7e0e8f35,1,a_6a534265,Khaled
ac_9d829a77,1,a_5088b3f6,Tension
ac_c39a4a7d,0,a_ce467cc8,Pop Levi
ac_918e893b,0,a_6f2348e1,Leci Brandão
ac_2a4c725f,0,a_b3315a3b,Spank the Monkey
ac_07872eac,0,a_9dfb2973,Alexandre Tharaud
ac_de20540a,0,a_2039bf6c,Manitoba
ac_3f52a53d,0,a_01976012,GaMetal
ac_c03584fb,0,a_bc11c291,Numbers
ac_96e2c573,0,a_5d6aa638,KnockDiesel
ac_5eb70f39,0,a_32ae948b,TimeLapse Consortium
ac_27ca10ef,0,a_9b543569,3 Doors Down
ac_1d75e15f,0,a_f1f72cf4,Tommy McCook
ac_f233b4cf,0,a_bbfa1fc7,Pakita
ac_cb2f03d6,0,a_d4f1be80,As the Sun Falls
ac_3b68370a,0,a_3105deb2,Die Fantastischen Vier
ac_9000aeda,3,a_c31146da,Richard Bonynge
ac_6aa352f0,1,a_eeffe454,Anla Courtis
ac_00b89d83,1,a_a11f6e8d,Michel Plasson
ac_43fbe679,4,a_76f18c9c,Robert Lloyd
ac_8506a086,0,a_532c97f5,SEX MACHINEGUNS
ac_5aa10043,0,a_0db784c3,OAR
ac_0ddb5564,0,a_8ee31946,U2
ac_3076a3e3,0,a_24a5c0d7,Robert Schumann
ac_77bc8df6,0,a_3268225a,Erlend Krauser
ac_aba6703a,0,a_57db2ff3,Lars Lilholt
ac_b8d7d155,0,a_2262ce89,Tsurubami
ac_898f77b6,1,a_5bddbe09,BDS
ac_5982206f,2,a_89c04893,Wayne Wright
ac_02919666,0,a_369dabe1,Clay Fav
ac_52536709,4,a_fa59e81a,Emcee Jesz
ac_4ad388f9,1,a_a368653e,Akinsa
ac_41d6d886,0,a_b56aa866,Mudmen
ac_929267f2,0,a_553c788a,Les Reines Prochaines
ac_e6a83d18,3,a_b46359b3,Sir William Walton
ac_019ca720,0,a_3a8812a5,The Stupids
ac_25d387cd,0,a_c9a915b8,Valdur
ac_3da1c09f,0,a_5480eb09,Jerry Garcia
ac_1a933b43,0,a_463c0aa6,Apollo
ac_81aef85d,0,a_4bc8ca27,Dinah Washington
ac_2befc2ca,0,a_77b4df17,Lamiel
ac_4d06756f,0,a_36cb4032,Kristina Bach
ac_bae5ad38,0,a_326ffcf8,Jadis
ac_9c779d65,1,a_77e70511,Khaled
ac_e6f36904,0,a_bc637ec7,Gary Lamb
ac_7d53476e,0,a_1efe1e40,Thieves Like Us
ac_9163953e,0,a_5b8b9852,TV on the Radio
ac_77b19bab,0,a_bb3b6b57,Internet Forever
ac_86097769,0,a_b34d0975,Stare Dzwony
ac_62a78624,0,a_85d2b183,Ron Kenoly
ac_61e731cd,3,a_995ed229,Simfonični orkester RTV Slovenija
ac_d5149794,0,a_e0c8a26c,Martin Cook
ac_ecf941b4,0,a_d1569f04,坂本龍一
ac_279588f8,7,a_2c2b8037,Justin Taylor
ac_5d902e26,0,a_031084b4,XTC
ac_d82a1588,0,a_cbcc6b74,Hey Negrita
ac_b5b976ef,1,a_a8caaadd,Icewear Vezzo
ac_b875ec09,0,a_f115eb0e,Vijay Prakash
ac_0bdce6e5,0,a_988661ab,Weltempfänger
ac_9729573e,0,a_885ce165,Mean Green
ac_6c59d4f4,0,a_58cdeab6,さユり
ac_8131e09d,3,a_565bcf94,Jed Wentz
ac_99760006,0,a_cde6aaeb,Gianni Ferrio
ac_a5deb2f5,0,a_ad864554,Jason Gray
ac_8702ea4f,0,a_5b8b9852,TV on the Radio
ac_6ceaefa3,0,a_49bbad2b,Dead Can Dance
ac_c393180f,0,a_0c5c0e37,Don Huonot
ac_44ca538d,0,a_04ec3d9f,光田康典
ac_f5248777,0,a_ca74d883,Marty Stuart
ac_707acc87,0,a_ecd309f3,Roger Shah
ac_8964b201,0,a_d82ec4c5,Vangelis
ac_d6641561,0,a_992296a0,Fluke
ac_a1dfeb67,0,a_b110c335,Nicole
ac_e6c4a775,0,a_6448bd87,Indiana
ac_9f41514c,2,a_c9daba79,Nikolaus Harnoncourt
ac_a29e8c17,0,a_719693cf,Steven Robinson
ac_a70c9d70,0,a_b06361de,Kaimiņi
ac_dc2f018d,0,a_f64f4fdd,Christopher Young
ac_4af7b99d,0,a_78aa1faa,Chewy Marble
ac_9d829a77,1,a_90a984d6,Tension
ac_b875ec09,4,a_aa42a364,Emcee Jesz
ac_1f7d4cb6,0,a_ff7d1ff2,Joanna Stingray
ac_498dfb2c,0,a_89263f65,Francesca Michielin
ac_dbcb4088,0,a_84c9676b,Roomful of Blues
ac_cc04d9fd,0,a_8d4fd531,Louie Ramírez
ac_a6e1071b,0,a_50b3147f,増子司
ac_9ed55c43,2,a_3267c2e4,Birgit Nilsson
ac_607bcad3,0,a_04c745d8,Cobee
ac_5cda931a,1,a_50e0a7d2,Chris William Woods
ac_d77c7f58,0,a_38704fdb,Kid
ac_5cda931a,2,a_9b826b51,Scott P Schreer
ac_ddff6a4f,8,a_c31146da,Richard Bonynge
ac_8131e09d,1,a_04e8aa2c,Galliard
ac_6b9e2894,0,a_72310f9c,Jannes
ac_935ceaa1,0,a_f45f1e41,Peter Rowan
ac_68bfe4cf,0,a_1b529553,柿島伸次
ac_42ba33a6,0,a_b05ac9f0,John Hammond
ac_53ebe100,0,a_ca4e8a4b,Tikeyah
ac_d471d392,0,a_d3534f14,cloud
ac_2fa8a095,0,a_178d4ab3,Mark Rushton
ac_556f66c7,0,a_8de589f9,Blue Chill
ac_e8fe3c02,0,a_de1ae095,They Would Be Happy People
ac_eec682a6,0,a_5aa56204,Nick Jagger
ac_3b02f7a1,0,a_e282dc11,OT Quartet
ac_868be9f7,0,a_c97eb271,De Lyckliga Kompisarna
ac_f381f867,0,a_c2310178,Joe Walsh
ac_95e29aff,0,a_7349b906,Back to Earth
ac_57ee93cf,0,a_df99323a,Jip
ac_f27e015d,0,a_c744659d,DJ 2nd Nature
ac_1fced2af,1,a_2ae326a2,Тараканы
ac_6ca9b2dc,0,a_ca54c65a,Autechre
ac_3eea9a70,0,a_3f959bbc,Château Flight
ac_27237def,0,a_bbef573e,Russell Wolff
ac_506337eb,0,a_674c0d19,Sugar Minott
ac_b883be11,1,a_73a28f5d,Jacques Loussier
ac_d2ea9142,0,a_b47e8642,Harry Bluestone
ac_c8973d58,0,a_d9ff8183,AQUAPLUS
ac_2072ba72,0,a_14743b9b,Dave Specter  The Bluebirds
ac_44d07009,0,a_b876c03d,Auróra
ac_ea4e3e0b,0,a_52b03154,Sue Henry
ac_62649d72,0,a_0066f654,Love4Money
ac_9ecd5b00,0,a_cecf26ef,Mark Emney
ac_fde306b1,0,a_d5715e7a,Simeon ten Holt
ac_6c45c230,0,a_54f40953,Gaither Carlton
ac_1a24074c,0,a_8c8b9f5d,Manikin
ac_69a7ae88,0,a_b6018cd9,Wolf Ram Heart
ac_bd7839b9,2,a_66f1f1de,Edward Serov
ac_62911809,0,a_40e89708,Suffocation
ac_6bf20493,0,a_43f57834,Crimpshrine
ac_ec407c5e,0,a_b3ca56f2,Sarah McLachlan
ac_c1395e21,0,a_978751a8,Juanita Williams
ac_07eea6e6,0,a_39244bb1,Nach Scratch
ac_d952ae16,0,a_8d675b28,Clam Chowder
ac_19611d27,2,a_6cc89bb8,Stefano Bollani
ac_228953ad,0,a_758ca819,David Shire
ac_b75214a0,0,a_b7fa1a03,The CRS Players
ac_896c37d8,0,a_89e31f23,Steve Cole
ac_1f07bb5e,0,a_085a32d5,Back of the Bus
ac_612eb206,0,a_8ef03dc8,John Hicks
ac_495e0bd4,0,a_39645671,ThermalBear
ac_e62f7865,0,a_3cad29b3,Neljänsuora
ac_cb5e2f46,0,a_ba956d72,Dilba
ac_d3c1db77,0,a_3d5585a2,Margot Käßmann
ac_8fc2ab5e,0,a_d1cc444d,Ace Troubleshooter
ac_8de40dc2,3,a_c9daba79,Nikolaus Harnoncourt
ac_c8064c78,0,a_2a1f037f,Christy Moore
ac_9a05f585,0,a_f417560c,Kate MacLeod
ac_7d9ebdee,0,a_577c42a3,Lazzi
ac_3aa93bd9,0,a_f5bf3d13,Monique Kessous
ac_dfd2d810,0,a_9ba05365,Shenanigans
ac_fa7cd7ea,0,a_201a78d4,Denez Prigent
ac_2b9414f9,0,a_51b12290,Maher Shalal Hash Baz
ac_b2343a1a,0,a_aaba3bc9,Baltimore
ac_efc4a1af,0,a_8b768552,アリス九號
ac_0da805f0,0,a_d1cf810f,TeeKu
ac_22122b84,0,a_f60c4771,Cheap Trick
ac_9000aeda,2,a_040444cf,Welsh National Orchestra
ac_a2b6960d,0,a_27330e10,Danny Elfman
ac_08ba79c5,0,a_a110bd2d,Claudio Roditi
ac_ab4bc279,1,a_f4232c55,Hungarian State Orchestra
ac_868be9f7,0,a_2c5646f3,De Lyckliga Kompisarna
ac_b2af2c89,0,a_f325bfa9,Little Richard
ac_45743626,0,a_5bed272e,Raul de Souza
ac_e96714ee,0,a_c0a6314d,山中千尋
ac_e2615033,0,a_38aa1cec,森高千里
ac_b7264f5c,0,a_27d776ba,Bernd Kohlhepp
ac_47ad2fe6,0,a_c5bea751,Mak
ac_0e314bbe,0,a_224ecc40,Erich Kunzel
ac_01871ca9,0,a_0049d5aa,Anonomous
ac_6ecbc5bd,1,a_55997ff8,Libor Pešek
ac_2ed5e868,0,a_6d7cbef1,Malignant Tumour
ac_99760006,0,a_069e605a,Gianni Ferrio
ac_ceb8c8e5,0,a_64f537be,The Olivia Tremor Control
ac_48048041,0,a_fe98ceef,Glenn Crytzers Savoy Seven
ac_a5919fdd,0,a_e3feee39,Blümchen
ac_d7dfb2f6,0,a_1e531dd1,Die Toten Hosen
ac_71dd244b,0,a_73e66d87,Sturmwehr
ac_03b4c409,0,a_b14a626b,Monument to Thieves
ac_279588f8,6,a_59894a71,Hanna Salzenstein
ac_976342f0,0,a_46ced014,Bethany Curve
ac_7be44bf1,0,a_2c45b764,Frauke Nahrgang
ac_3467f67f,0,a_37f7d1f3,伊藤真澄
ac_9c779d65,2,a_b46ee5b7,Faudel
ac_6c02449a,0,a_c53c4997,John Morgan
ac_5c4a3cf9,0,a_ccf94e49,Praveen
ac_fa8a24b4,0,a_7e10ee30,Air Formation
ac_814d0476,0,a_61f911a2,The Dixie Cups
ac_7e59fabf,2,a_a1f5dd14,Leonhardt
ac_430d902b,0,a_676ea14c,Laurent Garnier
ac_76ea6edb,0,a_dfe493b2,Georges Delerue
ac_806d6fa7,2,a_93ac4e50,Le Consort
ac_144ad0f9,0,a_6c940e2a,Christian Smith  John Selway
ac_c28c57f9,0,a_5c1face1,Stojan Knežević
ac_e99b503e,0,a_771d0656,AlienSix13
ac_499d0506,0,a_cd732383,Ingrid Michaelson
ac_13b06e71,0,a_4e63ef4f,Subject to Change
ac_2c3dcac4,0,a_48635210,Manolo Guardia
ac_f49d428d,0,a_1da297b4,Lita Roza
ac_3d37e9db,0,a_7f7ab284,The California Aggie Marching Banduh
ac_1a4b32d8,0,a_c618cdbe,The First
ac_28c06536,0,a_3b75adfb,Dennis Brown
ac_a4bd6a36,1,a_79b0cb5d,English Bach Festival Chorus
ac_68cdc582,1,a_da8b76b3,Cypha
ac_bca6dbbd,0,a_777d5853,Freeez
ac_aff6907d,0,a_8cabb9f2,Fats Waller and His Rhythm
ac_624b8429,0,a_42640809,Gaetano Donizetti
ac_1a24074c,0,a_e64ac825,Manikin
ac_0d8fad56,0,a_e0d48f81,Groovy Godzilla
ac_98975e16,0,a_41c22429,Amp
ac_9024325b,4,a_593765a1,Plácido Domingo
ac_8d380406,0,a_4a0fb607,Jay Farrar
ac_2d6d06e8,0,a_99df6ad2,Engineer
ac_1d75e15f,0,a_c2e1beb2,Tommy McCook
ac_73704b0d,2,a_6d460626,Barren Gates
ac_6d61eb22,0,a_c63c70d8,Fireside
ac_b5e1cc66,0,a_ca42e06b,aLi
ac_ffad8924,0,a_e3feee39,Blümchen
ac_1ae8a8a1,0,a_b34d8e77,Raison Varner
ac_68e28c3d,0,a_38b58e1f,Simon Etchell
ac_5c655382,0,a_7b5757ce,Montag
ac_6eaadbc9,1,a_c28c6eba,Taverner Choir  Players
ac_e9ab841f,0,a_3ba00523,Fernando Noronha  Black Soul
ac_e9940bfe,0,a_3d2b6a3e,Reparata  The Delrons
ac_734cd401,0,a_5b103e6a,Sir William Walton
ac_7522e6a1,1,a_fa0c0d41,Leopold Stokowski
ac_96581834,1,a_b46359b3,Sir William Walton
ac_f97eebee,1,a_265b4e91,Khaled
ac_b8234278,0,a_577aa40c,Insomnia FM
ac_0b8e97ab,0,a_3ff11ef7,Teoman
ac_ecd0f8d4,0,a_2e73bbbc,ORIGA
ac_c653c256,0,a_60efa4db,Teresa Brewer
ac_ed366e68,0,a_0fb93e70,Written in Ashes
ac_ee227dca,0,a_91e3948e,Fernando Villalona
ac_55654a18,0,a_23976cba,Joseph Manson
ac_3cba556f,1,a_c903d47c,Maureen OBrien
ac_d04aa0ee,0,a_2c510587,4lung
ac_31f9b8d6,0,a_df22fab4,白鳥英美子
ac_0f2ffe91,0,a_38ae77b0,Claudinho  Buchecha
ac_e910ba90,0,a_4d90cad0,Die drei 
ac_e73c40ff,0,a_7e870124,Čedo Antolić
ac_13d3bf07,0,a_1c9d1a19,San Ul Lim
ac_8d664a05,0,a_df659b69,王新蓮
ac_6aa352f0,0,a_8aecabfc,Kawabata Makoto
ac_8f6abd9e,0,a_4021d02a,The Starlights
ac_dfd2d810,0,a_db964b90,Shenanigans
ac_d0d6db37,0,a_680e951e,Nimbus Luna
ac_9024325b,5,a_06e56e33,Horst Laubenthal
ac_19c8a303,0,a_a5379eb8,Junior Brown
ac_11d29901,0,a_7e58ec50,John Hiatt
ac_be6af4fb,0,a_7d2cb326,Norah Jones
ac_f953479f,0,a_d30df086,Yakup Ekin
ac_24c07d7c,0,a_c15c7d9b,The Playtones
ac_cc298349,0,a_da13a1a4,James Last
ac_87e337a2,0,a_7fe39069,Save
ac_b9d28381,2,a_450a419c,Fred Oldenburg
ac_503dfce4,0,a_cc2f4556,UK Subs
ac_00040ede,0,a_3b33e4ff,Dream Theater
ac_b02d5538,0,a_335653ce,Jah Wobble
ac_d26df141,0,a_dce40d3a,Sidney Bechet
ac_3064998b,0,a_ed2a8591,陶喆
ac_d13d5ead,0,a_293e7890,Joel RL Phelps  the Downer Trio
ac_03bfe911,0,a_8beed0e2,Overkill
ac_7eb3c93f,0,a_34e4b478,Paddy Kingsland
ac_cf302e68,0,a_65fad248,Smilers
ac_69fb1976,0,a_6aab75e1,Megadeth
ac_43867fc0,0,a_c310516e,Los Fabulosos Cadillacs
ac_88bf36d1,1,a_d4cb5ae3,Saycet
ac_d5645783,0,a_fe589c9f,Complys
ac_e16de66a,0,a_a2e16b1b,The Notorious BIG
ac_63ffc4e8,3,a_8a45e8f7,Angelica May
ac_059a552d,0,a_73a721f4,Samson François
ac_5a4a58c5,0,a_0cd30f96,Andreas Fulterer
ac_992ece0f,0,a_aa72e380,Bee Gees
ac_142c4e4a,0,a_325f2b2d,Eivind Aadland
ac_738605e2,0,a_d2c23dfb,Judith Pearce
ac_68f8b703,0,a_72b4a58b,Jimmy Page  Robert Plant
ac_6cbec516,0,a_c943419a,Mariachi Peñatitlan
ac_4c87c058,0,a_7f3bb556,Ruffnexx Sound System
ac_a8c09fff,0,a_cf6ac4a5,The Count Basie Orchestra
ac_0690ceaf,0,a_b7d8ab50,Distinct Nature
ac_279588f8,0,a_5345b64b,Dandrieu
ac_a06ecbc8,0,a_ac5daff3,FBI
ac_04ab4a8e,2,a_af05b5eb,English Bach Festival Baroque Orchestra
ac_d5cb979d,0,a_cf9d881f,OLamm
ac_e59f43d0,0,a_6a9bd524,أصالة
ac_4076217f,4,a_80c82c17,The Kings Consort
ac_885a8c42,0,a_9877a891,Pink Floyd
ac_907282f2,0,a_f0f43d67,Kelly Marie
ac_00b89d83,1,a_757bd664,Michel Plasson
ac_8869068b,0,a_8a8dded3,Clifford Brown
ac_52e33113,0,a_5ba99ae5,Tori Amos
ac_0d22d592,0,a_f3723729,The Wireless Stores
ac_ca4427ef,0,a_beaf6747,Mr Long
ac_837f7979,0,a_2e4b960f,Clinton Emil Shorter
ac_4b990e79,0,a_afbf69a8,The BBC Big Band
ac_572a5d10,0,a_1d7b8d57,Sick of It All
ac_79cc7c71,1,a_76b9c119,Mike Patton
ac_ecd0f8d4,0,a_3079496a,ORIGA
ac_4d648f74,0,a_ede1dc6e,Edward M Favor
ac_7a416b3b,1,a_ee897308,David Rogers
ac_7d55bac3,0,a_7122f986,Cadillac Angels
ac_c81f7a95,0,a_1295c2b1,Ernest Wakefield
ac_e52e4043,0,a_7377a87e,Linda Lewis
ac_e2dbeb7b,0,a_6ce0558b,Little Simz
ac_ae49ffec,0,a_4f7cffa0,Marco Beltrami
ac_f7fc37c4,0,a_d540cc08,Brook Benton
ac_0da805f0,0,a_d1cf810f,TeeKu
ac_a3b79d18,0,a_a8d7a19d,Kirka
ac_88bf36d1,0,a_676ea14c,Laurent Garnier
ac_641e48e0,0,a_ac378450,The Ventures
ac_bcdbf4d0,0,a_043fb552,Timm  Gordon
ac_ab4bc279,0,a_b488ff16,Dvořák
ac_0ac243e8,0,a_9ed1a81c,Chris Egan
ac_7416ec62,0,a_9291eaf7,新垣結衣
ac_c367826e,0,a_5e5eabd3,Robbie Rivera
ac_b9e9403c,0,a_2d030e2c,黒田洋介
ac_c4176341,0,a_6780daf3,Guus Meeuwis  Vagant
ac_c4ee4d93,0,a_82f32b90,Monty Alexander
ac_634d8bca,0,a_c0f633f7,Frank Marauder
ac_4fb857dd,0,a_a6c8b77f,ALSDEAD
ac_7af31640,0,a_c9daba79,Nikolaus Harnoncourt
ac_86eea284,0,a_76a2ff30,Jimmy Jim
ac_88ff526b,0,a_1e276a6e,Martin and Company
ac_88091250,0,a_069fa687,After Meridian
ac_6601c274,0,a_2454985c,dialogue
ac_918c561a,0,a_44f6cda4,Baia e Rockboys
ac_8de40dc2,3,a_c9daba79,Nikolaus Harnoncourt
ac_56b68d61,0,a_3577e245,Jars of Clay
ac_96fa81b1,2,a_8fdd1d44,Rostislav Merkulov
ac_14793e40,1,a_5a6496b7,Ferdl
ac_52a60975,0,a_0441d2d0,Michael Wendler
ac_57216262,0,a_a7ecd504,Lola Lago Detective
ac_3716d747,0,a_92948c30,Orchester Heinz Störrle
ac_521665f7,0,a_6b1445bb,Cris Cab
ac_98e685af,0,a_cf9951c5,Nathan Siter
ac_3c800a27,0,a_2039bf6c,Caribou
ac_a3b79d18,0,a_cf6d3868,Kirka
ac_a4bd6a36,4,a_2978d68e,Orquestra Gulbenkian
ac_6cbec516,0,a_0fab9420,Mariachi Peñatitlan
ac_f5248777,0,a_9bd936a3,Marty Stuart
ac_14aae6b5,0,a_838ebcef,Arsen Dedić
ac_73e43f35,0,a_eb647489,D Todd Sorensen
ac_4f1c879d,0,a_ed8ad4c5,Kevin Whalum
ac_7cfb86a8,0,a_d16b14c6,Matt Hill
ac_7ad610a4,0,a_999fd4f0,Manau
ac_fe866b30,0,a_81bfb17f,Jenő Jandó
ac_c11ad670,0,a_a70328d0,Mod Con
ac_9cc246ce,0,a_02018f2f,Male or Female
ac_ae49ffec,2,a_4e0b5949,Brandon Roberts
ac_342563c5,0,a_33c53152,Ellis Paul
ac_c7a2bc21,0,a_85442ad2,The Elusive
ac_69baad4f,0,a_02b082b2,Indoctrinate
ac_95d1b834,0,a_42640809,Gaetano Donizetti
ac_5d7f551d,2,a_f6d48598,Jean Toulier
ac_b0daca61,0,a_8a65d0a0,XRay Dog
ac_95311b21,0,a_43139d4c,Dopapod
ac_eb1947c2,0,a_cf57d307,The Whigs
ac_992ece0f,0,a_aa72e380,Bee Gees
ac_bcc02849,0,a_3a3ab8a0,Pendragon
ac_f297fca1,0,a_624744e8,Karl Wolf
ac_f2d595d5,0,a_561d2cd4,Hzero
ac_73ab0282,0,a_475199e6,Rosanne Cash
ac_387d5ad7,0,a_3bfe9623,Eppu Normaali
ac_6e72c61d,1,a_c9daba79,Nikolaus Harnoncourt
ac_f70a0a82,0,a_4c8c5949,The Lassie Foundation
ac_339e2142,0,a_c58d046f,Daniel Bierton
ac_761d4418,0,a_66d5d486,Lois McMaster Bujold
ac_eef6e496,0,a_ef87c69b,Ensemble DENEB
ac_f40b990f,0,a_a8b3cfa0,Kraftklub
ac_ded9967e,0,a_5e8d4fc7,Bobby Bland
ac_c7e5140c,0,a_e2bbc501,Emdi
ac_fde306b1,4,a_450a419c,Fred Oldenburg
ac_85c0eaa2,0,a_f65c2cd1,Gus Chapell Orchestra
ac_ddfc30ef,0,a_a2b7486f,Päivi Paunu
ac_056ef8af,2,a_d3732cb2,Denis Dobrenz
ac_22ba9528,0,a_66f28578,若原一郎
ac_ba710e48,0,a_900332d9,Cartolas Band
ac_61e731cd,3,a_9a058a40,Simfonični orkester RTV Slovenija
ac_b18989d9,0,a_9359c1f9,DJ Spair
ac_096c78cf,0,a_090da4e8,Voice Stealer
ac_39bfff49,0,a_ebd973fd,kous
ac_ffe62882,0,a_0efbd918,Antonín Dvořák
ac_f1ff7083,0,a_c1ea19a4,James Horner
ac_eb004888,0,a_f96bf0f1,Sightings
ac_2d14d978,0,a_7c7ea9d7,Tammy St John
ac_c4ad429d,0,a_5978532b,Michael B Tretow
ac_2086997a,0,a_8c23a914,The Loud Family
ac_3508997c,0,a_96b747be,The Glory
ac_ffadc6e2,0,a_df9a7713,Desford Colliery Band
ac_df8a3516,0,a_d949fdd8,San Cisco
ac_6bb7526a,0,a_e3e037a3,Leslie Howard
ac_739ac940,0,a_36475c73,Veil of Ashes
ac_bc944f62,0,a_5ccd3887,Savana
ac_03e13e5b,0,a_d1f3882d,Tereza Tarouca
ac_24c07d7c,0,a_0b3703ee,The Playtones
ac_761d4418,0,a_66d5d486,Lois McMaster Bujold
ac_10dc5937,0,a_3f03dbf8,FREEATLAST
ac_be131c25,0,a_1c759ad9,Табула Раса
ac_5c4a3cf9,0,a_28079d5c,Praveen
ac_752e03fc,0,a_acdc2046,Deformatory
ac_03c8fb4b,0,a_7349b906,Back to Earth
ac_2fa443d9,0,a_c46715ab,Domenico Scarlatti
ac_27e06777,0,a_806adfb8,Szidi Tobias
ac_192ff5af,0,a_a47c31db,Bobby Peru
ac_93206e2e,0,a_1b5e3284,My First Days on Junk
ac_de20540a,1,a_2039bf6c,Caribou
ac_7e0e8f35,0,a_b46ee5b7,Faudel
ac_1e89ff96,0,a_b6a0f6d2,Da Yoopers
ac_321de8f5,0,a_94d5ff27,Ella Fitzgerald
ac_bef06611,2,a_a1d4302d,Tom Hammond
ac_110e687e,2,a_46d3de00,Herb Ellis
ac_f8286b77,0,a_8a1112bf,Alain Caron
ac_88a52345,0,a_1f6d6393,Catherine Sauvage
ac_febe6617,0,a_4ce81628,Layner
ac_4bb45921,0,a_97806242,Woody Herman
ac_57565b42,0,a_181c6a8a,Mank
ac_f0f63dbf,1,a_aeeaacdc,Juri Nakashima
ac_6a7f4103,1,a_8b713665,Peak
ac_9abf4885,0,a_9faa8d37,Wolfe Tones
ac_9521446d,0,a_994cd4c2,Philippe Sarde
ac_ecd0f8d4,0,a_2e73bbbc,ORIGA
ac_68245dde,0,a_5cc15a92,Smokey Robinson  The Miracles
ac_8d2c86d4,0,a_d14abeeb,Richard Leo Johnson
ac_68945c23,0,a_9ed281c3,Raful Neal
ac_31d843db,0,a_13d50323,Gabriel Fauré
ac_04ab4a8e,4,a_2978d68e,Orquestra Gulbenkian
ac_7cc4dcd9,5,a_4fd83a15,Werner Güra
ac_b696819d,0,a_c039e28e,Frank Zappa
ac_ec60ab1b,0,a_8d02305f,John Pizzarelli
ac_428d41e3,0,a_2ad7c3c7,Charlie Clouser
ac_5c5a904e,0,a_ff72141a,Cause 4 Concern
ac_7883a077,0,a_382b733c,Sebadoh
ac_5982206f,2,a_0bd15af3,Wayne Wright
ac_e9940bfe,0,a_feaae52d,Reparata  The Delrons
ac_bae8113a,0,a_d5715e7a,Simeon ten Holt
ac_4aba95a2,0,a_f0500a6c,Tiger Helicide
ac_d5cb979d,0,a_7fca578c,OLamm
ac_fcf11bd0,0,a_7e5d2d53,Duo Damiano Sarzier
ac_89d3685e,0,a_293b85cd,Goldham John
ac_a55a8208,0,a_f56d0267,DalDilVog
ac_1e3cf336,1,a_631d723d,Adrian  Raz
ac_c03f5134,0,a_20cd1767,Haus Arafna
ac_0e7f0a2b,0,a_863a25c8,Kaosloge
ac_c4176341,0,a_803308c1,Guus Meeuwis  Vagant
ac_958bf395,0,a_f932d697,Goodbye Harry
ac_fd21ae2a,0,a_1496971e,Byron Stripling
ac_9521446d,0,a_994cd4c2,Philippe Sarde
ac_f6b99ab8,0,a_9e4b7d8c,Adna
ac_56d2d0cf,0,a_0b53aeb4,Lam
ac_a5f5280f,0,a_2c45b764,Frauke Nahrgang
ac_8ab16c89,0,a_b4dcae47,Carol Grimes Band
ac_098de44d,0,a_731977f8,Abel Korzeniowski
ac_b6e9f44b,0,a_e6baa174,Nordwestdeutsche Philharmonie
ac_f70b494f,0,a_65696db5,Brad Knauber
ac_1bfc6e1f,2,a_d76f9a41,AllAmerican Orchestra
ac_870df031,0,a_9d264c10,Chris Constantinou
ac_6a81fdac,0,a_e79afda0,Static
ac_64c544f5,0,a_9c66057e,Vince Gabriel
ac_d3d86601,0,a_ee4cc7b0,Annisteen Allen
ac_8219dd3f,0,a_b670c0c9,mwvm
ac_12ac0bfd,0,a_a8a57102,スフィア
ac_adb1025a,2,a_103290f6,Neville Marriner
ac_cf28569a,0,a_6558527c,Christian Gerhaher
ac_581606a0,0,a_52909f72,Épictète
ac_1abd9a6c,0,a_a6fdc17b,Intricate
ac_93e46eb8,1,a_dee7432f,Michael Gungor
ac_a0894910,0,a_abd4f501,Thin Lizzy
ac_a2610d63,0,a_c19375f7,Palmgren
ac_24c07d7c,0,a_1a34c10c,The Playtones
ac_7a9fece2,0,a_0e8fbf28,Sver
ac_2d00e805,0,a_4677bda8,Sons of Chaos
ac_1619b1de,1,a_a3381a59,Gasdia
ac_7c8d3efb,0,a_45f2c9f5,Joe Jackson
ac_a4f59390,0,a_8a4f4bea,The Fauves
ac_91fa6ad3,0,a_64bb7632,Digital Leather
ac_af082ff3,0,a_fe377490,Alma Melodiosa
ac_5c1b9a4b,0,a_0a4c591a,Luc de Larochellière
ac_7c4b0cc3,0,a_fb5bed21,Kate Wolf
ac_a4bd6a36,3,a_3f06e569,Coro Gulbenkian
ac_454b4163,0,a_895d1853,Al Mason
ac_a661b2c3,0,a_80c82c17,The Kings Consort
ac_7617458b,0,a_4b6e3bd1,Deadly Buda
ac_067dc530,0,a_0490f6a5,Lionel Marchetti
ac_88ff526b,0,a_1fd52b0e,Martin and Company
ac_bef66741,0,a_b462840e,Johnny Mercer
ac_b5f14c47,0,a_b14a626b,Monument to Thieves
ac_97f43b91,0,a_5eaa4c74,Avalon
ac_a208cb90,0,a_6f116e3e,Francis Goya
ac_02557c61,0,a_1c8134aa,William Byrd
ac_196a5a58,0,a_11e45649,Carmine
ac_b0ca5d81,0,a_c401b838,Bebo
ac_806d6fa7,6,a_59894a71,Hanna Salzenstein
ac_14a8a011,0,a_3b357622,CygnosiC
ac_f74a92bd,0,a_2d90b538,Diogo Nogueira
ac_6467ebb0,0,a_1a7fde43,Robyn Hitchcock
ac_99760006,0,a_88259dd1,Gianni Ferrio
ac_c81f7a95,0,a_1e041320,Ernest Wakefield
ac_f4a863ed,1,a_842004c6,André Dussollier
ac_98233896,0,a_713c197c,Grateful Dead
ac_2afcd86b,0,a_edbdcb2c,1917
ac_0f697389,0,a_e3615305,Gilbert Bécaud
ac_60708fdb,1,a_7b66213b,Tatyana Kalmykova
ac_3c376fea,0,a_257d6cd6,Griffin House
ac_89c8ccfd,0,a_ee6384a8,Unlogistic
ac_eafe6563,0,a_c53c409a,Deepside
ac_5763f3b6,0,a_77834380,Amadeo Vives
ac_3139a33d,0,a_7f87008f,Phantasm
ac_05766282,0,a_224de568,Beres Hammond
ac_4dd31ffb,0,a_2b837c08,Donovan
ac_5f7405f5,0,a_dc8db64b,Disturbed
ac_e6a83d18,1,a_3c182171,Sir Laurence Olivier
ac_f20e94ee,0,a_ae3ec11c,Alexander Borodin
ac_fa7cd7ea,0,a_a503832e,Denez Prigent
ac_f40b990f,0,a_bc80ca63,Kraftklub
ac_8732da3f,0,a_abc4cc5a,Black Tape for a Blue Girl
ac_3af07ccf,2,a_d468b492,Didier Lockwood
ac_28cc7f32,0,a_48e2e21f,Bernard Herrmann
ac_bef06611,2,a_8fd060bc,Tom Hammond
ac_e01a02b3,0,a_1a89598a,Nacho Rodríguez
ac_7a45df76,0,a_db4dc2df,The Similou
ac_e2dbeb7b,0,a_48a6245a,Little Simz
ac_5c6d03b6,0,a_6659bad9,Bournemouth Symphony Orchestra
ac_8de40dc2,0,a_26bcd8d8,Max van Egmond
ac_6ff9dabd,0,a_22cfaf8d,Prowler
ac_d92cf69c,0,a_f9e4590e,Lotto King Karl
ac_1bfc6e1f,3,a_9d3c6541,Basil Rathbone
ac_819e10a6,2,a_325f2b2d,Eivind Aadland
ac_57cc4a35,1,a_701a6e10,3rd Degree
ac_43fbe679,1,a_b44e8b94,Thomas Allen
ac_25505be7,0,a_ba2b3568,Preservation Hall Jazz Band
ac_50fc4e08,0,a_98b46abb,Pepe Deluxé
ac_43e477ba,0,a_42da900b,Gérard Lenorman
ac_4f1c879d,0,a_2787b023,Kevin Whalum
ac_c3e28f2f,0,a_51b12290,Maher Shalal Hash Baz
ac_c740a73c,0,a_c4b063c0,Weatherstate
ac_086bd64b,0,a_3f4299b1,TI
ac_b9eecc92,0,a_b430e1d2,Yardbeat
ac_86a30234,0,a_ce0fb7c8,Pianoheadz
ac_e5763d41,0,a_45718325,Meat Puppets
ac_c7e5140c,3,a_a9d9e074,Joseph Feinstein
ac_efa5f925,1,a_265b4e91,Khaled
ac_dbe3c3bb,0,a_80ce034a,Annette Moreno
ac_86c91d20,0,a_6762b319,Mason Williams
ac_d80d38ef,1,a_c7a1f38c,Sissy Spacek
ac_c7b6fdc5,0,a_237144fd,Intergalactic Faerie Funk
ac_bb55aa96,0,a_65ad08b9,Muziek Piet
ac_aeda0f53,0,a_03897587,Screaming Trees
ac_f37ce0dd,0,a_a517cf64,Merrill Jenson
ac_8131e09d,2,a_b4049665,Musica ad Rhenum
ac_53941274,0,a_77d3abd4,Briana Marela
ac_2f36225b,0,a_e4846e9c,Oboroh
ac_00c07ae2,0,a_9ddc14e2,Good Morning Reality
ac_0ddb5564,0,a_aa5a787d,U2
ac_708d20d1,2,a_98f8f26d,佐藤共良
ac_bff2a36a,0,a_5d72aaee,User
ac_f27e015d,0,a_2d70b567,DJ 2nd Nature
ac_5788e136,0,a_6bc81726,Mr Big
ac_54d458aa,0,a_9e4b7d8c,Adna
ac_61252f68,0,a_530ca0ff,Never Get Used To People
ac_0230f9c2,0,a_499b59a5,Dětský sbor Prážata
ac_26ef164f,0,a_b47e8642,Harry Bluestone
ac_b8d7d155,0,a_2262ce89,Tsurubami
ac_cad96888,0,a_a2cfb3d3,Aube
ac_095bfa19,0,a_18be5741,Michael Endres
ac_aa816300,0,a_3c6788b7,Electronic
ac_b5b976ef,0,a_33863094,Drakeo the Ruler
ac_572a5d10,0,a_3489302d,Sick of It All
ac_7155a4f0,0,a_637d2193,Hugh Marsh
ac_bbb4b084,1,a_987ceece,Nikolaus Harnoncourt
ac_32f4e2cb,0,a_f5c1ce92,Gold City
ac_46226083,0,a_3ff8ac81,Empyreal
ac_9d93d422,0,a_fafcb502,Ben Somer
ac_958a5e7c,0,a_61d09f4b,Stalingrad
ac_6ad842be,0,a_d553d770,Uptown Funk Empire
ac_fa7cd7ea,0,a_a503832e,Denez Prigent
ac_0c059243,0,a_22ae0be3,Eddie Izzard
ac_731e3ef9,0,a_43e35ed3,Harem
ac_72ee3275,0,a_92cbfc38,Denean
ac_342563c5,0,a_0c9de5c6,Ellis Paul
ac_da6160d8,0,a_57715f36,Bernard Minet
ac_40e86b86,2,a_cafe18e5,Herb Ellis
ac_95311b21,0,a_f57de462,Dopapod
ac_9d52a5fa,0,a_5e83ca06,Uzi
ac_994a3ace,0,a_0ff6cbdf,Buzz Fuzz
ac_20ca2d00,0,a_f4fe804d,Andrés Calamaro
ac_4ad388f9,0,a_70d41f8e,Acid_Lab
ac_4fd6f610,0,a_fd992b51,Agathocles
ac_f5248777,0,a_ca74d883,Marty Stuart
ac_68cdc582,0,a_833b4509,Malcolm Lockyer
ac_71b9d18d,0,a_ed224bc7,Mind Over Matter
ac_bcbcfdb1,0,a_eebe2c9b,Richard Hallebeek  Antti Kotikoski
ac_40faa059,0,a_ede1dc6e,Edward M Favor
ac_248b58bf,0,a_57e5b23e,Ikon
ac_037a5491,0,a_9145286a,biff0r
ac_fde306b1,4,a_b8f8aae5,Fred Oldenburg
ac_6b24612a,0,a_c42140e8,Tya
ac_683a5cf2,0,a_fe0c4dd8,Professor Phillip Cary
ac_adb1025a,1,a_ddf0621d,Academy of St Martin in the Fields
ac_71708706,0,a_d677bc24,Mickey Junkies
ac_93557a09,0,a_35a8065a,The Zone
ac_ab4bc279,1,a_24428f72,Hungarian State Orchestra
ac_54885b4d,1,a_33f8c348,Engineer
ac_918e893b,0,a_3b97ed6c,Leci Brandão
ac_6075abb3,0,a_17c64cb4,Kraan
ac_c9f9e46d,0,a_7c112452,Vendaval
ac_ef772db1,0,a_d38e81c5,Dorival Caymmi
ac_0f33d87b,0,a_9832c8c1,Power Metal
ac_68cdc582,1,a_f94d0c4f,Cypha
ac_294a6052,0,a_247bbb4b,Koomurri
ac_ee29c5f3,0,a_4e83bba4,Paul McCartney
ac_1e3cf336,0,a_e2e29fe2,Cate Kanell
ac_4c4c04a9,0,a_aa11b471,Malcolm Arnold
ac_249f1ad9,0,a_041c5153,Mikhail Pletnev
ac_a2422896,0,a_6dad936b,Carlos Di Sarli
ac_83d06f42,0,a_019bd1c1,Jack DeJohnettes Special Edition
ac_42e4a7ad,0,a_4c4fe5e5,Active Child
ac_28dc632e,0,a_cc57f01c,Galleon
ac_f8776d3f,0,a_e1173411,Evaldo Braga
ac_affe72d1,0,a_bbfa1fc7,Pakita
ac_6b1c83f7,0,a_49e6be9f,Beat Service
ac_2fb9cb95,0,a_abbbf121,Lu Watters Yerba Buena Jazz Band
ac_26eea577,0,a_9a447c94,Tintenwolf
ac_641b260f,1,a_f6e48511,Orlando Gibbons
ac_68bfe4cf,0,a_98ae3e7a,柿島伸次
ac_739e81aa,0,a_e024c6a5,The Breaks Collective
ac_ecf941b4,0,a_4662a453,坂本龍一
ac_8131e09d,2,a_b4049665,Musica ad Rhenum
ac_33405146,0,a_da44ccf9,Rocco Raimundo
ac_69f6b90b,1,a_0b50c11e,Zakir Hussain
ac_c03a6451,0,a_b83cd4df,Eumir Deodato
ac_18b80634,0,a_a6efa3d8,Fourth World
ac_4b81a83f,0,a_9a9b6566,Nitzer Ebb
ac_406bc640,0,a_5be796fc,spunge
ac_03f284e8,0,a_24ce637c,666
ac_6b1c83f7,0,a_49e6be9f,Beat Service
ac_4e43dfa8,0,a_c3b56bf9,The Hollywood Edge
ac_a146d460,0,a_eb40e620,Xenoscapes
ac_5bcec0b6,0,a_9801ab8a,Broder Daniel
ac_938dff92,2,a_79b0cb5d,English Bach Festival Chorus
ac_d18fba00,0,a_28c362e3,Monster Mike Welsh
ac_5a657bd0,0,a_e9c32c6f,Эдита Пьеха
ac_20818040,0,a_fc305af6,Reality
ac_eb3f5709,0,a_67f07cd3,Vega Nova
ac_50860022,0,a_39254926,Ars Macabra
ac_c2770d7f,0,a_72c83645,Judge Dredd
ac_b48101cb,0,a_a614eca8,Caleb Storkey
ac_73704b0d,2,a_6d460626,Barren Gates
ac_64361360,0,a_40823073,Bill Harley
ac_ad28a132,0,a_0b549b55,Keith Mansfield
ac_e8397a20,1,a_cbce1799,Alexandre Tharaud
ac_ecc31555,0,a_a34296a2,Nordwestdeutsche Philharmonie
ac_5b5c8f7a,0,a_81378f5d,Perry Letsch
ac_d03325a9,0,a_dc5712a8,Bette Midler
ac_9a72ab26,0,a_1fddb13b,Willi Weitzel
ac_cf302e68,0,a_65fad248,Smilers
ac_a604a1fb,0,a_b670c0c9,mwvm
ac_01484ef2,0,a_321cdcd7,Brad Walsh
ac_d1b6b24c,1,a_f8d29860,Armando Manzanero
ac_40e86b86,1,a_06f80f24,Ray Brown
ac_ea25c27f,0,a_9baaf5e6,Gypsymen
ac_0c45fba9,0,a_62d42e84,Orhan Gencebay
ac_5abf83a5,0,a_60744740,Harper Lee
ac_4d916603,0,a_f07f34ed,Tanya Stephens
ac_d923c301,0,a_530bed3d,Elliott Smith
ac_29b7c820,0,a_e54c1b4f,Тараканы
ac_ce082f9f,0,a_c8595363,横山菁児
ac_9d829a77,1,a_64cd9892,Tension
ac_a5064ace,0,a_c9c8ca44,Necrobestiality
ac_d1b82cdd,1,a_a4ee0909,Isabelle Faust
ac_79acb026,0,a_ebd973fd,kous
ac_22847ea0,1,a_865b9fb8,Taverner Choir  Players
ac_4e8ece67,0,a_dbd8674f,The Pretty Things
ac_e8915883,0,a_d2e676c8,Dwight Yoakam
ac_bddbada4,0,a_b488ff16,Dvořák
ac_69e5e4e6,0,a_6558527c,Christian Gerhaher
ac_5b1edb6e,2,a_987ceece,Nikolaus Harnoncourt
ac_9569091f,0,a_edfdf005,David Wiffen
ac_ffde473e,0,a_3db00832,One Hundred Steps
ac_4cbd644e,0,a_dddfc52b,Emmanuel Moire
ac_7c722694,0,a_ea5c7fdf,The Damned
ac_dcc28382,0,a_74086a74,Style
ac_3d50b42e,0,a_c13e9d21,Devin the Dude
ac_85553245,1,a_8c136a83,Ben Fenner
ac_492a8123,0,a_72310f9c,Jannes
ac_7331d424,3,a_8a45e8f7,Angelica May
ac_8b35eeac,0,a_3cb7bd20,Caleb Brumbelow
ac_83f8e58a,0,a_deda0d29,The Hollies
ac_9c194c65,0,a_d834a225,Пётр Ильич Чайковский
ac_103625bf,0,a_45718325,Meat Puppets
ac_8320489d,2,a_ce4303ee,Cy Walter
ac_5365a021,0,a_13fc8757,Marillion
ac_a5215f5c,0,a_9b224794,Azwan
ac_78e9fd32,0,a_41c22429,Amp
ac_661103f6,0,a_e04cd9c5,Sandro Galli
ac_c4ee4d93,1,a_603b4a27,Ray Brown
ac_142c4e4a,1,a_f4f790ce,WDR Sinfonieorchester Köln
ac_dd2ddccf,0,a_deda0d29,The Hollies
ac_7694f775,0,a_24086649,Sun YanZi
ac_07d17059,0,a_3dbd7633,迪克牛仔
ac_2aefae14,0,a_3f3fbec2,Juicy Lucy
ac_8b5521a8,0,a_ab8b693d,Chop Shop
ac_2a212e95,0,a_631d46e6,Duncan Pittock
ac_6e756bef,0,a_b0745958,Dear Reader
ac_8b6721b3,0,a_dca7c7ca,Tony Joe White
ac_827bc889,0,a_70b54ad0,The Servant
ac_938dff92,10,a_2978d68e,Orchestre de la fondation Gulbenkian de Lisbonne
ac_729572fd,0,a_817d5d36,OxygenStar
ac_674b58f5,0,a_5a49e749,Captain  Tennille
ac_3d5a2b0b,0,a_7c9a3551,Jimmy Eat World
ac_6b0b0b49,0,a_504477c9,Kutless
ac_43867fc0,0,a_93b4844b,Los Fabulosos Cadillacs
ac_20328f8e,0,a_e84cc658,Memphis Slim
ac_3d362ad3,0,a_abc4cc5a,Black Tape for a Blue Girl
ac_12e1ddfd,0,a_78e7551c,Fries Jeugdkoor
ac_41d1a702,0,a_6f5d49b5,Duke Ellington  His Orchestra
ac_9d815103,0,a_521f594e,Clermont  Macleod
ac_2d8590cb,0,a_504477c9,Kutless
ac_e979ce83,0,a_a81d3224,AG
ac_194cb61b,0,a_0d71b260,Олег Погудин
ac_3038617e,0,a_e0240fa0,Большой симфонический оркестр имени П И Чайковского
ac_844d2439,0,a_d290523a,The Corries
ac_580176e1,0,a_b63a0bfa,US Air Force Band of MidAmerica
ac_5de3bb1c,0,a_8384c939,Cristina Madeira
ac_544ddfc9,0,a_369dabe1,Clay Fav
ac_d7ab57a1,2,a_3eab6231,Геннадий Николаевич Рождественский
ac_2d18df34,0,a_1d4ae735,Alan Kwan Quartet
ac_70f32a67,0,a_90e06d1c,Fear My Thoughts
ac_604b3e0e,0,a_a96a817d,Filipe Catto
ac_95c61b3b,0,a_01e8159d,The Move
ac_c3e7c5b8,0,a_a1dfb622,Rolfe Kent
ac_f49a35a3,1,a_15574499,Julian Soule
ac_5bcdf5ed,0,a_fa024d36,Cirius
ac_6ff9dabd,0,a_22cfaf8d,Prowler
ac_752f4ea4,0,a_bf007d8f,Frank Tayla
ac_9e64dc36,0,a_8093c678,Eric Burdon and the Animals
ac_050667b0,0,a_41e5b0e8,Beady Belle
ac_a4bd6a36,2,a_af05b5eb,English Bach Festival Baroque Orchestra
ac_78152ea1,0,a_38849eb9,Franz Schubert
ac_7ba94ce1,0,a_bab5363d,Robyn
ac_fd0dce1c,0,a_6fd87808,Angels of Light
ac_be433309,0,a_3a404b36,Hans Appelqvist
ac_6a190bb5,0,a_945a1285,Heehawhairhead
ac_c940f9fc,0,a_51fca544,Harry Lubin
ac_9f5ed967,0,a_e7b9660b,Glen Gray  His Orchestra
ac_48d4ff08,0,a_45e0e4c3,RADWIMPS
ac_1d4b685c,0,a_395d8ac9,The MK Ultra
ac_e8e72594,0,a_bab5363d,Robyn
ac_d6e06913,0,a_46f07464,Kamelot
ac_366d25dd,0,a_47f21f71,Hux Flux
ac_4cae1741,0,a_f018b25e,Insolence
ac_71018ff7,3,a_4eba3c89,Deron Johnson
ac_a6542e3b,0,a_8d6f4369,Fettes Brot
ac_0b701db7,0,a_66ece48d,Ayn Rand
ac_8b6bdb47,0,a_2320dcb3,Unity One
ac_43fbe679,0,a_65263c79,Gioachino Rossini
ac_fb81e3e6,3,a_5725768a,Janos Solyom
ac_a826673f,1,a_64246df0,Hans Zimmer
ac_a91aaeb6,1,a_4e6356c1,EverSeenΛ Ghostbefore
ac_ba69164c,0,a_99434b3a,Pushkar
ac_f2d595d5,0,a_5a347943,Hzero
ac_16a4da5a,0,a_a330ac5f,Babu
ac_6214818d,0,a_b55d23e3,Hall  Oates
ac_c740a73c,0,a_c4b063c0,Weatherstate
ac_a1ef8170,0,a_0413347a,Friedhelm Flamme
ac_dd90f646,0,a_325f2b2d,Eivind Aadland
ac_51661eca,0,a_b836e823,Dariush Talâi
ac_1cf33f9a,0,a_6d0f5125,JeanPaul Bataille
ac_2180d07a,0,a_58547dcc,Modest Mouse
ac_51249a2f,0,a_02c51a4d,Helena Vondráčková
ac_454b4163,0,a_35fb15eb,Al Mason
ac_83d30039,0,a_ff84f563,Birgit Nilsson
ac_90de60c6,0,a_ba956d72,Dilba
ac_68737e69,0,a_1da297b4,Lita Roza
ac_c3a2607b,0,a_df76b8ee,Bruce Rowland
ac_c0edfe15,0,a_5b625837,Corona
ac_75c946f8,0,a_7e9c34b3,Lyzanxia
ac_d50b7264,0,a_60d406ff,Tooth
ac_84caa30e,0,a_50957d7b,Nebelhorn
ac_94fe2cc8,0,a_ca42a06e,Frank Chacksfield  His Orchestra
ac_1619b1de,1,a_f055e867,Gasdia
ac_db19acdb,0,a_50d56407,The Groove Farm
ac_2a411905,0,a_67854ac8,RPWL
ac_16511f17,0,a_cd732383,Ingrid Michaelson
ac_36e7115d,0,a_65c88ce3,Lightning Seeds
ac_960b6a50,0,a_e48c3840,Quirk
ac_279588f8,4,a_2f408004,Sophie de Bardonnèche
ac_c5d7d4f3,0,a_52bf397b,Fishtale
ac_651d34d2,0,a_9c36d32e,Q Arne
ac_cfc5372c,1,a_4e6356c1,EverSeenΛ Ghostbefore
ac_9163953e,0,a_1eb23377,TV on the Radio
ac_1496e354,0,a_31240a2c,Gemma Hayes
ac_7e9dff34,0,a_32cadd6f,Die Apokalyptischen Reiter
ac_6ceaefa3,0,a_0c4a3fc7,Dead Can Dance
ac_c6a6c4ca,1,a_5bf004b1,Jouni Somero
ac_e93650a0,1,a_987ceece,Nikolaus Harnoncourt
ac_4af7b99d,0,a_5a9f1891,Chewy Marble
ac_4ba3841e,0,a_eb27377b,Danças Ocultas
ac_141620ae,0,a_92925cad,Kevin L Hiatt
ac_a40a53f1,0,a_949a326d,Jean Sibelius
ac_5b357c28,0,a_bbef573e,Russell Wolff
ac_3aa93bd9,0,a_576076d5,Monique Kessous
ac_f0ee32d0,0,a_d753c831,Jaimeson
ac_be433309,0,a_657b136b,Hans Appelqvist
ac_94709a2b,0,a_dc675b25,Don Moen
ac_43ec1f21,0,a_fc33b5ff,TOK
ac_4d6955bf,0,a_ea53d733,Charlie Sepulveda
ac_5982206f,2,a_f1ed54d0,Wayne Wright
ac_25d387cd,0,a_ef432950,Valdur
ac_adb1025a,2,a_04889c8f,Neville Marriner
ac_bddbada4,2,a_6659bad9,Bournemouth Symphony Orchestra
ac_82f0b304,0,a_79413549,Rita Reys
ac_e2cb625e,0,a_fceffff2,Spazz
ac_e2585bad,0,a_fe56d69c,Koji Kondo
ac_a54adb58,1,a_4163e050,Elisabeth Lehmann
ac_457f3334,0,a_7c142d6d,1UP
ac_5f606524,0,a_dfccb059,Jud Caswell
ac_cc298349,0,a_da13a1a4,James Last
ac_1a933b43,0,a_8c9b9c51,Apollo
ac_a6748a88,0,a_761372e8,Sway  King Tech
ac_10a0b716,0,a_1e1688cd,Мачете
ac_85437f66,0,a_b27af517,Urban Dance Squad
ac_1f13edfb,0,a_c23c91a7,Eddy Kaiser
ac_fb4339bc,0,a_e7c00a8f,Art Bears
ac_cd1cfb92,1,a_354dfbc1,Lil Wayne
ac_79acb026,0,a_224e8e35,kous
ac_3174ad22,0,a_669c115e,Bernd Reheuser
ac_e68e4e48,0,a_1fddb13b,Willi Weitzel
ac_2841a3a1,0,a_a44cefec,Dialogue
ac_b8d7d155,0,a_03ba626d,Tsurubami
ac_e9940bfe,0,a_64c9142c,Reparata  The Delrons
ac_2ad0abca,0,a_06ae786e,Mortuus Infradaemoni
ac_45743626,0,a_eb411e16,Raul de Souza
ac_7823e4c9,0,a_6d4b7cff,Adam Harasiewicz
ac_901eccc4,0,a_bd035048,POD
ac_6c262c85,0,a_7b5757ce,Montag
ac_f9df7eca,0,a_cf9951c5,Nathan Siter
ac_22342a4a,0,a_2d19e905,Silverdollar
ac_3e5c8149,0,a_b462840e,Johnny Mercer
ac_42170aaf,1,a_d64450e0,Radioskugga
ac_71018ff7,3,a_4eba3c89,Deron Johnson
ac_76f6431a,0,a_f19e3719,Marc Almond
ac_b9d28381,3,a_28922e63,Kees Wieringa
ac_ab61dd67,0,a_db852a66,Tait
ac_db19acdb,0,a_15fde8c5,The Groove Farm
ac_797b29b3,0,a_a72e4b7b,Battle Circus
ac_2a9209e5,0,a_69b9052e,Swings
ac_f0e47b5f,0,a_c418220b,Werner Müller
ac_510b8219,0,a_6f0390aa,Philippe Robrecht
ac_8ef63c61,0,a_0ebb1584,Grownup Killjoy
ac_fd989fd1,0,a_644bbf0e,Jody Watley
ac_279588f8,5,a_7d8f02e1,Louise Pierrard
ac_27ca10ef,0,a_9b543569,3 Doors Down
ac_4af60638,0,a_33863094,Drakeo the Ruler
ac_ae19e9bf,0,a_70331fe2,Takahiro Nishi
ac_922f337a,0,a_41c9de8f,Monsters of Liedermaching
ac_252030b6,1,a_2393cd21,Kosti Vehanen
ac_72cbdeb6,0,a_6a534265,Khaled
ac_992ece0f,0,a_57b46fca,Bee Gees
ac_73e43f35,0,a_4e688bfb,D Todd Sorensen
ac_290cac70,0,a_9359c1f9,DJ Spair
ac_47581185,0,a_ea3d750e,Mose Allison
ac_290cac70,0,a_557484b9,DJ Spair
ac_dffa142a,0,a_b63a0bfa,US Air Force Band of MidAmerica
ac_bd2b0f4d,0,a_8d1d6035,Babylon AD
ac_25f76f7e,0,a_a458f4f1,This Awakening
ac_b98fa3f6,0,a_d30df086,Yakup Ekin
ac_c4551969,0,a_b7fa1a03,The CRS Players
ac_bfb48057,0,a_5b9bbb34,Griddle
ac_d5cb979d,0,a_e6e3ecbf,OLamm
ac_63fde14c,0,a_8bfe0bb6,Hans de Beer
ac_ff06ae98,0,a_d949fdd8,San Cisco
ac_91348837,0,a_7761baf1,In Flames
ac_2ccc30de,0,a_c504a410,The Academy Allstars
ac_9bcff091,0,a_6b1445bb,Cris Cab
ac_e9940bfe,0,a_64c9142c,Reparata  The Delrons
ac_ae5624fc,0,a_e0d42ba9,The Count Basie Trio
ac_5664705f,0,a_b16cad75,Prinzo  Betzi Winterstein
ac_44d07009,0,a_f4703e18,Auróra
ac_0fc77472,0,a_5cc15a92,Smokey Robinson  The Miracles
ac_fb81e3e6,0,a_c2c8112a,Richard Strauss
ac_220ae5cb,0,a_a19cc44c,Ana Belén
ac_f2d528ac,0,a_35547ac4,Orlando Voorn
ac_00b89d83,1,a_05a1b1db,Michel Plasson
ac_e2d7bdb6,1,a_041c5153,Mikhail Pletnev
ac_b301db1c,0,a_46ced014,Bethany Curve
ac_8580bf1a,0,a_14f48eea,Break the Silence
ac_24ca623c,0,a_34e4b478,Paddy Kingsland
ac_2a9209e5,0,a_3dc97ff6,Swings
ac_8e2cd7a8,0,a_6a0b7ed6,Asking Abby
ac_f953479f,0,a_d30df086,Yakup Ekin
ac_7d53476e,0,a_c865ff4a,Thieves Like Us
ac_1f271412,0,a_06cd4d40,Buddy Guy
ac_e013ed81,0,a_f679df6b,Stanley Clarke
ac_8131e09d,2,a_b6388818,Musica ad Rhenum
ac_95c2c024,0,a_d7890a5d,Feathermerchants
ac_3c376fea,0,a_4170b599,Griffin House
ac_2699b80d,0,a_ce6f3978,Niños Cantores de Lara
ac_d403022b,0,a_863a25c8,Kaosloge
ac_bb3e24fa,0,a_e54c1b4f,Тараканы
ac_9b62bf89,0,a_4cc886d9,Mobylettes
ac_eec682a6,0,a_5aa56204,Nick Jagger
ac_47d38b90,0,a_d1101cfc,Virgil Fox
ac_98d379eb,0,a_e78a8e8e,REM
ac_9e75a10b,0,a_5c783287,Slàinte Mhath
ac_aa421997,0,a_1f079878,Tim Whitelaw
ac_ede4ab22,0,a_fa6580f6,Henry Mancini
ac_ea1d759d,0,a_8d02305f,John Pizzarelli
ac_52fe90aa,0,a_9fdd91fd,Aphrodesia
ac_056ef8af,0,a_6d4d64ef,Phraze
ac_8de40dc2,2,a_7f72e76d,Concentus Musicus Wien
ac_cc02c3b0,0,a_6602c997,James Lavino
ac_fb81e3e6,2,a_3267c2e4,Birgit Nilsson
ac_e9ab2b6d,0,a_75096e85,Michael B Tretow
ac_934eb26c,0,a_614788df,Creedence Clearwater Revival
ac_a77aaef3,0,a_5ba99ae5,Tori Amos
ac_cb63df48,0,a_b0715eca,Тараканы
ac_76a4bad9,0,a_26b52e4a,Khuli Chana
ac_57573d95,0,a_0fb93e70,Written in Ashes
ac_f6a6e9f0,0,a_435a999c,Burd Early
ac_d43fdb30,0,a_3ba00523,Fernando Noronha  Black Soul
ac_1b36591f,0,a_046c43dd,Spangle call Lilli line
ac_8341c6da,0,a_f043d5a5,Ametsub
ac_293aa270,0,a_6f92a167,Placemat
ac_b1c93821,0,a_ee2df951,David Arnold
ac_5d3e772d,0,a_1ec74a44,Freeway
ac_7e37e835,0,a_b7a370f5,Judge Smith
ac_c5e8092f,0,a_236c87d1,Terry DevineKing
ac_04ab4a8e,4,a_2978d68e,Orquestra Gulbenkian
ac_b507252b,0,a_ae1e8c32,T‐Bone Walker
ac_aaf0da8d,0,a_e0e7e24d,MartinMolloy
ac_b0db80a9,0,a_f6ef43b6,Neophyte
ac_ddb14322,0,a_0e9dfdc3,Jerry Kimbrough
ac_f3949cc6,0,a_a6f8c252,Static in Stereo
ac_1d6d4d89,1,a_4ebcdfef,The Nash Ensemble
ac_9c4ac9cd,1,a_6fd2317f,Ben Webster
ac_8131e09d,0,a_eae42a41,Purcell
ac_63ffc4e8,0,a_0efbd918,Antonín Dvořák
ac_c81f7a95,0,a_492c69c6,Ernest Wakefield
ac_279588f8,4,a_b56f2499,Sophie de Bardonnèche
ac_7aac7853,0,a_5b625837,Corona
ac_3ad4dd24,0,a_275208ab,Bitch
ac_8de40dc2,3,a_987ceece,Nikolaus Harnoncourt
ac_4d14aa54,0,a_a4cbf150,Jerry Goldsmith
ac_d1b82cdd,2,a_49943b3c,Alexander Melnikov
ac_5f44f3fc,0,a_6fc2ba75,Florene
ac_6837f377,0,a_fd53b2a3,Benestrophe
ac_acba64b4,0,a_8e3ee693,Simon Benson
ac_9c779d65,2,a_b46ee5b7,Faudel
ac_d9d69b07,0,a_e48f4b31,In the Summer of the Mushroom Honey
ac_329e927f,0,a_6ce0558b,Little Simz
ac_f0384843,0,a_60f919e7,Shh This Is a Library
ac_e62f6fb5,0,a_10c40843,Dimlite
ac_e9062d4f,0,a_4392efc1,Anna Vissi
ac_683a5cf2,0,a_fe0c4dd8,Professor Phillip Cary
ac_45b69636,0,a_08ea1ab9,Cleaners From Venus
ac_6501762f,0,a_87f35901,The Bakers
ac_5545812a,0,a_0a1c8890,Fatali
ac_16f1a61d,0,a_e0a294ab,Scope
ac_0ddb5564,0,a_aa5a787d,U2
ac_90aae77c,0,a_17a02184,Ryan Adams
ac_e6a83d18,3,a_5b103e6a,Sir William Walton
ac_94493ed0,0,a_745b619d,Bart Hawkins
ac_0b21b693,0,a_a2a49079,Cool Cavemen
ac_938dff92,4,a_da2dbbd3,Elsa Saque
ac_38bb3abc,1,a_a8a28eb7,The Wailers
ac_1a882a47,1,a_1cebd900,Leslie Howard
ac_6702c9ad,0,a_6569ec0b,Ted Heath  His Orchestra
ac_29b7c820,1,a_9f96df24,Distemper
ac_b875ec09,4,a_aa42a364,Emcee Jesz
ac_010dfef9,0,a_0c61aaee,İbrahim Tatlıses
ac_9d25fe70,0,a_2321f2d2,Pete Dunn
ac_3d0b17ab,0,a_8e34904e,The Glory
ac_7416ec62,0,a_88654400,新垣結衣
ac_761d4418,0,a_06d4dbd9,Lois McMaster Bujold
ac_88b89c96,0,a_59ee3988,Massive Attack
ac_e9ab2b6d,0,a_5978532b,Michael B Tretow
ac_b875ec09,1,a_48d0fe2f,Tippu
ac_ffd1412a,0,a_8504815d,Chriz
ac_b19cc936,3,a_c31146da,Richard Bonynge
ac_43d17e82,0,a_f87d37e8,Sackrai
ac_95c61b3b,0,a_4dc452f3,The Move
ac_28b6f152,0,a_09fae129,Bonfire Madigan
ac_e29c3f85,0,a_eec18c12,Epsylon
ac_5def2168,0,a_cd063391,Little Bushman
ac_9024325b,3,a_3c338f30,Christa Ludwig
ac_23ced007,0,a_f17e95c0,Gene Krupa and His Orchestra
ac_3e73e105,0,a_44097675,Malahora
ac_3f3e93bb,0,a_f7381889,The Channels
ac_4e9a9a86,0,a_5669238c,Lucky Jim
ac_1a0fdca6,0,a_3cf6347d,Sticky Productions
ac_1a882a47,1,a_adeb7e13,Leslie Howard
ac_cf28569a,1,a_d332ecae,Gerold Huber
ac_d37b7d76,0,a_21b6ce54,Killing Joke
ac_5516b5fa,0,a_3d687a3e,J Donald Walters
ac_2ae67ae2,0,a_2fadae55,Skipper Wise
ac_f77accac,0,a_1aac4321,Here and There
ac_869c3091,1,a_9970300d,Damir Price
ac_721e3eb2,0,a_b7368977,Bloodstone
ac_9c816cfe,0,a_66e92355,Jewel Timo
ac_738605e2,0,a_d2c23dfb,Judith Pearce
ac_f8807cec,0,a_d16b14c6,Matt Hill
ac_5c5b6b04,0,a_5bf93a41,Karasyozoku
ac_79d4e758,0,a_70cac85d,Mynock
ac_cd29ab66,0,a_2e38815d,Jason Bradley Livesay
ac_c7e5140c,2,a_6d460626,Barren Gates
ac_1f793086,0,a_85005a2a,Neutral Milk Hotel
ac_5982206f,1,a_131eac30,John Giuffrida
ac_22b35f12,0,a_3599a431,鈴木雅之
ac_ceb8c8e5,0,a_92a18909,The Olivia Tremor Control
ac_0f2ffe91,0,a_6cad6d59,Claudinho  Buchecha
ac_20a5fdf0,0,a_b6d246fe,Alvin Lee
ac_428d41e3,0,a_fbecac41,Charlie Clouser
ac_44788669,0,a_727ad4ca,Guy Marchand
ac_4b8feba1,0,a_4b97006f,Jussi Björling
ac_ae7836ab,0,a_b8a37092,Tommy Ladnier and His Orchestra
ac_a29013a3,0,a_d839ce1b,Eero ja Jussi
ac_d6641561,0,a_d6c27391,Fluke
ac_d966262c,0,a_8e586155,DJ Smokey
ac_613397b4,1,a_29b5412e,Jason Pedder
ac_12e1ddfd,0,a_c195ec18,Fries Jeugdkoor
ac_0f7b1da9,0,a_b3e6cd8b,Майя Кристалинская
ac_3315dca4,1,a_7f0bc74d,Paulinho da Viola
ac_492a378b,1,a_38a3a73e,Larry Carlton
ac_5b9b5502,0,a_74ccf039,Nusrat Fateh Ali Khan
ac_4ff1399b,0,a_7e2dcd0b,Veil of Ashes
ac_1b754b81,0,a_04771c70,Attention
ac_d663e127,0,a_efa24318,Laura Andreşan
ac_b875ec09,5,a_ff56a1ae,Srik
ac_8282f2d6,0,a_d03fdc60,Herman Dune
ac_d0d65276,0,a_6badbe11,Aleem
ac_22847ea0,1,a_ee9a3872,Taverner Choir  Players
ac_77b19bab,0,a_b05a8452,Internet Forever
ac_5d7f551d,1,a_e999b20b,Nürnberger Symphoniker
ac_7af31640,0,a_987ceece,Nikolaus Harnoncourt
ac_4b902fd8,0,a_2f9358e3,Supercharger
ac_c39e7436,0,a_5ecd5eca,Sea Dweller
ac_c9dbc833,0,a_4535c267,Cradle of Spoil
ac_fb595a5d,0,a_398cc334,Bo Diddley
ac_b19cc936,3,a_c31146da,Richard Bonynge
ac_a1fb3287,0,a_38849eb9,Franz Schubert
ac_f4a863ed,0,a_6f272ac2,Hélène Bleskine
ac_641b260f,1,a_3bc64c39,Orlando Gibbons
ac_e8397a20,1,a_9dfb2973,Alexandre Tharaud
ac_3eb9d9f6,0,a_aa472db3,今堀恒雄
ac_2086997a,0,a_430a5fa8,The Loud Family
ac_70a23262,0,a_e2748c63,Katherines Favorites
ac_d0c169e3,0,a_3c22f14b,Donna Summer
ac_71a047f7,0,a_9a1e189a,The Archipelago Singers
ac_2a9209e5,0,a_4d330584,Swings
ac_19474dfc,0,a_2048086e,Corvus Corax
ac_d1c818e7,1,a_277b955f,Dave Matthews
ac_096c78cf,0,a_804970b2,Voice Stealer
ac_3a81418c,0,a_3744fd7e,Tanner
ac_542ae3b1,0,a_74086a74,Style
ac_ecd4560e,0,a_85bd1b4b,Hart Backbord
ac_adff5579,0,a_f20994cf,Die Allergie
ac_96fa81b1,1,a_c36448bd,EREO
ac_492a378b,0,a_f679df6b,Stanley Clarke
ac_77bdd0c3,2,a_49943b3c,Alexander Melnikov
ac_9f0f0d42,0,a_ae33b4f8,Pearl Jam
ac_43e477ba,0,a_42da900b,Gérard Lenorman
ac_44e66692,0,a_afbbcb59,Dead Vampires
ac_980f3f82,0,a_ee5b7c63,Ed Gungor
ac_b9a9eb5d,0,a_8ab9d3b1,Jimi Hendrix
ac_89ecd4f5,0,a_cadf72ad,Alpha Blondy
ac_20cf1a42,0,a_bc7898f5,Último Gobierno
ac_987ac78f,0,a_5b9bbb34,Griddle
ac_096c78cf,0,a_bbd5d55e,Voice Stealer
ac_f03d04d6,0,a_6ffa189c,colis postal
ac_19dc4446,0,a_d3cd0459,Mac Kregor
ac_34f805bb,0,a_dad27983,Fredrik Vahle
ac_c7a2bc21,0,a_85442ad2,The Elusive
ac_71a047f7,0,a_a7d62d57,The Archipelago Singers
ac_43eefd81,0,a_777d5853,Freeez
ac_feb2ff52,0,a_40f95f41,David Hammond
ac_aeba2471,0,a_d32035f2,Coleman Hawkins
ac_4b81a83f,0,a_db7752d0,Nitzer Ebb
ac_73ab0282,0,a_8884a410,Rosanne Cash
ac_77bc8df6,0,a_20ef6c03,Erlend Krauser
ac_b53f3b71,0,a_8b0af99b,Joseph Saba
ac_0eab417b,0,a_c19375f7,Selim Palmgren
ac_9be8c94c,0,a_e8a00b64,SilverHawk
ac_1eac1733,0,a_a1e36425,Lalo Schifrin
ac_4c1aa7e7,0,a_db852a66,Tait
ac_20a5fdf0,0,a_659cbf54,Alvin Lee
ac_e96714ee,0,a_fcb33031,山中千尋
ac_94fe2cc8,0,a_310c5caa,Frank Chacksfield  His Orchestra
ac_61252f68,0,a_f81ff3a2,Never Get Used To People
ac_e8fe3c02,0,a_89a3eaf2,They Would Be Happy People
ac_c03584fb,0,a_bc11c291,Numbers
ac_cc579a25,1,a_f4c2544c,Diogenes Quartet
ac_cad96888,0,a_1d825a83,Aube
ac_3064998b,0,a_6d181787,陶喆
ac_69f6b90b,1,a_d8802302,Zakir Hussain
ac_1aec6568,0,a_9ec025ea,ESG
ac_1c5e87d7,0,a_97806242,Woody Herman
ac_2180d07a,0,a_58547dcc,Modest Mouse
ac_4642aff5,0,a_f0f9d83a,Zacier
ac_fdea1f2f,0,a_593765a1,Plácido Domingo
ac_e9ab2b6d,0,a_5978532b,Michael B Tretow
ac_db094877,2,a_c390a4ed,Frenchie
ac_4ac646ea,0,a_22cfaf8d,Prowler
ac_6ce72590,0,a_e42ef91b,Борис Гребенщиков
ac_84311b0e,0,a_74f8e8f5,Boris Mourashkin
ac_9733a1be,0,a_dac90373,Jane Monheit
ac_2a022c43,0,a_30be2c82,Slusnik Luna
ac_7ee14756,0,a_fe56d69c,Koji Kondo
ac_f3f2d2bf,0,a_04664321,Áine Minogue
ac_a7f5d382,0,a_6749c5aa,Elvis Costello
ac_67a9fffb,0,a_7ad551bd,Bruce Springsteen
ac_06b20e85,0,a_8f363c86,Jack Trombey
ac_3bff9148,0,a_96cd76ec,Marisela
ac_3076a3e3,0,a_391e0b9f,Robert Schumann
ac_14211571,0,a_c53c409a,Deepside
ac_6ba5f1fd,0,a_cb90d255,Star of Ash
ac_0d8715e7,0,a_8ca25e64,K J Yesudas
ac_e8915883,0,a_8f8a0693,Dwight Yoakam
ac_5d7f551d,0,a_f057ac5b,Gregor Popovic
ac_2fa8a095,1,a_121dbc7f,Jon Harnish
ac_26a882d6,0,a_5a7e44d4,Michael Marra
ac_5c1b9a4b,0,a_6ef3ba63,Luc de Larochellière
ac_77db617b,0,a_22a364bf,Elvis Presley
ac_85553245,0,a_86ae8637,Nigel Bates
ac_8beade3c,0,a_6bc81726,Mr Big
ac_73704b0d,3,a_2f648e24,Joseph Feinstein
ac_00a89cf4,0,a_9af1286e,Joseph Haydn
ac_9bdff317,0,a_bf007d8f,Frank Tayla
ac_2cdec403,0,a_b5acc95d,The Dodos
ac_6ce21ddd,0,a_8de589f9,Blue Chill
ac_95e29aff,0,a_7349b906,Back to Earth
ac_62527b75,0,a_df1fba98,KSU
ac_933e8a36,0,a_ee0a2fc3,Duke Robillard
ac_adfee0e1,0,a_ea334989,Steve Tilston
ac_7331d424,1,a_145b071f,Czech Philharmonic Orchestra
ac_4d4393f4,0,a_6a5e704f,Michał Bajor
ac_c67919dd,0,a_72f4755a,Shinkasta
ac_b5dc2c50,0,a_c01bf11b,Soffull
ac_613397b4,0,a_62453f22,Barrie Gledden
ac_18ac961d,0,a_62d890c4,Vermin
ac_4d3267cf,0,a_34bf8591,Thyrfing
ac_348d51e4,0,a_e43f7c74,Traindodge
ac_661103f6,0,a_e04cd9c5,Sandro Galli
ac_d58784c3,0,a_ec2b5280,The Gardening Club
ac_3923414e,0,a_cbaaa6d8,Visitors
ac_43e3ea4d,0,a_47d5d05a,Magic Box
ac_43fbe679,6,a_103290f6,Neville Marriner
ac_a29013a3,1,a_73d46f41,The Boys
ac_253a0d70,0,a_f0160fdb,Iceland Symphony Orchestra
ac_495e0bd4,0,a_39645671,ThermalBear
ac_9be8c94c,0,a_c93ecc38,SilverHawk
ac_b6209ec0,1,a_79419c4a,Lorin Maazel
ac_aab4923b,0,a_e8d79202,Old North Festival Chorus
ac_e2dbeb7b,1,a_b79c5ca9,Emerson Brooks
ac_5cdf076e,0,a_699441a5,Andy Reed
ac_a146d460,0,a_589172dd,Xenoscapes
ac_ed9a5335,0,a_48bef601,Delerium
ac_e24f4404,1,a_f15d695d,Philippe Lejour
ac_d4c34fc4,0,a_03edbf2b,Hannah
ac_a7b6428d,0,a_4d90cad0,Die drei 
ac_56152d10,0,a_b3a6e2a4,CV Jørgensen
ac_a2422896,0,a_5460ccd6,Carlos Di Sarli
ac_457f3334,0,a_8ca20346,1UP
ac_eed7a03c,0,a_52582603,The Gordons
ac_814d0476,0,a_61f911a2,The Dixie Cups
ac_fadfc1a8,0,a_60744740,Harper Lee
ac_8b183478,0,a_c0baae4d,Marc Durst
ac_e128f32d,0,a_2e4b960f,Clinton Emil Shorter
ac_a4f59390,0,a_9dfa1757,The Fauves
ac_b6e9f44b,0,a_e6baa174,Nordwestdeutsche Philharmonie
ac_4c47a950,2,a_352daf87,Harry Christophers
ac_1e89ff96,0,a_dfd84fc2,Da Yoopers
ac_1d42c76c,0,a_5d71b9af,The Gaturs
ac_648a70e2,0,a_66918d01,Sylvia Telles
ac_83dbdacf,0,a_a239327f,浦飯幽助
ac_c4ee4d93,1,a_603b4a27,Ray Brown
ac_4ac14bf3,0,a_7179fe2a,Johnny Cosy
ac_c539b093,0,a_e8126828,IQ
ac_f960569f,0,a_6cd2d1b0,Aerosmith
ac_b418c104,0,a_05cdcd5b,Seba
ac_3c376fea,0,a_4170b599,Griffin House
ac_f64c80e0,1,a_8b713665,Peak
ac_4b990e79,0,a_afbf69a8,The BBC Big Band
ac_c5cca766,0,a_a9fc3bff,Debbie Wiseman
ac_1bfc6e1f,1,a_4f4fe01a,Leopold Stokowski
ac_30dfa95d,0,a_0a1e5df2,Jørn Stenzel
ac_1d46eb88,1,a_f4f790ce,WDR Sinfonieorchester Köln
ac_279a2daf,2,a_64f94638,Ben Riley
ac_b87ca400,0,a_6a2c503b,Laura Fygi
ac_f567b6b9,0,a_e0ff2e11,Dimitri Kitayenko
ac_21cadcac,0,a_abd70ef5,산울림
ac_1ffa21f1,0,a_daadc27f,XP8
ac_54885b4d,0,a_5655b706,Achilles
ac_3e3f7ec5,0,a_c19375f7,Selim Palmgren
ac_2bbd53bd,0,a_0c2e7d15,iScream
ac_be7cc531,0,a_9f4699e5,Columbia Symphony Orchestra
ac_f736a3da,0,a_596d4c8d,Panther MIZONOKUCHI
ac_27b41e4c,0,a_4fd7db33,Brentwood Jazz Quartet
ac_cf7638f8,0,a_817d5d36,OxygenStar
ac_1a882a47,0,a_1937f477,Franz Liszt
ac_b6e7dfad,0,a_f2bcce49,Rorschach Test
ac_31cf4fa6,5,a_04889c8f,Neville Marriner
ac_ddff6a4f,8,a_81bb1262,Richard Bonynge
ac_36cf1f43,0,a_945a1285,Heehawhairhead
ac_d3d86601,0,a_96708876,Annisteen Allen
ac_110e687e,2,a_325d6d65,Herb Ellis
ac_2caf374d,0,a_f4fee9c1,Spread Eagle
ac_df0230bf,0,a_72477028,Ammo
ac_8dce97c3,0,a_66c22d0a,Tamarisk
ac_d1b82cdd,0,a_a1328b41,Beethoven
ac_1a12047d,0,a_89e31f23,Steve Cole
ac_39d06573,0,a_7263902e,John Williams
ac_22847ea0,0,a_5b292b18,Handel
ac_fb595a5d,0,a_398cc334,Bo Diddley
ac_34f805bb,0,a_32e6df15,Fredrik Vahle
ac_0ae392da,0,a_581cbdce,Ras Kass
ac_492f0215,0,a_024a8316,Franklin Bruno
ac_b875ec09,2,a_fed57703,Priya Subramani
ac_279588f8,3,a_0895f427,Théotime Langlois de Swarte
ac_43fbe679,2,a_20eb8143,Agnes Baltsa
ac_b418c104,1,a_0b7e3d18,Lotek
ac_2af6a226,0,a_21afa717,Al Capps
ac_a355efa0,2,a_031c885a,Albek Duo
ac_1ee2022f,0,a_03d538af,Enoch Light  Terry Snyder and The All Stars
ac_b9d28381,3,a_51e75c7f,Kees Wieringa
ac_c4176341,0,a_8ea3e16b,Guus Meeuwis  Vagant
ac_ae395750,0,a_66b53f03,Bappi Lahiri
ac_a74188a5,0,a_cbaaa6d8,Visitors
ac_9f41514c,1,a_4ecd4336,William Christie
ac_e57f3675,0,a_c69369e6,Scrotum
ac_73e43f35,0,a_4e688bfb,D Todd Sorensen
ac_fb81e3e6,2,a_ff84f563,Birgit Nilsson
ac_e1b96540,0,a_4db67b4f,Brinsley Schwarz
ac_cbc8ee9c,0,a_607700c1,David Newman
ac_2f43911f,0,a_53533ee6,Özay
ac_f27e015d,0,a_c744659d,DJ 2nd Nature
ac_a20d9551,0,a_bc7898f5,Último Gobierno
ac_e6c7b6ba,1,a_1544d494,Glöm Dä
ac_8de40dc2,1,a_e2de4b6e,Rotraud Hansmann
ac_dc08f402,0,a_1a4a468d,Laura Andreşan
ac_f03d04d6,0,a_c7e9bf62,colis postal
ac_e910ba90,0,a_9f71a4d0,Die drei 
ac_63f707fd,0,a_b488ff16,Antonín Dvořák
ac_46e83f91,0,a_dc675b25,Don Moen
ac_bf444d0b,0,a_210611ce,Inepsy
ac_a64a4c74,0,a_540f411b,Inigo Kennedy
ac_37b2e266,0,a_c0511397,Ashentide
ac_7d55bac3,0,a_af916b1c,Cadillac Angels
ac_7e59fabf,1,a_c9daba79,Harnoncourt
ac_72cbdeb6,0,a_77e70511,Khaled
ac_2d7dbbd5,0,a_65ad08b9,Muziek Piet
ac_7af31640,0,a_c9daba79,Nikolaus Harnoncourt
ac_ce5cd459,0,a_3577e245,Jars of Clay
ac_f3ba5899,0,a_c2c8112a,Richard Strauss
ac_b1d2a5f1,0,a_b0f60ef2,Χρήστος Σαντικάι
ac_20e0feb2,0,a_14532118,Pablo Moses
ac_f3af2058,0,a_e233a292,Deventter
ac_93f9ecd7,1,a_dd7c07a4,Tom New
ac_e7b8d94b,0,a_0b7075d8,Stranded At The DriveIn
ac_f97eebee,1,a_265b4e91,Khaled
ac_1da91333,0,a_ae9920a1,Nitin Sawhney
ac_6b7d71b6,0,a_ea212055,Vic Chesnutt
ac_d50b7264,0,a_eecc05c6,Tooth
ac_69fb1976,0,a_6aab75e1,Megadeth
ac_3d37e9db,0,a_2b14436e,The California Aggie Marching Banduh
ac_ef43cc77,0,a_84a95aa3,Consonant
ac_5971d313,1,a_38d91e6d,Rihanna
ac_4ff1399b,0,a_0a12c2e5,Veil of Ashes
ac_0dedb26b,0,a_2c436d3d,Dizzy Mizz Lizzy
ac_e0aef036,0,a_57c15213,Technicolor Fabrics
ac_757af879,0,a_6cd2d1b0,Aerosmith
ac_c8b0f4ec,0,a_0a1c8890,Fatali
ac_e7bd70bb,0,a_ab72071e,Brian Eno
ac_ec8d965c,0,a_bbad3538,Pēteris Vasks
ac_d4b976b8,0,a_6749c5aa,Elvis Costello
ac_0191f4ed,0,a_0b2e4501,Esclarecidos
ac_e6a83d18,0,a_5b103e6a,Walton
ac_cc5a1644,0,a_df76b8ee,Bruce Rowland
ac_a02a73d1,0,a_ad864554,Jason Gray
ac_e4af6d49,0,a_b03f8dc5,Christopher James Thomas
ac_056ef8af,1,a_db459692,Jesse Loren Josefsson
ac_3af07ccf,0,a_8a1112bf,Alain Caron
ac_5efcc676,0,a_6f027a1d,Dash Shamash
ac_2191a1e4,1,a_fd2fd937,Michael Beck
ac_f0e47b5f,0,a_5cd2ab03,Werner Müller
ac_3c376fea,0,a_154fcfe3,Griffin House
ac_92b3d0ab,0,a_a19cc44c,Ana Belén
ac_90359131,0,a_e87d7aa6,谭盾
ac_4af60638,0,a_5f97a72e,Drakeo the Ruler
ac_49bef519,0,a_168fc536,John Swihart
ac_7cb9eabc,0,a_91187bb4,Doctor Explosion
ac_63ffc4e8,1,a_145b071f,Czech Philharmonic Orchestra
ac_76cec6a6,0,a_36be16c6,Dead Meadow
ac_ef8d3603,0,a_aceab9c6,Elvis Costello  The Attractions
ac_3dcaa2d8,0,a_3a8812a5,The Stupids
ac_9fa32f79,0,a_cb4ba480,Jukka Salminen
ac_5e42a0e3,0,a_eb5cfad0,Art Pepper
ac_9b752378,0,a_eb647489,D Todd Sorensen
ac_27058d6f,1,a_da3193aa,Lillian Stokes
ac_3358b756,0,a_c62ab2e6,Anne Sylvestre
ac_58c5c0f3,0,a_23bb64d9,Jo Bogaert
ac_b18e890f,0,a_2b9a05bb,Ersatzkapelle
ac_b02c31e4,0,a_24086649,Sun YanZi
ac_6d0f3f4e,0,a_bdc818ab,Julian Sandell
ac_c285664e,0,a_7377a87e,Linda Lewis
ac_9b8d6ffb,0,a_1c47540a,Andrea Marcovicci
ac_b378531d,0,a_fa19daae,AG Flek
ac_82a03046,0,a_a7ecd504,Lola Lago Detective
ac_43fbe679,6,a_04889c8f,Neville Marriner
ac_d9692ff8,0,a_380380fc,Enzo Carella
ac_154b621e,0,a_f1070afa,Fondo Flamenco
ac_8d46a14b,0,a_dc8db64b,Disturbed
ac_9055c687,0,a_4c8c5949,The Lassie Foundation
ac_c5b26344,0,a_9295712c,Monolithic
ac_14db7f33,0,a_48d307d6,New Radiant Storm King
ac_7a8d76ba,0,a_04771c70,Attention
ac_6a81fdac,0,a_e79afda0,Static
ac_0ff349d4,0,a_97fd4457,Another Green World
ac_f0e7ae60,0,a_b8045cbd,Johnny Reimar
ac_18bb6371,0,a_a4bbb51a,WHYDOLL
ac_68e28c3d,0,a_a8a20483,Simon Etchell
ac_68bfe4cf,0,a_076ffc0b,柿島伸次
ac_5f44f3fc,0,a_6a2c62e3,Florene
ac_2749fcff,0,a_cab53f82,Maria Muldaur
ac_4c131a71,0,a_769cac85,The Shamen
ac_4f6b939c,0,a_1f9d5015,Kayo Dot
ac_c5d7d4f3,0,a_52bf397b,Fishtale
ac_fdea1f2f,0,a_5176324c,Plácido Domingo
ac_298cba5f,0,a_0bbf391c,Tim Souster
ac_da6c6bdf,0,a_a8c2cb65,Army of Freshmen
ac_e6a83d18,0,a_b46359b3,Walton
ac_c5dd240f,0,a_d82ec4c5,Vangelis
ac_1a11631b,0,a_b5d8a27e,Michael White
ac_7e59fabf,1,a_987ceece,Harnoncourt
ac_28426bde,0,a_072a728b,Bullet Treatment
ac_b436ade1,1,a_0d5c0378,Hungarian State Orchestra
ac_b9d20ca3,0,a_a7e0bdf3,Cybertrybe
ac_6ab7afe4,0,a_0f7793fa,John Taverner
ac_98233896,0,a_1263b6e8,Grateful Dead
ac_eac03a88,0,a_81eb2086,Društvo mrtvih pesnikov
ac_ee227dca,0,a_3a04c062,Fernando Villalona
ac_a3b28ab3,0,a_fb1b66b0,Frédéric Chopin
ac_8fc2ab5e,0,a_d1cc444d,Ace Troubleshooter
ac_8f143793,0,a_7c5ff58b,Inspiral Carpets
ac_f030582f,0,a_21511a33,Lior Rosner
ac_2e8e437c,0,a_52909f72,Épictète
ac_a37215c6,0,a_73e66d87,Sturmwehr
ac_c4551969,0,a_b7fa1a03,The CRS Players
ac_9b5cf876,0,a_8b78794c,Sanjay Mishra
ac_cc898822,1,a_ef87c69b,Ensemble DENEB
ac_bef06611,0,a_50c950a3,Alexander Armstrong
ac_22847ea0,1,a_c28c6eba,Taverner Choir  Players
ac_27440fa1,0,a_2bf52f45,Ÿuma
ac_7854a96b,0,a_d2e920bb,Coen Bais
ac_aa421997,0,a_26fff750,Tim Whitelaw
ac_00f89db3,0,a_17b30fd3,Herman Chittison
ac_4478a667,0,a_03d538af,Enoch Light  Terry Snyder and The All Stars
ac_eb1ed17a,0,a_bbe737d6,Controlled Bleeding
ac_bf06750a,0,a_a563bdfb,Bëlga
ac_5773d5a5,0,a_d80dd795,Rolf Zuckowski
ac_62599821,0,a_4e084437,The Infesticons
ac_7a718c53,0,a_a4e5fab4,El Noi Del Sucre
ac_61e731cd,0,a_24428f72,Hungarian State Orchestra
ac_fde306b1,2,a_28922e63,Kees Wieringa
ac_df70cc63,0,a_cbafe374,Коrsика
ac_4394c84d,0,a_f94a7bb1,Maria Callas
ac_9c8d97ad,0,a_95351bc2,Johann Sebastian Bach
ac_ea1d759d,0,a_fd98adf1,John Pizzarelli
ac_69a6b120,1,a_82e7ce3a,Lloyd Banks
ac_aab4923b,0,a_4f8913ae,Old North Festival Chorus
ac_b76216a9,0,a_24bc1bc7,FFForecast
ac_195674ff,0,a_64957d04,Dina Carroll
ac_09af3eb5,0,a_0c37df75,The Spaniels
ac_bdcd7397,0,a_cfc3ad9e,Earth Wind  Fire
ac_806d6fa7,0,a_5345b64b,Dandrieu
ac_1d46eb88,0,a_01554e09,Edvard Grieg
ac_4f82f24c,0,a_fa6b1454,つしまみれ
ac_0d30a886,0,a_4b556da8,Val Doonican
ac_abf6eba6,0,a_5a7e44d4,Michael Marra
ac_20ba5068,0,a_96fafdfb,Salt Tank
ac_174e259b,0,a_2d6be79d,The Royal Scots Dragoon Guards
ac_3358b756,0,a_44469930,Anne Sylvestre
ac_71018ff7,0,a_60ed257d,Stanley Clarke
ac_0fcac236,0,a_08e9e6f0,Dark Tribe
ac_2d3618e6,0,a_8bb3b1e9,Mad Mav
ac_2e106bc5,0,a_1505348b,Fabe
ac_8b0c8f57,1,a_50b6badf,Rolf Junior
ac_a6e1071b,0,a_50b3147f,増子司
ac_d681dcd1,0,a_7ceb84ac,Michale Graves
ac_fc1be102,0,a_9ed281c3,Raful Neal
ac_b0ca5d81,1,a_f2f8a3ca,Cigala
ac_9f5ed967,0,a_00bb3451,Glen Gray  His Orchestra
ac_df0a763c,0,a_596d4c8d,Panther MIZONOKUCHI
ac_f97eebee,2,a_b46ee5b7,Faudel
ac_1d701e9b,0,a_1d3be868,Tourist
ac_9ddfe195,0,a_7780ced8,Marcia Hines
ac_ecc31555,1,a_26b5035d,Édouard Lindenberg
ac_d874965d,0,a_52909f72,Épictète
ac_60758c38,0,a_466dcbca,Anael
ac_e412e31f,0,a_5c783287,Slàinte Mhath
ac_95f6d2d0,0,a_e3ba6ae2,Lemony Snicket
ac_61e731cd,0,a_f4232c55,Hungarian State Orchestra
ac_ad96e033,0,a_586e86ce,Kelly Sweet
ac_f27f1c3e,1,a_55997ff8,Libor Pešek
ac_ffe91396,0,a_3995e6e4,Hamed Däye
ac_361dd651,0,a_b798009e,Madonna
ac_f5f714af,0,a_f8bc7211,Johanson  Vennad
ac_bf7557c4,0,a_83e67e8e,Resistance D
ac_f97eebee,0,a_eb8d4bf2,Taha
ac_1f13edfb,0,a_0356483a,Eddy Kaiser
ac_a74188a5,0,a_2d78c07e,Visitors
ac_26f902b0,0,a_caf2dfc6,Alien Sex Fiend
ac_84b839c7,0,a_eede4b9b,Pierre Rapsat
ac_3af07ccf,1,a_2c505998,JeanMarie Ecay
ac_77bdd0c3,0,a_a1328b41,Beethoven
ac_00f89db3,0,a_b4b71f80,Herman Chittison
ac_5127f23f,0,a_3ac115b8,Break The Breakdown
ac_261e4e72,0,a_6ebd6674,Noel McLoughlin
ac_950bb3fe,0,a_90d009ea,Major Swellings
ac_a3fe5de4,0,a_762e484d,revideolized
ac_cc579a25,0,a_38849eb9,Schubert
ac_2c5a9978,0,a_6d0a4e57,Heather Nova
ac_7cc02f84,0,a_851de102,Antonino
ac_bc2adf74,0,a_056df612,Bill Jones
ac_6bb8b738,0,a_7aa2cbde,Charlotte Cornfield
ac_95d48e72,0,a_0c26ec57,Martin Denny
ac_44344a6a,0,a_8bc13fcc,Janet Evanovich
ac_4de74889,0,a_d92be7e3,Garrett Morris
ac_373e0a4f,0,a_03ae5ed7,Roberto Silva
ac_869c3091,2,a_8133d2e2,A Warda
ac_91348837,0,a_3be06839,In Flames
ac_b5374f65,0,a_b64426d2,Bad Haggis
