recording,name,length,video
r0,Steamy Summer Sonnet,508000.0,f
r1,Mina Pets Margus ja Priit Captain Morgan remix by PAlanko,268000.0,f
r2,Hundred Feet So Inagawa remix,355000.0,f
r3,Gettin Cake,67000.0,f
r4,Sound of Happiness,176000.0,f
r5,Soy Peñero,164373.0,f
r6,Congratulations,318000.0,f
r7,Promenade 15 second yersion alternate mix,20000.0,f
r8,Action in the Streets,358826.0,f
r9,Amar y vivir,201000.0,f
r10,Стих первый,60440.0,f
r11,Scientists Playing God,268600.0,f
r12,Relax,,f
r13,The Beautiful People,,f
r14,Pekla vdolky,66973.0,f
r15,Bloud in the Tower,186000.0,f
r16,Hit the Road,35000.0,f
r17,Hit thr Road,35000.0,f
r18,I Can Hew,143000.0,f
r19,BB Boogie,200800.0,f
r20,Zviedru vārti,236840.0,f
r21,Black Poet Skit,,f
r22,Love One Other,193440.0,f
r23,Outro,8000.0,f
r24,Gumsche,176000.0,f
r25,Ödland mit Genez,461000.0,f
r26,Ugly,249826.0,f
r27,Rub a Little Lotion,358000.0,f
r28,Shes Never Aro7nd,229000.0,f
r29,Sh3s Never Around,229000.0,f
r30,Soy Peñero,164373.0,f
r31,Ab irato  Étude de perfectionnement S 143,154800.0,f
r32,Inaudible Bea5s,1223000.0,f
r33,Marys Boy Child,223000.0,f
r34,Lovers Dub b,60000.0,f
r35,Aria dAmore,288360.0,f
r36,The Mesning of Life,180733.0,f
r37,Hows Your Mama Phils Theme 52nd Street Theme  Salt Peanuts  Harlem Nocturne,304000.0,f
r38,Winter Wonderland,129000.0,f
r39,Poison,368000.0,f
r40,West Coast Tractor Beam,331000.0,f
r41,I Can See Now,165000.0,f
r42,5446 Was My Number,192000.0,f
r43,Human Parts Inc,96000.0,f
r44,Suchtpolitik,204813.0,f
r45,Si no vuelves,199000.0,f
r46,Borderline Tribal Deibel Mix,524000.0,f
r47,Leyendas de un desconocido,,f
r48,Bring it On Rusko Remix,221000.0,f
r49,Speak to the Sky,171813.0,f
r50,Time Wont Let Me,196253.0,f
r51,Eventide,226000.0,f
r52,Overture,333000.0,f
r53,超えてゆけ,246800.0,f
r54,Big Kariba,202000.0,f
r55,Kalasbnikov,214000.0,f
r56,Cinematic,261000.0,f
r57,Kalashnikov,214000.0,f
r58,The Saturated Earth,410653.0,f
r59,Flv 6,203373.0,f
r60,Hot Rock Track,15000.0,f
r61,Good Mornin Little Schoolgirl,208000.0,f
r62,Saturday Night Sweet in Movements Garretts Theme Part 2,184000.0,f
r63,Londonderry Air Trad arrArcher,265000.0,f
r64,Nonsense,148000.0,f
r65,Gon3 With the Wind,388026.0,f
r66,Daisy Mae,270666.0,f
r67,silence,4120.0,f
r68,Ill Give You a Ring,122013.0,f
r69,Estadio Azteca,219466.0,f
r70,AntiEm,,f
r71,Hatasız Kul Olmaz live,320706.0,f
r72,AntiEn,,f
r73,Nights I Remember,283000.0,f
r74,Mindware,362000.0,f
r75,Jazz  Drums,215000.0,f
r76,Vampire,190000.0,f
r77,Contact High,149000.0,f
r78,Olivas Adobe,473000.0,f
r79,OoLee OoLee Papa OoLee,127000.0,f
r80,In Plaxe,259000.0,f
r81,Imps in Eager Csucus,266000.0,f
r82,silence,4120.0,f
r83,Evangelic,168000.0,f
r84,It Wasnt Said to Ask,260000.0,f
r85,Quartet for Piano Violin Viola and Cello in D major WoO 36 No 2 I Allegro moderato,306866.0,f
r86,Of Minor Prophets and Their Proatitute Wives,163000.0,f
r87,Breezing Along,30000.0,f
r88,Liebe Liebe,181986.0,f
r89,Hand in Hand,198066.0,f
r90,Yann Chaseour,535266.0,f
r91,Time to Go Home,260093.0,f
r92,Tell It Like It Is,291600.0,f
r93,Bibou blues,214000.0,f
r94,Tell Iy Like It Is,291600.0,f
r95,Tell It Like It Is,291600.0,f
r96,Take Your Time Son,417000.0,f
r97,Love and a Molotov Cocktail,150666.0,f
r98,愛だけは,270193.0,f
r99,Miss Acacia live,197000.0,f
r100,The Rising of the Black Templars,427000.0,f
r101,Yemen Elleri,370040.0,f
r102,unknown,204000.0,f
r103,Make M4 Feel,255000.0,f
r104,Kanki Saseru Senritsu 6 60,59000.0,f
r105,Stfanieri noi,235000.0,f
r106,Connection full mix,30000.0,f
r107,Out4o,135573.0,f
r108,Newborn Thing Sternklang remix,317253.0,f
r109,Ouyro,135573.0,f
r110,Due,221000.0,f
r111,Du3,221000.0,f
r112,Its a Shame,206693.0,f
r113,Dus,221000.0,f
r114,Dont Worry,191013.0,f
r115,風花,82106.0,f
r116,Blast Up 3rd Ave,87000.0,f
r117,Bogue,309226.0,f
r118,In der Schule lernt man eh bloß Quark,188466.0,f
r119,So Long,550560.0,f
r120,Nico,222000.0,f
r121,Starblazer,427986.0,f
r122,Virgin,352000.0,f
r123,Starglazer,427986.0,f
r124,Out of Nowhere,160933.0,f
r125,Its Tome,403000.0,f
r126,Home,190520.0,f
r127,Its Time,403000.0,f
r128,Louises Mavedans,207000.0,f
r129,Our Day Will Come,149826.0,f
r130,Same Ordrr,172800.0,f
r131,Promenade 15 second version alternate mix,20000.0,f
r132,Same Order,172800.0,f
r133,Alterecl,271000.0,f
r134,Leg mich in Ketten,264680.0,f
r135,Mojito chillout mix,264000.0,f
r136,To Love,277600.0,f
r137,Toune en Do,236333.0,f
r138,Take My Hand Precious Lord,181840.0,f
r139,Rules of the Game,,f
r140,The Tracks of My Tears,178000.0,f
r141,Fuente esperanza Nuwva mezcla,279013.0,f
r142,Gumadhe,176000.0,f
r143,Los dos contra mí,229000.0,f
r144,An Alisn Heat,449000.0,f
r145,Berle  Omnivorous,368213.0,f
r146,Dead Silent Shriek,234000.0,f
r147,Jaaa,214960.0,f
r148,Nothing Really Ends,327000.0,f
r149,Matt,211000.0,f
r150,Midnight on a Full Moon,114000.0,f
r151,Yoresomanka,94000.0,f
r152,Rufio,352146.0,f
r153,Lucille,136000.0,f
r154,Fences of Pales,228640.0,f
r155,If I Loved You,302000.0,f
r156,Satch,29000.0,f
r157,No Other Gi4l,157920.0,f
r158,Älska bomben,197000.0,f
r159,Ponteio,202426.0,f
r160,Sahek Ota,146000.0,f
r161,No Otyer Girl,157920.0,f
r162,Sunday Afternoons,292440.0,f
r163,Road Back Home,326394.0,f
r164,Seeleriblues,286866.0,f
r165,Seelenblues,286866.0,f
r166,Vioolconcert in D Op 35 III Finale Allegro vivacissimo,615493.0,f
r167,Mirror,238973.0,f
r168,Miranda,251600.0,f
r169,Dagny,201573.0,f
r170,Preludio En La Noche,482000.0,f
r171,Highly Strung Richard Barbieri remix alt,120000.0,f
r172,Bad Moon Rising,126000.0,f
r173,Run for Yiur Life,,f
r174,Out Last Meeting,65985.0,f
r175,Not A Fitting Niche,195000.0,f
r176,Left Handend Theory,261000.0,f
r177,Lost,254680.0,f
r178,Blind,346093.0,f
r179,Ohh What You Do to Me,161973.0,f
r180,Hallelujah,238706.0,f
r181,Spoons,182464.0,f
r182,O Que É Icho,,f
r183,Беги за солнцем,371840.0,f
r184,Anything for You,286253.0,f
r185,Rytsari Vremeni,309986.0,f
r186,Anankasm,228000.0,f
r187,Cold  Ugly,268000.0,f
r188,Dumb Love,,f
r189,Ride on Our Enemies,235000.0,f
r190,Hooked on Broadway,383267.0,f
r191,Untitled,224466.0,f
r192,Solaris,424000.0,f
r193,Effet de style effet de mode,239586.0,f
r194,Get Up,262000.0,f
r195,Esporrei Na Manivela,313173.0,f
r196,Terms of Endearment,183653.0,f
r197,O Criad0r Par Esp MartNália,205960.0,f
r198,Seni Sevmek İstemiştim,364000.0,f
r199,Introduzione,77973.0,f
r200,G rutinaG,,f
r201,Was kann schöner sein Que serà serà ,153973.0,f
r202,Runnin Through the Night,207000.0,f
r203,What Happened to That Boy,206240.0,f
r204,Al calor de la cumbia,211666.0,f
r205,Primitive,279000.0,f
r206,Wild Honey,195986.0,f
r207,Inaudible Bears,1223000.0,f
r208,L0ve Letters,164306.0,f
r209,Love Lettefs,164306.0,f
r210,Across the Breakfast Table Looking at You,208933.0,f
r211,Kui sind kohtan,229826.0,f
r212,Album für die Jugend op 68 Pt 1 für Kleinere III Trällerliedchen,51000.0,f
r213,12b,250000.0,f
r214,Poisons Fool,290026.0,f
r215,Robot Girl,289160.0,f
r216,Confusion,279000.0,f
r217,Lazybones,186400.0,f
r218,Swing This,146000.0,f
r219,One Step Backwards,,f
r220,Αυτός που σέρνει το χορό,194000.0,f
r221,Peltirumpu,229000.0,f
r222,Tear the Place Up,179000.0,f
r223,Dreamland Crescendo,292000.0,f
r224,Sprrow,242840.0,f
r225,Du kannst mir mal ein kleines bißchen treu sein,152093.0,f
r226,More or Less,257000.0,f
r227,Movin Up Gorillaz vs kos,229000.0,f
r228,I Ran,331946.0,f
r229,Chrome Sweet Chrome,210000.0,f
r230,I Ran,331946.0,f
r231,Anatolian Delux ethnic mix,277000.0,f
r232,Mighty Like the Blues,415000.0,f
r233,If Im Not Me Then Who Is,232226.0,f
r234,De profundis op 67 Meno largo molto tranquillo ,253000.0,f
r235,Good News,258093.0,f
r236,The Way That You Love Me,262160.0,f
r237,CHEYENNE,205000.0,f
r238,DC,225000.0,f
r239,Home Away From Home,221306.0,f
r240,Zing een Lied,216000.0,f
r241,Pressure,249000.0,f
r242,Wandering Memory,1795053.0,f
r243,On the Limit 30 second version,30000.0,f
r244,Mountains Are Dreaming,,f
r245,On a Mission no drums,119000.0,f
r246,Bahian BBoy LP mix,,f
r247,Money Anyhow,240000.0,f
r248,Saint Louis Blues,247000.0,f
r249,Love Letters,164306.0,f
r250,Why Why Why Why Why,229040.0,f
r251,I Hustle,250000.0,f
r252,The Pain You Caused,507000.0,f
r253,Просто хочешь ты знать,251459.0,f
r254,Keep It Simple,259000.0,f
r255,Ape Shit,211000.0,f
r256,Deska,308640.0,f
r257,Us On A Young Night,182000.0,f
r258,Even Megan Fox Looks Better on Myspace,,f
r259,De Overtocht,369000.0,f
r260,The Beautiful People,377000.0,f
r261,The Beautiful Peiple,377000.0,f
r262,The Savoy Special,191000.0,f
r263,The Bwautiful People,377000.0,f
r264,Concert for Munich,295866.0,f
r265,Darkgazer,101000.0,f
r266,Voices,385826.0,f
r267,Trace2house,318106.0,f
r268,人生は過ぎ行く,259000.0,f
r269,Transvesyite Dance,,f
r270,Im in Love Again live,191706.0,f
r271,The Crystal Cat,228000.0,f
r272,Always on my mind,,f
r273,JDubs,133000.0,f
r274,Im a Lisr,196226.0,f
r275,Abenteuer Schnitzeljagd 06,62213.0,f
r276,Taking Control Tomorrow,131000.0,f
r277,Polive  Thieves,225000.0,f
r278,A Sea Of Empty Chairs,175000.0,f
r279,Fun,175168.0,f
r280,La donna riccia,153840.0,f
r281,פגישה לאין קץ,257293.0,f
r282,Supermarket,182186.0,f
r283,Big Knock,259000.0,f
r284,The Pause That Refreshes,76000.0,f
r285,Always Christmas,271880.0,f
r286,Picture In Picture,773000.0,f
r287,On With thr Show,244266.0,f
r288,Schäfers Abendlied,166000.0,f
r289,Link A7,25000.0,f
r290,God of Wonders,299680.0,f
r291,On the Warm Wet Ground,235000.0,f
r292,Carolina Pines,346866.0,f
r293,A Sick and Abamdoned Heart,68490.0,f
r294,Over,160000.0,f
r295,Madis Song The Man She Thinks I Am,255000.0,f
r296,When Hell Becomes Reality,159733.0,f
r297,Hey There,165973.0,f
r298,Un garçon 9rdinaire,,f
r299,Litttle Brown Jug,,f
r300,No Turning Back,254000.0,f
r301,No Turning Back,254000.0,f
r302,No Turning Back,254000.0,f
r303,People Hurt People,203000.0,f
r304,Охота,195400.0,f
r305,Think People,312000.0,f
r306,Cai Chuva Do Céu Cinzento,148000.0,f
r307,Keep on Rockin Jive 42mpm,250920.0,f
r308,Όλη μου η ζωή,246000.0,f
r309,Oh Julie,147000.0,f
r310,Back to the 90′s,471000.0,f
r311,Murder By Numbers,293040.0,f
r312,After ths Rain,259400.0,f
r313,The Eighteenth of June,275986.0,f
r314,Me anf My Horses,388280.0,f
r315,FBI,227546.0,f
r316,Taprobane,79760.0,f
r317,Come Home,259000.0,f
r318,Close to You,258040.0,f
r319,Eklektisch Spiegeln,262000.0,f
r320,FindAWay,,f
r321,Siegfried Act II Scene III Das sagt ich doch nicht,248320.0,f
r322,In the City,125440.0,f
r323,Karma,,t
r324,Partita BWV 771 Allein Gott in der Höh sei Ehr Vaeiation 6,68640.0,f
r325,Pump full mix,97000.0,f
r326,Lullaby of the Leaves,120626.0,f
r327,Kumba,290000.0,f
r328,Vihmax Vihma temix,211067.0,f
r329,Dark Eyes,135626.0,f
r330,Le Temps du tango,185000.0,f
r331,Key,383000.0,f
r332,A la vie à la danse Lets Dance Tonight Girl Version Club,370000.0,f
r333,Hear the Music Def club mix,348000.0,f
r334,Hallo Ja Ja I Dont Know,618573.0,f
r335,Crescent,548960.0,f
r336,Pendulum,,f
r337,La canzone di Tom,307333.0,f
r338,Lighters Up  Granity Remix feat Joey Moe  Links,314000.0,f
r339,Tear Ya Chains Off,263000.0,f
r340,Scene 27  intro to the voice behind the wallpwper trellick tower 3am,281866.0,f
r341,Divertimento for Flute Oboe and Clarinet op 37 IV Andantino,84000.0,f
r342,Médée Dei tuoi figli la madre,303106.0,f
r343,Die schönste Stunde am Tag,364333.0,f
r344,Die schönste Stunse am Tag,364333.0,f
r345,Drag,231653.0,f
r346,Awakening,395000.0,f
r347,Dreamville New Mexico,249000.0,f
r348,22 dní,205000.0,f
r349,Until They Close the World,151000.0,f
r350,Taking Cojtrol Tomorrow,131000.0,f
r351,How Far Can We Go Secret Plan 15 second version,15000.0,f
r352,12b,250000.0,f
r353,Nosso Sonho,304386.0,f
r354,Fingers,252373.0,f
r355,Putting the Damage On,311880.0,f
r356,Confessions of a Futon‐Revolutionist,134480.0,f
r357,Hel0,163093.0,f
r358,Intermissiln,124880.0,f
r359,Intermissioh,124880.0,f
r360,Intermission,124880.0,f
r361,Priceless Time,,f
r362,Kelly Grand Forks,209320.0,f
r363,Louises Mavwdans,207000.0,f
r364,Boss Battle Lufia II,206186.0,f
r365,New Toy long version,372893.0,f
r366,American Insomnia Dream Complex,256360.0,f
r367,Foolish Dancer,,f
r368,Met een goudvis naar zee,214626.0,f
r369,Isnt It a Pity,259000.0,f
r370,Transmission,270000.0,f
r371,Heop,163093.0,f
r372,Feuer,297000.0,f
r373,Whispering Swags Softly Spoken dub,238453.0,f
r374,Walk,186986.0,f
r375,Nukem 8,25280.0,f
r376,Ring of Bright Water,181386.0,f
r377,Tan1<,248600.0,f
r378,King of da Beatz,247866.0,f
r379,Changing The Past,,f
r380,Nightly Report stinger,5000.0,f
r381,Hijo de |a luna,248600.0,f
r382,Hijo d3 la luna,248600.0,f
r383,Hip Hop Be Bop Dont Stop,183200.0,f
r384,Hän lähtee tanssiin,225000.0,f
r385,Dos gardenias,204773.0,f
r386,When Were Doin It,246706.0,f
r387,Vitamine Vitamine,216000.0,f
r388,Spq,51760.0,f
r389,Valtatid,191000.0,f
r390,チャプタークレジット,12000.0,f
r391,Anel brilhante,228040.0,f
r392,Il barbiere di Siviglia Atto I Cavatina Una voce poco fa Rosina,340000.0,f
r393,I Hustle,250000.0,f
r394,Ten Mountain High,404000.0,f
r395,Hoe Soon Is Now,290000.0,f
r396,NewBorn 29,29000.0,f
r397,Joy Juice,168533.0,f
r398,Vicious Lied,276000.0,f
r399,Vicioud Lies,276000.0,f
r400,Normality,196000.0,f
r401,Inaudible Bears,1223000.0,f
r402,Lone Wagin,337000.0,f
r403,Lone Wavon,337000.0,f
r404,Balle wine Baws feat Dawill,213000.0,f
r405,Dom låser din dörr,,f
r406,Yeah You Roberts remix,316000.0,f
r407,Hallelujah,184360.0,f
r408,If You Lose Control of Yourself You Give It to Somebody Else,393986.0,f
r409,If You Go Away,221600.0,f
r410,Mission,139466.0,f
r411,Você já foi à Bqhia,183400.0,f
r412,Você já foi à Bahia,183400.0,f
r413,Você já foi à Bahia,183400.0,f
r414,Bruce And Annetts Jazz,175000.0,f
r415,Anna Bolena Atto II Scena 1 Dio che mi vedi in core Anna,415933.0,f
r416,Mercy Mercy Mercy,371333.0,f
r417,Des Müllers Blumen,236000.0,f
r418,Ides of Msrch,29000.0,f
r419,Fuga super Allein Gott in der Höh sei Ehr BWV 716,161000.0,f
r420,Ides of March,29000.0,f
r421,Matchless Name,229453.0,f
r422,Stillb0rn,114800.0,f
r423,Stillborn,114800.0,f
r424,Romane,179000.0,f
r425,West Coast Tractor Beam,331000.0,f
r426,In Da Picture,30000.0,f
r427,Flossity,367000.0,f
r428,Sliabh Luachra PolkasRoy Rogers,260475.0,f
r429,Awake and Nervous,511906.0,f
r430,Whiskey and Wimmen,160600.0,f
r431,Hev There,165973.0,f
r432,A Sunshine Fix,132000.0,f
r433,Time Holes,351000.0,f
r434,silence,6000.0,f
r435,Supper Time,,f
r436,Blue Lester,203000.0,f
r437,Syining Brow,237000.0,f
r438,Shinimg Brow,237000.0,f
r439,Medley Fun to Be Fooled  This Time the Dreams on Me,264000.0,f
r440,Locomotive,143000.0,f
r441,Ferry Cross 6he Mersey,338613.0,f
r442,Core 3,57973.0,f
r443,Over The Hill,150000.0,f
r444,The Doir,345146.0,f
r445,Fine Fine Daddy,157440.0,f
r446,Runnin,195906.0,f
r447,Will Do,243000.0,f
r448,A Night in Tunisia,315000.0,f
r449,El calcetín,128200.0,f
r450,The Terrifying Velvet Room 3rd Chapter,76000.0,f
r451,Keyboard Sonata in D major K 443,292333.0,f
r452,Valkea joulu,150866.0,f
r453,Hva har du tenkt,295840.0,f
r454,MC3,,t
r455,My Street,278907.0,f
r456,Det é så synd om mig,233000.0,f
r457,IOU,470000.0,f
r458,Guinness,141000.0,f
r459,Summertime,377000.0,f
r460,Jets Jets,232573.0,f
r461,Purgatory,396000.0,f
r462,I Know,224000.0,f
r463,Serenade in the Night,186640.0,f
r464,Private Meeting,127093.0,f
r465,Pendulum,,f
r466,Liebe Luebe,181986.0,f
r467,Say It Isnr So,181000.0,f
r468,Un ángel llora,257000.0,f
r469,Oh Yeah,346693.0,f
r470,Iona,,f
r471,Hymn ur Finlandia,138906.0,f
r472,Cool Pwople Skit,4000.0,f
r473,Cool People S1<it,4000.0,f
r474,Owner of Her Heart,221480.0,f
r475,Farándula,122453.0,f
r476,Sommerlied,218000.0,f
r477,Historien om Signe,47533.0,f
r478,茶漬えんま,1941266.0,f
r479,If Only You,,f
r480,Way Low,221469.0,f
r481,Not Gonna Let You Go Again,220226.0,f
r482,Mecva,263666.0,f
r483,The Changelings  Out on the Roof,215000.0,f
r484,Chapter 02,113000.0,f
r485,Cum At The Liquid Fancy Fair,240000.0,f
r486,Fugue for Rhythm Section,179000.0,f
r487,Into Twilight,382000.0,f
r488,Dance Dance Danve vocal overdub,137000.0,f
r489,To Love,277600.0,f
r490,Partita No 5 in G major BWV 829 II Allemande,270813.0,f
r491,Jungle,138453.0,f
r492,Only Woman DJ With Degree,208494.0,f
r493,Turn the Beat Around  You Should Be Dancing  I Cant Get Next to You,281000.0,f
r494,Of Minor Prophets and Their Prostitute Wives,163000.0,f
r495,Toons Tuhes,388133.0,f
r496,Pozwolił nam los,,f
r497,Dont Let the Sunshine Fade,403000.0,f
r498,Ill Give You a Ring,122013.0,f
r499,Ill Gjve You a Ring,122013.0,f
r500,44 Minutes,277213.0,f
r501,Lets Get Lost,193000.0,f
r502,Mine  A Minecraft Parody,212000.0,f
r503,Face of a Fighter,201000.0,f
r504,Huitzil0potchli,190000.0,f
r505,Wundercrotchen,192000.0,f
r506,Huitzilopotcbli,190000.0,f
r507,Copenhagen,171493.0,f
r508,Pimp Strut,297866.0,f
r509,Dead Red Eyes,233506.0,f
r510,Im Not Alone,446000.0,f
r511,Wikl Do,243000.0,f
r512,I Am Aware of My Heart,756000.0,f
r513,You love me,257666.0,f
r514,Stormy Weather,209000.0,f
r515,Hattin On A Playa,296000.0,f
r516,Finn,137000.0,f
r517,Call It L,228093.0,f
r518,Swap Original,390000.0,f
r519,That Evil Child,235640.0,f
r520,Mr Pinochet,,f
r521,Bad Ass Beat,177053.0,f
r522,Seems as If,224066.0,f
r523,Saltaré al vacío,208000.0,f
r524,Kill Youe Children,281866.0,f
r525,The Devils Legion Part 2,109333.0,f
r526,Ancestral das esferas,230693.0,f
r527,Wish I Never Knew You,207000.0,f
r528,Lament og Love,204360.0,f
r529,Say Say Say,170000.0,f
r530,Folding Ghosts into Origami Stars,252000.0,f
r531,FUN A BASH,175000.0,f
r532,True Love,192626.0,f
r533,Fly 6,203373.0,f
r534,Pièces de clavecin en concert  La timide rondeau I  II,325000.0,f
r535,De nuevo en mi puerta,296000.0,f
r536,My Lips Remember Your Kisses,172333.0,f
r537,Arrive,250640.0,f
r538,Material,204000.0,f
r539,You Are a Goth,276680.0,f
r540,GIGN,218000.0,f
r541,Korallen,191320.0,f
r542,愛だけは,270193.0,f
r543,All for N0thing,,f
r544,A Bench in the Park take 2,,f
r545,La Folia,,f
r546,Heaven,73000.0,f
r547,Medicine Wheek,112760.0,f
r548,Love You Mors,285000.0,f
r549,Love You More,285000.0,f
r550,Lost acoustic,303000.0,f
r551,Time Will Show the Wiser,218000.0,f
r552,Eeter,208000.0,f
r553,March to Your Death,196893.0,f
r554,Hanging On,326000.0,f
r555,Revolution Come and Gone,256560.0,f
r556,Hit the Roaf,35000.0,f
r557,The Hill of Leopards,128000.0,f
r558,Let the Country Feed You,167600.0,f
r559,Let the Cojntry Feed You,167600.0,f
r560,Journey Home,308000.0,f
r561,Solitude,215840.0,f
r562,FkndAWay,,f
r563,FindAWsy,,f
r564,Atheist Prayers,216000.0,f
r565,MatthäusPassion BWV 244 Teil I No 15 Choral Erkenne mich mein Hüter,59600.0,f
r566,Looming East,278893.0,f
r567,untitled,,f
r568,The Boogie Man,208226.0,f
r569,Make Me Ferl,255000.0,f
r570,Remember,323960.0,f
r571,On Witb the Show,244266.0,f
r572,Minuet in An,59293.0,f
r573,Hussjöröv4ri,,f
r574,Overflow,283253.0,f
r575,Love Eyes,340000.0,f
r576,Vectors in Full Colors,141560.0,f
r577,Youve Gotta Haue Love in Your Soul,169000.0,f
r578,The Lambeth Walk,163000.0,f
r579,Wenn sich die Reihen lichten,237000.0,f
r580,Tell Me Tell Me,238226.0,f
r581,Yöjuttu akustinen live 2005,274626.0,f
r582,Another Way of Loving You,218000.0,f
r583,River Stroll,10000.0,f
r584,Loose String,228000.0,f
r585,Ballu Lestru,233000.0,f
r586,Oil  Water,264803.0,f
r587,For Whom the Bell Tolls live,260000.0,f
r588,Niño 9,98000.0,f
r589,When Worlds Collide,280000.0,f
r590,Resurrection,471000.0,f
r591,Ab irato  Étude de perfectionnement S 143,154800.0,f
r592,Nation Of Domination,94786.0,f
r593,Tbe Crystal Cat,228000.0,f
r594,The Crystal Cat,228000.0,f
r595,La Vieille Femme et la Chandel,763000.0,f
r596,Last Communication,256000.0,f
r597,Gypsy,551160.0,f
r598,The Big Time Demo Version 1989,173000.0,f
r599,Serious,233400.0,f
r600,Rondo for Cello and Orchestra in G minor Op 94,502000.0,f
r601,Outro,135573.0,f
r602,Посвящение артистам,131000.0,f
r603,Berriville,124000.0,f
r604,Fire,284840.0,f
r605,Jellyfish,293000.0,f
r606,Miroirs,400173.0,f
r607,Slip Slop,190000.0,f
r608,Drag Them Down,340720.0,f
r609,No 7,338483.0,f
r610,Птицы,310000.0,f
r611,Paradise,261826.0,f
r612,Caught Deep in the Zone,193867.0,f
r613,The Warning,291600.0,f
r614,Into the Light First Effect mix,460000.0,f
r615,Baneful Skies,300506.0,f
r616,Nivo,222000.0,f
r617,I Never,271773.0,f
r618,Poor Blzck Mattie,189000.0,f
r619,Papertown,189027.0,f
r620,Aura,149000.0,f
r621,Umeelc,234000.0,f
r622,Sin and Sacrifice,,f
r623,With in ZzOo,190000.0,f
r624,Polovtsian Dances,503000.0,f
r625,I Miss You Baby,420000.0,f
r626,Sin and Sacridice,,f
r627,Clos4r,,f
r628,Tuuli nousee,275360.0,f
r629,Las Viejas Brujas,178000.0,f
r630,O Vos Omnes  Pablo Casalw,237226.0,f
r631,Tervaa ja höyheniä,176426.0,f
r632,We Live for the Music,208000.0,f
r633,Maximum Reflex,30000.0,f
r634,Der Mehrzahl der Menschen,70666.0,f
r635,One Shots Brushes One Shots Brushes 7403,,f
r636,Fuse,468000.0,f
r637,Voodoo Mama Cairo Liberation Front remix,213818.0,f
r638,Digital Dreak Analogoue at 46hz by Icon of Coil,,f
r639,Spontaneous Simplicity,476000.0,f
r640,Sin penas ni vlorias,235453.0,f
r641,Sin penas ni goorias,235453.0,f
r642,Effet de style effet fe mode,239586.0,f
r643,Rzuć ją Johny,92000.0,f
r644,Run for Your Life,,f
r645,Mooist4 ogen,290000.0,f
r646,Mooizte ogen,290000.0,f
r647,Its Over mis,529760.0,f
r648,Trust ib You,286706.0,f
r649,Zbawienie,321266.0,f
r650,So Real,327000.0,f
r651,How Soon Is Now,290000.0,f
r652,Un garçon ordinaire,,f
r653,Sunday Afternoons,292440.0,f
r654,I Ran,331946.0,f
r655,Living for the Weekend,211973.0,f
r656,Ten Second News,,f
r657,Wszystko to co ja wersja krótka,251000.0,f
r658,Du kannst mir mal ein lleines bißchen treu sein,152093.0,f
r659,Partite sopra diverse sonate per il violone Capritio,84560.0,f
r660,SEX MACHINEGUN,607000.0,f
r661,Hit the Road,35000.0,f
r662,Frühling,217693.0,f
r663,Psaceful Man,391266.0,f
r664,Period Drama,29000.0,f
r665,Missuon,334893.0,f
r666,The Stepping Stone  An tSeanbhean Bhocht,242946.0,f
r667,La Cjcuracha,153106.0,f
r668,嘿我要走了,,f
r669,Dreadterror Horrorterror,14000.0,f
r670,Happy Ending,182000.0,f
r671,LIT,214000.0,f
r672,Putting the Damage On,311880.0,f
r673,Love You More,285000.0,f
r674,For Whom the Bell Tolls live,260000.0,f
r675,Clairobscur,216000.0,f
r676,Starbjazer,427986.0,f
r677,At Peace 60 second version,60000.0,f
r678,Handjes draaien,27224.0,f
r679,Cantando,328960.0,f
r680,If Dreams Come True,204858.0,f
r681,Do What You Wsnna Do 93 demo,175000.0,f
r682,Do What You Wanna Do 9e demo,175000.0,f
r683,Meglos Serial 5Q The Last ZolphaThuran,211186.0,f
r684,Meglos Serial 5Q The Last ZolphaThuran,211186.0,f
r685,Inteoduction Theme and Variations in F minor op 102,865776.0,f
r686,Lets Limbo,55000.0,f
r687,O jogo não valeu,257000.0,f
r688,Μην της το πεις,169000.0,f
r689,Episode 1 Finding Friends,141749.0,f
r690,God Bless Amdrica with My Country Tis of Thee,188000.0,f
r691,God Bless America with My Couritry Tis of Thee,188000.0,f
r692,Temptation  Theme From a Summer Place,183000.0,f
r693,Una oportunidad,79000.0,f
r694,Chapter II Dust of Transience  My Cold Eternity,315920.0,f
r695,Bonj9ur,48000.0,f
r696,蒲公英,228000.0,f
r697,Hâji Hasani,72306.0,f
r698,Flickan kom ifran sin älsklings möte op 37 no 5,201000.0,f
r699,Falling Hard and Going Soft,56000.0,f
r700,Dark Lochnagar,291626.0,f
r701,Prolicane,211053.0,f
r702,Contigo Na Distância,166160.0,f
r703,Totale Entspannung III,31373.0,f
r704,Pack a Cellphone Full of Explosives,115000.0,f
r705,In The Land Of Grey And Pink,290960.0,f
r706,Clinton and the Queen,208679.0,f
r707,Oru Kiliyin M,275000.0,f
r708,Things Just Aint the Same dirty,225000.0,f
r709,Eje loco,344000.0,f
r710,Ill Praise God Forever for Sending His Son,183000.0,f
r711,Ray Ban,173000.0,f
r712,Dry Soot,253680.0,f
r713,Dry Sp0t,253680.0,f
r714,Trouble in the Ajen Corner,182000.0,f
r715,Sie kann wunderbar lächeln,167000.0,f
r716,A Handful of Songs,149240.0,f
r717,Tuning Notes,40000.0,f
r718,Wayside Wells,,f
r719,Wsyside Wells,,f
r720,Of Minor Prophets and Their Prostitute Wives,163000.0,f
r721,Mai Tai,327493.0,f
r722,Rigoletto Questa o quella,116000.0,f
r723,Supermassive Illuminating Celestial Plasma Concentration Part I Sol 1392500,1000.0,f
r724,Hip Hop,293933.0,f
r725,Old Blue Car,188000.0,f
r726,Push remix,248446.0,f
r727,Crossroads,171960.0,f
r728,Lirik on Outrr Space,490000.0,f
r729,Bairam d3 cartier,233000.0,f
r730,Bairaj de cartier,233000.0,f
r731,The Mercy,381000.0,f
r732,My Sister and Brothers,253000.0,f
r733,Followers Divas Theme,290000.0,f
r734,The Unity,109578.0,f
r735,Intro,78000.0,f
r736,Minor Blues,397293.0,f
r737,MONOPOLIZER,232000.0,f
r738,Updated Weather Information,26789.0,f
r739,Rules of Engagement,134173.0,f
r740,Bad Popcorn,222093.0,f
r741,T12,299304.0,f
r742,700 Club,51000.0,f
r743,Joyrice,94226.0,f
r744,Congratulations,149000.0,f
r745,Buried in Sand,,f
r746,Prelude To A Kiss,226440.0,f
r747,La experiencia del desierto,132626.0,f
r748,Nobody Loves You The Way I Do,363000.0,f
r749,You Should Know,156000.0,f
r750,Cold 13,285760.0,f
r751,Divino Designio,,f
r752,Starblazer,427986.0,f
r753,Great Balls of Fire,161106.0,f
r754,Rosenkranz,49840.0,f
r755,Bei mir bist Du schön,239000.0,f
r756,Call It Love,255133.0,f
r757,Mardi Gras IKO,284000.0,f
r758,The Last Inn,337000.0,f
r759,Have Mercy,,f
r760,Man in the Sans Gordon cassette,,f
r761,Intro and Birds,226800.0,f
r762,Hand in Hand,172493.0,f
r763,Erins Green Shore,253000.0,f
r764,Feeling Like the Sunshine,183000.0,f
r765,Quetzalciatl,227346.0,f
r766,Sugar Sugar,200000.0,f
r767,Plan B,289346.0,f
r768,Gone But Not Vergotten,205426.0,f
r769,VIP,147000.0,f
r770,Through Our Spiraling Wings,318000.0,f
r771,A donde quiera,229000.0,f
r772,The Torture Never Stops original version,555840.0,f
r773,Introduction,55000.0,f
r774,The Rosd Kill,228066.0,f
r775,Confusion Illusion,,f
r776,Joyrid4,94226.0,f
r777,Husk Jar,425000.0,f
r778,Path of Beauty,341866.0,f
r779,In the Face of Love,282533.0,f
r780,Is That the Way You Look,95506.0,f
r781,Gastando Amor Na Madrugada,,f
r782,Entracte Caesar  Cleopatra,154640.0,f
r783,Have Me5cy,,f
r784,Pra Que Discutir Com Madame,243973.0,f
r785,Across the Breakfas5 Table Looking at You,208933.0,f
r786,Confessions of a Futon‐Revolutionist,134480.0,f
r787,Galanti,,f
r788,BahUBah,203053.0,f
r789,Sirens,55000.0,f
r790,Žalm 65  Ztišením se sluší Tebe chválit,77266.0,f
r791,Glorify the Lord,168000.0,f
r792,Your Love Never Fails,326000.0,f
r793,Cryptorchid,164000.0,f
r794,Los dos contta mí,229000.0,f
r795,Datkgazer,101000.0,f
r796,raize,305133.0,f
r797,Maniac full mix,139000.0,f
r798,Баллигоулан,196000.0,f
r799,Talk of Love c,99000.0,f
r800,Los doa contra mí,229000.0,f
r801,Kibgdom in the Sky,223666.0,f
r802,Gradus ad Parnassum Op 44 No 91 in B major Allegretto piano Marco Sollini,91000.0,f
r803,Kinfdom in the Sky,223666.0,f
r804,Pillows,238080.0,f
r805,Somebody Else Is Taking My Place,448053.0,f
r806,The Mercy Seat,355000.0,f
r807,Baby Lee,171466.0,f
r808,Love Is Everywhere Garage mix,358000.0,f
r809,Rats and Monkeys,204000.0,f
r810,Imagery of Ecstacy Dream Traveler,438173.0,f
r811,Dont Release Me,255893.0,f
r812,Dont Throw It All Away,,f
r813,Empire of Crime,121000.0,f
r814,JA Patrze,239000.0,f
r815,Schelingerov most,240457.0,f
r816,Hes Got the Whole World in His Hands,74933.0,f
r817,Cicale,232000.0,f
r818,Thelonious Monk introduction,21000.0,f
r819,Yad anugah,324000.0,f
r820,I doubt it,205000.0,f
r821,The 2nd War ih Heaven,242000.0,f
r822,Un bout de ro8te,220373.0,f
r823,Un bout de route,220373.0,f
r824,Un bojt de route,220373.0,f
r825,Vole haut,136826.0,f
r826,Waterbug live on Brave New World,324000.0,f
r827,Czy już koniec,147000.0,f
r828,Brightly Burns the Christmas Candle,207400.0,f
r829,Ill See You Around,315000.0,f
r830,Soul and Fire,226600.0,f
r831,№ 2 en tu lista  Contrabando de amor,239400.0,f
r832,Pickup Tryck,205480.0,f
r833,Its Not Unusual,163426.0,f
r834,Its Not Unusual,163426.0,f
r835,Deadly,50826.0,f
r836,Gülen Bebek,355000.0,f
r837,Imps in Eager Caucus,266000.0,f
r838,Who Knows Why,232000.0,f
r839,prison,185000.0,f
r840,Corc,350840.0,f
r841,Herzb|ut 84,339000.0,f
r842,Herzbkut 84,339000.0,f
r843,So I Sayed You Die,218000.0,f
r844,Dont Tell Me What to Do,178600.0,f
r845,Happy Bitthday,236093.0,f
r846,Darkgazer,101000.0,f
r847,Make Me Hihh,205000.0,f
r848,Make Mw High,205000.0,f
r849,Make Me Hjgh,205000.0,f
r850,Dreaming Of U,,f
r851,Putting the Damage On,311880.0,f
r852,HipHop,244025.0,f
r853,Ce garçonlà,207306.0,f
r854,Surviaisten tanssi,188000.0,f
r855,The Vor6ex Void of Inhumanity,141026.0,f
r856,Mother Fist,265000.0,f
r857,No Way,222000.0,f
r858,Dolly Dafger,309133.0,f
r859,Opus 6,289000.0,f
r860,A Town That Isnt There,192400.0,f
r861,Penthou5e Party,74133.0,f
r862,Brighter Tomorrow,206000.0,f
r863,Derniers soupirs,,f
r864,Cocofunkanut,271933.0,f
r865,Automlbiles,140346.0,f
r866,De Dub World,244306.0,f
r867,彩色の虹,319000.0,f
r868,Hes My Guy,253226.0,f
r869,Still I Love Him,,f
r870,FBI,227546.0,f
r871,Treüer Gott ich mus dir Klagen,91000.0,f
r872,Repository of the Damned,259000.0,f
r873,Perfect Girl,283066.0,f
r874,Boys wish,67000.0,f
r875,The Search,297466.0,f
r876,Room 1,,f
r877,Baby Baby,214000.0,f
r878,Thank You,296000.0,f
r879,Trouble in the Amen Corner,182000.0,f
r880,Seelenblues,286866.0,f
r881,Doing Me,228093.0,f
r882,Stop Bajon,260000.0,f
r883,I Wished Who Can Tell Me,213000.0,f
r884,Cheek to Cheek,230866.0,f
r885,Into the Light First Effect mix,460000.0,f
r886,Blues Was the Name of the Song,94000.0,f
r887,Putting the Damage On,311880.0,f
r888,Tosser Up,239000.0,f
r889,Maybe Im a Fool,185000.0,f
r890,Night of the Abyss,161146.0,f
r891,Ab irato  Étude cle perfectionnement S 143,154800.0,f
r892,Retrato de São Paulo,315000.0,f
r893,Ligging at Louis,396960.0,f
r894,Action at the Machine,208000.0,f
r895,Wem Gott will 4echte Gunst erweisen Potpourri,219640.0,f
r896,River Stroll,10000.0,f
r897,I Dont Know Officer,272640.0,f
r898,silence,4120.0,f
r899,Take Me Tonight New Version,243000.0,f
r900,Let the Country Feed You,167600.0,f
r901,Last Chance,254184.0,f
r902,Inanición,67000.0,f
r903,Cargas y deacargas,447560.0,f
r904,Midnight on a Full Moon,114000.0,f
r905,Alman in D,55666.0,f
r906,Guarde Nos Olhos,208893.0,f
r907,All For Nothing,154000.0,f
r908,UP ALL NIGHT,178050.0,f
r909,The Way I Love You,158133.0,f
r910,Chiedimi aiuto,218000.0,f
r911,Fantasiestucke op 12 In der Nacht,237000.0,f
r912,Between the Lines Theme,121066.0,f
r913,Whoch Way to Turn,206000.0,f
r914,Handjes draaien,27224.0,f
r915,Foundstion,250000.0,f
r916,René,304346.0,f
r917,The Meaning of Life,180733.0,f
r918,Scho0ls Out,34000.0,f
r919,Strings of Grass,276626.0,f
r920,Lyrische Suite für Orchester Op 54 III Notturno,260600.0,f
r921,DNA,71240.0,f
r922,Tuning Notes,40000.0,f
r923,untitled,,f
r924,Good News,258093.0,f
r925,Hvad er det du lytter til,228893.0,f
r926,Biosphere,310626.0,f
r927,I Want Yiu,264493.0,f
r928,Peaceful Man,391266.0,f
r929,The Last Ijn,337000.0,f
r930,The Last Inn,337000.0,f
r931,Der Herr ist mein Hirte,281866.0,f
r932,Television Medley Unamerican Bandstand,365466.0,f
r933,Bessere Zeiten,174720.0,f
r934,IHOP,345000.0,f
r935,To Kill a Mockingbird Part 11f,224293.0,f
r936,Carumba,60000.0,f
r937,Alex Du Pfdrd,86000.0,f
r938,Prolicsne,211053.0,f
r939,Bernafas Dakam Lumpur,323000.0,f
r940,Checked Out Early,,f
r941,Final Script For Rodin,360000.0,f
r942,Кровь почва верность и честь,244000.0,f
r943,untitled,190000.0,f
r944,Josephine,221933.0,f
r945,Gave Up,254666.0,f
r946,Atom Bomb Atomix 1,341840.0,f
r947,White Hest,335000.0,f
r948,War Criminal,,f
r949,Ksine Zeit zu weinen,239000.0,f
r950,Trus Fine Mama,284000.0,f
r951,Page,239960.0,f
r952,On Our Own,290000.0,f
r953,Amen,32439.0,f
r954,Soul amd Fire,226600.0,f
r955,Soul and F9re,226600.0,f
r956,Its Never That Easy,380000.0,f
r957,No ruLe Off Vocal,233000.0,f
r958,Hämnden Gällivarevisan,164293.0,f
r959,Hämnden Gällifarevisan,164293.0,f
r960,Fisherman Strawberry and Devil Crab,246333.0,f
r961,Feit originalversjon,162440.0,f
r962,Prologue,150000.0,f
r963,Rolling Thunder Parice Scott Minor remix,206000.0,f
r964,Preludio En La Noche,482000.0,f
r965,Kalashnikov,214000.0,f
r966,Whining Machine,181000.0,f
r967,El Gvapo,148973.0,f
r968,Marathon,334026.0,f
r969,DOG COPS,208630.0,f
r970,幾分,,f
r971,River St4oll,10000.0,f
r972,Back for you,314000.0,f
r973,Cambiando el mundo,341400.0,f
r974,Baby Baby,214000.0,f
r975,Imi place dati drumu,198373.0,f
r976,Hurdy Gurdy Man,374000.0,f
r977,Bad Boy,231000.0,f
r978,Konzert Fdur für zwei Hörner und Orch3ster  Romance  Adagio,221000.0,f
r979,Music For Neighbors,224000.0,f
r980,Autumn Leaves,199000.0,f
r981,Forget to Remember Sunday Mornings,281000.0,f
r982,The Names,225320.0,f
r983,Evaluation,258867.0,f
r984,Leaving Del Norte,117733.0,f
r985,Magie,261800.0,f
r986,Compuyerliebe,311000.0,f
r987,Computer|iebe,311000.0,f
r988,Showdown,144000.0,f
r989,To the Bitter End and Beyond,92000.0,f
r990,Misery,256466.0,f
r991,Rain Falls,,f
r992,I Think Im Sean Justice,115096.0,f
r993,Thief,,f
r994,Daf No Wealtb,307560.0,f
r995,Een sinister schouwspel,138000.0,f
r996,Level Up,37000.0,f
r997,O Maranariello,262934.0,f
r998,Ur askan ett rike,184426.0,f
r999,Till Then,197000.0,f
r1000,Blood Junkie,131000.0,f
r1001,Epic Battle a main,123000.0,f
r1002,Waiting for the Dawn,107000.0,f
r1003,Jag ska se när du brinner,314000.0,f
r1004,Play the Piano With Style,210573.0,f
r1005,Back Among the Old Folks Once Again,,f
r1006,Never Afain,213640.0,f
r1007,Heartbrdaker,668000.0,f
r1008,Friemds,363000.0,f
r1009,There Is a Road,235000.0,f
r1010,Texas Howdy,15000.0,f
r1011,Chopin  Nocturne Op 9 2 Chopin,277320.0,f
r1012,In the Hill5 of Shiloh,220440.0,f
r1013,For Your Will,246840.0,f
r1014,Deliberate On,348506.0,f
r1015,Messiah Part II Thy Rebuke Hath Broken His Heart,97000.0,f
r1016,Face 0f a Fighter,201000.0,f
r1017,Face of a Fughter,201000.0,f
r1018,Halovo vodítko 1,77773.0,f
r1019,Canario rehearsal out‐take,142986.0,f
r1020,Revertigo,,f
r1021,Along Third Street,528300.0,f
r1022,Get the Picture,116000.0,f
r1023,If I Could Move Mountains  Majesty and Awe,461000.0,f
r1024,Ode for St Cecilias Day HWV 76 Overture Minuet,74546.0,f
r1025,Passion,278906.0,f
r1026,Γεννιέται απόψε ο Χριστός acouztic version,,f
r1027,Michelle,470306.0,f
r1028,The 2nd War in Heaven,242000.0,f
r1029,Random Thoughts,112000.0,f
r1030,Συννεφιασμένη Κυριακή,165360.0,f
r1031,Boss Bat6le Lufia II,206186.0,f
r1032,Super Seven,303266.0,f
r1033,Los dos contra mí,229000.0,f
r1034,B Sharp Blues,167000.0,f
r1035,The Gilis Voyage Ketu remix,550453.0,f
r1036,Elizabeth,,f
r1037,Back and Forth,208000.0,f
r1038,The Exquisite Flavor of GastroAnal Tripe,174426.0,f
r1039,New York Ai4port original mix,537000.0,f
r1040,Drogenabhängig,198000.0,f
r1041,Unholy Sky,160000.0,f
r1042,SWonderful,371866.0,f
r1043,Youve Gotta Have Lobe in Your Soul,169000.0,f
r1044,Fruits of My Lab9r,275000.0,f
r1045,Head On,155600.0,f
r1046,Křížaly housle a půlměsíc,259000.0,f
r1047,Dritter Teil „Sturmherz Kapitel 22 „Durch das Sommertor Teil 5,208000.0,f
r1048,Così ti amo,266360.0,f
r1049,Prayirig in Fire,428440.0,f
r1050,Mother Eartn a,195000.0,f
r1051,untitled,9520.0,f
r1052,One Thrill Fool,229000.0,f
r1053,Kamasutra 'ln Love,133000.0,f
r1054,Tout Vs Bien B,60000.0,f
r1055,Tout Va Bieb B,60000.0,f
r1056,Toit Va Bien B,60000.0,f
r1057,Chop Sockey Battle,66000.0,f
r1058,Lady Lai,298000.0,f
r1059,Bruhmilda,183147.0,f
r1060,Carnival,82093.0,f
r1061,Im a Liar,196226.0,f
r1062,Houseskipper,186000.0,f
r1063,Med9terráneo,19000.0,f
r1064,One Minute More,168000.0,f
r1065,2b 200,102000.0,f
r1066,Key of Life Gio and Kemper club mix,519000.0,f
r1067,丘にのぼりて,219000.0,f
r1068,I Still Love You,120000.0,f
r1069,Bruhmilda,183147.0,f
r1070,Version,218000.0,f
r1071,Take Me Down,189506.0,f
r1072,Snameless,306000.0,f
r1073,Dirty Love,259000.0,f
r1074,Digital Dream Analohoue at 46hz by Icon of Coil,,f
r1075,Ingenting og festfyldt,287573.0,f
r1076,Work It Oug,168346.0,f
r1077,Floyd The Barber,141000.0,f
r1078,Tank,248600.0,f
r1079,Intro anf Birds,226800.0,f
r1080,Bonjour,48000.0,f
r1081,A tak já v tom zase lítam,113000.0,f
r1082,Jay Macks Crib 2nd Version,,f
r1083,Rock Head Man,152000.0,f
r1084,The Stepping Stone  An tSeanbhean Bh9cht,242946.0,f
r1085,Dado Sado vefsjon,213200.0,f
r1086,Guarda che luna,209000.0,f
r1087,UnEasy Dods It,248000.0,f
r1088,I Will Arise and Go to Jesus Come Ye Sinners Poor and Needy,252640.0,f
r1089,Kun rakkaus voittaa,199000.0,f
r1090,Ce qui trouble les hommes ce ne sont pas les choses mais,46546.0,f
r1091,Ludicrous,237600.0,f
r1092,Blackdot,235666.0,f
r1093,Hymn ur Finlandia,138906.0,f
r1094,Sen när blev vi ett grindband,,f
r1095,Kalqshnikov,214000.0,f
r1096,Hive,225306.0,f
r1097,Rzuć ją Johny,92000.0,f
r1098,Il mio nome è Nessuno Più delle Walkirie,140640.0,f
r1099,Another mile New version,,f
r1100,Around The World,243000.0,f
r1101,Rosalia,168000.0,f
r1102,The Coming of Ebony Skies,,f
r1103,Hardcore Like Bob Storer,258000.0,f
r1104,Finnegans Wske,134066.0,f
r1105,Look at Me Millions of People,216000.0,f
r1106,Floyd The Barber,141000.0,f
r1107,Wholl Bear Shame,186000.0,f
r1108,Авиация и артиллерия,269000.0,f
r1109,SOS Fire in the Sky,241360.0,f
r1110,Nightly Report s6inger,5000.0,f
r1111,Symphony no 2 in D majeur op 73 I Allegro non troppo,887000.0,f
r1112,Make Me Feel,255000.0,f
r1113,Este Son,350666.0,f
r1114,Rising From the Sea,326773.0,f
r1115,We Will Follow,249000.0,f
r1116,Princesx Ida Act III When anger spreads his wing Chorus,80200.0,f
r1117,Doin Fine,,f
r1118,Princess Ida Act III Wyen anger spreads his wing Chorus,80200.0,f
r1119,Princess Ida Act III When anger spreads his wing Chorus,80200.0,f
r1120,Piece of ass,219640.0,f
r1121,Lizard P0int,239173.0,f
r1122,Winter Song,287000.0,f
r1123,Скорость,203000.0,f
r1124,Mayumi,447000.0,f
r1125,Twenty,142933.0,f
r1126,How to Use the Dickens Pattern 13,,f
r1127,Where the Rose Is Sown single version,251093.0,f
r1128,The Fields of St Etienne,238440.0,f
r1129,Lena 60,181320.0,f
r1130,Another Day,188305.0,f
r1131,Down,194000.0,f
r1132,Anna,317640.0,f
r1133,The Beautiful People,377000.0,f
r1134,Long Train Runnin,221160.0,f
r1135,Berle  Omnivorous,368213.0,f
r1136,Jerusalem,167360.0,f
r1137,Same Order,172800.0,f
r1138,Dinosaurs Dear Friends,185800.0,f
r1139,The Tracks of My Tears,178000.0,f
r1140,Oue Last Meeting,65985.0,f
r1141,Prêts à tomber,193466.0,f
r1142,I Was Wrong,181000.0,f
r1143,Ghettoleute,241000.0,f
r1144,Plain Old Downhome Blues,185173.0,f
r1145,Mensa Dance Squae Parts 15,,f
r1146,The Sheil of Scrubby Crerk,143400.0,f
r1147,The Sh3il of Scrubby Creek,143400.0,f
r1148,DalJani Välta,428000.0,f
r1149,House Hop,150573.0,f
r1150,Bay Bridge,398000.0,f
r1151,Mecca,263666.0,f
r1152,Aşkım,,f
r1153,Understandable Smooth,246000.0,f
r1154,Logan Closes His Eyes,39000.0,f
r1155,Mensa Dance Squad Parts 15,,f
r1156,She,177000.0,f
r1157,silence,6000.0,f
r1158,Blessing in Disguise,145000.0,f
r1159,Hold That Sucker Down Dual Bass Rock club mix,154266.0,f
r1160,silence,13000.0,f
r1161,Comic Motion,65000.0,f
r1162,Æblemand karaoke version,197000.0,f
r1163,Run Baby Run,294373.0,f
r1164,Quartet for Piano Violin Viola and Cello in D major WoO 36 No 2 I Allegro modrrato,306866.0,f
r1165,Gloomy,289000.0,f
r1166,Buried on 41st St,215173.0,f
r1167,Me and My Horses,388280.0,f
r1168,Alex Du Pferd,86000.0,f
r1169,Mr Pinochet,,f
r1170,Angel club mix,293466.0,f
r1171,The Bare Necessities,220640.0,f
r1172,Eu Preciso De Voce,127000.0,f
r1173,Flor nocturna,228293.0,f
r1174,Horrorous State of Anatomical Decomposition,187000.0,f
r1175,18th Century ReachAround,180000.0,f
r1176,Com Que Roupa,171066.0,f
r1177,Valtatie,191000.0,f
r1178,Beggar Sincere,164000.0,f
r1179,Zing een Lied,216000.0,f
r1180,Oda a la cerveza,,f
r1181,By the Waters Edge b,8000.0,f
r1182,En jager gik at jage,146000.0,f
r1183,Hvad er det du lytter til,228893.0,f
r1184,Hvad er det eu lytter til,228893.0,f
r1185,Hvad er det du lyttee til,228893.0,f
r1186,Youve Got to Have Freedom Patchworks remix,350000.0,f
r1187,Coastal,322693.0,f
r1188,MC,254000.0,f
r1189,Breath of Heaven,324653.0,f
r1190,Prefiation,590000.0,f
r1191,Schutzpatron 24,215000.0,f
r1192,One More Work Song Blues,,f
r1193,White Crow Birds Nest  White Crow,156733.0,f
r1194,Not Done Yet 60 second,66000.0,f
r1195,Weit hinab den Fluss,84000.0,f
r1196,Adrenalin,331813.0,f
r1197,Sind otsides,189000.0,f
r1198,In Dreams,259000.0,f
r1199,Carnaval mayor,,f
r1200,Matt,211000.0,f
r1201,海へ,72000.0,f
r1202,Hevi doze,150000.0,f
r1203,Idler,205000.0,f
r1204,Bombay Shuffle,126000.0,f
r1205,Mighty Like the Blues,415000.0,f
r1206,Private Meeting,127093.0,f
r1207,Tapeunderlaget på ball by x y z,93933.0,f
r1208,How Sweet It Is To Be Loved by You,208800.0,f
r1209,Visit Me,359000.0,f
r1210,Cantiga 166,186000.0,f
r1211,Cantiva 166,186000.0,f
r1212,Don Juan,176000.0,f
r1213,Children,218000.0,f
r1214,Casino Q8een,200000.0,f
r1215,True Love,192626.0,f
r1216,Summers Almost Gone,170680.0,f
r1217,untitled,30000.0,f
r1218,Power Up,37000.0,f
r1219,Ronnie Hawkins,234000.0,f
r1220,New Lives,172000.0,f
r1221,Me  Mrs,59000.0,f
r1222,幾分,,f
r1223,Flossiyy,367000.0,f
r1224,Flo5sity,367000.0,f
r1225,Flossity,367000.0,f
r1226,Gi Eu Ischto,509000.0,f
r1227,silence,6000.0,f
r1228,Niño p,98000.0,f
r1229,Dritter Teil „Sturmherz Kapitel 23 „Durch das Sommertor Teil 5,208000.0,f
r1230,Hundred Feet So Inagawa rsmix,355000.0,f
r1231,Novi dani,212000.0,f
r1232,Six Years,223936.0,f
r1233,Courir après la vie,225000.0,f
r1234,Hijo de la luna,248600.0,f
r1235,Verdammt ich lieb Dich,220000.0,f
r1236,Historic Site Of Scenic Beauty 1,179960.0,f
r1237,Matchlwss Name,229453.0,f
r1238,Matchles5 Name,229453.0,f
r1239,Start Again,193026.0,f
r1240,Just Ask Youe Heart,146373.0,f
r1241,Zoals een mooi verhaal,,f
r1242,Single Single,370100.0,f
r1243,Superman Its Not Easy,222173.0,f
r1244,rise,329066.0,f
r1245,Sketch a nice cup of tea,56000.0,f
r1246,What People Are Made Of,134000.0,f
r1247,True Finr Mama,284000.0,f
r1248,カラフル☆DRIVE,252400.0,f
r1249,Dreaming,247000.0,f
r1250,BBoy on Wax instrumental,246960.0,f
r1251,Meetings,132000.0,f
r1252,You Make My Dreams,194373.0,f
r1253,Castle Rock,212000.0,f
r1254,アキハバラマーチ,121386.0,f
r1255,Vectors in F8ll Colors,141560.0,f
r1256,Haderian Hadera,221666.0,f
r1257,Schutzpatr0n 24,215000.0,f
r1258,Cuéntame,188000.0,f
r1259,Leave It All Behlnd,353000.0,f
r1260,Slowly,212000.0,f
r1261,Scarrans Arrive,158813.0,f
r1262,Friends,363000.0,f
r1263,The Postman Chapter 1 Part 28,314514.0,f
r1264,A Man With a Box,212133.0,f
r1265,1 Thing Trippin mix,256000.0,f
r1266,silence,3000.0,f
r1267,This Bouquet,130000.0,f
r1268,Un garçon oreinaire,,f
r1269,Southtown,247000.0,f
r1270,I Ran,331946.0,f
r1271,Fruits of My Labor,275000.0,f
r1272,De lautre côté,333773.0,f
r1273,Love Come Down,243600.0,f
r1274,For Katie Asleep on the Bus,308586.0,f
r1275,You Make M4 Feel Brand New,312106.0,f
r1276,Together,215000.0,f
r1277,I Ain5 Mad at Nobody,161000.0,f
r1278,Meidän talomme,233867.0,f
r1279,El Guapo,148973.0,f
r1280,Ferry Cross the Mersey,338613.0,f
r1281,Hey Love Classixx remix,,f
r1282,Guitar Lick,16000.0,f
r1283,Livin on the Edge,330000.0,f
r1284,Vampire,209000.0,f
r1285,Hör besser hin,256000.0,f
r1286,Mit den Ärschen 2002,219000.0,f
r1287,POP STEP GIRL,123000.0,f
r1288,Sugar Mice,181066.0,f
r1289,Sugar Mics,181066.0,f
r1290,わすれ名草Vergiasmeinnicht,299920.0,f
r1291,Do What You Wanna Do 93 demo,175000.0,f
r1292,Sand Orchestra,54496.0,f
r1293,Konzert für Klavier und Orchester op 33 B63 gmoll III Finale,714720.0,f
r1294,Promote Your Scherbenhaufen,93000.0,f
r1295,Auf Wiedersehen,271000.0,f
r1296,På TV,261279.0,f
r1297,Si te contara,217733.0,f
r1298,Psalm VI,132160.0,f
r1299,ふぁいらじっアーカイブ2,602000.0,f
r1300,Machines Pr0grammed by Genes,317840.0,f
r1301,One For Dallas,183053.0,f
r1302,Electric Logo 8,15000.0,f
r1303,Tear the Place Up,179000.0,f
r1304,Prickel Pit live,219000.0,f
r1305,You Make Me Feel Brand New,312106.0,f
r1306,Aria of Chinese Tea,740000.0,f
r1307,Aria of Chiriese Tea,740000.0,f
r1308,Priciel Pit live,219000.0,f
r1309,Yes We Can,348000.0,f
r1310,Voices,144906.0,f
r1311,We Are Wsiting,225533.0,f
r1312,Dont Give A Damn Justin Timr Remix,327000.0,f
r1313,Dont Give A Damn Justiri Time Remix,327000.0,f
r1314,Like a Rolling Stone,731000.0,f
r1315,Past Present and Future a,30000.0,f
r1316,Drifters Escape,172160.0,f
r1317,Be Good or Be Gone,142160.0,f
r1318,La dobna riccia,153840.0,f
r1319,Verdoof Vergiftig Verskoon My,186000.0,f
r1320,約束,206573.0,f
r1321,Åt samma håll,,f
r1322,Taikausko,253000.0,f
r1323,Lover Man,293000.0,f
r1324,黒衣の男,131000.0,f
r1325,TSUBASA,299000.0,f
r1326,Behind the Headlines 30 second version,30000.0,f
r1327,Schaukelschiff,269493.0,f
r1328,Intro,107360.0,f
r1329,Ton papa,177000.0,f
r1330,Embrace My Affliction,256000.0,f
r1331,The Fairy Queen Act III Dance for the Fairies,83960.0,f
r1332,If Youre Seeking Freedom,146573.0,f
r1333,Sanctus,144626.0,f
r1334,Therapy Room,318000.0,f
r1335,Draggin Tale,112000.0,f
r1336,untitled,261000.0,f
r1337,Apart EZLV renix,359240.0,f
r1338,小四,274000.0,f
r1339,15 Poliisia,117000.0,f
r1340,Love,160293.0,f
r1341,Nu ska det bli ändring,204333.0,f
r1342,Pinocchio,113066.0,f
r1343,Always,217400.0,f
r1344,The Hill of Leopards,128000.0,f
r1345,The Hill of Lelpards,128000.0,f
r1346,Must Persevere,116000.0,f
r1347,Lágrimas y lluvia,216560.0,f
r1348,O Que É Icho,,f
r1349,Voices,199000.0,f
r1350,Feel Tye Way I Do,246160.0,f
r1351,Hey Love Classixx remix,,f
r1352,Rzuć ją Jogny,92000.0,f
r1353,Umrek,234000.0,f
r1354,Umeek,234000.0,f
r1355,Susans Song,357333.0,f
r1356,Всегда Со Мной,115773.0,f
r1357,Youve got a Way,328893.0,f
r1358,Quand un homme devient fou,370000.0,f
r1359,Sin penas ni glorias,235453.0,f
r1360,Sugarbowl,131000.0,f
r1361,Luna de cabotaje,269266.0,f
r1362,Country Heart 15 second version,15000.0,f
r1363,Section 8,321053.0,f
r1364,Youve Gotta Havw Love in Your Soul,169000.0,f
r1365,Praying in Fire,428440.0,f
r1366,Lux Occulta II,304000.0,f
r1367,Its Only Money,,f
r1368,Vicious Corcle,77000.0,f
r1369,Another Way of Loving You,218000.0,f
r1370,Feel Better Granite mix,470000.0,f
r1371,Не расставайтесь,224360.0,f
r1372,Uti vaar Hage,163000.0,f
r1373,Funky Soul,40000.0,f
r1374,علمتني,221000.0,f
r1375,Navi Hometree Chant 2,13320.0,f
r1376,Soldier of Lovr live,174160.0,f
r1377,Soldier of Love live,174160.0,f
r1378,Its Not Unusual,163426.0,f
r1379,Take Forever At5aque remix,326775.0,f
r1380,Whoppers 2,12666.0,f
r1381,Sweet Pain,300560.0,f
r1382,ハートフェルトファンシー,260000.0,f
r1383,Miss Harper Goes Bizarre,208000.0,f
r1384,Morgen Schüchternste Dämmerung,963000.0,f
r1385,empty snile,99000.0,f
r1386,empty smile,99000.0,f
r1387,Létající Čestmír Motiv holiče III,59000.0,f
r1388,Curiosity,251066.0,f
r1389,So Savage the Heart,238826.0,f
r1390,Dark Side,181426.0,f
r1391,The Real Thing Touch mix,337373.0,f
r1392,Sailor D5eams,144000.0,f
r1393,Yöniiiusta tango,151000.0,f
r1394,Violence in Red A Violins Story,249000.0,f
r1395,So Many Wonders x Cantarella,,f
r1396,Die Like Us,206000.0,f
r1397,F9sherman Strawberry and Devil Crab,246333.0,f
r1398,Undying,365000.0,f
r1399,The Hobo Song,204240.0,f
r1400,Macešky,129000.0,f
r1401,Sweets dor My Sweet,,f
r1402,The Way That You Love Me,262160.0,f
r1403,The Bends Rmx,809120.0,f
r1404,Killing the Humanrace,79000.0,f
r1405,Im a Rover,259880.0,f
r1406,Trust in You,286706.0,f
r1407,Neden Benim,,f
r1408,Sunset Killer,197000.0,f
r1409,Sleepless,237000.0,f
r1410,思い出,106000.0,f
r1411,Shenandlah,247800.0,f
r1412,Biblical Sonata No 4 Hezekiah Dying and Restored to Health 2 Kings 20 II His Confidence in God,94066.0,f
r1413,Same Old Thang,290000.0,f
r1414,Die Meistersinger von Nürnberg Akt III Szene V Sankt Krispin lobet ihn Schu5ter Schneider Bäcker Lehrbuben,250880.0,f
r1415,Endless Highway,310493.0,f
r1416,Another Day,118320.0,f
r1417,Gallarda di Venosa,145933.0,f
r1418,Halovo vodítko 1,77773.0,f
r1419,Sworn and Broken,214440.0,f
r1420,JAPANESE GIRL,151800.0,f
r1421,Always Christmas,271880.0,f
r1422,Waiting for Today to Happen,214333.0,f
r1423,Telegraph Express,272000.0,f
r1424,Soldiet of Love live,174160.0,f
r1425,The Strangest Callings,357093.0,f
r1426,Intro,489333.0,f
r1427,The Music Still Plays On,236000.0,f
r1428,Veni Mecum,,f
r1429,Perceptual Isolation,421785.0,f
r1430,Confusion Illuxion,,f
r1431,Confusion Illision,,f
r1432,La canzone di Tom,307333.0,f
r1433,Il guerriero,218000.0,f
r1434,Dolly Dagger,309133.0,f
r1435,Alone,270693.0,f
r1436,Do the Dog,183880.0,f
r1437,Goodn:ght Now,,f
r1438,Transvestite Dance,,f
r1439,Missibg Darla,318840.0,f
r1440,Yaar Mera Kho Gaya,463000.0,f
r1441,Tell HerTell Him,,f
r1442,Joyride,94226.0,f
r1443,Hallo liebe Oma,181000.0,f
r1444,Movin On,,f
r1445,Ashes Turn to Stone,246000.0,f
r1446,Misery and Harmony,140240.0,f
r1447,Take My Hand Prexious Lord,181840.0,f
r1448,Grandes días,234773.0,f
r1449,Calm Me Down Second Single,145000.0,f
r1450,Ποια ζωή να ζήσω,256000.0,f
r1451,One Day,227000.0,f
r1452,Trip Trigger,315000.0,f
r1453,Silent NovemberIt Aint So remix,223000.0,f
r1454,Non Non Rien a Changé,167000.0,f
r1455,The Little Diamond Polka,35000.0,f
r1456,Schaukelschiff,269493.0,f
r1457,Schaukel5chiff,269493.0,f
r1458,Tswak Stick Em,,f
r1459,Altnorwegische Romanze mit Variationen op 51  9 Andante molto tranquillo,117560.0,f
r1460,Mury 87 Podwórko,188000.0,f
r1461,Murt 87 Podwórko,188000.0,f
r1462,Jingle Bells,167715.0,f
r1463,Louises Mavedans,207000.0,f
r1464,For Katue Asleep on the Bus,308586.0,f
r1465,Mooi was die tijd  Maar vanavond heb ik hoofdpijn,253000.0,f
r1466,Another Day,188305.0,f
r1467,Album Snippets,174000.0,f
r1468,Absovrdo,261000.0,f
r1469,Absoureo,261000.0,f
r1470,Im Sorry,180000.0,f
r1471,Chapter 7 Journal 2 – Denduron Part 37,50000.0,f
r1472,Tsukubai Part VI,254000.0,f
r1473,Two Thousand Miles From Here,389000.0,f
r1474,Sin perdón,306000.0,f
r1475,Tanzverbot Schill to Hell,207080.0,f
r1476,Dont Blink Or We May Miss It,229013.0,f
r1477,Lingering Stratos,362960.0,f
r1478,Beyond the Logic of Consumers,424000.0,f
r1479,We Live for the Music,208000.0,f
r1480,The Wound That Wont Heal People Theatre Pansement remix,317000.0,f
r1481,Dont Blink Or We Mwy Miss It,229013.0,f
r1482,Heartbreaker,668000.0,f
r1483,Keine Zeit zu weinen,239000.0,f
r1484,Ocean,228120.0,f
r1485,Alex Du Pderd,86000.0,f
r1486,Stedrej Vecer Nastal full mix,30000.0,f
r1487,Trust in You,286706.0,f
r1488,Music Break,73706.0,f
r1489,Bessonnitsa,238626.0,f
r1490,Altered,271000.0,f
r1491,Gun Shy,,f
r1492,Hän lähtee tan5siin,225000.0,f
r1493,Hän lähtee tarissiin,225000.0,f
r1494,Master of All Masters,195000.0,f
r1495,The Last Kiss,223600.0,f
r1496,Make a List Make a Wish,588600.0,f
r1497,Mein Leben,233000.0,f
r1498,Acis Pit,406000.0,f
r1499,Shiwdown,144000.0,f
r1500,Flashdance original club mix UK radio version,405826.0,f
r1501,Box Elder,146773.0,f
r1502,Out of the Blue,233000.0,f
r1503,Du Reisst Mir Meine Federn Aus,229000.0,f
r1504,Carnaval mayor,,f
r1505,request the style,273438.0,f
r1506,Niñl 0,98000.0,f
r1507,Move Any Mountain Land of Oz,343000.0,f
r1508,Sorrow,242840.0,f
r1509,Spirit of the Man,,f
r1510,Rusted Laundry,146000.0,f
r1511,Trapped Under the Sky,303000.0,f
r1512,Friends in Low Places,507000.0,f
r1513,往天涯的盡頭單飛,294000.0,f
r1514,Simon Says,134000.0,f
r1515,Simom Says,134000.0,f
r1516,Next Time You See Me,290000.0,f
r1517,Backyard Jam,267786.0,f
r1518,The Coo|inJamie Allen,173320.0,f
r1519,De profundis op 67 Meno largo molto tranquillo ,253000.0,f
r1520,The Best,250000.0,f
r1521,Atlantis,407827.0,f
r1522,Intro,68000.0,f
r1523,Siamsa,272360.0,f
r1524,Way Down Yonder In New Orleans,184000.0,f
r1525,Firebird Suite IX Rondo Corovod,252773.0,f
r1526,Capítulo 14,58853.0,f
r1527,神々LOOKS YOU,291000.0,f
r1528,Things,153600.0,f
r1529,I Husgle,250000.0,f
r1530,Charpentier des cimes,257493.0,f
r1531,Im the King,,f
r1532,Introduction Theme and Variayions in F minor op 102,865776.0,f
r1533,Lullaby for the Wind,393666.0,f
r1534,One Fine Morning,263000.0,f
r1535,Words,355960.0,f
r1536,The Door,345146.0,f
r1537,Its Alright,331000.0,f
r1538,The Do9r,345146.0,f
r1539,Wir gehörn doch zusammen,205000.0,f
r1540,Fear My Thoughts,310200.0,f
r1541,Perfume de gardenias,,f
r1542,Wol auff wir weilen s|auffen,184706.0,f
r1543,Taksi Fahrn in Istanbul,188426.0,f
r1544,France,132000.0,f
r1545,Blues in the Night,270640.0,f
r1546,Koala Cunt,138786.0,f
r1547,Heat of the Night,356000.0,f
r1548,Thats Easy for You to Say,192866.0,f
r1549,Sideways Tree,346173.0,f
r1550,Out of the Blue,233000.0,f
r1551,The Pope,94333.0,f
r1552,untitled,606440.0,f
r1553,Fancy Dancer,211706.0,f
r1554,Good Enough to Keep Air Mail Special 1st version  alternate take,177360.0,f
r1555,Stormy Weather,255106.0,f
r1556,Like a Rolling Stobe,731000.0,f
r1557,Im a Liar,196226.0,f
r1558,Quem tem medo de brincar de amor,213426.0,f
r1559,Im a Liat,196226.0,f
r1560,Leave Me Alone,249000.0,f
r1561,Ta Ta,,f
r1562,Dont let me down feat Prune,277781.0,f
r1563,Wild Boys,322560.0,f
r1564,Toon,158773.0,f
r1565,Lanima pagliacciona,209000.0,f
r1566,For Whom rhe Bell Tolls live,260000.0,f
r1567,Ohuella langalla,230000.0,f
r1568,Darlin,231000.0,f
r1569,Scaree,526720.0,f
r1570,Scaref,526720.0,f
r1571,Ambient Kinsky,242000.0,f
r1572,Time,220850.0,f
r1573,Linger A3hile,190000.0,f
r1574,No Turning Back,254000.0,f
r1575,Beats Upon Your Brain,185000.0,f
r1576,Polka Dots  Moonbeams,285000.0,f
r1577,The CoolinJamie Ailen,173320.0,f
r1578,Annie B,164626.0,f
r1579,The Real Thing Toich mix,337373.0,f
r1580,2 AM Smooth,164000.0,f
r1581,Mummy,319266.0,f
r1582,Hurricane Jane,272000.0,f
r1583,Surprised by the Joy,337840.0,f
r1584,Villa Carfax,234000.0,f
r1585,Sol9tude,215840.0,f
r1586,SEX MACHINEGUN,607000.0,f
r1587,Its Time,403000.0,f
r1588,Track 07,182000.0,f
r1589,Kontrola Bas Mooy remix,365977.0,f
r1590,Sleeping Pills,237000.0,f
r1591,Gorgeous Nightmare,196000.0,f
r1592,Dzīvot No Mīlas,324853.0,f
r1593,La Figuereta,136000.0,f
r1594,My Brain Is in the Cupboard Above the Kitchen Sink,211000.0,f
r1595,Adão e Erva,,f
r1596,TOMORROW,,f
r1597,Mille Anni Passi Sunt,404000.0,f
r1598,Je técris de sur la lune,262640.0,f
r1599,Dark Side,259466.0,f
r1600,Pan and Syrinx Gentle Cupid aid my pleasure,179000.0,f
r1601,Underhand,120000.0,f
r1602,Concert for Munich,295866.0,f
r1603,Sie kann wunderbar lächeln,167000.0,f
r1604,True Fine Mama,284000.0,f
r1605,VIP,147000.0,f
r1606,Me and My Horses,388280.0,f
r1607,Man in Black,393120.0,f
r1608,Right or Wrong,158000.0,f
r1609,The BeBop Irishman,218000.0,f
r1610,How Sweet It Is To Be Loved by You,208800.0,f
r1611,Handjes draaien,27224.0,f
r1612,Im Not Going Home Gatecrasher vocal mix,213000.0,f
r1613,Shes Never Around,229000.0,f
r1614,Shotgun Kiss live,263000.0,f
r1615,Kuinka tietää v0in,219000.0,f
r1616,The Black Tree Feat Lydia Cole,220000.0,f
r1617,The Little Diamond Polka,35000.0,f
r1618,The Pith of Avaris Story,436533.0,f
r1619,Foolish Dancer,,f
r1620,Principe de los dolidos,263000.0,f
r1621,Der Gruftwächter,546000.0,f
r1622,Bad Boy,231000.0,f
r1623,Bruises,269853.0,f
r1624,This Is the Carter,276080.0,f
r1625,St Louis Blues,,f
r1626,神官・ザガート,87000.0,f
r1627,Lament of Love,204360.0,f
r1628,Bonjour,48000.0,f
r1629,Funkenmord 160,184000.0,f
r1630,Henry V Suite 2 Passacaglia The Death of Falstaff,178600.0,f
r1631,うつし絵,323000.0,f
r1632,Nobody Loves You The Way I Do,363000.0,f
r1633,Black Bomberman,189270.0,f
r1634,Information Is Power,283000.0,f
r1635,Denn9s,275000.0,f
r1636,Take a Look Around 30 second version,30000.0,f
r1637,The Hardest Time,192933.0,f
r1638,Boys,160000.0,f
r1639,ニコルのピアノ 春のテーマ,150000.0,f
r1640,Fired Up,206000.0,f
r1641,Praying in Fire,428440.0,f
r1642,Prayinh in Fire,428440.0,f
r1643,Autumn Moon,162000.0,f
r1644,Words of Silence,70640.0,f
r1645,Capítulo 14,58853.0,f
r1646,Dear John,244000.0,f
r1647,Carumba,60000.0,f
r1648,Kiss Mvself,391653.0,f
r1649,Kiss Myxelf,391653.0,f
r1650,Baroque Ensemble No 2,467000.0,f
r1651,Thanks a Lot,156840.0,f
r1652,Ikh ken tsvey zayn,334000.0,f
r1653,Always Retvrning,244400.0,f
r1654,The Gauntlet,163253.0,f
r1655,Work It Out,168346.0,f
r1656,Mir,497000.0,f
r1657,Suite from Khovanshcina Prelude and Dance of Persian Slaves Prelude und Tanz der persischen Sklaven,488093.0,f
r1658,Hawaiian Saucers,,f
r1659,Cheesrball,299560.0,f
r1660,Ravers of the Lost Funk,676000.0,f
r1661,Indian Loop,425000.0,f
r1662,Quartet for Piano Violih Viola and Cello in D major WoO 36 No 2 I Allegro moderato,306866.0,f
r1663,Carpe diem,273000.0,f
r1664,Chop Sockey Battlw,66000.0,f
r1665,Good Luck Charm,166000.0,f
r1666,Stars for the Sun,191453.0,f
r1667,Concerto no 5 in B major BWV 1050 III Allegro,311573.0,f
r1668,Good Lovin,223000.0,f
r1669,Melós,239000.0,f
r1670,Clock 2002 demo of Dorian Grey Theater Music,96000.0,f
r1671,God Bless America with My Country Tis of Thee,188000.0,f
r1672,Private Meetihg,127093.0,f
r1673,Synthesis,393893.0,f
r1674,Ipagpatawad Mo,240000.0,f
r1675,Heiliger Krieg,290000.0,f
r1676,A Fool No More,272026.0,f
r1677,Faceless Dirty Bedroom Folk,189000.0,f
r1678,Cozy Campfire Collage 15 second vetsion,15000.0,f
r1679,Piano Sonata in Bflat major D 960 III Scherzo Allegro vivace con delicatezza,245066.0,f
r1680,Nothing,274466.0,f
r1681,Tswak Stick Em,,f
r1682,Toxic,242000.0,f
r1683,Wintersong,255000.0,f
r1684,An Oncoming Train,234000.0,f
r1685,Til Wr Meet Again,110000.0,f
r1686,Drink and be satisfied,135760.0,f
r1687,In the Hills of Shiloh,220440.0,f
r1688,Psalm VI,132160.0,f
r1689,Triada ke vale,320866.0,f
r1690,Death by Bar1>er Part 1 Haircut Zero,196000.0,f
r1691,Cozy Campfire Collage 15 second version,15000.0,f
r1692,El pequeño Brooklyn,,f
r1693,Principe de oos dolidos,263000.0,f
r1694,The Door,345146.0,f
r1695,Dark Moon Risin,247000.0,f
r1696,The Son of Amon Ra,242000.0,f
r1697,The Search,297466.0,f
r1698,Good Times,190000.0,f
r1699,You,268696.0,f
r1700,O Criador Par Esp MartNália,205960.0,f
r1701,For Eternity,287040.0,f
r1702,1107 PM,250360.0,f
r1703,For Katie Asleep on the Bus,308586.0,f
r1704,Hard to Handle,237000.0,f
r1705,Arkansss,181800.0,f
r1706,Einst Freunde,295093.0,f
r1707,Feu follet,265306.0,f
r1708,Candle in the Wind,229533.0,f
r1709,Dolly op 56 I Berceuse,149000.0,f
r1710,Long Tall Sally The Thing,121000.0,f
r1711,Sonata for Violib and Piano No 5 in F major Op 24 Spring III Allegro molto,69000.0,f
r1712,Collaterai Damage live at Faces RI,,f
r1713,radio dialog,160000.0,f
r1714,Lovers Dub h,60000.0,f
r1715,Adventures of Huckleberry Finn Closing Scene,,f
r1716,Adventures of Hucklenerry Finn Closing Scene,,f
r1717,Adventures of Hucklsberry Finn Closing Scene,,f
r1718,Danny Boy,197000.0,f
r1719,Loneliness,233733.0,f
r1720,Heauen,73000.0,f
r1721,Lonelinesz,233733.0,f
r1722,Loneliness,233733.0,f
r1723,¡Ay andar,295173.0,f
r1724,Har Du Knoklet Som En Djævel,233893.0,f
r1725,Dji,166000.0,f
r1726,silence,4040.0,f
r1727,Vicla,241000.0,f
r1728,Pale H9rse,,f
r1729,Schools Out,34000.0,f
r1730,Exercise 25,110746.0,f
r1731,Dance With the Guitar Man,158000.0,f
r1732,Just One More Day,243000.0,f
r1733,John Jacob Jingleheimer Schmidt b underscore,62000.0,f
r1734,Burn It Down,200000.0,f
r1735,No Card,87000.0,f
r1736,Creation,197000.0,f
r1737,Opisthoproctidae,499000.0,f
r1738,Subterrestrial,194000.0,f
r1739,Tina Threatens,29893.0,f
r1740,Swap Original,390000.0,f
r1741,Song Cycle,330066.0,f
r1742,Duelling Bongos,177906.0,f
r1743,Cuéntame,188000.0,f
r1744,Cuéntame,188000.0,f
r1745,Devil Child,335826.0,f
r1746,Chapter 5 Deadline Part 2,183386.0,f
r1747,The Great Indoors,172000.0,f
r1748,Luminous Mysteries,1422933.0,f
r1749,Chytila jsem na pasece motýlka,,f
r1750,Snow Ray,174000.0,f
r1751,Daf No Wealth,307560.0,f
r1752,Lets Go to Bed Early,211173.0,f
r1753,Lazy Summer Day Clearwater Beach del Mar Bar mix,438000.0,f
r1754,Call Upon Your Gods,297120.0,f
r1755,Color Bars,139800.0,f
r1756,Life,224000.0,f
r1757,From Holbergs Time op 40 V Rigaudon Allegro con brio,222160.0,f
r1758,Saint Louis Blues,208000.0,f
r1759,Cool People Skit,4000.0,f
r1760,Paint Your Wagon demo,140000.0,f
r1761,Sizzle Platter 30 second version,,f
r1762,Dents,334906.0,f
r1763,Hate Towards Peoples Hate,126000.0,f
r1764,no title,203000.0,f
r1765,Lizarc Point,239173.0,f
r1766,Vida,241000.0,f
r1767,Ten Mountqin High,404000.0,f
r1768,Ёлкипалки,133000.0,f
r1769,Dehumanized,272160.0,f
r1770,Ușurel,85946.0,f
r1771,Secrets,200026.0,f
r1772,Lil Jon Interview,22426.0,f
r1773,Right Side of the Wall,183520.0,f
r1774,Lizard Point,239173.0,f
r1775,Viel zu jung,235000.0,f
r1776,Η ζωή εν τάφω,385000.0,f
r1777,Badge,420000.0,f
r1778,I Knpw,224000.0,f
r1779,Migrant Birds,390946.0,f
r1780,Above Your Existence,469000.0,f
r1781,Echoes Everybodys Talkin,196400.0,f
r1782,Cokd Blue Sky,250000.0,f
r1783,Stubborn Beast Flesh,109000.0,f
r1784,Excerpts from Weihnachts Oratorium Part 1  2,342146.0,f
r1785,Phoria Jorm Van Deynhoven remix,397000.0,f
r1786,Phoria Jorn Van Deynhouen remix,397000.0,f
r1787,Taxi Driver,230000.0,f
r1788,The Spin,,f
r1789,Heat of yhe Night,356000.0,f
r1790,Playground 60 second version,60000.0,f
r1791,Wheeler,112200.0,f
r1792,Sandalia quebrada,340000.0,f
r1793,Poisohs Fool,290026.0,f
r1794,Charlie Scanlon,115600.0,f
r1795,Linger Awhile,190000.0,f
r1796,Mimar Você,207213.0,f
r1797,Prelude,142000.0,f
r1798,After the Rain,259400.0,f
r1799,Impetigo Contagiosa,19000.0,f
r1800,Rules of Enfagement,134173.0,f
r1801,Henrique Oswald Pierrot Op 33 n 3,114933.0,f
r1802,If You See Her Say Hello,246360.0,f
r1803,Swingin My Love,,f
r1804,Blues in the Night,185266.0,f
r1805,Zanders Follv,143000.0,f
r1806,silence,8946.0,f
r1807,Snowman Swing A,60000.0,f
r1808,Recorder Grot Rally,21533.0,f
r1809,Soiled Clown Blues,106600.0,f
r1810,Gi det blå tilbage,216000.0,f
r1811,Blues in the Night,270640.0,f
r1812,White Line Fever Die Autobiografie Teil 4,61720.0,f
r1813,Kingdom in the Sky,223666.0,f
r1814,Nabuchodonosor,231826.0,f
r1815,Chili Mac,219480.0,f
r1816,Zanders Folly,143000.0,f
r1817,白線～スタートライン instrumental,298000.0,f
r1818,Melt,327040.0,f
r1819,Exercise in Autism,228000.0,f
r1820,Morgen Schüchternste Dämmerung,963000.0,f
r1821,Busy Signal,186720.0,f
r1822,Clouds,196000.0,f
r1823,Non Non Rien a Changé,167000.0,f
r1824,Magical,247000.0,f
r1825,Kaldırımlar,,f
r1826,Awakening,395000.0,f
r1827,2月のエピローグ,255000.0,f
r1828,Creation,197000.0,f
r1829,Goodbye Elita,96520.0,f
r1830,Embrace Me Girl,233000.0,f
r1831,Bad Moon Rising,126000.0,f
r1832,My Lonesome,97120.0,f
r1833,Sunset Risers,185000.0,f
r1834,Sunset Riders,185000.0,f
r1835,Ma tean et ma tu|en kord jälle,307693.0,f
r1836,For You,178600.0,f
r1837,Le Ba'lser du fouet,253000.0,f
r1838,Crowbait Beat,123000.0,f
r1839,There Is a Road,235000.0,f
r1840,Sweet Sensation Funk Force ChonAHolic dub,264800.0,f
r1841,Heaven,73000.0,f
r1842,Engorement of Stillborn Corpses,163000.0,f
r1843,Say Say Say,170000.0,f
r1844,Você já foi à Bahia,183400.0,f
r1845,White Out,282000.0,f
r1846,Enjoy Yourself remix,399280.0,f
r1847,Korallen,191320.0,f
r1848,Geartete Künste hatten wir schon,300000.0,f
r1849,Prelude,168773.0,f
r1850,Untitled,216000.0,f
r1851,Historiej om Signe,47533.0,f
r1852,La det a|dri skje igjen,230880.0,f
r1853,Paint It Black,,f
r1854,No 8 in D minor Op 71 No 1,334000.0,f
r1855,Seminal Myoliserguide Necrosia,233680.0,f
r1856,Feeling Like the Sunshine,183000.0,f
r1857,Feeling Like tbe Sunshine,183000.0,f
r1858,Tulpen en rozen,158000.0,f
r1859,Major Hope,374000.0,f
r1860,Pieces of Ten Chandru mix,319800.0,f
r1861,Long Gone Midnight,215000.0,f
r1862,La nocbe,365000.0,f
r1863,She Moved Through the Fair Trad,169000.0,f
r1864,Kamasutra in Love,133000.0,f
r1865,Giraffe Hunt,694736.0,f
r1866,Section 9,321053.0,f
r1867,Diamonds Are Forever radio mix,233333.0,f
r1868,Dritter Teil „Sturmherx Kapitel 22 „Durch das Sommertor Teil 5,208000.0,f
r1869,Shameless,306000.0,f
r1870,O Vos Omnes  Pablo Casals,237226.0,f
r1871,Bleed American,180924.0,f
r1872,Oprofessionell,280000.0,f
r1873,Wake Up,,f
r1874,New Years Day,280000.0,f
r1875,Spanish Blood 40  4,,f
r1876,Vihmax Vihma remix,211067.0,f
r1877,Pää,237000.0,f
r1878,This Used to Be My Playground,310826.0,f
r1879,Stitching Time,436320.0,f
r1880,hMollMesse BWV 232 Et in Spiritum Sanctum,281640.0,f
r1881,December Baby,353240.0,f
r1882,Un bout de route,220373.0,f
r1883,Caravan,214400.0,f
r1884,The Bishops Handkerchief 5,136000.0,f
r1885,Morphée,242000.0,f
r1886,二人,208000.0,f
r1887,Nikata Bushi,132296.0,f
r1888,Outro,44000.0,f
r1889,Lirik on Outer Spqce,490000.0,f
r1890,Kiss Myself,391653.0,f
r1891,You Cant Get What You Want Til You Know What You Want,332000.0,f
r1892,Seni İstiyorum,283640.0,f
r1893,Symphony no 8 in G major op 88 III Allegretto grazioso,365400.0,f
r1894,Bridge of Spirits,341747.0,f
r1895,White Cocade  Doc Boyds Jig  Durham Rangers,199960.0,f
r1896,Doresh el hametim,379000.0,f
r1897,Drag Them Down,340720.0,f
r1898,Heden,300333.0,f
r1899,Cryptorchicl,164000.0,f
r1900,Freedom,29000.0,f
r1901,Vergognosa,201000.0,f
r1902,Mission,334893.0,f
r1903,The Savoy Special,191000.0,f
r1904,23 версия 2,,f
r1905,Malibu Mix,30000.0,f
r1906,Hopla  żyjemy,231000.0,f
r1907,Hit Record,158746.0,f
r1908,Křížaly housle a půlměsíc,259000.0,f
r1909,Les pantins dansent,133600.0,f
r1910,O Vos Omnew  Pablo Casals,237226.0,f
r1911,白線～スタートライン instrumental,298000.0,f
r1912,Douce Nuit,196426.0,f
r1913,Ill Just Keep on Singing the Blues,163440.0,f
r1914,Dont You Want to Know,178066.0,f
r1915,Heavy Metal Break Down,334493.0,f
r1916,The Closer You Are,183000.0,f
r1917,Asbestos Lead Asbestos De Tox dub,332600.0,f
r1918,A Sunshine Fis,132000.0,f
r1919,El viehto,164893.0,f
r1920,Com Quw Roupa,171066.0,f
r1921,Com Que Roupa,171066.0,f
r1922,La petite voisine,257906.0,f
r1923,By the Waters Edge b,8000.0,f
r1924,Bring it On Rusko Rejix,221000.0,f
r1925,Bring it On Rusko Remix,221000.0,f
r1926,Too Much Money Business,166000.0,f
r1927,Part I  Bones and Thrones  Chapter 02,1204924.0,f
r1928,In The Land Of Grey And Pink,290960.0,f
r1929,All Your Virtues,222000.0,f
r1930,Owmer of Her Heart,221480.0,f
r1931,Comlog,,f
r1932,On Ojr Own,290000.0,f
r1933,On With the Show,244266.0,f
r1934,¡Ay amor,185000.0,f
r1935,Floating City,307400.0,f
r1936,Love Song for a Savior,286000.0,f
r1937,轍WADACHI,340000.0,f
r1938,Hone,263000.0,f
r1939,Go Away from My Window,118000.0,f
r1940,Aria of Chinese Tea,740000.0,f
r1941,Kill Your Children,281866.0,f
r1942,Get Out Now 30 second version,30000.0,f
r1943,Suonaya a violoncello solo n°5 in mi minore rv 40  largo,192600.0,f
r1944,Suonata a violoncello solo n°5 in mi minore rv 40  largo,192600.0,f
r1945,Moonlight,308000.0,f
r1946,Do víka nekopat,132000.0,f
r1947,Tout Va Bien B,60000.0,f
r1948,Fever,297000.0,f
r1949,Life in 645 min live,404560.0,f
r1950,Concerto in D major RV 93 II Largo,275240.0,f
r1951,Livre de 1706 Gigue,150600.0,f
r1952,Blues Been Good to Me,250000.0,f
r1953,Under The 3000ft Red Ceiling,194973.0,f
r1954,The Ghost,123000.0,f
r1955,The Mercy,381000.0,f
r1956,Pack a Cellphone Fuol of Explosives,115000.0,f
r1957,Banal,247000.0,f
r1958,Kiss My Face,179640.0,f
r1959,When She Walks By,,f
r1960,Tsukubai Part VI,254000.0,f
r1961,一人ぼっちの二人,216466.0,f
r1962,Mina Pets Margus ja Priit Captain Morgan remix by PAlanko,268000.0,f
r1963,Minq Pets Margus ja Priit Captain Morgan remix by PAlanko,268000.0,f
r1964,Superior Life,181000.0,f
r1965,Kuinka tietää voin,219000.0,f
r1966,Aspiroi,134226.0,f
r1967,Всегда Со Мной,115773.0,f
r1968,悲劇の暴走,127000.0,f
r1969,Walk Right Out feat Phoenix Soul,232400.0,f
r1970,Want to Fiy Away,315973.0,f
r1971,Makes Visible,279333.0,f
r1972,Want to Fly Away,315973.0,f
r1973,Heres Rico,52813.0,f
r1974,Casino Queen,200000.0,f
r1975,Embrace My Affliction,256000.0,f
r1976,Meat Dwnce,274066.0,f
r1977,In the Hopd,82000.0,f
r1978,Now Im Feeling Zombiefied live,480000.0,f
r1979,Vem cá,148000.0,f
r1980,Der wilde Cowboy,147733.0,f
r1981,Buy Me Back From 5he Dead,95000.0,f
r1982,The Son of Amon Ra,242000.0,f
r1983,Feel The Way I Do,246160.0,f
r1984,Relax,,f
r1985,Quién es el pendejo más grande,39653.0,f
r1986,Thirf,,f
r1987,You Dont Have to Tell Me Now,224600.0,f
r1988,Angel Eyes Delusi0n Inc remix,353000.0,f
r1989,Do I Trust You Medley,349000.0,f
r1990,Adrenalin,331813.0,f
r1991,Prelud3,168773.0,f
r1992,Preluse,168773.0,f
r1993,unknown,,f
r1994,When Im Not Looking Youre Not There,,f
r1995,Serenity,241000.0,f
r1996,Newborn Thing Stefnklang remix,317253.0,f
r1997,Ohuella lsngalla,230000.0,f
r1998,Aurora,199063.0,f
r1999,Picture the Finger,171800.0,f
r2000,Artifacts,189000.0,f
r2001,Khazad Dum,665000.0,f
r2002,Homegrown,405000.0,f
r2003,No Safe Place,310680.0,f
r2004,Help,163093.0,f
r2005,Si jétais président,226986.0,f
r2006,Introduction Theme and Variations in F minor op 102,865776.0,f
r2007,Parabienes al revés,,f
r2008,Solang da drobn die Sonne lacht,175000.0,f
r2009,Big Sky,189346.0,f
r2010,Love Come Down,243600.0,f
r2011,Pieces of Ten Chamdru mix,319800.0,f
r2012,Love Coke Down,243600.0,f
r2013,Feelinv Snakey,331306.0,f
r2014,Feeling Snakey,331306.0,f
r2015,Magna Carta,,f
r2016,Chapter 1101,1004333.0,f
r2017,The Stepping Stone  An tSwanbhean Bhocht,242946.0,f
r2018,The Stepping Stone  An tSeanbhean Bhocht,242946.0,f
r2019,Run for the Night demo,269613.0,f
r2020,Oceans Away,182946.0,f
r2021,Eurotrash,426000.0,f
r2022,Evaluatkon,258867.0,f
r2023,Excuses,351506.0,f
r2024,Melt,327040.0,f
r2025,Send Me an Angel,239360.0,f
r2026,Pale Horse,,f
r2027,The Only Girl When Youre Away,200826.0,f
r2028,Zandrrs Folly,143000.0,f
r2029,The Antlers of the Midnight Sun,246386.0,f
r2030,La Fiesta,445200.0,f
r2031,Hauk Away,208960.0,f
r2032,Coma,183306.0,f
r2033,The Gilis Voyahe Ketu remix,550453.0,f
r2034,Zandets Folly,143000.0,f
r2035,Haul Awat,208960.0,f
r2036,Feel the Pain,233351.0,f
r2037,Along Third Street,528300.0,f
r2038,Larlesienne Suite No 1  1 Prelude,,f
r2039,Carpe duem,273000.0,f
r2040,Cultural Legacy,209000.0,f
r2041,Willy  Willeke Alberti Medley,363000.0,f
r2042,Keep Sweeping Cobwebs Off the Moon,182200.0,f
r2043,Wave,230000.0,f
r2044,Big Boy Blues,,f
r2045,Quetzalcoagl,227346.0,f
r2046,Aga Naga,322000.0,f
r2047,Lysergik Funeral Procession,281000.0,f
r2048,Breath of Heaven,324653.0,f
r2049,Paradoxx,234693.0,f
r2050,Interstella Innervision mix,,f
r2051,Zelsná,112000.0,f
r2052,Zelená,112000.0,f
r2053,Mongoose,99293.0,f
r2054,Wondrous Place,143373.0,f
r2055,Darlij,231000.0,f
r2056,Pociąg do nikąd,177000.0,f
r2057,Der Schritt in die Tiefe,690000.0,f
r2058,Der Samihas und der Brummklaus,446000.0,f
r2059,The Hobo S0ng,204240.0,f
r2060,The Hobo Song,204240.0,f
r2061,La canzone do Tom,307333.0,f
r2062,来世で会おう,280000.0,f
r2063,O Pato,114573.0,f
r2064,untitled,,f
r2065,Heavy Mental,89880.0,f
r2066,My L9nesome,97120.0,f
r2067,God Rest Ye Merry GentlemenPatapan,237693.0,f
r2068,Dagobah System,108040.0,f
r2069,Wo war ich stehengeblieben,547000.0,f
r2070,Daddy,130093.0,f
r2071,The Tracks of Mu Tears live,241000.0,f
r2072,Soundtrack of Entertainment,151000.0,f
r2073,Perfect Girl,283066.0,f
r2074,Wake Up Dead,200800.0,f
r2075,3AM in a closed bar,567000.0,f
r2076,They Have Been Here Earlier,399000.0,f
r2077,Ta1i,233613.0,f
r2078,Josephine,221933.0,f
r2079,Les Chairs À Vif,288000.0,f
r2080,Towards Isolation,755219.0,f
r2081,À la yie,224000.0,f
r2082,Tell Me Why,331240.0,f
r2083,Run Lucifer,208399.0,f
r2084,Ohuella langalla,230000.0,f
r2085,Śmierć bohaterom,167546.0,f
r2086,Sitting With the Dog,247613.0,f
r2087,Boccia remixed by Pyrolator,362666.0,f
r2088,Meglos Serial 5Q The Last ZolphaThuran,211186.0,f
r2089,Huonot naiset,199000.0,f
r2090,Suomirokkia live,,f
r2091,Triple Dick,175000.0,f
r2092,Colours of Indifference,237120.0,f
r2093,Winter Cookies,227773.0,f
r2094,Effigy of the For9otten,230013.0,f
r2095,Effigy of the Forgotten,230013.0,f
r2096,Scream  Scream Again,126000.0,f
r2097,Effigv of the Forgotten,230013.0,f
r2098,Period Drama,29000.0,f
r2099,Perkod Drama,29000.0,f
r2100,Stormy Weather,255106.0,f
r2101,Troubl4 in the Amen Corner,182000.0,f
r2102,Le Canon des sourds,170426.0,f
r2103,Creeping Death,429000.0,f
r2104,Sailor Dreams,144000.0,f
r2105,Dreamland Crescendo,292000.0,f
r2106,Magnitude 666,,f
r2107,Gennaio,211587.0,f
r2108,The Changelinbs  Out on the Roof,215000.0,f
r2109,We Close Our Eyes,221066.0,f
r2110,All My Lies,245000.0,f
r2111,Artifacys,189000.0,f
r2112,Float Super 4,,f
r2113,Sitting With the Dog,247613.0,f
r2114,Crying on Saturday Night,212000.0,f
r2115,Furry Lewis Rag,119360.0,f
r2116,Never Again,213640.0,f
r2117,Tracking,238000.0,f
r2118,Family Affair,253000.0,f
r2119,Sonnet 46,115866.0,f
r2120,Krasineros Cocek,135320.0,f
r2121,Fever 103°,318000.0,f
r2122,The Road Kill,228066.0,f
r2123,He Was a Real Freak,247000.0,f
r2124,KDR,69481.0,f
r2125,Apart EZLV remix,359240.0,f
r2126,Shehandoah,247800.0,f
r2127,Goodnight Rose,407000.0,f
r2128,9 Inches of Pure Malice,138133.0,f
r2129,Pour Michel,135653.0,f
r2130,AntiEm,,f
r2131,Token Tango Bonus Level,75000.0,f
r2132,Air,163000.0,f
r2133,Interrupted Boys,241000.0,f
r2134,Bairam de cartier,233000.0,f
r2135,The Big Black Plastic Explosion Its Alright Its Alright Dance Mix,,f
r2136,Mecca,263666.0,f
r2137,Everything Changes,229000.0,f
r2138,Now the Day Is Over,,f
r2139,God Only Knows Takes 16 19670911,244000.0,f
r2140,Threnody The Spirit Never Dies,270000.0,f
r2141,Shifg,,f
r2142,El Gringo,263573.0,f
r2143,Feeling Feeling,186226.0,f
r2144,Lover Mam,293000.0,f
r2145,Tuttle5,146000.0,f
r2146,The First Firefighter,55653.0,f
r2147,Falling Away Armin van Buuren remix,,f
r2148,Cumbanchero,144906.0,f
r2149,The Very Thought of You,162000.0,f
r2150,First Day of Autumn,259386.0,f
r2151,Acrobat,210866.0,f
r2152,Dont Let the Sunshine Fads,403000.0,f
r2153,Its Time,403000.0,f
r2154,Sincere,97000.0,f
r2155,untitled,333293.0,f
r2156,Die traurige Ballade von Susi Spakowski,300000.0,f
r2157,Just One More Day,243000.0,f
r2158,When Will I See You Again,361546.0,f
r2159,Mr Webster  Miss Jane MacInnesDandeeith,152000.0,f
r2160,request the sryle,273438.0,f
r2161,Punch for Power b,60000.0,f
r2162,Human 98 Resistance D Extended Mix,277693.0,f
r2163,Skipping Along,11000.0,f
r2164,OSOBOWY DO ZAGÓRZA,,f
r2165,Rock das aranha,109840.0,f
r2166,Bell Dem Slags,179946.0,f
r2167,Alberta June 1998,303093.0,f
r2168,ラバボー,342000.0,f
r2169,Valgete pilvede all,221866.0,f
r2170,Temples of Gold,251733.0,f
r2171,Quetzalcoatl,227346.0,f
r2172,Wol aufg wir weilen slauffen,184706.0,f
r2173,Wol auff wir weilen slauffen,184706.0,f
r2174,Pod oblakom,253000.0,f
r2175,Taksi Fahrn in Istanbul,188426.0,f
r2176,Under the Capricorn Sky Part I,440000.0,f
r2177,Mrs Robinson,173693.0,f
r2178,Blind Dance,382000.0,f
r2179,Forgotteri Cluster,318151.0,f
r2180,Forgotten Cluster,318151.0,f
r2181,untitled,190000.0,f
r2182,String Quartet no 47 in Bclat major op 55 no 3 Hob III62 II Adagio ma non troppo,330000.0,f
r2183,Information Is Powdr,283000.0,f
r2184,Machines Programmes by Genes,317840.0,f
r2185,Four,350320.0,f
r2186,Fun Key,459560.0,f
r2187,Get It off Top,289000.0,f
r2188,Grains of Sand,49000.0,f
r2189,Renard gadget,136933.0,f
r2190,Lost in Obscurity,756506.0,f
r2191,Modern Myxtery,,f
r2192,4 Your Love edit club remix,211000.0,f
r2193,Strani3ri noi,235000.0,f
r2194,Zor kadin,228626.0,f
r2195,Stranieri nii,235000.0,f
r2196,Farewell,237306.0,f
r2197,La petote voisine,257906.0,f
r2198,La petite voisine,257906.0,f
r2199,La petite coisine,257906.0,f
r2200,Empty Rooms,590000.0,f
r2201,Madre dolcissima,437600.0,f
r2202,Caught in the Rain,209000.0,f
r2203,Schleifstein,327000.0,f
r2204,Dont Thrpw It All Away,,f
r2205,The House of Shore,152000.0,f
r2206,1107 PM,250360.0,f
r2207,Sigyn Turned The Basin Over Her Husband At Last,520000.0,f
r2208,Zor kadin,228626.0,f
r2209,Bojjour,48000.0,f
r2210,Tutau de Guidage,345000.0,f
r2211,Shitheads,92000.0,f
r2212,Nihalis Song,202000.0,f
r2213,Ynglinga Saga To Odin We Call,432266.0,f
r2214,Romis Tw'lst promo length,14000.0,f
r2215,Gli occhi freddi della paura VII,108066.0,f
r2216,Rovaniemen markkinoilla,,f
r2217,Aint Nobody Home,443906.0,f
r2218,Feeling Alright,396000.0,f
r2219,Walkabout Warrior,188986.0,f
r2220,Vermin,278226.0,f
r2221,Living For Jesus,152000.0,f
r2222,Wasted and Trying,141000.0,f
r2223,How Many Infants Died In The Dryer,154947.0,f
r2224,Excerpts from Weihnachts Oratonum Part 1  2,342146.0,f
r2225,I Just Dont Know What to Do With Myself,189626.0,f
r2226,Noites sem luar,209426.0,f
r2227,Dou frougst de Oma,295600.0,f
r2228,In  20 Seconds,33826.0,f
r2229,Surf King,204640.0,f
r2230,Blood,196000.0,f
r2231,Soldier of Love live,174160.0,f
r2232,Partita BWV 771 Allein Gott in der Höh sei Eht Variation 6,68640.0,f
r2233,¡Ay andar,295173.0,f
r2234,Een sinister schouwspel,138000.0,f
r2235,The Posie  Scottish Brawl,330000.0,f
r2236,Do Nothin Thill You Hear from Me,139000.0,f
r2237,Wanclering Memory,1795053.0,f
r2238,Wandering Memory,1795053.0,f
r2239,Shes a Cameleon,224653.0,f
r2240,Violence ib Red A Violins Story,249000.0,f
r2241,Medicine Wheel,112760.0,f
r2242,Audivi vocem de cselo,255667.0,f
r2243,Oxygene,233400.0,f
r2244,untitled,167426.0,f
r2245,Stormy Weather,209000.0,f
r2246,Stup8d Fucking Kids,104640.0,f
r2247,Moderato cantabile,260000.0,f
r2248,Meat Dance,274066.0,f
r2249,À la vie,224000.0,f
r2250,Guantanamo Bassline,139467.0,f
r2251,The Troll Stomp,83000.0,f
r2252,Menopause Diaries,287253.0,f
r2253,Wenn der alte Brunnen rajscht,201000.0,f
r2254,Wenn der alte Brunnen rauscht,201000.0,f
r2255,Wenn der zlte Brunnen rauscht,201000.0,f
r2256,Kāda dziesma,237293.0,f
r2257,After Youve Gone 1918,198000.0,f
r2258,I Can Feel It,146000.0,f
r2259,It Should Be Easier Now,138333.0,f
r2260,신사들의 절약정신 Good Afternoon,67346.0,f
r2261,The Big Time Demo Versioj 1989,173000.0,f
r2262,The Big Time Deml Version 1989,173000.0,f
r2263,You Dont Know What Love Is,313000.0,f
r2264,嫋嫋,80000.0,f
r2265,I Need You,171000.0,f
r2266,Tervaa ja höyheniä,176426.0,f
r2267,My New Best Friend,148000.0,f
r2268,The Good Old Days,123466.0,f
r2269,Wenn der alte Brunnen rauscht,201000.0,f
r2270,Tervaa jq höyheniä,176426.0,f
r2271,Heartbreaker,668000.0,f
r2272,Live Like Were Alive,223546.0,f
r2273,Bahian BBoy LP nix,,f
r2274,Bacchanal Time,388906.0,f
r2275,Flageolettoolsen,88000.0,f
r2276,Flageolettpolsen,88000.0,f
r2277,No Trust,187000.0,f
r2278,Magico full mix,10000.0,f
r2279,Maydahmaydah,174280.0,f
r2280,Tell It Like It Is,291600.0,f
r2281,Link n Continental,243666.0,f
r2282,ujknown,204000.0,f
r2283,Parad8se,261826.0,f
r2284,Here I Go Again,,f
r2285,Ódio em Mim,334000.0,f
r2286,Снова без тебя,208000.0,f
r2287,Due,221000.0,f
r2288,Always Returnibg,244400.0,f
r2289,Intro,30000.0,f
r2290,Leave It All Behind,353000.0,f
r2291,Clearing the Lake,104000.0,f
r2292,Thy Wounds UnveiledN,225186.0,f
r2293,Outca5t,229880.0,f
r2294,Tastbaar strijkersversie,203000.0,f
r2295,Bear Youngs Done In,217000.0,f
r2296,Front Lines,391000.0,f
r2297,La Cucuracha,153106.0,f
r2298,Some of These Days,103773.0,f
r2299,Remembe4,323960.0,f
r2300,Farewell,237306.0,f
r2301,Temptation  Theme From a Summer Place,183000.0,f
r2302,Jai Traverse La Mer Et Les Montagnes,60000.0,f
r2303,Intro and Birds,226800.0,f
r2304,Boing Boom Tschak  Techno Pop  Musique Non Stop,639000.0,f
r2305,Fing4rs,252373.0,f
r2306,Tali,233613.0,f
r2307,Ocker 6,221573.0,f
r2308,Trouble in the Amen Corner,182000.0,f
r2309,Sump,287160.0,f
r2310,The Stillest Hour,75826.0,f
r2311,White Knuckle Ride,214613.0,f
r2312,All for Nothing,,f
r2313,破戒の人形,247666.0,f
r2314,Banished,188800.0,f
r2315,Uno Dopo LAltro,75000.0,f
r2316,Tuuli vie,212000.0,f
r2317,Nasıl İsyan Etmem,423534.0,f
r2318,Astrid,153053.0,f
r2319,You Want Me To,297000.0,f
r2320,Kombosy Mario remix,,f
r2321,Jon talking,52000.0,f
r2322,Ma tean et na tulen kord jälle,307693.0,f
r2323,Soundtrack of Life DJ Force remix,465333.0,f
r2324,Perceptual Isolatioj,421785.0,f
r2325,The Saving Kind,267600.0,f
r2326,silence,8946.0,f
r2327,Am Rand der himmlischen Steppe,270826.0,f
r2328,Acid P8t,406000.0,f
r2329,I Like Rocking All the Time,44240.0,f
r2330,Perfect Girl,283066.0,f
r2331,Anatolian Delux ethjic mix,277000.0,f
r2332,Perfect Gifl,283066.0,f
r2333,Vicious Lie5,276000.0,f
r2334,You Gotta Believe,214495.0,f
r2335,Jock o Hazeldene,,f
r2336,KDR,69481.0,f
r2337,Huit2ilopotchli,190000.0,f
r2338,Cinéma cinéma,192000.0,f
r2339,Lone Wagon,337000.0,f
r2340,In Dreams,222666.0,f
r2341,Which Way to Turh,206000.0,f
r2342,Which Wsy to Turn,206000.0,f
r2343,Vibe With Ya,204390.0,f
r2344,Slow Train full mix,15000.0,f
r2345,Capri full mix,30000.0,f
r2346,Happy Banjo,260000.0,f
r2347,Change,197000.0,f
r2348,The Recall Picotto Answer mix,215906.0,f
r2349,GRN Aventurine,295000.0,f
r2350,El Giapo,148973.0,f
r2351,El Giapo,148973.0,f
r2352,Garaj Baras Paap,257000.0,f
r2353,Oh That Kiss,,f
r2354,Strácanie,231000.0,f
r2355,Audivi vocem de caelo,255667.0,f
r2356,Balle wine Baws geat Dawill,213000.0,f
r2357,Stupidity,127213.0,f
r2358,Damnum Minatum,138000.0,f
r2359,Siss: 2008,124000.0,f
r2360,God Blasts the Queen,250333.0,f
r2361,County Fair,410773.0,f
r2362,If I Loved You,302000.0,f
r2363,Everything Is Borrowed livr on Jools Holland 0908,212000.0,f
r2364,Shhal Nabghuk Ya Mimouna How Much I Like You,290440.0,f
r2365,Tarde Em Itapoã,222000.0,f
r2366,Shhal Nabghik Ya Mimouna How Much I Likw You,290440.0,f
r2367,Alex Du Pferd,86000.0,f
r2368,Worl It Out,168346.0,f
r2369,Work It Out,168346.0,f
r2370,Love Me Tender,194066.0,f
r2371,New World Man,264640.0,f
r2372,Prélude op 1 no 1,119213.0,f
r2373,Amazing Grace,321000.0,f
r2374,Και τι έγινε,221000.0,f
r2375,Updatecl Weather Information,26789.0,f
r2376,A little piece,38240.0,f
r2377,Ronnie Hswkins,234000.0,f
r2378,Final War,430000.0,f
r2379,Main Title  Atomic Montage,208000.0,f
r2380,Old Maid In The Garret  Irish Reel  The Unicorn,457000.0,f
r2381,Miss Acacia live,197000.0,f
r2382,Και τι έγινε,221000.0,f
r2383,Sou Gan,149173.0,f
r2384,Dorit Let the Sunshine Fade,403000.0,f
r2385,One Nation b,203000.0,f
r2386,Fo4 Eternity,287040.0,f
r2387,Waterbug live on Brave New World,324000.0,f
r2388,New Temptation,204760.0,f
r2389,What Did I Do to You Morales mix,484000.0,f
r2390,Ill Sleep When Im Alive,138000.0,f
r2391,Pickup Truck,205480.0,f
r2392,Cik lēni snieg,187480.0,f
r2393,Move Your Body,190000.0,f
r2394,Willin,342613.0,f
r2395,Done With It,215000.0,f
r2396,To Love,277600.0,f
r2397,Phoria Jorn Van Deynhoven remix,397000.0,f
r2398,Lobster Quadrille,164000.0,f
r2399,Ive Seen Akl Good People a Your Move b All Good People live 19721115 Knoxville Civic Auditorium Knoxville TN,456000.0,f
r2400,Firebird Suute IX Rondo Corovod,252773.0,f
r2401,The Outer Limits,102373.0,f
r2402,Hippie Holocaust,51000.0,f
r2403,Beijame,156933.0,f
r2404,Bonus,221933.0,f
r2405,Same Orcler,172800.0,f
r2406,Συννεφιασμένη Κυριακή,165360.0,f
r2407,In the Hills of Shiloh,220440.0,f
r2408,Åt samma håll,,f
r2409,BWV 3 BC A33 Ach Gott wie manches Herzeleid I Coro »Ach Gott wie manches Herzeleid«,294666.0,f
r2410,Lost acoustic,303000.0,f
r2411,Simple Dimple,328640.0,f
r2412,You Know My Steez,224000.0,f
r2413,Dont Let the Sunshine Fade,403000.0,f
r2414,Opvs 37,322000.0,f
r2415,Flor nocturna,228293.0,f
r2416,Stratus,582226.0,f
r2417,Твои глаза зелёные,243853.0,f
r2418,Fleashine,404173.0,f
r2419,Crusader edit sting,5000.0,f
r2420,신사들의 절약정신 G9od Afternoon,67346.0,f
r2421,Yli koskien,40000.0,f
r2422,Come Fly With Me,330853.0,f
r2423,Hand in Hand,198066.0,f
r2424,Мелом Крупатин remix,270000.0,f
r2425,Prayback,295306.0,f
r2426,Blazt Up 3rd Ave,87000.0,f
r2427,Sweets for My Sweet,,f
r2428,The Blessing Song,364000.0,f
r2429,Juke Box Hero  Whole Lotta Love,913000.0,f
r2430,Big Boy Blues,,f
r2431,Zihuatanejo,782720.0,f
r2432,CMon Everybody,209013.0,f
r2433,Cheeseball,299560.0,f
r2434,When Your Lover Has Gone,154000.0,f
r2435,Me Myself and Rio,265000.0,f
r2436,Blessed Be the Name,190506.0,f
r2437,Chan Balum Jaguar Serpiente,276293.0,f
r2438,In Place,259000.0,f
r2439,Просто хочешь ты знать,251459.0,f
r2440,Sunset Riders,185000.0,f
r2441,Sweet Betsy From Pike traditional version,96000.0,f
r2442,data track,2101000.0,f
r2443,Le vase se vide,215173.0,f
r2444,1000 Wives,190000.0,f
r2445,El médico del mied0,233466.0,f
r2446,Clouds,196000.0,f
r2447,Mensa Dance Squad Parts 15,,f
r2448,Niño 0,98000.0,f
r2449,Ahi NaMa Kaynana,228000.0,f
r2450,Questosichiamaska,94000.0,f
r2451,The Tracks of My Tears live,241000.0,f
r2452,Авиация и артиллерия,269000.0,f
r2453,Dragonfly Speaks,737000.0,f
r2454,Waiting Through the Afternoon,256279.0,f
r2455,Karolien zegt,,f
r2456,El médico del niedo,233466.0,f
r2457,In Pjace,259000.0,f
r2458,Another Wzy of Loving You,218000.0,f
r2459,Another Way oc Loving You,218000.0,f
r2460,So Hard Who Killed Pan remix,148000.0,f
r2461,The Gilis Voyage Ketu remix,550453.0,f
r2462,Любовь,210000.0,f
r2463,Forever,293440.0,f
r2464,Music Hypnotizes Hypnotizing mix,322000.0,f
r2465,戦士の本懐,199000.0,f
r2466,Its Too Late Hes Gone,154000.0,f
r2467,A Doubt,58920.0,f
r2468,Nido de ratas,152000.0,f
r2469,Unconditional Love,238626.0,f
r2470,My Nevv Best Friend,148000.0,f
r2471,Youth Attack,,f
r2472,Remain,260386.0,f
r2473,If You See Her Say Hello,246360.0,f
r2474,I Still Love You,120000.0,f
r2475,Victory Over Horzeshit,213000.0,f
r2476,Кони привередливые,288000.0,f
r2477,Los Guardianes mix 1,367000.0,f
r2478,Bairam de fartier,233000.0,f
r2479,The law of the Lord is perfect,206066.0,f
r2480,Big World,222666.0,f
r2481,Zweiter Teil „Die gewundene Straße Kapitel 18 „Der Fuchshandel Teil 1,470000.0,f
r2482,Angels Landing original mix,436000.0,f
r2483,Give Me the Music,355000.0,f
r2484,Ride to California,202000.0,f
r2485,茶の湯,1626520.0,f
r2486,I Aint Mad at Nobody,161000.0,f
r2487,Straight,299626.0,f
r2488,Kingdom im the Sky,223666.0,f
r2489,Just Ask Your Heart,146373.0,f
r2490,Abscission Digital Bonus,294000.0,f
r2491,Goodbye,176466.0,f
r2492,Mopashop,97171.0,f
r2493,Apart EZLV remix,359240.0,f
r2494,Mopashop,97171.0,f
r2495,Mopashop,97171.0,f
r2496,Section 8,321053.0,f
r2497,Sectiom 8,321053.0,f
r2498,Dark Corner,152000.0,f
r2499,Natale Mano Nella Mano Weihnachten Hand in Hand,172000.0,f
r2500,Destiny  Canneloni  and thr Tale of Viktor Navorski reprise,305933.0,f
r2501,Destiny  Canneloni  and the Tals of Viktor Navorski reprise,305933.0,f
r2502,Canario rehearsal out‐take,142986.0,f
r2503,After the Rain,259400.0,f
r2504,Perfume de gardenias,,f
r2505,Avocja,391826.0,f
r2506,FUN A BASH,175000.0,f
r2507,A Fulltime Job,185000.0,f
r2508,Mediterráneo,19000.0,f
r2509,Novelette No 2 in B flat minor,101200.0,f
r2510,Tranquila,247133.0,f
r2511,Im in the Mood for Love,198666.0,f
r2512,Apollo et Hyacinthus K 38 Act III Chorus II No 9 Terzetto Tandem post turbida fulmina Apollo Melia Oebalus,176000.0,f
r2513,Oh Johnny 1956,188266.0,f
r2514,Chanson pour ma ville,142000.0,f
r2515,Ibiil,295000.0,f
r2516,Tucán,206000.0,f
r2517,Odayaka,154454.0,f
r2518,Dunkirk,,f
r2519,Orkar fan inte bry mig,36000.0,f
r2520,Everything Is Borrowed live on Jools Holland 0908,212000.0,f
r2521,Indigo Moon,193360.0,f
r2522,Past Present and Future a,30000.0,f
r2523,The Way We Were,226000.0,f
r2524,untitled,256000.0,f
r2525,Blood Is Black Delirium,845000.0,f
r2526,He Will Come,,f
r2527,Saturn,458000.0,f
r2528,We Not Them BASED FREESTYLE,,f
r2529,Closer,,f
r2530,Love Machine instrumental remix,207933.0,f
r2531,Der Arme Alte Wolf,170000.0,f
r2532,So It Begins,126000.0,f
r2533,Amelia,292000.0,f
r2534,Positively 4th Street,463000.0,f
r2535,The Only Mistake,257133.0,f
r2536,That Old Feeling,169000.0,f
r2537,Sea Cruise,164000.0,f
r2538,ひとりぽっちで踊らせて,247000.0,f
r2539,Kevin Youre Such a Disease,221544.0,f
r2540,Nuevo orden criminal,316910.0,f
r2541,From Holbergs Time op 40 V Rigaudon Allegro con brio,222160.0,f
r2542,Outro,33066.0,f
r2543,Seven,91000.0,f
r2544,Gebet im Garten  Markus 1432  50,,f
r2545,Touch me Feel me Love me,259000.0,f
r2546,untitled,122974.0,f
r2547,BAYSIDE DANCER,332506.0,f
r2548,Speak to the Sky,171813.0,f
r2549,Sing Our Own Song,230000.0,f
r2550,You Make Me Feel Alive Ganymede mix,257000.0,f
r2551,Release Yourself,325466.0,f
r2552,Erster Teil „Simon Mondkalb Kapitel 14 „Das Feuer auf dem Berg Teil 9,323000.0,f
r2553,Meanwhile in Afghanistan,231000.0,f
r2554,Lat,75373.0,f
r2555,Elrepülrii jó lenne,223000.0,f
r2556,Guitar Lick,16000.0,f
r2557,Apart EZLV rwmix,359240.0,f
r2558,To My Buddy Buddy,554000.0,f
r2559,Seriously,210000.0,f
r2560,Always Returning,244400.0,f
r2561,Blind Dance,382000.0,f
r2562,Clouds of Venus,59000.0,f
r2563,Introduction  Ravel,44333.0,f
r2564,My Car Wont Go,167000.0,f
r2565,Ta Ta,,f
r2566,Stranieri noi,235000.0,f
r2567,I Live in a Car,79893.0,f
r2568,風花,82106.0,f
r2569,Give Me the News,289000.0,f
r2570,Unlocking Door  Keys Jingling,8466.0,f
r2571,Zillertaler Hochzeitsmarsch,199000.0,f
r2572,Excuses,351506.0,f
r2573,No More Love,,f
r2574,Reclusion,211080.0,f
r2575,Front Line promo length,10000.0,f
r2576,Venetian Red,256000.0,f
r2577,Kind Of A Drag,131640.0,f
r2578,Amanecer en Haití,275946.0,f
r2579,Piratengesetz,17586.0,f
r2580,モーニング チャイム オリジナルカラオケ,,f
r2581,Arrival,1207466.0,f
r2582,Tulilahden tango,88000.0,f
r2583,Where Are Thwy Now,250840.0,f
r2584,Rejoice and Sing from Christmas Oratorio,54333.0,f
r2585,Lat,75373.0,f
r2586,Yov,268696.0,f
r2587,The Sound of San Francisco short Progressive mix,218000.0,f
r2588,Joyride,94226.0,f
r2589,Rival,319000.0,f
r2590,Death by Barber Part 1 Haircut Zero,196000.0,f
r2591,Surf King,204640.0,f
r2592,Surf King,204640.0,f
r2593,Through the Glass,62000.0,f
r2594,Through rhe Glass,62000.0,f
r2595,Das Netz Hypnose 2,,f
r2596,Unusual Calls,143666.0,f
r2597,Gone With the Wind,388026.0,f
r2598,Fever 103°,318000.0,f
r2599,Titi Rose qu cœur,218000.0,f
r2600,Minuet in Am,59293.0,f
r2601,Barren,362603.0,f
r2602,Up to the Minute narration,60000.0,f
r2603,The Boundary Waters,290948.0,f
r2604,Verbazing,174893.0,f
r2605,Смерть,89000.0,f
r2606,Vänner feat Nina Persson  Plura,294000.0,f
r2607,Gather,243356.0,f
r2608,Six Msn Band,134000.0,f
r2609,Acid Pit,406000.0,f
r2610,Dive into the colors,281000.0,f
r2611,Thread Pt 2,428747.0,f
r2612,Fábula,151000.0,f
r2613,Malibu Mix,30000.0,f
r2614,Rain Delay,95000.0,f
r2615,JDubs,133000.0,f
r2616,15 Poliis8a,117000.0,f
r2617,15 Poliisia,117000.0,f
r2618,15 Poliisia,117000.0,f
r2619,Col9rs,,f
r2620,Constant Sorrow,231000.0,f
r2621,Human,242706.0,f
r2622,Take Forever Attaque remix,326775.0,f
r2623,Feel the Beat original mix,409000.0,f
r2624,Mörker,,f
r2625,Rain,196000.0,f
r2626,Man in the Sand Gordon cassette,,f
r2627,Hämnden Gällivarevisan,164293.0,f
r2628,The New Ambassador,155160.0,f
r2629,Two Elegiac Melodies op 34 No 2 Last Spring,324546.0,f
r2630,Little Bird,186800.0,f
r2631,Part Three,636000.0,f
r2632,When Im Not Looking Youre Not There,,f
r2633,When Im Not Loiking Youre Not There,,f
r2634,Rasa Sayang,,f
r2635,Kun nuoruus katoaa,481360.0,f
r2636,第2話 Sere 13975 「うわさばなし」 Part 1,54332.0,f
r2637,Suonata a violoncello solo n°5 in mi minore rv 40  largo,192600.0,f
r2638,silence,4000.0,f
r2639,Breakstrumental 2,,f
r2640,Accidental Seabirds,227333.0,f
r2641,My Stteet,278907.0,f
r2642,Deep,,f
r2643,I Know,619000.0,f
r2644,Baby Lee,171466.0,f
r2645,Proljeće,167333.0,f
r2646,Temperamental,295226.0,f
r2647,A Touch of Henry Moore,217306.0,f
r2648,My S6reet,278907.0,f
r2649,Soulbait,114533.0,f
r2650,Little Guys,100000.0,f
r2651,A canzone e Tonino,257967.0,f
r2652,Eje loco,344000.0,f
r2653,Gigolistic,247373.0,f
r2654,Sissi 2008,124000.0,f
r2655,Wonderful Sight,180000.0,f
r2656,Islanf Fever,305960.0,f
r2657,Open Roqd,241000.0,f
r2658,Open Road,241000.0,f
r2659,Yintenjani,180360.0,f
r2660,Lirik on Outer Space,490000.0,f
r2661,Vihmax Vihma remix,211067.0,f
r2662,Tozic,242000.0,f
r2663,Wenn ich durch die Straßen geh,,f
r2664,Gone But Not Vergotten,205426.0,f
r2665,a lil somethin,100000.0,f
r2666,Gpne But Not Vergotten,205426.0,f
r2667,Bebop,138760.0,f
r2668,Wintersong,255000.0,f
r2669,New Shoes,225866.0,f
r2670,Im a Rover,259880.0,f
r2671,The Bends Rmx,809120.0,f
r2672,Saviours,298840.0,f
r2673,Little Sadie,60000.0,f
r2674,Irreplaceable,206000.0,f
r2675,Perjantai,,f
r2676,人生は過ぎ行く,259000.0,f
r2677,Nightshift,491960.0,f
r2678,Chapel of Love,166106.0,f
r2679,Balanbalançoire,157160.0,f
r2680,Collateral Damage live at Faces RI,,f
r2681,One・Two・Tjree  The 摩天楼ショー 15秒30秒スポット,,t
r2682,One・Two・Three  The 摩天楼ショー 15秒30秒スポット,,t
r2683,unkjown,204000.0,f
r2684,Yellow,395306.0,f
r2685,Nijntje gaat logeren,,f
r2686,String Quartet no 47 in Bflat major op 55 no 3 Hob III62 II Adagio ma non troppo,330000.0,f
r2687,Finnegans Wake,134066.0,f
r2688,Effigy of the Forgotten,230013.0,f
r2689,給我一首歌的時間,253560.0,f
r2690,Lodging,,f
r2691,Music For Neigjbors,224000.0,f
r2692,Every Time You Lie,189000.0,f
r2693,Jo tas esi tu,231746.0,f
r2694,I By Twilight,269733.0,f
r2695,Mein Leben,233000.0,f
r2696,One More Day,139000.0,f
r2697,Thats How It Goes,229000.0,f
r2698,sioence,4120.0,f
r2699,Die Meistersinger von Nürnberg Akt III Szene V Sankt Krispin lobet ihn Schuster Schneider Bäcker Lehrbuben,250880.0,f
r2700,soundcooud4,143421.0,f
r2701,Pale Horse,,f
r2702,Latino Amigo,120000.0,f
r2703,Comic Motion,65000.0,f
r2704,Electricity,212866.0,f
r2705,Lazy,139653.0,f
r2706,Le Canon des sourds,170426.0,f
r2707,Chew Devour,,f
r2708,God Is God Front 242 God Zilla mix,312200.0,f
r2709,Quest for Glory back end,29000.0,f
r2710,Leg mich in Ketten,264680.0,f
r2711,Hi Line,465000.0,f
r2712,Das Höhlenabenteuer,247786.0,f
r2713,The Posis  Scottish Brawl,330000.0,f
r2714,Block 4 Chapter 5 Activity 32a Restoration in Context 1,70186.0,f
r2715,Teil 23,331040.0,f
r2716,Tummanpunainen,191000.0,f
r2717,Intro,91000.0,f
r2718,Oh Lo Lo the Bemoner,236905.0,f
r2719,Golden Days a 10,10000.0,f
r2720,Dado Sado versjon,213200.0,f
r2721,d3thbringrº_º☆ mira mix,237000.0,f
r2722,Wallcin in NY,343000.0,f
r2723,Ranch Hands,29000.0,f
r2724,Nightly Report wtinger,5000.0,f
r2725,Der Arme Alte Wolf,170000.0,f
r2726,Mury 87 Podwórko,188000.0,f
r2727,Dive into the colorw,281000.0,f
r2728,Longa Riad,174240.0,f
r2729,Ich liebe dich feat Toddo Sörup,229226.0,f
r2730,Der Rosenkavalier Act III Oh God The story was a masquerade and no more Sophie Octavian Marschallin,160440.0,f
r2731,Shampoo Theme,265826.0,f
r2732,The Dead Flag Blues,,f
r2733,Cerridwen,298000.0,f
r2734,Colors,,f
r2735,You Dont Kriow What Love Is,313000.0,f
r2736,I Heard It Through the Grapevine,293400.0,f
r2737,Bä bä vota lamm,122000.0,f
r2738,New York Airport original mix,537000.0,f
r2739,This Time,242706.0,f
r2740,Money Money,231000.0,f
r2741,Dont Care,210000.0,f
r2742,Things to Make and Do,,f
r2743,The Day I Was a Horse live in London,157000.0,f
r2744,Sleeping Pills,237000.0,f
r2745,Sleeplng Pills,237000.0,f
r2746,Ago,1237000.0,f
r2747,Guard Tower,134000.0,f
r2748,The CoolinJamie Allen,173320.0,f
r2749,22 dní,205000.0,f
r2750,Sec7lar World,252000.0,f
r2751,ねばねば♥スイーツ,268000.0,f
r2752,SO LONGLive Version,,f
r2753,If Dreams Comr True,204858.0,f
r2754,If Dreams Come True,204858.0,f
r2755,Wild Homey,195986.0,f
r2756,Rhode Trip,76240.0,f
r2757,soundcloud4,143421.0,f
r2758,Love is the Only Way,264000.0,f
r2759,The Eternal Horizon,663680.0,f
r2760,Shining Brow,237000.0,f
r2761,Daddy,130093.0,f
r2762,What Lies Behind CLekktor remix,261000.0,f
r2763,Intelligentsiya,346400.0,f
r2764,Histor9en om Signe,47533.0,f
r2765,Rejoice and Sing from Christmas Orato4io,54333.0,f
r2766,Up Against the Wind,269000.0,f
r2767,Cruzando fronteras,,f
r2768,Apollo et Hyacinthus K 38 Act III Chorus II No 9 Terzetto Tandem post turbida fulmina Apollo Melia Oebalus,176000.0,f
r2769,Ive Seen All Good People a Your Move b All Good People live 19721115 Knoxville Civic Auditorium Knoxville TN,456000.0,f
r2770,Sonate en Mi mineur op 1 no 6 V Vivace,48533.0,f
r2771,Exotique Bossa Nova,138318.0,f
r2772,Lament,289040.0,f
r2773,New Aaron,430626.0,f
r2774,Vihmax Vihma remix,211067.0,f
r2775,Where Are They Now,250840.0,f
r2776,Pets Lament,149000.0,f
r2777,Sunset Killer,197000.0,f
r2778,Im Waiting Just for You,160000.0,f
r2779,Kokonaan Pois,,f
r2780,Piece of ass,219640.0,f
r2781,4Jan,176000.0,f
r2782,LAffiche rouge,244000.0,f
r2783,Pacific,270000.0,f
r2784,Siste stikket,280146.0,f
r2785,Land of the Navajo,584013.0,f
r2786,In the Hood,82000.0,f
r2787,The Way That You Do,160000.0,f
r2788,Firewater  Jive Talk The Virgin Land Mix,,f
r2789,Frenzy Faecal Munching,63000.0,f
r2790,ロストジェネレーション replay,246000.0,f
r2791,Keep the Child,101000.0,f
r2792,Cirque Part 1,177666.0,f
r2793,Devri Alem İstanbul Türküsü Katip,304440.0,f
r2794,Mecxa,263666.0,f
r2795,Bahianese Mayonnaise,353026.0,f
r2796,Almost Beautiful Child I  II,318000.0,f
r2797,4th Mov Andante,387000.0,f
r2798,Someones Rocking My Dream Boat,202000.0,f
r2799,God Rest Ye Merry GentlemenPatapan,237693.0,f
r2800,Some Guys Have All the Luck,187000.0,f
r2801,Όλη μου η ζωή,246000.0,f
r2802,Tossed Up,239000.0,f
r2803,Brand New,268000.0,f
r2804,The Unity,109578.0,f
r2805,No Safe Place,310680.0,f
r2806,Suite No 2 in D minor BWV 1008 VII Gigue,185600.0,f
r2807,NeoOrthodoxy — The Subject and Object of Faith,,f
r2808,Η ζωή εν τάφω,385000.0,f
r2809,Moderato cantabile,260000.0,f
r2810,O ypnos se tilixe  Der Schlaf umfing Dich,161440.0,f
r2811,Ending Theme WALK THIS WAY Full Size Version,243000.0,f
r2812,Ground Theme Super Mario Bros,204507.0,f
r2813,いつものパーティー,,f
r2814,Tale of a Dying Bird,205000.0,f
r2815,Way Down Yonder Ih New Orleans,184000.0,f
r2816,Way Down Yondef In New Orleans,184000.0,f
r2817,Heaven,279080.0,f
r2818,sil3nce,4360.0,f
r2819,sikence,4360.0,f
r2820,Barefoot Over Nails,337000.0,f
r2821,empty smile,99000.0,f
r2822,Sincere,97000.0,f
r2823,Gemini Concerto V Vienna Polytonal Polka and Wiener Wein Waltz,389000.0,f
r2824,Dingue dingue dingue,271000.0,f
r2825,Sigmund,479000.0,f
r2826,Theu Have Been Here Earlier,399000.0,f
r2827,Cinéma cinérna,192000.0,f
r2828,White Heat,335000.0,f
r2829,Ghostly Presence 2,26000.0,f
r2830,Destiny  Canneloni  and the Tale of Viktor Navorski reprise,305933.0,f
r2831,Blues in the Nifht,270640.0,f
r2832,I Got a Date,220733.0,f
r2833,The Gilis Voysge Ketu remix,550453.0,f
r2834,Canzone della bambina portoghese,333666.0,f
r2835,Sleaze on Over,109000.0,f
r2836,On existe encore,330546.0,f
r2837,Canton Mississippi Breakdown,160360.0,f
r2838,Make Up Yoyr Mind,196173.0,f
r2839,Puddle of Sex,279000.0,f
r2840,Happy Go full mix,15000.0,f
r2841,Corazón de Melón,,f
r2842,Das magische Baumhaus Folge 51  Teil 06,253000.0,f
r2843,Untitled Imprpvisation,305000.0,f
r2844,Colours of Indifferejce,237120.0,f
r2845,Colours of Indiffererice,237120.0,f
r2846,Sonata for Violin and Piano No 5 in F major Op 24 Spring III Allegro molto,69000.0,f
r2847,District 6,310573.0,f
r2848,How Sweet It Is To Be Loved by You,208800.0,f
r2849,Eje llco,344000.0,f
r2850,メイキング映像,,t
r2851,Za korunami stromov,38000.0,f
r2852,Be Free,257000.0,f
r2853,Marzipan,201293.0,f
r2854,Romis Twist promo length,14000.0,f
r2855,How Sweet It Is To Be Loved by You,208800.0,f
r2856,Ej4 loco,344000.0,f
r2857,0319 C minor,306000.0,f
r2858,Caxino Queen,200000.0,f
r2859,Draggin Taie,112000.0,f
r2860,Caravan,525214.0,f
r2861,Verta pornoa  propagandaa,235133.0,f
r2862,Bä bä vitw lamm,122000.0,f
r2863,Toinen aikakirja 2 Aik 21 Joram Juudan kuninkaana,251400.0,f
r2864,Eray,280440.0,f
r2865,She Suits Me to a T,272133.0,f
r2866,Hopla  żyjerny,231000.0,f
r2867,Casino Queem,200000.0,f
r2868,Past Present  Future Rock n Roll,164000.0,f
r2869,Глюк,,f
r2870,Fugue for Rhythm Seftion,179000.0,f
r2871,Fugue for Rhytbm Section,179000.0,f
r2872,SOS Fire in the Sky,241360.0,f
r2873,Sunset Killer,197000.0,f
r2874,Jerk,253960.0,f
r2875,Main Title  Atomic Montage,208000.0,f
r2876,Beach Party Diamond Beach 15 second version,15000.0,f
r2877,Adrifg,290000.0,f
r2878,Hello,125653.0,f
r2879,Annie Street Rock,194000.0,f
r2880,Tiahuanaco,353000.0,f
r2881,Mais ou est le chat Pattes de velours  Petit cri petit cra  Je fais ma toile,124386.0,f
r2882,Crawlspaces,247000.0,f
r2883,Jingle Bells,167715.0,f
r2884,Well Enough Alone,258826.0,f
r2885,Island Fever,305960.0,f
r2886,הדרכים הידועות,331466.0,f
r2887,Vivisection live,197253.0,f
r2888,Missing Darla,318840.0,f
r2889,Serenade for Strings in E major op 22 IV Larghetto,363000.0,f
r2890,Island Feyer,305960.0,f
r2891,Ill Praise God Forever for Sending His Son,183000.0,f
r2892,Shiva Lingam,348000.0,f
r2893,The Rescue,139000.0,f
r2894,Young Devil,225000.0,f
r2895,What Am I Living For,175000.0,f
r2896,Feels Like Im in Love,198000.0,f
r2897,Sleeping in Paris,247426.0,f
r2898,Desert People,309000.0,f
r2899,Alteref,271000.0,f
r2900,Alfama,226866.0,f
r2901,Over the Rainbow,165973.0,f
r2902,Poor Black Mattie,189000.0,f
r2903,Mister Mister Scarface,263466.0,f
r2904,Furry Lewis Rag,119360.0,f
r2905,In the Wee Small Hours of the Morning,164000.0,f
r2906,A Love of Adventure 20,20000.0,f
r2907,Jungle Kitty,180133.0,f
r2908,Mp3com Sucks Dirty Fucking Donkey Ass,31000.0,f
r2909,Til We Meet Again,110000.0,f
r2910,Bloodline,272040.0,f
r2911,Nation Of Domonation,94786.0,f
r2912,Bä bä v'lta lamm,122000.0,f
r2913,Action in the Streets,358826.0,f
r2914,The Sheil of Scrubby Creek,143400.0,f
r2915,Owner of Her Heart,221480.0,f
r2916,Woulda Coulda Shoulda I Guess,2200.0,f
r2917,Huitzilopotchli,190000.0,f
r2918,Alburn Snippets,174000.0,f
r2919,Shes the One,390013.0,f
r2920,Rambo mit Brille,98466.0,f
r2921,Phoenkx,346000.0,f
r2922,Mountains Are Dreaming,,f
r2923,Embracw My Affliction,256000.0,f
r2924,Finest Worksong Mutual Drum Horn mix,231173.0,f
r2925,Blsst Up 3rd Ave,87000.0,f
r2926,Louises Mav4dans,207000.0,f
r2927,Aruzlami,156720.0,f
r2928,Twen5y,142933.0,f
r2929,9951 Presto 6m 36s,501973.0,f
r2930,She Moved Through the Fair Trad,169000.0,f
r2931,Hunger Strike,78493.0,f
r2932,The Wonderful World of Christmas,117000.0,f
r2933,Apollo et Hyacinthus K 38 Act III Chorus II No 9 Ter2etto Tandem post turbida fulmina Apollo Melia Oebalus,176000.0,f
r2934,YRO,195773.0,f
r2935,The Sheil of Scrubby Creek,143400.0,f
r2936,Where Are Tyey Now,250840.0,f
r2937,GRN Aventurine,295000.0,f
r2938,Take Me Tonight Neq Version,243000.0,f
r2939,Айда,233000.0,f
r2940,Intro,19000.0,f
r2941,Forever and Ever Amen,204173.0,f
r2942,25 Seconds,285000.0,f
r2943,The Heart of Worship,343093.0,f
r2944,Stone Cold Dead,328400.0,f
r2945,Hussjörövero,,f
r2946,DeerTay,250000.0,f
r2947,Oh What a Beautiful Morning,174693.0,f
r2948,Sence of Storm,,f
r2949,Shhal Nabghik Ya Mimouna How Much I Like You,290440.0,f
r2950,Never Again,213640.0,f
r2951,Konzert Fdur für zwei Hörner und Orchester  Romance  Adagio,221000.0,f
r2952,Hes Got the Whole World in His Hands,74933.0,f
r2953,String Quartet in G D887 IV Allegro assai,677000.0,f
r2954,Phantom Dream,217386.0,f
r2955,Whining Machine,181000.0,f
r2956,Celebrate Life,231000.0,f
r2957,Tommys Mood,264000.0,f
r2958,Principe de los dolidos,263000.0,f
r2959,Dado Sado versjon,213200.0,f
r2960,Writing S3ssion,172214.0,f
r2961,Reclusion,211080.0,f
r2962,Hanging Around,216346.0,f
r2963,Imagine,366506.0,f
r2964,Lover Man,293000.0,f
r2965,untitled,121000.0,f
r2966,Autrement quetre,296000.0,f
r2967,In Search of Knowledge,270000.0,f
r2968,Simon Says,134000.0,f
r2969,Same Old Thang,290000.0,f
r2970,Dance Dance Dance vocal overdub,137000.0,f
r2971,Give It Up,240000.0,f
r2972,Sydtem III,174000.0,f
r2973,Davy Crockett,307173.0,f
r2974,LXC,253026.0,f
r2975,Shenandoah,247800.0,f
r2976,Blue Lambency Downward,599826.0,f
r2977,Action in the Streets,358826.0,f
r2978,One・Two・Three  Th3 摩天楼ショー 15秒30秒スポット,,t
r2979,A SmoOOth One,199000.0,f
r2980,More Party at Gunthers Dialogue Jack Lemmon Peter Lawford Catherine Deneuve ,,f
r2981,Novi sani,212000.0,f
r2982,En vie,443840.0,f
r2983,Dada Da Ching,337733.0,f
r2984,Cai no samba,211013.0,f
r2985,Night on Bald Mountain,164000.0,f
r2986,9 Inches of Pure Malice,138133.0,f
r2987,Train yo Tijuana,30000.0,f
r2988,Always Up to No Good underscore 60 second version,60000.0,f
r2989,Night on Bald Mouhtain,164000.0,f
r2990,Jacks Slumber Party,270400.0,f
r2991,Rose of the Rio Grande LeslieWarrenGorman,145906.0,f
r2992,DOG COPS,208630.0,f
r2993,Never Again The Dancer,305400.0,f
r2994,Frozen Silence,189000.0,f
r2995,Fancy Dancer,211706.0,f
r2996,Meanwhile in Afghanistan,231000.0,f
r2997,Happy Birthday,236093.0,f
r2998,The Strangest Callings,357093.0,f
r2999,No ruLe Off Vocal,233000.0,f
r3000,Outcqst,229880.0,f
r3001,You and the New World,173893.0,f
r3002,The Only Girl When Youre Away,200826.0,f
r3003,Jump on It,250093.0,f
r3004,Flavoursaver,648000.0,f
r3005,Modern Mystery,,f
r3006,無名小卒,217000.0,f
r3007,カラフル☆DRIVE,252400.0,f
r3008,On Our Own,290000.0,f
r3009,Olmasa Msktubun,214466.0,f
r3010,A Decision,248000.0,f
r3011,Kilk Your Children,281866.0,f
r3012,Intermission,26000.0,f
r3013,Random Development,242000.0,f
r3014,Motivators,200000.0,f
r3015,County Fair,410773.0,f
r3016,Down at the Miracle,205000.0,f
r3017,Molotodd Cocktail,112426.0,f
r3018,Bridge of Spirita,341747.0,f
r3019,Falling Hard and Going Soft,56000.0,f
r3020,I Do Like to Be Beside the Seaside 1,115000.0,f
r3021,Spa,51760.0,f
r3022,Shift,,f
r3023,Lacewings,224466.0,f
r3024,Approximate,109266.0,f
r3025,Sing Ou5 Own Song,230000.0,f
r3026,Kissing You,232880.0,f
r3027,ǤlitchⱲitch,269000.0,f
r3028,Good Sign album version,183666.0,f
r3029,Сладкая N,183000.0,f
r3030,Cocula,180000.0,f
r3031,Olmasa Mektubun,214466.0,f
r3032,Killer Groove,29000.0,f
r3033,Killer Groove,29000.0,f
r3034,Killer Groove,29000.0,f
r3035,Call It L,228093.0,f
r3036,Call It L,228093.0,f
r3037,Call It L,228093.0,f
r3038,Wild Mountain Thyme,156000.0,f
r3039,Die Likr Us,206000.0,f
r3040,The Martyrs Lounge,247093.0,f
r3041,How,281800.0,f
r3042,Bee Eye,177000.0,f
r3043,You Mal<e Me Feel Brand New,312106.0,f
r3044,All Night Long,166520.0,f
r3045,Give Me Time,190626.0,f
r3046,Run Baby Run,294373.0,f
r3047,Modern Mystery,,f
r3048,Za korunami 5tromov,38000.0,f
r3049,Night Time livr,304000.0,f
r3050,Night Time live,304000.0,f
r3051,Hindistan,199000.0,f
r3052,Hindustan,199000.0,f
r3053,Youve Gotta Have Love in Your Soul,169000.0,f
r3054,untitked,121000.0,f
r3055,Desire,179466.0,f
r3056,Our Last Meeting,65985.0,f
r3057,Hedgehog Massacre,66000.0,f
r3058,Intro,,f
r3059,Wayside Wells,,f
r3060,Cult,280000.0,f
r3061,Wild Streets,202285.0,f
r3062,blue demo,106000.0,f
r3063,Gentle Art of Swimming edit,565813.0,f
r3064,Chop Sockey Battle,66000.0,f
r3065,The Age of Spectacles,257000.0,f
r3066,So I Sayef You Die,218000.0,f
r3067,All Night Long,166520.0,f
r3068,El médico del miedo,233466.0,f
r3069,The Coming of Ebony Skies,,f
r3070,Set for seizure feat Gentlerain,373280.0,f
r3071,Blood Is Thin,,f
r3072,Tell Me Tell Me,238226.0,f
r3073,Psalm 3 O Seigneur que de gents SwWV 31,169000.0,f
r3074,Stagger Lee,201560.0,f
r3075,Crossed Wires,186933.0,f
r3076,Hopla  żyjemy,231000.0,f
r3077,Lirik on Outer Space,490000.0,f
r3078,Partir y renunciar,,f
r3079,Foundation,250000.0,f
r3080,September 22nd 2010,511000.0,f
r3081,Brownskin Mama,110000.0,f
r3082,Buy Me Back From the Dead,95000.0,f
r3083,NewBorn 29,29000.0,f
r3084,NewBorn q9,29000.0,f
r3085,Neon,61413.0,f
r3086,Gone,207306.0,f
r3087,23 версия 2,,f
r3088,Something Beautiful,227746.0,f
r3089,PAMS for the 90sPart Deux,372000.0,f
r3090,Heut ist mein Tag Blümchen vs Roh mix,186640.0,f
r3091,La Vie,271000.0,f
r3092,NATO,223000.0,f
r3093,チャプタークレジット,12000.0,f
r3094,Interlúdio,,f
r3095,On Tour,326360.0,f
r3096,Lost Toy,368000.0,f
r3097,Good Times Comin My Way,243346.0,f
r3098,Permanent Smile,233026.0,f
r3099,Impossible You,150000.0,f
r3100,小判一両 出囃子「宮神楽」〜笊屋と小判,496000.0,f
r3101,Ready to Fall in Love extended mix,225000.0,f
r3102,Für immer wie heute,187493.0,f
r3103,Poema  A Ferida Das Ruas,129000.0,f
r3104,Morguray,219000.0,f
r3105,Fire Below,250000.0,f
r3106,Tandeta w modzie,152293.0,f
r3107,Wheeler,112200.0,f
r3108,Gorgeous Nigbtmare,196000.0,f
r3109,Make Believe,214000.0,f
r3110,Schutzpatron z4,215000.0,f
r3111,La Cucuracha,153106.0,f
r3112,Why Do Lovers Break Each Others Hearts,199333.0,f
r3113,Nikolaus und Weihnachtsmann,172866.0,f
r3114,Now Im Feeling Zombiefied live,480000.0,f
r3115,Waiting for Today to Happen,214333.0,f
r3116,The Magicians Apprentice,302000.0,f
r3117,Surprise,82000.0,f
r3118,Phase Shift,331191.0,f
r3119,Sugar Mice,181066.0,f
r3120,Grains of Sand,49000.0,f
r3121,Energy Crisis 79,141000.0,f
r3122,Wem Gott will rechte Gunst erweisen Potpourri,219640.0,f
r3123,Nocturne No 6 in G minor Op 15 No 3,244000.0,f
r3124,Heavy Mental,89880.0,f
r3125,Looking at Yo8 live,354000.0,f
r3126,Heavy Mental,89880.0,f
r3127,Audio Message,12000.0,f
r3128,O Vos Omnes  Pablo Casals,237226.0,f
r3129,Angel Eyes Delusion Inc remix,353000.0,f
r3130,Lookin9 at You live,354000.0,f
r3131,Ana Ayni Li Habibi,348440.0,f
r3132,Long Way to Africa,395226.0,f
r3133,Call It Love,255133.0,f
r3134,I Do Like to Be Beside the Seaside 1,115000.0,f
r3135,Waiting for Today to Happen,214333.0,f
r3136,Chitty Chitty Bang Bang 3,71493.0,f
r3137,Tortured Heroine,309666.0,f
r3138,data track,2101000.0,f
r3139,The Stranger,,f
r3140,Make the Change,260000.0,f
r3141,Sing Oue Own Song,230000.0,f
r3142,An Alien Heat,449000.0,f
r3143,Lost Faith full mix,119000.0,f
r3144,Taking Control Tomorrow,131000.0,f
r3145,Nice Shot,291400.0,f
r3146,Chasing Strings,14000.0,f
r3147,The Fridge,209133.0,f
r3148,Dei Freind,178000.0,f
r3149,Linger Awhile,190000.0,f
r3150,Television Medley Unamerican Bandstand,365466.0,f
r3151,Mes vacances à Rio original mix,392000.0,f
r3152,Send in the Clones,226000.0,f
r3153,HeartShaped Glasses,,f
r3154,So Instinctual,286120.0,f
r3155,Vesper Sparrow  Lark Sparrow,70000.0,f
r3156,Mit dem UBoot in die Tiefe,297000.0,f
r3157,Herzblut 84,339000.0,f
r3158,I Need You,171000.0,f
r3159,A escondidas,262000.0,f
r3160,Technotrance,374000.0,f
r3161,Ole dole doff,130693.0,f
r3162,Nem9j,228946.0,f
r3163,Goodbye For Now,368826.0,f
r3164,You Should Know,156000.0,f
r3165,Independance Day feat Lino,225000.0,f
r3166,Medicine Wheel,112760.0,f
r3167,Dovid Shpil Es Nokh Amol Play It Again Dave,165600.0,f
r3168,Rush medley Different strings  Analog kid  La villa strangiato,455000.0,f
r3169,Darling Je Vous Aime Beaucoup,222733.0,f
r3170,一人ぼっちの二人,216466.0,f
r3171,Clergys Lamentation  Separation of Soul and Body,227426.0,f
r3172,Litytle Brown Jug,,f
r3173,Fire,161000.0,f
r3174,20010817,,f
r3175,Introducing A Satyred Love,208920.0,f
r3176,Seek Ye First  Pachebels Canon,138106.0,f
r3177,Funky Siul,40000.0,f
r3178,All I Wanted,233386.0,f
r3179,Supermarket,182186.0,f
r3180,Taikaysko,253000.0,f
r3181,A natureza das coisas,274000.0,f
r3182,Alicia,346106.0,f
r3183,These Memories,,f
r3184,Gone on the Other Hand,,f
r3185,Faceless Dirty Bedroom Folk,189000.0,f
r3186,You Wont Let Me Down,280000.0,f
r3187,Life Science,182000.0,f
r3188,The Regular,214280.0,f
r3189,Merry Christmas Baby,196000.0,f
r3190,פגישה לאין קץ,257293.0,f
r3191,People Hold On radio edit,175543.0,f
r3192,My Street,278907.0,f
r3193,Ides of March,29000.0,f
r3194,Mai Tai,327493.0,f
r3195,Love Money Can Buy,,f
r3196,Blessed Be tbe Name,190506.0,f
r3197,UP ALL NIGHT,178050.0,f
r3198,Slow Rising Part 2,200506.0,f
r3199,Ides lf March,29000.0,f
r3200,Dat Niggw Dere,220000.0,f
r3201,Kinetic Theory,393000.0,f
r3202,White Dwarf Drone,34000.0,f
r3203,Завтра,267000.0,f
r3204,A little piece,38240.0,f
r3205,Love is the Only Way,264000.0,f
r3206,Cheers to Us,190000.0,f
r3207,Fiesta,134000.0,f
r3208,In the Hood,82000.0,f
r3209,The Evening Country,140000.0,f
r3210,Just Fly,264220.0,f
r3211,Where Are They Now,250840.0,f
r3212,Everything Is Broken,289320.0,f
r3213,Goin Down Slow,335000.0,f
r3214,Come on In,154946.0,f
r3215,7M6 EC Part 2,,f
r3216,Estw Son,350666.0,f
r3217,Really the Blues,216333.0,f
r3218,Cleopatras Dream,237186.0,f
r3219,No Wav,222000.0,f
r3220,Some Guys Have All ghe Luck,187000.0,f
r3221,Some Guys Have Al| the Luck,187000.0,f
r3222,Piece of sss,219640.0,f
r3223,No Wsy,222000.0,f
r3224,By the Waterz Edge b,8000.0,f
r3225,Partypiepel,187293.0,f
r3226,By the Waters Eclge b,8000.0,f
r3227,Ciao Baby,40440.0,f
r3228,Rise of the Seraphim,194000.0,f
r3229,約束,206573.0,f
r3230,Lost Chances,217986.0,f
r3231,Damnesia,268226.0,f
r3232,Monkey,173733.0,f
r3233,Improvvisamente,415746.0,f
r3234,Beneath the Skin chamber mix,275000.0,f
r3235,Hanging On,326000.0,f
r3236,Right or Wrong,158000.0,f
r3237,The Devil Always Wins,180653.0,f
r3238,Done Gone Blue,230813.0,f
r3239,Bear Youngs Done In,217000.0,f
r3240,I Believe,472000.0,f
r3241,Feels Like Im in Love,197333.0,f
r3242,The Little Diakond Polka,35000.0,f
r3243,unknown,,f
r3244,Cartas sin marcar,264866.0,f
r3245,Haul Awsy,208960.0,f
r3246,War in the Head,46880.0,f
r3247,Requiem Cooh remix,573000.0,f
r3248,The Longest Day  Part IV Depression,416400.0,f
r3249,Outcaat,229880.0,f
r3250,Automatic Writing By the Moon 2,82160.0,f
r3251,Leila Marakasa,369000.0,f
r3252,Oops the Troops  Away We Go  Shiftycraft  Dead for Real,212000.0,f
r3253,À la viw,224000.0,f
r3254,Blackwaterside,222000.0,f
r3255,À la vje,224000.0,f
r3256,This Kingdom,299000.0,f
r3257,Dive into the colors,281000.0,f
r3258,Boom Zen Mechanics remix,588000.0,f
r3259,Desperation,415000.0,f
r3260,Le Dernier Homme,182000.0,f
r3261,Down,221813.0,f
r3262,Blues in tye Night,185266.0,f
r3263,Even Megan Fox Looks Better on Myspace,,f
r3264,Big Knock,259000.0,f
r3265,I Wanted You,110444.0,f
r3266,Du kannst mir mal ein kleines bißchem treu sein,152093.0,f
r3267,Relaz,,f
r3268,Du kannst mir mal ein kleines bißchen treu sein,152093.0,f
r3269,La Vie dartiste,190000.0,f
r3270,Flash of Love wild style,145200.0,f
r3271,You Dont Gotta Run,191000.0,f
r3272,Disperazione e caos,158000.0,f
r3273,Hatasız Kul Olmaz live,320706.0,f
r3274,מקימי,305693.0,f
r3275,Tuttles,146000.0,f
r3276,Zor kadon,228626.0,f
r3277,Zor kzdin,228626.0,f
r3278,Open Road,241000.0,f
r3279,Base of Brutality,209000.0,f
r3280,Moving Lands,261000.0,f
r3281,Movin9 Lands,261000.0,f
r3282,Me Voy,,f
r3283,Dont Give A Damn Justin Time Remix,327000.0,f
r3284,Zihuatanejo,782720.0,f
r3285,Anatolian Delux rthnic mix,277000.0,f
r3286,Anatoliqn Delux ethnic mix,277000.0,f
r3287,unknowm,204000.0,f
r3288,Dancing in the Dark,303040.0,f
r3289,Undyinh,365000.0,f
r3290,Undying,365000.0,f
r3291,Lesters Mood,300986.0,f
r3292,Absourdo,261000.0,f
r3293,Its the Only One Youve Got,263906.0,f
r3294,Gebet im Garten  Markus 1432  50,,f
r3295,Modern Country,183853.0,f
r3296,If Youre Gonna Play in Texas You Gotta Have a Fiddle in the Band,268026.0,f
r3297,Silent Night,139133.0,f
r3298,Sick Is the One Who Adores Me,327000.0,f
r3299,Cijéma cinéma,192000.0,f
r3300,Blowin Up a Storm,205400.0,f
r3301,Rejoice snd Sing from Christmas Oratorio,54333.0,f
r3302,Mama,150000.0,f
r3303,RocknRoll,222000.0,f
r3304,The Witchs Dance,481466.0,f
r3305,Angel Eyes Delusion Inc remix,353000.0,f
r3306,Second Firdle,139000.0,f
r3307,Outro,135573.0,f
r3308,Me  Mrw Jones,276000.0,f
r3309,Me  Mr5 Jones,276000.0,f
r3310,Profvsion of Detail,269000.0,f
r3311,Sodom  Begorra,216266.0,f
r3312,In the House DownNMy Speed mix,,f
r3313,MacGintys Meal and Ale,357400.0,f
r3314,Prelud4,168773.0,f
r3315,Historic Site Of Scenic Beauty 1,179960.0,f
r3316,守护,,f
r3317,Night on Bald Mountain,164000.0,f
r3318,Evolving Worlds 60 second version,60000.0,f
r3319,Gone But N0t Vergotten,205426.0,f
r3320,Hand ij Hand,198066.0,f
r3321,Hand ih Hand,198066.0,f
r3322,Cleano,153000.0,f
r3323,How Many More Times live at Shepherds Bush Empire,679533.0,f
r3324,The Fields of St Etienne,238440.0,f
r3325,Tuyau de Guidage,345000.0,f
r3326,White Line Fever Die Autobiografie Teil 4,61720.0,f
r3327,La tanta,188000.0,f
r3328,Six Man Band,134000.0,f
r3329,Hold That Sucker Down Dual Bass Rock club mix,154266.0,f
r3330,Bad Revisited,257000.0,f
r3331,Alright,272000.0,f
r3332,Fed Net  Epilogue,105786.0,f
r3333,Playground 60 second versiob,60000.0,f
r3334,All Machines Are Quiet Andre Obin Remix,197760.0,f
r3335,Alwaya Christmas,271880.0,f
r3336,The Bare Necessities,220640.0,f
r3337,Calling Lady Liberty,31000.0,f
r3338,I Know What Rhymes With Orange,237000.0,f
r3339,The Eternal Horizon,663680.0,f
r3340,Late,165946.0,f
r3341,Island Fever,305960.0,f
r3342,Come On People,395266.0,f
r3343,Phoenix,346000.0,f
r3344,Keep It Together,,f
r3345,Seagreen Serenades,208160.0,f
r3346,Odyssee zu neuen Sternen Freude schöner Götterfunken,189000.0,f
r3347,Raise the Roof,242666.0,f
r3348,My Melancholy Baby,,f
r3349,Ekpty Rooms,590000.0,f
r3350,Utanför,353000.0,f
r3351,Uhauls  Ryders,200946.0,f
r3352,Hi Line,465000.0,f
r3353,Intro,117333.0,f
r3354,La nave live,155000.0,f
r3355,Comme il faut,153186.0,f
r3356,無名小卒,217000.0,f
r3357,Mal8bu Mix,30000.0,f
r3358,Im a Believer,185813.0,f
r3359,Silencio,165000.0,f
r3360,Miami,247404.0,f
r3361,Sailor,200680.0,f
r3362,Tell It Like It Is,269600.0,f
r3363,Opus 37,322000.0,f
r3364,Leg mich ib Ketten,264680.0,f
r3365,Chaptet 19,315666.0,f
r3366,untitlsd,9520.0,f
r3367,untitied,9520.0,f
r3368,untitoed,9520.0,f
r3369,Titi Rose au cœur,218000.0,f
r3370,Hangin Out 1988 energy demos,78826.0,f
r3371,Haul Away,208960.0,f
r3372,Ooh Ooh,139973.0,f
r3373,The Vortex Void of Inhumanity,141026.0,f
r3374,Fa Fa,287626.0,f
r3375,Mother Earth a,195000.0,f
r3376,Verkündigung,482933.0,f
r3377,Entity,5000.0,f
r3378,Mietek chono tutej,404000.0,f
r3379,Heavu Mental,89880.0,f
r3380,Sugar Mice,181066.0,f
r3381,And You Shine full mix,173000.0,f
r3382,Intermission,54000.0,f
r3383,If You Go Away,221600.0,f
r3384,Impetigo Contagiosa,19000.0,f
r3385,La noche,365000.0,f
r3386,Fat Beats,36520.0,f
r3387,La n0che,365000.0,f
r3388,Cinéma cinéma,192000.0,f
r3389,If Youre Gonna Play in Texas You Gotta Have a Fiddle in the Band,268026.0,f
r3390,Like a Rolling Stlne,731000.0,f
r3391,I Want My Baby,145226.0,f
r3392,Updated Weather Information,26789.0,f
r3393,Note It Bled As If It Had Bee,98000.0,f
r3394,Lizard Point,239173.0,f
r3395,Cool Peopoe Skit,4000.0,f
r3396,Handful of Keys,186573.0,f
r3397,Intro,95000.0,f
r3398,Confusion,279000.0,f
r3399,Sommerwind,204280.0,f
r3400,Someday,315800.0,f
r3401,Sleep Paralysis,167000.0,f
r3402,Nordcore Attack Rapid S remix,274000.0,f
r3403,Ich atme ein ich atme aus,254000.0,f
r3404,Now Im Feeling Zombiefied live,480000.0,f
r3405,さよならは踊る,,f
r3406,Alb8m Snippets,174000.0,f
r3407,Arualami,156720.0,f
r3408,Cold Blue Sky,250000.0,f
r3409,Yemen Elleri,370040.0,f
r3410,Yemen Eoleri,370040.0,f
r3411,Pack a Cellphone Full of Explosives,115000.0,f
r3412,Getting Light,64306.0,f
r3413,Lúltima,171000.0,f
r3414,Colossal,237000.0,f
r3415,Królowie życia,267000.0,f
r3416,Untitled Improvisation,305000.0,f
r3417,Charanga En New York,286386.0,f
r3418,Wem Gott will rechte Gumst erweisen Potpourri,219640.0,f
r3419,Bring Me Back Morels club mix,387000.0,f
r3420,Wem Gott will rechre Gunst erweisen Potpourri,219640.0,f
r3421,Men Behind the Wire,159493.0,f
r3422,Solitude Is Bliss,148000.0,f
r3423,Uns Verbrennt Die Nacht,179000.0,f
r3424,Seculat World,252000.0,f
r3425,Leafless,142000.0,f
r3426,In ben een ster,179000.0,f
r3427,Hey Girl Youve Won My Heart,192013.0,f
r3428,Silver  Gold instrumental,250000.0,f
r3429,冥界,,f
r3430,Dark Night,227201.0,f
r3431,Die Like Ua,206000.0,f
r3432,Lil Red Riding Hood,219000.0,f
r3433,Träum weiter,222000.0,f
r3434,Träuk weiter,222000.0,f
r3435,Colore,294440.0,f
r3436,Tali,233613.0,f
r3437,Animal Instinct,30000.0,f
r3438,Want to Fly Away,315973.0,f
r3439,Bomba,219000.0,f
r3440,Tuyau de Guidage,345000.0,f
r3441,Engine,,f
r3442,If You Want Me,160026.0,f
r3443,Frankls Revenge,268466.0,f
r3444,We Are Waiting,225533.0,f
r3445,It Is Well With My Soul,269186.0,f
r3446,Intro,57000.0,f
r3447,Ressaca,231000.0,f
r3448,Cantiga 166,186000.0,f
r3449,Littlr Bird,186800.0,f
r3450,Digidub,309000.0,f
r3451,Pidä huolta,171800.0,f
r3452,Cétait toi cétait moi cétait nous Yester Me Yester You Yesterday 1969,170000.0,f
r3453,Damned Nation,30000.0,f
r3454,It Hasnt Happened Yet,204800.0,f
r3455,Verbazing,174893.0,f
r3456,Breed,,f
r3457,All You Pretty Girls,222000.0,f
r3458,Emmanuelle,200960.0,f
r3459,Universal Funeral,164200.0,f
r3460,Zahir Diperbatasan,354000.0,f
r3461,Rondo for Celoo and Orchestra in G minor Op 94,502000.0,f
r3462,Rindo for Cello and Orchestra in G minor Op 94,502000.0,f
r3463,Rondo for Cello and Orxhestra in G minor Op 94,502000.0,f
r3464,Loving You,192506.0,f
r3465,Francisco Cabrerra From Pico Rivera,64000.0,f
r3466,Scissors Paper Stone,429000.0,f
r3467,Into Twilivht,382000.0,f
r3468,Тайны незримых миров,343200.0,f
r3469,Automobiles,140346.0,f
r3470,Seiitenrinengi,2217000.0,f
r3471,silence,4360.0,f
r3472,Proteus,259760.0,f
r3473,Ursuline,283386.0,f
r3474,They Have Been Here Earlier,399000.0,f
r3475,Historic Site Of Scenic Beauty 1,179960.0,f
r3476,Axe Murderer,64000.0,f
r3477,Live Your Life,223000.0,f
r3478,La det aldri skje igjen,230880.0,f
r3479,Psalm 104 Bless the Lord,404373.0,f
r3480,Elrepülni jó lrnne,223000.0,f
r3481,Mary Had a Little Lamb,55293.0,f
r3482,UnEasy Does It,248000.0,f
r3483,Majesty,463986.0,f
r3484,Dennis,275000.0,f
r3485,Vibes From the Tribe 8track version,506960.0,f
r3486,Geef de zee aan de zeeman,300000.0,f
r3487,Magic Theatre,158733.0,f
r3488,Escape from the Bee Hive,370946.0,f
r3489,Глюк,,f
r3490,We Still Fight,95093.0,f
r3491,Start the Engine,357000.0,f
r3492,Natural Brilliance Produced by Primate,228980.0,f
r3493,Monsoon Sugai Distortional mix,199000.0,f
r3494,Cells,289960.0,f
r3495,The Cry5tal Cat,228000.0,f
r3496,Eventide,226000.0,f
r3497,DMAEnergy Megamix,1025360.0,f
r3498,Here for Love  An Erotic End of Times Remix,307000.0,f
r3499,Computerliebe,311000.0,f
r3500,My Best Friends Wedding Do You Really Love Film,119000.0,f
r3501,Karmacoma,330920.0,f
r3502,Gorgeovs Nightmare,196000.0,f
r3503,オリンピック,174066.0,f
r3504,Ghosts of Mosman,,f
r3505,The Shepherds Farewell,348973.0,f
r3506,New Temptation,204760.0,f
r3507,Lars rettet die Rentiere,606453.0,f
r3508,One Good Reason to Stay,248000.0,f
r3509,은인,267000.0,f
r3510,Al bosta,535000.0,f
r3511,Lone Wagon,337000.0,f
r3512,Someone Somewhere Its Now Rise 1,21000.0,f
r3513,My Word My Way,54560.0,f
r3514,Bruce And Annette Jazz,175000.0,f
r3515,Eemina,272000.0,f
r3516, and Then,36000.0,f
r3517,Watch Me,187000.0,f
r3518,Have Mercy,,f
r3519,A Rockin Good Way To Mess Around and Fall in Love,148560.0,f
r3520,Watcb Me,187000.0,f
r3521,Watcn Me,187000.0,f
r3522,Have You Heard,,f
r3523,Another Da7,188305.0,f
r3524,Cover Me,126226.0,f
r3525,Princess Ida Act III When anger spreads his wing Chorus,80200.0,f
r3526,Here I Go Again,,f
r3527,Two Thousans Miles From Here,389000.0,f
r3528,Two Thousand Miles From Here,389000.0,f
r3529,Feo pero sabroso,309866.0,f
r3530,Mais ou est le chat Pattes de velours  Petit cri petit cra  Je fais ma toile,124386.0,f
r3531,Youll Be Mine,159174.0,f
r3532,Katolon,418080.0,f
r3533,Bridge Street Set,239040.0,f
r3534,My MailOrder Bride,,f
r3535,Watch Mw,187000.0,f
r3536,Unforgettaboe live,256000.0,f
r3537,Dony Care,210000.0,f
r3538,Historien om Signe,47533.0,f
r3539,Eddie My Love,134000.0,f
r3540,Send Me Some Snow,195000.0,f
r3541,Permanent Smile,233026.0,f
r3542,Swirly Gates narration,30000.0,f
r3543,Old Friends,60000.0,f
r3544,Untitled,,f
r3545,Never Stop,176466.0,f
r3546,This Girls in Love With You,218626.0,f
r3547,Worldwide,226000.0,f
r3548,Papertown,189027.0,f
r3549,I Never Ever,194000.0,f
r3550,Bitch,63600.0,f
r3551,The Day My Body Vaporized,84000.0,f
r3552,Vynas ir laikas,282000.0,f
r3553,God Rest Ye Merrt GentlemenPatapan,237693.0,f
r3554,God Rest Ye Merry GentlenenPatapan,237693.0,f
r3555,I Still Love You,120000.0,f
r3556,Little Light of Mine,207933.0,f
r3557,I Want You,264493.0,f
r3558,Red Line,321986.0,f
r3559,Kære kvinder,82000.0,f
r3560,Outcast,229880.0,f
r3561,Returning,402000.0,f
r3562,Embrace My Afflivtion,256000.0,f
r3563,Adrift,290000.0,f
r3564,Yli koskien,40000.0,f
r3565,Hudood Ordinance,539813.0,f
r3566,Keep on Rockin Jove 42mpm,250920.0,f
r3567,Bä bä vita lamm,122000.0,f
r3568,둘이서,153000.0,f
r3569,Mama Im Coming Home,286333.0,f
r3570,Drag Them Diwn,340720.0,f
r3571,Solitude,190000.0,f
r3572,Suco de quiabo,,f
r3573,Call to Worship,280093.0,f
r3574,Ocker 6,221573.0,f
r3575,Sunstroke House,317080.0,f
r3576,Missing Darla,318840.0,f
r3577,Mais ou est le chat Pattes de velours  Pe5it cri petit cra  Je fais ma toile,124386.0,f
r3578,Drag Then Down,340720.0,f
r3579,Навозные мухи,194000.0,f
r3580,Badda Than Ninja,233720.0,f
r3581,For Youe Will,246840.0,f
r3582,Playground 60 second version,60000.0,f
r3583,silence,4000.0,f
r3584,Peito sangrando,184213.0,f
r3585,Mais ou est le chat Pattes de felours  Petit cri petit cra  Je fais ma toile,124386.0,f
r3586,FOAD,166000.0,f
r3587,In Dreamw,222666.0,f
r3588,嘿我要走了,,f
r3589,Seasons,358000.0,f
r3590,Kosinski,232000.0,f
r3591,Finale,266146.0,f
r3592,Shhal Nabghik Ya Mimouna How Much I Like You,290440.0,f
r3593,Ya Robbana,285000.0,f
r3594,Observe,259920.0,f
r3595,Gloria,298000.0,f
r3596,Boogie,187600.0,f
r3597,The law of the Lord is perfect,206066.0,f
r3598,Rub a Little Lotion,358000.0,f
r3599,Rub a Littje Lotion,358000.0,f
r3600,Rub a Little Lotion,358000.0,f
r3601,Fire,284840.0,f
r3602,ホトトギス,184000.0,f
r3603,Focus on Sanity,735066.0,f
r3604,Swirlypants 2,77000.0,f
r3605,Unforgettable live,256000.0,f
r3606,And So It Goes,,f
r3607,Primetime n alternative version,6000.0,f
r3608,One More Work Song Bljes,,f
r3609,Goin Down Slow,335000.0,f
r3610,A Clowns Lost Love stinger,15000.0,f
r3611,Sextacy Swinger original mix,395000.0,f
r3612,Carpe diem,273000.0,f
r3613,Voice of Heart オリジナルカラオケ,317146.0,f
r3614,Psalm,276000.0,f
r3615,Jazz  Drums,215000.0,f
r3616,Me  Mrs Jones,276000.0,f
r3617,Radioactive extended edit,283000.0,f
r3618,One With Hats,,f
r3619,Bioman,177066.0,f
r3620,Die schönste Stunde am Tag,364333.0,f
r3621,Approaching Storm edit,30000.0,f
r3622,That Noise,129973.0,f
r3623,That Noose,129973.0,f
r3624,Zillertaler Hochzeitsmarsch,199000.0,f
r3625,Dont Czre,210000.0,f
r3626,Shining Br0w,237000.0,f
r3627,Ornithology A,267666.0,f
r3628,Scared,526720.0,f
r3629,Träum weiter,222000.0,f
r3630,Mr  Mrs,59000.0,f
r3631,Motivators,200000.0,f
r3632,Evelina,189066.0,f
r3633,New Temp5ation,204760.0,f
r3634,The Family Season,29000.0,f
r3635,Plan B,289346.0,f
r3636,I Want You,264493.0,f
r3637,Cant Have You,270000.0,f
r3638,All I Want,,f
r3639,Sweetie,165413.0,f
r3640,Nemoj,228946.0,f
r3641,Besame Mucho,161000.0,f
r3642,Nihalis Song,202000.0,f
r3643,Ran Away to the Top of the World Today,398266.0,f
r3644,On Broken Shells of Crystal Dreams 1998,137334.0,f
r3645,Le Canon des sourds,170426.0,f
r3646,Die Like Us,206000.0,f
r3647,Its Over mix,529760.0,f
r3648,Floatin Down to Cotton Town,139000.0,f
r3649,茶漬えんま,1941266.0,f
r3650,Ladyhawke,141000.0,f
r3651,Comme il faut,153186.0,f
r3652,Idomeneo K 366 No 19 Aria Zeffiretti lusinghieri Ilia  Recitativo Ei stesso vien Oh dei Ilia,359693.0,f
r3653,Stray,368000.0,f
r3654,Toons Tunes,388133.0,f
r3655,Fences or Pales,228640.0,f
r3656,Oh Christmas Tree,203000.0,f
r3657,If Youre Seekin9 Freedom,146573.0,f
r3658,If Youre Seeking Freedom,146573.0,f
r3659,If Youre Seeiing Freedom,146573.0,f
r3660,Elrepülni jó lenne,223000.0,f
r3661,Kashnir,539000.0,f
r3662,Keep on Rockin Jive 42mpm,250920.0,f
r3663,Deep Mid Tempo Beat Special,,f
r3664,You Cant Touch Sue,185306.0,f
r3665,Kuorotyttö,,t
r3666,Fisherman Strawberry and Devil Crab,246333.0,f
r3667,The Charles Atlas Way,170426.0,f
r3668,Something In The Way She Moves,180966.0,f
r3669,Scream  Scream Again,126000.0,f
r3670,Medley CorazaArmay ChischiChanga,283200.0,f
r3671,Single Single,370100.0,f
r3672,Slow Down,122000.0,f
r3673,Through the Glass,62000.0,f
r3674,V,355346.0,f
r3675,Papertiwn,189027.0,f
r3676,Seni Sevmek İstemiştim,364000.0,f
r3677,Ich möcht ein Haarem Hamn,274520.0,f
r3678,Forgotten Cluster,318151.0,f
r3679,The Grand Change demo,288000.0,f
r3680,LApprenti sorcier extract,226600.0,f
r3681,WahnSinn,280506.0,f
r3682,Vict0ry Over Horseshit,213000.0,f
r3683,Intri,30000.0,f
r3684,Je técris de svr la lune,262640.0,f
r3685,Digital Dream Analogoue at 46hz by Icon of Coil,,f
r3686,Pavan and Galliard a 6 in C major Galliard,89000.0,f
r3687,Dead Silent Shriek,234000.0,f
r3688,Marooning Around,111507.0,f
r3689,Мегаполис,255000.0,f
r3690,Up to the Wildside radio edit,236000.0,f
r3691,Preludio En La Nocbe,482000.0,f
r3692,Silent Night,139133.0,f
r3693,Sally Cant Dance,175106.0,f
r3694,I Got Time,176000.0,f
r3695,Universo House version,,f
r3696,Not Only the Girl Knows,169000.0,f
r3697,Building the Ark demo,303000.0,f
r3698,Za ideałem niedoścignionym,,f
r3699,Embrace Me Girl,233000.0,f
r3700,Fly 6,203373.0,f
r3701,Fly y,203373.0,f
r3702,Hunting Echo,14000.0,f
r3703,Mai Taj,327493.0,f
r3704,Phoenix,346000.0,f
r3705,For Your Entertainment,220000.0,f
r3706,Kill Your Lover,,f
r3707,Cold Blue Sky,250000.0,f
r3708,Fine and Mellow,314000.0,f
r3709,Swwets for My Sweet,,f
r3710,The Road Koll,228066.0,f
r3711,Bill  Teds Excellent Adventure Austria 1805,509000.0,f
r3712,Anta,322906.0,f
r3713,System III,174000.0,f
r3714,CMon CMon,195000.0,f
r3715,System III,174000.0,f
r3716,The Hard Dead Song,,f
r3717,Zwlená,112000.0,f
r3718,Le vase se vice,215173.0,f
r3719,Owner of Her Hrart,221480.0,f
r3720,Sing Sing Sing With a Swing,720040.0,f
r3721,Second Fiddle,139000.0,f
r3722,The law of the Lord is perfect,206066.0,f
r3723,Live Good,216386.0,f
r3724,Promises Promises,175000.0,f
r3725,Send in the Clones,226000.0,f
r3726,Este Son,350666.0,f
r3727,Méandres Section 145,73000.0,f
r3728,Kapitel 7 „Todesfalle Teil 5,234213.0,f
r3729,Tabk,248600.0,f
r3730,Tani,248600.0,f
r3731,Беги за солнцем,371840.0,f
r3732,You Dont Have to Tekl Me Now,224600.0,f
r3733,Blue Girl,248546.0,f
r3734,Disc 5 Track 8,336000.0,f
r3735,Missionary Forces b,90000.0,f
r3736,Le Baiser du fouet,253000.0,f
r3737,untitled,122974.0,f
r3738,Intermission,124880.0,f
r3739,Worldwide,226000.0,f
r3740,Worldeide,226000.0,f
r3741,Wol auff wir weilen slauffen,184706.0,f
r3742,Liebe,259040.0,f
r3743,The Age of Spectacles,257000.0,f
r3744,CHEYENNE,205000.0,f
r3745,Over The Hill,150000.0,f
r3746,Young Devil,225000.0,f
r3747,Descent,234000.0,f
r3748,A Sick and Abandoned Heart,68490.0,f
r3749,Til I Met You,203146.0,f
r3750,Next Year in Zion,178386.0,f
r3751,Incantations,203000.0,f
r3752,Flip da Track,336000.0,f
r3753,So Long,550560.0,f
r3754,A da Stadt,337093.0,f
r3755,Spoond,182464.0,f
r3756,In the Name of Love Cheese mix,306000.0,f
r3757,Kaj bo z menoj,128000.0,f
r3758,Αυτός που σέρνει το χορό,194000.0,f
r3759,All for Nothing,,f
r3760,Preamble,225000.0,f
r3761,Marbha Na Luimneach,514014.0,f
r3762,System III,174000.0,f
r3763,見えない未来へ,404000.0,f
r3764,Wild Man Blues,200600.0,f
r3765,A Cottage for Sale,170266.0,f
r3766,乖離,255000.0,f
r3767,In Touch,528400.0,f
r3768,CLOSE GAME LIFE,170000.0,f
r3769,DNA,71240.0,f
r3770,Mahogani 9000,478533.0,f
r3771,The Hobl Song,204240.0,f
r3772,FzS,388000.0,f
r3773,超えてゆけ,246800.0,f
r3774,Happy Birthday,236093.0,f
r3775,Hamingjusamur,548000.0,f
r3776,Closer,,f
r3777,Cl0ser,,f
r3778,Elephant Song,218000.0,f
r3779,Ill Be Here,251000.0,f
r3780,Corpus II,198920.0,f
r3781,Wasteland,308346.0,f
r3782,Writing Session,172214.0,f
r3783,Detour,443466.0,f
r3784,Ho Ka Hey,247800.0,f
r3785,Thats Easy for You to Say,192866.0,f
r3786,5446 Wad My Number,192000.0,f
r3787,5446 Was Mv Number,192000.0,f
r3788,5446 Was My Numver,192000.0,f
r3789,Ride Ftee,279506.0,f
r3790,Ride Free,279506.0,f
r3791,Ride Frwe,279506.0,f
r3792,In Tne Land Of Grey And Pink,290960.0,f
r3793,Take a Look Aroune 30 second version,30000.0,f
r3794,Rovaniemen markkinoilla,,f
r3795,Adrift,290000.0,f
r3796,Era Frigia full,120000.0,f
r3797,Complete Disorder,121000.0,f
r3798,The Price I Pay Moonlight mix,231000.0,f
r3799,Rain,226720.0,f
r3800,Recycling Air Cleaner,132000.0,f
r3801,Bodya Sporttia Tsemppistä,,f
r3802,Magnolia,214824.0,f
r3803,Rakyat Biasa,,f
r3804,カテキン,,f
r3805,Saturday Night,177293.0,f
r3806,Introduction,55000.0,f
r3807,OldTime Banjo Medley,213000.0,f
r3808,One・Two・Three  The 摩天楼ショー 15秒30秒スポット,,t
r3809,Sort Et Couture,217000.0,f
r3810,Vivirás en mi,,f
r3811,Bridge oc Spirits,341747.0,f
r3812,Part 1 High Frequency Feelings Soon a Brighter Day,200000.0,f
r3813,My Cat Wont Go,167000.0,f
r3814,Pyromanes scéniques,187493.0,f
r3815,Light Years Before,373000.0,f
r3816,We Wilk Follow,249000.0,f
r3817,Gnällpipan,71533.0,f
r3818,Spacco tutto,165000.0,f
r3819,Harpoon,191506.0,f
r3820,Look:ng East,278893.0,f
r3821,As Long as I Live,147000.0,f
r3822,Ab iraro  Étude de perfectionnement S 143,154800.0,f
r3823,Effet de 5tyle effet de mode,239586.0,f
r3824,Looking East,278893.0,f
r3825,Intro,,f
r3826,Sunday Afternoons,292440.0,f
r3827,In Dreams,222666.0,f
r3828,untirled,190000.0,f
r3829,Its Gotta Be Love,118000.0,f
r3830,Whole Wide World,196000.0,f
r3831,Distance,142000.0,f
r3832,Dive into the colors,281000.0,f
r3833,The Tracks of My Tears live,241000.0,f
r3834,Vickie and Mr Valves,149160.0,f
r3835,In Dreams,222666.0,f
r3836,Shes Never Aroubd,229000.0,f
r3837,The Price I Pay Moohlight mix,231000.0,f
r3838,Overyure,333000.0,f
r3839,Stuck on You,135000.0,f
r3840,Moon Dancer,233259.0,f
r3841,Paddys,360267.0,f
r3842,ホトトギス,184000.0,f
r3843,Wszystko to co ja wersja krótka,251000.0,f
r3844,Red Rose for a Blue Lady,133000.0,f
r3845,Vicious Circle,77000.0,f
r3846,Ra8n,226720.0,f
r3847,Raih,226720.0,f
r3848,Inner Peace,301906.0,f
r3849,How pleasant is this flowery plain and grove Z 543,478000.0,f
r3850,Strings Breath,313186.0,f
r3851,Serotonin,217693.0,f
r3852,Will Do,243000.0,f
r3853,CMon Everybofy,209013.0,f
r3854,ノーブランド・ヒーローズ,235666.0,f
r3855,Long Time Blues,215066.0,f
r3856,Ce garçonlà,207306.0,f
r3857,Youve Got to Have Freedom Patchworks remix,350000.0,f
r3858,How Soon Is Now,290000.0,f
r3859,Osanity,70240.0,f
r3860,Bernafas Dalam Lumpur,323000.0,f
r3861,Drie ouwe ottertjes,147226.0,f
r3862,Mr Moon,217320.0,f
r3863,Kashmir,539000.0,f
r3864,Kasjmir,539000.0,f
r3865,Du Auch,,f
r3866,Keep Your Eyes on the Prize,121826.0,f
r3867,Oyus Theme,67000.0,f
r3868,Violence in Red A Violins Story,249000.0,f
r3869,String Quartet in C minor op posth II Adagio,546000.0,f
r3870,Wunderland,215186.0,f
r3871,Skitaggrossismen,283000.0,f
r3872,Dat Nigga Dere,220000.0,f
r3873,For Whom the Belo Tolls live,260000.0,f
r3874,Balle wine Baws feat Dawill,213000.0,f
r3875,Slow Motion Bossa Nova,283000.0,f
r3876,Touch My Light,280933.0,f
r3877,Even Metan Fox Looks Better on Myspace,,f
r3878,Kilroy Was Here,170986.0,f
r3879,Goodnight Now,,f
r3880,The Gambler,212000.0,f
r3881,Der Kuss,110653.0,f
r3882,silence,4360.0,f
r3883,Adventures of Huckleberry Finn Closing Scene,,f
r3884,Catone in Utica Atto II Scene 10 11,305000.0,f
r3885,Chapter 02,113000.0,f
r3886,Fires,259000.0,f
r3887,Right or Wrong,220000.0,f
r3888,Suddenly Herbert Redub,407000.0,f
r3889,Ohuella langqlla,230000.0,f
r3890,たたかえ 爆露マン,,f
r3891,Directing Traffik,233066.0,f
r3892,Kune Kune,649000.0,f
r3893,Global Market Ee,12000.0,f
r3894,Pieces of Ten Chandru mix,319800.0,f
r3895,Bay Bridge,398000.0,f
r3896,Flageolettpolsen,88000.0,f
r3897,Kamasutra in Love,133000.0,f
r3898,The Changeling5  Out on the Roof,215000.0,f
r3899,Keihe Zeit zu weinen,239000.0,f
r3900,Hey Tbere,165973.0,f
r3901,Keine Zeit zu weinen,239000.0,f
r3902,Loneliness,233733.0,f
r3903,Love Cime Down,243600.0,f
r3904,Memoria de un DT,,f
r3905,The Terrifying Velvet Room 3rd Chapter,76000.0,f
r3906,Vicious Lies,276000.0,f
r3907,LApprenti sorcier extract,226600.0,f
r3908,Mother Earth a,195000.0,f
r3909,A Long Time Ago main,61000.0,f
r3910,HipHop,244025.0,f
r3911,HipH0p,244025.0,f
r3912,Its Up to You Lizzy,160000.0,f
r3913,I Done Done It,154000.0,f
r3914,Settings,196000.0,f
r3915,JAPANESE GIRL,151800.0,f
r3916,Entertain,176000.0,f
r3917,Paradise,261826.0,f
r3918,Always Returning,244400.0,f
r3919,Jelly Inside,165000.0,f
r3920,Kun rakl<aus voittaa,199000.0,f
r3921,Stars,477133.0,f
r3922,Danxe Dance Dance vocal overdub,137000.0,f
r3923,Lumiere DEvidence,290133.0,f
r3924,Electronischze,,f
r3925,Thats Easy for You to Say,192866.0,f
r3926,Jump,26000.0,f
r3927,Dance Dance Dance vocal overclub,137000.0,f
r3928,Kun nuoruus katpaa,481360.0,f
r3929,Kun nu0ruus katoaa,481360.0,f
r3930,Energy Crisis 79,141000.0,f
r3931,Just Me,,f
r3932,Solitudr,215840.0,f
r3933,Static W4RRIORS remix,400000.0,f
r3934,Solitude,215840.0,f
r3935,Forgive and Forget,180800.0,f
r3936,Jaas,214960.0,f
r3937,President Kennedy,232093.0,f
r3938,Outburst,27000.0,f
r3939,Happy Ending,182000.0,f
r3940,Help,163093.0,f
r3941,This Is a Crimescene,207000.0,f
r3942,Yönmusta tango,151000.0,f
r3943,Beautiful Day Ced Tecknoboy Bootleg mix edit,208575.0,f
r3944,Orgy Porgy,133333.0,f
r3945,Sleepwalk,469520.0,f
r3946,Ödland mit Genez,461000.0,f
r3947,Ödland mit Genez,461000.0,f
r3948,Death by Barber Part 1 Haircut Zero,196000.0,f
r3949,Lovers Dub b,60000.0,f
r3950,Token Tango Bpnus Level,75000.0,f
r3951,Come Unto Me,321907.0,f
r3952,Cozy Campfire Collage 15 second version,15000.0,f
r3953,0423,,f
r3954,Sonata for Violin and Piano No 5 in F major Op 24 Spring III Allegro molto,69000.0,f
r3955,Vira,241000.0,f
r3956,Glass Bottom Boat,101760.0,f
r3957,Concerto for Soprano Saxophone and Orchestra,1108000.0,f
r3958,Love Me Tender,194066.0,f
r3959,Know Your Culture,,f
r3960,Scream  Scream Again,126000.0,f
r3961,The Unknown Light,459160.0,f
r3962,Rakyat Biasa,,f
r3963,All Dressed Up,219640.0,f
r3964,Josephine,221933.0,f
r3965,Josephind,221933.0,f
r3966,Wrapped in Cellophane,345133.0,f
r3967,Surf King,204640.0,f
r3968,Rules of Engagement,134173.0,f
r3969,Kiddush,163000.0,f
r3970,Uno Dopo LAltro,75000.0,f
r3971,The Wah I Love You,158133.0,f
r3972,Even Though,113000.0,f
r3973,Hey There,165973.0,f
r3974,Arualami,156720.0,f
r3975,Heavenly Host,332426.0,f
r3976,Vicious Circle,77000.0,f
r3977,Rolling Thunder Paric4 Scott Minor remix,206000.0,f
r3978,Wonkyie ndi,181026.0,f
r3979,That Noise,129973.0,f
r3980,Arkansas,181800.0,f
r3981,Moving Lands,261000.0,f
r3982,Looking Backward into the Future,375000.0,f
r3983,Little summer Music VI Breit klangvoll,155000.0,f
r3984,soundcloud4,143421.0,f
r3985,Across the Breakfast Table Looking at You,208933.0,f
r3986,Sail9r Dreams,144000.0,f
r3987,Home,263000.0,f
r3988,Done Gone Blu4,230813.0,f
r3989,Chapter 9 Third Earth Part 23,48000.0,f
r3990,Smile,,f
r3991,Party People,10000.0,f
r3992,Partita BWV 771 Allein Gott jn der Höh sei Ehr Variation 6,68640.0,f
r3993,Trip Hop Chemical Sister,99000.0,f
r3994,Sin and Sacrifice,,f
r3995,Rolling Thunder Parice Scott Minor remix,206000.0,f
r3996,Cartoon Swish Sharp Vocal Swish,8000.0,f
r3997,You and the Night and the Music,168000.0,f
r3998,Sweet Pain,300560.0,f
r3999,恋華大乱 off vocal ver,232000.0,f
r4000,Pack a Cellphone Full of Explosives,115000.0,f
r4001,Sunset,57000.0,f
r4002,Random Thoughts,112000.0,f
r4003,Zara Zara,,f
r4004,Get Back,283000.0,f
r4005,Ancient Dancer,467400.0,f
r4006,Over the Rainbow,415333.0,f
r4007,The Son of Amon Ra,242000.0,f
r4008,Wany to Fly Away,315973.0,f
r4009,Mooiste ogen,290000.0,f
r4010,Cuban Overture,618000.0,f
r4011,Mari in Love,296000.0,f
r4012,Lady,250320.0,f
r4013,SWonderful,371866.0,f
r4014,Devil Inside,324866.0,f
r4015,Wacky Day,90000.0,f
r4016,Lesson 11,977173.0,f
r4017,Wake Up Dead,200800.0,f
r4018,Chapter 10 Journal 2 Continued – Denduron Part 6,51000.0,f
r4019,El charro chino,,f
r4020,Lyrische Suite für Orchester Op 54 III Notturno,260600.0,f
r4021,Artifavts,189000.0,f
r4022,Scarred by the Devil,198066.0,f
r4023,Paus Spiegel hat einmal einen Witz erzählt,117786.0,f
r4024,Prolicame,211053.0,f
r4025,Anlıyorsun Değil mi,211466.0,f
r4026,Prolicaje,211053.0,f
r4027,Tuuli vie,212000.0,f
r4028,ITAPPMONROBOT,254000.0,f
r4029,På verandan på vid havet op 38 no 2,180000.0,f
r4030,Cover Me,126226.0,f
r4031,Ibiil,295000.0,f
r4032,Goodbye,,f
r4033,Water Water Everywhere,98000.0,f
r4034,Hi Lihe,465000.0,f
r4035,Symphony no 5 in Eflat major op 82 I Tempo molto moderato,801000.0,f
r4036,Ocean Kisses,,f
r4037,Trapped Under the Sky,303000.0,f
r4038,Dagny,201573.0,f
r4039,Viure per sempre,236373.0,f
r4040,Psalm 3 O Seigneur que de gents SwWV 31,169000.0,f
r4041,Opening,243000.0,f
r4042,Momentum Table de cire,290626.0,f
r4043,Penthouse Party,74133.0,f
r4044,Sissi 2o08,124000.0,f
r4045,Shadows in the Nights Sky,1171653.0,f
r4046,Ferry Cross the Mersey,338613.0,f
r4047,The Mercy,381000.0,f
r4048,The Mdrcy,381000.0,f
r4049,Shivering King,359906.0,f
r4050,Sky Dancer,,f
r4051,Another mile New version,,f
r4052,Carnaual mayor,,f
r4053,Intro,24000.0,f
r4054,El calcetín,128200.0,f
r4055,Chapter 19,315666.0,f
r4056,Baba,21280.0,f
r4057,Dixit Dominus RV 594 Psalm 109 for soli 2 choirs and 2 orchestras IV Tecum principium,146000.0,f
r4058,Space Media,206000.0,f
r4059,If I Loved You,302000.0,f
r4060,Der Schrei des Schmetterlings,303000.0,f
r4061,Blood and Snow,301693.0,f
r4062,The Story of My Life,311533.0,f
r4063,The Commencement of the Pilgrimage to the Mecca of Hip Jazz,,f
r4064,Exotique Bossa Nova,138318.0,f
r4065,Halloween,378146.0,f
r4066,Around The World,243000.0,f
r4067,Way Lo3,221469.0,f
r4068,Little Dipper,361400.0,f
r4069,ElectroFried,45000.0,f
r4070,Coalesce,233453.0,f
r4071,She Always Dances Alone,,f
r4072,Secular World,252000.0,f
r4073,Keyboard Sonata in B flat major K 311,230933.0,f
r4074,Suspense  Tension Sheer Fear,34000.0,f
r4075,Kara Yemeni,195000.0,f
r4076,Here Comes the Frowns,263000.0,f
r4077,De Takomst,88880.0,f
r4078,Das Horn von Töle,72000.0,f
r4079,The Chauffeur And The Professor,305573.0,f
r4080,Night Time live,304000.0,f
r4081,Fever,297000.0,f
r4082,Under Roofs,258000.0,f
r4083,I Cant Give You Anything But Love,426000.0,f
r4084,Killer Groove,29000.0,f
r4085,Make Me High,205000.0,f
r4086,Evil Eye,215319.0,f
r4087,Misconceptions,213320.0,f
r4088,Ma tean et ma tulen kord jälle,307693.0,f
r4089,Intro,22000.0,f
r4090,I Would Be a Sinner,239480.0,f
r4091,Ódio em Mim,334000.0,f
r4092,Our Dat Will Come,149826.0,f
r4093,If Youll Die Ill Die,125786.0,f
r4094,Sally,216240.0,f
r4095,Monkey Blood,233000.0,f
r4096,Ni Una Sola Vez,188960.0,f
r4097,Satu Jiwa,326000.0,f
r4098,男と女のラブゲーム,233306.0,f
r4099,Excu5es,351506.0,f
r4100,Jefke,215800.0,f
r4101,Je técris de sur la lune,262640.0,f
r4102,Running Just as Far narration,30000.0,f
r4103,Showdown,144000.0,f
r4104,Vibe to Vibe,335100.0,f
r4105,Auction Ends,,f
r4106,data trwck,2101000.0,f
r4107,Hows Your Mama Phils Theme 52nd Street Theme  Salt Peanuts  Harlem N0cturne,304000.0,f
r4108,What Is This Thing Called Love,193000.0,f
r4109,Burger King La canzone del  La rivincita dei nerds remix,333280.0,f
r4110,Healing Hands of Time 1,126933.0,f
r4111,Sailor Dreams,144000.0,f
r4112,My Brain Is in the Cupboard Above the Kitchen Sink,211000.0,f
r4113,My Brain Is in the Cupboard Above the Kitchen Sink,211000.0,f
r4114,My Brain Is in the Cupboard Above the Kitchen Sink,211000.0,f
r4115,Morgen Schücbternste Dämmerung,963000.0,f
r4116,Chewing Gum Telegram,290000.0,f
r4117,Hello,125653.0,f
r4118,Heloo,125653.0,f
r4119,Promises,229000.0,f
r4120,Maruxa Act II Preludio,417000.0,f
r4121,Can I Know Your Name,182000.0,f
r4122,The Regular,214280.0,f
r4123,Instrumental Piece,113493.0,f
r4124,Kaffeekantate BWV 211 Rezitativ B S Wenn du mir nicht den Kaffee läßt  Arie B Mädchen die von harten Sinnen,244533.0,f
r4125,Make Up Youe Mind,196173.0,f
r4126,Wondrous Place,143373.0,f
r4127,Stillb0rn,114800.0,f
r4128,Saint Louis Blurs,208000.0,f
r4129,Beyond the Logic of Consumers,424000.0,f
r4130,Summers Almist Gone,170680.0,f
r4131,Blessed Easter,534733.0,f
r4132,La Mission,57000.0,f
r4133,Remedy Child,296760.0,f
r4134,No quiero ser como tu,154000.0,f
r4135,Dadcly,130093.0,f
r4136,Meant to Shine,406000.0,f
r4137,Drsg,231653.0,f
r4138,Drab,231653.0,f
r4139,Duck n Creep Part 2,365000.0,f
r4140,Mr Steve,372333.0,f
r4141,Magnetic Anamoly,344613.0,f
r4142,Nemo,517106.0,f
r4143,Which Way to Turn,206000.0,f
r4144,혼자짓는 미소,263400.0,f
r4145,Bring Em Out,205547.0,f
r4146,Umeek,234000.0,f
r4147,The New Old Day,99000.0,f
r4148,zombie disco,141000.0,f
r4149,地球儀,181374.0,f
r4150,Τρεις απαντήσεις,237000.0,f
r4151,Trouble,215746.0,f
r4152,The Desert,204000.0,f
r4153,Get Back,283000.0,f
r4154,La Pluie  Rafale de pluie intérieur voiture À larrêt,58000.0,f
r4155,Past Present  Future Rock n Roll,164000.0,f
r4156,Gan jau,216000.0,f
r4157,Kashmir,539000.0,f
r4158,Film,119000.0,f
r4159,American Heartlands 30 second version,30000.0,f
r4160,Im Not Afraid to Love You,193640.0,f
r4161,Logbuch Pausenklingeln,281000.0,f
r4162,Release Me Disco Freak Mental Mix,352000.0,f
r4163,Yesdayter 2,89000.0,f
r4164,Episode 1 Fibding Friends,141749.0,f
r4165,Prickel Pit live,219000.0,f
r4166,혼자짓는 미소,263400.0,f
r4167,Walkabout Warrior,188986.0,f
r4168,Scene 27  intro to the voice behind the wallpaper trellick tower 3am,281866.0,f
r4169,As Lovers Go,210693.0,f
r4170,Final Wqr,430000.0,f
r4171,Stupid Love Song,231680.0,f
r4172,data track,2101000.0,f
r4173,Dead Eyes,248706.0,f
r4174,Time to Go Home,260093.0,f
r4175,Continuum Drift,338706.0,f
r4176,Gunrunner,255200.0,f
r4177,Intro,116920.0,f
r4178,Bare Necessities,193000.0,f
r4179,Im in the Mood fot Love,198666.0,f
r4180,Parakeet,142000.0,f
r4181,Overture,333000.0,f
r4182,Γεννιέται απόψε ο Χριστός acoustic version,,f
r4183,Funky Kingston,708426.0,f
r4184,Flip Atomic Pulse remix,442000.0,f
r4185,Dry Spot,253680.0,f
r4186,Male Up Your Mind,196173.0,f
r4187,Indestructible ATrak remix,427000.0,f
r4188,Dreams in Troubles,56986.0,f
r4189,I Will Stay,158000.0,f
r4190,Information Is Power,283000.0,f
r4191,F2S,388000.0,f
r4192,Now Im Feeling Zombiefied live,480000.0,f
r4193,Untitled Improvisatioh,305000.0,f
r4194,23 версия z,,f
r4195,No Other Girl,157920.0,f
r4196,23 версия 1,,f
r4197,La Mission,57000.0,f
r4198,La Mission,57000.0,f
r4199,La Missioj,57000.0,f
r4200,Messiah Part II Thy Rebuke Hath Broken His Heart,97000.0,f
r4201,Я не твоя,272933.0,f
r4202,Eray,280440.0,f
r4203,2月のエピローグ,255000.0,f
r4204,Playground Battle,201906.0,f
r4205,Who Needs Vocals Anyway,456341.0,f
r4206,CaminandoWalking,269960.0,f
r4207,Blues dun americà a París G Gershwin,73000.0,f
r4208,Chapel of Love,174493.0,f
r4209,Looking at You live,354000.0,f
r4210,Fite,161000.0,f
r4211,Turning Communist,,f
r4212,Fuente esperanza Nueva mezcla,279013.0,f
r4213,As I Roved Out,48000.0,f
r4214,Partita BWV 771 Allein Gott in der Höh sei Ehr Variation 6,68640.0,f
r4215,An Alien Heat,449000.0,f
r4216,I Need You,171000.0,f
r4217,Dreamland Crescerido,292000.0,f
r4218,Dey Spot,253680.0,f
r4219,Yes I Know,,f
r4220,Peter and the Wolf Part I,,f
r4221,LHymne aux guerriers,280000.0,f
r4222,Stupid Fucking Kids,104640.0,f
r4223,わすれ名草Vergissmeinnicht,299920.0,f
r4224,Twerk acapella version,207146.0,f
r4225,silence,4000.0,f
r4226,Confusion Illjsion,,f
r4227,Near the Black Forest,286826.0,f
r4228,Fukten 1,,f
r4229,Aguirre,146000.0,f
r4230,RI,1132000.0,f
r4231,Soldiers of the Sea C,60909.0,f
r4232,Furry Lewis Rag,119360.0,f
r4233,Furry Le2is Rag,119360.0,f
r4234,How Can I Keep from Singing,155960.0,f
r4235,Big Chase,123000.0,f
r4236,Glass Heart full mix,100000.0,f
r4237,Continuum Drift,338706.0,f
r4238,La noche,365000.0,f
r4239,Sounds of the Wickedness,215493.0,f
r4240,Last Empress in Dread,233569.0,f
r4241,Air Lakeland,203000.0,f
r4242,Road of Girl,234559.0,f
r4243,String Quartet no 47 in Bflat major op 55 no 3 Hob III62 II Adagio ma non troppo,330000.0,f
r4244,AntkEm,,f
r4245,Infinity,29000.0,f
r4246,It Aint Me Babe,,f
r4247,Intro,101400.0,f
r4248,Everyday I Have the Blues,307266.0,f
r4249,Chapter 18,315666.0,f
r4250,Lady Ocean,261307.0,f
r4251,Chapter 19,315666.0,f
r4252,Dark Side,181426.0,f
r4253,Voodoo Child,221000.0,f
r4254,Hindustan,199000.0,f
r4255,Gi Eu Ischto,509000.0,f
r4256,A Sunshine Fix,132000.0,f
r4257,Guess Whos Back,95493.0,f
r4258,Ride Free,279506.0,f
r4259,Silly Sarah Carter,137000.0,f
r4260,You Really Got a Hold on Me,326000.0,f
r4261,Celui que jétais,230000.0,f
r4262,Sacrilege,286000.0,t
r4263,Le Cimetière des éléphants version Los Angeles,242026.0,f
r4264,Wszystko to co ja wersja krótka,251000.0,f
r4265,untitled,165906.0,f
r4266,Australia Olympia Poughkeepsie,108000.0,f
r4267,Silly Sarah Carter,137000.0,f
r4268,Kiss Me Im Gone,184000.0,f
r4269,Litrle Bird,186800.0,f
r4270,The Light From a Cake,165000.0,f
r4271,Train to Tijuana,30000.0,f
r4272,Mighty Liks the Blues,415000.0,f
r4273,New York Airport original mix,537000.0,f
r4274,Dreamland Crescendo,292000.0,f
r4275,Тайны незримых миров,343200.0,f
r4276,Another mile New version,,f
r4277,Under Mitt Täcke,228200.0,f
r4278,I Nevee Ever,194000.0,f
r4279,I Never Eyer,194000.0,f
r4280,Pius Porteous,170666.0,f
r4281,Little Miss Big Kiss,417000.0,f
r4282,Automobiles,140346.0,f
r4283,Say It Isnt So,181000.0,f
r4284,Dont Understand,,f
r4285,River Dawn,944506.0,f
r4286,Dji,166000.0,f
r4287,Djj,166000.0,f
r4288,Penthouse Party,74133.0,f
r4289,Hussjöröveri,,f
r4290,Another mile New version,,f
r4291,We Will Follow,249000.0,f
r4292,Apple Glazed Vase II,81760.0,f
r4293,Goodnight Noq,,f
r4294,Cruel Youth,340253.0,f
r4295,By and By,244000.0,f
r4296,Les métaux noirs,279546.0,f
r4297,Machines Programmed by Genes,317840.0,f
r4298,No ruLe Off V0cal,233000.0,f
r4299,No ruLe Ovf Vocal,233000.0,f
r4300,Way Low,221469.0,f
r4301,Way Low,221469.0,f
r4302,Tess Is Missing,244000.0,f
r4303,El viento,164893.0,f
r4304,Escape From da Haunted Trap House,576000.0,f
r4305,Zelená,112000.0,f
r4306,青春熱潮,181826.0,f
r4307,For Your Enterta9nment,220000.0,f
r4308,Nopalitos,212400.0,f
r4309,Faith,86293.0,f
r4310,Second Fiddl4,139000.0,f
r4311,Rompecabezas,219847.0,f
r4312,You D0nt Have to Tell Me Now,224600.0,f
r4313,Looking Down,206933.0,f
r4314,El hombre invisible,173000.0,f
r4315,Secomd Fiddle,139000.0,f
r4316,Courir après la vie,225000.0,f
r4317,When Am I Coming Down,296026.0,f
r4318,Walkin in NY,343000.0,f
r4319,El kédico del miedo,233466.0,f
r4320,オリンピック,174066.0,f
r4321,Mopashop,97171.0,f
r4322,Полоняне,,f
r4323,Novi dani,212000.0,f
r4324,Penthous3 Party,74133.0,f
r4325,Arrivederci My Love,202093.0,f
r4326,Over the Rainbow,178400.0,f
r4327,It Might As Well Be Spring,411333.0,f
r4328,Makin Whoopee,180000.0,f
r4329,Géchar,177231.0,f
r4330,Real Love 7 version,259000.0,f
r4331,LHôtel des quatre malheurs,199560.0,f
r4332,Outro,8000.0,f
r4333,Outr0,8000.0,f
r4334,Gumache,176000.0,f
r4335,Symphony no 1 The Bells of Zlonice II Adagio di molto,781000.0,f
r4336,In Hawaiian Style,131000.0,f
r4337,Colter Phones His Father 4M5,205000.0,f
r4338,Sie lann wunderbar lächeln,167000.0,f
r4339,Melovitt,194133.0,f
r4340,Boss Battle Lufia II,206186.0,f
r4341,Fences of Pales,228640.0,f
r4342,Grammofonnummer,180000.0,f
r4343,The Hardest Time,192933.0,f
r4344,Indestructible ATrak remix,427000.0,f
r4345,Looking at You live,354000.0,f
r4346,A Shocking Statement,101640.0,f
r4347,Cargas y descargas,447560.0,f
r4348,No Trust,187000.0,f
r4349,Prélude op 28 no 16 en Si bémol mineur Presto con fuoco,70000.0,f
r4350,Venezuela,219000.0,f
r4351,A23,148000.0,f
r4352,La Vie daryiste,190000.0,f
r4353,La Vie dart8ste,190000.0,f
r4354,South Sea Island Magic,203000.0,f
r4355,Desire Ambient mix,479906.0,f
r4356,Take My Hand Preciouz Lord,181840.0,f
r4357,Ujo poika,162893.0,f
r4358,Schutz0atron 24,215000.0,f
r4359,Sorrows of the Moon,206333.0,f
r4360,Profusion of Detail,269000.0,f
r4361,Sing Through Me,279586.0,f
r4362,Nightmares,,f
r4363,Take My Hand Precious Lord,181840.0,f
r4364,Cold Cold Heart,283093.0,f
r4365,B1,95106.0,f
r4366,Always Up to No Good underscote 60 second version,60000.0,f
r4367,Sample,,f
r4368,Wonclrous Place,143373.0,f
r4369,Destroy to Create,58200.0,f
r4370,Make Up Your Mind,196173.0,f
r4371,Man in the Sand Gordon cassette,,f
r4372,Feeling Snakey,331306.0,f
r4373,Witchcraft,196000.0,f
r4374,Oye mi voz,135000.0,f
r4375,Γεννιέται απόψε ο Χριστός acoustic version,,f
r4376,Spacc0 tutto,165000.0,f
r4377,Spadco tutto,165000.0,f
r4378,Spacci tutto,165000.0,f
r4379,After All This Time,215000.0,f
r4380,Herzblut 84,339000.0,f
r4381,untitled,,f
r4382,Never Again,203000.0,f
r4383,Hey Love Claszixx remix,,f
r4384,In May,168774.0,f
r4385,Victory Over Horseshit,213000.0,f
r4386,String Quartet in C minor op posth II Adagio,546000.0,f
r4387,You Bring the Bitches Ill Bring the Dynamite,82000.0,f
r4388,Magne5ic Anamoly,344613.0,f
r4389,Hör besser hin,256000.0,f
r4390,Its That Time Again,75000.0,f
r4391,The Posie  Scoytish Brawl,330000.0,f
r4392,The Posie  Scottish Brawl,330000.0,f
r4393,Where to Go,138000.0,f
r4394,Meine Lieder,,f
r4395,Cant Stop Wont Stop,60933.0,f
r4396,Scene 27  intro to the voice behind the wallpaper trellick tower 3am,281866.0,f
r4397,What Is Dub,276000.0,f
r4398,Arrove,250640.0,f
r4399,Mute City FZero,228712.0,f
r4400,Mission,334893.0,f
r4401,Arrivr,250640.0,f
r4402,Messiah Part II Tht Rebuke Hath Broken His Heart,97000.0,f
r4403,Girl,210000.0,f
r4404,Arruve,250640.0,f
r4405,Greatest Man I Never Knew The,219933.0,f
r4406,Las Viejas Btujas,178000.0,f
r4407,For Your Entwrtainment,220000.0,f
r4408,For Your Entertainrnent,220000.0,f
r4409,Kidney Stew,374000.0,f
r4410,Jingle Bells,106000.0,f
r4411,Greatest Love Affair,208133.0,f
r4412,Дороги,168986.0,f
r4413,Nothing at All,341133.0,f
r4414,Medley Echoes  Signs of Life,1437493.0,f
r4415,Hey Love Clsssixx remix,,f
r4416,Bilder einer Ausstellung Com mortuis in lingua mortua,181173.0,f
r4417,Besame Much9,161000.0,f
r4418,How Far Can We Go Secret Plari 15 second version,15000.0,f
r4419,How Far Can We Go Secret Plan 15 second version,15000.0,f
r4420,How Far Can We Go Secret Plan 15 second version,15000.0,f
r4421,Stillborn,114800.0,f
r4422,La donna riccia,153840.0,f
r4423,You Want Me To,297000.0,f
r4424,Picture the Finger,171800.0,f
