release,artist_credit
rl_8a9202a3,ac_211838d7
rl_4352ed9e,ac_211838d7
rl_64ee5a25,ac_211838d7
rl_960daf9d,ac_2f09d8ab
rl_4877148a,ac_211838d7
rl_0aa4574a,ac_4bd8ca11
rl_16624d9a,ac_bbc1d1a0
rl_47e37981,ac_211838d7
rl_1bbbafe9,ac_5c843343
rl_c527ca54,ac_df8253a3
rl_158822ce,ac_429e8b96
rl_57449e56,ac_429e8b96
rl_8c6dd689,ac_2afcd86b
rl_9e9fa7e9,ac_3832e28e
rl_5756056d,ac_1d75e15f
rl_c99cad21,ac_0fcb7ec5
rl_12c0dec1,ac_49c6d2bd
rl_2bbbca27,ac_49c6d2bd
rl_b326926f,ac_2e69e9e8
rl_0ef49446,ac_0f27b9fa
rl_f273266b,ac_a92bbf95
rl_74888768,ac_44abcf52
rl_3d893592,ac_d046c138
rl_795fdbd9,ac_7f3b07a3
rl_b549e96a,ac_a2986641
rl_16aa73bd,ac_3177d302
rl_0b71cc50,ac_66eaba1e
rl_4158e18c,ac_c929a1e1
rl_37047767,ac_5a8f00cb
rl_7e4bafb3,ac_211838d7
rl_7f84bb5e,ac_e1478809
rl_9cad648c,ac_8ab40c41
rl_08ee17fa,ac_5a70637d
rl_f49eadc8,ac_a5215f5c
rl_35017a9c,ac_2ec113a0
rl_8aaf03f5,ac_ef22d2dd
rl_8dc5063a,ac_211838d7
rl_559bfa38,ac_91a2cd1d
rl_0c03ed8f,ac_8af17772
rl_c178bfe4,ac_211838d7
rl_91e0a083,ac_96bc71ad
rl_db5f6285,ac_3076a3e3
rl_84f9008d,ac_b386c68d
rl_d6f2a03c,ac_7747be66
rl_dba43cd2,ac_a58b4c39
rl_03879bfd,ac_161bdcb9
rl_4e6c2f7c,ac_c8973d58
rl_366447a1,ac_3a4b26b5
rl_cd8bfc80,ac_dd5a67a2
rl_ae2956e1,ac_670b0982
rl_cd541f56,ac_f8cf2b16
rl_3e0095d4,ac_eca8a5b6
rl_9f50648d,ac_211838d7
rl_7e868866,ac_4f1f21c5
rl_e8d8114a,ac_02126932
rl_f4311009,ac_a55a8208
rl_c83e9450,ac_d849dac7
rl_0045ab47,ac_47d6320a
rl_f93a99c8,ac_211838d7
rl_52c35a4b,ac_562a873b
rl_f942ebd1,ac_1fced2af
rl_f004ad04,ac_d5645783
rl_156fc2e4,ac_067dc530
rl_04a261e0,ac_b3e57cd3
rl_dcbe9b41,ac_211838d7
rl_653013ae,ac_af353f45
rl_d5e22c8d,ac_1b9f0609
rl_e1575e4e,ac_b64abb7e
rl_509b3742,ac_f381f867
rl_1eb81504,ac_26a11a21
rl_ac68812c,ac_ab6fcb54
rl_c3b1731a,ac_4ef6dafc
rl_2404e156,ac_529b8529
rl_aa75d6cc,ac_5db86bcb
rl_cacb8d0f,ac_211838d7
rl_6f84acaf,ac_e9bc654d
rl_82f82730,ac_260738bf
rl_d9ddb462,ac_6f050586
rl_a704ac65,ac_df70cc63
rl_d87b836c,ac_211838d7
rl_06f2bdd7,ac_2c7f8ee0
rl_a839f7dd,ac_4c242469
rl_a7ab2be1,ac_b3f36646
rl_2db60f23,ac_fdd194ec
rl_3bb16265,ac_12ac0bfd
rl_7d1a894f,ac_e5763d41
rl_8bcb7bcc,ac_4126ac75
rl_eaf19dce,ac_36634b50
rl_1b82f138,ac_94d11935
rl_bb2ea3cb,ac_b3b6cdbf
rl_0e41170d,ac_3c1636f0
rl_ca076861,ac_f72cd4e0
rl_2c3118a3,ac_bd646a14
rl_2f66bece,ac_423451f2
rl_957ff9ee,ac_ad96e033
rl_24bf1f71,ac_b03d1b7a
rl_a4252324,ac_ea499980
rl_649c07eb,ac_2b039d27
rl_97f45ba5,ac_f9c205d6
rl_fffb0764,ac_1a817741
rl_0c0d039a,ac_7306856d
rl_422b4029,ac_a9a674ff
rl_68cd8482,ac_b7762ab7
rl_9f0ec0ca,ac_9ed6094a
rl_805b570d,ac_8b465ad2
rl_99b200c9,ac_784f6b87
rl_26f93735,ac_211838d7
rl_35f55ce3,ac_625e3a27
rl_160f0e05,ac_549ee2ab
rl_249abe0b,ac_211838d7
rl_7fcbf586,ac_aeba2471
rl_00689c42,ac_211838d7
rl_4486ec53,ac_faa79e9c
rl_4566ae38,ac_1991cb89
rl_213141a7,ac_a15fded0
rl_e9b51234,ac_001c8f08
rl_6149e548,ac_ec852ae0
rl_f3e67653,ac_073507fe
rl_01204a98,ac_eebc21b3
rl_ae19236f,ac_eebc21b3
rl_0948beb5,ac_46f2c937
rl_9c3e0b39,ac_91e34d38
rl_b6fd99b2,ac_ea6841ec
rl_be77de1d,ac_c5d77d62
rl_24f38b74,ac_e6313409
rl_869590c1,ac_ba710e48
rl_5b8f686e,ac_f06787ac
rl_4b99cf87,ac_32632ff4
rl_ab67c414,ac_8320489d
rl_f76ad53e,ac_e5039305
rl_71c9f421,ac_4af6edb4
rl_8ab5fa05,ac_3a4c84e7
rl_df0fceac,ac_7cc4dcd9
rl_c7ec0435,ac_d8e17c7f
rl_e9235cc2,ac_be131c25
rl_c4acbd79,ac_59c3b2aa
rl_b6e325c6,ac_2f92e3ce
rl_61d432fc,ac_32fad9c3
rl_8b6a702e,ac_a7ce39aa
rl_01c4ada0,ac_4bd98153
rl_175a0715,ac_8d1263ab
rl_ab220ba1,ac_008f472e
rl_2b90c5d5,ac_48d4ff08
rl_8c5c5c52,ac_81adce4e
rl_bd206b2f,ac_211838d7
rl_cca6c813,ac_08d987c7
rl_4ce8cafe,ac_e0ae7ef4
rl_f4d0c8d2,ac_acde898c
rl_8db1cf03,ac_1364dbda
rl_0d411ece,ac_4ba3841e
rl_9ccbeb9d,ac_0ddb5564
rl_0a3b4e6e,ac_e6c676c4
rl_b8809665,ac_c0268883
rl_641b83b9,ac_f6c2cc28
rl_b573de3b,ac_211838d7
rl_e051a91e,ac_9b8d6ffb
rl_b618739b,ac_211838d7
rl_528a6b0f,ac_eab6f4c8
rl_edb38bbf,ac_211838d7
rl_f81601b9,ac_1c9de97c
rl_225a9124,ac_1d47442a
rl_3cac1939,ac_211838d7
rl_e4ab6833,ac_0c33840c
rl_b5691c1a,ac_211838d7
rl_18df2f21,ac_150adf13
rl_62112554,ac_05cf5668
rl_95650451,ac_562852c2
rl_254db089,ac_211838d7
rl_84c9b33b,ac_ce4adea6
rl_12e389a8,ac_e8d2d352
rl_fab112a0,ac_be8e4a32
rl_1e84f472,ac_096c78cf
rl_1ff30dbe,ac_11854091
rl_5bbc208a,ac_2bf5b318
rl_7bf405c3,ac_e75cf729
rl_b9734e9a,ac_dbadb014
rl_01ed0167,ac_81e35d76
rl_e8405249,ac_0ee45225
rl_a1af091b,ac_9991754f
rl_027677b2,ac_4ace1f7f
rl_37a854cf,ac_c132ae7e
rl_d30a19a9,ac_9f41514c
rl_0391c96e,ac_f87a0b0e
rl_249630bb,ac_90908891
rl_482b289b,ac_0ec208a9
rl_86c80db5,ac_6464e92a
rl_fa65770b,ac_257f65ca
rl_7f5206b4,ac_211838d7
rl_6f33734b,ac_50eaf436
rl_b37476a2,ac_740c2b5c
rl_afb8cd05,ac_d3d86601
rl_4980a37e,ac_80009b09
rl_8e101aa9,ac_4342ccc2
rl_9dab308d,ac_2280b4cb
rl_68dbb6be,ac_211838d7
rl_0570c43d,ac_7c4b0cc3
rl_e3709026,ac_51c70857
rl_699ffa7e,ac_211838d7
rl_8b4dcd8f,ac_27440fa1
rl_1f1b26a5,ac_4ebc37d5
rl_0cdef26d,ac_64a1aa33
rl_9b2eaa07,ac_07d42c0a
rl_23737d5d,ac_211838d7
rl_cfec597a,ac_211838d7
rl_b1ed6792,ac_f8464281
rl_4879cddb,ac_09facfb3
rl_561d09f4,ac_e6167cc1
rl_4403e2f1,ac_ed9a5335
rl_a9ae1135,ac_ed9a5335
rl_8d34e248,ac_85aecd46
rl_32a3294d,ac_211838d7
rl_90338862,ac_120a3fc2
rl_e5d02d32,ac_9a823925
rl_d9652c87,ac_3d5a2b0b
rl_b9a6dc80,ac_fe508c9c
rl_1b103438,ac_cfc23433
rl_52d26184,ac_1c4d12a3
rl_f1b203bf,ac_7fc16e86
rl_8140da33,ac_eb1ed17a
rl_dd3eb50c,ac_41b9c828
rl_58edc783,ac_211838d7
rl_91040b4b,ac_084eba13
rl_663df724,ac_1a34f394
rl_30b80b29,ac_dac9fe52
rl_58a6dabe,ac_066bc0ba
rl_ebe01fd0,ac_573132f6
rl_a607d857,ac_ab7f5cdf
rl_426b54e6,ac_efc4a1af
rl_d7dacabe,ac_01f54545
rl_33066235,ac_ab7f5cdf
rl_5ee88e5b,ac_9d93d422
rl_4731d1ba,ac_211838d7
rl_0c2cb64c,ac_3c566e7b
rl_99f7d08d,ac_5acfe210
rl_f5a228eb,ac_c46bf326
rl_035d544c,ac_69c98743
rl_007944d5,ac_211838d7
rl_201e42fb,ac_75c946f8
rl_3be1249f,ac_d97c245a
rl_34747739,ac_97dbbfa5
rl_fb0e63c1,ac_23202758
rl_c2e96e79,ac_23202758
rl_ec29a34d,ac_e6d8da21
rl_19efa43f,ac_211838d7
rl_d4b856a8,ac_b605e7a0
rl_67db3242,ac_037b9337
rl_8e9bd9ee,ac_2b766338
rl_41364664,ac_1d20d6fb
rl_c840816a,ac_2a9209e5
rl_0a0c812f,ac_b1f5606e
rl_62eaf138,ac_3b874446
rl_56c18631,ac_3b874446
rl_fa6fdbb5,ac_f7a4f09e
rl_20d58161,ac_7ca0d552
rl_2b7ddaf8,ac_211838d7
rl_8bb617e7,ac_4d554757
rl_4d6f3e30,ac_de9821ed
rl_86c7c071,ac_787326db
rl_0dd5dbe3,ac_42aff99e
rl_1199ae46,ac_335a37e2
rl_02b25ef7,ac_211838d7
rl_b17441cf,ac_fce094b8
rl_5f56d41f,ac_63fde14c
rl_479b800f,ac_211838d7
rl_3f528413,ac_211838d7
rl_20158f88,ac_26a11a21
rl_091c8635,ac_361dd651
rl_71626d66,ac_aeb7e4bb
rl_6ec714fe,ac_06e32ba9
rl_e75c2976,ac_f04c78f9
rl_18d8a26f,ac_211838d7
rl_fca8012c,ac_b553ae73
rl_4a27f943,ac_934a4ecf
rl_7d92ec01,ac_b0db80a9
rl_cfef51ea,ac_b5374f65
rl_9a17232a,ac_ad28a132
rl_d39379e0,ac_211838d7
rl_fd58e285,ac_fc2ce505
rl_50dbdf6a,ac_136fc802
rl_59ca8461,ac_2a4c725f
rl_8acc3613,ac_790d821c
rl_0664df78,ac_3913573c
rl_713798a7,ac_c892525c
rl_ed5150b2,ac_43c6763a
rl_0e8dfae0,ac_0aa67278
rl_9cd58e5c,ac_03b4c409
rl_95a0193d,ac_211838d7
rl_0c7999a1,ac_211838d7
rl_226f1f74,ac_211838d7
rl_a9dcc114,ac_76cec6a6
rl_feb96ead,ac_211838d7
rl_799c7d0c,ac_56efb030
rl_01b6d801,ac_3b4eecf1
rl_51451b80,ac_f3a45659
rl_84cfdeab,ac_a7234fff
rl_9b3acf23,ac_8184311d
rl_68a9d3e5,ac_71076848
rl_55fec5cf,ac_c1ff019b
rl_ab5429ad,ac_90f2ee86
rl_7fdb2d61,ac_9f8355bf
rl_9fce293e,ac_770c4dc6
rl_eb6e4622,ac_67821600
rl_3f5a2e59,ac_b49d0452
rl_04c39a5c,ac_d66f79e2
rl_724b0a28,ac_35bd6d55
rl_401f5f26,ac_5110d5f9
rl_4ab3ac47,ac_211838d7
rl_4b043788,ac_6983770b
rl_444ab7f5,ac_211838d7
rl_4641a5f2,ac_ee464556
rl_79f0d4de,ac_4d593b7c
rl_2734a68b,ac_b3560cb4
rl_8958b48b,ac_b3560cb4
rl_aba2962b,ac_657ba73d
rl_165e1de4,ac_d1398038
rl_8275f6be,ac_4ecf7515
rl_56c73f5e,ac_7f743703
rl_68e0f3c7,ac_634d8bca
rl_d6dcfdcf,ac_211838d7
rl_7260ad93,ac_02bf3730
rl_27b04c88,ac_5c1ebfff
rl_d1ff21a7,ac_2086997a
rl_0fed2ee1,ac_1619b1de
rl_d0454689,ac_3d9c9d0e
rl_cf13d05f,ac_211838d7
rl_732466dc,ac_9a6a4b4b
rl_2ca5b240,ac_9a6a4b4b
rl_6c9055b4,ac_3f43264e
rl_80a1ec7f,ac_b421371e
rl_79e5f51e,ac_41db5d89
rl_86785cea,ac_4e8ece67
rl_22350731,ac_0a18de86
rl_1abea99d,ac_48fb5696
rl_4c0845aa,ac_adba133b
rl_0b27d2e3,ac_aa816300
rl_95fb4815,ac_a1239da7
rl_23e2934c,ac_6f1ac4d2
rl_b652142c,ac_ae4e15b2
rl_bca22a50,ac_41d6d886
rl_7a0bcb51,ac_17dce7f3
rl_0f5e2978,ac_17dce7f3
rl_a06d0915,ac_34a8d2ac
rl_e6ef4ef1,ac_ed506a93
rl_014e62ed,ac_1f67435f
rl_7bbf4f3c,ac_dbda47cd
rl_d58f142b,ac_211838d7
rl_ce6b77ed,ac_4a6737b8
rl_4cc3ad2c,ac_b4f21ccc
rl_61c5e761,ac_ac2ee0e7
rl_abb1278b,ac_7075bd98
rl_e027db68,ac_4f742368
rl_7343aa7e,ac_281ce95e
rl_43986c43,ac_2009123d
rl_21866bd9,ac_ab8bb9e7
rl_df92474f,ac_b0e7f846
rl_92e2b217,ac_02bf3730
rl_2761ad27,ac_b1da829f
rl_7ec71b74,ac_7da46911
rl_40e0f766,ac_8a8054e0
rl_9ea1fe22,ac_bb6a8460
rl_5676e9a2,ac_211838d7
rl_85ebe82f,ac_211838d7
rl_2348dac5,ac_68b73110
rl_a8f52d4e,ac_5d71347b
rl_2aa8ef19,ac_103c392c
rl_d6733e60,ac_5214751f
rl_dc97d34a,ac_321c7729
rl_c8a5b56a,ac_de8435ed
rl_2e9554cc,ac_deee855f
rl_36ba1deb,ac_ae7b9a98
rl_fea341b9,ac_7932c132
rl_158a2401,ac_481f1275
rl_a2418043,ac_da09584a
rl_3cb5ba67,ac_63f707fd
rl_200e566e,ac_5935bccf
rl_13c40018,ac_b0d8ebb1
rl_b1f997a8,ac_d625a813
rl_3ed8974a,ac_18411251
rl_d00b9bd4,ac_8fc3dd3d
rl_fcebd81e,ac_e149626e
rl_429560cf,ac_0c6e7edf
rl_9724b9d3,ac_6dd5868f
rl_ca625cad,ac_3bf5113e
rl_95afd222,ac_3c566e7b
rl_b7ea91dc,ac_94464d50
rl_57409ee9,ac_34dbc2b1
rl_c4571b6f,ac_34dbc2b1
rl_8d0c9752,ac_8b3b87b4
rl_e982b486,ac_973aef29
rl_0ea50f9d,ac_48ea1d5c
rl_99c0f29a,ac_7d610e95
rl_0ba14d8c,ac_eb1947c2
rl_b3337969,ac_211838d7
rl_7f772655,ac_5f8eb3ec
rl_eed4321a,ac_211838d7
rl_caacb562,ac_193569ee
rl_d49062f6,ac_fe4826a3
rl_3b5a5860,ac_211838d7
rl_dfdf0eb0,ac_24fe3a39
rl_eb68ec31,ac_a213c72d
rl_0f865ced,ac_211838d7
rl_5ec6a6f3,ac_211838d7
rl_66cd172e,ac_d13d5ead
rl_983ae467,ac_6dc4862c
rl_358654c5,ac_211838d7
rl_e733c0c7,ac_1b996612
rl_b17cb21b,ac_211838d7
rl_1730cd88,ac_6467ebb0
rl_0c4a9055,ac_f7215abf
rl_5ad619bf,ac_bdac6417
rl_43fd716b,ac_986bb457
rl_b0a1407a,ac_45ec3ce3
rl_4256e944,ac_733b6c78
rl_188cafa0,ac_0972b6d2
rl_ad087f76,ac_b2343a1a
rl_9c9b1277,ac_28c4ebbd
rl_a840a51f,ac_7b50f1e9
rl_02dcf9bf,ac_211838d7
rl_32610ebc,ac_2c78f4d9
rl_21e5455f,ac_00a89cf4
rl_d693d415,ac_eec682a6
rl_22ed37b8,ac_502fced6
rl_cc13ad34,ac_c1872571
rl_a11a77be,ac_eec682a6
rl_eca11f9f,ac_8b3a0b81
rl_7362a8f1,ac_8b3a0b81
rl_1ea4805d,ac_211838d7
rl_580cf330,ac_211838d7
rl_5cdc5660,ac_5cf17fe4
rl_40f818ab,ac_8cfff6b3
rl_ee09202f,ac_2ae01ce0
rl_66d39d6b,ac_79b80034
rl_7c7f1326,ac_149cea15
rl_b2acea3c,ac_3716d747
rl_8c974ed7,ac_e7b8d94b
rl_4d9d60da,ac_8b0c8f57
rl_3242b18c,ac_211838d7
rl_56b2d53e,ac_281ce95e
rl_2b97a5e1,ac_a146d460
rl_f962cfb9,ac_95f6d2d0
rl_e3302aec,ac_71703a64
rl_732d50aa,ac_8e3ad61b
rl_51e2f42c,ac_066160f1
rl_59e55783,ac_12c41317
rl_751cb767,ac_211838d7
rl_a10f2b27,ac_211838d7
rl_66b7f302,ac_710eef8b
rl_461b3933,ac_90c0e671
rl_96573ca3,ac_f381f867
rl_20b4e4b3,ac_7bc3bf53
rl_dc504b76,ac_7cb9eabc
rl_f70c13a8,ac_cfe8a0b7
rl_46e87f54,ac_f4809308
rl_7ba53e9b,ac_10dd8151
rl_476ec7a4,ac_437c1d89
rl_5aeec162,ac_f20e8bc5
rl_6296189d,ac_57cc4a35
rl_978943a4,ac_4f82f24c
rl_260af213,ac_cde7d872
rl_a68e6d3b,ac_ffd1412a
rl_6bdcf6aa,ac_eefa8b22
rl_a90e617d,ac_eabdcfdb
rl_f7bbf24c,ac_3dd271a6
rl_99f5c529,ac_9602c077
rl_cb0b7ce6,ac_211838d7
rl_bc37b3a1,ac_211838d7
rl_9cd5fa56,ac_ffa7ba81
rl_85b6c10c,ac_899e4030
rl_3b958deb,ac_211838d7
rl_340ab6a7,ac_3a24db46
rl_6f70b24a,ac_8ff18de3
rl_1790ad49,ac_0a926003
rl_89cd17b0,ac_f49a35a3
rl_bb07508c,ac_136fc802
rl_3f032bf8,ac_b0040405
rl_e0062c68,ac_211838d7
rl_1cf7a6b6,ac_211838d7
rl_7de56976,ac_29f34915
rl_d01f8608,ac_211838d7
rl_b12d2979,ac_488eb760
rl_70c8014b,ac_6903765d
rl_d6a64ede,ac_ad11bc33
rl_85f4dded,ac_31745ca8
rl_28fec83e,ac_7b7bfbdc
rl_8b1ac682,ac_5268cb38
rl_cb07d493,ac_b6721e2d
rl_d0ea8475,ac_5127f23f
rl_01cd9db0,ac_5acc6fde
rl_f7a52af8,ac_0a926003
rl_0f291cb1,ac_08e437ec
rl_678b9eb2,ac_5127f23f
rl_8e9335b9,ac_9eed769f
rl_837ab506,ac_4dc4303e
rl_14cbbddd,ac_211838d7
rl_a82cc6f1,ac_a6c1d2f3
rl_61e99811,ac_a75bb70b
rl_6af2c9eb,ac_94c20920
rl_d64d325a,ac_211838d7
rl_a282efa3,ac_4d4393f4
rl_4644be90,ac_a2144b0f
rl_8a52fdc8,ac_ce7f896b
rl_fbe841ef,ac_203fc470
rl_81a17bb4,ac_c3026ea3
rl_81ba7329,ac_211838d7
rl_2eba9b33,ac_ebaae393
rl_a6cb6074,ac_37f765ac
rl_c7710bdc,ac_00d8e8c5
rl_14dffd6a,ac_7ff142ec
rl_65c07092,ac_1dba4c3c
rl_f84710a6,ac_4d6c2edd
rl_330b02be,ac_211838d7
rl_f4bb56f6,ac_6bbd281c
rl_f17394a9,ac_da30e81e
rl_e05d73c4,ac_bb250220
rl_afdda035,ac_960b6a50
rl_bc6894e9,ac_77b19bab
rl_09759ee2,ac_31bd9ef4
rl_73186f2d,ac_d2ebae84
rl_063fe5fd,ac_c3afbb37
rl_069f6570,ac_211838d7
rl_1e97d5f2,ac_e06e3c75
rl_efe3121a,ac_18411251
rl_ec00aacb,ac_18411251
rl_8c77705a,ac_bf9323e3
rl_30665608,ac_d684f64a
rl_f756ef4b,ac_d8983864
rl_1e46a4e9,ac_1dba4c3c
rl_15f68b2d,ac_76722df2
rl_3bcf203e,ac_d4e4d8e9
rl_7e285aed,ac_b2af2c89
rl_e0b887f2,ac_bc9ea6eb
rl_af4fa79f,ac_e75c24e4
rl_f0663143,ac_6bbef381
rl_eb9587f4,ac_211838d7
rl_be641915,ac_f52a8ad0
rl_28b0dab3,ac_731e3ef9
rl_b65b389a,ac_3313548a
rl_3740aeb8,ac_41506c54
rl_f122f06c,ac_36de4ac2
rl_4c9cb82f,ac_0bd4969e
rl_b4e8da3b,ac_486e32e2
rl_6d724705,ac_b1034db8
rl_e7518df9,ac_e20c5ffe
rl_aac9e13e,ac_0991d2a4
rl_5af816d8,ac_de7869ee
rl_40a74cf2,ac_5f0ee50a
rl_dbe9a3b3,ac_133ce11c
rl_986b2427,ac_91eadf61
rl_9a9dba3e,ac_b03d1b7a
rl_e080a0d2,ac_3046e286
rl_356d1a65,ac_4fb3460d
rl_8f6c9b53,ac_ccb0c893
rl_7487e613,ac_b57e42f2
rl_0b2eaa76,ac_0c059243
rl_577d625d,ac_6e29ed39
rl_4a22e7f8,ac_3d499aef
rl_cac57e5f,ac_3222b59d
rl_b79bbad6,ac_4faccd6b
rl_836c649d,ac_211838d7
rl_01b1f634,ac_240883b5
rl_b0f6c86f,ac_b3b0e922
rl_ef25ff84,ac_491a7b0f
rl_b671dc53,ac_629ed74e
rl_385a52b6,ac_c45c96e6
rl_8748d566,ac_b54a7461
rl_39fadc8f,ac_211838d7
rl_f059d113,ac_5788e136
rl_fb15f26f,ac_50676833
rl_4f756de6,ac_211838d7
rl_8beed965,ac_4eefe04d
rl_2137374c,ac_57cc4a35
rl_3a6d661e,ac_211838d7
rl_9e60c6c0,ac_460b7491
rl_6e8858af,ac_d4613953
rl_5e4869f7,ac_3a84965b
rl_abfce052,ac_b9259257
rl_86e494af,ac_6d5f4656
rl_7edaf8b8,ac_abc62c15
rl_96aeb236,ac_a6748a88
rl_7867d3cf,ac_3a4c84e7
rl_9df9b94f,ac_7e59fabf
rl_c2dd352d,ac_10990883
rl_9963892e,ac_29000b0c
rl_5e4fa8f5,ac_62be8a3f
rl_5c79e8ae,ac_073507fe
rl_8cc18a87,ac_427cc8f0
rl_78f34483,ac_7803e5ac
rl_a40516c5,ac_0d8fad56
rl_9f61b3c0,ac_30c92b56
rl_580571e8,ac_211838d7
rl_d802ea19,ac_fccf3b97
rl_62b81491,ac_7708a83f
rl_005b50f0,ac_211838d7
rl_356d85ff,ac_d80d38ef
rl_55d4da0f,ac_9bba721b
rl_892307d2,ac_14574550
rl_45646a26,ac_71091e1f
rl_8dc20e65,ac_a88e326a
rl_04fe5c94,ac_b8d7d155
rl_dcc7bfc0,ac_0821d141
rl_12b3f393,ac_3693591d
rl_038d1917,ac_211838d7
rl_6a8d42ca,ac_e8f195b5
rl_9216366f,ac_bece4f0e
rl_8a2de21a,ac_80122a88
rl_45ff8646,ac_fed0a661
rl_9713d734,ac_438ff6d0
rl_2852fd84,ac_4fc040ab
rl_7d080c09,ac_0a1bf85a
rl_9b33d354,ac_b5793de6
rl_97669efc,ac_938dff92
rl_34f37e66,ac_cc581f08
rl_e0be7d19,ac_2280b4cb
rl_f64eb9d5,ac_87402cdf
rl_bae261ed,ac_13d6ad05
rl_f18127fa,ac_52a60975
rl_0e9f6185,ac_44d07009
rl_0011afe4,ac_87402cdf
rl_83dde50f,ac_01dedcf1
rl_2de43137,ac_01dedcf1
rl_77f0059a,ac_bece4f0e
rl_e160459d,ac_e9f77418
rl_9084476f,ac_c46d7714
rl_7f8c753d,ac_211838d7
rl_4acbb031,ac_211838d7
rl_3708ac21,ac_71b685aa
rl_a0ee60d6,ac_4063e308
rl_a7abe1e2,ac_41127a1d
rl_4a7c307b,ac_eb5166c4
rl_88c299bc,ac_3bcb6585
rl_5f60f67c,ac_eab6f4c8
rl_ef64599c,ac_211838d7
rl_32daa622,ac_211838d7
rl_ee993103,ac_5a8f00cb
rl_3eac998b,ac_293aa270
rl_fe7d4f31,ac_211838d7
rl_c1a038e4,ac_211838d7
rl_62491886,ac_4af60638
rl_00a39030,ac_5261a1fe
rl_d615b60d,ac_cc298349
rl_e9008854,ac_211838d7
rl_b72fd229,ac_3923414e
rl_b4a71649,ac_211838d7
rl_cf65bb38,ac_211838d7
rl_a929f45c,ac_796a980d
rl_c632a231,ac_5477054a
rl_99231c0c,ac_76993fee
rl_a5abeced,ac_76993fee
rl_e949cf75,ac_9ac6865e
rl_dada3a50,ac_20818040
rl_f5a51810,ac_3c3a159c
rl_928f45a7,ac_03c8b999
rl_4dde306a,ac_ffe62882
rl_a811356f,ac_d8d4a4d4
rl_ba27afc1,ac_6693d6a0
rl_d4c8d1d2,ac_c7619a8e
rl_e8c9ed4b,ac_90249b38
rl_d8357c37,ac_c9495b73
rl_cdd575ba,ac_f96f9124
rl_8131a65c,ac_3ef184f3
rl_9a1e1dbc,ac_3a812ac7
rl_9bc981ca,ac_211838d7
rl_b69d818b,ac_211838d7
rl_e3e28081,ac_2d18df34
rl_c1562bcb,ac_211838d7
rl_d6a78c54,ac_95f6d2d0
rl_c65d7890,ac_a5e8c088
rl_74df9112,ac_bca6dbbd
rl_813c0795,ac_84afc9cc
rl_a9c9f21a,ac_d09b61ca
rl_f0d01ed1,ac_211838d7
rl_7f8a7aa1,ac_29b60f2d
rl_2d95561f,ac_211838d7
rl_08ab7bf6,ac_211838d7
rl_0c8dade4,ac_dfeb5914
rl_044bb5ca,ac_dedc7ad0
rl_4d633c4c,ac_9196c71d
rl_368ada95,ac_9d64293f
rl_5071cc38,ac_211838d7
rl_836e2049,ac_4bf7e196
rl_ff7f32f8,ac_2cedad18
rl_90bab66c,ac_d923c301
rl_fbcbcbd2,ac_211838d7
rl_aebaba7d,ac_f0e47b5f
rl_6b62a73a,ac_bd538e8b
rl_71fbb858,ac_43e433b8
rl_b03f34d3,ac_8c2dc72d
rl_2a3428eb,ac_bf06750a
rl_0092d273,ac_058828cc
rl_33cb0999,ac_eb43274d
rl_52a85eb1,ac_211838d7
rl_83506e54,ac_caa15453
rl_abd5173c,ac_211838d7
rl_4aa9294d,ac_54746eeb
rl_84acfa9f,ac_3e5429b2
rl_8d1b2b43,ac_7b3169ab
rl_50a025a2,ac_211838d7
rl_3fd05ed8,ac_b7d466f3
rl_5b173b9e,ac_211838d7
rl_70b8ddb4,ac_211838d7
rl_0e6e63ba,ac_1ecce3f2
rl_ed74a018,ac_7a4966db
rl_2c704939,ac_ef772db1
rl_ad194a8c,ac_72a4043e
rl_787b14f6,ac_39d06573
rl_6fbe62aa,ac_746b30b0
rl_50437051,ac_4cb86358
rl_d20e6c82,ac_01a88e57
rl_637739cc,ac_18411251
rl_6c55cabb,ac_aab4923b
rl_7f267d4a,ac_76b26298
rl_20b64a96,ac_4e8ece67
rl_7e602b09,ac_0cbc2496
rl_462602ff,ac_d1e44484
rl_4dac94a3,ac_211838d7
rl_4c05d263,ac_95f6d2d0
rl_de8ff181,ac_b0d8ebb1
rl_3a84ef8b,ac_211838d7
rl_ad48925e,ac_211838d7
rl_57ae6561,ac_211838d7
rl_e99b497b,ac_211838d7
rl_188b6c29,ac_999c86c9
rl_7aeebf9b,ac_0a926003
rl_ba87242d,ac_13d3bf07
rl_14955a47,ac_a3283c45
rl_37195e31,ac_dc1fed20
rl_f74be15f,ac_63a97276
rl_03a518d8,ac_9023c5fc
rl_4e6377c8,ac_77f6e3d0
rl_5d91fb5f,ac_bb131286
rl_0a64a347,ac_d61b1573
rl_1291b4e5,ac_38e4d4e7
rl_28dd398e,ac_387b577d
rl_626db5e7,ac_e4840b3c
rl_7394c0cc,ac_953c60d7
rl_fc6fe4d7,ac_3f39ae50
rl_ca8ac938,ac_3cba556f
rl_ad8a7705,ac_ac1202ff
rl_0b0e1e62,ac_23410bce
rl_fd37a230,ac_fff879d8
rl_9d2a58b6,ac_9c77b7f8
rl_ab1d898c,ac_5982206f
rl_d54238f1,ac_82f0b304
rl_740f00b7,ac_21cd8421
rl_fca27398,ac_1dc3eab9
rl_7f413a2a,ac_d05bc0da
rl_d5cab028,ac_189f3533
rl_e56a59d2,ac_f4a1cb96
rl_0defac6e,ac_211838d7
rl_d8e4f76b,ac_30c92b56
rl_12c1ee34,ac_0c33840c
rl_490bc52a,ac_86097769
rl_d48f40f2,ac_814b588b
rl_ad30d2e6,ac_6673f556
rl_0cc1c4da,ac_251d9257
rl_b4ec5da3,ac_2b82bd1c
rl_ec53e8e9,ac_775d9956
rl_4a453dd9,ac_7b6efcc8
rl_06948389,ac_211838d7
rl_1a3dde00,ac_2063d653
rl_3f2ce848,ac_3eac69e5
rl_8e4692a7,ac_4056fb81
rl_1ea6ac2d,ac_211838d7
rl_3bb7f55f,ac_211838d7
rl_a9082473,ac_211838d7
rl_ebad178f,ac_a0923458
rl_6db2afca,ac_211838d7
rl_023e3cf0,ac_211838d7
rl_5cbf9496,ac_b27a4bd6
rl_36731dd5,ac_05b276ac
rl_5a1b62c7,ac_26d1544a
rl_3f5cdcb2,ac_2191a1e4
rl_af3c704d,ac_c2c16308
rl_dd860f6e,ac_135a9b61
rl_ec6f100c,ac_a5cc3b8e
rl_fc234e7d,ac_6e29ed39
rl_4c0a9622,ac_efd56687
rl_77441f2b,ac_97964f82
rl_01426aa2,ac_2e2406b3
rl_1af8b61b,ac_942b6e85
rl_023667ca,ac_5137e743
rl_f1350763,ac_ba56213c
rl_facbd118,ac_814b588b
rl_eb034a94,ac_19474dfc
rl_2603c717,ac_4e50b6d9
rl_f8ebfa91,ac_c46bf326
rl_d6268614,ac_5bcdf5ed
rl_60969a74,ac_1835b57c
rl_cdfe8cf9,ac_adfee0e1
rl_7c6fe712,ac_4dc4303e
rl_8b7c2f2c,ac_90f54134
rl_859e726f,ac_f375abdc
rl_1984cf90,ac_f8776d3f
rl_31df64eb,ac_211838d7
rl_75d7f78f,ac_ddc69b9b
rl_8bba5863,ac_6903765d
rl_febbdd0a,ac_211838d7
rl_37608cde,ac_f1ee3e67
rl_a551c895,ac_955863b9
rl_859086c5,ac_626a5ed2
rl_8eb488a9,ac_fdea1f2f
rl_b5c145e3,ac_8fc3dd3d
rl_48063a91,ac_5fb8d3fc
rl_578fbb24,ac_fcdeccec
rl_163d842a,ac_a0894910
rl_862c16ae,ac_211838d7
rl_514a019f,ac_4f63432b
rl_15e8b9ea,ac_fdea1f2f
rl_d9f31a90,ac_088e9f71
rl_8b6f66cf,ac_71dd244b
rl_50faab8d,ac_c929a1e1
rl_78d464f6,ac_597635aa
rl_63569d0d,ac_c17e56f9
rl_e97486a0,ac_211838d7
rl_4e7431e4,ac_a7f5d382
rl_7c733bc1,ac_f28f13c9
rl_61b6dc2e,ac_e8a3dd27
rl_c3b7075b,ac_c16f579c
rl_331d359a,ac_d50b7264
rl_3340fce2,ac_9fc2663f
rl_35434e56,ac_211838d7
rl_fde872d4,ac_211838d7
rl_f5fdbe9c,ac_76722df2
rl_d0e08d7d,ac_09fea38c
rl_8736207a,ac_211838d7
rl_b7ffa81b,ac_211838d7
rl_81cf8dad,ac_29d97bdf
rl_d38ae6a8,ac_2f322db8
rl_2a51e94d,ac_211838d7
rl_ce6e35cf,ac_844d2439
rl_e7efeaa3,ac_211838d7
rl_7ba14a3f,ac_80d8d902
rl_a4098cb8,ac_211838d7
rl_3e2ca5b4,ac_61252f68
rl_b4961980,ac_9709cabf
rl_324c7065,ac_6877f4a2
rl_962c0bdd,ac_1e3cf336
rl_a07c82af,ac_bff2a688
rl_92f75a58,ac_61af4424
rl_425fad53,ac_78076cd2
rl_532d4ae3,ac_4b902fd8
rl_b4a9ed1c,ac_e6f36904
rl_805fb115,ac_bb205564
rl_81add7f8,ac_29388932
rl_051977b8,ac_03ce9cfe
rl_69a9ecd3,ac_cd1cfb92
rl_71162c7d,ac_326e2cdf
rl_e247eb31,ac_77a93ea5
rl_b7d1b01b,ac_2a5a3a26
rl_f41bc111,ac_61b81c6b
rl_eca6c810,ac_a0769afa
rl_324cc3ef,ac_2e69e9e8
rl_ea0d3ac9,ac_5a341855
rl_feba5074,ac_8d9c099d
rl_74bf306f,ac_bcdbf4d0
rl_22b653d7,ac_30dfa95d
rl_5c1cfea7,ac_a8ca0fd5
rl_5e125150,ac_9fdaf001
rl_751e7025,ac_c2c16308
rl_32e54dfc,ac_f729b012
rl_d581df06,ac_76a4bad9
rl_982469a7,ac_2ad79690
rl_5aa64417,ac_6d605753
rl_f8bb440d,ac_8eec2310
rl_f1dce98c,ac_6013984f
rl_044402b8,ac_e98fb9ec
rl_c5951ec9,ac_211838d7
rl_cf0a07c2,ac_211838d7
rl_ab9b11e0,ac_211838d7
rl_7915be05,ac_2fb9cb95
rl_a5285ff5,ac_5adbfe09
rl_9e664385,ac_9410eada
rl_e0ddc20a,ac_5b5c8f7a
rl_105ae3bc,ac_211838d7
rl_c60855ef,ac_93df23e4
rl_5d8cf2ab,ac_fd21ae2a
rl_9647c4f4,ac_9bba721b
rl_15cbf638,ac_211838d7
rl_c41f8bee,ac_01484ef2
rl_0a3ef0cf,ac_d0c95a1f
rl_cb6bbb46,ac_211838d7
rl_71596219,ac_674e84e3
rl_153b1321,ac_1bdd3d0b
rl_3c710111,ac_708d20d1
rl_3e0a2741,ac_d98fa675
rl_8d39cb19,ac_a37b84e6
rl_764c1746,ac_d046c138
rl_6c062795,ac_76f3c1ed
rl_e92e84e7,ac_1c20d92a
rl_3e77cf1c,ac_81e2006f
rl_cfd92b27,ac_17dce7f3
rl_6fdbe2ca,ac_2cabb38c
rl_299cccbc,ac_65972115
rl_d565c401,ac_9bba721b
rl_888ae157,ac_76d7461d
rl_a2aa248e,ac_5a9d6b59
rl_a6ea35eb,ac_c28f00a4
rl_3562e47a,ac_c539b093
rl_bcec3ba6,ac_9d815103
rl_da8eb41c,ac_e99b503e
rl_5e521260,ac_c12fa5b5
rl_90636843,ac_7b424479
rl_5dabae42,ac_617d6605
rl_5e145160,ac_3693591d
rl_cf24da9c,ac_ab7f5cdf
rl_69c7e0c6,ac_211838d7
rl_02d13d62,ac_211838d7
rl_99947c1e,ac_cd0f7dbf
rl_a9f94336,ac_211838d7
rl_27e36aa1,ac_4c82c8a5
rl_e39cd3c8,ac_b99b3784
rl_0dea8d8b,ac_e28310f2
rl_4819b2da,ac_ea619396
rl_6f1d651e,ac_211838d7
rl_9ba0e227,ac_e043652a
rl_0c76ec71,ac_0ddb5564
rl_b2cf971c,ac_b0f9a662
rl_ecc3a97c,ac_b0f9a662
rl_f563bd6f,ac_5225c4eb
rl_51ddd4f8,ac_6dc41183
rl_2ab00b3a,ac_211838d7
rl_96e7de7f,ac_fbbb843c
rl_0a619707,ac_211838d7
rl_1295138f,ac_348108e8
rl_37a878dc,ac_bc944f62
rl_cacff261,ac_5707d694
rl_26db8bd6,ac_3155a4f8
rl_9fc7ac9c,ac_192ff5af
rl_05e60907,ac_eaa96515
rl_9bad7196,ac_211838d7
rl_3d8277c6,ac_39889283
rl_9d8aae40,ac_a64a4c74
rl_d4fdaa4d,ac_87ee67aa
rl_d9e8d97c,ac_2f78afcd
rl_7ef71979,ac_1d701e9b
rl_8f66e6b0,ac_409bca97
rl_e2cf6691,ac_211838d7
rl_0eb6c6fb,ac_6aa352f0
rl_c7dbf8ee,ac_20172b89
rl_5a26f63d,ac_2b765aa8
rl_be1bbcb9,ac_ac2fe96b
rl_603b9bc0,ac_72cbdeb6
rl_d7ac67ff,ac_045ecc3d
rl_65613948,ac_61cced09
rl_e023ad2c,ac_ea449574
rl_4c8a84f4,ac_e90e904c
rl_9b8c0605,ac_85f9a2cc
rl_8ca05f5a,ac_922f337a
rl_a26ddbb2,ac_aba6703a
rl_1835b581,ac_de7869ee
rl_b2db03cd,ac_32a37280
rl_88fd8d60,ac_9f39c3e3
rl_af2e3ac8,ac_6f1b8855
rl_c1303909,ac_74815683
rl_5c519e01,ac_d0d6db37
rl_f2beaa14,ac_003b2a88
rl_a570a9ba,ac_81aef85d
rl_2f149bed,ac_fdfb6c81
rl_c31be698,ac_85d0863e
rl_6572d861,ac_a923fec0
rl_260e555e,ac_d388a5f0
rl_ba1e25ee,ac_211838d7
rl_4a5f1917,ac_bb479cb4
rl_c46d3df6,ac_58ce6192
rl_662e59b6,ac_617d6605
rl_e2758f3a,ac_211838d7
rl_d617b896,ac_19474dfc
rl_4b159b11,ac_e105c28a
rl_5b35240a,ac_211838d7
rl_7c9b9570,ac_7fe027ea
rl_9e142f7e,ac_7bc3bf53
rl_4ab60c10,ac_925b5344
rl_1f5a5889,ac_764c8a69
rl_9b4f7478,ac_211838d7
rl_290c145d,ac_211838d7
rl_e6611ac8,ac_cdb609d8
rl_ce34c289,ac_211838d7
rl_b4d92e7d,ac_211838d7
rl_2a3b9d69,ac_b21081e1
rl_b12440bf,ac_e02f6526
rl_f72e4bdf,ac_bde7076c
rl_0d0c4230,ac_211838d7
rl_d1b55250,ac_87ef0796
rl_5bef68ef,ac_0b366788
rl_5463f1e8,ac_b2af2c89
rl_5c21482b,ac_a65e6074
rl_8f0caf61,ac_ad504ca3
rl_1a9c7dfb,ac_64622f5c
rl_f21efa9f,ac_1fc1709c
rl_5763e0cd,ac_2896436e
rl_b6f4018b,ac_3cc3c340
rl_4618d0a7,ac_364c6c8a
rl_8a184fdd,ac_4f3faa71
rl_58cc1652,ac_25505be7
rl_ddb32f36,ac_8b0baf02
rl_f94ee009,ac_c892525c
rl_5e2ed845,ac_2f769089
rl_49114a57,ac_fa9fc694
rl_fc90358c,ac_211838d7
rl_fc6369f3,ac_1d9d5cd7
rl_eed95d7c,ac_4b81a83f
rl_74bcdc74,ac_4e50b6d9
rl_7e52a9cb,ac_d1c0ae4e
rl_c69322f3,ac_c7a7e03c
rl_78ac23ab,ac_76d7461d
rl_36c852f2,ac_211838d7
rl_0787b166,ac_f57a87f1
rl_49b5642c,ac_95c61b3b
rl_7baa6663,ac_e2de211e
rl_53c55d65,ac_29cf23ac
rl_ec963c04,ac_1725dde5
rl_89c95b7a,ac_20ca2d00
rl_adf777ba,ac_211838d7
rl_433c888e,ac_667608d5
rl_409065a1,ac_b52b77cd
rl_20b422cd,ac_39d06573
rl_0070f913,ac_30573624
rl_2f102d77,ac_d8e17c7f
rl_ee23273c,ac_3bfbb592
rl_e14a1ece,ac_8b1dd275
rl_bd9e5427,ac_1725dde5
rl_5c9b8dd0,ac_f8de40d0
rl_92d640d4,ac_a620c215
rl_34180449,ac_335a37e2
rl_cfc6ee0e,ac_5a9d6b59
rl_f479395e,ac_07e5c914
rl_37510e30,ac_07e5c914
rl_20c789a1,ac_87d8e11b
rl_6e0d21b8,ac_26fa2c86
rl_1c9aa4d0,ac_50a8c736
rl_a741ed6a,ac_c03f5134
rl_bb8af19b,ac_c4eaa1c4
rl_043d4c4e,ac_c5a937e3
rl_fa8da914,ac_febe6617
rl_29257bbe,ac_e5d45483
rl_dfc66810,ac_76f282a1
rl_ad3a0ae7,ac_34f805bb
rl_3f517376,ac_a3ce3cd4
rl_aa0ccbfc,ac_56b68d61
rl_ae3b1473,ac_488eb760
rl_1b6de6c8,ac_77eaeae3
rl_5c0da5c0,ac_8874ff8b
rl_1dbaada4,ac_269afd07
rl_83c2199b,ac_211838d7
rl_f946bdad,ac_6ac53fdd
rl_61546652,ac_211838d7
rl_325b6f0e,ac_211838d7
rl_185db876,ac_4725da8b
rl_6ccc6fef,ac_4f63432b
rl_991600e4,ac_7f3b07a3
rl_4764f093,ac_cff8f715
rl_623553a4,ac_735d8eed
rl_b773c982,ac_735d8eed
rl_5fac32a4,ac_eb328ef3
rl_adec39a8,ac_c3e6bff5
rl_afa8254e,ac_1a24074c
rl_ffb807b4,ac_b7311c54
rl_966d11ee,ac_211838d7
rl_0acd9d7c,ac_e16de66a
rl_c81ea118,ac_929ee9c0
rl_abc7f7c9,ac_25137247
rl_9b864a27,ac_9ce6b72c
rl_adc33f0f,ac_211838d7
rl_4543370c,ac_929267f2
rl_e6712354,ac_d0c95a1f
rl_f5b9ac8b,ac_ba42954e
rl_a57d86a3,ac_607cd00d
rl_d40caf60,ac_211838d7
rl_a2102f7f,ac_f8286b77
rl_9c65361b,ac_17847ba9
rl_680014bd,ac_88e8acee
rl_814550b5,ac_49d53696
rl_ae1b7ef5,ac_211838d7
rl_e5bd3e99,ac_8a05f27a
rl_3251e3af,ac_3aba85f0
rl_308b9694,ac_5aa10043
rl_a3154aff,ac_6f0adb0b
rl_60a1c9e8,ac_08e437ec
rl_81b627a4,ac_aa7b01fc
rl_71b94ae5,ac_a9f0b810
rl_9977523c,ac_211838d7
rl_36dd3e0c,ac_6f178a05
rl_5fdbd143,ac_c653c256
rl_dceb726b,ac_9e42c934
rl_931ec366,ac_ad120977
rl_85f6be8a,ac_2280b4cb
rl_80fabf39,ac_af353f45
rl_4dba3db9,ac_fdd194ec
rl_9fe9db64,ac_0be09c38
rl_badc305d,ac_9521446d
rl_d36ad3da,ac_7af6d965
rl_f9639a1e,ac_e9509dc9
rl_394f6487,ac_211838d7
rl_4f569310,ac_55fb0366
rl_47fce718,ac_d2375cde
rl_623d5c75,ac_211838d7
rl_bf99a68f,ac_22a6b492
rl_fc238ff7,ac_5ef084dd
rl_8f74cc92,ac_a65e6074
rl_e0df0234,ac_8a656127
rl_2dc7000e,ac_b078c5f2
rl_0e922c59,ac_2490d425
rl_5ed816ca,ac_875b49e8
rl_b5d04cbc,ac_02303fd1
rl_8c3f847c,ac_211838d7
rl_3821fc72,ac_4849474d
rl_d88183af,ac_6a879857
rl_48bc3674,ac_c7b55d62
rl_4d8684eb,ac_73eda300
rl_aa504785,ac_bec1d4a4
rl_74ba8ae9,ac_ab28a71d
rl_70894c4c,ac_ca75054e
rl_2e99f9d7,ac_591c25b8
rl_2a7a441a,ac_4b1286e1
rl_f7bcd837,ac_81356147
rl_85e0d5a0,ac_813e00ce
rl_9b066315,ac_77f6e3d0
rl_8f116b28,ac_211838d7
rl_e950e794,ac_117ca310
rl_ee3be6a6,ac_d966262c
rl_f9023c7b,ac_be694e7e
rl_3d5bd2d4,ac_545c6e78
rl_b069ee56,ac_e8e72594
rl_93294ff5,ac_2191a1e4
rl_90ca7261,ac_8d825399
rl_7f07d2d9,ac_d952ae16
rl_c7a7f44b,ac_e4e4e045
rl_38845f18,ac_4de74889
rl_cae177bb,ac_2f4622ca
rl_afdf5305,ac_342dfce4
rl_d56d464e,ac_211838d7
rl_da935583,ac_211838d7
rl_a5959cf6,ac_5c843343
rl_816b7e05,ac_211838d7
rl_09d69c1e,ac_a64a4c74
rl_f460e8ec,ac_8fa76b73
rl_77ad1ba6,ac_249966a5
rl_a320d09d,ac_211838d7
rl_f6975409,ac_e7bd70bb
rl_f82b54ef,ac_52e7fc61
rl_716593c9,ac_5b1fc3f3
rl_41abc6fb,ac_8616ff1d
rl_39c21144,ac_2ab7234c
rl_fd1c9dea,ac_b8192798
rl_23475608,ac_aa4896b0
rl_79b57cb7,ac_aa4896b0
rl_43be0a0d,ac_b548900d
rl_3d8fbf3d,ac_1ac0ead2
rl_862aec50,ac_bc2a4909
rl_284cf23e,ac_0268f54d
rl_b1c5f9fc,ac_318bb4c6
rl_abbd387e,ac_34d3c851
rl_6553081f,ac_f61e23e2
rl_24522747,ac_f4780be7
rl_b1fa9eca,ac_df6f6c01
rl_40765295,ac_10ff232f
rl_d06f9c71,ac_697620f9
rl_d264686b,ac_c81d68cb
rl_cd62ec96,ac_211838d7
rl_245189b3,ac_831c4fed
rl_83c42f22,ac_48325330
rl_e0b611b5,ac_7de90171
rl_d12fa33c,ac_61af4424
rl_ec55af6f,ac_61af4424
rl_612c3d99,ac_a877a364
rl_83cdcd21,ac_1157c792
rl_7162f57a,ac_211838d7
rl_c1dddca9,ac_19b8cf8c
rl_ff3dcb54,ac_63341424
rl_03f75bb7,ac_708d20d1
rl_593bb42f,ac_ef22d2dd
rl_8d5c5086,ac_639f3281
rl_f2bd9dbd,ac_211838d7
rl_1d4874c7,ac_488eb760
rl_b5a8bc29,ac_211838d7
rl_80b564d5,ac_4c76ae34
rl_c60d177f,ac_211838d7
rl_310cc734,ac_0e6273bd
rl_8c01cac7,ac_dead4ff6
rl_274654d4,ac_211838d7
rl_7467e171,ac_2280b4cb
rl_23722f9e,ac_0ab2e942
rl_2af4b54c,ac_ac2fe96b
rl_f6c41074,ac_0e7361aa
rl_c7e71b6a,ac_211838d7
rl_52585a56,ac_b64abb7e
rl_34255f70,ac_b64abb7e
rl_e4cb1887,ac_211838d7
rl_e9b640e0,ac_211838d7
rl_473bb842,ac_96e2c573
rl_b81163e1,ac_a9fd6153
rl_0485aac4,ac_a9fd6153
rl_283924c8,ac_0e55ff5a
rl_ac58def1,ac_b3af926c
rl_1ac7b546,ac_c5d77d62
rl_433798d5,ac_211838d7
rl_96792289,ac_a12e0ab7
rl_eee07018,ac_be433309
rl_10f0b418,ac_26d61083
rl_86b83b41,ac_1d113f49
rl_df446ed8,ac_2c8096d7
rl_7d7da515,ac_f6f5f7d1
rl_874e7368,ac_d2424641
rl_53696d5b,ac_30ec8dc9
rl_368d26e1,ac_e29f2513
rl_52531f08,ac_76f282a1
rl_ffcd5c73,ac_aafdb74a
rl_615dba5c,ac_28dc632e
rl_ac2ef5bc,ac_f1376f99
rl_b05d223b,ac_dc0f11b0
rl_bd28f6fb,ac_6852c0df
rl_38558d29,ac_8d95d286
rl_cf5a4286,ac_8d95d286
rl_ffcad270,ac_154b621e
rl_64182885,ac_32fad9c3
rl_2a99573d,ac_64622f5c
rl_46ddfd66,ac_048c028b
rl_155abe32,ac_04c1ebd0
rl_e1446123,ac_cd8c0fbc
rl_9113b3f9,ac_20d21f83
rl_afc6b566,ac_a2d2e58c
rl_bb6e12cd,ac_b8192798
rl_dab31fc0,ac_f30a86c4
rl_38e934e4,ac_6f288a8b
rl_1dca9a32,ac_3cdf0d59
rl_2bfb98de,ac_0b8e97ab
rl_cb3cddcf,ac_211838d7
rl_14ff750b,ac_211838d7
rl_50fe0631,ac_7cc4dcd9
rl_f3c22b92,ac_95311b21
rl_d1cfb3b4,ac_18411251
rl_87030bff,ac_cff8f715
rl_5819e43a,ac_fde983a7
rl_ca0b1efd,ac_6b45c797
rl_2606b659,ac_211838d7
rl_c47975dd,ac_211838d7
rl_873cace3,ac_211838d7
rl_983cb5e3,ac_2d1b5c5e
rl_34f1b40a,ac_2d1b5c5e
rl_65106b79,ac_8be7e5f7
rl_99fb3f68,ac_211838d7
rl_10896cbc,ac_211838d7
rl_965dfaaf,ac_9b9fac26
rl_7c920550,ac_b18989d9
rl_b540bf67,ac_e7bd70bb
rl_c1c7d447,ac_90baf500
rl_81cc05a0,ac_d31c31cc
rl_027c531f,ac_1a882a47
rl_35aa3911,ac_320b2b9d
rl_9c986ae5,ac_86941760
rl_acdc3d42,ac_211838d7
rl_5723ced3,ac_2ccc30de
rl_d81863c3,ac_236f89be
rl_6d4c2f7b,ac_211838d7
rl_8d781ec2,ac_430d902b
rl_934b1559,ac_eb1947c2
rl_f9dbaff4,ac_211838d7
rl_19ab3468,ac_4b11bdbd
rl_c2417de2,ac_e7b5052a
rl_41400c56,ac_f8de40d0
rl_ec7fe254,ac_fb0e096d
rl_7d228cf8,ac_7a9bfae9
rl_992c5433,ac_9d70ecb9
rl_81561d2d,ac_9860d164
rl_ec293568,ac_885a8c42
rl_4ae9da07,ac_21b38c7a
rl_abd32654,ac_7ccc6b1e
rl_01108bb0,ac_27e8407b
rl_7b02a585,ac_c76ff2ce
rl_a595f26a,ac_f9d1fd11
rl_aec829b6,ac_5c51b0a4
rl_48ef600b,ac_17846816
rl_539ef639,ac_2e72f381
rl_279d236d,ac_e2aaef3c
rl_2193f0f1,ac_07481b93
rl_90f7576f,ac_4122d850
rl_2471503e,ac_312ad8e0
rl_5d785eeb,ac_a63cc6df
rl_0e0e467c,ac_211838d7
rl_e52ff2e8,ac_5f12a62d
rl_921477ce,ac_28b56079
rl_f5946732,ac_ee6d68bb
rl_4f7674b7,ac_0e3399a7
rl_36f156b4,ac_00e88aa6
rl_c0ebd081,ac_a898e756
rl_0e7b89e0,ac_3c018926
rl_cd9045d3,ac_abdda332
rl_4003b8d1,ac_a8c8a694
rl_868b77fa,ac_fe4826a3
rl_17e07969,ac_c646a344
rl_5b4f7f4c,ac_851042bf
rl_84202153,ac_51661eca
rl_a7241171,ac_e6f8ee16
rl_93687f2e,ac_1fedbf1d
rl_2ba2ed0f,ac_1fedbf1d
rl_4cdd3f42,ac_2ae1fe58
rl_f5c4e42d,ac_0232671e
rl_6e0454db,ac_cb0d844f
rl_27f68970,ac_81559428
rl_8b6e73e5,ac_77db617b
rl_5390b52b,ac_73e1e3f4
rl_8757f606,ac_260f2ab7
rl_dc152058,ac_db3c3016
rl_901b8b99,ac_c1c6b0b1
rl_81c68774,ac_752e03fc
rl_c2f2ad00,ac_3c759193
rl_487c399a,ac_ed7da769
rl_cb5559f4,ac_6f11272c
rl_e773cc90,ac_2cd18f26
rl_bcf77f3f,ac_509d0980
rl_9a4ae238,ac_1de794c2
rl_13a163df,ac_b83742d7
rl_5abefb62,ac_febad48b
rl_7af5207d,ac_8e9fa5c7
rl_816803dc,ac_22609131
rl_d7c0607d,ac_a095a478
rl_7aa82fd3,ac_45a41064
rl_c5f32476,ac_cf93abc8
rl_f4e0c3a2,ac_f49178a3
rl_129190ba,ac_9d93d422
rl_8f439ae4,ac_9d93d422
rl_e90ce9e4,ac_65968255
rl_f08379b7,ac_211838d7
rl_cadd79d5,ac_87d8e11b
rl_ef03e8de,ac_4c5afeef
rl_26106127,ac_95d48e72
rl_170b97ef,ac_72721e88
rl_7be23a2a,ac_10dc5937
rl_a41a2f5e,ac_3d0b17ab
rl_bd0a6df1,ac_e8915883
rl_e3877e54,ac_7a639cdb
rl_3d586427,ac_ffde473e
rl_b0ad792f,ac_261e4e72
rl_218322cd,ac_d5b712d4
rl_85c8e6e4,ac_086c3461
rl_f75a015b,ac_bb5fc3bf
rl_843dcfe7,ac_fe05bc26
rl_2da37bac,ac_211838d7
rl_eb0b314e,ac_950bb3fe
rl_fe490e93,ac_96a6885c
rl_5e87919b,ac_211838d7
rl_1846ace6,ac_211838d7
rl_71d79ee6,ac_211838d7
rl_976badc7,ac_b386c68d
rl_081a82b5,ac_19c8a303
rl_3264da94,ac_cd1cd044
rl_fae92bfc,ac_39e6e246
rl_d6cc431b,ac_1ea7ae6d
rl_a9e78b97,ac_211838d7
rl_b8474b0c,ac_481ca841
rl_94ad445a,ac_b6213ca2
rl_d51f0ae7,ac_b9240981
rl_4bb46b84,ac_2e2406b3
rl_aabade46,ac_43867fc0
rl_e7ce420d,ac_f6244197
rl_1660ae3b,ac_c19ca1d5
rl_8e24dc5b,ac_91e34d38
rl_edeb2c2b,ac_41d1a702
rl_70c25a51,ac_211838d7
rl_c930d4bd,ac_f2f5eb07
rl_8f523ef1,ac_b5c73040
rl_f0fa318d,ac_28df9995
rl_75944b08,ac_69f6b90b
rl_687d4dac,ac_886585af
rl_6d8269e4,ac_934a4ecf
rl_09053e8f,ac_8ab836d3
rl_e1636a23,ac_e0c4628b
rl_76581b50,ac_c5e88ae9
rl_891423a4,ac_1a6334d1
rl_f2b21743,ac_b3d56a85
rl_5bf746f6,ac_211838d7
rl_232c0d57,ac_b7b53e9f
rl_ffedabf5,ac_211838d7
rl_6e0059c6,ac_79acb026
rl_9e4acefd,ac_953a3dcd
rl_c020711c,ac_211838d7
rl_294453e3,ac_498dfb2c
rl_4b09cfd7,ac_211838d7
rl_6175607f,ac_59721a47
rl_aa690976,ac_211838d7
rl_5b78c3c0,ac_211838d7
rl_1004a29e,ac_fc2ce505
rl_f3796418,ac_d50978e1
rl_c10ca1fa,ac_211838d7
rl_02888c26,ac_6983770b
rl_bb9c5ff8,ac_4dd31ffb
rl_e6cc655f,ac_8cfff6b3
rl_0888291a,ac_32a37280
rl_3bd37e1e,ac_32a37280
rl_d609aa11,ac_6efbbbbd
rl_49fb7ebb,ac_78c51b82
rl_4b5be28f,ac_d509d53d
rl_1fcd0e0a,ac_211838d7
rl_df1ca8a7,ac_cfab5de2
rl_323cc18d,ac_a6c1d2f3
rl_9efa9955,ac_a2e16936
rl_67d8873d,ac_5c59f43e
rl_5d1a1033,ac_749bb3bc
rl_b6e2f1f7,ac_211838d7
rl_4e8750a0,ac_03bc22e7
rl_42d321a8,ac_0315976e
rl_80fec27a,ac_078fe9a8
rl_dc2dbdf6,ac_9086d3fe
rl_cce9cf18,ac_211838d7
rl_25af56c1,ac_6b53d071
rl_28fa05a8,ac_cb3ba91f
rl_3709d93b,ac_ee8d9bc5
rl_24d11bba,ac_08e437ec
rl_0ca7264b,ac_9d1a2dbd
rl_5d13d2b0,ac_934eb26c
rl_20bfd8bc,ac_1caabaa1
rl_3c436dd3,ac_11e12b8a
rl_1d5bc764,ac_5cdf076e
rl_2af34ed0,ac_211838d7
rl_25351532,ac_75c946f8
rl_05884e85,ac_525e6320
rl_5858c89c,ac_d8248ab4
rl_5ffd60a0,ac_a60d23fc
rl_4c204181,ac_211838d7
rl_68ca0eb5,ac_21a37735
rl_f70ea077,ac_a60d23fc
rl_b89a2246,ac_3be68c10
rl_1dec18f1,ac_8ddd1c24
rl_c1604c55,ac_718ee7a6
rl_3b659707,ac_8b995dff
rl_1772714e,ac_6b66bf15
rl_44966ecc,ac_c9495b73
rl_b4636ba8,ac_289f2404
rl_044ffe39,ac_8e309cf9
rl_8a0bfffc,ac_211838d7
rl_34362de1,ac_211838d7
rl_c39129ac,ac_117f1684
rl_23197d11,ac_3e5429b2
rl_12bbbf57,ac_211838d7
rl_47e98b59,ac_211838d7
rl_ad466b19,ac_211838d7
rl_369a4185,ac_670faeda
rl_b7a634d9,ac_211838d7
rl_66180cf7,ac_b5374f65
rl_a405e314,ac_4a2a12c5
rl_939dbbb6,ac_0a726018
rl_3553c98d,ac_211838d7
rl_a5ffc9dc,ac_768ef90a
rl_8d2f7d42,ac_6f3a62cf
rl_7915ba2e,ac_ad085a7c
rl_c6079911,ac_610aebfd
rl_9d98cd64,ac_0e314bbe
rl_34a24857,ac_211838d7
rl_b710ad41,ac_211838d7
rl_52034839,ac_5a9be50e
rl_53452f6c,ac_627065a7
rl_063610dc,ac_dbe3c3bb
rl_d9e32078,ac_b9eecc92
rl_ad6d22af,ac_01871ca9
rl_aa41b577,ac_605701d0
rl_b7484105,ac_f17211a9
rl_6ae3df89,ac_98d379eb
rl_0a00626a,ac_22f80fec
rl_6764965b,ac_6ee09151
rl_94cbefeb,ac_56b68d61
rl_7ef42547,ac_2f29d1f5
rl_e32068c3,ac_caf24427
rl_9097ef02,ac_25e3374c
rl_d4944a7c,ac_32ab2da1
rl_509607a5,ac_bf2552a6
rl_e6dbe808,ac_f706c931
rl_00059d9a,ac_491a7b0f
rl_ee277b5d,ac_5ab6bee9
rl_c1c2d1db,ac_5ab6bee9
rl_af50f1b8,ac_361dd651
rl_7ed28a7c,ac_5ba1e4f3
rl_2b228d53,ac_63341424
rl_42600b6a,ac_211838d7
rl_511628e8,ac_85552807
rl_58a7de1f,ac_181d7c44
rl_e4a5ad76,ac_211838d7
rl_8871a809,ac_045ecc3d
rl_93efd63d,ac_e8c41846
rl_68d4672c,ac_1c1dc4e4
rl_181ada14,ac_c81d68cb
rl_4fdaa13e,ac_169c00b7
rl_a5fc53c5,ac_5cda931a
rl_9021e1a0,ac_5cda931a
rl_e8556595,ac_ef6bcda5
rl_7d534b61,ac_b5b148ce
rl_bd86f693,ac_b5b148ce
rl_bc949642,ac_62159379
rl_ef8ba877,ac_3dd0e585
rl_76ff6cae,ac_82886dba
rl_abe0293f,ac_c30c8228
rl_ca6f6cf9,ac_2ae01ce0
rl_5ec961b5,ac_9635652a
rl_aa97f016,ac_10afe79e
rl_63b71988,ac_2440d092
rl_69d54751,ac_cd632066
rl_394e5dc6,ac_7522e6a1
rl_5266bbd2,ac_073507fe
rl_1a481ba8,ac_4f87d832
rl_467e5df9,ac_1f49539a
rl_66c58846,ac_211838d7
rl_fdee6862,ac_8131e09d
rl_2c65024b,ac_a5d60cfb
rl_159070ed,ac_dff2c163
rl_fa8f2f81,ac_211838d7
rl_ec52874f,ac_ad96e033
rl_d0cebe6a,ac_1fedbf1d
rl_80f20fe1,ac_b588a474
rl_5dd5f0c9,ac_211838d7
rl_8d3e9681,ac_77b19bab
rl_542c0273,ac_5ef6985f
rl_b28633e4,ac_211838d7
rl_fc726490,ac_c28c57f9
rl_080656c8,ac_211838d7
rl_c7ef1450,ac_f7af1b82
rl_617c44bc,ac_3a4b26b5
rl_db45574e,ac_00a89cf4
rl_968b8b34,ac_627065a7
rl_5e3ab2bd,ac_211838d7
rl_1d6fffe9,ac_b39daf92
rl_38496c4c,ac_6227e978
rl_5d9fa6ce,ac_3770531e
rl_ef2b1308,ac_4f742368
rl_2591b201,ac_41e2e2e2
rl_3bd5542d,ac_03c85450
rl_f1a373f3,ac_235aecfc
rl_b8e800ae,ac_103625bf
rl_39e6fdd1,ac_367fe9be
rl_13d1666a,ac_bf316661
rl_d449ee1d,ac_ca82c3b9
rl_24f85298,ac_367fe9be
rl_d01d542d,ac_211838d7
rl_6ae10044,ac_211838d7
rl_0f877beb,ac_0ae392da
rl_21c8b228,ac_7fd43875
rl_edd65424,ac_c6ebd422
rl_ebf16c77,ac_c6653725
rl_fa992cf9,ac_e55fcaa8
rl_5c35ada9,ac_f018c9ee
rl_03951b23,ac_a75ca881
rl_367931ba,ac_0049e4c9
rl_4aa5fb70,ac_b2cb0889
rl_031c1404,ac_657c7f70
rl_0eef87b0,ac_fb81e3e6
rl_ab7d2511,ac_d1ebba65
rl_df464907,ac_211838d7
rl_58de9128,ac_50fc4e08
rl_eae05ddb,ac_c9529c6c
rl_4d3d7d3f,ac_ec4ce404
rl_8dde6399,ac_2086997a
rl_8c7fe450,ac_7ef15577
rl_f6d22583,ac_6e2015e3
rl_67315568,ac_405323d0
rl_4503cb0e,ac_509d0980
rl_323d65d2,ac_10c2585d
rl_cda8b831,ac_ed30d3bb
rl_56aed7dd,ac_4a719293
rl_eb82ab1d,ac_452eb56e
rl_58473412,ac_b4e7d1e7
rl_f76f7a60,ac_4b1d0077
rl_f9387255,ac_3b5b988f
rl_2ac5e77a,ac_211838d7
rl_1865f4cf,ac_f5f714af
rl_b607a1e8,ac_211838d7
rl_9903d0fe,ac_8e96e25d
rl_7afccf6e,ac_1dab15ec
rl_9ec264d1,ac_b507252b
rl_bbcdacbb,ac_211838d7
rl_d91da8a7,ac_a8370555
rl_85401788,ac_ba69164c
rl_ce0727f9,ac_5e99a818
rl_216a9ed5,ac_3f87a503
rl_d1312d83,ac_36634b50
rl_256c8bb5,ac_17805819
rl_1513e598,ac_3716d747
rl_0b2528b4,ac_211838d7
rl_0ba0c9d2,ac_e7b8d94b
rl_b5aef17f,ac_c3a98871
rl_3b10e54c,ac_87ee67aa
rl_6061964a,ac_adfee0e1
rl_21452b48,ac_211838d7
rl_81c4ca92,ac_b52b77cd
rl_331749d3,ac_b21081e1
rl_58a4ba1b,ac_11a46f54
rl_3ac2f313,ac_a8370555
rl_bfede6b5,ac_5110d5f9
rl_cd1a6416,ac_806d6fa7
rl_45db76d5,ac_9ed6094a
rl_674f41e1,ac_664dff1c
rl_0d0b29af,ac_0e6e8ffc
rl_eeab1861,ac_211838d7
rl_10eabd94,ac_a88bf746
rl_d694a41b,ac_8413098e
rl_01079eca,ac_ceb8c8e5
rl_9cacde80,ac_211838d7
rl_c9d4e8b1,ac_39d92635
rl_3fd9dc00,ac_211838d7
rl_75c2f8b8,ac_e3b08822
rl_6dca37f7,ac_211838d7
rl_0e2e1247,ac_6b919bf2
rl_6c8eaeae,ac_89e89e68
rl_69893f89,ac_c16ad6e7
rl_5a1830d2,ac_7e908c43
rl_9eead87a,ac_b0daca61
rl_a732e0ee,ac_61623a7a
rl_0286a369,ac_66283007
rl_87e6ec3a,ac_74b4fb00
rl_c9665f03,ac_b6e7dfad
rl_71b8d4aa,ac_f5b3d547
rl_3c07a69f,ac_03ce2c1c
rl_72a66eec,ac_73318a17
rl_7b6a975a,ac_2caf374d
rl_63f86505,ac_5b181f81
rl_67c7ef4f,ac_211838d7
rl_122dd93f,ac_2fa8a095
rl_64017f63,ac_037a5491
rl_006a9d88,ac_65009e4f
rl_01d17ba5,ac_211838d7
rl_2881c810,ac_47a6998c
rl_07ec6bac,ac_8af20b75
rl_b099cbe2,ac_22609131
rl_360db78d,ac_dc2f018d
rl_54bd9ec9,ac_dc2f018d
rl_ec98547b,ac_4d14aa54
rl_b77ff416,ac_ab0af497
rl_24d693c4,ac_be83b68d
rl_f234e898,ac_98610be2
rl_c73955e5,ac_dbc3beac
rl_93caea0d,ac_9733a1be
rl_c0a6841c,ac_d6fae711
rl_a926e669,ac_6b9576bd
rl_3515c11e,ac_886b5427
rl_ae03da1f,ac_b2af2c89
rl_12e76e9c,ac_bae5ad38
rl_519419c0,ac_b8423588
rl_370091e4,ac_899e4030
rl_7c99a5b1,ac_3d50b42e
rl_6ba2e852,ac_b7d2fc4a
rl_1a46920b,ac_b0daca61
rl_9701022e,ac_db19acdb
rl_41fc56f9,ac_9b79c68b
rl_4be6b85f,ac_2180d07a
rl_9b61efb0,ac_466a40c1
rl_791391ce,ac_466a40c1
rl_dc1a0f87,ac_587299a5
rl_7c899546,ac_211838d7
rl_3fcfec01,ac_247b4384
rl_b27d2466,ac_ef6bcda5
rl_5f024ee3,ac_8b3320ad
rl_8396a5d5,ac_9abfeba3
rl_3c379f52,ac_e9f77418
rl_7e30e0ee,ac_2c0af2dc
rl_df3540e2,ac_1727a72a
rl_f7751726,ac_a37b84e6
rl_45a7d7e3,ac_0049e4c9
rl_631238b7,ac_3ef35304
rl_61ae06a3,ac_6975e192
rl_08d20ab5,ac_4c1aa7e7
rl_ed9372b9,ac_4c1aa7e7
rl_aa58f4a0,ac_211838d7
rl_e7df8098,ac_134e8cd7
rl_da79efcf,ac_0d9c8a55
rl_5ef53f4e,ac_211838d7
rl_614267f0,ac_e06e3c75
rl_91442a46,ac_211838d7
rl_b8c0d3d2,ac_06cefc46
rl_1301e953,ac_211838d7
rl_53f1f029,ac_d8983864
rl_e8962a4d,ac_35996ff9
rl_45572bb6,ac_9023c5fc
rl_be98b019,ac_d5645783
rl_04541c68,ac_ef6bcda5
rl_da7e2fb6,ac_211838d7
rl_c4f6cb2a,ac_54964930
rl_45724f6f,ac_94b39545
rl_202b2dd6,ac_34bc0c8d
rl_c1c25cf0,ac_d34777cb
rl_167c93e9,ac_7c4b0cc3
rl_624e052d,ac_98233896
rl_482c3029,ac_e1b96540
rl_364a9660,ac_7cc4dcd9
rl_5dd95802,ac_39889283
rl_fe2182cf,ac_387b577d
rl_cd63d25a,ac_0a6d6b7a
rl_620fd5cc,ac_3c800a27
rl_df8ca41d,ac_211838d7
rl_2474f345,ac_1a933b43
rl_f19647f9,ac_2280b4cb
rl_da5e86d2,ac_2111f68f
rl_c7f4ff8c,ac_a5f83c11
rl_1ed2cac2,ac_1157c792
rl_7e1ad9f5,ac_a67bcff5
rl_5cbcf59f,ac_02e227d1
rl_ca91c3b2,ac_44acfad0
rl_0a663a3e,ac_17d5fbc6
rl_61bd54e6,ac_545c6e78
rl_b2afefb4,ac_0f7b1da9
rl_624ffa75,ac_211838d7
rl_bbde8f1c,ac_211838d7
rl_e8caed00,ac_38cf6c6a
rl_da5a384d,ac_023caa5c
rl_1eb13c19,ac_a89ab98d
rl_f35add0b,ac_48325330
rl_05fe5be2,ac_0a101a4a
rl_4fc6d005,ac_00040ede
rl_ba723515,ac_211838d7
rl_ebc78c92,ac_dd45b703
rl_c2811863,ac_211838d7
rl_7ef1e0c7,ac_81aef85d
rl_32fffa01,ac_d1c62eff
rl_145ef5eb,ac_d1c62eff
rl_1a1873e4,ac_df6ad464
rl_59b58a06,ac_082b76a0
rl_2e24a6ec,ac_0c8e38b4
rl_3fc363b1,ac_211838d7
rl_082b5cdb,ac_8fa76b73
rl_e586a6fd,ac_29542fce
rl_bcc14df0,ac_82507fc3
rl_4aa274a7,ac_fe1da764
rl_2299adc0,ac_6d92ebfa
rl_3faa485c,ac_209b60b7
rl_e3da6601,ac_211838d7
rl_de442353,ac_4b990e79
rl_93c4995b,ac_211838d7
rl_8ea28266,ac_e6e701ca
rl_2df1bb05,ac_55654a18
rl_1eeca137,ac_b5b148ce
rl_2182ba93,ac_76fe4296
rl_09e33d67,ac_2c78f4d9
rl_90d14c1d,ac_211838d7
rl_f3cdf12d,ac_f0384843
rl_96985eb6,ac_17d5fbc6
rl_442631e3,ac_9023c5fc
rl_ad6d1cfb,ac_fa84185e
rl_98cd00cf,ac_211838d7
rl_0323230b,ac_c96e7d41
rl_ee5c7069,ac_731eeaed
rl_6ea09f96,ac_cd164cee
rl_4263783a,ac_87f60f70
rl_c04c8802,ac_8a8fb2a7
rl_3afaa7d0,ac_641b260f
rl_d2adef01,ac_7a9bfae9
rl_5ff97936,ac_77e8fc13
rl_44926927,ac_c62f081f
rl_7e0e63d3,ac_c62f081f
rl_d264ff8e,ac_507438cb
rl_863e0bcd,ac_b77be004
rl_c5a3a518,ac_3dac8b98
rl_7bd1722b,ac_46f2c937
rl_8d1048bd,ac_da6160d8
rl_ccfaf072,ac_42898c87
rl_05ae023a,ac_479b0c1d
rl_3a40c3ce,ac_54885b4d
rl_48f3ba04,ac_e3e32c00
rl_4a9669d7,ac_88a52345
rl_5043fef8,ac_88a52345
rl_8d212118,ac_6e29ed39
rl_103fd4f9,ac_c7ada1bf
rl_34472cff,ac_211838d7
rl_b1b702ca,ac_211838d7
rl_f3c5b91c,ac_02f01755
rl_8a27f7cb,ac_ee827980
rl_16f31b90,ac_5b181f81
rl_1542fd85,ac_bb250220
rl_3e446cdb,ac_211838d7
rl_a72e5af3,ac_7f3b07a3
rl_218fca8d,ac_f9dadf3e
rl_8e392ad0,ac_6ddacfa2
rl_f54155fc,ac_ea5d7701
rl_a83a64e6,ac_b4604d54
rl_923f6ce0,ac_7ccc248e
rl_0446ff2d,ac_e2fe92fb
rl_8e2d0ed6,ac_60345f7f
rl_dec6a0f7,ac_ac2fe96b
rl_14345b3b,ac_98e19568
rl_160c80c2,ac_6fdfdfd1
rl_b0d06015,ac_545c6e78
rl_8cfb0dd9,ac_69f6b90b
rl_e18de6d8,ac_25f76f7e
rl_ab6c2116,ac_6b2ebd2b
rl_d977811d,ac_a55a8208
rl_afa5fcce,ac_157931db
rl_a23f2c25,ac_770c4dc6
rl_ea8d042d,ac_4b8b5715
rl_c21d577f,ac_73f198e5
rl_49cde81e,ac_a0ef7852
rl_42243ca3,ac_48e1fea9
rl_8f9302e8,ac_8fc8a79e
rl_d0d9b14c,ac_47e28995
rl_776a0ca6,ac_47e28995
rl_3d08bbf6,ac_e96714ee
rl_2a59c455,ac_d0071905
rl_dc5ea9fc,ac_46f14b6b
rl_9047679f,ac_607bcad3
rl_f4c3c35a,ac_211838d7
rl_7dba4f5c,ac_56d2d0cf
rl_94449ae3,ac_23259532
rl_7160bea3,ac_fe993618
rl_bba10c1a,ac_3a4c84e7
rl_e4af4237,ac_4c3b94fd
rl_e281b818,ac_0898eecb
rl_59a65875,ac_877ad107
rl_cc511f73,ac_1eac1733
rl_dfac3c78,ac_bf36da88
rl_8f68219b,ac_5ab6bee9
rl_cdd1f9bd,ac_e8d4abdc
rl_b5e8f291,ac_1f793086
rl_4afd7797,ac_5516b5fa
rl_1329d60e,ac_409bca97
rl_afcd19de,ac_211838d7
rl_f8f59f2c,ac_211838d7
rl_43ef50f0,ac_9b1daf30
rl_9d73d7ba,ac_62e6335d
rl_ce0067bd,ac_211838d7
rl_b3b371c0,ac_742b2cb7
rl_c51fbb94,ac_082b76a0
rl_6fde852b,ac_d974078b
rl_3d654b07,ac_652ac57a
rl_7eb81b18,ac_ecd4560e
rl_81b69a76,ac_9991754f
rl_b2e52ce5,ac_3a835b1c
rl_6c3ad908,ac_c1418071
rl_58a3989b,ac_c6531a91
rl_fad78886,ac_211838d7
rl_c5785d7c,ac_e5c17425
rl_1c355a21,ac_4e9a9a86
rl_34bde907,ac_b37e6712
rl_7e4ba649,ac_211838d7
rl_64e91680,ac_d66b3a06
rl_b3628d75,ac_211838d7
rl_a291d920,ac_211838d7
rl_990ffaa0,ac_baba92dd
rl_cf5ec22d,ac_387b464c
rl_f984985e,ac_a3283c45
rl_5687a76e,ac_dc590fe2
rl_6ae3abb4,ac_f6c2cc28
rl_9c15b018,ac_0f164fd7
rl_97b7614f,ac_b9d20ca3
rl_6c89d8b6,ac_5526e6ca
rl_24534008,ac_211838d7
rl_502f67e4,ac_211838d7
rl_5c785ed9,ac_1f793086
rl_91abf051,ac_44f0f2e9
rl_1e140856,ac_dab7e536
rl_523ad68c,ac_6c8984e8
rl_52d3e789,ac_834764fc
rl_857c4210,ac_3c211a98
rl_9734e86a,ac_27e06777
rl_c6f85a2d,ac_3d628c34
rl_f5a343f0,ac_4c131a71
rl_f716bb03,ac_b4604d54
rl_d8ba19ee,ac_6a39b692
rl_990015d2,ac_19af031c
rl_1be1be1d,ac_c8973d58
rl_f1bcc616,ac_bfc8577c
rl_1aabc439,ac_7c119825
rl_2bd8ae6b,ac_92e43e48
rl_29d2321c,ac_6a39b692
rl_7dd0014b,ac_7e94c7c3
rl_9117a9d9,ac_8b6bdb47
rl_9fe5e500,ac_8506a086
rl_adde3235,ac_a923fec0
rl_830d69f6,ac_ca0649c3
rl_646c514d,ac_211838d7
rl_67f4ac20,ac_2d1b5c5e
rl_612fde28,ac_790d821c
rl_1811dcd0,ac_6237fcaa
rl_b849c90d,ac_d97ab461
rl_cc3977b4,ac_e1478809
rl_a1617fc4,ac_c2873344
rl_9103692d,ac_24d0b255
rl_b6d87e0e,ac_acd6fd20
rl_d3f47bec,ac_211838d7
rl_2efaf9fd,ac_f2d595d5
rl_e6973e0d,ac_d0d6db37
rl_fedbd030,ac_d0d6db37
rl_f01ea867,ac_0b366788
rl_8cc12ff9,ac_47422598
rl_3abb9037,ac_0690ceaf
rl_f89364ad,ac_211838d7
rl_ea3acfdf,ac_d5863638
rl_8987acb6,ac_9729573e
rl_1fd365d7,ac_2563a785
rl_965eb9e5,ac_be8e4a32
rl_84dda153,ac_2ab7234c
rl_d8a81a14,ac_87ee67aa
rl_d870a24e,ac_2f799daa
rl_3bac7192,ac_38828790
rl_74d5a9f5,ac_6a8d4178
rl_6a96c7ad,ac_5c0076bb
rl_5ce369ae,ac_414c1ffa
rl_a2ce9e2e,ac_7d4e6369
rl_200116e6,ac_d848ea46
rl_597b42fb,ac_d51c1e37
rl_260c83a5,ac_b9468663
rl_918edde8,ac_334545bf
rl_2c492382,ac_c7ada1bf
rl_17eb22f9,ac_7ff13651
rl_14be6e2d,ac_3c848a2e
rl_cff3a262,ac_b0f9a662
rl_f511fad5,ac_03fdefbe
rl_4404ac23,ac_5127f23f
rl_b26710c6,ac_c7a2bc21
rl_e030b50b,ac_4aebb734
rl_fd28fd97,ac_fd9f4244
rl_426f347a,ac_1819283a
rl_71c78987,ac_7ea4f862
rl_f9cb2b40,ac_73318a17
rl_52fb6ba6,ac_321c7729
rl_8f656d69,ac_1bdd3d0b
rl_83eba9f9,ac_80d8d902
rl_76850aca,ac_069ba86d
rl_8a81f3ff,ac_b02703a8
rl_9e749c93,ac_f49178a3
rl_d7a13d0e,ac_5c5a904e
rl_373f122c,ac_90baf500
rl_9b0cde14,ac_f10ce0d9
rl_538b6152,ac_bb27c1e0
rl_1ecebf53,ac_63c1fbd4
rl_c5d1a515,ac_db65334d
rl_a78c432b,ac_ae395750
rl_36ae3154,ac_211838d7
rl_8c1f9faa,ac_60e04d73
rl_dc6c664e,ac_bdbe09cf
rl_6db19a14,ac_0a31e847
rl_b17001c4,ac_71ff8ae3
rl_164070e0,ac_81462ff1
rl_f346c44c,ac_211838d7
rl_fa970fa2,ac_c5a23a9f
rl_a2879375,ac_9578cb57
rl_b4094426,ac_9578cb57
rl_783e37bc,ac_caa15453
rl_fff57aef,ac_4cc40328
rl_8391e35f,ac_f98b769b
rl_2d66e302,ac_211838d7
rl_a60d5fd7,ac_df31eab4
rl_3fb58c3b,ac_f1ee3e67
rl_50c58987,ac_1cfeee23
rl_b444b64d,ac_e1478809
rl_8823a808,ac_c35c8c5b
rl_eb88a8e6,ac_d50978e1
rl_07afc251,ac_211838d7
rl_016264b0,ac_50116458
rl_7068d3cc,ac_73318a17
rl_59599d00,ac_acde898c
rl_6c60db91,ac_bfcda8ed
rl_950cd560,ac_5e601db5
rl_b8a1f2e0,ac_30ec8dc9
rl_f9536886,ac_211838d7
rl_205e16c7,ac_2f534eaa
rl_51ea00dd,ac_37b2e266
rl_dfe24539,ac_cb59d836
rl_197a264b,ac_211838d7
rl_79a44f04,ac_eb748ae5
rl_61229088,ac_d3c0b384
rl_66714663,ac_211838d7
rl_881217a1,ac_65972115
rl_bda94f85,ac_1955a11c
rl_2fe2e3d9,ac_7ff142ec
rl_a29170be,ac_e6c9a163
rl_14d323fd,ac_1955a11c
rl_dc02431c,ac_3bcfbc9c
rl_1407b5dc,ac_0f164fd7
rl_6067d7c6,ac_a8b9d6af
rl_7039368b,ac_a12814f9
rl_aff068de,ac_2f92e3ce
rl_c3e49517,ac_4f742368
rl_aea1ac29,ac_f12c5a1a
rl_78185140,ac_697620f9
rl_1a8b495e,ac_88ff526b
rl_4bc9154a,ac_33405146
rl_b1ae4af2,ac_211838d7
rl_7dcd4ddb,ac_48da2be2
rl_e0561133,ac_211838d7
rl_64d9a9b6,ac_211838d7
rl_26e2e9db,ac_211838d7
rl_31996ee9,ac_7b7bfbdc
rl_c7303ba9,ac_cdea007e
rl_fed1e5aa,ac_bb5fc3bf
rl_6550d823,ac_211838d7
rl_ed8fa5f0,ac_211838d7
rl_3816067b,ac_652ac57a
rl_2e074f60,ac_211838d7
rl_790c1640,ac_80009b09
rl_e7bf378c,ac_1e581447
rl_fe516f1d,ac_70a23262
rl_5cb8158f,ac_243f6778
rl_07f8d6dd,ac_86edc9ff
rl_f2ccb832,ac_211838d7
rl_8d22f3d2,ac_bd7839b9
rl_392c18b3,ac_7cd6c0c7
rl_21eb5bf0,ac_211838d7
rl_bca9eb55,ac_8fe5a79f
rl_0247954b,ac_211838d7
rl_83115ed7,ac_77bc8df6
rl_847b3096,ac_fdd194ec
rl_db5380bf,ac_c4069d82
rl_d62eb476,ac_a4f59390
rl_6a4ae9c3,ac_38573122
rl_7ff0f4ff,ac_d04aa0ee
rl_01ba79f1,ac_c26cb749
rl_f5f9a086,ac_c29c3e5e
rl_1a9970c8,ac_947b9e85
rl_7117c577,ac_211838d7
rl_845ba861,ac_89b587fb
rl_c0b44ec9,ac_6ceaefa3
rl_d7b0fa85,ac_c531cf85
rl_46d2fc81,ac_648a70e2
rl_dc8770fd,ac_f7af1b82
rl_9229415f,ac_e1a57dd3
rl_60530c57,ac_107ea098
rl_e4c3d2e5,ac_c5d7d4f3
rl_b45ae499,ac_c5b6785b
rl_a27ff25c,ac_878747f3
rl_da1c26dd,ac_71024d98
rl_5d116ce8,ac_1230727d
rl_87e93763,ac_028af36e
rl_472f1210,ac_f4a1cb96
rl_51d5986e,ac_b4bcaf0c
rl_a672d85e,ac_9245c696
rl_1cca8c39,ac_0bcdf9e0
rl_2704bba7,ac_b77be004
rl_6d7e6ec1,ac_99760006
rl_2ac6ab94,ac_211838d7
rl_a64297c9,ac_787326db
rl_199581bd,ac_a0f2d5d0
rl_97f0bbfd,ac_9569091f
rl_af4e5d92,ac_545ef0f0
rl_e593f747,ac_66cae767
rl_64551b92,ac_50e3628e
rl_22d48eb9,ac_50e3628e
rl_d289d3c3,ac_211838d7
rl_0c103a8d,ac_36634b50
rl_dd8f6025,ac_27494530
rl_9b5367e2,ac_91e34d38
rl_ff1baab7,ac_cedfd330
rl_bc3764f4,ac_a4d04f09
rl_9614da85,ac_1d47442a
rl_c929cf3d,ac_f9c205d6
rl_e954704c,ac_d04753e5
rl_0c53840f,ac_1b7d0138
rl_2449b262,ac_8ad25c55
rl_f3068bd4,ac_3964cf17
rl_fe6376e1,ac_3f39ae50
rl_1ee66340,ac_4ffeb662
rl_774d05cb,ac_662e12da
rl_c76acae2,ac_aeba2471
rl_b5b18968,ac_4d6c2edd
rl_3f6203d3,ac_211838d7
rl_53dc74cd,ac_641d0a4c
rl_d4f5f05c,ac_641d0a4c
rl_34b286ed,ac_31745ca8
rl_794fc584,ac_d966262c
rl_3e9e8a79,ac_f99996de
rl_f51a8268,ac_211838d7
rl_886dd144,ac_211838d7
rl_a0ebbd71,ac_cf34e906
rl_e4b3f349,ac_087089b6
rl_e51cf603,ac_c7360bab
rl_40c44ee7,ac_281ce95e
rl_338c492a,ac_4bab2f7c
rl_ed621256,ac_211838d7
rl_e826c61f,ac_e115bdbf
rl_75bd2f58,ac_e2627baf
rl_2d1bce32,ac_ccb0c893
rl_44e5b17a,ac_d3655ab4
rl_a83a5bfd,ac_8ed22387
rl_9f7c4ff0,ac_934d3e49
rl_c7da852c,ac_211838d7
rl_1f3d5a2a,ac_779b1ca2
rl_4a9a4689,ac_3d88d1c5
rl_e3e8638b,ac_61cced09
rl_f9d31aad,ac_be694e7e
rl_9225fc20,ac_8b22de91
rl_0c6139a3,ac_61754f64
rl_d59693b4,ac_7fee63a7
rl_7e4966bd,ac_211838d7
rl_db012eeb,ac_211838d7
rl_cbfd60ba,ac_4d6955bf
rl_3e141f32,ac_211838d7
rl_5b6314fc,ac_dcce9b93
rl_c9a153f8,ac_084c6762
rl_1de52480,ac_97344684
rl_9e4c62f4,ac_934a4ecf
rl_99513d96,ac_2cff72fc
rl_cf09c4f2,ac_87c6e974
rl_742109bf,ac_5680f11a
rl_1e0a6371,ac_413685fa
rl_7ec4ee5c,ac_5c1b9a4b
rl_b7acfa02,ac_33d12d55
rl_a1c93cd2,ac_a213c72d
rl_9dac8b7e,ac_38573122
rl_2bd6aa4a,ac_211838d7
rl_2c0f9f8f,ac_a3b79d18
rl_02c52272,ac_211838d7
rl_dc43f62a,ac_41b9c828
rl_a80f99d9,ac_db19acdb
rl_6fa6182e,ac_211838d7
rl_3e76a542,ac_ee3119b3
rl_13299fe4,ac_211838d7
rl_d0673a3a,ac_a5ee4d4d
rl_bd5c37f6,ac_f7a4f09e
rl_8365fdfd,ac_243ff24e
rl_f40b65e5,ac_211838d7
rl_f3bdb0bf,ac_2f997c06
rl_28a842f0,ac_c6bbe4a1
rl_e6843ebf,ac_37f5bb4d
rl_8e9112e5,ac_a3c172e7
rl_1e1bb1b6,ac_b0e5008c
rl_c0106dc4,ac_1a68a47d
rl_308d2042,ac_9ce6b72c
rl_501e30d3,ac_91e34d38
rl_a2f3eaac,ac_65972115
rl_03d57624,ac_65972115
rl_9a0c9d00,ac_820ca009
rl_c22f0a51,ac_211838d7
rl_df818ce3,ac_211838d7
rl_53f04676,ac_303f11e5
rl_97dbba65,ac_6075abb3
rl_da58686a,ac_09b55704
rl_7fc61dee,ac_07fa1470
rl_2f976f6e,ac_aa4896b0
rl_233e4e8d,ac_211838d7
rl_1ada5cbd,ac_a845b049
rl_6a2ce6b9,ac_75dfcf51
rl_3b0cd226,ac_506ed2af
rl_e623c6af,ac_69c46167
rl_ad6e633b,ac_c4e4e008
rl_59e0028a,ac_211838d7
rl_a45e0746,ac_b0d8ebb1
rl_b95e1f04,ac_211838d7
rl_bae2ec30,ac_1c177ad3
rl_f71570aa,ac_495e72ae
rl_1d8699dd,ac_211838d7
rl_167f581f,ac_c21cec43
rl_72049c41,ac_13afeef6
rl_fc52c8ab,ac_211838d7
rl_d903d30e,ac_9479e8fe
rl_19be699a,ac_3aba85f0
rl_f966bad8,ac_74dbf87b
rl_9772bc49,ac_211838d7
rl_96f44f1a,ac_f05384db
rl_a23255ae,ac_c9e49855
rl_ba2b92a4,ac_069ba86d
rl_cf62892e,ac_b64a02dc
rl_880409e5,ac_211838d7
rl_42409676,ac_76f3c1ed
rl_289542f1,ac_eb63b7b5
rl_7823ed4e,ac_03ce2c1c
rl_98ec09f8,ac_56a982bf
rl_4c9fd4f3,ac_1d20d6fb
rl_036b4273,ac_c1abf313
rl_e6efd986,ac_117ca310
rl_62ec5368,ac_39d06573
rl_7cfbb4ec,ac_9fc2663f
rl_2185e995,ac_4d23746f
rl_f831bd4a,ac_4d23746f
rl_b3bfba99,ac_4a16fc2b
rl_77d23800,ac_eb43274d
rl_0a3cc25c,ac_6c7dd6b5
rl_c901e7e3,ac_744b112d
rl_d07fb260,ac_1fbd362d
rl_b0fd0b07,ac_de57effa
rl_c161c21d,ac_cd0f7dbf
rl_2935beee,ac_7e046947
rl_d7205fa6,ac_39589be0
rl_3fe2e841,ac_2f92e3ce
rl_bd22c268,ac_d775fcf3
rl_fe04d589,ac_a918d26b
rl_117e02dd,ac_929267f2
rl_3d5c91fc,ac_f7c238b7
rl_24bdeb9f,ac_ca4427ef
rl_40e15c97,ac_b1a9fc94
rl_d10adb0f,ac_818857dd
rl_71420dc1,ac_56b68d61
rl_b582fa4a,ac_b2af2c89
rl_b826b8c8,ac_211838d7
rl_8430e5f7,ac_3eb87eda
rl_6af96fc8,ac_73f2b6ac
rl_a00edb7a,ac_52a5fbde
rl_be636d79,ac_017b6b83
rl_465e21bb,ac_bfac4eb3
rl_fc9986d4,ac_a3caf5cf
rl_d664afb1,ac_68ee871a
rl_5f4d2487,ac_2d8867c7
rl_14116ac7,ac_a2a9090e
rl_994b9491,ac_211838d7
rl_092a8d3f,ac_02fa54c7
rl_27b1b8b6,ac_ae395750
rl_e59ac0bb,ac_20d5da19
rl_937dfb38,ac_d5cb979d
rl_5fd1ee2c,ac_211838d7
rl_a6aa0a89,ac_fccf3b97
rl_2019c946,ac_d6a34eed
rl_4d0e728c,ac_814d4827
rl_b140931e,ac_16656df1
rl_3e0c62ca,ac_0b8e97ab
rl_ec478f51,ac_211838d7
rl_1ea202e1,ac_fca4dd90
rl_30923378,ac_f466071f
rl_692817b5,ac_630aed77
rl_c61c0938,ac_41f83f52
rl_f61ea9f4,ac_4dde70d5
rl_81d77798,ac_dfd2d810
rl_23586db2,ac_4d6955bf
rl_876bbc49,ac_c763d589
rl_6fe3c1ab,ac_dbc3beac
rl_21d1905e,ac_e86f9c04
rl_76593b8b,ac_2c18093d
rl_79cc6eeb,ac_b52b77cd
rl_7d2dbf6e,ac_9b63b1a4
rl_c988f9fa,ac_ffa7ba81
rl_f1808844,ac_b9b0beec
rl_8f509f97,ac_fc4f25d3
rl_70826c4b,ac_137ac00a
rl_dac93930,ac_fdf5a4c0
rl_4f12ef38,ac_8b5521a8
rl_3dba12ed,ac_405323d0
rl_638b74f1,ac_1dab15ec
rl_59127af6,ac_211838d7
rl_74fc482a,ac_563b919f
rl_4b309076,ac_3c1636f0
rl_c034608c,ac_3c1636f0
rl_21d21cc6,ac_e29094df
rl_dabeb731,ac_baf3cc41
rl_dbef5617,ac_03f71518
rl_5137540c,ac_57cc4a35
rl_7d338ad3,ac_55fcc812
rl_39a5f0b8,ac_a4fb3381
rl_a3d5a8d0,ac_b48101cb
rl_9a8da99a,ac_a31149c1
rl_4ab9c62e,ac_0ee839aa
rl_33f3823a,ac_211838d7
rl_d70e60bc,ac_211838d7
rl_6d8d44ff,ac_c5d0b50a
rl_aec96199,ac_4bd98153
rl_42fe48fb,ac_1b0a8a46
rl_486a3f00,ac_88baff67
rl_af69a8bf,ac_8fc3dd3d
rl_b8ad50ee,ac_dec79c30
rl_a749a4ec,ac_dec79c30
rl_0e956917,ac_24d0b255
rl_bdaa346c,ac_98d379eb
rl_02d2c9c6,ac_98d379eb
rl_a2ecb69d,ac_211838d7
rl_7bb2789b,ac_7d610e95
rl_7bf1fc48,ac_b37b4746
rl_db421f92,ac_8a39403f
rl_9a029ff8,ac_211838d7
rl_ac3cd4c3,ac_211838d7
rl_331c23c7,ac_6ab1318f
rl_5fc1e04d,ac_badf115a
rl_d32fb6ce,ac_59508fc1
rl_e190b516,ac_211838d7
rl_81e98fb1,ac_c4e88b98
rl_913b24e6,ac_4b8feba1
rl_76cee8fc,ac_211838d7
rl_b8276e4f,ac_28a0f4d8
rl_83832ad3,ac_c96e7d41
rl_3817963d,ac_a9a674ff
rl_16ef033a,ac_211838d7
rl_25a1ea83,ac_3bd96d89
rl_6c984445,ac_7c337037
rl_f211a3cd,ac_f51870f1
rl_2f3f13a2,ac_771b9c4a
rl_45152257,ac_27087ec4
rl_258e4fbf,ac_b2af2c89
rl_312d74f2,ac_eb3ed5ba
rl_fa33fbf6,ac_211838d7
rl_bf10c928,ac_4c242469
rl_192175ee,ac_a3c5eb50
rl_68436b50,ac_c6997afc
rl_1b0605dd,ac_4076217f
rl_7268a97f,ac_211838d7
rl_788a4347,ac_af47e54c
rl_e67b7872,ac_6d61eb22
rl_2a94f1b1,ac_0ee45225
rl_3961a867,ac_069ba86d
rl_a094cc3f,ac_17e29e39
rl_8948aff3,ac_d2424641
rl_a5ab70dc,ac_d2424641
rl_739a0888,ac_65968255
rl_6b48896b,ac_b005867b
rl_de8fd5c8,ac_c43728da
rl_41bf7f63,ac_37f2b515
rl_13a5b88d,ac_dc0f11b0
rl_74e52823,ac_211838d7
rl_d3d4284d,ac_6464e92a
rl_b6a87dd0,ac_c3609d50
rl_2c90d418,ac_fb6432fa
rl_9a9b007f,ac_5c6db4f0
rl_87537c0f,ac_bf334149
rl_30b0a6c1,ac_211838d7
rl_9270da57,ac_a3885a8b
rl_63cfdefc,ac_f70b494f
rl_fe200ece,ac_719dbfb7
rl_fa57f0bb,ac_96e6367c
rl_c43d6145,ac_211838d7
rl_8ee8d13b,ac_2d653f3f
rl_2d821300,ac_c2c16308
rl_7d0f3e3e,ac_98d379eb
rl_10c5d2f5,ac_211838d7
rl_ce135117,ac_9f1be467
rl_854856d6,ac_211838d7
rl_9132012f,ac_997516b1
rl_82086c28,ac_f594e6a8
rl_3b8c8c23,ac_211838d7
rl_6ae31adc,ac_211838d7
rl_3c370087,ac_1dd84d0b
rl_5836778c,ac_a9fd6153
rl_d352201e,ac_eb1947c2
rl_9feb8be2,ac_325235f1
rl_de3aea5d,ac_cd3b381d
rl_9c7c09de,ac_211838d7
rl_b57c5e59,ac_a9396ee6
rl_f7e3b1cc,ac_20d21f83
rl_8014c040,ac_a5e8c088
rl_2145eb51,ac_cf93abc8
rl_7d5ce356,ac_429e8b96
rl_0127f1f6,ac_13b06e71
rl_b3fabe3c,ac_4ee856c1
rl_65466112,ac_211838d7
rl_026ca9e3,ac_28c4ebbd
rl_6a2d4ac8,ac_329e927f
rl_3900bc98,ac_0ec208a9
rl_8b96cbab,ac_175afc90
rl_4a0dfdb5,ac_29388932
rl_3b098bad,ac_71be4db8
rl_a411b9d3,ac_249966a5
rl_23ea50f4,ac_9cc00e52
rl_2b16136a,ac_211838d7
rl_86ff10e0,ac_ea25c27f
rl_7c48a135,ac_8ea8d546
rl_42229992,ac_0bdce6e5
rl_dfe9538f,ac_18411251
rl_82482fda,ac_15e1d229
rl_0dfc1807,ac_bc63d1e0
rl_c39a401b,ac_1fced2af
rl_cc0f0c5e,ac_fd8e62ca
rl_31361d28,ac_a56e2a3a
rl_49e80920,ac_a49b6405
rl_be7ae19d,ac_49524e64
rl_fc14be82,ac_3df7e3ef
rl_0ef2f18c,ac_211838d7
rl_b2cfcd1a,ac_211838d7
rl_11df945f,ac_6b53d071
rl_cfa0c964,ac_ee464556
rl_65b8c00e,ac_54746eeb
rl_c14f3527,ac_97586c9d
rl_19969ab9,ac_6a2ed63b
rl_30f57e7e,ac_48d3feed
rl_50b12ce6,ac_91c3e53f
rl_0288946e,ac_91c3e53f
rl_34fdf267,ac_479b0c1d
rl_383e2de1,ac_27c6ef98
rl_5c8e9bfd,ac_211838d7
rl_1a5d7cc2,ac_1e952f65
rl_4b37fd4e,ac_93870a8d
rl_ac7ad4bc,ac_886585af
rl_4ca5466f,ac_63341424
rl_6144c127,ac_a3578d63
rl_0366499d,ac_16e7b1c3
rl_831e318d,ac_211838d7
rl_cceaf022,ac_211838d7
rl_ce9ebda1,ac_2ae1fe58
rl_c4762f72,ac_1d701e9b
rl_beb5d054,ac_b6dea215
rl_d6b933c4,ac_568d3281
rl_b203f02b,ac_b56428fc
rl_01322582,ac_26c5086f
rl_c96eef7d,ac_f84ab6fa
rl_ac7b7f26,ac_ea8a2ab4
rl_a543f2cf,ac_019c2d51
rl_76932f78,ac_773313bc
rl_71f5aee2,ac_a7ab308c
rl_90da3f05,ac_3d07205a
rl_f06536b9,ac_5de3bb1c
rl_daa8d6ed,ac_502f37a0
rl_890d5c86,ac_d04753e5
rl_46f75ede,ac_cd365edb
rl_0942104c,ac_c3a2607b
rl_35246ca0,ac_ce8704d8
rl_22fd1e5e,ac_211838d7
rl_12c6c464,ac_af25b05c
rl_415e9fea,ac_08ba79c5
rl_8ed8f8dd,ac_8cc45c01
rl_e064db28,ac_d2ffc1ff
rl_0f125b19,ac_211838d7
rl_5e952f2a,ac_325235f1
rl_20308390,ac_00ab5295
rl_613ad80d,ac_b5258ad2
rl_b5e8b60f,ac_0268f54d
rl_e955d914,ac_eab6f4c8
rl_b633ce28,ac_656d8253
rl_944ae68b,ac_2d1f9121
rl_282c6df0,ac_2d1f9121
rl_9365306d,ac_20543fdc
rl_8923796f,ac_86a30234
rl_39239fbc,ac_4d14aa54
rl_a87fb30b,ac_0a01caf5
rl_06070096,ac_200c2b3d
rl_735a54c5,ac_a6f69e34
rl_e1518539,ac_76722df2
rl_ceb5e301,ac_6fe6302e
rl_dd3e45bc,ac_a1be8f74
rl_06b44c55,ac_5c13af2a
rl_ee630b34,ac_df04ad8b
rl_732b0e9d,ac_211838d7
rl_2ee07488,ac_3d02fc48
rl_90e1bcf1,ac_6cbe2845
rl_e5f2defb,ac_c892525c
rl_78e1e743,ac_8559302f
rl_6ada4b22,ac_bcbcfdb1
rl_c46cfc16,ac_9a280487
rl_ad2bb211,ac_6fe6302e
rl_9a969b75,ac_a12e0ab7
rl_976d4a5e,ac_28dc632e
rl_741aa49d,ac_c3609d50
rl_ba0f36d4,ac_211838d7
rl_4722be96,ac_74cdf88d
rl_9998fcfc,ac_a0a99353
rl_8eddc313,ac_7bad993e
rl_d5353082,ac_211838d7
rl_8bece675,ac_2009123d
rl_2cabd2ff,ac_9ea8a443
rl_326caf73,ac_e6167cc1
rl_3095ed25,ac_cfdfc9a6
rl_854b7be8,ac_c2770d7f
rl_43ba008a,ac_e45e59ab
rl_1c870cb1,ac_1c374825
rl_55be8220,ac_211838d7
rl_704f2a6c,ac_83f8e58a
rl_3dc4db78,ac_aee7d71f
rl_eb31b04b,ac_c71b8df3
rl_8b741ab7,ac_81507192
rl_35a1c8d1,ac_cc4f8bcf
rl_1a85a2a4,ac_cc4f8bcf
rl_83eb9d77,ac_17b19caf
rl_d86bcfdd,ac_17b19caf
rl_27ec818e,ac_211838d7
rl_034a1ada,ac_64361360
rl_dc4224f4,ac_903cd73d
rl_8c7f00a8,ac_211838d7
rl_b0effe9e,ac_c5a23a9f
rl_79c3970e,ac_b9eecc92
rl_61180149,ac_211838d7
rl_220523db,ac_874267c4
rl_a168fa39,ac_ee3d27f3
rl_1cabdcf9,ac_9786318c
rl_1236c69e,ac_b6b315fc
rl_8c55fd49,ac_b6cea46d
rl_0cb79f5c,ac_1b264516
rl_5675648b,ac_211838d7
rl_d008dcb4,ac_e2d7bdb6
rl_e291749f,ac_3126d043
rl_b2ce101a,ac_6ed37687
rl_0a3867ca,ac_36baa5df
rl_d43114f2,ac_19af031c
rl_46a1954d,ac_832d1916
rl_abf8a5b3,ac_87643108
rl_f35ad63f,ac_862a7d52
rl_6a1a9267,ac_211838d7
rl_748ca982,ac_1cf33f9a
rl_2ba2ac4b,ac_0f79d879
rl_43b15c35,ac_b7b53e9f
rl_d08561ce,ac_362829ee
rl_5456c7a9,ac_8b1dd275
rl_02de9805,ac_8b1dd275
rl_3ad9f97f,ac_20e0feb2
rl_5fb0a972,ac_20e0feb2
rl_b44136d5,ac_f49178a3
rl_f78d6715,ac_211838d7
rl_bf977ed5,ac_22609131
rl_9617016b,ac_211838d7
rl_bfb0a654,ac_211838d7
rl_548a895d,ac_29d97bdf
rl_d96241e9,ac_00c87dd8
rl_c29c3469,ac_fd21ae2a
rl_4a27e819,ac_0e314bbe
rl_deac5d0e,ac_85a0344f
rl_333ac536,ac_78d45c37
rl_48211b45,ac_211838d7
rl_518612a4,ac_0b0da441
rl_f5dd802b,ac_211838d7
rl_d77ee4f8,ac_3b257edb
rl_0d2b1814,ac_329e927f
rl_c1c8545f,ac_329e927f
rl_80702eeb,ac_c8064c78
rl_bf444bc3,ac_a648f3c1
rl_6effc811,ac_352fec07
rl_8771a2a3,ac_a5ee4d4d
rl_ef8b7c59,ac_8580bf1a
rl_1a35acff,ac_211838d7
rl_9404f9d7,ac_211838d7
rl_4b2be26e,ac_e9300724
rl_db75e9c3,ac_773313bc
rl_7466cdf1,ac_aeba2471
rl_e887b644,ac_b766e53f
rl_5c698ef1,ac_a4d09cfa
rl_55d1e0db,ac_70e18a2e
rl_ed7b9302,ac_d13f5e56
rl_9b59028a,ac_211838d7
rl_18113e71,ac_dc2f018d
rl_8bce8e91,ac_ce082f9f
rl_541f5519,ac_6aa01050
rl_17048b4b,ac_38cf6c6a
rl_2d5cdea9,ac_51982790
rl_abffd9ad,ac_5bc03e20
rl_5505932e,ac_b87192f2
rl_5bf93a57,ac_4d23746f
rl_5cc7d0ea,ac_2cd18f26
rl_4f7f7a4f,ac_211838d7
rl_e788fd62,ac_a64a4c74
rl_cdaf732b,ac_c62629a1
rl_f6b6f845,ac_a6542e3b
rl_edb6ab99,ac_a6542e3b
rl_0298dfee,ac_4dc4303e
rl_46a96ac5,ac_1501c9f4
rl_d1775b63,ac_ec852ae0
rl_b733e163,ac_b63df5b5
rl_5aaa361d,ac_211838d7
rl_c4ba6a09,ac_6b0b0b49
rl_2e196d63,ac_6b0b0b49
rl_eb0f9f9f,ac_65965dcf
rl_f771ad95,ac_256199ae
rl_8cd863e9,ac_211838d7
rl_b41346e3,ac_95d69f3f
rl_dc3beac3,ac_e8915883
rl_44f13970,ac_48fb5696
rl_f1a4a89f,ac_ddcdcd26
rl_327acf1a,ac_211838d7
rl_bcfc1314,ac_95415011
rl_9559caa0,ac_4f742368
rl_5f6c0a08,ac_7959a0f2
rl_b477278f,ac_0495acd6
rl_b16c1217,ac_1f07bb5e
rl_3a1536bb,ac_b4943718
rl_4777cf04,ac_c5d0b50a
rl_5fd20aa9,ac_1dba4c3c
rl_1d86631a,ac_d509d53d
rl_daac0715,ac_07d17059
rl_ece262d0,ac_4a445a53
rl_793a28b1,ac_be604cb1
rl_1121bbcf,ac_211838d7
rl_058978ab,ac_4ad961df
rl_530e915f,ac_19611d27
rl_8f2b9e6c,ac_39889283
rl_ea8db24d,ac_caa15453
rl_dd6773d3,ac_0dbf6d21
rl_fbc2f8d4,ac_49e1cada
rl_fc16f36e,ac_0b21b693
rl_8bce5a74,ac_9fc2663f
rl_a4b2bec9,ac_211838d7
rl_fcca48fc,ac_958bf395
rl_4da33388,ac_2d4db924
rl_fac5be5d,ac_211838d7
rl_b48b4c1d,ac_c011efb0
rl_f912d976,ac_61252f68
rl_264287f1,ac_df8a3516
rl_91dd4b48,ac_34c5faa2
rl_b277787f,ac_77e8fc13
rl_7dc3b703,ac_eab30e3f
rl_13620a69,ac_3c211a98
rl_600ffe2b,ac_de57effa
rl_a5c5312b,ac_d24e2239
rl_a4aeb586,ac_41d1a702
rl_1de02547,ac_2d4db924
rl_7acd645a,ac_28ee9cf7
rl_22a5d4b1,ac_a5d60cfb
rl_473b302f,ac_211838d7
rl_88c2ba33,ac_1cdf67b7
rl_b71ec1a3,ac_84133079
rl_23e6e3f0,ac_4c1092d6
rl_9f570502,ac_ddab22ff
rl_9b391965,ac_6c37c739
rl_c0828228,ac_d2f8570d
rl_57831ed6,ac_4a37a43d
rl_bc188287,ac_42898c87
rl_4e5c6d07,ac_899e4030
rl_f546f508,ac_02d6ebea
rl_f94b6c1b,ac_2f769089
rl_df74a216,ac_211838d7
rl_88294fa2,ac_629ed74e
rl_74533758,ac_211838d7
rl_ecfecf18,ac_0ac243e8
rl_be660fd0,ac_20e30819
rl_2ee6867b,ac_2d47abef
rl_9b9e1cbd,ac_d046c138
rl_32847dc4,ac_1e4d4910
rl_588fd593,ac_809c5fa4
rl_f9e6a97c,ac_81066039
rl_dd6d5ef6,ac_013e2ba0
rl_e134e6f9,ac_70f32a67
rl_e8090d63,ac_6877f4a2
rl_eba9b8ef,ac_16fe9aa2
rl_7c0b7a2f,ac_211838d7
rl_d3013eb4,ac_2732454e
rl_f983aa94,ac_17b19caf
rl_df94b67e,ac_d4228f58
rl_f36687d0,ac_a0dc67b4
rl_cdddda37,ac_e1489f44
rl_86cb2a63,ac_211838d7
rl_bb02eca0,ac_1e636365
rl_7133ad30,ac_a8ca80be
rl_13c40729,ac_37f5bb4d
rl_8cf3f36f,ac_7155a4f0
rl_86739d1d,ac_8b0c8f57
rl_6c8aa9b2,ac_70f32a67
rl_19f74194,ac_325235f1
rl_75cd1915,ac_e6b08378
rl_dbc74149,ac_211838d7
rl_027787c7,ac_211838d7
rl_3ab33870,ac_e85bacb3
rl_32859110,ac_ac5f71e9
rl_713181d8,ac_a64093c2
rl_53b12c7b,ac_a1c83c8d
rl_f64284b0,ac_e17c9a0a
rl_f25cf5bf,ac_211838d7
rl_c9b837a1,ac_211838d7
rl_38244f82,ac_24de08e9
rl_3f5c74f4,ac_c646a344
rl_95d813ac,ac_211838d7
rl_04e46c9f,ac_211838d7
rl_49d0a25a,ac_c646a344
rl_da894fef,ac_958bf395
rl_324c9d86,ac_cde7d872
rl_fe78d094,ac_da09d219
rl_2fa8fad9,ac_110cdc9c
rl_9d003b93,ac_afc8333a
rl_a5314f74,ac_c5a23a9f
rl_99c40967,ac_211838d7
rl_8f572f31,ac_bcf17039
rl_548c0321,ac_16f1a61d
rl_52fb9a21,ac_64bf3204
rl_54a6763f,ac_ea0ea3d3
rl_86ff8f26,ac_8ed22387
rl_e4b60234,ac_7fbbc48a
rl_7ac43827,ac_43c6763a
rl_80e678d4,ac_0455e163
rl_a5b41a90,ac_ecf941b4
rl_c4439d71,ac_5f329895
rl_d14b7538,ac_ed4de58d
rl_bf50f16e,ac_a3c172e7
rl_a251c650,ac_83067557
rl_d01a9221,ac_1d113f49
rl_06a3bb99,ac_d50978e1
rl_f16624d0,ac_3ab6cb44
rl_7e4537b8,ac_139cf62c
rl_c053cca8,ac_1623c7e6
rl_a132d58e,ac_ef8d3603
rl_e6a6d79d,ac_fa3afabc
rl_37f891aa,ac_211838d7
rl_23931f1a,ac_4056fb81
rl_35f4f079,ac_f5907b41
rl_a099859a,ac_094de5d8
rl_bdc3008b,ac_1f221924
rl_ea8fca84,ac_211838d7
rl_1396b268,ac_7883a077
rl_f3a19ee5,ac_d35f6cea
rl_f4c4cd52,ac_841753c1
rl_f9ac4910,ac_3815456e
rl_5bcc0b90,ac_0e314bbe
rl_f2dc41ba,ac_c56da144
rl_d408f83c,ac_211838d7
rl_e0095ef9,ac_211838d7
rl_27e9901b,ac_211838d7
rl_1b70108f,ac_211838d7
rl_b4df7b2e,ac_6daec76d
rl_81c6b87a,ac_4d4cef7e
rl_0e3cd7f6,ac_8e96e25d
rl_d98f6073,ac_2180d07a
rl_38b13830,ac_9c437c6f
rl_7ed41eaf,ac_85a0344f
rl_eb0a9113,ac_3b339a8f
rl_e51b4644,ac_644d62bc
rl_38dc3f7a,ac_6903765d
rl_bc08fa5e,ac_211838d7
rl_76a31f1c,ac_211838d7
rl_6766ac78,ac_211838d7
rl_3593b743,ac_9d9f14fb
rl_4ed68e5c,ac_4e0e2904
rl_c5a63654,ac_74815683
rl_dcb999b9,ac_3064998b
rl_86e82560,ac_2d00e805
rl_54a0844e,ac_8f6abd9e
rl_be7caf60,ac_8f6abd9e
rl_133b47f3,ac_1dbbe773
rl_ef3ddec4,ac_e0e6d1bd
rl_6efca946,ac_efd907d5
rl_8a1ace86,ac_211838d7
rl_147edd93,ac_76993fee
rl_c4f28ea6,ac_211838d7
rl_ffb8c184,ac_68800587
rl_894a933b,ac_a76585b2
rl_0340fb82,ac_211838d7
rl_fb534b22,ac_12c41317
rl_4ba10ae0,ac_4cc622e1
rl_d91c055b,ac_211838d7
rl_1d667907,ac_36764ad6
rl_a61a5617,ac_d7ab57a1
rl_dbe28fa4,ac_4c131a71
rl_48595905,ac_09af3eb5
rl_1ee564c8,ac_6ba5f1fd
rl_39d8dda2,ac_211838d7
rl_43a62b46,ac_ae5624fc
rl_25c196db,ac_211838d7
rl_67c9a5dc,ac_2280b4cb
rl_61307edc,ac_6d14f059
rl_279f555c,ac_07fa1470
rl_08a3d8e9,ac_07fa1470
rl_71289b37,ac_211838d7
rl_cee2612e,ac_a3064fee
rl_494ece6f,ac_c4e4e008
rl_219cca28,ac_a2c9009d
rl_13c83071,ac_97f43b91
rl_0b68ccb2,ac_44d20cc3
rl_d96c3caf,ac_6023c1ec
rl_2573f558,ac_fed56251
rl_26b88ae7,ac_3c57d7c3
rl_6a6f0fbb,ac_211838d7
rl_3fe807e2,ac_bff2a688
rl_9e41f459,ac_211838d7
rl_dcecae83,ac_574585d4
rl_0ef96d43,ac_211838d7
rl_9e47e169,ac_211838d7
rl_ff24a024,ac_4a977bae
rl_b036c301,ac_1fbd362d
rl_3f7a9456,ac_d881b782
rl_951bf748,ac_05d1ce70
rl_6f91f318,ac_b4e7d1e7
rl_34d53c4b,ac_b4e7d1e7
rl_4a9ece1a,ac_c379437b
rl_e96facea,ac_f21ae1d6
rl_18826db0,ac_211838d7
rl_5f3aa069,ac_4780b710
rl_3e6ea514,ac_0790b710
rl_65aebd12,ac_6e72c61d
rl_4e6d6ce2,ac_211838d7
rl_4820332b,ac_76a4bad9
rl_d8e42bee,ac_131042d0
rl_c41e1664,ac_baf82a72
rl_0ff811c5,ac_9400fd8b
rl_94076c45,ac_211838d7
rl_5b8ebb1a,ac_9d47cf65
rl_331ff0da,ac_aa9625b1
rl_56d0bcb0,ac_98d379eb
rl_67e25b23,ac_dedd642b
rl_978ed684,ac_e5fefa64
rl_7646b4a8,ac_834764fc
rl_2e991311,ac_589f5ad6
rl_192809e3,ac_dab58005
rl_553d5602,ac_499d0506
rl_4ad6d4b3,ac_2d6859be
rl_75144e61,ac_c3609d50
rl_94859692,ac_211838d7
rl_e3255c9f,ac_74b4fb00
rl_c0bf7c63,ac_74b4fb00
rl_d7be9884,ac_61fc100a
rl_df6d5c56,ac_211838d7
rl_702ca482,ac_9fa32f79
rl_8c4f0035,ac_05912fc0
rl_5a125c78,ac_05912fc0
rl_01a6a05b,ac_21141d14
rl_b2b04296,ac_6bf24b2a
rl_86d6f01b,ac_eb728449
rl_8a8cdc19,ac_8b35eeac
rl_4244bd56,ac_eab6f046
rl_eeb79b2d,ac_4053496c
rl_c123805c,ac_4d3267cf
rl_70185e0a,ac_211838d7
rl_b2bd422a,ac_23202758
rl_6a732890,ac_83d06f42
rl_c3d60dba,ac_211838d7
rl_7ce8838b,ac_16ce3c3e
rl_ebadb753,ac_49e1cada
rl_54babad5,ac_3d4686dd
rl_d445e5ee,ac_1671f0db
rl_27eeeac2,ac_211838d7
rl_014e7539,ac_9a6a4b4b
rl_00975eb0,ac_fb508152
rl_77b3961f,ac_e40528e2
rl_e3f790f3,ac_66283007
rl_21a5a43d,ac_adcb487d
rl_6d9607c9,ac_17847ba9
rl_16765704,ac_ad8a73ef
rl_ce0649c9,ac_57ca2025
rl_9f7d5a27,ac_30eb6cb3
rl_c8a468ab,ac_3ad4dd24
rl_cc8d6222,ac_e1c791cc
rl_75789a2d,ac_dac9fe52
rl_75d46760,ac_dac9fe52
rl_17fd9df0,ac_b2183d8f
rl_f30da803,ac_b2183d8f
rl_dee8b939,ac_61cced09
rl_6e8ebd78,ac_634cf469
rl_5389de2e,ac_131042d0
rl_5897336f,ac_59887726
rl_5d8049dd,ac_211838d7
rl_b39e1f1a,ac_0f7af149
rl_909a4b50,ac_8f6abd9e
rl_3370b62d,ac_0d22d592
rl_29d2892d,ac_41bf6694
rl_19c68eed,ac_2bfc787b
rl_f4cca50c,ac_211838d7
rl_5e9a58cc,ac_234c9685
rl_fc2d9472,ac_c630599f
rl_915e3751,ac_e2d7bdb6
rl_ac6485d1,ac_7306856d
rl_932d5932,ac_fcfab0cb
rl_0327a4d0,ac_d9f63037
rl_f279584b,ac_35b957b7
rl_593ba526,ac_f0e47b5f
rl_34d83fc6,ac_44d07009
rl_576b3426,ac_3b4eecf1
rl_2a2250c3,ac_3b4eecf1
rl_c3c4115b,ac_066160f1
rl_2dd5c4de,ac_a0a99353
rl_4cf884da,ac_211838d7
rl_d922d243,ac_211838d7
rl_ddff90fc,ac_a4b661c7
rl_20c5c915,ac_bf3d5f00
rl_c56b6c47,ac_ab78581b
rl_5aa2faba,ac_db56cef0
rl_84bcf69f,ac_b1a9fc94
rl_2ca0cac4,ac_6f173ab6
rl_27cddad9,ac_211838d7
rl_207ce398,ac_211838d7
rl_4bd4d823,ac_45ec3ce3
rl_b738dc9c,ac_352985b3
rl_9201589f,ac_f0376c3a
rl_5a414c9d,ac_211838d7
rl_355a0b3e,ac_56efb030
rl_b0fb5099,ac_03a3e1e6
rl_adaf3ce1,ac_211838d7
rl_dd4262c5,ac_d9692ff8
rl_5d3927ae,ac_aa0bcde8
rl_f50c4132,ac_c959adfa
rl_102bc141,ac_211838d7
rl_3c5e25ba,ac_10afe79e
rl_034546d1,ac_1e89ff96
rl_a39bb32a,ac_3c759193
rl_48f44d0a,ac_d05c4661
rl_127f7041,ac_8bbc38ab
rl_f0586656,ac_91592db5
rl_b5160737,ac_211838d7
rl_042cb675,ac_211838d7
rl_9fb1af9a,ac_0a35a66b
rl_d788f821,ac_2280b4cb
rl_d0ed0d19,ac_6c316000
rl_a4e015a8,ac_1ac0ead2
rl_fe1d51b4,ac_3e5429b2
rl_deab3d56,ac_ffd1412a
rl_b3820f00,ac_ccf55b12
rl_f8fc331e,ac_2f39bd93
rl_f81e8f51,ac_6852c0df
rl_75faad3a,ac_ffd1412a
rl_f631c0bb,ac_211838d7
rl_cf644ecf,ac_aeba2471
rl_a5d2b1b5,ac_95b0ce54
rl_cf8dab08,ac_5c1ebfff
rl_4ceead6e,ac_f5b3d547
rl_ccd64c8b,ac_9edcde40
rl_5cccca00,ac_9fdaf001
rl_4ec8239c,ac_9674a141
rl_8f837241,ac_211838d7
rl_3ebe7064,ac_bdd141b9
rl_164eae18,ac_837fec62
rl_089098f6,ac_7bac3432
rl_650f8b15,ac_211838d7
rl_84005274,ac_6e72c61d
rl_5f7354db,ac_f03d04d6
rl_691ee422,ac_5fcb2d7a
rl_13d2316c,ac_607bcad3
rl_23d5c215,ac_211838d7
rl_c72d4f19,ac_8282f4c7
rl_4cb46b27,ac_211838d7
rl_af1e9549,ac_bf884341
rl_3240733c,ac_ffde473e
rl_c91f64d1,ac_88b89c96
rl_70f7b8a7,ac_7a132614
rl_c8dffbcf,ac_211838d7
rl_2bd8c41e,ac_6b47ed6c
rl_17b9ac22,ac_bef06611
rl_c54e3cad,ac_e8845126
rl_8ffe971b,ac_f26e31fb
rl_fb4e3480,ac_211838d7
rl_56f6dc9e,ac_d91f3416
rl_17b010c9,ac_91348837
rl_bbbbb990,ac_f06787ac
rl_84bd7ec3,ac_f06787ac
rl_0dee88fb,ac_00712939
rl_f8d18d80,ac_aaba285b
rl_7c1f2ac2,ac_404706a2
rl_e9feb9a3,ac_6d837efa
rl_b89f8305,ac_7de1df90
rl_5994dbfe,ac_211838d7
rl_fc9dcf65,ac_211838d7
rl_6d3abba4,ac_303263d1
rl_f8d34bd1,ac_5ef30eda
rl_ec94d79f,ac_211838d7
rl_9c27224c,ac_e8f195b5
rl_e0634874,ac_211838d7
rl_1ddbf4dc,ac_39a757c0
rl_ae4600be,ac_7ff142ec
rl_ab315173,ac_26a11a21
rl_8f428473,ac_a70c9d70
rl_596d5e68,ac_93f88c77
rl_e99012c1,ac_28ee9cf7
rl_a4cb12f2,ac_a6cafc66
rl_a5a53d6c,ac_8ff18de3
rl_dabdb2ca,ac_963ca327
rl_8ea73558,ac_56ec8ad6
rl_d1d6e5f2,ac_dc08f402
rl_869df67a,ac_cdb609d8
rl_bb7982b3,ac_502f37a0
rl_be0ffbb9,ac_cf30c07d
rl_72daf826,ac_211838d7
rl_dd264154,ac_cc1b5529
rl_eaf492fc,ac_5c9c5734
rl_fc50e8c4,ac_9b72257a
rl_f6294742,ac_9f02d047
rl_04915c51,ac_c30c5faf
rl_14b4029b,ac_41a7888a
rl_b9f63ffc,ac_0bc65895
rl_5ac66dcd,ac_9a1279f1
rl_783ea3ca,ac_d80a8267
rl_1d4d8f82,ac_5a341855
rl_349ccf75,ac_c9a7be80
rl_42875c5c,ac_ea499980
rl_e335fe31,ac_00b5eabe
rl_b6d7c0dc,ac_110f9413
rl_3563e23c,ac_211838d7
rl_d8df521f,ac_2c0af2dc
rl_2124f158,ac_60652d1e
rl_e5dfdb6c,ac_9d52a5fa
rl_ec93b4af,ac_3e225e27
rl_2fdd51d1,ac_74d0b8ac
rl_cf476a1d,ac_384f05c2
rl_82005315,ac_2a607124
rl_9fcc1a17,ac_f6cc179a
rl_1b791751,ac_87bff406
rl_d2ec1183,ac_74808046
rl_ed76c2e2,ac_1d75e15f
rl_47f2dd51,ac_13d3bf07
rl_8ac0e85d,ac_9b62bf89
rl_6c17e01a,ac_3a4b26b5
rl_7ff543cd,ac_49d53696
rl_bc05c73a,ac_ab0af497
rl_e8461259,ac_49ffdc33
rl_df88a7b2,ac_837fec62
rl_ad86f6d9,ac_03ce9cfe
rl_842eaec1,ac_c5de6129
rl_3188d659,ac_211838d7
rl_bf756841,ac_c3e7c5b8
rl_d7a2a985,ac_597635aa
rl_66a6e473,ac_ce630104
rl_b5f63c37,ac_211838d7
rl_a1075950,ac_8b890c42
rl_35e4350a,ac_a60d23fc
rl_93c20d87,ac_9565a612
rl_ea66f065,ac_617307fd
rl_fb3be71a,ac_211838d7
rl_3aa48e7c,ac_8b890c42
rl_3329b0df,ac_667608d5
rl_1cdd94f4,ac_56bced19
rl_3859c30d,ac_440cf3d0
rl_6a2299cb,ac_248b58bf
rl_47c45898,ac_8a8054e0
rl_d82c798e,ac_21141d14
rl_b0111b40,ac_e8718918
rl_c02a99d5,ac_3696f809
rl_11be8446,ac_0ab2e942
rl_a1e3ef0d,ac_e2efc10c
rl_88b77327,ac_5d98ac53
rl_e6fe2b6a,ac_65821d98
rl_7ddb7171,ac_3b1a5f8a
rl_13a06c80,ac_3da1c09f
rl_834a43b4,ac_2146b65e
rl_4b84057d,ac_211838d7
rl_e9d3b31a,ac_34dbc2b1
rl_dfe352ce,ac_43d17e82
rl_dc603e5a,ac_46f14b6b
rl_39c9e8f6,ac_25f76f7e
rl_2ff1ab02,ac_87402cdf
rl_cf626ab4,ac_f0ed1877
rl_560f86ec,ac_eabdcfdb
rl_2c84c4cc,ac_3ca917a1
rl_766ed38b,ac_fd989fd1
rl_58c9f45e,ac_b9240981
rl_755dda45,ac_6903765d
rl_0cea11db,ac_ca75054e
rl_d004a4cc,ac_1abc2e4e
rl_9ccfba89,ac_eebc21b3
rl_1cae4619,ac_e99b503e
rl_302289e1,ac_186f80b2
rl_6467e4ab,ac_0f164fd7
rl_efa5308c,ac_95f829ac
rl_4f110b49,ac_7273fedf
rl_c3046810,ac_211838d7
rl_b168de7c,ac_3d1b7971
rl_38d80049,ac_79b6b969
rl_364a6ded,ac_82507fc3
rl_666d2e61,ac_ea6da1c5
rl_c9c89891,ac_045ecc3d
rl_bce1bfb0,ac_174aef7e
rl_55c65628,ac_aff1335f
rl_4309d42e,ac_c9697e5c
rl_958e57a5,ac_e73c40ff
rl_93d08391,ac_4cbd644e
rl_b7e52c44,ac_4d14aa54
rl_2513c932,ac_cb08a382
rl_359e7f5b,ac_bc073c42
rl_f2649941,ac_6c075716
rl_104a1c03,ac_5e33890b
rl_2d3f556f,ac_1a9975e9
rl_dbed4b49,ac_211838d7
rl_5f177921,ac_177ef857
rl_a49dff7c,ac_9946752a
rl_d2d8b620,ac_8732600d
rl_c11a2615,ac_992ece0f
rl_6ab9e13b,ac_61fc100a
rl_523ffb6b,ac_211838d7
rl_fb0719f6,ac_0d8fad56
rl_c0e3d305,ac_211838d7
rl_8eeb5139,ac_483bbdd8
rl_495259be,ac_6edc7876
rl_6c05eac1,ac_08cd10e7
rl_f3998192,ac_62c188f6
rl_403c2263,ac_f7215abf
rl_0697ff12,ac_6a4c398f
rl_dd40fb68,ac_d3b1eedc
rl_6d840214,ac_cf3c6676
rl_e4489438,ac_3aa93bd9
rl_e9985e98,ac_211838d7
rl_0172ce85,ac_eada0093
rl_f5b8ba8c,ac_aa648c8c
rl_487690a6,ac_79553509
rl_905ebfec,ac_176eeafa
rl_921a9bbf,ac_59d1cbf7
rl_90b04a4f,ac_b8b3ec59
rl_5d6f3a15,ac_5e32f620
rl_0ab6a425,ac_0d137589
rl_4706dc40,ac_a3caf5cf
rl_a7432963,ac_adfee0e1
rl_f477f96a,ac_5caf0a13
rl_5e56fb72,ac_413685fa
rl_6d4caa34,ac_2e106bc5
rl_5b74ebf3,ac_d1af8ae6
rl_8803c776,ac_41d1a702
rl_d1725858,ac_3a24db46
rl_75b27675,ac_6bf20493
rl_689922d1,ac_17a8f6c8
rl_e21388d3,ac_f49a35a3
rl_1afd5169,ac_c7f93530
rl_0c0a8f64,ac_3126d043
rl_247b7aa4,ac_9a34bea7
rl_2ef37688,ac_211838d7
rl_d4c77035,ac_81066039
rl_f6a9b7d4,ac_bf484783
rl_1cc98d99,ac_b0c48c2c
rl_8ae83e71,ac_9eb7754e
rl_8e76ccc0,ac_d3e47367
rl_0e80d4f2,ac_3d37e9db
rl_21591896,ac_211838d7
rl_50856c00,ac_1f793086
rl_41a89024,ac_8e96e25d
rl_ef9e3e55,ac_47d6320a
rl_6d99d059,ac_211838d7
rl_97c9e38d,ac_79553509
rl_a0151ef3,ac_6a636d3a
rl_c87af74c,ac_6a636d3a
rl_2a253ef1,ac_99760006
rl_77c5620b,ac_2009123d
rl_8f6b7b5e,ac_211838d7
rl_c388b79a,ac_ceec773f
rl_269f244c,ac_b378531d
rl_abc24994,ac_7f86b600
rl_b9cdec9c,ac_211838d7
rl_302da16c,ac_211838d7
rl_2aa86442,ac_a481ee8e
rl_86666159,ac_d911c884
rl_9d7b8b41,ac_5f217d97
rl_a4e5c655,ac_a80670ea
rl_be43ce62,ac_91e34d38
rl_ac991a38,ac_81e35d76
rl_b9754a13,ac_81e35d76
rl_286ef322,ac_58f160d0
rl_dd38ec3e,ac_211838d7
rl_97d70a96,ac_211838d7
rl_4fa69354,ac_211838d7
rl_46763ffc,ac_c3f10b13
rl_1098bd28,ac_c132ae7e
rl_5552f55f,ac_4cc622e1
rl_88bea0b1,ac_2f769089
rl_6f613d02,ac_5e4588a7
rl_1a03ecde,ac_76cec6a6
rl_4212cc6d,ac_ab08b9e7
rl_2e742399,ac_8c937029
rl_33471682,ac_3b4a3752
rl_a5540eaf,ac_42f831fa
rl_bf56b479,ac_04e994ac
rl_e0e2a69b,ac_0bfd255b
rl_4dd35d7e,ac_e59d3e36
rl_72ec9ff3,ac_380bdfbd
rl_28b16dfa,ac_245e08bb
rl_ca03a469,ac_211838d7
rl_ed69de3f,ac_71257ec9
rl_c296563a,ac_9a1279f1
rl_d8ab0cbf,ac_3aa93bd9
rl_59f7748d,ac_3aa93bd9
rl_c25479dd,ac_9bd9cbc6
rl_f4b5ce6c,ac_fcdeccec
rl_4b841c4e,ac_fcdeccec
rl_26b94be9,ac_4d6955bf
rl_5ef98327,ac_b4a0ac51
rl_61aadcdf,ac_46f14b6b
rl_21abcad7,ac_a6542e3b
rl_79277e57,ac_bb250220
rl_f16527e7,ac_074d7c81
rl_5f68df57,ac_be131c25
rl_46f49da3,ac_d2a1708f
rl_06ed1e02,ac_28980d99
rl_5c817c62,ac_b99b3784
rl_9475e7de,ac_3770531e
rl_9893504f,ac_211838d7
rl_54c7cf38,ac_21a37735
rl_cee4ba0b,ac_584a7698
rl_bac634d1,ac_6642b33a
rl_c7425ad5,ac_13a263ac
rl_79cd07d4,ac_80d10198
rl_9a9ce9b1,ac_1ea7ae6d
rl_a12ec57f,ac_19af031c
rl_51f5b501,ac_211838d7
rl_b3b7bffd,ac_7aaa434e
rl_ca29243c,ac_0b5dee5b
rl_53bdcdee,ac_aa4a4401
rl_4e458e38,ac_8f0484f5
rl_6523e282,ac_c95bf164
rl_0f75d5f1,ac_b2af2c89
rl_6e70866a,ac_64622f5c
rl_7cdbe931,ac_68f8b703
rl_502bfde3,ac_287713d4
rl_bb32e574,ac_211838d7
rl_ec1ae6ae,ac_b3406cff
rl_7d0b346e,ac_a5919fdd
rl_92af6563,ac_ea8284c7
rl_52d0fa21,ac_c3c99fe1
rl_2366f9aa,ac_211838d7
rl_71d539f4,ac_211838d7
rl_19075825,ac_a4fb1b00
rl_6cf92453,ac_6470da1d
rl_7ee2e637,ac_294e5790
rl_2468568a,ac_70947b40
rl_833b8cfe,ac_390b5a24
rl_14171b16,ac_211838d7
rl_e09836bd,ac_229ca3f3
rl_5759d098,ac_c5d7d4f3
rl_5e76b8b7,ac_19005b34
rl_2970c4be,ac_01f54545
rl_60b9ab2f,ac_0ac243e8
rl_7081bad4,ac_211838d7
rl_23db40e2,ac_ddff6a4f
rl_0c46ef07,ac_6877f4a2
rl_0cb00d8d,ac_e7b8d94b
rl_9fe75626,ac_177260e8
rl_32d8c452,ac_24bd180c
rl_7c3c8168,ac_bd676edc
rl_27efafc2,ac_ca34d45e
rl_354a782b,ac_6ce72590
rl_03644ae9,ac_817d77da
rl_95a747ce,ac_8dd2e044
rl_f20a6f91,ac_9da05512
rl_e3af377d,ac_dedc7ad0
rl_14200368,ac_9729573e
rl_617b556a,ac_1e89ff96
rl_39de54ec,ac_211838d7
rl_86b9f3e0,ac_b507252b
rl_2cd8be48,ac_2c120072
rl_47bd2f3e,ac_423451f2
rl_e11a8cb9,ac_9904ad83
rl_3b9c5a69,ac_62649d72
rl_38013cca,ac_53784e17
rl_2c2093cb,ac_9e42c934
rl_78be5b1b,ac_2d8da017
rl_61dcdf1b,ac_211838d7
rl_0dfa7466,ac_ad506831
rl_a381acd5,ac_5c6316d1
rl_d12c6485,ac_cbbff235
rl_2263342e,ac_3bd96d89
rl_1bbaccd5,ac_211838d7
rl_ca4473c7,ac_befe3282
rl_0c8c462f,ac_7e616fe4
rl_857693f4,ac_2a55203f
rl_8a905233,ac_211838d7
rl_78f38df1,ac_211838d7
rl_9dafd73d,ac_5f606524
rl_d51d99ff,ac_5f606524
rl_0172592c,ac_6b24612a
rl_d2aae6f6,ac_6b24612a
rl_67a8ef70,ac_6c7dd6b5
rl_9de9a925,ac_211838d7
rl_261bb80c,ac_175afc90
rl_d1ab5aa3,ac_0b1456e0
rl_51a384cf,ac_b76216a9
rl_45b45e78,ac_49d53696
rl_e83a04cf,ac_211838d7
rl_c37d1750,ac_5b390040
rl_6c6d3efb,ac_a7b7e8fe
rl_9c76bd07,ac_958bf395
rl_adcd46b3,ac_211838d7
rl_490d6ed6,ac_2caf374d
rl_b394e786,ac_425aff7d
rl_1cba3b2e,ac_bdac6417
rl_a4f2a0d3,ac_483bbdd8
rl_81789df3,ac_d5928836
rl_224747e5,ac_47634329
rl_7e042d82,ac_7ea4f862
rl_81e1dfb4,ac_ff4ba842
rl_69d282cb,ac_1cc3476d
rl_8f3d4942,ac_6470da1d
rl_96f0d1bc,ac_641d0a4c
rl_78fd64da,ac_7c8d3efb
rl_40636ec3,ac_7c8d3efb
rl_23eeb314,ac_211838d7
rl_52cdb06e,ac_ab4b81b0
rl_9e0fda3e,ac_992376a3
rl_d8371ce1,ac_4394c84d
rl_5dfe372d,ac_37788a18
rl_ac23e9d5,ac_9c3bca49
rl_fb5b2d9b,ac_81c849de
rl_3da78039,ac_8f0484f5
rl_c3fd5f23,ac_78c51b82
rl_96267eed,ac_2c40f1a7
rl_17bf8561,ac_c748d6f3
rl_a7980276,ac_ca48ce07
rl_dc03cd8e,ac_479daaef
rl_bc99d887,ac_0b4e4b08
rl_f9b96cc7,ac_eed41f96
rl_60c0ed97,ac_a3b79d18
rl_f9f15345,ac_f44047ff
rl_6ca7f93d,ac_e7bd70bb
rl_39c8bfb9,ac_195674ff
rl_4f813b6a,ac_6642b33a
rl_24c6c4e2,ac_4b81a83f
rl_1d07790b,ac_1f13edfb
rl_a8ef3a69,ac_1f221924
rl_18d6f6b6,ac_6fcf7c9f
rl_ed1da809,ac_c3c99fe1
rl_70c55e53,ac_69f6b90b
rl_7bdaeebb,ac_feb2ff52
rl_de430d21,ac_22342a4a
rl_767e14ce,ac_adcb487d
rl_da8762ab,ac_dead4ff6
rl_f3867dd1,ac_d1b07940
rl_fb06ecc0,ac_303f11e5
rl_73233814,ac_303f11e5
rl_ba986f62,ac_c5df70cb
rl_5ef142dd,ac_5dcffcda
rl_2100fbda,ac_e606c261
rl_1de590ca,ac_211838d7
rl_ccf9e6ac,ac_2caf374d
rl_82cfc8b9,ac_05cf5668
rl_8499283c,ac_e8397a20
rl_ffe1ab61,ac_92e43e48
rl_5639ca99,ac_8184311d
rl_04318f44,ac_b03d1b7a
rl_91d88aad,ac_a3f2bf63
rl_6ed13380,ac_47c5df34
rl_7c83446d,ac_37c655c0
rl_4288029f,ac_ca0649c3
rl_c290e5b8,ac_8c1b759f
rl_73950c5e,ac_9b6503bd
rl_592f9c0c,ac_c56da144
rl_99b91b20,ac_4cae1741
rl_d1f8ab29,ac_4cae1741
rl_b80b5507,ac_96e6367c
rl_f203f425,ac_6ec9688d
rl_3f4c2e67,ac_c778cfd5
rl_bbe25817,ac_6b24612a
rl_79f248eb,ac_ec8b903c
rl_d71fa091,ac_fed56251
rl_e3df4035,ac_62a78624
rl_4b9d900d,ac_fa15717f
rl_4ec5da30,ac_7d55bac3
rl_4411ff5a,ac_c3a98871
rl_108bc22f,ac_c3a98871
rl_8045ac68,ac_ddcdc139
rl_6b626375,ac_b421371e
rl_dafe2a4a,ac_b421371e
rl_a14679cd,ac_57e58d3d
rl_f32788b7,ac_856f4154
rl_131958ff,ac_e0045b9a
rl_282a8f77,ac_e0045b9a
rl_55b41e4f,ac_de57effa
rl_d539efad,ac_de57effa
rl_bbdc30b8,ac_2bfc787b
rl_ea51ec29,ac_1c1dc4e4
rl_54367897,ac_211838d7
rl_0784230b,ac_211838d7
rl_2f39e05d,ac_211838d7
rl_ab583ece,ac_ec4c5956
rl_88b0fce7,ac_ac2ee0e7
rl_fa37e12e,ac_211838d7
rl_cc48185f,ac_1b7a4488
rl_ffa927b0,ac_48da2be2
rl_15d80137,ac_e03d5766
rl_99cf3505,ac_211838d7
rl_19ea72a0,ac_7bad993e
rl_2fa1feb4,ac_211838d7
rl_82c6a98b,ac_dbabd3dd
rl_644fff5e,ac_0ae392da
rl_dacd9946,ac_4e48e1b2
rl_0250a6b9,ac_e5dda5d7
rl_cc6c42d6,ac_734bf028
rl_a2fb43f0,ac_a8c23896
rl_79d8ac45,ac_33ca9e38
rl_45fc6d1e,ac_4ef6dafc
rl_1aa15aa7,ac_d53132ac
rl_2bd80882,ac_444e5f65
rl_7c5de3de,ac_a08f0ccb
rl_15f511a0,ac_5e97f9b3
rl_8be0d212,ac_83d06f42
rl_75e289a0,ac_f49d428d
rl_0e5f89af,ac_b5cfec8e
rl_736e7994,ac_4a719293
rl_ecd57cb9,ac_89b587fb
rl_fc801d49,ac_2f3aba7b
rl_470b88b9,ac_00e88aa6
rl_c8759768,ac_90e5918d
rl_6701f76e,ac_bc63ae2d
rl_b5433890,ac_591c25b8
rl_648fa397,ac_211838d7
rl_849b6446,ac_e370e4fc
rl_1cd2c8fb,ac_211838d7
rl_e3fc170c,ac_15371e45
rl_b41740cc,ac_211838d7
rl_164d2493,ac_6ba5f1fd
rl_423aee76,ac_d85a801a
rl_3fdbeff6,ac_641e48e0
rl_16437ccc,ac_593d02fa
rl_7d89f717,ac_0e6e8ffc
rl_ffbff940,ac_211838d7
rl_7e822a81,ac_ce73ff4b
rl_5c5e171c,ac_8b0cc423
rl_f29d4d81,ac_398de1c3
rl_1f4fbd2e,ac_211838d7
rl_455b04da,ac_8016542d
rl_06bb474e,ac_ac5564d4
rl_260e389b,ac_6e676a54
rl_2d6bfe37,ac_72ee3275
rl_7ccbb16b,ac_d653ea55
rl_8b48454c,ac_cff8f715
rl_0c14a55c,ac_795c06fb
rl_d9479510,ac_3ef35304
rl_7b0f1ef3,ac_ade31444
rl_bcb05b35,ac_18411251
rl_bf4d48da,ac_452eb56e
rl_d083b0d9,ac_d85a801a
rl_7292c35a,ac_211838d7
rl_c1b41a87,ac_d58c3801
rl_74f52365,ac_aa61f4ad
rl_f062e319,ac_20083b91
rl_267eb1be,ac_735d8eed
rl_fb1eacbf,ac_3bf48313
rl_90701d19,ac_0946aaa5
rl_4cfd6fbf,ac_211838d7
rl_3381ee42,ac_8d825399
rl_1d3cc7d6,ac_8d825399
rl_5ef91b10,ac_0ef56bd3
rl_747f4c32,ac_f03d04d6
rl_3a1e4c04,ac_65cbeaa5
rl_3cac8785,ac_b48101cb
rl_5a011d11,ac_3f39ae50
rl_e43896d3,ac_773313bc
rl_7b01f77a,ac_bc2a4909
rl_79fea2fe,ac_bfd81981
rl_501a956a,ac_9b163a3f
rl_a95af141,ac_3db01260
rl_f66c7539,ac_157931db
rl_1fdb613c,ac_ec7f0d0b
rl_441833c8,ac_82afe5c0
rl_6e86f2a8,ac_82afe5c0
rl_624740cf,ac_e530b855
rl_91c62f6c,ac_9a1c3284
rl_a6d12ddd,ac_211838d7
rl_71ad7faa,ac_ef1c5498
rl_cbbb4a27,ac_6903765d
rl_c58c666a,ac_7f743703
rl_251713c4,ac_29bef9b3
rl_622dd86d,ac_211838d7
rl_1b837f8b,ac_db2fe0aa
rl_c8c02104,ac_865f4e33
rl_3a0b4f85,ac_a3c5eb50
rl_2d20075b,ac_f8e87af2
rl_95b475ba,ac_211838d7
rl_b608d107,ac_f1f19612
rl_d251a0dd,ac_864b1062
rl_25ab7a60,ac_4f7ecb6b
rl_9369d81d,ac_3b339a8f
rl_bb9a8ef5,ac_9f41514c
rl_51674dc1,ac_089a7212
rl_cc12fae7,ac_19611d27
rl_e34a2aca,ac_211838d7
rl_41a8cab4,ac_211838d7
rl_4124220f,ac_529b8529
rl_87213947,ac_114c0b1f
rl_f2918f16,ac_3070b753
rl_1863f795,ac_211838d7
rl_aa344ec2,ac_9d815103
rl_00f3a72c,ac_1f7da3de
rl_5d1f8c76,ac_196a5a58
rl_12935e79,ac_211838d7
rl_51aba4cd,ac_211838d7
rl_fc11a344,ac_211838d7
rl_755b8da8,ac_211838d7
rl_664815f8,ac_b3cdc238
rl_00f4a834,ac_211838d7
rl_79223eb5,ac_2a9972f2
rl_5eb95719,ac_8cf08b19
rl_c9bd0b3a,ac_8e3ad61b
rl_b4ef25c2,ac_10dc5937
rl_e1370bc7,ac_87e337a2
rl_af6e352d,ac_059beada
rl_bf84b289,ac_bafde72c
rl_551a37d4,ac_466a40c1
rl_98106673,ac_feb7f80b
rl_c07a6f4b,ac_c861847a
rl_f3f38e71,ac_f782aa59
rl_a713a3bb,ac_143612f4
rl_a4c48cd3,ac_2b1dcc0e
rl_62cd9375,ac_211838d7
rl_cb147fd8,ac_de732f6d
rl_a2fad26a,ac_a70c9d70
rl_921c2578,ac_211838d7
rl_b990736b,ac_0d137589
rl_0d9232a8,ac_211838d7
rl_622ba274,ac_bd42140b
rl_6586b3ff,ac_ad31783f
rl_3051a2d1,ac_328be3d1
rl_532ed48e,ac_48da2be2
rl_b63902f7,ac_134e8cd7
rl_b9eac8ab,ac_211838d7
rl_aa2959d6,ac_24c76f15
rl_c2fb4205,ac_256199ae
rl_c11d8de0,ac_c393180f
rl_63d73e90,ac_9be8c94c
rl_72db1578,ac_ea4f5e4c
rl_62c1109b,ac_2e2406b3
rl_b1d3dd52,ac_211838d7
rl_d6fb9ab2,ac_3064998b
rl_957a8237,ac_3064998b
rl_43412936,ac_7522e6a1
rl_6720b831,ac_c9b5e5b3
rl_808d0b3f,ac_eac8b762
rl_f36ee561,ac_978a656b
rl_6409dc9a,ac_1adef552
rl_34739656,ac_29a59668
rl_749ccd6e,ac_134e8cd7
rl_be3ae144,ac_bbc1d1a0
rl_32d15e45,ac_5fb8d3fc
rl_8dbe53a6,ac_a75ca881
rl_d0ab8fab,ac_5bb1906c
rl_29a1f69b,ac_cf684f59
rl_1d7f0da8,ac_c763d589
rl_7c5d4c63,ac_9d47cf65
rl_f1c95814,ac_cf30c07d
rl_c579e803,ac_fb71b38d
rl_337652cd,ac_615b59c4
rl_61be37ee,ac_211838d7
rl_bf18f5f9,ac_5f329895
rl_ec72f351,ac_0cc53a6f
rl_3d2edafd,ac_0bda2ac1
rl_1b2f9b47,ac_77db617b
rl_db765d3f,ac_d3d86601
rl_7bf63978,ac_f204b3cc
rl_0c893931,ac_b9c9aaa9
rl_efcc86c4,ac_32f4e2cb
rl_d597697c,ac_28dc632e
rl_69300c95,ac_9e9de625
rl_5d827fc5,ac_d6641561
rl_dd176e35,ac_f61e23e2
rl_57f7cf8d,ac_f05bba5c
rl_34dd77c1,ac_885a8c42
rl_39e3f5c3,ac_58db75fc
rl_2aaf1c3c,ac_4c4b103c
rl_355aabd3,ac_7ccc6b1e
rl_44c3ac8d,ac_fdeb01d5
rl_b4b4a14c,ac_d1c62eff
rl_706bcec8,ac_3693591d
rl_f6495daf,ac_07a6f1e8
rl_d05365c2,ac_07a6f1e8
rl_949d5b3f,ac_c4421c9d
rl_6f160a39,ac_412ef0d8
rl_fa17304e,ac_e02f6526
rl_1492b864,ac_2f3aba7b
rl_a09c6bba,ac_e645ce74
rl_5ce5d301,ac_950bb3fe
rl_b8e788b3,ac_7107f248
rl_a540a69b,ac_a7841641
rl_52ed7ff6,ac_4e48e1b2
rl_f668f0a9,ac_211838d7
rl_a7ccf659,ac_211838d7
rl_6334bb3b,ac_d8089c55
rl_d09b1e4a,ac_ba6f676d
rl_4a25445c,ac_291180c5
rl_3ff789f2,ac_2bfc787b
rl_800f3890,ac_211838d7
rl_b0319430,ac_c778cfd5
rl_219e7846,ac_27058d6f
rl_2e608965,ac_5c13af2a
rl_59e34790,ac_ba6276aa
rl_e64e6971,ac_08406c12
rl_d214f616,ac_bd05ae55
rl_921c6cf7,ac_cde7d872
rl_a7ed6dc0,ac_486f0f08
rl_a9ec2617,ac_211838d7
rl_4179bb57,ac_9417528e
rl_236f67b2,ac_e2d7bdb6
rl_c309d314,ac_ba7b0baa
rl_d513a69d,ac_7e37e835
rl_56289f08,ac_fb53b469
rl_3e0333b8,ac_00c07ae2
rl_4d3f6eb2,ac_a3014bcb
rl_d58de4cf,ac_813dffb5
rl_4d725470,ac_7ea4f862
rl_38e6c49d,ac_8db83553
rl_699e6306,ac_ad66fd40
rl_b756e1de,ac_b27d6009
rl_b5390fe7,ac_211838d7
rl_b6fcc846,ac_211838d7
rl_b0c16808,ac_71a047f7
rl_0ca96a90,ac_172ec4e8
rl_4b9ef662,ac_172ec4e8
rl_b33a05d2,ac_4b4c6d72
rl_8aa07b1f,ac_019ca720
rl_34e82b58,ac_4f6ddbeb
rl_c4bf35b4,ac_a8370555
rl_bf8d69c6,ac_211838d7
rl_396e3be9,ac_23fb20f1
rl_f21372aa,ac_eac03a88
rl_8e7272a6,ac_eac03a88
rl_4887fbce,ac_211838d7
rl_03e9c5f5,ac_21823453
rl_7b1f3945,ac_7a45df76
rl_8d6e619d,ac_211838d7
rl_f08bc710,ac_5a0e3507
rl_d49730c5,ac_c5a937e3
rl_7b1eedda,ac_c5a937e3
rl_c8a9dbd1,ac_4d64b734
rl_68e81fe2,ac_718ee7a6
rl_86a3ea1d,ac_3c211a98
rl_097e29d3,ac_211838d7
rl_6a2bae2a,ac_48d4ff08
rl_ca03f854,ac_cba235dc
rl_b63caaec,ac_6b9576bd
rl_016c6ac1,ac_ef4336dc
rl_09c46ef5,ac_b5656b07
rl_bd3e1eca,ac_4b8feba1
rl_840d0ef8,ac_4b8feba1
rl_33c63656,ac_729969fe
rl_bd71a03c,ac_09f01647
rl_92478331,ac_44ca538d
rl_2c9368cd,ac_211838d7
rl_a92fc00a,ac_1f1cd102
rl_d010ad91,ac_8b0c8f57
rl_0d2dc742,ac_96e6367c
rl_23f7a359,ac_f5b23426
rl_c6b9f55a,ac_05cca439
rl_d8ac065d,ac_211838d7
rl_7094ac99,ac_8ef5a632
rl_45e66652,ac_4eefe04d
rl_02ab9cfa,ac_bdcd09b8
rl_0dabd1eb,ac_a3d1104b
rl_2b8fe238,ac_0cf7f7b5
rl_0d3651ba,ac_acc3b453
rl_fc49c136,ac_211838d7
rl_d67fc3bb,ac_fdf5fcbb
rl_1c072892,ac_a4b661c7
rl_3e6b4b97,ac_5acfe210
rl_17b30587,ac_49e8bafa
rl_47f79a3f,ac_809c5fa4
rl_0c175259,ac_d387356d
rl_2efb8ac1,ac_30dfa95d
rl_c88b1c08,ac_00c30f23
rl_cf976be0,ac_9f02ef7c
rl_31224112,ac_e0d7d375
rl_5d50cf79,ac_84921ac3
rl_43a24ee1,ac_1b09fc38
rl_e228e781,ac_f53e2d56
rl_7f052c6b,ac_b94b6f82
rl_e74cbbcf,ac_af353f45
rl_1299c16f,ac_82afe5c0
rl_615146b1,ac_c04f8efa
rl_8c1e5ba2,ac_211838d7
rl_910c1d1c,ac_d58784c3
rl_0a59acd6,ac_7d55bac3
rl_a9317475,ac_d80d38ef
rl_73472424,ac_f1ee3e67
rl_3c707c8f,ac_7e99a886
rl_da48a6f3,ac_6580721c
rl_7824e607,ac_211838d7
rl_6aee4ba9,ac_2b514577
rl_936af2dd,ac_1d88a442
rl_eb46fcf1,ac_211838d7
rl_810f4628,ac_bf381d02
rl_47764460,ac_0200c542
rl_e550e575,ac_37f2b515
rl_cc083c46,ac_211838d7
rl_a5364eb0,ac_b9778e45
rl_904c67c0,ac_3ad73bb7
rl_ccd3f5a9,ac_b49a3900
rl_dc195828,ac_b3cdc238
rl_9b9595f2,ac_eaa1cc1d
rl_ca3e044b,ac_17d5fbc6
rl_ba3bfcfa,ac_211838d7
rl_9f196444,ac_3268d14e
rl_80615d6f,ac_aa61f4ad
rl_c043b0a5,ac_a6c1d2f3
rl_384a0339,ac_c929a1e1
rl_a77ef925,ac_4539af62
rl_b0d2f9e2,ac_6b1ff1e7
rl_8b2cbe5f,ac_d1100a4f
rl_5518b6d6,ac_211838d7
rl_89e36482,ac_a48f8857
rl_c9bbc323,ac_428e4ea2
rl_31323939,ac_bfac4eb3
rl_559ea036,ac_ea619396
rl_d98f8094,ac_73f41315
rl_04c762b3,ac_2f172dcd
rl_d35717fd,ac_a4b661c7
rl_b7b3cb85,ac_fd3fa30f
rl_15418df1,ac_baba92dd
rl_fb9d4783,ac_e0b969f4
rl_0d16f53d,ac_211838d7
rl_db106b28,ac_0b0f5d07
rl_8f04cb54,ac_38cf6c6a
rl_1fe14e11,ac_211838d7
rl_6a902ef6,ac_7c3a4db2
rl_929d756c,ac_63a97276
rl_dd587c9c,ac_731e3ef9
rl_65d5fd7d,ac_59082426
rl_d544f1da,ac_211838d7
rl_066037fb,ac_069ba86d
rl_6b9b0875,ac_337df0df
rl_da353891,ac_0d34f9fb
rl_ba3e5976,ac_42f831fa
rl_a1e9b6a8,ac_42f831fa
rl_f3a1b0d4,ac_86f2594e
rl_01d1a7d8,ac_2dfb1f46
rl_a0f186f9,ac_0530f3d9
rl_a63d0ab1,ac_8dc8d56d
rl_092f6489,ac_211838d7
rl_3eee5e68,ac_a2d2e58c
rl_dd7f984f,ac_211838d7
rl_0516aa9b,ac_b7e5b078
rl_9cb4a1ba,ac_476b2f18
rl_0ee18eb9,ac_0106035a
rl_140910e8,ac_50c0d2a8
rl_d77c1403,ac_bf9323e3
rl_53d9dc41,ac_211838d7
rl_08231edc,ac_211838d7
rl_37071384,ac_0b61cb5d
rl_6a65943d,ac_2cdb02ae
rl_678ebb5b,ac_070f1e11
rl_b075d1cc,ac_b87eb951
rl_b90f59a6,ac_211838d7
rl_3e39a414,ac_c3f10b13
rl_05979359,ac_211838d7
rl_8b5b261b,ac_10afe79e
rl_45265ff3,ac_f7a4f09e
rl_7bb972a8,ac_ad504ca3
rl_7aaa72b9,ac_2e106bc5
rl_6ce74f4d,ac_eb728449
rl_42bbdc92,ac_ad120977
rl_753e9d9a,ac_211838d7
rl_0e21c321,ac_e2efc10c
rl_60e85136,ac_6f3bfe7f
rl_2edb0436,ac_14dc0620
rl_ac9319b8,ac_7253b846
rl_758bcaf1,ac_71b291c3
rl_63757082,ac_03fa4d76
rl_912442ab,ac_b92f1ec9
rl_b14526ef,ac_fe0438e8
rl_5094b6e0,ac_2f29d1f5
rl_b32e850f,ac_955863b9
rl_3e97a12d,ac_fa6c185d
rl_9ab963ca,ac_73ab0282
rl_a4491a7f,ac_c5d0b50a
rl_cb373a9c,ac_211838d7
rl_d04cddad,ac_52a1ee62
rl_062236a2,ac_693abde6
rl_3f668c17,ac_9abf4885
rl_e72dd501,ac_211838d7
rl_f5498187,ac_796a980d
rl_9f89e945,ac_796a980d
rl_26809277,ac_af0fdf45
rl_f9586c61,ac_e9062d4f
rl_72246c9c,ac_a9f0b810
rl_a7e1ab67,ac_08307252
rl_90e2dce9,ac_211838d7
rl_e08fae37,ac_7d42853b
rl_c94688a6,ac_891d804e
rl_64dabae5,ac_8ed22387
rl_12b4cc53,ac_eac8b762
rl_fa66d242,ac_47422598
rl_115b6ad8,ac_20e0feb2
rl_73965a4e,ac_b99b3784
rl_8379407a,ac_80d8d902
rl_f587a10a,ac_3378cbdc
rl_c35b9883,ac_a71e2b17
rl_4024b64e,ac_fd9f4244
rl_42c22352,ac_fd9f4244
rl_438bb219,ac_b4604d54
rl_a1bb2ab2,ac_6edc7876
rl_585b9046,ac_a95d386e
rl_506c0509,ac_145b6eb4
rl_c27ae527,ac_395ff6a3
rl_56f878e8,ac_260f2ab7
rl_175a4973,ac_56101f5f
rl_a80d0551,ac_69a7aad3
rl_32476e9a,ac_4f2f1925
rl_7f4b5bbd,ac_32f4e2cb
rl_24d85971,ac_66e72292
rl_ba5e59b3,ac_9024325b
rl_3cf63248,ac_348108e8
rl_18d7c024,ac_656d8253
rl_ebfc5234,ac_656d8253
rl_4de6cf83,ac_6b7d71b6
rl_6dee9ea9,ac_d5082cbf
rl_b1a0360d,ac_82295188
rl_94bbd237,ac_211838d7
rl_bbc4f7f5,ac_31f9b8d6
rl_7665beb1,ac_5365a021
rl_c1f99404,ac_f8cf2b16
rl_43c39220,ac_e9777d4e
rl_868eef17,ac_211838d7
rl_190e7bc2,ac_c940f9fc
rl_fc7e92c7,ac_211838d7
rl_5cdea458,ac_361dd651
rl_aaddd2ac,ac_775d9956
rl_5f4749a6,ac_c71603e9
rl_ef0907c0,ac_de57effa
rl_1353e1e8,ac_f8fbcbc3
rl_3b1c5a34,ac_2c8096d7
rl_bb412e23,ac_2c8096d7
rl_86cf2e6e,ac_4a977bae
rl_34208009,ac_211838d7
rl_4f0ab114,ac_4a2a12c5
rl_69957ddf,ac_91e34d38
rl_74d1b5c3,ac_891d804e
rl_c2e10864,ac_211838d7
rl_4369ae8e,ac_211838d7
rl_3802e9d7,ac_3deaea1c
rl_59e2a7f7,ac_a1be8f74
rl_3b30f99a,ac_0dedb26b
rl_c9c8c46c,ac_b386c68d
rl_a8991006,ac_bc8dc4dc
rl_7a738b6d,ac_771b9c4a
rl_d8b85465,ac_5110d5f9
rl_9d4a1dfb,ac_1394fbd7
rl_27bbad5b,ac_c46bf326
rl_7dd9f30e,ac_ba69164c
rl_74c7cbab,ac_269a3f79
rl_9532ebe6,ac_45a41064
rl_c6af3705,ac_45a41064
rl_f20f98bf,ac_a576e62e
rl_02bb99c1,ac_809c5fa4
rl_af662be0,ac_211838d7
rl_7f71374e,ac_211838d7
rl_737dbef6,ac_86941760
rl_d82c6c40,ac_9ecefe36
rl_55aad83a,ac_8dbf8050
rl_aabcb049,ac_76cadcf1
rl_d5dae905,ac_dd2ddccf
rl_7c45358a,ac_e5b95861
rl_c68dab0c,ac_e5b95861
rl_beb2fa25,ac_77db617b
rl_613cd24f,ac_27b41e4c
rl_0ae67019,ac_c748d6f3
rl_de7e5b65,ac_c748d6f3
rl_7ff4eccf,ac_211838d7
rl_f6e99f03,ac_211838d7
rl_c7897823,ac_abc14d4e
rl_aa519ae8,ac_211838d7
rl_d9fdb8fa,ac_2563a785
rl_22f444a6,ac_e1c606ce
rl_595e66d1,ac_d7616a55
rl_e948f207,ac_428d41e3
rl_7a8111a5,ac_84b839c7
rl_256fd65a,ac_0bda2ac1
rl_a03eb0d1,ac_6975e192
rl_1ce37004,ac_87a8649b
rl_c8c4e97d,ac_4529390e
rl_81260248,ac_cab1e65f
rl_02bf13f3,ac_d65c057f
rl_4636a894,ac_6bbef381
rl_67313510,ac_05ae4b0f
rl_0fd9abdc,ac_bc5ce9cb
rl_b06d0e30,ac_211838d7
rl_f94fefcd,ac_211838d7
rl_2fec6e28,ac_1e61961b
rl_5194bb90,ac_1e91280e
rl_75174444,ac_a1239da7
rl_abdcf52f,ac_c30c8228
rl_16d08a20,ac_dfde626a
rl_8cc16b18,ac_211838d7
rl_01682f05,ac_380bdfbd
rl_f99e8f03,ac_41f83f52
rl_56e47339,ac_3954cdcf
rl_fa9744e5,ac_bd2b0f4d
rl_4ec04448,ac_716bc85e
rl_97a85a54,ac_d498b7e6
rl_d94b4842,ac_9b8d6ffb
rl_cdf73a43,ac_211838d7
rl_6c60204a,ac_c3bc297b
rl_f75f1145,ac_c7360bab
rl_d2e4b748,ac_987443a2
rl_910641a7,ac_0e00f0c2
rl_2295c0ba,ac_cd29ab66
rl_6d833050,ac_db65334d
rl_f87b99be,ac_d04753e5
rl_e3c3ff88,ac_0983aecf
rl_abceb256,ac_f344140e
rl_ab3ce541,ac_e29f2513
rl_50680505,ac_8495f13a
rl_a1fcad72,ac_fd5697dd
rl_f6cfd968,ac_211838d7
rl_72cc3764,ac_30eb6cb3
rl_fe05f4e9,ac_a75b6e86
rl_954e6447,ac_060488e9
rl_1b871c69,ac_211838d7
rl_2305550e,ac_0fdd57e7
rl_0ae10130,ac_a2d2e58c
rl_0659740b,ac_ffc5940f
rl_e28deee2,ac_573ca5eb
rl_71f13d49,ac_6c5f3aa7
rl_ef2bedbf,ac_211838d7
rl_b6b28722,ac_f46ddff5
rl_78e94f05,ac_3cb6d38c
rl_eb17c720,ac_8ab836d3
rl_3ff4773a,ac_ddf9c80c
rl_9f50cc6d,ac_3da1c09f
rl_7194765d,ac_03143d3a
rl_b290d7f8,ac_211838d7
rl_2947f3cb,ac_211838d7
rl_9acaccb1,ac_0315976e
rl_ce210461,ac_3d3c21c8
rl_a40f3a63,ac_77b19bab
rl_dba2c5c4,ac_e9f77418
rl_51a5ed6f,ac_f6244197
rl_ce29dc92,ac_77f6e3d0
rl_1e86c35a,ac_4c0b26c0
rl_365f6a6c,ac_211838d7
rl_88cbe507,ac_cf72bf6f
rl_99f7e380,ac_695c4b5d
rl_2046137c,ac_65965dcf
rl_059fb5fc,ac_211838d7
rl_c6b7f98b,ac_8dbf8050
rl_54a1516a,ac_de68c1ef
rl_55491cbe,ac_d949a113
rl_807892f1,ac_bf19dd2f
rl_def948e6,ac_c14586f4
rl_c39f2222,ac_c68f27b4
rl_bdc40ce2,ac_68f8b703
rl_af59034f,ac_3688f70a
rl_7d1f582c,ac_6c075716
rl_df1beb26,ac_b9e9403c
rl_5a462a54,ac_211838d7
rl_5dbc76a0,ac_d31c31cc
rl_dac60cc3,ac_c3f10b13
rl_4471a0f8,ac_5c1636f0
rl_ba0e95a5,ac_1a6b43e6
rl_e84e0596,ac_211838d7
rl_ecd66c54,ac_849b47ae
rl_89061a0d,ac_d103b658
rl_f0e41433,ac_e90e904c
rl_e62e4ee9,ac_211838d7
rl_abd204a4,ac_211838d7
rl_1ed12447,ac_0e7361aa
rl_f8f324d7,ac_d55fe2f4
rl_fd059317,ac_2ba611b6
rl_71cf72eb,ac_afdd49ba
rl_29b52244,ac_2f769089
rl_424eb0a7,ac_a7046cdd
rl_ce327b20,ac_211838d7
rl_34860588,ac_211838d7
rl_d84c5201,ac_211838d7
rl_d651039b,ac_d3368198
rl_02f2574a,ac_d3368198
rl_6d00186a,ac_058828cc
rl_902f843a,ac_d09b61ca
rl_e701f4d0,ac_211838d7
rl_71632676,ac_4e43dfa8
rl_92405174,ac_9f440b62
rl_4c9a4819,ac_af082ff3
rl_cb1c32e8,ac_5a4a58c5
rl_1ada65e9,ac_3d3f602b
rl_87be152e,ac_2a8165d6
rl_9624dea8,ac_77e8fc13
rl_808a06c6,ac_64a1aa33
rl_bc75a076,ac_48d6b5c0
rl_ba1023cd,ac_e37c310b
rl_1cb1f63a,ac_211838d7
rl_e0da0b8f,ac_28011c79
rl_3cb4db8f,ac_94ad0c56
rl_c32a44ec,ac_949a9d58
rl_2f962f44,ac_ea449574
rl_b7cd6100,ac_345615cb
rl_604cba95,ac_c3c98c7d
rl_01f0ceb2,ac_07d1f8e4
rl_637b69c8,ac_f91ed367
rl_fdd43dc8,ac_38b0c486
rl_1ce6581b,ac_f3a45659
rl_278fe403,ac_08ba79c5
rl_21a1cd87,ac_2ae1fe58
rl_b8d25de7,ac_572a5d10
rl_c3128dec,ac_60ee9dea
rl_8333fe46,ac_20896873
rl_9e5cbcd6,ac_50fc4e08
rl_8d150795,ac_4857d183
rl_de8cee2b,ac_0e11de4d
rl_a18b4fce,ac_ace1a715
rl_afde0e17,ac_953a3dcd
rl_92061e22,ac_918e893b
rl_5eda989b,ac_19611d27
rl_74f27641,ac_9efd9eb6
rl_737cda63,ac_ad8a73ef
rl_477afa5b,ac_49c6d2bd
rl_317cc64c,ac_3ed57db4
rl_8a873418,ac_0d4cbed9
rl_40485526,ac_211838d7
rl_127279ca,ac_98e19568
rl_35d8d6ca,ac_8eec2310
rl_3a330808,ac_211838d7
rl_6fd738af,ac_8d565282
rl_1bdf8ed4,ac_9c8baf02
rl_3ab407c0,ac_5f82564f
rl_2c953aa0,ac_d5b1f56a
rl_3d787d4e,ac_3503eb9a
rl_8fb944ea,ac_612eb206
rl_f4577180,ac_60268d1b
rl_64e246dc,ac_2f172dcd
rl_c676e20c,ac_211838d7
rl_5560bc90,ac_f49a35a3
rl_d44fa747,ac_25aa279d
rl_aa8428a5,ac_22751677
rl_f12d87f2,ac_9baddbb3
rl_8313802d,ac_6f3a62cf
rl_aef36818,ac_1a6334d1
rl_5fc2d293,ac_f6244197
rl_987ba742,ac_4482205e
rl_b764569e,ac_4085815c
rl_697396e1,ac_5def2168
rl_dceaedc2,ac_76cec6a6
rl_a52ed3d6,ac_1abd9a6c
rl_23e1c08a,ac_cdb45477
rl_aa87e23e,ac_e44890cd
rl_b73f3bb1,ac_211838d7
rl_e447a1c7,ac_211838d7
rl_78396b7d,ac_3b874446
rl_a235c18b,ac_211838d7
rl_ef122c0b,ac_22f36680
rl_72a1b818,ac_6a7f353d
rl_56d5ca38,ac_c0cbbfcf
rl_0554646f,ac_21e5c5b9
rl_1dda8da6,ac_211838d7
rl_32492095,ac_22f36680
rl_d12a9119,ac_8d035d08
rl_8955956f,ac_211838d7
rl_4136cd58,ac_fa8a24b4
rl_733242dc,ac_211838d7
rl_b5c0c8ca,ac_ac61d72a
rl_e60ed141,ac_614d97c9
rl_c70667a9,ac_ffa2f30e
rl_969e85a0,ac_25e1de2b
rl_66a3d336,ac_b690a304
rl_19b5ece1,ac_c12fa5b5
rl_c7bba149,ac_211838d7
rl_5dbbd6c1,ac_0bcdf9e0
rl_8ac725b7,ac_6dbdfce5
rl_0d931701,ac_a19ec317
rl_880a1562,ac_211838d7
rl_8ef7879d,ac_211838d7
rl_db817d9d,ac_f1e9459d
rl_4bd1973b,ac_1056db5b
rl_cae93807,ac_8db76bf3
rl_6f7b5bae,ac_211838d7
rl_3bdc332e,ac_daa3862f
rl_f670f28d,ac_211838d7
rl_84c26969,ac_7bad993e
rl_c654e80d,ac_9bc01c79
rl_392b6d76,ac_3ef184f3
rl_3bd5db66,ac_e98fb9ec
rl_476fb566,ac_b3ae52cc
rl_9b0a84f1,ac_211838d7
rl_78e8e611,ac_6f178a05
rl_fed53426,ac_3923414e
rl_8e3b4f0d,ac_391ec8da
rl_24f7b661,ac_31982b9a
rl_764ab298,ac_681a0681
rl_5df68013,ac_1dd84d0b
rl_9584fdcb,ac_81507192
rl_e9b57cec,ac_81507192
rl_1b88e6f4,ac_476b2f18
rl_37728e10,ac_211838d7
rl_4c6025e4,ac_22c89941
rl_57103250,ac_d56a8a69
rl_ad311ff2,ac_211838d7
rl_c7299fe4,ac_a476c500
rl_587d85fd,ac_ce643fc8
rl_c9e7f03c,ac_dbf33fb7
rl_a2ff8896,ac_a43b836b
rl_f165b8a2,ac_a877a364
rl_073efd12,ac_a877a364
rl_5952e929,ac_1d1f0ffc
rl_cf974a32,ac_bbbd008d
rl_beb48e0d,ac_f51870f1
rl_a38f766c,ac_edbdef3e
rl_39a00777,ac_1bfc6c1d
rl_3d373e31,ac_f74b5b4c
rl_4bd8593f,ac_6f186770
rl_ed27c42c,ac_211838d7
rl_7353678b,ac_054beddc
rl_9940a467,ac_1fbd362d
rl_2ec5f05c,ac_9b0b07be
rl_5a01aa01,ac_86c91d20
rl_e54cfc1f,ac_d9b11411
rl_d1dd7d7b,ac_10c2585d
rl_28482bf2,ac_d5cba984
rl_bfb6531f,ac_1623c7e6
rl_1fb43791,ac_be604cb1
rl_a89f0043,ac_28a0f4d8
rl_ff87662b,ac_f84ab6fa
rl_489529c0,ac_28b6f152
rl_58ce9c46,ac_28b6f152
rl_357ed662,ac_211838d7
rl_f0fe6a24,ac_bc944f62
rl_30eeeb9c,ac_eed41f96
rl_628d6925,ac_78152ea1
rl_d4e859c7,ac_0fcb7ec5
rl_9cd7de9d,ac_de7869ee
rl_3f3bc415,ac_c7a2bc21
rl_1a610b97,ac_1bfc6c1d
rl_ad2588e9,ac_a7b93876
rl_01382a19,ac_ab78581b
rl_99a146c6,ac_211838d7
rl_37671260,ac_07a399d3
rl_709da372,ac_a08f0ccb
rl_0b034424,ac_66abea77
rl_5d6a2af7,ac_e0d187cf
rl_dd717dfd,ac_6045130e
rl_d5ba90c3,ac_b0daca61
rl_bc8a52e6,ac_b234f4be
rl_a1f88180,ac_6f4e622d
rl_afc9e60b,ac_c9ee8711
rl_421908d8,ac_3b53ffa7
rl_1e48abff,ac_3d37e9db
rl_fb88daab,ac_a8b5e2f5
rl_b4110c5c,ac_0636cc7d
rl_777a9d73,ac_a826673f
rl_1c202e51,ac_72cbdeb6
rl_a3e8b8c2,ac_fd5a3392
rl_869e592c,ac_8cc45c01
rl_851ee5a2,ac_13896119
rl_28e7f331,ac_1f2b14e3
rl_2c81dd7f,ac_7173194f
rl_4f5f0482,ac_927bf84c
rl_b9e14dac,ac_f5dc8c17
rl_2872cae2,ac_95ceaf9c
rl_abb1c5d3,ac_c6769664
rl_e07977f2,ac_6783c753
rl_a3cbb14d,ac_960b6a50
rl_888bf72f,ac_2319b0ba
rl_4015e59f,ac_f2174b9b
rl_de239585,ac_25505be7
rl_4ec61906,ac_719f6dfe
rl_a65f8ec0,ac_c940f9fc
rl_2999d228,ac_ffa2f30e
rl_2afae3ef,ac_346b6c0e
rl_24191f2d,ac_91dd8a33
rl_b76544cb,ac_92b951f7
rl_24ff422e,ac_b18e890f
rl_2efd4711,ac_b18e890f
rl_dbbdc1b6,ac_a3c1b6a2
rl_f1259b1d,ac_9410eada
rl_10e2e818,ac_938dff92
rl_d27957a9,ac_208275db
rl_885fac96,ac_7a9fece2
rl_a2afc17f,ac_634cf469
rl_af1401ed,ac_c41e987f
rl_6b4d37a8,ac_032dacc9
rl_e2cd8f8d,ac_211838d7
rl_072563e2,ac_c21cec43
rl_a54629d7,ac_51d1d35d
rl_df79d5fe,ac_211838d7
rl_ed697bde,ac_65cbeaa5
rl_e953f515,ac_42170aaf
rl_08e37447,ac_f3dfafda
rl_95f01020,ac_c12fa5b5
rl_5f1afdf5,ac_4d64b734
rl_8d203271,ac_ee3d27f3
rl_977b38ad,ac_16729f10
rl_c9772b91,ac_211838d7
rl_e277d716,ac_634cf469
rl_ab1155ce,ac_87402cdf
rl_8b076d89,ac_09937e53
rl_84934e97,ac_0bda2ac1
rl_80076451,ac_51d9ab60
rl_bfb0720e,ac_211838d7
rl_d75fa299,ac_ae6bdea4
rl_ea586d71,ac_41b80cb9
rl_d9ba9110,ac_0ee45225
rl_697ca9c1,ac_211838d7
rl_8725955c,ac_9693cac8
rl_857d6c6a,ac_f297fca1
rl_125accf6,ac_6673f556
rl_c982731e,ac_211838d7
rl_618ac732,ac_2072ba72
rl_9e36b713,ac_c821d938
rl_521ff170,ac_e8fe3c02
rl_4df74962,ac_7537da25
rl_62c1b4e4,ac_521e7fa2
rl_1d991ff6,ac_211838d7
rl_7a52d0d7,ac_cc5a1644
rl_10f62fab,ac_e5e7879b
rl_0f10ed07,ac_4b13a602
rl_24d0f612,ac_0c6e7edf
rl_c9041e1c,ac_211838d7
rl_2d5e4434,ac_af62939a
rl_401147a8,ac_211838d7
rl_5de3ba53,ac_1e4d4910
rl_d66a845d,ac_17655f4a
rl_d6115996,ac_ed9a5335
rl_445676f5,ac_ff56cf02
rl_7644a1d4,ac_4028fe7c
rl_a8aa9b3d,ac_3cb6d38c
rl_c2b2779d,ac_f5d83841
rl_bec158cb,ac_02a77dd7
rl_24089ef8,ac_c096c4c3
rl_878db9cd,ac_b1b90c6c
rl_50a27c06,ac_211838d7
rl_83479c0a,ac_211838d7
rl_4f9b3dde,ac_105b4021
rl_a1c5e222,ac_2490d425
rl_5461f68a,ac_211838d7
rl_1596af19,ac_6354a79a
rl_102b4322,ac_293beff7
rl_f2285395,ac_18bb6371
rl_0ec280ab,ac_7902973c
rl_cc716534,ac_23cb27eb
rl_7c62a1eb,ac_c531cf85
rl_4a97b289,ac_211838d7
rl_8535e82e,ac_47581185
rl_b381c286,ac_1368cd42
rl_efc1258c,ac_22122b84
rl_aa0adaff,ac_e21a0158
rl_1aa43652,ac_4b308b94
rl_ec1806ec,ac_85b09eff
rl_375bfa15,ac_6a879857
rl_c0d49e52,ac_3faf2532
rl_42eb43f9,ac_ad120977
rl_c5239a95,ac_7ca0d552
rl_27dba276,ac_9ec270ae
rl_b620d8bf,ac_5541c0ba
rl_5a6927cc,ac_6c8b94f3
rl_38411775,ac_76b7e780
rl_d0ff992c,ac_8f45deff
rl_72857503,ac_c8775e53
rl_5a89f039,ac_5112e020
rl_f382ef39,ac_74815683
rl_fdd554c6,ac_499c8ba9
rl_1d54d68d,ac_ca339c1f
rl_3e3ce473,ac_b717bdfc
rl_c8af1456,ac_8dbf8050
rl_3cad2d48,ac_211838d7
rl_39ccc029,ac_0a31e847
rl_15fcbb38,ac_4514a41a
rl_554bac9c,ac_8f0484f5
rl_515a848e,ac_211838d7
rl_18b2cc90,ac_211838d7
rl_6573c029,ac_bc9c4f6b
rl_0cae4ee5,ac_6237fcaa
rl_5ee1a517,ac_834b6a45
rl_2f405655,ac_2280b4cb
rl_26ff4c96,ac_740c2b5c
rl_d89e5cf1,ac_211838d7
rl_f2cc849a,ac_6e49a80c
rl_49177bd6,ac_fd5a3392
rl_05becdcc,ac_51e2ac0e
rl_bac4c151,ac_5109b5b9
rl_07232dd9,ac_8f45deff
rl_3d057edf,ac_aa6205c9
rl_b44b2861,ac_279a2daf
rl_ba79d12f,ac_7fc3252f
rl_6af8736e,ac_d1fa25e1
rl_95399fad,ac_47d38b90
rl_258ace21,ac_63a97276
rl_45c577ca,ac_c4e88b98
rl_2be0dc11,ac_070f1e11
rl_aea6c553,ac_76f44c21
rl_e579ce0c,ac_5b181f81
rl_2b110ed0,ac_211838d7
rl_45fb092a,ac_85aecd46
rl_2d2921f0,ac_679f368c
rl_7d82d4ab,ac_a5215f5c
rl_b3d6276f,ac_a5215f5c
rl_51eaa4f4,ac_574585d4
rl_4d82542e,ac_9f440b62
rl_45d390a6,ac_ac5564d4
rl_5f2c8396,ac_69f7d1ac
rl_e42da307,ac_e6c9a163
rl_0787ab77,ac_e6c9a163
rl_75523405,ac_172ec4e8
rl_68850abb,ac_e007c775
rl_337634d5,ac_5d41b40f
rl_75fedeca,ac_65c11b36
rl_02166146,ac_211838d7
rl_ee3929dd,ac_a2b6960d
rl_1e9bd3b4,ac_195674ff
rl_02bd87d9,ac_ba6f676d
rl_4e8b7bc6,ac_a604a1fb
rl_b1917edb,ac_98c0f12e
rl_0b70b00a,ac_5f83c30f
rl_2a039c1a,ac_3ebba9c5
rl_941ffd00,ac_a3ce3cd4
rl_a0985c50,ac_1bfc6c1d
rl_02248a3f,ac_a5fbea6f
rl_b8587adb,ac_3c872636
rl_8246d801,ac_992ece0f
rl_05e4ebe8,ac_e7bd70bb
rl_3ae20fab,ac_211838d7
rl_c8210bc1,ac_92f936ba
rl_de462ed2,ac_0106035a
rl_edc77626,ac_6a879857
rl_84bc41a5,ac_5268cb38
rl_90cc22ab,ac_a0cf4b98
rl_c4801a44,ac_6a81fdac
rl_8650da78,ac_053ba589
rl_79a3d702,ac_50eaf436
rl_c48c7f71,ac_db2fe0aa
rl_2457f885,ac_e7bd70bb
rl_51e31c76,ac_07a6f1e8
rl_0bd0b034,ac_e1db5813
rl_f8933f58,ac_721e3eb2
rl_2b9c1377,ac_721e3eb2
rl_453efeb0,ac_01a9cbff
rl_874f15d8,ac_2ab8766e
rl_4bea6083,ac_6a7f353d
rl_449f3f0b,ac_9125889e
rl_27c12acf,ac_7a45df76
rl_eeb730a7,ac_dd77292b
rl_3151bac3,ac_6a39b692
rl_daa77526,ac_ffc5940f
rl_7a814bd0,ac_61cced09
rl_fa7a94de,ac_4e4145e6
rl_52157d8e,ac_b3e65ece
rl_54ae5597,ac_4bab2f7c
rl_8ebbe6fa,ac_bd2b0f4d
rl_b84dc03c,ac_60e04d73
rl_cdcd038a,ac_211838d7
rl_9316890b,ac_211838d7
rl_d26c28cf,ac_5f8eb3ec
rl_1519f868,ac_fa9fc694
rl_0334bddc,ac_4394c84d
rl_9f9e0463,ac_321de8f5
rl_334891e6,ac_ee227dca
rl_23de4cf2,ac_211838d7
rl_dde77fb1,ac_41876c42
rl_043646cc,ac_9991754f
rl_2c20da3c,ac_b02d5538
rl_bd9eccdf,ac_18411251
rl_eae73c69,ac_e371d458
rl_58f011a6,ac_24a19ccb
rl_0bfae529,ac_8a27f81c
rl_3445ec29,ac_7d55bac3
rl_564e108e,ac_c6cc05b1
rl_868c071d,ac_9aa3f20d
rl_a2cd6489,ac_c740a73c
rl_bb62d735,ac_999c86c9
rl_88946c6a,ac_775d9956
rl_55f28b4e,ac_211838d7
rl_cccade05,ac_baba92dd
rl_7a1937af,ac_a53f500d
rl_a52ef1db,ac_211838d7
rl_ff309422,ac_c9e49855
rl_8d30772a,ac_211838d7
rl_4388f061,ac_7b1786fb
rl_741a566d,ac_211838d7
rl_ba08b629,ac_5d425d65
rl_190db7ce,ac_619a2a46
rl_61a27f41,ac_e2615033
rl_1a744be3,ac_483bbdd8
rl_967f2204,ac_a72e48c5
rl_7480ec72,ac_4a37a43d
rl_c4d72431,ac_070f1e11
rl_f0c8ffb1,ac_66283007
rl_7bf41fdd,ac_211838d7
rl_46857b46,ac_4fc142ef
rl_89b2b28c,ac_abc62c15
rl_03c20711,ac_3dcaa2d8
rl_f7251068,ac_2cfff270
rl_8072e9ae,ac_2dfb1f46
rl_75b7961e,ac_a30354a1
rl_134701f2,ac_ac398cd6
rl_43ce5e19,ac_211838d7
rl_316a2a14,ac_0530f3d9
rl_097f295d,ac_2f3c1c66
rl_0c629739,ac_211838d7
rl_4814f7c4,ac_35b957b7
rl_0a63e31b,ac_4decf384
rl_016f1812,ac_49ec85a7
rl_bb16e276,ac_31cf4fa6
rl_1053a5c9,ac_9ce6b72c
rl_bf501f60,ac_f447463a
rl_599441c1,ac_9b63b1a4
rl_293d3e92,ac_683a5cf2
rl_f178cf6b,ac_e54d2aef
rl_2e49c283,ac_fa8fdc0a
rl_b1d3dd2e,ac_fa8fdc0a
rl_4ad52964,ac_211838d7
rl_ca420552,ac_fa8fdc0a
rl_90f82ccf,ac_2fb27850
rl_41187b0d,ac_050e384f
rl_acc4339d,ac_211838d7
rl_a5f2fdea,ac_cb2f03d6
rl_afea1f4c,ac_e2efc10c
rl_adffe944,ac_9a823925
rl_e23e9b5e,ac_54885b4d
rl_d9ee0e44,ac_4e4145e6
rl_9dcdcbfa,ac_3ef35304
rl_3dce7f3d,ac_b078c5f2
rl_dfb2fec9,ac_a5a5a6a0
rl_997e049c,ac_6075abb3
rl_810946da,ac_2280b4cb
rl_fc60eeaf,ac_200c2b3d
rl_9fd96966,ac_211838d7
rl_019440a8,ac_211838d7
rl_889c6b09,ac_211838d7
rl_ec933d6b,ac_d61b1573
rl_98a4d492,ac_acd90470
rl_28db6289,ac_eb9a3fad
rl_8b83916c,ac_7f1ba363
rl_c2517b9a,ac_0cc2ed71
rl_83b14f73,ac_78c51b82
rl_01df6333,ac_ae5624fc
rl_29849235,ac_211838d7
rl_b65587aa,ac_fce4e518
rl_319e7ea6,ac_211838d7
rl_7ffe10dd,ac_211838d7
rl_c6e6a0e3,ac_9b63b1a4
rl_d641c515,ac_6243e5a4
rl_0fd852f5,ac_59b25ecc
rl_893de0d8,ac_7997baa8
rl_283f62e6,ac_04a6ee25
rl_5ee6df3a,ac_211838d7
rl_717cbb07,ac_775d9956
rl_d5eb58a7,ac_42c1a473
rl_fd0f4238,ac_ab2d666d
rl_fd17fed5,ac_62d2c5f8
rl_e8820e04,ac_3b10918d
rl_56a3d853,ac_8d832dcf
rl_10f195bb,ac_33993818
rl_3c2547a4,ac_ff54a8d6
rl_345303a4,ac_c62629a1
rl_0f6f8d96,ac_dac43649
rl_59cfbc83,ac_3ca91045
rl_60581b10,ac_5906062b
rl_201cd636,ac_7e9dff34
rl_788553dd,ac_211838d7
rl_94fdb2e1,ac_e96714ee
rl_f65afaaa,ac_ba35c1ab
rl_818628c7,ac_4f69eafc
rl_0b9bdd9e,ac_973aef29
rl_ec015581,ac_10dc5937
rl_8e59d74c,ac_0b366788
rl_fad1e119,ac_791e6c83
rl_68ef6f97,ac_9b62bf89
rl_2bb6e158,ac_9c437c6f
rl_3ee75381,ac_bd9e4bbe
rl_9c9621ac,ac_4a719293
rl_9a5dde7f,ac_a8115cdb
rl_e8e878f1,ac_bbc1d1a0
rl_1b4ca0da,ac_814d4827
rl_2a7646ff,ac_96b4efff
rl_aa3fe214,ac_74cfb51e
rl_a0b4cd41,ac_cab1ad35
rl_7a443cf2,ac_211838d7
rl_e9b86277,ac_c501eb57
rl_cd3b3bca,ac_211838d7
rl_3c5d5761,ac_6b0bd3c2
rl_ee6cefc1,ac_b85ea4eb
rl_1b8aa89e,ac_92e43e48
rl_21fb663b,ac_fa6c185d
rl_863a05ab,ac_ffb254b1
rl_02d23b7f,ac_df31eab4
rl_5d87492b,ac_e371d458
rl_b2dcf843,ac_cb159c95
rl_0adaa341,ac_ee464556
rl_9a371e6c,ac_211838d7
rl_d1cd4d15,ac_d7416265
rl_7485bc49,ac_a13f10ea
rl_2fe8dd6d,ac_211838d7
rl_16f793ff,ac_48c17ffa
rl_09ee5f04,ac_3417cd41
rl_3bcd11d5,ac_211838d7
rl_fb175343,ac_211838d7
rl_09cb68a0,ac_b507252b
rl_8b94b538,ac_85799360
rl_2a3f08e6,ac_00040ede
rl_4548fa57,ac_a9fd6153
rl_0fb5029f,ac_b48101cb
rl_3e9c75ea,ac_87402cdf
rl_c4a5b7d4,ac_f17211a9
rl_c020731e,ac_91f548a6
rl_f0adaa91,ac_211838d7
rl_c8f5e40f,ac_211838d7
rl_ca554121,ac_b1f5606e
rl_fb5217d5,ac_80d8d902
rl_3977a28c,ac_a49a7325
rl_cb678272,ac_f597542b
rl_c7bb5f58,ac_740c2b5c
rl_39197104,ac_cf30c07d
rl_bca6f6fb,ac_260f2ab7
rl_2a4e86a3,ac_6cb29a5b
rl_fd2d08e6,ac_1c51d687
rl_e04a7c89,ac_df9bfb06
rl_96f45a5b,ac_c81f7a95
rl_fdab868b,ac_eb1ed17a
rl_b4c8e177,ac_9e5e2813
rl_a1b70521,ac_12ac0bfd
rl_66449c6a,ac_211838d7
rl_1450dbb7,ac_6b5ed757
rl_88837a53,ac_52af36e2
rl_f98943ae,ac_211838d7
rl_e293213a,ac_610f13f8
rl_52a4d72b,ac_22f36680
rl_e1e8a404,ac_a8b5e2f5
rl_bdbc2b01,ac_211838d7
rl_f1f4ba16,ac_cd2f767b
rl_de67dad2,ac_8df29c59
rl_e2d18824,ac_1d20d6fb
rl_c99a1c76,ac_14dc0620
rl_a0ce426c,ac_6686e6b2
rl_5c5e144e,ac_7c722694
rl_c9736b18,ac_47422598
rl_f77c70ce,ac_84921ac3
rl_67caab66,ac_88090e38
rl_7b73a57d,ac_870df031
rl_506a39be,ac_64ea14ad
rl_921710a6,ac_f1ff7083
rl_2d9be7a2,ac_28ee9cf7
rl_5efa57d7,ac_770c4dc6
rl_6cf31dee,ac_f7a54687
rl_e225563d,ac_211838d7
rl_503e3e4e,ac_27b41e4c
rl_da928eb7,ac_ad57022a
rl_3212f5c4,ac_a7b6428d
rl_56d17bb1,ac_8d95d286
rl_c2070615,ac_7c3a4db2
rl_78fd373c,ac_13c8dbff
rl_f879054a,ac_5d71347b
rl_39995d5e,ac_7c3a4db2
rl_e3261c3f,ac_aa8ce255
rl_7e880d34,ac_09e6b929
rl_203f6b7a,ac_0348f1d8
rl_0ba2f23b,ac_4c0b26c0
rl_34cb18e8,ac_cc898822
rl_b8a9ba06,ac_870df031
rl_95dde351,ac_211838d7
rl_8e19a73d,ac_8fc3dd3d
rl_d96791b5,ac_d26df141
rl_7476cebc,ac_5acc6fde
rl_9cf06b37,ac_5acc6fde
rl_11606dac,ac_0315976e
