track,position,number,name,length,is_data_track
t_7351c65c,4,4,Silencio,165000.0,f
t_25bc6565,15,15,Locomotove,143000.0,f
t_d13ce47d,1,1,Carnival,82093.0,f
t_79decf4f,7,7,Un ángel 1lora,257000.0,f
t_b1daf753,4,4,Stringj Breath,313186.0,f
t_cef91dec,15,15,Locomot'lve,143000.0,f
t_ada376fc,3,3,Banished,188800.0,f
t_056ec702,3,3,Brinv Em Out,205547.0,f
t_0bc42d77,10,10,Farándula,122453.0,f
t_e61eca30,3,3,It Should Be Easier Now,138333.0,f
t_96bbe9b8,1,1,Intro,24000.0,f
t_bf046f3c,3,3,Leyendas de un desconocido,,f
t_b053347b,8,8,Intermission,54000.0,f
t_a666caef,18,18,Its Up to You Lizzy,160000.0,f
t_ba6c06b9,9,9,I Heard It Through tbe Grapevine,293400.0,f
t_3604daa5,8,8,Te Postman Chapter 1 Part 28,314514.0,f
t_b67fae1b,10,10,El pequeño Brooklyn,,f
t_867c9134,19,19,siience,8946.0,f
t_2261d58f,15,15,All Machines Are Quiet Andre Obin Remix,197760.0,f
t_398a4d2b,1,1,Good Sign album version,183666.0,f
t_80edd624,3,3,Su1>terrestrial,194000.0,f
t_1ab80f4c,16,16,Bookie,187600.0,f
t_67f17c4b,8,8,Thelonious Monk introduction,21000.0,f
t_f7d50ef1,8,8,Majesty,463986.0,f
t_385f6875,4,4,Hundred Feet So Inagawa remix,355000.0,f
t_c03c9bde,1,A,All You Pretty Girlz,222000.0,f
t_12374af8,1,A,All You Prerty Girls,222000.0,f
t_aa18f4b5,7,7,What Is Dub,276000.0,f
t_639fe84f,10,10,Mama Im Coming Home,286333.0,f
t_b1ea4378,11,11,Scientists Playing God,268600.0,f
t_51e724fd,19,19,I Know,224000.0,f
t_49aebc83,1,1,New York Airport original mix,537000.0,f
t_31bb6d2e,1,1,Te Meaning of Life,180733.0,f
t_7e4c4bbc,1,1,The Meaning of Lif,180733.0,f
t_bf04b958,21,21,Gone But Not Vergotten,205426.0,f
t_d1124624,5,5,Rusted Laundry,146000.0,f
t_7f3ca7d8,6,6,Ghosts of Mosman,,f
t_43a5c970,4,4,Medley CorazaArmay ChischiChanga,283200.0,f
t_0f350e3c,76,76,Primetime n alternative version,6000.0,f
t_7416f92f,2,2,Ibiil,295000.0,f
t_5b7ec3db,3,3,Lady Ocean,261307.0,f
t_e0d846b0,14,14,Suite No 2 in D minor BWV 1008 VII Gigue,185600.0,f
t_aee6117b,2,2,Hallo liebe Oma,181000.0,f
t_331f86f3,14,14,Cai no samba,211013.0,f
t_0c8b29b5,14,14,Rain Falls,,f
t_933717bd,2,2,Open Road,241000.0,f
t_6af9572f,11,11,Therapy Room,318000.0,f
t_6d402bdb,4,4,Single Single,370100.0,f
t_82bc585e,30,30,Gebet im Garten  Markus 1432  50,,f
t_afe4ca4d,7,7,Barefoot Over Nails,337000.0,f
t_e2234a83,3,3,Lost in Obscurity,756506.0,f
t_5c7951a6,7,7,Hey There,165973.0,f
t_9141ea25,9,9,Dou frougst de Oma,295600.0,f
t_f555efbc,11,11,Prolicane,211053.0,f
t_ce9342d1,12,12,The Last Inn,337000.0,f
t_845cd773,2,2,オリンピック,174066.0,f
t_94a42c9f,2,2,Ohuella langalla,230000.0,f
t_6e9969d5,5,5,Blind,346093.0,f
t_6adb4cce,12,12,Tat Evil Child,235640.0,f
t_bc51d2c1,2,2,Young Defil,225000.0,f
t_ab76c138,7,7,New World Man,264640.0,f
t_02b5a1d3,1,A,Barial,247000.0,f
t_902b3c70,12,12,Heden,300333.0,f
t_82002aff,10,10,I By Twilight,269733.0,f
t_74d1c9c9,4,4,El médico del miwdo,233466.0,f
t_57f81e52,2,2,O Jogo Não Valru,257000.0,f
t_01b544a7,7,7,Magnetic Anamoly,344613.0,f
t_5c037b75,4,4,מקימי,305693.0,f
t_ba0f6787,1,1,Ich atme ein ich atme aus,254000.0,f
t_6498af0e,24,24,Automobiles,140346.0,f
t_c6484de9,16,16,Sissi 2008,124000.0,f
t_0b3e2eee,30,30,Breezibg Along,30000.0,f
t_115ede5d,5,5,Make a List Make a Wish,588600.0,f
t_ad484ce4,1,1,Under the Capricorn Sky Part I,440000.0,f
t_2e34bc16,2,2,How Many Infants Died In The Dryer,154947.0,f
t_77a10007,32,32,Satcg,29000.0,f
t_b5dc8fa3,4,4,Starblazer,427986.0,f
t_3baa2774,15,15,Settings,199575.0,f
t_312f0e9d,3,3,Profusion of Detail,269000.0,f
t_d31cf8c1,4,4,Backyard Jam,267786.0,f
t_2fa65ba4,7,7,Engorement of Stillborn Corpses,163000.0,f
t_6dab928d,5,5,Boing Boom Tschak  Techno Pop  Musique Non Stop,639000.0,f
t_178106f4,4,4,You Dont Have to Tell Me Now,224600.0,f
t_81ebe278,4,4,Positively 4th Street,463000.0,f
t_1b3c3932,8,B3,Bare Necessities,193000.0,f
t_bcd8ed5e,8,8,Nonsense,148000.0,f
t_b6271be2,2,2,Get Up,262000.0,f
t_a4a2e53f,22,22,silence,3000.0,f
t_98dfbde9,13,13,Strings of Grass,276626.0,f
t_b253c8f2,3,3,Chapter 1101,1004333.0,f
t_b01c7d2c,2,2,Breed,,f
t_737eed3e,16,16,Evolving Worlds 60 second veesion,60000.0,f
t_3c949b6a,8,8,Ill Give You a Ring,122013.0,f
t_3892d8e6,27,27,In the Hood,82000.0,f
t_6e9288ca,9,9,Focus on Sanity,733666.0,f
t_b51c6828,12,12,Arriue,250640.0,f
t_f78033d3,8,8,F8nn,137000.0,f
t_5e512597,2,2,Chan Balum Jaguar Serpiente,276293.0,f
t_8616589f,8,8,Finm,137000.0,f
t_e0fd28fd,12,12,Dav No Wealth,307560.0,f
t_5ee80a5e,12,12,Daf No Wealt,307560.0,f
t_a9082263,5,5,Near the Black Forest,285373.0,f
t_7ce566d6,13,13,Empirr of Crime,121000.0,f
t_453af3f4,9,9,Tell Me Why,331240.0,f
t_ac64106e,84,84,Herzblut 84,339000.0,f
t_ed30f9c6,2,2,Crossed Wires,186933.0,f
t_113500c4,16,16,Token Tango Bonus Level,75000.0,f
t_4dafbaea,2,A2,Will Do,243000.0,f
t_0b5c7f04,10,10,Balanbalançoire,157160.0,f
t_51ae1348,3,3,Wo war ich stehengeblieben,547000.0,f
t_5d7d5f9e,7,7,Notbing,274306.0,f
t_de328d56,22,22,Version,218000.0,f
t_5d9e7205,16,16,Boogle,187600.0,f
t_878009df,15,15,I Live in a Car,79893.0,f
t_630caa4b,2,2,Makes Visible,279333.0,f
t_8c725b26,4,4,Fápula,151000.0,f
t_c98d6462,5,5,Bruhmilda,183147.0,f
t_d6ca67a7,4,A4,Korallen,191320.0,f
t_d434afda,6,6,untitled,606440.0,f
t_49e43a1b,7,7,Noites sem luar,209426.0,f
t_8142da09,8,8,Badda Than Ninja,233720.0,f
t_6523f8d1,3,A3,Its Alright,331000.0,f
t_578c7960,3,3,Even Megan Fox Looks Better on Myspace,,f
t_a3e1ac30,7,7,Remedy Child,296760.0,f
t_4f37099b,3,3,Hurdy Gurdy Man,374000.0,f
t_17b1224e,8,8,The Longest Dau  Part IV Depression,416400.0,f
t_f8382547,8,8,Touch My Light,280933.0,f
t_d5993c6d,2,2,Awake and Nervius,511906.0,f
t_5bdf0fa6,6,6,Sand Orchestra,54496.0,f
t_b0f5c800,15,15,The Terrifying Velvet Room 3rd Chapter,76000.0,f
t_8c406ee3,9,9,Film,119000.0,f
t_e083f097,10,10,Secular World,252000.0,f
t_318b6a12,15,15,So I Sayed You Die,218000.0,f
t_5c29fc59,14,14,Big Chase,123000.0,f
t_4206884a,1,1,Tine,220850.0,f
t_d10fad2a,1,1,Tim,220850.0,f
t_c2c8329a,1,1,Its Time,403000.0,f
t_2a558b1d,16,16,Mother Fist,265000.0,f
t_2adf5105,7,7,Hunger Sdrike,78493.0,f
t_af1eeeab,9,9,Congratulations,149000.0,f
t_452542ab,7,7,Hunger Stnke,78493.0,f
t_0b5e2943,6,6,Carumba,60000.0,f
t_2036ed4b,6,6,You Should Know,156000.0,f
t_3c78ac46,9,9,Revolution Come and Gone,256560.0,f
t_09abf3b4,103,103,Globai Market Ee,12000.0,f
t_4c984bb3,103,103,Global Marke6 Ee,12000.0,f
t_5a601a31,8,8,Poloytsian Dances,503000.0,f
t_3cc76dac,2,2,Overflow,283253.0,f
t_a14e8934,15,15,Chanson pour ma ville,142000.0,f
t_77c957ba,2,2,S0y Peñero,164373.0,f
t_d0a3ffc3,10,10,Ijl Be Here,251000.0,f
t_c47a1150,7,7,TSUBASA,298000.0,f
t_3ae041ea,47,47,Happy Go full mix,15000.0,f
t_9069970d,14,14,Seems ws If,224066.0,f
t_20ad2873,5,5,Gemini Concerto V Vinna Polytonal Polka and Wiener Wein Waltz,389000.0,f
t_1d2597cb,9,9,¡Ay amor,185000.0,f
t_7610c36a,4,4,Symphonv no 2 – Allegro non troppo,887000.0,f
t_30914594,2,A2,Deep,,f
t_77453d11,4,4,Incantatiins,203000.0,f
t_292a4211,7,7,Ce qui trouble les hommes se ne sont pas les choses mais,46546.0,f
t_435ca6b2,8,8,A Sick and Abandoned Heart,68490.0,f
t_b38bd2c8,7,B2,The Hardest Tim3,192000.0,f
t_1fe7ec23,4,4,Whiskey and Wimmen,162626.0,f
t_941a595c,32,32,Satkh,29000.0,f
t_8933c439,8,8,Chitty Chitty Bang Bang 3,71493.0,f
t_d86cd910,3,3,Part I  Bones and Thrones  Chapter 02,1204924.0,f
t_492aac14,10,10,One For Dqllas,183053.0,f
t_5403117a,10,10,One Foah Dallas,183053.0,f
t_11497a00,4,4,Lazybones,186400.0,f
t_969c141e,5,5,Promote Your Scherbenhaufen,93000.0,f
t_598dc558,13,13,Sie kann wunterbar lächeln,167000.0,f
t_d0379ee9,3,3,God Is God God Zillz mix,313933.0,f
t_305c6f76,2,2,Hän lähtee tanssiin,225000.0,f
t_b0b971b8,8,8,Wake Up Dead,200800.0,f
t_992ba3ab,13,13,La Fifuereta,136000.0,f
t_c5a122b6,6,B2,Right Side of the Wall,183520.0,f
t_c9e95ab5,8,8,Du kannst mir mal ein kleines bißchen treu sein,152093.0,f
t_0dfa88fe,11,11,Scene 27  intro to the voice behind the wal|paper trellick tower 3am,281866.0,f
t_8d3c539a,1,A,The Big Blaclc Plastic Explosion Its Alright Its Alright Dance Mix,,f
t_ac75e6c5,1,1,Niño 0,98000.0,f
t_22906739,1,1,Ho Ka Hey,247800.0,f
t_e8859fa8,8,8,Bad Popcorn,223973.0,f
t_28520e3a,11,11,Im the King,,f
t_67869ae1,5,5,Gone,207306.0,f
t_0115613a,14,14,Rain,226720.0,f
t_4f8a064b,12,12,Loose Str8ng,228000.0,f
t_e292eb19,43,43,Train to Tijuana,30000.0,f
t_c84667e2,4,4,白線～スタートライン jnstrumental,298000.0,f
t_9f709227,1,1,Colorst,,f
t_942d4c43,1,1,Col0rs,,f
t_71db9c1c,1,1,Col9rs,,f
t_3400ae6a,8,8,Zillertaler Hochzitsmarsch,199000.0,f
t_e40f65e3,6,6,Vibe to Vibe,335100.0,f
t_7f6d9ddf,2,2,Page,239960.0,f
t_be4ec73c,2,2,zombie disco,141000.0,f
t_80734fcc,5,5,Minuet in Am,59293.0,f
t_65125f46,13,13,Excuses,351506.0,f
t_efa45d80,10,10,What Am I Living For,175000.0,f
t_6ade215d,25,25,I Done Done It,154000.0,f
t_749573ab,5,5,12b,250000.0,f
t_49905803,4,4,Backyaahd Jam,267786.0,f
t_acd05310,29,29,I Do Like to Be Beside the Seaside 1,115000.0,f
t_6dbe11a8,7,7,Lobster Quadrille,164000.0,f
t_6690eb2f,6,6,Its the Only One Youve Got,263906.0,f
t_2cf00d68,76,76,silence,4000.0,f
t_7ce608d3,5,5,Thiz Time,242706.0,f
t_1007cd4b,9,9,Si de contara,217733.0,f
t_e4e53fe4,3,3,Everything Is Broken,289320.0,f
t_e5a0b72d,1,1,Brownskin Mama,110000.0,f
t_2f3b60d8,8,8,Lil Jon Interview,22426.0,f
t_9c807329,28,28,Fiesta,134000.0,f
t_12206d7a,4,4,Autrement quetre,296000.0,f
t_d5f5246f,1,1,Feeling Snakey,331306.0,f
t_d7ecb65d,15,15,Nobrand Heroes,235666.0,f
t_6be3082a,11,11,Oceari,228120.0,f
t_35048243,11,11,Te Tracks of My Tears live,241000.0,f
t_f91d09c6,9,9,The Boogie Man,208226.0,f
t_9eb7b344,10,10,Schäfers Abendlied,166000.0,f
t_4d39e231,21,21,Vole haut,133866.0,f
t_1588fc34,11,11,The Tracks 0f My Tears live,241000.0,f
t_14f8f8d4,2,2,Satu Jiwa,326000.0,f
t_459a928d,6,6,Glorify the Lord,168000.0,f
t_9a0adae2,1,1,Beneath the Skin chamber mix,275000.0,f
t_fc20500a,4,4,Bodya Sporttia Tsemppistä,,f
t_a3e0eabd,11,11,The Tracks of My Tearw live,241000.0,f
t_7a2c1121,9,9,Ballu Lestru,233000.0,f
t_02ca2a20,5,5,The Day My Body Vaporized,84000.0,f
t_51f75835,4,4,Madre dolcissima,437600.0,f
t_73a58974,10,10,No Saf3 Place,310680.0,f
t_03bc302e,20,20,Twenty,142933.0,f
t_015fe6d6,7,7,Witchcraft,196000.0,f
t_3a72bc14,3,3,Seasons,358000.0,f
t_dfd3ee18,9,9,Resurrection,471000.0,f
t_823ff8a1,3,3,Tin papa,177000.0,f
t_91f2da16,3,3,Ton papa,177000.0,f
t_c466afbd,1,A1,Galandi,,f
t_f07714de,8,8,The So7nd of San Francisco short Progressive mix,218000.0,f
t_0727dce2,7,7,Speak to the Sky,171813.0,f
t_d9ca5b5c,7,7,Fine and Mellow,314000.0,f
t_f516f781,2,2,Heat of the Night,356000.0,f
t_03733411,4,4,Bacchanal Time,388906.0,f
t_4100894d,4,4,Batge,420000.0,f
t_1f23a54c,7,7,Rzuć zą Johny,92000.0,f
t_6c46b4e0,4,4,Baclge,420000.0,f
t_90c2ebe7,27,27,Hangin Out 1988 energy demos,78826.0,f
t_d40bccfe,9,9,Shotgun Kiss live,263000.0,f
t_bec4ad9b,35,35,A Long Time Ago main,61000.0,f
t_134d7559,4,4,Kelly Grand Forks,209320.0,f
t_3e9db186,13,13,Goodnight Now,,f
t_a19e5615,8,8,Los dos contra mí,229133.0,f
t_17f67580,1,1,V,355346.0,f
t_c2330cf7,1,1,All Dressed Up,219640.0,f
t_5683402f,2,2,ride,329066.0,f
t_f6d457a8,19,19,Dagoloah System,108040.0,f
t_0e7394d7,4,4,If I Could Move Mountains  Majesty and Awe,461000.0,f
t_c73f1ea0,8,8,Bad Ass Beat,177053.0,f
t_6ffa8bec,10,10,No Safe Place,310680.0,f
t_077b7636,2,2,Voices,199000.0,f
t_dcf7c107,12,12,Is That the Way You Look,95506.0,f
t_1a92dd3d,14,14,Soundtrack of Entertainment,151000.0,f
t_8a39c307,5,5,The Eecsquisite Flavor of GastroAnal Tripe,174426.0,f
t_52c49461,5,5,Clouds,196000.0,f
t_9aea9d22,12,12,Åt samma håll,,f
t_236f83f3,6,6,Which Way to Turn,206000.0,f
t_8a5ebb89,11,11,Sekond Fiddle,139000.0,f
t_9ad4a99f,2,2,Blue Lester,203000.0,f
t_fd9a57c3,1,1,Candle in the Winc,229000.0,f
t_025985e5,3,3,Tori papa,177000.0,f
t_282ab58b,2,2,Bessere Zeuten,174720.0,f
t_b5a2c914,12,12,Erins Green Shore,253000.0,f
t_e980d9e7,74,74,Zweiter Teil „Die gewundene Straße Kapitel 18 „Der Fuchshandel Teil 1,470000.0,f
t_fd311bfd,1,A,The Crystal Cat,228000.0,f
t_9e6f3ea7,7,7,Radioactive extended edit,283000.0,f
t_7841cdf5,5,5,Here I Go Again,,f
t_4845422c,3,THIS SIDE 3,You Wont Let Me Down,280000.0,f
t_d60ab3a9,12,12,Gan jau,216000.0,f
t_4cda9e9f,11,11,Giraffe Hynt,694736.0,f
t_ce3b27a2,4,4,Tandeta w modzie,152293.0,f
t_5c7199c8,4,4,The Posie  Scoytish Brawl,330000.0,f
t_e177114f,8,8,Pod oblakom,253000.0,f
t_649baaa8,6,6,Sonnet 46,115866.0,f
t_8c3e4e4c,11,11,Technotrance,374000.0,f
t_b46222ff,6,6,Sotom  Begorra,216266.0,f
t_24f58c17,7,7,Trace2house,318106.0,f
t_98fe17be,2,2,Its Over nix,529760.0,f
t_696c1721,1,1,Wining Machine,181000.0,f
t_23d3edfa,7,7,Rzuć ją Johny,92000.0,f
t_cfbbcf7a,10,10,My Word My Way,54560.0,f
t_45b4d234,3,3,Work It Out,168000.0,f
t_f4fa2f6a,7,7,Ran Away to the Top of the Worlt Today,398266.0,f
t_7b994891,20,20,One・Two・Three  The 摩天楼ショー 15秒30秒スポット,,f
t_53317a8b,1,1,Fun Kdy,459560.0,f
t_3d0415cf,10,10,Tank,248600.0,f
t_34eb174f,4,4,Symphony no 2 – Allegro non troppo,887000.0,f
t_ad28b63b,12,12,Cheers to Us,190000.0,f
t_ce276dca,17,17,Zor katin,228626.0,f
t_648468bd,11,11,The Tracks of My Tears live,241000.0,f
t_549cc4d6,11,11,Uneasy Doss It,250013.0,f
t_5d54247b,8,8,Push remix,248446.0,f
t_ee1033a0,2,2,給我一首歌的時間,252000.0,f
t_12dd140d,16,16,Rock Head Man,152000.0,f
t_27da6393,9,9,Chapter 19,315666.0,f
t_c71d3277,4,4,Keep It To9ether,,f
t_3187fe2c,6,B1,Where Are They Now,250827.0,f
t_2b3b5482,4,4,Wish I Never Knew You,207000.0,f
t_a4f9f200,25,25,Busy Signal,186720.0,f
t_0139520d,10,B5,Le Cimetière des éléphants version Los Angeles,242026.0,f
t_520688f1,6,6,Love Is Everywhere Garage mix,358000.0,f
t_db78466b,12,12,Der Samihas und der Brummklaus,446000.0,f
t_6e47db30,8,8,Our Last Meeting,65985.0,f
t_c0eeeeb4,38,38,Up to the Wilclstyle radio edit,236000.0,f
t_929ef64c,10,10,Mörker,,f
t_ab19afb0,1,A1,Sound of Happineas,176000.0,f
t_2dc56c9a,4,4,Imi plase dati drumu,198373.0,f
t_2dbc1118,4,4,Imi pjace dati drumu,198373.0,f
t_0e8aaaf7,12,12,Itst a Shame,206693.0,f
t_45fbf0b3,3,3,יד ענוגה,324000.0,f
t_25b8716b,12,12,Itz a Shame,206693.0,f
t_eb48c97d,9,9,Creation,197000.0,f
t_be31a7b3,7,7,Next Yeaah In Zion,,f
t_354fada7,16,16,My New Best Friend,148000.0,f
t_7339a605,4,4,4Jan,176000.0,f
t_bad72922,19,19,Falling Away Armin van Buuren remix,,f
t_16909513,7,7,Hip Hop Be B0p Dont Stop,183200.0,f
t_51752779,3,3,Make Up Your Mind,196173.0,f
t_6c68ef1c,2,2,La Vie dartiste,190000.0,f
t_c263e32c,10,B4,Secretz,200026.0,f
t_cf04e4b7,2,2,Undying,365000.0,f
t_f29210dc,3,3,Blackdot,235666.0,f
t_59de7d0b,2,2,Anta,322906.0,f
t_e17ce59d,13,13,Cocovunkanut,271933.0,f
t_26a6a134,14,14,silence,4120.0,f
t_8cd94287,9,9,Devri Alem İstanbul Türküsü Katip,304440.0,f
t_3c3c5952,20,20,Writing Session,172214.0,f
t_75472d08,13,13,Dixit Dominus RV 594 Psalm 109 for soli 2 choirs and 2 orchestras IV Tecum principium,146000.0,f
t_31ed7419,2,2,Soy Peñero,164373.0,f
t_5a1b6c42,9,9,Picture In Picture,773000.0,f
t_55529f5d,10,10,Only Woman DJ With Degri,208494.0,f
t_80d08c05,20,20,The 2rid War in Heaven,242000.0,f
t_315a7344,2,B,Sbift,,f
t_2a044867,2,2,Eeter,208000.0,f
t_1318330c,11,11, anf Then,36000.0,f
t_0d6ecb9e,5,5,A Night in Tunisia,315000.0,f
t_7c78ee8b,30,30,Les pantins dansent,133600.0,f
t_5d07268a,12,12,Remember,324000.0,f
t_cbfa6e5f,6,6,Pejla vdolky,66973.0,f
t_1860ce4a,7,7,No Caahd,87000.0,f
t_61e1f0fb,2,2,Contigo Na Distância,166160.0,f
t_c52307c0,4,4,Spanizh Blood 40  4,,f
t_e9c37d79,3,3,Dont Undwrstand,,f
t_99676bb6,8,8,True Love,192626.0,f
t_66451281,30,30,Lone Wagon,337000.0,f
t_aec3af66,2,2,茶漬えんま,1941266.0,f
t_afbda1ce,2,2,Estadio azteca,217000.0,f
t_fc4cce3f,3,3,Nemon,228946.0,f
t_0e2640a3,11,11,Goodbye Elita,96520.0,f
t_48c95e0c,58,58,Swirlypants 2,77000.0,f
t_f5a981e1,3,3,Nemoz,228946.0,f
t_0195434c,14,14,House Hop,150573.0,f
t_86450597,10,10,Anna Bolena Act II Scene I Dio che mi vedi in core Anna,415933.0,f
t_a7f326de,1,1,Kune Kune,649000.0,f
t_905efd9b,3,3,Nemp,517106.0,f
t_e65ec336,3,3,Neko,517106.0,f
t_655c95b6,9,9,Serotonin,217693.0,f
t_096d7eac,3,3,Indestructible ATrak remix,427000.0,f
t_bffcbecd,14,14,Getting Light,64306.0,f
t_2addd144,10,B10,Villa Carfax,234000.0,f
t_2cd6f255,8,8,The Sound of San Francisco short Progressive mix,218000.0,f
t_a31c937f,4,4,Dagni,201573.0,f
t_08505cff,2,2,Завтра,267000.0,f
t_bf4b4410,1,1,Intro,19000.0,f
t_4a81dd71,2,2,Victory Over Horseshit,213000.0,f
t_98334629,6,6,Dirty Love,259000.0,f
t_dd8f30a0,11,11,New Tenptation,204760.0,f
t_ebc3ab46,8,8,Last Chance,254184.0,f
t_52afa311,6,6,Hindustan,199000.0,f
t_bb9e7b32,1,1,Ambient Kinsky,242000.0,f
t_91bf515e,7,B2,The Hardest Time,192000.0,f
t_3a5d95c3,9,9,Play 6he Piano With Style,210573.0,f
t_b8c834ae,6,B2,Lanima pagliacciona,209000.0,f
t_2072f965,19,19,Dagobah System,108040.0,f
t_ed980127,59,59,Wac1<y Day,90000.0,f
t_fab4514b,9,9,Play the Pian0 With Style,210573.0,f
t_72dd3885,7,7,Sin peahdón,306000.0,f
t_cc1f15a9,7,7,Der Mehrzahl der Menschen,70666.0,f
t_91cc927b,7,B3,Chewing Gum Telegram,290000.0,f
t_f88bb8a3,2,2,Part 1 High Frequency Feelings Soon a Brighter Day,200000.0,f
t_7a7abb63,4,4,White Crow Birds Nest  White Crow,156733.0,f
t_5fdf3044,8,8,Cleano,153000.0,f
t_b651bf31,8,8,Bombay Shufle,126000.0,f
t_78684c51,11,11,Confessions 0f a Futon‐Revolutionist,134480.0,f
t_1bd77b60,12,12,That Evil Chkld,235640.0,f
t_d2dcb654,9,9,Bruises,269853.0,f
t_74ac4591,11,11,DeeahTay,250000.0,f
t_f6ef1e2e,8,8,Im a Liar,196226.0,f
t_94c80d99,16,16,Youll Be Mine,159174.0,f
t_23ed4cc7,4,4,La Folia,,f
t_d96e3f0c,3,3,System III,174000.0,f
t_f41aaecd,4,4,One Step Backwards,,f
t_45e65293,1,1,Shadows in the Nights Sky,1171653.0,f
t_4a2d37f8,6,6,Stitching Time,436320.0,f
t_787bc15a,4,4,Home Aay From Home,221306.0,f
t_21c2f4da,11,11,Tel It Like It Is,291600.0,f
t_2f6e570b,5,5,Bahianese Maypnnaise,353026.0,f
t_0bc9fdfd,6,K6,Never Akain,,f
t_cc7bfd46,6,6,I Would Be a Sinner,239480.0,f
t_ff26e2a5,6,K6,Neveah Again,,f
t_f1fe69a9,6,6,Odayaka,154454.0,f
t_24593324,1,A,Pendulum,,f
t_7ed0e0f8,2,2,Géchar,,f
t_48e8cb76,4,4,Η ζωή εν τάφω,385000.0,f
t_3e5d8768,13,13,Venezuela,219000.0,f
t_df234c27,4,4,Gennaio,211587.0,f
t_65a55fb6,2,2,Rytsari Vrerneni,309986.0,f
t_7e4c4eeb,2,2,Rytsari Vreneni,309986.0,f
t_71afb480,2,2,Rytsari Vrerneni,309986.0,f
t_43db42be,4,4,El médicl del miedo,233466.0,f
t_985b35d1,14,14,Olt Blue Car,188000.0,f
t_846c1220,9,B4,Cinéma cinéma,192000.0,f
t_77645d63,8,8,Křížaly housie a půlměsíc,259000.0,f
t_74d275dc,2,2,ねばねば♥スイーツ,268000.0,f
t_50f0cf7f,3,3,Medicine Wheel,112760.0,f
t_7ab3ea55,1,1,Homegtown,405000.0,f
t_643ca4e2,4,4,O ypnos se tilixe  Der Schlaf umfing Dich,161440.0,f
t_5cbd96b4,12,12,Imagine,366506.0,f
t_fa3853db,9,9,Forget to Remember Sunday Mornings,281000.0,f
t_2b10092f,4,4,La Vieille Femme et la Chandel,763000.0,f
t_9852011c,6,6,Lost avoustic,303000.0,f
t_8a240ea6,14,14,Great Balls of Fire,161106.0,f
t_ca7ba3cb,3,3,Condact High,149000.0,f
t_2a69f8c3,12,12,Yez I Know,,f
t_b325c3d2,18,18,Where the Rose Is Sown single version,251093.0,f
t_578077f8,3,3,GRN Aventvrine,295000.0,f
t_9024e4c8,5,5,Lux Occulta II,301133.0,f
t_865a29ac,8,8,第2話 Sere 13975 「うわさばなし」 Part 1,54332.0,f
t_acffbfcb,2,2,Dreaming of U,,f
t_4ecea643,7,7,Arrival,1207466.0,f
t_0c9cd722,4,A4,Couahir après la vie,225000.0,f
t_7c1b2552,6,6,De profundis op 67 Meno largo molto tranquillo ,253000.0,f
t_3d2e4a36,15,15,Bloodline,272040.0,f
t_2d5a6ef5,5,5,I Know,619000.0,f
t_bb02a558,2,2,Ladyhawke,141000.0,f
t_33fe79cf,26,26,Uno Dopo LAltro,75000.0,f
t_9665b107,5,5,Arkansas,181800.0,f
t_7337ea95,8,8,Updated Weather Information,26789.0,f
t_79351309,5,5,The Evening Country,140000.0,f
t_2c88ee6b,5,5,Punch for P0wer b,60000.0,f
t_6d3f34c5,2,2,Picjup Truck,205480.0,f
t_f6266778,2,2,Trip Trugger,315000.0,f
t_a1bb2517,3,3,As Lovers Go,210693.0,f
t_4d818565,9,9,In the City,125440.0,f
t_63af3591,8,8,Last Chanke,254184.0,f
t_f05d9f37,3,3,Il gverriero,218000.0,f
t_b93f8754,3,3,Untitled Improvisation,305000.0,f
t_9469c5be,19,19,Saltaré al vacío,208000.0,f
t_ea3b21b3,8,8,Dreaming,247000.0,f
t_b96f7449,10,10,Healing Hqnds of Time 1,126933.0,f
t_e443d5fd,2,2,Friends in Low Places,507000.0,f
t_f967002a,2,2,たたかえ 爆露マン,,f
t_7133b9e1,12,12,Ring of Bright Water,181386.0,f
t_e2a4c708,14,14,Olt Blue Car,188000.0,f
t_88d83fec,14,14,Old Biue Car,188000.0,f
t_7a660a19,4,4,Id1er,205000.0,f
t_89fd3f20,1,1,Dei Fre:nd,178000.0,f
t_8dd85868,5,5,Sally,216240.0,f
t_424dcb3c,2,2,Gather,243356.0,f
t_8ec7ec30,5,5,Triple Dick,175000.0,f
t_f22e8edc,12,12,Fired Up,206000.0,f
t_6bf4e80a,9,9,Indro,116920.0,f
t_53e07593,17,17,Solitudr,190000.0,f
t_355c71f8,22,22,urititled,,f
t_4e47df9e,45,45,Fungy Soul,40000.0,f
t_833104bd,4,4,La Fie5ta,445200.0,f
t_a54d1e4b,10,10,Vitamine Vitamine,216000.0,f
t_008593b5,4,4,La Fiejta,445200.0,f
t_a1ea9b5e,7,7,Einst Freunde,295093.0,f
t_51670888,4,4,Alone,271000.0,f
t_088098aa,4,4,Major Hope,374000.0,f
t_77694084,1,A1,700 Club,51000.0,f
t_d0a4d4b1,8,8,Miamy,247404.0,f
t_6d637369,4,B1,Bahiah BBoy LP mix,,f
t_0415bd32,8,8,Blue Girl,248546.0,f
t_ede73e13,8,8,It Hasnt Happened Yet,204800.0,f
t_cd499b4e,4,4,白線～スタートライン insyrumental,298000.0,f
t_9222bbdf,11,B6,Outro,8000.0,f
t_e2d640b6,12,12,見えない未来へ,404000.0,f
t_dc5d67f6,3,3,Yeah You Roberts remix,316000.0,f
t_17030ff0,46,46,Party People,10000.0,f
t_2bff1c20,18,18,The Best,246000.0,f
t_c9c8eaf9,9,9,Who Know5 Why,232000.0,f
t_4db39893,13,13,Cold 13,285760.0,f
t_32b8cf7f,4,4,Observe,259920.0,f
t_2c17841f,8,8,Magnitude 666,,f
t_8e5346fc,6,6,Sirens,55000.0,f
t_e7c10c74,7,7,Un ángel llora,257000.0,f
t_b821ea8f,2,2,Box Elder,146773.0,f
t_57e94c3a,4,4,Genaio,211587.0,f
t_62a4bca7,4,B1,Bahiam BBoy LP mix,,f
t_dfb2ae00,2,A2,Kontrola Baj Mooy remix,366000.0,f
t_2440b25f,6,6,La experiencia del desierto,132626.0,f
t_160b57f6,3,3,Meidän taoomme,233867.0,f
t_694ec476,4,4,De nuevo en mi puerta,296000.0,f
t_d5b7a0e4,7,7,Die schönste Stunde am Tag,364333.0,f
t_45be79bd,6,6,The Boundary Waters,290948.0,f
t_25e4eeaf,45,45,Past Present arid Future a,30000.0,f
t_996878ba,32,32,Little Sadie,60000.0,f
t_db289c89,12,12,When She Walks By,,f
t_eb76f791,7,7,Douce Nuit,,f
t_991b60d1,2,2,Miss Acacia live,197000.0,f
t_4c670ac5,18,18,Higeki no Bousou,127000.0,f
t_d67ca8af,16,16,Lullaby of the Leaved,120626.0,f
t_9ce1f925,8,8,The Postman Cbapter 1 Part 28,314514.0,f
t_670fe603,2,B,Pref9ation,590000.0,f
t_3070c38f,2,B,Prefiadion,590000.0,f
t_5d4bbcf0,17,17,Grains ov Sand,49000.0,f
t_190cfe8c,3,3,Dont Understsnd,,f
t_abde9dbe,9,9,Indigo Moon,193360.0,f
t_fbaf01c3,30,30,The Pope,94333.0,f
t_6c876589,17,17,Keep Your Eyes on the Prize,121826.0,f
t_f47917d3,4,4,Incantations,203000.0,f
t_7014c2e7,13,13,DNA,71240.0,f
t_acd0aa2f,9,9,Vampire,209000.0,f
t_4b28417f,4,4,Perkeptual Isolation,421785.0,f
t_caf1325c,9,9,Lesters Mood,300986.0,f
t_fad998fe,9,9,Frankls Revenge,268466.0,f
t_f5ac73ce,4,4,Médée Dei tuoi figli la madre,303106.0,f
t_1ffabbba,11,11,If Dreams Come Trve,204858.0,f
t_131c3bde,5,5,Revertigo,,f
t_b80f5f9f,11,11,3AM in a closed bar,567000.0,f
t_37ead436,2,2,Back and Forth,208000.0,f
t_2f9c8098,16,16,DMAEnergy Megamix,1025360.0,f
t_dd4fc087,11,11,There Is a Road,235000.0,f
t_b7376c5f,3,3,Carnaval mayor,,f
t_cf424b55,10,10,Nod Gonna Let You Go Again,223093.0,f
t_61c4ddbc,6,6,Γεννιέται απόψε ο Χριστός acoustic version,,f
t_20e107a6,7,7,hMollMesse BWV 232 Et in Spiritum Sanctum,281640.0,f
t_197be202,9,9,Temperamental,295133.0,f
t_5ea6bd33,8,B2,ひとりぽっちで踊らせて,,f
t_84d75196,7,7,Section 8,321053.0,f
t_068e1fc6,6,6,Lost acous5ic,303000.0,f
t_2997b9b9,8,8,Clojer,,f
t_6d8cc616,9,9,The Last Kiss,223600.0,f
t_ec8c0b51,2,2,Phase Shift,331191.0,f
t_88a64af3,11,11,Over The Hjll,150000.0,f
t_a524ca38,5,5,戦士の本懐,199000.0,f
t_954e4249,2,2,Now the Dav Is Over,,f
t_25c46074,6,6,Prêts à tomber,193466.0,f
t_6c9cfb19,6,6,Machines Programmed by Genes,314000.0,f
t_fcd117d2,8,8,Lost Faith ful1 mix,119000.0,f
t_d3417771,1,A1,Intro,78000.0,f
t_8df5c9e2,10,10,You and the Night and the Music,168000.0,f
t_9833339c,25,25,Comuc Motion,65000.0,f
t_3c0bec05,19,19,The Lamloeth Walk,163000.0,f
t_a51fb76c,98,98,Woulda Coulda Shoulda I Guess,2200.0,f
t_8e07e98b,9,9,Tervaa ja höyheniä,176426.0,f
t_e4e31890,4,4,Pets Lzment,149000.0,f
t_ee584e5a,10,10,下輩子再見,,f
t_6be28a8e,10,10,Solang da drobn die Sonne lacht,175000.0,f
t_1a14fba4,18,18,Tina Threatens,29893.0,f
t_30776025,1,1,Crescent,548960.0,f
t_b84a69b8,6,6,Quetzalcoatl,227346.0,f
t_7ff79340,5,5,Baby Baby,214000.0,f
t_57570377,5,5,Everything Changes,228933.0,f
t_3c4e4327,41,41,Malibu Mix,30000.0,f
t_7b153d28,2,2,How Many Infants Dked In The Dryer,154947.0,f
t_9b737baa,19,19,silence,4000.0,f
t_756b2cc6,16,16,Fingers,252373.0,f
t_064187d9,4,4,DalJani Välta,428000.0,f
t_9b6a7df3,7,7,Soiled Clown Blues,106600.0,f
t_cfd30bec,10,10,Keyboard Sonata in B flat major K 311,230933.0,f
t_571c856f,9,9,Evaluation,258867.0,f
t_3283689f,7,7,Rock das aranha,109840.0,f
t_c1ef2620,27,27,Dark Etes,135626.0,f
t_f1c05b56,14,14,Run for the N:ght Demo,269600.0,f
t_90018e02,14,14,Rum for the Night Demo,269600.0,f
t_fcc279f8,4,4,Idler,205000.0,f
t_869b68fd,9,9,Life,226000.0,f
t_bc98732f,8,8,Some of These Days,103773.0,f
t_16461138,2,2,Hanging On,326000.0,f
t_02d0f608,1,1,Utanför,353000.0,f
t_b8a79dde,5,5,Feelj Like Im in Love,198000.0,f
t_ab1d7f5a,5,5,Solitude Is Bliss,148000.0,f
t_caed697c,16,16,Go Away from My Window,118000.0,f
t_412d6441,103,103,Global Market Ee,12000.0,f
t_f98bb1dd,2,2,Always,217400.0,f
t_1cdcfcc4,7,7,Wrapped in Cellophane,345133.0,f
t_3ef54391,1,1,Cult,282293.0,f
t_c29c563d,6,6,Supermarket,182186.0,f
t_11b57e68,6,6,Same Order,172800.0,f
t_a871d677,4,4,Badte,420000.0,f
t_b521bff2,10,10,Blues Been Good to Me,250000.0,f
t_e539c6d6,4,4,Whistkey and Wimmen,162626.0,f
t_85b75b4c,6,6,The Track5 of My Tears,178000.0,f
t_68e7e1f8,6,6,The Trac1<s of My Tears,178000.0,f
t_61cb3390,4,4,Kamasutra in Love,133000.0,f
t_c1bc54be,11,11,How Soon Is Now,290000.0,f
t_851da90c,13,13,Complete Disorder,122000.0,f
t_bce32c44,2,2,Call It L,228093.0,f
t_c1705116,3,3,Piano Sonata in Bflat major D 960 III Scherzo Allegro vivace con delicatezza,245066.0,f
t_5b8c6b2c,21,21,Gradus ad Parnassum O0 44 No 91 in B major Allegretto piano Marco Sollini,91000.0,f
t_61f816b7,2,2,Dowm,194000.0,f
t_810d4469,4,4,Η ζωή εν τάφω,385000.0,f
t_21ec4d03,13,13,blue demo,106000.0,f
t_b18e39cd,11,11,Make Me Feel,255000.0,f
t_86124d09,2,2,Electricity,212866.0,f
t_7abc39c8,11,11,First Day of Autumn,259386.0,f
t_0234d9b3,9,9,Moon Dancer,233259.0,f
t_1aae3c7b,40,40,How to Use the Dickens Pattern 13,,f
t_7b88bf38,3,B1,Blood Is Black Delirium,845000.0,f
t_617baa71,1,1,Cold Cold Heart,283093.0,f
t_42481991,12,12,Peaceful Man,391266.0,f
t_c19e20bd,13,13,Dixit Dominus RV 594 Psalm 109 for soli 2 khoirs and 2 orchestras IV Tecum principium,146000.0,f
t_cbd71499,5,5,Wintersong,255333.0,f
t_c067eb5f,17,17,Hijo De La Luna,248600.0,f
t_bf63d1f4,10,10,Dont Tell Me What to Do,178600.0,f
t_58d652f0,7,7,Giv4 It Up,240000.0,f
t_2e50228e,34,34,Magico fukl mix,10000.0,f
t_0bd74117,34,34,Magico fuil mix,10000.0,f
t_c26dd6d1,34,34,Magico fuol mix,10000.0,f
t_8511cba8,19,19,18th Century ReachAround,180000.0,f
t_e69d2927,1,1,Tanzverbot Sxill to Hell,207080.0,f
t_a5d19c0a,17,17,Opust 37,322000.0,f
t_293bc1f6,9,9,LOiseau de Feu  Rondo  Corovod,252773.0,f
t_423d9f73,9,9,Wasted and Trying,141000.0,f
t_7f604f8f,3,B1,Collateral Damage live at Faces RI,,f
t_79eb205c,6,6,Folding Ghosts into Origami Stars,252000.0,f
t_6ba58d80,7,7,For Your Entertainment,220000.0,f
t_25774a92,7,7,Misery,256466.0,f
t_79a799c7,5,5,Garaj Barws Paap,257000.0,f
t_c0a792d4,4,4,All for Nothing,,f
t_826bb3f8,8,8,Fin,137000.0,f
t_ce8fb542,13,13,Just Me,,f
t_b3137055,1,1,September 22nd 2010,511000.0,f
t_b77db4d5,4,4,Coastal,322693.0,f
t_64d00c2e,6,6,American Insomnia Dream Complex,256360.0,f
t_f0dc9b4e,2,2,Ravers of the Lost Funk,676000.0,f
t_342cdff5,5,5,Psalrn,276000.0,f
t_8f497845,5,5,Gunrunner,255200.0,f
t_dd13ef34,22,22,Love and a Molotov Cocktail,150666.0,f
t_9f3b899a,2,2,Ynglinga Saga To Odin We Call,432266.0,f
t_cc291036,13,13,Larlesienne Suite No 1  1 Prelude,,f
t_31d3bf06,1,1,Taksi fahrn in Istanbul,188426.0,f
t_5c815295,3,3,The Age of Spectacles,257000.0,f
t_f3471777,8,8,Dreamville New Mexico,249000.0,f
t_4313c91a,16,16,Weit hinab den Fluzs,84000.0,f
t_ab60d6f3,10,10,The Way That You Do,160000.0,f
t_3eb20611,17,17,Grains of Sand,49000.0,f
t_359e3055,22,22,All Night Lorig,166520.0,f
t_4890ccba,22,22,All Night Lohg,166520.0,f
t_60aa907d,22,22,All Night Lonk,166520.0,f
t_e072a180,16,16,Weit hinal> den Fluss,84000.0,f
t_91469931,8,8,人生は過ぎ行く,259000.0,f
t_5aa3a0a2,1,1,Under the Capridorn Sky Part I,440000.0,f
t_f18e8534,6,6,Lost acoustic,303000.0,f
t_6134ed7a,29,29,Cojy Campfire Collage 15 second version,15000.0,f
t_74cd737b,3,3,Static W4RRIORS remix,400000.0,f
t_de27b7d6,4,4,The Gilis Voyage Ketu remix,550453.0,f
t_f86c2871,1,1,Good Sign alpum version,183666.0,f
t_ace8e36e,8,8,Ni Una Sola Vez,188960.0,f
t_ba3336b6,10,B6,In Search of Knowledge,270000.0,f
t_e4284f98,1,1,思い出,106000.0,f
t_f8f9043a,4,4,Partypiepel,187293.0,f
t_df5b9cdf,10,10,Human 98 Resistance D Extended Mix,277693.0,f
t_6f939743,22,22,untitled,,f
t_fcd2aa35,1,A1,Sigyn Turned The Basin Over Her Husband At Last,520000.0,f
t_7bd7b135,4,4,MONOPOLIZER,232000.0,f
t_b0455b9a,10,10,Humam Parts Inc,96000.0,f
t_d6eaf0f6,8,8,Ronnie Hawjins,234000.0,f
t_1c53355b,6,6,Big World,222666.0,f
t_1fb259e3,3,3,Quem tem medo de brincar de amor,213426.0,f
t_56d2604a,4,4,Two Of Us,153036.0,f
t_53bf62cc,5,5,Lullaby for the Wind,393666.0,f
t_1ff5e248,1,1,Wilt Honey,195986.0,f
t_fc7c8547,4,4,La petite voisin3,257906.0,f
t_c7483583,1,1,Wild Homey,195986.0,f
t_80e0f2b1,19,19,Saint Louis B|ues,247000.0,f
t_b2166d6e,5,5,I Can Hew,143000.0,f
t_f7279a72,5,5,戦士の本懐,199000.0,f
t_2c64388d,2,A2,Kontrola Bas Mooy remix,366000.0,f
t_01e367e8,10,10,Deadly,50826.0,f
t_38b954f5,4,4,La peyite voisine,257906.0,f
t_65809454,8,8,Shampoo Them,265826.0,f
t_ac862fa1,12,12,POP STEP GIRL,123000.0,f
t_593ef7e7,8,8,Things to Make and Do,,f
t_1514aa52,3,3,Sysdem III,174000.0,f
t_b0927cf9,6,6,A natureza das coisas,274000.0,f
t_1d55e06d,3,3,Det é så synd om mig,231160.0,f
t_8f3c2c6a,5,5,It Wasnt Said t0 Ask,257000.0,f
t_2f2f57cd,5,5,Interoúdio,,f
t_85e9bf6c,11,11,El calcetín,130199.0,f
t_404fbadd,2,2,Ashes Turm to Stone,246000.0,f
t_85d28370,3,3,Mr Moon,217320.0,f
t_2acd0d24,16,16,Surprise,82000.0,f
t_6318b768,9,9,Cultural Legacy,209000.0,f
t_e79dad32,3,3,I Hustle,250000.0,f
t_e1c2a2a9,5,5,Directing Traffik,233066.0,f
t_160b460d,5,5,Its Too Late Hes Goje,154000.0,f
t_e3853c66,8,8,Piratengesetz,17586.0,f
t_22131323,4,4,Niko,222000.0,f
t_79f953f9,2,2,The Drad Flag Blues,,f
t_b7160396,14,14,Big Chase,123000.0,f
t_46adc538,8,8,Annie B,164626.0,f
t_b61973f1,3,3,Jump,26000.0,f
t_44e0aaa0,10,10,I Need You,171000.0,f
t_5e03e469,3,3,Hand in Hand,172493.0,f
t_078104fc,10,10,Not Gonna Let You Go Again,223093.0,f
t_3c94ce2f,7,7,Vids,241000.0,f
t_ad3b5f40,17,17,We Closr Our Eyes,221066.0,f
t_f5fabcf0,2,2,Ugly,249826.0,f
t_750dede2,1,1,Frozen Silence,189000.0,f
t_bf73323a,11,11,Blackwaterside,223066.0,f
t_abd22543,8,8,Anel brilhante,228040.0,f
t_8f35e738,8,8,Polovtsiari Dances,503000.0,f
t_fdc510b7,1,1,Dehumanized,272160.0,f
t_2d3c44fc,10,10,The CoolinJamie Allen,173320.0,f
t_23b51340,15,15,Vivisection livw,197253.0,f
t_a3e53437,2,2,Fruits of My Labor,275000.0,f
t_ae954ec3,22,22,Hit Record,158746.0,f
t_77d6649c,12,12,Matchless Name,229453.0,f
t_aa0675ad,15,15,Jefie,215800.0,f
t_6e0d57ff,15,15,Locomotive,143000.0,f
t_a06fa20e,1,1,Celui 4ue jétais,231000.0,f
t_392b1bef,6,6,FindAWay,,f
t_f717d33c,4,4,Spoons,182464.0,f
t_211565cf,13,13,Melós,239000.0,f
t_c52c35fa,2,2,Bessere Zeiten,174720.0,f
t_07a5fe56,10,10,A Town That Isnt There,192400.0,f
t_c659fec4,3,3,When Im Not Looking Youre Not There,,f
t_e93f7d4e,8,8,Partita No 5 in G major BWV 829 II Allemande,270813.0,f
t_ab1ed5d0,9,9,風花,82106.0,f
t_e0e3350c,22,22,Whole Wide World,196000.0,f
t_0323e0da,12,12,Dumb Love,,f
t_d6f0f7b6,3,3,Ciao Babi,40440.0,f
t_1c105e00,3,3,Cyao Baby,40440.0,f
t_d11bc177,3,3,Of Minor Propbets and Their Prostitute Wives,163000.0,f
t_1cc475bc,13,13,Paint It Black,,f
t_7b35c5aa,3,3,Of Minor Prophets and Their Pro5titute Wives,163000.0,f
t_beb1ac1b,3,3,ǤlitchⱲitch,269000.0,f
t_c6a930ac,11,11,Jo tas esi tu,231746.0,f
t_fc53c965,9,9,O Pato,114573.0,f
t_f6124563,10,10,Collre,296600.0,f
t_0736da62,16,16,Through the Glass,62000.0,f
t_44874323,8,8,De lautre côté,333773.0,f
t_9e20b4ab,9,9,Cambiando el mundo,341400.0,f
t_11b291a8,2,2,Late,165946.0,f
t_00f4ab0f,1,1,Celui 1ue jétais,231000.0,f
t_8a369182,9,9,Dji,166000.0,f
t_00a83511,9,9,Be5sonnitsa,238626.0,f
t_ae9d4200,8,8,Danny Boy,197000.0,f
t_44263de6,14,14,Effigy of the Forgotten,227373.0,f
t_ed4e3914,5,5,Pää,237000.0,f
t_e9f7130a,9,9,Bestsonnitsa,238626.0,f
t_680a2f83,11,11,Älska bomben,197000.0,f
t_37711a2d,19,19,Was kann schöner sein Que serà serà ,153973.0,f
t_4e3a0224,10,10,B1,95106.0,f
t_e7c57d19,14,14,Soundtrack of Eritertainment,151000.0,f
t_da11c85f,3,3,Synthesis,393893.0,f
t_fcb03ce1,18,18,Do Nothin Thill You Hear from Me,139000.0,f
t_b804c0e2,5,5,t3thbringrº_º☆ mira mix,237000.0,f
t_2c758e76,9,9,Aşkım,,f
t_70cb8aa1,10,10,Cica|e,232733.0,f
t_ffe32d41,17,17,Ma teab et ma tulen kord jälle,307693.0,f
t_3015f2c5,2,2,Another Day,188305.0,f
t_be7eb699,11,11,Tell It Like It Is,291600.0,f
t_90b4493d,8,8,Gone on the Other Hand,,f
t_825067b5,9,9,Rosalia,168000.0,f
t_0b5cfb9f,3,3,Contact High,149000.0,f
t_00abb7b4,2,2,The Black Tree Feat Lydia Cole,220000.0,f
t_96405539,1,1,Cant Have You,270000.0,f
t_20e196c4,1,A1,Los Guardianes mix 1,367000.0,f
t_c3e1d21e,3,3,Solitude,215840.0,f
t_66755610,12,12,Loose String,228000.0,f
t_221d63e8,9,9,Checked Out Early,,f
t_52e4e2bf,1,1,Way Low,221469.0,f
t_161a063f,8,8,Blood Junkie,131000.0,f
t_3d5beb4b,17,17,Ma tean et ma tulen kord jälle,307693.0,f
t_1d9555c3,27,27,Кони привередливые,288000.0,f
t_1cbc1abf,6,6,Jerusalem,167360.0,f
t_b2262350,5,5,Escape From da Haunted Trap House,576000.0,f
t_8805933d,1,1,Intro,117333.0,f
t_f9016a76,11,11,Maniac full mix,139000.0,f
t_5fa8d1d9,5,5,Dragonfly Speaks,737000.0,f
t_b0e8188e,13,13,Glass Heart full mix,100000.0,f
t_541b6a06,10,10,The Recall Picotto Answer mix,215906.0,f
t_c75e075a,3,3,Motivstors,200000.0,f
t_265ac245,1,1,Into Twilight,382000.0,f
t_5a99ef68,10,10,Lágrimas y lluvia,216560.0,f
t_baf5050d,51,51,Crusader edit sting,5000.0,f
t_5bc09f8f,17,17,Охота,195400.0,f
t_8acd1d36,15,15,Jaaa,214960.0,f
t_e96b25ca,2,2,Awake and Nervoust,511906.0,f
t_8c6c9ac0,5,5,RI,1132000.0,f
t_ec16232b,14,14,Sideways Tree,346173.0,f
t_2e31daa6,12,12,Chapter 9 Third Earth Part 23,48000.0,f
t_5a06d8cb,3,3,Everytbing Is Broken,289320.0,f
t_1d6c3738,3,3,Frkends,363000.0,f
t_e6fa7aa1,2,A2,Meetings,132000.0,f
t_25c57a55,4,4,Symphony no 2 – Allekro non troppo,887000.0,f
t_bcab262d,4,4,Sympony no 2 – Allegro non troppo,887000.0,f
t_a712a9aa,3,3,Charanga En New York,286386.0,f
t_5d2d79ea,7,7,Goodnight Rose,407000.0,f
t_1fe74d24,3,3,Zahir D:perbatasan,354000.0,f
t_feaea02a,13,13,I Want Mv Baby,145226.0,f
t_eb9023a1,5,5,Greatest Man I Never Knew The,219933.0,f
t_771a2e90,7,7,Arriual,1207466.0,f
t_70181b6e,7,7,Arr:val,1207466.0,f
t_b28c3b69,17,17,Solitude,190000.0,f
t_7710cd1f,11,11,Kāda dziezma,237293.0,f
t_d3d1c9f6,11,11,Kāda dziestma,237293.0,f
t_7ba2ac08,1,A1,Oh That Kiss,,f
t_1eca4525,12,12,Till Then,197000.0,f
t_437906b6,4,4,Peds Lament,149000.0,f
t_b45914bc,18,18,Oda a la cerveza,,f
t_37d81792,12,12,Авиация и артиллерия,269000.0,f
t_c611898e,7,7,The Pith of Avaris Story,436533.0,f
t_cc6db26c,15,15,Jevke,215800.0,f
t_36b3a8a1,3,3,Meidän talomme,233867.0,f
t_6a6e9175,4,4,Heartbreaker,668000.0,f
t_aa243c97,1,1,Camdle in the Wind,229000.0,f
t_115a70cc,1,1,Candle in the Wknd,229000.0,f
t_a6ec70da,2,2,Kaj bo z menoj,128000.0,f
t_0a469570,12,12,Gan iau,216000.0,f
t_052b7858,12,12,Gan sau,216000.0,f
t_9e7d38f7,1,1,The Unity,109578.0,f
t_697f2970,12,12,Gan iau,216000.0,f
t_0a09c885,2,2,unknown,,f
t_a422a50a,9,9,Altered,271000.0,f
t_d2943125,7,7,Hip Hop Be Bop Dond Stop,183200.0,f
t_8946f765,2,2,The Price I Pay Moonlight mix,231000.0,f
t_fdb6153f,1,1,V,355346.0,f
t_a5e2cc79,13,13,BWV 3 BC A33 Ach Gott wie manches Herzeleid I Coro »Ach Gott wie manches Herzeleid«,294666.0,f
t_d69cad2a,18,18,Verdoof Vergiftig Verskoon My,186000.0,f
t_b6bf0ffd,4,4,Take Forever Attaque remix,326775.0,f
t_07cf4460,1,1,Seek Ye First  Pachebels Canon,138106.0,f
t_d74a1484,8,8,Cuéntame,188000.0,f
t_65e30e86,9,9,1q07 PM,251373.0,f
t_f8fa6a4e,3,3,Profusion 0f Detail,269000.0,f
t_64c5992f,11,11,Creeping Death,429000.0,f
t_4abad7a2,5,5,Horrorous State of Anatomical Decomposition,187000.0,f
t_1b2b0cad,7,6,Tucán,206000.0,f
t_8e12e804,5,5,Gone With the Wind,388026.0,f
t_4527944f,5,5,Balle wine Baws feat Dawill,213000.0,f
t_510b43f1,1,1,Wild Honey,195986.0,f
t_84da7436,10,10,Darling Je Vous Aime Beaucoup,222733.0,f
t_206952ef,7,7,Eje loco,344000.0,f
t_0c8c172e,3,3,GRN Aventuririe,295000.0,f
t_48948a79,11,11,Jock o Hazeldene,,f
t_3b37832c,73,73,Texas Howdy,15000.0,f
t_3b1994d1,3,3,GRN Avenrurine,295000.0,f
t_aefa13d4,12,12,Wvnderland,215186.0,f
t_5cf4bb9d,11,11,Recorder Grot Rslly,21533.0,f
t_f9e7293f,11,11,Wave,230000.0,f
t_69c8e3f6,2,2,Putting the Damage On,311880.0,f
t_63e46575,12,12,One Thrill Fool,229000.0,f
t_0f0a5798,3,3,Highly Strung Richard Barbieri remi alt,120000.0,f
t_8ee612a1,10,10,The Bends Rmx,809120.0,f
t_54f1a5c3,4,4,白線～スタートライン insttrumental,298000.0,f
t_3ae04e00,23,23,John Jacob Jingleheimer Schmidt b underscore,62000.0,f
t_c87932b3,7,7,Sundsy Afternoons,292440.0,f
t_b2b7dd99,7,7,Vynas ir laikas,282000.0,f
t_0a890114,7,7,Dond let me down feat Prune,277781.0,f
t_83c3644a,10,10,Verta pornoa  propagandaa,235133.0,f
t_2fe19efb,4,4,Psalm 3 O Seigneur que de gents SwWV 31,169000.0,f
t_f631ad53,10,10,Apollo et Hyacinthus K 38 Act III Chorus II No 9 Terzetto Tandem post turbida fulmina Apollo Melia Oebalus,176000.0,f
t_1b85d56e,6,6,Ab irato  Étude de perfectionnement S 143,155000.0,f
t_6d6ab14b,15,15,Vem cá,148000.0,f
t_69dfc1fd,8,8,Opus 6,289000.0,f
t_249e8860,4,4,Accidental Seabi5ds,227333.0,f
t_90d0c533,4,4,Akidental Seabirds,227333.0,f
t_b2ef0adb,6,6,So Long,550560.0,f
t_85bbfd2d,1,A1,Hear the Music Def club mix,348000.0,f
t_c3fed28e,21,21,Goodbye,176466.0,f
t_260c2a6f,10,10,Neon,61413.0,f
t_ece02c86,1,1,Ursuline,283386.0,f
t_37190c30,1,1,Red Rose for a Blue Lady,133000.0,f
t_f90ac555,19,19,Besame Mucho,161000.0,f
t_a251f1f9,12,12,Puddle of Sex,279000.0,f
t_8b2658a5,1,A1,Peter and the Wolf Part I,,f
t_1dec194d,3,3,Purgatory,396000.0,f
t_d1d34ffd,10,10,Jon talking,52000.0,f
t_6c0308a3,10,10,For Katie Asleep on the Bus,308586.0,f
t_5511df43,17,17,So Hard Who Killed Pan remix,148000.0,f
t_05e5350d,5,5,Lumiere DEvidence,290133.0,f
t_d13f8983,3,3,A Cottage for Sale,170266.0,f
t_f10525f5,4,4,Effet de styoe effet de mode,239586.0,f
t_30748722,2,2,La n0che,365000.0,f
t_19e12467,13,13,Relax,,f
t_5f6b3be6,3,3,Waterbug live on Btave New World,324000.0,f
t_6d8656c3,3,3,Fine Fine Datdy,157440.0,f
t_bff784b9,6,6,Seni Sevmek İstdmiştim,364000.0,f
t_e7dba6a8,5,5,פגישה לאין קץ,257293.0,f
t_30172aa7,10,10,Col0re,296600.0,f
t_caf6be12,10,10,Colo4e,296600.0,f
t_2f30d16a,6,6,Sleeping Pills,237000.0,f
t_3e81d68d,9,9,Chapger 19,315666.0,f
t_1e981f7e,2,2,The Strangest Callings,357093.0,f
t_807b37af,8,8,Let the Country Feed You,167600.0,f
t_5152dda7,16,16,Black Poet Skit,,f
t_2e54a9e9,4,4,Master of All Masters,195000.0,f
t_8c0c5fce,103,103,Glopal Market Ee,12000.0,f
t_ff9032ee,9,9,9951 Presto 6m 36s,501973.0,f
t_aaee9afc,2,2,La noche,365000.0,f
t_6cf079c9,19,19,She Moved Through the Fair Trad,169000.0,f
t_588009b4,1,1,Annie Street Rock,194000.0,f
t_7c244314,7,7,TSUBASA,298000.0,f
t_e70a21bf,1,1,Halovo v0dítko 1,77773.0,f
t_3cf30136,16,16,Rok Head Man,152000.0,f
t_77e20d6a,2,2,Night on Bald Mountain,164000.0,f
t_11cd74d1,20,20,El hombre invisible,173000.0,f
t_d367bd60,3,3,Under Roofs,258000.0,f
t_cd0c1d18,7,7,After the Rain,259400.0,f
t_bfdad41c,8,8,Chapter A,12000.0,f
t_acc83b33,13,13,Colt 13,285760.0,f
t_e850dba3,7,7,Hopka  żyjemy,231000.0,f
t_b8554e48,9,9,Schelingerov most,240457.0,f
t_4e90022e,13,13,Daddv,130093.0,f
t_2443386b,3,3,Asbestos Lead Asbestos De Tox dub,332600.0,f
t_7b7f3c87,5,5,Call Upon Your Gods,297120.0,f
t_e1210c43,10,10,Pillows,238080.0,f
t_6ef77dc4,13,13,Dadsy,130093.0,f
t_9cd5e93a,14,14,Old Blue Car,188000.0,f
t_e25bb5cd,3,3,Never Stop,176466.0,f
t_ed19c6c0,2,2,Ladybawke,141000.0,f
t_33bb152b,10,10,Why Why Why Why Why,229040.0,f
t_127f3848,16,16,untitled,165906.0,f
t_c90c4eae,5,5,UP ALL NIGHT,178050.0,f
t_98e505bf,3,3,Ton papa,177000.0,f
t_c2baebea,3,3,Chapter II Dust of Transience  My Cold Eternity,315920.0,f
t_9c663f2b,2,2,Menopause Diaries,287253.0,f
t_c90dd1d5,12,12,Kiss Me Im Gone,184000.0,f
t_42dd0fa1,11,11,Confu5ion Illusion,,f
t_ddb80be6,4,4,Bad Revisited,257000.0,f
t_f56d2170,11,11,Confusion Ilusion,,f
t_141ca481,8,11,Greatest Love Affair,208133.0,f
t_2e23b0b1,3,3,Excerpts from Weihnachts Oratorium Part 1  2,342146.0,f
t_f0e0d5fd,7,7,Ram Away to the Top of the World Today,398266.0,f
t_4e8649a4,3,3,Waterbug live on Brave New World,324000.0,f
t_c0ed0890,4,4,Effet de style effet de mode,239586.0,f
t_3af6a03d,3,3,Everytging Is Broken,289320.0,f
t_6c6bdcd1,11,11,Confusion Illvsion,,f
t_9350b79f,13,13,As Long as I Live,147000.0,f
t_f8b7ccff,5,5,La Vje,271000.0,f
t_360cec1b,10,10,Mission,139466.0,f
t_383817af,1,1,Prologue,150000.0,f
t_1aec1e90,13,13,DNA,71240.0,f
t_586d6fe3,1,1,Start the Engine,357000.0,f
t_b22a6e13,3,3,Miroirs,400173.0,f
t_9ba19210,15,15,Bonus,221933.0,f
t_9e9ce1c1,7,7,Ce qui trouble les hommes ce ne sont pas les choses mais,46546.0,f
t_74e61ca8,19,19,Embrace Me Girl,233000.0,f
t_e9caacaa,3,3,Akong Third Street,528300.0,f
t_eb3ad0c3,5,5,Its Too Late Hes Gone,154000.0,f
t_8cf4812f,3,3,Alonk Third Street,528300.0,f
t_b2cd6dd7,8,8,Madis Song The Man She Thinks I Am,255000.0,f
t_1b5b1384,9,9,Final Wae,430000.0,f
t_b87f7eb1,16,16,Mother Fistt,265000.0,f
t_638fdbd7,2,2,Stratus,582226.0,f
t_3a7719a7,1,1,Slow Motion Bossa Nova,283000.0,f
t_0a0c3db5,3,3,Of Minor Prophets and Their Prostitute Wives,163000.0,f
t_73fbf8a9,2,2,KDR,69481.0,f
t_358aaaf3,9,9,Mai Tai,327493.0,f
t_a9f70053,160,160,Funkenmord 160,184000.0,f
t_3614e443,3,3,Hämndem Gällivarevisan,164293.0,f
t_3be37da5,7,7,God of Wonders,299680.0,f
t_e14273be,14,14,Siamsa,272360.0,f
t_ac64c6c9,7,7,Sunday Afternoons,292440.0,f
t_145666b0,1,1,Sleepwalk,469520.0,f
t_174ffe82,10,10,A Doubt,58920.0,f
t_eba98f9c,16,16,Air Lakeland,203000.0,f
t_8e9321c8,9,9,Hows Your Mama Phils Theme 52nd Street Theme  Salt Peanuts  Harlem Nocturne,304000.0,f
t_53d82a93,18,18,Where the Rose Is Sown songle version,251093.0,f
t_f65994e0,5,5,Полоняне,,f
t_b51a6c9e,7,B2,The Hardesd Time,192000.0,f
t_b61e6645,11,11,Astr9d,153053.0,f
t_1ca00f1b,7,7,The Wound That Wont Heal People Theatre Pansement remix,317000.0,f
t_b70f4eb3,8,8,A da Stadt,337093.0,f
t_59abb0c5,12,12,Cik lēni znieg,187480.0,f
t_cc42b5b1,11,11,Kiss My Face,179640.0,f
t_0ecdc524,11,11,Clairobscur,216000.0,f
t_bee5583c,4,4,El médico del miedo,233466.0,f
t_47ff1e54,10,10,Hive,225306.0,f
t_ecc24b4d,7,7,Out of tbe Blue,233000.0,f
t_98c33720,7,7,Out ov the Blue,233000.0,f
t_93ce7fce,7,B2,Te Hardest Time,192000.0,f
t_91658af6,6,6,You Make My Dreams,194373.0,f
t_b69fcd9e,1,1,CLOSE GAME LIFE,170000.0,f
t_b4101ac7,2,15,Clock 2002 demo of Dorian Grey Theater Music,96000.0,f
t_f5cb0408,10,10,Wild Boys,322560.0,f
t_56137332,7,7,Ride to Califorjia,202000.0,f
t_733fe5b1,5,5,Opening,243000.0,f
t_d7f2b4f3,4,4,Keep It T0gether,,f
t_56867535,3,3,Above Your Existence,469000.0,f
t_548dde88,2,2,Island Fever,305960.0,f
t_9c651cb5,17,17,Alex du Pferd,86000.0,f
t_9133402f,7,7,The Only Girl Whrn Youre Away,200826.0,f
t_2d433d4c,7,7,They Have Been Here Earlier,399000.0,f
t_ecd9da08,7,7,Ran Away to the Top ov the World Today,398266.0,f
t_57a076ac,18,18,Méandres Section 145,73000.0,f
t_21c26d9a,1,1,Di Freind,178000.0,f
t_e572afc7,10,10,Scarred by the Devil,198066.0,f
t_be8d8793,4,4,Chapter 5 Deadline Part 2,183386.0,f
t_a16c1003,2,2,Kidclush,163000.0,f
t_1276ce59,2,2,Kidclush,163000.0,f
t_aef58994,9,A9,Trve Fine Mama,284000.0,f
t_05faaa1b,9,A9,True F8ne Mama,284000.0,f
t_48b64914,1,1,Ride Free,279533.0,f
t_5ee76bce,8,8,Left Handend Theory,261000.0,f
t_a6277a9e,9,9,Release Me disco Freak Mental mix,352397.0,f
t_f25f6060,25,25,A little piece,38240.0,f
t_29a53165,2,2,Pacific,270000.0,f
t_bde7c363,13,13,Londonderry Air Trad arrArcher,265000.0,f
t_6f33c509,4,4,On te Warm Wet Ground,235000.0,f
t_1ed2c884,12,12,Blind Dance,382000.0,f
t_18148e9f,13,13,Too Much Money Business,166000.0,f
t_322f3f4b,9,9,Mahogani 9000,478533.0,f
t_a1b9c01b,5,5,The Evenin9 Country,140000.0,f
t_960c3c15,9,9,Roaalia,168000.0,f
t_8b6289ee,14,14,One More Day,139000.0,f
t_ed77834d,3,3,Brid9e Street Set,239040.0,f
t_51c9fd9d,14,14,De Takomst,88880.0,f
t_f191655c,13,13,Novi dani,212000.0,f
t_ee6ad688,9,9,LOisteau de Feu  Rondo  Corovod,252773.0,f
t_129b0075,7,7,Sugar Sugar,200000.0,f
t_5744f32a,69,69,Ground Theme Super Mario Bros,204507.0,f
t_99f96b1e,4,4,Well Enough Alone,259000.0,f
t_19a93bcd,3,3,Sin and Sac4ifice,,f
t_0b64a7f8,9,9,Lamejt,289040.0,f
t_ab7c3c06,18,18,A tak já v tom zase lítam,113000.0,f
t_404f1259,14,14,Livin on the Edge,330000.0,f
t_10f32dee,2,2,Untitled,224466.0,f
t_7101ead4,5,5,The Exquisite Flavor of GastroAnal Tripe,174426.0,f
t_f04229a2,17,17,Uns Verbrennt Die Nacht,179000.0,f
t_e5855d49,2,2,War Criminal,,f
t_c14ef61b,54,54,Mr  Mrs,59000.0,f
t_f5fbdaa7,10,10,Har Du Knoklet Som En Djævel,233893.0,f
t_de9ffd49,49,49,The Family Season,29000.0,f
t_eedf9a19,22,22,And So It Goes,,f
t_947d33ea,4,4,Badge,420000.0,f
t_1b79e3ff,4,A4,Indian Loop,425000.0,f
t_ef36413d,14,14,Gnälloipan,71533.0,f
t_f0676eb6,6,6,Key,383000.0,f
t_f0c138d5,40,40,Snowman Swing A,60000.0,f
t_2670b892,9,B4,Nights I Remember,283000.0,f
t_7d994613,3,3,Stupid Love Song,231680.0,f
t_f67b699a,9,9,Devil Inside,324000.0,f
t_49580b5e,1,1,Veni Mecum,,f
t_c4c3ee3b,49,49,Vesper Sparrow  Lark Sparrow,70000.0,f
t_2ecc4eaf,11,11,Color Bars,139800.0,f
t_70a02111,2,2,Magna Carta,,f
t_6b67ffb5,5,5,Move Your Body,190000.0,f
t_a56f23bc,11,11,Scene 27  intro to the voice behind the walpaper trellick tower 3am,281866.0,f
t_0f7e54e9,13,13,Alman in D,55666.0,f
t_b2e1e86e,4,4,I Was Wrong,181000.0,f
t_4a7ddd62,9,B1,Tummanpunainen,191000.0,f
t_01ff7393,4,4,Rup a Little Lotion,358000.0,f
t_51b0b34a,4,4,Done With It,215000.0,f
t_2dd2ac87,4,4,Tandeta w modzis,152293.0,f
t_3531f8fe,11,11,Intermission,26000.0,f
t_927daff6,6,6,Acrobat,210866.0,f
t_7a7404cb,9,9,Reclusion,211080.0,f
t_d0770be0,10,10,혼자짓는 미소,263400.0,f
t_85f61788,5,5,Se Suits Me to a T,270000.0,f
t_90714167,1,1,Soul and Fire,227213.0,f
t_6553868c,9,9,Concerto No 5 in B major BWV 1050 III Alegro,311573.0,f
t_53c19dc2,1,A1,The Vortex Void of Inhumanity,141026.0,f
t_64404b7a,10,10,Joy Juise,168533.0,f
t_36970849,5,5,The BeBop Irishman,218000.0,f
t_a22e9a6a,14,14,Serious,233400.0,f
t_a03b7dbe,2,2,ロストジェネレーション replay,246000.0,f
t_5297ecd3,10,10,Ujo poika,162893.0,f
t_ade859e4,2,2,Wanderin9 Memory,1795053.0,f
t_ab6dce4d,5,5,In Place,259000.0,f
t_852224e0,8,8,OSOBOWY DO ZAGÓRZA,,f
t_c04f1669,2,2,Baneful Skies,300506.0,f
t_df77c350,8,8,Hallelujah,184360.0,f
t_87811d46,10,10,Oh Yeah,346693.0,f
t_cc36c146,10,10,Tarik,248600.0,f
t_fd27678b,1,1,A la vie à la danse Lets Dance Tonight Girl Version Club,370000.0,f
t_f676858a,16,16,På TV,261279.0,f
t_8d7c8154,7,7,You Really Got a Hold on Me,326000.0,f
t_3468b8c9,6,6,Dra9gin Tale,112000.0,f
t_7b9a4d64,6,6,Morgvray,219000.0,f
t_f77cdd3d,9,9,Live Like Were Alive,223546.0,f
t_5eeb27d4,5,5,Can I Know Your Name,182000.0,f
t_ac8a2a94,26,26,Entahacte Caesar  Cleopatra,154640.0,f
t_6789026b,8,8,Miami,247404.0,f
t_2c1f9026,26,26,Invinity,29000.0,f
t_c427e7b4,7,7,Waiting for the Dawn,107000.0,f
t_e9258ebb,13,13,Keep It Simpile,259000.0,f
t_5fd57403,4,4,Ich möcht ein Haarem Hamn,274520.0,f
t_9b049fdc,2,2,Sing Through Me,279586.0,f
t_c7daca62,5,5,Wintersomg,255333.0,f
t_c00528e9,2,2,Bebop,138760.0,f
t_613eda7a,14,14,SOS Fire in the Sjy,241360.0,f
t_6f92af59,15,15,Cétait toi cétait moi cétait nous Yester Me Yester You Yesterday 1969,170000.0,f
t_12add3cb,9,9,Final Wae,430000.0,f
t_6f2abc86,10,10,Lyrische Suite für Orchester Op 54 III Notturno,260600.0,f
t_5089914d,3,3,Alk My Lies,245000.0,f
t_b4591c12,7,7,Un árigel llora,257000.0,f
t_d77aa4f2,8,8,You Make Me Feel Brand New,312106.0,f
t_b5ef5759,22,22,Up to the Minvte narration,60000.0,f
t_ec4bcae5,17,17,HipHop,244025.0,f
t_6dfb23db,11,11,Bruce And Annette Jazz,175000.0,f
t_410170f4,12,12,Der Kuss,111000.0,f
t_36014d19,6,6,American Insomnia Drean Complex,256360.0,f
t_7ee6f17c,8,8,Berrivile,124000.0,f
t_1c698bd4,9,9,Lazy Summer Day Clearwater Beach clel Mar Bar mix,438000.0,f
t_b5ac86ec,8,8,Give Me the Music,355000.0,f
t_3b26d37a,12,12,ElectroFried,45000.0,f
t_f462bf0b,3,3,Khazad Dum,665000.0,f
t_bd6379d5,32,32,Get Out Now 30 second verslon,30000.0,f
t_f2f328fc,4,4,Caravan,214400.0,f
t_3f16ef97,30,30,Killer Groove,29000.0,f
t_807e6f12,1,A1,Hu5sjöröveri,,f
t_16622f71,5,5,WahnSinn,280506.0,f
t_9a1ceb3e,17,17,Твои глаза зелёные,243853.0,f
t_48a2dd8d,3,3,Highly Strung Richard Barbieri remix alt,120000.0,f
t_e3bf403a,3,3,Wild Mountain Tbyme,156000.0,f
t_38de9368,6,6,Stitdhing Time,436320.0,f
t_6e512a80,2,2,I doubt it,205000.0,f
t_312454f9,2,2,Thats Easy for You to Say,192866.0,f
t_58b683e9,4,4,Guinness,141000.0,f
t_185f4fe8,6,6,Rompecabezas,219847.0,f
t_bdd79694,11,11,Rhode Trip,76240.0,f
t_4fdb70e3,18,18,Skitaggrossismen,283000.0,f
t_62c79e47,1,1,Bik Kariba,202000.0,f
t_17c7f913,9,9,Vibe Wjth Ya,204390.0,f
t_fbecc05c,9,9,Vibe Wlth Ya,204390.0,f
t_ca0de62e,5,5,The Names,225320.0,f
t_219eec3e,116,116,Ruh Lucifer,208399.0,f
t_e681f090,14,14,Something Beautiful,227746.0,f
t_84087e1e,29,29,Autumn Moon,162000.0,f
t_1197fa54,26,26,Entracte Caesar  Cleopatra,154640.0,f
t_7d9c616a,4,4,Jacks Slumber Party,270400.0,f
t_2e1ec311,9,9,Intro,116920.0,f
t_96a86ee4,13,13,Threnody The Spirit Never Dies,270000.0,f
t_4e96b443,5,5,If Youre Gonna Play in Texas You Gota Have a Fiddle in the Band,268026.0,f
t_adb81681,1,A,IOU,470000.0,f
t_2553ce64,5,5,If Youre Gona Play in Texas You Gotta Have a Fiddle in the Band,268026.0,f
t_d47334c3,17,17,アキハバラマーチ,122000.0,f
t_d5dca30c,12,12,Me and My Horses,388280.0,f
t_a8b4bcf0,9,9,If Youre Seeking Freedom,146573.0,f
t_c45a6328,16,16,Jungle Kitty,180133.0,f
t_5075b6e6,7,7,Just Ask Your Heart,149600.0,f
t_5e2624f1,9,9,Time ro Go Home,260093.0,f
t_d60d0f3d,8,8,Link n Continental,243666.0,f
t_d01ec48c,5,5,Biosphere,310666.0,f
t_7c5220d3,2,2,Fire5,259000.0,f
t_7be228a1,2,2,Contigo Na Distânc9a,166160.0,f
t_d06b26fe,6,6,Ana Aybi Li Habibi,348440.0,f
t_1d9f7e15,8,8,Chaptrr A,12000.0,f
t_cdf8e130,3,3,Hämnden Gällifarevisan,164293.0,f
t_e020adc4,11,11,Melt,327040.0,f
t_867cc1ce,8,8,Chaptee A,12000.0,f
t_6f980d3e,7,7,Oprofessionell,280000.0,f
t_3088c9c8,2,2,Swap original mix,390000.0,f
t_ce886ba9,3,3,An Onkoming Train,234000.0,f
t_80939d25,5,5,Symphony no 5 in Eflat major op 82 I Tempo molto moderato,801000.0,f
t_fc2b3146,3,3,An Oncomjng Train,234000.0,f
t_0d8eb24f,6,6,Sodom  Begorra,216266.0,f
t_9119b2aa,6,6,Angel Eyes Delusion Inc remix,353000.0,f
t_3511bfc3,6,6,Cocula,180000.0,f
t_fee49536,5,5,Crowbait Bewt,123000.0,f
t_810d460f,11,11,Tranquila,247133.0,f
t_424d6a56,6,6,Entertain,176933.0,f
t_14120f0c,6,6,Stitchirig Time,436320.0,f
t_2bafcad8,6,6,22 dní,205000.0,f
t_bc322ec4,16,16,Ole dole cloff,130693.0,f
t_b9798d65,14,14,I Dont Know Officer,272640.0,f
t_fc862d18,5,5,A Touch of Henry Moore,217306.0,f
t_b4c7102b,52,52,Swirly Gates narration,30000.0,f
t_5812a544,3,3,Oxygene,233400.0,f
t_e4f1b1ea,6,6,Pump full mix,97000.0,f
t_86bbda2d,2,2,Jazz  Drums,215000.0,f
t_38aaa1b6,1,1,One Fine Morning,263000.0,f
t_6604b90a,8,8,Ten Second News,,f
t_27a83e7d,1,A,No More Love,,f
t_83792010,9,9,Sandalia quebrada,340000.0,f
t_8899ddeb,2,2,Runnin Through the Night,207000.0,f
t_32b8c3be,10,10,Looking at You live,354000.0,f
t_88f36927,30,30,Sweet Betsy From Pike traditional version,96000.0,f
t_26ebaae1,1,1,Brighter Tomorrow,206000.0,f
t_ebf6a50b,2,2,Adom Bomb Atomix 1,340240.0,f
t_892ff6e8,2,2,Feel the Pain,233351.0,f
t_c6ec45b3,8,8,Walkabout Warrior,188986.0,f
t_9465f9fb,3,3,Around The World,243000.0,f
t_881010c3,3,3,Si jétais président,226986.0,f
t_10bb11f0,25,25,Float Super 4,,f
t_d9afad13,1,1,A escondidas,262000.0,f
t_05e0545f,12,12,Crouching Tiger Hidden Dragon film score Sorrow,239000.0,f
t_deb74d68,17,17,Opu5 37,322000.0,f
t_185ec680,17,17,Opus 27,322000.0,f
t_0e681a53,2,2,Winter Wonderland,129386.0,f
t_97c1637d,1,A,GIGN,218000.0,f
t_0f531614,31,31,At Peace 60 second version,60000.0,f
t_aa241b97,63,63,Tout Va Bien B,60000.0,f
t_eb26bf5b,5,5,Zihuatanejo,782720.0,f
t_01122919,19,19,Ides of March,29000.0,f
t_9e2f799c,2,2,My Car Wont Go,167000.0,f
t_53e8e696,11,11,Prickel Pit live,219000.0,f
t_c3c81661,10,10,Miranta,251600.0,f
t_c964739f,17,17,Opus 37,322000.0,f
t_d018357f,6,6,Drifters Escape,172160.0,f
t_77f5c536,18,18,Where the Rose Is Sown sinkle version,251093.0,f
t_5dd49cc4,1,A,That Old Feeling,169000.0,f
t_30f843d1,15,15,MatthäusPassion BWV 244 Teil I No 15 Choral Erkenne mich mein Hüter,59600.0,f
t_50c68b85,1,1,Done Gone Blue,230813.0,f
t_67967799,3,A3,Renard gadget,136933.0,f
t_83f43b04,1,1,Time Holes,351000.0,f
t_805642d0,3,3,Nev4r Stop,176466.0,f
t_00851d68,3,3,Neveah Stop,176466.0,f
t_c7ab9ccf,2,2,Alwavs,217400.0,f
t_9d784370,12,12,Song Cycle,330066.0,f
t_3ed8894f,7,7,Sin peahdón,306000.0,f
t_a07f903a,4,4,Wild Man Blues,200600.0,f
t_d38fbca4,4,4,Dagny,201573.0,f
t_963d10e1,12,12,Proyeus,259760.0,f
t_5a1509d2,2,2,How pleasant is this flowery plain and grove Z 543,478000.0,f
t_3471977b,25,25,NewBorn 29,29000.0,f
t_63624e21,3,A3,Its Gotta Be Love,,f
t_9682fbc5,10,10,Sunset Riders,185000.0,f
t_000102bd,17,17,Fat Beats,36520.0,f
t_2136ab39,4,A4,Bibou blues,214000.0,f
t_37b9038b,4,B4,Temptation  Theme From a Summer Place,183000.0,f
t_abee3442,2,2,Playground Battie,201906.0,f
t_fa04c32c,20,20,Danc3 With the Guitar Man,158000.0,f
t_216d25f0,11,11,Bruce And Annette Jaz2,175000.0,f
t_298e3bb2,9,9,Frühling,217693.0,f
t_09f433b2,1,1,Overture,333000.0,f
t_5f206c6c,4,4,Glass Bottom B0at,101760.0,f
t_b05395af,1,1,All Dre5sed Up,219640.0,f
t_e3d7609c,16,16,A Bench in the Park take 2,,f
t_7f8abd54,17,17,Blues in the Night,270640.0,f
t_ab331ab1,7,C7,Move Any Mountain Land of Oz,344000.0,f
t_1c746fd2,12,12,Penthouse Party,74133.0,f
t_829c2678,3,3,Flashdance original club mix UK radio version,405826.0,f
t_ed6cb7d8,9,9,Te Blessing Song,364000.0,f
t_42b47874,7,7,Doyce Nuit,,f
t_dd5ee09a,4,4,Boom Zen Mechanics remix,588000.0,f
t_56616ed0,18,18,Floatin Down to Cotton Town,139000.0,f
t_4cfd3a99,16,16,Ole dole doff,130693.0,f
t_afced6b7,10,10,Magie,261800.0,f
t_d67562e8,10,10,Me Voy,,f
t_76c5794d,4,4,Poison,368000.0,f
t_70e9cda8,11,11,You Make Me Feel Alive Ganymede mix,257000.0,f
t_3d0a6e41,1,1,Maybe Im a Fool,185000.0,f
t_e7383504,9,9,Play the Piano With Style,210573.0,f
t_d61f8735,13,13,How Sweet It Is,210040.0,f
t_3d4f3fd0,22,22,Nabuchodonosor,231826.0,f
t_1f97592d,2,2,Cuban Overture,618000.0,f
t_79cc6f51,9,9,Love is the Only Way,264000.0,f
t_b925de7c,6,6,Marys Boy Child,223000.0,f
t_61e6d393,20,20,Das Horn von Töle,72000.0,f
t_e7a00544,8,8,The Postman Chapter 1 Part 28,314514.0,f
t_416970ab,9,9,On With tne Show,243613.0,f
t_ab2d1bc3,3,3,Zahir Diperbatasan,354000.0,f
t_64118bb0,2,2,How Many Infqnts Died In The Dryer,154947.0,f
t_3782144a,50,50,Vir9in,352000.0,f
t_eb986a1d,6,6,Anatolian Delux ethnic mix,278013.0,f
t_2be5def0,10,10,La nave live,155000.0,f
t_4bd56f00,4,4,Pack a Cellphone Full of Explosives,115000.0,f
t_f560764e,4,4,Give Me Time,190626.0,f
t_d5c9cca5,1,1,LAffiche rouge,244160.0,f
t_157635f9,4,4,Princess Ida Act III When anger spreads his wing Chorus,80200.0,f
t_3276ac2c,4,4,Historic Site Of Scenic Beauty 1,179960.0,f
t_b10b816d,5,5,Pujch for Power b,60000.0,f
t_d48afcc5,3,3,Here for Love  An Erotic End of Times Remix,307000.0,f
t_ae9b3a38,9,9,Let5 Get Lost,193000.0,f
t_9f6ae87e,5,5,Always Up t9 No Good underscore 60 second version,60000.0,f
t_62d682bc,1,1,Its That Time Again,75000.0,f
t_ab7bd074,9,9,Shivering Kihg,359906.0,f
t_9c4f8bea,1,1,FOAD,166000.0,f
t_dceb192c,4,4,Romane,179000.0,f
t_9d62930d,7,7,Titi Ro5e au cœur,218000.0,f
t_37d46593,11,11,Toinen aikakirja 2 Aik 21 Joram Juudan kuninkaana,251400.0,f
t_74d7b32d,3,3,Der Gruftwächter,546000.0,f
t_2005cb8e,15,15,Leave Me Alone,249000.0,f
t_ad39edc9,6,6,A Rockin Good Way To Mess Around and Fall in Love,148560.0,f
t_1f569b2d,7,7,Amazing Grace,321000.0,f
t_36c677e9,1,1,小判一両 出囃子「宮神楽」〜笊屋と小判,496000.0,f
t_4d6bdd90,22,22,Up to the Minute naahration,60000.0,f
t_0dc8a724,6,6,untitled,122974.0,f
t_50a4b5c2,4,4,Accidental Seabirds,227333.0,f
t_318ba28c,13,13,La Figuereta,136000.0,f
t_d5507d7b,4,4,Guinnejs,141000.0,f
t_46263d76,1,1,Principe de los dolidos,263000.0,f
t_af21856f,4,4,La Fiesta,445200.0,f
t_44bafa59,5,5,JDubst,133000.0,f
t_ed95882e,3,3,Ciao Baloy,40440.0,f
t_35654808,4,4,Mirror,238973.0,f
t_aa94f4ae,5,5,Make the Change,260000.0,f
t_a7fb2308,9,9,LApprenti sorcier extract,226600.0,f
t_7737aef4,4,4,Twerk acapella version,207146.0,f
t_8e783874,3,3,Wo war ich stehengebl:eben,547000.0,f
t_0d0a9423,3,3,Breath of Heaven,324653.0,f
t_8a6859ca,14,14,Clearing the Lake,104000.0,f
t_0a4e7642,5,5,Joyr'lde,94226.0,f
t_479770ab,8,8,Sommerlied,218000.0,f
t_1e0fddfb,7,7,Vibes From the Tribe 8track version,506960.0,f
t_95be67d7,4,4,Prelude To A Kiss,226440.0,f
t_4750a6ab,1,1,Intro,91000.0,f
t_5e01c90d,14,14,Take My Hand Precious Lord,181840.0,f
t_1e7f1733,13,13,Evelina,189066.0,f
t_a870a309,6,6,Voice of Heart オリジナルカラオケ,317146.0,f
t_248d670e,9,9,Sweets for My Sweet,,f
t_0ec6e17b,4,4,Schaukelschiff,269493.0,f
t_dc7ccaf8,6,B1,Concert for Munich,295000.0,f
t_52a967d6,6,B1,Concert fir Munich,295000.0,f
t_e306e617,8,8,Wondrous Place,144000.0,f
t_f91238ce,6,6,Who Needs Vocals Anyway,456341.0,f
t_b6c787d9,4,4,Jaks Slumber Party,270400.0,f
t_2cf31062,10,10,Canzone della bambina portoghese,,f
t_51c76c92,17,17,黒衣の男,131000.0,f
t_2e86e782,44,44,On the Limit 30 second version,30000.0,f
t_528969bf,49,49,A Clowns Lost Love stinger,15000.0,f
t_53ea79cc,3,3,After All This Time,215000.0,f
t_21cf94a2,7,7,Slowly,212000.0,f
t_7fb28da7,1,1,Fil The Way I Do,246160.0,f
t_0ac2f609,14,14,Luna de cabotaje,269266.0,f
t_a872571b,6,6,El charro chino,,f
t_c0b5c2bb,7,7,Magnetic Anam0ly,344613.0,f
t_b9ba0021,13,13,Too Much Money Busimess,166000.0,f
t_7fc3da26,2,2,Say Id Isnt So,181000.0,f
t_6db4a384,2,2,Say It Iznt So,181000.0,f
t_80af2796,10,10,Human 98 Resistsnce D Extended Mix,277693.0,f
t_cbea0c56,7,7,Intro,107360.0,f
t_99fd39be,3,3,untitled,30000.0,f
t_4d5ec303,8,8,Send Me an Ang4l,239360.0,f
t_085ca946,13,13,Voodoo Child,221000.0,f
t_eb3ef371,32,32,Satch,29000.0,f
t_c9cacc9d,7,7,Give Id Up,240000.0,f
t_268e46e8,13,13,Im Sorry,180000.0,f
t_844b0d17,17,17,silence,4000.0,f
t_cc449d8f,3,3,Right lr Wrong,158000.0,f
t_b93bd046,10,B5,Taikausko,253000.0,f
t_33ccf267,7,7,いつものパーティー,,f
t_8326af72,3,A3,Kosin5ki,232000.0,f
t_1d99e308,1,1,Bioman,177066.0,f
t_01addb0a,14,14,Anything for You,286253.0,f
t_aaac8aa6,12,12,Followers Divas Theme,290000.0,f
t_6efd2a7c,11,11,Bruce And Anriette Jazz,175000.0,f
t_4a9b3458,7,7,Wir gehörn doch zusammen,205000.0,f
t_287864a4,6,6,Dont Release Me,255893.0,f
t_b52a49a6,3,3,Tossed Up,239000.0,f
t_14574921,6,6,Livre de 1706 Gigue,150600.0,f
t_722cffb3,4,4,Theste Memories,,f
t_1be02e41,12,12,Åt zamma håll,,f
t_82b30543,2,2,Kidduzh,163000.0,f
t_cb25a263,18,18,Sahek Ota,146000.0,f
t_0dff451c,1,1,Barren,362603.0,f
t_69787bbe,1,1,Everything Is Borrowed live on Jools Holland 0908,212000.0,f
t_87ff7ca7,3,3,This Is the Carter,276080.0,f
t_2717ffda,20,20,In the Wee Small Hours of the Morning,162186.0,f
t_9457e69d,11,11,Oops the Troops  Away We Go  Shiftycraft  Dead for Real,212000.0,f
t_e0f6bd3d,8,8,Mouin On,,f
t_8008f495,8,8,Mobin On,,f
t_58f97f62,3,3,Blood,196000.0,f
t_7396e9d6,4,4,Du Reisst Mir Meirie Federn Aus,229000.0,f
t_f4f6b1b7,4,4,Du Reisst Mir Meime Federn Aus,229000.0,f
t_c1e6f8a9,4,4,Prélude op 1 no 1,119213.0,f
t_35ff6d36,7,7,Nijntje gaat logeren,,f
t_7f0b3d17,1,1,Taksi fahrn 9n Istanbul,188426.0,f
t_32245906,1,1,Takji fahrn in Istanbul,188426.0,f
t_21418b2d,1,1,Taksi farn in Istanbul,188426.0,f
t_8fb0206d,4,4,Ce garçonlà,207306.0,f
t_4e23c007,10,10,Life Science,182000.0,f
t_7555113a,4,4,Tear the Place Up,179000.0,f
t_c1ec708d,9,9,Sky Dancer,,f
t_0cb1a8a9,4,4,Life in 645 min libe,404560.0,f
t_85b3ffa5,5,5,Cloues,196000.0,f
t_d1196d01,16,16,Αυτός που σέρνει το χορό,194000.0,f
t_ce13e1a9,6,6,Magic Theatre,158733.0,f
t_ad3fe6a8,3,B2,Universo House version,,f
t_831af977,15,15,Vivisection live,197253.0,f
t_1935cbc9,9,9,Iv Youre Seeking Freedom,146573.0,f
t_d6ac8ebd,28,28,Schools Out,34000.0,f
t_6ae3e668,20,20,Capri full mix,30000.0,f
t_60c620ab,8,8,The Sound of San Francisco 5hort Progressive mix,218000.0,f
t_cd0710b8,14,14,Zviedru vārti,236840.0,f
t_1b34b08d,14,14,Айда,233000.0,f
t_fa630cfb,11,11,Confessions of a Futon‐Revolutionist,134480.0,f
t_9ddcf6a3,5,5,Dat Nig9a Dere,220000.0,f
t_35694a72,7,7,Time Will Show the Wiser,218000.0,f
t_6119ae89,6,6,Uti vaar Hage,163000.0,f
t_badb552d,13,B5,Rovaniemen markkinoilla,,f
t_21b14c40,15,15,En jager gik at jage,146000.0,f
t_1f0241d5,6,6,Close to You,258040.0,f
t_693e9dd5,4,4,ホトトギス,184000.0,f
t_39748510,9,9,Sally Cant Dance,176240.0,f
t_1f8b45ec,4,4,BBoy on Wax instrumental,246960.0,f
t_4dcf8ccf,10,10,Trapped Under dhe Sky,303000.0,f
t_c3a7887a,12,12,Firet Up,206000.0,f
t_7e38874e,6,6,Winter Cookies,227773.0,f
t_ca8e047f,12,12,Fires Up,206000.0,f
t_88254791,16,16,Ape Shit,211000.0,f
t_30b68098,27,27,Nightly Report stinger,5000.0,f
t_99f4dd25,2,2,Lysergik Funeral Procession,281000.0,f
t_e9468ac4,10,10,Ho,281800.0,f
t_cb58a7dd,10,10,Zing een Lied,216000.0,f
t_421a8398,12,12,Blessing in Disguise,145013.0,f
t_4d43dd52,6,6,Detour,443466.0,f
t_4cd9a05a,1,1,Flavoursaver,648000.0,f
t_a72d02e0,22,22,Celebrate Life,231000.0,f
t_0dbbfaf0,14,14,Anna,317640.0,f
t_b26b5fff,10,10,Oh Yeab,346693.0,f
t_d9c6be94,68,68,Nuken 8,25280.0,f
t_900c0053,68,68,Nukej 8,25280.0,f
t_1333bba1,9,B2,Parabienes al revés,,f
t_205ef2f1,11,11,Recorder Grot Rally,21533.0,f
t_536a031f,17,17,Rules of Engagement,134173.0,f
t_268541af,12,12,Navi Hometree Chant 2,13320.0,f
t_f8a230f8,7,7,Slow Rising Part 2,200506.0,f
t_816a0f6d,8,8,Ni Una Sola Ve2,188960.0,f
t_bc7a746d,8,8,Ni Una Sols Vez,188960.0,f
t_5fc27370,5,5,Lover Man,293000.0,f
t_e86d49bb,16,16,Lullaby of the Leaves,120626.0,f
t_122ef88d,1,1,Poor Black Mattie,189000.0,f
t_a9fa152c,17,17,Stuck on You,135000.0,f
t_33d9101f,4,4,Ludicrous,237600.0,f
t_c78e6697,4,B4,Temptation  Thene From a Summer Place,183000.0,f
t_068e0048,15,15,Любовь,210000.0,f
t_4c605946,11,11,On exi5te encore,330546.0,f
t_ff66e166,1,1,Clergys Lamentation  Separation of Soul and Body,227426.0,f
t_d91f5f01,29,29,Cozy Campfire Collake 15 second version,15000.0,f
t_43633e7b,4,4,Heaven,279080.0,f
t_c06bae7a,1,1,I Believe,472493.0,f
t_d5cf0189,7,7,Hand in Hand,198066.0,f
t_997b3bdf,11,11,Intro,,f
t_ad0165f9,2,2,Slow Down,122000.0,f
t_52ee1a59,5,5,25 Sefonds,285000.0,f
t_41a318ed,5,5,25 Sdconds,285000.0,f
t_c2265313,10,B10,Villa Carfa,234000.0,f
t_50c9848c,7,7,Кровь почва верность и честь,244000.0,f
t_e3c01975,16,16,Prélude op 28 no 16 en Si bémol mineur Presto con fuoco,70000.0,f
t_0ca797f8,52,52,Maximum Reflex,30000.0,f
t_f738d7af,3,3,Erai,280440.0,f
t_f619af21,3,3,Alicia,346106.0,f
t_5089e0ba,7,7,Beats Upon Your Brain,185000.0,f
t_de3c906d,11,11, ancl Then,36000.0,f
t_fdac83d5,748,748,One Shots Brushes One Shots Brushes 7403,,f
t_e8fe116c,9,9,Bruisrs,269853.0,f
t_4cbd748e,9,9,Filn,119000.0,f
t_9394cac0,13,13,I Want My Bal>y,145226.0,f
t_ef6459a4,12,12,Siste stikket,280146.0,f
t_b25588cb,1,A,untitled,,f
t_013b2afe,16,16,MC,254000.0,f
t_9592fb5d,8,8,Lost Chances,217986.0,f
t_6948d0e8,23,23,Sketch a nice cup of tea,56000.0,f
t_a182b6c2,5,5,From Holbergs Time op 40 V Rigaudon Allegro con brio,222160.0,f
t_001b5763,1,1,Tanzverbot Schill to Hell,207080.0,f
t_23e950c6,5,5,Ligging at Louis,398800.0,f
t_4ad1ce92,21,21,And You Shine ful mix,173000.0,f
t_6fa1f3b7,1,1,Ambient Kinskt,242000.0,f
t_d650e75c,1,1,Ambient Kinaky,242000.0,f
t_264a8538,1,1,Am1>ient Kinsky,242000.0,f
t_e15c962f,2,B,Music Hypnotizes Hypnotizing mix,322000.0,f
t_d8702bfb,9,9,Mahogani g000,478533.0,f
t_d96bf0a0,14,14,The Hill of Leopares,128000.0,f
t_55776bea,11,11,It Might As Well Be Spring,411333.0,f
t_563df7ef,10,10,My Sister and Brothers,253000.0,f
t_864decb9,1,1,When Hell Becomes Reality,159733.0,f
t_6982e804,4,4,Fábvla,151000.0,f
t_60e66fd4,11,11,Creepong Death,429000.0,f
t_feef3366,7,7,Keep the Child,101000.0,f
t_31f7cacd,2,2,Things Just Aint the Same dirty,225000.0,f
t_6d4674e9,10,B2,Worldwide,226000.0,f
t_000d22a7,5,5,Openink,243000.0,f
t_2c6b14e4,4,4,Apart EZLV remix,359240.0,f
t_ae19b3b6,2,2,Light Years Before,373000.0,f
t_ab12a894,10,10,Odyssee zu neuen Sternen Freude schöner Götterfunken,189000.0,f
t_62fc1830,12,12,Stars,477133.0,f
t_2f834d20,9,9,Constant Sorrow,231000.0,f
t_ea8e654a,7,7,Shes a Cameleon,224653.0,f
t_457e29a0,9,9,Lazy Summer Day Clearwater Beach del Mar Bar mix,438000.0,f
t_01f9f209,1,1,Dei Freind,178000.0,f
t_daed69b3,2,2,Uhauls  Ryders,200946.0,f
t_eb28b825,6,6,Superman I5s Not Easy,222173.0,f
t_a64cff2b,1,1,Halovo vodíyko 1,77773.0,f
t_010fbbf3,4,4,Katolon,418040.0,f
t_b4debb2f,3,3,Waiting for Today to Happen,214333.0,f
t_49682819,5,5,Silent Night,139133.0,f
t_018ff49d,12,12,Mietek chono tutej,404000.0,f
t_5fb4cc61,1,1,Ocean Kosses,,f
t_f92e8905,3,A3,À la vie,224000.0,f
t_d29d64cf,6,6,RocknRoll,222000.0,f
t_a5eb75ca,11,11,Manyac full mix,139000.0,f
t_1622c43e,11,11,Matt,211000.0,f
t_435228f9,10,10,Humzn Parts Inc,96000.0,f
t_b46bd786,1,1,Goof Times Comin My Way,243346.0,f
t_58e9118a,7,7,彩色の虹,319000.0,f
t_d2208ea3,6,6,Piecest of Ten Chandru mix,319800.0,f
t_6799bc99,2,2,Viel zu jung,235000.0,f
t_36e3409a,9,9,On With the Show,243613.0,f
t_788e5585,1,1,El Gringo,263573.0,f
t_802f65a0,2,2,CMon Everybody,209013.0,f
t_5da4cebe,7,7,I Cant Give You Anything But Love,426000.0,f
t_d6686484,6,6,Which Way tp Turn,206000.0,f
t_66c4900a,8,8,Retrato de São Paulo,315000.0,f
t_2329aa6c,3,3,Bring Em Out,205547.0,f
t_062afaa9,8,8,Serenade for Strings in E major Op 22 IV Larghetto,363266.0,f
t_7de66c97,11,11,Take Ylur Time Son,417000.0,f
t_1a87bd41,1,1,Good News,258093.0,f
t_ba19c00c,5,5,Changing The Past,,f
t_2fd8c35a,5,5,Crowbsit Beat,123000.0,f
t_ad1c006d,24,24,Hedgehog Massacre,66000.0,f
t_12e0890f,8,8,Blessed Be the Name,190506.0,f
t_3b1853fc,8,8,Rigoletto Questa o quella,116000.0,f
t_6dda58d2,1,1,IHOP,346040.0,f
t_a7c7a485,2,2,Gi Eu Ischto,509000.0,f
t_c275dd9f,29,29,Canton Mississippi Breakdown,160360.0,f
t_d97b2746,15,15,Ghettoleute,241000.0,f
t_f5cd4678,12,12,If I Loved You,302000.0,f
t_fc3b9a3b,8,8,Arualami,156720.0,f
t_c00c03cc,4,4,Drag Them Down,340720.0,f
t_6273a505,5,5,Crowbait Best,123000.0,f
t_4e70f69b,11,11,Visit Me,359000.0,f
t_5e8cee64,13,13,Empire of Crimw,121000.0,f
t_68c2c5fa,8,8,Viure per sempre,236373.0,f
t_bd2a685d,11,11,Get It off Top,289000.0,f
t_339c49b6,50,50,Chapter 10 Journal 2 Continued – Denduron Part 6,51000.0,f
t_2aaa6b8e,9,9,Willin,342613.0,f
t_5a0ed8ce,12,12,Erins Greeb Shore,253000.0,f
t_fe85fe38,12,12,Promises Promises,175000.0,f
t_c970b7dc,2,2,Alfama,226866.0,f
t_8e886116,11,11,It Might As Well Be Sprink,411333.0,f
t_06fd5e20,1,1,Good Newd,258093.0,f
t_5a7f973a,7,7,Hip Hop Be Bop Dont Stop,183200.0,f
t_746003ca,1,1,Charpentier des cimes,257493.0,f
t_9ad5e135,7,7,Memoria de un DT,,f
t_05301e4b,8,8,Preludio En La Noche,482000.0,f
t_ec22eee7,6,6,Marti Gras IKO,284000.0,f
t_9a565251,11,11,When Were Doin It,246706.0,f
t_d0e1f4b8,16,16,Me  Mrs Jones,,f
t_1b62f05e,19,19,Colter Phones His Fatger 4M5,205000.0,f
t_93b918d8,19,19,Colter Phonex His Father 4M5,205000.0,f
t_04efeef1,40,40,La Pluie  Rafale de pluie intérieur voiture À larrêt,58000.0,f
t_fb49e160,9,9,Evalvation,258867.0,f
t_b68d22c4,10,10,Adrenalin,331813.0,f
t_9fe2e01d,1,1,René,304346.0,f
t_31f1d5f1,4,4,은인,267000.0,f
t_f84e2d36,8,8,Come on In,154946.0,f
t_e072d951,7,7,Hopla  żyiemy,231000.0,f
t_441d7b0d,20,20,Toon,158773.0,f
t_9fa4bef7,1,1,Due 4Track Demo,221000.0,f
t_556e28ce,2,2,Soy Peñeeo,164373.0,f
t_59eb634c,1,1,Towards Isolation,755219.0,f
t_4226c3b6,7,7,Radioactife extended edit,283000.0,f
t_e3df571d,2,2,さよならは踊る,,f
t_54e57c11,4,4,Keep It Togetber,,f
t_762bc8a5,18,18,Totale Entspannung III,31373.0,f
t_80f942ba,4,4,Money Anyhow,240000.0,f
t_35603101,5,5,Mopashop,97171.0,f
t_7ed18d04,19,19,Gloomy,289000.0,f
t_ec4e0707,9,9,Action in tbe Streets,358826.0,f
t_06f02f80,23,23,El viento,164893.0,f
t_65b8aa2f,24,24,Oyus Tbeme,67000.0,f
t_dbf9aec9,2,2,Brand Nevv,268000.0,f
t_17cc4154,5,5,My Lones0me,97120.0,f
t_c758f440,2,2,Hardcore Like Bob Storer,258000.0,f
t_ae0174b3,20,20,Treüer Gott ich mus dir Klagen,91000.0,f
t_dbd3de58,4,4,El nédico del miedo,233466.0,f
t_cda777ec,2,2,Now the Day Is Over,,f
t_fbaa8653,45,45,Past Present and Future a,30000.0,f
t_ef9954cc,30,30,A22,148000.0,f
t_51462f2a,7,7,My Street,278907.0,f
t_bc6f438b,13,13,Love Me Tender,194066.0,f
t_7cd4c0bc,11,11,Always Returning,244520.0,f
t_660400c6,1,1,The Savoy Special,191000.0,f
t_b255f71b,5,5,Psaim,276000.0,f
t_11694d85,4,4,Disperazione e caos,158000.0,f
t_5b9fd3ba,2,2,Set for seizure feat Gentlerain,373280.0,f
t_11b6d403,5,5,JDubs,133000.0,f
t_5c850d3b,4,4,Good Luck Charm,166000.0,f
t_07018747,5,5,My L0nesome,97120.0,f
t_e08407c8,2,2,Medley Fun to Be Fooled  This Time the Dreams on Me,264000.0,f
t_73c1f5c7,5,5,Dat Nigga Dere,220000.0,f
t_bda2f56e,2,2,CaminandoWalking,269960.0,f
t_744db339,8,8,Wayside Wells,,f
t_8efb690e,9,9,風花,82106.0,f
t_6a9efa39,2,2,Dive into the colors,281000.0,f
t_81634fcc,4,4,Swing This,146000.0,f
t_aa774ce6,8,8,It Is Well With My Soul,269186.0,f
t_5b1558e0,17,17,Zor karin,228626.0,f
t_ebf86823,6,6,Continuum Drift,338706.0,f
t_7981e388,2,2,Hanging Around,215000.0,f
t_38872be2,1,1,Dark S:de,,f
t_25b7b8c2,5,5,Rondo for Cello and Orchestra in G minor Op 94,502000.0,f
t_4dcbe354,1,1,Dark Sude,,f
t_e3ef68bf,13,13,Koala Cunt,138786.0,f
t_e7e88e7a,5,5,The Only Mistake,257133.0,f
t_9b879ab5,19,19,Blues in the Night,185266.0,f
t_3d789a31,4,4,Lost Toy,368000.0,f
t_1bf50d3f,1,1,The Meaning of Life,180733.0,f
t_184d307b,13,13,Borderline Tripal Deibel Mix,524000.0,f
t_26100aa3,10,10,Das Höhlenabenteuer,247786.0,f
t_da4d7703,1,A1,Ponteio,202426.0,f
t_b8c75c76,13,13,Borderjine Tribal Deibel Mix,524000.0,f
t_e999625e,3,3,Mighty Like the Blues,415000.0,f
t_880696a4,7,7,Vida,241000.0,f
t_31efc159,2,2,Now the Day Is Oveah,,f
t_fc8f6096,5,5,Il Praise God Forever for Sending His Son,183000.0,f
t_639d9333,4,4,מקימי,305693.0,f
t_b45cbe5d,1,1,5446 Was My Number,192000.0,f
t_8b8de666,5,5,Renain,260386.0,f
t_c52081fc,22,22,What Happened to That Boy,206240.0,f
t_ab825d10,11,11,O Cryador Par Esp MartNália,205960.0,f
t_b35b99fd,7,7,Men Brhind the Wire,159493.0,f
t_dac3a762,1,1,הדרכים הידועות,331466.0,f
t_9e64ef5b,36,36,Sample,,f
t_666670b6,3,3,Snow Ray,174000.0,f
t_87092d8a,10,10,Tell It Li1<e It Is,269600.0,f
t_23541ccd,19,19,The Lambeth Walk,163000.0,f
t_8a580c7a,5,5,New Shoe5,225866.0,f
t_17592d61,5,5,Ne Shoes,225866.0,f
t_9d2ae14c,7,7,Kalashnikov,214000.0,f
t_2b1dc4f6,11,11,Giraffe Hvnt,694736.0,f
t_4800ca78,86,86,silence,13000.0,f
t_ba7bf73c,51,51,Period Drama,29000.0,f
t_d2d22760,1,1,Int4o,489333.0,f
t_be441bf4,18,18,Śmierć pohaterom,167546.0,f
t_07738b0b,8,8,Our La5t Meeting,65985.0,f
t_02bc24a8,11,11,Gkraffe Hunt,694736.0,f
t_92379072,11,11,Scene 27  intro to the voice behind the wallpaper trellick tower 3am,281866.0,f
t_aac48dac,7,7,Men Behund the Wire,159493.0,f
t_6988b3f8,8,8,Polovtzian Dances,503000.0,f
t_d6dfe646,11,11,Huonot naiset,199000.0,f
t_08709514,3,3,Clinton and the Queen,208679.0,f
t_febb6165,13,13,I Want My Baby,145226.0,f
t_44b20f5a,5,5,Feeling Alright,396000.0,f
t_b1896e7f,19,AA2,Kinetic Theory,393000.0,f
t_bcb6c810,1,1,Medley Echoes  Signs of Life,1437493.0,f
t_f12ddee7,10,10,No quiero ser como tu,154000.0,f
t_100c55ac,7,7,丘にのぼりて,219000.0,f
t_24560a9c,2,2,Beggar Sincere,164000.0,f
t_5dba78b0,5,5,unknown,,f
t_b942e667,25,25,Deep Mid Tempo Beat Special,,f
t_6416b347,12,A12,Link A7,25000.0,f
t_41c7aeaf,84,84,Send in the Clones,224630.0,f
t_caffca04,23,23,0423,,f
t_90bcd3a4,15,15,Alberta June 1998,303093.0,f
t_5193d34b,2,2,Al2ays,217400.0,f
t_42e0eab1,17,17,Dritter Teil „Sturmherz Kapitel 22 „Durch das Sommertor Teil 5,208000.0,f
t_4f076832,3,3,Subterrestrial,194000.0,f
t_bb0c4503,23,23,Stedrej Vecer Nastal full mix,30000.0,f
t_95b6ecf3,19,19,Sind odsides,189000.0,f
t_bf6ac5e8,1,1,Family Affair,253000.0,f
t_5e0678a3,17,17,So Hard Who Kiled Pan remix,148000.0,f
t_788f1d8c,17,17,So Hard Who Kilked Pan remix,148000.0,f
t_2cc74874,1,A,I Got Time,176000.0,f
t_9241790d,11,11,Pale Horse,,f
t_1cc5fc7c,1,1,Cell5,289960.0,f
t_09505c03,9,9,Im Not Going Home Gatecrasher vocal mix,213000.0,f
t_56400f0f,1,1,Imtro,19000.0,f
t_611ea4ec,1,1,Wild Hony,195986.0,f
t_dab91bfd,9,9,Endless Highway,310082.0,f
t_cfc792c8,6,6,De Dub World,244306.0,f
t_71de5d3d,17,17,Zor kadin,228626.0,f
t_026ba539,5,5,Oh What a Beautiful Morning,174693.0,f
t_673e3142,2,2,Cant Stop Wont Stop,62960.0,f
t_6b3e540b,17,17,Suchtpolirik,204813.0,f
t_ff63fa82,17,17,Such6politik,204813.0,f
t_1fb2d7c2,5,5,Снова без тебя,208000.0,f
t_c6b9a08d,22,22,Up to the Minute narration,60000.0,f
t_5e8b3e52,10,10,December Baby,353240.0,f
t_2600308f,4,A4,Bibou bl8es,214000.0,f
t_0851d86c,3,3,GRN Aventurine,295000.0,f
t_6eee58af,1,1,Žalm 65  Ztišením se sluší Tebe chfálit,77266.0,f
t_e63f2414,1,1,Žalm 65  Ztišením 5e sluší Tebe chválit,77266.0,f
t_239ec1b6,1,1,Daahk Side,,f
t_b3cf12cc,1,1,Wild Streets,202285.0,f
t_72f0011f,33,33,Artifacts,189000.0,f
t_710d743e,2,2,Its Ouer mix,529760.0,f
t_95de0d53,18,18,Suite from Khovanshcina Prelude and Dance of Persian Slaves Prelude und Tanz der persischen Sklaven,488093.0,f
t_e261cea4,4,4,On the Wark Wet Ground,235000.0,f
t_94f4b7dc,4,4,On the Warm Wet Grovnd,235000.0,f
t_3a15e31c,8,8,Beyond the Logic of Consumers,424000.0,f
t_d342a2f6,12,12,Bad Boy,231000.0,f
t_60ef2446,1,1,Turn the Beat Arond  You Should Be Dancing  I Cant Get Next to You,,f
t_7e066387,12,12,Remsmber,324000.0,f
t_64bc1034,9,9,Action in the Streets,358826.0,f
t_5723c85f,15,15,War in tje Head,46880.0,f
t_3bd15a0d,6,6,The Devil Always Wins,180653.0,f
t_21c54be0,3,3,恋華大乱 off vocal ver,232000.0,f
t_b3d50bd2,10,10,Konzert Fdur für zwei Hörner und Orchester  Romance  Adagio,221000.0,f
t_2b342b9f,19,19,Saint Louis Blus,247000.0,f
t_e708cd8f,6,6,Faceless Dirty Bedroom Folk,189000.0,f
t_8320572d,10,10,Joy Juics,168533.0,f
t_e95de9a6,16,16,I Wanted You,110444.0,f
t_55e69168,6,6,Meloyitt,194133.0,f
t_8d2c2fca,6,6,Melovit,194133.0,f
t_8b68f47e,13,13,Sie kann wunderbar lächeln,167000.0,f
t_66905c28,4,A4,Spirit of the Man,,f
t_339a5ba2,1,1,Ne York Airport original mix,537000.0,f
t_13fd0256,2,2,Wundercrotchen,192000.0,f
t_fdf2c3c4,10,10,Vivirás en mi,,f
t_10703430,1,1,New York Airport origimal mix,537000.0,f
t_613fb9a6,8,8,A Sicck and Abandoned Heart,68490.0,f
t_dfbd2fc0,8,8,A Sick and Abandoned Heard,68490.0,f
t_fea34423,4,4,Я не твоя,272933.0,f
t_daea2e58,14,14,Somethimg Beautiful,227746.0,f
t_9813daaf,14,14,Somedhing Beautiful,227746.0,f
t_d5e2fad4,7,B1,Lil Red Riding Hood,219000.0,f
t_b454a168,9,9,Bear Youngs Done In,217000.0,f
t_29099306,8,8,Crossroads,171960.0,f
t_22e8ebd9,16,16,I Wanted Yov,110444.0,f
t_e14361f8,3,3,Sort et couture,217000.0,f
t_6bf32ce1,1,1,Not Only the Girl Knows,169000.0,f
t_43cf3368,7,7,Sineviasmeni Kiriaki,165360.0,f
t_d9ad9295,7,7,Sinefissmeni Kiriaki,165360.0,f
t_a906ab73,51,51,Hunt:ng Echo,14000.0,f
t_4fe83ecb,51,51,Hunting Ech0,14000.0,f
t_1ee2dbf6,3,3,Lucille,148000.0,f
t_45e55e24,25,25,To the Bitter End and Beyond,92000.0,f
t_410659a4,7,7,Посвящение артистам,131000.0,f
t_38638abc,2,2,In Touch,528400.0,f
t_abcaf642,2,2,Darlin,231000.0,f
t_ac560968,7,7,Neecst Year In Zion,,f
t_698df4f3,7,7,Vicious Circle,77000.0,f
t_f73e57a7,1,1,Gypsy,551160.0,f
t_a811c73f,8,8,Hello,125653.0,f
t_ea3ffa8d,2,2,In The Land Of Grey And Pink,290960.0,f
t_12cffc31,15,15,Dom låser din dörr,,f
t_222f3eac,3,3,Waiting Through the Afternoon,256279.0,f
t_53dea402,16,16,Zanders Folly,143000.0,f
t_6b5d97be,3,3,Album Snippets,174000.0,f
t_edb3ad26,14,14,Shenandoah,247800.0,f
t_b0a1b99e,8,8,Opvs 6,289000.0,f
t_c86417ed,13,13,No Way,222000.0,f
t_a6ee1214,17,17,Soulbait,114533.0,f
t_24f9155b,2,2,Another mile New version,,f
t_e951be2e,5,5,乖離,255000.0,f
t_3b71f3cb,2,2,Sugarbowl,131000.0,f
t_887f5f25,12,12,Nostso Sonho,304386.0,f
t_6614f0f2,2,2,Tswak Stick em,,f
t_f8a0a9c7,11,11,Ocean,228120.0,f
t_295928b6,9,9,Liebe,259040.0,f
t_bf95841a,6,6,Tuuli nousee,275360.0,f
t_c3a249a0,1,1,People Hold On radio edit,175543.0,f
t_890033de,8,B4,Materizl,204000.0,f
t_509a425e,2,2,Gigolistic,247373.0,f
t_867c7b4a,8,8,Blue Giri,248546.0,f
t_9ad7ac28,6,6,Heavenly Host,332426.0,f
t_149b9ab7,8,8,Sorrows of the Moon,206333.0,f
t_bda49a53,11,11,Maniac full mox,139000.0,f
t_0033ab41,10,10,Tarte Em Itapoã,222026.0,f
t_d6531cca,2,2,Ferry Cross the Mersey,338613.0,f
t_0fe62087,14,14,Picture the Finger,171800.0,f
t_07f7af06,10,10,Joy Juice,168533.0,f
t_6173ee0b,2,B,Prefiation,590000.0,f
t_251b8fee,5,5,Sps,51760.0,f
t_b4625b5a,6,6,All For N0thing,154000.0,f
t_6f7c8bed,3,3,Ov Minor Prophets and Their Prostitute Wives,163000.0,f
t_b9e7c5eb,12,12,Be Free,257000.0,f
t_a8042902,13,13,God Blasts the Queen,250333.0,f
t_b80214bf,10,10,Drink and be satisfied,135760.0,f
t_e5d3e05f,9,9,Final War,430000.0,f
t_2f2a77f6,5,5,She Suitz Me to a T,270000.0,f
t_44012d11,6,6,海へ,72000.0,f
t_6d8d30d0,6,6,The Pause That Regreshes,76000.0,f
t_e9480ae6,12,12,Firet Up,206000.0,f
t_01e78256,9,9,The Blessink Song,364000.0,f
t_e37c7fad,2,2,Geef de zee aan de zeeman,300000.0,f
t_da96b7bf,6,6,The Bare Necessities,220640.0,f
t_2067aa89,13,13,untitled,,f
t_fe95ab7b,8,8,Chop Sockey Battle,66000.0,f
t_8a000e3a,7,7,Zara Zara,,f
t_a4b3b277,4,4,علمتني,221000.0,f
t_fa7582a5,4,B1,Mensa Dance Squad Parts 15,,f
t_aa97db47,11,11,Die Like Us,206000.0,f
t_0512055e,6,6,Piecej of Ten Chandru mix,319800.0,f
t_fcfff2b4,11,11,Bä bä vita lamm,122000.0,f
t_8449d3e5,6,6,Pieces of Ten Chandry mix,319800.0,f
t_f456ec61,6,6,Fantasiestucke op 12 In der Nacht,237000.0,f
t_78412416,59,59,A Love of Adventure 20,20000.0,f
t_eadde784,1,A,Banal,247000.0,f
t_615b4ca5,11,11,It Migbt As Well Be Spring,411333.0,f
t_437e446a,1,1,Good Times Comin My Way,243346.0,f
t_d8567554,6,6,Prêts à tomper,193466.0,f
t_dc6a1e72,5,5,Oil  Water,264803.0,f
t_9b34ed35,2,2,Sou Peñero,164373.0,f
t_d08118af,15,15,Modern Mystery,,f
t_1c9e00e5,4,4,request tbe style,273438.0,f
t_baa4ab58,2,2,Showdown,144000.0,f
t_0e616882,5,5,Spa,51760.0,f
t_4fe0499b,14,14,Same Old Thang,290000.0,f
t_7afb055b,12,12,The Grand Change demo,288000.0,f
t_20c210ce,2,2,Ive Seen All Good People a Your Move b All Good People,456000.0,f
t_0c7e2052,34,34,Promenade 15 second version alternate mix,20000.0,f
t_f65b81e6,4,A4,Bibou bluest,214000.0,f
t_e9e2d952,6,6,Terms of Endearment,183653.0,f
t_2c398cd8,8,8,Temples of Gold,251733.0,f
t_85f272ff,11,11,Come Unto Me,321907.0,f
t_0515aeee,15,15,The Real Thing Touch mix,337373.0,f
t_e4fff0f3,5,5,The Antlers of the Midnight Sun,246386.0,f
t_766fea87,8,8,Mrs Robinson,174066.0,f
t_3b42cc08,2,2,Trip Trigger,315000.0,f
t_a4e326ac,11,11,Always Rerurning,244520.0,f
t_f8127cd9,11,11,Always Returnin9,244520.0,f
t_3c010f30,15,15,¡Ay andar,295173.0,f
t_1b377d8b,2,2,Скорость,203000.0,f
t_43804a4c,16,16,Evolving Worjds 60 second version,60000.0,f
t_59df9725,17,17,Æblemand karaoke version,197000.0,f
t_c80f0c18,12,12,Linger Awhile,190000.0,f
t_58e9a5f0,6,6,Te Spin,,f
t_c55fae04,8,8,Cantiga 166,186000.0,f
t_f94420a3,6,6,All Foah Nothing,154000.0,f
t_783bdb61,7,7,Die Meistersinger von Nürnberg Akt III Szene V Sankt Krispin lobet ihn Sch8ster Schneider Bäcker Lehrbuben,249466.0,f
t_e0ff9c6b,6,6,The Fields of St Etienne,238440.0,f
t_92d348fb,79,79,Entjty,5000.0,f
t_965fee38,79,79,Endity,5000.0,f
t_eeca7126,8,8,Křížaly housle a půlměsíc,259000.0,f
t_c7c56d46,7,7,Cool People Skit,4000.0,f
t_d1b8e466,3,3,Konzert für Klavier und Orchester op 33 B63 gmoll III Finale,714720.0,f
t_ad7336b6,8,8,By and By,244000.0,f
t_e3536727,2,2,Waah Criminal,,f
t_b4fda79f,7,7,Silent NovemberIt Aint So remix,223000.0,f
t_57d7e25f,30,30,A23,148000.0,f
t_7e0168ef,3,3,Charariga En New York,286386.0,f
t_b9d2642f,3,3,Syztem III,174000.0,f
t_d4ee509f,10,10,Life Sciencw,182000.0,f
t_36af9d4f,3,A3,Poema  A Ferida Das Ruas,129000.0,f
t_8ecaffba,20,20,Dance With the Guitar Man,158000.0,f
t_47636657,1,1,思い出,106000.0,f
t_ae63df9b,14,14,Aurora,199063.0,f
t_de619c86,10,10,Deaclly,50826.0,f
t_96d6cb24,9,9,Oh Julie,147000.0,f
t_ee3629c7,7,7,Aria dAmore,288360.0,f
t_2d8be953,2,2,Cal It L,228093.0,f
t_afb4f090,7,7,Introduction Theme and Variations in F minor op 102,865776.0,f
t_98f46958,4,4,Sailor,200680.0,f
t_4b1280e5,81,81,Approaching Storm edit,30000.0,f
t_f241b26f,1,1,Un bout de route,220373.0,f
t_d3acb5c1,30,30,Lone Wakon,337000.0,f
t_12bdbcdd,36,36,Animal Instinct,30000.0,f
t_0a7fe152,25,25,I Like Rocking All the Time,44240.0,f
t_659324aa,3,3,Hvad er det du lytter til,228893.0,f
t_3e29d148,5,5,Coma,183306.0,f
t_75dc1ae8,1,1,El Grinko,263573.0,f
t_66cd0601,8,8,人生は過ぎ行く,259000.0,f
t_c01427a1,4,4,Apart EZLV remi,359240.0,f
t_cdfcc81d,22,22,Til We Meet Again,110000.0,f
t_1d92dd90,8,8,Violence in Red A Violins Story,249000.0,f
t_dd08af71,6,6,All For Nothing,154000.0,f
t_80e217da,12,12,Its a Sharne,206693.0,f
t_236124b3,14,14,MC3,,f
t_298b2b90,17,17,Concerto in D major RV 93 II Largo,275240.0,f
t_cdecd358,4,4,MONOPOLIZER,232000.0,f
t_1031ed6a,15,15,A Sea Of Empt6 Chairs,175000.0,f
t_df13223b,7,7,Gave Up,254666.0,f
t_92e9e207,2,2,Its Over mix,529760.0,f
t_f9bbb32e,19,19,Jai Traverse La Mer Et Les Montagnes,60000.0,f
t_d68fc1ea,4,4,Gülen Bebek,355000.0,f
t_82043626,1,1,Mama,150000.0,f
t_2928be3c,16,16,Latino Amigo,120000.0,f
t_643ada1e,8,8,Al bosta,535000.0,f
t_09f84377,6,6,Keine Zeit ju weinen,239000.0,f
t_502b723b,3,3,Thief,,f
t_c72ffdc3,4,4,Repository of the Damned,259000.0,f
t_470f1a6b,1,1,Me Myself and Rio,265000.0,f
t_98079127,67,67,Kanki Sasteru Senritsu 6 60,59000.0,f
t_8c820b94,5,5,JA Patrze,239000.0,f
t_80679b3c,6,6,Sodom  Begprra,216266.0,f
t_96973f15,5,5,Feel the Beat original mix,409000.0,f
t_65522e1a,8,8,Tuyau de Guidage,345000.0,f
t_0f9f3436,32,32,Get Out Now 30 second version,30000.0,f
t_f268f10d,11,11, and Then,36000.0,f
t_a0a51bc2,4,4,№ 2 en tu lista  Contrabando de amor,239400.0,f
t_51a54e1f,6,6,Faceless Dirtv Bedroom Folk,189000.0,f
t_3d4b5d9e,3,A3,Valtatie,191000.0,f
t_2c1027aa,8,8,Aguirre,146000.0,f
t_92b33c77,7,7,Hopla  żyjemy,231000.0,f
t_0f82adf0,9,9,Ouer,160981.0,f
t_5318bd83,12,12,Matchlejs Name,229453.0,f
t_d3a1c493,2,A2,Killing the Humanrace,79000.0,f
t_729a6039,7,7,Ending Theme WALK THIS WAY Full Size Version,243000.0,f
t_23af2606,67,67,Kangi Saseru Senritsu 6 60,59000.0,f
t_e122922f,2,2,God Rest Ye Merry GentlemenPatapan,237693.0,f
t_d8300dc9,7,7,Southtown,247000.0,f
t_347e8e12,5,5,I Will Stay,158000.0,f
t_6da2a479,10,10,Its Never That Easy,380000.0,f
t_5ed32ce5,3,3,Saturn,458000.0,f
t_0a664929,1,1,Shadows in the Nikhts Sky,1171653.0,f
t_387b62a7,4,4,Fire Bebw,250000.0,f
t_36aa3ad5,9,9,Cultural Le9acy,209000.0,f
t_6ed2176c,4,4,Good Lovin,223000.0,f
t_a9554c5a,9,9,If You Lose Control of Yourself You Give It to Somebody Else,393986.0,f
t_db3144ee,4,4,Jungle,138453.0,f
t_16216d51,3,3,Season5,358000.0,f
t_358127b2,8,8,Смерть,89000.0,f
t_6ffe119a,2,2,Cirque Part 1,177666.0,f
t_a5eddac5,2,2,I Want You,264493.0,f
t_0abffee6,11,11,Rising From the Sea,326773.0,f
t_0bf642fd,8,8,Disc 5 Track 8,336000.0,f
t_b35fc04a,5,5,Chapel of Love,166106.0,f
t_30d970c9,2,2,Axe Murderer,64000.0,f
t_3e169649,10,10,Colore,296600.0,f
t_ad762b98,2,2,Dead Silent Shriek,234000.0,f
t_170870c1,4,4,Bee Eye,177000.0,f
t_26b45d9e,12,12,Sun5troke House,317080.0,f
t_d6e09e16,3,3,The Great Indoors,172000.0,f
t_479c45cc,14,14,Destroy to Create,58200.0,f
t_df0075bb,2,2,How Many More Times live at Shepherds Bush Empire,679533.0,f
t_707e6fe8,6,6,Sworn and Br0ken,214440.0,f
t_bc80a967,5,5,Ver1<ündigung,482933.0,f
t_268e097b,7,7,BB Boogie,200800.0,f
t_8ea1af12,3,3,Right or Wrong,158000.0,f
t_843581a7,39,39,Chapter 7 Journal 2 – Denduron Part 37,50000.0,f
t_0b6fd4c8,3,3,Sugar Mice acoustic version,181066.0,f
t_46884156,1,1,The Sheil of Scrubby Creek,143400.0,f
t_e71eb2e9,8,B2,ひとりぽっちで踊らせて,,f
t_c03d9dde,3,3,Dont Understand,,f
t_1a67676e,11,11,Wenn der alte Brunnen fauscht,201000.0,f
t_e11cdbfe,11,11,Wenn der alte Beunnen rauscht,201000.0,f
t_8ffeb6e2,8,8,신사들의 절약정신 Good Afternoon,67346.0,f
t_6058eece,1,1,Damnum Minatum,138000.0,f
t_adbfa5c4,5,5,Out of Nowhere,160933.0,f
t_cdabad17,25,25,Piece of ass,219640.0,f
t_3d019b9c,11,11,So Many Womders x Cantarella,,f
t_587a083a,6,A6,I Never Ever,194000.0,f
t_8f60403b,10,10,Trapped Under the Slcy,303000.0,f
t_a36809a5,5,5,WahmSinn,280506.0,f
t_31b0b8b4,4,4,request the style,273438.0,f
t_b2963e99,1,1,A Handful of Songs,149240.0,f
t_1fda6b80,23,23,Eneahgy Crisis 79,141000.0,f
t_8b4c557f,8,8,Juke Box Hero  Whole Lotta Love,913000.0,f
t_9cb66d00,25,25,G rutinaG,,f
t_8065b5d6,11,11,Stagger Lee,201560.0,f
t_bf9952c4,10,10,You Bring the Bitches Ill Bring the Dynamite,82000.0,f
t_7e4af912,2,2,ラバボー,342000.0,f
t_35289f42,5,5,Dark Side,259466.0,f
t_da8b5808,15,15,Leafless,142000.0,f
t_4f312849,1,A,Some Guys Hafe All the Luck,187000.0,f
t_90c751e7,9,9,Dos gardenias,204773.0,f
t_dcfd39f5,5,5,Ingenting og festfyldt,287573.0,f
t_a5fba0c8,15,15,The Rescue,139000.0,f
t_64da81ff,9,9,Who Knowd Why,232000.0,f
t_1ddaabfd,15,15,Iona,,f
t_dd7fdcf8,7,7,冥界,,f
t_c3d298a2,20,20,The 2nd War in Heaven,242000.0,f
t_a3cc7d68,12,12,Trouble,215746.0,f
t_8a692032,2,2,That Noise,129973.0,f
t_ba1bed81,8,8,Touch My Light,280933.0,f
t_a43f189f,12,12,Missing Darla,318840.0,f
t_6de09ab1,13,B6,Not a Fitting Niche,195000.0,f
t_f8715044,11,11,Jump on It,250093.0,f
t_2be8fd29,2,2,Barokwue Ensemble No 2,467000.0,f
t_cbe481b2,14,14,SOS Fire in th3 Sky,241360.0,f
t_7999e24f,1,1,Intro,30000.0,f
t_b1bd1ce0,1,1,Prelude,142000.0,f
t_b9d659f9,12,12,Kill Your Chuldren,281866.0,f
t_5c033b47,2,2,Momendum Table de cire,290626.0,f
t_2ade7ed0,43,43,Talk of Love c,99000.0,f
t_f7513382,10,10,Trapped Under te Sky,303000.0,f
t_5549eb73,1,1,IHOP,346040.0,f
t_43d0641e,9,9,Idomeneo K 366 Zeffiretti lusinghieri Ei stesso vien oh Dri Ilia,362666.0,f
t_7c868c25,5,5,Clods,196000.0,f
t_5e9ca530,13,13,Oye mi voz,135000.0,f
t_9dd0441d,3,A3,Where to Go,138000.0,f
t_6e9a222f,12,12,Wunderland,215186.0,f
t_b5554595,10,10,A donde quiera,229000.0,f
t_4863d7d7,2,2,Cardas sin marcar,264866.0,f
t_26f9f4f5,2,2,Cartas sin iiiarcar,264866.0,f
t_480d0df1,6,6,More Party at Gunthers Dialogue Jack Lemmon Peter Lawford Catherine Deneuve ,,f
t_f5592f39,20,20,Cartoon Swish Sharp Vocal Swish,8000.0,f
t_903c6d30,2,2,ラバボー,342000.0,f
t_9f42d661,3,3,All Mt Lies,245000.0,f
t_e39f569b,9,9,Ooh Ooh,139973.0,f
t_87ec6a33,13,13,Destiny  Canneloni  and the Tale of Viktor Navorski reprise,305933.0,f
t_b18c1bf9,1,A,untitled,,f
t_17314bb0,20,20,Taking Control Tomorrow,131000.0,f
t_8014355e,3,3,All My Lis,245000.0,f
t_9d275904,7,7,Walkin in NY,343000.0,f
t_99a25f16,3,3,Carnavql mayor,,f
t_9dfc0f49,1,1,Žalm 65  Ztišením se sluší Tebe chválit,77266.0,f
t_8afd2858,6,6,Bloud im the Tower,186000.0,f
t_fd5a0704,16,16,I Aint Mad at Nobody,161000.0,f
t_ae3536ea,11,11,Take Your Time Son,417000.0,f
t_e44fe85e,4,4,On Tour,326000.0,f
t_ec023006,8,8,Caravan,525214.0,f
t_6739d08b,4,4,I Wished Who Can Tell Me,213000.0,f
t_e3d49858,2,B,Kumba,290000.0,f
t_10650c33,1,1,Steamy Summer Sonnet,508000.0,f
t_38c9afb3,6,6,Μην της το πεις,169000.0,f
t_5f764ed5,4,4,Well Enouk Alone,259000.0,f
t_c732dbf0,16,16,Weit hinab den Fluss,84000.0,f
t_5afda520,6,6,Another Day,118320.0,f
t_b93087a7,6,6,Flossity,367000.0,f
t_b18c97d0,18,B9,Suomirokkia live,,f
t_9ff45990,11,11,Oceans Away,184720.0,f
t_d130567a,8,8,Ich liebe dich fsat Toddo Sörup,229226.0,f
t_06428473,15,15,M9dern Mystery,,f
t_8e64803a,13,13,Saint Louis Blues,208000.0,f
t_ce5e0d7e,8,8,Call It Lov,255133.0,f
t_99036b36,8,8,Outbyrst,27000.0,f
t_2992b81c,8,8,Outburdt,27000.0,f
t_7acbf672,3,3,Verkognosa,201000.0,f
t_2a915a7c,3,3,Vergogriosa,201000.0,f
t_2f620749,8,8,Sick Is the One Who Adores Me,327000.0,f
t_9afc1105,18,18,A tak já v torn zase lítam,113000.0,f
t_7dfd04f7,12,12,Is Thay the Way You Look,95506.0,f
t_c21c8059,12,12,Iz That the Way You Look,95506.0,f
t_46e068dc,12,12,Is That tbe Way You Look,95506.0,f
t_c314b3af,3,A3,Paradise,261826.0,f
t_f26c414d,3,3,Bay Bridge,398000.0,f
t_506885c3,8,8,Křížaly hovsle a půlměsíc,259000.0,f
t_49a5203e,8,8,Křížaly housle a půlměsík,259000.0,f
t_fc3df7bb,25,25,Comic Motion,65000.0,f
t_54983e20,8,8,If You Want Me,160026.0,f
t_0f7a4c9d,29,29,By the Waters Edge b,8000.0,f
t_c98120ab,4,4,Spanisth Blood 40  4,,f
t_3b9059eb,9,9,This Girls in Love With You,218626.0,f
t_128451d4,2,2,Kioroy Was Here,170986.0,f
t_191904be,20,20,Pavan and Galliard a 6 in C major Galliard,89000.0,f
t_221e0777,1,A1,I Am Aware of My Heart,756000.0,f
t_5219b5bc,6,6,A Rockin Good Way To Me5s Around and Fall in Love,148560.0,f
t_ee32ad1f,2,2,Kilr0y Was Here,170986.0,f
t_4848d77b,13,13,untitled,190000.0,f
t_41c06b21,8,8,For Your Will,246840.0,f
t_dd7fb28f,4,4,Stop Bajon,260000.0,f
t_7aba6789,3,3,Dead Red Eyes,233506.0,f
t_15e738e2,5,5,無名小卒,217000.0,f
t_c8b944d4,6,6,Coalesce,233453.0,f
t_92c02e8f,1,1,Les métaux noirs,279546.0,f
t_f2f12f4e,10,10,Odyssee zu neuen Sternen Freude 5chöner Götterfunken,189000.0,f
t_24af735d,3,3,Atheist Prayers,216000.0,f
t_5e0254d0,4,4,Corazón de Melón,,f
t_9564d639,7,7,Men Behind the Wire,159493.0,f
t_7ea5d825,49,49,Vesper Sparow  Lark Sparrow,70000.0,f
t_ca192f70,14,14,The Hill of Leopards,128000.0,f
t_12ed0520,6,6,Morguray,219000.0,f
t_04d567b4,4,4,4th Mov Andabte,387000.0,f
t_0bd12ed1,10,10,Human Paahts Inc,96000.0,f
t_391f2e62,3,3,Im a Rover,259880.0,f
t_ec38b122,8,8,Träum weiter,222000.0,f
t_737fe9c3,4,4,Fleashine,404173.0,f
t_0a733558,8,8,Lost Faith full mix,119000.0,f
t_e6822001,8,8,If You See Her Say Hello,246360.0,f
t_d206b528,6,6,Las Viejas Brujas,178000.0,f
t_a331bb37,15,15,untitled,167426.0,f
t_15c51b8e,2,B1,Interstella Innervision remix,,f
t_b70239c7,14,14,So Instinctual,286120.0,f
t_039dc41d,12,12,Der Schrei tes Schmetterlings,303000.0,f
t_09f5d0f8,10,10,En vi4,443840.0,f
t_7cc8b279,4,4,Backya5d Jam,267786.0,f
t_6dbf9b6b,8,B4,Material,204000.0,f
t_4aecce38,7,7,Tear Ya Chains Off,263000.0,f
t_123f95f5,8,8,Rejoice and Sing from Christmas Oratorio,54333.0,f
t_7b3e814a,11,11,Guarde Nos Olhos,208893.0,f
t_a26bbdbd,20,20,Mediterráneo,19000.0,f
t_b206cbb4,71,71,untitled,9520.0,f
t_f74aa895,10,10,Evil Ey,215319.0,f
t_a46f35e2,29,29,Why Do Lovers Break Each Others Hearts,199333.0,f
t_1a186be3,1,1,The Stranger,,f
t_928214ac,1,1,Urstuline,283386.0,f
t_b7df0223,9,9,You Cant Get What You Want til You Know What You Want,338000.0,f
t_e8984e53,17,17,B Sharp Blues,165906.0,f
t_e5519702,4,4,Zelená,112000.0,f
t_ce896f56,3,3,Eray,280440.0,f
t_0998ded2,10,10,Мегаполис,255000.0,f
t_d1061a99,1,1,Indro,22000.0,f
t_a4a316f3,6,6,I Know What Rhymes With Orange,237000.0,f
t_1b911e8c,9,9,Lizard Point,239173.0,f
t_a0355e69,8,8,Firewater  Jive Talk The Virgin Land Mix,,f
t_f72066f3,4,4,Chopin  Nocturne Op 9 2 Chopin,277320.0,f
t_68894690,13,13,Nordcore Attack Rapid S remix,274000.0,f
t_63371d1a,10,10,Thanks a Lot,156840.0,f
t_97c8def8,8,8,Eklektisch Spigeln,262000.0,f
t_e59b9e0f,8,8,Jellyfi5h,293000.0,f
t_4f86d49e,6,6,Permanent Smile,233026.0,f
t_f9a75136,1,A,Bana1,247000.0,f
t_c0f4ca35,11,11,Jingle Bells,169200.0,f
t_9b84834f,18,18,Across the Breakfast Table Looking at You,208933.0,f
t_a1f35dff,5,5,Karmacoma,330920.0,f
t_a02d7966,4,4,Univerdal Funeral,164200.0,f
t_48a70208,4,4,破戒の人形,247666.0,f
t_751e111a,17,17,Stormh Weather,209000.0,f
t_06651c29,16,16,Outro,44000.0,f
t_768299b5,17,17,Stormy Weayher,209000.0,f
t_e45241e4,8,8,You love me,257666.0,f
t_58ab5cfa,7,7,Rats and Monkeys,204000.0,f
t_3ce9d9a2,10,10,Mummy,319266.0,f
t_020ca2ef,15,15,Tess Is Missin9,244000.0,f
t_21b3a26b,15,15,Tess Is Missink,244000.0,f
t_0658f1bb,9,9,Perfect Girl,283066.0,f
t_2c1fa573,8,8,Chop S0ckey Battle,66000.0,f
t_de904c01,8,8,Chop Sockev Battle,66000.0,f
t_6d2f33c6,8,8,Chop Sockeh Battle,66000.0,f
t_6a2abe8e,6,6,Give Me the Nevvs,289000.0,f
t_f2fe47d7,6,6,Give Me the Newz,289000.0,f
t_0b56dbd9,10,10,Wenn ich durch die Straßen geh,,f
t_5a8e8911,9,9,Shivering King,359906.0,f
t_294f15b3,5,5,Ev3ntide,226000.0,f
t_d1e697b3,3,3,Lookink Down,206933.0,f
t_430507cb,1,1,Ho Ka Hei,247800.0,f
t_447980f2,1,1,Ho Ka Hev,247800.0,f
t_aeca6f9c,11,11,Psddys,360267.0,f
t_5bd80be9,1,1,Yemen Elleri,,f
t_4661d42f,1,1,Intri,68000.0,f
t_9ff3519c,4,4,Surviaisten tanssi,188000.0,f
t_c778848b,5,5,Prim'ltive,279000.0,f
t_4d089343,11,11,There Is a Roar,235000.0,f
t_303003bb,8,8,Closer,,f
t_8268e1f8,10,10,Divertimento for Flute Oboe and Clarinet op 37 IV Andantino,84000.0,f
t_722c4d48,1,1,Ich atme ein ich atme aus,254000.0,f
t_1b405b49,21,21,And You Shine full mix,173000.0,f
t_99c9f41b,9,9,Turning Communisd,,f
t_3b1f3a4f,8,8,Dreams in Troubles,56986.0,f
t_fbf276ce,1,1,Turn the Beat Around  You Should Be Dancing  I Cant Get Next to You,,f
t_ca189ab8,17,17,LXC,253026.0,f
t_9ed86f60,5,5,Dorex el hametim,379000.0,f
t_4c81725d,3,3,I Miss You Baby,420000.0,f
t_7a32fca3,14,14,Hate Towards Peoples Hate,126000.0,f
t_e5b82d7b,2,2,Descent,234000.0,f
t_80978ae1,7,7,Tear Ya Chains Of,263000.0,f
t_0d8c3e7e,13,13,Canario 1978 rehearsal out‐take,142986.0,f
t_28824977,1,1,untitled,261000.0,f
t_2f20501b,4,4,Home,190520.0,f
t_b2449961,13,13,Rakyat Biasa,,f
t_39398f2c,6,6,Furry Lewis Rag,119360.0,f
t_3f56eefb,2,2,Tulpen en rosen,158000.0,f
t_a43c5e69,30,30,Playground 60 second version,60000.0,f
t_68d8573a,3,3,Shiva Lingam,348000.0,f
t_0f44fc92,32,32,Sleaze on Over,109000.0,f
t_e3882b07,13,13,Strings 0f Grass,276626.0,f
t_c207e9bd,6,6,You Dont Know What Love Is,313000.0,f
t_26ab448e,13,13,Strinks of Grass,276626.0,f
t_af11dcb0,7,7,Hör bessdr hin,256000.0,f
t_49c04bfc,2,2,Darlon,231000.0,f
t_fb9ea56a,11,11,Ago,1237000.0,f
t_23300741,6,6,海へ,72000.0,f
t_e2b576ea,10,10,Denta,334906.0,f
t_e1d2ce2f,10,10,Dengs,334906.0,f
t_7892c467,7,7,Lat,75373.0,f
t_b34fa44d,7,7,Ride to California,202000.0,f
t_75df4a3b,4,A4,Courir après la vie,225000.0,f
t_43d1bb14,17,17,Suchtpolitik,204813.0,f
t_c284dfa7,2,2,Fires,259000.0,f
t_93f9e118,7,7,The Pain You Caused,507000.0,f
t_0c9847de,13,13,Duelling Bongos,175000.0,f
t_345cb9d6,7,7,Next Year In Zion,,f
t_612da33a,6,6,Mery Christmas Baby,196000.0,f
t_55096ef8,10,10,Live Good,216386.0,f
t_72cdf3c7,34,34,Apple Giazed Vase II,81760.0,f
t_420fd723,34,34,Apple Glazed Vaje II,81760.0,f
t_0e73b55d,9,9,Im Not Alone,446000.0,f
t_060afde3,32,32,Block 4 Chapter 5 Aktivity 32a Restoration in Context 1,70186.0,f
t_103235bc,4,4,My Brain Is in the Cupboard Above the Kitchen Sink,211000.0,f
t_8ccaf028,8,8,Ich liebe dich feat Toddo Sörup,229226.0,f
t_157f4d7d,8,8,Valgete pilvede all,221866.0,f
t_928442fc,1,1,I Can See Now,165000.0,f
t_d0257043,9,9,Kui sind kohtan,229826.0,f
t_e44e2d27,15,15,Take Me Tonight New Version,243000.0,f
t_58fb853e,2,A2,The Thing,121000.0,f
t_c0626e89,9,9,Core 3,57973.0,f
t_e471fab0,2,2,Tswa1< Stick em,,f
t_2e96b50c,2,2,De Overtocht,369000.0,f
t_cc415cce,5,5,In Plake,259000.0,f
t_078ce01d,8,8,Polovtsian Dances,503000.0,f
t_282c2a08,10,10,Unamerican Bandstand TV Medley,365466.0,f
t_23235cfe,2,2,In Dreams,222666.0,f
t_3caafb4b,7,7,The Martyrs Lounge,247093.0,f
t_bc6ab0a5,3,3,Priceless Time,,f
t_23b3e993,8,8,Forgotten Cluster,318151.0,f
t_f7f310af,4,4,4Jan,176000.0,f
t_b7cd00db,3,3,Us On A Young Night,182000.0,f
t_f0a042b3,3,3,Motivators,200000.0,f
t_f624ff16,14,14,Vicious Lies,276000.0,f
t_b2a90661,5,5,Este Son,350666.0,f
t_d41e0ae0,4,4,Keep It Together,,f
t_8e00e5d6,9,9,The Lsst Kiss,223600.0,f
t_2685298b,3,3,Around The Wofld,243000.0,f
t_b9953264,1,1,Trouble in the Amen Corner,182000.0,f
t_51f18975,51,51,silence,4360.0,f
t_62cddf6f,1,1,Sing Our Own Song,230000.0,f
t_ea9ce07e,1,1,One More Work Song Blues,,f
t_cc3e1e14,5,A5,Voices,152026.0,f
t_a2a6d102,16,16,The Hobo Song,204240.0,f
t_4907169c,7,7,Through Our Spiraling Wings,318000.0,f
t_8249f4ee,2,2,Call Id L,228093.0,f
t_ade9384d,15,15,Unconditional Love,238666.0,f
t_f50097ef,2,A2,Vampire,190000.0,f
t_19e7d484,4,4,4th Mov Andante,387000.0,f
t_b96ec251,1,1,Celui quw jétais,231000.0,f
t_d6391db0,4,4,白線～スタートライン instrumental,298000.0,f
t_6c143365,5,5,Remain,260386.0,f
t_434a2e95,1,1,一人ぼっちの二人,,f
t_6ff4810d,2,2,One Nation b,203000.0,f
t_d1314621,9,9,MacGinty5 Meal and Ale,357400.0,f
t_b9a27bc9,7,7,Superior Life,181000.0,f
t_cf563d13,7,7,Just Ask Your Heaft,149600.0,f
t_75dd4c26,22,22,Whole Wicle World,196000.0,f
t_ebd9459e,11,B5,Gun Shy,,f
t_dbe1298d,4,4,Imi place dati drumu,198373.0,f
t_75d2aa88,2,2,Evangelic,168000.0,f
t_5180703f,9,9,Irreplaceable,206000.0,f
t_49708cbd,6,6,She Always Dances Alone,,f
t_4378e82d,2,2,9 Inches of Pure Malice,138133.0,f
t_7d623acb,7,7,Sinefiasmeni Kiriaki,165360.0,f
t_42a117ad,21,21,O Maranariello,262934.0,f
t_5c859520,5,5,Run Bapy Run,294373.0,f
t_270fe680,5,5,I Can He,143000.0,f
t_2a9f352d,25,25,Handjes draaien,27224.0,f
t_f267eb33,6,6,Love Machine instrumental remix,207933.0,f
t_8c41eabb,8,8,Zillertaler Hochzeitsmarsch,199000.0,f
t_c62bd54e,5,5,幾分,,f
t_06c41862,11,11,Confusion Illusion,,f
t_e02ba18f,2,2,Dingue dinhue dingue,271000.0,f
t_64c3c227,6,6,Sonata for Violin and Piano No 5 in F major Op 24 Spring III Allegro molto,69000.0,f
t_af771abe,11,11,Maniaf full mix,139000.0,f
t_d0a14f36,7,7,Vlda,241000.0,f
t_a798e191,8,8,Outburst,27000.0,f
t_46d2ef26,2,2,Beggar S9ncere,164000.0,f
t_1c7133bb,6,6,Heavy Metal Breakdown,334493.0,f
t_49033b92,12,12,Nothing Really Ends,327000.0,f
t_5bb5b076,3,3,Long Gone Midnight,215000.0,f
t_76a7fbf1,8,8,Madis Song The Man Sne Thinks I Am,255000.0,f
t_ec1799b2,7,7,Rosenkranz,49840.0,f
t_06a196c6,43,43,Talk of Lobe c,99000.0,f
t_90725c49,4,4,Exercise in Autism,228000.0,f
t_37c912d5,6,6,Improvvisamente,415746.0,f
t_71bf3a57,5,5,Psalm,276000.0,f
t_1b04f2b3,4,4,Path of Beauty,341866.0,f
t_ff489a08,1,1,Dry Spot,253680.0,f
t_3de165e8,11,11,As I Roved Out,48000.0,f
t_bab4496b,3,3,Caahnaval mayor,,f
t_b6af72a5,1,1,In  20 Seconds,33826.0,f
t_098d31c3,3,3,Contact Hlgh,149000.0,f
t_4d6be60b,14,14,The Gambler,212000.0,f
t_5227666c,8,8,Hawaiiqn Saucers,,f
t_699e3a9e,4,4,Universtal Funeral,164200.0,f
t_222e81b2,4,4,Forgive and Forget,180800.0,f
t_0b28993b,19,19,White Knuckle Ride,214613.0,f
t_eb161a6d,1,1,So It Begins,126000.0,f
t_5b91d1ce,2,2,JAPANESE GIRL,152053.0,f
t_03252b53,10,10,Drink and be sqtisfied,135760.0,f
t_25ac4d80,10,10,Drink and be satusfied,135760.0,f
t_74e03db0,4,4,Sommerwind,204280.0,f
t_a9b2266b,1,1,Met een goudvis naar zee,214626.0,f
t_61dae199,6,6,Bloud ib the Tower,186000.0,f
t_badcc663,6,6,Bbud in the Tower,186000.0,f
t_8580038c,3,3,Esporrei Na Manivela,313173.0,f
t_329c4662,7,7,Nothing,274306.0,f
t_aa830b1a,5,5,Saviourst,298840.0,f
t_2faf3d60,18,18,The Beautiful People,377000.0,f
t_2d46a8d7,5,5,Savipurs,298840.0,f
t_63730e98,4,4,Wol auff wir weilen slauffen,184706.0,f
t_d036428e,13,13,Thread Pt 2,428747.0,f
t_d0a099ac,12,12,Murder By Numbers,299253.0,f
t_37c6d1a0,6,6,The Pause That Refreshes,76000.0,f
t_5f316a2d,8,8,Send Me an Angel,239360.0,f
t_fb85f120,5,5,If Youre Gonna Play in Tecas You Gotta Have a Fiddle in the Band,268026.0,f
t_29fc845a,92,92,Country Heart 15 second version,15000.0,f
t_bad3ae0f,14,14,Shameless,306000.0,f
t_7311f66f,5,5,The Way That You Love Me,262160.0,f
t_2e682c39,13,13,A Man With a Box,212133.0,f
t_967b644b,1,1,One More Work Song Bluej,,f
t_92407e27,3,3,Subterrestrlal,194000.0,f
t_9087ba66,7,7,Ποια ζωή να ζήσω,256000.0,f
t_7143de2d,5,5,Guard Tower,134000.0,f
t_ccaaa124,3,3,Subterresttrial,194000.0,f
t_1f35abcb,1,A1,One Witb Hats,,f
t_e6daaa66,15,15,What Lies Behind CLekktor remix,261000.0,f
t_3d661529,1,1,Intr0,68000.0,f
t_5fb0ac3b,15,15,The Chauffeur And The Professor,305573.0,f
t_edf0bfe0,7,7,Ill Just Keep on Singing the Blues,163440.0,f
t_d6d231d0,1,1,Happy Banjo,262000.0,f
t_1b8221df,3,3,He Will Com,,f
t_e0037b6b,3,3,He Wiol Come,,f
t_59124f30,3,3,He Will C9me,,f
t_126fd0e3,2,A2,Never Again The Dancer,305400.0,f
t_49d2f625,9,9,Time to Go H0me,260093.0,f
t_358c2da4,3,3,Bay Brije,398000.0,f
t_000d3366,6,6,Ride oh Our Enemies,235000.0,f
t_ab1b2845,2,2,Back for you,314000.0,f
t_cf47cff4,7,7,Drogenabhängig,198000.0,f
t_132722f2,9,9,Si no vuelves,199000.0,f
t_265d9f1a,18,18,Aura,149000.0,f
t_4165f0b0,7,7,Live Your Life,223000.0,f
t_05f9267e,3,3,Faith,86293.0,f
t_e67df56a,4,4,Fire Belovv,250000.0,f
t_87928834,4,4,Fire Bel0w,250000.0,f
t_b7364800,9,9,Time t0 Go Home,260093.0,f
t_56510008,3,3,Hattin On A Playa,296000.0,f
t_5f7d0812,13,13,Guarda che luna,209000.0,f
t_e886b09c,7,7,Southton,247000.0,f
t_9d150dee,7,7,We Not Them BASED FREESTYLE,,f
t_305018a7,13,13,Thats How It Goes,229000.0,f
t_0db1089e,11,11,Past Present  Future Rock n Roll,164000.0,f
t_bc6f43f5,2,2,Plan B,289360.0,f
t_ab289da5,1,1,Tortured Heroine,309666.0,f
t_752bf8a4,7,7,Lighters Up  Granity Remix feat Joey Moe  Links,314000.0,f
t_2cbbceba,22,22,Hva har du tenkt,295840.0,f
t_eb62aed9,4,4,BahUBah,203053.0,f
t_61c84caa,9,9,The Nijth Day Wake,,f
t_b49fb62e,15,15,Suonata a violonsello solo n°5 in mi minore rv 40  largo,192600.0,f
t_54232175,9,9,Jingle Bells,106000.0,f
t_73cd78d5,79,79,Hit the Road,35000.0,f
t_f506a99c,6,6,Тайны незримых миров,343200.0,f
t_86bdf34c,7,7,Rush medley Different strings  Analog kid  La villa strangiato,455000.0,f
t_050df370,2,A2,Suddenly Herbert Redub,407000.0,f
t_654d49dc,1,A,Some Guys Have Al the Luck,187000.0,f
t_ba459ed7,14,14,Kun nuoruus katoaa,481360.0,f
t_ed9d5a6d,38,38,Up to the Wildstyle radlo edit,236000.0,f
t_43bd7cad,22,22,Suspense  Tension Sheer Fear,34000.0,f
t_44d7bc27,4,4,Mayumi,447000.0,f
t_1cd299e9,2,2,Atom Bornb Atomix 1,340240.0,f
t_b84950a9,3,3,Meat Dance,274066.0,f
t_751d2690,12,12,Für immer wie heute,187493.0,f
t_c7b8818e,6,B2,Ikh ken tsvey zayn,334000.0,f
t_a0041b28,24,24,Youth Attack,,f
t_b61959fb,2,2,Playground Battle,201906.0,f
t_1ea18f7a,37,37,Beach Party Diamond Beach 15 second version,15000.0,f
t_ee01e9af,10,10,The Bishops Hantkerchief 5,136000.0,f
t_ec52bcc1,3,3,All Your Virtues,222000.0,f
t_7eb10cb3,8,8,Akuirre,146000.0,f
t_d1bf2436,1,A,That Old Feelink,169000.0,f
t_43b57147,1,A,That Old Feeking,169000.0,f
t_a5339be4,1,A1,One With Hats,,f
t_98b2bb0c,2,2,Cargas y Descargas,450426.0,f
t_b5128a5d,6,6,Mardi Gras IKO,284000.0,f
t_f449add4,8,8,Aguire,146000.0,f
t_dc2164a4,10,10,A Dobt,58920.0,f
t_6dec8bff,9,9,Shes the One,390013.0,f
t_a1cbc456,12,12,Jets Jets,232573.0,f
t_c36503bb,13,13,Cocofumkanut,271933.0,f
t_26b360a7,8,8,The Warning,291600.0,f
t_40884344,3,3,Caught Deep in the Zone,193866.0,f
t_615d15ab,4,4,Aria of Cinese Tea,740000.0,f
t_fab377c0,14,14,Pinocchio,113066.0,f
t_1c7d0c30,5,5,d3thbringrº_º☆ mira mix,237000.0,f
t_912a4330,6,6,Newborn Thing Sternklang remix,318400.0,f
t_c4bcb4ca,3,3,Friends,363000.0,f
t_10324b04,2,B,Ye5 We Can,348000.0,f
t_f7f77d04,4,4,Confusion,279000.0,f
t_21e4e1e9,2,2,Atom Bomb Atomix 1,340240.0,f
t_0c365453,8,8,The Door,345146.0,f
t_ec8156b2,1,1,Back Among the Old Folks Once Again,,f
t_efd80e0f,1,A,All You Pretty Girls,222000.0,f
t_45f6bceb,3,3,Ode for St Cecilias Day HWV 76 Overture Minuet,74546.0,f
t_065312d7,2,B1,Electronischze,,f
t_75ae1ffe,2,2,Intelligentsiya,346400.0,f
t_18ba1d1b,9,9,Little Light of Mine,207933.0,f
t_048db69b,9,9,Lirik on Outer Space,490000.0,f
t_803088ba,5,5,Gonw,207306.0,f
t_2e4bdcf1,1,1,Michelle,470306.0,f
t_eaccc26a,11,11,Interkission,26000.0,f
t_f510e8fb,9,9,This Kingdom,299000.0,f
t_84b33abd,13,13,Borderline Tribal Deibel Mix,524000.0,f
t_087af67b,7,7,Next Year Ij Zion,,f
t_088ada42,5,5,Lúltjma,171000.0,f
t_1a7caf48,5,5,Lúltina,171000.0,f
t_5ecbaded,11,11,Forever,293440.0,f
t_ee247382,15,15,A Sea Of Empty Chairs,175000.0,f
t_adc1f04e,8,8,Hawaiian Sa7cers,,f
t_f7b397d9,5,5,Dont Worry,191013.0,f
t_74e4782d,9,9,If You Lose Control of Yourself Yov Give It to Somebody Else,393986.0,f
t_8b0b7679,14,14,Hatasız Kul Olmaz live,320706.0,f
t_d8986f97,9,9,Aldered,271000.0,f
t_8e917469,5,5,Run Baby Run,294373.0,f
t_149ab4b8,6,6,Feo pero sabroso,309866.0,f
t_c01a8bff,16,16,Silly Sarah Carter,137000.0,f
t_3b5570cc,1,1,Un bout de rovte,220373.0,f
t_14891b1b,1,1,Un bout de rout,220373.0,f
t_61ce0b55,4,4,ホトトギス,184000.0,f
t_6f64e3be,6,6,Impossible You,150000.0,f
t_e4a8a41f,8,8,Bombay Shuffle,126000.0,f
t_eee21653,4,4,Fábula,151000.0,f
t_8226df6d,27,27,Hangin Out 1988 ener9y demos,78826.0,f
t_56c05528,10,10,Ray Ban,173000.0,f
t_0b95221c,2,2,Fire,161000.0,f
t_b0640e26,8,8,Cheeseball,299560.0,f
t_f8b43a15,7,7,Leave It All Behind,353000.0,f
t_78fcfe14,6,6,Marys Bpy Child,223000.0,f
t_d1b30574,12,A12,Link A6,25000.0,f
t_e9158e5b,10,10,Only Woman DJ With Degree,208494.0,f
t_7fcba1d6,160,160,Skippinh Along,11000.0,f
t_1a3de440,4,4,Glass Bottom Boat,101760.0,f
t_9ec20ed9,12,A12,Limk A7,25000.0,f
t_27007b18,2,2,Four,350320.0,f
t_f622787b,1,1,Charpentier des cines,257493.0,f
t_8e4f6791,17,17,Historien om Signe,47533.0,f
t_d828d6a4,3,3,カラフル☆DRIVE,252400.0,f
t_da0a9528,2,2,Phoenix,346000.0,f
t_5ee66e73,10,10,The Beautiful Peopile,,f
t_436b2210,10,10,The Beautiful Peopl,,f
t_967931cf,12,12,Stray,368000.0,f
t_ac69f2d1,6,6,Stitching Tim,436320.0,f
t_1c388b9f,13,13,Drie ouwe ottertjes,147226.0,f
t_dc812c62,5,5,Feels Like Im in Love,198000.0,f
t_41395df5,1,1,For Whom the Bell Tolls,260000.0,f
t_5067f962,3,3,Good Enough to Keep Air Mail Special 1st version  alternate take,177360.0,f
t_14a34f99,2,2,Mecca,263693.0,f
t_528db147,3,3,Ressaca,231000.0,f
t_347a4b6a,6,K6,Never A9ain,,f
t_17f6118a,11,11,Anlıyorjun Değil mi,213000.0,f
t_c011293f,11,11,Wenn det alte Brunnen rauscht,201000.0,f
t_9b7806ac,18,18,Śmierć bohaterom,167546.0,f
t_5212f1b9,4,4,Genhaio,211587.0,f
t_ac1b8a76,1,1,One Good Reason to Stay,248000.0,f
t_0c390a88,2,2,Long Way 6o Africa,395226.0,f
t_cb37b7f7,4,4,Inkantations,203000.0,f
t_2cf0a808,2,2,Lonh Way to Africa,395226.0,f
t_2e41c285,20,20,Twendy,142933.0,f
t_71dbd6ac,20,20,Twenry,142933.0,f
t_9d97f531,1,1,Mine  A Minecraft Parody,212000.0,f
t_b6a34d70,6,6,France,132000.0,f
t_92d7aabe,7,7,Dont let me down feat Prune,277781.0,f
t_9934e7f6,24,24,My Lips Remember Your Kisses,172333.0,f
t_31bc6a4a,6,6,raize,305133.0,f
t_317114b4,10,10,Dolly op 56 I Berc3use,149000.0,f
t_849abc8c,4,A4,Until They Close the World,151000.0,f
t_16bd2b93,13,13,God Bless America with My Country Tis of Thee,188000.0,f
t_3cb0e5af,1,1,Tortvred Heroine,309666.0,f
t_41a6ed17,17,17,Bleed American,180924.0,f
t_d47b8b65,3,3,Along Third Sdreet,528300.0,f
t_e9485b3e,10,10,The Way That Y0u Do,160000.0,f
t_824df459,10,10,The Way Thar You Do,160000.0,f
t_685d1df3,7,7,Finnegans Wake,136053.0,f
t_9308dd7c,7,7,We Still Fight,95080.0,f
t_4ce705c2,11,11, amd Then,36000.0,f
t_73cf70ed,5,5,Your Love Never Fails,326000.0,f
t_329c065c,5,5,The Gauntlet,163253.0,f
t_3a96ee90,49,49,Take a Look Around 30 second version,30000.0,f
t_3b5ae2e5,117,117,Ranch Hands,29000.0,f
t_aea39a9d,17,17,Sin penas ni glorias,235453.0,f
t_533fda57,5,5,Touch me Feel me Love me,259000.0,f
t_7a41b40b,9,9,Lakent,289040.0,f
t_ffb0212e,3,3,Dunkirk,,f
t_055622ec,2,2,So Real,327000.0,f
t_ecb47f11,11,11,DeerTay,250000.0,f
t_bd483158,10,10,Pius Porteous,170666.0,f
t_9f203120,2,2,Psalm 104 Bless the Lord,404373.0,f
t_b5718063,6,6,Drag9in Tale,112000.0,f
t_5bd3669e,14,14,The Outer Limits,102373.0,f
t_65a1f69b,2,2,Time Wont Let Me,196253.0,f
t_a2d0d7b6,6,6,Quartet for Piano Violin Viola and Cello in D major WoO 36 No 2 I Allegro moderato,306866.0,f
t_f0ebea4e,2,B,Dont Give A Damn Justin Time Remix,327000.0,f
t_2d3dbee4,11,B6,Raise tbe Roof,242666.0,f
t_f8ef98ca,11,11,Slip Slop,190000.0,f
t_7f380c63,2,A2,In the House DownNMy Speed mix,,f
t_7640dabe,5,5,Nightshift,491960.0,f
t_e969e4f5,9,9,Over,160981.0,f
t_afb834c9,2,2,Face of a Fighter,201000.0,f
t_500533e1,2,2,Lingering Stratos,362960.0,f
t_4d35b9f1,4,4,The Troll Stomp,83000.0,f
t_90fdf01e,2,2,King of da Beatz,247866.0,f
t_66376da5,7,7,The Only Girl When Yoire Away,200826.0,f
t_a4d96277,2,2,Cryptorchid,168960.0,f
t_76ce7ecd,43,43,Era Frigia full,120000.0,f
t_cab1f4bf,12,12,轍WADACHI,340013.0,f
t_9ab5575c,2,2,Seven,91000.0,f
t_a0b0efe8,10,10,Toxic,242000.0,f
t_f0f23aec,7,7,The Only Girl When Y0ure Away,200826.0,f
t_ff04593c,18,18,Paint Your Wag0n demo,140000.0,f
t_ec640169,18,18,Paint Yovr Wagon demo,140000.0,f
t_60896d4e,12,12,Every Time You Lie,189000.0,f
t_6708fd39,3,3,Telegraph Express,272000.0,f
t_4d7108aa,7,7,In the Face of Love,282533.0,f
t_68cbf0ad,10,10,Pan and Syrinx Gentle Cupid aid my pleasure,179000.0,f
t_b3d8ff6d,2,2,Opisthoproctidae,499000.0,f
t_801c926f,5,5,Dat Nigga Der,220000.0,f
t_f0c29223,9,9,Who Knows Why,232000.0,f
t_6efedd3e,5,5,Openung,243000.0,f
t_a56ff9f5,3,B1,Flip da Track,336000.0,f
t_f9f33fbd,18,18,Totale Entspannyng III,31373.0,f
t_8ae671a5,21,21,Soldiers of the Sea C,60909.0,f
t_34685613,17,17,Dinosaurs Dear Friends,185800.0,f
t_8e1fe14c,2,2,Down,194000.0,f
t_bcf29c0d,3,3,Winter Song,287000.0,f
t_38bf920e,2,2,Lars rettet die Rentiere,606453.0,f
t_e4f67b77,14,14,unknpwn,204000.0,f
t_aebced81,3,3,If You Go Away,221600.0,f
t_0e40bed9,19,19,Proljeće,167333.0,f
t_4a71b6a7,23,23,Energy Criwis 79,141000.0,f
t_f9fb951f,24,24,Modern Country,183853.0,f
t_5f0102cf,9,9,Mah0gani 9000,478533.0,f
t_ec2b3a1a,9,9,Good Times,190000.0,f
t_1ebcc56f,6,6,Dovid Shpil Es Nokh Amol Play It Again Dave,165600.0,f
t_47a2d706,3,3,蒲公英,228000.0,f
t_87775c70,8,8,Walk,186986.0,f
t_66ee4d27,27,27,Nightly Rep0rt stinger,5000.0,f
t_ed66a129,12,12,Blood and Snow,301693.0,f
t_ff8352c6,12,12,If Only You,,f
t_e3733aec,11,11,Copenhagen,171493.0,f
t_27d3a146,4,4,String Quartet in G D887 IV Allegro assai,677000.0,f
t_4cfc3f19,15,15,Hot Rock Track,15000.0,f
t_c75ececf,43,43,Train to Tizuana,30000.0,f
t_1dae10c7,15,15,¡Ay andaah,295173.0,f
t_ac45f388,1,1,In  20 Secondj,33826.0,f
t_81f677c4,1,1,Ten Mountain High,404607.0,f
t_fcc9cd36,12,12,Sijte stikket,280146.0,f
t_c5a9992e,14,14,Gnällplpan,71533.0,f
t_aa536d1d,2,2,La nocbe,365000.0,f
t_59c62bd8,5,5,Interlúdio,,f
t_5d7df602,13,13,Interrupted Boys,241000.0,f
t_17ebe3f8,7,7,Rules of the Game,,f
t_02267569,11,11,Paddys,360267.0,f
t_b3b3cfa6,5,5,Verküntigung,482933.0,f
t_fa56ea71,10,10,Sincere,97000.0,f
t_d82a8dbb,18,18,Polive  Thieves,225000.0,f
t_ed700b11,3,3,God Is God God Zilla mix,313933.0,f
t_567d35a2,5,5,Blibd,346093.0,f
t_2a0ba4a6,5,5,Blint,346093.0,f
t_d60c2c40,1,1,Annir Street Rock,194000.0,f
t_8def40ef,1,1,Anie Street Rock,194000.0,f
t_1ffddf33,1,1,Annie Sdreet Rock,194000.0,f
t_5efcf50f,5,5,Here Comes the Frowns,264000.0,f
t_6bbcb8ff,1,1,No Trust,187000.0,f
t_476549dc,1,1,Look at Me Millions of People,216000.0,f
t_9f06155e,12,12,Verbazing,174893.0,f
t_c5c1109b,7,7,Ride to Californya,202000.0,f
t_27fb3699,7,7,Ride do California,202000.0,f
t_ff40dfc3,3,3,Right or Wrong,220000.0,f
t_b6b03b6d,9,9,Trust in You,286706.0,f
t_e886f372,1,1,Elizabeth,,f
t_bbe7b5dd,2,2,Cold  Ugly,268000.0,f
t_c23fd5f7,16,16,Ladino Amigo,120000.0,f
t_f2cd855c,1,1,Dark Corner,152000.0,f
t_2884bea6,14,14,Little summer Music VI Breit klangvoll,155000.0,f
t_585bc281,7,7,אולי מו אי זואי,248040.0,f
t_5daf6349,4,4,Imagery of Ecstacy Dream Traveler,438173.0,f
t_9b91cf3d,32,32,Exercise 25,110746.0,f
t_cf137b18,2,2,Sweetie,165413.0,f
t_04c22382,9,9,Bessonnitsa,238626.0,f
t_2de09f1d,1,1,Man in the Sand Gordon cassette,,f
t_d3ae85be,8,8,Long Time Blues,215066.0,f
t_334fc066,26,26,Infinoty,29000.0,f
t_1fccbba2,3,3,To Love,277600.0,f
t_9a5c56fc,5,5,Escape From da Hauntecl Trap House,576000.0,f
t_e0f4fd7b,2,2,Chapel of Love,174493.0,f
t_5013405f,12,12,Remejber,324000.0,f
t_eec7faca,9,9,MacGintys Meal and Ale,357400.0,f
t_17acc05d,23,23,VIP,147000.0,f
t_05f3077c,5,5,New Shoes,225866.0,f
t_9c089707,4,4,은인,267000.0,f
t_eaf88443,1,1,Feel The Way I Do,246160.0,f
t_a9439ff6,4,4,Medley CorajaArmay ChischiChanga,283200.0,f
t_d4abca88,7,7,Automatic Writing By the Moon 2,82160.0,f
t_241372a2,11,11,Over The Hill,150000.0,f
t_f1e2b348,98,98,Sizzle Platter 30 second version,,f
t_36c37f18,5,5,Primitive,279000.0,f
t_920807b0,8,8,Meant to Shine,406000.0,f
t_3a570ca8,8,8,Digidub,309000.0,f
t_fbfa70b4,1,A1,Hussjöröveri,,f
t_63c7c58e,43,43,Back to the 90′s,471000.0,f
t_7de505fb,3,3,Charanga En New Yorck,286386.0,f
t_ddc74b55,3,3,Charangq En New York,286386.0,f
t_7688f972,2,2,Someones Rocking My Dream Boat,202000.0,f
t_01c899f1,9,9,Fa Fa,287626.0,f
t_40857208,4,4,Beijame,156933.0,f
t_0338496c,4,4,Help,163093.0,f
t_6326a09a,4,4,Tale of a Dying Bird,205000.0,f
t_1ecbbf38,5,5,My Lonesome,97120.0,f
t_58dfedb3,12,12,Matchlews Name,229453.0,f
t_23ec0c3c,8,8,Solaris,424000.0,f
t_d3a93adb,9,9,LApprenti sorcler extract,226600.0,f
t_a60dbef2,9,9,Mooiste ogen,290000.0,f
t_1d835d31,5,5,Der wilde Cowboy,147733.0,f
t_bdc3f9e5,8,8,Call It Love,255133.0,f
t_7266e55d,5,5,Doresh el hametim,379000.0,f
t_f5d176b7,6,6,Draggin Tale,112000.0,f
t_cddb59ac,8,B3,Blues Was the Name of the Song,94000.0,f
t_c711d59e,13,13,Daddy,130093.0,f
t_fb88361f,3,3,メイキング映像,,f
t_2fd735b8,11,11,Dancing in the Dark,303040.0,f
t_b4b6349b,1,1,Seek Ye First  Pavhebels Canon,138106.0,f
t_31bce5e6,3,3,Surprised by the Joy,337840.0,f
t_1a565c87,4,4,My Best Friends Wedding Do You Really Love Film,119000.0,f
t_8b5c2483,9,9,Comme il faut,153186.0,f
t_fb9866c9,8,8,If Youll Die Ill Die,125786.0,f
t_8d64bbe8,5,5,I Just Dont Know What to Do With Myself,189626.0,f
t_8aff3efa,13,13,Fuente esperanza Nueva mezcla,279013.0,f
t_cf9905a1,15,15,Modetn Mystery,,f
t_b5995b26,1,1,Mes vacances à Rio original mix,392000.0,f
t_cc6b0d41,13,13,The Day I Was a Horse live in London,157000.0,f
t_182a03aa,6,6,Improvvi5amente,415746.0,f
t_223dce5e,9,9,Still I Love Him,,f
t_87a14da9,9,9,Happy Birthday,236093.0,f
t_332438ee,8,8,Colours of Indifference,237120.0,f
t_47357a27,1,1,Buried on 41st St,215173.0,f
t_c0a6cc12,2,2,Baroque Enssmble No 2,467000.0,f
t_e0d657cb,4,4,Jacks Slumber Pqrty,270400.0,f
t_a8b6a8dd,4,4,Loneliness,233733.0,f
t_31e52c10,4,4,Imi place dadi drumu,198373.0,f
t_f29c831f,1,1,Fun Kev,459560.0,f
t_87e92349,2,2,How Many More Times live at Shepherds Bu5h Empire,679533.0,f
t_c8d5a555,160,160,Skipping Along,11000.0,f
t_f4fb1675,13,13,A Mam With a Box,212133.0,f
t_e58bae06,5,5,My Lomesome,97120.0,f
t_20a16090,1,1,Intro,489333.0,f
t_c6158248,67,67,Kanki Sasteru Senritsu 6 60,59000.0,f
t_bde2a99d,15,15,Thank You,296000.0,f
t_b4c5db9d,15,15,往天涯的盡頭單飛,294000.0,f
t_df447716,15,15,Oh Johnny 1956,188266.0,f
t_f9ff95ef,11,11,HeartShaped Glazses,,f
t_46fb3bff,30,30,Te Pope,94333.0,f
t_da1322a0,8,B4,Maderial,204000.0,f
t_54aed4a1,2,2,Ipiil,295000.0,f
t_bb9b8077,2,2,Ibiio,295000.0,f
t_a1890438,2,2,ITAPPMONROBOT,254000.0,f
t_59a52ba8,1,1,Children,218000.0,f
t_3cd26bca,4,4,Lazyb0nes,186400.0,f
t_bfa92e79,10,10,How,281800.0,f
t_2b194619,4,B1,Bahian BBoy LP mix,,f
t_e1a2ef67,11,11,Now Im Feeling Zombiefiecl live,480000.0,f
t_5eed0cb0,11,11,Anlıyorsun Değil mi,213000.0,f
t_a08f0117,238,238,Someone Somewhere Its Now Rise 1,21000.0,f
t_cdc47c8f,5,5,Burn It Down,200000.0,f
t_fea2878a,8,8,Madis Song Tje Man She Thinks I Am,255000.0,f
t_e92f00a8,10,10,Cover Me,125906.0,f
t_62be7b34,3,3,Nefer Stop,176466.0,f
t_5d5fc155,12,12,Der Schrei des Schmetterlings,303000.0,f
t_2c7a93e5,5,5,Ill Praise God Forever for Sending His Son,183000.0,f
t_80d875ff,8,8,Spacco tutto,165000.0,f
t_88538e4f,1,1,Darkgazer,101000.0,f
t_a511f98b,16,16,Surpris,82000.0,f
t_c15ecb35,7,7,Навозные мухи,194000.0,f
t_904d6d0e,7,7,S8n perdón,306000.0,f
t_1118488a,5,5,UP ALL NIGHT,178050.0,f
t_ecf892e1,5,5,Osanity,70240.0,f
t_468fd3d5,19,19,Colter Phones His Father 4M5,205000.0,f
t_7762d65a,3,3,Mooi was die tijd  Maar vanavond heb ik hoofdpijn,253000.0,f
t_d2cde914,18,18,The Good Old Days,123466.0,f
t_5b412cb2,24,26,Sacrilege,286000.0,f
t_41eca692,1,1,Flash of Love wild style,145200.0,f
t_f78ea5fa,28,28,Schoolz Out,34000.0,f
t_34da641f,2,2,Su9arbowl,131000.0,f
t_0f6f4cf1,4,4,Yellow,395306.0,f
t_50ee3774,7,7,Mister Mister Scsrface,263466.0,f
t_d6698d76,6,6,Information Is Power,283000.0,f
t_4a9b19a3,9,9,Concerto No 5 in B major BWV 1050 III Allegro,311573.0,f
t_8094315b,4,4,Romame,179000.0,f
t_d314a112,29,29,Cozy Campfiahe Collage 15 second version,15000.0,f
t_ec3b2199,3,3,Black Bomberman,189270.0,f
t_96e1ee1f,6,6,小四,274000.0,f
t_e5cdd383,1,1,Και τι έγινε,221000.0,f
t_ad06cd1e,10,10,Poisons Fool,290026.0,f
t_4c69771d,14,14,Take My Hamd Precious Lord,181840.0,f
t_40b36e3f,9,9,Space Media,206000.0,f
t_6c444b12,2,2,Long Way to Africa,395226.0,f
t_8d4fc0de,2,2,Pa9e,239960.0,f
t_e404a94c,17,17,Fat Beatst,36520.0,f
t_66684564,5,5,a lil somethin,100000.0,f
t_d5819e22,13,13,Lacewings,224466.0,f
t_b216944b,4,4,Nikata Bushi,132296.0,f
t_887d1ef9,6,6,You,268696.0,f
t_3c6123de,3,3,Mary Had a Little Lamb,55293.0,f
t_aa65241f,15,15,Its Only Money,,f
t_396f4603,5,5,Hippie Holocaust,51000.0,f
t_0df12588,6,6,Prêds à tomber,193466.0,f
t_93d8eabe,3,3,Heiliger Krieg,290000.0,f
t_76762422,14,14,A Decision,248000.0,f
t_5d3968a6,2,2,Episode 1 Finding Friends,141749.0,f
t_e43205eb,3,3,Digital Dream Analogoue at 46hz by Icon of Coil,,f
t_dbe409f1,3,3,Excerpts from Weihnaxts Oratorium Part 1  2,342146.0,f
t_8488a2b7,13,13,Sleeping in Paris,247426.0,f
t_836ac487,11,11,Corpus II,198920.0,f
t_69b445bf,5,5,Der wilde Cowlooy,147733.0,f
t_58268838,5,5,1 Thing Trippin mix,256000.0,f
t_2cebf160,5,5,Lady,250320.0,f
t_63378a36,12,12,That Evil Child,235640.0,f
t_d62038ea,11,11,The Big Time Demo Version 1989,173000.0,f
t_7c7d5d4b,59,59,Wacky Day,90000.0,f
t_f8ecc865,3,3,Mit den Ärschen 2002,219000.0,f
t_0321d475,20,20,Fuga super Allein Gott in der Höh sei Ehr BWV 716,161000.0,f
t_588cb14c,50,50,Chapter 10 Journal 2 Continued – Denduron Part 6,51000.0,f
t_32a81aa8,7,7,In ben een ster,179000.0,f
t_ac2f5336,50,50,Chapteah 10 Journal 2 Continued – Denduron Part 6,51000.0,f
t_7f9b9783,68,68,Nukem 8,25280.0,f
t_a0932e3c,4,B1,Kokonaan Pois,,f
t_1b111d33,2,2,Down at tbe Miracle,205000.0,f
t_5102db54,11,11,Morphée,242000.0,f
t_7b75acfc,7,7,Yo Really Got a Hold on Me,326000.0,f
t_ade88927,7,7,You Really G0t a Hold on Me,326000.0,f
t_00d72858,17,17,Ma tean et ma tvlen kord jälle,307693.0,f
t_4702ab95,11,11,Second Fiddle,139000.0,f
t_3658306c,3,A3,Desire,178000.0,f
t_1ebd1105,5,5,radio dialog,160000.0,f
t_9431fcfd,13,13,Cocofunkanut,271933.0,f
t_e9de3267,7,7,New Lives,172000.0,f
t_6279e0a3,13,13,Dueoling Bongos,175000.0,f
t_b0e16cba,5,5,Bairam de cartier,233000.0,f
t_8b056628,17,17,Ma tean et ma tuken kord jälle,307693.0,f
t_1cda8d3e,8,8,A canzone e Tonino,257967.0,f
t_05671f36,25,25,Busv Signal,186720.0,f
t_f79ccca9,9,9,Wholl Bear Shame,187000.0,f
t_b46177c3,11,11,Co|or Bars,139800.0,f
t_844bd1da,2,2,The Story of My Life,311533.0,f
t_1a8a33a0,15,15,Yoresomanka,94000.0,f
t_6d9e7e09,5,5,Feeling Like the Sunxhine,183000.0,f
t_925b3aca,1,1,Jay Macks Crib 2nd Version,,f
t_f5fb7a13,7,C3,Hallo Ja Ja I Dont Know,620000.0,f
t_5ddcc579,7,7,Всегда Со Мной,115773.0,f
t_38f0598c,7,7,Посвящение артистам,131000.0,f
t_68cc4b88,13,13,Gudnight Now,,f
t_4965ec26,6,6,The Tracks of My Tears,178000.0,f
t_03b694c8,17,17,4 Your Love edit club remix,211000.0,f
t_a6708518,11,11,Bruce Ant Annette Jazz,175000.0,f
t_c633ad92,4,4,Heut ist mein Tag Blümchen vs Roh mix,186640.0,f
t_91bca6de,7,7,Derniers 5oupirs,,f
t_d2df8e67,7,7,Dernierz soupirs,,f
t_836b503e,2,2,Never Again,204000.0,f
t_ad34eb67,5,5,Audivi vocem de caelo,255667.0,f
t_735156ee,13,13,Hes Got the Whole World in His Hands,74933.0,f
t_8a2fb39a,4,4,La donna riccia,153840.0,f
t_22e2a93d,6,B1,Seelenblues,286866.0,f
t_7ffa56d1,2,B1,Electr0nischze,,f
t_9b2a0881,1,1,Dei Freint,178000.0,f
t_90d85134,4,4,Du Reisst Mir Meine Federn Aus,229000.0,f
t_a097401b,2,2,Guantanano Bassline,139467.0,f
t_7c9c3996,10,10,Mongoose,99293.0,f
t_0e3d9a70,19,19,Flickan kom ifran sin älsklings möte op 37 rio 5,201000.0,f
t_0f936821,19,19,Flicckan kom ifran sin älsklings möte op 37 no 5,201000.0,f
t_e941023c,9,9,Aint Nobody Home,443906.0,f
t_79f09b54,19,19,Saint Louis Blues,247000.0,f
t_4d13398f,58,58,Front Line promo length,10000.0,f
t_db5ed65c,4,4,On the Warm Wet Ground,235000.0,f
t_384fa4f5,7,7,Give It Up,240000.0,f
t_fbc167fc,3,3,Nemo,517106.0,f
t_1740c5d4,8,8,Wa1k,186986.0,f
t_5f436ae8,5,5,Punch for Power b,60000.0,f
t_569a6198,2,2,Down at the Miracle,205000.0,f
t_5f8f3672,12,12,Prelude,168773.0,f
t_a61309e2,13,13,Empire of Crime,121000.0,f
t_72009edf,7,7,You and the New World,173893.0,f
t_94487c3a,2,2,Feel Better Granite mix,470000.0,f
t_784c92cb,8,8,Berriville,124000.0,f
t_80909a34,3,3,Monkey Blood,233000.0,f
t_5630d1d2,30,30,Adão e Erva,,f
t_1b2f5c77,7,7,Pyromanes scéniques,187493.0,f
t_a800b174,4,4,Der Schritt in die Tiefe,690000.0,f
t_d8c67f5e,8,8,Another Way of Loving You,218000.0,f
t_29919565,2,2,Les Chairs À Vif,288000.0,f
t_f9732246,17,17,Living For Jesus,152000.0,f
t_00ba7fac,9,9,FUN A BASH,175000.0,f
t_c9d7444d,6,6,The Saturated Earth,410653.0,f
t_6248766f,16,16,The Way I Love You,158133.0,f
t_538286c0,11,11,Take Your Tiiiie Son,417000.0,f
t_5455e5b6,7,7,She,177000.0,f
t_6d494b48,3,3,Mr Stev4,372333.0,f
t_baf78daf,1,1,Homegrown,405000.0,f
t_920b78ca,7,7,Things,153600.0,f
t_99ea0d46,6,6,Key of Life Gio and Kemper club mix,519000.0,f
t_377b5dba,4,4,Universal Funeral,164200.0,f
t_446cce72,10,10,Cicale,232733.0,f
t_2f0f7b71,9,9,1107 PM,251373.0,f
t_08439ff9,15,15,Seminal Myoliserguide Nekrosia,233680.0,f
t_feadd777,12,12,Imzgine,366506.0,f
t_56a2fbae,12,12,Imajine,366506.0,f
t_ebb06aee,7,7,O Vos Omnes  Pablo Casals,237226.0,f
t_bd13c325,3,3,Sin anf Sacrifice,,f
t_f4d02bda,12,12,Buy Me Back From te Dead,95000.0,f
t_19fb775d,11,11,Kāda dziesma,237293.0,f
t_8f1edb33,3,3,Sin and Sacrific,,f
t_b1454f06,2,A2,Exotique Bossa Nofa,138318.0,f
t_f0b79658,2,A2,Exotiqie Bossa Nova,138318.0,f
t_8e67d9b6,1,A1,Introducti0n,55000.0,f
t_8e77507b,2,A2,Exotique Bossa N0va,138318.0,f
t_eb3b0c1f,7,7,They Have Beeh Here Earlier,399000.0,f
t_9c2f8d9b,3,3,Old Maid In The Garret  Irish Reel  The Unicorn,457000.0,f
t_5482a0ae,7,7,Sigmund,479000.0,f
t_5a3152b0,6,6,Seni Sevmek İstemiştim,364000.0,f
t_b87fc38e,1,1,CLOSE GAME LIFE,170000.0,f
t_fbb80364,12,12,Cheers tl Us,190000.0,f
t_53753ecd,21,21,Gradus ad Parnassum Op 44 No 91 in B major Allegretto piano Marco Sollini,91000.0,f
t_05585daa,2,2,FBI,227546.0,f
t_0e5858bd,2,A2,Building the Ark demo,303000.0,f
t_abbfd14b,5,5,People Hurt People,203213.0,f
t_1890ec0e,8,8,Danny Boi,197000.0,f
t_ac670270,9,9,Feels Like Im in Love,197333.0,f
t_9f97805b,3,3,La Mission,57000.0,f
t_5cb5eaa6,1,1,Six Years,223936.0,f
t_7362ea50,19,19,silence,8946.0,f
t_0d0e661e,6,6,The Mercy Seat,355000.0,f
t_c038840b,4,4,Не расставайтесь,224360.0,f
t_77318e3e,2,2,Baba,21280.0,f
t_7d3d5744,3,3,Fine Fine Daty,157440.0,f
t_4d476d7c,14,14,Run for the Night Demo,269600.0,f
t_bc04c154,102,102,Power Up,37000.0,f
t_be0f3200,4,4,Oru Kiliyin M,275000.0,f
t_b593eebe,4,4,Life in 645 min live,404560.0,f
t_0fc57c9d,3,3,44 Minutes,277000.0,f
t_fdddf1aa,8,8,Jellyfish,293000.0,f
t_80dcf9b4,7,7,Living for the Weekend,211973.0,f
t_a4709e4c,25,25,Midnigt on a Full Moon,114000.0,f
t_5184e785,25,25,Midnikht on a Full Moon,114000.0,f
t_32f58234,6,6,Kara Yemeni,195000.0,f
t_c100e63b,3,3,Priseless Time,,f
t_eace2449,8,8,Juke B0x Hero  Whole Lotta Love,913000.0,f
t_6dbc8cd1,1,1,Intro,68000.0,f
t_26e0b528,10,10,Happy Ending,182000.0,f
t_46cc14a3,1,1,Sing Our Own Spng,230000.0,f
t_be94138b,23,23,I Got a Date,220733.0,f
t_49825313,9,9,If Im Not Me Then Who Is,232226.0,f
t_5198974d,1,1,Sink Our Own Song,230000.0,f
t_ee2595ee,11,11,DC,225000.0,f
t_6cd93a9e,3,3,Frienrs,363000.0,f
t_7d817f6f,11,11,Hevi dose,150000.0,f
t_06266ba2,11,11,Hevl doze,150000.0,f
t_39f1b79b,2,A2,Mountains Are Dreaming,,f
t_1a1565ab,5,5,Garaj Baras Paap,257000.0,f
t_8665739c,1,1,The Strariger,,f
t_78457735,21,21,I Still Love You,121480.0,f
t_f56e5bd1,17,17,Old Friends,60000.0,f
t_3baf7a11,15,15,Bomba,219000.0,f
t_2644850a,5,5,Eventide,226000.0,f
t_fe92ab0c,14,14,Something Beautiful,227746.0,f
t_14a8cb3f,1,1,Intro,95000.0,f
t_d1e72446,4,4,Wake Up,,f
t_3dd57452,10,10,untitled,256000.0,f
t_77c7bf66,5,5,Hard to Handle,237000.0,f
t_ee403de4,4,4,Imagery of Ecjtacy Dream Traveler,438173.0,f
t_5fdf376e,5,5,It Wasnt Said to Ask,257000.0,f
t_01ab0c19,2,2,Psalm 104 Bless the Loahd,404373.0,f
t_92c706f1,3,3,Fri4nds,363000.0,f
t_ddd854a1,3,3,Mighgy Like the Blues,415000.0,f
t_9a70c32a,5,5,Joyride,94226.0,f
t_f7077104,13,13,Voice5,385826.0,f
t_3139153a,2,2,Goin Down Slow,339266.0,f
t_3390d98e,11,11,7M6 EC Part 2,,f
t_2b25e417,2,2,Grammofonnummer,180000.0,f
t_e386a446,40,40,La Pluie  Rafale de pluie intérieur voiture À lsrrêt,58000.0,f
t_eeac00a6,1,A,The Big Black Plastic Explosion Its Alnght Its Alright Dance Mix,,f
t_08f691da,14,14,Gnällpipan,71533.0,f
t_256e2d49,2,2,Swap orig'lnal mix,390000.0,f
t_5518a3a0,4,4,Strings Breath,313186.0,f
t_1407c618,2,2,Swap origibal mix,390000.0,f
t_fdf70905,2,2,Swap original miecs,390000.0,f
t_14d5f69b,12,12,Daf No Wealth,307560.0,f
t_315883d3,10,10,Dolly op 56 I Berceuse,149000.0,f
t_8e808d6a,2,2,うつし絵,323000.0,f
t_64cab103,1,1,Natale Mano Nella Mano Weihnachten Hand in Hand,172000.0,f
t_1d30c571,8,8,One Day,227000.0,f
t_1c55c3dd,6,6,Give Me the News,289000.0,f
t_a14ac10a,5,5,The Shepherds Farewell,348973.0,f
t_85f844fa,11,11,So Many Wonders x Cantarella,,f
t_4698d346,3,3,Czy już koniec,147000.0,f
t_061845a2,3,3,All My Lies,245000.0,f
t_48ad74b4,2,2,オリンピック,174066.0,f
t_1dfe18ff,5,5,La Vi,271000.0,f
t_59f7cd04,7,7,Dead Eyes,248706.0,f
t_4deaa456,11,11,I Think Im Sean Justice,115096.0,f
t_b31c5446,19,19,Flickan kom ifran stin älsklings möte op 37 no 5,201000.0,f
t_315f2cb7,13,13,Land of the Navajo,584013.0,f
t_61bd7a15,12,12,Pudfle of Sex,279000.0,f
t_3db03808,11,11,Sanctus,144626.0,f
t_0398463b,4,4,Katol0n,418040.0,f
t_b38af9e9,4,4,Katilon,418040.0,f
t_8aaa9413,8,8,Halelujah,184360.0,f
t_6858cabd,8,8,Hallelukah,184360.0,f
t_a3e4a03f,12,12,Birds,312613.0,f
t_2f7116d1,13,13,To Kill a Mockingbird Part 11f,224293.0,f
t_42b6890f,12,12,Atlantis,407827.0,f
t_69fe7bd4,3,3,Ya Robbana,285000.0,f
t_fae86d7f,35,35,Novelette No 2 in B flat minor,101200.0,f
t_1507cb65,5,5,Elephant Song,218000.0,f
t_1abeb776,7,7,Rzuć ją Jobny,92000.0,f
t_152702ef,3,3,Arrivederci My Love,202093.0,f
t_309e7d33,11,B5,Finest Worksong Mutual Drum Hom mix,231173.0,f
t_23f3d25a,11,B5,Finest Worksong Mutual Drum Horn mox,231173.0,f
t_29b25d86,8,8,Ich liebe dich feat Toddo Sörvp,229226.0,f
t_7ba92e9f,17,17,Kære kvincler,82000.0,f
t_9467e0f5,6,6,Bogue,309226.0,f
t_f2337e85,7,7,No Card,87000.0,f
t_a5e86d2c,2,2,Buried in Sand,,f
t_a92f7b0c,5,5,WanSinn,280506.0,f
t_cd37a277,51,51,Romis Twist promo length,14000.0,f
t_d8b95114,5,5,WahnSlnn,280506.0,f
t_6700dd87,17,17,You Gotta Believe,214495.0,f
t_32e7d4e0,11,11,Uneasy Does It,250013.0,f
t_eea537ab,3,3,Bernafas Dalam Lumpur,323000.0,f
t_65f310ed,11,11,Äljka bomben,197000.0,f
t_c77dd85a,3,3,Part Three,636000.0,f
t_f285935a,4,4,No ruLe Off Vocal,233000.0,f
t_120fa7a5,11,11,Äoska bomben,197000.0,f
t_1b61f538,11,11,Marbha Na Luirnneach,514014.0,f
t_83c9714c,7,7,Release Yourself,325466.0,f
t_283c272c,11,11,Marbha Na L7imneach,514014.0,f
t_78fdc1ed,6,6,Enter6ain,176933.0,f
t_047504d5,4,4,Do What You Wanna Do 93 demo,175000.0,f
t_1e1d6367,6,6,Endertain,176933.0,f
t_7cb04e9d,11,11,Im a Believer,185813.0,f
t_cf320bab,3,3,An Oncomlng Train,234000.0,f
t_0ba1a2f6,1,1,Big Kariba,202000.0,f
t_1c98b6fc,9,9,Bessonni6sa,238626.0,f
t_ed1da79b,31,31,Partita BWV 771 Allein Gott in der Höh sei Ehr Variation 6,68640.0,f
t_9b3803dc,6,6,Kill Your Lover,,f
t_47331f16,21,21,Geartete Künste hatten wir schon,300000.0,f
t_47f5634a,9,9,Des Müllera Blumen,236000.0,f
t_43a5b84e,9,9,Des Mülers Blumen,236000.0,f
t_ca766a56,3,3,Hämnden Gällivarevisan,164293.0,f
t_14cf5ed4,13,13,silence,4040.0,f
t_161ff64b,5,5,The Wonderful World of Christmas,117000.0,f
t_96bc9671,3,A3,Wnere to Go,138000.0,f
t_cea187eb,1,A,Pentulum,,f
t_e402ffa9,23,23,Energy Crisis 79,141000.0,f
t_2658e354,4,4,Dada Ds Ching,337733.0,f
t_4d42ab95,4,4,Dada Da Cjing,337733.0,f
t_397b8949,2,2,Olmasa Mektubvn,214466.0,f
t_e67817b2,13,13,Under The 3000ft Red Ceiling,194973.0,f
t_440b8406,76,76,Primetime m alternative version,6000.0,f
t_bb1419f2,2,2,The House of Shore,152000.0,f
t_c33af031,17,17,Alex du Prerd,86000.0,f
t_13917e79,76,76,Primetime n alternatibe version,6000.0,f
t_47705fd5,7,7,Hudood Ordinance,539813.0,f
t_1eedb2d8,17,17,Baby Lee,171466.0,f
t_7e7a4e28,45,45,Hâji Hasani,72306.0,f
t_69e53cd8,76,76,Primetime n alterjative version,6000.0,f
t_f292f6ba,3,3,Pimp Strut,297866.0,f
t_a1523261,1,1,Kapitel 7 „Todesfalle Teil 5,234213.0,f
t_5e857c4f,6,6,Ocker 6,221573.0,f
t_6172ca6d,8,8,Transvestite Dance,,f
t_7552b664,9,9,Erster Teil „Simon Mondkalb Kapitel 14 „Das Feuer auf dem Berg Teil 9,323000.0,f
t_1b75926e,1,1,Oh Lo Lo the Bemoner,236905.0,f
t_72b0f013,5,5,Dark Night,227201.0,f
t_38c8a3c7,6,6,Sliabh Luachra PolkasRoy Rogers,260475.0,f
t_fd97eeb7,17,17,Clouds of Venus,59000.0,f
t_d842e06b,1,1,Foolish Dancer,,f
t_4cf6bcff,2,2,Big Knock,259000.0,f
t_4473f4e7,7,7,Pozwolił nam los,,f
t_7fc6fb10,18,18,The Beat,246000.0,f
t_6b9240bb,2,2,Fever,297000.0,f
t_06f4d283,116,116,Run Lucifer,208399.0,f
t_82bc0fb3,15,15,Jefke,215800.0,f
t_7c6a5d91,8,TWO 3,Country Fair,410773.0,f
t_f00b61e3,6,6,The Gh0st,123000.0,f
t_5282c689,27,27,Rise of the Seraphim,194000.0,f
t_3b80bb25,21,21,Feit originalversjon,162440.0,f
t_e6172099,10,10,OldTime Banjo Medley,213000.0,f
t_327e1d98,10,10,Dents,334906.0,f
t_aee7eb45,1,1,Tuuli vie,212000.0,f
t_34adb677,4,4,My Brain Is in the Cupvoard Above the Kitchen Sink,211000.0,f
t_a6a7c354,10,10,La Cucuracha,153106.0,f
t_2c1eaade,1,1,Independance Day feat Lino,225000.0,f
t_0e0ebfee,11,11,O Criador Par Esp MartNália,205960.0,f
t_59319690,14,14,SOS Fire in the Sky,241360.0,f
t_3f709025,14,14,On Broken Shells of Crystal Dreams 1998,137334.0,f
t_687d21b0,2,2,O Que É Icho,,f
t_ea6dfd67,7,7,Action at the Machine,208000.0,f
t_44447ea1,10,10,En vie,443840.0,f
t_fe1faccf,8,8,Approxinate,109266.0,f
t_f5d68643,3,3,2月のエピローグ,255000.0,f
t_d37b3586,16,16,Summertime,378000.0,f
t_dbffc5f7,5,5,White Heat,335000.0,f
t_86429afa,12,12,Le Dernier Homme,182000.0,f
t_af76cc63,6,6,What Is This Thing Called Love,193000.0,f
t_8040c298,6,6,Sworn and Broken,214440.0,f
t_f01529bc,2,2,Desperation,415000.0,f
t_4f0fa4f6,16,16,Boogie,187600.0,f
t_6c397c1a,4,4,Effet de dtyle effet de mode,239586.0,f
t_baaba0bd,10,10,Lady Lai,298000.0,f
t_fdeb91ad,6,B3,Hooked on Broadway,383267.0,f
t_0b5e5802,4,4,Effet de style ecfet de mode,239586.0,f
t_fbd1af52,5,5,An Alien Heat,449000.0,f
t_27040ef2,14,14,På verandan på vid havet op 38 no 2,180000.0,f
t_fdc7d409,3,3,Love Song for a Savior,286000.0,f
t_6cf239c5,1,1,Berle  Omnivorous,368213.0,f
t_ab272b5e,3,3,Big Sky,189346.0,f
t_9b02ee31,2,2,Baroque Ensemble No 2,467000.0,f
t_12f749a4,1,1,Colossal,237000.0,f
t_05a0ce5d,2,B,Preflation,590000.0,f
t_c7496771,2,2,Runnin,195906.0,f
t_4e36b642,9,9,Shotgun Kists live,263000.0,f
t_572b77fc,2,2,Luminous Mysteries,1422933.0,f
t_4b381ae5,9,9,Words,355840.0,f
t_7bce0dfd,5,5,Doresh el haketim,379000.0,f
t_6172a418,16,16,Sounds of the Wickedness,215493.0,f
t_780c48df,11,11,Dont Care,210000.0,f
t_64b62620,4,D1,Untitled,,f
t_f86b8fc6,17,17,Grains od Sand,49000.0,f
t_e9806a32,8,8,Lament of Love,204360.0,f
t_1e32a10f,5,5,Make a Lisr Make a Wish,588600.0,f
t_761431b9,4,4,男と女のラブゲーム,233306.0,f
t_2944b6b7,12,12,Serenade in the Night,186640.0,f
t_166ec270,1,1,Sadows in the Nights Sky,1171653.0,f
t_117704e0,7,7,二人,208000.0,f
t_8c92ace4,11,11,So Many Wonder5 x Cantarella,,f
t_2323e75f,1,1,Promises,229000.0,f
t_73184cde,19,19,Heavy Mental,89880.0,f
t_261cbc23,12,12,Buy Me Back From the Dead,95000.0,f
t_ca694bb0,4,4,No ruLe Ofg Vocal,233000.0,f
t_767967f0,11,11,Our Day Will Come,150333.0,f
t_bcd34b45,9,9,Bruiss,269853.0,f
t_160f30fd,3,3,After Youve Gone 1918,198000.0,f
t_e89e021b,9,9,Bruides,269853.0,f
t_a87f8fab,1,1,Under te Capricorn Sky Part I,440000.0,f
t_ee493fc4,3,3,Fine Fine Daddy,157440.0,f
t_1464a94b,8,8,Acid Pit,406000.0,f
t_b2b79ba8,6,6,Дороги,168986.0,f
t_88295558,6,6,Superman Ids Not Easy,222173.0,f
t_d6cea728,4,4,Pets Lament,149000.0,f
t_87e5f894,2,2,Guantanamo Bassline,139467.0,f
t_4c399923,9,9,Final Script For Rodin,360000.0,f
t_90107e28,4,4,男と女のラブゲーム,233306.0,f
t_14b32e6d,5,5,Bahianese Mayonnaise,353026.0,f
t_440da568,14,14,Josephine,221933.0,f
t_a756380b,6,6,A Rockin Good Way To Mess Atound and Fall in Love,148560.0,f
t_24313bf2,16,16,Must Persevere,116000.0,f
t_5836cb97,22,22,Boys,160000.0,f
t_6987509b,6,6,Olivas Adobe,473000.0,f
t_f4316eda,3,3,Symphony no 8 in G major op 88 III Allegretto grazioso,365400.0,f
t_ea405e11,27,27,Dark Eyes,135626.0,f
t_e71b507f,12,12,Arrkve,250640.0,f
t_4e3a1aa2,12,12,Arriye,250640.0,f
t_645f9377,4,4,request 6he style,273438.0,f
t_2caa1e3a,10,10,Mojito chillout mix,264000.0,f
t_8c2f4945,7,7,Untitled,216000.0,f
t_297a4014,1,1,Halovo vodítko 1,77773.0,f
t_67b10093,9,9,Teil 23,331040.0,f
t_795004fc,7,7,Night of the Abyss,161146.0,f
t_458b0602,1,1,Time,220850.0,f
t_f26f84c9,6,6,Cinema5ic,261000.0,f
t_cac79067,5,5,Eemina,272000.0,f
t_840d632f,4,4,NOCOLS PIANO 春のテーマ,150000.0,f
t_5eb0217b,36,36,Behind the Headlines 30 second version,30000.0,f
t_30ed5ec9,3,3,Elkipalki,133253.0,f
t_bed7d9d6,7,7,Serenity,241000.0,f
t_be22c7d1,8,8,White Line Fever Die Autobiografie Teil 4,61720.0,f
t_43f078f3,2,2,Feel the Pa:n,233351.0,f
t_ff6baad5,2,2,Seiitenrinengi,2217000.0,f
t_521ccb14,1,A,Real Love,259000.0,f
t_01555d04,24,24,Ohh What You Do to Me,161973.0,f
t_995ab793,14,14,The law of the Lord is perfect,206066.0,f
t_6b9c5d5c,4,4,Over the Rainbow,415333.0,f
t_7fd9a772,4,4,Yaar Mera Kho Gaya,463000.0,f
t_e0ee7783,5,5,The Exquizite Flavor of GastroAnal Tripe,174426.0,f
t_88f03977,3,3,Mr Steve,372333.0,f
t_5e1fd8f9,1,1,Voodoo Mama Cairo Liberation Front remix,213818.0,f
t_00e6dc88,32,32,Block 4 Chapter 5 Activity 32a Restoration in Context 1,70186.0,f
t_c1b37151,6,6,Keep Sweeping Cobwebs Off the Moon,182200.0,f
t_af21d5aa,8,8,Partita No 5 in G major BWV 829 II Allemancle,270813.0,f
t_d1c42f1f,8,8,Partita No 5 in G major BWV 829 II Al|emande,270813.0,f
t_bc620f7c,10,10,One For Dallas,183053.0,f
t_298951a3,8,8,Rivql,319000.0,f
t_760a362e,11,11,If Dreams C0me True,204858.0,f
t_6f82d80d,15,15,Dado Sado versjon,213200.0,f
t_fc48fd81,2,A2,Exotique Bossa Nova,138318.0,f
t_e43e2d3f,1,1,Say Say Say,170000.0,f
t_1e27466a,3,03,West Coast Tractor Beam,331000.0,f
t_3aa93636,2,2,Friends in L0w Places,507000.0,f
t_9a7ecc10,11,11,If Dreaks Come True,204858.0,f
t_e131bbdf,13,B6,Miss Harper Goes Bizarre,208000.0,f
t_cb50691d,5,5,Always Up to No Good underscire 60 second version,60000.0,f
t_1794edbc,11,11,There Id a Road,235000.0,f
t_f1cf3351,10,10,The Regular,214280.0,f
t_616c94a5,24,24,Im in Love Again live,191706.0,f
t_eb922a58,8,8,Bombay Suffle,126000.0,f
t_0b97e651,8,8,Bompay Shuffle,126000.0,f
t_09e58d9f,13,13,Scared,526720.0,f
t_c61aa731,8,8,Rival,319000.0,f
t_a9e1084e,1,A1,Introcluction,55000.0,f
t_d2bacce8,8,8,Surf King,204640.0,f
t_91002ab6,10,10,CHEYENNE,205000.0,f
t_41d12118,52,52,Swirly Gatez narration,30000.0,f
t_902cbb7c,52,52,Swirly Gatez narration,30000.0,f
t_38f11a30,52,52,Swirly Gades narration,30000.0,f
t_c6410dd7,55,55,On a Mission no drums,119000.0,f
t_1b9d33e0,9,9,On With the Sho,243613.0,f
t_2de9457a,7,7,Almost Beautiful Child I  II,318000.0,f
t_e26dd6bc,50,50,Slow Train full mix,15000.0,f
t_909c19cb,2,2,Ladyhqwke,141000.0,f
t_8c9e9b9c,5,5,Epic Battle a main,123000.0,f
t_d1653ed2,9,9,All I Wantet,233386.0,f
t_ea40ca87,9,9,Al I Wanted,233386.0,f
t_578fb8e0,8,8,Hes Mu Guy,253226.0,f
t_3adfaf7c,8,8,Hes Mt Guy,253226.0,f
t_c4d1d699,2,2,Thy Wounds UnveiledN,225186.0,f
t_174a7482,11,11,Hevi doze,150000.0,f
t_19b69521,1,A,Im Waiting Just for You,160000.0,f
t_1da5baa5,5,5,Ahi NaMa Kaynana,228000.0,f
t_2532d1e3,8,8,Ronnie Hawkins,234000.0,f
t_12141075,4,4,Nico,222000.0,f
t_d8adf99f,4,4,Genmaio,211587.0,f
t_0880a01c,10,10,青春熱潮,,f
t_356db9d4,3,3,Get the Picture,116000.0,f
t_7920b048,9,9,Sex Machinegun,607000.0,f
t_5e1c5137,3,3,Into the Light First Effect mix,460000.0,f
t_40ba6abb,12,12,Introduction  Ravel,44333.0,f
t_0faf1a9e,7,7,Sea Cruise,164000.0,f
t_c350145c,3,3,Ill See You Around,315000.0,f
t_556661ff,18,B8,Fancy Dancer,211000.0,f
t_a6b45d54,4,4,Ohserve,259920.0,f
t_299f7436,5,5,Congratulations,318000.0,f
t_2c3654b0,6,6,De profundis op 67 Meno lar9o molto tranquillo ,253000.0,f
t_28de46f2,14,14,March to Your Death,196893.0,f
t_ce02195e,1,1,Ipagpatawad Mo,240000.0,f
t_c6afa7a6,20,20,Pièces de clavecin en concert  La timide rondeau I  II,325000.0,f
t_10679643,4,4,Whiskey arid Wimmen,162626.0,f
t_0534e8f5,30,30,Breezing Along,30000.0,f
t_5ede6b7e,5,5,La Vle,271000.0,f
t_1c91714c,5,5,The Evening Countri,140000.0,f
t_d737f87f,6,6,Bloud in the Tower,186000.0,f
t_fe3d554b,10,10,Yann Chaseour,535266.0,f
t_edf87c57,8,8,Bei mir bist Du schön,239000.0,f
t_76917571,5,5,Desire Ambient mix,479906.0,f
t_a2d812c8,7,7,Bell Dem Slags,179946.0,f
t_05fd807f,2,2,Завтра,267000.0,f
t_33ba9f78,3,3,I Never,271773.0,f
t_89721492,10,10,Mein Leben,233000.0,f
t_2b49d816,3,3,Think People,312000.0,f
t_1b102864,1,1,Independance Dav feat Lino,225000.0,f
t_5dace767,1,1,PAMS for the 90sPart Deux,372000.0,f
t_bbf96145,2,2,Sugarbol,131000.0,f
t_2f90cadb,5,5,Le vase se vide,215173.0,f
t_3bbc77b9,7,7,Moonlight,308000.0,f
t_7ca6d97d,16,16,White Cocade  Doc Boyds Jig  Durham Rangers,199960.0,f
t_83e3576a,4,4,La petite voizine,257906.0,f
t_10033a00,1,1,River Dawn,944506.0,f
t_b4218f4c,1,1,Tanzgerbot Schill to Hell,207080.0,f
t_5e760464,7,7,Suco de quiabo,,f
t_f8581fb3,6,6,The Ghosy,123000.0,f
t_6df7678d,17,17,Kære kvinder,82000.0,f
t_7075fc53,1,1,Done Gone Blue,230813.0,f
t_0f26ac0b,8,8,Mr Webster  Miss Jane MacInnesDandeeith,152000.0,f
t_7d9137b5,1,1,2b 200,102000.0,f
t_c99543c2,19,19,Movin Up Gorillaz vs kos,229000.0,f
t_0ffb78b2,9,9,Handful of Kets,186573.0,f
t_b2e6f04c,5,5,Der wilde Covvboy,147733.0,f
t_0f09177e,8,8,Hallelujah,238706.0,f
t_dbfeacb7,15,15,War in the Head,46880.0,f
t_b28940c4,10,10,Siegfried Act II Scene III Das sagt ich doch nicht,248320.0,f
t_b6376ab8,8,8,On Our Own,290000.0,f
t_4794ed06,12,12,Maruxa Act II Preludio,417000.0,f
t_1bba8e9f,14,14,Death by Barber Part 1 Haircut Zero,196000.0,f
t_4a1db299,9,9,Til 23,331040.0,f
t_0b3613a3,5,5,Gloria,298000.0,f
t_4fecbf9e,7,7,Sunday Aftrrnoons,292440.0,f
t_b22e3780,1,A1,Introdvction,55000.0,f
t_940fa641,5,5,カテキン,,f
t_95a10f3b,6,6,Za korunami stromov,38000.0,f
t_e8f10e36,6,6,Folding Ghosts ijto Origami Stars,252000.0,f
t_6204d09f,6,6,Brightly Burns the Christmas Candle,207400.0,f
t_7855e27c,11,11,Oveah The Hill,150000.0,f
t_f40aed97,2,2,たたかえ 爆露マン,,f
t_6e16fc92,5,5,New Toy long version,372893.0,f
t_86ce7463,6,6,Faceless D:rty Bedroom Folk,189000.0,f
t_74ebfdd1,5,5,Lúltima,171000.0,f
t_f81f23c5,3,3,Fever 103°,318000.0,f
t_da9e073c,6,6,Faceless Dirtv Bedroom Folk,189000.0,f
t_1f4fc4de,6,6,Μην της το πεις,169000.0,f
t_0de575b9,3,3,Bitch,63600.0,f
t_05feb7e7,20,20,Plain Old Downhome Blues,185173.0,f
t_1abe8572,16,16,Mothsr Fist,265000.0,f
t_86e1a7fe,16,16,Mother Fidt,265000.0,f
t_f9dfbddc,15,15,The Fairy Queen Act III Dance for the Fairies,83960.0,f
t_d7f29c96,1,A,No More Lofe,,f
t_f39147f1,13,13,Amen,32439.0,f
t_8b79d5ff,14,14,New Years Day,280000.0,f
t_1839ae02,4,4,Desert People,309000.0,f
t_cfc9676b,3,3,Fences of Pales,228640.0,f
t_0ec62019,9,9,Una oportunidad,79000.0,f
t_861e8f52,3,A3,Kosinski,232000.0,f
t_f9265c6c,3,3,Brije Street Set,239040.0,f
t_7188f8e7,14,14,Der Rosenkavalier Act III Oh God The story was a masquerade and no more Sophie Octavian Marschallin,160440.0,f
t_748192da,4,4,El Guapo,148973.0,f
t_adc9571b,3,3,Briclge Street Set,239040.0,f
t_f3874475,2,A2,Road Back Home,328000.0,f
t_91288687,6,6,The Saving Kind,267600.0,f
t_769a92c8,6,6,The Eternal Horizon,663680.0,f
t_6c23ba42,4,4,Roon 1,,f
t_6bf2ed2e,17,17,Blues dun americà a París G Gershwin,73000.0,f
t_93f458c5,8,8,Im a Liat,196226.0,f
t_8bc81840,3,3,For You,178600.0,f
t_090f0016,10,10,Seagreen Serenades,208160.0,f
t_f46f496d,3,3,Messia Part II Thy Rebuke Hath Broken His Heart,97000.0,f
t_4861a80c,11,11,Das Netz Hypnose 2,,f
t_2abbaf7b,12,12,Der Schrei dej Schmetterlings,303000.0,f
t_ae795c85,10,10,Inner Peace,301906.0,f
t_20ec5792,178,178,Missionary Forces b,90000.0,f
t_0b827493,2,2,The New Ambassador,156266.0,f
t_4cecedcb,5,5,Feeling Like the Sunshine,183000.0,f
t_552cc9d3,12,12,A Fulltime Job,185000.0,f
t_9e832fd5,11,11,Absourdo,261000.0,f
t_776a2741,5,5,Ib Place,259000.0,f
t_2385fcec,20,20,Wonkyie ndi,181026.0,f
t_3e98c45f,10,10,Tell It Like It Is,269600.0,f
t_580fd862,12,12,Run for Your Life,,f
t_58649253,10,10,Gastando Amor Na Madrugada,,f
t_03ff6309,12,12,Misslng Darla,318840.0,f
t_319cd167,5,5,Dzīvot No Mīlas,324853.0,f
t_c00572ef,10,10,La canzone di Tom,307333.0,f
t_3f8e4c3a,53,53,How Far Can We Go Secret Plan 15 second version,15000.0,f
t_c48b0dd9,1,1,小判一両 出囃子「宮神楽」〜笊屋と小判,496000.0,f
t_58a50b1d,2,2,Kilrov Was Here,170986.0,f
t_be4b4fca,6,6,Next Time You See Me,290000.0,f
t_16b5ff3b,5,5,Seni İstiyorum,283640.0,f
t_6dc7b3a1,9,9,Iv Youre Seeking Freedom,146573.0,f
t_0ef3d9fc,9,9,If Youre Seel<ing Freedom,146573.0,f
t_6a3d340e,8,8,The Warnink,291600.0,f
t_5cf3616e,8,8,The Wafning,291600.0,f
t_99b72c2a,1,1,This Is a Crimescene,207000.0,f
t_2c179519,15,15,What People Are Made Of,135640.0,f
t_d63cc33a,4,A4,Sen när blev vi ett grindband,,f
t_f9ec61ea,2,2,Awake and Nervous,511906.0,f
t_7f4d3119,6,6,Someday,315800.0,f
t_4c12e2ff,11,11,New Temptation,204760.0,f
t_a520eeae,7,7,Out of the Blue,233000.0,f
t_714ba9c9,4,4,Home Away From Home,221306.0,f
t_a472e189,1,1,One Fine Moahning,263000.0,f
t_69302853,1,1,One Fine Mornimg,263000.0,f
t_9f1126bc,1,1,One Fone Morning,263000.0,f
t_ec65e0c7,4,4,Love,160293.0,f
t_9337927e,85,85,Golden Dqys a 10,10000.0,f
t_bfc79daf,3,3,Pociąg do nikąd,177000.0,f
t_d75dd22a,6,6,Simon Says,134000.0,f
t_5e4b4079,68,68,Nuiem 8,25280.0,f
t_f90b676c,25,25,Chapter 02,113000.0,f
t_3942f290,2,2,Young Devil,225000.0,f
t_39fb3b08,19,19,Flickan kom ifran sin älsklings möte op 37 no 5,201000.0,f
t_490775fa,20,20,Outro,135573.0,f
t_ab14a2f5,1,1,Minor Blues,397293.0,f
t_40fffa12,12,12,Cik lēni snieg,187480.0,f
t_4c6ed0a0,1,1,Keyboard Sonata in D major K 443,292333.0,f
t_55526636,6,6,Magic Theatar,158733.0,f
t_dc19272e,8,8,We Are Waiting,225533.0,f
t_5b29fd0d,11,11,Баллигоулан,196000.0,f
t_59af85c0,17,17,God Only Knows Takes 16 19670911,244000.0,f
t_4bc3d80c,6,6,Luking East,278893.0,f
t_165ae086,7,7,Requiem Cooh remix,573000.0,f
t_4f9164fe,3,3,White Out,282000.0,f
t_c77917f1,6,6,Ride on Our Enemies,235000.0,f
t_445cf499,51,51,Periot Drama,29000.0,f
t_ba4345f2,1,1,Ocean Kissws,,f
t_47420d4b,13,13,Do víka nekopat,132000.0,f
t_b87f84ed,5,5,A Shocking Statement,101640.0,f
t_89dbe567,18,18,Verdoof Ve5giftig Verskoon My,186000.0,f
t_0742fc91,18,18,Vertoof Vergiftig Verskoon My,186000.0,f
t_c4c07bd8,6,6,One Minute More,168000.0,f
t_ddd0d58f,1,1,Intro,22000.0,f
t_8c6f7b2e,14,14,Big Chaje,123000.0,f
t_7cfb31a5,3,3,Kiss Myself,391653.0,f
t_665664ac,9,9,The Blessing Song,364000.0,f
t_0de78d88,4,4,Tulilahden tango,88000.0,f
t_3547db9d,9,9,Vamp'lre,209000.0,f
t_e8cba772,7,7,Crying on Saturday Night,212000.0,f
t_f3dec9bb,16,16,How Can I Keep from Singing,155960.0,f
t_b649bb98,10,10,Cica1e,232733.0,f
t_b7767383,7,7,Lazy,139653.0,f
t_e0032602,11,11,If Dreams Come True,204858.0,f
t_cb96d31d,4,4,Spanish Blood 40  4,,f
t_a63623a0,8,8,Pra Que Discutir Com Madame,243973.0,f
t_07b8d9f7,2,2,Krasineros Cocek,135320.0,f
t_0eb37d25,8,8,Love Come Down,243600.0,f
t_9f79052d,12,12,Yes I Know,,f
t_359e3298,10,10,Evil Ehe,215319.0,f
t_59acc8ec,11,11,Angel club mix,293466.0,f
t_096c5768,4,4,Well Enof Alone,259000.0,f
t_b0ee330b,10,B4,Secrets,200026.0,f
t_2d3292ed,8,8,YRO,195773.0,f
t_ed4a2e31,18,18,Śmirć bohaterom,167546.0,f
t_4aa1f0f4,10,10,Dentz,334906.0,f
t_ad91f274,7,7,Empty Rooms,590000.0,f
t_5648a670,6,6,Breakstrumental 2,,f
t_b4aef3d4,1,1,Mine  A Minecraft Paroty,212000.0,f
t_90d357ab,5,5,Know Your Culture,,f
t_b5838f11,9,9,Wheeler,112200.0,f
t_8b74704b,3,3,Computerliebe,311000.0,f
t_0fa94b33,7,7,He Was a Real Freak,247000.0,f
t_94815571,91,91,Ghostly Presence 2,26000.0,f
t_08c63cbb,4,4,Stormy Weather,255106.0,f
t_858107eb,9,9,Venetian Red,256000.0,f
t_149bf3cd,17,17,Grainj of Sand,49000.0,f
t_5308713d,12,12,Proteus,259760.0,f
t_c3286e4a,9,9,Handfuk of Keys,186573.0,f
t_fe42a018,15,15,Whoppers 2,12666.0,f
t_197948bb,5,5,Saviours,298840.0,f
t_188c959d,11,11,Oceanj Away,184720.0,f
t_d6a2b049,1,1,Tanzverbot Scbill to Hell,207080.0,f
t_49e3b649,4,4,Perceptual Isolation,421785.0,f
t_01fb0548,1,1,The Fridge,209133.0,f
t_7a303524,9,9,Handful of Keys,186573.0,f
t_0bde36fb,2,2,Audio Message,12000.0,f
t_49c43b58,6,6,Money Money,231000.0,f
t_6e67d2b5,2,2,Man in Black,393120.0,f
t_18f3dd4f,3,3,prison,185000.0,f
t_d154497e,1,1,The Mercy,381000.0,f
t_004f2393,10,10,The Recall Pocotto Answer mix,215906.0,f
t_e14110d1,8,8,Walk Right Out feat Phoenix Soul,232400.0,f
t_5e05ca49,1,1,Der Arme Alte Wolf,170000.0,f
t_75c6f3ae,9,9,Meine Lieder,,f
t_b1302a5b,8,8,The Longest Day  Part IV Depression,416400.0,f
t_d10b9a9c,11,11,All I Want,,f
t_484faea2,3,3,Khajad Dum,665000.0,f
t_68a09b1c,1,1,Intr0,22000.0,f
t_3ce19220,7,7,Slow Risink Part 2,200506.0,f
t_5dcca2fb,4,4,Je técris de sur la lune,262640.0,f
t_7d6760e4,2,2,Dingye dingue dingue,271000.0,f
t_4dd14a3b,20,20,Francisco Cabrerra From Pico Rivera,64000.0,f
t_49a78d79,10,10,Com Que Roupa,171066.0,f
t_f8ba168a,6,6,Keine Zeit zu weinen,239000.0,f
t_51a2e106,7,7,The Only Girl When Youre Away,200826.0,f
t_3a2109f2,8,8,Opuj 6,289000.0,f
t_b1262441,18,18,Pour Michel,135653.0,f
t_788a0bef,50,50,Slow Train full miecs,15000.0,f
t_c4a99f51,9,9,Loving You,192506.0,f
t_887f36a4,50,50,Slow Tra'ln full mix,15000.0,f
t_ac558178,50,50,Slow Train full mid,15000.0,f
t_4a89ce15,6,6,Meglos Serial 5Q The Last ZolphaThuran,211186.0,f
t_65a654f0,4,4,Dark Moon Risin,247000.0,f
t_e736b58f,1,1,Kune Kun,649000.0,f
t_487eaa4c,20,20,Trip Hop Chemical Sister,99000.0,f
t_b2f205a1,24,24,Schutzpatron 24,215000.0,f
t_6e99f894,15,15,All Machines Are Quiet Antre Obin Remix,197760.0,f
t_6c2e7d7f,4,4,Eddie My Love,134000.0,f
t_0475c9ac,4,4,Jacks Slumber Pa4ty,270400.0,f
t_c0ab5786,7,7,Кровь почва верность и честь,244000.0,f
t_4b704418,7,7,Out of te Blue,233000.0,f
t_995af38d,9,9,Who Knowj Why,232000.0,f
t_215be3b3,3,3,Nihalis Song,202000.0,f
t_97a68f0d,22,22,Hymn ur Finlandia,138906.0,f
t_8f961cc2,1,1,South Sea Island Magic,203000.0,f
t_edeeae3a,4,4,SWonderful,371866.0,f
t_9e3bf322,4,4,No 4uLe Off Vocal,233000.0,f
t_c0279d77,5,5,Sailor Dreams,144000.0,f
t_332c2e84,9,9,Feu follet,265306.0,f
t_280f6318,8,8,Call It L0ve,255133.0,f
t_59dcdf85,8,8,Cakl It Love,255133.0,f
t_0b3b0d4f,1,1,Diamonds Are Forever radio mix,233333.0,f
t_52e95e90,10,10,Human Parts Inc,96000.0,f
t_a4a39fb3,4,4,When Worlds Collide,280000.0,f
t_8d758924,1,1,Engine,,f
t_a9a8ce53,12,12,Prayback,295306.0,f
t_01e81311,5,5,Curiosity,251066.0,f
t_16d34347,8,8,Eklektiskh Spiegeln,262000.0,f
t_f6724edf,4,4,Rub a Little Lotion,358000.0,f
t_6ff119bd,24,24,Fukten 1,,f
t_2ae9ccf5,10,10,En vi,443840.0,f
t_49c74b6b,57,57,Lets Ljmbo,55000.0,f
t_c8e06241,6,6,Swingin My Love,,f
t_012a87b3,1,1,Intro,,f
t_8e5fe675,42,42,Quién es el pendejo más grande,39653.0,f
t_74375533,15,15,Seminal Myoliserguide Necrosia,233680.0,f
t_c08be864,9,9,Triada lce vale,320866.0,f
t_357dba1e,9,9,Triada ke fale,320866.0,f
t_25ddce43,1,1,Cerridwen,298000.0,f
t_d2199e6e,11,11,Trankuila,247133.0,f
t_b5d42138,21,21,Paus Spiegel hat eirimal einen Witz erzählt,117786.0,f
t_7131709f,21,21,Paus Spiegel hat ejnmal einen Witz erzählt,117786.0,f
t_c2e668eb,2,2,Enjoy Youfself remix,399280.0,f
t_f664e90a,21,21,Pos Spiegel hat einmal einen Witz erzählt,117786.0,f
t_8767fd4b,16,16,The Heart of Worship,343093.0,f
t_6c88bbd0,4,4,Ódio em Mim,334000.0,f
t_f7e5b357,1,A,The Big Black Plastic Explosion Its Alright Its Alright Dance Mix,,f
t_23c94362,2,2,The New Old Day,99000.0,f
t_a40a3f0e,2,2,Don Juan,176000.0,f
t_c577ac0f,11,11,Marba Na Luimneach,514014.0,f
t_024e9851,35,35,Connection full mix,30000.0,f
t_270a4c65,7,7,Cleopatras Dream,237186.0,f
t_f5186a72,1,1,Vänner feat Nina Persson  Plura,294000.0,f
t_240b43f7,17,17,Jag ska se när du brinner,314000.0,f
t_fc06bace,29,B14,Inanición,,f
t_3237e77d,5,5,Out of Novvhere,160933.0,f
t_b12a648a,7,7,Just Asck Your Heart,149600.0,f
t_5e296166,3,B2,Comlog,,f
t_9314d353,7,7,Titi Rose au cœur,218000.0,f
t_570a253a,13,13,Euses,351506.0,f
t_c710fa2f,3,3,Leaving Del Norte,117733.0,f
t_bfd299f0,13,13,Excusrs,351506.0,f
t_c1eaec8e,13,13,Excvses,351506.0,f
t_6e72811d,8,8,Road of Girl,234559.0,f
t_3260541e,1,1,Sing Our Owj Song,230000.0,f
t_733d580a,2,2,Wonderful Sight,180000.0,f
t_96809d91,7,7,Thinks,153600.0,f
t_b44699e7,7,7,You Dont Gotta Run,191000.0,f
t_536328a1,3,3,An Oncoming Train,234000.0,f
t_837b71a9,1,1,Dolly Daker,309133.0,f
t_43ba6d75,1,1,Doly Dagger,309133.0,f
t_5d3e8fc2,12,12,Casino Queen,200000.0,f
t_8230e928,9,9,Deliberate On,348506.0,f
t_0cea78af,2,2,Gallarda di Venosa,145933.0,f
t_f2c97d80,12,12,Lena 60,181320.0,f
t_73ab8aea,1,1,Turn the Beat Around  You Should Be Dancink  I Cant Get Next to You,,f
t_bdb6a424,9,9,Have Mercy,,f
t_0d9e45f1,22,22,All Night Long,166520.0,f
t_0d02a16b,2,2,When Will I See Yo Again,361546.0,f
t_31aeddfc,13,13,Six Man Band,134000.0,f
t_110e16cb,7,7,Southtosn,247000.0,f
t_08a03007,7,7,Sothtown,247000.0,f
t_dd641c65,12,12,Sunstroke House,317080.0,f
t_85fdbda6,2,C2,Corc,350000.0,f
t_a20638d7,8,8,Helo,125653.0,f
t_5a11050d,4,4,愛だけは,270193.0,f
t_42af5077,6,6,The Ghost,123000.0,f
t_3f8809a4,11,11,Marbha Na Luimneach,514014.0,f
t_1e0cb82a,11,11,Harpoon,191506.0,f
t_c37fb2c1,4,4,Romarie,179000.0,f
t_f9e7a6df,15,15,Nasıl İsyan Etmem,423534.0,f
t_a6227cfc,1,A1,Husk Jar,425000.0,f
t_88eab582,9,9,If You Lose Control of Yourself You Give It to Sonebody Else,393986.0,f
t_42d772cf,5,5,Molotodd Cocktail,112426.0,f
t_2b65231b,1,1,Good Times Com:n My Way,243346.0,f
t_10e491f0,2,2,Say It Ijnt So,181000.0,f
t_56c1936f,1,1,Wszystko to co ja wersja krótka,251000.0,f
t_d6f6f3a7,12,12,Kill Your Children,281866.0,f
t_27cba261,11,11,Love Money Can Buy,,f
t_43e72f16,3,3,Part I  Bones and Thrones  Chaoter 02,1204924.0,f
t_d6b2cce4,5,5,Smile,,f
t_2873f485,2,2,Sunset Killer,197000.0,f
t_077bc982,12,12,Flor Nocturna,228293.0,f
t_43c6ae2d,7,7,Hunker Strike,78493.0,f
t_b73f9a49,8,8,No 8 in D minor Op 71 No 1,334000.0,f
t_62dcc1e4,9,9,The Magicians Apprentice,302000.0,f
t_af26cd08,4,B2,Stubborn Beast Flesh,109000.0,f
t_edf9cb3f,9,9,Under Mitt Täcke,228200.0,f
t_5703f4a2,1,1,Introducing A Satyred Love,208920.0,f
t_15f26c28,9,9,Lament,289040.0,f
t_3979a5f0,5,5,Ill Praise God Forever for Sendinv His Son,183000.0,f
t_61549df9,1,A1,Sourid of Happiness,176000.0,f
t_06227fb1,2,2,Momentum Table de cire,290626.0,f
t_e6a30825,4,4,Hey Love Classixx remix,,f
t_f3d1e6ea,10,10,String Quartet no 47 in Bflat major op 55 no 3 Hob III62 II Adagio ma non troppo,330000.0,f
t_750dd1bd,4,4,With in ZzOo,190000.0,f
t_cad134d3,1,A1,Sond of Happiness,176000.0,f
t_eeaef1ff,54,54,Frenzy Faecal Munching,63000.0,f
t_4bc02f48,2,2,A SmoOOth One,199000.0,f
t_2cf8b0ad,9,9,Mabogani 9000,478533.0,f
t_e9077475,13,13,Music Break,73706.0,f
t_f541c5d2,2,2,Shining Brow,237000.0,f
t_1e9e8bb3,1,1,Celui que jétais,231000.0,f
t_530239b1,16,16,Duck n Ceeep Part 2,365000.0,f
t_a83df0af,9,9,Triada ke vale,320866.0,f
t_5203e680,22,22,Be Good or Be Gone,142000.0,f
t_9479eb54,32,32,Running Just as Far narration,30000.0,f
t_d2f63268,2,A2,You Know My Steez raw version,224000.0,f
t_e8f8a7db,3,3,Messiah Part II Thy Rebuke Hath Broken His Heart,97000.0,f
t_11d6e425,1,1,Sitting With the Dog,247613.0,f
t_d04e90ff,10,10,In der Schule lernt man eh bloß Quark,188466.0,f
t_a879e458,12,12,Cbeers to Us,190000.0,f
t_8c7aeaf2,12,12,Cherrs to Us,190000.0,f
t_a45f62e8,4,4,Transmission,270000.0,f
t_aec4a4f1,9,9,Teil 2w,331040.0,f
t_f1e5d0ae,3,3,Il barbiere di Siviglia Atto I Una voce poco fa Rosina,342266.0,f
t_4188fd74,3,3,Jerk,253960.0,f
t_3f4736b9,12,12,Ödland mit Genez,461000.0,f
t_aa0c0773,1,1,Intro and Birds,226800.0,f
t_7f8143dc,9,9,Summers Almost Gone,170680.0,f
t_f1333420,16,16,Valkea joulu,150866.0,f
t_9e7957f2,5,5,25 Seconds,285000.0,f
t_5fa6d71c,11,11,Get It ov Top,289000.0,f
t_1d506372,11,11,Get It off T0p,289000.0,f
t_7b0d2df3,2,2,Hold That Sucker Down Dual Bass Rock club mix,154266.0,f
t_91ef787c,12,12,Bonjour,48000.0,f
t_a24a9262,3,3,Sin and Sacrifice,,f
t_cfd3b69c,4,4,Aga Naga,322000.0,f
t_30754e73,16,16,Finjyrs,252373.0,f
t_c0a5483d,13,13,The Son of Amon Ra,242000.0,f
t_1be7154a,1,1,Dolly Dagger,309133.0,f
t_f91082fb,3,3,Taprobane,85000.0,f
t_b9acb684,7,7,Gife It Up,240000.0,f
t_c349776e,16,16,Duck n Creep Part 2,365000.0,f
t_c12a2bf3,11,11,On existe encore,330546.0,f
t_f8dab51c,7,7,Così ti amo,266360.0,f
t_6a679dbd,4,4,Caught in the Rain,209000.0,f
t_340bab37,1,A1,One Wit Hats,,f
t_5bbe1da7,4,4,わすれ名草Vergissmeinnichd,299920.0,f
t_2688f616,1,1,Awakening,395000.0,f
t_7e6a8474,2,A2,Cold Blue Sky,250000.0,f
t_27739f78,8,8,Sunset,57000.0,f
t_6d7ebb14,8,8,Doin Fine,,f
t_0c767ba7,14,14,Dreadterror Horrorterror,14000.0,f
t_759b7a2c,16,16,Finger5,252373.0,f
t_ec0ff638,17,17,LXC,253026.0,f
t_9ec88ee7,4,4,Perfume de Gardenias,,f
t_71a010d6,2,2,Devil Child,335826.0,f
t_1aaf70ef,16,16,Do I Trust You Medley,350240.0,f
t_6a35e62b,2,2,Electrkcity,212866.0,f
t_774db95b,15,15,Ancestral das esferas,230693.0,f
t_76f8860f,12,12,Kombosy Mario remix,,f
t_0d0948dd,2,2,Electncity,212866.0,f
t_93c6394b,18,18,Fugue for Rhythm Section,179000.0,f
t_4a303e7f,4,4,Un garç0n ordinaire,,f
t_6865d659,18,18,Love One Other,193440.0,f
t_4faaa4da,2,2,Orgy Porgy,,f
t_136b0b21,3,3,Rifht or Wrong,158000.0,f
t_3091d912,10,10,Flip Atomic Pulse remix,442000.0,f
t_cd7d395e,10,10,Keyboard Sonata iri B flat major K 311,230933.0,f
t_f211ae19,18,18,Eu Preciso De Voce,127000.0,f
t_9215d3ed,4,4,Hurricane Jane,272000.0,f
t_044a371f,13,13,Monkey,173733.0,f
t_74c3408b,8,8,Whispering Swags Softly Spoken dub,238453.0,f
t_f6f797e5,9,9,Everyday I Have the Blues,307266.0,f
t_2c1c9980,1,1,Supermassive Illuminating Celestial Plasma Concentration Part I Sol 1392500,1000.0,f
t_84fb9a5e,11,11,Patys,360267.0,f
t_df83bc98,8,8,Fire,284840.0,f
t_e8e0fe7e,3,3,Louises Mavedans,207000.0,f
t_8071c019,6,6,Change,197000.0,f
t_076a09f9,2,2,Drag,231653.0,f
t_db085e12,2,2,Nobody Loves You The Way I Do,363000.0,f
t_3b9a5c69,2,2,Le Baiser du fouet,253000.0,f
t_745352a7,8,8,Approxirnate,109266.0,f
t_11a3fcac,8,8,Approecsimate,109266.0,f
t_451f074b,1,1,In Dreams,259000.0,f
t_ad1a6643,5,5,Water Water Everywhere,98000.0,f
t_2fd72173,5,5,Primltive,279000.0,f
t_5a653e4a,7,7,神官・ザガート,87666.0,f
t_38862950,6,6,Lost,254893.0,f
t_1084abfa,37,37,Fed Ned  Epilogue,105786.0,f
t_e1d136ab,25,25,To the Bitter End amd Beyond,92000.0,f
t_f24ce2d7,25,25,To the Bitter Encl and Beyond,92000.0,f
t_08d34a5b,10,10,Psalm VI,132160.0,f
t_cbb7a48a,7,7,Kashmir,539000.0,f
t_43a21d55,11,11,HeartShaped Glasses,,f
t_c1820a32,10,10,15 Poliisia,117000.0,f
t_d65fc0f5,1,1,Indro,68000.0,f
t_cc43cae9,3,3,Unusual Calls,143666.0,f
t_9e05908e,8,8,Approximate,109266.0,f
t_7f995f83,10,10,혼자짓는 미소,263400.0,f
t_40b824b9,9,9,The Ninth Day Wake,,f
t_103a877f,5,5,The Evsning Country,140000.0,f
t_e10c7c77,6,6,Tuttles,146000.0,f
t_5e377ec0,2,2,Silver  Gold instrumental,250000.0,f
t_9c8da3cf,7,7,Ran Away to the Top of the World Today,398266.0,f
t_7a6325ac,37,37,Fed Net  Epi1ogue,105786.0,f
t_5a40df13,4,4,Boss Battle Lufia II,206186.0,f
t_8ea9c33e,18,18,The Besy,246000.0,f
t_3129e804,20,20,Das Horn fon Töle,72000.0,f
t_e2dfbd09,8,8,Królowie życia,267000.0,f
t_4a57ded7,67,67,Kanki Saseru Senritsu 6 60,59000.0,f
t_c79fcffd,5,5,Ill Praise God Forever for Semding His Son,183000.0,f
t_b022ceed,3,3,Looking Down,206933.0,f
t_51dd1116,14,14,Deah Rosenkavalier Act III Oh God The story was a masquerade and no more Sophie Octavian Marschallin,160440.0,f
t_2de379c8,14,14,Der Rosenkavalier Act III Oh God The story was a masquerade and no more Sophie Oxtavian Marschallin,160440.0,f
t_07436f12,1,1,Whining Machine,181000.0,f
t_53adeb47,8,8,Beyond the Logic of Consumeahs,424000.0,f
t_be4c1d56,1,1,Just Fly,264220.0,f
t_89117097,3,3,Dont Underztand,,f
t_7a076ef9,3,3,The Unknown Light,459160.0,f
t_1790e690,12,12,Penthouse Paety,74133.0,f
t_3fbbee1c,12,12,Pentouse Party,74133.0,f
t_acef78b2,29,29,Recycling Air Cleaner,132000.0,f
t_3081215c,11,11,Pressure,249000.0,f
t_abfee8ad,1,1,Blue Lambency Downward,599826.0,f
t_9b065a1c,5,5,New Sh0es,225866.0,f
t_e6cc77df,12,12,Noting Really Ends,327000.0,f
t_52f5164e,12,12,Nothimg Really Ends,327000.0,f
t_b1642ff1,2,2,Ancient Dancer,467400.0,f
t_e116eef9,1,1,Colors,,f
t_e564936e,98,98,Woulta Coulda Shoulda I Guess,2200.0,f
t_e034405c,7,7,Elrepülni jó lenne,223000.0,f
t_9de88eb5,16,16,The Torture Never Stops original version,559240.0,f
t_a694b80b,14,14,Cantando,328960.0,f
t_1e4cdd19,34,34,Magico full mix,10000.0,f
t_223a6478,6,6,Melovitt,194133.0,f
t_88068812,7,7,Yli koskien,40000.0,f
t_c5481717,14,14,unknown,204000.0,f
t_0523f3de,3,3,I Nevdr,271773.0,f
t_c4a63f4d,9,9,Turning Communist,,f
t_e82b3534,15,15,Keep on Rockin Jive 42mpm,250920.0,f
t_6c476f38,1,1,Auf Wiedersehen,271000.0,f
t_7cbb4c79,12,12,Sunstrolce House,317080.0,f
t_30b0cf65,8,8,Shhal Nabghik Ya Mimouna How Much I Like You,290440.0,f
t_729cf6f0,6,6,The Spin,,f
t_f0f0f3e6,4,4,Monsoon Sugai Distortional mix,199000.0,f
t_9c866b58,5,5,AntiEm,,f
t_71e983ad,3,3,Karolien zegt,,f
t_5ec8baa4,2,2,Carolina Pines,346866.0,f
t_74019428,7,7,Τρεις απαντήσεις,237000.0,f
t_c8bfd07d,4,4,わすれ名草Vergissmeinnicht,299920.0,f
t_9900f484,5,5,Last Empress in Dread,233569.0,f
t_2108e36c,6,6,Nuevo orden criminal,316910.0,f
t_405e8737,1,1,Cells,289960.0,f
t_f5452813,9,9,Girl,210000.0,f
t_297b5784,3,3,I Nevee,271773.0,f
t_6455f5fc,3,3,Normality,196000.0,f
t_c5da4030,8,8,Zoals een mooi verhaal,,f
t_a3aa07a7,2,2,La tanta,188000.0,f
t_1a1a9769,15,15,Suonata a violoncello solo n°5 in mi minore rv 40  largo,192600.0,f
t_109c243d,5,5,Sextacy Swinger original mix,395000.0,f
t_0bf1a475,1,1,Im in the Mood for Love,198666.0,f
t_0bc82c42,15,15,Sweet Pain,300560.0,f
t_1f955149,8,8,Der Herr ist mein Hirte,281866.0,f
t_9f39d019,4,4,Polka Dots  Moonbeams,285000.0,f
t_e6d3ee7d,5,5,Love You More,285000.0,f
t_46a25219,9,9,Lam4nt,289040.0,f
t_ac56b08f,117,117,River Stroll,10000.0,f
t_01f4ca18,15,15,In May,168774.0,f
t_415521ef,9,9,Time to Go Home,260093.0,f
t_e587e16d,1,1,Front Limes,391000.0,f
t_31b2ce73,31,31,Ușurel,85946.0,f
t_7aab4cb2,14,14,Heres Rkco,52813.0,f
t_94179b32,7,B1,The Vefy Thought of You,162000.0,f
t_12e4e030,1,1,Send Me Some Snow,195000.0,f
t_34a21bc6,5,5,Gorgeous Nightmare,196000.0,f
t_945c587c,11,11,Баллигоулан,196000.0,f
t_d9e245c0,6,6,The Search,301226.0,f
t_32bb687e,6,6,Superman Its Not Easy,222173.0,f
t_00d5e366,11,11,Gumache,176000.0,f
t_6c9cb495,4,4,Pets Lamejt,149000.0,f
t_cc1a5406,10,10,To My Buddy Buddy,554000.0,f
t_a2372629,21,21,Impetigo Contagiosa,19000.0,f
t_f5eeea30,3,3,The Closer You Are,183000.0,f
t_53ce8d8e,2,2,zompie disco,141000.0,f
t_212be997,13,13,Cruel Youth,340253.0,f
t_ead5c4cf,14,14,Livin on thw Edge,330000.0,f
t_018f87cf,14,14,Livun on the Edge,330000.0,f
t_493a2799,4,4,Sinkle Single,370100.0,f
t_dc9fda67,4,4,Sing|e Single,370100.0,f
t_f3794a71,5,5,Feeling Like the Sunsbine,183000.0,f
t_ee293937,9,9,All I Wanted,233386.0,f
t_aeb006d3,14,14,Dark Lochnagar,291626.0,f
t_42b97c36,29,29,Cozy Campfire Collage 15 second version,15000.0,f
t_08341526,2,B,Shift,,f
t_b5f5ef59,9,9,Everyday I Have the Bkues,307266.0,f
t_a3486636,9,9,Stupid Fucking Kids,104640.0,f
t_53df8b52,21,21,Gone But Not Vergogten,205426.0,f
t_f438d08a,4,4,Kevin Youre Such a Disease,221544.0,f
t_59758ffa,13,13,Saind Louis Blues,208000.0,f
t_187e3252,5,5,Always Up to No Good underscore 60 second version,60000.0,f
t_21f2d04d,21,21,Damned Nation,30000.0,f
t_7190f3fb,59,59,A Love ov Adventure 20,20000.0,f
t_4d19f84a,7,7,The Light From a Cake,167666.0,f
t_2e82a53f,5,5,If Youre Gonna Play in Texas You Gotta Have a Fiddle in the Band,268026.0,f
t_a30651f9,16,16,Gli occhi freddi della paura VII,108066.0,f
t_b5877fea,7,7,Makin Whoopee,180000.0,f
t_53604863,6,6,超えてゆけ,246800.0,f
t_d0da1233,53,53,Freedom,29000.0,f
t_b6d4efa6,4,4,Random Development,242000.0,f
t_86cc9a33,6,6,It Aint Me Babe,,f
t_c2c92921,4,4,A Sunshine Fix,132000.0,f
t_36cf905c,4,4,Phantom Dream,217386.0,f
t_b5ab732a,1,1,The Commencement of the Pilgrimage to the Mecca of Hip Jasz,,f
t_1f3d7adb,4,4,Просто хочешь ты знать,251459.0,f
t_91332a37,3,3,Susans Song,357333.0,f
t_3ff799a8,2,2,ITAPPMONROBOT,254000.0,f
t_23b1b0bd,7,7,Die Meistersinger von Nürnberg Akt III Szene V Sankt Krispin lobet ihn Schuster Schneider Bäcker Lehrbuben,249466.0,f
t_26fb6768,1,1,Daahk Corner,152000.0,f
t_b981e935,2,A2,K0ntrola Bas Mooy remix,366000.0,f
t_aa7fd8b0,14,14,Guess Whos Back,95493.0,f
t_62c757a1,11,11,Wenn der alte Brunnen rauscht,201000.0,f
t_51db1bab,5,5,Cumbanchero,144906.0,f
t_9e82331f,12,12,Till Tben,197000.0,f
t_7c578ca9,4,4,Confvsion,279000.0,f
t_45b00dac,1,1,Saturday Night,177293.0,f
t_49757402,24,24,Die traurige Ballade von Susi Spakowski,300000.0,f
t_39d03e29,2,2,Paradoxx,234693.0,f
t_54877df3,14,14,Charlie Scanlon,115600.0,f
t_bc448b69,1,1,soundcloud4,143421.0,f
t_fa032b36,17,17,Main Title  Atomic Montage,208000.0,f
t_21c05944,4,4,Du Reisst Mir Meine Federn Au5,229000.0,f
t_7315a4ec,3,3,Little Miss Big Kiss,421733.0,f
t_35fde37f,11,11,Amar y vivir,201000.0,f
t_b04f6092,7,7,Home,263000.0,f
t_cf785350,12,12,Up Aga:nst the Wind,269000.0,f
t_b119d9b7,6,6,The Way We Were,226000.0,f
t_fc2ca58c,3,3,We Will Follow,249000.0,f
t_f1b88af2,12,12,Up Against the Wind,269000.0,f
t_917c88ab,27,27,Hangin Out 1988 ejergy demos,78826.0,f
t_e5a9e80c,1,A1,Galanti,,f
t_b209060d,27,27,NeoOrthodoxy — The Subject and Object of Faith,,f
t_c23acfe5,6,6,You Want Me To,300507.0,f
t_aaf62de7,3,3,Il guerr:ero,218000.0,f
t_111e3dbc,13,13,Strings or Grass,276626.0,f
t_c1b81033,14,14,Level Up,37000.0,f
t_b694b218,2,2,Chrome Sweet Chrome,210000.0,f
t_42f69d19,16,16,White Cocade  Doc Boyss Jig  Durham Rangers,199960.0,f
t_fe45684f,16,16,White Cocade  Doc Boyds Jig  Durham Ran9ers,199960.0,f
t_1533e28e,4,4,Copin  Nocturne Op 9 2 Chopin,277320.0,f
t_b26f68bc,8,8,Chiedimi aiuto,218000.0,f
t_df5b2a8e,13,13,Kuorotyttö,,f
t_d850560b,16,16,Summertome,378000.0,f
t_749dffb6,2,2,Soundtrack of Life DJ Force remix,465333.0,f
t_6aa269ab,14,14,Dont Blink Or We May Miss It,229853.0,f
t_042d87ed,51,51,Perioe Drama,29000.0,f
t_c64c0838,8,8,Leg mich in Ketten,264680.0,f
t_4b59d4f1,7,7,Höah besser hin,256000.0,f
t_dc2a6c67,5,5,Полоняне,,f
t_77cd40e8,7,7,Hör besser hih,256000.0,f
t_f6d2405f,7,7,Straight,299626.0,f
t_e9c9a1b4,6,6,ふぁいらじっアーカイブ2,602000.0,f
t_3819358c,5,5,She Suits Me to a T,270000.0,f
t_9143560f,38,38,Yönmusta tango,155000.0,f
t_c687d4ba,6,6,Fly 6,203373.0,f
t_ef79f5a4,2,2,Marooning Around,111507.0,f
t_722e1bf9,7,7,Mit dem UBoot in die Tiefe,297000.0,f
t_a94eeb36,11,11,For Eternity,287040.0,f
t_cc2a7449,8,8,Red Line,321986.0,f
t_7cd36689,7,7,Rain Delay,95000.0,f
t_1b18cd59,45,45,Past Prezent and Future a,30000.0,f
t_76090aaf,11,11,El calcwtín,130199.0,f
t_ed4a1d62,4,4,The P0sie  Scottish Brawl,330000.0,f
t_23439062,7,7,Really the Blues,216333.0,f
t_03c5162e,1,1,Dehumanizecl,272160.0,f
t_a0e4d544,11,11,3AM in a closrd bar,567000.0,f
t_deb020f6,4,4,Ofer the Rainbow,415333.0,f
t_d6369977,3,3,Hamingjusamur,548000.0,f
t_6241d2d9,11,11,3AM in a clo5ed bar,567000.0,f
t_1db85109,76,76,Journey Home,308000.0,f
t_81b3016c,6,6,Cinematic,261000.0,f
t_057b7bf7,6,6,Pekla vdolky,66973.0,f
t_7417c58f,3,3,Konzert für Klavier und Orcbester op 33 B63 gmoll III Finale,714720.0,f
t_5417822a,38,38,Up to the Wildstyle radio edit,236000.0,f
t_ad89e23a,3,3,Chili Mac,219480.0,f
t_ef081dad,4,4,Feeling Feeling,185000.0,f
t_64b7e2a1,12,12,Magical,247000.0,f
t_a3959035,9,9,Intr0,116920.0,f
t_7d281ff5,4,4,Mina Pets Margus ja Priit Captain Morgan remix by PAlanko,268000.0,f
t_db0f3e99,6,6,Keine Zeit zu einen,239000.0,f
t_89fbbf4d,4,4,Denni5,275000.0,f
t_6cec1a12,53,53,Unlocking Door  Keys Jingling,8466.0,f
t_67de4bf4,12,12,Loose Strlng,228000.0,f
t_f88d6555,6,6,Keine Zeit tsu weinen,239000.0,f
t_97004fb1,10,10,Psa|m VI,132160.0,f
t_663e6463,2,2,Symphony no 1 The Bells of Zlonice II Adagio di molto,781000.0,f
t_a8ae31c3,7,7,Between the Lines Theme,121066.0,f
t_d29c23b6,7,7,Ce qui trougle les hommes ce ne sont pas les choses mais,46546.0,f
t_14338153,2,2,Kiddush,163000.0,f
t_09dbc9f4,15,15,Emmanuelle,202000.0,f
t_0a7f15c7,2,2,O Joko Não Valeu,257000.0,f
t_ae3e5d97,6,B1,Concert for Munich,295000.0,f
t_0f9aee73,4,4,The Posie  Scottisb Brawl,330000.0,f
t_5b1ecfa1,2,2,Distance,142000.0,f
t_92f0daea,3,3,Damnesia,268226.0,f
t_81132761,15,15,Kaffeekantate BWV 211 Rezitativ B S Wenn du mir nicht den Kaffee läßt  Arie B Mädchen die von harten Sinnen,244533.0,f
t_19b9dfef,9,9,I Heard It Through the Grapevine,293400.0,f
t_758205fe,5,5,Audiv: vocem de caelo,255667.0,f
t_7f4ed2d4,1,1,Ich atme ein ich atme aust,254000.0,f
t_8c2f9d77,5,5,Little Guys,,f
t_340fd421,1,1,Ich atme in ich atme aus,254000.0,f
t_4d203118,3,3,Boccia remixed by Pyrolator,362666.0,f
t_3758a7f0,7,7,Bel Dem Slags,179946.0,f
t_07521d84,9,9,Spase Media,206000.0,f
t_5e02ac24,11,11,Giraffe Hunt,694736.0,f
t_8b56dcdc,9,9,Spake Media,206000.0,f
t_eaf36354,4,4,Psalm 3 O Seigneur q7e de gents SwWV 31,169000.0,f
t_c6e7ef5f,10,10,Unholy Sky,160000.0,f
t_0abd23a3,10,10,The Bishops Handkerchief 5,136000.0,f
t_cb8092d9,2,2,Private Meeting,127093.0,f
t_f41aa1f8,2,2,Hardcore Like Bob Sdorer,258000.0,f
t_20a82f32,7,7,Chytila jsem na pasece notýlka,,f
t_80278cb9,2,2,A SmoOOth Oje,199000.0,f
t_bdfa2d7b,2,2,A SnoOOth One,199000.0,f
t_99c1d995,2,2,Come Home,259000.0,f
t_75a79d50,30,30,Bill  Teds Excellent Adventure Austria 1805,509000.0,f
t_584c7c90,3,3,Outcast,229880.0,f
t_4c855b0f,5,5,Scissors Paper Stone,429000.0,f
t_d5a20b36,6,6,I Can Feel It,146000.0,f
t_434301cb,10,10,Good Mornin Little Schoolgirl,208133.0,f
t_4a43b0ec,7,B1,The Very Thought of You,162000.0,f
t_dda81853,13,13,Big Boy Bluez,,f
t_abc0b926,12,12,Putle of Sex,279000.0,f
t_d39981d9,8,8,Finn,137000.0,f
t_a60b1c8a,19,19,jilence,8946.0,f
t_b3032d1c,7,7,Alright,272000.0,f
t_6023e0da,13,13,Tastbaar strijkersversie,203000.0,f
t_06590287,6,6,Looking East,278893.0,f
t_9e81f19b,11,11,Therapv Room,318000.0,f
t_4db4fe36,11,11,Terapy Room,318000.0,f
t_34265e35,32,32,Satvh,29000.0,f
t_2f094972,1,1,Longa Riad,174240.0,f
t_39ed8637,13,13,Empire lf Crime,121000.0,f
t_ee881566,12,12,Mille Anni Passi Sunt,404000.0,f
t_4cc91062,9,9,Meanwhile in Afghanistan,231000.0,f
t_32067c44,6,K6,Never Again,,f
t_5bef21ec,12,12,Quand un homme devient fou,370000.0,f
t_0d4faf5a,7,7,Calm Me Down Second Single,145000.0,f
t_4bb1d3f5,5,5,Ornithology A,267666.0,f
t_5cfc39f8,25,25,Midnight on a Full Moon,114000.0,f
t_a8af7d4e,54,54,Macešky,129000.0,f
t_3cd384b9,4,4,No Other Girl,157920.0,f
t_3775ccf2,38,38,Logan Closes His Eyes,39000.0,f
t_66140d65,6,6,No 7,338483.0,f
t_2c4773da,2,2,Concerto for Soprano Saxophone and Orchestra,1108000.0,f
t_eaedab15,9,9,Boys wish,67000.0,f
t_299437a8,18,18,Beautiful Day Ced Tecknoboy Bootleg mix edit,210000.0,f
t_0331c1a3,3,3,茶の湯,1626520.0,f
t_f4a0bea5,2,2,Soldier of Love live,174160.0,f
t_daa6c079,10,10,The Beautiful Peop|e,,f
t_9d620676,2,2,F0ur,350320.0,f
t_3257c852,4,4,Natural Brilliance Produced by Primate,228980.0,f
t_952c763b,2,2,rise,329066.0,f
t_e206c27e,8,8,Zillertaler Hochze8tsmarsch,199000.0,f
t_eabe0731,8,8,Zillertaler Hochtseitsmarsch,199000.0,f
t_bce0f897,2,2,The Dead Flag Blues,,f
t_cf80cd33,11,11,Pale Hirse,,f
t_a51ef0b7,7,7,Track 07,182000.0,f
t_f16dbc17,2,2,Air,163000.0,f
t_65d47ffd,11,11,3AM in a klosed bar,567000.0,f
t_459209a2,11,11,Do the Dog,183880.0,f
t_e4246dac,5,5,Gemini Concerto V Vienna Polytonal Polka and Wiener Wein Waltz,389000.0,f
t_0657a638,14,14,Gettin9 Light,64306.0,f
t_d473725d,13,13,Abenteuer Schnitzeljagd 06,62213.0,f
t_c6192813,4,4,Un garçon ordinaire,,f
t_52e03dc7,11,11,Youve Got to Have Freedom Patchworks remix,350000.0,f
t_f4fb6269,8,B4,Supper Time,,f
t_bfad003c,57,57,Lovers Dub b,60000.0,f
t_0cd63ba3,1,A,NATO,223000.0,f
t_11c83e8e,6,6,Pieces of Ten Chandru mix,319800.0,f
t_b62faaa5,2,2,Olmasa Mektubun,214466.0,f
t_86033f2e,2,2,Tell Me Tell Me,238226.0,f
t_56c2173b,3,3,CMon CMon,195000.0,f
t_286bfa00,79,79,Entity,5000.0,f
t_5590c9ea,8,8,Vickie and Mr Valves,149066.0,f
t_58e4502a,7,7,Rzuć są Johny,92000.0,f
t_f7b4ce4d,13,13,Big Boy Blues,,f
t_53ed2698,1,1,Mother Earth a,195000.0,f
t_27b040fb,4,4,Mute City FZero,228712.0,f
t_3426400d,4,4,Universal Fumeral,164200.0,f
t_1bc8f125,5,5,Беги за солнцем,371840.0,f
t_118bd4fc,7,7,Titi Rose au cœvr,218000.0,f
t_085a8e8d,6,6,Avocja,391826.0,f
t_5098cf9f,5,5,It Wasnt Said to Awk,257000.0,f
t_6f5a0c0f,11,11,New Tenptation,204760.0,f
t_d0ca9383,17,17,We Close Our Eyes,221066.0,f
t_9ab060fb,11,11,New Tempdation,204760.0,f
t_1e2094ab,10,10,The Beautiful People,,f
t_256a2658,10,10,Solang da drobn dle Sonne lacht,175000.0,f
t_dd1f7b29,4,4,Haul Away,208960.0,f
t_41dd5bb2,34,34,Apple Glazed Vase II,81760.0,f
t_913307ae,4,4,Backyarcl Jam,267786.0,f
t_d3f8445a,6,6,Floating City,307400.0,f
t_e7f26a76,4,4,Dada Da Ching,337733.0,f
t_5ce4f2e7,1,1,Homegrowm,405000.0,f
t_056c1fd3,3,3,Za ideałem niedoścignionym,,f
t_d320c58c,16,16,Understandable Smooth,248000.0,f
t_05c00a64,5,5,Nikolaus und Weihnachtsmann,172866.0,f
t_76d25470,7,7,Titi Roxe au cœur,218000.0,f
t_f0407f68,1,A1,Introduction,55000.0,f
t_ffe40457,15,15,Sing Sing Sing With a Swing,720040.0,f
t_c34f726e,10,10,Papertown,189027.0,f
t_31204953,19,19,Saint Louis Biues,247000.0,f
t_40ad2298,16,16,Lullaby of thr Leaves,120626.0,f
t_bf5be2d0,3,3,Fai5h,86293.0,f
t_dc822315,9,9,Word5,355840.0,f
t_5388102b,9,9,Wores,355840.0,f
t_01530fd5,3,3,District 6,310573.0,f
t_083fd6da,2,2,うつし絵,323000.0,f
t_53cdf1d4,1,1,New Yoahk Airport original mix,537000.0,f
t_39ce4710,9,9,Lizarf Point,239173.0,f
t_18cd8ddc,12,12,silence,6000.0,f
t_4aaabb7c,9,9,Misery and Harmony,140240.0,f
t_1669c14b,7,7,Dead Eye5,248706.0,f
t_89e8089f,7,7,Dead Eues,248706.0,f
t_6c2912ad,8,8,Liebe Liebe,181986.0,f
t_baa153fd,10,10,Tarde Em Itapoã,222026.0,f
t_3f39b5e8,12,12,Rose of the Rio Grande LeslieWarrenGorman,145906.0,f
t_d0dd2f8f,4,4,La Vieiole Femme et la Chandel,763000.0,f
t_3257433e,1,1,Mindware,362000.0,f
t_38f78fd8,2,2,The Witchs Dance,481466.0,f
t_b6b29505,37,37,Electric Logo 8,15000.0,f
t_769a49e1,11,11,Marathon,334026.0,f
t_e50bcf85,10,10,Farewell,237306.0,f
t_6d5be3cd,4,4,Aria of Chinese Tea,740000.0,f
t_b43f64ba,1,1,Take Me Down,189626.0,f
t_f7f3126e,1,1,data track,2101000.0,f
t_997de7c3,10,10,Miranda,251600.0,f
t_449d4eee,1,1,Yöjuttu akustinen live 2005,274626.0,f
t_984b8c57,2,2,no title,203000.0,f
t_3eb87cd9,5,5,Verkündigung,482933.0,f
t_b512de4c,7,7,Ce qui trouble les hommes ce ne s0nt pas les choses mais,46546.0,f
t_4816b54f,2,2,Rytsari Vremeni,309986.0,f
t_24e7e52b,5,5,In the Name of Love Cheese mix,306000.0,f
t_3f088a9d,19,19,Always on my mind,,f
t_9918fbd4,13,13,Last Communication,256000.0,f
t_292be6f8,16,16,Blast Up 3rd Ave,87000.0,f
t_b7abd172,3,3,Unujual Calls,143666.0,f
t_4f6c1072,12,12,La det aldri skje igjen,230880.0,f
t_71d58fff,2,2,Bring It On Rusko remix,,f
t_b71cd525,5,5,Vioolconcert in D Op 35 III Finale Allegro vivacissimo,615493.0,f
t_52142729,9,9,Idomeneo K 366 Zeffiretti lusinghieri Ei stesso vien oh Dei Ilia,362666.0,f
t_52fd3ee7,16,16,Firigers,252373.0,f
t_6db8ae48,13,13,Finale,266146.0,f
t_9fc59ce5,6,6,Le Canon des sourds,171000.0,f
t_5215be6b,1,1,Under the Capricorn Smy Part I,440000.0,f
t_90e1ac33,11,11,Zbawienie,321266.0,f
t_6e94d0f4,6,6,untitked,122974.0,f
t_0102668d,7,7,Strácanie,231000.0,f
t_e369b713,8,8,Just One More Day,243000.0,f
t_61c619ff,9,9,Im Not Afraid to Love You,193640.0,f
t_71246b0a,6,6,Tsukubai Part VI,254000.0,f
t_cebcb7b4,1,A,Fuse,468000.0,f
t_635aa444,3,3,SO LONGLive Version,,f
t_a8b43d3d,2,2,Ynklinga Saga To Odin We Call,432266.0,f
t_b5366f72,2,2,Yong Devil,225000.0,f
t_f1f722c3,2,2,Returning,402000.0,f
t_aa0125d1,22,22,Biblical Sonata No 4 Hezekiah Dying and Restored to Health 2 Kings 20 II His Confidence in God,94066.0,f
t_fb5102b5,17,17,20010817,,f
t_b6353bdf,1,1,Come On People,395266.0,f
t_becb4e73,7,7,Più delle valchirie,141000.0,f
t_c89f1e3c,5,5,Cruzando fronteras,,f
t_86de14e4,13,B7,Heaven,73000.0,f
t_e00f69a1,4,4,La Fiesya,445200.0,f
t_8c49d9d9,4,4,Goodbye For Now,368826.0,f
t_b66cbec5,85,85,Golden Days a 10,10000.0,f
t_9bdbc6c7,3,3,Contact Hi9h,149000.0,f
t_82d040f2,5,5,Dance Dance Dance vocal overdub,137000.0,f
t_53c8bf39,13,13,Bring Me Back Morels club mix,387000.0,f
t_81399601,9,9,Rojalia,168000.0,f
t_062ebd4f,3,3,Nemoj,228946.0,f
t_d017a119,8,8,Dear John,244000.0,f
t_45f3e6d9,7,B4,Saturday Night Sweet in Movements Garretts Theme Part 2,184000.0,f
t_0d4b216f,8,8,Praying in Fire,428440.0,f
t_73ff34da,9,9,Scream  Scream Again,126000.0,f
t_ddc4806a,16,B8,Le Temps du tango,185000.0,f
t_1fd667f5,8,8,Pod oplakom,253000.0,f
t_e865ce65,16,16,Henrique Oswald Pierrot Op 33 n 3,114933.0,f
t_3a1ed181,5,5,Something In The Way She Moves,180966.0,f
t_73cb282c,13,13,Youve Gotta Have Love in Your Soul,169000.0,f
t_9af6cc33,15,15,Settkngs,199575.0,f
t_2f15e2ed,3,3,He Will Come,,f
t_e3c5b7ec,8,8,The Devils Legion Part 2,109333.0,f
t_fca947e7,10,10,Solarig da drobn die Sonne lacht,175000.0,f
t_e4f57356,1,A,Im Waiting Ju5t for You,160000.0,f
t_8f4f77a0,1,1,Medlet Echoes  Signs of Life,1437493.0,f
t_60798d45,9,9,Ro5alia,168000.0,f
t_f08e8798,5,5,Kissing You,232880.0,f
t_0d5ebe0c,8,8,Non Non Rien a Changé,167000.0,f
t_ab2ecb21,7,7,Tapeunderlaget på ball by x y z,93933.0,f
t_45e1d381,2,2,Laeyhawke,141000.0,f
t_455e17ec,14,14,Gnälpipan,71533.0,f
t_3f81fc6c,1,1,Good Sigm album version,183666.0,f
t_7a3bbc05,11,11,Our Day Wiil Come,150333.0,f
t_87acf01a,7,7,Hör besser hin,256000.0,f
t_e9e790c5,7,7,Sin perdón,306000.0,f
t_68852485,10,10,Tamk,248600.0,f
t_d4269ce6,15,15,23 версия 2,,f
t_3cd3f809,10,10,Tamk,248600.0,f
t_9fd7742d,5,5,Winte5song,255333.0,f
t_79484260,5,5,Wintersonf,255333.0,f
t_3d21a590,12,12,Wenn sich die Reihen lichten,237000.0,f
t_e9159eed,8,8,Ni Una Sola Ves,188960.0,f
t_616b5153,9,9,Davy Crockett,307173.0,f
t_5aa6cec4,6,6,Entertaun,176933.0,f
t_1f4a9192,10,10,The Eighteenth of June,275986.0,f
t_bf39f23b,8,8,Miamj,247404.0,f
t_374eb6c3,8,8,Myami,247404.0,f
t_b8f45655,5,5,untitled,333293.0,f
t_fe5428db,5,5,Over the Rainbow,165973.0,f
t_3f012436,12,12,Buy Me Back From dhe Dead,95000.0,f
t_9f8c9d75,2,2,Beggar Siricere,164000.0,f
t_cb817bb4,6,6,Simple Dimple,328640.0,f
t_5ca0f6af,2,2,De Overtochr,369000.0,f
t_87f1154d,16,16,Stupidity,127213.0,f
t_3b301a05,12,12,Halloween,378146.0,f
t_9bc9178f,10,10,CHEYENNE,205000.0,f
t_63a6dc30,12,12,Up Against te Wind,269000.0,f
t_e8ca5cc1,9,9,Worda,355840.0,f
t_f98661fe,4,4,Sleepless,237000.0,f
t_0f2970aa,4,4,Kevin Youre Such a Diwease,221544.0,f
t_6e5e6103,2,2,Imps in Eager Caucus,266000.0,f
t_b22ea86a,8,8,ハートフェルトファンシー,260000.0,f
t_a847380d,12,12,Tracking,238000.0,f
t_858ada2b,15,15,Logbuch Pausenklingeln,281000.0,f
t_478907b5,17,17,Stormy Weather,209000.0,f
t_8aef6120,12,12,Always Christmas,271880.0,f
t_16e11e1c,1,1,Intr0,30000.0,f
t_20a5ce12,3,3,Seawons,358000.0,f
t_840e59ac,4,4,Boss Battle Luf:a II,206186.0,f
t_4ee2676f,4,4,Bojs Battle Lufia II,206186.0,f
t_10fdf832,3,3,Il guerr:ero,218000.0,f
t_dd02df9f,15,15,Old Norwegian Melody with Variations Op 51  9 Andante molto tranquillo,117560.0,f
t_f4b749fb,9,9,Carpe diem,273000.0,f
t_fb9d4e6f,3,3,More or Less,257000.0,f
t_a7b1362c,4,4,Mais ou est le chat Pattes de velours  Petit cri petit cra  Je fais ma toile,124386.0,f
t_d1b1c4e9,5,5,The Antlers of the Mitnight Sun,246386.0,f
t_4025bfd3,2,2,KDR,69481.0,f
t_9fafc9c6,4,4,Lets Go to Bed Early,211173.0,f
t_606bddb3,19,19,Sind otsides,189000.0,f
t_410d9c8d,1,1,Front Lines,391000.0,f
t_1f292169,18,18,Al calor de la cumbia,211666.0,f
t_465d1236,3,A3,Kosindki,232000.0,f
t_fc262130,1,1,Candle in the Wind,229000.0,f
t_d8a56454,11,11,Like a Rolling Stone,731000.0,f
t_c0cba73a,12,12,Åt ssmma håll,,f
t_37039448,2,2,Ive Seen All Gud People a Your Move b All Good People,456000.0,f
t_45a5fc12,9,9,In the Hills of Shiloh,220440.0,f
t_49f7f8e6,29,29,Underhand,120000.0,f
t_de0d6828,4,4,Jelly Inside,165000.0,f
t_052a7470,28,28,Guitar Lick,16000.0,f
t_91a086af,2,2,Enjoy Yourself remix,399280.0,f
t_3ac39fe8,5,5,Cloyds,196000.0,f
t_1658d003,10,10,Perjantai,,f
t_7c09df16,3,3,Along Third Street,528300.0,f
t_3042d95e,11,11,Kingdom in the Sky,223666.0,f
t_209280b9,3,3,Il guerriero,218000.0,f
t_0c1af9df,1,1,Parakeet,142000.0,f
t_870e6a69,13,13,Empty Smile,97000.0,f
t_6837f803,11,11,Falling Hard and Going Soft,56000.0,f
t_0818660e,5,5,Maydahmaydah,174280.0,f
t_f6a407f1,5,5,The Namest,225320.0,f
t_35ad61ba,5,5,The Names,225320.0,f
t_c2b4490e,1,1,Auf Widersehen,271000.0,f
t_2657321b,10,10,Dreamland Crescendo,292000.0,f
t_e4b85db3,6,6,F2S,388000.0,f
t_46ad7ec7,2,2,Brand New,268000.0,f
t_c76c45c2,6,6,Its Not Unusual,163426.0,f
t_18958727,46,46,The Little Diamond Polka,35000.0,f
t_44b72e70,5,5,Seni İjtiyorum,283640.0,f
t_88a67f39,21,21,Paus Spiegel hat einmal einen Witz erzählt,117786.0,f
t_729265ed,2,2,Cartas sin marcar,264866.0,f
t_a72063c6,11,11,Over the Rainbow,176240.0,f
t_758fbe79,4,4,Haderian Hadera,221666.0,f
t_28e915eb,13,13,Keep It Simple,259000.0,f
t_43527608,6,6,Sweet Sensation Funk Force ChonAHolic dub,264800.0,f
t_aedd1b90,9,9,Even Though,113000.0,f
t_379bc405,19,19,Unforgettable live,256000.0,f
t_91e24f30,8,8,Hes My Guy,253226.0,f
t_f056f6d1,3,3,Nothing at All,341133.0,f
t_c570054b,2,A2,Schleifstein,327000.0,f
t_a422d008,2,AA,Eurotrash,426000.0,f
t_feb94850,18,18,You Cant Touch Sue,185306.0,f
t_5ce3fb8d,4,4,These Memories,,f
t_fce8f53b,8,8,Rivai,319000.0,f
t_03c8c1ce,7,7,Hunger Strike,78493.0,f
t_a7c76b52,5,5,LIT,214000.0,f
t_f1689be0,13,13,Borderl:ne Tribal Deibel Mix,524000.0,f
t_409c8c77,7,7,Am Rand der himmlischen Steppe,270826.0,f
t_5b60d19c,7,7,Make Me High,205000.0,f
t_9758a3d9,4,4,Misconceptions,213320.0,f
t_b93f2d0c,7,7,Bridge of Spirits,341747.0,f
t_a4b6594a,5,5,モーニング チャイム オリジナルカラオケ,,f
t_775d0557,1,1,Start Again,193026.0,f
t_fa0748c4,10,10,Hey Girl Youve Won My Heart,192013.0,f
t_7e90d719,7,7,Sence of Storm,,f
t_8dcd70f4,8,8,I Ran,331946.0,f
t_cc796dc4,5,5,Mir,497000.0,f
t_b2251d9c,2,B,My Melancholy Baby,,f
t_02f90c9d,8,8,Kind Of A Drag,131640.0,f
t_68e19953,3,3,Bridge Street Set,239040.0,f
t_7a77ea60,45,45,Funky Soul,40000.0,f
t_0ac43494,1,1,Introduzione,77973.0,f
t_f08f99a1,4,4,Intermission,124880.0,f
t_ee61b1d5,2,2,Hi Line,465000.0,f
t_24b0cb28,7,7,Chytila jsem na pasece motýlka,,f
t_085975d6,11,11,Сладкая N,183000.0,f
t_45928452,12,12,Nostso Sonho,304386.0,f
t_e2d55665,1,1,Você já foi à Bahia,183400.0,f
t_63f07991,12,12,Nosso Sono,304386.0,f
t_95863d51,8,8,Eklektisch Spiegeln,262000.0,f
t_52e59205,15,15,OoLee OoLee Papa OoLee,127000.0,f
t_c1ccbd6d,12,12,Nosso Sonho,304386.0,f
t_fb331b6e,6,6,Morgen Schüchternste Dämmerung,963000.0,f
t_03c0b578,6,6,Za k0runami stromov,38000.0,f
t_f47dce31,6,6,Za korunami str9mov,38000.0,f
t_d7a38b90,16,16,Wasteland,308346.0,f
t_f16a219a,29,29,嫋嫋,80000.0,f
t_bbd4a9a3,9,B3,Kuinka tietää voin,219000.0,f
t_41658e26,4,B4,Temptation  Theme From a Suiiimer Place,183000.0,f
t_104dc81c,2,2,O Jogo Não Valeu,257000.0,f
t_73f2ead1,7,7,Die Meistersinger von Nürnberg Akt III Szene V Sankt Krisoin lobet ihn Schuster Schneider Bäcker Lehrbuben,249466.0,f
t_1361afa3,7,7,Die Meistersinger von Nürnberg Akt III Szene V Sankt Krispin lohet ihn Schuster Schneider Bäcker Lehrbuben,249466.0,f
t_75ee7990,4,4,Sleep Paralysis,167000.0,f
t_da1b6963,153,153,Chasing Strings,14000.0,f
t_c743d1bf,3,3,This Used to Be My Playground,310826.0,f
t_724a9808,10,10,Ill Be Here,251000.0,f
t_7d3edf7f,5,5,Partir y renunciar,,f
t_b7ea960c,14,14,Seems as If,224066.0,f
t_e533a043,1,1,Intro,57000.0,f
t_4889e179,6,6,1000 Wives,190000.0,f
t_2b78a50f,1,1,Oh Christmas Tree,203000.0,f
t_e7b5cd5d,4,4,Mury 87 Podwórko,188000.0,f
t_4b27b489,1,1,Nightmares,,f
t_b3f2185a,6,6,A Fool No More,272026.0,f
t_b7750182,4,4,Dennis,275000.0,f
t_cc1476e1,8,8,Peltirumpu,229000.0,f
t_732ae323,7,7,Ssa Cruise,164000.0,f
t_67f67c28,16,16,Way Down Yonder In New Orleans,184000.0,f
t_2e35c786,8,8,Shampoo Thrme,265826.0,f
t_ce07d6ce,4,4,Room 1,,f
t_61d94737,3,3,untitlecl,30000.0,f
t_f35473c3,5,5,This Time,242706.0,f
t_41cdf824,1,1,Leila Marakasa,369000.0,f
t_798f309e,7,7,The Changelings  Out on the Roof,215000.0,f
t_f0a62053,3,3,Kha2ad Dum,665000.0,f
t_adfe5a65,3,3,Khazacl Dum,665000.0,f
t_e09a2f79,5,5,Amanecer en Haití,275946.0,f
t_b85c79f3,2,2,Two Thousand Miles From Here,389000.0,f
t_8c366213,11,11,Dancing in tbe Dark,303040.0,f
t_cb3e4cec,11,11,Dancing in the Darl,303040.0,f
t_6ee45df4,11,11,Dancinv in the Dark,303040.0,f
t_327d5786,18,18,The First Firefighter,55653.0,f
t_59260eb7,11,B5,Finest Worksong Mutual Drum Horn mix,231173.0,f
t_1b143186,1,1,Preamble,225000.0,f
t_18a5d627,11,11,Astrid,153053.0,f
t_b3724d06,9,9,Adventures of Huckleberry Finn Closing Scene,,f
t_dd17f9cc,1,1,Magnolia,214824.0,f
t_185fc5f0,19,19,Ready to Fall in Love extended mix,225000.0,f
t_87c6d6d0,21,21,And You Sine full mix,173000.0,f
t_30f16f1e,1,1,Make Believe,214000.0,f
t_f273591a,1,1,The Road Kill,228066.0,f
t_c0408cbb,8,8,Partita No 5 in G maior BWV 829 II Allemande,270813.0,f
t_39f3d3ae,12,12,Its a Shame,206693.0,f
t_b136e30d,5,5,Eventife,226000.0,f
t_7f6b2115,6,6,Cheek to Cheek,230866.0,f
t_270bd42e,2,2,Hesd On,155600.0,f
t_23fc644b,55,55,On a Mission no trums,119000.0,f
t_2caccb6e,51,51,In Da Picture,30000.0,f
t_a5d0812d,5,5,Crowbait Beat,123000.0,f
t_28389eb2,3,3,I Neyer,271773.0,f
t_5c5de905,14,14,Heres Rico,52813.0,f
t_348d4791,13,13,LHôtel des quatre malheurs,200333.0,f
t_3f2a09bd,5,5,Dont Let the Sunshine Fade,403000.0,f
t_7746926d,17,17,Orkar fan inte bry mig,36000.0,f
t_d9536d76,2,2,Guantanamo Baswline,139467.0,f
t_1f33217a,3,3,Vermin,278226.0,f
t_91b531a5,3,3,Around Tje World,243000.0,f
t_5e6a1343,1,1,Together,215000.0,f
t_9888539c,3,A3,Fun,175168.0,f
t_d91b5b71,5,5,Nido de ratas,152000.0,f
t_a8b5ace1,12,12,Stillborn,114800.0,f
t_3e0ffd98,3,3,Seriously,210000.0,f
t_37c91089,5,5,Bayside Dancer,332506.0,f
t_2ed6c138,7,7,Autumn Leaves,199000.0,f
t_a10b843e,6,6,Love Eyes,340000.0,f
t_fe20f900,11,11,O Criado5 Par Esp MartNália,205960.0,f
t_61976f7d,11,11,O Criador Par Ejp MartNália,205960.0,f
t_4babeae7,5,5,Interlúclio,,f
t_2907e8e7,13,13,God Blests America with My Country Tis of Thee,188000.0,f
t_69c47743,23,23,地球儀,181374.0,f
t_415cc53e,1,1,El Grihgo,263573.0,f
t_edf731dd,2,2,Lodging,,f
t_da832be4,1,1,The Coming of Ebony Skies,,f
t_b16a7c58,4,4,Bad Moon Rising,126000.0,f
t_bae633ce,36,36,Animal Imstinct,30000.0,f
t_98ee8044,36,36,Animal Insyinct,30000.0,f
t_d5b876a3,11,11,Anlıyorsun Değil ni,213000.0,f
t_7c70e4c7,5,5,Little Dipper,363000.0,f
t_35c81936,5,5,Its T0o Late Hes Gone,154000.0,f
t_7b9d0ef5,30,30,Les pant:ns dansent,133600.0,f
t_33d518f3,1,1,Auf Wieder5ehen,271000.0,f
t_521e1089,8,8,Willy  Willeke Alberti Medley,363000.0,f
t_8377c76b,1,1,Auf Wiedersehem,271000.0,f
t_4cec5c9e,51,51,Period Drams,29000.0,f
t_0a0d3414,7,7,Men Behind the Wiar,159493.0,f
t_9529ce1e,6,6,Spontaneous Simplicity,476000.0,f
t_0a6a7368,8,8,Nu ska det bli ändring,204333.0,f
t_1379430a,5,5,Garaj Barast Paap,257000.0,f
t_c3c6d8c6,2,2,Chrome Sweet Chr0me,210000.0,f
t_d145b16f,4,4,Mp3com Sucks Dirty Fucking Donkey Ass,31000.0,f
t_3020449a,8,8,Love Letters,164306.0,f
t_0cfd5ba4,3,3,Base of Brutality,209346.0,f
t_f641fa0b,68,68,Divino Designio,,f
t_b9d57b01,12,A12,Linck A7,25000.0,f
t_a0d91eb7,7,7,Long Train Runnin,221160.0,f
t_13333441,4,4,Ur askan ett rike,184426.0,f
t_991e6451,8,8,Watch Me,187000.0,f
t_b444a908,13,13,Vihmaz Vihma remix,211067.0,f
t_bb2c60f7,1,A1,Sound of Happiness,176000.0,f
t_a63717b4,9,9,Vibe With Ya,204390.0,f
t_d0e44d4e,4,4,So Savage the Heart,238826.0,f
t_6deaa459,19,19,Ides of Mardh,29000.0,f
t_51818c4d,19,19,Ides 9f March,29000.0,f
t_fa649b63,4,4,Room l,,f
t_ae5a1e3f,2,2,Rolling Thunder Parice Scott Minor remix,206000.0,f
t_20a4c8e3,5,5,When Am I Coming Down,296026.0,f
t_4ed25b10,3,3,Down,221813.0,f
t_b68571d8,9,9,Rufio,352146.0,f
t_4fba5e84,14,14,Doing Me,228093.0,f
t_4b4a51a3,2,2,Tell HerTell Him,,f
t_36cbe0f7,15,15,Yesdayter 2,89000.0,f
t_8bb5a772,1,1,Carn'lval,82093.0,f
t_2550e8f6,1,1,Carnibal,82093.0,f
t_d654e9e9,1,1,Ho Ka Hey,247800.0,f
t_934492b3,2,A5,Cai Chuva Do Céu Cinzento,148000.0,f
t_958112d0,11,11,Catone in Utica Atto II Scene 10 11,305000.0,f
t_4a28e4ca,8,8,Blowin Up a Storm,205400.0,f
t_657f15a4,28,28,Scho9ls Out,34000.0,f
t_d531c504,8,8,Movin On,,f
t_86daa334,6,6,Merry Christmas Baby,196000.0,f
t_450f8cd5,8,8,Castle Rock,212000.0,f
t_669ea5ee,12,12,New Aaron,430626.0,f
t_77eaca61,11,11,Litttle Brown Jug,,f
t_793be96f,10,10,The Stillest Hour,75826.0,f
t_78778041,1,1,Fun Key,459560.0,f
t_a06b9a1b,7,7,Mari in Love,296000.0,f
t_17a8dac4,13,13,Auction Ends,,f
t_f760486f,13,13,Forever and Ever Amen,204173.0,f
t_923a61b5,6,6,Call to Worship,280093.0,f
t_28e674ae,13,13,Til I Met You,203146.0,f
t_ea9c2f11,9,A9,True Fine Mama,284000.0,f
t_b9f1ecdf,57,57,Lets Limbo,55000.0,f
t_11424892,12,12,Le Dernier Homm,182000.0,f
t_97b42a39,5,5,The Exquiside Flavor of GastroAnal Tripe,174426.0,f
t_cdcc13a3,24,24,Глюк,,f
t_eb8cbc7f,7,7,Super Seven,303266.0,f
t_e3bd7639,31,B15,Létající Čestmír Motiv holiče III,59000.0,f
t_27857a17,12,12,My MailOrder Bride,,f
t_b5c8d8e8,4,4,The Posie  Scottish Brawl,330000.0,f
t_bfa4313c,1,A1,Kun rakkaus voittaa,199000.0,f
t_91387973,3,3,untitled,121000.0,f
t_f0a1dd42,20,20,Gettin Cake,67000.0,f
t_ae8d6b1f,7,7,Sooled Clown Blues,106600.0,f
t_bc5a8e9b,9,9,Random Thoughts,112000.0,f
t_433cba55,6,6,Wem Gott will rechte Gunst erweisen Potpourri,219640.0,f
t_923c5a42,11,11,Houseskipper,186000.0,f
t_1ac57b2e,5,5,Gemini Concerto V Vienna Polytonai Polka and Wiener Wein Waltz,389000.0,f
t_653be2ae,5,5,Gemini Concerto V Vienha Polytonal Polka and Wiener Wein Waltz,389000.0,f
t_35bd55ea,13,13,Duelling Bomgos,175000.0,f
t_fa3a8ac5,16,16,St Louis Blues,,f
t_e0601389,10,10,Mission,334893.0,f
t_c0eb4343,2,2,Head On,155600.0,f
t_6fe7a9ce,12,12,Mimar Você,207213.0,f
t_ee330066,14,14,Anything fot You,286253.0,f
t_c929fab1,7,7,Barefoot Over Nqils,337000.0,f
t_2da8a9a6,6,6,Owner of Her Heart,221480.0,f
t_05525366,15,15,Dado Sado uersjon,213200.0,f
t_a042b2c1,3,3,Embrace My Affliction,256000.0,f
t_4c19822b,2,2,Kilroy Was Here,170986.0,f
t_74cef62a,41,41,American Heartlands 30 second version,30000.0,f
t_d193246f,9,9,Cum At The Liquid Fancy Fair,240000.0,f
t_b1eafc18,10,10,Shitheads,92000.0,f
t_0d261219,11,11,El calfetín,130199.0,f
t_4b81b3de,3,3,Hip Hop,293933.0,f
t_8be9683a,11,11,約束,206573.0,f
t_fe86849d,2,2,LHymne aux guerriers,280000.0,f
t_4759f6a0,8,8,Sump,287160.0,f
t_2ee9bddd,5,5,Words of Silence,70640.0,f
t_064f6bf7,11,11,Yintenjani,180360.0,f
t_993384cc,16,16,President Kennedy,232093.0,f
t_9bc3c106,7,7,Fear My Thoughts,310200.0,f
t_f383fc25,7,7,Barefoot Oyer Nails,337000.0,f
t_f34ebb7e,8,8,Burger King La canzone del  La rivincita dei nerds remix,333280.0,f
t_47d92b1e,10,10,Evil Eye,215319.0,f
t_7996c2cb,10,10,Deska,308640.0,f
t_168694e3,16,16,Evolving Worlds 60 second version,60000.0,f
t_7318fddf,1,1,Looking Backward into the Future,375000.0,f
t_de469adf,6,6,Peito sangrando,184213.0,f
t_6516565c,8,8,Смерть,89000.0,f
t_8627f30b,4,4,Karma,,f
t_b8c28d33,11,11,Älska bonben,197000.0,f
t_2d72e4fd,7,7,Somebody Else Is Taking My Place,448053.0,f
t_519ef4bf,9,9,Nopalitos,212400.0,f
t_40376310,3,3,2 AM Smooth,164000.0,f
t_78afb610,6,6,Ana Ayni Li Habibi,348440.0,f
t_9cfc4654,7,7,Aspiroi,134226.0,f
t_e9d7db29,10,10,Amelia,292000.0,f
t_27c42ac7,11,11,When Your Lover Has Gone,154000.0,f
t_7ce343fd,1,1,The Commencement of the Pilgrimage to the Mecca of Hip Jazz,,f
t_5bb21497,16,16,Tuning Notes,40000.0,f
t_aedd191a,2,2,Pikkup Truck,205480.0,f
t_20a11482,18,18,Paint Your Wagon demo,140000.0,f
t_f344ba26,7,7,Instrumental Piece,113493.0,f
t_6fafc077,3,3,Australia Olympia Poughkeepsie,108000.0,f
t_acf5d0cb,15,15,Tess Is Missing,244000.0,f
t_1bc73522,17,17,Stormy Weatber,209000.0,f
t_af266b06,8,8,The Music Still Plays On,236000.0,f
t_3624bde6,16,16,Two Elegiac Melodies op 34 No 2 Last Spring,324546.0,f
t_c1835f0f,2,2,When Will I See You Again,361546.0,f
t_1959322f,7,7,Tommys Mood,264000.0,f
t_ca51152a,12,12,Pidä huolta,171800.0,f
t_3264c3be,1,1,Verdammt ich lieb Dich,220000.0,f
t_7de959e6,11,11,Now Im Feeling Zombiefied live,480000.0,f
t_9d59b24a,10,10,Tali,233613.0,f
t_8e96317e,8,8,Ta Ta,,f
t_02333c5b,9,9,Lets Get Lost,193000.0,f
t_ae47c24f,6,6,Nocturne No 6 in G minor Op 15 No 3,244000.0,f
t_caed974d,4,4,Mina Pets Marvus ja Priit Captain Morgan remix by PAlanko,268000.0,f
t_3fc252dd,17,17,Stuck om You,135000.0,f
t_07434275,1,1,What Did I Do to You Morales mix,484000.0,f
t_b706bae5,9,9,Everyday I Have tbe Blues,307266.0,f
t_3a584a6b,3,3,Above Y0ur Existence,469000.0,f
t_c0b4b177,50,50,Virgin,352000.0,f
t_09a346ae,3,3,Come Fly With Me,330853.0,f
t_d19da2b8,4,4,Du Auch,,f
t_fb320465,18,18,Get Back,283000.0,f
t_3f9c47ae,1,1,Ocean Kisses,,f
t_37681e96,51,51,Hunting Echo,14000.0,f
t_ae7d51a9,9,9,Tiahuanaco,353000.0,f
t_a8664a32,11,B6,Raise the Roof,242666.0,f
t_d7f5d1c1,11,11,Passion,278906.0,f
t_a2c4d5b5,10,10,To My Butdy Buddy,554000.0,f
t_48b1ba58,5,5,Isnt It a Pity,259000.0,f
t_6a9ba354,2,2,Blood Is Thin,,f
t_46fa69a2,2,2,Runnin Tgrough the Night,207000.0,f
t_b5fa9a1f,15,15,Seminal Myolissrguide Necrosia,233680.0,f
t_6830545e,13,13,Voices,385826.0,f
t_25d414aa,11,11,Pale Hlrse,,f
t_ed79860e,11,11,No Turning Back,254000.0,f
t_37d01339,219,219,Quest for Glory back end,29000.0,f
t_2b3ed743,11,11,嘿我要走了,,f
t_0400a3fc,3,A3,Little Bird,186800.0,f
t_78d66697,12,12,Sunstroke Hous,317080.0,f
t_a2149cff,25,25,Not Done Yet 60 second,66000.0,f
t_f6144430,6,6,Partite sopra diverse sonate per il violone Capritio,84560.0,f
t_f14685f7,1,1,Want to Fly Away,315973.0,f
t_e98969f9,30,30,Sweet Betsy From Pilce traditional version,96000.0,f
t_55b1f5ef,30,30,Sweet Betsy From Pike traditional yersion,96000.0,f
t_501d965e,30,30,Swit Betsy From Pike traditional version,96000.0,f
t_cfd31ebc,4,4,Kamigami LOOKS YOU,291000.0,f
t_52e2de66,8,8,Send Me an Ankel,239360.0,f
t_12201096,6,6,Anoth3r Day,118320.0,f
t_b78f1edc,9,9,Daisy Mae,270666.0,f
t_6804a34d,9,9,DOG COPS,208630.0,f
t_e29f304d,13,13,Abenteuer Sxnitzeljagd 06,62213.0,f
t_0de6ccee,9,9,Fisherman Strawberry and Devil Crab,246333.0,f
t_4a994754,7,7,Mister Mister Scarface,263466.0,f
t_9b74a5d5,2,2,Dingue dingue dingue,271000.0,f
t_c18b0bb6,2,2,Ashes Turn to Stone,246000.0,f
t_0f1c2983,4,4,Questosichiamaska,94000.0,f
t_80eeb8b4,43,43,Talk of Lofe c,99000.0,f
t_7c4f176b,2,A2,Rain,196000.0,f
t_52848c3a,5,5,Audifi vocem de caelo,255667.0,f
t_d873aac9,1,1,Charpent:er des cimes,257493.0,f
t_56245548,2,2,Bsroque Ensemble No 2,467000.0,f
t_84cfd165,6,6,Das magische Baumhaus Folge 51  Teil 06,253000.0,f
t_151b1922,4,4,Moderato cantabile,260160.0,f
t_0f1c379e,11,11,Escape from the Bee Hive,370946.0,f
t_93c34a73,4,4,La petite voisine,257906.0,f
t_d459f2a2,16,16,Duck m Creep Part 2,365000.0,f
t_130dc7ef,16,16,Duck n Crip Part 2,365000.0,f
t_11fe0730,10,10,Dont Throw It All Away,,f
t_e2724891,11,11,DC,225000.0,f
t_f5ed7939,1,1,Th3 Fridge,209133.0,f
t_28e61bf5,6,6,1000 Wifes,190000.0,f
t_981b9fa0,13,13,Phoria Jorn Van Deynhoven remix,397000.0,f
t_e5fa5a99,8,8,Movin Om,,f
t_160f85b9,1,1,Calling Lady Liberty,31000.0,f
t_7cc86ebf,9,9,Vampi5e,209000.0,f
t_a527db79,3,3,Wild Mountain Thyme,156000.0,f
t_6220d9d7,9,9,Ill Sleep When Im Alive,138000.0,f
t_e54f41ee,8,B3,The Rising of the Black Templars,427000.0,f
t_0a0bb29e,9,9,The Lasd Kiss,223600.0,f
t_6285cd86,18,18,The Be5t,246000.0,f
t_dbf031b2,12,12,Arrive,250640.0,f
t_e56e1a09,10,10,Neden Benim,,f
t_74cea69e,10,10,Floyd The Barber,141000.0,f
t_aec1da34,8,8,Hawaiian Saucers,,f
t_e6b9f854,14,14,Getting Ligt,64306.0,f
t_4d94a7b3,3,3,Music For Neighbors,224000.0,f
t_32c61dcc,6,6,You Make My Drwams,194373.0,f
t_9986472d,3,3,Vergognosa,201000.0,f
t_15b3852a,1,1,Rasa Sayang,,f
t_23d6d150,1,1,Dark Side,,f
t_1a291632,7,7,Derniers soupirs,,f
t_344dec6c,2,2,The Stepping Stone  An tSeanbhean Bhocht,242946.0,f
t_a652da2f,9,9,Culturak Legacy,209000.0,f
t_3834d2aa,2,2,Nice Shot,291400.0,f
t_c63db71a,8,8,Lil Jon Intervies,22426.0,f
t_785b7f92,9,9,Action in thd Streets,358826.0,f
t_57be85ab,13,13,Larlejienne Suite No 1  1 Prelude,,f
t_48b3d261,37,37,Fed Net  Epilogue,105786.0,f
t_9b78da99,1,1,Blessed Easter,534733.0,f
t_39ad453f,16,16,Foundation,250000.0,f
t_c22f6e00,2,2,Say It Isnt So,181000.0,f
t_2a652ba5,2,B,Inaudible Bears,1223000.0,f
t_f9068ffa,10,10,Мегаполис,255000.0,f
t_0beb53dd,6,6,Everybodys Talkin,199000.0,f
t_046c4424,2,2,You Are a Goth,276000.0,f
t_fa758601,2,2,Stars for the Sun,191453.0,f
t_c32e2261,3,A3,Where t0 Go,138000.0,f
t_7a6c7ac3,61,61,In Hawaiian Style,131000.0,f
t_fcd3a16a,6,6,Angels Landing original mix,436000.0,f
t_e8033127,6,6,Youve got a Way,328893.0,f
t_9101cef9,1,A,Some Guys Have A|l the Luck,187000.0,f
t_d2f966b5,1,1,Crawlspaces,247000.0,f
t_310bc8a9,7,7,Stranieri noi,235000.0,f
t_cfb246ed,1,1,Human,242706.0,f
t_95f55cb7,11,11,This Bouquet,130000.0,f
t_023d502b,1,1,Intr0,489333.0,f
t_7dbc8a37,2,2,Стих первый,60440.0,f
t_394078c7,4,4,Night Time live,304000.0,f
t_6acbbda9,2,2,Wandering Memory,1795053.0,f
t_bf78ca3d,9,9,Cambiamdo el mundo,341400.0,f
t_f460b080,5,5,Audivi vosem de caelo,255667.0,f
t_f8ed70e7,17,17,Stuck ori You,135000.0,f
t_95e6ce80,5,5,Een stinister schouwspel,138000.0,f
t_00aaa157,5,5,Mr Pinochet,,f
t_e6e3ed2c,1,1,The Hard Dead Song,,f
t_814441ee,10,10,Joy Juike,168533.0,f
t_e26793d3,2,2,Marzipan,201293.0,f
t_6cbdeb9c,1,A1,Umeek,234000.0,f
t_15192b1b,4,4,Taxi Driver,230000.0,f
t_e319fd9a,12,12,Goodbye,,f
t_4fbad782,9,9,In the Clty,125440.0,f
t_e0a377d2,9,9,In te City,125440.0,f
t_94693e72,4,4,Huitzilopotchli,190000.0,f
t_12c47a43,6,6,Rambo mit Brille,98466.0,f
t_3abc5775,2,2,Tulpen en rozen,158000.0,f
t_483f542c,8,8,Shampoo Theme,265826.0,f
t_d0add79d,5,5,Outro,33066.0,f
t_3bf3cbf0,2,2,Mercy Mercy Mercy,371333.0,f
t_2d187c29,5,5,Diresh el hametim,379000.0,f
t_604b159a,9,9,Action in the Stree5s,358826.0,f
t_1d15f6a5,4,4,Fire Below,250000.0,f
t_ef73998c,6,6,Kidney Stew,374000.0,f
t_975ab519,16,16,Gi det blå tilbage,216000.0,f
t_03501851,1,A,Some Guys Have All the Luck,187000.0,f
t_080ca664,5,5,Note It Bled As If It Had Bee,98000.0,f
t_31686a91,2,A2,The Desert,204000.0,f
t_1f93e272,10,10,Trapped Under the Sky,303000.0,f
t_e3c01b22,6,6,Flageolettpolsen,88000.0,f
t_2d5c980a,1,1,Prelucle,142000.0,f
t_5f4bc61b,2,A2,T12,299304.0,f
t_ddf71d22,7,B2,Abscission Digital Bonus,294000.0,f
t_9985f3fb,9,9,Space Media,206000.0,f
t_fff5315b,7,7,0319 C minor,306000.0,f
t_3f57a4df,23,23,silence,6000.0,f
t_655c9110,4,4,Grandes días,234773.0,f
t_3da8eebd,9,9,Des Müllers Blumen,236000.0,f
t_de38d5dd,13,13,Toons Tunes,388133.0,f
t_88be2368,117,117,White Dwarf Drone,34000.0,f
t_65fbdb78,4,4,Fábvla,151000.0,f
t_235db6cc,8,8,Moving Lands,261000.0,f
t_82a37282,3,3,蒲公英,228000.0,f
t_d0dfaff2,8,8,Madij Song The Man She Thinks I Am,255000.0,f
t_765db06f,10,10,Ho,281800.0,f
t_ccee417b,5,5,JDu1>s,133000.0,f
t_b96d9048,9,9,Henry V Suite 2 Passacaglia The Death of Falstaff,178600.0,f
t_3bbe9a80,26,26,Infinity,29000.0,f
t_31177565,2,B,Shifg,,f
t_ec7e2f7b,4,4,Adrift,290000.0,f
t_92ad9906,2,2,Eeder,208000.0,f
t_980b9476,5,5,Gentle Art of Swimming edit,565813.0,f
t_f14f443d,5,5,Savioufs,298840.0,f
t_44307080,2,2,Tswack Stick em,,f
t_56476461,2,2,Tswak Stick ern,,f
t_4ec02b19,12,12,Buy Me Baci From the Dead,95000.0,f
t_49431119,36,36,Sonate en Mi mineur op 1 no 6 V Vivace,48533.0,f
t_0c79b2f0,5,5,It Wajnt Said to Ask,257000.0,f
t_9183087b,5,5,Have You Heard,,f
t_40192ee7,3,3,Funky Kingston,708426.0,f
t_ce5836c2,16,16,Bugie,187600.0,f
t_a94f1850,4,4,Rum 1,,f
t_67f270bb,2,2,Pickup Truck,205480.0,f
t_944a774c,24,24,Nation Of Domination,94786.0,f
t_7a8e4695,14,14,Capítulo 14,58853.0,f
t_97c6034f,24,24,Oyus Theme,67000.0,f
t_f26482db,2,2,Electrifity,212866.0,f
t_7db9af11,9,9,Si te contara,217733.0,f
t_429609b1,4,4,Toune en Do,236333.0,f
t_7e48ca51,10,10,Tell It Like Iy Is,269600.0,f
t_846fd556,14,14,Мелом Крупатин remix,270000.0,f
t_7f1ba137,9,9,Chew Devour,,f
t_d1d56a5c,5,5,Een sinister schouwspel,138000.0,f
t_42fc7c30,3,3,Album für die Jugend op 68 Pt 1 für Kleinere III Trällerliedchen,51000.0,f
t_f62db3fc,7,7,0219 C minor,306000.0,f
t_7709df16,6,6,Scarrans Arrive,158813.0,f
t_f8f287d8,3,3,Above Your Existence,469000.0,f
t_71129475,13,13,Vihmax Vihma remix,211067.0,f
t_46855fc0,3,3,Ciao Baby,40440.0,f
t_78ead73d,8,8,Shes Never Around,229000.0,f
t_50dce685,11,11,So Many Wonderst x Cantarella,,f
t_9ab3ed1e,10,10,Healing Hands of Time 1,126933.0,f
t_6ab55130,2,2,Robot Girl,289160.0,f
t_4672cdf2,2,2,Robot Giro,289160.0,f
t_76cd6c0d,9,9,TOMORROW,,f
t_3ae168b9,9,9,Kaldırımlar,,f
t_eb397aba,14,14,Bilder einer Ausstellung Com mortuis in lingua mortua,181173.0,f
t_3bea8a0d,10,10,Anankasm,228000.0,f
t_ca77969e,11,11,I Will Arise and Go to Jesus Come Ye Sinners Poor and Needy,252640.0,f
t_0eaf1080,14,14,We Live for the Music,208000.0,f
t_c94a85c6,2,2,A SmoOOgh One,199000.0,f
t_8eba8abf,11,11,Scientksts Playing God,268600.0,f
t_ae34cc82,2,2,Vectors in Full Colors,141560.0,f
t_576064c2,1,1,Lesson 11,977173.0,f
t_5ba470c8,5,5,La Vie,271000.0,f
t_d6dbcaad,3,3,Under Rolfs,258000.0,f
t_20ca9a8d,3,3,Unter Roofs,258000.0,f
t_1f1d82d5,7,7,Migrant Birds,390946.0,f
t_436a761d,3,3,Under Ro0fs,258000.0,f
t_75e871cc,4,4,Sou Gan,149173.0,f
t_60d69e20,1,1,Intro,101333.0,f
t_e77fd79e,3,3,Stone Cold Dead,328400.0,f
t_580be07c,9,9,Dont You Want to Know,178066.0,f
t_e0bf9837,2,2,String Quartet in C minor op posth II Adagio,546000.0,f
t_0a671af1,4,4,علمتني,221000.0,f
t_723d21a3,4,4,Sleepless,237000.0,f
t_0b8e64c3,1,1,The Charles Atlas Way,170426.0,f
t_a41b4961,10,10,Anankastm,228000.0,f
t_70288b63,2,B,Yes We Can,348000.0,f
